solid polySurfaceShape958
 facet normal 9.11102533e-01 -2.16380149e-01 -3.50815892e-01
  outer loop
   vertex 8.49014587e+01 2.63324814e+01 4.42063141e+00
   vertex 8.47274780e+01 2.57404099e+01 4.42082214e+00
   vertex 8.49037628e+01 2.63305054e+01 1.11793518e-01
  endloop
 endfacet
 facet normal 8.82898867e-01 -3.10761213e-01 3.52018535e-01
  outer loop
   vertex 8.49037628e+01 2.63305054e+01 1.11793518e-01
   vertex 8.47274780e+01 2.57404099e+01 4.42082214e+00
   vertex 8.47297821e+01 2.57384186e+01 1.11976624e-01
  endloop
 endfacet
 facet normal 7.99710631e-01 -4.87272143e-01 -3.50754559e-01
  outer loop
   vertex 8.47274780e+01 2.57404099e+01 4.42082214e+00
   vertex 8.43790741e+01 2.52310562e+01 4.42087555e+00
   vertex 8.47297821e+01 2.57384186e+01 1.11976624e-01
  endloop
 endfacet
 facet normal 7.43606031e-01 -5.68422198e-01 3.52060080e-01
  outer loop
   vertex 8.47297821e+01 2.57384186e+01 1.11976624e-01
   vertex 8.43790741e+01 2.52310562e+01 4.42087555e+00
   vertex 8.43813629e+01 2.52290497e+01 1.12022400e-01
  endloop
 endfacet
 facet normal 6.63210809e-01 -5.29319458e-02 -7.46558547e-01
  outer loop
   vertex 8.49014587e+01 2.63324814e+01 4.42063141e+00
   vertex 8.49305725e+01 2.63287125e+01 4.42064857e+00
   vertex 8.47274780e+01 2.57404099e+01 4.42082214e+00
  endloop
 endfacet
 facet normal 6.73187792e-01 5.09765148e-02 -7.37712443e-01
  outer loop
   vertex 8.51903076e+01 2.55208969e+01 4.42116642e+00
   vertex 8.47274780e+01 2.57404099e+01 4.42082214e+00
   vertex 8.49305725e+01 2.63287125e+01 4.42064857e+00
  endloop
 endfacet
 facet normal 8.34653378e-01 1.32703081e-01 -5.34549952e-01
  outer loop
   vertex 8.49305725e+01 2.63287125e+01 4.42064857e+00
   vertex 8.49014587e+01 2.63324814e+01 4.42063141e+00
   vertex 8.48987579e+01 2.64276848e+01 4.42058659e+00
  endloop
 endfacet
 facet normal 9.99493480e-01 2.81461515e-02 -1.48533313e-02
  outer loop
   vertex 8.49014587e+01 2.63324814e+01 4.42063141e+00
   vertex 8.49037628e+01 2.63305054e+01 1.11793518e-01
   vertex 8.48987579e+01 2.64276848e+01 4.42058659e+00
  endloop
 endfacet
 facet normal 9.57891762e-01 1.16894551e-01 2.62257487e-01
  outer loop
   vertex 8.48987579e+01 2.64276848e+01 4.42058659e+00
   vertex 8.49037628e+01 2.63305054e+01 1.11793518e-01
   vertex 8.48966827e+01 2.65475311e+01 1.87289894e+00
  endloop
 endfacet
 facet normal 9.48557019e-01 1.18154012e-01 2.93733239e-01
  outer loop
   vertex 8.49037628e+01 2.63305054e+01 1.11793518e-01
   vertex 8.48947754e+01 2.66469078e+01 1.11640930e-01
   vertex 8.48966827e+01 2.65475311e+01 1.87289894e+00
  endloop
 endfacet
 facet normal 8.27063859e-01 1.34572297e-01 5.45761585e-01
  outer loop
   vertex 8.48947754e+01 2.66469078e+01 1.11640930e-01
   vertex 8.49037628e+01 2.63305054e+01 1.11793518e-01
   vertex 8.50015259e+01 2.63178520e+01 1.11851454e-01
  endloop
 endfacet
 facet normal 6.58581972e-01 -5.27136400e-02 7.50660419e-01
  outer loop
   vertex 8.49037628e+01 2.63305054e+01 1.11793518e-01
   vertex 8.47297821e+01 2.57384186e+01 1.11976624e-01
   vertex 8.50015259e+01 2.63178520e+01 1.11851454e-01
  endloop
 endfacet
 facet normal 6.64952338e-01 5.06709293e-02 7.45164990e-01
  outer loop
   vertex 8.50015259e+01 2.63178520e+01 1.11851454e-01
   vertex 8.47297821e+01 2.57384186e+01 1.11976624e-01
   vertex 8.52731018e+01 2.54807243e+01 1.12384319e-01
  endloop
 endfacet
 facet normal 6.12731636e-01 -1.84151456e-01 7.68536389e-01
  outer loop
   vertex 8.47297821e+01 2.57384186e+01 1.11976624e-01
   vertex 8.43813629e+01 2.52290497e+01 1.12022400e-01
   vertex 8.52731018e+01 2.54807243e+01 1.12384319e-01
  endloop
 endfacet
 facet normal 6.42166317e-01 -8.82489514e-03 7.66514540e-01
  outer loop
   vertex 8.52731018e+01 2.54807243e+01 1.12384319e-01
   vertex 8.43813629e+01 2.52290497e+01 1.12022400e-01
   vertex 8.57849731e+01 2.39029121e+01 1.13381624e-01
  endloop
 endfacet
 facet normal 6.10061646e-01 -7.10490882e-01 -3.50752801e-01
  outer loop
   vertex 8.43790741e+01 2.52310562e+01 4.42087555e+00
   vertex 8.38903046e+01 2.48542862e+01 4.42077637e+00
   vertex 8.43813629e+01 2.52290497e+01 1.12022400e-01
  endloop
 endfacet
 facet normal 5.31496406e-01 -7.70438671e-01 3.52045238e-01
  outer loop
   vertex 8.43813629e+01 2.52290497e+01 1.12022400e-01
   vertex 8.38903046e+01 2.48542862e+01 4.42077637e+00
   vertex 8.38925934e+01 2.48523026e+01 1.11930847e-01
  endloop
 endfacet
 facet normal 6.50788248e-01 -8.47627595e-03 -7.59211957e-01
  outer loop
   vertex 8.56781158e+01 2.40037117e+01 4.42213345e+00
   vertex 8.43790741e+01 2.52310562e+01 4.42087555e+00
   vertex 8.51903076e+01 2.55208969e+01 4.42116642e+00
  endloop
 endfacet
 facet normal 6.17497087e-01 -1.84495732e-01 -7.64629781e-01
  outer loop
   vertex 8.51903076e+01 2.55208969e+01 4.42116642e+00
   vertex 8.43790741e+01 2.52310562e+01 4.42087555e+00
   vertex 8.47274780e+01 2.57404099e+01 4.42082214e+00
  endloop
 endfacet
 facet normal 3.37457627e-01 3.00500035e-01 8.92088592e-01
  outer loop
   vertex 8.51543884e+01 2.25404892e+01 1.13677979e-01
   vertex 8.60124054e+01 2.32018814e+01 1.13826990e-01
   vertex 8.38925934e+01 2.48523026e+01 1.11930847e-01
  endloop
 endfacet
 facet normal 6.73998654e-01 7.20441788e-02 7.35211194e-01
  outer loop
   vertex 8.60124054e+01 2.32018814e+01 1.13826990e-01
   vertex 8.57849731e+01 2.39029121e+01 1.13381624e-01
   vertex 8.38925934e+01 2.48523026e+01 1.11930847e-01
  endloop
 endfacet
 facet normal 5.30183911e-01 -2.98339576e-01 7.93661475e-01
  outer loop
   vertex 8.57849731e+01 2.39029121e+01 1.13381624e-01
   vertex 8.43813629e+01 2.52290497e+01 1.12022400e-01
   vertex 8.38925934e+01 2.48523026e+01 1.11930847e-01
  endloop
 endfacet
 facet normal 3.60701978e-01 -8.64189625e-01 -3.50813895e-01
  outer loop
   vertex 8.38903046e+01 2.48542862e+01 4.42077637e+00
   vertex 8.33090210e+01 2.46470108e+01 4.42056274e+00
   vertex 8.38925934e+01 2.48523026e+01 1.11930847e-01
  endloop
 endfacet
 facet normal 2.67338485e-01 -8.97025764e-01 3.51958752e-01
  outer loop
   vertex 8.38925934e+01 2.48523026e+01 1.11930847e-01
   vertex 8.33090210e+01 2.46470108e+01 4.42056274e+00
   vertex 8.33113098e+01 2.46450195e+01 1.11724854e-01
  endloop
 endfacet
 facet normal 3.44210953e-01 3.08376610e-01 -8.86804760e-01
  outer loop
   vertex 8.51520844e+01 2.25424881e+01 4.42253113e+00
   vertex 8.38903046e+01 2.48542862e+01 4.42077637e+00
   vertex 8.59520569e+01 2.31591301e+01 4.42267036e+00
  endloop
 endfacet
 facet normal 6.85335636e-01 7.73810223e-02 -7.24104464e-01
  outer loop
   vertex 8.59520569e+01 2.31591301e+01 4.42267036e+00
   vertex 8.38903046e+01 2.48542862e+01 4.42077637e+00
   vertex 8.56845398e+01 2.39837494e+01 4.42214775e+00
  endloop
 endfacet
 facet normal 6.14086807e-01 -5.54004349e-02 -7.87291706e-01
  outer loop
   vertex 8.56845398e+01 2.39837494e+01 4.42214775e+00
   vertex 8.38903046e+01 2.48542862e+01 4.42077637e+00
   vertex 8.56781158e+01 2.40037117e+01 4.42213345e+00
  endloop
 endfacet
 facet normal 5.35368562e-01 -2.98815519e-01 -7.89993525e-01
  outer loop
   vertex 8.38903046e+01 2.48542862e+01 4.42077637e+00
   vertex 8.43790741e+01 2.52310562e+01 4.42087555e+00
   vertex 8.56781158e+01 2.40037117e+01 4.42213345e+00
  endloop
 endfacet
 facet normal 5.02268076e-01 8.03779721e-01 3.18849415e-01
  outer loop
   vertex 8.60124054e+01 2.32018814e+01 1.13826990e-01
   vertex 8.51543884e+01 2.25404892e+01 1.13677979e-01
   vertex 8.59520569e+01 2.31591301e+01 4.42267036e+00
  endloop
 endfacet
 facet normal 1.24354707e-02 9.79394674e-01 -2.01572284e-01
  outer loop
   vertex 8.59520569e+01 2.31591301e+01 4.42267036e+00
   vertex 8.51543884e+01 2.25404892e+01 1.13677979e-01
   vertex 8.51520844e+01 2.25424881e+01 4.42253113e+00
  endloop
 endfacet
 facet normal 3.92193347e-02 -2.64426142e-01 9.63608146e-01
  outer loop
   vertex 8.38925934e+01 2.48523026e+01 1.11930847e-01
   vertex 8.33113098e+01 2.46450195e+01 1.11724854e-01
   vertex 8.51543884e+01 2.25404892e+01 1.13677979e-01
  endloop
 endfacet
 facet normal -1.64330751e-01 3.21043611e-01 9.32698429e-01
  outer loop
   vertex 8.51543884e+01 2.25404892e+01 1.13677979e-01
   vertex 8.33113098e+01 2.46450195e+01 1.11724854e-01
   vertex 8.37969666e+01 2.20564499e+01 1.13166809e-01
  endloop
 endfacet
 facet normal 7.60475472e-02 -9.33308423e-01 -3.50930452e-01
  outer loop
   vertex 8.33090210e+01 2.46470108e+01 4.42056274e+00
   vertex 8.26921539e+01 2.46295090e+01 4.42023468e+00
   vertex 8.33113098e+01 2.46450195e+01 1.11724854e-01
  endloop
 endfacet
 facet normal -2.30083261e-02 -9.35782194e-01 3.51827145e-01
  outer loop
   vertex 8.33113098e+01 2.46450195e+01 1.11724854e-01
   vertex 8.26921539e+01 2.46295090e+01 4.42023468e+00
   vertex 8.26944427e+01 2.46275024e+01 1.11396790e-01
  endloop
 endfacet
 facet normal -7.54906088e-02 3.51508260e-01 -9.33136165e-01
  outer loop
   vertex 8.51520844e+01 2.25424881e+01 4.42253113e+00
   vertex 8.37946625e+01 2.20584335e+01 4.42201233e+00
   vertex 8.38903046e+01 2.48542862e+01 4.42077637e+00
  endloop
 endfacet
 facet normal 1.37340307e-01 -2.30689585e-01 -9.63286042e-01
  outer loop
   vertex 8.38903046e+01 2.48542862e+01 4.42077637e+00
   vertex 8.37946625e+01 2.20584335e+01 4.42201233e+00
   vertex 8.33090210e+01 2.46470108e+01 4.42056274e+00
  endloop
 endfacet
 facet normal -3.68258148e-01 8.82360041e-01 2.92961836e-01
  outer loop
   vertex 8.51543884e+01 2.25404892e+01 1.13677979e-01
   vertex 8.37969666e+01 2.20564499e+01 1.13166809e-01
   vertex 8.51520844e+01 2.25424881e+01 4.42253113e+00
  endloop
 endfacet
 facet normal -2.73000628e-01 9.15945113e-01 -2.94134766e-01
  outer loop
   vertex 8.51520844e+01 2.25424881e+01 4.42253113e+00
   vertex 8.37969666e+01 2.20564499e+01 1.13166809e-01
   vertex 8.37946625e+01 2.20584335e+01 4.42201233e+00
  endloop
 endfacet
 facet normal -4.45746966e-02 -2.63738662e-01 9.63563681e-01
  outer loop
   vertex 8.33113098e+01 2.46450195e+01 1.11724854e-01
   vertex 8.26944427e+01 2.46275024e+01 1.11396790e-01
   vertex 8.37969666e+01 2.20564499e+01 1.13166809e-01
  endloop
 endfacet
 facet normal -5.72374165e-02 3.55980247e-01 9.32738960e-01
  outer loop
   vertex 8.37969666e+01 2.20564499e+01 1.13166809e-01
   vertex 8.26944427e+01 2.46275024e+01 1.11396790e-01
   vertex 8.23564148e+01 2.20155716e+01 1.12426758e-01
  endloop
 endfacet
 facet normal -2.16023609e-01 -9.11079943e-01 -3.51094216e-01
  outer loop
   vertex 8.26921539e+01 2.46295090e+01 4.42023468e+00
   vertex 8.21000519e+01 2.48034744e+01 4.41985321e+00
   vertex 8.26944427e+01 2.46275024e+01 1.11396790e-01
  endloop
 endfacet
 facet normal -3.11108857e-01 -8.82925868e-01 3.51643592e-01
  outer loop
   vertex 8.26944427e+01 2.46275024e+01 1.11396790e-01
   vertex 8.21000519e+01 2.48034744e+01 4.41985321e+00
   vertex 8.21023560e+01 2.48014908e+01 1.11000061e-01
  endloop
 endfacet
 facet normal 3.69781218e-02 3.57765704e-01 -9.33078945e-01
  outer loop
   vertex 8.37946625e+01 2.20584335e+01 4.42201233e+00
   vertex 8.23541107e+01 2.20175552e+01 4.42127228e+00
   vertex 8.33090210e+01 2.46470108e+01 4.42056274e+00
  endloop
 endfacet
 facet normal 5.94821349e-02 -2.61708289e-01 -9.63312328e-01
  outer loop
   vertex 8.33090210e+01 2.46470108e+01 4.42056274e+00
   vertex 8.23541107e+01 2.20175552e+01 4.42127228e+00
   vertex 8.26921539e+01 2.46295090e+01 4.42023468e+00
  endloop
 endfacet
 facet normal -7.76167065e-02 9.52929676e-01 2.93088138e-01
  outer loop
   vertex 8.37969666e+01 2.20564499e+01 1.13166809e-01
   vertex 8.23564148e+01 2.20155716e+01 1.12426758e-01
   vertex 8.37946625e+01 2.20584335e+01 4.42201233e+00
  endloop
 endfacet
 facet normal 2.34506242e-02 9.55519438e-01 -2.93994397e-01
  outer loop
   vertex 8.37946625e+01 2.20584335e+01 4.42201233e+00
   vertex 8.23564148e+01 2.20155716e+01 1.12426758e-01
   vertex 8.23541107e+01 2.20175552e+01 4.42127228e+00
  endloop
 endfacet
 facet normal -1.24057405e-01 -2.37195984e-01 9.63508070e-01
  outer loop
   vertex 8.26944427e+01 2.46275024e+01 1.11396790e-01
   vertex 8.21023560e+01 2.48014908e+01 1.11000061e-01
   vertex 8.23564148e+01 2.20155716e+01 1.12426758e-01
  endloop
 endfacet
 facet normal 5.54101877e-02 3.56109619e-01 9.32799876e-01
  outer loop
   vertex 8.23564148e+01 2.20155716e+01 1.12426758e-01
   vertex 8.21023560e+01 2.48014908e+01 1.11000061e-01
   vertex 8.09737244e+01 2.24218216e+01 1.11495972e-01
  endloop
 endfacet
 facet normal -4.86917585e-01 -7.99687564e-01 -3.51299077e-01
  outer loop
   vertex 8.21000519e+01 2.48034744e+01 4.41985321e+00
   vertex 8.15906982e+01 2.51518936e+01 4.41941833e+00
   vertex 8.21023560e+01 2.48014908e+01 1.11000061e-01
  endloop
 endfacet
 facet normal -5.68770111e-01 -7.43631244e-01 3.51444364e-01
  outer loop
   vertex 8.21023560e+01 2.48014908e+01 1.11000061e-01
   vertex 8.15906982e+01 2.51518936e+01 4.41941833e+00
   vertex 8.15929871e+01 2.51498947e+01 1.10557556e-01
  endloop
 endfacet
 facet normal 1.45875022e-01 3.28958690e-01 -9.33009446e-01
  outer loop
   vertex 8.23541107e+01 2.20175552e+01 4.42127228e+00
   vertex 8.09714203e+01 2.24238205e+01 4.42034149e+00
   vertex 8.26921539e+01 2.46295090e+01 4.42023468e+00
  endloop
 endfacet
 facet normal -2.41363719e-02 -2.67143756e-01 -9.63354349e-01
  outer loop
   vertex 8.26921539e+01 2.46295090e+01 4.42023468e+00
   vertex 8.09714203e+01 2.24238205e+01 4.42034149e+00
   vertex 8.21000519e+01 2.48034744e+01 4.41985321e+00
  endloop
 endfacet
 facet normal 2.20599875e-01 9.30235386e-01 2.93253899e-01
  outer loop
   vertex 8.23564148e+01 2.20155716e+01 1.12426758e-01
   vertex 8.09737244e+01 2.24218216e+01 1.11495972e-01
   vertex 8.23541107e+01 2.20175552e+01 4.42127228e+00
  endloop
 endfacet
 facet normal 3.17620963e-01 9.01548564e-01 -2.93814719e-01
  outer loop
   vertex 8.23541107e+01 2.20175552e+01 4.42127228e+00
   vertex 8.09737244e+01 2.24218216e+01 1.11495972e-01
   vertex 8.09714203e+01 2.24238205e+01 4.42034149e+00
  endloop
 endfacet
 facet normal -1.91437945e-01 -1.87389553e-01 9.63450372e-01
  outer loop
   vertex 8.21023560e+01 2.48014908e+01 1.11000061e-01
   vertex 8.15929871e+01 2.51498947e+01 1.10557556e-01
   vertex 8.09737244e+01 2.24218216e+01 1.11495972e-01
  endloop
 endfacet
 facet normal 1.62592471e-01 3.21427077e-01 9.32871044e-01
  outer loop
   vertex 8.09737244e+01 2.24218216e+01 1.11495972e-01
   vertex 8.15929871e+01 2.51498947e+01 1.10557556e-01
   vertex 7.97842560e+01 2.32354889e+01 1.10488892e-01
  endloop
 endfacet
 facet normal -7.10148036e-01 -6.10031009e-01 -3.51499528e-01
  outer loop
   vertex 8.15906982e+01 2.51518936e+01 4.41941833e+00
   vertex 8.12139435e+01 2.56406631e+01 4.41898346e+00
   vertex 8.15929871e+01 2.51498947e+01 1.10557556e-01
  endloop
 endfacet
 facet normal -7.70791829e-01 -5.31512499e-01 3.51246923e-01
  outer loop
   vertex 8.15929871e+01 2.51498947e+01 1.10557556e-01
   vertex 8.12139435e+01 2.56406631e+01 4.41898346e+00
   vertex 8.12162323e+01 2.56386719e+01 1.10137939e-01
  endloop
 endfacet
 facet normal 2.40553439e-01 2.67911971e-01 -9.32929397e-01
  outer loop
   vertex 8.09714203e+01 2.24238205e+01 4.42034149e+00
   vertex 7.97819672e+01 2.32374802e+01 4.41933441e+00
   vertex 8.21000519e+01 2.48034744e+01 4.41985321e+00
  endloop
 endfacet
 facet normal -1.05333842e-01 -2.46475264e-01 -9.63407874e-01
  outer loop
   vertex 8.21000519e+01 2.48034744e+01 4.41985321e+00
   vertex 7.97819672e+01 2.32374802e+01 4.41933441e+00
   vertex 8.15906982e+01 2.51518936e+01 4.41941833e+00
  endloop
 endfacet
 facet normal 4.97212946e-01 8.16495180e-01 2.93453395e-01
  outer loop
   vertex 8.09737244e+01 2.24218216e+01 1.11495972e-01
   vertex 7.97842560e+01 2.32354889e+01 1.10488892e-01
   vertex 8.09714203e+01 2.24238205e+01 4.42034149e+00
  endloop
 endfacet
 facet normal 5.80722809e-01 7.59312093e-01 -2.93608934e-01
  outer loop
   vertex 8.09714203e+01 2.24238205e+01 4.42034149e+00
   vertex 7.97842560e+01 2.32354889e+01 1.10488892e-01
   vertex 7.97819672e+01 2.32374802e+01 4.41933441e+00
  endloop
 endfacet
 facet normal -2.40132466e-01 -1.19190805e-01 9.63395000e-01
  outer loop
   vertex 8.15929871e+01 2.51498947e+01 1.10557556e-01
   vertex 8.12162323e+01 2.56386719e+01 1.10137939e-01
   vertex 7.97842560e+01 2.32354889e+01 1.10488892e-01
  endloop
 endfacet
 facet normal 2.53798246e-01 2.55321026e-01 9.32951033e-01
  outer loop
   vertex 7.97842560e+01 2.32354889e+01 1.10488892e-01
   vertex 8.12162323e+01 2.56386719e+01 1.10137939e-01
   vertex 7.89044495e+01 2.43768921e+01 1.09489441e-01
  endloop
 endfacet
 facet normal -8.63846660e-01 -3.60665768e-01 -3.51694673e-01
  outer loop
   vertex 8.12139435e+01 2.56406631e+01 4.41898346e+00
   vertex 8.10066681e+01 2.62219391e+01 4.41860962e+00
   vertex 8.12162323e+01 2.56386719e+01 1.10137939e-01
  endloop
 endfacet
 facet normal -8.97375762e-01 -2.67360270e-01 3.51048768e-01
  outer loop
   vertex 8.12162323e+01 2.56386719e+01 1.10137939e-01
   vertex 8.10066681e+01 2.62219391e+01 4.41860962e+00
   vertex 8.10089722e+01 2.62199478e+01 1.09764099e-01
  endloop
 endfacet
 facet normal 3.11729699e-01 1.80594668e-01 -9.32850540e-01
  outer loop
   vertex 7.97819672e+01 2.32374802e+01 4.41933441e+00
   vertex 7.89021454e+01 2.43788834e+01 4.41833496e+00
   vertex 8.15906982e+01 2.51518936e+01 4.41941833e+00
  endloop
 endfacet
 facet normal -1.76185071e-01 -2.01719090e-01 -9.63466763e-01
  outer loop
   vertex 8.15906982e+01 2.51518936e+01 4.41941833e+00
   vertex 7.89021454e+01 2.43788834e+01 4.41833496e+00
   vertex 8.12139435e+01 2.56406631e+01 4.41898346e+00
  endloop
 endfacet
 facet normal 7.25141168e-01 6.22841001e-01 2.93665409e-01
  outer loop
   vertex 7.97842560e+01 2.32354889e+01 1.10488892e-01
   vertex 7.89044495e+01 2.43768921e+01 1.09489441e-01
   vertex 7.97819672e+01 2.32374802e+01 4.41933441e+00
  endloop
 endfacet
 facet normal 7.86989689e-01 5.42738616e-01 -2.93397397e-01
  outer loop
   vertex 7.97819672e+01 2.32374802e+01 4.41933441e+00
   vertex 7.89044495e+01 2.43768921e+01 1.09489441e-01
   vertex 7.89021454e+01 2.43788834e+01 4.41833496e+00
  endloop
 endfacet
 facet normal -2.65385687e-01 -3.92886922e-02 9.63341475e-01
  outer loop
   vertex 8.12162323e+01 2.56386719e+01 1.10137939e-01
   vertex 8.10089722e+01 2.62199478e+01 1.09764099e-01
   vertex 7.89044495e+01 2.43768921e+01 1.09489441e-01
  endloop
 endfacet
 facet normal 3.20112884e-01 1.64263263e-01 9.33030188e-01
  outer loop
   vertex 7.89044495e+01 2.43768921e+01 1.09489441e-01
   vertex 8.10089722e+01 2.62199478e+01 1.09764099e-01
   vertex 7.84203949e+01 2.57342987e+01 1.08604431e-01
  endloop
 endfacet
 facet normal -9.32956636e-01 -7.60291666e-02 -3.51868510e-01
  outer loop
   vertex 8.10066681e+01 2.62219391e+01 4.41860962e+00
   vertex 8.09891510e+01 2.68388214e+01 4.41831970e+00
   vertex 8.10089722e+01 2.62199478e+01 1.09764099e-01
  endloop
 endfacet
 facet normal -9.36135352e-01 2.29711235e-02 3.50888819e-01
  outer loop
   vertex 8.10089722e+01 2.62199478e+01 1.09764099e-01
   vertex 8.09891510e+01 2.68388214e+01 4.41831970e+00
   vertex 8.09914551e+01 2.68368225e+01 1.09474182e-01
  endloop
 endfacet
 facet normal 3.52432340e-01 7.55696148e-02 -9.32781160e-01
  outer loop
   vertex 7.89021454e+01 2.43788834e+01 4.41833496e+00
   vertex 7.84180908e+01 2.57362900e+01 4.41745758e+00
   vertex 8.12139435e+01 2.56406631e+01 4.41898346e+00
  endloop
 endfacet
 facet normal -2.29740307e-01 -1.37259379e-01 -9.63524401e-01
  outer loop
   vertex 8.12139435e+01 2.56406631e+01 4.41898346e+00
   vertex 7.84180908e+01 2.57362900e+01 4.41745758e+00
   vertex 8.10066681e+01 2.62219391e+01 4.41860962e+00
  endloop
 endfacet
 facet normal 8.82066131e-01 3.68238926e-01 2.93869734e-01
  outer loop
   vertex 7.89044495e+01 2.43768921e+01 1.09489441e-01
   vertex 7.84203949e+01 2.57342987e+01 1.08604431e-01
   vertex 7.89021454e+01 2.43788834e+01 4.41833496e+00
  endloop
 endfacet
 facet normal 9.16235328e-01 2.73029327e-01 -2.93202609e-01
  outer loop
   vertex 7.89021454e+01 2.43788834e+01 4.41833496e+00
   vertex 7.84203949e+01 2.57342987e+01 1.08604431e-01
   vertex 7.84180908e+01 2.57362900e+01 4.41745758e+00
  endloop
 endfacet
 facet normal -2.64703304e-01 4.45032194e-02 9.63302433e-01
  outer loop
   vertex 8.10089722e+01 2.62199478e+01 1.09764099e-01
   vertex 8.09914551e+01 2.68368225e+01 1.09474182e-01
   vertex 7.84203949e+01 2.57342987e+01 1.08604431e-01
  endloop
 endfacet
 facet normal 3.55049670e-01 5.71712069e-02 9.33097601e-01
  outer loop
   vertex 7.84203949e+01 2.57342987e+01 1.08604431e-01
   vertex 8.09914551e+01 2.68368225e+01 1.09474182e-01
   vertex 7.83795013e+01 2.71748657e+01 1.07917786e-01
  endloop
 endfacet
 facet normal -9.10729647e-01 2.16038793e-01 -3.51992548e-01
  outer loop
   vertex 8.09891510e+01 2.68388214e+01 4.41831970e+00
   vertex 8.11631317e+01 2.74309158e+01 4.41813660e+00
   vertex 8.09914551e+01 2.68368225e+01 1.09474182e-01
  endloop
 endfacet
 facet normal -8.83275688e-01 3.11079472e-01 3.50789964e-01
  outer loop
   vertex 8.09914551e+01 2.68368225e+01 1.09474182e-01
   vertex 8.11631317e+01 2.74309158e+01 4.41813660e+00
   vertex 8.11654205e+01 2.74289169e+01 1.09283447e-01
  endloop
 endfacet
 facet normal 3.58692318e-01 -3.69052514e-02 -9.32726026e-01
  outer loop
   vertex 7.84180908e+01 2.57362900e+01 4.41745758e+00
   vertex 7.83771973e+01 2.71768417e+01 4.41676331e+00
   vertex 8.10066681e+01 2.62219391e+01 4.41860962e+00
  endloop
 endfacet
 facet normal -2.60745406e-01 -5.94178103e-02 -9.63577390e-01
  outer loop
   vertex 8.10066681e+01 2.62219391e+01 4.41860962e+00
   vertex 7.83771973e+01 2.71768417e+01 4.41676331e+00
   vertex 8.09891510e+01 2.68388214e+01 4.41831970e+00
  endloop
 endfacet
 facet normal 9.52637315e-01 7.76038170e-02 2.94040382e-01
  outer loop
   vertex 7.84203949e+01 2.57342987e+01 1.08604431e-01
   vertex 7.83795013e+01 2.71748657e+01 1.07917786e-01
   vertex 7.84180908e+01 2.57362900e+01 4.41745758e+00
  endloop
 endfacet
 facet normal 9.55811620e-01 -2.34236978e-02 -2.93045163e-01
  outer loop
   vertex 7.84180908e+01 2.57362900e+01 4.41745758e+00
   vertex 7.83795013e+01 2.71748657e+01 1.07917786e-01
   vertex 7.83771973e+01 2.71768417e+01 4.41676331e+00
  endloop
 endfacet
 facet normal -2.38153085e-01 1.23985000e-01 9.63281274e-01
  outer loop
   vertex 8.09914551e+01 2.68368225e+01 1.09474182e-01
   vertex 8.11654205e+01 2.74289169e+01 1.09283447e-01
   vertex 7.83795013e+01 2.71748657e+01 1.07917786e-01
  endloop
 endfacet
 facet normal 3.55183512e-01 -5.54755703e-02 9.33149040e-01
  outer loop
   vertex 7.83795013e+01 2.71748657e+01 1.07917786e-01
   vertex 8.11654205e+01 2.74289169e+01 1.09283447e-01
   vertex 7.87857666e+01 2.85575485e+01 1.07490540e-01
  endloop
 endfacet
 facet normal -7.99335897e-01 4.86949086e-01 -3.52054954e-01
  outer loop
   vertex 8.11631317e+01 2.74309158e+01 4.41813660e+00
   vertex 8.15115509e+01 2.79402695e+01 4.41808319e+00
   vertex 8.11654205e+01 2.74289169e+01 1.09283447e-01
  endloop
 endfacet
 facet normal -7.43974030e-01 5.68752408e-01 3.50746930e-01
  outer loop
   vertex 8.11654205e+01 2.74289169e+01 1.09283447e-01
   vertex 8.15115509e+01 2.79402695e+01 4.41808319e+00
   vertex 8.15138550e+01 2.79382782e+01 1.09237671e-01
  endloop
 endfacet
 facet normal 3.29890370e-01 -1.45813420e-01 -9.32690084e-01
  outer loop
   vertex 7.83771973e+01 2.71768417e+01 4.41676331e+00
   vertex 7.87834625e+01 2.85595398e+01 4.41634369e+00
   vertex 8.09891510e+01 2.68388214e+01 4.41831970e+00
  endloop
 endfacet
 facet normal -2.66181171e-01 2.41997726e-02 -9.63619173e-01
  outer loop
   vertex 8.09891510e+01 2.68388214e+01 4.41831970e+00
   vertex 7.87834625e+01 2.85595398e+01 4.41634369e+00
   vertex 8.11631317e+01 2.74309158e+01 4.41813660e+00
  endloop
 endfacet
 facet normal 9.29942966e-01 -2.20618218e-01 2.94165999e-01
  outer loop
   vertex 7.83795013e+01 2.71748657e+01 1.07917786e-01
   vertex 7.87857666e+01 2.85575485e+01 1.07490540e-01
   vertex 7.83771973e+01 2.71768417e+01 4.41676331e+00
  endloop
 endfacet
 facet normal 9.01841342e-01 -3.17599326e-01 -2.92938292e-01
  outer loop
   vertex 7.83771973e+01 2.71768417e+01 4.41676331e+00
   vertex 7.87857666e+01 2.85575485e+01 1.07490540e-01
   vertex 7.87834625e+01 2.85595398e+01 4.41634369e+00
  endloop
 endfacet
 facet normal -1.88344702e-01 1.91372588e-01 9.63277102e-01
  outer loop
   vertex 8.11654205e+01 2.74289169e+01 1.09283447e-01
   vertex 8.15138550e+01 2.79382782e+01 1.09237671e-01
   vertex 7.87857666e+01 2.85575485e+01 1.07490540e-01
  endloop
 endfacet
 facet normal 3.20497274e-01 -1.62653089e-01 9.33180273e-01
  outer loop
   vertex 7.87857666e+01 2.85575485e+01 1.07490540e-01
   vertex 8.15138550e+01 2.79382782e+01 1.09237671e-01
   vertex 7.95994110e+01 2.97470093e+01 1.07383728e-01
  endloop
 endfacet
 facet normal -6.09680057e-01 7.10173666e-01 -3.52056265e-01
  outer loop
   vertex 8.15115509e+01 2.79402695e+01 4.41808319e+00
   vertex 8.20003052e+01 2.83170090e+01 4.41816711e+00
   vertex 8.15138550e+01 2.79382782e+01 1.09237671e-01
  endloop
 endfacet
 facet normal -5.31870067e-01 7.70766556e-01 3.50760877e-01
  outer loop
   vertex 8.15138550e+01 2.79382782e+01 1.09237671e-01
   vertex 8.20003052e+01 2.83170090e+01 4.41816711e+00
   vertex 8.20026093e+01 2.83150177e+01 1.09336853e-01
  endloop
 endfacet
 facet normal 2.68841386e-01 -2.40486279e-01 -9.32679296e-01
  outer loop
   vertex 7.87834625e+01 2.85595398e+01 4.41634369e+00
   vertex 7.95971222e+01 2.97490158e+01 4.41622162e+00
   vertex 8.11631317e+01 2.74309158e+01 4.41813660e+00
  endloop
 endfacet
 facet normal -2.45513648e-01 1.05407506e-01 -9.63645339e-01
  outer loop
   vertex 8.11631317e+01 2.74309158e+01 4.41813660e+00
   vertex 7.95971222e+01 2.97490158e+01 4.41622162e+00
   vertex 8.15115509e+01 2.79402695e+01 4.41808319e+00
  endloop
 endfacet
 facet normal 8.16202700e-01 -4.97232914e-01 2.94232190e-01
  outer loop
   vertex 7.87857666e+01 2.85575485e+01 1.07490540e-01
   vertex 7.95994110e+01 2.97470093e+01 1.07383728e-01
   vertex 7.87834625e+01 2.85595398e+01 4.41634369e+00
  endloop
 endfacet
 facet normal 7.59605765e-01 -5.80700338e-01 -2.92892814e-01
  outer loop
   vertex 7.87834625e+01 2.85595398e+01 4.41634369e+00
   vertex 7.95994110e+01 2.97470093e+01 1.07383728e-01
   vertex 7.95971222e+01 2.97490158e+01 4.41622162e+00
  endloop
 endfacet
 facet normal -1.20156832e-01 2.40073934e-01 9.63289618e-01
  outer loop
   vertex 8.15138550e+01 2.79382782e+01 1.09237671e-01
   vertex 8.20026093e+01 2.83150177e+01 1.09336853e-01
   vertex 7.95994110e+01 2.97470093e+01 1.07383728e-01
  endloop
 endfacet
 facet normal 2.54387975e-01 -2.53862292e-01 9.33188438e-01
  outer loop
   vertex 7.95994110e+01 2.97470093e+01 1.07383728e-01
   vertex 8.20026093e+01 2.83150177e+01 1.09336853e-01
   vertex 8.07408142e+01 3.06268311e+01 1.07574463e-01
  endloop
 endfacet
 facet normal -3.60329092e-01 8.63863945e-01 -3.51997226e-01
  outer loop
   vertex 8.20003052e+01 2.83170090e+01 4.41816711e+00
   vertex 8.25815887e+01 2.85242996e+01 4.41838074e+00
   vertex 8.20026093e+01 2.83150177e+01 1.09336853e-01
  endloop
 endfacet
 facet normal -2.67721891e-01 8.97348762e-01 3.50842178e-01
  outer loop
   vertex 8.20026093e+01 2.83150177e+01 1.09336853e-01
   vertex 8.25815887e+01 2.85242996e+01 4.41838074e+00
   vertex 8.25838928e+01 2.85223083e+01 1.09535217e-01
  endloop
 endfacet
 facet normal 1.81526169e-01 -3.11661124e-01 -9.32692647e-01
  outer loop
   vertex 7.95971222e+01 2.97490158e+01 4.41622162e+00
   vertex 8.07385406e+01 3.06288376e+01 4.41642761e+00
   vertex 8.15115509e+01 2.79402695e+01 4.41808319e+00
  endloop
 endfacet
 facet normal -2.00764611e-01 1.76253989e-01 -9.63653505e-01
  outer loop
   vertex 8.15115509e+01 2.79402695e+01 4.41808319e+00
   vertex 8.07385406e+01 3.06288376e+01 4.41642761e+00
   vertex 8.20003052e+01 2.83170090e+01 4.41816711e+00
  endloop
 endfacet
 facet normal 6.22549713e-01 -7.25160182e-01 2.94235617e-01
  outer loop
   vertex 7.95994110e+01 2.97470093e+01 1.07383728e-01
   vertex 8.07408142e+01 3.06268311e+01 1.07574463e-01
   vertex 7.95971222e+01 2.97490158e+01 4.41622162e+00
  endloop
 endfacet
 facet normal 5.43029904e-01 -7.86969721e-01 -2.92911589e-01
  outer loop
   vertex 7.95971222e+01 2.97490158e+01 4.41622162e+00
   vertex 8.07408142e+01 3.06268311e+01 1.07574463e-01
   vertex 8.07385406e+01 3.06288376e+01 4.41642761e+00
  endloop
 endfacet
 facet normal -4.02551480e-02 2.65317261e-01 9.63320434e-01
  outer loop
   vertex 8.20026093e+01 2.83150177e+01 1.09336853e-01
   vertex 8.25838928e+01 2.85223083e+01 1.09535217e-01
   vertex 8.07408142e+01 3.06268311e+01 1.07574463e-01
  endloop
 endfacet
 facet normal 1.63331673e-01 -3.20183069e-01 9.33169663e-01
  outer loop
   vertex 8.07408142e+01 3.06268311e+01 1.07574463e-01
   vertex 8.25838928e+01 2.85223083e+01 1.09535217e-01
   vertex 8.20982513e+01 3.11108780e+01 1.08085632e-01
  endloop
 endfacet
 facet normal 4.87299621e-01 7.99359381e-01 -3.51516157e-01
  outer loop
   vertex 8.37905579e+01 2.83678436e+01 4.41909790e+00
   vertex 8.42999268e+01 2.80194168e+01 4.41953278e+00
   vertex 8.37928619e+01 2.83658524e+01 1.10252380e-01
  endloop
 endfacet
 facet normal 5.68402886e-01 7.43951738e-01 3.51360083e-01
  outer loop
   vertex 8.37928619e+01 2.83658524e+01 1.10252380e-01
   vertex 8.42999268e+01 2.80194168e+01 4.41953278e+00
   vertex 8.43022156e+01 2.80174103e+01 1.10687256e-01
  endloop
 endfacet
 facet normal 2.16390669e-01 9.10756826e-01 -3.51705968e-01
  outer loop
   vertex 8.31984558e+01 2.85418015e+01 4.41870117e+00
   vertex 8.37905579e+01 2.83678436e+01 4.41909790e+00
   vertex 8.32007599e+01 2.85398331e+01 1.09855652e-01
  endloop
 endfacet
 facet normal 3.10731530e-01 8.83248985e-01 3.51165444e-01
  outer loop
   vertex 8.32007599e+01 2.85398331e+01 1.09855652e-01
   vertex 8.37905579e+01 2.83678436e+01 4.41909790e+00
   vertex 8.37928619e+01 2.83658524e+01 1.10252380e-01
  endloop
 endfacet
 facet normal -7.56839216e-02 9.32983041e-01 -3.51873040e-01
  outer loop
   vertex 8.25815887e+01 2.85242996e+01 4.41838074e+00
   vertex 8.31984558e+01 2.85418015e+01 4.41870117e+00
   vertex 8.25838928e+01 2.85223083e+01 1.09535217e-01
  endloop
 endfacet
 facet normal 2.26202216e-02 9.36106503e-01 3.50988567e-01
  outer loop
   vertex 8.25838928e+01 2.85223083e+01 1.09535217e-01
   vertex 8.31984558e+01 2.85418015e+01 4.41870117e+00
   vertex 8.32007599e+01 2.85398331e+01 1.09855652e-01
  endloop
 endfacet
 facet normal 7.64892027e-02 -3.52368772e-01 -9.32730198e-01
  outer loop
   vertex 8.07385406e+01 3.06288376e+01 4.41642761e+00
   vertex 8.20959473e+01 3.11128693e+01 4.41692352e+00
   vertex 8.20003052e+01 2.83170090e+01 4.41816711e+00
  endloop
 endfacet
 facet normal -1.36310697e-01 2.29802638e-01 -9.63644207e-01
  outer loop
   vertex 8.20003052e+01 2.83170090e+01 4.41816711e+00
   vertex 8.20959473e+01 3.11128693e+01 4.41692352e+00
   vertex 8.25815887e+01 2.85242996e+01 4.41838074e+00
  endloop
 endfacet
 facet normal 3.67942661e-01 -8.82089078e-01 2.94171900e-01
  outer loop
   vertex 8.07408142e+01 3.06268311e+01 1.07574463e-01
   vertex 8.20982513e+01 3.11108780e+01 1.08085632e-01
   vertex 8.07385406e+01 3.06288376e+01 4.41642761e+00
  endloop
 endfacet
 facet normal 2.73316473e-01 -9.16215420e-01 -2.92997301e-01
  outer loop
   vertex 8.07385406e+01 3.06288376e+01 4.41642761e+00
   vertex 8.20982513e+01 3.11108780e+01 1.08085632e-01
   vertex 8.20959473e+01 3.11128693e+01 4.41692352e+00
  endloop
 endfacet
 facet normal 4.53520477e-01 -2.48422343e-02 8.90899539e-01
  outer loop
   vertex 8.20982513e+01 3.11108780e+01 1.08085632e-01
   vertex 8.25838928e+01 2.85223083e+01 1.09535217e-01
   vertex 8.33043671e+01 3.11451149e+01 1.08705282e-01
  endloop
 endfacet
 facet normal 5.72455466e-01 3.63928825e-01 7.34745204e-01
  outer loop
   vertex 8.33043671e+01 3.11451149e+01 1.08705282e-01
   vertex 8.25838928e+01 2.85223083e+01 1.09535217e-01
   vertex 8.34777527e+01 3.06800461e+01 1.09011650e-01
  endloop
 endfacet
 facet normal 2.23584697e-01 5.65161943e-01 7.94104457e-01
  outer loop
   vertex 8.25838928e+01 2.85223083e+01 1.09535217e-01
   vertex 8.32007599e+01 2.85398331e+01 1.09855652e-01
   vertex 8.34777527e+01 3.06800461e+01 1.09011650e-01
  endloop
 endfacet
 facet normal 4.95330483e-01 4.08201307e-01 7.66824245e-01
  outer loop
   vertex 8.34777527e+01 3.06800461e+01 1.09011650e-01
   vertex 8.32007599e+01 2.85398331e+01 1.09855652e-01
   vertex 8.40995026e+01 2.90123711e+01 1.10119820e-01
  endloop
 endfacet
 facet normal 3.59598875e-01 5.28651714e-01 7.68905699e-01
  outer loop
   vertex 8.40995026e+01 2.90123711e+01 1.10119820e-01
   vertex 8.32007599e+01 2.85398331e+01 1.09855652e-01
   vertex 8.37928619e+01 2.83658524e+01 1.10252380e-01
  endloop
 endfacet
 facet normal 5.54481208e-01 3.72219622e-01 7.44313896e-01
  outer loop
   vertex 8.40995026e+01 2.90123711e+01 1.10119820e-01
   vertex 8.37928619e+01 2.83658524e+01 1.10252380e-01
   vertex 8.43167114e+01 2.84297256e+01 1.10502243e-01
  endloop
 endfacet
 facet normal 4.85210776e-01 4.47084695e-01 7.51455784e-01
  outer loop
   vertex 8.43022156e+01 2.80174103e+01 1.10687256e-01
   vertex 8.44123535e+01 2.81339760e+01 1.10691547e-01
   vertex 8.37928619e+01 2.83658524e+01 1.10252380e-01
  endloop
 endfacet
 facet normal 5.60956180e-01 3.57580304e-01 7.46635437e-01
  outer loop
   vertex 8.44123535e+01 2.81339760e+01 1.10691547e-01
   vertex 8.43520355e+01 2.83199043e+01 1.10571384e-01
   vertex 8.37928619e+01 2.83658524e+01 1.10252380e-01
  endloop
 endfacet
 facet normal 5.58642447e-01 3.62765938e-01 7.45868266e-01
  outer loop
   vertex 8.37928619e+01 2.83658524e+01 1.10252380e-01
   vertex 8.43520355e+01 2.83199043e+01 1.10571384e-01
   vertex 8.43167114e+01 2.84297256e+01 1.10502243e-01
  endloop
 endfacet
 facet normal 5.80893040e-01 3.39904130e-01 7.39613712e-01
  outer loop
   vertex 8.44123535e+01 2.81339760e+01 1.10691547e-01
   vertex 8.43022156e+01 2.80174103e+01 1.10687256e-01
   vertex 8.45576630e+01 2.76860275e+01 1.10976934e-01
  endloop
 endfacet
 facet normal 7.14486122e-01 6.04590893e-01 3.52107108e-01
  outer loop
   vertex 8.43022156e+01 2.80174103e+01 1.10687256e-01
   vertex 8.42999268e+01 2.80194168e+01 4.41953278e+00
   vertex 8.45576630e+01 2.76860275e+01 1.10976934e-01
  endloop
 endfacet
 facet normal 8.38440955e-01 5.44980586e-01 3.59751889e-03
  outer loop
   vertex 8.45576630e+01 2.76860275e+01 1.10976934e-01
   vertex 8.42999268e+01 2.80194168e+01 4.41953278e+00
   vertex 8.45397034e+01 2.77091942e+01 7.17821836e-01
  endloop
 endfacet
 facet normal 8.47937763e-01 5.25469422e-01 -6.98815659e-02
  outer loop
   vertex 8.45397034e+01 2.77091942e+01 7.17821836e-01
   vertex 8.42999268e+01 2.80194168e+01 4.41953278e+00
   vertex 8.44492798e+01 2.78256531e+01 4.41969919e+00
  endloop
 endfacet
 facet normal 8.09150636e-01 4.49546903e-01 -3.78395021e-01
  outer loop
   vertex 8.44492798e+01 2.78256531e+01 4.41969919e+00
   vertex 8.42999268e+01 2.80194168e+01 4.41953278e+00
   vertex 8.43648834e+01 2.80881615e+01 4.41953564e+00
  endloop
 endfacet
 facet normal 5.61807394e-01 3.74054343e-01 -7.37872481e-01
  outer loop
   vertex 8.40619965e+01 2.89401588e+01 4.41897869e+00
   vertex 8.42723541e+01 2.83759460e+01 4.41935253e+00
   vertex 8.37905579e+01 2.83678436e+01 4.41909790e+00
  endloop
 endfacet
 facet normal 4.87499863e-01 4.47177052e-01 -7.49917686e-01
  outer loop
   vertex 8.42999268e+01 2.80194168e+01 4.41953278e+00
   vertex 8.37905579e+01 2.83678436e+01 4.41909790e+00
   vertex 8.43648834e+01 2.80881615e+01 4.41953564e+00
  endloop
 endfacet
 facet normal 5.66482663e-01 3.64109457e-01 -7.39271045e-01
  outer loop
   vertex 8.42723541e+01 2.83759460e+01 4.41935253e+00
   vertex 8.43648834e+01 2.80881615e+01 4.41953564e+00
   vertex 8.37905579e+01 2.83678436e+01 4.41909790e+00
  endloop
 endfacet
 facet normal 5.02884746e-01 4.08937961e-01 -7.61496305e-01
  outer loop
   vertex 8.34599152e+01 3.05620575e+01 4.41791630e+00
   vertex 8.37570038e+01 2.97582397e+01 4.41844130e+00
   vertex 8.31984558e+01 2.85418015e+01 4.41870117e+00
  endloop
 endfacet
 facet normal 5.02946675e-01 4.09703314e-01 -7.61043906e-01
  outer loop
   vertex 8.37570038e+01 2.97582397e+01 4.41844130e+00
   vertex 8.40619965e+01 2.89401588e+01 4.41897869e+00
   vertex 8.31984558e+01 2.85418015e+01 4.41870117e+00
  endloop
 endfacet
 facet normal 3.63890290e-01 5.29566824e-01 -7.66252458e-01
  outer loop
   vertex 8.40619965e+01 2.89401588e+01 4.41897869e+00
   vertex 8.37905579e+01 2.83678436e+01 4.41909790e+00
   vertex 8.31984558e+01 2.85418015e+01 4.41870117e+00
  endloop
 endfacet
 facet normal 4.62215841e-01 -2.93772481e-02 -8.86280715e-01
  outer loop
   vertex 8.20959473e+01 3.11128693e+01 4.41692352e+00
   vertex 8.32442932e+01 3.11454697e+01 4.41753197e+00
   vertex 8.25815887e+01 2.85242996e+01 4.41838074e+00
  endloop
 endfacet
 facet normal 5.83465457e-01 3.62817436e-01 -7.26589024e-01
  outer loop
   vertex 8.32442932e+01 3.11454697e+01 4.41753197e+00
   vertex 8.34599152e+01 3.05620575e+01 4.41791630e+00
   vertex 8.25815887e+01 2.85242996e+01 4.41838074e+00
  endloop
 endfacet
 facet normal 2.27950692e-01 5.65700889e-01 -7.92477727e-01
  outer loop
   vertex 8.34599152e+01 3.05620575e+01 4.41791630e+00
   vertex 8.31984558e+01 2.85418015e+01 4.41870117e+00
   vertex 8.25815887e+01 2.85242996e+01 4.41838074e+00
  endloop
 endfacet
 facet normal 6.25895321e-01 -7.54088819e-01 -1.99010134e-01
  outer loop
   vertex 8.20959473e+01 3.11128693e+01 4.41692352e+00
   vertex 8.20982513e+01 3.11108780e+01 1.08085632e-01
   vertex 8.32442932e+01 3.11454697e+01 4.41753197e+00
  endloop
 endfacet
 facet normal 8.21547031e-01 -5.54691970e-01 1.31822810e-01
  outer loop
   vertex 8.32442932e+01 3.11454697e+01 4.41753197e+00
   vertex 8.20982513e+01 3.11108780e+01 1.08085632e-01
   vertex 8.32607422e+01 3.11452713e+01 3.02204275e+00
  endloop
 endfacet
 facet normal 7.47363746e-01 -5.04181862e-01 4.32721734e-01
  outer loop
   vertex 8.20982513e+01 3.11108780e+01 1.08085632e-01
   vertex 8.33043671e+01 3.11451149e+01 1.08705282e-01
   vertex 8.32607422e+01 3.11452713e+01 3.02204275e+00
  endloop
 endfacet
 facet normal 6.61327183e-01 2.35602140e-01 7.12136209e-01
  outer loop
   vertex 8.43167114e+01 2.84297256e+01 1.10502243e-01
   vertex 8.43178558e+01 2.84311066e+01 0.00000000e+00
   vertex 8.40995026e+01 2.90123711e+01 1.10119820e-01
  endloop
 endfacet
 facet normal 6.55043662e-01 2.43933544e-01 7.15132356e-01
  outer loop
   vertex 8.43178558e+01 2.84311066e+01 0.00000000e+00
   vertex 8.21867828e+01 3.41470337e+01 0.00000000e+00
   vertex 8.40995026e+01 2.90123711e+01 1.10119820e-01
  endloop
 endfacet
 facet normal 6.54768407e-01 2.49470592e-01 7.13472307e-01
  outer loop
   vertex 8.40995026e+01 2.90123711e+01 1.10119820e-01
   vertex 8.21867828e+01 3.41470337e+01 0.00000000e+00
   vertex 8.34777527e+01 3.06800461e+01 1.09011650e-01
  endloop
 endfacet
 facet normal 7.59191871e-01 1.78110272e-01 6.26022696e-01
  outer loop
   vertex 8.34777527e+01 3.06800461e+01 1.09011650e-01
   vertex 8.21867828e+01 3.41470337e+01 0.00000000e+00
   vertex 8.33043671e+01 3.11451149e+01 1.08705282e-01
  endloop
 endfacet
 facet normal 8.99013340e-01 -1.06886581e-01 4.24676627e-01
  outer loop
   vertex 8.21867828e+01 3.41470337e+01 0.00000000e+00
   vertex 8.32607422e+01 3.11452713e+01 3.02204275e+00
   vertex 8.33043671e+01 3.11451149e+01 1.08705282e-01
  endloop
 endfacet
 facet normal 9.26552594e-01 2.98786134e-01 -2.28532657e-01
  outer loop
   vertex 8.61181793e+01 2.25726318e+01 5.82526588e+00
   vertex 8.56845398e+01 2.39837494e+01 4.42214775e+00
   vertex 8.42578430e+01 2.83583679e+01 5.82777119e+00
  endloop
 endfacet
 facet normal 8.25877428e-01 2.73607403e-01 -4.93016720e-01
  outer loop
   vertex 8.56845398e+01 2.39837494e+01 4.42214775e+00
   vertex 8.56781158e+01 2.40037117e+01 4.42213345e+00
   vertex 8.42578430e+01 2.83583679e+01 5.82777119e+00
  endloop
 endfacet
 facet normal 8.25945377e-01 2.73453116e-01 -4.92988497e-01
  outer loop
   vertex 8.56781158e+01 2.40037117e+01 4.42213345e+00
   vertex 8.51903076e+01 2.55208969e+01 4.42116642e+00
   vertex 8.42578430e+01 2.83583679e+01 5.82777119e+00
  endloop
 endfacet
 facet normal 8.26074541e-01 2.73403347e-01 -4.92799640e-01
  outer loop
   vertex 8.51903076e+01 2.55208969e+01 4.42116642e+00
   vertex 8.49305725e+01 2.63287125e+01 4.42064857e+00
   vertex 8.42578430e+01 2.83583679e+01 5.82777119e+00
  endloop
 endfacet
 facet normal 9.26726401e-01 2.78715461e-01 -2.51983762e-01
  outer loop
   vertex 8.49305725e+01 2.63287125e+01 4.42064857e+00
   vertex 8.48987579e+01 2.64276848e+01 4.42058659e+00
   vertex 8.42578430e+01 2.83583679e+01 5.82777119e+00
  endloop
 endfacet
 facet normal 8.25381875e-01 2.79400885e-01 -4.90591407e-01
  outer loop
   vertex 8.42723541e+01 2.83759460e+01 4.41935253e+00
   vertex 8.42578430e+01 2.83583679e+01 5.82777119e+00
   vertex 8.43648834e+01 2.80881615e+01 4.41953564e+00
  endloop
 endfacet
 facet normal 9.26725984e-01 2.78719962e-01 -2.51980484e-01
  outer loop
   vertex 8.42578430e+01 2.83583679e+01 5.82777119e+00
   vertex 8.48987579e+01 2.64276848e+01 4.42058659e+00
   vertex 8.43648834e+01 2.80881615e+01 4.41953564e+00
  endloop
 endfacet
 facet normal 9.46488559e-01 3.15395415e-01 -6.84483126e-02
  outer loop
   vertex 8.43648834e+01 2.80881615e+01 4.41953564e+00
   vertex 8.48987579e+01 2.64276848e+01 4.42058659e+00
   vertex 8.44492798e+01 2.78256531e+01 4.41969919e+00
  endloop
 endfacet
 facet normal 9.17077422e-01 3.43384683e-01 2.02622741e-01
  outer loop
   vertex 8.45397034e+01 2.77091942e+01 7.17821836e-01
   vertex 8.44492798e+01 2.78256531e+01 4.41969919e+00
   vertex 8.48966827e+01 2.65475311e+01 1.87289894e+00
  endloop
 endfacet
 facet normal 9.46541131e-01 2.62528718e-01 1.87452778e-01
  outer loop
   vertex 8.44492798e+01 2.78256531e+01 4.41969919e+00
   vertex 8.48987579e+01 2.64276848e+01 4.42058659e+00
   vertex 8.48966827e+01 2.65475311e+01 1.87289894e+00
  endloop
 endfacet
 facet normal 4.82999146e-01 8.62842500e-01 1.49045900e-01
  outer loop
   vertex 3.55402451e+01 9.50390091e+01 5.62892485e+00
   vertex 3.55544128e+01 9.52064743e+01 5.68434189e-14
   vertex 3.50285339e+01 9.54402237e+01 4.42234993e+00
  endloop
 endfacet
 facet normal 3.54034632e-01 8.89614820e-01 2.88521916e-01
  outer loop
   vertex 3.50285339e+01 9.54402237e+01 4.42234993e+00
   vertex 3.55544128e+01 9.52064743e+01 5.68434189e-14
   vertex 3.50652161e+01 9.55552597e+01 1.13479376e-01
  endloop
 endfacet
 facet normal 3.64470661e-01 6.84560120e-01 6.31299078e-01
  outer loop
   vertex 3.55544128e+01 9.52064743e+01 5.68434189e-14
   vertex 3.00704193e+01 9.91263657e+01 5.68434189e-14
   vertex 3.50652161e+01 9.55552597e+01 1.13479376e-01
  endloop
 endfacet
 facet normal 3.58617127e-01 6.86195672e-01 6.32873774e-01
  outer loop
   vertex 3.50652161e+01 9.55552597e+01 1.13479376e-01
   vertex 3.00704193e+01 9.91263657e+01 5.68434189e-14
   vertex 3.42623596e+01 9.61281357e+01 1.12787485e-01
  endloop
 endfacet
 facet normal 3.96650106e-01 5.64233422e-01 7.24092126e-01
  outer loop
   vertex 3.42623596e+01 9.61281357e+01 1.12787485e-01
   vertex 3.00704193e+01 9.91263657e+01 5.68434189e-14
   vertex 3.29844589e+01 9.70400009e+01 1.11680984e-01
  endloop
 endfacet
 facet normal 5.18985569e-01 6.49626553e-01 5.55553138e-01
  outer loop
   vertex 3.29844589e+01 9.70400009e+01 1.11680984e-01
   vertex 3.00704193e+01 9.91263657e+01 5.68434189e-14
   vertex 3.23892288e+01 9.74647293e+01 1.11166000e-01
  endloop
 endfacet
 facet normal 4.85022128e-01 8.68836522e-01 -9.93812978e-02
  outer loop
   vertex 3.55402451e+01 9.50390091e+01 5.62892485e+00
   vertex 3.50285339e+01 9.54402237e+01 4.42234993e+00
   vertex 3.00263596e+01 9.89669418e+01 5.61323595e+00
  endloop
 endfacet
 facet normal 4.38696623e-01 8.20882320e-01 -3.65646690e-01
  outer loop
   vertex 3.50285339e+01 9.54402237e+01 4.42234993e+00
   vertex 3.40177231e+01 9.61614914e+01 4.42148161e+00
   vertex 3.00263596e+01 9.89669418e+01 5.61323595e+00
  endloop
 endfacet
 facet normal 5.02071977e-01 7.15772271e-01 -4.85380024e-01
  outer loop
   vertex 3.40177231e+01 9.61614914e+01 4.42148161e+00
   vertex 3.28250427e+01 9.70125351e+01 4.42045689e+00
   vertex 3.00263596e+01 9.89669418e+01 5.61323595e+00
  endloop
 endfacet
 facet normal 5.98265886e-01 7.57476509e-01 -2.61356652e-01
  outer loop
   vertex 3.28250427e+01 9.70125351e+01 4.42045689e+00
   vertex 3.24546356e+01 9.72768478e+01 4.42013216e+00
   vertex 3.00263596e+01 9.89669418e+01 5.61323595e+00
  endloop
 endfacet
 facet normal 5.94371319e-01 7.61091232e-01 -2.59736240e-01
  outer loop
   vertex 3.00263596e+01 9.89669418e+01 5.61323595e+00
   vertex 3.24546356e+01 9.72768478e+01 4.42013216e+00
   vertex 3.00357437e+01 9.90008774e+01 4.41804504e+00
  endloop
 endfacet
 facet normal 7.32934356e-01 2.67261475e-01 -6.25602543e-01
  outer loop
   vertex 3.00357437e+01 9.90008774e+01 4.41804504e+00
   vertex 3.24546356e+01 9.72768478e+01 4.42013216e+00
   vertex 3.01985931e+01 9.88866653e+01 4.41818523e+00
  endloop
 endfacet
 facet normal 7.02877045e-01 4.66363370e-01 5.37093163e-01
  outer loop
   vertex 3.01985931e+01 9.88866653e+01 4.41818523e+00
   vertex 3.24546356e+01 9.72768478e+01 4.42013216e+00
   vertex 3.06698380e+01 9.85504074e+01 4.41859150e+00
  endloop
 endfacet
 facet normal 5.76247871e-01 7.79587328e-01 2.45320082e-01
  outer loop
   vertex 3.24546356e+01 9.72768478e+01 4.42013216e+00
   vertex 3.23892288e+01 9.74647293e+01 1.11166000e-01
   vertex 3.06698380e+01 9.85504074e+01 4.41859150e+00
  endloop
 endfacet
 facet normal 5.17233372e-01 6.55425131e-01 5.50352156e-01
  outer loop
   vertex 3.00704193e+01 9.91263657e+01 5.68434189e-14
   vertex 3.00695648e+01 9.91232681e+01 1.09164476e-01
   vertex 3.23892288e+01 9.74647293e+01 1.11166000e-01
  endloop
 endfacet
 facet normal 3.91733438e-01 7.32510448e-01 5.56752503e-01
  outer loop
   vertex 3.06698380e+01 9.85504074e+01 4.41859150e+00
   vertex 3.23892288e+01 9.74647293e+01 1.11166000e-01
   vertex 3.08629074e+01 9.85538406e+01 1.09845161e-01
  endloop
 endfacet
 facet normal 4.52353656e-01 6.72419906e-01 5.85856318e-01
  outer loop
   vertex 3.23892288e+01 9.74647293e+01 1.11166000e-01
   vertex 3.00695648e+01 9.91232681e+01 1.09164476e-01
   vertex 3.08629074e+01 9.85538406e+01 1.09845161e-01
  endloop
 endfacet
 facet normal 2.04726920e-01 4.12386656e-01 8.87707233e-01
  outer loop
   vertex 3.00695648e+01 9.91232681e+01 1.09164476e-01
   vertex 3.01702347e+01 9.90481033e+01 1.09248877e-01
   vertex 3.08629074e+01 9.85538406e+01 1.09845161e-01
  endloop
 endfacet
 facet normal 8.24023247e-01 4.52646017e-01 3.40730518e-01
  outer loop
   vertex 8.13876648e+01 1.54419327e+01 4.43595390e+01
   vertex 8.04270630e+01 1.50831375e+01 4.71074104e+01
   vertex 8.22770538e+01 1.01801987e+01 4.48692093e+01
  endloop
 endfacet
 facet normal 6.53890789e-01 6.84113860e-01 3.23133171e-01
  outer loop
   vertex 8.22770538e+01 1.01801987e+01 4.48692093e+01
   vertex 8.04270630e+01 1.50831375e+01 4.71074104e+01
   vertex 8.16493683e+01 9.98921204e+00 4.67111244e+01
  endloop
 endfacet
 facet normal 8.65028501e-01 4.89869803e-01 1.08412527e-01
  outer loop
   vertex 8.62012177e+01 1.98738556e+01 1.58461733e+01
   vertex 8.63873596e+01 1.72297211e+01 2.00498123e+01
   vertex 8.80744019e+01 1.19442062e+01 1.62839203e+01
  endloop
 endfacet
 facet normal 6.96344316e-01 7.09961891e-01 1.05160549e-01
  outer loop
   vertex 8.80744019e+01 1.19442062e+01 1.62839203e+01
   vertex 8.63873596e+01 1.72297211e+01 2.00498123e+01
   vertex 8.77803955e+01 1.18547516e+01 1.90926399e+01
  endloop
 endfacet
 facet normal 6.90932870e-01 6.82081580e-01 2.39533886e-01
  outer loop
   vertex 8.88069763e+01 1.21671066e+01 6.11686420e+00
   vertex 8.89282684e+01 1.22040176e+01 0.00000000e+00
   vertex 8.75062714e+01 1.76053009e+01 5.83179331e+00
  endloop
 endfacet
 facet normal 7.58590579e-01 4.23099607e-01 4.95506823e-01
  outer loop
   vertex 8.75062714e+01 1.76053009e+01 5.83179331e+00
   vertex 8.89282684e+01 1.22040176e+01 0.00000000e+00
   vertex 8.75967560e+01 1.76440887e+01 0.00000000e+00
  endloop
 endfacet
 facet normal 3.68620098e-01 5.78374863e-01 7.27737427e-01
  outer loop
   vertex 6.42491760e+01 4.69471741e+00 6.84142456e+01
   vertex 6.74846878e+01 5.67920685e+00 6.59984360e+01
   vertex 6.42919540e+01 9.62590027e+00 6.81015778e+01
  endloop
 endfacet
 facet normal 5.24112225e-01 3.31237614e-01 7.84594178e-01
  outer loop
   vertex 6.42919540e+01 9.62590027e+00 6.81015778e+01
   vertex 6.74846878e+01 5.67920685e+00 6.59984360e+01
   vertex 6.72510529e+01 1.05977631e+01 6.57521362e+01
  endloop
 endfacet
 facet normal 8.61321092e-01 4.77238208e-01 1.74269021e-01
  outer loop
   vertex 8.52131805e+01 1.68358231e+01 2.78346996e+01
   vertex 8.64663086e+01 1.14549026e+01 2.75480309e+01
   vertex 8.56851959e+01 1.69925690e+01 2.50336990e+01
  endloop
 endfacet
 facet normal 6.93332613e-01 7.04746902e-01 1.50405154e-01
  outer loop
   vertex 8.56851959e+01 1.69925690e+01 2.50336990e+01
   vertex 8.64663086e+01 1.14549026e+01 2.75480309e+01
   vertex 8.69292603e+01 1.15957642e+01 2.50797653e+01
  endloop
 endfacet
 facet normal 2.02779680e-01 5.35261035e-01 8.19985390e-01
  outer loop
   vertex 4.88201447e+01 0.00000000e+00 7.58881226e+01
   vertex 5.28658447e+01 1.23101807e+00 7.44591827e+01
   vertex 4.98736801e+01 4.79402924e+00 7.56657715e+01
  endloop
 endfacet
 facet normal 2.77755618e-01 2.47264639e-01 9.28284466e-01
  outer loop
   vertex 4.98736801e+01 4.79402924e+00 7.56657715e+01
   vertex 5.28658447e+01 1.23101807e+00 7.44591827e+01
   vertex 5.25825348e+01 5.71061707e+00 7.46519470e+01
  endloop
 endfacet
 facet normal 2.63898879e-01 5.42492986e-01 7.97532916e-01
  outer loop
   vertex 6.03313293e+01 3.50260162e+00 7.08894501e+01
   vertex 5.84293594e+01 7.67805481e+00 7.18611298e+01
   vertex 5.67092514e+01 2.40048218e+00 7.27919006e+01
  endloop
 endfacet
 facet normal 3.64935964e-01 2.73636252e-01 8.89912903e-01
  outer loop
   vertex 5.67092514e+01 2.40048218e+00 7.27919006e+01
   vertex 5.84293594e+01 7.67805481e+00 7.18611298e+01
   vertex 5.54952698e+01 6.69551849e+00 7.33720398e+01
  endloop
 endfacet
 facet normal 3.17953110e-01 5.60140610e-01 7.64949858e-01
  outer loop
   vertex 6.03313293e+01 3.50260162e+00 7.08894501e+01
   vertex 6.42491760e+01 4.69471741e+00 6.84142456e+01
   vertex 6.13367920e+01 8.65598297e+00 7.01288300e+01
  endloop
 endfacet
 facet normal 4.72998947e-01 3.10452849e-01 8.24555039e-01
  outer loop
   vertex 6.13367920e+01 8.65598297e+00 7.01288300e+01
   vertex 6.42491760e+01 4.69471741e+00 6.84142456e+01
   vertex 6.42919540e+01 9.62590027e+00 6.81015778e+01
  endloop
 endfacet
 facet normal 4.65481520e-01 6.12166345e-01 6.39202118e-01
  outer loop
   vertex 7.06919632e+01 6.65511322e+00 6.31813049e+01
   vertex 7.36805420e+01 7.56446838e+00 6.00439644e+01
   vertex 7.01792145e+01 1.15913925e+01 6.30506592e+01
  endloop
 endfacet
 facet normal 6.29339099e-01 3.70214820e-01 6.83281243e-01
  outer loop
   vertex 7.01792145e+01 1.15913925e+01 6.30506592e+01
   vertex 7.36805420e+01 7.56446838e+00 6.00439644e+01
   vertex 7.30700760e+01 1.25381927e+01 5.98833923e+01
  endloop
 endfacet
 facet normal 4.17046189e-01 5.97188652e-01 6.85155571e-01
  outer loop
   vertex 6.74846878e+01 5.67920685e+00 6.59984360e+01
   vertex 7.06919632e+01 6.65511322e+00 6.31813049e+01
   vertex 6.72510529e+01 1.05977631e+01 6.57521362e+01
  endloop
 endfacet
 facet normal 5.78146696e-01 3.51887643e-01 7.36153185e-01
  outer loop
   vertex 6.72510529e+01 1.05977631e+01 6.57521362e+01
   vertex 7.06919632e+01 6.65511322e+00 6.31813049e+01
   vertex 7.01792145e+01 1.15913925e+01 6.30506592e+01
  endloop
 endfacet
 facet normal 8.55919838e-01 4.70964015e-01 2.13527784e-01
  outer loop
   vertex 8.37845306e+01 1.63471222e+01 3.50266914e+01
   vertex 8.50487823e+01 1.10235748e+01 3.45635338e+01
   vertex 8.44979706e+01 1.65979919e+01 3.15900841e+01
  endloop
 endfacet
 facet normal 6.89045668e-01 7.00076818e-01 1.87372759e-01
  outer loop
   vertex 8.44979706e+01 1.65979919e+01 3.15900841e+01
   vertex 8.50487823e+01 1.10235748e+01 3.45635338e+01
   vertex 8.57049103e+01 1.12232208e+01 3.16510830e+01
  endloop
 endfacet
 facet normal 5.67781150e-01 8.15673232e-01 1.10913478e-01
  outer loop
   vertex 2.95413818e+01 9.80255966e+01 1.95115433e+01
   vertex 2.92051315e+01 9.75430222e+01 2.43796329e+01
   vertex 3.50602646e+01 9.41254044e+01 1.95453434e+01
  endloop
 endfacet
 facet normal 5.76788902e-01 8.08209956e-01 1.18790641e-01
  outer loop
   vertex 3.50602646e+01 9.41254044e+01 1.95453434e+01
   vertex 2.92051315e+01 9.75430222e+01 2.43796329e+01
   vertex 3.47154236e+01 9.36677322e+01 2.44263420e+01
  endloop
 endfacet
 facet normal 5.72993398e-01 8.05336773e-01 1.52023882e-01
  outer loop
   vertex 3.44803238e+01 9.33708420e+01 2.71743145e+01
   vertex 2.89793549e+01 9.72374496e+01 2.71371422e+01
   vertex 3.41153564e+01 9.29321213e+01 3.08429508e+01
  endloop
 endfacet
 facet normal 5.62126696e-01 8.11659575e-01 1.58815324e-01
  outer loop
   vertex 3.41153564e+01 9.29321213e+01 3.08429508e+01
   vertex 2.89793549e+01 9.72374496e+01 2.71371422e+01
   vertex 2.86245575e+01 9.67816544e+01 3.07880592e+01
  endloop
 endfacet
 facet normal 5.46561360e-01 7.72944391e-01 3.22222978e-01
  outer loop
   vertex 3.11634598e+01 8.96641922e+01 4.92498131e+01
   vertex 2.58047180e+01 9.34104691e+01 4.92038536e+01
   vertex 3.06315536e+01 8.91079941e+01 5.14636688e+01
  endloop
 endfacet
 facet normal 5.34750998e-01 7.77073681e-01 3.31960618e-01
  outer loop
   vertex 3.06315536e+01 8.91079941e+01 5.14636688e+01
   vertex 2.58047180e+01 9.34104691e+01 4.92038536e+01
   vertex 2.52920990e+01 9.28379440e+01 5.14394646e+01
  endloop
 endfacet
 facet normal 4.31675941e-01 5.46270788e-01 7.17805088e-01
  outer loop
   vertex 2.16760330e+01 8.00712357e+01 7.27756958e+01
   vertex 1.68722839e+01 8.35078354e+01 7.29993134e+01
   vertex 2.00196152e+01 7.83460464e+01 7.50026093e+01
  endloop
 endfacet
 facet normal 4.13765520e-01 5.37798047e-01 7.34555185e-01
  outer loop
   vertex 2.00196152e+01 7.83460464e+01 7.50026093e+01
   vertex 1.68722839e+01 8.35078354e+01 7.29993134e+01
   vertex 1.52883224e+01 8.17168961e+01 7.52759857e+01
  endloop
 endfacet
 facet normal 4.00274813e-01 4.89792854e-01 7.74521172e-01
  outer loop
   vertex 2.00196152e+01 7.83460464e+01 7.50026093e+01
   vertex 1.52883224e+01 8.17168961e+01 7.52759857e+01
   vertex 1.83210907e+01 7.65577774e+01 7.69432831e+01
  endloop
 endfacet
 facet normal 3.80869776e-01 4.78383690e-01 7.91256785e-01
  outer loop
   vertex 1.83210907e+01 7.65577774e+01 7.69432831e+01
   vertex 1.52883224e+01 8.17168961e+01 7.52759857e+01
   vertex 1.36721497e+01 7.98647079e+01 7.72380219e+01
  endloop
 endfacet
 facet normal 3.63743007e-01 4.27145362e-01 8.27790976e-01
  outer loop
   vertex 1.83210907e+01 7.65577774e+01 7.69432831e+01
   vertex 1.36721497e+01 7.98647079e+01 7.72380219e+01
   vertex 1.65781250e+01 7.46880264e+01 7.85998230e+01
  endloop
 endfacet
 facet normal 3.42403114e-01 4.14241731e-01 8.43305349e-01
  outer loop
   vertex 1.65781250e+01 7.46880264e+01 7.85998230e+01
   vertex 1.36721497e+01 7.98647079e+01 7.72380219e+01
   vertex 1.20195847e+01 7.79209518e+01 7.89219360e+01
  endloop
 endfacet
 facet normal 5.33875942e-01 7.44079828e-01 4.01648700e-01
  outer loop
   vertex 2.93101425e+01 8.77512741e+01 5.62041893e+01
   vertex 2.40320206e+01 9.14599380e+01 5.62144203e+01
   vertex 2.84922638e+01 8.69432144e+01 5.86863060e+01
  endloop
 endfacet
 facet normal 5.22765160e-01 7.45611966e-01 4.13254559e-01
  outer loop
   vertex 2.84922638e+01 8.69432144e+01 5.86863060e+01
   vertex 2.40320206e+01 9.14599380e+01 5.62144203e+01
   vertex 2.32775345e+01 9.06329269e+01 5.86939659e+01
  endloop
 endfacet
 facet normal 5.40434361e-01 7.60864198e-01 3.59188497e-01
  outer loop
   vertex 3.06315536e+01 8.91079941e+01 5.14636688e+01
   vertex 2.52920990e+01 9.28379440e+01 5.14394646e+01
   vertex 2.93101425e+01 8.77512741e+01 5.62041893e+01
  endloop
 endfacet
 facet normal 5.29415131e-01 7.62556314e-01 3.71789575e-01
  outer loop
   vertex 2.93101425e+01 8.77512741e+01 5.62041893e+01
   vertex 2.52920990e+01 9.28379440e+01 5.14394646e+01
   vertex 2.40320206e+01 9.14599380e+01 5.62144203e+01
  endloop
 endfacet
 facet normal 8.69491577e-01 4.90443617e-01 5.87319471e-02
  outer loop
   vertex 8.72028809e+01 1.75102997e+01 1.16508665e+01
   vertex 8.85203400e+01 1.20798950e+01 1.11608782e+01
   vertex 8.75062714e+01 1.76053009e+01 5.83179331e+00
  endloop
 endfacet
 facet normal 6.98530257e-01 7.14319170e-01 4.24683951e-02
  outer loop
   vertex 8.75062714e+01 1.76053009e+01 5.83179331e+00
   vertex 8.85203400e+01 1.20798950e+01 1.11608782e+01
   vertex 8.88069763e+01 1.21671066e+01 6.11686420e+00
  endloop
 endfacet
 facet normal 6.98775351e-01 7.11708844e-01 7.19968826e-02
  outer loop
   vertex 8.85203400e+01 1.20798950e+01 1.11608782e+01
   vertex 8.72028809e+01 1.75102997e+01 1.16508665e+01
   vertex 8.80744019e+01 1.19442062e+01 1.62839203e+01
  endloop
 endfacet
 facet normal 8.66325557e-01 4.91648585e-01 8.81006792e-02
  outer loop
   vertex 8.80744019e+01 1.19442062e+01 1.62839203e+01
   vertex 8.72028809e+01 1.75102997e+01 1.16508665e+01
   vertex 8.62012177e+01 1.98738556e+01 1.58461733e+01
  endloop
 endfacet
 facet normal 5.56214035e-01 7.87728190e-01 2.64783323e-01
  outer loop
   vertex 3.23511963e+01 9.09221268e+01 4.34532700e+01
   vertex 2.69262466e+01 9.47054214e+01 4.34007912e+01
   vertex 3.17985535e+01 9.03251572e+01 4.63170891e+01
  endloop
 endfacet
 facet normal 5.44736385e-01 7.92776525e-01 2.73436695e-01
  outer loop
   vertex 3.17985535e+01 9.03251572e+01 4.63170891e+01
   vertex 2.69262466e+01 9.47054214e+01 4.34007912e+01
   vertex 2.64084702e+01 9.40987320e+01 4.62750206e+01
  endloop
 endfacet
 facet normal 2.44231686e-01 2.34643549e-01 9.40900266e-01
  outer loop
   vertex 1.32663193e+01 7.10539322e+01 8.09825592e+01
   vertex 8.79779053e+00 7.40958939e+01 8.13712769e+01
   vertex 1.13504944e+01 6.89207535e+01 8.19384308e+01
  endloop
 endfacet
 facet normal 2.26284355e-01 2.20705777e-01 9.48727727e-01
  outer loop
   vertex 1.13504944e+01 6.89207535e+01 8.19384308e+01
   vertex 8.79779053e+00 7.40958939e+01 8.13712769e+01
   vertex 6.93783569e+00 7.18909225e+01 8.23408813e+01
  endloop
 endfacet
 facet normal 4.82178241e-01 6.40188217e-01 5.98049462e-01
  outer loop
   vertex 2.48776474e+01 8.33449783e+01 6.73213196e+01
   vertex 1.99080963e+01 8.68939438e+01 6.74527740e+01
   vertex 2.32946854e+01 8.17409897e+01 7.02173920e+01
  endloop
 endfacet
 facet normal 4.65710074e-01 6.35740578e-01 6.15587592e-01
  outer loop
   vertex 2.32946854e+01 8.17409897e+01 7.02173920e+01
   vertex 1.99080963e+01 8.68939438e+01 6.74527740e+01
   vertex 1.84138412e+01 8.52335587e+01 7.04028931e+01
  endloop
 endfacet
 facet normal 5.73288023e-01 8.17715108e-01 5.17962351e-02
  outer loop
   vertex 3.00263596e+01 9.89669418e+01 5.61323595e+00
   vertex 2.99080811e+01 9.86513443e+01 1.12645550e+01
   vertex 3.55402451e+01 9.50390091e+01 5.62892485e+00
  endloop
 endfacet
 facet normal 5.82960904e-01 8.10198665e-01 6.11122064e-02
  outer loop
   vertex 3.55402451e+01 9.50390091e+01 5.62892485e+00
   vertex 2.99080811e+01 9.86513443e+01 1.12645550e+01
   vertex 3.54313583e+01 9.47304459e+01 1.12891798e+01
  endloop
 endfacet
 facet normal 5.80019116e-01 8.09418976e-01 9.17535573e-02
  outer loop
   vertex 3.50602646e+01 9.41254044e+01 1.95453434e+01
   vertex 3.54313583e+01 9.47304459e+01 1.12891798e+01
   vertex 2.95413818e+01 9.80255966e+01 1.95115433e+01
  endloop
 endfacet
 facet normal 5.71027637e-01 8.16816390e-01 8.20875168e-02
  outer loop
   vertex 2.95413818e+01 9.80255966e+01 1.95115433e+01
   vertex 3.54313583e+01 9.47304459e+01 1.12891798e+01
   vertex 2.99080811e+01 9.86513443e+01 1.12645550e+01
  endloop
 endfacet
 facet normal 5.63989222e-01 7.97239721e-01 2.15232402e-01
  outer loop
   vertex 3.33041077e+01 9.19833298e+01 3.74279861e+01
   vertex 2.78447418e+01 9.58103256e+01 3.73747368e+01
   vertex 3.28397293e+01 9.14576492e+01 4.05555725e+01
  endloop
 endfacet
 facet normal 5.52771926e-01 8.02902877e-01 2.23137081e-01
  outer loop
   vertex 3.28397293e+01 9.14576492e+01 4.05555725e+01
   vertex 2.78447418e+01 9.58103256e+01 3.73747368e+01
   vertex 2.73975143e+01 9.52605209e+01 4.04932594e+01
  endloop
 endfacet
 facet normal 6.11267567e-01 6.67717993e-01 4.24858361e-01
  outer loop
   vertex 7.91319885e+01 9.22322845e+00 5.21866646e+01
   vertex 8.02224731e+01 9.55503845e+00 5.00425911e+01
   vertex 7.82367401e+01 1.43198700e+01 5.20411530e+01
  endloop
 endfacet
 facet normal 7.82350361e-01 4.34799820e-01 4.45956320e-01
  outer loop
   vertex 7.82367401e+01 1.43198700e+01 5.20411530e+01
   vertex 8.02224731e+01 9.55503845e+00 5.00425911e+01
   vertex 7.92543640e+01 1.46622772e+01 4.99382744e+01
  endloop
 endfacet
 facet normal 6.31117582e-01 6.74662113e-01 3.82781357e-01
  outer loop
   vertex 8.02224731e+01 9.55503845e+00 5.00425911e+01
   vertex 8.02378082e+01 9.55970001e+00 5.00093346e+01
   vertex 7.92543640e+01 1.46622772e+01 4.99382744e+01
  endloop
 endfacet
 facet normal 6.44701064e-01 6.82870388e-01 3.43581945e-01
  outer loop
   vertex 8.16493683e+01 9.98921204e+00 4.67111244e+01
   vertex 8.04270630e+01 1.50831375e+01 4.71074104e+01
   vertex 8.02378082e+01 9.55970001e+00 5.00093346e+01
  endloop
 endfacet
 facet normal 8.02222133e-01 4.44933683e-01 3.98087531e-01
  outer loop
   vertex 8.04270630e+01 1.50831375e+01 4.71074104e+01
   vertex 7.92543640e+01 1.46622772e+01 4.99382744e+01
   vertex 8.02378082e+01 9.55970001e+00 5.00093346e+01
  endloop
 endfacet
 facet normal 5.38048804e-01 6.45319164e-01 5.42279184e-01
  outer loop
   vertex 7.49990082e+01 7.96565247e+00 5.85191841e+01
   vertex 7.70332947e+01 8.58464050e+00 5.57281418e+01
   vertex 7.41864853e+01 1.28811722e+01 5.84957085e+01
  endloop
 endfacet
 facet normal 7.06772804e-01 4.07123506e-01 5.78552186e-01
  outer loop
   vertex 7.41864853e+01 1.28811722e+01 5.84957085e+01
   vertex 7.70332947e+01 8.58464050e+00 5.57281418e+01
   vertex 7.57366104e+01 1.34431305e+01 5.63145790e+01
  endloop
 endfacet
 facet normal 3.24003756e-01 3.63179624e-01 8.73568654e-01
  outer loop
   vertex 1.65781250e+01 7.46880264e+01 7.85998230e+01
   vertex 1.20195847e+01 7.79209518e+01 7.89219360e+01
   vertex 1.49443359e+01 7.29092331e+01 7.98958435e+01
  endloop
 endfacet
 facet normal 3.01315278e-01 3.50764304e-01 8.86664271e-01
  outer loop
   vertex 1.49443359e+01 7.29092331e+01 7.98958435e+01
   vertex 1.20195847e+01 7.79209518e+01 7.89219360e+01
   vertex 1.04693222e+01 7.60644913e+01 8.02365570e+01
  endloop
 endfacet
 facet normal 5.26177943e-01 7.27571070e-01 4.40201223e-01
  outer loop
   vertex 2.84922638e+01 8.69432144e+01 5.86863060e+01
   vertex 2.32775345e+01 9.06329269e+01 5.86939659e+01
   vertex 2.79149857e+01 8.63723221e+01 6.02998505e+01
  endloop
 endfacet
 facet normal 5.14673889e-01 7.29716599e-01 4.50138271e-01
  outer loop
   vertex 2.79149857e+01 8.63723221e+01 6.02998505e+01
   vertex 2.32775345e+01 9.06329269e+01 5.86939659e+01
   vertex 2.27365646e+01 9.00388565e+01 6.03383560e+01
  endloop
 endfacet
 facet normal 2.82350421e-01 2.99408317e-01 9.11390662e-01
  outer loop
   vertex 1.49443359e+01 7.29092331e+01 7.98958435e+01
   vertex 1.04693222e+01 7.60644913e+01 8.02365570e+01
   vertex 1.32663193e+01 7.10539322e+01 8.09825592e+01
  endloop
 endfacet
 facet normal 2.62825459e-01 2.88318932e-01 9.20757830e-01
  outer loop
   vertex 1.32663193e+01 7.10539322e+01 8.09825592e+01
   vertex 1.04693222e+01 7.60644913e+01 8.02365570e+01
   vertex 8.79779053e+00 7.40958939e+01 8.13712769e+01
  endloop
 endfacet
 facet normal 1.94041699e-01 5.19732296e-01 8.32001328e-01
  outer loop
   vertex 5.28658447e+01 1.23101807e+00 7.44591827e+01
   vertex 5.67092514e+01 2.40048218e+00 7.27919006e+01
   vertex 5.25825348e+01 5.71061707e+00 7.46519470e+01
  endloop
 endfacet
 facet normal 3.29023272e-01 2.62016058e-01 9.07243788e-01
  outer loop
   vertex 5.25825348e+01 5.71061707e+00 7.46519470e+01
   vertex 5.67092514e+01 2.40048218e+00 7.27919006e+01
   vertex 5.54952698e+01 6.69551849e+00 7.33720398e+01
  endloop
 endfacet
 facet normal 6.91271007e-01 7.02173710e-01 1.70577005e-01
  outer loop
   vertex 8.64663086e+01 1.14549026e+01 2.75480309e+01
   vertex 8.52131805e+01 1.68358231e+01 2.78346996e+01
   vertex 8.57049103e+01 1.12232208e+01 3.16510830e+01
  endloop
 endfacet
 facet normal 8.57585490e-01 4.75949645e-01 1.94984704e-01
  outer loop
   vertex 8.57049103e+01 1.12232208e+01 3.16510830e+01
   vertex 8.52131805e+01 1.68358231e+01 2.78346996e+01
   vertex 8.44979706e+01 1.65979919e+01 3.15900841e+01
  endloop
 endfacet
 facet normal 5.03314257e-01 7.07307816e-01 4.96377319e-01
  outer loop
   vertex 2.13461304e+01 8.84952621e+01 6.41264114e+01
   vertex 2.64204407e+01 8.48803482e+01 6.40463638e+01
   vertex 2.27365646e+01 9.00388565e+01 6.03383560e+01
  endloop
 endfacet
 facet normal 5.16749978e-01 7.08342373e-01 4.80853945e-01
  outer loop
   vertex 2.27365646e+01 9.00388565e+01 6.03383560e+01
   vertex 2.64204407e+01 8.48803482e+01 6.40463638e+01
   vertex 2.79149857e+01 8.63723221e+01 6.02998505e+01
  endloop
 endfacet
 facet normal 5.01987815e-01 6.78273201e-01 5.36613166e-01
  outer loop
   vertex 2.64204407e+01 8.48803482e+01 6.40463638e+01
   vertex 2.13461304e+01 8.84952621e+01 6.41264114e+01
   vertex 2.48776474e+01 8.33449783e+01 6.73213196e+01
  endloop
 endfacet
 facet normal 4.86399829e-01 6.74936891e-01 5.54865241e-01
  outer loop
   vertex 2.48776474e+01 8.33449783e+01 6.73213196e+01
   vertex 2.13461304e+01 8.84952621e+01 6.41264114e+01
   vertex 1.99080963e+01 8.68939438e+01 6.74527740e+01
  endloop
 endfacet
 facet normal 4.41579670e-01 5.90125024e-01 6.75840080e-01
  outer loop
   vertex 1.68722839e+01 8.35078354e+01 7.29993134e+01
   vertex 2.16760330e+01 8.00712357e+01 7.27756958e+01
   vertex 1.84138412e+01 8.52335587e+01 7.04028931e+01
  endloop
 endfacet
 facet normal 4.59049940e-01 5.96613884e-01 6.58274233e-01
  outer loop
   vertex 1.84138412e+01 8.52335587e+01 7.04028931e+01
   vertex 2.16760330e+01 8.00712357e+01 7.27756958e+01
   vertex 2.32946854e+01 8.17409897e+01 7.02173920e+01
  endloop
 endfacet
 facet normal 7.14177489e-01 6.22382760e-01 3.20296973e-01
  outer loop
   vertex 2.58047180e+01 9.34104691e+01 4.92038536e+01
   vertex 2.00197067e+01 9.71050491e+01 4.92039986e+01
   vertex 2.52920990e+01 9.28379440e+01 5.14394646e+01
  endloop
 endfacet
 facet normal 8.66201162e-01 3.99000823e-01 3.00822020e-01
  outer loop
   vertex 2.52920990e+01 9.28379440e+01 5.14394646e+01
   vertex 2.00197067e+01 9.71050491e+01 4.92039986e+01
   vertex 1.94975586e+01 9.65201492e+01 5.14583740e+01
  endloop
 endfacet
 facet normal 5.36073744e-01 2.76820838e-01 7.97493041e-01
  outer loop
   vertex 1.36721497e+01 7.98647079e+01 7.72380219e+01
   vertex 8.96202087e+00 8.32910995e+01 7.72584991e+01
   vertex 1.20195847e+01 7.79209518e+01 7.89219360e+01
  endloop
 endfacet
 facet normal 6.83773577e-01 5.62927090e-02 7.27519631e-01
  outer loop
   vertex 1.20195847e+01 7.79209518e+01 7.89219360e+01
   vertex 8.96202087e+00 8.32910995e+01 7.72584991e+01
   vertex 7.41946411e+00 8.13129196e+01 7.89313202e+01
  endloop
 endfacet
 facet normal 6.68760955e-01 5.24805367e-01 5.26629031e-01
  outer loop
   vertex 2.13461304e+01 8.84952621e+01 6.41264114e+01
   vertex 1.59353790e+01 9.20980606e+01 6.41410522e+01
   vertex 1.99080963e+01 8.68939438e+01 6.74527740e+01
  endloop
 endfacet
 facet normal 8.15380692e-01 2.95086414e-01 4.98074591e-01
  outer loop
   vertex 1.99080963e+01 8.68939438e+01 6.74527740e+01
   vertex 1.59353790e+01 9.20980606e+01 6.41410522e+01
   vertex 1.44547806e+01 9.04563217e+01 6.74712982e+01
  endloop
 endfacet
 facet normal 6.27147377e-01 4.46329206e-01 6.38338745e-01
  outer loop
   vertex 1.84138412e+01 8.52335587e+01 7.04028931e+01
   vertex 1.31505966e+01 8.87587051e+01 7.04280090e+01
   vertex 1.68722839e+01 8.35078354e+01 7.29993134e+01
  endloop
 endfacet
 facet normal 7.76449978e-01 2.20088720e-01 5.90496778e-01
  outer loop
   vertex 1.68722839e+01 8.35078354e+01 7.29993134e+01
   vertex 1.31505966e+01 8.87587051e+01 7.04280090e+01
   vertex 1.16987915e+01 8.69975967e+01 7.30243378e+01
  endloop
 endfacet
 facet normal 6.49343729e-01 4.87443209e-01 5.83739519e-01
  outer loop
   vertex 1.99080963e+01 8.68939438e+01 6.74527740e+01
   vertex 1.44547806e+01 9.04563217e+01 6.74712982e+01
   vertex 1.84138412e+01 8.52335587e+01 7.04028931e+01
  endloop
 endfacet
 facet normal 7.96937644e-01 2.60781944e-01 5.44869840e-01
  outer loop
   vertex 1.84138412e+01 8.52335587e+01 7.04028931e+01
   vertex 1.44547806e+01 9.04563217e+01 6.74712982e+01
   vertex 1.31505966e+01 8.87587051e+01 7.04280090e+01
  endloop
 endfacet
 facet normal 7.05059469e-01 5.91091931e-01 3.91792685e-01
  outer loop
   vertex 2.40320206e+01 9.14599380e+01 5.62144203e+01
   vertex 1.85108795e+01 9.51255417e+01 5.62346840e+01
   vertex 2.32775345e+01 9.06329269e+01 5.86939659e+01
  endloop
 endfacet
 facet normal 8.51855040e-01 3.62977803e-01 3.77611071e-01
  outer loop
   vertex 2.32775345e+01 9.06329269e+01 5.86939659e+01
   vertex 1.85108795e+01 9.51255417e+01 5.62346840e+01
   vertex 1.77601700e+01 9.42881393e+01 5.86946983e+01
  endloop
 endfacet
 facet normal 7.24618256e-01 6.36995852e-01 2.62991786e-01
  outer loop
   vertex 2.69262466e+01 9.47054214e+01 4.34007912e+01
   vertex 2.11361084e+01 9.84253159e+01 4.34020615e+01
   vertex 2.64084702e+01 9.40987320e+01 4.62750206e+01
  endloop
 endfacet
 facet normal 8.74381900e-01 4.14559394e-01 2.52184093e-01
  outer loop
   vertex 2.64084702e+01 9.40987320e+01 4.62750206e+01
   vertex 2.11361084e+01 9.84253159e+01 4.34020615e+01
   vertex 2.06213913e+01 9.78063583e+01 4.62762299e+01
  endloop
 endfacet
 facet normal 7.35728264e-01 6.49599731e-01 1.91635400e-01
  outer loop
   vertex 2.82541275e+01 9.63113022e+01 3.41363182e+01
   vertex 2.24627914e+01 1.00059792e+02 3.41352348e+01
   vertex 2.78447418e+01 9.58103256e+01 3.73747368e+01
  endloop
 endfacet
 facet normal 8.85452092e-01 4.27064508e-01 1.83277130e-01
  outer loop
   vertex 2.78447418e+01 9.58103256e+01 3.73747368e+01
   vertex 2.24627914e+01 1.00059792e+02 3.41352348e+01
   vertex 2.20543289e+01 9.95503159e+01 3.73722191e+01
  endloop
 endfacet
 facet normal 7.12016404e-01 6.09310985e-01 3.48959506e-01
  outer loop
   vertex 2.52920990e+01 9.28379440e+01 5.14394646e+01
   vertex 1.94975586e+01 9.65201492e+01 5.14583740e+01
   vertex 2.40320206e+01 9.14599380e+01 5.62144203e+01
  endloop
 endfacet
 facet normal 8.62541139e-01 3.83045912e-01 3.30603421e-01
  outer loop
   vertex 2.40320206e+01 9.14599380e+01 5.62144203e+01
   vertex 1.94975586e+01 9.65201492e+01 5.14583740e+01
   vertex 1.85108795e+01 9.51255417e+01 5.62346840e+01
  endloop
 endfacet
 facet normal 7.03614473e-01 6.78899586e-02 7.07331300e-01
  outer loop
   vertex 4.15676880e+00 7.73640823e+01 8.14002991e+01
   vertex 3.68279266e+00 7.53387985e+01 8.23714752e+01
   vertex 8.79779053e+00 7.40958939e+01 8.13712769e+01
  endloop
 endfacet
 facet normal 4.87408668e-01 1.95499033e-01 8.51006985e-01
  outer loop
   vertex 8.79779053e+00 7.40958939e+01 8.13712769e+01
   vertex 3.68279266e+00 7.53387985e+01 8.23714752e+01
   vertex 6.93783569e+00 7.18909225e+01 8.23408813e+01
  endloop
 endfacet
 facet normal 4.51252460e-01 1.48916692e-01 8.79883528e-01
  outer loop
   vertex 1.04693222e+01 7.60644913e+01 8.02365570e+01
   vertex 5.83819580e+00 7.94105759e+01 8.02424011e+01
   vertex 8.79779053e+00 7.40958939e+01 8.13712769e+01
  endloop
 endfacet
 facet normal 6.44199073e-01 -2.39662193e-02 7.64482260e-01
  outer loop
   vertex 8.79779053e+00 7.40958939e+01 8.13712769e+01
   vertex 5.83819580e+00 7.94105759e+01 8.02424011e+01
   vertex 4.15676880e+00 7.73640823e+01 8.14002991e+01
  endloop
 endfacet
 facet normal 7.19559908e-01 6.30550861e-01 2.90928096e-01
  outer loop
   vertex 2.64084702e+01 9.40987320e+01 4.62750206e+01
   vertex 2.06213913e+01 9.78063583e+01 4.62762299e+01
   vertex 2.58047180e+01 9.34104691e+01 4.92038536e+01
  endloop
 endfacet
 facet normal 8.69074285e-01 4.08371329e-01 2.79182255e-01
  outer loop
   vertex 2.58047180e+01 9.34104691e+01 4.92038536e+01
   vertex 2.06213913e+01 9.78063583e+01 4.62762299e+01
   vertex 2.00197067e+01 9.71050491e+01 4.92039986e+01
  endloop
 endfacet
 facet normal 5.74781120e-01 3.41875821e-01 7.43469954e-01
  outer loop
   vertex 1.52883224e+01 8.17168961e+01 7.52759857e+01
   vertex 1.03418121e+01 8.51714401e+01 7.53044891e+01
   vertex 1.36721497e+01 7.98647079e+01 7.72380219e+01
  endloop
 endfacet
 facet normal 7.25827992e-01 1.20447539e-01 6.77248955e-01
  outer loop
   vertex 1.36721497e+01 7.98647079e+01 7.72380219e+01
   vertex 1.03418121e+01 8.51714401e+01 7.53044891e+01
   vertex 8.96202087e+00 8.32910995e+01 7.72584991e+01
  endloop
 endfacet
 facet normal 6.85064852e-01 5.53339243e-01 4.73816216e-01
  outer loop
   vertex 2.27365646e+01 9.00388565e+01 6.03383560e+01
   vertex 1.71763000e+01 9.36738205e+01 6.03486595e+01
   vertex 2.13461304e+01 8.84952621e+01 6.41264114e+01
  endloop
 endfacet
 facet normal 8.31904590e-01 3.24954003e-01 4.49821740e-01
  outer loop
   vertex 2.13461304e+01 8.84952621e+01 6.41264114e+01
   vertex 1.71763000e+01 9.36738205e+01 6.03486595e+01
   vertex 1.59353790e+01 9.20980606e+01 6.41410522e+01
  endloop
 endfacet
 facet normal 7.28567183e-01 6.42284036e-01 2.38035843e-01
  outer loop
   vertex 2.73975143e+01 9.52605209e+01 4.04932594e+01
   vertex 2.16069412e+01 9.89914627e+01 4.04897385e+01
   vertex 2.69262466e+01 9.47054214e+01 4.34007912e+01
  endloop
 endfacet
 facet normal 8.78523886e-01 4.20098543e-01 2.27404878e-01
  outer loop
   vertex 2.69262466e+01 9.47054214e+01 4.34007912e+01
   vertex 2.16069412e+01 9.89914627e+01 4.04897385e+01
   vertex 2.11361084e+01 9.84253159e+01 4.34020615e+01
  endloop
 endfacet
 facet normal 7.32677162e-01 6.45910203e-01 2.14439288e-01
  outer loop
   vertex 2.78447418e+01 9.58103256e+01 3.73747368e+01
   vertex 2.20543289e+01 9.95503159e+01 3.73722191e+01
   vertex 2.73975143e+01 9.52605209e+01 4.04932594e+01
  endloop
 endfacet
 facet normal 8.82191837e-01 4.23853129e-01 2.05148920e-01
  outer loop
   vertex 2.73975143e+01 9.52605209e+01 4.04932594e+01
   vertex 2.20543289e+01 9.95503159e+01 3.73722191e+01
   vertex 2.16069412e+01 9.89914627e+01 4.04897385e+01
  endloop
 endfacet
 facet normal 6.02556705e-01 3.95830095e-01 6.92996383e-01
  outer loop
   vertex 1.68722839e+01 8.35078354e+01 7.29993134e+01
   vertex 1.16987915e+01 8.69975967e+01 7.30243378e+01
   vertex 1.52883224e+01 8.17168961e+01 7.52759857e+01
  endloop
 endfacet
 facet normal 7.54956603e-01 1.74340054e-01 6.32175624e-01
  outer loop
   vertex 1.52883224e+01 8.17168961e+01 7.52759857e+01
   vertex 1.16987915e+01 8.69975967e+01 7.30243378e+01
   vertex 1.03418121e+01 8.51714401e+01 7.53044891e+01
  endloop
 endfacet
 facet normal 6.93542957e-01 5.71654141e-01 4.38417286e-01
  outer loop
   vertex 2.32775345e+01 9.06329269e+01 5.86939659e+01
   vertex 1.77601700e+01 9.42881393e+01 5.86946983e+01
   vertex 2.27365646e+01 9.00388565e+01 6.03383560e+01
  endloop
 endfacet
 facet normal 8.42251837e-01 3.45321685e-01 4.13962245e-01
  outer loop
   vertex 2.27365646e+01 9.00388565e+01 6.03383560e+01
   vertex 1.77601700e+01 9.42881393e+01 5.86946983e+01
   vertex 1.71763000e+01 9.36738205e+01 6.03486595e+01
  endloop
 endfacet
 facet normal 4.89782929e-01 2.09445328e-01 8.46312761e-01
  outer loop
   vertex 1.20195847e+01 7.79209518e+01 7.89219360e+01
   vertex 7.41946411e+00 8.13129196e+01 7.89313202e+01
   vertex 1.04693222e+01 7.60644913e+01 8.02365570e+01
  endloop
 endfacet
 facet normal 6.39928937e-01 -4.84987535e-03 7.68418789e-01
  outer loop
   vertex 1.04693222e+01 7.60644913e+01 8.02365570e+01
   vertex 7.41946411e+00 8.13129196e+01 7.89313202e+01
   vertex 5.83819580e+00 7.94105759e+01 8.02424011e+01
  endloop
 endfacet
 facet normal 6.89049065e-01 1.92813441e-01 6.98594570e-01
  outer loop
   vertex 3.68279266e+00 7.53387985e+01 8.23714752e+01
   vertex 3.93521118e+00 7.28161087e+01 8.26592712e+01
   vertex 6.93783569e+00 7.18909225e+01 8.23408813e+01
  endloop
 endfacet
 facet normal 6.05672717e-01 2.21698105e-01 7.64205813e-01
  outer loop
   vertex 6.93783569e+00 7.18909225e+01 8.23408813e+01
   vertex 3.93521118e+00 7.28161087e+01 8.26592712e+01
   vertex 5.30076599e+00 6.97666702e+01 8.30911255e+01
  endloop
 endfacet
 facet normal 2.38912791e-01 2.09015816e-01 9.48279023e-01
  outer loop
   vertex 1.13504944e+01 6.89207535e+01 8.19384308e+01
   vertex 6.93783569e+00 7.18909225e+01 8.23408813e+01
   vertex 9.23954773e+00 6.65781631e+01 8.26936951e+01
  endloop
 endfacet
 facet normal 4.10957932e-01 2.06362918e-01 8.87990952e-01
  outer loop
   vertex 9.23954773e+00 6.65781631e+01 8.26936951e+01
   vertex 6.93783569e+00 7.18909225e+01 8.23408813e+01
   vertex 5.30076599e+00 6.97666702e+01 8.30911255e+01
  endloop
 endfacet
 facet normal -9.43033636e-01 4.16121334e-02 -3.30084771e-01
  outer loop
   vertex 8.56108856e+01 1.63917389e+01 4.58403587e+01
   vertex 8.63736420e+01 1.14267044e+01 4.64234734e+01
   vertex 8.45600891e+01 1.59892120e+01 4.88474655e+01
  endloop
 endfacet
 facet normal -9.04238880e-01 2.98712105e-01 -3.05160880e-01
  outer loop
   vertex 8.45600891e+01 1.59892120e+01 4.88474655e+01
   vertex 8.63736420e+01 1.14267044e+01 4.64234734e+01
   vertex 8.56632080e+01 1.12105331e+01 4.84726257e+01
  endloop
 endfacet
 facet normal -9.94321585e-01 1.34168047e-04 -1.06417052e-01
  outer loop
   vertex 9.05991821e+01 2.10489197e+01 1.63019276e+01
   vertex 9.24203644e+01 1.32665863e+01 1.67434273e+01
   vertex 9.07910004e+01 1.83197250e+01 2.06418705e+01
  endloop
 endfacet
 facet normal -9.58097756e-01 2.68000424e-01 -1.01116382e-01
  outer loop
   vertex 9.07910004e+01 1.83197250e+01 2.06418705e+01
   vertex 9.24203644e+01 1.32665863e+01 1.67434273e+01
   vertex 9.21117249e+01 1.31726761e+01 1.96673088e+01
  endloop
 endfacet
 facet normal -9.51609731e-01 2.40428969e-01 1.91397175e-01
  outer loop
   vertex 9.31713867e+01 1.34951019e+01 6.28920555e+00
   vertex 9.19329224e+01 1.87489548e+01 5.99761534e+00
   vertex 9.32962036e+01 1.35330811e+01 0.00000000e+00
  endloop
 endfacet
 facet normal -8.86915505e-01 -1.07152266e-02 4.61807400e-01
  outer loop
   vertex 9.32962036e+01 1.35330811e+01 0.00000000e+00
   vertex 9.19329224e+01 1.87489548e+01 5.99761534e+00
   vertex 9.20237122e+01 1.87922516e+01 0.00000000e+00
  endloop
 endfacet
 facet normal -6.23150170e-01 4.06918198e-01 -6.67908251e-01
  outer loop
   vertex 6.66874008e+01 5.43661499e+00 7.21633759e+01
   vertex 6.69430008e+01 9.87563324e+00 7.18218231e+01
   vertex 7.01860733e+01 6.50118256e+00 6.95493622e+01
  endloop
 endfacet
 facet normal -6.44702196e-01 1.66559339e-01 -7.46067703e-01
  outer loop
   vertex 7.01860733e+01 6.50118256e+00 6.95493622e+01
   vertex 6.69430008e+01 9.87563324e+00 7.18218231e+01
   vertex 7.01308670e+01 1.09505615e+01 6.92894897e+01
  endloop
 endfacet
 facet normal -9.50712860e-01 2.74936944e-01 -1.43369272e-01
  outer loop
   vertex 9.12337646e+01 1.29055328e+01 2.58315449e+01
   vertex 9.07521362e+01 1.27589874e+01 2.84055309e+01
   vertex 9.00708313e+01 1.80649490e+01 2.57731934e+01
  endloop
 endfacet
 facet normal -9.85395670e-01 1.50291333e-02 -1.69615880e-01
  outer loop
   vertex 9.00708313e+01 1.80649490e+01 2.57731934e+01
   vertex 9.07521362e+01 1.27589874e+01 2.84055309e+01
   vertex 8.95825500e+01 1.78893661e+01 2.86886997e+01
  endloop
 endfacet
 facet normal -3.69754434e-01 5.04350424e-01 -7.80328333e-01
  outer loop
   vertex 5.01920395e+01 4.17434692e-01 8.01935425e+01
   vertex 5.14002533e+01 4.67489624e+00 7.99769135e+01
   vertex 5.44080811e+01 1.70028687e+00 7.86940918e+01
  endloop
 endfacet
 facet normal -4.09754127e-01 2.48308524e-01 -8.77749622e-01
  outer loop
   vertex 5.44080811e+01 1.70028687e+00 7.86940918e+01
   vertex 5.14002533e+01 4.67489624e+00 7.99769135e+01
   vertex 5.43151245e+01 5.64479065e+00 7.88856812e+01
  endloop
 endfacet
 facet normal -5.25979280e-01 4.41347361e-01 -7.27020144e-01
  outer loop
   vertex 6.24533157e+01 4.14827728e+00 7.48372650e+01
   vertex 5.85136185e+01 2.94950867e+00 7.69114380e+01
   vertex 6.06165924e+01 7.76000977e+00 7.58786011e+01
  endloop
 endfacet
 facet normal -4.92406398e-01 2.23366201e-01 -8.41215491e-01
  outer loop
   vertex 6.06165924e+01 7.76000977e+00 7.58786011e+01
   vertex 5.85136185e+01 2.94950867e+00 7.69114380e+01
   vertex 5.74615784e+01 6.70229340e+00 7.75029297e+01
  endloop
 endfacet
 facet normal -5.75482905e-01 4.24816132e-01 -6.98820949e-01
  outer loop
   vertex 6.24533157e+01 4.14827728e+00 7.48372650e+01
   vertex 6.37632599e+01 8.80916595e+00 7.40043182e+01
   vertex 6.66874008e+01 5.43661499e+00 7.21633759e+01
  endloop
 endfacet
 facet normal -5.94938338e-01 1.87544584e-01 -7.81585217e-01
  outer loop
   vertex 6.66874008e+01 5.43661499e+00 7.21633759e+01
   vertex 6.37632599e+01 8.80916595e+00 7.40043182e+01
   vertex 6.69430008e+01 9.87563324e+00 7.18218231e+01
  endloop
 endfacet
 facet normal -7.46948719e-01 1.27112344e-01 -6.52617872e-01
  outer loop
   vertex 7.64483948e+01 1.30993042e+01 6.29169960e+01
   vertex 7.68535767e+01 8.52996063e+00 6.31501846e+01
   vertex 7.33186340e+01 1.20338135e+01 6.63489838e+01
  endloop
 endfacet
 facet normal -7.15221584e-01 3.73149574e-01 -5.90946257e-01
  outer loop
   vertex 7.33186340e+01 1.20338135e+01 6.63489838e+01
   vertex 7.68535767e+01 8.52996063e+00 6.31501846e+01
   vertex 7.36637268e+01 7.55935669e+00 6.64905853e+01
  endloop
 endfacet
 facet normal -6.70150876e-01 3.88196439e-01 -6.32614672e-01
  outer loop
   vertex 7.01860733e+01 6.50118256e+00 6.95493622e+01
   vertex 7.01308670e+01 1.09505615e+01 6.92894897e+01
   vertex 7.36637268e+01 7.55935669e+00 6.64905853e+01
  endloop
 endfacet
 facet normal -6.97098434e-01 1.45931423e-01 -7.01967120e-01
  outer loop
   vertex 7.36637268e+01 7.55935669e+00 6.64905853e+01
   vertex 7.01308670e+01 1.09505615e+01 6.92894897e+01
   vertex 7.33186340e+01 1.20338135e+01 6.63489838e+01
  endloop
 endfacet
 facet normal -9.77976382e-01 2.21774578e-02 -2.07534000e-01
  outer loop
   vertex 8.81258545e+01 1.73626480e+01 3.60524750e+01
   vertex 8.88540344e+01 1.76343536e+01 3.25288658e+01
   vertex 8.92973633e+01 1.23163223e+01 3.55943451e+01
  endloop
 endfacet
 facet normal -9.43115950e-01 2.80767113e-01 -1.78050831e-01
  outer loop
   vertex 8.92973633e+01 1.23163223e+01 3.55943451e+01
   vertex 8.88540344e+01 1.76343536e+01 3.25288658e+01
   vertex 8.99727478e+01 1.25218353e+01 3.25955353e+01
  endloop
 endfacet
 facet normal -5.67792416e-01 -8.15671325e-01 -1.10869706e-01
  outer loop
   vertex 3.20972595e+01 1.01790550e+02 1.99838638e+01
   vertex 3.77526627e+01 9.77951126e+01 2.00088081e+01
   vertex 3.17480240e+01 1.01300865e+02 2.49651890e+01
  endloop
 endfacet
 facet normal -5.76779842e-01 -8.08221817e-01 -1.18753895e-01
  outer loop
   vertex 3.17480240e+01 1.01300865e+02 2.49651890e+01
   vertex 3.77526627e+01 9.77951126e+01 2.00088081e+01
   vertex 3.73946075e+01 9.73304520e+01 2.50068455e+01
  endloop
 endfacet
 facet normal -5.62133849e-01 -8.11653018e-01 -1.58823505e-01
  outer loop
   vertex 3.11457367e+01 1.00523293e+02 3.15459366e+01
   vertex 3.15121155e+01 1.00988289e+02 2.78057194e+01
   vertex 3.67752380e+01 9.65774765e+01 3.15959377e+01
  endloop
 endfacet
 facet normal -5.72971880e-01 -8.05349588e-01 -1.52037039e-01
  outer loop
   vertex 3.67752380e+01 9.65774765e+01 3.15959377e+01
   vertex 3.15121155e+01 1.00988289e+02 2.78057194e+01
   vertex 3.71502457e+01 9.70260086e+01 2.78390713e+01
  endloop
 endfacet
 facet normal -5.46516597e-01 -7.72946417e-01 -3.22294056e-01
  outer loop
   vertex 3.37216034e+01 9.31805191e+01 5.06717491e+01
   vertex 3.31577682e+01 9.25786667e+01 5.30458221e+01
   vertex 2.82188873e+01 9.70287247e+01 5.06218109e+01
  endloop
 endfacet
 facet normal -5.34727573e-01 -7.77039111e-01 -3.32079291e-01
  outer loop
   vertex 2.82188873e+01 9.70287247e+01 5.06218109e+01
   vertex 3.31577682e+01 9.25786667e+01 5.30458221e+01
   vertex 2.76886902e+01 9.64107132e+01 5.29958038e+01
  endloop
 endfacet
 facet normal -4.31531668e-01 -5.46459794e-01 -7.17747986e-01
  outer loop
   vertex 2.37345200e+01 8.26079788e+01 7.59785309e+01
   vertex 2.19378204e+01 8.06338272e+01 7.84691925e+01
   vertex 1.88118362e+01 8.61751785e+01 7.61701050e+01
  endloop
 endfacet
 facet normal -4.13496822e-01 -5.37865877e-01 -7.34656870e-01
  outer loop
   vertex 1.88118362e+01 8.61751785e+01 7.61701050e+01
   vertex 2.19378204e+01 8.06338272e+01 7.84691925e+01
   vertex 1.70996475e+01 8.41359634e+01 7.87108154e+01
  endloop
 endfacet
 facet normal -4.00080025e-01 -4.89896774e-01 -7.74556100e-01
  outer loop
   vertex 2.19378204e+01 8.06338272e+01 7.84691925e+01
   vertex 2.00761566e+01 7.85667953e+01 8.06600342e+01
   vertex 1.70996475e+01 8.41359634e+01 7.87108154e+01
  endloop
 endfacet
 facet normal -3.80560100e-01 -4.78447735e-01 -7.91367054e-01
  outer loop
   vertex 1.70996475e+01 8.41359634e+01 7.87108154e+01
   vertex 2.00761566e+01 7.85667953e+01 8.06600342e+01
   vertex 1.53226547e+01 8.19953995e+01 8.09348450e+01
  endloop
 endfacet
 facet normal -3.63634676e-01 -4.27345693e-01 -8.27735126e-01
  outer loop
   vertex 2.00761566e+01 7.85667953e+01 8.06600342e+01
   vertex 1.81578979e+01 7.64070816e+01 8.25342407e+01
   vertex 1.53226547e+01 8.19953995e+01 8.09348450e+01
  endloop
 endfacet
 facet normal -3.42222333e-01 -4.14513111e-01 -8.43245387e-01
  outer loop
   vertex 1.53226547e+01 8.19953995e+01 8.09348450e+01
   vertex 1.81578979e+01 7.64070816e+01 8.25342407e+01
   vertex 1.34808578e+01 7.97537766e+01 8.28507996e+01
  endloop
 endfacet
 facet normal -5.33878267e-01 -7.44137108e-01 -4.01539475e-01
  outer loop
   vertex 3.18010712e+01 9.11458206e+01 5.79938736e+01
   vertex 3.09507370e+01 9.02636948e+01 6.06512260e+01
   vertex 2.64073181e+01 9.49542923e+01 5.79688492e+01
  endloop
 endfacet
 facet normal -5.22763610e-01 -7.45670021e-01 -4.13151801e-01
  outer loop
   vertex 2.64073181e+01 9.49542923e+01 5.79688492e+01
   vertex 3.09507370e+01 9.02636948e+01 6.06512260e+01
   vertex 2.56158218e+01 9.40483170e+01 6.06428719e+01
  endloop
 endfacet
 facet normal -5.29398799e-01 -7.62571931e-01 -3.71780783e-01
  outer loop
   vertex 2.64073181e+01 9.49542923e+01 5.79688492e+01
   vertex 2.76886902e+01 9.64107132e+01 5.29958038e+01
   vertex 3.18010712e+01 9.11458206e+01 5.79938736e+01
  endloop
 endfacet
 facet normal -5.40410399e-01 -7.60861278e-01 -3.59230787e-01
  outer loop
   vertex 3.18010712e+01 9.11458206e+01 5.79938736e+01
   vertex 2.76886902e+01 9.64107132e+01 5.29958038e+01
   vertex 3.31577682e+01 9.25786667e+01 5.30458221e+01
  endloop
 endfacet
 facet normal -8.62862110e-01 7.80555531e-02 -4.99375910e-01
  outer loop
   vertex 7.94452820e+01 1.41374741e+01 5.89018974e+01
   vertex 8.21851349e+01 1.51125259e+01 5.42119942e+01
   vertex 8.10912781e+01 9.81938934e+00 5.75413246e+01
  endloop
 endfacet
 facet normal -8.50139201e-01 3.19973171e-01 -4.18187171e-01
  outer loop
   vertex 8.10912781e+01 9.81938934e+00 5.75413246e+01
   vertex 8.21851349e+01 1.51125259e+01 5.42119942e+01
   vertex 8.29571533e+01 1.03871384e+01 5.43536911e+01
  endloop
 endfacet
 facet normal -9.98347521e-01 -1.17347836e-05 -5.74650913e-02
  outer loop
   vertex 9.16268311e+01 1.86267014e+01 1.19869080e+01
   vertex 9.19329224e+01 1.87489548e+01 5.99761534e+00
   vertex 9.28744812e+01 1.34047699e+01 1.15104742e+01
  endloop
 endfacet
 facet normal -9.64023471e-01 2.62668282e-01 -4.07934263e-02
  outer loop
   vertex 9.28744812e+01 1.34047699e+01 1.15104742e+01
   vertex 9.19329224e+01 1.87489548e+01 5.99761534e+00
   vertex 9.31713867e+01 1.34951019e+01 6.28920555e+00
  endloop
 endfacet
 facet normal -9.96261299e-01 -1.90837902e-03 -8.63698050e-02
  outer loop
   vertex 9.05991821e+01 2.10489197e+01 1.63019276e+01
   vertex 9.16268311e+01 1.86267014e+01 1.19869080e+01
   vertex 9.24203644e+01 1.32665863e+01 1.67434273e+01
  endloop
 endfacet
 facet normal -9.61529136e-01 2.65838981e-01 -6.92193061e-02
  outer loop
   vertex 9.24203644e+01 1.32665863e+01 1.67434273e+01
   vertex 9.16268311e+01 1.86267014e+01 1.19869080e+01
   vertex 9.28744812e+01 1.34047699e+01 1.15104742e+01
  endloop
 endfacet
 facet normal -5.70451856e-01 -7.91507542e-01 2.19318092e-01
  outer loop
   vertex 3.82607117e+01 9.87125931e+01 5.81437159e+00
   vertex 3.26046982e+01 1.02741264e+02 5.80605650e+00
   vertex 3.82995911e+01 9.88633347e+01 5.68434189e-14
  endloop
 endfacet
 facet normal -5.03094375e-01 -7.16917217e-01 4.82623845e-01
  outer loop
   vertex 3.82995911e+01 9.88633347e+01 5.68434189e-14
   vertex 3.26046982e+01 1.02741264e+02 5.80605650e+00
   vertex 3.26518173e+01 1.02900459e+02 5.68434189e-14
  endloop
 endfacet
 facet normal -5.56192696e-01 -7.87735820e-01 -2.64805496e-01
  outer loop
   vertex 3.49470596e+01 9.45027847e+01 4.46241875e+01
   vertex 3.43753815e+01 9.38757858e+01 4.76146431e+01
   vertex 2.93854218e+01 9.83831558e+01 4.45658722e+01
  endloop
 endfacet
 facet normal -5.44732988e-01 -7.92770028e-01 -2.73462325e-01
  outer loop
   vertex 2.93854218e+01 9.83831558e+01 4.45658722e+01
   vertex 3.43753815e+01 9.38757858e+01 4.76146431e+01
   vertex 2.88470840e+01 9.77484512e+01 4.75647125e+01
  endloop
 endfacet
 facet normal -2.44260401e-01 -2.34868050e-01 -9.40836787e-01
  outer loop
   vertex 1.44696350e+01 7.21819992e+01 8.52498779e+01
   vertex 1.23649750e+01 6.97356033e+01 8.63244781e+01
   vertex 9.92871094e+00 7.53729019e+01 8.56163635e+01
  endloop
 endfacet
 facet normal -2.26133212e-01 -2.20925748e-01 -9.48712587e-01
  outer loop
   vertex 9.92871094e+00 7.53729019e+01 8.56163635e+01
   vertex 1.23649750e+01 6.97356033e+01 8.63244781e+01
   vertex 7.89256287e+00 7.28277969e+01 8.67159882e+01
  endloop
 endfacet
 facet normal -4.65524912e-01 -6.35811806e-01 -6.15654051e-01
  outer loop
   vertex 2.04673996e+01 8.81218185e+01 7.32962494e+01
   vertex 2.20581665e+01 8.99672318e+01 7.00724640e+01
   vertex 2.54744339e+01 8.44979019e+01 7.31463470e+01
  endloop
 endfacet
 facet normal -4.82051700e-01 -6.40327275e-01 -5.98002672e-01
  outer loop
   vertex 2.54744339e+01 8.44979019e+01 7.31463470e+01
   vertex 2.20581665e+01 8.99672318e+01 7.00724640e+01
   vertex 2.71577454e+01 8.62950363e+01 6.99725494e+01
  endloop
 endfacet
 facet normal -5.83017051e-01 -8.10154736e-01 -6.11588061e-02
  outer loop
   vertex 3.81414490e+01 9.84021988e+01 1.16120853e+01
   vertex 3.24772491e+01 1.02422340e+02 1.15954580e+01
   vertex 3.82607117e+01 9.87125931e+01 5.81437159e+00
  endloop
 endfacet
 facet normal -5.73417008e-01 -8.17632496e-01 -5.16722761e-02
  outer loop
   vertex 3.82607117e+01 9.87125931e+01 5.81437159e+00
   vertex 3.24772491e+01 1.02422340e+02 1.15954580e+01
   vertex 3.26046982e+01 1.02741264e+02 5.80605650e+00
  endloop
 endfacet
 facet normal -5.80002129e-01 -8.09433520e-01 -9.17328447e-02
  outer loop
   vertex 3.77526627e+01 9.77951126e+01 2.00088081e+01
   vertex 3.20972595e+01 1.01790550e+02 1.99838638e+01
   vertex 3.81414490e+01 9.84021988e+01 1.16120853e+01
  endloop
 endfacet
 facet normal -5.71025491e-01 -8.16819429e-01 -8.20725486e-02
  outer loop
   vertex 3.81414490e+01 9.84021988e+01 1.16120853e+01
   vertex 3.20972595e+01 1.01790550e+02 1.99838638e+01
   vertex 3.24772491e+01 1.02422340e+02 1.15954580e+01
  endloop
 endfacet
 facet normal -5.52776515e-01 -8.02896023e-01 -2.23150432e-01
  outer loop
   vertex 2.98747559e+01 9.89587021e+01 4.15503235e+01
   vertex 3.03392258e+01 9.95254288e+01 3.83266563e+01
   vertex 3.54533463e+01 9.50618973e+01 4.16087074e+01
  endloop
 endfacet
 facet normal -5.63969910e-01 -7.97248900e-01 -2.15248987e-01
  outer loop
   vertex 3.54533463e+01 9.50618973e+01 4.16087074e+01
   vertex 3.03392258e+01 9.95254288e+01 3.83266563e+01
   vertex 3.59349442e+01 9.56040268e+01 3.83766251e+01
  endloop
 endfacet
 facet normal -8.60838950e-01 3.16019148e-01 -3.98858577e-01
  outer loop
   vertex 8.29571533e+01 1.03871384e+01 5.43536911e+01
   vertex 8.21851349e+01 1.51125259e+01 5.42119942e+01
   vertex 8.41580963e+01 1.07525635e+01 5.19962234e+01
  endloop
 endfacet
 facet normal -9.00634706e-01 6.03153296e-02 -4.30370927e-01
  outer loop
   vertex 8.21851349e+01 1.51125259e+01 5.42119942e+01
   vertex 8.33023376e+01 1.55245743e+01 5.18879128e+01
   vertex 8.41580963e+01 1.07525635e+01 5.19962234e+01
  endloop
 endfacet
 facet normal -8.80321085e-01 3.08502465e-01 -3.60362351e-01
  outer loop
   vertex 8.41580963e+01 1.07525635e+01 5.19962234e+01
   vertex 8.33023376e+01 1.55245743e+01 5.18879128e+01
   vertex 8.41734314e+01 1.07572250e+01 5.19629669e+01
  endloop
 endfacet
 facet normal -8.89006078e-01 3.03771645e-01 -3.42623681e-01
  outer loop
   vertex 8.41734314e+01 1.07572250e+01 5.19629669e+01
   vertex 8.33023376e+01 1.55245743e+01 5.18879128e+01
   vertex 8.56632080e+01 1.12105331e+01 4.84726257e+01
  endloop
 endfacet
 facet normal -9.26294386e-01 4.57154214e-02 -3.74017119e-01
  outer loop
   vertex 8.33023376e+01 1.55245743e+01 5.18879128e+01
   vertex 8.45600891e+01 1.59892120e+01 4.88474655e+01
   vertex 8.56632080e+01 1.12105331e+01 4.84726257e+01
  endloop
 endfacet
 facet normal -7.90746629e-01 3.39524299e-01 -5.09355485e-01
  outer loop
   vertex 7.83532257e+01 8.98626709e+00 6.14092674e+01
   vertex 7.77151031e+01 1.35308075e+01 6.13342667e+01
   vertex 8.06092682e+01 9.67272949e+00 5.83187866e+01
  endloop
 endfacet
 facet normal -8.25062692e-01 8.99512321e-02 -5.57835400e-01
  outer loop
   vertex 8.06092682e+01 9.67272949e+00 5.83187866e+01
   vertex 7.77151031e+01 1.35308075e+01 6.13342667e+01
   vertex 7.94452820e+01 1.41374741e+01 5.89018974e+01
  endloop
 endfacet
 facet normal -3.24026436e-01 -3.63462776e-01 -8.73442411e-01
  outer loop
   vertex 1.81578979e+01 7.64070816e+01 8.25342407e+01
   vertex 1.63461533e+01 7.43409500e+01 8.40087280e+01
   vertex 1.34808578e+01 7.97537766e+01 8.28507996e+01
  endloop
 endfacet
 facet normal -3.01286995e-01 -3.51101249e-01 -8.86540532e-01
  outer loop
   vertex 1.34808578e+01 7.97537766e+01 8.28507996e+01
   vertex 1.63461533e+01 7.43409500e+01 8.40087280e+01
   vertex 1.17371826e+01 7.76139297e+01 8.43502350e+01
  endloop
 endfacet
 facet normal -5.26181400e-01 -7.27582633e-01 -4.40177977e-01
  outer loop
   vertex 3.09507370e+01 9.02636948e+01 6.06512260e+01
   vertex 3.03376999e+01 8.96192398e+01 6.24255257e+01
   vertex 2.56158218e+01 9.40483170e+01 6.06428719e+01
  endloop
 endfacet
 facet normal -5.14619410e-01 -7.29657114e-01 -4.50296968e-01
  outer loop
   vertex 2.56158218e+01 9.40483170e+01 6.06428719e+01
   vertex 3.03376999e+01 8.96192398e+01 6.24255257e+01
   vertex 2.50364075e+01 9.33878098e+01 6.24421272e+01
  endloop
 endfacet
 facet normal -2.82479197e-01 -2.99709082e-01 -9.11251843e-01
  outer loop
   vertex 1.63461533e+01 7.43409500e+01 8.40087280e+01
   vertex 1.44696350e+01 7.21819992e+01 8.52498779e+01
   vertex 1.17371826e+01 7.76139297e+01 8.43502350e+01
  endloop
 endfacet
 facet normal -2.62687266e-01 -2.88389236e-01 -9.20775235e-01
  outer loop
   vertex 1.17371826e+01 7.76139297e+01 8.43502350e+01
   vertex 1.44696350e+01 7.21819992e+01 8.52498779e+01
   vertex 9.92871094e+00 7.53729019e+01 8.56163635e+01
  endloop
 endfacet
 facet normal -4.61202592e-01 4.62599367e-01 -7.57161796e-01
  outer loop
   vertex 5.44080811e+01 1.70028687e+00 7.86940918e+01
   vertex 5.43151245e+01 5.64479065e+00 7.88856812e+01
   vertex 5.85136185e+01 2.94950867e+00 7.69114380e+01
  endloop
 endfacet
 facet normal -4.57615584e-01 2.34717876e-01 -8.57610345e-01
  outer loop
   vertex 5.85136185e+01 2.94950867e+00 7.69114380e+01
   vertex 5.43151245e+01 5.64479065e+00 7.88856812e+01
   vertex 5.74615784e+01 6.70229340e+00 7.75029297e+01
  endloop
 endfacet
 facet normal -9.46709156e-01 2.78153807e-01 -1.62395447e-01
  outer loop
   vertex 9.07521362e+01 1.27589874e+01 2.84055309e+01
   vertex 8.99727478e+01 1.25218353e+01 3.25955353e+01
   vertex 8.95825500e+01 1.78893661e+01 2.86886997e+01
  endloop
 endfacet
 facet normal -9.81664836e-01 1.65362712e-02 -1.89896673e-01
  outer loop
   vertex 8.95825500e+01 1.78893661e+01 2.86886997e+01
   vertex 8.99727478e+01 1.25218353e+01 3.25955353e+01
   vertex 8.88540344e+01 1.76343536e+01 3.25288658e+01
  endloop
 endfacet
 facet normal -5.16646028e-01 -7.08269358e-01 -4.81073171e-01
  outer loop
   vertex 3.03376999e+01 8.96192398e+01 6.24255257e+01
   vertex 2.87844467e+01 8.79994583e+01 6.64156036e+01
   vertex 2.50364075e+01 9.33878098e+01 6.24421272e+01
  endloop
 endfacet
 facet normal -5.03155172e-01 -7.07241774e-01 -4.96632606e-01
  outer loop
   vertex 2.50364075e+01 9.33878098e+01 6.24421272e+01
   vertex 2.87844467e+01 8.79994583e+01 6.64156036e+01
   vertex 2.35838470e+01 9.17281570e+01 6.64655609e+01
  endloop
 endfacet
 facet normal -5.01841486e-01 -6.78329289e-01 -5.36679149e-01
  outer loop
   vertex 2.87844467e+01 8.79994583e+01 6.64156036e+01
   vertex 2.71577454e+01 8.62950363e+01 6.99725494e+01
   vertex 2.35838470e+01 9.17281570e+01 6.64655609e+01
  endloop
 endfacet
 facet normal -4.86240119e-01 -6.74988329e-01 -5.54942608e-01
  outer loop
   vertex 2.35838470e+01 9.17281570e+01 6.64655609e+01
   vertex 2.71577454e+01 8.62950363e+01 6.99725494e+01
   vertex 2.20581665e+01 8.99672318e+01 7.00724640e+01
  endloop
 endfacet
 facet normal -4.58897293e-01 -5.96751153e-01 -6.58256292e-01
  outer loop
   vertex 2.54744339e+01 8.44979019e+01 7.31463470e+01
   vertex 2.37345200e+01 8.26079788e+01 7.59785309e+01
   vertex 2.04673996e+01 8.81218185e+01 7.32962494e+01
  endloop
 endfacet
 facet normal -4.41375881e-01 -5.90217829e-01 -6.75892174e-01
  outer loop
   vertex 2.04673996e+01 8.81218185e+01 7.32962494e+01
   vertex 2.37345200e+01 8.26079788e+01 7.59785309e+01
   vertex 1.88118362e+01 8.61751785e+01 7.61701050e+01
  endloop
 endfacet
 facet normal -2.44119167e-02 -9.62951005e-01 -2.68569261e-01
  outer loop
   vertex 2.18309479e+01 1.00142021e+02 5.29958038e+01
   vertex 2.23611374e+01 1.00770302e+02 5.06218109e+01
   vertex 2.76886902e+01 9.64107132e+01 5.29958038e+01
  endloop
 endfacet
 facet normal -2.96928465e-01 -9.06111717e-01 -3.01322162e-01
  outer loop
   vertex 2.76886902e+01 9.64107132e+01 5.29958038e+01
   vertex 2.23611374e+01 1.00770302e+02 5.06218109e+01
   vertex 2.82188873e+01 9.70287247e+01 5.06218109e+01
  endloop
 endfacet
 facet normal -1.34399772e-01 -5.81206322e-01 -8.02580774e-01
  outer loop
   vertex 1.53226547e+01 8.19953995e+01 8.09348450e+01
   vertex 1.34808578e+01 7.97537766e+01 8.28507996e+01
   vertex 1.05570526e+01 8.54864273e+01 8.09348450e+01
  endloop
 endfacet
 facet normal 1.11391075e-01 -6.73989892e-01 -7.30294228e-01
  outer loop
   vertex 1.05570526e+01 8.54864273e+01 8.09348450e+01
   vertex 1.34808578e+01 7.97537766e+01 8.28507996e+01
   vertex 8.81022644e+00 8.32074509e+01 8.28507996e+01
  endloop
 endfacet
 facet normal 2.24379357e-03 -8.89307082e-01 -4.57305014e-01
  outer loop
   vertex 1.65328293e+01 9.35911179e+01 7.00724640e+01
   vertex 1.81059875e+01 9.53814011e+01 6.64655609e+01
   vertex 2.20581665e+01 8.99672318e+01 7.00724640e+01
  endloop
 endfacet
 facet normal -2.63485610e-01 -8.20698321e-01 -5.06980896e-01
  outer loop
   vertex 2.20581665e+01 8.99672318e+01 7.00724640e+01
   vertex 1.81059875e+01 9.53814011e+01 6.64655609e+01
   vertex 2.35838470e+01 9.17281570e+01 6.64655609e+01
  endloop
 endfacet
 facet normal -2.21971914e-01 -7.45858073e-01 -6.28031969e-01
  outer loop
   vertex 2.04673996e+01 8.81218185e+01 7.32962494e+01
   vertex 1.88118362e+01 8.61751785e+01 7.61701050e+01
   vertex 1.51319962e+01 9.17149277e+01 7.32962494e+01
  endloop
 endfacet
 facet normal 3.89477946e-02 -8.20102572e-01 -5.70889533e-01
  outer loop
   vertex 1.51319962e+01 9.17149277e+01 7.32962494e+01
   vertex 1.88118362e+01 8.61751785e+01 7.61701050e+01
   vertex 1.35713959e+01 8.97358932e+01 7.61701050e+01
  endloop
 endfacet
 facet normal -2.38905445e-01 -7.89171994e-01 -5.65801919e-01
  outer loop
   vertex 2.20581665e+01 8.99672318e+01 7.00724640e+01
   vertex 2.04673996e+01 8.81218185e+01 7.32962494e+01
   vertex 1.65328293e+01 9.35911179e+01 7.00724640e+01
  endloop
 endfacet
 facet normal 2.08391715e-02 -8.58192444e-01 -5.12904942e-01
  outer loop
   vertex 1.65328293e+01 9.35911179e+01 7.00724640e+01
   vertex 2.04673996e+01 8.81218185e+01 7.32962494e+01
   vertex 1.51319962e+01 9.17149277e+01 7.32962494e+01
  endloop
 endfacet
 facet normal -3.15112174e-02 -9.41112936e-01 -3.36620659e-01
  outer loop
   vertex 2.00429764e+01 9.77402267e+01 6.06428719e+01
   vertex 2.08345108e+01 9.86612930e+01 5.79688492e+01
   vertex 2.56158218e+01 9.40483170e+01 6.06428719e+01
  endloop
 endfacet
 facet normal -2.93891609e-01 -8.77216518e-01 -3.79629910e-01
  outer loop
   vertex 2.56158218e+01 9.40483170e+01 6.06428719e+01
   vertex 2.08345108e+01 9.86612930e+01 5.79688492e+01
   vertex 2.64073181e+01 9.49542923e+01 5.79688492e+01
  endloop
 endfacet
 facet normal -3.46046574e-02 -9.74695742e-01 -2.20840961e-01
  outer loop
   vertex 2.29893341e+01 1.01502022e+02 4.75647125e+01
   vertex 2.35276947e+01 1.02147301e+02 4.45658722e+01
   vertex 2.88470840e+01 9.77484512e+01 4.75647125e+01
  endloop
 endfacet
 facet normal -3.05638075e-01 -9.18926954e-01 -2.49316245e-01
  outer loop
   vertex 2.88470840e+01 9.77484512e+01 4.75647125e+01
   vertex 2.35276947e+01 1.02147301e+02 4.45658722e+01
   vertex 2.93854218e+01 9.83831558e+01 4.45658722e+01
  endloop
 endfacet
 facet normal -4.36556600e-02 -9.85291481e-01 -1.65211722e-01
  outer loop
   vertex 2.44814987e+01 1.03308632e+02 3.83266563e+01
   vertex 2.49052811e+01 1.03833199e+02 3.49862633e+01
   vertex 3.03392258e+01 9.95254288e+01 3.83266563e+01
  endloop
 endfacet
 facet normal -3.16285044e-01 -9.30643737e-01 -1.84027150e-01
  outer loop
   vertex 3.03392258e+01 9.95254288e+01 3.83266563e+01
   vertex 2.49052811e+01 1.03833199e+02 3.49862633e+01
   vertex 3.07630005e+01 1.00041405e+02 3.49862633e+01
  endloop
 endfacet
 facet normal -2.90996432e-01 -8.94971192e-01 -3.38153273e-01
  outer loop
   vertex 2.76886902e+01 9.64107132e+01 5.29958038e+01
   vertex 2.64073181e+01 9.49542923e+01 5.79688492e+01
   vertex 2.18309479e+01 1.00142021e+02 5.29958038e+01
  endloop
 endfacet
 facet normal -2.82493904e-02 -9.51566815e-01 -3.06141496e-01
  outer loop
   vertex 2.18309479e+01 1.00142021e+02 5.29958038e+01
   vertex 2.64073181e+01 9.49542923e+01 5.79688492e+01
   vertex 2.08345108e+01 9.86612930e+01 5.79688492e+01
  endloop
 endfacet
 facet normal 2.91638166e-01 -4.04673666e-01 -8.66710126e-01
  outer loop
   vertex 5.25807190e+00 7.87535782e+01 8.56163635e+01
   vertex 9.92871094e+00 7.53729019e+01 8.56163635e+01
   vertex 4.60906982e+00 7.63834457e+01 8.67159882e+01
  endloop
 endfacet
 facet normal 3.36401202e-02 -2.74064273e-01 -9.61122870e-01
  outer loop
   vertex 4.60906982e+00 7.63834457e+01 8.67159882e+01
   vertex 9.92871094e+00 7.53729019e+01 8.56163635e+01
   vertex 7.89256287e+00 7.28277969e+01 8.67159882e+01
  endloop
 endfacet
 facet normal -3.06773428e-02 -9.69769180e-01 -2.42088169e-01
  outer loop
   vertex 2.23611374e+01 1.00770302e+02 5.06218109e+01
   vertex 2.29893341e+01 1.01502022e+02 4.75647125e+01
   vertex 2.82188873e+01 9.70287247e+01 5.06218109e+01
  endloop
 endfacet
 facet normal -3.01579833e-01 -9.12978113e-01 -2.74810046e-01
  outer loop
   vertex 2.82188873e+01 9.70287247e+01 5.06218109e+01
   vertex 2.29893341e+01 1.01502022e+02 4.75647125e+01
   vertex 2.88470840e+01 9.77484512e+01 4.75647125e+01
  endloop
 endfacet
 facet normal -1.66381270e-01 -6.41714036e-01 -7.48679101e-01
  outer loop
   vertex 1.70996475e+01 8.41359634e+01 7.87108154e+01
   vertex 1.53226547e+01 8.19953995e+01 8.09348450e+01
   vertex 1.20966187e+01 8.76626511e+01 7.87108154e+01
  endloop
 endfacet
 facet normal 8.45673084e-02 -7.23168492e-01 -6.85474813e-01
  outer loop
   vertex 1.20966187e+01 8.76626511e+01 7.87108154e+01
   vertex 1.53226547e+01 8.19953995e+01 8.09348450e+01
   vertex 1.05570526e+01 8.54864273e+01 8.09348450e+01
  endloop
 endfacet
 facet normal -1.11681642e-02 -9.14090574e-01 -4.05356288e-01
  outer loop
   vertex 1.81059875e+01 9.53814011e+01 6.64655609e+01
   vertex 1.94161148e+01 9.70687180e+01 6.24421272e+01
   vertex 2.35838470e+01 9.17281570e+01 6.64655609e+01
  endloop
 endfacet
 facet normal -2.71528482e-01 -8.49921703e-01 -4.51558858e-01
  outer loop
   vertex 2.35838470e+01 9.17281570e+01 6.64655609e+01
   vertex 1.94161148e+01 9.70687180e+01 6.24421272e+01
   vertex 2.50364075e+01 9.33878098e+01 6.24421272e+01
  endloop
 endfacet
 facet normal -3.75900418e-02 -9.78915393e-01 -2.00777739e-01
  outer loop
   vertex 2.35276947e+01 1.02147301e+02 4.45658722e+01
   vertex 2.40170059e+01 1.02732460e+02 4.15503235e+01
   vertex 2.93854218e+01 9.83831558e+01 4.45658722e+01
  endloop
 endfacet
 facet normal -3.09524029e-01 -9.23520744e-01 -2.26504534e-01
  outer loop
   vertex 2.93854218e+01 9.83831558e+01 4.45658722e+01
   vertex 2.40170059e+01 1.02732460e+02 4.15503235e+01
   vertex 2.98747559e+01 9.89587021e+01 4.15503235e+01
  endloop
 endfacet
 facet normal -4.08018455e-02 -9.82263982e-01 -1.83010146e-01
  outer loop
   vertex 2.40170059e+01 1.02732460e+02 4.15503235e+01
   vertex 2.44814987e+01 1.03308632e+02 3.83266563e+01
   vertex 2.98747559e+01 9.89587021e+01 4.15503235e+01
  endloop
 endfacet
 facet normal -3.13172400e-01 -9.27292228e-01 -2.05066204e-01
  outer loop
   vertex 2.98747559e+01 9.89587021e+01 4.15503235e+01
   vertex 2.44814987e+01 1.03308632e+02 3.83266563e+01
   vertex 3.03392258e+01 9.95254288e+01 3.83266563e+01
  endloop
 endfacet
 facet normal -1.94062978e-01 -6.99553132e-01 -6.87724471e-01
  outer loop
   vertex 1.88118362e+01 8.61751785e+01 7.61701050e+01
   vertex 1.70996475e+01 8.41359634e+01 7.87108154e+01
   vertex 1.35713959e+01 8.97358932e+01 7.61701050e+01
  endloop
 endfacet
 facet normal 6.31145313e-02 -7.75211930e-01 -6.28540397e-01
  outer loop
   vertex 1.35713959e+01 8.97358932e+01 7.61701050e+01
   vertex 1.70996475e+01 8.41359634e+01 7.87108154e+01
   vertex 1.20966187e+01 8.76626511e+01 7.87108154e+01
  endloop
 endfacet
 facet normal -1.86100174e-02 -9.32178378e-01 -3.61520618e-01
  outer loop
   vertex 1.94161148e+01 9.70687180e+01 6.24421272e+01
   vertex 2.00429764e+01 9.77402267e+01 6.06428719e+01
   vertex 2.50364075e+01 9.33878098e+01 6.24421272e+01
  endloop
 endfacet
 facet normal -2.85771698e-01 -8.65732908e-01 -4.10902798e-01
  outer loop
   vertex 2.50364075e+01 9.33878098e+01 6.24421272e+01
   vertex 2.00429764e+01 9.77402267e+01 6.06428719e+01
   vertex 2.56158218e+01 9.40483170e+01 6.06428719e+01
  endloop
 endfacet
 facet normal 1.48150116e-01 -6.27784908e-01 -7.64158130e-01
  outer loop
   vertex 7.01906586e+00 8.10319443e+01 8.43502350e+01
   vertex 8.81022644e+00 8.32074509e+01 8.28507996e+01
   vertex 1.17371826e+01 7.76139297e+01 8.43502350e+01
  endloop
 endfacet
 facet normal -9.67171639e-02 -5.24157822e-01 -8.46111357e-01
  outer loop
   vertex 1.17371826e+01 7.76139297e+01 8.43502350e+01
   vertex 8.81022644e+00 8.32074509e+01 8.28507996e+01
   vertex 1.34808578e+01 7.97537766e+01 8.28507996e+01
  endloop
 endfacet
 facet normal 3.47826302e-01 -1.59895778e-01 -9.23823655e-01
  outer loop
   vertex 4.60906982e+00 7.63834457e+01 8.67159882e+01
   vertex 7.89256287e+00 7.28277969e+01 8.67159882e+01
   vertex 4.66599274e+00 7.36190262e+01 8.71035767e+01
  endloop
 endfacet
 facet normal 2.70495087e-01 -1.70985952e-01 -9.47415531e-01
  outer loop
   vertex 4.66599274e+00 7.36190262e+01 8.71035767e+01
   vertex 7.89256287e+00 7.28277969e+01 8.67159882e+01
   vertex 6.13637543e+00 7.05210495e+01 8.75239410e+01
  endloop
 endfacet
 facet normal -2.39211142e-01 -2.09205434e-01 -9.48161960e-01
  outer loop
   vertex 1.23649750e+01 6.97356033e+01 8.63244781e+01
   vertex 1.01696625e+01 6.72374496e+01 8.71240997e+01
   vertex 7.89256287e+00 7.28277969e+01 8.67159882e+01
  endloop
 endfacet
 facet normal -5.17814644e-02 -2.65479535e-01 -9.62724924e-01
  outer loop
   vertex 7.89256287e+00 7.28277969e+01 8.67159882e+01
   vertex 1.01696625e+01 6.72374496e+01 8.71240997e+01
   vertex 6.13637543e+00 7.05210495e+01 8.75239410e+01
  endloop
 endfacet
 facet normal 2.62515485e-01 7.87087202e-01 -5.58192968e-01
  outer loop
   vertex 8.96926880e+00 5.71432419e+01 9.14407959e+01
   vertex 1.10286560e+01 5.53499985e+01 9.12048187e+01
   vertex 8.01793671e+00 5.65881882e+01 8.70003662e+01
  endloop
 endfacet
 facet normal 1.88666567e-01 9.81418729e-01 3.49601172e-02
  outer loop
   vertex 8.01793671e+00 5.65881882e+01 8.70003662e+01
   vertex 1.10286560e+01 5.53499985e+01 9.12048187e+01
   vertex 1.00774612e+01 5.48118668e+01 8.67622681e+01
  endloop
 endfacet
 facet normal 1.51753381e-01 9.61276293e-01 2.30040759e-01
  outer loop
   vertex 4.88201447e+01 0.00000000e+00 7.58881226e+01
   vertex 4.58695145e+01 7.93441772e-01 7.68947144e+01
   vertex 5.01920395e+01 4.17434692e-01 8.01935425e+01
  endloop
 endfacet
 facet normal 1.06841169e-01 9.29898679e-01 -3.51956606e-01
  outer loop
   vertex 5.01920395e+01 4.17434692e-01 8.01935425e+01
   vertex 4.58695145e+01 7.93441772e-01 7.68947144e+01
   vertex 4.71661301e+01 7.67097473e-01 8.12764282e+01
  endloop
 endfacet
 facet normal 3.38572800e-01 8.45921040e-01 -4.12050992e-01
  outer loop
   vertex 4.71661301e+01 7.67097473e-01 8.12764282e+01
   vertex 4.58695145e+01 7.93441772e-01 7.68947144e+01
   vertex 4.66089478e+01 1.11037445e+00 8.14097443e+01
  endloop
 endfacet
 facet normal 5.77633262e-01 8.04043174e-01 1.40905455e-01
  outer loop
   vertex 4.66089478e+01 1.11037445e+00 8.14097443e+01
   vertex 4.58695145e+01 7.93441772e-01 7.68947144e+01
   vertex 4.54851913e+01 1.06100464e+00 7.69752655e+01
  endloop
 endfacet
 facet normal 7.27195323e-01 4.33810920e-01 -5.31972826e-01
  outer loop
   vertex 3.18541107e+01 4.32991219e+01 8.48250427e+01
   vertex 3.43583984e+01 3.84962158e+01 8.45001984e+01
   vertex 3.08087387e+01 4.30081635e+01 8.03807831e+01
  endloop
 endfacet
 facet normal 8.87935638e-01 4.49984819e-01 9.53095853e-02
  outer loop
   vertex 3.08087387e+01 4.30081635e+01 8.03807831e+01
   vertex 3.43583984e+01 3.84962158e+01 8.45001984e+01
   vertex 3.32930298e+01 3.82839050e+01 8.00562286e+01
  endloop
 endfacet
 facet normal 7.57588089e-01 3.79570037e-01 -5.31024337e-01
  outer loop
   vertex 3.43583984e+01 3.84962158e+01 8.45001984e+01
   vertex 3.62898560e+01 3.40243835e+01 8.42085724e+01
   vertex 3.32930298e+01 3.82839050e+01 8.00562286e+01
  endloop
 endfacet
 facet normal 9.17552769e-01 3.85990292e-01 9.54380110e-02
  outer loop
   vertex 3.32930298e+01 3.82839050e+01 8.00562286e+01
   vertex 3.62898560e+01 3.40243835e+01 8.42085724e+01
   vertex 3.52161789e+01 3.38824539e+01 7.97637329e+01
  endloop
 endfacet
 facet normal 7.43616402e-01 -8.81111398e-02 -6.62775278e-01
  outer loop
   vertex 3.79321671e+01 2.94388733e+01 8.39253998e+01
   vertex 3.68563538e+01 2.93606110e+01 7.94794922e+01
   vertex 3.62898560e+01 3.40243835e+01 8.42085724e+01
  endloop
 endfacet
 facet normal 9.49993312e-01 2.12138727e-01 2.29150340e-01
  outer loop
   vertex 3.62898560e+01 3.40243835e+01 8.42085724e+01
   vertex 3.68563538e+01 2.93606110e+01 7.94794922e+01
   vertex 3.52161789e+01 3.38824539e+01 7.97637329e+01
  endloop
 endfacet
 facet normal 9.94996667e-01 -1.58356745e-02 -9.86450464e-02
  outer loop
   vertex 2.98163834e+01 2.24651489e+01 8.39770355e+01
   vertex 2.85462570e+01 2.68499222e+01 8.42652283e+01
   vertex 3.08861160e+01 2.24860229e+01 8.84250946e+01
  endloop
 endfacet
 facet normal 7.40438402e-01 -2.82835364e-01 -6.09717250e-01
  outer loop
   vertex 3.08861160e+01 2.24860229e+01 8.84250946e+01
   vertex 2.85462570e+01 2.68499222e+01 8.42652283e+01
   vertex 2.96220627e+01 2.69281845e+01 8.87111359e+01
  endloop
 endfacet
 facet normal 7.40982473e-01 2.24586785e-01 -6.32855296e-01
  outer loop
   vertex 3.08861160e+01 2.24860229e+01 8.84250946e+01
   vertex 3.19265060e+01 1.78017731e+01 8.81610565e+01
   vertex 2.98163834e+01 2.24651489e+01 8.39770355e+01
  endloop
 endfacet
 facet normal 9.68611300e-01 2.45401680e-01 -3.96253355e-02
  outer loop
   vertex 2.98163834e+01 2.24651489e+01 8.39770355e+01
   vertex 3.19265060e+01 1.78017731e+01 8.81610565e+01
   vertex 3.08856430e+01 1.77874451e+01 8.37061462e+01
  endloop
 endfacet
 facet normal 4.90712702e-01 6.75380707e-01 -5.50510645e-01
  outer loop
   vertex 3.32549133e+01 1.30473328e+01 8.79082031e+01
   vertex 3.21448364e+01 1.30566254e+01 8.34711304e+01
   vertex 3.19265060e+01 1.78017731e+01 8.81610565e+01
  endloop
 endfacet
 facet normal 8.61246586e-01 5.03975511e-01 -6.52914792e-02
  outer loop
   vertex 3.19265060e+01 1.78017731e+01 8.81610565e+01
   vertex 3.21448364e+01 1.30566254e+01 8.34711304e+01
   vertex 3.08856430e+01 1.77874451e+01 8.37061462e+01
  endloop
 endfacet
 facet normal 5.81604421e-01 5.09832799e-01 -6.33882403e-01
  outer loop
   vertex 4.16080399e+01 1.54342194e+01 8.31340485e+01
   vertex 4.23221817e+01 1.06835480e+01 8.28841553e+01
   vertex 4.04979706e+01 1.54435120e+01 7.86969604e+01
  endloop
 endfacet
 facet normal 9.37195241e-01 2.76821166e-01 2.12214798e-01
  outer loop
   vertex 4.04979706e+01 1.54435120e+01 7.86969604e+01
   vertex 4.23221817e+01 1.06835480e+01 8.28841553e+01
   vertex 4.10916901e+01 1.07331696e+01 7.84781342e+01
  endloop
 endfacet
 facet normal 7.61538684e-01 2.32925296e-01 -6.04817867e-01
  outer loop
   vertex 4.30596924e+01 7.88469696e+00 8.26425781e+01
   vertex 4.14004440e+01 8.13217926e+00 7.84130859e+01
   vertex 4.23221817e+01 1.06835480e+01 8.28841553e+01
  endloop
 endfacet
 facet normal 9.84423816e-01 1.75800100e-01 -2.01020483e-03
  outer loop
   vertex 4.23221817e+01 1.06835480e+01 8.28841553e+01
   vertex 4.14004440e+01 8.13217926e+00 7.84130859e+01
   vertex 4.10916901e+01 1.07331696e+01 7.84781342e+01
  endloop
 endfacet
 facet normal 7.51622558e-01 3.16037595e-01 -5.78950584e-01
  outer loop
   vertex 4.30596924e+01 7.88469696e+00 8.26425781e+01
   vertex 4.37839584e+01 5.09178925e+00 8.19678040e+01
   vertex 4.14004440e+01 8.13217926e+00 7.84130859e+01
  endloop
 endfacet
 facet normal 9.43010688e-01 3.31940472e-01 2.33746320e-02
  outer loop
   vertex 4.14004440e+01 8.13217926e+00 7.84130859e+01
   vertex 4.37839584e+01 5.09178925e+00 8.19678040e+01
   vertex 4.23529510e+01 5.26887512e+00 7.76857452e+01
  endloop
 endfacet
 facet normal 8.79072785e-01 4.67175275e-01 9.47537422e-02
  outer loop
   vertex 4.23529510e+01 5.26887512e+00 7.76857452e+01
   vertex 4.37839584e+01 5.09178925e+00 8.19678040e+01
   vertex 4.41740875e+01 2.52231598e+00 7.73101044e+01
  endloop
 endfacet
 facet normal 7.00513124e-01 5.32963276e-01 -4.74585623e-01
  outer loop
   vertex 4.41740875e+01 2.52231598e+00 7.73101044e+01
   vertex 4.37839584e+01 5.09178925e+00 8.19678040e+01
   vertex 4.51483231e+01 2.58557892e+00 8.17761993e+01
  endloop
 endfacet
 facet normal 5.65105021e-01 6.36096716e-01 -5.25392532e-01
  outer loop
   vertex 1.84280090e+01 6.03239670e+01 8.62494965e+01
   vertex 2.02948456e+01 5.84752731e+01 8.60495911e+01
   vertex 1.74623718e+01 5.98049240e+01 8.18078156e+01
  endloop
 endfacet
 facet normal 7.06928134e-01 7.00945020e-01 9.44913998e-02
  outer loop
   vertex 1.74623718e+01 5.98049240e+01 8.18078156e+01
   vertex 2.02948456e+01 5.84752731e+01 8.60495911e+01
   vertex 1.93242569e+01 5.79739304e+01 8.16069489e+01
  endloop
 endfacet
 facet normal 5.93798757e-01 6.09011710e-01 -5.25840104e-01
  outer loop
   vertex 2.22233658e+01 5.64445267e+01 8.58580017e+01
   vertex 2.12509537e+01 5.59673233e+01 8.14131317e+01
   vertex 2.02948456e+01 5.84752731e+01 8.60495911e+01
  endloop
 endfacet
 facet normal 7.22191751e-01 6.85132384e-01 9.50405225e-02
  outer loop
   vertex 2.02948456e+01 5.84752731e+01 8.60495911e+01
   vertex 2.12509537e+01 5.59673233e+01 8.14131317e+01
   vertex 1.93242569e+01 5.79739304e+01 8.16069489e+01
  endloop
 endfacet
 facet normal 7.07674444e-01 4.63856727e-01 -5.32948196e-01
  outer loop
   vertex 3.18541107e+01 4.32991219e+01 8.48250427e+01
   vertex 3.08087387e+01 4.30081635e+01 8.03807831e+01
   vertex 2.89784546e+01 4.79120178e+01 8.51498566e+01
  endloop
 endfacet
 facet normal 8.41817796e-01 5.31095445e-01 9.63352844e-02
  outer loop
   vertex 2.89784546e+01 4.79120178e+01 8.51498566e+01
   vertex 3.08087387e+01 4.30081635e+01 8.03807831e+01
   vertex 2.79583969e+01 4.75485611e+01 8.07049866e+01
  endloop
 endfacet
 facet normal 6.40034974e-01 5.58443964e-01 -5.27726829e-01
  outer loop
   vertex 2.57486496e+01 5.22934036e+01 8.54914246e+01
   vertex 2.47473907e+01 5.18754196e+01 8.10470123e+01
   vertex 2.37376480e+01 5.47392960e+01 8.56996613e+01
  endloop
 endfacet
 facet normal 7.70299077e-01 6.30450547e-01 9.57675725e-02
  outer loop
   vertex 2.37376480e+01 5.47392960e+01 8.56996613e+01
   vertex 2.47473907e+01 5.18754196e+01 8.10470123e+01
   vertex 2.27501297e+01 5.42906723e+01 8.12551117e+01
  endloop
 endfacet
 facet normal 6.06159627e-01 5.96464813e-01 -5.26118040e-01
  outer loop
   vertex 2.22233658e+01 5.64445267e+01 8.58580017e+01
   vertex 2.37376480e+01 5.47392960e+01 8.56996613e+01
   vertex 2.12509537e+01 5.59673233e+01 8.14131317e+01
  endloop
 endfacet
 facet normal 7.50982702e-01 6.53496385e-01 9.46969837e-02
  outer loop
   vertex 2.12509537e+01 5.59673233e+01 8.14131317e+01
   vertex 2.37376480e+01 5.47392960e+01 8.56996613e+01
   vertex 2.27501297e+01 5.42906723e+01 8.12551117e+01
  endloop
 endfacet
 facet normal 4.27295238e-01 6.39111161e-01 -6.39496446e-01
  outer loop
   vertex 4.99619293e+00 6.03172684e+01 9.19796753e+01
   vertex 7.42897034e+00 5.84227676e+01 9.16636200e+01
   vertex 4.06608582e+00 5.96579819e+01 8.75492706e+01
  endloop
 endfacet
 facet normal 6.12055004e-01 7.89061487e-01 -5.26366606e-02
  outer loop
   vertex 4.06608582e+00 5.96579819e+01 8.75492706e+01
   vertex 7.42897034e+00 5.84227676e+01 9.16636200e+01
   vertex 6.49145508e+00 5.78332596e+01 8.72247925e+01
  endloop
 endfacet
 facet normal 4.33972389e-01 6.38207674e-01 -6.35892212e-01
  outer loop
   vertex 7.42897034e+00 5.84227676e+01 9.16636200e+01
   vertex 8.96926880e+00 5.71432419e+01 9.14407959e+01
   vertex 6.49145508e+00 5.78332596e+01 8.72247925e+01
  endloop
 endfacet
 facet normal 6.30080700e-01 7.75387943e-01 -4.20933589e-02
  outer loop
   vertex 6.49145508e+00 5.78332596e+01 8.72247925e+01
   vertex 8.96926880e+00 5.71432419e+01 9.14407959e+01
   vertex 8.01793671e+00 5.65881882e+01 8.70003662e+01
  endloop
 endfacet
 facet normal 7.06152081e-01 6.95379138e-01 1.33405879e-01
  outer loop
   vertex 4.54851913e+01 1.06100464e+00 7.69752655e+01
   vertex 4.41740875e+01 2.52231598e+00 7.73101044e+01
   vertex 4.66089478e+01 1.11037445e+00 8.14097443e+01
  endloop
 endfacet
 facet normal 6.17046714e-01 6.38120413e-01 -4.60495114e-01
  outer loop
   vertex 4.66089478e+01 1.11037445e+00 8.14097443e+01
   vertex 4.41740875e+01 2.52231598e+00 7.73101044e+01
   vertex 4.51483231e+01 2.58557892e+00 8.17761993e+01
  endloop
 endfacet
 facet normal 6.72017276e-01 5.16704619e-01 -5.30480027e-01
  outer loop
   vertex 2.89784546e+01 4.79120178e+01 8.51498566e+01
   vertex 2.79583969e+01 4.75485611e+01 8.07049866e+01
   vertex 2.57486496e+01 5.22934036e+01 8.54914246e+01
  endloop
 endfacet
 facet normal 8.02552462e-01 5.88679433e-01 9.67785791e-02
  outer loop
   vertex 2.57486496e+01 5.22934036e+01 8.54914246e+01
   vertex 2.79583969e+01 4.75485611e+01 8.07049866e+01
   vertex 2.47473907e+01 5.18754196e+01 8.10470123e+01
  endloop
 endfacet
 facet normal 6.29922092e-01 -7.73370981e-01 -7.13829994e-02
  outer loop
   vertex 2.23611374e+01 1.00770302e+02 5.06218109e+01
   vertex 2.18309479e+01 1.00142021e+02 5.29958038e+01
   vertex 2.00197067e+01 9.71050491e+01 4.92039986e+01
  endloop
 endfacet
 facet normal 9.53832269e-01 -2.71964997e-01 1.27432570e-01
  outer loop
   vertex 2.00197067e+01 9.71050491e+01 4.92039986e+01
   vertex 2.18309479e+01 1.00142021e+02 5.29958038e+01
   vertex 1.94975586e+01 9.65201492e+01 5.14583740e+01
  endloop
 endfacet
 facet normal 6.51044190e-01 -7.06677437e-01 -2.77035117e-01
  outer loop
   vertex 1.05570526e+01 8.54864273e+01 8.09348450e+01
   vertex 8.81022644e+00 8.32074509e+01 8.28507996e+01
   vertex 8.96202087e+00 8.32910995e+01 7.72584991e+01
  endloop
 endfacet
 facet normal 8.63088489e-01 -4.34752464e-01 2.57037997e-01
  outer loop
   vertex 8.96202087e+00 8.32910995e+01 7.72584991e+01
   vertex 8.81022644e+00 8.32074509e+01 8.28507996e+01
   vertex 7.41946411e+00 8.13129196e+01 7.89313202e+01
  endloop
 endfacet
 facet normal 6.23365700e-01 -7.69421577e-01 -1.39304087e-01
  outer loop
   vertex 1.81059875e+01 9.53814011e+01 6.64655609e+01
   vertex 1.65328293e+01 9.35911179e+01 7.00724640e+01
   vertex 1.59353790e+01 9.20980606e+01 6.41410522e+01
  endloop
 endfacet
 facet normal 9.22377169e-01 -3.29148203e-01 2.02192545e-01
  outer loop
   vertex 1.59353790e+01 9.20980606e+01 6.41410522e+01
   vertex 1.65328293e+01 9.35911179e+01 7.00724640e+01
   vertex 1.44547806e+01 9.04563217e+01 6.74712982e+01
  endloop
 endfacet
 facet normal 6.23834074e-01 -7.60816514e-01 -1.78855330e-01
  outer loop
   vertex 1.35713959e+01 8.97358932e+01 7.61701050e+01
   vertex 1.16987915e+01 8.69975967e+01 7.30243378e+01
   vertex 1.51319962e+01 9.17149277e+01 7.32962494e+01
  endloop
 endfacet
 facet normal 8.96604717e-01 -3.72811526e-01 2.38980159e-01
  outer loop
   vertex 1.51319962e+01 9.17149277e+01 7.32962494e+01
   vertex 1.16987915e+01 8.69975967e+01 7.30243378e+01
   vertex 1.31505966e+01 8.87587051e+01 7.04280090e+01
  endloop
 endfacet
 facet normal 6.21071994e-01 -7.69518137e-01 -1.48699045e-01
  outer loop
   vertex 1.51319962e+01 9.17149277e+01 7.32962494e+01
   vertex 1.31505966e+01 8.87587051e+01 7.04280090e+01
   vertex 1.65328293e+01 9.35911179e+01 7.00724640e+01
  endloop
 endfacet
 facet normal 9.06086504e-01 -3.52839887e-01 2.33476505e-01
  outer loop
   vertex 1.65328293e+01 9.35911179e+01 7.00724640e+01
   vertex 1.31505966e+01 8.87587051e+01 7.04280090e+01
   vertex 1.44547806e+01 9.04563217e+01 6.74712982e+01
  endloop
 endfacet
 facet normal 6.15421116e-01 -7.81574845e-01 -1.01968631e-01
  outer loop
   vertex 2.08345108e+01 9.86612930e+01 5.79688492e+01
   vertex 2.00429764e+01 9.77402267e+01 6.06428719e+01
   vertex 1.85108795e+01 9.51255417e+01 5.62346840e+01
  endloop
 endfacet
 facet normal 9.39182281e-01 -3.00572157e-01 1.66111320e-01
  outer loop
   vertex 1.85108795e+01 9.51255417e+01 5.62346840e+01
   vertex 2.00429764e+01 9.77402267e+01 6.06428719e+01
   vertex 1.77601700e+01 9.42881393e+01 5.86946983e+01
  endloop
 endfacet
 facet normal 6.19812727e-01 -7.80494571e-01 -8.16115737e-02
  outer loop
   vertex 2.08345108e+01 9.86612930e+01 5.79688492e+01
   vertex 1.85108795e+01 9.51255417e+01 5.62346840e+01
   vertex 2.18309479e+01 1.00142021e+02 5.29958038e+01
  endloop
 endfacet
 facet normal 9.47997332e-01 -2.83503979e-01 1.44660071e-01
  outer loop
   vertex 2.18309479e+01 1.00142021e+02 5.29958038e+01
   vertex 1.85108795e+01 9.51255417e+01 5.62346840e+01
   vertex 1.94975586e+01 9.65201492e+01 5.14583740e+01
  endloop
 endfacet
 facet normal 8.37590456e-01 -3.37033033e-01 -4.29942995e-01
  outer loop
   vertex 4.60906982e+00 7.63834457e+01 8.67159882e+01
   vertex 3.68279266e+00 7.53387985e+01 8.23714752e+01
   vertex 5.25807190e+00 7.87535782e+01 8.56163635e+01
  endloop
 endfacet
 facet normal 9.47501540e-01 -2.79089272e-01 1.56045049e-01
  outer loop
   vertex 5.25807190e+00 7.87535782e+01 8.56163635e+01
   vertex 3.68279266e+00 7.53387985e+01 8.23714752e+01
   vertex 4.15676880e+00 7.73640823e+01 8.14002991e+01
  endloop
 endfacet
 facet normal 7.11688995e-01 -6.40213370e-01 -2.89180964e-01
  outer loop
   vertex 7.01906586e+00 8.10319443e+01 8.43502350e+01
   vertex 5.25807190e+00 7.87535782e+01 8.56163635e+01
   vertex 5.83819580e+00 7.94105759e+01 8.02424011e+01
  endloop
 endfacet
 facet normal 8.89776289e-01 -3.91087919e-01 2.35262483e-01
  outer loop
   vertex 5.83819580e+00 7.94105759e+01 8.02424011e+01
   vertex 5.25807190e+00 7.87535782e+01 8.56163635e+01
   vertex 4.15676880e+00 7.73640823e+01 8.14002991e+01
  endloop
 endfacet
 facet normal 6.33171082e-01 -7.35269666e-01 -2.41811737e-01
  outer loop
   vertex 1.05570526e+01 8.54864273e+01 8.09348450e+01
   vertex 8.96202087e+00 8.32910995e+01 7.72584991e+01
   vertex 1.20966187e+01 8.76626511e+01 7.87108154e+01
  endloop
 endfacet
 facet normal 8.76247704e-01 -4.12424326e-01 2.49191031e-01
  outer loop
   vertex 1.20966187e+01 8.76626511e+01 7.87108154e+01
   vertex 8.96202087e+00 8.32910995e+01 7.72584991e+01
   vertex 1.03418121e+01 8.51714401e+01 7.53044891e+01
  endloop
 endfacet
 facet normal 6.13590002e-01 -7.83048213e-01 -1.01699509e-01
  outer loop
   vertex 1.81059875e+01 9.53814011e+01 6.64655609e+01
   vertex 1.59353790e+01 9.20980606e+01 6.41410522e+01
   vertex 1.94161148e+01 9.70687180e+01 6.24421272e+01
  endloop
 endfacet
 facet normal 9.23999608e-01 -3.22190017e-01 2.05956981e-01
  outer loop
   vertex 1.94161148e+01 9.70687180e+01 6.24421272e+01
   vertex 1.59353790e+01 9.20980606e+01 6.41410522e+01
   vertex 1.71763000e+01 9.36738205e+01 6.03486595e+01
  endloop
 endfacet
 facet normal 6.33833766e-01 -7.43538916e-01 -2.13083521e-01
  outer loop
   vertex 1.20966187e+01 8.76626511e+01 7.87108154e+01
   vertex 1.03418121e+01 8.51714401e+01 7.53044891e+01
   vertex 1.35713959e+01 8.97358932e+01 7.61701050e+01
  endloop
 endfacet
 facet normal 8.88011992e-01 -3.89677703e-01 2.44102404e-01
  outer loop
   vertex 1.35713959e+01 8.97358932e+01 7.61701050e+01
   vertex 1.03418121e+01 8.51714401e+01 7.53044891e+01
   vertex 1.16987915e+01 8.69975967e+01 7.30243378e+01
  endloop
 endfacet
 facet normal 6.18102551e-01 -7.80718386e-01 -9.18043330e-02
  outer loop
   vertex 2.00429764e+01 9.77402267e+01 6.06428719e+01
   vertex 1.94161148e+01 9.70687180e+01 6.24421272e+01
   vertex 1.77601700e+01 9.42881393e+01 5.86946983e+01
  endloop
 endfacet
 facet normal 9.33035314e-01 -3.08772475e-01 1.84674472e-01
  outer loop
   vertex 1.77601700e+01 9.42881393e+01 5.86946983e+01
   vertex 1.94161148e+01 9.70687180e+01 6.24421272e+01
   vertex 1.71763000e+01 9.36738205e+01 6.03486595e+01
  endloop
 endfacet
 facet normal 6.56681955e-01 -7.01051712e-01 -2.78020322e-01
  outer loop
   vertex 8.81022644e+00 8.32074509e+01 8.28507996e+01
   vertex 7.01906586e+00 8.10319443e+01 8.43502350e+01
   vertex 7.41946411e+00 8.13129196e+01 7.89313202e+01
  endloop
 endfacet
 facet normal 8.40095818e-01 -4.64599639e-01 2.79975325e-01
  outer loop
   vertex 7.41946411e+00 8.13129196e+01 7.89313202e+01
   vertex 7.01906586e+00 8.10319443e+01 8.43502350e+01
   vertex 5.83819580e+00 7.94105759e+01 8.02424011e+01
  endloop
 endfacet
 facet normal 8.75516236e-01 -7.66128153e-02 -4.77076322e-01
  outer loop
   vertex 4.60906982e+00 7.63834457e+01 8.67159882e+01
   vertex 4.66599274e+00 7.36190262e+01 8.71035767e+01
   vertex 3.68279266e+00 7.53387985e+01 8.23714752e+01
  endloop
 endfacet
 facet normal 9.84035075e-01 1.59014091e-01 7.99343586e-02
  outer loop
   vertex 3.68279266e+00 7.53387985e+01 8.23714752e+01
   vertex 4.66599274e+00 7.36190262e+01 8.71035767e+01
   vertex 3.93521118e+00 7.28161087e+01 8.26592712e+01
  endloop
 endfacet
 facet normal 8.60614061e-01 -6.17789701e-02 -5.05496562e-01
  outer loop
   vertex 6.13637543e+00 7.05210495e+01 8.75239410e+01
   vertex 5.30076599e+00 6.97666702e+01 8.30911255e+01
   vertex 4.66599274e+00 7.36190262e+01 8.71035767e+01
  endloop
 endfacet
 facet normal 9.58283186e-01 2.11825833e-01 1.91893563e-01
  outer loop
   vertex 4.66599274e+00 7.36190262e+01 8.71035767e+01
   vertex 5.30076599e+00 6.97666702e+01 8.30911255e+01
   vertex 3.93521118e+00 7.28161087e+01 8.26592712e+01
  endloop
 endfacet
 facet normal 7.56564677e-01 2.06600606e-01 -6.20424092e-01
  outer loop
   vertex 8.35617065e-01 6.37282028e+01 9.24253693e+01
   vertex 4.99619293e+00 6.03172684e+01 9.19796753e+01
   vertex 8.52651283e-14 6.29738235e+01 8.79925537e+01
  endloop
 endfacet
 facet normal 8.03113401e-01 5.85177600e-01 -1.12142988e-01
  outer loop
   vertex 8.52651283e-14 6.29738235e+01 8.79925537e+01
   vertex 4.99619293e+00 6.03172684e+01 9.19796753e+01
   vertex 4.06608582e+00 5.96579819e+01 8.75492706e+01
  endloop
 endfacet
 facet normal -3.03091645e-01 2.65296489e-01 -9.15288627e-01
  outer loop
   vertex 1.65802536e+01 6.20396347e+01 8.64410858e+01
   vertex 1.10286560e+01 5.53499985e+01 9.12048187e+01
   vertex 1.44044876e+01 6.39242630e+01 8.66743469e+01
  endloop
 endfacet
 facet normal -1.25522673e-01 2.99427807e-01 -9.45826113e-01
  outer loop
   vertex 1.44044876e+01 6.39242630e+01 8.66743469e+01
   vertex 1.10286560e+01 5.53499985e+01 9.12048187e+01
   vertex 8.96926880e+00 5.71432419e+01 9.14407959e+01
  endloop
 endfacet
 facet normal 3.60943973e-01 6.77602410e-01 6.40760839e-01
  outer loop
   vertex 8.01793671e+00 5.65881882e+01 8.70003662e+01
   vertex 1.00774612e+01 5.48118668e+01 8.67622681e+01
   vertex 1.34531555e+01 6.33692093e+01 8.22339325e+01
  endloop
 endfacet
 facet normal 2.16970071e-01 6.11530662e-01 7.60890424e-01
  outer loop
   vertex 1.34531555e+01 6.33692093e+01 8.22339325e+01
   vertex 1.00774612e+01 5.48118668e+01 8.67622681e+01
   vertex 1.56290588e+01 6.15015030e+01 8.19985352e+01
  endloop
 endfacet
 facet normal 2.74598654e-02 1.74417272e-01 -9.84288871e-01
  outer loop
   vertex 4.99619293e+00 6.03172684e+01 9.19796753e+01
   vertex 1.01696625e+01 6.72374496e+01 8.71240997e+01
   vertex 7.42897034e+00 5.84227676e+01 9.16636200e+01
  endloop
 endfacet
 facet normal -1.41682506e-01 -3.81632783e-02 -9.89176214e-01
  outer loop
   vertex 7.42897034e+00 5.84227676e+01 9.16636200e+01
   vertex 1.01696625e+01 6.72374496e+01 8.71240997e+01
   vertex 1.26114731e+01 6.53827286e+01 8.68741913e+01
  endloop
 endfacet
 facet normal 4.16483283e-01 4.17248964e-01 8.07740688e-01
  outer loop
   vertex 1.16739578e+01 6.47932205e+01 8.24353485e+01
   vertex 9.23954773e+00 6.65781631e+01 8.26936951e+01
   vertex 6.49145508e+00 5.78332596e+01 8.72247925e+01
  endloop
 endfacet
 facet normal 5.27339518e-01 5.86048007e-01 6.15191638e-01
  outer loop
   vertex 6.49145508e+00 5.78332596e+01 8.72247925e+01
   vertex 9.23954773e+00 6.65781631e+01 8.26936951e+01
   vertex 4.06608582e+00 5.96579819e+01 8.75492706e+01
  endloop
 endfacet
 facet normal -1.36252001e-01 -3.08895949e-02 -9.90192533e-01
  outer loop
   vertex 1.44044876e+01 6.39242630e+01 8.66743469e+01
   vertex 8.96926880e+00 5.71432419e+01 9.14407959e+01
   vertex 1.26114731e+01 6.53827286e+01 8.68741913e+01
  endloop
 endfacet
 facet normal 3.07887923e-02 1.78807378e-01 -9.83402252e-01
  outer loop
   vertex 1.26114731e+01 6.53827286e+01 8.68741913e+01
   vertex 8.96926880e+00 5.71432419e+01 9.14407959e+01
   vertex 7.42897034e+00 5.84227676e+01 9.16636200e+01
  endloop
 endfacet
 facet normal 4.24629688e-01 4.00912076e-01 8.11762989e-01
  outer loop
   vertex 1.34531555e+01 6.33692093e+01 8.22339325e+01
   vertex 1.16739578e+01 6.47932205e+01 8.24353485e+01
   vertex 8.01793671e+00 5.65881882e+01 8.70003662e+01
  endloop
 endfacet
 facet normal 5.34014285e-01 5.70345521e-01 6.24127150e-01
  outer loop
   vertex 8.01793671e+00 5.65881882e+01 8.70003662e+01
   vertex 1.16739578e+01 6.47932205e+01 8.24353485e+01
   vertex 6.49145508e+00 5.78332596e+01 8.72247925e+01
  endloop
 endfacet
 facet normal 8.99040774e-02 -7.04875886e-02 -9.93452966e-01
  outer loop
   vertex 1.01696625e+01 6.72374496e+01 8.71240997e+01
   vertex 4.99619293e+00 6.03172684e+01 9.19796753e+01
   vertex 6.13637543e+00 7.05210495e+01 8.75239410e+01
  endloop
 endfacet
 facet normal 4.03138071e-01 -1.02276811e-02 -9.15082037e-01
  outer loop
   vertex 6.13637543e+00 7.05210495e+01 8.75239410e+01
   vertex 4.99619293e+00 6.03172684e+01 9.19796753e+01
   vertex 8.35617065e-01 6.37282028e+01 9.24253693e+01
  endloop
 endfacet
 facet normal 5.67247808e-01 3.93735707e-01 7.23327100e-01
  outer loop
   vertex 9.23954773e+00 6.65781631e+01 8.26936951e+01
   vertex 5.30076599e+00 6.97666702e+01 8.30911255e+01
   vertex 4.06608582e+00 5.96579819e+01 8.75492706e+01
  endloop
 endfacet
 facet normal 7.92561769e-01 3.68960857e-01 4.85503584e-01
  outer loop
   vertex 4.06608582e+00 5.96579819e+01 8.75492706e+01
   vertex 5.30076599e+00 6.97666702e+01 8.30911255e+01
   vertex 8.52651283e-14 6.29738235e+01 8.79925537e+01
  endloop
 endfacet
 facet normal 3.27485241e-02 -5.79423606e-02 -9.97782648e-01
  outer loop
   vertex 3.92677612e+01 2.47560425e+01 8.36505127e+01
   vertex 3.08861160e+01 2.24860229e+01 8.84250946e+01
   vertex 3.79321671e+01 2.94388733e+01 8.39253998e+01
  endloop
 endfacet
 facet normal 3.18919331e-01 -1.88730627e-01 -9.28800941e-01
  outer loop
   vertex 3.79321671e+01 2.94388733e+01 8.39253998e+01
   vertex 3.08861160e+01 2.24860229e+01 8.84250946e+01
   vertex 2.96220627e+01 2.69281845e+01 8.87111359e+01
  endloop
 endfacet
 facet normal 6.59983158e-01 5.01534082e-02 7.49604523e-01
  outer loop
   vertex 3.81980286e+01 2.47351685e+01 7.92024536e+01
   vertex 3.68563538e+01 2.93606110e+01 7.94794922e+01
   vertex 2.98163834e+01 2.24651489e+01 8.39770355e+01
  endloop
 endfacet
 facet normal 8.45205307e-01 -1.00432135e-01 5.24920344e-01
  outer loop
   vertex 2.98163834e+01 2.24651489e+01 8.39770355e+01
   vertex 3.68563538e+01 2.93606110e+01 7.94794922e+01
   vertex 2.85462570e+01 2.68499222e+01 8.42652283e+01
  endloop
 endfacet
 facet normal -1.22637860e-01 2.61091404e-02 -9.92107987e-01
  outer loop
   vertex 3.92677612e+01 2.47560425e+01 8.36505127e+01
   vertex 4.03296661e+01 2.00099030e+01 8.33922577e+01
   vertex 3.08861160e+01 2.24860229e+01 8.84250946e+01
  endloop
 endfacet
 facet normal 1.45677328e-01 9.21979994e-02 -9.85026717e-01
  outer loop
   vertex 3.08861160e+01 2.24860229e+01 8.84250946e+01
   vertex 4.03296661e+01 2.00099030e+01 8.33922577e+01
   vertex 3.19265060e+01 1.78017731e+01 8.81610565e+01
  endloop
 endfacet
 facet normal 5.71777105e-01 1.00148909e-01 8.14273417e-01
  outer loop
   vertex 3.81980286e+01 2.47351685e+01 7.92024536e+01
   vertex 2.98163834e+01 2.24651489e+01 8.39770355e+01
   vertex 3.92888031e+01 1.99955750e+01 7.89373474e+01
  endloop
 endfacet
 facet normal 7.63627052e-01 1.58028737e-01 6.26019657e-01
  outer loop
   vertex 3.92888031e+01 1.99955750e+01 7.89373474e+01
   vertex 2.98163834e+01 2.24651489e+01 8.39770355e+01
   vertex 3.08856430e+01 1.77874451e+01 8.37061462e+01
  endloop
 endfacet
 facet normal 7.63133541e-02 2.90046751e-01 -9.53964949e-01
  outer loop
   vertex 3.19265060e+01 1.78017731e+01 8.81610565e+01
   vertex 4.03296661e+01 2.00099030e+01 8.33922577e+01
   vertex 3.32549133e+01 1.30473328e+01 8.79082031e+01
  endloop
 endfacet
 facet normal -1.04504883e-01 3.58458340e-01 -9.27677929e-01
  outer loop
   vertex 3.32549133e+01 1.30473328e+01 8.79082031e+01
   vertex 4.03296661e+01 2.00099030e+01 8.33922577e+01
   vertex 4.16080399e+01 1.54342194e+01 8.31340485e+01
  endloop
 endfacet
 facet normal 6.79812133e-01 3.65584195e-01 6.35770082e-01
  outer loop
   vertex 3.08856430e+01 1.77874451e+01 8.37061462e+01
   vertex 3.21448364e+01 1.30566254e+01 8.34711304e+01
   vertex 3.92888031e+01 1.99955750e+01 7.89373474e+01
  endloop
 endfacet
 facet normal 5.24951696e-01 3.90738457e-01 7.56141007e-01
  outer loop
   vertex 3.92888031e+01 1.99955750e+01 7.89373474e+01
   vertex 3.21448364e+01 1.30566254e+01 8.34711304e+01
   vertex 4.04979706e+01 1.54435120e+01 7.86969604e+01
  endloop
 endfacet
 facet normal 4.44650143e-01 6.97632968e-01 5.61778009e-01
  outer loop
   vertex 5.28524094e+01 7.97927094e+01 1.09787941e-01
   vertex 5.28302002e+01 7.96211166e+01 1.09855652e-01
   vertex 5.30872040e+01 7.95456009e+01 1.10027790e-01
  endloop
 endfacet
 facet normal 4.97935891e-01 8.20380807e-01 2.81131953e-01
  outer loop
   vertex 5.30872040e+01 7.95456009e+01 1.10027790e-01
   vertex 5.28302002e+01 7.96211166e+01 1.09855652e-01
   vertex 5.30123367e+01 7.95689011e+01 4.41882467e+00
  endloop
 endfacet
 facet normal 3.55306566e-01 9.34083939e-01 -3.52760516e-02
  outer loop
   vertex 5.30123367e+01 7.95689011e+01 4.41882467e+00
   vertex 5.28302002e+01 7.96211166e+01 1.09855652e-01
   vertex 5.28278961e+01 7.96230850e+01 4.41870117e+00
  endloop
 endfacet
 facet normal 4.47138339e-01 7.00878263e-01 -5.55730999e-01
  outer loop
   vertex 5.30123367e+01 7.95689011e+01 4.41882467e+00
   vertex 5.28278961e+01 7.96230850e+01 4.41870117e+00
   vertex 5.28438339e+01 7.97462311e+01 4.41865349e+00
  endloop
 endfacet
 facet normal -7.56774247e-02 9.32984173e-01 -3.51871431e-01
  outer loop
   vertex 5.22110138e+01 7.96055832e+01 4.41838074e+00
   vertex 5.28278961e+01 7.96230850e+01 4.41870117e+00
   vertex 5.22133179e+01 7.96035919e+01 1.09535217e-01
  endloop
 endfacet
 facet normal 2.26232801e-02 9.36106205e-01 3.50989074e-01
  outer loop
   vertex 5.22133179e+01 7.96035919e+01 1.09535217e-01
   vertex 5.28278961e+01 7.96230850e+01 4.41870117e+00
   vertex 5.28302002e+01 7.96211166e+01 1.09855652e-01
  endloop
 endfacet
 facet normal 3.15235436e-01 5.78882158e-01 -7.52012014e-01
  outer loop
   vertex 5.20250549e+01 8.05967789e+01 4.41782284e+00
   vertex 5.23688431e+01 8.02461395e+01 4.41816902e+00
   vertex 5.22110138e+01 7.96055832e+01 4.41838074e+00
  endloop
 endfacet
 facet normal 1.66078463e-01 6.27220333e-01 -7.60928810e-01
  outer loop
   vertex 5.28278961e+01 7.96230850e+01 4.41870117e+00
   vertex 5.22110138e+01 7.96055832e+01 4.41838074e+00
   vertex 5.28438339e+01 7.97462311e+01 4.41865349e+00
  endloop
 endfacet
 facet normal 3.17441881e-01 5.75738430e-01 -7.53495812e-01
  outer loop
   vertex 5.23688431e+01 8.02461395e+01 4.41816902e+00
   vertex 5.28438339e+01 7.97462311e+01 4.41865349e+00
   vertex 5.22110138e+01 7.96055832e+01 4.41838074e+00
  endloop
 endfacet
 facet normal 3.14248174e-01 5.70570588e-01 7.58747220e-01
  outer loop
   vertex 5.20118713e+01 8.06773300e+01 1.08933926e-01
   vertex 5.22133179e+01 7.96035919e+01 1.09535217e-01
   vertex 5.28524094e+01 7.97927094e+01 1.09787941e-01
  endloop
 endfacet
 facet normal 1.63621426e-01 6.26143992e-01 7.62346208e-01
  outer loop
   vertex 5.28524094e+01 7.97927094e+01 1.09787941e-01
   vertex 5.22133179e+01 7.96035919e+01 1.09535217e-01
   vertex 5.28302002e+01 7.96211166e+01 1.09855652e-01
  endloop
 endfacet
 facet normal -3.60322684e-01 8.63866866e-01 -3.51996601e-01
  outer loop
   vertex 5.16297455e+01 7.93982925e+01 4.41816711e+00
   vertex 5.22110138e+01 7.96055832e+01 4.41838074e+00
   vertex 5.16320343e+01 7.93963013e+01 1.09336853e-01
  endloop
 endfacet
 facet normal -2.67710924e-01 8.97351801e-01 3.50842714e-01
  outer loop
   vertex 5.16320343e+01 7.93963013e+01 1.09336853e-01
   vertex 5.22110138e+01 7.96055832e+01 4.41838074e+00
   vertex 5.22133179e+01 7.96035919e+01 1.09535217e-01
  endloop
 endfacet
 facet normal 8.39303195e-01 -4.94044304e-01 -2.26914972e-01
  outer loop
   vertex 5.03679657e+01 8.17101212e+01 4.41642761e+00
   vertex 5.03702545e+01 8.17081146e+01 1.07574463e-01
   vertex 5.07853775e+01 8.18589630e+01 4.41658020e+00
  endloop
 endfacet
 facet normal 9.69761014e-01 -2.09534988e-01 1.25134736e-01
  outer loop
   vertex 5.07853775e+01 8.18589630e+01 4.41658020e+00
   vertex 5.03702545e+01 8.17081146e+01 1.07574463e-01
   vertex 5.08356323e+01 8.18751221e+01 1.72068393e+00
  endloop
 endfacet
 facet normal 8.68169725e-01 -1.94130912e-01 4.56721514e-01
  outer loop
   vertex 5.08356323e+01 8.18751221e+01 1.72068393e+00
   vertex 5.03702545e+01 8.17081146e+01 1.07574463e-01
   vertex 5.08647461e+01 8.18844452e+01 1.07760668e-01
  endloop
 endfacet
 facet normal 4.16558623e-01 1.64075747e-01 -8.94180119e-01
  outer loop
   vertex 5.03679657e+01 8.17101212e+01 4.41642761e+00
   vertex 5.07853775e+01 8.18589630e+01 4.41658020e+00
   vertex 5.16297455e+01 7.93982925e+01 4.41816711e+00
  endloop
 endfacet
 facet normal 3.88725728e-01 5.76785982e-01 -7.18477726e-01
  outer loop
   vertex 5.07853775e+01 8.18589630e+01 4.41658020e+00
   vertex 5.08403320e+01 8.18051071e+01 4.41663408e+00
   vertex 5.16297455e+01 7.93982925e+01 4.41816711e+00
  endloop
 endfacet
 facet normal 2.27021407e-02 6.24062717e-01 -7.81044364e-01
  outer loop
   vertex 5.16297455e+01 7.93982925e+01 4.41816711e+00
   vertex 5.08403320e+01 8.18051071e+01 4.41663408e+00
   vertex 5.22110138e+01 7.96055832e+01 4.41838074e+00
  endloop
 endfacet
 facet normal 3.12668979e-01 5.81635475e-01 -7.50958264e-01
  outer loop
   vertex 5.20250549e+01 8.05967789e+01 4.41782284e+00
   vertex 5.22110138e+01 7.96055832e+01 4.41838074e+00
   vertex 5.08403320e+01 8.18051071e+01 4.41663408e+00
  endloop
 endfacet
 facet normal 4.10265446e-01 1.56111568e-01 8.98505092e-01
  outer loop
   vertex 5.03702545e+01 8.17081146e+01 1.07574463e-01
   vertex 5.16320343e+01 7.93963013e+01 1.09336853e-01
   vertex 5.08647461e+01 8.18844452e+01 1.07760668e-01
  endloop
 endfacet
 facet normal 3.86522114e-01 5.63605666e-01 7.30033755e-01
  outer loop
   vertex 5.08647461e+01 8.18844452e+01 1.07760668e-01
   vertex 5.16320343e+01 7.93963013e+01 1.09336853e-01
   vertex 5.08701019e+01 8.18789825e+01 1.07768059e-01
  endloop
 endfacet
 facet normal 2.52870083e-01 5.65989792e-01 7.84673333e-01
  outer loop
   vertex 5.08701019e+01 8.18789825e+01 1.07768059e-01
   vertex 5.16320343e+01 7.93963013e+01 1.09336853e-01
   vertex 5.20118713e+01 8.06773300e+01 1.08933926e-01
  endloop
 endfacet
 facet normal 2.35709492e-02 6.18174553e-01 7.85687387e-01
  outer loop
   vertex 5.16320343e+01 7.93963013e+01 1.09336853e-01
   vertex 5.22133179e+01 7.96035919e+01 1.09535217e-01
   vertex 5.20118713e+01 8.06773300e+01 1.08933926e-01
  endloop
 endfacet
 facet normal -6.09680772e-01 7.10172951e-01 -3.52056414e-01
  outer loop
   vertex 5.11409760e+01 7.90215530e+01 4.41808319e+00
   vertex 5.16297455e+01 7.93982925e+01 4.41816711e+00
   vertex 5.11432800e+01 7.90195618e+01 1.09237671e-01
  endloop
 endfacet
 facet normal -5.31866252e-01 7.70768404e-01 3.50762576e-01
  outer loop
   vertex 5.11432800e+01 7.90195618e+01 1.09237671e-01
   vertex 5.16297455e+01 7.93982925e+01 4.41816711e+00
   vertex 5.16320343e+01 7.93963013e+01 1.09336853e-01
  endloop
 endfacet
 facet normal 6.22546077e-01 -7.25162804e-01 2.94236839e-01
  outer loop
   vertex 4.92288361e+01 8.08282928e+01 1.07383728e-01
   vertex 5.03702545e+01 8.17081146e+01 1.07574463e-01
   vertex 4.92265472e+01 8.08302994e+01 4.41622162e+00
  endloop
 endfacet
 facet normal 5.43028176e-01 -7.86971450e-01 -2.92910099e-01
  outer loop
   vertex 4.92265472e+01 8.08302994e+01 4.41622162e+00
   vertex 5.03702545e+01 8.17081146e+01 1.07574463e-01
   vertex 5.03679657e+01 8.17101212e+01 4.41642761e+00
  endloop
 endfacet
 facet normal 1.81527749e-01 -3.11662644e-01 -9.32691872e-01
  outer loop
   vertex 4.92265472e+01 8.08302994e+01 4.41622162e+00
   vertex 5.03679657e+01 8.17101212e+01 4.41642761e+00
   vertex 5.11409760e+01 7.90215530e+01 4.41808319e+00
  endloop
 endfacet
 facet normal -2.00761929e-01 1.76254466e-01 -9.63653982e-01
  outer loop
   vertex 5.11409760e+01 7.90215530e+01 4.41808319e+00
   vertex 5.03679657e+01 8.17101212e+01 4.41642761e+00
   vertex 5.16297455e+01 7.93982925e+01 4.41816711e+00
  endloop
 endfacet
 facet normal -1.20154239e-01 2.40073591e-01 9.63289976e-01
  outer loop
   vertex 5.11432800e+01 7.90195618e+01 1.09237671e-01
   vertex 5.16320343e+01 7.93963013e+01 1.09336853e-01
   vertex 4.92288361e+01 8.08282928e+01 1.07383728e-01
  endloop
 endfacet
 facet normal 2.54386783e-01 -2.53862172e-01 9.33188796e-01
  outer loop
   vertex 4.92288361e+01 8.08282928e+01 1.07383728e-01
   vertex 5.16320343e+01 7.93963013e+01 1.09336853e-01
   vertex 5.03702545e+01 8.17081146e+01 1.07574463e-01
  endloop
 endfacet
 facet normal -7.99336195e-01 4.86946553e-01 -3.52057755e-01
  outer loop
   vertex 5.07925568e+01 7.85121994e+01 4.41813660e+00
   vertex 5.11409760e+01 7.90215530e+01 4.41808319e+00
   vertex 5.07948608e+01 7.85102005e+01 1.09283447e-01
  endloop
 endfacet
 facet normal -7.43977427e-01 5.68749785e-01 3.50743860e-01
  outer loop
   vertex 5.07948608e+01 7.85102005e+01 1.09283447e-01
   vertex 5.11409760e+01 7.90215530e+01 4.41808319e+00
   vertex 5.11432800e+01 7.90195618e+01 1.09237671e-01
  endloop
 endfacet
 facet normal 8.16202104e-01 -4.97234613e-01 2.94231027e-01
  outer loop
   vertex 4.84151917e+01 7.96388321e+01 1.07490540e-01
   vertex 4.92288361e+01 8.08282928e+01 1.07383728e-01
   vertex 4.84129028e+01 7.96408234e+01 4.41634369e+00
  endloop
 endfacet
 facet normal 7.59604573e-01 -5.80701411e-01 -2.92893738e-01
  outer loop
   vertex 4.84129028e+01 7.96408234e+01 4.41634369e+00
   vertex 4.92288361e+01 8.08282928e+01 1.07383728e-01
   vertex 4.92265472e+01 8.08302994e+01 4.41622162e+00
  endloop
 endfacet
 facet normal 2.68840104e-01 -2.40487069e-01 -9.32679474e-01
  outer loop
   vertex 4.84129028e+01 7.96408234e+01 4.41634369e+00
   vertex 4.92265472e+01 8.08302994e+01 4.41622162e+00
   vertex 5.07925568e+01 7.85121994e+01 4.41813660e+00
  endloop
 endfacet
 facet normal -2.45513678e-01 1.05404794e-01 -9.63645637e-01
  outer loop
   vertex 5.07925568e+01 7.85121994e+01 4.41813660e+00
   vertex 4.92265472e+01 8.08302994e+01 4.41622162e+00
   vertex 5.11409760e+01 7.90215530e+01 4.41808319e+00
  endloop
 endfacet
 facet normal -1.88348144e-01 1.91371769e-01 9.63276625e-01
  outer loop
   vertex 5.07948608e+01 7.85102005e+01 1.09283447e-01
   vertex 5.11432800e+01 7.90195618e+01 1.09237671e-01
   vertex 4.84151917e+01 7.96388321e+01 1.07490540e-01
  endloop
 endfacet
 facet normal 3.20496500e-01 -1.62655741e-01 9.33180094e-01
  outer loop
   vertex 4.84151917e+01 7.96388321e+01 1.07490540e-01
   vertex 5.11432800e+01 7.90195618e+01 1.09237671e-01
   vertex 4.92288361e+01 8.08282928e+01 1.07383728e-01
  endloop
 endfacet
 facet normal -9.10728753e-01 2.16043055e-01 -3.51992249e-01
  outer loop
   vertex 5.06185760e+01 7.79201050e+01 4.41831970e+00
   vertex 5.07925568e+01 7.85121994e+01 4.41813660e+00
   vertex 5.06208801e+01 7.79181061e+01 1.09474182e-01
  endloop
 endfacet
 facet normal -8.83275568e-01 3.11082155e-01 3.50787878e-01
  outer loop
   vertex 5.06208801e+01 7.79181061e+01 1.09474182e-01
   vertex 5.07925568e+01 7.85121994e+01 4.41813660e+00
   vertex 5.07948608e+01 7.85102005e+01 1.09283447e-01
  endloop
 endfacet
 facet normal 9.29942429e-01 -2.20620543e-01 2.94166088e-01
  outer loop
   vertex 4.80089264e+01 7.82561493e+01 1.07917786e-01
   vertex 4.84151917e+01 7.96388321e+01 1.07490540e-01
   vertex 4.80066223e+01 7.82581253e+01 4.41676331e+00
  endloop
 endfacet
 facet normal 9.01840448e-01 -3.17601264e-01 -2.92938977e-01
  outer loop
   vertex 4.80066223e+01 7.82581253e+01 4.41676331e+00
   vertex 4.84151917e+01 7.96388321e+01 1.07490540e-01
   vertex 4.84129028e+01 7.96408234e+01 4.41634369e+00
  endloop
 endfacet
 facet normal 3.29889864e-01 -1.45812660e-01 -9.32690382e-01
  outer loop
   vertex 4.80066223e+01 7.82581253e+01 4.41676331e+00
   vertex 4.84129028e+01 7.96408234e+01 4.41634369e+00
   vertex 5.06185760e+01 7.79201050e+01 4.41831970e+00
  endloop
 endfacet
 facet normal -2.66181380e-01 2.42012944e-02 -9.63619113e-01
  outer loop
   vertex 5.06185760e+01 7.79201050e+01 4.41831970e+00
   vertex 4.84129028e+01 7.96408234e+01 4.41634369e+00
   vertex 5.07925568e+01 7.85121994e+01 4.41813660e+00
  endloop
 endfacet
 facet normal -2.38154486e-01 1.23987272e-01 9.63280618e-01
  outer loop
   vertex 5.06208801e+01 7.79181061e+01 1.09474182e-01
   vertex 5.07948608e+01 7.85102005e+01 1.09283447e-01
   vertex 4.80089264e+01 7.82561493e+01 1.07917786e-01
  endloop
 endfacet
 facet normal 3.55181962e-01 -5.54760695e-02 9.33149636e-01
  outer loop
   vertex 4.80089264e+01 7.82561493e+01 1.07917786e-01
   vertex 5.07948608e+01 7.85102005e+01 1.09283447e-01
   vertex 4.84151917e+01 7.96388321e+01 1.07490540e-01
  endloop
 endfacet
 facet normal -9.32956100e-01 -7.60317370e-02 -3.51869375e-01
  outer loop
   vertex 5.06360931e+01 7.73032227e+01 4.41860962e+00
   vertex 5.06185760e+01 7.79201050e+01 4.41831970e+00
   vertex 5.06383972e+01 7.73012314e+01 1.09764099e-01
  endloop
 endfacet
 facet normal -9.36134279e-01 2.29730774e-02 3.50891501e-01
  outer loop
   vertex 5.06383972e+01 7.73012314e+01 1.09764099e-01
   vertex 5.06185760e+01 7.79201050e+01 4.41831970e+00
   vertex 5.06208801e+01 7.79181061e+01 1.09474182e-01
  endloop
 endfacet
 facet normal 9.52637613e-01 7.76035264e-02 2.94039518e-01
  outer loop
   vertex 4.80498199e+01 7.68155823e+01 1.08604431e-01
   vertex 4.80089264e+01 7.82561493e+01 1.07917786e-01
   vertex 4.80475159e+01 7.68175735e+01 4.41745758e+00
  endloop
 endfacet
 facet normal 9.55811501e-01 -2.34253462e-02 -2.93045431e-01
  outer loop
   vertex 4.80475159e+01 7.68175735e+01 4.41745758e+00
   vertex 4.80089264e+01 7.82561493e+01 1.07917786e-01
   vertex 4.80066223e+01 7.82581253e+01 4.41676331e+00
  endloop
 endfacet
 facet normal 3.58692646e-01 -3.69081236e-02 -9.32725787e-01
  outer loop
   vertex 4.80475159e+01 7.68175735e+01 4.41745758e+00
   vertex 4.80066223e+01 7.82581253e+01 4.41676331e+00
   vertex 5.06360931e+01 7.73032227e+01 4.41860962e+00
  endloop
 endfacet
 facet normal -2.60743618e-01 -5.94189502e-02 -9.63577807e-01
  outer loop
   vertex 5.06360931e+01 7.73032227e+01 4.41860962e+00
   vertex 4.80066223e+01 7.82581253e+01 4.41676331e+00
   vertex 5.06185760e+01 7.79201050e+01 4.41831970e+00
  endloop
 endfacet
 facet normal -2.64699966e-01 4.45033833e-02 9.63303387e-01
  outer loop
   vertex 5.06383972e+01 7.73012314e+01 1.09764099e-01
   vertex 5.06208801e+01 7.79181061e+01 1.09474182e-01
   vertex 4.80498199e+01 7.68155823e+01 1.08604431e-01
  endloop
 endfacet
 facet normal 3.55050951e-01 5.71724623e-02 9.33097064e-01
  outer loop
   vertex 4.80498199e+01 7.68155823e+01 1.08604431e-01
   vertex 5.06208801e+01 7.79181061e+01 1.09474182e-01
   vertex 4.80089264e+01 7.82561493e+01 1.07917786e-01
  endloop
 endfacet
 facet normal -8.63844275e-01 -3.60669702e-01 -3.51696551e-01
  outer loop
   vertex 5.08433685e+01 7.67219467e+01 4.41898346e+00
   vertex 5.06360931e+01 7.73032227e+01 4.41860962e+00
   vertex 5.08456726e+01 7.67199554e+01 1.10137939e-01
  endloop
 endfacet
 facet normal -8.97374749e-01 -2.67366737e-01 3.51046473e-01
  outer loop
   vertex 5.08456726e+01 7.67199554e+01 1.10137939e-01
   vertex 5.06360931e+01 7.73032227e+01 4.41860962e+00
   vertex 5.06383972e+01 7.73012314e+01 1.09764099e-01
  endloop
 endfacet
 facet normal 8.82065833e-01 3.68240535e-01 2.93868542e-01
  outer loop
   vertex 4.85338745e+01 7.54581757e+01 1.09489441e-01
   vertex 4.80498199e+01 7.68155823e+01 1.08604431e-01
   vertex 4.85315704e+01 7.54601669e+01 4.41833496e+00
  endloop
 endfacet
 facet normal 9.16234672e-01 2.73030460e-01 -2.93203592e-01
  outer loop
   vertex 4.85315704e+01 7.54601669e+01 4.41833496e+00
   vertex 4.80498199e+01 7.68155823e+01 1.08604431e-01
   vertex 4.80475159e+01 7.68175735e+01 4.41745758e+00
  endloop
 endfacet
 facet normal 3.52431715e-01 7.55696818e-02 -9.32781398e-01
  outer loop
   vertex 4.85315704e+01 7.54601669e+01 4.41833496e+00
   vertex 4.80475159e+01 7.68175735e+01 4.41745758e+00
   vertex 5.08433685e+01 7.67219467e+01 4.41898346e+00
  endloop
 endfacet
 facet normal -2.29739189e-01 -1.37261853e-01 -9.63524282e-01
  outer loop
   vertex 5.08433685e+01 7.67219467e+01 4.41898346e+00
   vertex 4.80475159e+01 7.68175735e+01 4.41745758e+00
   vertex 5.06360931e+01 7.73032227e+01 4.41860962e+00
  endloop
 endfacet
 facet normal -2.65386552e-01 -3.92920263e-02 9.63341117e-01
  outer loop
   vertex 5.08456726e+01 7.67199554e+01 1.10137939e-01
   vertex 5.06383972e+01 7.73012314e+01 1.09764099e-01
   vertex 4.85338745e+01 7.54581757e+01 1.09489441e-01
  endloop
 endfacet
 facet normal 3.20114642e-01 1.64262384e-01 9.33029711e-01
  outer loop
   vertex 4.85338745e+01 7.54581757e+01 1.09489441e-01
   vertex 5.06383972e+01 7.73012314e+01 1.09764099e-01
   vertex 4.80498199e+01 7.68155823e+01 1.08604431e-01
  endloop
 endfacet
 facet normal -7.10151613e-01 -6.10027075e-01 -3.51499259e-01
  outer loop
   vertex 5.12201233e+01 7.62331772e+01 4.41941833e+00
   vertex 5.08433685e+01 7.67219467e+01 4.41898346e+00
   vertex 5.12224121e+01 7.62311783e+01 1.10557556e-01
  endloop
 endfacet
 facet normal -7.70793557e-01 -5.31511724e-01 3.51244301e-01
  outer loop
   vertex 5.12224121e+01 7.62311783e+01 1.10557556e-01
   vertex 5.08433685e+01 7.67219467e+01 4.41898346e+00
   vertex 5.08456726e+01 7.67199554e+01 1.10137939e-01
  endloop
 endfacet
 facet normal 7.25139976e-01 6.22841775e-01 2.93666601e-01
  outer loop
   vertex 4.94136963e+01 7.43167725e+01 1.10488892e-01
   vertex 4.85338745e+01 7.54581757e+01 1.09489441e-01
   vertex 4.94113922e+01 7.43187637e+01 4.41933441e+00
  endloop
 endfacet
 facet normal 7.86988735e-01 5.42740226e-01 -2.93396950e-01
  outer loop
   vertex 4.94113922e+01 7.43187637e+01 4.41933441e+00
   vertex 4.85338745e+01 7.54581757e+01 1.09489441e-01
   vertex 4.85315704e+01 7.54601669e+01 4.41833496e+00
  endloop
 endfacet
 facet normal 3.11727732e-01 1.80598289e-01 -9.32850540e-01
  outer loop
   vertex 4.94113922e+01 7.43187637e+01 4.41933441e+00
   vertex 4.85315704e+01 7.54601669e+01 4.41833496e+00
   vertex 5.12201233e+01 7.62331772e+01 4.41941833e+00
  endloop
 endfacet
 facet normal -1.76186934e-01 -2.01716989e-01 -9.63466883e-01
  outer loop
   vertex 5.12201233e+01 7.62331772e+01 4.41941833e+00
   vertex 4.85315704e+01 7.54601669e+01 4.41833496e+00
   vertex 5.08433685e+01 7.67219467e+01 4.41898346e+00
  endloop
 endfacet
 facet normal -2.40136981e-01 -1.19190745e-01 9.63393867e-01
  outer loop
   vertex 5.12224121e+01 7.62311783e+01 1.10557556e-01
   vertex 5.08456726e+01 7.67199554e+01 1.10137939e-01
   vertex 4.94136963e+01 7.43167725e+01 1.10488892e-01
  endloop
 endfacet
 facet normal 2.53796011e-01 2.55320102e-01 9.32951868e-01
  outer loop
   vertex 4.94136963e+01 7.43167725e+01 1.10488892e-01
   vertex 5.08456726e+01 7.67199554e+01 1.10137939e-01
   vertex 4.85338745e+01 7.54581757e+01 1.09489441e-01
  endloop
 endfacet
 facet normal -4.86919224e-01 -7.99686015e-01 -3.51300299e-01
  outer loop
   vertex 5.17294769e+01 7.58847580e+01 4.41985321e+00
   vertex 5.12201233e+01 7.62331772e+01 4.41941833e+00
   vertex 5.17317810e+01 7.58827744e+01 1.11000061e-01
  endloop
 endfacet
 facet normal -5.68774223e-01 -7.43627369e-01 3.51445913e-01
  outer loop
   vertex 5.17317810e+01 7.58827744e+01 1.11000061e-01
   vertex 5.12201233e+01 7.62331772e+01 4.41941833e+00
   vertex 5.12224121e+01 7.62311783e+01 1.10557556e-01
  endloop
 endfacet
 facet normal 4.97212887e-01 8.16495001e-01 2.93453991e-01
  outer loop
   vertex 5.06031494e+01 7.35031052e+01 1.11495972e-01
   vertex 4.94136963e+01 7.43167725e+01 1.10488892e-01
   vertex 5.06008606e+01 7.35051041e+01 4.42034149e+00
  endloop
 endfacet
 facet normal 5.80722570e-01 7.59312749e-01 -2.93607652e-01
  outer loop
   vertex 5.06008606e+01 7.35051041e+01 4.42034149e+00
   vertex 4.94136963e+01 7.43167725e+01 1.10488892e-01
   vertex 4.94113922e+01 7.43187637e+01 4.41933441e+00
  endloop
 endfacet
 facet normal 2.40554288e-01 2.67912656e-01 -9.32928979e-01
  outer loop
   vertex 5.06008606e+01 7.35051041e+01 4.42034149e+00
   vertex 4.94113922e+01 7.43187637e+01 4.41933441e+00
   vertex 5.17294769e+01 7.58847580e+01 4.41985321e+00
  endloop
 endfacet
 facet normal -1.05334938e-01 -2.46471941e-01 -9.63408589e-01
  outer loop
   vertex 5.17294769e+01 7.58847580e+01 4.41985321e+00
   vertex 4.94113922e+01 7.43187637e+01 4.41933441e+00
   vertex 5.12201233e+01 7.62331772e+01 4.41941833e+00
  endloop
 endfacet
 facet normal -1.91438258e-01 -1.87386662e-01 9.63450909e-01
  outer loop
   vertex 5.17317810e+01 7.58827744e+01 1.11000061e-01
   vertex 5.12224121e+01 7.62311783e+01 1.10557556e-01
   vertex 5.06031494e+01 7.35031052e+01 1.11495972e-01
  endloop
 endfacet
 facet normal 1.62590101e-01 3.21428716e-01 9.32870865e-01
  outer loop
   vertex 5.06031494e+01 7.35031052e+01 1.11495972e-01
   vertex 5.12224121e+01 7.62311783e+01 1.10557556e-01
   vertex 4.94136963e+01 7.43167725e+01 1.10488892e-01
  endloop
 endfacet
 facet normal -2.16013700e-01 -9.11081851e-01 -3.51095349e-01
  outer loop
   vertex 5.23215942e+01 7.57107925e+01 4.42023468e+00
   vertex 5.17294769e+01 7.58847580e+01 4.41985321e+00
   vertex 5.23238831e+01 7.57087860e+01 1.11396790e-01
  endloop
 endfacet
 facet normal -3.11103433e-01 -8.82927716e-01 3.51643711e-01
  outer loop
   vertex 5.23238831e+01 7.57087860e+01 1.11396790e-01
   vertex 5.17294769e+01 7.58847580e+01 4.41985321e+00
   vertex 5.17317810e+01 7.58827744e+01 1.11000061e-01
  endloop
 endfacet
 facet normal 2.20600471e-01 9.30235267e-01 2.93253720e-01
  outer loop
   vertex 5.19858551e+01 7.30968552e+01 1.12426758e-01
   vertex 5.06031494e+01 7.35031052e+01 1.11495972e-01
   vertex 5.19835358e+01 7.30988388e+01 4.42127228e+00
  endloop
 endfacet
 facet normal 3.17621738e-01 9.01548088e-01 -2.93815374e-01
  outer loop
   vertex 5.19835358e+01 7.30988388e+01 4.42127228e+00
   vertex 5.06031494e+01 7.35031052e+01 1.11495972e-01
   vertex 5.06008606e+01 7.35051041e+01 4.42034149e+00
  endloop
 endfacet
 facet normal 1.45879611e-01 3.28957349e-01 -9.33009207e-01
  outer loop
   vertex 5.19835358e+01 7.30988388e+01 4.42127228e+00
   vertex 5.06008606e+01 7.35051041e+01 4.42034149e+00
   vertex 5.23215942e+01 7.57107925e+01 4.42023468e+00
  endloop
 endfacet
 facet normal -2.41311211e-02 -2.67144173e-01 -9.63354409e-01
  outer loop
   vertex 5.23215942e+01 7.57107925e+01 4.42023468e+00
   vertex 5.06008606e+01 7.35051041e+01 4.42034149e+00
   vertex 5.17294769e+01 7.58847580e+01 4.41985321e+00
  endloop
 endfacet
 facet normal -1.24052539e-01 -2.37196803e-01 9.63508487e-01
  outer loop
   vertex 5.23238831e+01 7.57087860e+01 1.11396790e-01
   vertex 5.17317810e+01 7.58827744e+01 1.11000061e-01
   vertex 5.19858551e+01 7.30968552e+01 1.12426758e-01
  endloop
 endfacet
 facet normal 5.54112643e-02 3.56109709e-01 9.32799816e-01
  outer loop
   vertex 5.19858551e+01 7.30968552e+01 1.12426758e-01
   vertex 5.17317810e+01 7.58827744e+01 1.11000061e-01
   vertex 5.06031494e+01 7.35031052e+01 1.11495972e-01
  endloop
 endfacet
 facet normal 7.60560036e-02 -9.33308065e-01 -3.50929558e-01
  outer loop
   vertex 5.29384460e+01 7.57282944e+01 4.42056274e+00
   vertex 5.23215942e+01 7.57107925e+01 4.42023468e+00
   vertex 5.29407501e+01 7.57263031e+01 1.11724854e-01
  endloop
 endfacet
 facet normal -2.29969304e-02 -9.35782731e-01 3.51826429e-01
  outer loop
   vertex 5.29407501e+01 7.57263031e+01 1.11724854e-01
   vertex 5.23215942e+01 7.57107925e+01 4.42023468e+00
   vertex 5.23238831e+01 7.57087860e+01 1.11396790e-01
  endloop
 endfacet
 facet normal -7.76187703e-02 9.52929497e-01 2.93088257e-01
  outer loop
   vertex 5.34264069e+01 7.31377335e+01 1.13166809e-01
   vertex 5.19858551e+01 7.30968552e+01 1.12426758e-01
   vertex 5.34241028e+01 7.31397171e+01 4.42201233e+00
  endloop
 endfacet
 facet normal 2.34496724e-02 9.55519497e-01 -2.93994159e-01
  outer loop
   vertex 5.34241028e+01 7.31397171e+01 4.42201233e+00
   vertex 5.19858551e+01 7.30968552e+01 1.12426758e-01
   vertex 5.19835358e+01 7.30988388e+01 4.42127228e+00
  endloop
 endfacet
 facet normal 3.69790383e-02 3.57765704e-01 -9.33078885e-01
  outer loop
   vertex 5.34241028e+01 7.31397171e+01 4.42201233e+00
   vertex 5.19835358e+01 7.30988388e+01 4.42127228e+00
   vertex 5.29384460e+01 7.57282944e+01 4.42056274e+00
  endloop
 endfacet
 facet normal 5.94884157e-02 -2.61709213e-01 -9.63311672e-01
  outer loop
   vertex 5.29384460e+01 7.57282944e+01 4.42056274e+00
   vertex 5.19835358e+01 7.30988388e+01 4.42127228e+00
   vertex 5.23215942e+01 7.57107925e+01 4.42023468e+00
  endloop
 endfacet
 facet normal -4.45694067e-02 -2.63739586e-01 9.63563681e-01
  outer loop
   vertex 5.29407501e+01 7.57263031e+01 1.11724854e-01
   vertex 5.23238831e+01 7.57087860e+01 1.11396790e-01
   vertex 5.34264069e+01 7.31377335e+01 1.13166809e-01
  endloop
 endfacet
 facet normal -5.72341904e-02 3.55979502e-01 9.32739437e-01
  outer loop
   vertex 5.34264069e+01 7.31377335e+01 1.13166809e-01
   vertex 5.23238831e+01 7.57087860e+01 1.11396790e-01
   vertex 5.19858551e+01 7.30968552e+01 1.12426758e-01
  endloop
 endfacet
 facet normal 3.60700041e-01 -8.64191055e-01 -3.50812346e-01
  outer loop
   vertex 5.35197296e+01 7.59355698e+01 4.42077637e+00
   vertex 5.29384460e+01 7.57282944e+01 4.42056274e+00
   vertex 5.35220337e+01 7.59335861e+01 1.11930847e-01
  endloop
 endfacet
 facet normal 2.67341137e-01 -8.97024810e-01 3.51959050e-01
  outer loop
   vertex 5.35220337e+01 7.59335861e+01 1.11930847e-01
   vertex 5.29384460e+01 7.57282944e+01 4.42056274e+00
   vertex 5.29407501e+01 7.57263031e+01 1.11724854e-01
  endloop
 endfacet
 facet normal -3.68257314e-01 8.82360518e-01 2.92961508e-01
  outer loop
   vertex 5.47838135e+01 7.36217728e+01 1.13677979e-01
   vertex 5.34264069e+01 7.31377335e+01 1.13166809e-01
   vertex 5.47815094e+01 7.36237717e+01 4.42253113e+00
  endloop
 endfacet
 facet normal -2.73000747e-01 9.15944874e-01 -2.94135302e-01
  outer loop
   vertex 5.47815094e+01 7.36237717e+01 4.42253113e+00
   vertex 5.34264069e+01 7.31377335e+01 1.13166809e-01
   vertex 5.34241028e+01 7.31397171e+01 4.42201233e+00
  endloop
 endfacet
 facet normal -7.54923522e-02 3.51506799e-01 -9.33136582e-01
  outer loop
   vertex 5.47815094e+01 7.36237717e+01 4.42253113e+00
   vertex 5.34241028e+01 7.31397171e+01 4.42201233e+00
   vertex 5.35197296e+01 7.59355698e+01 4.42077637e+00
  endloop
 endfacet
 facet normal 1.37338728e-01 -2.30691776e-01 -9.63285744e-01
  outer loop
   vertex 5.35197296e+01 7.59355698e+01 4.42077637e+00
   vertex 5.34241028e+01 7.31397171e+01 4.42201233e+00
   vertex 5.29384460e+01 7.57282944e+01 4.42056274e+00
  endloop
 endfacet
 facet normal 3.92206796e-02 -2.64426053e-01 9.63608146e-01
  outer loop
   vertex 5.35220337e+01 7.59335861e+01 1.11930847e-01
   vertex 5.29407501e+01 7.57263031e+01 1.11724854e-01
   vertex 5.47838135e+01 7.36217728e+01 1.13677979e-01
  endloop
 endfacet
 facet normal -1.64329544e-01 3.21043670e-01 9.32698667e-01
  outer loop
   vertex 5.47838135e+01 7.36217728e+01 1.13677979e-01
   vertex 5.29407501e+01 7.57263031e+01 1.11724854e-01
   vertex 5.34264069e+01 7.31377335e+01 1.13166809e-01
  endloop
 endfacet
 facet normal 6.10061288e-01 -7.10492253e-01 -3.50750685e-01
  outer loop
   vertex 5.40084991e+01 7.63123398e+01 4.42087555e+00
   vertex 5.35197296e+01 7.59355698e+01 4.42077637e+00
   vertex 5.40108032e+01 7.63103333e+01 1.12022400e-01
  endloop
 endfacet
 facet normal 5.31494915e-01 -7.70438373e-01 3.52048039e-01
  outer loop
   vertex 5.40108032e+01 7.63103333e+01 1.12022400e-01
   vertex 5.35197296e+01 7.59355698e+01 4.42077637e+00
   vertex 5.35220337e+01 7.59335861e+01 1.11930847e-01
  endloop
 endfacet
 facet normal -6.22866273e-01 7.25429773e-01 2.92898029e-01
  outer loop
   vertex 5.59252167e+01 7.45015945e+01 1.13876343e-01
   vertex 5.47838135e+01 7.36217728e+01 1.13677979e-01
   vertex 5.59229279e+01 7.45035934e+01 4.42272949e+00
  endloop
 endfacet
 facet normal -5.42718470e-01 7.86695242e-01 -2.94223249e-01
  outer loop
   vertex 5.59229279e+01 7.45035934e+01 4.42272949e+00
   vertex 5.47838135e+01 7.36217728e+01 1.13677979e-01
   vertex 5.47815094e+01 7.36237717e+01 4.42253113e+00
  endloop
 endfacet
 facet normal -1.80527344e-01 3.10797781e-01 -9.33174491e-01
  outer loop
   vertex 5.59229279e+01 7.45035934e+01 4.42272949e+00
   vertex 5.47815094e+01 7.36237717e+01 4.42253113e+00
   vertex 5.40084991e+01 7.63123398e+01 4.42087555e+00
  endloop
 endfacet
 facet normal 2.01794237e-01 -1.77140713e-01 -9.63275790e-01
  outer loop
   vertex 5.40084991e+01 7.63123398e+01 4.42087555e+00
   vertex 5.47815094e+01 7.36237717e+01 4.42253113e+00
   vertex 5.35197296e+01 7.59355698e+01 4.42077637e+00
  endloop
 endfacet
 facet normal 9.11101997e-01 -2.16383234e-01 -3.50815326e-01
  outer loop
   vertex 5.45308990e+01 7.74137650e+01 4.42063141e+00
   vertex 5.43569183e+01 7.68216934e+01 4.42082214e+00
   vertex 5.45332031e+01 7.74117889e+01 1.11793518e-01
  endloop
 endfacet
 facet normal 8.82898986e-01 -3.10764313e-01 3.52015465e-01
  outer loop
   vertex 5.45332031e+01 7.74117889e+01 1.11793518e-01
   vertex 5.43569183e+01 7.68216934e+01 4.42082214e+00
   vertex 5.43592072e+01 7.68197021e+01 1.11976624e-01
  endloop
 endfacet
 facet normal 7.99710453e-01 -4.87272084e-01 -3.50755095e-01
  outer loop
   vertex 5.43569183e+01 7.68216934e+01 4.42082214e+00
   vertex 5.40084991e+01 7.63123398e+01 4.42087555e+00
   vertex 5.43592072e+01 7.68197021e+01 1.11976624e-01
  endloop
 endfacet
 facet normal 7.43607521e-01 -5.68420768e-01 3.52059156e-01
  outer loop
   vertex 5.43592072e+01 7.68197021e+01 1.11976624e-01
   vertex 5.40084991e+01 7.63123398e+01 4.42087555e+00
   vertex 5.40108032e+01 7.63103333e+01 1.12022400e-01
  endloop
 endfacet
 facet normal 1.19125150e-01 -2.39176020e-01 9.63641047e-01
  outer loop
   vertex 5.40108032e+01 7.63103333e+01 1.12022400e-01
   vertex 5.35220337e+01 7.59335861e+01 1.11930847e-01
   vertex 5.59252167e+01 7.45015945e+01 1.13876343e-01
  endloop
 endfacet
 facet normal -2.55388707e-01 2.54726529e-01 9.32679474e-01
  outer loop
   vertex 5.59252167e+01 7.45015945e+01 1.13876343e-01
   vertex 5.35220337e+01 7.59335861e+01 1.11930847e-01
   vertex 5.47838135e+01 7.36217728e+01 1.13677979e-01
  endloop
 endfacet
 facet normal -5.22445962e-02 9.06910598e-01 4.18071419e-01
  outer loop
   vertex 5.66928787e+01 7.56238327e+01 1.13768339e-01
   vertex 5.59252167e+01 7.45015945e+01 1.13876343e-01
   vertex 5.66817017e+01 7.56092606e+01 1.53512204e+00
  endloop
 endfacet
 facet normal -4.89654213e-01 8.71907949e-01 3.90223181e-03
  outer loop
   vertex 5.59252167e+01 7.45015945e+01 1.13876343e-01
   vertex 5.59229279e+01 7.45035934e+01 4.42272949e+00
   vertex 5.66817017e+01 7.56092606e+01 1.53512204e+00
  endloop
 endfacet
 facet normal -5.23264073e-02 9.13459122e-01 -4.03552175e-01
  outer loop
   vertex 5.59229279e+01 7.45035934e+01 4.42272949e+00
   vertex 5.66570435e+01 7.55767975e+01 4.42260551e+00
   vertex 5.66817017e+01 7.56092606e+01 1.53512204e+00
  endloop
 endfacet
 facet normal 2.03109905e-01 4.26352203e-01 -8.81459117e-01
  outer loop
   vertex 5.59229279e+01 7.45035934e+01 4.42272949e+00
   vertex 5.40084991e+01 7.63123398e+01 4.42087555e+00
   vertex 5.66570435e+01 7.55767975e+01 4.42260551e+00
  endloop
 endfacet
 facet normal 5.99622726e-01 3.30252856e-01 -7.28962064e-01
  outer loop
   vertex 5.66570435e+01 7.55767975e+01 4.42260551e+00
   vertex 5.40084991e+01 7.63123398e+01 4.42087555e+00
   vertex 5.64309464e+01 7.58380127e+01 4.42236519e+00
  endloop
 endfacet
 facet normal 5.93754232e-01 -1.02153562e-01 -7.98135638e-01
  outer loop
   vertex 5.40084991e+01 7.63123398e+01 4.42087555e+00
   vertex 5.43569183e+01 7.68216934e+01 4.42082214e+00
   vertex 5.64309464e+01 7.58380127e+01 4.42236519e+00
  endloop
 endfacet
 facet normal 5.98596334e-01 2.34977230e-01 -7.65812099e-01
  outer loop
   vertex 5.64309464e+01 7.58380127e+01 4.42236519e+00
   vertex 5.43569183e+01 7.68216934e+01 4.42082214e+00
   vertex 5.54918823e+01 7.69229431e+01 4.42137146e+00
  endloop
 endfacet
 facet normal 5.93445182e-01 2.42771357e-01 -7.67388344e-01
  outer loop
   vertex 5.54918823e+01 7.69229431e+01 4.42137146e+00
   vertex 5.43569183e+01 7.68216934e+01 4.42082214e+00
   vertex 5.51022797e+01 7.73398209e+01 4.42096996e+00
  endloop
 endfacet
 facet normal 6.31984711e-01 4.00093459e-02 -7.73947418e-01
  outer loop
   vertex 5.43569183e+01 7.68216934e+01 4.42082214e+00
   vertex 5.45308990e+01 7.74137650e+01 4.42063141e+00
   vertex 5.51022797e+01 7.73398209e+01 4.42096996e+00
  endloop
 endfacet
 facet normal 7.43259966e-01 3.46178770e-01 -5.72472572e-01
  outer loop
   vertex 5.51022797e+01 7.73398209e+01 4.42096996e+00
   vertex 5.45308990e+01 7.74137650e+01 4.42063141e+00
   vertex 5.45151749e+01 7.79680252e+01 4.42037106e+00
  endloop
 endfacet
 facet normal 9.84548628e-01 1.68049246e-01 -4.92287278e-02
  outer loop
   vertex 5.45308990e+01 7.74137650e+01 4.42063141e+00
   vertex 5.45332031e+01 7.74117889e+01 1.11793518e-01
   vertex 5.45151749e+01 7.79680252e+01 4.42037106e+00
  endloop
 endfacet
 facet normal 9.16554511e-01 3.17697614e-01 2.42890939e-01
  outer loop
   vertex 5.45151749e+01 7.79680252e+01 4.42037106e+00
   vertex 5.45332031e+01 7.74117889e+01 1.11793518e-01
   vertex 5.45149841e+01 7.80175247e+01 2.08471084e+00
  endloop
 endfacet
 facet normal 9.26629543e-01 2.52142459e-01 2.78894007e-01
  outer loop
   vertex 5.45149841e+01 7.80175247e+01 2.08471084e+00
   vertex 5.45332031e+01 7.74117889e+01 1.11793518e-01
   vertex 5.45151215e+01 7.80291595e+01 1.16966987e+00
  endloop
 endfacet
 facet normal 8.22143435e-01 1.54774934e-01 5.47836542e-01
  outer loop
   vertex 5.45332031e+01 7.74117889e+01 1.11793518e-01
   vertex 5.45156860e+01 7.80286636e+01 1.11495972e-01
   vertex 5.45151215e+01 7.80291595e+01 1.16966987e+00
  endloop
 endfacet
 facet normal 8.64056885e-01 4.07625347e-01 2.95376420e-01
  outer loop
   vertex 5.45151215e+01 7.80291595e+01 1.16966987e+00
   vertex 5.45156860e+01 7.80286636e+01 1.11495972e-01
   vertex 5.45079651e+01 7.80503235e+01 1.11481667e-01
  endloop
 endfacet
 facet normal 7.09124625e-01 4.41920340e-01 5.49407601e-01
  outer loop
   vertex 5.45079651e+01 7.80503235e+01 1.11481667e-01
   vertex 5.45156860e+01 7.80286636e+01 1.11495972e-01
   vertex 5.45265961e+01 7.80307083e+01 1.11500740e-01
  endloop
 endfacet
 facet normal 6.28842950e-01 1.79943070e-01 7.56423831e-01
  outer loop
   vertex 5.45156860e+01 7.80286636e+01 1.11495972e-01
   vertex 5.45332031e+01 7.74117889e+01 1.11793518e-01
   vertex 5.45265961e+01 7.80307083e+01 1.11500740e-01
  endloop
 endfacet
 facet normal 5.83669305e-01 3.07034194e-01 7.51704812e-01
  outer loop
   vertex 5.45265961e+01 7.80307083e+01 1.11500740e-01
   vertex 5.45332031e+01 7.74117889e+01 1.11793518e-01
   vertex 5.51962051e+01 7.73259811e+01 1.12186670e-01
  endloop
 endfacet
 facet normal 5.93566239e-01 2.25694984e-01 7.72490025e-01
  outer loop
   vertex 5.65625687e+01 7.57746735e+01 1.13629580e-01
   vertex 5.55793304e+01 7.69128571e+01 1.12582207e-01
   vertex 5.43592072e+01 7.68197021e+01 1.11976624e-01
  endloop
 endfacet
 facet normal 5.92137814e-01 2.30639040e-01 7.72125900e-01
  outer loop
   vertex 5.55793304e+01 7.69128571e+01 1.12582207e-01
   vertex 5.54920807e+01 7.70136642e+01 1.12488747e-01
   vertex 5.43592072e+01 7.68197021e+01 1.11976624e-01
  endloop
 endfacet
 facet normal 5.86589217e-01 2.39945903e-01 7.73523808e-01
  outer loop
   vertex 5.54920807e+01 7.70136642e+01 1.12488747e-01
   vertex 5.54393921e+01 7.70700455e+01 1.12434387e-01
   vertex 5.43592072e+01 7.68197021e+01 1.11976624e-01
  endloop
 endfacet
 facet normal 5.81852496e-01 2.44673535e-01 7.75617540e-01
  outer loop
   vertex 5.54393921e+01 7.70700455e+01 1.12434387e-01
   vertex 5.51962051e+01 7.73259811e+01 1.12186670e-01
   vertex 5.43592072e+01 7.68197021e+01 1.11976624e-01
  endloop
 endfacet
 facet normal 6.27455771e-01 4.01193984e-02 7.77617991e-01
  outer loop
   vertex 5.51962051e+01 7.73259811e+01 1.12186670e-01
   vertex 5.45332031e+01 7.74117889e+01 1.11793518e-01
   vertex 5.43592072e+01 7.68197021e+01 1.11976624e-01
  endloop
 endfacet
 facet normal 2.01144323e-01 4.19000715e-01 8.85426104e-01
  outer loop
   vertex 5.59252167e+01 7.45015945e+01 1.13876343e-01
   vertex 5.66928787e+01 7.56238327e+01 1.13768339e-01
   vertex 5.40108032e+01 7.63103333e+01 1.12022400e-01
  endloop
 endfacet
 facet normal 5.93239367e-01 3.22298944e-01 7.37692654e-01
  outer loop
   vertex 5.66928787e+01 7.56238327e+01 1.13768339e-01
   vertex 5.65625687e+01 7.57746735e+01 1.13629580e-01
   vertex 5.40108032e+01 7.63103333e+01 1.12022400e-01
  endloop
 endfacet
 facet normal 5.89540064e-01 -1.03688575e-01 8.01056266e-01
  outer loop
   vertex 5.65625687e+01 7.57746735e+01 1.13629580e-01
   vertex 5.43592072e+01 7.68197021e+01 1.11976624e-01
   vertex 5.40108032e+01 7.63103333e+01 1.12022400e-01
  endloop
 endfacet
 facet normal 8.37688088e-01 5.45574307e-01 -2.50470284e-02
  outer loop
   vertex 5.45149841e+01 7.80175247e+01 2.08471084e+00
   vertex 5.28170700e+01 7.97578049e+01 5.70729303e+00
   vertex 5.45151749e+01 7.79680252e+01 4.42037106e+00
  endloop
 endfacet
 facet normal 7.70884335e-01 6.36747777e-01 -1.70163382e-02
  outer loop
   vertex 5.28170700e+01 7.97578049e+01 5.70729303e+00
   vertex 5.54918213e+01 7.68956985e+01 5.71560097e+00
   vertex 5.45151749e+01 7.79680252e+01 4.42037106e+00
  endloop
 endfacet
 facet normal 7.47214794e-01 6.03466690e-01 -2.78384715e-01
  outer loop
   vertex 5.45151749e+01 7.79680252e+01 4.42037106e+00
   vertex 5.54918213e+01 7.68956985e+01 5.71560097e+00
   vertex 5.51022797e+01 7.73398209e+01 4.42096996e+00
  endloop
 endfacet
 facet normal 6.44347250e-01 5.85771561e-01 -4.91618067e-01
  outer loop
   vertex 5.54918823e+01 7.69229431e+01 4.42137146e+00
   vertex 5.51022797e+01 7.73398209e+01 4.42096996e+00
   vertex 5.54918213e+01 7.68956985e+01 5.71560097e+00
  endloop
 endfacet
 facet normal 6.17898166e-01 4.64631408e-01 6.34286642e-01
  outer loop
   vertex 5.08701019e+01 8.18789825e+01 1.07768059e-01
   vertex 5.08326340e+01 8.19198074e+01 2.84217094e-14
   vertex 5.08647461e+01 8.18844452e+01 1.07760668e-01
  endloop
 endfacet
 facet normal 8.61765087e-01 2.49618948e-01 4.41646129e-01
  outer loop
   vertex 5.08647461e+01 8.18844452e+01 1.07760668e-01
   vertex 5.08326340e+01 8.19198074e+01 2.84217094e-14
   vertex 5.08356323e+01 8.18751221e+01 1.72068393e+00
  endloop
 endfacet
 facet normal 5.24550617e-01 4.66691375e-01 7.12071478e-01
  outer loop
   vertex 5.54920807e+01 7.70136642e+01 1.12488747e-01
   vertex 5.55793304e+01 7.69128571e+01 1.12582207e-01
   vertex 5.54920883e+01 7.70160294e+01 2.84217094e-14
  endloop
 endfacet
 facet normal 9.40006554e-01 2.45802373e-01 2.36577332e-01
  outer loop
   vertex 8.30371094e+01 1.60643234e+01 3.83484650e+01
   vertex 8.25746155e+01 2.11580963e+01 3.49712257e+01
   vertex 8.18429108e+01 2.08647842e+01 3.82800217e+01
  endloop
 endfacet
 facet normal 9.47526217e-01 2.88670689e-01 1.37343585e-01
  outer loop
   vertex 8.44010925e+01 2.18608627e+01 2.50024300e+01
   vertex 8.50751648e+01 2.21277313e+01 2.00083103e+01
   vertex 8.32902069e+01 2.78418503e+01 1.99618244e+01
  endloop
 endfacet
 facet normal 9.43726778e-01 2.82881975e-01 1.71340391e-01
  outer loop
   vertex 8.39451599e+01 2.16959915e+01 2.77916336e+01
   vertex 8.44010925e+01 2.18608627e+01 2.50024300e+01
   vertex 8.22233887e+01 2.73701019e+01 2.77477531e+01
  endloop
 endfacet
 facet normal 6.92519605e-01 6.75994754e-01 2.51888156e-01
  outer loop
   vertex 4.93072739e+01 7.60459518e+01 4.35915718e+01
   vertex 4.98497925e+01 7.65302200e+01 4.07111244e+01
   vertex 4.73698578e+01 7.80139999e+01 4.35716591e+01
  endloop
 endfacet
 facet normal 6.72344923e-01 6.88481271e-01 2.71929830e-01
  outer loop
   vertex 4.67595062e+01 7.74685745e+01 4.64106255e+01
   vertex 4.73698578e+01 7.80139999e+01 4.35716591e+01
   vertex 4.49266052e+01 8.04007950e+01 4.35402565e+01
  endloop
 endfacet
 facet normal 6.55568242e-01 7.04809487e-01 2.71060586e-01
  outer loop
   vertex 4.43241425e+01 7.98454819e+01 4.63845291e+01
   vertex 4.49266052e+01 8.04007950e+01 4.35402565e+01
   vertex 4.25637741e+01 8.25824509e+01 4.35098228e+01
  endloop
 endfacet
 facet normal 8.32576871e-01 5.36601484e-01 1.37384996e-01
  outer loop
   vertex 7.01989594e+01 5.47223434e+01 2.47719536e+01
   vertex 6.69889069e+01 5.98078232e+01 2.47248898e+01
   vertex 6.66775818e+01 5.95649796e+01 2.74875145e+01
  endloop
 endfacet
 facet normal 2.44372562e-01 1.83535650e-01 9.52153742e-01
  outer loop
   vertex 1.56006470e+01 6.56096115e+01 8.15066071e+01
   vertex 1.57369156e+01 6.91614304e+01 8.07478943e+01
   vertex 1.38063965e+01 6.70737991e+01 8.16898956e+01
  endloop
 endfacet
 facet normal 2.60504812e-01 3.13514143e-01 9.13151741e-01
  outer loop
   vertex 1.56290588e+01 6.15015030e+01 8.19985352e+01
   vertex 1.56006470e+01 6.56096115e+01 8.15066071e+01
   vertex 1.34531555e+01 6.33692093e+01 8.22339325e+01
  endloop
 endfacet
 facet normal 5.00508368e-01 8.75463560e-02 8.61293793e-01
  outer loop
   vertex 4.23529510e+01 5.26887512e+00 7.76857452e+01
   vertex 4.65396957e+01 1.30361710e+01 7.69529572e+01
   vertex 4.34342422e+01 1.18620834e+01 7.78216400e+01
  endloop
 endfacet
 facet normal 6.65987611e-01 6.88425362e-01 2.87282079e-01
  outer loop
   vertex 8.22770538e+01 1.01801987e+01 4.48692093e+01
   vertex 8.29223022e+01 1.03765335e+01 4.30141907e+01
   vertex 8.13876648e+01 1.54419327e+01 4.43595390e+01
  endloop
 endfacet
 facet normal 6.74957693e-01 6.95399225e-01 2.46682003e-01
  outer loop
   vertex 8.22290649e+01 1.57635956e+01 4.14998169e+01
   vertex 8.29223022e+01 1.03765335e+01 4.30141907e+01
   vertex 8.41784210e+01 1.07587433e+01 3.84082222e+01
  endloop
 endfacet
 facet normal 4.64699119e-01 2.14228611e-02 8.85209441e-01
  outer loop
   vertex 5.54952698e+01 6.69551849e+00 7.33720398e+01
   vertex 5.84293594e+01 7.67805481e+00 7.18611298e+01
   vertex 5.79730072e+01 1.21160431e+01 7.19777832e+01
  endloop
 endfacet
 facet normal 3.67416501e-01 -1.04047321e-02 9.29998279e-01
  outer loop
   vertex 4.98736801e+01 4.79402924e+00 7.56657715e+01
   vertex 5.25825348e+01 5.71061707e+00 7.46519470e+01
   vertex 5.22623596e+01 1.00385361e+01 7.48164368e+01
  endloop
 endfacet
 facet normal 4.98004735e-01 3.22793424e-02 8.66573334e-01
  outer loop
   vertex 5.84293594e+01 7.67805481e+00 7.18611298e+01
   vertex 6.13367920e+01 8.65598297e+00 7.01288300e+01
   vertex 5.79730072e+01 1.21160431e+01 7.19777832e+01
  endloop
 endfacet
 facet normal 9.61651862e-01 2.62523204e-01 7.94185251e-02
  outer loop
   vertex 8.62012177e+01 1.98738556e+01 1.58461733e+01
   vertex 8.72028809e+01 1.75102997e+01 1.16508665e+01
   vertex 8.58392334e+01 2.24454803e+01 1.16627522e+01
  endloop
 endfacet
 facet normal 5.49736202e-01 5.23180552e-02 8.33698332e-01
  outer loop
   vertex 6.13367920e+01 8.65598297e+00 7.01288300e+01
   vertex 6.42919540e+01 9.62590027e+00 6.81015778e+01
   vertex 6.07858887e+01 1.31241150e+01 7.02262268e+01
  endloop
 endfacet
 facet normal 8.63336205e-01 4.82545316e-01 1.47650301e-01
  outer loop
   vertex 8.56851959e+01 1.69925690e+01 2.50336990e+01
   vertex 8.69292603e+01 1.15957642e+01 2.50797653e+01
   vertex 8.63873596e+01 1.72297211e+01 2.00498123e+01
  endloop
 endfacet
 facet normal 6.94245636e-01 7.09337831e-01 1.21913113e-01
  outer loop
   vertex 8.63873596e+01 1.72297211e+01 2.00498123e+01
   vertex 8.69292603e+01 1.15957642e+01 2.50797653e+01
   vertex 8.77803955e+01 1.18547516e+01 1.90926399e+01
  endloop
 endfacet
 facet normal 3.30294490e-01 5.36215305e-01 7.76774585e-01
  outer loop
   vertex 4.70991364e+01 3.79425049e+00 7.65443573e+01
   vertex 4.58695145e+01 7.93441772e-01 7.68947144e+01
   vertex 4.88201447e+01 0.00000000e+00 7.58881226e+01
  endloop
 endfacet
 facet normal 3.22967738e-01 -1.91517286e-02 9.46216166e-01
  outer loop
   vertex 4.70991364e+01 3.79425049e+00 7.65443573e+01
   vertex 4.98736801e+01 4.79402924e+00 7.56657715e+01
   vertex 4.96297455e+01 9.06107330e+00 7.58483582e+01
  endloop
 endfacet
 facet normal 4.84683812e-01 4.56999391e-01 7.45810390e-01
  outer loop
   vertex 4.54851913e+01 1.06100464e+00 7.69752655e+01
   vertex 4.58695145e+01 7.93441772e-01 7.68947144e+01
   vertex 4.70991364e+01 3.79425049e+00 7.65443573e+01
  endloop
 endfacet
 facet normal 4.15748686e-01 4.20715148e-03 9.09469783e-01
  outer loop
   vertex 5.25825348e+01 5.71061707e+00 7.46519470e+01
   vertex 5.54952698e+01 6.69551849e+00 7.33720398e+01
   vertex 5.51098404e+01 1.10820312e+01 7.35114594e+01
  endloop
 endfacet
 facet normal 6.50848508e-01 9.53822434e-02 7.53192127e-01
  outer loop
   vertex 6.72510529e+01 1.05977631e+01 6.57521362e+01
   vertex 7.01792145e+01 1.15913925e+01 6.30506592e+01
   vertex 6.65405884e+01 1.51643295e+01 6.57954483e+01
  endloop
 endfacet
 facet normal 8.40679646e-01 4.75739002e-01 2.58708477e-01
  outer loop
   vertex 7.05355072e+01 4.78002090e+01 4.10956955e+01
   vertex 6.76780167e+01 5.29675217e+01 4.10291595e+01
   vertex 6.70302887e+01 5.25372238e+01 4.38986168e+01
  endloop
 endfacet
 facet normal 7.04143822e-01 6.87282741e-01 1.78392544e-01
  outer loop
   vertex 5.08298569e+01 7.74602585e+01 3.43393822e+01
   vertex 5.12612610e+01 7.78722000e+01 3.09758739e+01
   vertex 4.88867188e+01 7.94441299e+01 3.43131027e+01
  endloop
 endfacet
 facet normal 2.76838303e-01 9.20950696e-02 9.56493080e-01
  outer loop
   vertex 3.58817978e+01 4.00191345e+01 7.93666382e+01
   vertex 3.55945053e+01 4.65429993e+01 7.88043518e+01
   vertex 3.32989197e+01 4.48330154e+01 7.96883087e+01
  endloop
 endfacet
 facet normal 2.78715074e-01 2.13445611e-02 9.60136592e-01
  outer loop
   vertex 4.21595383e+01 2.14569092e+01 7.82735291e+01
   vertex 4.36328201e+01 2.76869354e+01 7.76997223e+01
   vertex 4.10138245e+01 2.62484665e+01 7.85341949e+01
  endloop
 endfacet
 facet normal 8.69129479e-01 3.71142447e-01 3.26905489e-01
  outer loop
   vertex 7.39345856e+01 3.63056641e+01 4.68750648e+01
   vertex 7.47793045e+01 3.67486839e+01 4.40835762e+01
   vertex 7.16295242e+01 4.16624832e+01 4.68162651e+01
  endloop
 endfacet
 facet normal 8.37731600e-01 3.48632991e-01 4.20310408e-01
  outer loop
   vertex 7.20461197e+01 3.54018211e+01 5.18183784e+01
   vertex 7.29303055e+01 3.58131638e+01 4.96968384e+01
   vertex 6.98476486e+01 4.07104301e+01 5.17399178e+01
  endloop
 endfacet
 facet normal 8.03616524e-01 3.28841835e-01 4.96047884e-01
  outer loop
   vertex 6.99598236e+01 3.75815201e+01 5.40082130e+01
   vertex 6.92440720e+01 3.82632523e+01 5.47383232e+01
   vertex 6.99026184e+01 3.43958168e+01 5.61457100e+01
  endloop
 endfacet
 facet normal 7.78286040e-01 3.51564556e-01 5.20262659e-01
  outer loop
   vertex 6.64357224e+01 3.90566292e+01 5.84384193e+01
   vertex 6.77563324e+01 3.96659164e+01 5.61561699e+01
   vertex 6.53372955e+01 4.49059830e+01 5.61418571e+01
  endloop
 endfacet
 facet normal 7.74531901e-01 4.33901459e-01 4.60249752e-01
  outer loop
   vertex 6.43050079e+01 4.86744308e+01 5.46790466e+01
   vertex 6.30499420e+01 5.23970413e+01 5.32051888e+01
   vertex 6.27125092e+01 4.99799881e+01 5.61005363e+01
  endloop
 endfacet
 facet normal 7.55785644e-01 4.77405429e-01 4.48187590e-01
  outer loop
   vertex 6.14577637e+01 5.36857986e+01 5.46531792e+01
   vertex 5.98748856e+01 5.75086288e+01 5.31901665e+01
   vertex 5.98165894e+01 5.49279861e+01 5.60830879e+01
  endloop
 endfacet
 facet normal 7.57089913e-01 5.28563082e-01 3.83973867e-01
  outer loop
   vertex 5.98748856e+01 5.75086288e+01 5.31901665e+01
   vertex 5.87296295e+01 6.19179916e+01 4.94355774e+01
   vertex 5.80243301e+01 6.14283066e+01 5.15944862e+01
  endloop
 endfacet
 facet normal 7.24857628e-01 6.06896937e-01 3.25971663e-01
  outer loop
   vertex 5.47875977e+01 6.71016769e+01 4.93841019e+01
   vertex 5.55666885e+01 6.76805954e+01 4.65314026e+01
   vertex 5.05217056e+01 7.21098404e+01 4.93441658e+01
  endloop
 endfacet
 facet normal 6.69805586e-01 6.59370542e-01 3.41454208e-01
  outer loop
   vertex 4.79396210e+01 7.48960037e+01 4.93138580e+01
   vertex 4.60319443e+01 7.68567276e+01 4.92987938e+01
   vertex 4.54202423e+01 7.63471146e+01 5.14717293e+01
  endloop
 endfacet
 facet normal 6.87101126e-01 6.39618158e-01 3.44645768e-01
  outer loop
   vertex 5.05217056e+01 7.21098404e+01 4.93441658e+01
   vertex 4.79396210e+01 7.48960037e+01 4.93138580e+01
   vertex 4.73192596e+01 7.43982468e+01 5.14824829e+01
  endloop
 endfacet
 facet normal 6.36549294e-01 7.29679763e-01 2.49744698e-01
  outer loop
   vertex 4.25637741e+01 8.25824509e+01 4.35098228e+01
   vertex 4.07725220e+01 8.51366806e+01 4.06097107e+01
   vertex 4.02600632e+01 8.46185532e+01 4.35013695e+01
  endloop
 endfacet
 facet normal 4.18805152e-01 2.91585058e-01 8.59988630e-01
  outer loop
   vertex 5.84293594e+01 7.67805481e+00 7.18611298e+01
   vertex 6.03313293e+01 3.50260162e+00 7.08894501e+01
   vertex 6.13367920e+01 8.65598297e+00 7.01288300e+01
  endloop
 endfacet
 facet normal 9.22855318e-01 2.63808548e-01 2.80612081e-01
  outer loop
   vertex 8.75062714e+01 1.76053009e+01 5.83179331e+00
   vertex 8.62014923e+01 2.26250992e+01 0.00000000e+00
   vertex 8.61181793e+01 2.25726318e+01 5.82526588e+00
  endloop
 endfacet
 facet normal 6.31766856e-01 2.88334131e-01 7.19537437e-01
  outer loop
   vertex 3.32930298e+01 3.82839050e+01 8.00562286e+01
   vertex 3.32989197e+01 4.48330154e+01 7.96883087e+01
   vertex 3.08087387e+01 4.30081635e+01 8.03807831e+01
  endloop
 endfacet
 facet normal 4.58018869e-01 1.72398046e-01 8.72065187e-01
  outer loop
   vertex 3.32930298e+01 3.82839050e+01 8.00562286e+01
   vertex 3.58817978e+01 4.00191345e+01 7.93666382e+01
   vertex 3.32989197e+01 4.48330154e+01 7.96883087e+01
  endloop
 endfacet
 facet normal 6.49941087e-01 2.42745697e-01 7.20174372e-01
  outer loop
   vertex 3.52161789e+01 3.38824539e+01 7.97637329e+01
   vertex 3.58817978e+01 4.00191345e+01 7.93666382e+01
   vertex 3.32930298e+01 3.82839050e+01 8.00562286e+01
  endloop
 endfacet
 facet normal 4.66810793e-01 1.40162185e-01 8.73179376e-01
  outer loop
   vertex 3.52161789e+01 3.38824539e+01 7.97637329e+01
   vertex 3.78832932e+01 3.55521088e+01 7.90801544e+01
   vertex 3.58817978e+01 4.00191345e+01 7.93666382e+01
  endloop
 endfacet
 facet normal 5.92534363e-01 8.09328333e-02 8.01469207e-01
  outer loop
   vertex 3.68563538e+01 2.93606110e+01 7.94794922e+01
   vertex 3.78832932e+01 3.55521088e+01 7.90801544e+01
   vertex 3.52161789e+01 3.38824539e+01 7.97637329e+01
  endloop
 endfacet
 facet normal 3.89810383e-01 -7.72475544e-03 9.20862734e-01
  outer loop
   vertex 3.68563538e+01 2.93606110e+01 7.94794922e+01
   vertex 3.95857697e+01 3.09504471e+01 7.88044281e+01
   vertex 3.78832932e+01 3.55521088e+01 7.90801544e+01
  endloop
 endfacet
 facet normal 2.92902380e-01 2.84448955e-02 9.55719173e-01
  outer loop
   vertex 3.81980286e+01 2.47351685e+01 7.92024536e+01
   vertex 4.10138245e+01 2.62484665e+01 7.85341949e+01
   vertex 3.95857697e+01 3.09504471e+01 7.88044281e+01
  endloop
 endfacet
 facet normal 4.20926839e-01 -1.07020624e-02 9.07031476e-01
  outer loop
   vertex 3.81980286e+01 2.47351685e+01 7.92024536e+01
   vertex 3.95857697e+01 3.09504471e+01 7.88044281e+01
   vertex 3.68563538e+01 2.93606110e+01 7.94794922e+01
  endloop
 endfacet
 facet normal 2.91904002e-01 2.08246130e-02 9.56220865e-01
  outer loop
   vertex 3.92888031e+01 1.99955750e+01 7.89373474e+01
   vertex 4.21595383e+01 2.14569092e+01 7.82735291e+01
   vertex 4.10138245e+01 2.62484665e+01 7.85341949e+01
  endloop
 endfacet
 facet normal 3.24443728e-01 3.10819093e-02 9.45394218e-01
  outer loop
   vertex 3.92888031e+01 1.99955750e+01 7.89373474e+01
   vertex 4.10138245e+01 2.62484665e+01 7.85341949e+01
   vertex 3.81980286e+01 2.47351685e+01 7.92024536e+01
  endloop
 endfacet
 facet normal 3.86735767e-01 1.17936827e-01 9.14618134e-01
  outer loop
   vertex 4.04979706e+01 1.54435120e+01 7.86969604e+01
   vertex 4.21595383e+01 2.14569092e+01 7.82735291e+01
   vertex 3.92888031e+01 1.99955750e+01 7.89373474e+01
  endloop
 endfacet
 facet normal 3.59951824e-01 1.02427728e-01 9.27331269e-01
  outer loop
   vertex 4.04979706e+01 1.54435120e+01 7.86969604e+01
   vertex 4.29473038e+01 1.66362762e+01 7.80425110e+01
   vertex 4.21595383e+01 2.14569092e+01 7.82735291e+01
  endloop
 endfacet
 facet normal 5.87493539e-01 1.46478012e-01 7.95861483e-01
  outer loop
   vertex 4.10916901e+01 1.07331696e+01 7.84781342e+01
   vertex 4.29473038e+01 1.66362762e+01 7.80425110e+01
   vertex 4.04979706e+01 1.54435120e+01 7.86969604e+01
  endloop
 endfacet
 facet normal 5.08927345e-01 2.78407149e-02 8.60359132e-01
  outer loop
   vertex 4.10916901e+01 1.07331696e+01 7.84781342e+01
   vertex 4.34342422e+01 1.18620834e+01 7.78216400e+01
   vertex 4.29473038e+01 1.66362762e+01 7.80425110e+01
  endloop
 endfacet
 facet normal 7.48976707e-01 8.66743326e-02 6.56902969e-01
  outer loop
   vertex 4.14004440e+01 8.13217926e+00 7.84130859e+01
   vertex 4.34342422e+01 1.18620834e+01 7.78216400e+01
   vertex 4.10916901e+01 1.07331696e+01 7.84781342e+01
  endloop
 endfacet
 facet normal 7.33514786e-01 1.50370046e-01 6.62830949e-01
  outer loop
   vertex 4.14004440e+01 8.13217926e+00 7.84130859e+01
   vertex 4.23529510e+01 5.26887512e+00 7.76857452e+01
   vertex 4.34342422e+01 1.18620834e+01 7.78216400e+01
  endloop
 endfacet
 facet normal 6.20174289e-01 7.46876597e-01 2.39915088e-01
  outer loop
   vertex 4.07725220e+01 8.51366806e+01 4.06097107e+01
   vertex 3.80468826e+01 8.74229202e+01 4.05928535e+01
   vertex 3.75433655e+01 8.68950424e+01 4.34794350e+01
  endloop
 endfacet
 facet normal 8.12945306e-01 5.74353278e-01 9.61155444e-02
  outer loop
   vertex 6.58084793e+01 6.32263565e+01 1.56408653e+01
   vertex 6.35669937e+01 6.56862106e+01 1.97427750e+01
   vertex 6.74427032e+01 6.01851730e+01 1.97836304e+01
  endloop
 endfacet
 facet normal 7.99130619e-01 5.94821215e-01 8.70515257e-02
  outer loop
   vertex 6.58084793e+01 6.32263565e+01 1.56408653e+01
   vertex 6.17814255e+01 6.86366501e+01 1.56096926e+01
   vertex 6.35669937e+01 6.56862106e+01 1.97427750e+01
  endloop
 endfacet
 facet normal 9.20032859e-01 3.70412499e-01 1.27805069e-01
  outer loop
   vertex 8.06528015e+01 3.31783714e+01 2.49290581e+01
   vertex 8.12578430e+01 3.34887428e+01 1.99280930e+01
   vertex 7.89774323e+01 3.90338211e+01 1.99216061e+01
  endloop
 endfacet
 facet normal 9.04163182e-01 4.09437835e-01 1.21859141e-01
  outer loop
   vertex 7.84039917e+01 3.87157822e+01 2.48910122e+01
   vertex 7.89774323e+01 3.90338211e+01 1.99216061e+01
   vertex 7.64446106e+01 4.45202789e+01 1.98981476e+01
  endloop
 endfacet
 facet normal 9.36198175e-01 3.34654152e-01 1.07422620e-01
  outer loop
   vertex 8.22425690e+01 3.17601471e+01 1.71794758e+01
   vertex 8.32902069e+01 2.78418503e+01 1.99618244e+01
   vertex 8.27014465e+01 3.08899536e+01 1.57957211e+01
  endloop
 endfacet
 facet normal 9.32818353e-01 3.40586156e-01 1.17690347e-01
  outer loop
   vertex 8.22425690e+01 3.17601471e+01 1.71794758e+01
   vertex 8.12578430e+01 3.34887428e+01 1.99280930e+01
   vertex 8.32902069e+01 2.78418503e+01 1.99618244e+01
  endloop
 endfacet
 facet normal 9.06930745e-01 4.18217987e-01 5.06980382e-02
  outer loop
   vertex 7.96010590e+01 3.94503212e+01 1.15797262e+01
   vertex 7.97978821e+01 3.96610985e+01 5.81253242e+00
   vertex 7.70198975e+01 4.49612198e+01 1.15673018e+01
  endloop
 endfacet
 facet normal 9.49131131e-01 2.94538021e-01 1.11343846e-01
  outer loop
   vertex 8.42063599e+01 2.60706482e+01 1.71977825e+01
   vertex 8.50751648e+01 2.21277313e+01 2.00083103e+01
   vertex 8.46392212e+01 2.51893616e+01 1.58193073e+01
  endloop
 endfacet
 facet normal 9.40589666e-01 3.21525514e-01 1.09144256e-01
  outer loop
   vertex 8.42063599e+01 2.60706482e+01 1.71977825e+01
   vertex 8.27014465e+01 3.08899536e+01 1.57957211e+01
   vertex 8.32902069e+01 2.78418503e+01 1.99618244e+01
  endloop
 endfacet
 facet normal 5.90744078e-01 7.77725399e-01 2.14859620e-01
  outer loop
   vertex 3.58417206e+01 8.91860428e+01 4.05704803e+01
   vertex 3.63152542e+01 8.97016983e+01 3.74481354e+01
   vertex 3.33041077e+01 9.19833298e+01 3.74279861e+01
  endloop
 endfacet
 facet normal 6.04166508e-01 7.65084267e-01 2.22775459e-01
  outer loop
   vertex 3.80468826e+01 8.74229202e+01 4.05928535e+01
   vertex 3.63152542e+01 8.97016983e+01 3.74481354e+01
   vertex 3.58417206e+01 8.91860428e+01 4.05704803e+01
  endloop
 endfacet
 facet normal 2.91555554e-01 -1.27945002e-02 9.56468344e-01
  outer loop
   vertex 4.34342422e+01 1.18620834e+01 7.78216400e+01
   vertex 4.58259583e+01 1.79525223e+01 7.72032471e+01
   vertex 4.29473038e+01 1.66362762e+01 7.80425110e+01
  endloop
 endfacet
 facet normal 7.21980512e-01 6.79186404e-01 1.32098436e-01
  outer loop
   vertex 5.46079330e+01 7.56925430e+01 2.45738392e+01
   vertex 5.19478531e+01 7.85315475e+01 2.45502071e+01
   vertex 5.16778259e+01 7.82691879e+01 2.73080730e+01
  endloop
 endfacet
 facet normal 7.03695297e-01 6.98150098e-01 1.31906539e-01
  outer loop
   vertex 4.97150574e+01 8.02635269e+01 2.72837944e+01
   vertex 5.19478531e+01 7.85315475e+01 2.45502071e+01
   vertex 4.99763107e+01 8.05345993e+01 2.45340042e+01
  endloop
 endfacet
 facet normal 8.82965803e-01 4.43556339e-01 1.53717726e-01
  outer loop
   vertex 7.55476761e+01 4.39449425e+01 2.76100807e+01
   vertex 7.59152374e+01 4.41700363e+01 2.48462086e+01
   vertex 7.28282318e+01 4.92777786e+01 2.75694389e+01
  endloop
 endfacet
 facet normal 6.90776765e-01 7.17847884e-01 8.67290646e-02
  outer loop
   vertex 5.03606567e+01 8.09542770e+01 1.96446819e+01
   vertex 4.82492752e+01 8.39373703e+01 1.13592844e+01
   vertex 4.78564453e+01 8.33761978e+01 1.96276321e+01
  endloop
 endfacet
 facet normal 7.13192344e-01 6.95724368e-01 8.55821967e-02
  outer loop
   vertex 5.23273010e+01 7.89557877e+01 1.96651878e+01
   vertex 5.27204361e+01 7.94921341e+01 1.13873587e+01
   vertex 5.03606567e+01 8.09542770e+01 1.96446819e+01
  endloop
 endfacet
 facet normal 8.97787631e-01 3.96999925e-01 1.90705001e-01
  outer loop
   vertex 7.68273163e+01 3.78673973e+01 3.47984695e+01
   vertex 7.74264374e+01 3.81933632e+01 3.13873196e+01
   vertex 7.49865265e+01 4.36198997e+01 3.13329735e+01
  endloop
 endfacet
 facet normal 6.87258303e-01 7.14367032e-01 1.31741494e-01
  outer loop
   vertex 4.99763107e+01 8.05345993e+01 2.45340042e+01
   vertex 4.74894867e+01 8.29554062e+01 2.45113697e+01
   vertex 4.72296524e+01 8.26836624e+01 2.72581291e+01
  endloop
 endfacet
 facet normal 6.73914492e-01 7.33646154e-01 8.71926397e-02
  outer loop
   vertex 4.78564453e+01 8.33761978e+01 1.96276321e+01
   vertex 4.58455200e+01 8.61676865e+01 1.13463764e+01
   vertex 4.54589310e+01 8.56005783e+01 1.96094780e+01
  endloop
 endfacet
 facet normal 7.99943149e-01 5.95935702e-01 7.03676045e-02
  outer loop
   vertex 6.58084793e+01 6.32263565e+01 1.56408653e+01
   vertex 6.40045929e+01 6.61873703e+01 1.14917879e+01
   vertex 6.17814255e+01 6.86366501e+01 1.56096926e+01
  endloop
 endfacet
 facet normal 8.05976629e-01 5.76374590e-01 1.34884998e-01
  outer loop
   vertex 6.69889069e+01 5.98078232e+01 2.47248898e+01
   vertex 6.31383362e+01 6.52995987e+01 2.46771469e+01
   vertex 6.28429794e+01 6.50485306e+01 2.74416142e+01
  endloop
 endfacet
 facet normal 7.83820868e-01 6.13671362e-01 9.50386599e-02
  outer loop
   vertex 6.17814255e+01 6.86366501e+01 1.56096926e+01
   vertex 5.94228897e+01 7.09867020e+01 1.97046833e+01
   vertex 6.35669937e+01 6.56862106e+01 1.97427750e+01
  endloop
 endfacet
 facet normal 8.65000546e-01 4.88312542e-01 1.15433767e-01
  outer loop
   vertex 7.31808167e+01 4.95093536e+01 2.48040543e+01
   vertex 7.36896973e+01 4.98452988e+01 1.98706245e+01
   vertex 7.06694565e+01 5.51005630e+01 1.98328075e+01
  endloop
 endfacet
 facet normal 8.85665119e-01 4.48938727e-01 1.18538253e-01
  outer loop
   vertex 7.59152374e+01 4.41700363e+01 2.48462086e+01
   vertex 7.64446106e+01 4.45202789e+01 1.98981476e+01
   vertex 7.36896973e+01 4.98452988e+01 1.98706245e+01
  endloop
 endfacet
 facet normal 6.52483821e-01 7.46221602e-01 1.31977990e-01
  outer loop
   vertex 4.50962982e+01 8.51676865e+01 2.44926701e+01
   vertex 4.27525253e+01 8.72373734e+01 2.44744320e+01
   vertex 4.25020523e+01 8.69562912e+01 2.72247944e+01
  endloop
 endfacet
 facet normal 6.69965327e-01 7.30613530e-01 1.31720543e-01
  outer loop
   vertex 4.74894867e+01 8.29554062e+01 2.45113697e+01
   vertex 4.50962982e+01 8.51676865e+01 2.44926701e+01
   vertex 4.48355713e+01 8.48965073e+01 2.72414341e+01
  endloop
 endfacet
 facet normal 8.41183245e-01 5.36959410e-01 6.39164522e-02
  outer loop
   vertex 6.93678513e+01 5.79304123e+01 1.56682968e+01
   vertex 7.11695404e+01 5.55803299e+01 1.15297565e+01
   vertex 6.79067535e+01 6.06741257e+01 1.15177326e+01
  endloop
 endfacet
 facet normal 8.49133492e-01 5.21961451e-01 8.07994455e-02
  outer loop
   vertex 6.93678513e+01 5.79304123e+01 1.56682968e+01
   vertex 7.06694565e+01 5.51005630e+01 1.98328075e+01
   vertex 7.11695404e+01 5.55803299e+01 1.15297565e+01
  endloop
 endfacet
 facet normal 6.56476080e-01 7.49221802e-01 8.77830461e-02
  outer loop
   vertex 4.54589310e+01 8.56005783e+01 1.96094780e+01
   vertex 4.34970932e+01 8.82422256e+01 1.13330870e+01
   vertex 4.31083679e+01 8.76767960e+01 1.95910892e+01
  endloop
 endfacet
 facet normal 6.44683778e-01 7.59363234e-01 8.80359709e-02
  outer loop
   vertex 4.31083679e+01 8.76767960e+01 1.95910892e+01
   vertex 4.34970932e+01 8.82422256e+01 1.13330870e+01
   vertex 4.03469086e+01 9.00053177e+01 1.95810394e+01
  endloop
 endfacet
 facet normal 7.85484612e-01 6.15762055e-01 6.20565042e-02
  outer loop
   vertex 6.17814255e+01 6.86366501e+01 1.56096926e+01
   vertex 6.40045929e+01 6.61873703e+01 1.14917879e+01
   vertex 5.98346176e+01 7.15058517e+01 1.14649754e+01
  endloop
 endfacet
 facet normal 6.48230672e-01 7.42011666e-01 1.70926124e-01
  outer loop
   vertex 4.17062073e+01 8.61043015e+01 3.42425499e+01
   vertex 4.44442825e+01 8.44745560e+01 3.09109726e+01
   vertex 4.21098099e+01 8.65348587e+01 3.08953209e+01
  endloop
 endfacet
 facet normal 8.14459980e-01 5.76896787e-01 6.20082766e-02
  outer loop
   vertex 6.58084793e+01 6.32263565e+01 1.56408653e+01
   vertex 6.79067535e+01 6.06741257e+01 1.15177326e+01
   vertex 6.40045929e+01 6.61873703e+01 1.14917879e+01
  endloop
 endfacet
 facet normal 8.79781425e-01 4.37189341e-01 1.86681807e-01
  outer loop
   vertex 7.44128494e+01 4.32772293e+01 3.47394447e+01
   vertex 7.49865265e+01 4.36198997e+01 3.13329735e+01
   vertex 7.22999039e+01 4.89353714e+01 3.12850990e+01
  endloop
 endfacet
 facet normal 6.20364487e-01 7.79226601e-01 8.91837701e-02
  outer loop
   vertex 4.03469086e+01 9.00053177e+01 1.95810394e+01
   vertex 3.84826355e+01 9.23880386e+01 1.13061457e+01
   vertex 3.81108627e+01 9.17993698e+01 1.95689144e+01
  endloop
 endfacet
 facet normal 6.34624004e-01 7.61365354e-01 1.32571280e-01
  outer loop
   vertex 4.27525253e+01 8.72373734e+01 2.44744320e+01
   vertex 3.99934921e+01 8.95646439e+01 2.44527245e+01
   vertex 3.97412567e+01 8.92762680e+01 2.72067165e+01
  endloop
 endfacet
 facet normal 7.33063638e-01 6.76212609e-01 7.31724203e-02
  outer loop
   vertex 5.50069656e+01 7.60897141e+01 1.96787510e+01
   vertex 5.54023132e+01 7.66204910e+01 1.14210434e+01
   vertex 5.27204361e+01 7.94921341e+01 1.13873587e+01
  endloop
 endfacet
 facet normal 7.54760802e-01 6.52915835e-01 6.35377392e-02
  outer loop
   vertex 5.74944229e+01 7.38460312e+01 1.55684719e+01
   vertex 5.98346176e+01 7.15058517e+01 1.14649754e+01
   vertex 5.54023132e+01 7.66204910e+01 1.14210434e+01
  endloop
 endfacet
 facet normal 6.22061491e-01 7.71600544e-01 1.32936254e-01
  outer loop
   vertex 3.97412567e+01 8.92762680e+01 2.72067165e+01
   vertex 3.99934921e+01 8.95646439e+01 2.44527245e+01
   vertex 3.77565536e+01 9.13509140e+01 2.44444923e+01
  endloop
 endfacet
 facet normal 5.93120515e-01 7.94059038e-01 1.32959634e-01
  outer loop
   vertex 3.77565536e+01 9.13509140e+01 2.44444923e+01
   vertex 3.47154236e+01 9.36677322e+01 2.44263420e+01
   vertex 3.44803238e+01 9.33708420e+01 2.71743145e+01
  endloop
 endfacet
 facet normal 6.05913520e-01 7.90427268e-01 8.99639577e-02
  outer loop
   vertex 3.81108627e+01 9.17993698e+01 1.95689144e+01
   vertex 3.84826355e+01 9.23880386e+01 1.13061457e+01
   vertex 3.50602646e+01 9.41254044e+01 1.95453434e+01
  endloop
 endfacet
 facet normal 7.76080132e-01 6.16500318e-01 1.32766500e-01
  outer loop
   vertex 6.31383362e+01 6.52995987e+01 2.46771469e+01
   vertex 5.90131073e+01 7.05881119e+01 2.46348248e+01
   vertex 5.87349548e+01 7.03351822e+01 2.73858109e+01
  endloop
 endfacet
 facet normal 7.69661188e-01 6.34568691e-01 7.03155547e-02
  outer loop
   vertex 6.17814255e+01 6.86366501e+01 1.56096926e+01
   vertex 5.98346176e+01 7.15058517e+01 1.14649754e+01
   vertex 5.74944229e+01 7.38460312e+01 1.55684719e+01
  endloop
 endfacet
 facet normal 7.68805981e-01 6.33589327e-01 8.66133869e-02
  outer loop
   vertex 6.17814255e+01 6.86366501e+01 1.56096926e+01
   vertex 5.74944229e+01 7.38460312e+01 1.55684719e+01
   vertex 5.94228897e+01 7.09867020e+01 1.97046833e+01
  endloop
 endfacet
 facet normal 6.97547019e-01 7.12600112e-01 7.50282854e-02
  outer loop
   vertex 5.03606567e+01 8.09542770e+01 1.96446819e+01
   vertex 5.07486267e+01 8.15036240e+01 1.13745680e+01
   vertex 4.82492752e+01 8.39373703e+01 1.13592844e+01
  endloop
 endfacet
 facet normal 7.08765924e-01 7.01532245e-01 7.41848275e-02
  outer loop
   vertex 5.03606567e+01 8.09542770e+01 1.96446819e+01
   vertex 5.27204361e+01 7.94921341e+01 1.13873587e+01
   vertex 5.07486267e+01 8.15036240e+01 1.13745680e+01
  endloop
 endfacet
 facet normal 6.39654398e-01 7.64735281e-01 7.76025951e-02
  outer loop
   vertex 4.03469086e+01 9.00053177e+01 1.95810394e+01
   vertex 4.34970932e+01 8.82422256e+01 1.13330870e+01
   vertex 4.07232056e+01 9.05823288e+01 1.13206892e+01
  endloop
 endfacet
 facet normal 6.63106501e-01 7.44585574e-01 7.66950697e-02
  outer loop
   vertex 4.54589310e+01 8.56005783e+01 1.96094780e+01
   vertex 4.58455200e+01 8.61676865e+01 1.13463764e+01
   vertex 4.34970932e+01 8.82422256e+01 1.13330870e+01
  endloop
 endfacet
 facet normal 6.71440125e-01 7.21042871e-01 1.71071067e-01
  outer loop
   vertex 4.64084167e+01 8.18477707e+01 3.42850304e+01
   vertex 4.68320694e+01 8.22682419e+01 3.09259357e+01
   vertex 4.44442825e+01 8.44745560e+01 3.09109726e+01
  endloop
 endfacet
 facet normal 6.80531263e-01 7.28777051e-01 7.59024769e-02
  outer loop
   vertex 4.78564453e+01 8.33761978e+01 1.96276321e+01
   vertex 4.82492752e+01 8.39373703e+01 1.13592844e+01
   vertex 4.58455200e+01 8.61676865e+01 1.13463764e+01
  endloop
 endfacet
 facet normal 8.96170616e-01 4.18301672e-01 1.47993028e-01
  outer loop
   vertex 7.84039917e+01 3.87157822e+01 2.48910122e+01
   vertex 7.59152374e+01 4.41700363e+01 2.48462086e+01
   vertex 7.55476761e+01 4.39449425e+01 2.76100807e+01
  endloop
 endfacet
 facet normal 9.01154757e-01 4.03948218e-01 1.57308564e-01
  outer loop
   vertex 7.80205841e+01 3.85083389e+01 2.76584930e+01
   vertex 7.84039917e+01 3.87157822e+01 2.48910122e+01
   vertex 7.55476761e+01 4.39449425e+01 2.76100807e+01
  endloop
 endfacet
 facet normal 8.98061156e-01 4.20134604e-01 1.30280674e-01
  outer loop
   vertex 7.84039917e+01 3.87157822e+01 2.48910122e+01
   vertex 7.64446106e+01 4.45202789e+01 1.98981476e+01
   vertex 7.59152374e+01 4.41700363e+01 2.48462086e+01
  endloop
 endfacet
 facet normal 7.25178361e-01 6.66830599e-01 1.71619669e-01
  outer loop
   vertex 5.34747314e+01 7.46273575e+01 3.43731918e+01
   vertex 5.39146347e+01 7.50315018e+01 3.10152283e+01
   vertex 5.12612610e+01 7.78722000e+01 3.09758739e+01
  endloop
 endfacet
 facet normal 6.88286126e-01 7.04906046e-01 1.71375781e-01
  outer loop
   vertex 4.88867188e+01 7.94441299e+01 3.43131027e+01
   vertex 4.93078232e+01 7.98569565e+01 3.09619541e+01
   vertex 4.68320694e+01 8.22682419e+01 3.09259357e+01
  endloop
 endfacet
 facet normal 9.13651288e-01 3.56679767e-01 1.94989383e-01
  outer loop
   vertex 7.89956207e+01 3.23681793e+01 3.48560410e+01
   vertex 7.96189728e+01 3.26798515e+01 3.14332485e+01
   vertex 7.74264374e+01 3.81933632e+01 3.13873196e+01
  endloop
 endfacet
 facet normal 9.17380750e-01 3.63598555e-01 1.61890790e-01
  outer loop
   vertex 8.02459412e+01 3.29796486e+01 2.77007256e+01
   vertex 8.06528015e+01 3.31783714e+01 2.49290581e+01
   vertex 7.80205841e+01 3.85083389e+01 2.76584930e+01
  endloop
 endfacet
 facet normal 9.13125575e-01 3.78374398e-01 1.51771069e-01
  outer loop
   vertex 8.06528015e+01 3.31783714e+01 2.49290581e+01
   vertex 7.84039917e+01 3.87157822e+01 2.48910122e+01
   vertex 7.80205841e+01 3.85083389e+01 2.76584930e+01
  endloop
 endfacet
 facet normal 8.01589310e-01 5.69565117e-01 1.81796923e-01
  outer loop
   vertex 6.56913528e+01 5.88352127e+01 3.45765419e+01
   vertex 6.23834305e+01 6.46774979e+01 3.11269817e+01
   vertex 6.19096756e+01 6.42900314e+01 3.45115662e+01
  endloop
 endfacet
 facet normal 9.14355278e-01 3.82079601e-01 1.34050742e-01
  outer loop
   vertex 8.06528015e+01 3.31783714e+01 2.49290581e+01
   vertex 7.89774323e+01 3.90338211e+01 1.99216061e+01
   vertex 7.84039917e+01 3.87157822e+01 2.48910122e+01
  endloop
 endfacet
 facet normal 9.27567303e-01 3.15654337e-01 1.99953169e-01
  outer loop
   vertex 8.09059143e+01 2.68069153e+01 3.49164810e+01
   vertex 8.15649414e+01 2.70860825e+01 3.14837685e+01
   vertex 7.96189728e+01 3.26798515e+01 3.14332485e+01
  endloop
 endfacet
 facet normal 8.73318315e-01 4.28194493e-01 2.32302725e-01
  outer loop
   vertex 7.31423111e+01 4.25163498e+01 4.11582603e+01
   vertex 7.38022156e+01 4.29110146e+01 3.80176849e+01
   vertex 7.11625443e+01 4.82121048e+01 3.79636497e+01
  endloop
 endfacet
 facet normal 8.34967911e-01 5.12788713e-01 1.99690461e-01
  outer loop
   vertex 6.82879639e+01 5.33902054e+01 3.78964081e+01
   vertex 6.88419952e+01 5.37802811e+01 3.46268158e+01
   vertex 6.56913528e+01 5.88352127e+01 3.45765419e+01
  endloop
 endfacet
 facet normal 9.28146482e-01 3.37794632e-01 1.56329408e-01
  outer loop
   vertex 8.26457825e+01 2.75608521e+01 2.49694233e+01
   vertex 8.06528015e+01 3.31783714e+01 2.49290581e+01
   vertex 8.02459412e+01 3.29796486e+01 2.77007256e+01
  endloop
 endfacet
 facet normal 9.29613233e-01 3.40921074e-01 1.39971435e-01
  outer loop
   vertex 8.26457825e+01 2.75608521e+01 2.49694233e+01
   vertex 8.12578430e+01 3.34887428e+01 1.99280930e+01
   vertex 8.06528015e+01 3.31783714e+01 2.49290581e+01
  endloop
 endfacet
 facet normal 9.34829354e-01 3.29073787e-01 1.33433431e-01
  outer loop
   vertex 8.26457825e+01 2.75608521e+01 2.49694233e+01
   vertex 8.32902069e+01 2.78418503e+01 1.99618244e+01
   vertex 8.12578430e+01 3.34887428e+01 1.99280930e+01
  endloop
 endfacet
 facet normal 7.53098726e-01 6.51214361e-01 9.36061218e-02
  outer loop
   vertex 5.74944229e+01 7.38460312e+01 1.55684719e+01
   vertex 5.50069656e+01 7.60897141e+01 1.96787510e+01
   vertex 5.94228897e+01 7.09867020e+01 1.97046833e+01
  endloop
 endfacet
 facet normal 7.43811846e-01 6.63741291e-01 7.86858648e-02
  outer loop
   vertex 5.74944229e+01 7.38460312e+01 1.55684719e+01
   vertex 5.54023132e+01 7.66204910e+01 1.14210434e+01
   vertex 5.50069656e+01 7.60897141e+01 1.96787510e+01
  endloop
 endfacet
 facet normal 9.41054404e-01 2.97532618e-01 1.60906479e-01
  outer loop
   vertex 8.44010925e+01 2.18608627e+01 2.50024300e+01
   vertex 8.26457825e+01 2.75608521e+01 2.49694233e+01
   vertex 8.22233887e+01 2.73701019e+01 2.77477531e+01
  endloop
 endfacet
 facet normal 9.42820251e-01 3.00443679e-01 1.44303769e-01
  outer loop
   vertex 8.44010925e+01 2.18608627e+01 2.50024300e+01
   vertex 8.32902069e+01 2.78418503e+01 1.99618244e+01
   vertex 8.26457825e+01 2.75608521e+01 2.49694233e+01
  endloop
 endfacet
 facet normal 9.31638062e-01 3.23049873e-01 1.66401029e-01
  outer loop
   vertex 8.22233887e+01 2.73701019e+01 2.77477531e+01
   vertex 8.26457825e+01 2.75608521e+01 2.49694233e+01
   vertex 8.02459412e+01 3.29796486e+01 2.77007256e+01
  endloop
 endfacet
 facet normal 7.25613296e-01 6.82691693e-01 8.61243308e-02
  outer loop
   vertex 5.50069656e+01 7.60897141e+01 1.96787510e+01
   vertex 5.27204361e+01 7.94921341e+01 1.13873587e+01
   vertex 5.23273010e+01 7.89557877e+01 1.96651878e+01
  endloop
 endfacet
 facet normal 7.46433616e-01 6.52205586e-01 1.32154107e-01
  outer loop
   vertex 5.90131073e+01 7.05881119e+01 2.46348248e+01
   vertex 5.46079330e+01 7.56925430e+01 2.45738392e+01
   vertex 5.43307266e+01 7.54290085e+01 2.73308830e+01
  endloop
 endfacet
 facet normal 8.27874780e-01 5.56416452e-01 7.08808601e-02
  outer loop
   vertex 6.93678513e+01 5.79304123e+01 1.56682968e+01
   vertex 6.79067535e+01 6.06741257e+01 1.15177326e+01
   vertex 6.58084793e+01 6.32263565e+01 1.56408653e+01
  endloop
 endfacet
 facet normal 8.59726191e-01 4.76919323e-01 1.82808116e-01
  outer loop
   vertex 7.17503204e+01 4.85852203e+01 3.46825752e+01
   vertex 7.22999039e+01 4.89353714e+01 3.12850990e+01
   vertex 6.93674240e+01 5.41393204e+01 3.12346725e+01
  endloop
 endfacet
 facet normal 8.27163160e-01 5.54980695e-01 8.83034170e-02
  outer loop
   vertex 6.93678513e+01 5.79304123e+01 1.56682968e+01
   vertex 6.58084793e+01 6.32263565e+01 1.56408653e+01
   vertex 6.74427032e+01 6.01851730e+01 1.97836304e+01
  endloop
 endfacet
 facet normal 8.62623692e-01 4.83203173e-01 1.49649829e-01
  outer loop
   vertex 7.28282318e+01 4.92777786e+01 2.75694389e+01
   vertex 7.31808167e+01 4.95093536e+01 2.48040543e+01
   vertex 6.98699493e+01 5.44904099e+01 2.75331078e+01
  endloop
 endfacet
 facet normal 8.39948714e-01 5.33985436e-01 9.66732726e-02
  outer loop
   vertex 6.93678513e+01 5.79304123e+01 1.56682968e+01
   vertex 6.74427032e+01 6.01851730e+01 1.97836304e+01
   vertex 7.06694565e+01 5.51005630e+01 1.98328075e+01
  endloop
 endfacet
 facet normal 8.30267251e-01 5.32272637e-01 1.65354654e-01
  outer loop
   vertex 6.93674240e+01 5.41393204e+01 3.12346725e+01
   vertex 6.66775818e+01 5.95649796e+01 2.74875145e+01
   vertex 6.61924438e+01 5.92035294e+01 3.11895027e+01
  endloop
 endfacet
 facet normal 6.27798319e-01 7.74422407e-01 7.83530623e-02
  outer loop
   vertex 4.03469086e+01 9.00053177e+01 1.95810394e+01
   vertex 4.07232056e+01 9.05823288e+01 1.13206892e+01
   vertex 3.84826355e+01 9.23880386e+01 1.13061457e+01
  endloop
 endfacet
 facet normal 5.88013768e-01 7.88935781e-01 1.78382203e-01
  outer loop
   vertex 3.67475281e+01 9.01809464e+01 3.42163734e+01
   vertex 3.41153564e+01 9.29321213e+01 3.08429508e+01
   vertex 3.37296524e+01 9.24778061e+01 3.41859932e+01
  endloop
 endfacet
 facet normal 6.26437247e-01 7.53578424e-01 1.99238449e-01
  outer loop
   vertex 4.12631454e+01 8.56350021e+01 3.74816132e+01
   vertex 3.89627838e+01 8.84079056e+01 3.42245445e+01
   vertex 3.85270004e+01 8.79311295e+01 3.74653778e+01
  endloop
 endfacet
 facet normal 6.47655189e-01 7.30927229e-01 2.15146735e-01
  outer loop
   vertex 4.30902481e+01 8.30932846e+01 4.06229782e+01
   vertex 4.35808640e+01 8.35912552e+01 3.75043716e+01
   vertex 4.12631454e+01 8.56350021e+01 3.74816132e+01
  endloop
 endfacet
 facet normal 6.53211951e-01 7.36065447e-01 1.77543774e-01
  outer loop
   vertex 4.40296021e+01 8.40536118e+01 3.42697830e+01
   vertex 4.44442825e+01 8.44745560e+01 3.09109726e+01
   vertex 4.17062073e+01 8.61043015e+01 3.42425499e+01
  endloop
 endfacet
 facet normal 8.78437936e-01 3.95625263e-01 2.68006444e-01
  outer loop
   vertex 7.55014267e+01 3.71383438e+01 4.12297630e+01
   vertex 7.31423111e+01 4.25163498e+01 4.11582603e+01
   vertex 7.24441223e+01 4.21070709e+01 4.40160484e+01
  endloop
 endfacet
 facet normal 7.82592237e-01 5.97648561e-01 1.74257129e-01
  outer loop
   vertex 6.19096756e+01 6.42900314e+01 3.45115662e+01
   vertex 6.23834305e+01 6.46774979e+01 3.11269817e+01
   vertex 5.82924500e+01 6.99487228e+01 3.10650082e+01
  endloop
 endfacet
 facet normal 6.13372743e-01 7.73852289e-01 1.57881141e-01
  outer loop
   vertex 3.93681259e+01 8.88448563e+01 3.08698025e+01
   vertex 3.75182953e+01 9.10567093e+01 2.71908798e+01
   vertex 3.71352539e+01 9.06265335e+01 3.08618221e+01
  endloop
 endfacet
 facet normal 9.06075895e-01 3.47358435e-01 2.41595969e-01
  outer loop
   vertex 7.76049805e+01 3.16754227e+01 4.12980652e+01
   vertex 7.83300018e+01 3.20362549e+01 3.81399841e+01
   vertex 7.61928101e+01 3.75180893e+01 3.80820847e+01
  endloop
 endfacet
 facet normal 6.15332246e-01 7.64540017e-01 1.91949949e-01
  outer loop
   vertex 3.85270004e+01 8.79311295e+01 3.74653778e+01
   vertex 3.89627838e+01 8.84079056e+01 3.42245445e+01
   vertex 3.67475281e+01 9.01809464e+01 3.42163734e+01
  endloop
 endfacet
 facet normal 7.76576877e-01 5.90766907e-01 2.18912631e-01
  outer loop
   vertex 6.08355331e+01 6.34332962e+01 4.08947296e+01
   vertex 6.13988113e+01 6.38802872e+01 3.77628784e+01
   vertex 5.73406677e+01 6.91329422e+01 3.76998863e+01
  endloop
 endfacet
 facet normal 7.41578281e-01 6.46630347e-01 1.78691939e-01
  outer loop
   vertex 5.78354416e+01 6.95519028e+01 3.44442062e+01
   vertex 5.39146347e+01 7.50315018e+01 3.10152283e+01
   vertex 5.34747314e+01 7.46273575e+01 3.43731918e+01
  endloop
 endfacet
 facet normal 8.82925332e-01 3.47016811e-01 3.16262811e-01
  outer loop
   vertex 7.68522644e+01 3.13035660e+01 4.41549072e+01
   vertex 7.47793045e+01 3.67486839e+01 4.40835762e+01
   vertex 7.39345856e+01 3.63056641e+01 4.68750648e+01
  endloop
 endfacet
 facet normal 7.08561540e-01 6.49756312e-01 2.75240332e-01
  outer loop
   vertex 5.12771683e+01 7.27043991e+01 4.64577141e+01
   vertex 5.19112167e+01 7.32416458e+01 4.36277275e+01
   vertex 4.93072739e+01 7.60459518e+01 4.35915718e+01
  endloop
 endfacet
 facet normal 7.25465894e-01 6.29927456e-01 2.77291507e-01
  outer loop
   vertex 5.62234802e+01 6.82015762e+01 4.36970787e+01
   vertex 5.19112167e+01 7.32416458e+01 4.36277275e+01
   vertex 5.12771683e+01 7.27043991e+01 4.64577141e+01
  endloop
 endfacet
 facet normal 7.65093207e-01 5.78500748e-01 2.82788426e-01
  outer loop
   vertex 5.95503922e+01 6.24793320e+01 4.65937233e+01
   vertex 6.02398911e+01 6.29756546e+01 4.37663651e+01
   vertex 5.62234802e+01 6.82015762e+01 4.36970787e+01
  endloop
 endfacet
 facet normal 8.67683470e-01 3.19165170e-01 3.81128550e-01
  outer loop
   vertex 7.49253616e+01 3.04017792e+01 4.97655563e+01
   vertex 7.59763870e+01 3.08829041e+01 4.69323616e+01
   vertex 7.29303055e+01 3.58131638e+01 4.96968384e+01
  endloop
 endfacet
 facet normal 8.02151084e-01 4.23327565e-01 4.21126395e-01
  outer loop
   vertex 6.58314133e+01 4.73520889e+01 5.32180176e+01
   vertex 6.73519821e+01 4.59741135e+01 5.17124290e+01
   vertex 6.46077347e+01 5.10654144e+01 5.17090225e+01
  endloop
 endfacet
 facet normal 8.24831188e-01 3.87538165e-01 4.11664546e-01
  outer loop
   vertex 6.98476486e+01 4.07104301e+01 5.17399178e+01
   vertex 7.06677780e+01 4.11574326e+01 4.96441498e+01
   vertex 6.73519821e+01 4.59741135e+01 5.17124290e+01
  endloop
 endfacet
 facet normal 8.39117587e-01 3.66382480e-01 4.02051717e-01
  outer loop
   vertex 7.29303055e+01 3.58131638e+01 4.96968384e+01
   vertex 7.06677780e+01 4.11574326e+01 4.96441498e+01
   vertex 6.98476486e+01 4.07104301e+01 5.17399178e+01
  endloop
 endfacet
 facet normal 7.93189526e-01 5.36450565e-01 2.88220644e-01
  outer loop
   vertex 6.32332993e+01 5.70696945e+01 4.66499023e+01
   vertex 6.39503326e+01 5.75579453e+01 4.38325462e+01
   vertex 6.02398911e+01 6.29756546e+01 4.37663651e+01
  endloop
 endfacet
 facet normal 7.96672463e-01 4.95604455e-01 3.45961303e-01
  outer loop
   vertex 6.53866501e+01 5.15138779e+01 4.95493126e+01
   vertex 6.32332993e+01 5.70696945e+01 4.66499023e+01
   vertex 6.23775177e+01 5.65069656e+01 4.94968033e+01
  endloop
 endfacet
 facet normal 7.92923033e-01 4.70677525e-01 3.86956960e-01
  outer loop
   vertex 6.46077347e+01 5.10654144e+01 5.17090225e+01
   vertex 6.53866501e+01 5.15138779e+01 4.95493126e+01
   vertex 6.16278534e+01 5.60398941e+01 5.16723862e+01
  endloop
 endfacet
 facet normal 6.36298537e-01 7.52277553e-01 1.70887813e-01
  outer loop
   vertex 4.17062073e+01 8.61043015e+01 3.42425499e+01
   vertex 4.21098099e+01 8.65348587e+01 3.08953209e+01
   vertex 3.93681259e+01 8.88448563e+01 3.08698025e+01
  endloop
 endfacet
 facet normal 9.46070075e-01 3.00329417e-01 1.21464849e-01
  outer loop
   vertex 8.42063599e+01 2.60706482e+01 1.71977825e+01
   vertex 8.32902069e+01 2.78418503e+01 1.99618244e+01
   vertex 8.50751648e+01 2.21277313e+01 2.00083103e+01
  endloop
 endfacet
 facet normal 9.44362640e-01 3.18944693e-01 8.03338140e-02
  outer loop
   vertex 8.46392212e+01 2.51893616e+01 1.58193073e+01
   vertex 8.40041199e+01 2.82031631e+01 1.16450319e+01
   vertex 8.31537628e+01 3.00017929e+01 1.44172716e+01
  endloop
 endfacet
 facet normal 9.35009181e-01 3.50989938e-01 5.06354310e-02
  outer loop
   vertex 8.40041199e+01 2.82031631e+01 1.16450319e+01
   vertex 8.21508942e+01 3.40593033e+01 5.82100964e+00
   vertex 8.19225769e+01 3.38771629e+01 1.16287766e+01
  endloop
 endfacet
 facet normal 9.48818207e-01 3.05230707e-01 8.11064392e-02
  outer loop
   vertex 8.46392212e+01 2.51893616e+01 1.58193073e+01
   vertex 8.50502777e+01 2.42854614e+01 1.44396410e+01
   vertex 8.40041199e+01 2.82031631e+01 1.16450319e+01
  endloop
 endfacet
 facet normal 9.37864423e-01 3.40221226e-01 6.82632551e-02
  outer loop
   vertex 8.31537628e+01 3.00017929e+01 1.44172716e+01
   vertex 8.40041199e+01 2.82031631e+01 1.16450319e+01
   vertex 8.19225769e+01 3.38771629e+01 1.16287766e+01
  endloop
 endfacet
 facet normal 9.44154441e-01 2.35703990e-01 2.30251983e-01
  outer loop
   vertex 8.30371094e+01 1.60643234e+01 3.83484650e+01
   vertex 8.37845306e+01 1.63471222e+01 3.50266914e+01
   vertex 8.25746155e+01 2.11580963e+01 3.49712257e+01
  endloop
 endfacet
 facet normal 8.94431233e-01 2.88388520e-01 3.41796517e-01
  outer loop
   vertex 7.77671814e+01 2.53843994e+01 4.70059509e+01
   vertex 7.86704712e+01 2.57876129e+01 4.42234726e+01
   vertex 7.59763870e+01 3.08829041e+01 4.69323616e+01
  endloop
 endfacet
 facet normal 8.82986188e-01 2.53035218e-01 3.95358801e-01
  outer loop
   vertex 7.81745453e+01 1.93754425e+01 4.98822021e+01
   vertex 7.77671814e+01 2.53843994e+01 4.70059509e+01
   vertex 7.66741943e+01 2.49173203e+01 4.98208771e+01
  endloop
 endfacet
 facet normal 8.63434315e-01 2.30169386e-01 4.48891133e-01
  outer loop
   vertex 7.71985626e+01 1.90129318e+01 5.19818878e+01
   vertex 7.81745453e+01 1.93754425e+01 4.98822021e+01
   vertex 7.57579193e+01 2.45128250e+01 5.18903770e+01
  endloop
 endfacet
 facet normal 5.85728347e-01 7.71670103e-01 2.47886136e-01
  outer loop
   vertex 3.53445587e+01 8.86517868e+01 4.34729462e+01
   vertex 3.58417206e+01 8.91860428e+01 4.05704803e+01
   vertex 3.23511963e+01 9.09221268e+01 4.34532700e+01
  endloop
 endfacet
 facet normal 6.00269437e-01 7.60250330e-01 2.48386845e-01
  outer loop
   vertex 3.75433655e+01 8.68950424e+01 4.34794350e+01
   vertex 3.58417206e+01 8.91860428e+01 4.05704803e+01
   vertex 3.53445587e+01 8.86517868e+01 4.34729462e+01
  endloop
 endfacet
 facet normal 6.04629934e-01 7.25251377e-01 3.29291761e-01
  outer loop
   vertex 3.90006332e+01 8.34117355e+01 4.92635727e+01
   vertex 3.63066406e+01 8.56689072e+01 4.92613182e+01
   vertex 3.57477875e+01 8.51389999e+01 5.14516678e+01
  endloop
 endfacet
 facet normal 8.54293346e-01 1.86821640e-01 4.85057294e-01
  outer loop
   vertex 7.71366882e+01 1.56399460e+01 5.34613380e+01
   vertex 7.82367401e+01 1.43198700e+01 5.20411530e+01
   vertex 7.71985626e+01 1.90129318e+01 5.19818878e+01
  endloop
 endfacet
 facet normal 8.97205114e-01 2.09526420e-01 3.88743728e-01
  outer loop
   vertex 7.92543640e+01 1.46622772e+01 4.99382744e+01
   vertex 8.04270630e+01 1.50831375e+01 4.71074104e+01
   vertex 7.93032684e+01 1.98194885e+01 4.70740585e+01
  endloop
 endfacet
 facet normal 6.48386061e-01 7.07634628e-01 2.80800194e-01
  outer loop
   vertex 4.43241425e+01 7.98454819e+01 4.63845291e+01
   vertex 4.25637741e+01 8.25824509e+01 4.35098228e+01
   vertex 4.19702606e+01 8.20220413e+01 4.63639412e+01
  endloop
 endfacet
 facet normal 6.38620257e-01 6.92837894e-01 3.34872842e-01
  outer loop
   vertex 4.36110306e+01 7.92220078e+01 4.92836418e+01
   vertex 4.12741470e+01 8.13973770e+01 4.92717590e+01
   vertex 4.06921616e+01 8.08730392e+01 5.14527473e+01
  endloop
 endfacet
 facet normal 6.54299259e-01 6.76371813e-01 3.38250816e-01
  outer loop
   vertex 4.60319443e+01 7.68567276e+01 4.92987938e+01
   vertex 4.36110306e+01 7.92220078e+01 4.92836418e+01
   vertex 4.30112839e+01 7.87169571e+01 5.14541016e+01
  endloop
 endfacet
 facet normal 4.36760545e-01 9.08784047e-02 8.94975603e-01
  outer loop
   vertex 4.96747131e+01 2.52189331e+01 7.54514771e+01
   vertex 5.07672501e+01 3.14640198e+01 7.42834625e+01
   vertex 4.82737045e+01 3.01708450e+01 7.56809387e+01
  endloop
 endfacet
 facet normal 6.83330417e-01 6.77378416e-01 2.72429824e-01
  outer loop
   vertex 4.67595062e+01 7.74685745e+01 4.64106255e+01
   vertex 4.93072739e+01 7.60459518e+01 4.35915718e+01
   vertex 4.73698578e+01 7.80139999e+01 4.35716591e+01
  endloop
 endfacet
 facet normal 4.51631427e-01 9.16259438e-02 8.87487292e-01
  outer loop
   vertex 4.96747131e+01 2.52189331e+01 7.54514771e+01
   vertex 5.22552719e+01 2.64462738e+01 7.40748596e+01
   vertex 5.07672501e+01 3.14640198e+01 7.42834625e+01
  endloop
 endfacet
 facet normal 4.00734603e-01 6.56029582e-02 9.13842440e-01
  outer loop
   vertex 4.72952957e+01 2.40476074e+01 7.65223083e+01
   vertex 4.96747131e+01 2.52189331e+01 7.54514771e+01
   vertex 4.82737045e+01 3.01708450e+01 7.56809387e+01
  endloop
 endfacet
 facet normal 6.26761913e-01 1.96389511e-01 7.54056156e-01
  outer loop
   vertex 5.99426651e+01 2.99982758e+01 6.84612122e+01
   vertex 6.25274887e+01 3.11469879e+01 6.59807587e+01
   vertex 5.81921158e+01 3.51596298e+01 6.85696411e+01
  endloop
 endfacet
 facet normal 3.92096609e-01 2.31629252e-01 8.90285432e-01
  outer loop
   vertex 3.45633240e+01 5.27871323e+01 7.81174469e+01
   vertex 3.64929199e+01 5.42643051e+01 7.69411163e+01
   vertex 3.30048218e+01 5.88650436e+01 7.72289581e+01
  endloop
 endfacet
 facet normal 4.48637545e-01 2.44013354e-01 8.59756827e-01
  outer loop
   vertex 3.96391602e+01 4.94633102e+01 7.66624603e+01
   vertex 4.17994614e+01 5.09922104e+01 7.51665192e+01
   vertex 3.85773392e+01 5.58433304e+01 7.54120941e+01
  endloop
 endfacet
 facet normal 4.55410361e-01 3.54527235e-01 8.16646695e-01
  outer loop
   vertex 3.28257370e+01 6.30952072e+01 7.58353271e+01
   vertex 3.47586136e+01 6.46973038e+01 7.40185394e+01
   vertex 3.11955872e+01 6.49022141e+01 7.59527283e+01
  endloop
 endfacet
 facet normal 4.15018171e-01 2.93257535e-01 8.61254871e-01
  outer loop
   vertex 3.30048218e+01 5.88650436e+01 7.72289581e+01
   vertex 3.28257370e+01 6.30952072e+01 7.58353271e+01
   vertex 3.08563156e+01 6.14285355e+01 7.74052429e+01
  endloop
 endfacet
 facet normal 4.05154645e-01 1.71505690e-01 8.98017526e-01
  outer loop
   vertex 4.03639603e+01 4.30935783e+01 7.75356293e+01
   vertex 4.24363556e+01 4.44638596e+01 7.63914642e+01
   vertex 3.96391602e+01 4.94633102e+01 7.66624603e+01
  endloop
 endfacet
 facet normal 4.57115054e-01 1.18408084e-01 8.81490409e-01
  outer loop
   vertex 4.82737045e+01 3.01708450e+01 7.56809387e+01
   vertex 5.07672501e+01 3.14640198e+01 7.42834625e+01
   vertex 4.90093842e+01 3.63985367e+01 7.44869843e+01
  endloop
 endfacet
 facet normal 4.07901764e-01 1.42068312e-01 9.01905060e-01
  outer loop
   vertex 4.25169067e+01 3.84963074e+01 7.72728729e+01
   vertex 4.46650238e+01 3.98248901e+01 7.61466370e+01
   vertex 4.24363556e+01 4.44638596e+01 7.63914642e+01
  endloop
 endfacet
 facet normal 4.78402615e-01 8.05596039e-02 8.74437571e-01
  outer loop
   vertex 5.34690781e+01 2.13793945e+01 7.38741150e+01
   vertex 5.61239395e+01 2.25250549e+01 7.22958527e+01
   vertex 5.22552719e+01 2.64462738e+01 7.40748596e+01
  endloop
 endfacet
 facet normal 4.07675862e-01 1.15140833e-01 9.05838251e-01
  outer loop
   vertex 4.43884735e+01 3.37737122e+01 7.70163422e+01
   vertex 4.66076355e+01 3.50449371e+01 7.59105530e+01
   vertex 4.46650238e+01 3.98248901e+01 7.61466370e+01
  endloop
 endfacet
 facet normal 4.36933070e-01 2.07461923e-01 8.75242293e-01
  outer loop
   vertex 4.24363556e+01 4.44638596e+01 7.63914642e+01
   vertex 4.17994614e+01 5.09922104e+01 7.51665192e+01
   vertex 3.96391602e+01 4.94633102e+01 7.66624603e+01
  endloop
 endfacet
 facet normal 5.48232138e-01 1.27266362e-01 8.26586246e-01
  outer loop
   vertex 5.87560883e+01 2.36491394e+01 7.04784698e+01
   vertex 5.73662491e+01 2.88214111e+01 7.06135712e+01
   vertex 5.48230667e+01 2.76462936e+01 7.24644928e+01
  endloop
 endfacet
 facet normal 4.73507881e-01 6.35171831e-02 8.78496349e-01
  outer loop
   vertex 5.44221497e+01 1.62382507e+01 7.36893616e+01
   vertex 5.61239395e+01 2.25250549e+01 7.22958527e+01
   vertex 5.34690781e+01 2.13793945e+01 7.38741150e+01
  endloop
 endfacet
 facet normal 4.18322533e-01 3.35984141e-01 8.43872547e-01
  outer loop
   vertex 2.92654266e+01 6.32044144e+01 7.75292969e+01
   vertex 3.11955872e+01 6.49022141e+01 7.59527283e+01
   vertex 2.91157532e+01 6.70872879e+01 7.61087341e+01
  endloop
 endfacet
 facet normal 5.54039419e-01 1.58551589e-01 8.17252576e-01
  outer loop
   vertex 5.73662491e+01 2.88214111e+01 7.06135712e+01
   vertex 5.56873322e+01 3.39495697e+01 7.07735901e+01
   vertex 5.32484360e+01 3.27293816e+01 7.26394653e+01
  endloop
 endfacet
 facet normal 4.23434734e-01 4.15782891e-02 9.04971957e-01
  outer loop
   vertex 5.16569748e+01 1.51243744e+01 7.50198059e+01
   vertex 5.34690781e+01 2.13793945e+01 7.38741150e+01
   vertex 5.07949142e+01 2.01956940e+01 7.52334595e+01
  endloop
 endfacet
 facet normal 4.30489957e-01 6.60516396e-02 9.00175273e-01
  outer loop
   vertex 5.07949142e+01 2.01956940e+01 7.52334595e+01
   vertex 5.22552719e+01 2.64462738e+01 7.40748596e+01
   vertex 4.96747131e+01 2.52189331e+01 7.54514771e+01
  endloop
 endfacet
 facet normal 3.95269096e-01 4.30000313e-02 9.17558372e-01
  outer loop
   vertex 4.83366470e+01 1.90922470e+01 7.62931824e+01
   vertex 5.07949142e+01 2.01956940e+01 7.52334595e+01
   vertex 4.96747131e+01 2.52189331e+01 7.54514771e+01
  endloop
 endfacet
 facet normal 6.28522396e-01 2.33237207e-01 7.41997302e-01
  outer loop
   vertex 5.81921158e+01 3.51596298e+01 6.85696411e+01
   vertex 6.06675797e+01 3.63450050e+01 6.60620880e+01
   vertex 5.61643066e+01 4.02206993e+01 6.86952820e+01
  endloop
 endfacet
 facet normal 4.45157140e-01 6.52661622e-02 8.93070817e-01
  outer loop
   vertex 5.07949142e+01 2.01956940e+01 7.52334595e+01
   vertex 5.34690781e+01 2.13793945e+01 7.38741150e+01
   vertex 5.22552719e+01 2.64462738e+01 7.40748596e+01
  endloop
 endfacet
 facet normal 5.57838142e-01 1.90695435e-01 8.07744920e-01
  outer loop
   vertex 5.56873322e+01 3.39495697e+01 7.07735901e+01
   vertex 5.37589493e+01 3.89804382e+01 7.09270630e+01
   vertex 5.14097748e+01 3.77189484e+01 7.28160400e+01
  endloop
 endfacet
 facet normal 6.26807988e-01 2.83990949e-01 7.25576282e-01
  outer loop
   vertex 5.61643066e+01 4.02206993e+01 6.86952820e+01
   vertex 5.61762390e+01 4.64599686e+01 6.62289886e+01
   vertex 5.38707504e+01 4.51914291e+01 6.88308563e+01
  endloop
 endfacet
 facet normal 4.93208528e-01 4.55329031e-01 7.41229236e-01
  outer loop
   vertex 3.09918442e+01 6.87330551e+01 7.42534332e+01
   vertex 3.28258896e+01 7.03203964e+01 7.21245575e+01
   vertex 3.07363968e+01 7.23687363e+01 7.22424469e+01
  endloop
 endfacet
 facet normal 5.13140857e-01 4.92226243e-01 7.03135669e-01
  outer loop
   vertex 3.28258896e+01 7.03203964e+01 7.21245575e+01
   vertex 3.25210266e+01 7.39255295e+01 6.97691956e+01
   vertex 3.07363968e+01 7.23687363e+01 7.22424469e+01
  endloop
 endfacet
 facet normal 5.44221520e-01 5.62134564e-01 6.22758090e-01
  outer loop
   vertex 3.25210266e+01 7.39255295e+01 6.97691956e+01
   vertex 3.42816544e+01 7.54324570e+01 6.69625397e+01
   vertex 3.21508484e+01 7.73730087e+01 6.70435028e+01
  endloop
 endfacet
 facet normal 4.55085486e-01 4.03939217e-01 7.93555498e-01
  outer loop
   vertex 2.91157532e+01 6.70872879e+01 7.61087341e+01
   vertex 3.09918442e+01 6.87330551e+01 7.42534332e+01
   vertex 2.89316101e+01 7.07560043e+01 7.43880310e+01
  endloop
 endfacet
 facet normal 5.33242106e-01 5.79039514e-01 6.16738260e-01
  outer loop
   vertex 3.04392548e+01 7.58519211e+01 6.98689423e+01
   vertex 3.21508484e+01 7.73730087e+01 6.70435028e+01
   vertex 2.96584930e+01 7.95388565e+01 6.71374359e+01
  endloop
 endfacet
 facet normal 6.00809932e-01 2.84694344e-01 7.46978283e-01
  outer loop
   vertex 5.15643158e+01 4.38937416e+01 7.10809784e+01
   vertex 5.38707504e+01 4.51914291e+01 6.88308563e+01
   vertex 5.12952194e+01 5.00546341e+01 6.89517212e+01
  endloop
 endfacet
 facet normal 6.40131891e-01 4.35230732e-01 6.33091867e-01
  outer loop
   vertex 5.02689056e+01 5.65455704e+01 6.64662781e+01
   vertex 5.23523788e+01 5.78395767e+01 6.34301682e+01
   vertex 4.66821442e+01 6.16116714e+01 6.65802765e+01
  endloop
 endfacet
 facet normal 5.31172216e-01 6.27846956e-01 5.68914950e-01
  outer loop
   vertex 2.96584930e+01 7.95388565e+01 6.71374359e+01
   vertex 2.92160645e+01 8.27200546e+01 6.39589081e+01
   vertex 2.76273956e+01 8.12105026e+01 6.72106934e+01
  endloop
 endfacet
 facet normal 4.37947571e-01 4.37624127e-01 7.85294235e-01
  outer loop
   vertex 2.27901154e+01 7.29794083e+01 7.65908508e+01
   vertex 2.69197845e+01 7.26264420e+01 7.45319977e+01
   vertex 2.45550842e+01 7.47124863e+01 7.46902466e+01
  endloop
 endfacet
 facet normal 4.51559305e-01 4.89678234e-01 7.45861530e-01
  outer loop
   vertex 2.45550842e+01 7.47124863e+01 7.46902466e+01
   vertex 2.43242569e+01 7.80037155e+01 7.26217651e+01
   vertex 2.26269608e+01 7.63152542e+01 7.48189545e+01
  endloop
 endfacet
 facet normal 6.24871731e-01 3.19813550e-01 7.12218106e-01
  outer loop
   vertex 5.38707504e+01 4.51914291e+01 6.88308563e+01
   vertex 5.35162277e+01 5.13356857e+01 6.63336029e+01
   vertex 5.12952194e+01 5.00546341e+01 6.89517212e+01
  endloop
 endfacet
 facet normal 4.74922091e-01 5.78507721e-01 6.63157463e-01
  outer loop
   vertex 2.16760330e+01 8.00712357e+01 7.27756958e+01
   vertex 2.59896164e+01 7.96406326e+01 7.00840454e+01
   vertex 2.32946854e+01 8.17409897e+01 7.02173920e+01
  endloop
 endfacet
 facet normal 4.48911190e-01 4.18132722e-01 7.89711177e-01
  outer loop
   vertex 2.71021500e+01 6.90762253e+01 7.62588806e+01
   vertex 2.89316101e+01 7.07560043e+01 7.43880310e+01
   vertex 2.69197845e+01 7.26264420e+01 7.45319977e+01
  endloop
 endfacet
 facet normal 4.96117413e-01 5.51490366e-01 6.70616031e-01
  outer loop
   vertex 2.62776031e+01 7.63790054e+01 7.25043488e+01
   vertex 2.79853363e+01 7.79929581e+01 6.99858093e+01
   vertex 2.59896164e+01 7.96406326e+01 7.00840454e+01
  endloop
 endfacet
 facet normal 4.93847638e-01 5.24824083e-01 6.93306744e-01
  outer loop
   vertex 2.86927414e+01 7.42646713e+01 7.23553925e+01
   vertex 2.79853363e+01 7.79929581e+01 6.99858093e+01
   vertex 2.62776031e+01 7.63790054e+01 7.25043488e+01
  endloop
 endfacet
 facet normal 6.02866828e-01 3.52850050e-01 7.15575635e-01
  outer loop
   vertex 4.87090149e+01 5.19850845e+01 7.02022095e+01
   vertex 5.08742447e+01 5.33240433e+01 6.77397614e+01
   vertex 4.81682053e+01 5.52316360e+01 6.90995483e+01
  endloop
 endfacet
 facet normal 6.62512124e-01 3.84832382e-01 6.42636538e-01
  outer loop
   vertex 5.30128632e+01 5.46190567e+01 6.49265594e+01
   vertex 5.35162277e+01 5.13356857e+01 6.63336029e+01
   vertex 5.56823349e+01 5.25804825e+01 6.33691559e+01
  endloop
 endfacet
 facet normal 6.52269125e-01 4.19237614e-01 6.31494105e-01
  outer loop
   vertex 5.30128632e+01 5.46190567e+01 6.49265594e+01
   vertex 5.23523788e+01 5.78395767e+01 6.34301682e+01
   vertex 5.02689056e+01 5.65455704e+01 6.64662781e+01
  endloop
 endfacet
 facet normal 3.81417900e-01 4.04453605e-01 8.31226587e-01
  outer loop
   vertex 1.91198349e+01 7.27176895e+01 7.83872528e+01
   vertex 2.08902740e+01 7.45570908e+01 7.67443848e+01
   vertex 1.83210907e+01 7.65577774e+01 7.69432831e+01
  endloop
 endfacet
 facet normal 5.41242301e-01 2.01928914e-01 8.16260695e-01
  outer loop
   vertex 5.14097748e+01 3.77189484e+01 7.28160400e+01
   vertex 5.37589493e+01 3.89804382e+01 7.09270630e+01
   vertex 4.92994232e+01 4.25889816e+01 7.30124664e+01
  endloop
 endfacet
 facet normal 5.86056173e-01 2.84165621e-01 7.58807003e-01
  outer loop
   vertex 5.15643158e+01 4.38937416e+01 7.10809784e+01
   vertex 5.12952194e+01 5.00546341e+01 6.89517212e+01
   vertex 4.91014328e+01 4.87070084e+01 7.12346039e+01
  endloop
 endfacet
 facet normal 5.04401863e-01 2.48868495e-01 8.26827168e-01
  outer loop
   vertex 4.46811295e+01 4.59188156e+01 7.49252472e+01
   vertex 4.69138107e+01 4.73338089e+01 7.31995697e+01
   vertex 4.39394836e+01 5.24479446e+01 7.34278717e+01
  endloop
 endfacet
 facet normal 6.22335076e-01 4.23477173e-01 6.58305526e-01
  outer loop
   vertex 4.75131836e+01 5.84481583e+01 6.78711700e+01
   vertex 5.02689056e+01 5.65455704e+01 6.64662781e+01
   vertex 4.66821442e+01 6.16116714e+01 6.65802765e+01
  endloop
 endfacet
 facet normal 5.76812327e-01 3.55178684e-01 7.35619187e-01
  outer loop
   vertex 4.54511795e+01 5.70735550e+01 7.03699646e+01
   vertex 4.60643845e+01 5.38569565e+01 7.14031677e+01
   vertex 4.81682053e+01 5.52316360e+01 6.90995483e+01
  endloop
 endfacet
 facet normal 5.26621282e-01 3.14342648e-01 7.89847255e-01
  outer loop
   vertex 4.39394836e+01 5.24479446e+01 7.34278717e+01
   vertex 4.60643845e+01 5.38569565e+01 7.14031677e+01
   vertex 4.06289139e+01 5.73501205e+01 7.36427307e+01
  endloop
 endfacet
 facet normal 5.07675350e-01 2.13031963e-01 8.34795237e-01
  outer loop
   vertex 4.69840317e+01 4.12212105e+01 7.47054749e+01
   vertex 4.92994232e+01 4.25889816e+01 7.30124664e+01
   vertex 4.69138107e+01 4.73338089e+01 7.31995697e+01
  endloop
 endfacet
 facet normal 4.28004086e-01 4.13096756e-01 8.03843021e-01
  outer loop
   vertex 2.51168747e+01 7.09247208e+01 7.64097595e+01
   vertex 2.69197845e+01 7.26264420e+01 7.45319977e+01
   vertex 2.27901154e+01 7.29794083e+01 7.65908508e+01
  endloop
 endfacet
 facet normal 3.63807261e-01 3.05064738e-01 8.80102158e-01
  outer loop
   vertex 2.34886856e+01 6.56823349e+01 7.91033630e+01
   vertex 2.52284546e+01 6.73330765e+01 7.78650665e+01
   vertex 2.32810822e+01 6.91475449e+01 7.80325165e+01
  endloop
 endfacet
 facet normal 3.57797682e-01 3.16715568e-01 8.78448665e-01
  outer loop
   vertex 2.15701523e+01 6.74728317e+01 7.92842255e+01
   vertex 2.32810822e+01 6.91475449e+01 7.80325165e+01
   vertex 2.09830933e+01 7.11751328e+01 7.82234955e+01
  endloop
 endfacet
 facet normal 3.76061112e-01 3.72693598e-01 8.48338068e-01
  outer loop
   vertex 2.09830933e+01 7.11751328e+01 7.82234955e+01
   vertex 2.08902740e+01 7.45570908e+01 7.67443848e+01
   vertex 1.91198349e+01 7.27176895e+01 7.83872528e+01
  endloop
 endfacet
 facet normal 4.83306170e-01 3.34867895e-01 8.08874905e-01
  outer loop
   vertex 4.06289139e+01 5.73501205e+01 7.36427307e+01
   vertex 3.70102005e+01 6.20627670e+01 7.38706207e+01
   vertex 3.50214233e+01 6.04983139e+01 7.56752014e+01
  endloop
 endfacet
 facet normal 4.39539611e-01 3.90428632e-01 8.08931649e-01
  outer loop
   vertex 2.91157532e+01 6.70872879e+01 7.61087341e+01
   vertex 2.89316101e+01 7.07560043e+01 7.43880310e+01
   vertex 2.71021500e+01 6.90762253e+01 7.62588806e+01
  endloop
 endfacet
 facet normal 4.33070391e-01 4.04083252e-01 8.05708885e-01
  outer loop
   vertex 2.71021500e+01 6.90762253e+01 7.62588806e+01
   vertex 2.69197845e+01 7.26264420e+01 7.45319977e+01
   vertex 2.51168747e+01 7.09247208e+01 7.64097595e+01
  endloop
 endfacet
 facet normal 3.68951023e-01 2.93611586e-01 8.81854534e-01
  outer loop
   vertex 2.54395218e+01 6.37466965e+01 7.89309998e+01
   vertex 2.72077255e+01 6.53675308e+01 7.76973572e+01
   vertex 2.52284546e+01 6.73330765e+01 7.78650665e+01
  endloop
 endfacet
 facet normal 6.05701029e-01 4.80879545e-01 6.33940935e-01
  outer loop
   vertex 4.38357468e+01 6.33736496e+01 6.80059662e+01
   vertex 4.57837448e+01 6.47420883e+01 6.51150436e+01
   vertex 4.28330841e+01 6.64318161e+01 6.66852722e+01
  endloop
 endfacet
 facet normal 2.68774092e-01 1.89788774e-01 9.44320261e-01
  outer loop
   vertex 1.78076324e+01 6.36934891e+01 8.12719879e+01
   vertex 2.16902084e+01 6.39515457e+01 8.01547546e+01
   vertex 1.98044357e+01 6.57093277e+01 8.03403778e+01
  endloop
 endfacet
 facet normal 3.23685914e-01 3.28082353e-01 8.87462318e-01
  outer loop
   vertex 1.74494171e+01 7.09792862e+01 7.96631317e+01
   vertex 1.65781250e+01 7.46880264e+01 7.85998230e+01
   vertex 1.49443359e+01 7.29092331e+01 7.98958435e+01
  endloop
 endfacet
 facet normal 2.96779424e-01 2.40304098e-01 9.24216390e-01
  outer loop
   vertex 1.98044357e+01 6.57093277e+01 8.03403778e+01
   vertex 1.93014908e+01 6.94558029e+01 7.94898682e+01
   vertex 1.75536957e+01 6.76635208e+01 8.05625458e+01
  endloop
 endfacet
 facet normal 3.08501691e-01 2.67397702e-01 9.12866473e-01
  outer loop
   vertex 1.75536957e+01 6.76635208e+01 8.05625458e+01
   vertex 1.93014908e+01 6.94558029e+01 7.94898682e+01
   vertex 1.74494171e+01 7.09792862e+01 7.96631317e+01
  endloop
 endfacet
 facet normal 4.10112560e-01 3.03961068e-01 8.59892666e-01
  outer loop
   vertex 3.08563156e+01 6.14285355e+01 7.74052429e+01
   vertex 3.28257370e+01 6.30952072e+01 7.58353271e+01
   vertex 2.92654266e+01 6.32044144e+01 7.75292969e+01
  endloop
 endfacet
 facet normal 3.56153876e-01 2.68173367e-01 8.95118713e-01
  outer loop
   vertex 2.74651794e+01 6.16210098e+01 7.87490082e+01
   vertex 2.72077255e+01 6.53675308e+01 7.76973572e+01
   vertex 2.54395218e+01 6.37466965e+01 7.89309998e+01
  endloop
 endfacet
 facet normal 5.73097646e-01 4.80055243e-01 6.64158106e-01
  outer loop
   vertex 4.09119644e+01 6.50419998e+01 6.93946991e+01
   vertex 4.04312897e+01 6.91763382e+01 6.67577667e+01
   vertex 3.85599442e+01 6.77294693e+01 6.95036774e+01
  endloop
 endfacet
 facet normal 4.22926933e-01 3.25934291e-01 8.45517397e-01
  outer loop
   vertex 2.92654266e+01 6.32044144e+01 7.75292969e+01
   vertex 3.28257370e+01 6.30952072e+01 7.58353271e+01
   vertex 3.11955872e+01 6.49022141e+01 7.59527283e+01
  endloop
 endfacet
 facet normal 2.72585601e-01 1.80764899e-01 9.44997966e-01
  outer loop
   vertex 2.15705719e+01 6.00960159e+01 8.08862457e+01
   vertex 2.36228485e+01 6.20477829e+01 7.99671936e+01
   vertex 2.16902084e+01 6.39515457e+01 8.01547546e+01
  endloop
 endfacet
 facet normal 3.27854961e-01 2.21589491e-01 9.18373168e-01
  outer loop
   vertex 2.56108398e+01 5.99439774e+01 7.97798309e+01
   vertex 2.90397339e+01 5.98577499e+01 7.86103973e+01
   vertex 2.74651794e+01 6.16210098e+01 7.87490082e+01
  endloop
 endfacet
 facet normal 6.21805489e-01 7.35903919e-01 2.67961442e-01
  outer loop
   vertex 3.96777878e+01 8.40555496e+01 4.63545837e+01
   vertex 4.02600632e+01 8.46185532e+01 4.35013695e+01
   vertex 3.75433655e+01 8.68950424e+01 4.34794350e+01
  endloop
 endfacet
 facet normal 6.24877930e-01 7.39976645e-01 2.48922020e-01
  outer loop
   vertex 4.02600632e+01 8.46185532e+01 4.35013695e+01
   vertex 4.07725220e+01 8.51366806e+01 4.06097107e+01
   vertex 3.75433655e+01 8.68950424e+01 4.34794350e+01
  endloop
 endfacet
 facet normal 5.64622223e-01 4.13442582e-01 7.14329779e-01
  outer loop
   vertex 4.26790466e+01 5.87967300e+01 7.16006470e+01
   vertex 4.47092285e+01 6.02275314e+01 6.92373047e+01
   vertex 4.09119644e+01 6.50419998e+01 6.93946991e+01
  endloop
 endfacet
 facet normal 6.04526222e-01 4.24939990e-01 6.73775971e-01
  outer loop
   vertex 4.75131836e+01 5.84481583e+01 6.78711700e+01
   vertex 4.66821442e+01 6.16116714e+01 6.65802765e+01
   vertex 4.47092285e+01 6.02275314e+01 6.92373047e+01
  endloop
 endfacet
 facet normal 6.16206467e-01 5.07702887e-01 6.02102518e-01
  outer loop
   vertex 4.57837448e+01 6.47420883e+01 6.51150436e+01
   vertex 4.47213898e+01 6.77997208e+01 6.35836411e+01
   vertex 4.28330841e+01 6.64318161e+01 6.66852722e+01
  endloop
 endfacet
 facet normal 6.31987453e-01 7.23117292e-01 2.78735161e-01
  outer loop
   vertex 4.19702606e+01 8.20220413e+01 4.63639412e+01
   vertex 4.02600632e+01 8.46185532e+01 4.35013695e+01
   vertex 3.96777878e+01 8.40555496e+01 4.63545837e+01
  endloop
 endfacet
 facet normal 5.65608919e-01 5.26534259e-01 6.34703219e-01
  outer loop
   vertex 3.68406982e+01 6.95880508e+01 6.95787506e+01
   vertex 3.86825943e+01 7.10522079e+01 6.68160248e+01
   vertex 3.64263916e+01 7.33580399e+01 6.68835754e+01
  endloop
 endfacet
 facet normal 5.19017816e-01 4.00777966e-01 7.54981816e-01
  outer loop
   vertex 3.70102005e+01 6.20627670e+01 7.38706207e+01
   vertex 3.89522400e+01 6.35749435e+01 7.18070984e+01
   vertex 3.66637192e+01 6.62346725e+01 7.19214630e+01
  endloop
 endfacet
 facet normal 5.36182225e-01 4.84616280e-01 6.91126347e-01
  outer loop
   vertex 3.49789734e+01 6.80808182e+01 7.20112762e+01
   vertex 3.68406982e+01 6.95880508e+01 6.95787506e+01
   vertex 3.46439819e+01 7.18640823e+01 6.96786499e+01
  endloop
 endfacet
 facet normal 6.45028353e-01 4.60251927e-01 6.10005379e-01
  outer loop
   vertex 5.23523788e+01 5.78395767e+01 6.34301682e+01
   vertex 4.86710205e+01 6.29549026e+01 6.35006180e+01
   vertex 4.66821442e+01 6.16116714e+01 6.65802765e+01
  endloop
 endfacet
 facet normal 6.63725317e-01 5.53122640e-01 5.03511727e-01
  outer loop
   vertex 5.06031647e+01 6.42271652e+01 6.00150909e+01
   vertex 4.72530594e+01 6.96746902e+01 5.84877701e+01
   vertex 4.65552139e+01 6.91472244e+01 6.00416565e+01
  endloop
 endfacet
 facet normal 5.07469594e-01 4.26548511e-01 7.48686194e-01
  outer loop
   vertex 3.31045303e+01 6.65278549e+01 7.41175385e+01
   vertex 3.66637192e+01 6.62346725e+01 7.19214630e+01
   vertex 3.49789734e+01 6.80808182e+01 7.20112762e+01
  endloop
 endfacet
 facet normal 6.65698230e-01 4.96886700e-01 5.56731045e-01
  outer loop
   vertex 5.15622101e+01 6.10670395e+01 6.17720718e+01
   vertex 5.06031647e+01 6.42271652e+01 6.00150909e+01
   vertex 4.86710205e+01 6.29549026e+01 6.35006180e+01
  endloop
 endfacet
 facet normal 6.34048879e-01 5.17938852e-01 5.74213743e-01
  outer loop
   vertex 4.57837448e+01 6.47420883e+01 6.51150436e+01
   vertex 4.76994705e+01 6.60690842e+01 6.18195343e+01
   vertex 4.47213898e+01 6.77997208e+01 6.35836411e+01
  endloop
 endfacet
 facet normal 6.39225721e-01 7.20318556e-01 2.69316882e-01
  outer loop
   vertex 4.19702606e+01 8.20220413e+01 4.63639412e+01
   vertex 4.25637741e+01 8.25824509e+01 4.35098228e+01
   vertex 4.02600632e+01 8.46185532e+01 4.35013695e+01
  endloop
 endfacet
 facet normal 6.21951103e-01 7.09012985e-01 3.32381457e-01
  outer loop
   vertex 4.12741470e+01 8.13973770e+01 4.92717590e+01
   vertex 3.90006332e+01 8.34117355e+01 4.92635727e+01
   vertex 3.84231339e+01 8.28878860e+01 5.14489136e+01
  endloop
 endfacet
 facet normal 5.98801017e-01 6.15845740e-01 5.12026668e-01
  outer loop
   vertex 3.81902695e+01 7.47780075e+01 6.37268562e+01
   vertex 3.99138947e+01 7.61621780e+01 6.00992737e+01
   vertex 3.76613770e+01 7.82918777e+01 6.01217690e+01
  endloop
 endfacet
 facet normal 6.29572392e-01 6.36744440e-01 4.45191115e-01
  outer loop
   vertex 4.29197083e+01 7.43595657e+01 5.85117378e+01
   vertex 4.14903717e+01 7.74522934e+01 5.61174469e+01
   vertex 4.05688782e+01 7.66987534e+01 5.85347176e+01
  endloop
 endfacet
 facet normal 5.99950671e-01 6.71496451e-01 4.34915692e-01
  outer loop
   vertex 3.83081284e+01 7.88230209e+01 5.85561142e+01
   vertex 3.69736252e+01 8.15846481e+01 5.61394043e+01
   vertex 3.60898361e+01 8.08154678e+01 5.85837555e+01
  endloop
 endfacet
 facet normal 6.20000482e-01 6.48731589e-01 4.41301137e-01
  outer loop
   vertex 4.05688782e+01 7.66987534e+01 5.85347176e+01
   vertex 4.14903717e+01 7.74522934e+01 5.61174469e+01
   vertex 3.83081284e+01 7.88230209e+01 5.85561142e+01
  endloop
 endfacet
 facet normal 6.07914209e-01 6.03672504e-01 5.15771091e-01
  outer loop
   vertex 3.81902695e+01 7.47780075e+01 6.37268562e+01
   vertex 4.22353134e+01 7.38363419e+01 6.00704308e+01
   vertex 3.99138947e+01 7.61621780e+01 6.00992737e+01
  endloop
 endfacet
 facet normal 5.99556029e-01 5.52951276e-01 5.78599572e-01
  outer loop
   vertex 3.86825943e+01 7.10522079e+01 6.68160248e+01
   vertex 4.22655411e+01 7.05625839e+01 6.36381226e+01
   vertex 4.04746933e+01 7.24622879e+01 6.36700745e+01
  endloop
 endfacet
 facet normal 6.99372411e-01 6.55149519e-01 2.85757363e-01
  outer loop
   vertex 5.12771683e+01 7.27043991e+01 4.64577141e+01
   vertex 4.93072739e+01 7.60459518e+01 4.35915718e+01
   vertex 4.86781921e+01 7.55138626e+01 4.64242477e+01
  endloop
 endfacet
 facet normal 6.44879162e-01 5.81385016e-01 4.96107191e-01
  outer loop
   vertex 4.65552139e+01 6.91472244e+01 6.00416565e+01
   vertex 4.47555847e+01 7.24329605e+01 5.84978447e+01
   vertex 4.40705872e+01 7.19148483e+01 6.00447693e+01
  endloop
 endfacet
 facet normal 6.06303215e-01 5.87446570e-01 5.36006451e-01
  outer loop
   vertex 4.04746933e+01 7.24622879e+01 6.36700745e+01
   vertex 4.22353134e+01 7.38363419e+01 6.00704308e+01
   vertex 3.81902695e+01 7.47780075e+01 6.37268562e+01
  endloop
 endfacet
 facet normal 5.85202456e-01 6.33568108e-01 5.06092489e-01
  outer loop
   vertex 3.59872818e+01 7.68693161e+01 6.37864952e+01
   vertex 3.76613770e+01 7.82918777e+01 6.01217690e+01
   vertex 3.54610062e+01 8.02752914e+01 6.01540070e+01
  endloop
 endfacet
 facet normal 5.71977198e-01 6.49727821e-01 5.00695348e-01
  outer loop
   vertex 3.38221817e+01 7.88414078e+01 6.38328896e+01
   vertex 3.54610062e+01 8.02752914e+01 6.01540070e+01
   vertex 3.28674316e+01 8.24912186e+01 6.01987457e+01
  endloop
 endfacet
 facet normal 6.13814175e-01 5.27663529e-01 5.87199569e-01
  outer loop
   vertex 4.28330841e+01 6.64318161e+01 6.66852722e+01
   vertex 4.47213898e+01 6.77997208e+01 6.35836411e+01
   vertex 4.22655411e+01 7.05625839e+01 6.36381226e+01
  endloop
 endfacet
 facet normal 5.85477293e-01 6.87501132e-01 4.29602772e-01
  outer loop
   vertex 3.60898361e+01 8.08154678e+01 5.85837555e+01
   vertex 3.43335953e+01 8.38302689e+01 5.61608696e+01
   vertex 3.34753647e+01 8.30406723e+01 5.86161079e+01
  endloop
 endfacet
 facet normal 7.38260508e-01 5.71874678e-01 3.57674122e-01
  outer loop
   vertex 5.87296295e+01 6.19179916e+01 4.94355774e+01
   vertex 5.47875977e+01 6.71016769e+01 4.93841019e+01
   vertex 5.40887070e+01 6.66340561e+01 5.15530777e+01
  endloop
 endfacet
 facet normal 7.89384305e-01 4.88722593e-01 3.71513993e-01
  outer loop
   vertex 6.53866501e+01 5.15138779e+01 4.95493126e+01
   vertex 6.23775177e+01 5.65069656e+01 4.94968033e+01
   vertex 6.16278534e+01 5.60398941e+01 5.16723862e+01
  endloop
 endfacet
 facet normal 5.57403624e-01 6.66615486e-01 4.94898915e-01
  outer loop
   vertex 3.12839813e+01 8.10322495e+01 6.39024467e+01
   vertex 3.28674316e+01 8.24912186e+01 6.01987457e+01
   vertex 3.07677994e+01 8.41897507e+01 6.02392426e+01
  endloop
 endfacet
 facet normal 7.65367091e-01 4.48826432e-01 4.61267859e-01
  outer loop
   vertex 6.22565079e+01 5.30510178e+01 5.39328232e+01
   vertex 6.14577637e+01 5.36857986e+01 5.46531792e+01
   vertex 6.27125092e+01 4.99799881e+01 5.61005363e+01
  endloop
 endfacet
 facet normal 5.47306478e-01 7.24162817e-01 4.19575691e-01
  outer loop
   vertex 3.13744736e+01 8.47473984e+01 5.86424942e+01
   vertex 2.93101425e+01 8.77512741e+01 5.62041893e+01
   vertex 2.84922638e+01 8.69432144e+01 5.86863060e+01
  endloop
 endfacet
 facet normal 7.72012532e-01 4.46816057e-01 4.52053189e-01
  outer loop
   vertex 6.30499420e+01 5.23970413e+01 5.32051888e+01
   vertex 6.22565079e+01 5.30510178e+01 5.39328232e+01
   vertex 6.27125092e+01 4.99799881e+01 5.61005363e+01
  endloop
 endfacet
 facet normal 5.32669604e-01 6.93124592e-01 4.85635042e-01
  outer loop
   vertex 2.64204407e+01 8.48803482e+01 6.40463638e+01
   vertex 3.07677994e+01 8.41897507e+01 6.02392426e+01
   vertex 2.79149857e+01 8.63723221e+01 6.02998505e+01
  endloop
 endfacet
 facet normal 7.83832848e-01 4.05959070e-01 4.69897121e-01
  outer loop
   vertex 6.50662842e+01 4.80172806e+01 5.39656792e+01
   vertex 6.43050079e+01 4.86744308e+01 5.46790466e+01
   vertex 6.53372955e+01 4.49059830e+01 5.61418571e+01
  endloop
 endfacet
 facet normal 7.94954419e-01 3.32133770e-01 5.07675707e-01
  outer loop
   vertex 6.92440720e+01 3.82632523e+01 5.47383232e+01
   vertex 6.77563324e+01 3.96659164e+01 5.61561699e+01
   vertex 6.99026184e+01 3.43958168e+01 5.61457100e+01
  endloop
 endfacet
 facet normal 8.10355127e-01 3.25241119e-01 4.87383604e-01
  outer loop
   vertex 7.06625061e+01 3.68701057e+01 5.32984810e+01
   vertex 6.99598236e+01 3.75815201e+01 5.40082130e+01
   vertex 6.99026184e+01 3.43958168e+01 5.61457100e+01
  endloop
 endfacet
 facet normal 5.57782292e-01 7.22352386e-01 4.08761501e-01
  outer loop
   vertex 3.13744736e+01 8.47473984e+01 5.86424942e+01
   vertex 3.22075272e+01 8.55475540e+01 5.61773415e+01
   vertex 2.93101425e+01 8.77512741e+01 5.62041893e+01
  endloop
 endfacet
 facet normal 5.77625394e-01 7.04016984e-01 4.13169414e-01
  outer loop
   vertex 3.34753647e+01 8.30406723e+01 5.86161079e+01
   vertex 3.43335953e+01 8.38302689e+01 5.61608696e+01
   vertex 3.22075272e+01 8.55475540e+01 5.61773415e+01
  endloop
 endfacet
 facet normal 6.07990026e-01 6.71945095e-01 4.22892332e-01
  outer loop
   vertex 3.83081284e+01 7.88230209e+01 5.85561142e+01
   vertex 3.92176743e+01 7.95936508e+01 5.61257744e+01
   vertex 3.69736252e+01 8.15846481e+01 5.61394043e+01
  endloop
 endfacet
 facet normal 5.93566597e-01 6.87905252e-01 4.17690128e-01
  outer loop
   vertex 3.60898361e+01 8.08154678e+01 5.85837555e+01
   vertex 3.69736252e+01 8.15846481e+01 5.61394043e+01
   vertex 3.43335953e+01 8.38302689e+01 5.61608696e+01
  endloop
 endfacet
 facet normal 6.92609251e-01 5.99713385e-01 4.00794536e-01
  outer loop
   vertex 5.12428818e+01 6.85531998e+01 5.38495483e+01
   vertex 4.98817596e+01 7.16056900e+01 5.15207367e+01
   vertex 5.02867661e+01 6.91823502e+01 5.45635223e+01
  endloop
 endfacet
 facet normal 6.95491195e-01 5.78387797e-01 4.26332653e-01
  outer loop
   vertex 5.12428818e+01 6.85531998e+01 5.38495483e+01
   vertex 5.02867661e+01 6.91823502e+01 5.45635223e+01
   vertex 5.24189682e+01 6.54456100e+01 5.60938759e+01
  endloop
 endfacet
 facet normal 6.70724213e-01 6.17419183e-01 4.11001861e-01
  outer loop
   vertex 4.82770081e+01 7.04010544e+01 5.60794868e+01
   vertex 4.73192596e+01 7.43982468e+01 5.14824829e+01
   vertex 4.57313232e+01 7.31675034e+01 5.61082382e+01
  endloop
 endfacet
 facet normal 6.80093586e-01 5.68753064e-01 4.62593377e-01
  outer loop
   vertex 5.02867661e+01 6.91823502e+01 5.45635223e+01
   vertex 4.72530594e+01 6.96746902e+01 5.84877701e+01
   vertex 5.13683853e+01 6.47216873e+01 5.84755707e+01
  endloop
 endfacet
 facet normal 6.18445754e-01 6.60533547e-01 4.25699770e-01
  outer loop
   vertex 4.14903717e+01 7.74522934e+01 5.61174469e+01
   vertex 3.92176743e+01 7.95936508e+01 5.61257744e+01
   vertex 3.83081284e+01 7.88230209e+01 5.85561142e+01
  endloop
 endfacet
 facet normal 6.55157328e-01 5.79061449e-01 4.85238880e-01
  outer loop
   vertex 4.65552139e+01 6.91472244e+01 6.00416565e+01
   vertex 4.72530594e+01 6.96746902e+01 5.84877701e+01
   vertex 4.47555847e+01 7.24329605e+01 5.84978447e+01
  endloop
 endfacet
 facet normal 6.39601767e-01 6.00273430e-01 4.80188906e-01
  outer loop
   vertex 4.40705872e+01 7.19148483e+01 6.00447693e+01
   vertex 4.47555847e+01 7.24329605e+01 5.84978447e+01
   vertex 4.29197083e+01 7.43595657e+01 5.85117378e+01
  endloop
 endfacet
 facet normal 7.21182942e-01 5.84750533e-01 3.71432334e-01
  outer loop
   vertex 5.21916656e+01 6.79229965e+01 5.31197777e+01
   vertex 5.40887070e+01 6.66340561e+01 5.15530777e+01
   vertex 5.47875977e+01 6.71016769e+01 4.93841019e+01
  endloop
 endfacet
 facet normal 7.13241994e-01 5.19877613e-01 4.70120311e-01
  outer loop
   vertex 5.51547928e+01 5.95971451e+01 5.84620171e+01
   vertex 5.62663345e+01 6.02827072e+01 5.61010742e+01
   vertex 5.24189682e+01 6.54456100e+01 5.60938759e+01
  endloop
 endfacet
 facet normal 6.37837827e-01 6.37160420e-01 4.32654053e-01
  outer loop
   vertex 4.29197083e+01 7.43595657e+01 5.85117378e+01
   vertex 4.38758011e+01 7.50972672e+01 5.61085701e+01
   vertex 4.14903717e+01 7.74522934e+01 5.61174469e+01
  endloop
 endfacet
 facet normal 7.15251923e-01 4.59324956e-01 5.26721239e-01
  outer loop
   vertex 5.60035858e+01 5.51892776e+01 6.11672211e+01
   vertex 5.86314011e+01 5.42601089e+01 5.84590034e+01
   vertex 5.51547928e+01 5.95971451e+01 5.84620171e+01
  endloop
 endfacet
 facet normal 7.34850585e-01 4.14888114e-01 5.36528111e-01
  outer loop
   vertex 6.06289902e+01 4.88584366e+01 5.99427490e+01
   vertex 6.14898224e+01 4.93219070e+01 5.84514503e+01
   vertex 5.86314011e+01 5.42601089e+01 5.84590034e+01
  endloop
 endfacet
 facet normal 7.47374952e-01 3.72872680e-01 5.49906015e-01
  outer loop
   vertex 6.31927032e+01 4.37968102e+01 5.99251785e+01
   vertex 6.40895462e+01 4.42436371e+01 5.84424744e+01
   vertex 6.14898224e+01 4.93219070e+01 5.84514503e+01
  endloop
 endfacet
 facet normal 7.46315837e-01 3.40395123e-01 5.71964860e-01
  outer loop
   vertex 6.55076904e+01 3.86184998e+01 5.98984261e+01
   vertex 6.40895462e+01 4.42436371e+01 5.84424744e+01
   vertex 6.31927032e+01 4.37968102e+01 5.99251785e+01
  endloop
 endfacet
 facet normal 7.44263470e-01 4.92433906e-01 4.51199204e-01
  outer loop
   vertex 5.90020523e+01 5.82250443e+01 5.39036217e+01
   vertex 5.81257095e+01 5.89150772e+01 5.46106377e+01
   vertex 5.98165894e+01 5.49279861e+01 5.60830879e+01
  endloop
 endfacet
 facet normal 7.54214585e-01 2.86537290e-01 5.90810239e-01
  outer loop
   vertex 6.75536575e+01 3.33651619e+01 5.98820839e+01
   vertex 6.85206375e+01 3.37906609e+01 5.84427185e+01
   vertex 6.55076904e+01 3.86184998e+01 5.98984261e+01
  endloop
 endfacet
 facet normal 7.66846120e-01 2.29116917e-01 5.99543571e-01
  outer loop
   vertex 7.19264908e+01 2.30133667e+01 5.84668655e+01
   vertex 7.03506546e+01 2.84230957e+01 5.84507599e+01
   vertex 6.93514099e+01 2.80097809e+01 5.98792305e+01
  endloop
 endfacet
 facet normal 7.65403867e-01 2.54572242e-01 5.91058314e-01
  outer loop
   vertex 6.93514099e+01 2.80097809e+01 5.98792305e+01
   vertex 7.03506546e+01 2.84230957e+01 5.84507599e+01
   vertex 6.85206375e+01 3.37906609e+01 5.84427185e+01
  endloop
 endfacet
 facet normal 8.09890926e-01 3.13072145e-01 4.96046871e-01
  outer loop
   vertex 7.13282013e+01 3.29468727e+01 5.47573357e+01
   vertex 7.06625061e+01 3.68701057e+01 5.32984810e+01
   vertex 6.99026184e+01 3.43958168e+01 5.61457100e+01
  endloop
 endfacet
 facet normal 8.13443959e-01 2.86399364e-01 5.06245315e-01
  outer loop
   vertex 7.20161667e+01 3.22329559e+01 5.40526466e+01
   vertex 7.13282013e+01 3.29468727e+01 5.47573357e+01
   vertex 7.17609787e+01 2.90346527e+01 5.62034340e+01
  endloop
 endfacet
 facet normal 8.49943221e-01 3.05766076e-01 4.29072946e-01
  outer loop
   vertex 7.40404892e+01 3.00156250e+01 5.18415604e+01
   vertex 7.49253616e+01 3.04017792e+01 4.97655563e+01
   vertex 7.20461197e+01 3.54018211e+01 5.18183784e+01
  endloop
 endfacet
 facet normal 8.52826476e-01 3.24940205e-01 4.08779681e-01
  outer loop
   vertex 7.49253616e+01 3.04017792e+01 4.97655563e+01
   vertex 7.29303055e+01 3.58131638e+01 4.96968384e+01
   vertex 7.20461197e+01 3.54018211e+01 5.18183784e+01
  endloop
 endfacet
 facet normal 8.20337474e-01 2.82318771e-01 4.97335434e-01
  outer loop
   vertex 7.26869888e+01 3.15259857e+01 5.33201180e+01
   vertex 7.20161667e+01 3.22329559e+01 5.40526466e+01
   vertex 7.17609787e+01 2.90346527e+01 5.62034340e+01
  endloop
 endfacet
 facet normal 2.82125324e-01 1.55596629e-01 9.46675777e-01
  outer loop
   vertex 2.70988312e+01 5.38657913e+01 8.03407288e+01
   vertex 2.92459259e+01 5.57124405e+01 7.94413605e+01
   vertex 2.71632233e+01 5.82085190e+01 7.96363678e+01
  endloop
 endfacet
 facet normal 3.41360688e-01 1.86096445e-01 9.21325684e-01
  outer loop
   vertex 3.25832825e+01 5.12313614e+01 7.91191711e+01
   vertex 3.45633240e+01 5.27871323e+01 7.81174469e+01
   vertex 3.11487122e+01 5.73297348e+01 7.84308167e+01
  endloop
 endfacet
 facet normal 3.21980119e-01 1.77995831e-01 9.29863572e-01
  outer loop
   vertex 3.25832825e+01 5.12313614e+01 7.91191711e+01
   vertex 3.11487122e+01 5.73297348e+01 7.84308167e+01
   vertex 2.92459259e+01 5.57124405e+01 7.94413605e+01
  endloop
 endfacet
 facet normal 3.79747510e-01 1.98361799e-01 9.03573155e-01
  outer loop
   vertex 3.76468124e+01 4.80385666e+01 7.78214874e+01
   vertex 3.64929199e+01 5.42643051e+01 7.69411163e+01
   vertex 3.45633240e+01 5.27871323e+01 7.81174469e+01
  endloop
 endfacet
 facet normal 2.62290984e-01 1.41658589e-01 9.54534590e-01
  outer loop
   vertex 2.70988312e+01 5.38657913e+01 8.03407288e+01
   vertex 2.71632233e+01 5.82085190e+01 7.96363678e+01
   vertex 2.50510406e+01 5.63280869e+01 8.05421600e+01
  endloop
 endfacet
 facet normal 3.86390269e-01 1.68970257e-01 9.06725764e-01
  outer loop
   vertex 4.03639603e+01 4.30935783e+01 7.75356293e+01
   vertex 3.96391602e+01 4.94633102e+01 7.66624603e+01
   vertex 3.76468124e+01 4.80385666e+01 7.78214874e+01
  endloop
 endfacet
 facet normal 2.97308207e-01 9.80853215e-02 9.49730039e-01
  outer loop
   vertex 3.58817978e+01 4.00191345e+01 7.93666382e+01
   vertex 3.82506638e+01 4.16483116e+01 7.85061951e+01
   vertex 3.55945053e+01 4.65429993e+01 7.88043518e+01
  endloop
 endfacet
 facet normal 2.56346464e-01 1.57119527e-01 9.53729510e-01
  outer loop
   vertex 2.35254440e+01 5.80300369e+01 8.06934204e+01
   vertex 2.36228485e+01 6.20477829e+01 7.99671936e+01
   vertex 2.15705719e+01 6.00960159e+01 8.08862457e+01
  endloop
 endfacet
 facet normal 2.60199487e-01 1.47236228e-01 9.54262912e-01
  outer loop
   vertex 2.50510406e+01 5.63280869e+01 8.05421600e+01
   vertex 2.71632233e+01 5.82085190e+01 7.96363678e+01
   vertex 2.35254440e+01 5.80300369e+01 8.06934204e+01
  endloop
 endfacet
 facet normal 2.99878627e-01 8.26177001e-02 9.50393140e-01
  outer loop
   vertex 4.03171234e+01 3.71193047e+01 7.82354126e+01
   vertex 3.82506638e+01 4.16483116e+01 7.85061951e+01
   vertex 3.58817978e+01 4.00191345e+01 7.93666382e+01
  endloop
 endfacet
 facet normal 3.91547740e-01 3.01166385e-01 8.69476378e-01
  outer loop
   vertex 1.93242569e+01 5.79739304e+01 8.16069489e+01
   vertex 2.15705719e+01 6.00960159e+01 8.08862457e+01
   vertex 1.96762543e+01 6.19643173e+01 8.10793915e+01
  endloop
 endfacet
 facet normal 5.72794080e-01 6.53617859e-01 4.94662166e-01
  outer loop
   vertex 7.73940582e+01 8.69441223e+00 5.51321678e+01
   vertex 7.57366104e+01 1.34431305e+01 5.63145790e+01
   vertex 7.70332947e+01 8.58464050e+00 5.57281418e+01
  endloop
 endfacet
 facet normal 3.90954942e-01 1.13454826e-01 9.13390517e-01
  outer loop
   vertex 4.43884735e+01 3.37737122e+01 7.70163422e+01
   vertex 4.46650238e+01 3.98248901e+01 7.61466370e+01
   vertex 4.25169067e+01 3.84963074e+01 7.72728729e+01
  endloop
 endfacet
 facet normal 3.01318526e-01 6.15730770e-02 9.51533437e-01
  outer loop
   vertex 4.21170731e+01 3.24575653e+01 7.79602661e+01
   vertex 4.03171234e+01 3.71193047e+01 7.82354126e+01
   vertex 3.78832932e+01 3.55521088e+01 7.90801544e+01
  endloop
 endfacet
 facet normal 3.90374541e-01 1.40053481e-01 9.09941077e-01
  outer loop
   vertex 4.25169067e+01 3.84963074e+01 7.72728729e+01
   vertex 4.24363556e+01 4.44638596e+01 7.63914642e+01
   vertex 4.03639603e+01 4.30935783e+01 7.75356293e+01
  endloop
 endfacet
 facet normal 2.99674958e-01 3.84838097e-02 9.53264892e-01
  outer loop
   vertex 4.10138245e+01 2.62484665e+01 7.85341949e+01
   vertex 4.36328201e+01 2.76869354e+01 7.76997223e+01
   vertex 4.21170731e+01 3.24575653e+01 7.79602661e+01
  endloop
 endfacet
 facet normal 7.45921433e-01 4.17631477e-01 5.18830597e-01
  outer loop
   vertex 7.57366104e+01 1.34431305e+01 5.63145790e+01
   vertex 7.73940582e+01 8.69441223e+00 5.51321678e+01
   vertex 7.82367401e+01 1.43198700e+01 5.20411530e+01
  endloop
 endfacet
 facet normal 6.00920737e-01 6.63244426e-01 4.46095377e-01
  outer loop
   vertex 7.82367401e+01 1.43198700e+01 5.20411530e+01
   vertex 7.73940582e+01 8.69441223e+00 5.51321678e+01
   vertex 7.91319885e+01 9.22322845e+00 5.21866646e+01
  endloop
 endfacet
 facet normal 3.89264315e-01 8.87368247e-02 9.16841924e-01
  outer loop
   vertex 4.59818039e+01 2.89592590e+01 7.67698059e+01
   vertex 4.66076355e+01 3.50449371e+01 7.59105530e+01
   vertex 4.43884735e+01 3.37737122e+01 7.70163422e+01
  endloop
 endfacet
 facet normal 2.97009408e-01 2.35315822e-02 9.54584539e-01
  outer loop
   vertex 4.21595383e+01 2.14569092e+01 7.82735291e+01
   vertex 4.48667450e+01 2.28367310e+01 7.74437866e+01
   vertex 4.36328201e+01 2.76869354e+01 7.76997223e+01
  endloop
 endfacet
 facet normal 3.85581881e-01 6.52827621e-02 9.20361221e-01
  outer loop
   vertex 4.72952957e+01 2.40476074e+01 7.65223083e+01
   vertex 4.82737045e+01 3.01708450e+01 7.56809387e+01
   vertex 4.59818039e+01 2.89592590e+01 7.67698059e+01
  endloop
 endfacet
 facet normal 4.96129245e-01 9.16651934e-02 8.63396347e-01
  outer loop
   vertex 4.23529510e+01 5.26887512e+00 7.76857452e+01
   vertex 4.70803146e+01 8.03991699e+00 7.66952972e+01
   vertex 4.65396957e+01 1.30361710e+01 7.69529572e+01
  endloop
 endfacet
 facet normal 7.84977674e-01 1.57885954e-01 5.99067688e-01
  outer loop
   vertex 7.41864853e+01 1.28811722e+01 5.84957085e+01
   vertex 7.57366104e+01 1.34431305e+01 5.63145790e+01
   vertex 7.32555466e+01 1.75385895e+01 5.84714012e+01
  endloop
 endfacet
 facet normal 2.94772387e-01 1.15029402e-02 9.55498278e-01
  outer loop
   vertex 4.58259583e+01 1.79525223e+01 7.72032471e+01
   vertex 4.48667450e+01 2.28367310e+01 7.74437866e+01
   vertex 4.21595383e+01 2.14569092e+01 7.82735291e+01
  endloop
 endfacet
 facet normal 3.00127894e-01 -1.52555648e-02 9.53776956e-01
  outer loop
   vertex 4.34342422e+01 1.18620834e+01 7.78216400e+01
   vertex 4.65396957e+01 1.30361710e+01 7.69529572e+01
   vertex 4.58259583e+01 1.79525223e+01 7.72032471e+01
  endloop
 endfacet
 facet normal 3.80414248e-01 4.33038063e-02 9.23801839e-01
  outer loop
   vertex 4.83366470e+01 1.90922470e+01 7.62931824e+01
   vertex 4.96747131e+01 2.52189331e+01 7.54514771e+01
   vertex 4.72952957e+01 2.40476074e+01 7.65223083e+01
  endloop
 endfacet
 facet normal 5.87600946e-01 1.12818390e-01 8.01247239e-01
  outer loop
   vertex 5.98953018e+01 1.84046555e+01 7.03578644e+01
   vertex 6.26738205e+01 1.94794159e+01 6.82617493e+01
   vertex 6.14313889e+01 2.47690887e+01 6.83666687e+01
  endloop
 endfacet
 facet normal 7.20024467e-01 1.51703730e-01 6.77163780e-01
  outer loop
   vertex 7.02130432e+01 1.94015961e+01 6.15180588e+01
   vertex 6.93831177e+01 1.61664352e+01 6.30612144e+01
   vertex 7.21656265e+01 1.71641846e+01 5.98900566e+01
  endloop
 endfacet
 facet normal 7.65707612e-01 1.80500999e-01 6.17342055e-01
  outer loop
   vertex 7.21656265e+01 1.71641846e+01 5.98900566e+01
   vertex 7.32555466e+01 1.75385895e+01 5.84714012e+01
   vertex 7.19264908e+01 2.30133667e+01 5.84668655e+01
  endloop
 endfacet
 facet normal 3.74285996e-01 2.28419304e-02 9.27031934e-01
  outer loop
   vertex 4.91151962e+01 1.40831757e+01 7.60619965e+01
   vertex 5.07949142e+01 2.01956940e+01 7.52334595e+01
   vertex 4.83366470e+01 1.90922470e+01 7.62931824e+01
  endloop
 endfacet
 facet normal 4.86268401e-01 6.35303333e-02 8.71496975e-01
  outer loop
   vertex 5.44221497e+01 1.62382507e+01 7.36893616e+01
   vertex 5.71848984e+01 1.73340302e+01 7.21284180e+01
   vertex 5.61239395e+01 2.25250549e+01 7.22958527e+01
  endloop
 endfacet
 facet normal 4.37029779e-01 4.12179753e-02 8.98502111e-01
  outer loop
   vertex 5.16569748e+01 1.51243744e+01 7.50198059e+01
   vertex 5.44221497e+01 1.62382507e+01 7.36893616e+01
   vertex 5.34690781e+01 2.13793945e+01 7.38741150e+01
  endloop
 endfacet
 facet normal 6.77441716e-01 1.45636037e-01 7.21015155e-01
  outer loop
   vertex 6.93831177e+01 1.61664352e+01 6.30612144e+01
   vertex 6.82049637e+01 2.15794449e+01 6.30851212e+01
   vertex 6.54618378e+01 2.05372543e+01 6.58485489e+01
  endloop
 endfacet
 facet normal 7.14330852e-01 1.18640527e-01 6.89678073e-01
  outer loop
   vertex 7.12461090e+01 1.43623123e+01 6.15228882e+01
   vertex 7.01792145e+01 1.15913925e+01 6.30506592e+01
   vertex 7.30700760e+01 1.25381927e+01 5.98833923e+01
  endloop
 endfacet
 facet normal 5.20608544e-01 7.87603110e-02 8.50155056e-01
  outer loop
   vertex 5.71848984e+01 1.73340302e+01 7.21284180e+01
   vertex 5.98953018e+01 1.84046555e+01 7.03578644e+01
   vertex 5.61239395e+01 2.25250549e+01 7.22958527e+01
  endloop
 endfacet
 facet normal 3.87759596e-01 2.22031288e-02 9.21493113e-01
  outer loop
   vertex 4.91151962e+01 1.40831757e+01 7.60619965e+01
   vertex 5.16569748e+01 1.51243744e+01 7.50198059e+01
   vertex 5.07949142e+01 2.01956940e+01 7.52334595e+01
  endloop
 endfacet
 facet normal 6.11815989e-01 1.11246884e-01 7.83138096e-01
  outer loop
   vertex 6.36492844e+01 1.41409378e+01 6.81741180e+01
   vertex 6.54618378e+01 2.05372543e+01 6.58485489e+01
   vertex 6.26738205e+01 1.94794159e+01 6.82617493e+01
  endloop
 endfacet
 facet normal 4.45399970e-01 2.05645964e-01 8.71394634e-01
  outer loop
   vertex 3.08087387e+01 4.30081635e+01 8.03807831e+01
   vertex 3.32989197e+01 4.48330154e+01 7.96883087e+01
   vertex 3.03737564e+01 4.94529037e+01 8.00057983e+01
  endloop
 endfacet
 facet normal 2.80977458e-01 9.38243116e-04 9.59713936e-01
  outer loop
   vertex 4.29473038e+01 1.66362762e+01 7.80425110e+01
   vertex 4.58259583e+01 1.79525223e+01 7.72032471e+01
   vertex 4.21595383e+01 2.14569092e+01 7.82735291e+01
  endloop
 endfacet
 facet normal 6.50124252e-01 2.57601172e-01 7.14828670e-01
  outer loop
   vertex 4.41740875e+01 2.52231598e+00 7.73101044e+01
   vertex 4.70803146e+01 8.03991699e+00 7.66952972e+01
   vertex 4.23529510e+01 5.26887512e+00 7.76857452e+01
  endloop
 endfacet
 facet normal 8.21908236e-01 2.24089146e-01 5.23689687e-01
  outer loop
   vertex 8.75062714e+01 1.76053009e+01 5.83179331e+00
   vertex 8.75967560e+01 1.76440887e+01 0.00000000e+00
   vertex 8.62014923e+01 2.26250992e+01 0.00000000e+00
  endloop
 endfacet
 facet normal 8.18411469e-01 2.94927806e-01 -4.93173718e-01
  outer loop
   vertex 8.37570038e+01 2.97582397e+01 4.41844130e+00
   vertex 8.42578430e+01 2.83583679e+01 5.82777119e+00
   vertex 8.40619965e+01 2.89401588e+01 4.41897869e+00
  endloop
 endfacet
 facet normal 8.21584165e-01 2.90458858e-01 -4.90543753e-01
  outer loop
   vertex 8.40619965e+01 2.89401588e+01 4.41897869e+00
   vertex 8.42578430e+01 2.83583679e+01 5.82777119e+00
   vertex 8.42723541e+01 2.83759460e+01 4.41935253e+00
  endloop
 endfacet
 facet normal 8.44809175e-01 3.81794870e-01 -3.74873489e-01
  outer loop
   vertex 8.56845398e+01 2.39837494e+01 4.42214775e+00
   vertex 8.61181793e+01 2.25726318e+01 5.82526588e+00
   vertex 8.59520569e+01 2.31591301e+01 4.42267036e+00
  endloop
 endfacet
 facet normal 9.03729200e-01 4.03972089e-01 1.41704395e-01
  outer loop
   vertex 8.61181793e+01 2.25726318e+01 5.82526588e+00
   vertex 8.62014923e+01 2.26250992e+01 0.00000000e+00
   vertex 8.59520569e+01 2.31591301e+01 4.42267036e+00
  endloop
 endfacet
 facet normal 8.14405620e-01 5.05203843e-01 2.85504073e-01
  outer loop
   vertex 8.59520569e+01 2.31591301e+01 4.42267036e+00
   vertex 8.62014923e+01 2.26250992e+01 0.00000000e+00
   vertex 8.60124054e+01 2.32018814e+01 1.13826990e-01
  endloop
 endfacet
 facet normal 7.00493813e-01 3.35660547e-01 6.29793942e-01
  outer loop
   vertex 8.62014923e+01 2.26250992e+01 0.00000000e+00
   vertex 8.43178558e+01 2.84311066e+01 0.00000000e+00
   vertex 8.60124054e+01 2.32018814e+01 1.13826990e-01
  endloop
 endfacet
 facet normal 6.99788749e-01 3.40592682e-01 6.27927005e-01
  outer loop
   vertex 8.60124054e+01 2.32018814e+01 1.13826990e-01
   vertex 8.43178558e+01 2.84311066e+01 0.00000000e+00
   vertex 8.57849731e+01 2.39029121e+01 1.13381624e-01
  endloop
 endfacet
 facet normal 6.63918793e-01 2.20829427e-01 7.14455128e-01
  outer loop
   vertex 8.57849731e+01 2.39029121e+01 1.13381624e-01
   vertex 8.43178558e+01 2.84311066e+01 0.00000000e+00
   vertex 8.52731018e+01 2.54807243e+01 1.12384319e-01
  endloop
 endfacet
 facet normal 6.63995445e-01 2.20852718e-01 7.14376748e-01
  outer loop
   vertex 8.52731018e+01 2.54807243e+01 1.12384319e-01
   vertex 8.43178558e+01 2.84311066e+01 0.00000000e+00
   vertex 8.50015259e+01 2.63178520e+01 1.11851454e-01
  endloop
 endfacet
 facet normal 8.13438535e-01 2.44090289e-01 5.27956188e-01
  outer loop
   vertex 8.50015259e+01 2.63178520e+01 1.11851454e-01
   vertex 8.43178558e+01 2.84311066e+01 0.00000000e+00
   vertex 8.48947754e+01 2.66469078e+01 1.11640930e-01
  endloop
 endfacet
 facet normal 8.13529313e-01 2.43960977e-01 5.27876019e-01
  outer loop
   vertex 8.43178558e+01 2.84311066e+01 0.00000000e+00
   vertex 8.43520355e+01 2.83199043e+01 1.10571384e-01
   vertex 8.48947754e+01 2.66469078e+01 1.11640930e-01
  endloop
 endfacet
 facet normal 9.55066204e-01 2.95355588e-01 2.47719437e-02
  outer loop
   vertex 8.48966827e+01 2.65475311e+01 1.87289894e+00
   vertex 8.48947754e+01 2.66469078e+01 1.11640930e-01
   vertex 8.45397034e+01 2.77091942e+01 7.17821836e-01
  endloop
 endfacet
 facet normal 8.83061051e-01 3.66817743e-01 2.92656690e-01
  outer loop
   vertex 8.45397034e+01 2.77091942e+01 7.17821836e-01
   vertex 8.48947754e+01 2.66469078e+01 1.11640930e-01
   vertex 8.45576630e+01 2.76860275e+01 1.10976934e-01
  endloop
 endfacet
 facet normal 7.95368135e-01 2.73352474e-01 5.40987909e-01
  outer loop
   vertex 8.48947754e+01 2.66469078e+01 1.11640930e-01
   vertex 8.43520355e+01 2.83199043e+01 1.10571384e-01
   vertex 8.45576630e+01 2.76860275e+01 1.10976934e-01
  endloop
 endfacet
 facet normal 6.45451784e-01 2.46915832e-01 7.22789407e-01
  outer loop
   vertex 8.43520355e+01 2.83199043e+01 1.10571384e-01
   vertex 8.44123535e+01 2.81339760e+01 1.10691547e-01
   vertex 8.45576630e+01 2.76860275e+01 1.10976934e-01
  endloop
 endfacet
 facet normal 5.26605725e-01 6.67961359e-01 5.25846004e-01
  outer loop
   vertex 3.85892639e+01 9.26905441e+01 5.64406586e+00
   vertex 4.08603821e+01 9.10179520e+01 5.68434189e-14
   vertex 3.55544128e+01 9.52064743e+01 5.68434189e-14
  endloop
 endfacet
 facet normal 5.88826299e-01 6.16773963e-01 5.22372961e-01
  outer loop
   vertex 4.83495560e+01 8.42151108e+01 5.68822575e+00
   vertex 5.08326340e+01 8.19198074e+01 2.84217094e-14
   vertex 4.59531784e+01 8.65920181e+01 5.68434189e-14
  endloop
 endfacet
 facet normal 5.58203816e-01 6.43280387e-01 5.24021804e-01
  outer loop
   vertex 4.36031876e+01 8.85296860e+01 5.66579151e+00
   vertex 4.59531784e+01 8.65920181e+01 5.68434189e-14
   vertex 4.08603821e+01 9.10179520e+01 5.68434189e-14
  endloop
 endfacet
 facet normal 5.07608771e-01 4.81458157e-01 7.14514792e-01
  outer loop
   vertex 5.54920883e+01 7.70160294e+01 2.84217094e-14
   vertex 5.08326340e+01 8.19198074e+01 2.84217094e-14
   vertex 5.54393921e+01 7.70700455e+01 1.12434387e-01
  endloop
 endfacet
 facet normal 5.04986703e-01 4.87158030e-01 7.12506473e-01
  outer loop
   vertex 5.54393921e+01 7.70700455e+01 1.12434387e-01
   vertex 5.08326340e+01 8.19198074e+01 2.84217094e-14
   vertex 5.51962051e+01 7.73259811e+01 1.12186670e-01
  endloop
 endfacet
 facet normal 5.04435897e-01 4.87486064e-01 7.12672293e-01
  outer loop
   vertex 5.51962051e+01 7.73259811e+01 1.12186670e-01
   vertex 5.08326340e+01 8.19198074e+01 2.84217094e-14
   vertex 5.45265961e+01 7.80307083e+01 1.11500740e-01
  endloop
 endfacet
 facet normal 6.36028588e-01 5.63114405e-01 5.27607620e-01
  outer loop
   vertex 5.45265961e+01 7.80307083e+01 1.11500740e-01
   vertex 5.08326340e+01 8.19198074e+01 2.84217094e-14
   vertex 5.45079651e+01 7.80503235e+01 1.11481667e-01
  endloop
 endfacet
 facet normal 6.28098309e-01 6.01618052e-01 -4.93506044e-01
  outer loop
   vertex 5.23688431e+01 8.02461395e+01 4.41816902e+00
   vertex 5.28170700e+01 7.97578049e+01 5.70729303e+00
   vertex 5.28438339e+01 7.97462311e+01 4.41865349e+00
  endloop
 endfacet
 facet normal 6.64883733e-01 6.96928680e-01 -2.68737882e-01
  outer loop
   vertex 5.28438339e+01 7.97462311e+01 4.41865349e+00
   vertex 5.28170700e+01 7.97578049e+01 5.70729303e+00
   vertex 5.30123367e+01 7.95689011e+01 4.41882467e+00
  endloop
 endfacet
 facet normal 7.75493801e-01 6.31175220e-01 -1.50720514e-02
  outer loop
   vertex 5.28170700e+01 7.97578049e+01 5.70729303e+00
   vertex 5.45149841e+01 7.80175247e+01 2.08471084e+00
   vertex 5.30123367e+01 7.95689011e+01 4.41882467e+00
  endloop
 endfacet
 facet normal 7.48426378e-01 6.63185477e-01 6.55594235e-03
  outer loop
   vertex 5.30123367e+01 7.95689011e+01 4.41882467e+00
   vertex 5.45149841e+01 7.80175247e+01 2.08471084e+00
   vertex 5.30872040e+01 7.95456009e+01 1.10027790e-01
  endloop
 endfacet
 facet normal 5.03860116e-01 4.88740474e-01 7.12220311e-01
  outer loop
   vertex 5.08701019e+01 8.18789825e+01 1.07768059e-01
   vertex 5.20118713e+01 8.06773300e+01 1.08933926e-01
   vertex 5.08326340e+01 8.19198074e+01 2.84217094e-14
  endloop
 endfacet
 facet normal 8.48516881e-01 5.27991533e-01 3.52708399e-02
  outer loop
   vertex 5.45149841e+01 7.80175247e+01 2.08471084e+00
   vertex 5.45151215e+01 7.80291595e+01 1.16966987e+00
   vertex 5.30872040e+01 7.95456009e+01 1.10027790e-01
  endloop
 endfacet
 facet normal 7.97178209e-01 6.01346016e-01 5.37570380e-02
  outer loop
   vertex 5.45151215e+01 7.80291595e+01 1.16966987e+00
   vertex 5.45079651e+01 7.80503235e+01 1.11481667e-01
   vertex 5.30872040e+01 7.95456009e+01 1.10027790e-01
  endloop
 endfacet
 facet normal 6.79143906e-01 6.65870726e-01 3.08836192e-01
  outer loop
   vertex 5.45079651e+01 7.80503235e+01 1.11481667e-01
   vertex 5.08326340e+01 8.19198074e+01 2.84217094e-14
   vertex 5.30872040e+01 7.95456009e+01 1.10027790e-01
  endloop
 endfacet
 facet normal 5.75903118e-01 6.17310345e-01 5.35969734e-01
  outer loop
   vertex 5.30872040e+01 7.95456009e+01 1.10027790e-01
   vertex 5.08326340e+01 8.19198074e+01 2.84217094e-14
   vertex 5.28524094e+01 7.97927094e+01 1.09787941e-01
  endloop
 endfacet
 facet normal 5.04609704e-01 4.87652808e-01 7.12435126e-01
  outer loop
   vertex 5.08326340e+01 8.19198074e+01 2.84217094e-14
   vertex 5.20118713e+01 8.06773300e+01 1.08933926e-01
   vertex 5.28524094e+01 7.97927094e+01 1.09787941e-01
  endloop
 endfacet
 facet normal 6.91910148e-01 5.01300097e-01 5.19575357e-01
  outer loop
   vertex 6.41129684e+01 6.64356308e+01 5.75620985e+00
   vertex 6.79980621e+01 6.10440903e+01 2.84217094e-14
   vertex 6.40844727e+01 6.65699234e+01 2.84217094e-14
  endloop
 endfacet
 facet normal 5.29010952e-01 4.56962019e-01 7.15075612e-01
  outer loop
   vertex 5.54920883e+01 7.70160294e+01 2.84217094e-14
   vertex 5.55793304e+01 7.69128571e+01 1.12582207e-01
   vertex 5.99118347e+01 7.18998795e+01 2.84217094e-14
  endloop
 endfacet
 facet normal 5.33609092e-01 4.54231441e-01 7.13396907e-01
  outer loop
   vertex 5.55793304e+01 7.69128571e+01 1.12582207e-01
   vertex 5.65625687e+01 7.57746735e+01 1.13629580e-01
   vertex 5.99118347e+01 7.18998795e+01 2.84217094e-14
  endloop
 endfacet
 facet normal 5.24287879e-01 5.83889544e-01 6.19834840e-01
  outer loop
   vertex 5.65625687e+01 7.57746735e+01 1.13629580e-01
   vertex 5.66928787e+01 7.56238327e+01 1.13768339e-01
   vertex 5.99118347e+01 7.18998795e+01 2.84217094e-14
  endloop
 endfacet
 facet normal 3.52697730e-01 8.39030802e-01 4.14284497e-01
  outer loop
   vertex 5.66928787e+01 7.56238327e+01 1.13768339e-01
   vertex 5.66817017e+01 7.56092606e+01 1.53512204e+00
   vertex 5.99118347e+01 7.18998795e+01 2.84217094e-14
  endloop
 endfacet
 facet normal 4.93307203e-01 8.17658484e-01 2.96787113e-01
  outer loop
   vertex 5.66817017e+01 7.56092606e+01 1.53512204e+00
   vertex 5.99338837e+01 7.17634048e+01 5.73187399e+00
   vertex 5.99118347e+01 7.18998795e+01 2.84217094e-14
  endloop
 endfacet
 facet normal 5.89204788e-01 3.79252136e-01 7.13446259e-01
  outer loop
   vertex 7.12859268e+01 5.59255905e+01 2.84217094e-14
   vertex 6.79980621e+01 6.10440903e+01 2.84217094e-14
   vertex 7.12247620e+01 5.60191269e+01 1.08393192e-01
  endloop
 endfacet
 facet normal 5.87888300e-01 3.84362429e-01 7.11795509e-01
  outer loop
   vertex 7.12247620e+01 5.60191269e+01 1.08393192e-01
   vertex 6.79980621e+01 6.10440903e+01 2.84217094e-14
   vertex 7.11292801e+01 5.61677628e+01 1.08274937e-01
  endloop
 endfacet
 facet normal 7.11157143e-01 3.38875860e-01 6.15969658e-01
  outer loop
   vertex 7.11292801e+01 5.61677628e+01 1.08274937e-01
   vertex 6.79980621e+01 6.10440903e+01 2.84217094e-14
   vertex 7.09407272e+01 5.64613037e+01 1.08038425e-01
  endloop
 endfacet
 facet normal 9.06570494e-01 1.06235690e-01 4.08465356e-01
  outer loop
   vertex 7.09407272e+01 5.64613037e+01 1.08038425e-01
   vertex 6.79980621e+01 6.10440903e+01 2.84217094e-14
   vertex 7.09363937e+01 5.64600906e+01 6.19401217e-01
  endloop
 endfacet
 facet normal 9.23803508e-01 2.46225297e-01 2.93189615e-01
  outer loop
   vertex 6.79980621e+01 6.10440903e+01 2.84217094e-14
   vertex 6.80256653e+01 6.09111710e+01 5.77745914e+00
   vertex 7.09363937e+01 5.64600906e+01 6.19401217e-01
  endloop
 endfacet
 facet normal 6.77484989e-01 5.20037115e-01 5.20168662e-01
  outer loop
   vertex 6.41129684e+01 6.64356308e+01 5.75620985e+00
   vertex 6.40844727e+01 6.65699234e+01 2.84217094e-14
   vertex 5.99118347e+01 7.18998795e+01 2.84217094e-14
  endloop
 endfacet
 facet normal 6.19825244e-01 3.26880544e-01 7.13418365e-01
  outer loop
   vertex 7.43607712e+01 5.06634750e+01 2.84217094e-14
   vertex 7.44159470e+01 5.05566025e+01 1.12623692e-01
   vertex 7.72039948e+01 4.52673264e+01 0.00000000e+00
  endloop
 endfacet
 facet normal 6.32661939e-01 4.40797001e-01 6.36739254e-01
  outer loop
   vertex 7.44159470e+01 5.05566025e+01 1.12623692e-01
   vertex 7.53029251e+01 4.88731766e+01 1.13870859e-01
   vertex 7.72039948e+01 4.52673264e+01 0.00000000e+00
  endloop
 endfacet
 facet normal 6.36700571e-01 7.09446311e-01 3.02156061e-01
  outer loop
   vertex 7.72038269e+01 4.51561508e+01 5.80349874e+00
   vertex 7.72039948e+01 4.52673264e+01 0.00000000e+00
   vertex 7.52920456e+01 4.88594894e+01 1.90099716e+00
  endloop
 endfacet
 facet normal 4.92518634e-01 7.48119771e-01 4.44682121e-01
  outer loop
   vertex 7.53029251e+01 4.88731766e+01 1.13870859e-01
   vertex 7.52920456e+01 4.88594894e+01 1.90099716e+00
   vertex 7.72039948e+01 4.52673264e+01 0.00000000e+00
  endloop
 endfacet
 facet normal 7.84167886e-01 3.38510305e-01 5.20088017e-01
  outer loop
   vertex 7.97978821e+01 3.96610985e+01 5.81253242e+00
   vertex 8.21867828e+01 3.41470337e+01 0.00000000e+00
   vertex 7.98157806e+01 3.97612114e+01 0.00000000e+00
  endloop
 endfacet
 facet normal 7.69236386e-01 3.72459352e-01 5.19181490e-01
  outer loop
   vertex 7.72038269e+01 4.51561508e+01 5.80349874e+00
   vertex 7.98157806e+01 3.97612114e+01 0.00000000e+00
   vertex 7.72039948e+01 4.52673264e+01 0.00000000e+00
  endloop
 endfacet
 facet normal 7.44035006e-01 4.49232131e-01 -4.94572908e-01
  outer loop
   vertex 7.20337677e+01 5.45805435e+01 4.41833591e+00
   vertex 7.13064194e+01 5.58253021e+01 4.41737175e+00
   vertex 7.13127747e+01 5.57941971e+01 5.78730154e+00
  endloop
 endfacet
 facet normal 7.25129843e-01 2.10815251e-01 6.55548334e-01
  outer loop
   vertex 6.88594055e+01 2.47976227e+01 6.15336342e+01
   vertex 6.93514099e+01 2.80097809e+01 5.98792305e+01
   vertex 6.67544327e+01 2.69487152e+01 6.31193008e+01
  endloop
 endfacet
 facet normal 2.48993024e-01 1.75997898e-01 9.52379763e-01
  outer loop
   vertex 1.78076324e+01 6.36934891e+01 8.12719879e+01
   vertex 1.75536957e+01 6.76635208e+01 8.05625458e+01
   vertex 1.56006470e+01 6.56096115e+01 8.15066071e+01
  endloop
 endfacet
 facet normal 3.84624362e-01 3.11359674e-01 8.68975997e-01
  outer loop
   vertex 1.74623718e+01 5.98049240e+01 8.18078156e+01
   vertex 1.96762543e+01 6.19643173e+01 8.10793915e+01
   vertex 1.78076324e+01 6.36934891e+01 8.12719879e+01
  endloop
 endfacet
 facet normal 5.25171697e-01 4.59068924e-01 7.16554523e-01
  outer loop
   vertex 1.93242569e+01 5.79739304e+01 8.16069489e+01
   vertex 1.96762543e+01 6.19643173e+01 8.10793915e+01
   vertex 1.74623718e+01 5.98049240e+01 8.18078156e+01
  endloop
 endfacet
 facet normal 5.05507112e-01 6.28538430e-01 5.91102362e-01
  outer loop
   vertex 7.36805420e+01 7.56446838e+00 6.00439644e+01
   vertex 7.49990082e+01 7.96565247e+00 5.85191841e+01
   vertex 7.30700760e+01 1.25381927e+01 5.98833923e+01
  endloop
 endfacet
 facet normal 7.40561724e-01 2.07752690e-01 6.39067411e-01
  outer loop
   vertex 6.88594055e+01 2.47976227e+01 6.15336342e+01
   vertex 7.08844681e+01 2.26223602e+01 5.98866501e+01
   vertex 6.93514099e+01 2.80097809e+01 5.98792305e+01
  endloop
 endfacet
 facet normal 2.53056347e-01 1.66429102e-01 9.53028798e-01
  outer loop
   vertex 1.96762543e+01 6.19643173e+01 8.10793915e+01
   vertex 2.16902084e+01 6.39515457e+01 8.01547546e+01
   vertex 1.78076324e+01 6.36934891e+01 8.12719879e+01
  endloop
 endfacet
 facet normal 3.85138333e-01 4.50991571e-01 8.05155277e-01
  outer loop
   vertex 1.74623718e+01 5.98049240e+01 8.18078156e+01
   vertex 1.78076324e+01 6.36934891e+01 8.12719879e+01
   vertex 1.56290588e+01 6.15015030e+01 8.19985352e+01
  endloop
 endfacet
 facet normal 5.37094116e-01 4.44320202e-01 7.17014253e-01
  outer loop
   vertex 2.12509537e+01 5.59673233e+01 8.14131317e+01
   vertex 2.15705719e+01 6.00960159e+01 8.08862457e+01
   vertex 1.93242569e+01 5.79739304e+01 8.16069489e+01
  endloop
 endfacet
 facet normal 3.28053534e-01 1.55769527e-01 9.31727827e-01
  outer loop
   vertex 3.55945053e+01 4.65429993e+01 7.88043518e+01
   vertex 3.45633240e+01 5.27871323e+01 7.81174469e+01
   vertex 3.25832825e+01 5.12313614e+01 7.91191711e+01
  endloop
 endfacet
 facet normal 3.47529024e-01 1.61181316e-01 9.23712194e-01
  outer loop
   vertex 3.55945053e+01 4.65429993e+01 7.88043518e+01
   vertex 3.76468124e+01 4.80385666e+01 7.78214874e+01
   vertex 3.45633240e+01 5.27871323e+01 7.81174469e+01
  endloop
 endfacet
 facet normal 2.72437304e-01 1.12170078e-01 9.55612779e-01
  outer loop
   vertex 3.32989197e+01 4.48330154e+01 7.96883087e+01
   vertex 3.25832825e+01 5.12313614e+01 7.91191711e+01
   vertex 3.03737564e+01 4.94529037e+01 8.00057983e+01
  endloop
 endfacet
 facet normal 2.87545651e-01 1.40034810e-01 9.47474420e-01
  outer loop
   vertex 3.03737564e+01 4.94529037e+01 8.00057983e+01
   vertex 3.25832825e+01 5.12313614e+01 7.91191711e+01
   vertex 2.92459259e+01 5.57124405e+01 7.94413605e+01
  endloop
 endfacet
 facet normal 2.93564051e-01 1.19803824e-01 9.48402464e-01
  outer loop
   vertex 3.32989197e+01 4.48330154e+01 7.96883087e+01
   vertex 3.55945053e+01 4.65429993e+01 7.88043518e+01
   vertex 3.25832825e+01 5.12313614e+01 7.91191711e+01
  endloop
 endfacet
 facet normal 3.33494008e-01 1.31200060e-01 9.33578193e-01
  outer loop
   vertex 3.82506638e+01 4.16483116e+01 7.85061951e+01
   vertex 3.76468124e+01 4.80385666e+01 7.78214874e+01
   vertex 3.55945053e+01 4.65429993e+01 7.88043518e+01
  endloop
 endfacet
 facet normal 6.08143270e-01 3.34508389e-01 7.19906867e-01
  outer loop
   vertex 3.08087387e+01 4.30081635e+01 8.03807831e+01
   vertex 3.03737564e+01 4.94529037e+01 8.00057983e+01
   vertex 2.79583969e+01 4.75485611e+01 8.07049866e+01
  endloop
 endfacet
 facet normal 5.65729797e-01 4.05465424e-01 7.18016386e-01
  outer loop
   vertex 2.47473907e+01 5.18754196e+01 8.10470123e+01
   vertex 2.50510406e+01 5.63280869e+01 8.05421600e+01
   vertex 2.27501297e+01 5.42906723e+01 8.12551117e+01
  endloop
 endfacet
 facet normal 4.16763604e-01 2.61569262e-01 8.70568573e-01
  outer loop
   vertex 2.47473907e+01 5.18754196e+01 8.10470123e+01
   vertex 2.70988312e+01 5.38657913e+01 8.03407288e+01
   vertex 2.50510406e+01 5.63280869e+01 8.05421600e+01
  endloop
 endfacet
 facet normal 3.98687094e-01 2.91078568e-01 8.69667649e-01
  outer loop
   vertex 2.12509537e+01 5.59673233e+01 8.14131317e+01
   vertex 2.35254440e+01 5.80300369e+01 8.06934204e+01
   vertex 2.15705719e+01 6.00960159e+01 8.08862457e+01
  endloop
 endfacet
 facet normal 5.51809430e-01 4.24709171e-01 7.17724502e-01
  outer loop
   vertex 2.27501297e+01 5.42906723e+01 8.12551117e+01
   vertex 2.50510406e+01 5.63280869e+01 8.05421600e+01
   vertex 2.12509537e+01 5.59673233e+01 8.14131317e+01
  endloop
 endfacet
 facet normal 4.00596499e-01 2.86696136e-01 8.70245814e-01
  outer loop
   vertex 2.12509537e+01 5.59673233e+01 8.14131317e+01
   vertex 2.50510406e+01 5.63280869e+01 8.05421600e+01
   vertex 2.35254440e+01 5.80300369e+01 8.06934204e+01
  endloop
 endfacet
 facet normal 2.66631395e-01 1.29652858e-01 9.55038130e-01
  outer loop
   vertex 3.03737564e+01 4.94529037e+01 8.00057983e+01
   vertex 2.92459259e+01 5.57124405e+01 7.94413605e+01
   vertex 2.70988312e+01 5.38657913e+01 8.03407288e+01
  endloop
 endfacet
 facet normal 3.52919340e-01 1.34900108e-01 9.25877929e-01
  outer loop
   vertex 3.82506638e+01 4.16483116e+01 7.85061951e+01
   vertex 4.03639603e+01 4.30935783e+01 7.75356293e+01
   vertex 3.76468124e+01 4.80385666e+01 7.78214874e+01
  endloop
 endfacet
 facet normal 8.45021844e-01 4.59792703e-01 2.72999555e-01
  outer loop
   vertex 6.98579712e+01 4.73871307e+01 4.39564667e+01
   vertex 7.05355072e+01 4.78002090e+01 4.10956955e+01
   vertex 6.70302887e+01 5.25372238e+01 4.38986168e+01
  endloop
 endfacet
 facet normal 4.92701739e-01 1.79409400e-01 8.51502955e-01
  outer loop
   vertex 4.90093842e+01 3.63985367e+01 7.44869843e+01
   vertex 4.92994232e+01 4.25889816e+01 7.30124664e+01
   vertex 4.69840317e+01 4.12212105e+01 7.47054749e+01
  endloop
 endfacet
 facet normal 8.07717681e-01 4.85284686e-01 3.34799796e-01
  outer loop
   vertex 6.53866501e+01 5.15138779e+01 4.95493126e+01
   vertex 6.62842560e+01 5.20577545e+01 4.67007179e+01
   vertex 6.32332993e+01 5.70696945e+01 4.66499023e+01
  endloop
 endfacet
 facet normal 4.60262090e-01 3.43145967e-01 8.18785489e-01
  outer loop
   vertex 3.50214233e+01 6.04983139e+01 7.56752014e+01
   vertex 3.47586136e+01 6.46973038e+01 7.40185394e+01
   vertex 3.28257370e+01 6.30952072e+01 7.58353271e+01
  endloop
 endfacet
 facet normal 8.53793085e-01 4.67982233e-01 2.28100941e-01
  outer loop
   vertex 7.05355072e+01 4.78002090e+01 4.10956955e+01
   vertex 7.11625443e+01 4.82121048e+01 3.79636497e+01
   vertex 6.82879639e+01 5.33902054e+01 3.78964081e+01
  endloop
 endfacet
 facet normal 7.34552205e-01 6.39847040e-01 2.25895479e-01
  outer loop
   vertex 5.68035278e+01 6.86770248e+01 4.08206978e+01
   vertex 5.29990158e+01 7.41900558e+01 3.76264381e+01
   vertex 5.24695511e+01 7.37235641e+01 4.07468033e+01
  endloop
 endfacet
 facet normal 7.12459505e-01 6.54237092e-01 2.53722966e-01
  outer loop
   vertex 5.19112167e+01 7.32416458e+01 4.36277275e+01
   vertex 5.24695511e+01 7.37235641e+01 4.07468033e+01
   vertex 4.93072739e+01 7.60459518e+01 4.35915718e+01
  endloop
 endfacet
 facet normal 5.02694130e-01 3.92063320e-01 7.70444691e-01
  outer loop
   vertex 3.70102005e+01 6.20627670e+01 7.38706207e+01
   vertex 3.66637192e+01 6.62346725e+01 7.19214630e+01
   vertex 3.47586136e+01 6.46973038e+01 7.40185394e+01
  endloop
 endfacet
 facet normal 4.77188796e-01 3.53205353e-01 8.04696739e-01
  outer loop
   vertex 3.50214233e+01 6.04983139e+01 7.56752014e+01
   vertex 3.70102005e+01 6.20627670e+01 7.38706207e+01
   vertex 3.47586136e+01 6.46973038e+01 7.40185394e+01
  endloop
 endfacet
 facet normal 8.44934762e-01 4.79690135e-01 2.36606553e-01
  outer loop
   vertex 7.05355072e+01 4.78002090e+01 4.10956955e+01
   vertex 6.82879639e+01 5.33902054e+01 3.78964081e+01
   vertex 6.76780167e+01 5.29675217e+01 4.10291595e+01
  endloop
 endfacet
 facet normal 4.81092095e-01 2.71539807e-01 8.33556592e-01
  outer loop
   vertex 4.17994614e+01 5.09922104e+01 7.51665192e+01
   vertex 4.39394836e+01 5.24479446e+01 7.34278717e+01
   vertex 3.85773392e+01 5.58433304e+01 7.54120941e+01
  endloop
 endfacet
 facet normal 7.31385291e-01 6.36416495e-01 2.45050177e-01
  outer loop
   vertex 5.68035278e+01 6.86770248e+01 4.08206978e+01
   vertex 5.24695511e+01 7.37235641e+01 4.07468033e+01
   vertex 5.19112167e+01 7.32416458e+01 4.36277275e+01
  endloop
 endfacet
 facet normal 7.06913233e-01 6.64293110e-01 2.42875069e-01
  outer loop
   vertex 5.24695511e+01 7.37235641e+01 4.07468033e+01
   vertex 4.98497925e+01 7.65302200e+01 4.07111244e+01
   vertex 4.93072739e+01 7.60459518e+01 4.35915718e+01
  endloop
 endfacet
 facet normal 7.09878981e-01 6.67531252e-01 2.24663943e-01
  outer loop
   vertex 5.24695511e+01 7.37235641e+01 4.07468033e+01
   vertex 5.03641815e+01 7.70128555e+01 3.75857315e+01
   vertex 4.98497925e+01 7.65302200e+01 4.07111244e+01
  endloop
 endfacet
 facet normal 5.41670501e-01 9.58937928e-02 8.35103273e-01
  outer loop
   vertex 5.98953018e+01 1.84046555e+01 7.03578644e+01
   vertex 5.87560883e+01 2.36491394e+01 7.04784698e+01
   vertex 5.61239395e+01 2.25250549e+01 7.22958527e+01
  endloop
 endfacet
 facet normal 5.77970445e-01 7.61155605e-01 2.94265747e-01
  outer loop
   vertex 3.41299591e+01 8.74072647e+01 4.92568283e+01
   vertex 3.47815018e+01 8.80687790e+01 4.63303223e+01
   vertex 3.17985535e+01 9.03251572e+01 4.63170891e+01
  endloop
 endfacet
 facet normal 5.68646669e-01 7.64961898e-01 3.02447051e-01
  outer loop
   vertex 3.41299591e+01 8.74072647e+01 4.92568283e+01
   vertex 3.17985535e+01 9.03251572e+01 4.63170891e+01
   vertex 3.11634598e+01 8.96641922e+01 4.92498131e+01
  endloop
 endfacet
 facet normal 3.56626987e-01 1.08995393e-01 9.27866995e-01
  outer loop
   vertex 4.03171234e+01 3.71193047e+01 7.82354126e+01
   vertex 4.25169067e+01 3.84963074e+01 7.72728729e+01
   vertex 4.03639603e+01 4.30935783e+01 7.75356293e+01
  endloop
 endfacet
 facet normal 3.37950528e-01 1.06382787e-01 9.35132146e-01
  outer loop
   vertex 4.03171234e+01 3.71193047e+01 7.82354126e+01
   vertex 4.03639603e+01 4.30935783e+01 7.75356293e+01
   vertex 3.82506638e+01 4.16483116e+01 7.85061951e+01
  endloop
 endfacet
 facet normal 4.47954625e-01 3.70287061e-01 8.13771546e-01
  outer loop
   vertex 3.11955872e+01 6.49022141e+01 7.59527283e+01
   vertex 3.31045303e+01 6.65278549e+01 7.41175385e+01
   vertex 2.91157532e+01 6.70872879e+01 7.61087341e+01
  endloop
 endfacet
 facet normal 7.80045807e-01 5.94660223e-01 1.94699034e-01
  outer loop
   vertex 6.13988113e+01 6.38802872e+01 3.77628784e+01
   vertex 6.19096756e+01 6.42900314e+01 3.45115662e+01
   vertex 5.78354416e+01 6.95519028e+01 3.44442062e+01
  endloop
 endfacet
 facet normal 7.68719912e-01 6.07010007e-01 2.01515585e-01
  outer loop
   vertex 6.13988113e+01 6.38802872e+01 3.77628784e+01
   vertex 5.78354416e+01 6.95519028e+01 3.44442062e+01
   vertex 5.73406677e+01 6.91329422e+01 3.76998863e+01
  endloop
 endfacet
 facet normal 7.17111826e-01 6.73774481e-01 1.78265527e-01
  outer loop
   vertex 5.34747314e+01 7.46273575e+01 3.43731918e+01
   vertex 5.12612610e+01 7.78722000e+01 3.09758739e+01
   vertex 5.08298569e+01 7.74602585e+01 3.43393822e+01
  endloop
 endfacet
 facet normal 5.64433157e-01 8.13546777e-01 1.39845759e-01
  outer loop
   vertex 2.89793549e+01 9.72374496e+01 2.71371422e+01
   vertex 3.44803238e+01 9.33708420e+01 2.71743145e+01
   vertex 2.92051315e+01 9.75430222e+01 2.43796329e+01
  endloop
 endfacet
 facet normal 5.75126946e-01 8.07107449e-01 1.33441135e-01
  outer loop
   vertex 2.92051315e+01 9.75430222e+01 2.43796329e+01
   vertex 3.44803238e+01 9.33708420e+01 2.71743145e+01
   vertex 3.47154236e+01 9.36677322e+01 2.44263420e+01
  endloop
 endfacet
 facet normal 5.56330144e-01 8.06426883e-01 2.00430825e-01
  outer loop
   vertex 2.78447418e+01 9.58103256e+01 3.73747368e+01
   vertex 3.33041077e+01 9.19833298e+01 3.74279861e+01
   vertex 2.82541275e+01 9.63113022e+01 3.41363182e+01
  endloop
 endfacet
 facet normal 5.67386508e-01 8.00510705e-01 1.93015963e-01
  outer loop
   vertex 2.82541275e+01 9.63113022e+01 3.41363182e+01
   vertex 3.33041077e+01 9.19833298e+01 3.74279861e+01
   vertex 3.37296524e+01 9.24778061e+01 3.41859932e+01
  endloop
 endfacet
 facet normal 5.26991844e-01 5.01693606e-01 6.85990632e-01
  outer loop
   vertex 3.28258896e+01 7.03203964e+01 7.21245575e+01
   vertex 3.46439819e+01 7.18640823e+01 6.96786499e+01
   vertex 3.25210266e+01 7.39255295e+01 6.97691956e+01
  endloop
 endfacet
 facet normal 2.64320940e-01 2.17384145e-01 9.39616203e-01
  outer loop
   vertex 1.16739578e+01 6.47932205e+01 8.24353485e+01
   vertex 1.13504944e+01 6.89207535e+01 8.19384308e+01
   vertex 9.23954773e+00 6.65781631e+01 8.26936951e+01
  endloop
 endfacet
 facet normal 6.64124131e-01 2.67284751e-01 6.98210537e-01
  outer loop
   vertex 6.08491135e+01 3.95055771e+01 6.47121429e+01
   vertex 5.85623322e+01 4.14488449e+01 6.61471558e+01
   vertex 6.06675797e+01 3.63450050e+01 6.60620880e+01
  endloop
 endfacet
 facet normal 6.57526135e-01 7.40584493e-01 1.38542265e-01
  outer loop
   vertex 4.48355713e+01 8.48965073e+01 2.72414341e+01
   vertex 4.50962982e+01 8.51676865e+01 2.44926701e+01
   vertex 4.25020523e+01 8.69562912e+01 2.72247944e+01
  endloop
 endfacet
 facet normal 6.49785638e-01 7.43545175e-01 1.57858342e-01
  outer loop
   vertex 4.44442825e+01 8.44745560e+01 3.09109726e+01
   vertex 4.25020523e+01 8.69562912e+01 2.72247944e+01
   vertex 4.21098099e+01 8.65348587e+01 3.08953209e+01
  endloop
 endfacet
 facet normal 6.11036658e-01 7.71368325e-01 1.77834511e-01
  outer loop
   vertex 3.89627838e+01 8.84079056e+01 3.42245445e+01
   vertex 3.71352539e+01 9.06265335e+01 3.08618221e+01
   vertex 3.67475281e+01 9.01809464e+01 3.42163734e+01
  endloop
 endfacet
 facet normal 5.42802691e-01 5.36416233e-01 6.46237433e-01
  outer loop
   vertex 3.46439819e+01 7.18640823e+01 6.96786499e+01
   vertex 3.42816544e+01 7.54324570e+01 6.69625397e+01
   vertex 3.25210266e+01 7.39255295e+01 6.97691956e+01
  endloop
 endfacet
 facet normal 6.29300773e-01 7.56557286e-01 1.77768558e-01
  outer loop
   vertex 4.17062073e+01 8.61043015e+01 3.42425499e+01
   vertex 3.93681259e+01 8.88448563e+01 3.08698025e+01
   vertex 3.89627838e+01 8.84079056e+01 3.42245445e+01
  endloop
 endfacet
 facet normal 5.97416282e-01 7.83457875e-01 1.71136037e-01
  outer loop
   vertex 3.67475281e+01 9.01809464e+01 3.42163734e+01
   vertex 3.71352539e+01 9.06265335e+01 3.08618221e+01
   vertex 3.41153564e+01 9.29321213e+01 3.08429508e+01
  endloop
 endfacet
 facet normal 8.94947052e-01 3.92827123e-01 2.11557582e-01
  outer loop
   vertex 7.61928101e+01 3.75180893e+01 3.80820847e+01
   vertex 7.68273163e+01 3.78673973e+01 3.47984695e+01
   vertex 7.44128494e+01 4.32772293e+01 3.47394447e+01
  endloop
 endfacet
 facet normal 8.91199887e-01 4.09121662e-01 1.95913807e-01
  outer loop
   vertex 7.68273163e+01 3.78673973e+01 3.47984695e+01
   vertex 7.49865265e+01 4.36198997e+01 3.13329735e+01
   vertex 7.44128494e+01 4.32772293e+01 3.47394447e+01
  endloop
 endfacet
 facet normal 9.04329538e-01 3.64360005e-01 2.22328186e-01
  outer loop
   vertex 7.83300018e+01 3.20362549e+01 3.81399841e+01
   vertex 7.68273163e+01 3.78673973e+01 3.47984695e+01
   vertex 7.61928101e+01 3.75180893e+01 3.80820847e+01
  endloop
 endfacet
 facet normal 6.80824339e-01 2.53061771e-01 6.87341213e-01
  outer loop
   vertex 6.28868484e+01 3.43315697e+01 6.46403809e+01
   vertex 6.31068039e+01 3.74967575e+01 6.32062416e+01
   vertex 6.06675797e+01 3.63450050e+01 6.60620880e+01
  endloop
 endfacet
 facet normal 3.39475393e-01 8.28620344e-02 9.36958015e-01
  outer loop
   vertex 4.21170731e+01 3.24575653e+01 7.79602661e+01
   vertex 4.25169067e+01 3.84963074e+01 7.72728729e+01
   vertex 4.03171234e+01 3.71193047e+01 7.82354126e+01
  endloop
 endfacet
 facet normal 3.56262684e-01 8.53026733e-02 9.30483937e-01
  outer loop
   vertex 4.21170731e+01 3.24575653e+01 7.79602661e+01
   vertex 4.43884735e+01 3.37737122e+01 7.70163422e+01
   vertex 4.25169067e+01 3.84963074e+01 7.72728729e+01
  endloop
 endfacet
 facet normal 6.30423248e-01 7.74805307e-01 4.73635085e-02
  outer loop
   vertex 4.07232056e+01 9.05823288e+01 1.13206892e+01
   vertex 4.08323288e+01 9.08753433e+01 5.64469385e+00
   vertex 3.85892639e+01 9.26905441e+01 5.64406586e+00
  endloop
 endfacet
 facet normal 7.19330072e-01 3.25050473e-01 6.13927066e-01
  outer loop
   vertex 6.32389526e+01 4.06679115e+01 6.15991554e+01
   vertex 6.31927032e+01 4.37968102e+01 5.99251785e+01
   vertex 6.08853302e+01 4.26398201e+01 6.32616196e+01
  endloop
 endfacet
 facet normal 6.05157673e-01 7.44285583e-01 2.82529920e-01
  outer loop
   vertex 4.08323288e+01 9.08753433e+01 5.64469385e+00
   vertex 4.08603821e+01 9.10179520e+01 5.68434189e-14
   vertex 3.85892639e+01 9.26905441e+01 5.64406586e+00
  endloop
 endfacet
 facet normal 6.18043542e-01 7.33998239e-01 2.81547040e-01
  outer loop
   vertex 4.36031876e+01 8.85296860e+01 5.66579151e+00
   vertex 4.08603821e+01 9.10179520e+01 5.68434189e-14
   vertex 4.08323288e+01 9.08753433e+01 5.64469385e+00
  endloop
 endfacet
 facet normal 6.09404087e-01 7.90667415e-01 5.89211695e-02
  outer loop
   vertex 3.84826355e+01 9.23880386e+01 1.13061457e+01
   vertex 3.85892639e+01 9.26905441e+01 5.64406586e+00
   vertex 3.54313583e+01 9.47304459e+01 1.12891798e+01
  endloop
 endfacet
 facet normal 6.23497367e-01 7.79683053e-01 5.78392632e-02
  outer loop
   vertex 4.07232056e+01 9.05823288e+01 1.13206892e+01
   vertex 3.85892639e+01 9.26905441e+01 5.64406586e+00
   vertex 3.84826355e+01 9.23880386e+01 1.13061457e+01
  endloop
 endfacet
 facet normal 3.62929612e-01 3.90497029e-01 8.46046209e-01
  outer loop
   vertex 1.91198349e+01 7.27176895e+01 7.83872528e+01
   vertex 1.83210907e+01 7.65577774e+01 7.69432831e+01
   vertex 1.65781250e+01 7.46880264e+01 7.85998230e+01
  endloop
 endfacet
 facet normal 6.42347872e-01 7.65008867e-01 4.63750958e-02
  outer loop
   vertex 4.07232056e+01 9.05823288e+01 1.13206892e+01
   vertex 4.36031876e+01 8.85296860e+01 5.66579151e+00
   vertex 4.08323288e+01 9.08753433e+01 5.64469385e+00
  endloop
 endfacet
 facet normal 2.67189175e-01 2.04586789e-01 9.41676259e-01
  outer loop
   vertex 1.34531555e+01 6.33692093e+01 8.22339325e+01
   vertex 1.38063965e+01 6.70737991e+01 8.16898956e+01
   vertex 1.16739578e+01 6.47932205e+01 8.24353485e+01
  endloop
 endfacet
 facet normal 7.53984749e-01 5.65837920e-01 3.33668202e-01
  outer loop
   vertex 5.87296295e+01 6.19179916e+01 4.94355774e+01
   vertex 5.95503922e+01 6.24793320e+01 4.65937233e+01
   vertex 5.47875977e+01 6.71016769e+01 4.93841019e+01
  endloop
 endfacet
 facet normal 7.72361457e-01 5.37239671e-01 3.38867724e-01
  outer loop
   vertex 6.23775177e+01 5.65069656e+01 4.94968033e+01
   vertex 5.95503922e+01 6.24793320e+01 4.65937233e+01
   vertex 5.87296295e+01 6.19179916e+01 4.94355774e+01
  endloop
 endfacet
 facet normal 6.39830649e-01 2.82688856e-01 7.14635372e-01
  outer loop
   vertex 5.61643066e+01 4.02206993e+01 6.86952820e+01
   vertex 5.85623322e+01 4.14488449e+01 6.61471558e+01
   vertex 5.61762390e+01 4.64599686e+01 6.62289886e+01
  endloop
 endfacet
 facet normal 6.61958933e-01 4.71502066e-01 5.82663000e-01
  outer loop
   vertex 5.15622101e+01 6.10670395e+01 6.17720718e+01
   vertex 4.86710205e+01 6.29549026e+01 6.35006180e+01
   vertex 5.23523788e+01 5.78395767e+01 6.34301682e+01
  endloop
 endfacet
 facet normal 6.77886367e-01 4.68693346e-01 5.66389143e-01
  outer loop
   vertex 5.15622101e+01 6.10670395e+01 6.17720718e+01
   vertex 5.23523788e+01 5.78395767e+01 6.34301682e+01
   vertex 5.43556519e+01 5.91058884e+01 5.99952316e+01
  endloop
 endfacet
 facet normal 3.53468806e-01 6.35390654e-02 9.33285892e-01
  outer loop
   vertex 4.36328201e+01 2.76869354e+01 7.76997223e+01
   vertex 4.59818039e+01 2.89592590e+01 7.67698059e+01
   vertex 4.43884735e+01 3.37737122e+01 7.70163422e+01
  endloop
 endfacet
 facet normal 7.46927321e-01 5.84122121e-01 3.17649037e-01
  outer loop
   vertex 5.95503922e+01 6.24793320e+01 4.65937233e+01
   vertex 5.55666885e+01 6.76805954e+01 4.65314026e+01
   vertex 5.47875977e+01 6.71016769e+01 4.93841019e+01
  endloop
 endfacet
 facet normal 8.33642066e-01 2.66823083e-01 4.83576596e-01
  outer loop
   vertex 7.57579193e+01 2.45128250e+01 5.18903770e+01
   vertex 7.40404892e+01 3.00156250e+01 5.18415604e+01
   vertex 7.17609787e+01 2.90346527e+01 5.62034340e+01
  endloop
 endfacet
 facet normal 7.00885355e-01 4.06163365e-01 5.86336970e-01
  outer loop
   vertex 5.81974640e+01 5.07579956e+01 6.16697617e+01
   vertex 5.77963104e+01 5.37966843e+01 5.99671478e+01
   vertex 5.56823349e+01 5.25804825e+01 6.33691559e+01
  endloop
 endfacet
 facet normal 8.27889204e-01 2.78749794e-01 4.86721724e-01
  outer loop
   vertex 7.26869888e+01 3.15259857e+01 5.33201180e+01
   vertex 7.17609787e+01 2.90346527e+01 5.62034340e+01
   vertex 7.40404892e+01 3.00156250e+01 5.18415604e+01
  endloop
 endfacet
 facet normal 8.38445425e-01 3.01532686e-01 4.53968436e-01
  outer loop
   vertex 7.26869888e+01 3.15259857e+01 5.33201180e+01
   vertex 7.40404892e+01 3.00156250e+01 5.18415604e+01
   vertex 7.20461197e+01 3.54018211e+01 5.18183784e+01
  endloop
 endfacet
 facet normal 3.37199181e-01 6.17935322e-02 9.39403176e-01
  outer loop
   vertex 4.36328201e+01 2.76869354e+01 7.76997223e+01
   vertex 4.43884735e+01 3.37737122e+01 7.70163422e+01
   vertex 4.21170731e+01 3.24575653e+01 7.79602661e+01
  endloop
 endfacet
 facet normal 3.66550088e-01 2.43379340e-01 8.98001969e-01
  outer loop
   vertex 3.11487122e+01 5.73297348e+01 7.84308167e+01
   vertex 3.08563156e+01 6.14285355e+01 7.74052429e+01
   vertex 2.90397339e+01 5.98577499e+01 7.86103973e+01
  endloop
 endfacet
 facet normal 2.49156907e-01 1.79846779e-01 9.51617539e-01
  outer loop
   vertex 1.34531555e+01 6.33692093e+01 8.22339325e+01
   vertex 1.56006470e+01 6.56096115e+01 8.15066071e+01
   vertex 1.38063965e+01 6.70737991e+01 8.16898956e+01
  endloop
 endfacet
 facet normal 2.44314224e-01 1.90162882e-01 9.50867295e-01
  outer loop
   vertex 1.16739578e+01 6.47932205e+01 8.24353485e+01
   vertex 1.38063965e+01 6.70737991e+01 8.16898956e+01
   vertex 1.13504944e+01 6.89207535e+01 8.19384308e+01
  endloop
 endfacet
 facet normal 3.73215884e-01 2.24791989e-01 9.00099158e-01
  outer loop
   vertex 3.45633240e+01 5.27871323e+01 7.81174469e+01
   vertex 3.30048218e+01 5.88650436e+01 7.72289581e+01
   vertex 3.11487122e+01 5.73297348e+01 7.84308167e+01
  endloop
 endfacet
 facet normal 3.05036813e-01 2.21994609e-01 9.26105261e-01
  outer loop
   vertex 2.36228485e+01 6.20477829e+01 7.99671936e+01
   vertex 2.34886856e+01 6.56823349e+01 7.91033630e+01
   vertex 2.16902084e+01 6.39515457e+01 8.01547546e+01
  endloop
 endfacet
 facet normal 3.34998637e-01 2.05449104e-01 9.19546962e-01
  outer loop
   vertex 2.92459259e+01 5.57124405e+01 7.94413605e+01
   vertex 3.11487122e+01 5.73297348e+01 7.84308167e+01
   vertex 2.90397339e+01 5.98577499e+01 7.86103973e+01
  endloop
 endfacet
 facet normal 3.16063136e-01 1.93434507e-01 9.28809524e-01
  outer loop
   vertex 2.92459259e+01 5.57124405e+01 7.94413605e+01
   vertex 2.90397339e+01 5.98577499e+01 7.86103973e+01
   vertex 2.71632233e+01 5.82085190e+01 7.96363678e+01
  endloop
 endfacet
 facet normal 3.91033202e-01 3.47149581e-01 8.52396727e-01
  outer loop
   vertex 2.52284546e+01 6.73330765e+01 7.78650665e+01
   vertex 2.51168747e+01 7.09247208e+01 7.64097595e+01
   vertex 2.32810822e+01 6.91475449e+01 7.80325165e+01
  endloop
 endfacet
 facet normal 4.00449246e-01 3.75265688e-01 8.35952163e-01
  outer loop
   vertex 2.32810822e+01 6.91475449e+01 7.80325165e+01
   vertex 2.51168747e+01 7.09247208e+01 7.64097595e+01
   vertex 2.27901154e+01 7.29794083e+01 7.65908508e+01
  endloop
 endfacet
 facet normal 3.52030903e-01 2.78729498e-01 8.93523455e-01
  outer loop
   vertex 2.54395218e+01 6.37466965e+01 7.89309998e+01
   vertex 2.52284546e+01 6.73330765e+01 7.78650665e+01
   vertex 2.34886856e+01 6.56823349e+01 7.91033630e+01
  endloop
 endfacet
 facet normal 3.12891245e-01 2.00673550e-01 9.28347588e-01
  outer loop
   vertex 2.71632233e+01 5.82085190e+01 7.96363678e+01
   vertex 2.90397339e+01 5.98577499e+01 7.86103973e+01
   vertex 2.56108398e+01 5.99439774e+01 7.97798309e+01
  endloop
 endfacet
 facet normal 2.76888251e-01 1.68429777e-01 9.46025550e-01
  outer loop
   vertex 2.35254440e+01 5.80300369e+01 8.06934204e+01
   vertex 2.71632233e+01 5.82085190e+01 7.96363678e+01
   vertex 2.56108398e+01 5.99439774e+01 7.97798309e+01
  endloop
 endfacet
 facet normal 2.74660707e-01 1.74067438e-01 9.45654273e-01
  outer loop
   vertex 2.35254440e+01 5.80300369e+01 8.06934204e+01
   vertex 2.56108398e+01 5.99439774e+01 7.97798309e+01
   vertex 2.36228485e+01 6.20477829e+01 7.99671936e+01
  endloop
 endfacet
 facet normal 4.31251764e-01 4.47796762e-01 7.83262372e-01
  outer loop
   vertex 2.27901154e+01 7.29794083e+01 7.65908508e+01
   vertex 2.45550842e+01 7.47124863e+01 7.46902466e+01
   vertex 2.26269608e+01 7.63152542e+01 7.48189545e+01
  endloop
 endfacet
 facet normal 3.92738491e-01 3.88682008e-01 8.33476305e-01
  outer loop
   vertex 2.09830933e+01 7.11751328e+01 7.82234955e+01
   vertex 2.27901154e+01 7.29794083e+01 7.65908508e+01
   vertex 2.08902740e+01 7.45570908e+01 7.67443848e+01
  endloop
 endfacet
 facet normal 4.15882438e-01 4.32726234e-01 7.99868584e-01
  outer loop
   vertex 2.27901154e+01 7.29794083e+01 7.65908508e+01
   vertex 2.26269608e+01 7.63152542e+01 7.48189545e+01
   vertex 2.08902740e+01 7.45570908e+01 7.67443848e+01
  endloop
 endfacet
 facet normal 3.34220469e-01 4.24137823e-02 9.41540122e-01
  outer loop
   vertex 4.48667450e+01 2.28367310e+01 7.74437866e+01
   vertex 4.59818039e+01 2.89592590e+01 7.67698059e+01
   vertex 4.36328201e+01 2.76869354e+01 7.76997223e+01
  endloop
 endfacet
 facet normal 6.55007839e-01 7.47939289e-01 1.07478157e-01
  outer loop
   vertex 4.27525253e+01 8.72373734e+01 2.44744320e+01
   vertex 4.54589310e+01 8.56005783e+01 1.96094780e+01
   vertex 4.31083679e+01 8.76767960e+01 1.95910892e+01
  endloop
 endfacet
 facet normal 4.83167619e-01 5.40728390e-01 6.88594103e-01
  outer loop
   vertex 2.62776031e+01 7.63790054e+01 7.25043488e+01
   vertex 2.59896164e+01 7.96406326e+01 7.00840454e+01
   vertex 2.43242569e+01 7.80037155e+01 7.26217651e+01
  endloop
 endfacet
 facet normal 7.23536432e-01 6.80463374e-01 1.16036899e-01
  outer loop
   vertex 5.46079330e+01 7.56925430e+01 2.45738392e+01
   vertex 5.23273010e+01 7.89557877e+01 1.96651878e+01
   vertex 5.19478531e+01 7.85315475e+01 2.45502071e+01
  endloop
 endfacet
 facet normal 4.72669244e-01 5.54157972e-01 6.85195386e-01
  outer loop
   vertex 2.43242569e+01 7.80037155e+01 7.26217651e+01
   vertex 2.59896164e+01 7.96406326e+01 7.00840454e+01
   vertex 2.16760330e+01 8.00712357e+01 7.27756958e+01
  endloop
 endfacet
 facet normal 4.42425668e-01 5.02093852e-01 7.43075550e-01
  outer loop
   vertex 2.26269608e+01 7.63152542e+01 7.48189545e+01
   vertex 2.43242569e+01 7.80037155e+01 7.26217651e+01
   vertex 2.00196152e+01 7.83460464e+01 7.50026093e+01
  endloop
 endfacet
 facet normal 4.46756124e-01 5.28238475e-01 7.22061694e-01
  outer loop
   vertex 2.00196152e+01 7.83460464e+01 7.50026093e+01
   vertex 2.43242569e+01 7.80037155e+01 7.26217651e+01
   vertex 2.16760330e+01 8.00712357e+01 7.27756958e+01
  endloop
 endfacet
 facet normal 4.13713992e-01 4.71949667e-01 7.78526962e-01
  outer loop
   vertex 1.83210907e+01 7.65577774e+01 7.69432831e+01
   vertex 2.26269608e+01 7.63152542e+01 7.48189545e+01
   vertex 2.00196152e+01 7.83460464e+01 7.50026093e+01
  endloop
 endfacet
 facet normal 4.66327846e-01 5.02323747e-01 7.28154659e-01
  outer loop
   vertex 2.45550842e+01 7.47124863e+01 7.46902466e+01
   vertex 2.62776031e+01 7.63790054e+01 7.25043488e+01
   vertex 2.43242569e+01 7.80037155e+01 7.26217651e+01
  endloop
 endfacet
 facet normal 7.10680604e-01 6.93902671e-01 1.15897037e-01
  outer loop
   vertex 5.19478531e+01 7.85315475e+01 2.45502071e+01
   vertex 5.23273010e+01 7.89557877e+01 1.96651878e+01
   vertex 4.99763107e+01 8.05345993e+01 2.45340042e+01
  endloop
 endfacet
 facet normal 6.88616157e-01 7.15789735e-01 1.15986280e-01
  outer loop
   vertex 4.99763107e+01 8.05345993e+01 2.45340042e+01
   vertex 4.78564453e+01 8.33761978e+01 1.96276321e+01
   vertex 4.74894867e+01 8.29554062e+01 2.45113697e+01
  endloop
 endfacet
 facet normal 6.59917712e-01 7.42277503e-01 1.16330355e-01
  outer loop
   vertex 4.50962982e+01 8.51676865e+01 2.44926701e+01
   vertex 4.54589310e+01 8.56005783e+01 1.96094780e+01
   vertex 4.27525253e+01 8.72373734e+01 2.44744320e+01
  endloop
 endfacet
 facet normal 6.71564698e-01 7.31798768e-01 1.16066508e-01
  outer loop
   vertex 4.74894867e+01 8.29554062e+01 2.45113697e+01
   vertex 4.54589310e+01 8.56005783e+01 1.96094780e+01
   vertex 4.50962982e+01 8.51676865e+01 2.44926701e+01
  endloop
 endfacet
 facet normal 4.78523523e-01 4.43639994e-01 7.57759035e-01
  outer loop
   vertex 3.09918442e+01 6.87330551e+01 7.42534332e+01
   vertex 3.07363968e+01 7.23687363e+01 7.22424469e+01
   vertex 2.89316101e+01 7.07560043e+01 7.43880310e+01
  endloop
 endfacet
 facet normal 4.71058339e-01 4.58493561e-01 7.53583252e-01
  outer loop
   vertex 2.89316101e+01 7.07560043e+01 7.43880310e+01
   vertex 2.86927414e+01 7.42646713e+01 7.23553925e+01
   vertex 2.69197845e+01 7.26264420e+01 7.45319977e+01
  endloop
 endfacet
 facet normal 7.05827773e-01 7.00298727e-01 1.06718510e-01
  outer loop
   vertex 4.99763107e+01 8.05345993e+01 2.45340042e+01
   vertex 5.23273010e+01 7.89557877e+01 1.96651878e+01
   vertex 5.03606567e+01 8.09542770e+01 1.96446819e+01
  endloop
 endfacet
 facet normal 6.94634676e-01 7.11357057e-01 1.07022323e-01
  outer loop
   vertex 4.99763107e+01 8.05345993e+01 2.45340042e+01
   vertex 5.03606567e+01 8.09542770e+01 1.96446819e+01
   vertex 4.78564453e+01 8.33761978e+01 1.96276321e+01
  endloop
 endfacet
 facet normal 5.32359242e-01 5.53522587e-01 6.40473545e-01
  outer loop
   vertex 3.25210266e+01 7.39255295e+01 6.97691956e+01
   vertex 3.21508484e+01 7.73730087e+01 6.70435028e+01
   vertex 3.04392548e+01 7.58519211e+01 6.98689423e+01
  endloop
 endfacet
 facet normal 8.43150854e-01 2.05058560e-01 4.97038841e-01
  outer loop
   vertex 7.59921799e+01 1.68507385e+01 5.48877831e+01
   vertex 7.71985626e+01 1.90129318e+01 5.19818878e+01
   vertex 7.59863892e+01 2.05758591e+01 5.34294662e+01
  endloop
 endfacet
 facet normal 8.41071963e-01 1.93967253e-01 5.04950166e-01
  outer loop
   vertex 7.59921799e+01 1.68507385e+01 5.48877831e+01
   vertex 7.65638885e+01 1.62367554e+01 5.41893768e+01
   vertex 7.71985626e+01 1.90129318e+01 5.19818878e+01
  endloop
 endfacet
 facet normal 2.36832753e-01 1.95714518e-01 9.51633394e-01
  outer loop
   vertex 1.38063965e+01 6.70737991e+01 8.16898956e+01
   vertex 1.32663193e+01 7.10539322e+01 8.09825592e+01
   vertex 1.13504944e+01 6.89207535e+01 8.19384308e+01
  endloop
 endfacet
 facet normal 8.65788639e-01 4.92227137e-01 9.01247337e-02
  outer loop
   vertex 7.36896973e+01 4.98452988e+01 1.98706245e+01
   vertex 7.42220078e+01 5.03086319e+01 1.15479479e+01
   vertex 7.06694565e+01 5.51005630e+01 1.98328075e+01
  endloop
 endfacet
 facet normal 3.30395192e-01 2.33219266e-02 9.43554521e-01
  outer loop
   vertex 4.58259583e+01 1.79525223e+01 7.72032471e+01
   vertex 4.72952957e+01 2.40476074e+01 7.65223083e+01
   vertex 4.48667450e+01 2.28367310e+01 7.74437866e+01
  endloop
 endfacet
 facet normal 7.45988071e-01 5.15647173e-01 4.21437740e-01
  outer loop
   vertex 5.90020523e+01 5.82250443e+01 5.39036217e+01
   vertex 5.80243301e+01 6.14283066e+01 5.15944862e+01
   vertex 5.81257095e+01 5.89150772e+01 5.46106377e+01
  endloop
 endfacet
 facet normal 3.45441520e-01 2.30582375e-02 9.38156962e-01
  outer loop
   vertex 4.58259583e+01 1.79525223e+01 7.72032471e+01
   vertex 4.83366470e+01 1.90922470e+01 7.62931824e+01
   vertex 4.72952957e+01 2.40476074e+01 7.65223083e+01
  endloop
 endfacet
 facet normal 8.24417710e-01 1.74704388e-01 5.38343608e-01
  outer loop
   vertex 7.59921799e+01 1.68507385e+01 5.48877831e+01
   vertex 7.57366104e+01 1.34431305e+01 5.63145790e+01
   vertex 7.65638885e+01 1.62367554e+01 5.41893768e+01
  endloop
 endfacet
 facet normal 3.50199252e-01 4.32453677e-02 9.35676396e-01
  outer loop
   vertex 4.48667450e+01 2.28367310e+01 7.74437866e+01
   vertex 4.72952957e+01 2.40476074e+01 7.65223083e+01
   vertex 4.59818039e+01 2.89592590e+01 7.67698059e+01
  endloop
 endfacet
 facet normal 7.85745203e-01 2.04536945e-01 5.83754301e-01
  outer loop
   vertex 7.32555466e+01 1.75385895e+01 5.84714012e+01
   vertex 7.34124146e+01 2.35596313e+01 5.62269669e+01
   vertex 7.19264908e+01 2.30133667e+01 5.84668655e+01
  endloop
 endfacet
 facet normal 8.13094378e-01 1.77732646e-01 5.54336250e-01
  outer loop
   vertex 7.59921799e+01 1.68507385e+01 5.48877831e+01
   vertex 7.48017578e+01 1.80932999e+01 5.62334671e+01
   vertex 7.57366104e+01 1.34431305e+01 5.63145790e+01
  endloop
 endfacet
 facet normal 8.76249850e-01 4.74592030e-01 8.33581463e-02
  outer loop
   vertex 7.54349518e+01 4.74417953e+01 1.57269802e+01
   vertex 7.42220078e+01 5.03086319e+01 1.15479479e+01
   vertex 7.36896973e+01 4.98452988e+01 1.98706245e+01
  endloop
 endfacet
 facet normal 8.30858052e-01 1.69919938e-01 5.29907584e-01
  outer loop
   vertex 7.65638885e+01 1.62367554e+01 5.41893768e+01
   vertex 7.57366104e+01 1.34431305e+01 5.63145790e+01
   vertex 7.71366882e+01 1.56399460e+01 5.34613380e+01
  endloop
 endfacet
 facet normal 8.47264349e-01 1.89128458e-01 4.96360302e-01
  outer loop
   vertex 7.65638885e+01 1.62367554e+01 5.41893768e+01
   vertex 7.71366882e+01 1.56399460e+01 5.34613380e+01
   vertex 7.71985626e+01 1.90129318e+01 5.19818878e+01
  endloop
 endfacet
 facet normal 7.95649767e-01 1.73502907e-01 5.80377638e-01
  outer loop
   vertex 7.57366104e+01 1.34431305e+01 5.63145790e+01
   vertex 7.48017578e+01 1.80932999e+01 5.62334671e+01
   vertex 7.32555466e+01 1.75385895e+01 5.84714012e+01
  endloop
 endfacet
 facet normal 7.94376671e-01 1.99044570e-01 5.73887646e-01
  outer loop
   vertex 7.32555466e+01 1.75385895e+01 5.84714012e+01
   vertex 7.48017578e+01 1.80932999e+01 5.62334671e+01
   vertex 7.34124146e+01 2.35596313e+01 5.62269669e+01
  endloop
 endfacet
 facet normal 8.24470341e-01 1.98058635e-01 5.30114591e-01
  outer loop
   vertex 7.59921799e+01 1.68507385e+01 5.48877831e+01
   vertex 7.59863892e+01 2.05758591e+01 5.34294662e+01
   vertex 7.48017578e+01 1.80932999e+01 5.62334671e+01
  endloop
 endfacet
 facet normal 7.91645527e-01 2.70615220e-01 5.47781646e-01
  outer loop
   vertex 7.03506546e+01 2.84230957e+01 5.84507599e+01
   vertex 7.17609787e+01 2.90346527e+01 5.62034340e+01
   vertex 6.99026184e+01 3.43958168e+01 5.61457100e+01
  endloop
 endfacet
 facet normal 7.80749083e-01 2.78312683e-01 5.59439838e-01
  outer loop
   vertex 7.03506546e+01 2.84230957e+01 5.84507599e+01
   vertex 6.99026184e+01 3.43958168e+01 5.61457100e+01
   vertex 6.85206375e+01 3.37906609e+01 5.84427185e+01
  endloop
 endfacet
 facet normal 8.03680658e-01 2.88452238e-01 5.20473599e-01
  outer loop
   vertex 7.13282013e+01 3.29468727e+01 5.47573357e+01
   vertex 6.99026184e+01 3.43958168e+01 5.61457100e+01
   vertex 7.17609787e+01 2.90346527e+01 5.62034340e+01
  endloop
 endfacet
 facet normal 7.27211416e-01 4.82905656e-01 4.87817228e-01
  outer loop
   vertex 5.81257095e+01 5.89150772e+01 5.46106377e+01
   vertex 5.51547928e+01 5.95971451e+01 5.84620171e+01
   vertex 5.86314011e+01 5.42601089e+01 5.84590034e+01
  endloop
 endfacet
 facet normal 7.84980834e-01 3.11758637e-01 5.35361230e-01
  outer loop
   vertex 6.85206375e+01 3.37906609e+01 5.84427185e+01
   vertex 6.99026184e+01 3.43958168e+01 5.61457100e+01
   vertex 6.77563324e+01 3.96659164e+01 5.61561699e+01
  endloop
 endfacet
 facet normal 7.50472307e-01 4.32848394e-01 4.99433219e-01
  outer loop
   vertex 6.14898224e+01 4.93219070e+01 5.84514503e+01
   vertex 6.27125092e+01 4.99799881e+01 5.61005363e+01
   vertex 5.98165894e+01 5.49279861e+01 5.60830879e+01
  endloop
 endfacet
 facet normal 7.55573571e-01 4.51695979e-01 4.74425256e-01
  outer loop
   vertex 6.14577637e+01 5.36857986e+01 5.46531792e+01
   vertex 5.98165894e+01 5.49279861e+01 5.60830879e+01
   vertex 6.27125092e+01 4.99799881e+01 5.61005363e+01
  endloop
 endfacet
 facet normal 7.75496125e-01 3.19477260e-01 5.44554889e-01
  outer loop
   vertex 6.85206375e+01 3.37906609e+01 5.84427185e+01
   vertex 6.77563324e+01 3.96659164e+01 5.61561699e+01
   vertex 6.64357224e+01 3.90566292e+01 5.84384193e+01
  endloop
 endfacet
 facet normal 7.55548060e-01 3.98329109e-01 5.20077884e-01
  outer loop
   vertex 6.40895462e+01 4.42436371e+01 5.84424744e+01
   vertex 6.27125092e+01 4.99799881e+01 5.61005363e+01
   vertex 6.14898224e+01 4.93219070e+01 5.84514503e+01
  endloop
 endfacet
 facet normal 3.23520660e-01 3.64351063e-03 9.46214080e-01
  outer loop
   vertex 4.65396957e+01 1.30361710e+01 7.69529572e+01
   vertex 4.83366470e+01 1.90922470e+01 7.62931824e+01
   vertex 4.58259583e+01 1.79525223e+01 7.72032471e+01
  endloop
 endfacet
 facet normal 8.67701709e-01 1.93110526e-01 4.58041608e-01
  outer loop
   vertex 7.82367401e+01 1.43198700e+01 5.20411530e+01
   vertex 7.92543640e+01 1.46622772e+01 4.99382744e+01
   vertex 7.71985626e+01 1.90129318e+01 5.19818878e+01
  endloop
 endfacet
 facet normal 3.09839427e-01 -1.13855070e-02 9.50720727e-01
  outer loop
   vertex 4.70803146e+01 8.03991699e+00 7.66952972e+01
   vertex 4.91151962e+01 1.40831757e+01 7.60619965e+01
   vertex 4.65396957e+01 1.30361710e+01 7.69529572e+01
  endloop
 endfacet
 facet normal 3.37504625e-01 3.73013061e-03 9.41316485e-01
  outer loop
   vertex 4.65396957e+01 1.30361710e+01 7.69529572e+01
   vertex 4.91151962e+01 1.40831757e+01 7.60619965e+01
   vertex 4.83366470e+01 1.90922470e+01 7.62931824e+01
  endloop
 endfacet
 facet normal 8.59636903e-01 3.64423454e-01 3.58078122e-01
  outer loop
   vertex 7.29303055e+01 3.58131638e+01 4.96968384e+01
   vertex 7.39345856e+01 3.63056641e+01 4.68750648e+01
   vertex 7.16295242e+01 4.16624832e+01 4.68162651e+01
  endloop
 endfacet
 facet normal 4.86576021e-01 2.47742146e-01 8.37775409e-01
  outer loop
   vertex 4.46811295e+01 4.59188156e+01 7.49252472e+01
   vertex 4.39394836e+01 5.24479446e+01 7.34278717e+01
   vertex 4.17994614e+01 5.09922104e+01 7.51665192e+01
  endloop
 endfacet
 facet normal 9.24865425e-01 2.77288139e-01 2.60259926e-01
  outer loop
   vertex 8.10644531e+01 2.05436249e+01 4.14384613e+01
   vertex 8.02075958e+01 2.64916000e+01 3.82102661e+01
   vertex 7.94617615e+01 2.61417694e+01 4.13637161e+01
  endloop
 endfacet
 facet normal 8.95817041e-01 3.05124134e-01 3.23127031e-01
  outer loop
   vertex 7.86704712e+01 2.57876129e+01 4.42234726e+01
   vertex 7.68522644e+01 3.13035660e+01 4.41549072e+01
   vertex 7.59763870e+01 3.08829041e+01 4.69323616e+01
  endloop
 endfacet
 facet normal 8.68538737e-01 3.36861014e-01 3.63545209e-01
  outer loop
   vertex 7.59763870e+01 3.08829041e+01 4.69323616e+01
   vertex 7.39345856e+01 3.63056641e+01 4.68750648e+01
   vertex 7.29303055e+01 3.58131638e+01 4.96968384e+01
  endloop
 endfacet
 facet normal 9.18946207e-01 2.73022234e-01 2.84599274e-01
  outer loop
   vertex 8.10644531e+01 2.05436249e+01 4.14384613e+01
   vertex 7.94617615e+01 2.61417694e+01 4.13637161e+01
   vertex 7.86704712e+01 2.57876129e+01 4.42234726e+01
  endloop
 endfacet
 facet normal 8.82788360e-01 3.29826444e-01 3.34513485e-01
  outer loop
   vertex 7.59763870e+01 3.08829041e+01 4.69323616e+01
   vertex 7.68522644e+01 3.13035660e+01 4.41549072e+01
   vertex 7.39345856e+01 3.63056641e+01 4.68750648e+01
  endloop
 endfacet
 facet normal 8.50564420e-01 3.73699665e-01 3.69984746e-01
  outer loop
   vertex 7.29303055e+01 3.58131638e+01 4.96968384e+01
   vertex 7.16295242e+01 4.16624832e+01 4.68162651e+01
   vertex 7.06677780e+01 4.11574326e+01 4.96441498e+01
  endloop
 endfacet
 facet normal 4.59108174e-01 1.77124828e-01 8.70543778e-01
  outer loop
   vertex 4.46650238e+01 3.98248901e+01 7.61466370e+01
   vertex 4.69840317e+01 4.12212105e+01 7.47054749e+01
   vertex 4.46811295e+01 4.59188156e+01 7.49252472e+01
  endloop
 endfacet
 facet normal 4.91170406e-01 2.12188438e-01 8.44824076e-01
  outer loop
   vertex 4.69840317e+01 4.12212105e+01 7.47054749e+01
   vertex 4.69138107e+01 4.73338089e+01 7.31995697e+01
   vertex 4.46811295e+01 4.59188156e+01 7.49252472e+01
  endloop
 endfacet
 facet normal 4.42454934e-01 1.45463660e-01 8.84914696e-01
  outer loop
   vertex 4.66076355e+01 3.50449371e+01 7.59105530e+01
   vertex 4.69840317e+01 4.12212105e+01 7.47054749e+01
   vertex 4.46650238e+01 3.98248901e+01 7.61466370e+01
  endloop
 endfacet
 facet normal 4.05382603e-01 8.96462575e-02 9.09740865e-01
  outer loop
   vertex 4.59818039e+01 2.89592590e+01 7.67698059e+01
   vertex 4.82737045e+01 3.01708450e+01 7.56809387e+01
   vertex 4.66076355e+01 3.50449371e+01 7.59105530e+01
  endloop
 endfacet
 facet normal 8.41025054e-01 4.00853068e-01 3.63309294e-01
  outer loop
   vertex 7.06677780e+01 4.11574326e+01 4.96441498e+01
   vertex 7.16295242e+01 4.16624832e+01 4.68162651e+01
   vertex 6.81521606e+01 4.63811722e+01 4.96034584e+01
  endloop
 endfacet
 facet normal 8.26356351e-01 4.04949695e-01 3.91345024e-01
  outer loop
   vertex 7.06677780e+01 4.11574326e+01 4.96441498e+01
   vertex 6.81521606e+01 4.63811722e+01 4.96034584e+01
   vertex 6.73519821e+01 4.59741135e+01 5.17124290e+01
  endloop
 endfacet
 facet normal 4.41304803e-01 1.75425500e-01 8.80043149e-01
  outer loop
   vertex 4.46650238e+01 3.98248901e+01 7.61466370e+01
   vertex 4.46811295e+01 4.59188156e+01 7.49252472e+01
   vertex 4.24363556e+01 4.44638596e+01 7.63914642e+01
  endloop
 endfacet
 facet normal 5.39614499e-01 1.68595508e-01 8.24858606e-01
  outer loop
   vertex 5.32484360e+01 3.27293816e+01 7.26394653e+01
   vertex 5.56873322e+01 3.39495697e+01 7.07735901e+01
   vertex 5.14097748e+01 3.77189484e+01 7.28160400e+01
  endloop
 endfacet
 facet normal 4.59551454e-01 1.46907598e-01 8.75917017e-01
  outer loop
   vertex 4.66076355e+01 3.50449371e+01 7.59105530e+01
   vertex 4.90093842e+01 3.63985367e+01 7.44869843e+01
   vertex 4.69840317e+01 4.12212105e+01 7.47054749e+01
  endloop
 endfacet
 facet normal 8.09836805e-01 4.47133213e-01 3.79784435e-01
  outer loop
   vertex 6.81521606e+01 4.63811722e+01 4.96034584e+01
   vertex 6.53866501e+01 5.15138779e+01 4.95493126e+01
   vertex 6.46077347e+01 5.10654144e+01 5.17090225e+01
  endloop
 endfacet
 facet normal 8.27633381e-01 4.45189685e-01 3.41802686e-01
  outer loop
   vertex 6.81521606e+01 4.63811722e+01 4.96034584e+01
   vertex 6.90835342e+01 4.69190598e+01 4.67568779e+01
   vertex 6.62842560e+01 5.20577545e+01 4.67007179e+01
  endloop
 endfacet
 facet normal 8.17470849e-01 4.54932570e-01 3.53239000e-01
  outer loop
   vertex 6.81521606e+01 4.63811722e+01 4.96034584e+01
   vertex 6.62842560e+01 5.20577545e+01 4.67007179e+01
   vertex 6.53866501e+01 5.15138779e+01 4.95493126e+01
  endloop
 endfacet
 facet normal 8.11071455e-01 4.27998990e-01 3.98722917e-01
  outer loop
   vertex 6.73519821e+01 4.59741135e+01 5.17124290e+01
   vertex 6.81521606e+01 4.63811722e+01 4.96034584e+01
   vertex 6.46077347e+01 5.10654144e+01 5.17090225e+01
  endloop
 endfacet
 facet normal 4.40927446e-01 1.17504120e-01 8.89817834e-01
  outer loop
   vertex 4.82737045e+01 3.01708450e+01 7.56809387e+01
   vertex 4.90093842e+01 3.63985367e+01 7.44869843e+01
   vertex 4.66076355e+01 3.50449371e+01 7.59105530e+01
  endloop
 endfacet
 facet normal 8.65414739e-01 4.39565510e-01 2.40498394e-01
  outer loop
   vertex 7.31423111e+01 4.25163498e+01 4.11582603e+01
   vertex 7.11625443e+01 4.82121048e+01 3.79636497e+01
   vertex 7.05355072e+01 4.78002090e+01 4.10956955e+01
  endloop
 endfacet
 facet normal 8.60907197e-01 4.35331404e-01 2.63297170e-01
  outer loop
   vertex 7.31423111e+01 4.25163498e+01 4.11582603e+01
   vertex 7.05355072e+01 4.78002090e+01 4.10956955e+01
   vertex 6.98579712e+01 4.73871307e+01 4.39564667e+01
  endloop
 endfacet
 facet normal 8.06817174e-01 5.05555630e-01 3.05711597e-01
  outer loop
   vertex 6.62842560e+01 5.20577545e+01 4.67007179e+01
   vertex 6.39503326e+01 5.75579453e+01 4.38325462e+01
   vertex 6.32332993e+01 5.70696945e+01 4.66499023e+01
  endloop
 endfacet
 facet normal 5.08281469e-01 1.79759130e-01 8.42221200e-01
  outer loop
   vertex 4.90093842e+01 3.63985367e+01 7.44869843e+01
   vertex 5.14097748e+01 3.77189484e+01 7.28160400e+01
   vertex 4.92994232e+01 4.25889816e+01 7.30124664e+01
  endloop
 endfacet
 facet normal 7.39298701e-01 6.22621775e-01 2.56475210e-01
  outer loop
   vertex 5.62234802e+01 6.82015762e+01 4.36970787e+01
   vertex 5.68035278e+01 6.86770248e+01 4.08206978e+01
   vertex 5.19112167e+01 7.32416458e+01 4.36277275e+01
  endloop
 endfacet
 facet normal 8.17493618e-01 4.95065957e-01 2.94302404e-01
  outer loop
   vertex 6.62842560e+01 5.20577545e+01 4.67007179e+01
   vertex 6.70302887e+01 5.25372238e+01 4.38986168e+01
   vertex 6.39503326e+01 5.75579453e+01 4.38325462e+01
  endloop
 endfacet
 facet normal 7.64809310e-01 6.02800429e-01 2.27372780e-01
  outer loop
   vertex 6.08355331e+01 6.34332962e+01 4.08947296e+01
   vertex 5.73406677e+01 6.91329422e+01 3.76998863e+01
   vertex 5.68035278e+01 6.86770248e+01 4.08206978e+01
  endloop
 endfacet
 facet normal 3.24991465e-01 -1.03655225e-02 9.45660114e-01
  outer loop
   vertex 4.70803146e+01 8.03991699e+00 7.66952972e+01
   vertex 4.96297455e+01 9.06107330e+00 7.58483582e+01
   vertex 4.91151962e+01 1.40831757e+01 7.60619965e+01
  endloop
 endfacet
 facet normal 3.04378510e-01 -1.93984397e-02 9.52353597e-01
  outer loop
   vertex 4.70991364e+01 3.79425049e+00 7.65443573e+01
   vertex 4.96297455e+01 9.06107330e+00 7.58483582e+01
   vertex 4.70803146e+01 8.03991699e+00 7.66952972e+01
  endloop
 endfacet
 facet normal 5.40117323e-01 7.85956860e-01 3.00907105e-01
  outer loop
   vertex 2.58047180e+01 9.34104691e+01 4.92038536e+01
   vertex 3.11634598e+01 8.96641922e+01 4.92498131e+01
   vertex 2.64084702e+01 9.40987320e+01 4.62750206e+01
  endloop
 endfacet
 facet normal 5.51980257e-01 7.81001508e-01 2.92154789e-01
  outer loop
   vertex 2.64084702e+01 9.40987320e+01 4.62750206e+01
   vertex 3.11634598e+01 8.96641922e+01 4.92498131e+01
   vertex 3.17985535e+01 9.03251572e+01 4.63170891e+01
  endloop
 endfacet
 facet normal 5.29203057e-01 1.06916144e-01 8.41732204e-01
  outer loop
   vertex 5.61239395e+01 2.25250549e+01 7.22958527e+01
   vertex 5.87560883e+01 2.36491394e+01 7.04784698e+01
   vertex 5.48230667e+01 2.76462936e+01 7.24644928e+01
  endloop
 endfacet
 facet normal 7.61318922e-01 5.99301338e-01 2.47449756e-01
  outer loop
   vertex 6.08355331e+01 6.34332962e+01 4.08947296e+01
   vertex 5.68035278e+01 6.86770248e+01 4.08206978e+01
   vertex 5.62234802e+01 6.82015762e+01 4.36970787e+01
  endloop
 endfacet
 facet normal 8.31246138e-01 5.08418441e-01 2.24812269e-01
  outer loop
   vertex 6.76780167e+01 5.29675217e+01 4.10291595e+01
   vertex 6.82879639e+01 5.33902054e+01 3.78964081e+01
   vertex 6.51640549e+01 5.84349289e+01 3.78339462e+01
  endloop
 endfacet
 facet normal 7.98715353e-01 5.66127062e-01 2.03847870e-01
  outer loop
   vertex 6.51640549e+01 5.84349289e+01 3.78339462e+01
   vertex 6.19096756e+01 6.42900314e+01 3.45115662e+01
   vertex 6.13988113e+01 6.38802872e+01 3.77628784e+01
  endloop
 endfacet
 facet normal 4.97446179e-01 4.04353231e-01 7.67493188e-01
  outer loop
   vertex 3.47586136e+01 6.46973038e+01 7.40185394e+01
   vertex 3.66637192e+01 6.62346725e+01 7.19214630e+01
   vertex 3.31045303e+01 6.65278549e+01 7.41175385e+01
  endloop
 endfacet
 facet normal 8.09205055e-01 5.53561211e-01 1.96868494e-01
  outer loop
   vertex 6.51640549e+01 5.84349289e+01 3.78339462e+01
   vertex 6.56913528e+01 5.88352127e+01 3.45765419e+01
   vertex 6.19096756e+01 6.42900314e+01 3.45115662e+01
  endloop
 endfacet
 facet normal 8.25770319e-01 5.24899006e-01 2.06360027e-01
  outer loop
   vertex 6.82879639e+01 5.33902054e+01 3.78964081e+01
   vertex 6.56913528e+01 5.88352127e+01 3.45765419e+01
   vertex 6.51640549e+01 5.84349289e+01 3.78339462e+01
  endloop
 endfacet
 facet normal 7.38645732e-01 6.43666923e-01 2.00238392e-01
  outer loop
   vertex 5.73406677e+01 6.91329422e+01 3.76998863e+01
   vertex 5.34747314e+01 7.46273575e+01 3.43731918e+01
   vertex 5.29990158e+01 7.41900558e+01 3.76264381e+01
  endloop
 endfacet
 facet normal 5.48915207e-01 7.98475385e-01 2.47243166e-01
  outer loop
   vertex 2.69262466e+01 9.47054214e+01 4.34007912e+01
   vertex 3.23511963e+01 9.09221268e+01 4.34532700e+01
   vertex 2.73975143e+01 9.52605209e+01 4.04932594e+01
  endloop
 endfacet
 facet normal 5.60193777e-01 7.93105900e-01 2.39093944e-01
  outer loop
   vertex 2.73975143e+01 9.52605209e+01 4.04932594e+01
   vertex 3.23511963e+01 9.09221268e+01 4.34532700e+01
   vertex 3.28397293e+01 9.14576492e+01 4.05555725e+01
  endloop
 endfacet
 facet normal 4.88951951e-01 4.22261178e-01 7.63296485e-01
  outer loop
   vertex 3.31045303e+01 6.65278549e+01 7.41175385e+01
   vertex 3.49789734e+01 6.80808182e+01 7.20112762e+01
   vertex 3.09918442e+01 6.87330551e+01 7.42534332e+01
  endloop
 endfacet
 facet normal 4.59726065e-01 3.93423945e-01 7.96159267e-01
  outer loop
   vertex 2.91157532e+01 6.70872879e+01 7.61087341e+01
   vertex 3.31045303e+01 6.65278549e+01 7.41175385e+01
   vertex 3.09918442e+01 6.87330551e+01 7.42534332e+01
  endloop
 endfacet
 facet normal 7.49607921e-01 6.33130789e-01 1.92959473e-01
  outer loop
   vertex 5.73406677e+01 6.91329422e+01 3.76998863e+01
   vertex 5.78354416e+01 6.95519028e+01 3.44442062e+01
   vertex 5.34747314e+01 7.46273575e+01 3.43731918e+01
  endloop
 endfacet
 facet normal 6.61954999e-01 7.22586989e-01 1.99207351e-01
  outer loop
   vertex 4.59552078e+01 8.13966751e+01 3.75311584e+01
   vertex 4.40296021e+01 8.40536118e+01 3.42697830e+01
   vertex 4.35808640e+01 8.35912552e+01 3.75043716e+01
  endloop
 endfacet
 facet normal 6.51179135e-01 7.34289944e-01 1.91791594e-01
  outer loop
   vertex 4.35808640e+01 8.35912552e+01 3.75043716e+01
   vertex 4.40296021e+01 8.40536118e+01 3.42697830e+01
   vertex 4.17062073e+01 8.61043015e+01 3.42425499e+01
  endloop
 endfacet
 facet normal 4.98919964e-01 4.44397122e-01 7.44036317e-01
  outer loop
   vertex 3.09918442e+01 6.87330551e+01 7.42534332e+01
   vertex 3.49789734e+01 6.80808182e+01 7.20112762e+01
   vertex 3.28258896e+01 7.03203964e+01 7.21245575e+01
  endloop
 endfacet
 facet normal 6.88890338e-01 6.83280766e-01 2.41986573e-01
  outer loop
   vertex 4.73698578e+01 7.80139999e+01 4.35716591e+01
   vertex 4.98497925e+01 7.65302200e+01 4.07111244e+01
   vertex 4.79105301e+01 7.85100479e+01 4.06787567e+01
  endloop
 endfacet
 facet normal 6.31844163e-01 7.58836091e-01 1.57926366e-01
  outer loop
   vertex 4.21098099e+01 8.65348587e+01 3.08953209e+01
   vertex 3.97412567e+01 8.92762680e+01 2.72067165e+01
   vertex 3.93681259e+01 8.88448563e+01 3.08698025e+01
  endloop
 endfacet
 facet normal 6.38606846e-01 7.54452646e-01 1.51599675e-01
  outer loop
   vertex 4.21098099e+01 8.65348587e+01 3.08953209e+01
   vertex 4.25020523e+01 8.69562912e+01 2.72247944e+01
   vertex 3.97412567e+01 8.92762680e+01 2.72067165e+01
  endloop
 endfacet
 facet normal 6.39987111e-01 7.55753160e-01 1.38757557e-01
  outer loop
   vertex 4.25020523e+01 8.69562912e+01 2.72247944e+01
   vertex 4.27525253e+01 8.72373734e+01 2.44744320e+01
   vertex 3.97412567e+01 8.92762680e+01 2.72067165e+01
  endloop
 endfacet
 facet normal 5.22511125e-01 4.75408733e-01 7.07791388e-01
  outer loop
   vertex 3.49789734e+01 6.80808182e+01 7.20112762e+01
   vertex 3.46439819e+01 7.18640823e+01 6.96786499e+01
   vertex 3.28258896e+01 7.03203964e+01 7.21245575e+01
  endloop
 endfacet
 facet normal 5.42330146e-01 6.35026217e-01 5.50108850e-01
  outer loop
   vertex 2.96584930e+01 7.95388565e+01 6.71374359e+01
   vertex 3.12839813e+01 8.10322495e+01 6.39024467e+01
   vertex 2.92160645e+01 8.27200546e+01 6.39589081e+01
  endloop
 endfacet
 facet normal 6.15208387e-01 7.75984108e-01 1.39166340e-01
  outer loop
   vertex 3.97412567e+01 8.92762680e+01 2.72067165e+01
   vertex 3.77565536e+01 9.13509140e+01 2.44444923e+01
   vertex 3.75182953e+01 9.10567093e+01 2.71908798e+01
  endloop
 endfacet
 facet normal 6.20216191e-01 7.69625366e-01 1.51685953e-01
  outer loop
   vertex 3.93681259e+01 8.88448563e+01 3.08698025e+01
   vertex 3.97412567e+01 8.92762680e+01 2.72067165e+01
   vertex 3.75182953e+01 9.10567093e+01 2.71908798e+01
  endloop
 endfacet
 facet normal 8.88038933e-01 4.04825598e-01 2.17951939e-01
  outer loop
   vertex 7.61928101e+01 3.75180893e+01 3.80820847e+01
   vertex 7.44128494e+01 4.32772293e+01 3.47394447e+01
   vertex 7.38022156e+01 4.29110146e+01 3.80176849e+01
  endloop
 endfacet
 facet normal 6.00740194e-01 7.87250459e-01 1.39096662e-01
  outer loop
   vertex 3.75182953e+01 9.10567093e+01 2.71908798e+01
   vertex 3.77565536e+01 9.13509140e+01 2.44444923e+01
   vertex 3.44803238e+01 9.33708420e+01 2.71743145e+01
  endloop
 endfacet
 facet normal 5.91283977e-01 7.92057455e-01 1.51750594e-01
  outer loop
   vertex 3.41153564e+01 9.29321213e+01 3.08429508e+01
   vertex 3.75182953e+01 9.10567093e+01 2.71908798e+01
   vertex 3.44803238e+01 9.33708420e+01 2.71743145e+01
  endloop
 endfacet
 facet normal 5.98934948e-01 7.85051584e-01 1.58021778e-01
  outer loop
   vertex 3.71352539e+01 9.06265335e+01 3.08618221e+01
   vertex 3.75182953e+01 9.10567093e+01 2.71908798e+01
   vertex 3.41153564e+01 9.29321213e+01 3.08429508e+01
  endloop
 endfacet
 facet normal 8.77101660e-01 4.33075219e-01 2.07698256e-01
  outer loop
   vertex 7.38022156e+01 4.29110146e+01 3.80176849e+01
   vertex 7.44128494e+01 4.32772293e+01 3.47394447e+01
   vertex 7.17503204e+01 4.85852203e+01 3.46825752e+01
  endloop
 endfacet
 facet normal 5.44311523e-01 6.11493468e-01 5.74282765e-01
  outer loop
   vertex 3.21508484e+01 7.73730087e+01 6.70435028e+01
   vertex 3.12839813e+01 8.10322495e+01 6.39024467e+01
   vertex 2.96584930e+01 7.95388565e+01 6.71374359e+01
  endloop
 endfacet
 facet normal 8.72574508e-01 4.49136525e-01 1.92068085e-01
  outer loop
   vertex 7.44128494e+01 4.32772293e+01 3.47394447e+01
   vertex 7.22999039e+01 4.89353714e+01 3.12850990e+01
   vertex 7.17503204e+01 4.85852203e+01 3.46825752e+01
  endloop
 endfacet
 facet normal 8.69758725e-01 4.44798976e-01 2.13713884e-01
  outer loop
   vertex 7.38022156e+01 4.29110146e+01 3.80176849e+01
   vertex 7.17503204e+01 4.85852203e+01 3.46825752e+01
   vertex 7.11625443e+01 4.82121048e+01 3.79636497e+01
  endloop
 endfacet
 facet normal 5.35940528e-01 6.75730765e-01 5.06118298e-01
  outer loop
   vertex 2.92160645e+01 8.27200546e+01 6.39589081e+01
   vertex 3.07677994e+01 8.41897507e+01 6.02392426e+01
   vertex 2.64204407e+01 8.48803482e+01 6.40463638e+01
  endloop
 endfacet
 facet normal 5.48186064e-01 6.62461519e-01 5.10526001e-01
  outer loop
   vertex 3.12839813e+01 8.10322495e+01 6.39024467e+01
   vertex 3.07677994e+01 8.41897507e+01 6.02392426e+01
   vertex 2.92160645e+01 8.27200546e+01 6.39589081e+01
  endloop
 endfacet
 facet normal 9.07755852e-01 3.68840903e-01 1.99839175e-01
  outer loop
   vertex 7.89956207e+01 3.23681793e+01 3.48560410e+01
   vertex 7.74264374e+01 3.81933632e+01 3.13873196e+01
   vertex 7.68273163e+01 3.78673973e+01 3.47984695e+01
  endloop
 endfacet
 facet normal 9.10580873e-01 3.52507949e-01 2.15825468e-01
  outer loop
   vertex 7.83300018e+01 3.20362549e+01 3.81399841e+01
   vertex 7.89956207e+01 3.23681793e+01 3.48560410e+01
   vertex 7.68273163e+01 3.78673973e+01 3.47984695e+01
  endloop
 endfacet
 facet normal 5.48194587e-01 2.99613059e-01 7.80842304e-01
  outer loop
   vertex 4.91014328e+01 4.87070084e+01 7.12346039e+01
   vertex 4.60643845e+01 5.38569565e+01 7.14031677e+01
   vertex 4.39394836e+01 5.24479446e+01 7.34278717e+01
  endloop
 endfacet
 facet normal 5.80831289e-01 3.40623260e-01 7.39331365e-01
  outer loop
   vertex 4.87090149e+01 5.19850845e+01 7.02022095e+01
   vertex 4.81682053e+01 5.52316360e+01 6.90995483e+01
   vertex 4.60643845e+01 5.38569565e+01 7.14031677e+01
  endloop
 endfacet
 facet normal 9.20039833e-01 3.25068444e-01 2.18762845e-01
  outer loop
   vertex 8.09059143e+01 2.68069153e+01 3.49164810e+01
   vertex 7.89956207e+01 3.23681793e+01 3.48560410e+01
   vertex 7.83300018e+01 3.20362549e+01 3.81399841e+01
  endloop
 endfacet
 facet normal 5.78568041e-01 7.79856563e-01 2.38920093e-01
  outer loop
   vertex 3.58417206e+01 8.91860428e+01 4.05704803e+01
   vertex 3.28397293e+01 9.14576492e+01 4.05555725e+01
   vertex 3.23511963e+01 9.09221268e+01 4.34532700e+01
  endloop
 endfacet
 facet normal 9.22353029e-01 3.27913344e-01 2.04298198e-01
  outer loop
   vertex 8.09059143e+01 2.68069153e+01 3.49164810e+01
   vertex 7.96189728e+01 3.26798515e+01 3.14332485e+01
   vertex 7.89956207e+01 3.23681793e+01 3.48560410e+01
  endloop
 endfacet
 facet normal 5.71087360e-01 3.12603444e-01 7.59037733e-01
  outer loop
   vertex 4.87090149e+01 5.19850845e+01 7.02022095e+01
   vertex 4.60643845e+01 5.38569565e+01 7.14031677e+01
   vertex 4.91014328e+01 4.87070084e+01 7.12346039e+01
  endloop
 endfacet
 facet normal 6.42907381e-01 3.74183208e-01 6.68324053e-01
  outer loop
   vertex 5.08742447e+01 5.33240433e+01 6.77397614e+01
   vertex 5.35162277e+01 5.13356857e+01 6.63336029e+01
   vertex 5.30128632e+01 5.46190567e+01 6.49265594e+01
  endloop
 endfacet
 facet normal 5.88408053e-01 2.13854879e-01 7.79770494e-01
  outer loop
   vertex 5.56873322e+01 3.39495697e+01 7.07735901e+01
   vertex 5.61643066e+01 4.02206993e+01 6.86952820e+01
   vertex 5.37589493e+01 3.89804382e+01 7.09270630e+01
  endloop
 endfacet
 facet normal 3.41239989e-01 3.42458814e-01 8.75372589e-01
  outer loop
   vertex 1.74494171e+01 7.09792862e+01 7.96631317e+01
   vertex 1.91198349e+01 7.27176895e+01 7.83872528e+01
   vertex 1.65781250e+01 7.46880264e+01 7.85998230e+01
  endloop
 endfacet
 facet normal 6.02114499e-01 7.96874702e-01 4.94853780e-02
  outer loop
   vertex 3.54313583e+01 9.47304459e+01 1.12891798e+01
   vertex 3.85892639e+01 9.26905441e+01 5.64406586e+00
   vertex 3.55402451e+01 9.50390091e+01 5.62892485e+00
  endloop
 endfacet
 facet normal 5.80410182e-01 7.63111293e-01 2.84227371e-01
  outer loop
   vertex 3.85892639e+01 9.26905441e+01 5.64406586e+00
   vertex 3.55544128e+01 9.52064743e+01 5.68434189e-14
   vertex 3.55402451e+01 9.50390091e+01 5.62892485e+00
  endloop
 endfacet
 facet normal 4.61735845e-01 1.43172622e-01 8.75386536e-01
  outer loop
   vertex 4.41740875e+01 2.52231598e+00 7.73101044e+01
   vertex 4.70991364e+01 3.79425049e+00 7.65443573e+01
   vertex 4.70803146e+01 8.03991699e+00 7.66952972e+01
  endloop
 endfacet
 facet normal 6.47271991e-01 7.60191917e-01 5.60998470e-02
  outer loop
   vertex 4.34970932e+01 8.82422256e+01 1.13330870e+01
   vertex 4.36031876e+01 8.85296860e+01 5.66579151e+00
   vertex 4.07232056e+01 9.05823288e+01 1.13206892e+01
  endloop
 endfacet
 facet normal 6.58918500e-01 7.50168264e-01 5.54438755e-02
  outer loop
   vertex 4.58455200e+01 8.61676865e+01 1.13463764e+01
   vertex 4.36031876e+01 8.85296860e+01 5.66579151e+00
   vertex 4.34970932e+01 8.82422256e+01 1.13330870e+01
  endloop
 endfacet
 facet normal 6.76234245e-01 6.92491472e-01 2.51322150e-01
  outer loop
   vertex 4.73698578e+01 7.80139999e+01 4.35716591e+01
   vertex 4.79105301e+01 7.85100479e+01 4.06787567e+01
   vertex 4.49266052e+01 8.04007950e+01 4.35402565e+01
  endloop
 endfacet
 facet normal 9.30819690e-01 2.82552898e-01 2.31815800e-01
  outer loop
   vertex 8.18429108e+01 2.08647842e+01 3.82800217e+01
   vertex 8.09059143e+01 2.68069153e+01 3.49164810e+01
   vertex 8.02075958e+01 2.64916000e+01 3.82102661e+01
  endloop
 endfacet
 facet normal 9.23044920e-01 3.09355229e-01 2.28664532e-01
  outer loop
   vertex 8.02075958e+01 2.64916000e+01 3.82102661e+01
   vertex 8.09059143e+01 2.68069153e+01 3.49164810e+01
   vertex 7.83300018e+01 3.20362549e+01 3.81399841e+01
  endloop
 endfacet
 facet normal 3.34316730e-01 3.12007219e-01 8.89316499e-01
  outer loop
   vertex 1.93014908e+01 6.94558029e+01 7.94898682e+01
   vertex 1.91198349e+01 7.27176895e+01 7.83872528e+01
   vertex 1.74494171e+01 7.09792862e+01 7.96631317e+01
  endloop
 endfacet
 facet normal 9.35659885e-01 2.71324486e-01 2.25662574e-01
  outer loop
   vertex 8.18429108e+01 2.08647842e+01 3.82800217e+01
   vertex 8.25746155e+01 2.11580963e+01 3.49712257e+01
   vertex 8.09059143e+01 2.68069153e+01 3.49164810e+01
  endloop
 endfacet
 facet normal 3.13028723e-01 2.57402658e-01 9.14197385e-01
  outer loop
   vertex 1.98044357e+01 6.57093277e+01 8.03403778e+01
   vertex 2.15701523e+01 6.74728317e+01 7.92842255e+01
   vertex 1.93014908e+01 6.94558029e+01 7.94898682e+01
  endloop
 endfacet
 facet normal 9.34517503e-01 2.87493646e-01 2.09820002e-01
  outer loop
   vertex 8.25746155e+01 2.11580963e+01 3.49712257e+01
   vertex 8.15649414e+01 2.70860825e+01 3.14837685e+01
   vertex 8.09059143e+01 2.68069153e+01 3.49164810e+01
  endloop
 endfacet
 facet normal 9.29739416e-01 3.20352763e-01 1.81545496e-01
  outer loop
   vertex 8.15649414e+01 2.70860825e+01 3.14837685e+01
   vertex 8.22233887e+01 2.73701019e+01 2.77477531e+01
   vertex 8.02459412e+01 3.29796486e+01 2.77007256e+01
  endloop
 endfacet
 facet normal 9.37130809e-01 2.92113572e-01 1.90933332e-01
  outer loop
   vertex 8.32627258e+01 2.14352875e+01 3.15451889e+01
   vertex 8.22233887e+01 2.73701019e+01 2.77477531e+01
   vertex 8.15649414e+01 2.70860825e+01 3.14837685e+01
  endloop
 endfacet
 facet normal 6.97273016e-01 6.80860102e-01 2.24142507e-01
  outer loop
   vertex 4.98497925e+01 7.65302200e+01 4.07111244e+01
   vertex 5.03641815e+01 7.70128555e+01 3.75857315e+01
   vertex 4.79105301e+01 7.85100479e+01 4.06787567e+01
  endloop
 endfacet
 facet normal 9.38958406e-01 2.75986880e-01 2.05397949e-01
  outer loop
   vertex 8.25746155e+01 2.11580963e+01 3.49712257e+01
   vertex 8.32627258e+01 2.14352875e+01 3.15451889e+01
   vertex 8.15649414e+01 2.70860825e+01 3.14837685e+01
  endloop
 endfacet
 facet normal 6.39619350e-01 7.15856671e-01 2.80064762e-01
  outer loop
   vertex 4.59469223e+01 8.64443283e+01 5.66779327e+00
   vertex 4.59531784e+01 8.65920181e+01 5.68434189e-14
   vertex 4.36031876e+01 8.85296860e+01 5.66579151e+00
  endloop
 endfacet
 facet normal 6.65632188e-01 7.44944334e-01 4.46284041e-02
  outer loop
   vertex 4.58455200e+01 8.61676865e+01 1.13463764e+01
   vertex 4.59469223e+01 8.64443283e+01 5.66779327e+00
   vertex 4.36031876e+01 8.85296860e+01 5.66579151e+00
  endloop
 endfacet
 facet normal 3.00986230e-01 2.31010869e-01 9.25224960e-01
  outer loop
   vertex 2.16902084e+01 6.39515457e+01 8.01547546e+01
   vertex 2.15701523e+01 6.74728317e+01 7.92842255e+01
   vertex 1.98044357e+01 6.57093277e+01 8.03403778e+01
  endloop
 endfacet
 facet normal 3.46968621e-01 2.89669394e-01 8.92022669e-01
  outer loop
   vertex 2.34886856e+01 6.56823349e+01 7.91033630e+01
   vertex 2.32810822e+01 6.91475449e+01 7.80325165e+01
   vertex 2.15701523e+01 6.74728317e+01 7.92842255e+01
  endloop
 endfacet
 facet normal 9.10020947e-01 3.72930318e-01 1.81065917e-01
  outer loop
   vertex 7.96189728e+01 3.26798515e+01 3.14332485e+01
   vertex 7.80205841e+01 3.85083389e+01 2.76584930e+01
   vertex 7.74264374e+01 3.81933632e+01 3.13873196e+01
  endloop
 endfacet
 facet normal 9.15744305e-01 3.60886961e-01 1.76558718e-01
  outer loop
   vertex 7.96189728e+01 3.26798515e+01 3.14332485e+01
   vertex 8.02459412e+01 3.29796486e+01 2.77007256e+01
   vertex 7.80205841e+01 3.85083389e+01 2.76584930e+01
  endloop
 endfacet
 facet normal 8.99699330e-01 4.01221275e-01 1.71937868e-01
  outer loop
   vertex 7.74264374e+01 3.81933632e+01 3.13873196e+01
   vertex 7.80205841e+01 3.85083389e+01 2.76584930e+01
   vertex 7.55476761e+01 4.39449425e+01 2.76100807e+01
  endloop
 endfacet
 facet normal 6.77266538e-01 7.34445155e-01 4.35929000e-02
  outer loop
   vertex 4.58455200e+01 8.61676865e+01 1.13463764e+01
   vertex 4.83495560e+01 8.42151108e+01 5.68822575e+00
   vertex 4.59469223e+01 8.64443283e+01 5.66779327e+00
  endloop
 endfacet
 facet normal 5.81106603e-01 7.82758594e-01 2.22719729e-01
  outer loop
   vertex 3.58417206e+01 8.91860428e+01 4.05704803e+01
   vertex 3.33041077e+01 9.19833298e+01 3.74279861e+01
   vertex 3.28397293e+01 9.14576492e+01 4.05555725e+01
  endloop
 endfacet
 facet normal 6.52211130e-01 7.04812527e-01 2.79033989e-01
  outer loop
   vertex 4.83495560e+01 8.42151108e+01 5.68822575e+00
   vertex 4.59531784e+01 8.65920181e+01 5.68434189e-14
   vertex 4.59469223e+01 8.64443283e+01 5.66779327e+00
  endloop
 endfacet
 facet normal 6.60437107e-01 3.06207895e-01 6.85608923e-01
  outer loop
   vertex 5.85473175e+01 4.45776291e+01 6.47832794e+01
   vertex 5.61762390e+01 4.64599686e+01 6.62289886e+01
   vertex 5.85623322e+01 4.14488449e+01 6.61471558e+01
  endloop
 endfacet
 facet normal 7.52430439e-01 5.89819014e-01 2.93192714e-01
  outer loop
   vertex 5.95503922e+01 6.24793320e+01 4.65937233e+01
   vertex 5.62234802e+01 6.82015762e+01 4.36970787e+01
   vertex 5.55666885e+01 6.76805954e+01 4.65314026e+01
  endloop
 endfacet
 facet normal 7.26103008e-01 3.62865895e-01 5.84040046e-01
  outer loop
   vertex 6.08485489e+01 4.57720261e+01 6.16370697e+01
   vertex 6.31927032e+01 4.37968102e+01 5.99251785e+01
   vertex 6.06289902e+01 4.88584366e+01 5.99427490e+01
  endloop
 endfacet
 facet normal 3.76477957e-01 2.74211347e-01 8.84913862e-01
  outer loop
   vertex 2.74651794e+01 6.16210098e+01 7.87490082e+01
   vertex 3.08563156e+01 6.14285355e+01 7.74052429e+01
   vertex 2.92654266e+01 6.32044144e+01 7.75292969e+01
  endloop
 endfacet
 facet normal 5.90662718e-01 7.32014000e-01 3.39518845e-01
  outer loop
   vertex 3.57477875e+01 8.51389999e+01 5.14516678e+01
   vertex 3.63066406e+01 8.56689072e+01 4.92613182e+01
   vertex 3.35784531e+01 8.68734818e+01 5.14635544e+01
  endloop
 endfacet
 facet normal 3.72898132e-01 2.82743394e-01 8.83743823e-01
  outer loop
   vertex 2.74651794e+01 6.16210098e+01 7.87490082e+01
   vertex 2.92654266e+01 6.32044144e+01 7.75292969e+01
   vertex 2.72077255e+01 6.53675308e+01 7.76973572e+01
  endloop
 endfacet
 facet normal 3.62536699e-01 2.52253234e-01 8.97181928e-01
  outer loop
   vertex 2.90397339e+01 5.98577499e+01 7.86103973e+01
   vertex 3.08563156e+01 6.14285355e+01 7.74052429e+01
   vertex 2.74651794e+01 6.16210098e+01 7.87490082e+01
  endloop
 endfacet
 facet normal 9.24595118e-01 3.32379758e-01 1.86138615e-01
  outer loop
   vertex 8.15649414e+01 2.70860825e+01 3.14837685e+01
   vertex 8.02459412e+01 3.29796486e+01 2.77007256e+01
   vertex 7.96189728e+01 3.26798515e+01 3.14332485e+01
  endloop
 endfacet
 facet normal 3.18197936e-01 2.47323215e-01 9.15194690e-01
  outer loop
   vertex 2.16902084e+01 6.39515457e+01 8.01547546e+01
   vertex 2.34886856e+01 6.56823349e+01 7.91033630e+01
   vertex 2.15701523e+01 6.74728317e+01 7.92842255e+01
  endloop
 endfacet
 facet normal 4.01896328e-01 3.22518796e-01 8.57006967e-01
  outer loop
   vertex 2.92654266e+01 6.32044144e+01 7.75292969e+01
   vertex 2.91157532e+01 6.70872879e+01 7.61087341e+01
   vertex 2.72077255e+01 6.53675308e+01 7.76973572e+01
  endloop
 endfacet
 facet normal 6.82337999e-01 7.29060173e-01 5.37223332e-02
  outer loop
   vertex 4.82492752e+01 8.39373703e+01 1.13592844e+01
   vertex 4.83495560e+01 8.42151108e+01 5.68822575e+00
   vertex 4.58455200e+01 8.61676865e+01 1.13463764e+01
  endloop
 endfacet
 facet normal 4.98235643e-01 6.00488007e-01 6.25440121e-01
  outer loop
   vertex 2.59896164e+01 7.96406326e+01 7.00840454e+01
   vertex 2.76273956e+01 8.12105026e+01 6.72106934e+01
   vertex 2.32946854e+01 8.17409897e+01 7.02173920e+01
  endloop
 endfacet
 facet normal 8.93360019e-01 4.13129002e-01 1.76726758e-01
  outer loop
   vertex 7.74264374e+01 3.81933632e+01 3.13873196e+01
   vertex 7.55476761e+01 4.39449425e+01 2.76100807e+01
   vertex 7.49865265e+01 4.36198997e+01 3.13329735e+01
  endloop
 endfacet
 facet normal 3.22021753e-01 2.37998128e-01 9.16329026e-01
  outer loop
   vertex 2.36228485e+01 6.20477829e+01 7.99671936e+01
   vertex 2.54395218e+01 6.37466965e+01 7.89309998e+01
   vertex 2.34886856e+01 6.56823349e+01 7.91033630e+01
  endloop
 endfacet
 facet normal 8.81619394e-01 4.41114902e-01 1.67823836e-01
  outer loop
   vertex 7.49865265e+01 4.36198997e+01 3.13329735e+01
   vertex 7.55476761e+01 4.39449425e+01 2.76100807e+01
   vertex 7.28282318e+01 4.92777786e+01 2.75694389e+01
  endloop
 endfacet
 facet normal 5.95669091e-01 7.95748472e-01 1.09374247e-01
  outer loop
   vertex 3.47154236e+01 9.36677322e+01 2.44263420e+01
   vertex 3.81108627e+01 9.17993698e+01 1.95689144e+01
   vertex 3.50602646e+01 9.41254044e+01 1.95453434e+01
  endloop
 endfacet
 facet normal 8.74622822e-01 4.53050613e-01 1.72568873e-01
  outer loop
   vertex 7.49865265e+01 4.36198997e+01 3.13329735e+01
   vertex 7.28282318e+01 4.92777786e+01 2.75694389e+01
   vertex 7.22999039e+01 4.89353714e+01 3.12850990e+01
  endloop
 endfacet
 facet normal 5.74791074e-01 1.13768809e-01 8.10352981e-01
  outer loop
   vertex 5.98953018e+01 1.84046555e+01 7.03578644e+01
   vertex 6.14313889e+01 2.47690887e+01 6.83666687e+01
   vertex 5.87560883e+01 2.36491394e+01 7.04784698e+01
  endloop
 endfacet
 facet normal 4.13382322e-01 3.49165618e-01 8.40950906e-01
  outer loop
   vertex 2.72077255e+01 6.53675308e+01 7.76973572e+01
   vertex 2.91157532e+01 6.70872879e+01 7.61087341e+01
   vertex 2.71021500e+01 6.90762253e+01 7.62588806e+01
  endloop
 endfacet
 facet normal 4.07485932e-01 3.62029910e-01 8.38385105e-01
  outer loop
   vertex 2.52284546e+01 6.73330765e+01 7.78650665e+01
   vertex 2.71021500e+01 6.90762253e+01 7.62588806e+01
   vertex 2.51168747e+01 7.09247208e+01 7.64097595e+01
  endloop
 endfacet
 facet normal 3.97199869e-01 3.34843516e-01 8.54465961e-01
  outer loop
   vertex 2.72077255e+01 6.53675308e+01 7.76973572e+01
   vertex 2.71021500e+01 6.90762253e+01 7.62588806e+01
   vertex 2.52284546e+01 6.73330765e+01 7.78650665e+01
  endloop
 endfacet
 facet normal 6.93928719e-01 7.18099713e-01 5.28742000e-02
  outer loop
   vertex 5.07486267e+01 8.15036240e+01 1.13745680e+01
   vertex 4.83495560e+01 8.42151108e+01 5.68822575e+00
   vertex 4.82492752e+01 8.39373703e+01 1.13592844e+01
  endloop
 endfacet
 facet normal 7.00404763e-01 7.12522089e-01 4.17780913e-02
  outer loop
   vertex 5.07486267e+01 8.15036240e+01 1.13745680e+01
   vertex 5.08425674e+01 8.17718430e+01 5.69752169e+00
   vertex 4.83495560e+01 8.42151108e+01 5.68822575e+00
  endloop
 endfacet
 facet normal 3.85335386e-01 2.54590601e-01 8.86961281e-01
  outer loop
   vertex 3.11487122e+01 5.73297348e+01 7.84308167e+01
   vertex 3.30048218e+01 5.88650436e+01 7.72289581e+01
   vertex 3.08563156e+01 6.14285355e+01 7.74052429e+01
  endloop
 endfacet
 facet normal 4.67191398e-01 3.76957476e-01 7.99772024e-01
  outer loop
   vertex 3.11955872e+01 6.49022141e+01 7.59527283e+01
   vertex 3.47586136e+01 6.46973038e+01 7.40185394e+01
   vertex 3.31045303e+01 6.65278549e+01 7.41175385e+01
  endloop
 endfacet
 facet normal 3.25076014e-01 2.28994548e-01 9.17544067e-01
  outer loop
   vertex 2.56108398e+01 5.99439774e+01 7.97798309e+01
   vertex 2.74651794e+01 6.16210098e+01 7.87490082e+01
   vertex 2.54395218e+01 6.37466965e+01 7.89309998e+01
  endloop
 endfacet
 facet normal 6.02769554e-01 7.89170802e-01 1.17806487e-01
  outer loop
   vertex 3.77565536e+01 9.13509140e+01 2.44444923e+01
   vertex 3.81108627e+01 9.17993698e+01 1.95689144e+01
   vertex 3.47154236e+01 9.36677322e+01 2.44263420e+01
  endloop
 endfacet
 facet normal 8.63795638e-01 4.00331080e-01 3.05928320e-01
  outer loop
   vertex 5.08326340e+01 8.19198074e+01 2.84217094e-14
   vertex 4.83495560e+01 8.42151108e+01 5.68822575e+00
   vertex 5.08356323e+01 8.18751221e+01 1.72068393e+00
  endloop
 endfacet
 facet normal 9.30439830e-01 3.39936465e-01 -1.36838913e-01
  outer loop
   vertex 5.08356323e+01 8.18751221e+01 1.72068393e+00
   vertex 4.83495560e+01 8.42151108e+01 5.68822575e+00
   vertex 5.07853775e+01 8.18589630e+01 4.41658020e+00
  endloop
 endfacet
 facet normal 6.82396233e-01 6.94438815e-01 -2.28232488e-01
  outer loop
   vertex 5.08425674e+01 8.17718430e+01 5.69752169e+00
   vertex 5.08403320e+01 8.18051071e+01 4.41663408e+00
   vertex 4.83495560e+01 8.42151108e+01 5.68822575e+00
  endloop
 endfacet
 facet normal 7.17666328e-01 5.80141902e-01 -3.85214806e-01
  outer loop
   vertex 5.07853775e+01 8.18589630e+01 4.41658020e+00
   vertex 4.83495560e+01 8.42151108e+01 5.68822575e+00
   vertex 5.08403320e+01 8.18051071e+01 4.41663408e+00
  endloop
 endfacet
 facet normal 5.80621183e-01 3.57786387e-01 7.31346667e-01
  outer loop
   vertex 4.70991364e+01 3.79425049e+00 7.65443573e+01
   vertex 4.41740875e+01 2.52231598e+00 7.73101044e+01
   vertex 4.54851913e+01 1.06100464e+00 7.69752655e+01
  endloop
 endfacet
 facet normal 7.11279929e-01 7.01712966e-01 4.09850553e-02
  outer loop
   vertex 5.07486267e+01 8.15036240e+01 1.13745680e+01
   vertex 5.28170700e+01 7.97578049e+01 5.70729303e+00
   vertex 5.08425674e+01 8.17718430e+01 5.69752169e+00
  endloop
 endfacet
 facet normal 7.16008484e-01 6.96208775e-01 5.12363166e-02
  outer loop
   vertex 5.27204361e+01 7.94921341e+01 1.13873587e+01
   vertex 5.28170700e+01 7.97578049e+01 5.70729303e+00
   vertex 5.07486267e+01 8.15036240e+01 1.13745680e+01
  endloop
 endfacet
 facet normal 3.66077304e-01 4.11189068e-03 9.30575371e-01
  outer loop
   vertex 4.96297455e+01 9.06107330e+00 7.58483582e+01
   vertex 5.16569748e+01 1.51243744e+01 7.50198059e+01
   vertex 4.91151962e+01 1.40831757e+01 7.60619965e+01
  endloop
 endfacet
 facet normal 6.96613133e-01 6.79689527e-01 -2.29678705e-01
  outer loop
   vertex 5.28170700e+01 7.97578049e+01 5.70729303e+00
   vertex 5.23688431e+01 8.02461395e+01 4.41816902e+00
   vertex 5.08425674e+01 8.17718430e+01 5.69752169e+00
  endloop
 endfacet
 facet normal 6.20450556e-01 6.10927165e-01 -4.91740912e-01
  outer loop
   vertex 5.23688431e+01 8.02461395e+01 4.41816902e+00
   vertex 5.20250549e+01 8.05967789e+01 4.41782284e+00
   vertex 5.08425674e+01 8.17718430e+01 5.69752169e+00
  endloop
 endfacet
 facet normal 6.17910683e-01 6.14023149e-01 -4.91082430e-01
  outer loop
   vertex 5.20250549e+01 8.05967789e+01 4.41782284e+00
   vertex 5.08403320e+01 8.18051071e+01 4.41663408e+00
   vertex 5.08425674e+01 8.17718430e+01 5.69752169e+00
  endloop
 endfacet
 facet normal 6.36270165e-01 7.62531996e-01 1.17069431e-01
  outer loop
   vertex 4.27525253e+01 8.72373734e+01 2.44744320e+01
   vertex 4.03469086e+01 9.00053177e+01 1.95810394e+01
   vertex 3.99934921e+01 8.95646439e+01 2.44527245e+01
  endloop
 endfacet
 facet normal 6.17213845e-01 7.77940869e-01 1.17707454e-01
  outer loop
   vertex 3.99934921e+01 8.95646439e+01 2.44527245e+01
   vertex 3.81108627e+01 9.17993698e+01 1.95689144e+01
   vertex 3.77565536e+01 9.13509140e+01 2.44444923e+01
  endloop
 endfacet
 facet normal 5.90431690e-01 7.47296393e-01 3.04858238e-01
  outer loop
   vertex 3.63066406e+01 8.56689072e+01 4.92613182e+01
   vertex 3.47815018e+01 8.80687790e+01 4.63303223e+01
   vertex 3.41299591e+01 8.74072647e+01 4.92568283e+01
  endloop
 endfacet
 facet normal 6.24603033e-01 7.73368299e-01 1.08501278e-01
  outer loop
   vertex 3.99934921e+01 8.95646439e+01 2.44527245e+01
   vertex 4.03469086e+01 9.00053177e+01 1.95810394e+01
   vertex 3.81108627e+01 9.17993698e+01 1.95689144e+01
  endloop
 endfacet
 facet normal 3.07874829e-01 2.13709474e-01 9.27114546e-01
  outer loop
   vertex 2.56108398e+01 5.99439774e+01 7.97798309e+01
   vertex 2.54395218e+01 6.37466965e+01 7.89309998e+01
   vertex 2.36228485e+01 6.20477829e+01 7.99671936e+01
  endloop
 endfacet
 facet normal 6.43209934e-01 7.58073330e-01 1.07730165e-01
  outer loop
   vertex 4.27525253e+01 8.72373734e+01 2.44744320e+01
   vertex 4.31083679e+01 8.76767960e+01 1.95910892e+01
   vertex 4.03469086e+01 9.00053177e+01 1.95810394e+01
  endloop
 endfacet
 facet normal 7.27872193e-01 6.83910728e-01 4.96806987e-02
  outer loop
   vertex 5.54023132e+01 7.66204910e+01 1.14210434e+01
   vertex 5.28170700e+01 7.97578049e+01 5.70729303e+00
   vertex 5.27204361e+01 7.94921341e+01 1.13873587e+01
  endloop
 endfacet
 facet normal 7.35304296e-01 6.76629603e-01 3.87298279e-02
  outer loop
   vertex 5.54023132e+01 7.66204910e+01 1.14210434e+01
   vertex 5.54918213e+01 7.68956985e+01 5.71560097e+00
   vertex 5.28170700e+01 7.97578049e+01 5.70729303e+00
  endloop
 endfacet
 facet normal 8.62278998e-01 2.83294380e-01 4.19784695e-01
  outer loop
   vertex 7.66741943e+01 2.49173203e+01 4.98208771e+01
   vertex 7.49253616e+01 3.04017792e+01 4.97655563e+01
   vertex 7.40404892e+01 3.00156250e+01 5.18415604e+01
  endloop
 endfacet
 facet normal 5.17102778e-01 5.18350124e-01 6.81115150e-01
  outer loop
   vertex 3.07363968e+01 7.23687363e+01 7.22424469e+01
   vertex 3.25210266e+01 7.39255295e+01 6.97691956e+01
   vertex 3.04392548e+01 7.58519211e+01 6.98689423e+01
  endloop
 endfacet
 facet normal 6.16326213e-01 7.28943467e-01 2.97965378e-01
  outer loop
   vertex 3.90006332e+01 8.34117355e+01 4.92635727e+01
   vertex 3.96777878e+01 8.40555496e+01 4.63545837e+01
   vertex 3.69713593e+01 8.63213425e+01 4.63433342e+01
  endloop
 endfacet
 facet normal 6.08422041e-01 7.31805444e-01 3.07056010e-01
  outer loop
   vertex 3.90006332e+01 8.34117355e+01 4.92635727e+01
   vertex 3.69713593e+01 8.63213425e+01 4.63433342e+01
   vertex 3.63066406e+01 8.56689072e+01 4.92613182e+01
  endloop
 endfacet
 facet normal 5.97952664e-01 7.44771183e-01 2.96257585e-01
  outer loop
   vertex 3.63066406e+01 8.56689072e+01 4.92613182e+01
   vertex 3.69713593e+01 8.63213425e+01 4.63433342e+01
   vertex 3.47815018e+01 8.80687790e+01 4.63303223e+01
  endloop
 endfacet
 facet normal 8.88648808e-01 4.57064629e-01 3.73521522e-02
  outer loop
   vertex 7.70198975e+01 4.49612198e+01 1.15673018e+01
   vertex 7.72038269e+01 4.51561508e+01 5.80349874e+00
   vertex 7.43762131e+01 5.05456467e+01 5.79957533e+00
  endloop
 endfacet
 facet normal 8.67448032e-01 4.95246559e-01 4.75898199e-02
  outer loop
   vertex 7.42220078e+01 5.03086319e+01 1.15479479e+01
   vertex 7.43762131e+01 5.05456467e+01 5.79957533e+00
   vertex 7.11695404e+01 5.55803299e+01 1.15297565e+01
  endloop
 endfacet
 facet normal 9.01351392e-01 4.31397974e-01 3.82286534e-02
  outer loop
   vertex 7.70198975e+01 4.49612198e+01 1.15673018e+01
   vertex 7.97978821e+01 3.96610985e+01 5.81253242e+00
   vertex 7.72038269e+01 4.51561508e+01 5.80349874e+00
  endloop
 endfacet
 facet normal 8.81487191e-01 4.69710469e-01 4.85019572e-02
  outer loop
   vertex 7.70198975e+01 4.49612198e+01 1.15673018e+01
   vertex 7.43762131e+01 5.05456467e+01 5.79957533e+00
   vertex 7.42220078e+01 5.03086319e+01 1.15479479e+01
  endloop
 endfacet
 facet normal 8.59982133e-01 5.04943848e-01 7.39082918e-02
  outer loop
   vertex 7.06694565e+01 5.51005630e+01 1.98328075e+01
   vertex 7.42220078e+01 5.03086319e+01 1.15479479e+01
   vertex 7.11695404e+01 5.55803299e+01 1.15297565e+01
  endloop
 endfacet
 facet normal 8.26919377e-01 2.08794087e-01 5.22120059e-01
  outer loop
   vertex 7.59863892e+01 2.05758591e+01 5.34294662e+01
   vertex 7.53664856e+01 2.13368607e+01 5.41378784e+01
   vertex 7.48017578e+01 1.80932999e+01 5.62334671e+01
  endloop
 endfacet
 facet normal 8.19680989e-01 2.13501692e-01 5.31545043e-01
  outer loop
   vertex 7.53664856e+01 2.13368607e+01 5.41378784e+01
   vertex 7.47381897e+01 2.20473862e+01 5.48430328e+01
   vertex 7.48017578e+01 1.80932999e+01 5.62334671e+01
  endloop
 endfacet
 facet normal 8.38267028e-01 1.67690456e-01 5.18833578e-01
  outer loop
   vertex 7.71366882e+01 1.56399460e+01 5.34613380e+01
   vertex 7.57366104e+01 1.34431305e+01 5.63145790e+01
   vertex 7.82367401e+01 1.43198700e+01 5.20411530e+01
  endloop
 endfacet
 facet normal 7.37499535e-01 5.19110918e-01 4.31993395e-01
  outer loop
   vertex 5.81257095e+01 5.89150772e+01 5.46106377e+01
   vertex 5.80243301e+01 6.14283066e+01 5.15944862e+01
   vertex 5.62663345e+01 6.02827072e+01 5.61010742e+01
  endloop
 endfacet
 facet normal 6.75609887e-01 7.02518642e-01 2.23648936e-01
  outer loop
   vertex 4.79105301e+01 7.85100479e+01 4.06787567e+01
   vertex 4.59552078e+01 8.13966751e+01 3.75311584e+01
   vertex 4.54509048e+01 8.09045029e+01 4.06559448e+01
  endloop
 endfacet
 facet normal 6.72432423e-01 6.99607432e-01 2.41627946e-01
  outer loop
   vertex 4.79105301e+01 7.85100479e+01 4.06787567e+01
   vertex 4.54509048e+01 8.09045029e+01 4.06559448e+01
   vertex 4.49266052e+01 8.04007950e+01 4.35402565e+01
  endloop
 endfacet
 facet normal 5.63495874e-01 7.33850420e-01 3.79388988e-01
  outer loop
   vertex 3.22075272e+01 8.55475540e+01 5.61773415e+01
   vertex 3.35784531e+01 8.68734818e+01 5.14635544e+01
   vertex 2.93101425e+01 8.77512741e+01 5.62041893e+01
  endloop
 endfacet
 facet normal 5.57991266e-01 7.46608973e-01 3.62244159e-01
  outer loop
   vertex 2.93101425e+01 8.77512741e+01 5.62041893e+01
   vertex 3.35784531e+01 8.68734818e+01 5.14635544e+01
   vertex 3.06315536e+01 8.91079941e+01 5.14636688e+01
  endloop
 endfacet
 facet normal 8.10180962e-01 2.17295915e-01 5.44416487e-01
  outer loop
   vertex 7.47381897e+01 2.20473862e+01 5.48430328e+01
   vertex 7.34124146e+01 2.35596313e+01 5.62269669e+01
   vertex 7.48017578e+01 1.80932999e+01 5.62334671e+01
  endloop
 endfacet
 facet normal 7.25150824e-01 5.03833473e-01 4.69369948e-01
  outer loop
   vertex 5.81257095e+01 5.89150772e+01 5.46106377e+01
   vertex 5.62663345e+01 6.02827072e+01 5.61010742e+01
   vertex 5.51547928e+01 5.95971451e+01 5.84620171e+01
  endloop
 endfacet
 facet normal 7.96104610e-01 2.33231828e-01 5.58408797e-01
  outer loop
   vertex 7.19264908e+01 2.30133667e+01 5.84668655e+01
   vertex 7.34124146e+01 2.35596313e+01 5.62269669e+01
   vertex 7.17609787e+01 2.90346527e+01 5.62034340e+01
  endloop
 endfacet
 facet normal 7.86067069e-01 2.38839909e-01 5.70135117e-01
  outer loop
   vertex 7.19264908e+01 2.30133667e+01 5.84668655e+01
   vertex 7.17609787e+01 2.90346527e+01 5.62034340e+01
   vertex 7.03506546e+01 2.84230957e+01 5.84507599e+01
  endloop
 endfacet
 facet normal 7.60331094e-01 3.06227684e-01 5.72818696e-01
  outer loop
   vertex 6.85206375e+01 3.37906609e+01 5.84427185e+01
   vertex 6.64357224e+01 3.90566292e+01 5.84384193e+01
   vertex 6.55076904e+01 3.86184998e+01 5.98984261e+01
  endloop
 endfacet
 facet normal 7.40136206e-01 4.41330254e-01 5.07371664e-01
  outer loop
   vertex 6.14898224e+01 4.93219070e+01 5.84514503e+01
   vertex 5.98165894e+01 5.49279861e+01 5.60830879e+01
   vertex 5.86314011e+01 5.42601089e+01 5.84590034e+01
  endloop
 endfacet
 facet normal 7.37621605e-01 4.74818110e-01 4.80064750e-01
  outer loop
   vertex 5.81257095e+01 5.89150772e+01 5.46106377e+01
   vertex 5.86314011e+01 5.42601089e+01 5.84590034e+01
   vertex 5.98165894e+01 5.49279861e+01 5.60830879e+01
  endloop
 endfacet
 facet normal 6.78113580e-01 1.91434249e-01 7.09587872e-01
  outer loop
   vertex 6.46564178e+01 2.90685043e+01 6.45908661e+01
   vertex 6.41267090e+01 2.58769379e+01 6.59092331e+01
   vertex 6.67544327e+01 2.69487152e+01 6.31193008e+01
  endloop
 endfacet
 facet normal 7.56046116e-01 2.60980874e-01 6.00235999e-01
  outer loop
   vertex 6.93514099e+01 2.80097809e+01 5.98792305e+01
   vertex 6.85206375e+01 3.37906609e+01 5.84427185e+01
   vertex 6.75536575e+01 3.33651619e+01 5.98820839e+01
  endloop
 endfacet
 facet normal 9.12746310e-01 3.37311506e-01 -2.30467126e-01
  outer loop
   vertex 8.42578430e+01 2.83583679e+01 5.82777119e+00
   vertex 8.37570038e+01 2.97582397e+01 4.41844130e+00
   vertex 8.21508942e+01 3.40593033e+01 5.82100964e+00
  endloop
 endfacet
 facet normal 8.12801480e-01 3.08384657e-01 -4.94219244e-01
  outer loop
   vertex 8.37570038e+01 2.97582397e+01 4.41844130e+00
   vertex 8.34599152e+01 3.05620575e+01 4.41791630e+00
   vertex 8.21508942e+01 3.40593033e+01 5.82100964e+00
  endloop
 endfacet
 facet normal 8.99425685e-01 2.22344056e-01 -3.76293242e-01
  outer loop
   vertex 8.34599152e+01 3.05620575e+01 4.41791630e+00
   vertex 8.32442932e+01 3.11454697e+01 4.41753197e+00
   vertex 8.21508942e+01 3.40593033e+01 5.82100964e+00
  endloop
 endfacet
 facet normal 9.53755796e-01 2.51659025e-02 2.99527258e-01
  outer loop
   vertex 8.21867828e+01 3.41470337e+01 0.00000000e+00
   vertex 8.21508942e+01 3.40593033e+01 5.82100964e+00
   vertex 8.32607422e+01 3.11452713e+01 3.02204275e+00
  endloop
 endfacet
 facet normal 9.89748776e-01 -6.74100667e-02 -1.25909567e-01
  outer loop
   vertex 8.32442932e+01 3.11454697e+01 4.41753197e+00
   vertex 8.32607422e+01 3.11452713e+01 3.02204275e+00
   vertex 8.21508942e+01 3.40593033e+01 5.82100964e+00
  endloop
 endfacet
 facet normal 8.75241458e-01 2.09594369e-01 4.35915798e-01
  outer loop
   vertex 7.92543640e+01 1.46622772e+01 4.99382744e+01
   vertex 7.81745453e+01 1.93754425e+01 4.98822021e+01
   vertex 7.71985626e+01 1.90129318e+01 5.19818878e+01
  endloop
 endfacet
 facet normal 5.70821106e-01 7.49170303e-01 3.36016506e-01
  outer loop
   vertex 3.35784531e+01 8.68734818e+01 5.14635544e+01
   vertex 3.41299591e+01 8.74072647e+01 4.92568283e+01
   vertex 3.06315536e+01 8.91079941e+01 5.14636688e+01
  endloop
 endfacet
 facet normal 8.91465366e-01 2.43874818e-01 3.81856710e-01
  outer loop
   vertex 7.81745453e+01 1.93754425e+01 4.98822021e+01
   vertex 7.93032684e+01 1.98194885e+01 4.70740585e+01
   vertex 7.77671814e+01 2.53843994e+01 4.70059509e+01
  endloop
 endfacet
 facet normal 8.88974786e-01 2.17073545e-01 4.03240442e-01
  outer loop
   vertex 7.92543640e+01 1.46622772e+01 4.99382744e+01
   vertex 7.93032684e+01 1.98194885e+01 4.70740585e+01
   vertex 7.81745453e+01 1.93754425e+01 4.98822021e+01
  endloop
 endfacet
 facet normal 9.00479317e-01 2.62561888e-01 3.46696138e-01
  outer loop
   vertex 7.93032684e+01 1.98194885e+01 4.70740585e+01
   vertex 7.86704712e+01 2.57876129e+01 4.42234726e+01
   vertex 7.77671814e+01 2.53843994e+01 4.70059509e+01
  endloop
 endfacet
 facet normal 9.08478796e-01 2.52903968e-01 3.32724869e-01
  outer loop
   vertex 7.93032684e+01 1.98194885e+01 4.70740585e+01
   vertex 8.02462769e+01 2.02072296e+01 4.42896080e+01
   vertex 7.86704712e+01 2.57876129e+01 4.42234726e+01
  endloop
 endfacet
 facet normal 7.40357578e-01 2.44471863e-01 6.26182199e-01
  outer loop
   vertex 6.72475052e+01 3.01652145e+01 6.15393982e+01
   vertex 6.93514099e+01 2.80097809e+01 5.98792305e+01
   vertex 6.75536575e+01 3.33651619e+01 5.98820839e+01
  endloop
 endfacet
 facet normal 5.78970671e-01 1.34511396e-01 8.04176390e-01
  outer loop
   vertex 5.87560883e+01 2.36491394e+01 7.04784698e+01
   vertex 6.14313889e+01 2.47690887e+01 6.83666687e+01
   vertex 5.73662491e+01 2.88214111e+01 7.06135712e+01
  endloop
 endfacet
 facet normal 5.86001813e-01 7.21906543e-01 3.68039250e-01
  outer loop
   vertex 3.43335953e+01 8.38302689e+01 5.61608696e+01
   vertex 3.57477875e+01 8.51389999e+01 5.14516678e+01
   vertex 3.35784531e+01 8.68734818e+01 5.14635544e+01
  endloop
 endfacet
 facet normal 9.54367161e-01 2.83582389e-01 9.36180130e-02
  outer loop
   vertex 8.62012177e+01 1.98738556e+01 1.58461733e+01
   vertex 8.50502777e+01 2.42854614e+01 1.44396410e+01
   vertex 8.46392212e+01 2.51893616e+01 1.58193073e+01
  endloop
 endfacet
 facet normal 9.53194022e-01 2.99165666e-01 4.38298956e-02
  outer loop
   vertex 8.58392334e+01 2.24454803e+01 1.16627522e+01
   vertex 8.61181793e+01 2.25726318e+01 5.82526588e+00
   vertex 8.42578430e+01 2.83583679e+01 5.82777119e+00
  endloop
 endfacet
 facet normal 9.53493416e-01 2.62008131e-01 1.49003580e-01
  outer loop
   vertex 8.56851959e+01 1.69925690e+01 2.50336990e+01
   vertex 8.50751648e+01 2.21277313e+01 2.00083103e+01
   vertex 8.44010925e+01 2.18608627e+01 2.50024300e+01
  endloop
 endfacet
 facet normal 3.56301457e-01 -1.08935777e-02 9.34307575e-01
  outer loop
   vertex 4.98736801e+01 4.79402924e+00 7.56657715e+01
   vertex 5.22623596e+01 1.00385361e+01 7.48164368e+01
   vertex 4.96297455e+01 9.06107330e+00 7.58483582e+01
  endloop
 endfacet
 facet normal 3.78833860e-01 3.33745498e-03 9.25458670e-01
  outer loop
   vertex 4.96297455e+01 9.06107330e+00 7.58483582e+01
   vertex 5.22623596e+01 1.00385361e+01 7.48164368e+01
   vertex 5.16569748e+01 1.51243744e+01 7.50198059e+01
  endloop
 endfacet
 facet normal 6.28329575e-01 7.18239307e-01 2.98888355e-01
  outer loop
   vertex 3.90006332e+01 8.34117355e+01 4.92635727e+01
   vertex 4.19702606e+01 8.20220413e+01 4.63639412e+01
   vertex 3.96777878e+01 8.40555496e+01 4.63545837e+01
  endloop
 endfacet
 facet normal 9.51406419e-01 2.59115577e-01 1.66388005e-01
  outer loop
   vertex 8.56851959e+01 1.69925690e+01 2.50336990e+01
   vertex 8.44010925e+01 2.18608627e+01 2.50024300e+01
   vertex 8.39451599e+01 2.16959915e+01 2.77916336e+01
  endloop
 endfacet
 facet normal 6.58073664e-01 7.18987882e-01 2.23596692e-01
  outer loop
   vertex 4.54509048e+01 8.09045029e+01 4.06559448e+01
   vertex 4.35808640e+01 8.35912552e+01 3.75043716e+01
   vertex 4.30902481e+01 8.30932846e+01 4.06229782e+01
  endloop
 endfacet
 facet normal 6.60980523e-01 7.10498631e-01 2.41446614e-01
  outer loop
   vertex 4.49266052e+01 8.04007950e+01 4.35402565e+01
   vertex 4.54509048e+01 8.09045029e+01 4.06559448e+01
   vertex 4.30902481e+01 8.30932846e+01 4.06229782e+01
  endloop
 endfacet
 facet normal 9.51364279e-01 2.99818665e-01 7.08147064e-02
  outer loop
   vertex 8.50502777e+01 2.42854614e+01 1.44396410e+01
   vertex 8.58392334e+01 2.24454803e+01 1.16627522e+01
   vertex 8.40041199e+01 2.82031631e+01 1.16450319e+01
  endloop
 endfacet
 facet normal 9.50852454e-01 2.43572265e-01 1.91186309e-01
  outer loop
   vertex 8.44979706e+01 1.65979919e+01 3.15900841e+01
   vertex 8.52131805e+01 1.68358231e+01 2.78346996e+01
   vertex 8.39451599e+01 2.16959915e+01 2.77916336e+01
  endloop
 endfacet
 facet normal 9.53009486e-01 2.46084705e-01 1.76678210e-01
  outer loop
   vertex 8.52131805e+01 1.68358231e+01 2.78346996e+01
   vertex 8.56851959e+01 1.69925690e+01 2.50336990e+01
   vertex 8.39451599e+01 2.16959915e+01 2.77916336e+01
  endloop
 endfacet
 facet normal 9.47215378e-01 2.53879249e-01 1.95776179e-01
  outer loop
   vertex 8.44979706e+01 1.65979919e+01 3.15900841e+01
   vertex 8.39451599e+01 2.16959915e+01 2.77916336e+01
   vertex 8.32627258e+01 2.14352875e+01 3.15451889e+01
  endloop
 endfacet
 facet normal 9.48935151e-01 3.10962051e-01 5.31479008e-02
  outer loop
   vertex 8.58392334e+01 2.24454803e+01 1.16627522e+01
   vertex 8.42578430e+01 2.83583679e+01 5.82777119e+00
   vertex 8.40041199e+01 2.82031631e+01 1.16450319e+01
  endloop
 endfacet
 facet normal 6.43690288e-01 7.26357043e-01 2.40973592e-01
  outer loop
   vertex 4.25637741e+01 8.25824509e+01 4.35098228e+01
   vertex 4.30902481e+01 8.30932846e+01 4.06229782e+01
   vertex 4.07725220e+01 8.51366806e+01 4.06097107e+01
  endloop
 endfacet
 facet normal 4.91309315e-01 1.48158640e-01 8.58291447e-01
  outer loop
   vertex 5.07672501e+01 3.14640198e+01 7.42834625e+01
   vertex 5.14097748e+01 3.77189484e+01 7.28160400e+01
   vertex 4.90093842e+01 3.63985367e+01 7.44869843e+01
  endloop
 endfacet
 facet normal 6.40711188e-01 7.34632730e-01 2.23167896e-01
  outer loop
   vertex 4.30902481e+01 8.30932846e+01 4.06229782e+01
   vertex 4.12631454e+01 8.56350021e+01 3.74816132e+01
   vertex 4.07725220e+01 8.51366806e+01 4.06097107e+01
  endloop
 endfacet
 facet normal 8.17652106e-01 5.16369998e-01 2.54572302e-01
  outer loop
   vertex 6.76780167e+01 5.29675217e+01 4.10291595e+01
   vertex 6.45774384e+01 5.79967575e+01 4.09603424e+01
   vertex 6.39503326e+01 5.75579453e+01 4.38325462e+01
  endloop
 endfacet
 facet normal 6.53526247e-01 7.14145839e-01 2.50797033e-01
  outer loop
   vertex 4.49266052e+01 8.04007950e+01 4.35402565e+01
   vertex 4.30902481e+01 8.30932846e+01 4.06229782e+01
   vertex 4.25637741e+01 8.25824509e+01 4.35098228e+01
  endloop
 endfacet
 facet normal 8.23189139e-01 5.00506938e-01 2.68053025e-01
  outer loop
   vertex 6.70302887e+01 5.25372238e+01 4.38986168e+01
   vertex 6.76780167e+01 5.29675217e+01 4.10291595e+01
   vertex 6.39503326e+01 5.75579453e+01 4.38325462e+01
  endloop
 endfacet
 facet normal 4.97372717e-01 9.95587036e-02 8.61805320e-01
  outer loop
   vertex 5.61239395e+01 2.25250549e+01 7.22958527e+01
   vertex 5.48230667e+01 2.76462936e+01 7.24644928e+01
   vertex 5.22552719e+01 2.64462738e+01 7.40748596e+01
  endloop
 endfacet
 facet normal 7.69585252e-01 5.83581567e-01 2.59173810e-01
  outer loop
   vertex 6.02398911e+01 6.29756546e+01 4.37663651e+01
   vertex 6.08355331e+01 6.34332962e+01 4.08947296e+01
   vertex 5.62234802e+01 6.82015762e+01 4.36970787e+01
  endloop
 endfacet
 facet normal 7.94686496e-01 5.61672449e-01 2.30211571e-01
  outer loop
   vertex 6.45774384e+01 5.79967575e+01 4.09603424e+01
   vertex 6.13988113e+01 6.38802872e+01 3.77628784e+01
   vertex 6.08355331e+01 6.34332962e+01 4.08947296e+01
  endloop
 endfacet
 facet normal 5.94243646e-01 7.05179811e-01 3.86776328e-01
  outer loop
   vertex 3.69736252e+01 8.15846481e+01 5.61394043e+01
   vertex 3.57477875e+01 8.51389999e+01 5.14516678e+01
   vertex 3.43335953e+01 8.38302689e+01 5.61608696e+01
  endloop
 endfacet
 facet normal 7.15064466e-01 6.72022998e-01 1.92530289e-01
  outer loop
   vertex 5.34747314e+01 7.46273575e+01 3.43731918e+01
   vertex 5.08298569e+01 7.74602585e+01 3.43393822e+01
   vertex 5.03641815e+01 7.70128555e+01 3.75857315e+01
  endloop
 endfacet
 facet normal 5.77516556e-01 7.21200645e-01 3.82549763e-01
  outer loop
   vertex 3.43335953e+01 8.38302689e+01 5.61608696e+01
   vertex 3.35784531e+01 8.68734818e+01 5.14635544e+01
   vertex 3.22075272e+01 8.55475540e+01 5.61773415e+01
  endloop
 endfacet
 facet normal 7.01123118e-01 6.84445679e-01 1.99901208e-01
  outer loop
   vertex 5.03641815e+01 7.70128555e+01 3.75857315e+01
   vertex 5.08298569e+01 7.74602585e+01 3.43393822e+01
   vertex 4.84170380e+01 7.89919357e+01 3.75622292e+01
  endloop
 endfacet
 facet normal 6.79253280e-01 7.06312716e-01 1.99342191e-01
  outer loop
   vertex 4.84170380e+01 7.89919357e+01 3.75622292e+01
   vertex 4.64084167e+01 8.18477707e+01 3.42850304e+01
   vertex 4.59552078e+01 8.13966751e+01 3.75311584e+01
  endloop
 endfacet
 facet normal 7.21197009e-01 6.63215518e-01 2.00050116e-01
  outer loop
   vertex 5.29990158e+01 7.41900558e+01 3.76264381e+01
   vertex 5.34747314e+01 7.46273575e+01 3.43731918e+01
   vertex 5.03641815e+01 7.70128555e+01 3.75857315e+01
  endloop
 endfacet
 facet normal 6.85667157e-01 7.02067375e-01 1.92254797e-01
  outer loop
   vertex 4.84170380e+01 7.89919357e+01 3.75622292e+01
   vertex 4.88867188e+01 7.94441299e+01 3.43131027e+01
   vertex 4.64084167e+01 8.18477707e+01 3.42850304e+01
  endloop
 endfacet
 facet normal 6.96763217e-01 6.90975904e-01 1.92544356e-01
  outer loop
   vertex 4.84170380e+01 7.89919357e+01 3.75622292e+01
   vertex 5.08298569e+01 7.74602585e+01 3.43393822e+01
   vertex 4.88867188e+01 7.94441299e+01 3.43131027e+01
  endloop
 endfacet
 facet normal 6.68991625e-01 7.18148768e-01 1.91605106e-01
  outer loop
   vertex 4.59552078e+01 8.13966751e+01 3.75311584e+01
   vertex 4.64084167e+01 8.18477707e+01 3.42850304e+01
   vertex 4.40296021e+01 8.40536118e+01 3.42697830e+01
  endloop
 endfacet
 facet normal 7.38321066e-01 2.82903701e-01 6.12247884e-01
  outer loop
   vertex 6.53692703e+01 3.54617043e+01 6.15700798e+01
   vertex 6.75536575e+01 3.33651619e+01 5.98820839e+01
   vertex 6.55076904e+01 3.86184998e+01 5.98984261e+01
  endloop
 endfacet
 facet normal 6.32279098e-01 7.10171521e-01 3.09644222e-01
  outer loop
   vertex 4.12741470e+01 8.13973770e+01 4.92717590e+01
   vertex 4.19702606e+01 8.20220413e+01 4.63639412e+01
   vertex 3.90006332e+01 8.34117355e+01 4.92635727e+01
  endloop
 endfacet
 facet normal 6.02288365e-01 7.06053495e-01 3.72474402e-01
  outer loop
   vertex 3.69736252e+01 8.15846481e+01 5.61394043e+01
   vertex 3.84231339e+01 8.28878860e+01 5.14489136e+01
   vertex 3.57477875e+01 8.51389999e+01 5.14516678e+01
  endloop
 endfacet
 facet normal 5.62738359e-01 6.45879626e-01 5.15911877e-01
  outer loop
   vertex 3.38221817e+01 7.88414078e+01 6.38328896e+01
   vertex 3.28674316e+01 8.24912186e+01 6.01987457e+01
   vertex 3.12839813e+01 8.10322495e+01 6.39024467e+01
  endloop
 endfacet
 facet normal 6.62205517e-01 1.92242041e-01 7.24242210e-01
  outer loop
   vertex 6.46564178e+01 2.90685043e+01 6.45908661e+01
   vertex 6.25274887e+01 3.11469879e+01 6.59807587e+01
   vertex 6.41267090e+01 2.58769379e+01 6.59092331e+01
  endloop
 endfacet
 facet normal 6.07906520e-01 7.15887129e-01 3.43446225e-01
  outer loop
   vertex 3.84231339e+01 8.28878860e+01 5.14489136e+01
   vertex 3.90006332e+01 8.34117355e+01 4.92635727e+01
   vertex 3.57477875e+01 8.51389999e+01 5.14516678e+01
  endloop
 endfacet
 facet normal 6.18007839e-01 7.67348707e-01 1.71003595e-01
  outer loop
   vertex 3.89627838e+01 8.84079056e+01 3.42245445e+01
   vertex 3.93681259e+01 8.88448563e+01 3.08698025e+01
   vertex 3.71352539e+01 9.06265335e+01 3.08618221e+01
  endloop
 endfacet
 facet normal 6.33439720e-01 7.49621630e-01 1.91889539e-01
  outer loop
   vertex 4.12631454e+01 8.56350021e+01 3.74816132e+01
   vertex 4.17062073e+01 8.61043015e+01 3.42425499e+01
   vertex 3.89627838e+01 8.84079056e+01 3.42245445e+01
  endloop
 endfacet
 facet normal 6.44152820e-01 7.38466561e-01 1.99334770e-01
  outer loop
   vertex 4.35808640e+01 8.35912552e+01 3.75043716e+01
   vertex 4.17062073e+01 8.61043015e+01 3.42425499e+01
   vertex 4.12631454e+01 8.56350021e+01 3.74816132e+01
  endloop
 endfacet
 facet normal 8.28415513e-01 5.28814137e-01 1.84616774e-01
  outer loop
   vertex 6.88419952e+01 5.37802811e+01 3.46268158e+01
   vertex 6.61924438e+01 5.92035294e+01 3.11895027e+01
   vertex 6.56913528e+01 5.88352127e+01 3.45765419e+01
  endloop
 endfacet
 facet normal 8.57368708e-01 4.72787857e-01 2.03446776e-01
  outer loop
   vertex 7.11625443e+01 4.82121048e+01 3.79636497e+01
   vertex 7.17503204e+01 4.85852203e+01 3.46825752e+01
   vertex 6.88419952e+01 5.37802811e+01 3.46268158e+01
  endloop
 endfacet
 facet normal 8.51841331e-01 4.88835186e-01 1.88166097e-01
  outer loop
   vertex 7.17503204e+01 4.85852203e+01 3.46825752e+01
   vertex 6.93674240e+01 5.41393204e+01 3.12346725e+01
   vertex 6.88419952e+01 5.37802811e+01 3.46268158e+01
  endloop
 endfacet
 facet normal 5.18575788e-01 6.61749005e-01 5.41449308e-01
  outer loop
   vertex 2.48776474e+01 8.33449783e+01 6.73213196e+01
   vertex 2.92160645e+01 8.27200546e+01 6.39589081e+01
   vertex 2.64204407e+01 8.48803482e+01 6.40463638e+01
  endloop
 endfacet
 facet normal 8.37207735e-01 5.16664743e-01 1.79278255e-01
  outer loop
   vertex 6.88419952e+01 5.37802811e+01 3.46268158e+01
   vertex 6.93674240e+01 5.41393204e+01 3.12346725e+01
   vertex 6.61924438e+01 5.92035294e+01 3.11895027e+01
  endloop
 endfacet
 facet normal 6.27664745e-01 3.45993787e-01 6.97370231e-01
  outer loop
   vertex 5.08742447e+01 5.33240433e+01 6.77397614e+01
   vertex 5.12952194e+01 5.00546341e+01 6.89517212e+01
   vertex 5.35162277e+01 5.13356857e+01 6.63336029e+01
  endloop
 endfacet
 facet normal 5.55454791e-01 2.60994405e-01 7.89526343e-01
  outer loop
   vertex 5.15643158e+01 4.38937416e+01 7.10809784e+01
   vertex 4.91014328e+01 4.87070084e+01 7.12346039e+01
   vertex 4.69138107e+01 4.73338089e+01 7.31995697e+01
  endloop
 endfacet
 facet normal 5.89627802e-01 3.09308439e-01 7.46101439e-01
  outer loop
   vertex 4.87090149e+01 5.19850845e+01 7.02022095e+01
   vertex 4.91014328e+01 4.87070084e+01 7.12346039e+01
   vertex 5.12952194e+01 5.00546341e+01 6.89517212e+01
  endloop
 endfacet
 facet normal 6.07437253e-01 3.36154491e-01 7.19736159e-01
  outer loop
   vertex 4.87090149e+01 5.19850845e+01 7.02022095e+01
   vertex 5.12952194e+01 5.00546341e+01 6.89517212e+01
   vertex 5.08742447e+01 5.33240433e+01 6.77397614e+01
  endloop
 endfacet
 facet normal 5.36181271e-01 2.73162365e-01 7.98681378e-01
  outer loop
   vertex 4.69138107e+01 4.73338089e+01 7.31995697e+01
   vertex 4.91014328e+01 4.87070084e+01 7.12346039e+01
   vertex 4.39394836e+01 5.24479446e+01 7.34278717e+01
  endloop
 endfacet
 facet normal 3.50644201e-01 3.28279525e-01 8.77086759e-01
  outer loop
   vertex 1.93014908e+01 6.94558029e+01 7.94898682e+01
   vertex 2.09830933e+01 7.11751328e+01 7.82234955e+01
   vertex 1.91198349e+01 7.27176895e+01 7.83872528e+01
  endloop
 endfacet
 facet normal 3.41079175e-01 3.00769031e-01 8.90619457e-01
  outer loop
   vertex 2.15701523e+01 6.74728317e+01 7.92842255e+01
   vertex 2.09830933e+01 7.11751328e+01 7.82234955e+01
   vertex 1.93014908e+01 6.94558029e+01 7.94898682e+01
  endloop
 endfacet
 facet normal 5.70400059e-01 8.03144872e-01 1.72052622e-01
  outer loop
   vertex 3.41153564e+01 9.29321213e+01 3.08429508e+01
   vertex 2.86245575e+01 9.67816544e+01 3.07880592e+01
   vertex 3.37296524e+01 9.24778061e+01 3.41859932e+01
  endloop
 endfacet
 facet normal 5.59364915e-01 8.09337735e-01 1.79118201e-01
  outer loop
   vertex 3.37296524e+01 9.24778061e+01 3.41859932e+01
   vertex 2.86245575e+01 9.67816544e+01 3.07880592e+01
   vertex 2.82541275e+01 9.63113022e+01 3.41363182e+01
  endloop
 endfacet
 facet normal 5.76027155e-01 5.90056598e-01 5.65708339e-01
  outer loop
   vertex 3.42816544e+01 7.54324570e+01 6.69625397e+01
   vertex 3.81902695e+01 7.47780075e+01 6.37268562e+01
   vertex 3.59872818e+01 7.68693161e+01 6.37864952e+01
  endloop
 endfacet
 facet normal 6.73432291e-01 3.31116080e-01 6.60947144e-01
  outer loop
   vertex 5.85473175e+01 4.45776291e+01 6.47832794e+01
   vertex 5.84143600e+01 4.76662979e+01 6.33153381e+01
   vertex 5.61762390e+01 4.64599686e+01 6.62289886e+01
  endloop
 endfacet
 facet normal 7.36960649e-01 3.80920053e-01 5.58380604e-01
  outer loop
   vertex 6.31927032e+01 4.37968102e+01 5.99251785e+01
   vertex 6.14898224e+01 4.93219070e+01 5.84514503e+01
   vertex 6.06289902e+01 4.88584366e+01 5.99427490e+01
  endloop
 endfacet
 facet normal 7.16338217e-01 4.38012749e-01 5.43143034e-01
  outer loop
   vertex 5.60035858e+01 5.51892776e+01 6.11672211e+01
   vertex 5.77963104e+01 5.37966843e+01 5.99671478e+01
   vertex 5.86314011e+01 5.42601089e+01 5.84590034e+01
  endloop
 endfacet
 facet normal 7.24563658e-01 4.22516882e-01 5.44506252e-01
  outer loop
   vertex 6.06289902e+01 4.88584366e+01 5.99427490e+01
   vertex 5.86314011e+01 5.42601089e+01 5.84590034e+01
   vertex 5.77963104e+01 5.37966843e+01 5.99671478e+01
  endloop
 endfacet
 facet normal 7.15549827e-01 4.03714716e-01 5.70090234e-01
  outer loop
   vertex 5.81974640e+01 5.07579956e+01 6.16697617e+01
   vertex 6.06289902e+01 4.88584366e+01 5.99427490e+01
   vertex 5.77963104e+01 5.37966843e+01 5.99671478e+01
  endloop
 endfacet
 facet normal 5.08997798e-01 5.86977541e-01 6.29586041e-01
  outer loop
   vertex 2.79853363e+01 7.79929581e+01 6.99858093e+01
   vertex 2.76273956e+01 8.12105026e+01 6.72106934e+01
   vertex 2.59896164e+01 7.96406326e+01 7.00840454e+01
  endloop
 endfacet
 facet normal 7.23565340e-01 1.85792893e-01 6.64781272e-01
  outer loop
   vertex 6.88594055e+01 2.47976227e+01 6.15336342e+01
   vertex 6.82049637e+01 2.15794449e+01 6.30851212e+01
   vertex 7.08844681e+01 2.26223602e+01 5.98866501e+01
  endloop
 endfacet
 facet normal 8.53780627e-01 4.92641300e-01 1.68413684e-01
  outer loop
   vertex 7.22999039e+01 4.89353714e+01 3.12850990e+01
   vertex 6.98699493e+01 5.44904099e+01 2.75331078e+01
   vertex 6.93674240e+01 5.41393204e+01 3.12346725e+01
  endloop
 endfacet
 facet normal 8.61481309e-01 4.80725557e-01 1.63562998e-01
  outer loop
   vertex 7.22999039e+01 4.89353714e+01 3.12850990e+01
   vertex 7.28282318e+01 4.92777786e+01 2.75694389e+01
   vertex 6.98699493e+01 5.44904099e+01 2.75331078e+01
  endloop
 endfacet
 facet normal 7.90425003e-01 4.02751952e-01 4.61539954e-01
  outer loop
   vertex 6.58314133e+01 4.73520889e+01 5.32180176e+01
   vertex 6.50662842e+01 4.80172806e+01 5.39656792e+01
   vertex 6.53372955e+01 4.49059830e+01 5.61418571e+01
  endloop
 endfacet
 facet normal 8.38968396e-01 5.20172834e-01 1.59850791e-01
  outer loop
   vertex 6.93674240e+01 5.41393204e+01 3.12346725e+01
   vertex 6.98699493e+01 5.44904099e+01 2.75331078e+01
   vertex 6.66775818e+01 5.95649796e+01 2.74875145e+01
  endloop
 endfacet
 facet normal 6.78379655e-01 2.91889727e-01 6.74241364e-01
  outer loop
   vertex 6.08491135e+01 3.95055771e+01 6.47121429e+01
   vertex 6.08853302e+01 4.26398201e+01 6.32616196e+01
   vertex 5.85623322e+01 4.14488449e+01 6.61471558e+01
  endloop
 endfacet
 facet normal 5.20939469e-01 5.95874250e-01 6.11192226e-01
  outer loop
   vertex 2.79853363e+01 7.79929581e+01 6.99858093e+01
   vertex 2.96584930e+01 7.95388565e+01 6.71374359e+01
   vertex 2.76273956e+01 8.12105026e+01 6.72106934e+01
  endloop
 endfacet
 facet normal 6.88554585e-01 4.52400476e-01 5.66768408e-01
  outer loop
   vertex 5.51204071e+01 5.58662643e+01 6.17178383e+01
   vertex 5.43556519e+01 5.91058884e+01 5.99952316e+01
   vertex 5.42104874e+01 5.65323868e+01 6.22863617e+01
  endloop
 endfacet
 facet normal 6.73584521e-01 4.13323253e-01 6.12737954e-01
  outer loop
   vertex 5.30128632e+01 5.46190567e+01 6.49265594e+01
   vertex 5.56823349e+01 5.25804825e+01 6.33691559e+01
   vertex 5.42104874e+01 5.65323868e+01 6.22863617e+01
  endloop
 endfacet
 facet normal 6.83762789e-01 4.25591171e-01 5.92739940e-01
  outer loop
   vertex 5.51204071e+01 5.58662643e+01 6.17178383e+01
   vertex 5.42104874e+01 5.65323868e+01 6.22863617e+01
   vertex 5.56823349e+01 5.25804825e+01 6.33691559e+01
  endloop
 endfacet
 facet normal 5.21007180e-01 5.70575893e-01 6.34818614e-01
  outer loop
   vertex 3.04392548e+01 7.58519211e+01 6.98689423e+01
   vertex 2.96584930e+01 7.95388565e+01 6.71374359e+01
   vertex 2.79853363e+01 7.79929581e+01 6.99858093e+01
  endloop
 endfacet
 facet normal 4.03049737e-01 3.34372465e-03 9.15171981e-01
  outer loop
   vertex 5.25825348e+01 5.71061707e+00 7.46519470e+01
   vertex 5.51098404e+01 1.10820312e+01 7.35114594e+01
   vertex 5.22623596e+01 1.00385361e+01 7.48164368e+01
  endloop
 endfacet
 facet normal 4.27208632e-01 2.05866750e-02 9.03918684e-01
  outer loop
   vertex 5.22623596e+01 1.00385361e+01 7.48164368e+01
   vertex 5.51098404e+01 1.10820312e+01 7.35114594e+01
   vertex 5.44221497e+01 1.62382507e+01 7.36893616e+01
  endloop
 endfacet
 facet normal 4.14138883e-01 2.10696589e-02 9.09969807e-01
  outer loop
   vertex 5.22623596e+01 1.00385361e+01 7.48164368e+01
   vertex 5.44221497e+01 1.62382507e+01 7.36893616e+01
   vertex 5.16569748e+01 1.51243744e+01 7.50198059e+01
  endloop
 endfacet
 facet normal 8.56031835e-01 4.97475803e-01 1.40453875e-01
  outer loop
   vertex 7.31808167e+01 4.95093536e+01 2.48040543e+01
   vertex 7.01989594e+01 5.47223434e+01 2.47719536e+01
   vertex 6.98699493e+01 5.44904099e+01 2.75331078e+01
  endloop
 endfacet
 facet normal 7.31071055e-01 6.73796177e-01 1.07395656e-01
  outer loop
   vertex 5.46079330e+01 7.56925430e+01 2.45738392e+01
   vertex 5.50069656e+01 7.60897141e+01 1.96787510e+01
   vertex 5.23273010e+01 7.89557877e+01 1.96651878e+01
  endloop
 endfacet
 facet normal 8.40066314e-01 5.22523105e-01 1.45801947e-01
  outer loop
   vertex 6.98699493e+01 5.44904099e+01 2.75331078e+01
   vertex 7.01989594e+01 5.47223434e+01 2.47719536e+01
   vertex 6.66775818e+01 5.95649796e+01 2.74875145e+01
  endloop
 endfacet
 facet normal 4.62158352e-01 4.74349499e-01 7.49267817e-01
  outer loop
   vertex 2.69197845e+01 7.26264420e+01 7.45319977e+01
   vertex 2.62776031e+01 7.63790054e+01 7.25043488e+01
   vertex 2.45550842e+01 7.47124863e+01 7.46902466e+01
  endloop
 endfacet
 facet normal 6.67289317e-01 4.29855257e-01 6.08234644e-01
  outer loop
   vertex 5.30128632e+01 5.46190567e+01 6.49265594e+01
   vertex 5.42104874e+01 5.65323868e+01 6.22863617e+01
   vertex 5.23523788e+01 5.78395767e+01 6.34301682e+01
  endloop
 endfacet
 facet normal 5.06814480e-01 5.35033643e-01 6.75927520e-01
  outer loop
   vertex 2.86927414e+01 7.42646713e+01 7.23553925e+01
   vertex 3.04392548e+01 7.58519211e+01 6.98689423e+01
   vertex 2.79853363e+01 7.79929581e+01 6.99858093e+01
  endloop
 endfacet
 facet normal 6.80116415e-01 4.54754800e-01 5.75012743e-01
  outer loop
   vertex 5.42104874e+01 5.65323868e+01 6.22863617e+01
   vertex 5.43556519e+01 5.91058884e+01 5.99952316e+01
   vertex 5.23523788e+01 5.78395767e+01 6.34301682e+01
  endloop
 endfacet
 facet normal 8.57679129e-01 4.99080151e-01 1.23715378e-01
  outer loop
   vertex 7.31808167e+01 4.95093536e+01 2.48040543e+01
   vertex 7.06694565e+01 5.51005630e+01 1.98328075e+01
   vertex 7.01989594e+01 5.47223434e+01 2.47719536e+01
  endloop
 endfacet
 facet normal 6.30217016e-01 7.46141315e-01 2.14708284e-01
  outer loop
   vertex 4.07725220e+01 8.51366806e+01 4.06097107e+01
   vertex 4.12631454e+01 8.56350021e+01 3.74816132e+01
   vertex 3.85270004e+01 8.79311295e+01 3.74653778e+01
  endloop
 endfacet
 facet normal 5.03770113e-01 5.08300781e-01 6.98459744e-01
  outer loop
   vertex 3.07363968e+01 7.23687363e+01 7.22424469e+01
   vertex 3.04392548e+01 7.58519211e+01 6.98689423e+01
   vertex 2.86927414e+01 7.42646713e+01 7.23553925e+01
  endloop
 endfacet
 facet normal 6.80081606e-01 2.15320662e-01 7.00803816e-01
  outer loop
   vertex 6.46564178e+01 2.90685043e+01 6.45908661e+01
   vertex 6.50596085e+01 3.22565613e+01 6.31690407e+01
   vertex 6.25274887e+01 3.11469879e+01 6.59807587e+01
  endloop
 endfacet
 facet normal 3.84070575e-01 3.60243350e-01 8.50126207e-01
  outer loop
   vertex 2.32810822e+01 6.91475449e+01 7.80325165e+01
   vertex 2.27901154e+01 7.29794083e+01 7.65908508e+01
   vertex 2.09830933e+01 7.11751328e+01 7.82234955e+01
  endloop
 endfacet
 facet normal 6.22940361e-01 7.49839425e-01 2.22903818e-01
  outer loop
   vertex 4.07725220e+01 8.51366806e+01 4.06097107e+01
   vertex 3.85270004e+01 8.79311295e+01 3.74653778e+01
   vertex 3.80468826e+01 8.74229202e+01 4.05928535e+01
  endloop
 endfacet
 facet normal 5.17961740e-01 4.74813849e-01 7.11524725e-01
  outer loop
   vertex 5.54393921e+01 7.70700455e+01 1.12434387e-01
   vertex 5.54920807e+01 7.70136642e+01 1.12488747e-01
   vertex 5.54920883e+01 7.70160294e+01 2.84217094e-14
  endloop
 endfacet
 facet normal 4.30182755e-01 8.94999325e-01 -1.17978923e-01
  outer loop
   vertex 5.66817017e+01 7.56092606e+01 1.53512204e+00
   vertex 5.66570435e+01 7.55767975e+01 4.42260551e+00
   vertex 5.99338837e+01 7.17634048e+01 5.73187399e+00
  endloop
 endfacet
 facet normal 6.50822222e-01 5.78490376e-01 -4.91710603e-01
  outer loop
   vertex 5.54918823e+01 7.69229431e+01 4.42137146e+00
   vertex 5.54918213e+01 7.68956985e+01 5.71560097e+00
   vertex 5.64309464e+01 7.58380127e+01 4.42236519e+00
  endloop
 endfacet
 facet normal 6.78609967e-01 7.27059782e-01 -1.04272038e-01
  outer loop
   vertex 5.99338837e+01 7.17634048e+01 5.73187399e+00
   vertex 5.66570435e+01 7.55767975e+01 4.42260551e+00
   vertex 5.54918213e+01 7.68956985e+01 5.71560097e+00
  endloop
 endfacet
 facet normal 6.20331764e-01 6.92771971e-01 -3.67771059e-01
  outer loop
   vertex 5.64309464e+01 7.58380127e+01 4.42236519e+00
   vertex 5.54918213e+01 7.68956985e+01 5.71560097e+00
   vertex 5.66570435e+01 7.55767975e+01 4.42260551e+00
  endloop
 endfacet
 facet normal 6.37282133e-01 3.20120186e-01 7.00995386e-01
  outer loop
   vertex 5.38707504e+01 4.51914291e+01 6.88308563e+01
   vertex 5.61762390e+01 4.64599686e+01 6.62289886e+01
   vertex 5.35162277e+01 5.13356857e+01 6.63336029e+01
  endloop
 endfacet
 facet normal 8.74742448e-01 2.92085081e-01 3.86667758e-01
  outer loop
   vertex 7.66741943e+01 2.49173203e+01 4.98208771e+01
   vertex 7.59763870e+01 3.08829041e+01 4.69323616e+01
   vertex 7.49253616e+01 3.04017792e+01 4.97655563e+01
  endloop
 endfacet
 facet normal 8.42766404e-01 5.26116729e-01 1.13780312e-01
  outer loop
   vertex 7.01989594e+01 5.47223434e+01 2.47719536e+01
   vertex 7.06694565e+01 5.51005630e+01 1.98328075e+01
   vertex 6.74427032e+01 6.01851730e+01 1.97836304e+01
  endloop
 endfacet
 facet normal 8.83406758e-01 2.82189518e-01 3.74114424e-01
  outer loop
   vertex 7.66741943e+01 2.49173203e+01 4.98208771e+01
   vertex 7.77671814e+01 2.53843994e+01 4.70059509e+01
   vertex 7.59763870e+01 3.08829041e+01 4.69323616e+01
  endloop
 endfacet
 facet normal 6.66532040e-01 3.70446533e-01 6.46919191e-01
  outer loop
   vertex 5.59945984e+01 4.95308914e+01 6.48518524e+01
   vertex 5.56823349e+01 5.25804825e+01 6.33691559e+01
   vertex 5.35162277e+01 5.13356857e+01 6.63336029e+01
  endloop
 endfacet
 facet normal 7.57480443e-01 6.43666923e-01 1.09161846e-01
  outer loop
   vertex 5.90131073e+01 7.05881119e+01 2.46348248e+01
   vertex 5.94228897e+01 7.09867020e+01 1.97046833e+01
   vertex 5.50069656e+01 7.60897141e+01 1.96787510e+01
  endloop
 endfacet
 facet normal 7.47281611e-01 6.54170692e-01 1.16751119e-01
  outer loop
   vertex 5.90131073e+01 7.05881119e+01 2.46348248e+01
   vertex 5.50069656e+01 7.60897141e+01 1.96787510e+01
   vertex 5.46079330e+01 7.56925430e+01 2.45738392e+01
  endloop
 endfacet
 facet normal 4.76738602e-01 4.86098796e-01 7.32412636e-01
  outer loop
   vertex 2.69197845e+01 7.26264420e+01 7.45319977e+01
   vertex 2.86927414e+01 7.42646713e+01 7.23553925e+01
   vertex 2.62776031e+01 7.63790054e+01 7.25043488e+01
  endloop
 endfacet
 facet normal 7.77287722e-01 6.17931426e-01 1.18256241e-01
  outer loop
   vertex 6.31383362e+01 6.52995987e+01 2.46771469e+01
   vertex 5.94228897e+01 7.09867020e+01 1.97046833e+01
   vertex 5.90131073e+01 7.05881119e+01 2.46348248e+01
  endloop
 endfacet
 facet normal 8.16712439e-01 5.65907776e-01 1.12823673e-01
  outer loop
   vertex 6.69889069e+01 5.98078232e+01 2.47248898e+01
   vertex 6.74427032e+01 6.01851730e+01 1.97836304e+01
   vertex 6.35669937e+01 6.56862106e+01 1.97427750e+01
  endloop
 endfacet
 facet normal 8.33660841e-01 5.38608730e-01 1.22107223e-01
  outer loop
   vertex 7.01989594e+01 5.47223434e+01 2.47719536e+01
   vertex 6.74427032e+01 6.01851730e+01 1.97836304e+01
   vertex 6.69889069e+01 5.98078232e+01 2.47248898e+01
  endloop
 endfacet
 facet normal 4.85151321e-01 4.70514834e-01 7.37050891e-01
  outer loop
   vertex 2.89316101e+01 7.07560043e+01 7.43880310e+01
   vertex 3.07363968e+01 7.23687363e+01 7.22424469e+01
   vertex 2.86927414e+01 7.42646713e+01 7.23553925e+01
  endloop
 endfacet
 facet normal 7.87969828e-01 6.05601549e-01 1.11131772e-01
  outer loop
   vertex 6.31383362e+01 6.52995987e+01 2.46771469e+01
   vertex 6.35669937e+01 6.56862106e+01 1.97427750e+01
   vertex 5.94228897e+01 7.09867020e+01 1.97046833e+01
  endloop
 endfacet
 facet normal 8.06996107e-01 5.78268290e-01 1.19846098e-01
  outer loop
   vertex 6.69889069e+01 5.98078232e+01 2.47248898e+01
   vertex 6.35669937e+01 6.56862106e+01 1.97427750e+01
   vertex 6.31383362e+01 6.52995987e+01 2.46771469e+01
  endloop
 endfacet
 facet normal 8.26011479e-01 2.38138065e-01 5.10877013e-01
  outer loop
   vertex 7.47381897e+01 2.20473862e+01 5.48430328e+01
   vertex 7.57579193e+01 2.45128250e+01 5.18903770e+01
   vertex 7.34124146e+01 2.35596313e+01 5.62269669e+01
  endloop
 endfacet
 facet normal 5.88468075e-01 2.50186831e-01 7.68837988e-01
  outer loop
   vertex 5.37589493e+01 3.89804382e+01 7.09270630e+01
   vertex 5.38707504e+01 4.51914291e+01 6.88308563e+01
   vertex 5.15643158e+01 4.38937416e+01 7.10809784e+01
  endloop
 endfacet
 facet normal 8.20424497e-01 2.48549789e-01 5.14904499e-01
  outer loop
   vertex 7.34124146e+01 2.35596313e+01 5.62269669e+01
   vertex 7.57579193e+01 2.45128250e+01 5.18903770e+01
   vertex 7.17609787e+01 2.90346527e+01 5.62034340e+01
  endloop
 endfacet
 facet normal 6.09688222e-01 6.89270675e-01 3.91390175e-01
  outer loop
   vertex 3.92176743e+01 7.95936508e+01 5.61257744e+01
   vertex 3.84231339e+01 8.28878860e+01 5.14489136e+01
   vertex 3.69736252e+01 8.15846481e+01 5.61394043e+01
  endloop
 endfacet
 facet normal 6.02018893e-01 2.49159589e-01 7.58612335e-01
  outer loop
   vertex 5.37589493e+01 3.89804382e+01 7.09270630e+01
   vertex 5.61643066e+01 4.02206993e+01 6.86952820e+01
   vertex 5.38707504e+01 4.51914291e+01 6.88308563e+01
  endloop
 endfacet
 facet normal 6.41666353e-01 2.18404084e-01 7.35230505e-01
  outer loop
   vertex 6.25274887e+01 3.11469879e+01 6.59807587e+01
   vertex 6.06675797e+01 3.63450050e+01 6.60620880e+01
   vertex 5.81921158e+01 3.51596298e+01 6.85696411e+01
  endloop
 endfacet
 facet normal 6.43328786e-01 6.99483693e-01 3.11208278e-01
  outer loop
   vertex 4.36110306e+01 7.92220078e+01 4.92836418e+01
   vertex 4.19702606e+01 8.20220413e+01 4.63639412e+01
   vertex 4.12741470e+01 8.13973770e+01 4.92717590e+01
  endloop
 endfacet
 facet normal 7.95354247e-01 4.26589221e-01 4.30619627e-01
  outer loop
   vertex 6.58314133e+01 4.73520889e+01 5.32180176e+01
   vertex 6.46077347e+01 5.10654144e+01 5.17090225e+01
   vertex 6.50662842e+01 4.80172806e+01 5.39656792e+01
  endloop
 endfacet
 facet normal 9.30791080e-01 3.53938222e-01 9.14096311e-02
  outer loop
   vertex 8.09999542e+01 3.56405334e+01 1.44007368e+01
   vertex 8.22425690e+01 3.17601471e+01 1.71794758e+01
   vertex 8.27014465e+01 3.08899536e+01 1.57957211e+01
  endloop
 endfacet
 facet normal 9.24019217e-01 3.78915101e-01 5.11065610e-02
  outer loop
   vertex 8.19225769e+01 3.38771629e+01 1.16287766e+01
   vertex 8.21508942e+01 3.40593033e+01 5.82100964e+00
   vertex 7.96010590e+01 3.94503212e+01 1.15797262e+01
  endloop
 endfacet
 facet normal 9.18462038e-01 3.93450618e-01 4.03002501e-02
  outer loop
   vertex 7.96010590e+01 3.94503212e+01 1.15797262e+01
   vertex 8.21508942e+01 3.40593033e+01 5.82100964e+00
   vertex 7.97978821e+01 3.96610985e+01 5.81253242e+00
  endloop
 endfacet
 facet normal 8.88314724e-01 3.67300004e-01 2.75658518e-01
  outer loop
   vertex 8.21508942e+01 3.40593033e+01 5.82100964e+00
   vertex 8.21867828e+01 3.41470337e+01 0.00000000e+00
   vertex 7.97978821e+01 3.96610985e+01 5.81253242e+00
  endloop
 endfacet
 facet normal 9.29939151e-01 3.59536350e-01 7.71150962e-02
  outer loop
   vertex 8.09999542e+01 3.56405334e+01 1.44007368e+01
   vertex 8.27014465e+01 3.08899536e+01 1.57957211e+01
   vertex 8.19225769e+01 3.38771629e+01 1.16287766e+01
  endloop
 endfacet
 facet normal 9.21830654e-01 3.81674051e-01 6.74771219e-02
  outer loop
   vertex 8.09999542e+01 3.56405334e+01 1.44007368e+01
   vertex 8.19225769e+01 3.38771629e+01 1.16287766e+01
   vertex 7.96010590e+01 3.94503212e+01 1.15797262e+01
  endloop
 endfacet
 facet normal 4.62876946e-01 4.07499708e-02 8.85485411e-01
  outer loop
   vertex 5.51098404e+01 1.10820312e+01 7.35114594e+01
   vertex 5.71848984e+01 1.73340302e+01 7.21284180e+01
   vertex 5.44221497e+01 1.62382507e+01 7.36893616e+01
  endloop
 endfacet
 facet normal 4.75060016e-01 4.01022285e-02 8.79039109e-01
  outer loop
   vertex 5.51098404e+01 1.10820312e+01 7.35114594e+01
   vertex 5.79730072e+01 1.21160431e+01 7.19777832e+01
   vertex 5.71848984e+01 1.73340302e+01 7.21284180e+01
  endloop
 endfacet
 facet normal 5.55738449e-01 5.43784142e-01 6.28850996e-01
  outer loop
   vertex 3.46439819e+01 7.18640823e+01 6.96786499e+01
   vertex 3.64263916e+01 7.33580399e+01 6.68835754e+01
   vertex 3.42816544e+01 7.54324570e+01 6.69625397e+01
  endloop
 endfacet
 facet normal 7.55693018e-01 3.33260298e-01 5.63795686e-01
  outer loop
   vertex 6.55076904e+01 3.86184998e+01 5.98984261e+01
   vertex 6.64357224e+01 3.90566292e+01 5.84384193e+01
   vertex 6.40895462e+01 4.42436371e+01 5.84424744e+01
  endloop
 endfacet
 facet normal 7.68425703e-01 3.57152700e-01 5.31002700e-01
  outer loop
   vertex 6.64357224e+01 3.90566292e+01 5.84384193e+01
   vertex 6.53372955e+01 4.49059830e+01 5.61418571e+01
   vertex 6.40895462e+01 4.42436371e+01 5.84424744e+01
  endloop
 endfacet
 facet normal 7.74212480e-01 4.08346951e-01 4.83578116e-01
  outer loop
   vertex 6.43050079e+01 4.86744308e+01 5.46790466e+01
   vertex 6.27125092e+01 4.99799881e+01 5.61005363e+01
   vertex 6.53372955e+01 4.49059830e+01 5.61418571e+01
  endloop
 endfacet
 facet normal 7.88931489e-01 4.29886013e-01 4.39072996e-01
  outer loop
   vertex 6.50662842e+01 4.80172806e+01 5.39656792e+01
   vertex 6.46077347e+01 5.10654144e+01 5.17090225e+01
   vertex 6.43050079e+01 4.86744308e+01 5.46790466e+01
  endloop
 endfacet
 facet normal 7.67236471e-01 3.89752924e-01 5.09353399e-01
  outer loop
   vertex 6.40895462e+01 4.42436371e+01 5.84424744e+01
   vertex 6.53372955e+01 4.49059830e+01 5.61418571e+01
   vertex 6.27125092e+01 4.99799881e+01 5.61005363e+01
  endloop
 endfacet
 facet normal 7.85848260e-01 4.43196356e-01 4.31299746e-01
  outer loop
   vertex 6.43050079e+01 4.86744308e+01 5.46790466e+01
   vertex 6.46077347e+01 5.10654144e+01 5.17090225e+01
   vertex 6.30499420e+01 5.23970413e+01 5.32051888e+01
  endloop
 endfacet
 facet normal 7.00763702e-01 3.02088767e-01 6.46275997e-01
  outer loop
   vertex 6.08491135e+01 3.95055771e+01 6.47121429e+01
   vertex 6.32389526e+01 4.06679115e+01 6.15991554e+01
   vertex 6.08853302e+01 4.26398201e+01 6.32616196e+01
  endloop
 endfacet
 facet normal 6.64432943e-01 2.25843176e-01 7.12406993e-01
  outer loop
   vertex 8.43167114e+01 2.84297256e+01 1.10502243e-01
   vertex 8.43520355e+01 2.83199043e+01 1.10571384e-01
   vertex 8.43178558e+01 2.84311066e+01 0.00000000e+00
  endloop
 endfacet
 facet normal 9.40009832e-01 3.38654011e-01 4.11700271e-02
  outer loop
   vertex 8.40041199e+01 2.82031631e+01 1.16450319e+01
   vertex 8.42578430e+01 2.83583679e+01 5.82777119e+00
   vertex 8.21508942e+01 3.40593033e+01 5.82100964e+00
  endloop
 endfacet
 facet normal 9.54395175e-01 2.78138608e-01 1.08484164e-01
  outer loop
   vertex 8.62012177e+01 1.98738556e+01 1.58461733e+01
   vertex 8.46392212e+01 2.51893616e+01 1.58193073e+01
   vertex 8.50751648e+01 2.21277313e+01 2.00083103e+01
  endloop
 endfacet
 facet normal 6.24912381e-01 6.99625194e-01 3.46423358e-01
  outer loop
   vertex 4.06921616e+01 8.08730392e+01 5.14527473e+01
   vertex 4.12741470e+01 8.13973770e+01 4.92717590e+01
   vertex 3.84231339e+01 8.28878860e+01 5.14489136e+01
  endloop
 endfacet
 facet normal 9.58589256e-01 2.58475155e-01 1.19571179e-01
  outer loop
   vertex 8.62012177e+01 1.98738556e+01 1.58461733e+01
   vertex 8.50751648e+01 2.21277313e+01 2.00083103e+01
   vertex 8.63873596e+01 1.72297211e+01 2.00498123e+01
  endloop
 endfacet
 facet normal 9.56910968e-01 2.78169245e-01 8.33261609e-02
  outer loop
   vertex 8.62012177e+01 1.98738556e+01 1.58461733e+01
   vertex 8.58392334e+01 2.24454803e+01 1.16627522e+01
   vertex 8.50502777e+01 2.42854614e+01 1.44396410e+01
  endloop
 endfacet
 facet normal 4.55531180e-01 2.09357172e-01 8.65251958e-01
  outer loop
   vertex 4.24363556e+01 4.44638596e+01 7.63914642e+01
   vertex 4.46811295e+01 4.59188156e+01 7.49252472e+01
   vertex 4.17994614e+01 5.09922104e+01 7.51665192e+01
  endloop
 endfacet
 facet normal 7.98230469e-01 5.41759551e-01 2.63295799e-01
  outer loop
   vertex 6.39503326e+01 5.75579453e+01 4.38325462e+01
   vertex 6.45774384e+01 5.79967575e+01 4.09603424e+01
   vertex 6.02398911e+01 6.29756546e+01 4.37663651e+01
  endloop
 endfacet
 facet normal 7.91177154e-01 5.57980359e-01 2.50393033e-01
  outer loop
   vertex 6.45774384e+01 5.79967575e+01 4.09603424e+01
   vertex 6.08355331e+01 6.34332962e+01 4.08947296e+01
   vertex 6.02398911e+01 6.29756546e+01 4.37663651e+01
  endloop
 endfacet
 facet normal 5.01250863e-01 1.19595483e-01 8.56997371e-01
  outer loop
   vertex 5.22552719e+01 2.64462738e+01 7.40748596e+01
   vertex 5.48230667e+01 2.76462936e+01 7.24644928e+01
   vertex 5.32484360e+01 3.27293816e+01 7.26394653e+01
  endloop
 endfacet
 facet normal 6.80731356e-01 2.65495270e-01 6.82727695e-01
  outer loop
   vertex 6.08491135e+01 3.95055771e+01 6.47121429e+01
   vertex 6.06675797e+01 3.63450050e+01 6.60620880e+01
   vertex 6.31068039e+01 3.74967575e+01 6.32062416e+01
  endloop
 endfacet
 facet normal 6.56203330e-01 7.39202857e-01 1.51579440e-01
  outer loop
   vertex 4.44442825e+01 8.44745560e+01 3.09109726e+01
   vertex 4.48355713e+01 8.48965073e+01 2.72414341e+01
   vertex 4.25020523e+01 8.69562912e+01 2.72247944e+01
  endloop
 endfacet
 facet normal 6.11786067e-01 7.61318445e-01 2.14737222e-01
  outer loop
   vertex 3.80468826e+01 8.74229202e+01 4.05928535e+01
   vertex 3.85270004e+01 8.79311295e+01 3.74653778e+01
   vertex 3.63152542e+01 8.97016983e+01 3.74481354e+01
  endloop
 endfacet
 facet normal 8.11635375e-01 5.56950331e-01 1.76222518e-01
  outer loop
   vertex 6.56913528e+01 5.88352127e+01 3.45765419e+01
   vertex 6.61924438e+01 5.92035294e+01 3.11895027e+01
   vertex 6.23834305e+01 6.46774979e+01 3.11269817e+01
  endloop
 endfacet
 facet normal 5.56394815e-01 5.94467998e-01 5.80545127e-01
  outer loop
   vertex 3.42816544e+01 7.54324570e+01 6.69625397e+01
   vertex 3.38221817e+01 7.88414078e+01 6.38328896e+01
   vertex 3.21508484e+01 7.73730087e+01 6.70435028e+01
  endloop
 endfacet
 facet normal 6.07947648e-01 7.68569589e-01 1.99249804e-01
  outer loop
   vertex 3.85270004e+01 8.79311295e+01 3.74653778e+01
   vertex 3.67475281e+01 9.01809464e+01 3.42163734e+01
   vertex 3.63152542e+01 8.97016983e+01 3.74481354e+01
  endloop
 endfacet
 facet normal 8.03573430e-01 5.72567225e-01 1.62593037e-01
  outer loop
   vertex 6.61924438e+01 5.92035294e+01 3.11895027e+01
   vertex 6.28429794e+01 6.50485306e+01 2.74416142e+01
   vertex 6.23834305e+01 6.46774979e+01 3.11269817e+01
  endloop
 endfacet
 facet normal 7.73645937e-01 6.12936914e-01 1.60562590e-01
  outer loop
   vertex 6.23834305e+01 6.46774979e+01 3.11269817e+01
   vertex 5.87349548e+01 7.03351822e+01 2.73858109e+01
   vertex 5.82924500e+01 6.99487228e+01 3.10650082e+01
  endloop
 endfacet
 facet normal 5.55623651e-01 6.18333638e-01 5.55828989e-01
  outer loop
   vertex 3.21508484e+01 7.73730087e+01 6.70435028e+01
   vertex 3.38221817e+01 7.88414078e+01 6.38328896e+01
   vertex 3.12839813e+01 8.10322495e+01 6.39024467e+01
  endloop
 endfacet
 facet normal 7.18482077e-01 6.21849895e-01 3.11586678e-01
  outer loop
   vertex 5.55666885e+01 6.76805954e+01 4.65314026e+01
   vertex 5.12771683e+01 7.27043991e+01 4.64577141e+01
   vertex 5.05217056e+01 7.21098404e+01 4.93441658e+01
  endloop
 endfacet
 facet normal 7.02004194e-01 6.41323864e-01 3.09667289e-01
  outer loop
   vertex 5.05217056e+01 7.21098404e+01 4.93441658e+01
   vertex 5.12771683e+01 7.27043991e+01 4.64577141e+01
   vertex 4.86781921e+01 7.55138626e+01 4.64242477e+01
  endloop
 endfacet
 facet normal 6.76991284e-01 3.05327594e-01 6.69669926e-01
  outer loop
   vertex 5.85473175e+01 4.45776291e+01 6.47832794e+01
   vertex 5.85623322e+01 4.14488449e+01 6.61471558e+01
   vertex 6.08853302e+01 4.26398201e+01 6.32616196e+01
  endloop
 endfacet
 facet normal 6.80486143e-01 6.60255432e-01 3.17807049e-01
  outer loop
   vertex 4.79396210e+01 7.48960037e+01 4.93138580e+01
   vertex 4.86781921e+01 7.55138626e+01 4.64242477e+01
   vertex 4.60319443e+01 7.68567276e+01 4.92987938e+01
  endloop
 endfacet
 facet normal 7.32705176e-01 6.15802646e-01 2.89707184e-01
  outer loop
   vertex 5.55666885e+01 6.76805954e+01 4.65314026e+01
   vertex 5.62234802e+01 6.82015762e+01 4.36970787e+01
   vertex 5.12771683e+01 7.27043991e+01 4.64577141e+01
  endloop
 endfacet
 facet normal 6.92659318e-01 6.46388531e-01 3.20007771e-01
  outer loop
   vertex 5.05217056e+01 7.21098404e+01 4.93441658e+01
   vertex 4.86781921e+01 7.55138626e+01 4.64242477e+01
   vertex 4.79396210e+01 7.48960037e+01 4.93138580e+01
  endloop
 endfacet
 facet normal 4.07422215e-01 4.44400698e-01 7.97819018e-01
  outer loop
   vertex 2.08902740e+01 7.45570908e+01 7.67443848e+01
   vertex 2.26269608e+01 7.63152542e+01 7.48189545e+01
   vertex 1.83210907e+01 7.65577774e+01 7.69432831e+01
  endloop
 endfacet
 facet normal 7.51772106e-01 6.58318520e-01 3.81503999e-02
  outer loop
   vertex 5.99338837e+01 7.17634048e+01 5.73187399e+00
   vertex 5.54918213e+01 7.68956985e+01 5.71560097e+00
   vertex 5.54023132e+01 7.66204910e+01 1.14210434e+01
  endloop
 endfacet
 facet normal 5.58145165e-01 2.26071998e-01 7.98351705e-01
  outer loop
   vertex 5.37589493e+01 3.89804382e+01 7.09270630e+01
   vertex 5.15643158e+01 4.38937416e+01 7.10809784e+01
   vertex 4.92994232e+01 4.25889816e+01 7.30124664e+01
  endloop
 endfacet
 facet normal 7.97421515e-01 3.99590284e-01 4.52157646e-01
  outer loop
   vertex 6.58314133e+01 4.73520889e+01 5.32180176e+01
   vertex 6.53372955e+01 4.49059830e+01 5.61418571e+01
   vertex 6.73519821e+01 4.59741135e+01 5.17124290e+01
  endloop
 endfacet
 facet normal 7.52999365e-01 5.98030150e-01 2.74502844e-01
  outer loop
   vertex 6.41129684e+01 6.64356308e+01 5.75620985e+00
   vertex 5.99118347e+01 7.18998795e+01 2.84217094e-14
   vertex 5.99338837e+01 7.17634048e+01 5.73187399e+00
  endloop
 endfacet
 facet normal 7.60889113e-01 6.47214174e-01 4.64930981e-02
  outer loop
   vertex 5.98346176e+01 7.15058517e+01 1.14649754e+01
   vertex 5.99338837e+01 7.17634048e+01 5.73187399e+00
   vertex 5.54023132e+01 7.66204910e+01 1.14210434e+01
  endloop
 endfacet
 facet normal 7.11894095e-01 5.72286487e-01 4.07056451e-01
  outer loop
   vertex 5.21916656e+01 6.79229965e+01 5.31197777e+01
   vertex 5.24189682e+01 6.54456100e+01 5.60938759e+01
   vertex 5.40887070e+01 6.66340561e+01 5.15530777e+01
  endloop
 endfacet
 facet normal 7.03469217e-01 5.76450765e-01 4.15734977e-01
  outer loop
   vertex 5.21916656e+01 6.79229965e+01 5.31197777e+01
   vertex 5.12428818e+01 6.85531998e+01 5.38495483e+01
   vertex 5.24189682e+01 6.54456100e+01 5.60938759e+01
  endloop
 endfacet
 facet normal 6.98460996e-01 5.02527237e-01 5.09527802e-01
  outer loop
   vertex 5.43556519e+01 5.91058884e+01 5.99952316e+01
   vertex 5.51547928e+01 5.95971451e+01 5.84620171e+01
   vertex 5.13683853e+01 6.47216873e+01 5.84755707e+01
  endloop
 endfacet
 facet normal 7.44002521e-01 5.53834975e-01 3.73800755e-01
  outer loop
   vertex 5.80243301e+01 6.14283066e+01 5.15944862e+01
   vertex 5.87296295e+01 6.19179916e+01 4.94355774e+01
   vertex 5.40887070e+01 6.66340561e+01 5.15530777e+01
  endloop
 endfacet
 facet normal 6.55617952e-01 3.44463378e-01 6.71945035e-01
  outer loop
   vertex 5.59945984e+01 4.95308914e+01 6.48518524e+01
   vertex 5.35162277e+01 5.13356857e+01 6.63336029e+01
   vertex 5.61762390e+01 4.64599686e+01 6.62289886e+01
  endloop
 endfacet
 facet normal 8.42058778e-01 2.29447514e-01 4.88150448e-01
  outer loop
   vertex 7.59863892e+01 2.05758591e+01 5.34294662e+01
   vertex 7.57579193e+01 2.45128250e+01 5.18903770e+01
   vertex 7.53664856e+01 2.13368607e+01 5.41378784e+01
  endloop
 endfacet
 facet normal 8.35097849e-01 2.34227225e-01 4.97744083e-01
  outer loop
   vertex 7.53664856e+01 2.13368607e+01 5.41378784e+01
   vertex 7.57579193e+01 2.45128250e+01 5.18903770e+01
   vertex 7.47381897e+01 2.20473862e+01 5.48430328e+01
  endloop
 endfacet
 facet normal 7.53820479e-01 5.13716757e-01 4.09694701e-01
  outer loop
   vertex 5.98748856e+01 5.75086288e+01 5.31901665e+01
   vertex 5.80243301e+01 6.14283066e+01 5.15944862e+01
   vertex 5.90020523e+01 5.82250443e+01 5.39036217e+01
  endloop
 endfacet
 facet normal 4.52074438e-01 2.08018124e-02 8.91737640e-01
  outer loop
   vertex 5.54952698e+01 6.69551849e+00 7.33720398e+01
   vertex 5.79730072e+01 1.21160431e+01 7.19777832e+01
   vertex 5.51098404e+01 1.10820312e+01 7.35114594e+01
  endloop
 endfacet
 facet normal 5.08863628e-01 5.42975254e-02 8.59133065e-01
  outer loop
   vertex 5.79730072e+01 1.21160431e+01 7.19777832e+01
   vertex 6.07858887e+01 1.31241150e+01 7.02262268e+01
   vertex 5.71848984e+01 1.73340302e+01 7.21284180e+01
  endloop
 endfacet
 facet normal 7.00312197e-01 5.28454244e-01 4.79894757e-01
  outer loop
   vertex 5.51547928e+01 5.95971451e+01 5.84620171e+01
   vertex 5.24189682e+01 6.54456100e+01 5.60938759e+01
   vertex 5.13683853e+01 6.47216873e+01 5.84755707e+01
  endloop
 endfacet
 facet normal 5.85900903e-01 7.87152290e-01 1.92643255e-01
  outer loop
   vertex 3.67475281e+01 9.01809464e+01 3.42163734e+01
   vertex 3.37296524e+01 9.24778061e+01 3.41859932e+01
   vertex 3.33041077e+01 9.19833298e+01 3.74279861e+01
  endloop
 endfacet
 facet normal 9.15191770e-01 2.18696341e-01 3.38520169e-01
  outer loop
   vertex 8.04270630e+01 1.50831375e+01 4.71074104e+01
   vertex 8.13876648e+01 1.54419327e+01 4.43595390e+01
   vertex 8.02462769e+01 2.02072296e+01 4.42896080e+01
  endloop
 endfacet
 facet normal 5.93186736e-01 7.79938996e-01 1.99561208e-01
  outer loop
   vertex 3.63152542e+01 8.97016983e+01 3.74481354e+01
   vertex 3.67475281e+01 9.01809464e+01 3.42163734e+01
   vertex 3.33041077e+01 9.19833298e+01 3.74279861e+01
  endloop
 endfacet
 facet normal 9.25062180e-01 2.23682702e-01 3.06962520e-01
  outer loop
   vertex 8.13876648e+01 1.54419327e+01 4.43595390e+01
   vertex 8.22290649e+01 1.57635956e+01 4.14998169e+01
   vertex 8.02462769e+01 2.02072296e+01 4.42896080e+01
  endloop
 endfacet
 facet normal 9.07617033e-01 2.26649970e-01 3.53356957e-01
  outer loop
   vertex 8.04270630e+01 1.50831375e+01 4.71074104e+01
   vertex 8.02462769e+01 2.02072296e+01 4.42896080e+01
   vertex 7.93032684e+01 1.98194885e+01 4.70740585e+01
  endloop
 endfacet
 facet normal 9.57637191e-01 2.51496822e-01 1.40286505e-01
  outer loop
   vertex 8.56851959e+01 1.69925690e+01 2.50336990e+01
   vertex 8.63873596e+01 1.72297211e+01 2.00498123e+01
   vertex 8.50751648e+01 2.21277313e+01 2.00083103e+01
  endloop
 endfacet
 facet normal 8.35475445e-01 4.62291032e-01 2.97098964e-01
  outer loop
   vertex 8.13876648e+01 1.54419327e+01 4.43595390e+01
   vertex 8.29223022e+01 1.03765335e+01 4.30141907e+01
   vertex 8.22290649e+01 1.57635956e+01 4.14998169e+01
  endloop
 endfacet
 facet normal 9.27148044e-01 2.36632124e-01 2.90519863e-01
  outer loop
   vertex 8.22290649e+01 1.57635956e+01 4.14998169e+01
   vertex 8.10644531e+01 2.05436249e+01 4.14384613e+01
   vertex 8.02462769e+01 2.02072296e+01 4.42896080e+01
  endloop
 endfacet
 facet normal 9.33623850e-01 2.40724310e-01 2.65326917e-01
  outer loop
   vertex 8.22290649e+01 1.57635956e+01 4.14998169e+01
   vertex 8.18429108e+01 2.08647842e+01 3.82800217e+01
   vertex 8.10644531e+01 2.05436249e+01 4.14384613e+01
  endloop
 endfacet
 facet normal 9.38474715e-01 2.31556043e-01 2.56216764e-01
  outer loop
   vertex 8.22290649e+01 1.57635956e+01 4.14998169e+01
   vertex 8.30371094e+01 1.60643234e+01 3.83484650e+01
   vertex 8.18429108e+01 2.08647842e+01 3.82800217e+01
  endloop
 endfacet
 facet normal 8.46921206e-01 4.66747969e-01 2.54697472e-01
  outer loop
   vertex 8.22290649e+01 1.57635956e+01 4.14998169e+01
   vertex 8.41784210e+01 1.07587433e+01 3.84082222e+01
   vertex 8.30371094e+01 1.60643234e+01 3.83484650e+01
  endloop
 endfacet
 facet normal 9.13114011e-01 3.18132252e-01 2.54979789e-01
  outer loop
   vertex 7.94617615e+01 2.61417694e+01 4.13637161e+01
   vertex 7.83300018e+01 3.20362549e+01 3.81399841e+01
   vertex 7.76049805e+01 3.16754227e+01 4.12980652e+01
  endloop
 endfacet
 facet normal 9.08123672e-01 2.97267526e-01 2.94861764e-01
  outer loop
   vertex 7.86704712e+01 2.57876129e+01 4.42234726e+01
   vertex 7.94617615e+01 2.61417694e+01 4.13637161e+01
   vertex 7.68522644e+01 3.13035660e+01 4.41549072e+01
  endloop
 endfacet
 facet normal 7.03437388e-01 2.63457328e-01 6.60125792e-01
  outer loop
   vertex 6.28868484e+01 3.43315697e+01 6.46403809e+01
   vertex 6.53692703e+01 3.54617043e+01 6.15700798e+01
   vertex 6.31068039e+01 3.74967575e+01 6.32062416e+01
  endloop
 endfacet
 facet normal 7.84128129e-01 4.68030632e-01 4.07541901e-01
  outer loop
   vertex 6.30499420e+01 5.23970413e+01 5.32051888e+01
   vertex 6.46077347e+01 5.10654144e+01 5.17090225e+01
   vertex 6.16278534e+01 5.60398941e+01 5.16723862e+01
  endloop
 endfacet
 facet normal 5.34883916e-01 1.38523608e-01 8.33492875e-01
  outer loop
   vertex 5.48230667e+01 2.76462936e+01 7.24644928e+01
   vertex 5.73662491e+01 2.88214111e+01 7.06135712e+01
   vertex 5.32484360e+01 3.27293816e+01 7.26394653e+01
  endloop
 endfacet
 facet normal 4.86825317e-01 1.19259596e-01 8.65319729e-01
  outer loop
   vertex 5.22552719e+01 2.64462738e+01 7.40748596e+01
   vertex 5.32484360e+01 3.27293816e+01 7.26394653e+01
   vertex 5.07672501e+01 3.14640198e+01 7.42834625e+01
  endloop
 endfacet
 facet normal 4.93677288e-01 2.99281865e-01 8.16525042e-01
  outer loop
   vertex 4.39394836e+01 5.24479446e+01 7.34278717e+01
   vertex 4.06289139e+01 5.73501205e+01 7.36427307e+01
   vertex 3.85773392e+01 5.58433304e+01 7.54120941e+01
  endloop
 endfacet
 facet normal 4.71425503e-01 3.07958573e-01 8.26389432e-01
  outer loop
   vertex 3.85773392e+01 5.58433304e+01 7.54120941e+01
   vertex 4.06289139e+01 5.73501205e+01 7.36427307e+01
   vertex 3.50214233e+01 6.04983139e+01 7.56752014e+01
  endloop
 endfacet
 facet normal 5.06147921e-01 1.48262843e-01 8.49607229e-01
  outer loop
   vertex 5.07672501e+01 3.14640198e+01 7.42834625e+01
   vertex 5.32484360e+01 3.27293816e+01 7.26394653e+01
   vertex 5.14097748e+01 3.77189484e+01 7.28160400e+01
  endloop
 endfacet
 facet normal 6.18376613e-01 6.89842343e-01 3.76467705e-01
  outer loop
   vertex 3.92176743e+01 7.95936508e+01 5.61257744e+01
   vertex 4.06921616e+01 8.08730392e+01 5.14527473e+01
   vertex 3.84231339e+01 8.28878860e+01 5.14489136e+01
  endloop
 endfacet
 facet normal 4.39969599e-01 2.77810544e-01 8.53960216e-01
  outer loop
   vertex 3.64929199e+01 5.42643051e+01 7.69411163e+01
   vertex 3.85773392e+01 5.58433304e+01 7.54120941e+01
   vertex 3.50214233e+01 6.04983139e+01 7.56752014e+01
  endloop
 endfacet
 facet normal 6.25830472e-01 6.72442496e-01 3.95167381e-01
  outer loop
   vertex 4.14903717e+01 7.74522934e+01 5.61174469e+01
   vertex 4.06921616e+01 8.08730392e+01 5.14527473e+01
   vertex 3.92176743e+01 7.95936508e+01 5.61257744e+01
  endloop
 endfacet
 facet normal 4.21864420e-01 2.72001088e-01 8.64896417e-01
  outer loop
   vertex 3.64929199e+01 5.42643051e+01 7.69411163e+01
   vertex 3.50214233e+01 6.04983139e+01 7.56752014e+01
   vertex 3.30048218e+01 5.88650436e+01 7.72289581e+01
  endloop
 endfacet
 facet normal 4.29653287e-01 2.41538107e-01 8.70090425e-01
  outer loop
   vertex 3.96391602e+01 4.94633102e+01 7.66624603e+01
   vertex 3.85773392e+01 5.58433304e+01 7.54120941e+01
   vertex 3.64929199e+01 5.42643051e+01 7.69411163e+01
  endloop
 endfacet
 facet normal 4.32601243e-01 3.03787977e-01 8.48863363e-01
  outer loop
   vertex 3.30048218e+01 5.88650436e+01 7.72289581e+01
   vertex 3.50214233e+01 6.04983139e+01 7.56752014e+01
   vertex 3.28257370e+01 6.30952072e+01 7.58353271e+01
  endloop
 endfacet
 facet normal 8.38656366e-01 4.54583526e-01 3.00015509e-01
  outer loop
   vertex 6.90835342e+01 4.69190598e+01 4.67568779e+01
   vertex 6.98579712e+01 4.73871307e+01 4.39564667e+01
   vertex 6.70302887e+01 5.25372238e+01 4.38986168e+01
  endloop
 endfacet
 facet normal 8.47642601e-01 4.24625248e-01 3.18112284e-01
  outer loop
   vertex 7.16295242e+01 4.16624832e+01 4.68162651e+01
   vertex 6.98579712e+01 4.73871307e+01 4.39564667e+01
   vertex 6.90835342e+01 4.69190598e+01 4.67568779e+01
  endloop
 endfacet
 facet normal 6.84365511e-01 7.11818695e-01 1.57980964e-01
  outer loop
   vertex 4.93078232e+01 7.98569565e+01 3.09619541e+01
   vertex 4.72296524e+01 8.26836624e+01 2.72581291e+01
   vertex 4.68320694e+01 8.22682419e+01 3.09259357e+01
  endloop
 endfacet
 facet normal 5.75915098e-01 6.29480839e-01 5.21608710e-01
  outer loop
   vertex 3.59872818e+01 7.68693161e+01 6.37864952e+01
   vertex 3.54610062e+01 8.02752914e+01 6.01540070e+01
   vertex 3.38221817e+01 7.88414078e+01 6.38328896e+01
  endloop
 endfacet
 facet normal 8.13432217e-01 5.60051560e-01 1.57067686e-01
  outer loop
   vertex 6.61924438e+01 5.92035294e+01 3.11895027e+01
   vertex 6.66775818e+01 5.95649796e+01 2.74875145e+01
   vertex 6.28429794e+01 6.50485306e+01 2.74416142e+01
  endloop
 endfacet
 facet normal 6.75188601e-01 7.24546313e-01 1.38394088e-01
  outer loop
   vertex 4.72296524e+01 8.26836624e+01 2.72581291e+01
   vertex 4.74894867e+01 8.29554062e+01 2.45113697e+01
   vertex 4.48355713e+01 8.48965073e+01 2.72414341e+01
  endloop
 endfacet
 facet normal 6.67099297e-01 7.28006482e-01 1.58066556e-01
  outer loop
   vertex 4.68320694e+01 8.22682419e+01 3.09259357e+01
   vertex 4.48355713e+01 8.48965073e+01 2.72414341e+01
   vertex 4.44442825e+01 8.44745560e+01 3.09109726e+01
  endloop
 endfacet
 facet normal 8.14638376e-01 5.62026381e-01 1.43145442e-01
  outer loop
   vertex 6.66775818e+01 5.95649796e+01 2.74875145e+01
   vertex 6.69889069e+01 5.98078232e+01 2.47248898e+01
   vertex 6.28429794e+01 6.50485306e+01 2.74416142e+01
  endloop
 endfacet
 facet normal 7.84583509e-01 6.00472033e-01 1.54473305e-01
  outer loop
   vertex 6.23834305e+01 6.46774979e+01 3.11269817e+01
   vertex 6.28429794e+01 6.50485306e+01 2.74416142e+01
   vertex 5.87349548e+01 7.03351822e+01 2.73858109e+01
  endloop
 endfacet
 facet normal 7.85774648e-01 6.02300227e-01 1.40686169e-01
  outer loop
   vertex 6.28429794e+01 6.50485306e+01 2.74416142e+01
   vertex 6.31383362e+01 6.52995987e+01 2.46771469e+01
   vertex 5.87349548e+01 7.03351822e+01 2.73858109e+01
  endloop
 endfacet
 facet normal 5.19622743e-01 6.41245186e-01 5.64620912e-01
  outer loop
   vertex 2.76273956e+01 8.12105026e+01 6.72106934e+01
   vertex 2.92160645e+01 8.27200546e+01 6.39589081e+01
   vertex 2.48776474e+01 8.33449783e+01 6.73213196e+01
  endloop
 endfacet
 facet normal 4.98679638e-01 6.22845888e-01 6.02811456e-01
  outer loop
   vertex 2.32946854e+01 8.17409897e+01 7.02173920e+01
   vertex 2.76273956e+01 8.12105026e+01 6.72106934e+01
   vertex 2.48776474e+01 8.33449783e+01 6.73213196e+01
  endloop
 endfacet
 facet normal 7.81356037e-01 6.23067558e-01 3.56300138e-02
  outer loop
   vertex 6.41129684e+01 6.64356308e+01 5.75620985e+00
   vertex 5.99338837e+01 7.17634048e+01 5.73187399e+00
   vertex 5.98346176e+01 7.15058517e+01 1.14649754e+01
  endloop
 endfacet
 facet normal 6.78118229e-01 7.27125168e-01 1.06979780e-01
  outer loop
   vertex 4.74894867e+01 8.29554062e+01 2.45113697e+01
   vertex 4.78564453e+01 8.33761978e+01 1.96276321e+01
   vertex 4.54589310e+01 8.56005783e+01 1.96094780e+01
  endloop
 endfacet
 facet normal 7.87892103e-01 5.51993549e-01 2.73000240e-01
  outer loop
   vertex 6.80256653e+01 6.09111710e+01 5.77745914e+00
   vertex 6.79980621e+01 6.10440903e+01 2.84217094e-14
   vertex 6.41129684e+01 6.64356308e+01 5.75620985e+00
  endloop
 endfacet
 facet normal 8.10531378e-01 5.84672868e-01 3.45905572e-02
  outer loop
   vertex 6.80256653e+01 6.09111710e+01 5.77745914e+00
   vertex 6.41129684e+01 6.64356308e+01 5.75620985e+00
   vertex 6.40045929e+01 6.61873703e+01 1.14917879e+01
  endloop
 endfacet
 facet normal 6.89180672e-01 3.69346470e-01 6.23388469e-01
  outer loop
   vertex 5.59945984e+01 4.95308914e+01 6.48518524e+01
   vertex 5.84143600e+01 4.76662979e+01 6.33153381e+01
   vertex 5.81974640e+01 5.07579956e+01 6.16697617e+01
  endloop
 endfacet
 facet normal 7.24649429e-01 5.56442201e-01 4.06516016e-01
  outer loop
   vertex 5.80243301e+01 6.14283066e+01 5.15944862e+01
   vertex 5.40887070e+01 6.66340561e+01 5.15530777e+01
   vertex 5.24189682e+01 6.54456100e+01 5.60938759e+01
  endloop
 endfacet
 facet normal 6.50240541e-01 6.97159767e-01 3.01919788e-01
  outer loop
   vertex 4.36110306e+01 7.92220078e+01 4.92836418e+01
   vertex 4.43241425e+01 7.98454819e+01 4.63845291e+01
   vertex 4.19702606e+01 8.20220413e+01 4.63639412e+01
  endloop
 endfacet
 facet normal 6.71058178e-01 3.44366431e-01 6.56576514e-01
  outer loop
   vertex 5.59945984e+01 4.95308914e+01 6.48518524e+01
   vertex 5.61762390e+01 4.64599686e+01 6.62289886e+01
   vertex 5.84143600e+01 4.76662979e+01 6.33153381e+01
  endloop
 endfacet
 facet normal 7.25540638e-01 5.35124719e-01 4.32703555e-01
  outer loop
   vertex 5.62663345e+01 6.02827072e+01 5.61010742e+01
   vertex 5.80243301e+01 6.14283066e+01 5.15944862e+01
   vertex 5.24189682e+01 6.54456100e+01 5.60938759e+01
  endloop
 endfacet
 facet normal 7.52335370e-01 4.90662754e-01 4.39592510e-01
  outer loop
   vertex 5.98748856e+01 5.75086288e+01 5.31901665e+01
   vertex 5.90020523e+01 5.82250443e+01 5.39036217e+01
   vertex 5.98165894e+01 5.49279861e+01 5.60830879e+01
  endloop
 endfacet
 facet normal 7.91132331e-01 6.10029817e-01 4.44218814e-02
  outer loop
   vertex 6.40045929e+01 6.61873703e+01 1.14917879e+01
   vertex 6.41129684e+01 6.64356308e+01 5.75620985e+00
   vertex 5.98346176e+01 7.15058517e+01 1.14649754e+01
  endloop
 endfacet
 facet normal 8.50627005e-01 2.27004245e-01 4.74239111e-01
  outer loop
   vertex 7.59863892e+01 2.05758591e+01 5.34294662e+01
   vertex 7.71985626e+01 1.90129318e+01 5.19818878e+01
   vertex 7.57579193e+01 2.45128250e+01 5.18903770e+01
  endloop
 endfacet
 facet normal 8.04839611e-01 3.86852831e-01 4.50086772e-01
  outer loop
   vertex 6.98476486e+01 4.07104301e+01 5.17399178e+01
   vertex 6.73519821e+01 4.59741135e+01 5.17124290e+01
   vertex 6.53372955e+01 4.49059830e+01 5.61418571e+01
  endloop
 endfacet
 facet normal 7.96969414e-01 3.67202103e-01 4.79585648e-01
  outer loop
   vertex 6.77563324e+01 3.96659164e+01 5.61561699e+01
   vertex 6.98476486e+01 4.07104301e+01 5.17399178e+01
   vertex 6.53372955e+01 4.49059830e+01 5.61418571e+01
  endloop
 endfacet
 facet normal 5.40049970e-01 2.37480685e-01 8.07433546e-01
  outer loop
   vertex 4.92994232e+01 4.25889816e+01 7.30124664e+01
   vertex 5.15643158e+01 4.38937416e+01 7.10809784e+01
   vertex 4.69138107e+01 4.73338089e+01 7.31995697e+01
  endloop
 endfacet
 facet normal 5.31108975e-01 7.01861456e-02 8.44391584e-01
  outer loop
   vertex 6.07858887e+01 1.31241150e+01 7.02262268e+01
   vertex 5.98953018e+01 1.84046555e+01 7.03578644e+01
   vertex 5.71848984e+01 1.73340302e+01 7.21284180e+01
  endloop
 endfacet
 facet normal 9.07755494e-01 3.13615263e-01 2.78613418e-01
  outer loop
   vertex 7.94617615e+01 2.61417694e+01 4.13637161e+01
   vertex 7.76049805e+01 3.16754227e+01 4.12980652e+01
   vertex 7.68522644e+01 3.13035660e+01 4.41549072e+01
  endloop
 endfacet
 facet normal 8.95553350e-01 3.38650644e-01 2.88617253e-01
  outer loop
   vertex 7.68522644e+01 3.13035660e+01 4.41549072e+01
   vertex 7.76049805e+01 3.16754227e+01 4.12980652e+01
   vertex 7.47793045e+01 3.67486839e+01 4.40835762e+01
  endloop
 endfacet
 facet normal 8.99353385e-01 3.59020770e-01 2.49534652e-01
  outer loop
   vertex 7.76049805e+01 3.16754227e+01 4.12980652e+01
   vertex 7.61928101e+01 3.75180893e+01 3.80820847e+01
   vertex 7.55014267e+01 3.71383438e+01 4.12297630e+01
  endloop
 endfacet
 facet normal 5.19281745e-01 4.58610579e-02 8.53371680e-01
  outer loop
   vertex 6.13367920e+01 8.65598297e+00 7.01288300e+01
   vertex 6.07858887e+01 1.31241150e+01 7.02262268e+01
   vertex 5.79730072e+01 1.21160431e+01 7.19777832e+01
  endloop
 endfacet
 facet normal 8.57101202e-01 4.14463848e-01 3.05936664e-01
  outer loop
   vertex 7.16295242e+01 4.16624832e+01 4.68162651e+01
   vertex 7.24441223e+01 4.21070709e+01 4.40160484e+01
   vertex 6.98579712e+01 4.73871307e+01 4.39564667e+01
  endloop
 endfacet
 facet normal 8.04236233e-01 3.55518311e-01 4.76246536e-01
  outer loop
   vertex 6.92440720e+01 3.82632523e+01 5.47383232e+01
   vertex 6.98476486e+01 4.07104301e+01 5.17399178e+01
   vertex 6.77563324e+01 3.96659164e+01 5.61561699e+01
  endloop
 endfacet
 facet normal 8.80691826e-01 3.79807532e-01 2.83069164e-01
  outer loop
   vertex 7.47793045e+01 3.67486839e+01 4.40835762e+01
   vertex 7.55014267e+01 3.71383438e+01 4.12297630e+01
   vertex 7.24441223e+01 4.21070709e+01 4.40160484e+01
  endloop
 endfacet
 facet normal 8.68276715e-01 3.87761056e-01 3.09413761e-01
  outer loop
   vertex 7.47793045e+01 3.67486839e+01 4.40835762e+01
   vertex 7.24441223e+01 4.21070709e+01 4.40160484e+01
   vertex 7.16295242e+01 4.16624832e+01 4.68162651e+01
  endloop
 endfacet
 facet normal 6.91971779e-01 5.61566412e-01 4.53671962e-01
  outer loop
   vertex 5.02867661e+01 6.91823502e+01 5.45635223e+01
   vertex 5.13683853e+01 6.47216873e+01 5.84755707e+01
   vertex 5.24189682e+01 6.54456100e+01 5.60938759e+01
  endloop
 endfacet
 facet normal 3.99168342e-01 2.02443704e-01 8.94248962e-01
  outer loop
   vertex 3.76468124e+01 4.80385666e+01 7.78214874e+01
   vertex 3.96391602e+01 4.94633102e+01 7.66624603e+01
   vertex 3.64929199e+01 5.42643051e+01 7.69411163e+01
  endloop
 endfacet
 facet normal 7.76133001e-01 4.70624626e-01 4.19678420e-01
  outer loop
   vertex 6.30499420e+01 5.23970413e+01 5.32051888e+01
   vertex 6.16278534e+01 5.60398941e+01 5.16723862e+01
   vertex 6.22565079e+01 5.30510178e+01 5.39328232e+01
  endloop
 endfacet
 facet normal 5.67603946e-01 6.01939082e-01 5.61689496e-01
  outer loop
   vertex 3.42816544e+01 7.54324570e+01 6.69625397e+01
   vertex 3.59872818e+01 7.68693161e+01 6.37864952e+01
   vertex 3.38221817e+01 7.88414078e+01 6.38328896e+01
  endloop
 endfacet
 facet normal 6.92102730e-01 7.08383560e-01 1.38515487e-01
  outer loop
   vertex 4.97150574e+01 8.02635269e+01 2.72837944e+01
   vertex 4.99763107e+01 8.05345993e+01 2.45340042e+01
   vertex 4.72296524e+01 8.26836624e+01 2.72581291e+01
  endloop
 endfacet
 facet normal 6.90749526e-01 7.07056880e-01 1.51445448e-01
  outer loop
   vertex 4.93078232e+01 7.98569565e+01 3.09619541e+01
   vertex 4.97150574e+01 8.02635269e+01 2.72837944e+01
   vertex 4.72296524e+01 8.26836624e+01 2.72581291e+01
  endloop
 endfacet
 facet normal 5.79979062e-01 5.58481634e-01 5.93061984e-01
  outer loop
   vertex 3.86825943e+01 7.10522079e+01 6.68160248e+01
   vertex 3.81902695e+01 7.47780075e+01 6.37268562e+01
   vertex 3.64263916e+01 7.33580399e+01 6.68835754e+01
  endloop
 endfacet
 facet normal 7.08500147e-01 6.91975415e-01 1.38555318e-01
  outer loop
   vertex 5.16778259e+01 7.82691879e+01 2.73080730e+01
   vertex 5.19478531e+01 7.85315475e+01 2.45502071e+01
   vertex 4.97150574e+01 8.02635269e+01 2.72837944e+01
  endloop
 endfacet
 facet normal 5.91466188e-01 5.65651178e-01 5.74635983e-01
  outer loop
   vertex 3.86825943e+01 7.10522079e+01 6.68160248e+01
   vertex 4.04746933e+01 7.24622879e+01 6.36700745e+01
   vertex 3.81902695e+01 7.47780075e+01 6.37268562e+01
  endloop
 endfacet
 facet normal 7.19327986e-01 6.76378846e-01 1.58363372e-01
  outer loop
   vertex 5.39146347e+01 7.50315018e+01 3.10152283e+01
   vertex 5.16778259e+01 7.82691879e+01 2.73080730e+01
   vertex 5.12612610e+01 7.78722000e+01 3.09758739e+01
  endloop
 endfacet
 facet normal 7.06510484e-01 6.89843178e-01 1.57985315e-01
  outer loop
   vertex 5.12612610e+01 7.78722000e+01 3.09758739e+01
   vertex 5.16778259e+01 7.82691879e+01 2.73080730e+01
   vertex 4.93078232e+01 7.98569565e+01 3.09619541e+01
  endloop
 endfacet
 facet normal 7.01746047e-01 6.96143806e-01 1.51447281e-01
  outer loop
   vertex 4.93078232e+01 7.98569565e+01 3.09619541e+01
   vertex 5.16778259e+01 7.82691879e+01 2.73080730e+01
   vertex 4.97150574e+01 8.02635269e+01 2.72837944e+01
  endloop
 endfacet
 facet normal 7.44411170e-01 6.50084436e-01 1.52454108e-01
  outer loop
   vertex 5.87349548e+01 7.03351822e+01 2.73858109e+01
   vertex 5.43307266e+01 7.54290085e+01 2.73308830e+01
   vertex 5.39146347e+01 7.50315018e+01 3.10152283e+01
  endloop
 endfacet
 facet normal 7.28711188e-01 6.70593977e-01 1.38865814e-01
  outer loop
   vertex 5.43307266e+01 7.54290085e+01 2.73308830e+01
   vertex 5.46079330e+01 7.56925430e+01 2.45738392e+01
   vertex 5.16778259e+01 7.82691879e+01 2.73080730e+01
  endloop
 endfacet
 facet normal 7.55441844e-01 6.40285194e-01 1.39077291e-01
  outer loop
   vertex 5.87349548e+01 7.03351822e+01 2.73858109e+01
   vertex 5.90131073e+01 7.05881119e+01 2.46348248e+01
   vertex 5.43307266e+01 7.54290085e+01 2.73308830e+01
  endloop
 endfacet
 facet normal 7.27322757e-01 6.69244111e-01 1.52032822e-01
  outer loop
   vertex 5.39146347e+01 7.50315018e+01 3.10152283e+01
   vertex 5.43307266e+01 7.54290085e+01 2.73308830e+01
   vertex 5.16778259e+01 7.82691879e+01 2.73080730e+01
  endloop
 endfacet
 facet normal 5.88962615e-01 6.12294257e-01 5.27464449e-01
  outer loop
   vertex 3.81902695e+01 7.47780075e+01 6.37268562e+01
   vertex 3.76613770e+01 7.82918777e+01 6.01217690e+01
   vertex 3.59872818e+01 7.68693161e+01 6.37864952e+01
  endloop
 endfacet
 facet normal 7.53485978e-01 6.37803495e-01 1.59579530e-01
  outer loop
   vertex 5.82924500e+01 6.99487228e+01 3.10650082e+01
   vertex 5.87349548e+01 7.03351822e+01 2.73858109e+01
   vertex 5.39146347e+01 7.50315018e+01 3.10152283e+01
  endloop
 endfacet
 facet normal 8.19480360e-01 5.71425676e-01 4.38710116e-02
  outer loop
   vertex 6.79067535e+01 6.06741257e+01 1.15177326e+01
   vertex 6.80256653e+01 6.09111710e+01 5.77745914e+00
   vertex 6.40045929e+01 6.61873703e+01 1.14917879e+01
  endloop
 endfacet
 facet normal 9.79280174e-01 1.64419591e-01 -1.18222572e-01
  outer loop
   vertex 7.09363937e+01 5.64600906e+01 6.19401217e-01
   vertex 6.80256653e+01 6.09111710e+01 5.77745914e+00
   vertex 7.09043655e+01 5.64511566e+01 4.41686535e+00
  endloop
 endfacet
 facet normal 8.20880830e-01 5.21311641e-01 -2.33214244e-01
  outer loop
   vertex 7.13127747e+01 5.57941971e+01 5.78730154e+00
   vertex 7.13064194e+01 5.58253021e+01 4.41737175e+00
   vertex 6.80256653e+01 6.09111710e+01 5.77745914e+00
  endloop
 endfacet
 facet normal 7.29979515e-01 4.71827984e-01 -4.94477808e-01
  outer loop
   vertex 7.13064194e+01 5.58253021e+01 4.41737175e+00
   vertex 7.11442413e+01 5.60777588e+01 4.41716576e+00
   vertex 6.80256653e+01 6.09111710e+01 5.77745914e+00
  endloop
 endfacet
 facet normal 8.32825363e-01 4.12463158e-01 -3.69155884e-01
  outer loop
   vertex 7.11442413e+01 5.60777588e+01 4.41716576e+00
   vertex 7.09043655e+01 5.64511566e+01 4.41686535e+00
   vertex 6.80256653e+01 6.09111710e+01 5.77745914e+00
  endloop
 endfacet
 facet normal 6.73643708e-01 7.23319054e-01 1.51702508e-01
  outer loop
   vertex 4.68320694e+01 8.22682419e+01 3.09259357e+01
   vertex 4.72296524e+01 8.26836624e+01 2.72581291e+01
   vertex 4.48355713e+01 8.48965073e+01 2.72414341e+01
  endloop
 endfacet
 facet normal 5.53571522e-01 5.18243551e-01 6.51906550e-01
  outer loop
   vertex 3.68406982e+01 6.95880508e+01 6.95787506e+01
   vertex 3.64263916e+01 7.33580399e+01 6.68835754e+01
   vertex 3.46439819e+01 7.18640823e+01 6.96786499e+01
  endloop
 endfacet
 facet normal 8.94205093e-01 3.54835480e-01 2.72926718e-01
  outer loop
   vertex 7.76049805e+01 3.16754227e+01 4.12980652e+01
   vertex 7.55014267e+01 3.71383438e+01 4.12297630e+01
   vertex 7.47793045e+01 3.67486839e+01 4.40835762e+01
  endloop
 endfacet
 facet normal 7.03697443e-01 4.68271941e-01 5.34351289e-01
  outer loop
   vertex 5.60035858e+01 5.51892776e+01 6.11672211e+01
   vertex 5.51547928e+01 5.95971451e+01 5.84620171e+01
   vertex 5.43556519e+01 5.91058884e+01 5.99952316e+01
  endloop
 endfacet
 facet normal 8.60619664e-01 5.07987916e-01 3.58055830e-02
  outer loop
   vertex 7.11695404e+01 5.55803299e+01 1.15297565e+01
   vertex 7.43762131e+01 5.05456467e+01 5.79957533e+00
   vertex 7.13127747e+01 5.57941971e+01 5.78730154e+00
  endloop
 endfacet
 facet normal 8.45130801e-01 5.32642305e-01 4.52337340e-02
  outer loop
   vertex 7.11695404e+01 5.55803299e+01 1.15297565e+01
   vertex 7.13127747e+01 5.57941971e+01 5.78730154e+00
   vertex 6.79067535e+01 6.06741257e+01 1.15177326e+01
  endloop
 endfacet
 facet normal 8.36731195e-01 5.46553969e-01 3.40540558e-02
  outer loop
   vertex 6.79067535e+01 6.06741257e+01 1.15177326e+01
   vertex 7.13127747e+01 5.57941971e+01 5.78730154e+00
   vertex 6.80256653e+01 6.09111710e+01 5.77745914e+00
  endloop
 endfacet
 facet normal 6.40871704e-01 6.83520794e-01 3.49403441e-01
  outer loop
   vertex 4.30112839e+01 7.87169571e+01 5.14541016e+01
   vertex 4.36110306e+01 7.92220078e+01 4.92836418e+01
   vertex 4.06921616e+01 8.08730392e+01 5.14527473e+01
  endloop
 endfacet
 facet normal 7.02022791e-01 2.88872212e-01 6.50935352e-01
  outer loop
   vertex 6.08491135e+01 3.95055771e+01 6.47121429e+01
   vertex 6.31068039e+01 3.74967575e+01 6.32062416e+01
   vertex 6.32389526e+01 4.06679115e+01 6.15991554e+01
  endloop
 endfacet
 facet normal 7.69702137e-01 4.72762406e-01 4.29015487e-01
  outer loop
   vertex 6.22565079e+01 5.30510178e+01 5.39328232e+01
   vertex 6.16278534e+01 5.60398941e+01 5.16723862e+01
   vertex 6.14577637e+01 5.36857986e+01 5.46531792e+01
  endloop
 endfacet
 facet normal 8.71795893e-01 4.05932844e-01 2.74208724e-01
  outer loop
   vertex 7.97978821e+01 3.96610985e+01 5.81253242e+00
   vertex 7.98157806e+01 3.97612114e+01 0.00000000e+00
   vertex 7.72038269e+01 4.51561508e+01 5.80349874e+00
  endloop
 endfacet
 facet normal 5.90528369e-01 7.92826533e-01 -1.50672838e-01
  outer loop
   vertex 7.52920456e+01 4.88594894e+01 1.90099716e+00
   vertex 7.52797012e+01 4.88445816e+01 4.42272663e+00
   vertex 7.72038269e+01 4.51561508e+01 5.80349874e+00
  endloop
 endfacet
 facet normal 7.51680970e-01 5.29181302e-01 -3.93627882e-01
  outer loop
   vertex 7.43725433e+01 5.05736465e+01 4.42143822e+00
   vertex 7.43762131e+01 5.05456467e+01 5.79957533e+00
   vertex 7.52797012e+01 4.88445816e+01 4.42272663e+00
  endloop
 endfacet
 facet normal 8.24813664e-01 5.49729943e-01 -1.32209688e-01
  outer loop
   vertex 7.52797012e+01 4.88445816e+01 4.42272663e+00
   vertex 7.43762131e+01 5.05456467e+01 5.79957533e+00
   vertex 7.72038269e+01 4.51561508e+01 5.80349874e+00
  endloop
 endfacet
 facet normal 8.99321198e-01 4.35168773e-01 -4.30059545e-02
  outer loop
   vertex 7.38241119e+01 5.15668411e+01 1.01896930e+00
   vertex 7.24692307e+01 5.38475189e+01 3.59150553e+00
   vertex 7.38121185e+01 5.15337906e+01 4.42069387e+00
  endloop
 endfacet
 facet normal 8.39869261e-01 4.89289403e-01 -2.34979704e-01
  outer loop
   vertex 7.13127747e+01 5.57941971e+01 5.78730154e+00
   vertex 7.43762131e+01 5.05456467e+01 5.79957533e+00
   vertex 7.20337677e+01 5.45805435e+01 4.41833591e+00
  endloop
 endfacet
 facet normal 7.54067063e-01 4.30191785e-01 -4.96304184e-01
  outer loop
   vertex 7.20337677e+01 5.45805435e+01 4.41833591e+00
   vertex 7.43762131e+01 5.05456467e+01 5.79957533e+00
   vertex 7.22102280e+01 5.42782211e+01 4.41856861e+00
  endloop
 endfacet
 facet normal 7.98194289e-01 5.30860305e-01 -2.84733653e-01
  outer loop
   vertex 7.22102280e+01 5.42782211e+01 4.41856861e+00
   vertex 7.43762131e+01 5.05456467e+01 5.79957533e+00
   vertex 7.24598770e+01 5.38505173e+01 4.41889811e+00
  endloop
 endfacet
 facet normal 7.92118430e-01 6.04473293e-01 -8.46193805e-02
  outer loop
   vertex 7.24692307e+01 5.38475189e+01 3.59150553e+00
   vertex 7.24598770e+01 5.38505173e+01 4.41889811e+00
   vertex 7.38121185e+01 5.15337906e+01 4.42069387e+00
  endloop
 endfacet
 facet normal 8.67090821e-01 4.92294550e-01 -7.61551633e-02
  outer loop
   vertex 7.24598770e+01 5.38505173e+01 4.41889811e+00
   vertex 7.43762131e+01 5.05456467e+01 5.79957533e+00
   vertex 7.38121185e+01 5.15337906e+01 4.42069387e+00
  endloop
 endfacet
 facet normal 8.63240898e-01 4.14535344e-01 -2.88054913e-01
  outer loop
   vertex 7.38121185e+01 5.15337906e+01 4.42069387e+00
   vertex 7.43762131e+01 5.05456467e+01 5.79957533e+00
   vertex 7.41784363e+01 5.09061966e+01 4.42118168e+00
  endloop
 endfacet
 facet normal 7.57908225e-01 4.25786912e-01 -4.94247526e-01
  outer loop
   vertex 7.43762131e+01 5.05456467e+01 5.79957533e+00
   vertex 7.43725433e+01 5.05736465e+01 4.42143822e+00
   vertex 7.41784363e+01 5.09061966e+01 4.42118168e+00
  endloop
 endfacet
 facet normal 5.25017381e-01 3.81863892e-01 7.60616004e-01
  outer loop
   vertex 4.26790466e+01 5.87967300e+01 7.16006470e+01
   vertex 3.89522400e+01 6.35749435e+01 7.18070984e+01
   vertex 3.70102005e+01 6.20627670e+01 7.38706207e+01
  endloop
 endfacet
 facet normal 6.64482772e-01 2.28938609e-01 7.11371720e-01
  outer loop
   vertex 6.28868484e+01 3.43315697e+01 6.46403809e+01
   vertex 6.06675797e+01 3.63450050e+01 6.60620880e+01
   vertex 6.25274887e+01 3.11469879e+01 6.59807587e+01
  endloop
 endfacet
 facet normal 5.72755992e-01 5.70196748e-01 5.88919580e-01
  outer loop
   vertex 3.64263916e+01 7.33580399e+01 6.68835754e+01
   vertex 3.81902695e+01 7.47780075e+01 6.37268562e+01
   vertex 3.42816544e+01 7.54324570e+01 6.69625397e+01
  endloop
 endfacet
 facet normal 6.60852611e-01 6.86469257e-01 3.03370684e-01
  outer loop
   vertex 4.67595062e+01 7.74685745e+01 4.64106255e+01
   vertex 4.43241425e+01 7.98454819e+01 4.63845291e+01
   vertex 4.36110306e+01 7.92220078e+01 4.92836418e+01
  endloop
 endfacet
 facet normal 8.83234620e-01 4.58118230e-01 1.00121267e-01
  outer loop
   vertex 7.54349518e+01 4.74417953e+01 1.57269802e+01
   vertex 7.36896973e+01 4.98452988e+01 1.98706245e+01
   vertex 7.64446106e+01 4.45202789e+01 1.98981476e+01
  endloop
 endfacet
 facet normal 8.91379714e-01 4.45251435e-01 8.48138630e-02
  outer loop
   vertex 7.54349518e+01 4.74417953e+01 1.57269802e+01
   vertex 7.64446106e+01 4.45202789e+01 1.98981476e+01
   vertex 7.70198975e+01 4.49612198e+01 1.15673018e+01
  endloop
 endfacet
 facet normal 8.12601924e-01 3.52097481e-01 4.64440972e-01
  outer loop
   vertex 6.99598236e+01 3.75815201e+01 5.40082130e+01
   vertex 6.98476486e+01 4.07104301e+01 5.17399178e+01
   vertex 6.92440720e+01 3.82632523e+01 5.47383232e+01
  endloop
 endfacet
 facet normal 9.00654614e-01 4.27467197e-01 7.80581906e-02
  outer loop
   vertex 7.64446106e+01 4.45202789e+01 1.98981476e+01
   vertex 7.96010590e+01 3.94503212e+01 1.15797262e+01
   vertex 7.70198975e+01 4.49612198e+01 1.15673018e+01
  endloop
 endfacet
 facet normal 9.12736475e-01 3.98406506e-01 9.04677063e-02
  outer loop
   vertex 8.03683014e+01 3.67676125e+01 1.62294388e+01
   vertex 7.96010590e+01 3.94503212e+01 1.15797262e+01
   vertex 7.89774323e+01 3.90338211e+01 1.99216061e+01
  endloop
 endfacet
 facet normal 9.24531400e-01 3.69841069e-01 9.19744968e-02
  outer loop
   vertex 8.03683014e+01 3.67676125e+01 1.62294388e+01
   vertex 8.22425690e+01 3.17601471e+01 1.71794758e+01
   vertex 8.09999542e+01 3.56405334e+01 1.44007368e+01
  endloop
 endfacet
 facet normal 9.25149202e-01 3.64266723e-01 1.06811799e-01
  outer loop
   vertex 8.03683014e+01 3.67676125e+01 1.62294388e+01
   vertex 8.12578430e+01 3.34887428e+01 1.99280930e+01
   vertex 8.22425690e+01 3.17601471e+01 1.71794758e+01
  endloop
 endfacet
 facet normal 9.17463958e-01 3.82201076e-01 1.10372961e-01
  outer loop
   vertex 8.03683014e+01 3.67676125e+01 1.62294388e+01
   vertex 7.89774323e+01 3.90338211e+01 1.99216061e+01
   vertex 8.12578430e+01 3.34887428e+01 1.99280930e+01
  endloop
 endfacet
 facet normal 9.05218542e-01 4.14025694e-01 9.57191065e-02
  outer loop
   vertex 7.89774323e+01 3.90338211e+01 1.99216061e+01
   vertex 7.96010590e+01 3.94503212e+01 1.15797262e+01
   vertex 7.64446106e+01 4.45202789e+01 1.98981476e+01
  endloop
 endfacet
 facet normal 5.65133214e-01 8.63939822e-02 8.20463598e-01
  outer loop
   vertex 6.07858887e+01 1.31241150e+01 7.02262268e+01
   vertex 6.26738205e+01 1.94794159e+01 6.82617493e+01
   vertex 5.98953018e+01 1.84046555e+01 7.03578644e+01
  endloop
 endfacet
 facet normal 6.80350184e-01 2.27730006e-01 6.96607947e-01
  outer loop
   vertex 6.28868484e+01 3.43315697e+01 6.46403809e+01
   vertex 6.25274887e+01 3.11469879e+01 6.59807587e+01
   vertex 6.50596085e+01 3.22565613e+01 6.31690407e+01
  endloop
 endfacet
 facet normal 7.74128616e-01 5.00773549e-01 3.87234747e-01
  outer loop
   vertex 5.98748856e+01 5.75086288e+01 5.31901665e+01
   vertex 6.16278534e+01 5.60398941e+01 5.16723862e+01
   vertex 6.23775177e+01 5.65069656e+01 4.94968033e+01
  endloop
 endfacet
 facet normal 7.66410410e-01 4.86471832e-01 4.19476181e-01
  outer loop
   vertex 6.14577637e+01 5.36857986e+01 5.46531792e+01
   vertex 6.16278534e+01 5.60398941e+01 5.16723862e+01
   vertex 5.98748856e+01 5.75086288e+01 5.31901665e+01
  endloop
 endfacet
 facet normal 6.96144104e-01 4.50288922e-01 5.59127271e-01
  outer loop
   vertex 5.60035858e+01 5.51892776e+01 6.11672211e+01
   vertex 5.43556519e+01 5.91058884e+01 5.99952316e+01
   vertex 5.51204071e+01 5.58662643e+01 6.17178383e+01
  endloop
 endfacet
 facet normal 8.19136083e-01 3.48413229e-01 4.55658078e-01
  outer loop
   vertex 7.06625061e+01 3.68701057e+01 5.32984810e+01
   vertex 6.98476486e+01 4.07104301e+01 5.17399178e+01
   vertex 6.99598236e+01 3.75815201e+01 5.40082130e+01
  endloop
 endfacet
 facet normal 6.64432347e-01 6.77750826e-01 3.14934075e-01
  outer loop
   vertex 4.60319443e+01 7.68567276e+01 4.92987938e+01
   vertex 4.67595062e+01 7.74685745e+01 4.64106255e+01
   vertex 4.36110306e+01 7.92220078e+01 4.92836418e+01
  endloop
 endfacet
 facet normal 6.64707005e-01 6.91646814e-01 2.82469988e-01
  outer loop
   vertex 4.67595062e+01 7.74685745e+01 4.64106255e+01
   vertex 4.49266052e+01 8.04007950e+01 4.35402565e+01
   vertex 4.43241425e+01 7.98454819e+01 4.63845291e+01
  endloop
 endfacet
 facet normal 7.33763397e-01 3.22714895e-01 5.97868204e-01
  outer loop
   vertex 6.32389526e+01 4.06679115e+01 6.15991554e+01
   vertex 6.55076904e+01 3.86184998e+01 5.98984261e+01
   vertex 6.31927032e+01 4.37968102e+01 5.99251785e+01
  endloop
 endfacet
 facet normal 6.34717524e-01 6.73017979e-01 3.79711002e-01
  outer loop
   vertex 4.14903717e+01 7.74522934e+01 5.61174469e+01
   vertex 4.30112839e+01 7.87169571e+01 5.14541016e+01
   vertex 4.06921616e+01 8.08730392e+01 5.14527473e+01
  endloop
 endfacet
 facet normal 6.40840769e-01 6.55632377e-01 3.99336070e-01
  outer loop
   vertex 4.38758011e+01 7.50972672e+01 5.61085701e+01
   vertex 4.30112839e+01 7.87169571e+01 5.14541016e+01
   vertex 4.14903717e+01 7.74522934e+01 5.61174469e+01
  endloop
 endfacet
 facet normal 5.14879227e-01 3.54863524e-01 7.80366123e-01
  outer loop
   vertex 4.06289139e+01 5.73501205e+01 7.36427307e+01
   vertex 4.26790466e+01 5.87967300e+01 7.16006470e+01
   vertex 3.70102005e+01 6.20627670e+01 7.38706207e+01
  endloop
 endfacet
 facet normal 5.49690902e-01 4.11650479e-01 7.26900101e-01
  outer loop
   vertex 4.26790466e+01 5.87967300e+01 7.16006470e+01
   vertex 4.09119644e+01 6.50419998e+01 6.93946991e+01
   vertex 3.89522400e+01 6.35749435e+01 7.18070984e+01
  endloop
 endfacet
 facet normal 7.25849032e-01 2.46596426e-01 6.42131865e-01
  outer loop
   vertex 6.72475052e+01 3.01652145e+01 6.15393982e+01
   vertex 6.75536575e+01 3.33651619e+01 5.98820839e+01
   vertex 6.50596085e+01 3.22565613e+01 6.31690407e+01
  endloop
 endfacet
 facet normal 6.86143816e-01 5.12232423e-01 5.16550720e-01
  outer loop
   vertex 5.43556519e+01 5.91058884e+01 5.99952316e+01
   vertex 5.13683853e+01 6.47216873e+01 5.84755707e+01
   vertex 5.06031647e+01 6.42271652e+01 6.00150909e+01
  endloop
 endfacet
 facet normal 7.69738138e-01 5.18010199e-01 3.73053044e-01
  outer loop
   vertex 5.98748856e+01 5.75086288e+01 5.31901665e+01
   vertex 6.23775177e+01 5.65069656e+01 4.94968033e+01
   vertex 5.87296295e+01 6.19179916e+01 4.94355774e+01
  endloop
 endfacet
 facet normal 5.54802775e-01 4.45049524e-01 7.02940106e-01
  outer loop
   vertex 3.89522400e+01 6.35749435e+01 7.18070984e+01
   vertex 4.09119644e+01 6.50419998e+01 6.93946991e+01
   vertex 3.85599442e+01 6.77294693e+01 6.95036774e+01
  endloop
 endfacet
 facet normal 5.41012824e-01 4.37853605e-01 7.18045533e-01
  outer loop
   vertex 3.89522400e+01 6.35749435e+01 7.18070984e+01
   vertex 3.85599442e+01 6.77294693e+01 6.95036774e+01
   vertex 3.66637192e+01 6.62346725e+01 7.19214630e+01
  endloop
 endfacet
 facet normal 6.41896188e-01 2.57092804e-01 7.22407460e-01
  outer loop
   vertex 6.06675797e+01 3.63450050e+01 6.60620880e+01
   vertex 5.85623322e+01 4.14488449e+01 6.61471558e+01
   vertex 5.61643066e+01 4.02206993e+01 6.86952820e+01
  endloop
 endfacet
 facet normal 6.77286208e-01 6.69039369e-01 3.06055099e-01
  outer loop
   vertex 4.60319443e+01 7.68567276e+01 4.92987938e+01
   vertex 4.86781921e+01 7.55138626e+01 4.64242477e+01
   vertex 4.67595062e+01 7.74685745e+01 4.64106255e+01
  endloop
 endfacet
 facet normal 8.24430406e-01 3.21884751e-01 4.65515494e-01
  outer loop
   vertex 7.13282013e+01 3.29468727e+01 5.47573357e+01
   vertex 7.20461197e+01 3.54018211e+01 5.18183784e+01
   vertex 7.06625061e+01 3.68701057e+01 5.32984810e+01
  endloop
 endfacet
 facet normal 8.27259481e-01 3.45553279e-01 4.42983896e-01
  outer loop
   vertex 7.06625061e+01 3.68701057e+01 5.32984810e+01
   vertex 7.20461197e+01 3.54018211e+01 5.18183784e+01
   vertex 6.98476486e+01 4.07104301e+01 5.17399178e+01
  endloop
 endfacet
 facet normal 6.56416357e-01 6.66719258e-01 3.52991492e-01
  outer loop
   vertex 4.54202423e+01 7.63471146e+01 5.14717293e+01
   vertex 4.60319443e+01 7.68567276e+01 4.92987938e+01
   vertex 4.30112839e+01 7.87169571e+01 5.14541016e+01
  endloop
 endfacet
 facet normal 6.91475630e-01 4.23557073e-01 5.85201561e-01
  outer loop
   vertex 5.60035858e+01 5.51892776e+01 6.11672211e+01
   vertex 5.51204071e+01 5.58662643e+01 6.17178383e+01
   vertex 5.56823349e+01 5.25804825e+01 6.33691559e+01
  endloop
 endfacet
 facet normal 6.49242640e-01 6.56618953e-01 3.83843094e-01
  outer loop
   vertex 4.38758011e+01 7.50972672e+01 5.61085701e+01
   vertex 4.54202423e+01 7.63471146e+01 5.14717293e+01
   vertex 4.30112839e+01 7.87169571e+01 5.14541016e+01
  endloop
 endfacet
 facet normal 7.22421348e-01 2.98853189e-01 6.23533607e-01
  outer loop
   vertex 6.32389526e+01 4.06679115e+01 6.15991554e+01
   vertex 6.31068039e+01 3.74967575e+01 6.32062416e+01
   vertex 6.55076904e+01 3.86184998e+01 5.98984261e+01
  endloop
 endfacet
 facet normal 5.36032617e-01 3.43072236e-01 7.71343291e-01
  outer loop
   vertex 4.60643845e+01 5.38569565e+01 7.14031677e+01
   vertex 4.26790466e+01 5.87967300e+01 7.16006470e+01
   vertex 4.06289139e+01 5.73501205e+01 7.36427307e+01
  endloop
 endfacet
 facet normal 6.39024079e-01 3.92093867e-01 6.61748171e-01
  outer loop
   vertex 5.08742447e+01 5.33240433e+01 6.77397614e+01
   vertex 5.30128632e+01 5.46190567e+01 6.49265594e+01
   vertex 5.02689056e+01 5.65455704e+01 6.64662781e+01
  endloop
 endfacet
 facet normal 7.81572521e-01 5.47538996e-01 2.98907131e-01
  outer loop
   vertex 6.32332993e+01 5.70696945e+01 4.66499023e+01
   vertex 6.02398911e+01 6.29756546e+01 4.37663651e+01
   vertex 5.95503922e+01 6.24793320e+01 4.65937233e+01
  endloop
 endfacet
 facet normal 7.84200370e-01 5.26994050e-01 3.27577561e-01
  outer loop
   vertex 6.23775177e+01 5.65069656e+01 4.94968033e+01
   vertex 6.32332993e+01 5.70696945e+01 4.66499023e+01
   vertex 5.95503922e+01 6.24793320e+01 4.65937233e+01
  endloop
 endfacet
 facet normal 5.34603119e-01 4.51243371e-01 7.14548051e-01
  outer loop
   vertex 3.66637192e+01 6.62346725e+01 7.19214630e+01
   vertex 3.85599442e+01 6.77294693e+01 6.95036774e+01
   vertex 3.49789734e+01 6.80808182e+01 7.20112762e+01
  endloop
 endfacet
 facet normal 7.03776419e-01 2.50867933e-01 6.64653301e-01
  outer loop
   vertex 6.28868484e+01 3.43315697e+01 6.46403809e+01
   vertex 6.50596085e+01 3.22565613e+01 6.31690407e+01
   vertex 6.53692703e+01 3.54617043e+01 6.15700798e+01
  endloop
 endfacet
 facet normal 5.84941506e-01 1.79313481e-01 7.91005731e-01
  outer loop
   vertex 5.73662491e+01 2.88214111e+01 7.06135712e+01
   vertex 5.81921158e+01 3.51596298e+01 6.85696411e+01
   vertex 5.56873322e+01 3.39495697e+01 7.07735901e+01
  endloop
 endfacet
 facet normal 5.77241480e-01 8.59965086e-02 8.12032521e-01
  outer loop
   vertex 6.07858887e+01 1.31241150e+01 7.02262268e+01
   vertex 6.36492844e+01 1.41409378e+01 6.81741180e+01
   vertex 6.26738205e+01 1.94794159e+01 6.82617493e+01
  endloop
 endfacet
 facet normal 5.70086360e-01 6.83180317e-02 8.18739414e-01
  outer loop
   vertex 6.42919540e+01 9.62590027e+00 6.81015778e+01
   vertex 6.36492844e+01 1.41409378e+01 6.81741180e+01
   vertex 6.07858887e+01 1.31241150e+01 7.02262268e+01
  endloop
 endfacet
 facet normal 6.75983012e-01 5.45238137e-01 4.95744169e-01
  outer loop
   vertex 5.06031647e+01 6.42271652e+01 6.00150909e+01
   vertex 5.13683853e+01 6.47216873e+01 5.84755707e+01
   vertex 4.72530594e+01 6.96746902e+01 5.84877701e+01
  endloop
 endfacet
 facet normal 8.24512303e-01 3.09360296e-01 4.73788649e-01
  outer loop
   vertex 7.20161667e+01 3.22329559e+01 5.40526466e+01
   vertex 7.20461197e+01 3.54018211e+01 5.18183784e+01
   vertex 7.13282013e+01 3.29468727e+01 5.47573357e+01
  endloop
 endfacet
 facet normal 6.60528839e-01 6.32057846e-01 4.05221552e-01
  outer loop
   vertex 4.57313232e+01 7.31675034e+01 5.61082382e+01
   vertex 4.73192596e+01 7.43982468e+01 5.14824829e+01
   vertex 4.38758011e+01 7.50972672e+01 5.61085701e+01
  endloop
 endfacet
 facet normal 6.71736836e-01 6.49710178e-01 3.55874032e-01
  outer loop
   vertex 4.73192596e+01 7.43982468e+01 5.14824829e+01
   vertex 4.79396210e+01 7.48960037e+01 4.93138580e+01
   vertex 4.54202423e+01 7.63471146e+01 5.14717293e+01
  endloop
 endfacet
 facet normal 6.00986958e-01 2.12485895e-01 7.70496249e-01
  outer loop
   vertex 5.56873322e+01 3.39495697e+01 7.07735901e+01
   vertex 5.81921158e+01 3.51596298e+01 6.85696411e+01
   vertex 5.61643066e+01 4.02206993e+01 6.86952820e+01
  endloop
 endfacet
 facet normal 7.23725975e-01 2.85864055e-01 6.28094316e-01
  outer loop
   vertex 6.53692703e+01 3.54617043e+01 6.15700798e+01
   vertex 6.55076904e+01 3.86184998e+01 5.98984261e+01
   vertex 6.31068039e+01 3.74967575e+01 6.32062416e+01
  endloop
 endfacet
 facet normal 5.66940486e-01 4.93986040e-01 6.59208834e-01
  outer loop
   vertex 3.85599442e+01 6.77294693e+01 6.95036774e+01
   vertex 4.04312897e+01 6.91763382e+01 6.67577667e+01
   vertex 3.68406982e+01 6.95880508e+01 6.95787506e+01
  endloop
 endfacet
 facet normal 7.25474596e-01 2.59417564e-01 6.37486577e-01
  outer loop
   vertex 6.53692703e+01 3.54617043e+01 6.15700798e+01
   vertex 6.50596085e+01 3.22565613e+01 6.31690407e+01
   vertex 6.75536575e+01 3.33651619e+01 5.98820839e+01
  endloop
 endfacet
 facet normal 5.97794592e-01 1.78124696e-01 7.81609356e-01
  outer loop
   vertex 5.73662491e+01 2.88214111e+01 7.06135712e+01
   vertex 5.99426651e+01 2.99982758e+01 6.84612122e+01
   vertex 5.81921158e+01 3.51596298e+01 6.85696411e+01
  endloop
 endfacet
 facet normal 5.42383075e-01 4.72494066e-01 6.94672525e-01
  outer loop
   vertex 3.49789734e+01 6.80808182e+01 7.20112762e+01
   vertex 3.85599442e+01 6.77294693e+01 6.95036774e+01
   vertex 3.68406982e+01 6.95880508e+01 6.95787506e+01
  endloop
 endfacet
 facet normal 6.47326052e-01 6.24950707e-01 4.36354935e-01
  outer loop
   vertex 4.29197083e+01 7.43595657e+01 5.85117378e+01
   vertex 4.57313232e+01 7.31675034e+01 5.61082382e+01
   vertex 4.38758011e+01 7.50972672e+01 5.61085701e+01
  endloop
 endfacet
 facet normal 6.59365594e-01 6.45180106e-01 3.85978848e-01
  outer loop
   vertex 4.38758011e+01 7.50972672e+01 5.61085701e+01
   vertex 4.73192596e+01 7.43982468e+01 5.14824829e+01
   vertex 4.54202423e+01 7.63471146e+01 5.14717293e+01
  endloop
 endfacet
 facet normal 5.66324890e-01 3.86145085e-01 7.28126407e-01
  outer loop
   vertex 4.54511795e+01 5.70735550e+01 7.03699646e+01
   vertex 4.47092285e+01 6.02275314e+01 6.92373047e+01
   vertex 4.26790466e+01 5.87967300e+01 7.16006470e+01
  endloop
 endfacet
 facet normal 5.58490753e-01 3.57179642e-01 7.48672664e-01
  outer loop
   vertex 4.54511795e+01 5.70735550e+01 7.03699646e+01
   vertex 4.26790466e+01 5.87967300e+01 7.16006470e+01
   vertex 4.60643845e+01 5.38569565e+01 7.14031677e+01
  endloop
 endfacet
 facet normal 5.88363290e-01 3.98488820e-01 7.03587413e-01
  outer loop
   vertex 4.54511795e+01 5.70735550e+01 7.03699646e+01
   vertex 4.75131836e+01 5.84481583e+01 6.78711700e+01
   vertex 4.47092285e+01 6.02275314e+01 6.92373047e+01
  endloop
 endfacet
 facet normal 6.81349754e-01 4.93880451e-01 5.40226460e-01
  outer loop
   vertex 5.15622101e+01 6.10670395e+01 6.17720718e+01
   vertex 5.43556519e+01 5.91058884e+01 5.99952316e+01
   vertex 5.06031647e+01 6.42271652e+01 6.00150909e+01
  endloop
 endfacet
 facet normal 8.31182063e-01 3.05199057e-01 4.64747131e-01
  outer loop
   vertex 7.26869888e+01 3.15259857e+01 5.33201180e+01
   vertex 7.20461197e+01 3.54018211e+01 5.18183784e+01
   vertex 7.20161667e+01 3.22329559e+01 5.40526466e+01
  endloop
 endfacet
 facet normal 7.00294495e-01 4.20332581e-01 5.76981962e-01
  outer loop
   vertex 5.60035858e+01 5.51892776e+01 6.11672211e+01
   vertex 5.56823349e+01 5.25804825e+01 6.33691559e+01
   vertex 5.77963104e+01 5.37966843e+01 5.99671478e+01
  endloop
 endfacet
 facet normal 6.02186978e-01 8.34024101e-02 7.93986738e-01
  outer loop
   vertex 6.42919540e+01 9.62590027e+00 6.81015778e+01
   vertex 6.65405884e+01 1.51643295e+01 6.57954483e+01
   vertex 6.36492844e+01 1.41409378e+01 6.81741180e+01
  endloop
 endfacet
 facet normal 6.15179420e-01 8.16654935e-02 7.84146011e-01
  outer loop
   vertex 6.42919540e+01 9.62590027e+00 6.81015778e+01
   vertex 6.72510529e+01 1.05977631e+01 6.57521362e+01
   vertex 6.65405884e+01 1.51643295e+01 6.57954483e+01
  endloop
 endfacet
 facet normal 6.48317099e-01 6.12101853e-01 4.52787220e-01
  outer loop
   vertex 4.47555847e+01 7.24329605e+01 5.84978447e+01
   vertex 4.57313232e+01 7.31675034e+01 5.61082382e+01
   vertex 4.29197083e+01 7.43595657e+01 5.85117378e+01
  endloop
 endfacet
 facet normal 7.03108191e-01 2.13307351e-01 6.78335309e-01
  outer loop
   vertex 6.46564178e+01 2.90685043e+01 6.45908661e+01
   vertex 6.67544327e+01 2.69487152e+01 6.31193008e+01
   vertex 6.72475052e+01 3.01652145e+01 6.15393982e+01
  endloop
 endfacet
 facet normal 7.03896999e-01 2.25643665e-01 6.73508704e-01
  outer loop
   vertex 6.46564178e+01 2.90685043e+01 6.45908661e+01
   vertex 6.72475052e+01 3.01652145e+01 6.15393982e+01
   vertex 6.50596085e+01 3.22565613e+01 6.31690407e+01
  endloop
 endfacet
 facet normal 5.85807860e-01 4.87662852e-01 6.47312939e-01
  outer loop
   vertex 4.09119644e+01 6.50419998e+01 6.93946991e+01
   vertex 4.28330841e+01 6.64318161e+01 6.66852722e+01
   vertex 4.04312897e+01 6.91763382e+01 6.67577667e+01
  endloop
 endfacet
 facet normal 6.02268755e-01 5.20983219e-01 6.04854405e-01
  outer loop
   vertex 4.28330841e+01 6.64318161e+01 6.66852722e+01
   vertex 4.22655411e+01 7.05625839e+01 6.36381226e+01
   vertex 4.04312897e+01 6.91763382e+01 6.67577667e+01
  endloop
 endfacet
 facet normal 5.94509840e-01 3.82936895e-01 7.07048357e-01
  outer loop
   vertex 4.54511795e+01 5.70735550e+01 7.03699646e+01
   vertex 4.81682053e+01 5.52316360e+01 6.90995483e+01
   vertex 4.75131836e+01 5.84481583e+01 6.78711700e+01
  endloop
 endfacet
 facet normal 6.19289815e-01 3.80645931e-01 6.86723232e-01
  outer loop
   vertex 5.08742447e+01 5.33240433e+01 6.77397614e+01
   vertex 5.02689056e+01 5.65455704e+01 6.64662781e+01
   vertex 4.81682053e+01 5.52316360e+01 6.90995483e+01
  endloop
 endfacet
 facet normal 7.17050016e-01 3.38436723e-01 6.09343827e-01
  outer loop
   vertex 6.08485489e+01 4.57720261e+01 6.16370697e+01
   vertex 6.08853302e+01 4.26398201e+01 6.32616196e+01
   vertex 6.31927032e+01 4.37968102e+01 5.99251785e+01
  endloop
 endfacet
 facet normal 7.22821414e-01 1.73418954e-01 6.68920815e-01
  outer loop
   vertex 7.02130432e+01 1.94015961e+01 6.15180588e+01
   vertex 7.08844681e+01 2.26223602e+01 5.98866501e+01
   vertex 6.82049637e+01 2.15794449e+01 6.30851212e+01
  endloop
 endfacet
 facet normal 6.76237583e-01 5.86996734e-01 4.45126474e-01
  outer loop
   vertex 5.02867661e+01 6.91823502e+01 5.45635223e+01
   vertex 4.82770081e+01 7.04010544e+01 5.60794868e+01
   vertex 4.72530594e+01 6.96746902e+01 5.84877701e+01
  endloop
 endfacet
 facet normal 6.68112516e-01 5.95829427e-01 4.45660144e-01
  outer loop
   vertex 4.72530594e+01 6.96746902e+01 5.84877701e+01
   vertex 4.82770081e+01 7.04010544e+01 5.60794868e+01
   vertex 4.57313232e+01 7.31675034e+01 5.61082382e+01
  endloop
 endfacet
 facet normal 6.59065902e-01 5.97762525e-01 4.56412166e-01
  outer loop
   vertex 4.72530594e+01 6.96746902e+01 5.84877701e+01
   vertex 4.57313232e+01 7.31675034e+01 5.61082382e+01
   vertex 4.47555847e+01 7.24329605e+01 5.84978447e+01
  endloop
 endfacet
 facet normal 6.97078586e-01 3.28903317e-01 6.37106001e-01
  outer loop
   vertex 5.85473175e+01 4.45776291e+01 6.47832794e+01
   vertex 6.08853302e+01 4.26398201e+01 6.32616196e+01
   vertex 6.08485489e+01 4.57720261e+01 6.16370697e+01
  endloop
 endfacet
 facet normal 7.57293165e-01 1.86277241e-01 6.25945628e-01
  outer loop
   vertex 7.21656265e+01 1.71641846e+01 5.98900566e+01
   vertex 7.19264908e+01 2.30133667e+01 5.84668655e+01
   vertex 7.08844681e+01 2.26223602e+01 5.98866501e+01
  endloop
 endfacet
 facet normal 5.95235050e-01 5.33645868e-01 6.00763977e-01
  outer loop
   vertex 4.04312897e+01 6.91763382e+01 6.67577667e+01
   vertex 4.22655411e+01 7.05625839e+01 6.36381226e+01
   vertex 3.86825943e+01 7.10522079e+01 6.68160248e+01
  endloop
 endfacet
 facet normal 7.25354671e-01 2.22509161e-01 6.51421726e-01
  outer loop
   vertex 6.72475052e+01 3.01652145e+01 6.15393982e+01
   vertex 6.67544327e+01 2.69487152e+01 6.31193008e+01
   vertex 6.93514099e+01 2.80097809e+01 5.98792305e+01
  endloop
 endfacet
 facet normal 5.72692275e-01 5.14322340e-01 6.38354182e-01
  outer loop
   vertex 3.68406982e+01 6.95880508e+01 6.95787506e+01
   vertex 4.04312897e+01 6.91763382e+01 6.67577667e+01
   vertex 3.86825943e+01 7.10522079e+01 6.68160248e+01
  endloop
 endfacet
 facet normal 5.96034825e-01 1.55182198e-01 7.87820399e-01
  outer loop
   vertex 6.14313889e+01 2.47690887e+01 6.83666687e+01
   vertex 5.99426651e+01 2.99982758e+01 6.84612122e+01
   vertex 5.73662491e+01 2.88214111e+01 7.06135712e+01
  endloop
 endfacet
 facet normal 5.86685717e-01 4.67384994e-01 6.61325276e-01
  outer loop
   vertex 4.38357468e+01 6.33736496e+01 6.80059662e+01
   vertex 4.28330841e+01 6.64318161e+01 6.66852722e+01
   vertex 4.09119644e+01 6.50419998e+01 6.93946991e+01
  endloop
 endfacet
 facet normal 6.14914656e-01 3.96155864e-01 6.81865454e-01
  outer loop
   vertex 4.75131836e+01 5.84481583e+01 6.78711700e+01
   vertex 4.81682053e+01 5.52316360e+01 6.90995483e+01
   vertex 5.02689056e+01 5.65455704e+01 6.64662781e+01
  endloop
 endfacet
 facet normal 6.57689095e-01 1.26057327e-01 7.42667198e-01
  outer loop
   vertex 6.65405884e+01 1.51643295e+01 6.57954483e+01
   vertex 6.93831177e+01 1.61664352e+01 6.30612144e+01
   vertex 6.54618378e+01 2.05372543e+01 6.58485489e+01
  endloop
 endfacet
 facet normal 6.71342373e-01 1.13264069e-01 7.32441545e-01
  outer loop
   vertex 7.01792145e+01 1.15913925e+01 6.30506592e+01
   vertex 6.93831177e+01 1.61664352e+01 6.30612144e+01
   vertex 6.65405884e+01 1.51643295e+01 6.57954483e+01
  endloop
 endfacet
 facet normal 6.24318480e-01 1.09931879e-01 7.73396015e-01
  outer loop
   vertex 6.36492844e+01 1.41409378e+01 6.81741180e+01
   vertex 6.65405884e+01 1.51643295e+01 6.57954483e+01
   vertex 6.54618378e+01 2.05372543e+01 6.58485489e+01
  endloop
 endfacet
 facet normal 5.39442658e-01 7.07750142e-01 4.56170291e-01
  outer loop
   vertex 3.07677994e+01 8.41897507e+01 6.02392426e+01
   vertex 2.84922638e+01 8.69432144e+01 5.86863060e+01
   vertex 2.79149857e+01 8.63723221e+01 6.02998505e+01
  endloop
 endfacet
 facet normal 8.56547415e-01 2.67148763e-01 4.41540509e-01
  outer loop
   vertex 7.57579193e+01 2.45128250e+01 5.18903770e+01
   vertex 7.66741943e+01 2.49173203e+01 4.98208771e+01
   vertex 7.40404892e+01 3.00156250e+01 5.18415604e+01
  endloop
 endfacet
 facet normal 8.68604541e-01 2.46789530e-01 4.29675579e-01
  outer loop
   vertex 7.81745453e+01 1.93754425e+01 4.98822021e+01
   vertex 7.66741943e+01 2.49173203e+01 4.98208771e+01
   vertex 7.57579193e+01 2.45128250e+01 5.18903770e+01
  endloop
 endfacet
 facet normal 6.85381472e-01 6.01269603e-01 4.10764068e-01
  outer loop
   vertex 5.02867661e+01 6.91823502e+01 5.45635223e+01
   vertex 4.98817596e+01 7.16056900e+01 5.15207367e+01
   vertex 4.82770081e+01 7.04010544e+01 5.60794868e+01
  endloop
 endfacet
 facet normal 6.85937107e-01 3.82750481e-01 6.18863761e-01
  outer loop
   vertex 5.59945984e+01 4.95308914e+01 6.48518524e+01
   vertex 5.81974640e+01 5.07579956e+01 6.16697617e+01
   vertex 5.56823349e+01 5.25804825e+01 6.33691559e+01
  endloop
 endfacet
 facet normal 6.94714963e-01 3.42367142e-01 6.32578790e-01
  outer loop
   vertex 5.85473175e+01 4.45776291e+01 6.47832794e+01
   vertex 6.08485489e+01 4.57720261e+01 6.16370697e+01
   vertex 5.84143600e+01 4.76662979e+01 6.33153381e+01
  endloop
 endfacet
 facet normal 6.81335926e-01 6.17454588e-01 3.93104523e-01
  outer loop
   vertex 4.82770081e+01 7.04010544e+01 5.60794868e+01
   vertex 4.98817596e+01 7.16056900e+01 5.15207367e+01
   vertex 4.73192596e+01 7.43982468e+01 5.14824829e+01
  endloop
 endfacet
 facet normal 5.75288177e-01 6.70390308e-01 4.68636721e-01
  outer loop
   vertex 3.54610062e+01 8.02752914e+01 6.01540070e+01
   vertex 3.34753647e+01 8.30406723e+01 5.86161079e+01
   vertex 3.28674316e+01 8.24912186e+01 6.01987457e+01
  endloop
 endfacet
 facet normal 6.58580601e-01 5.11473835e-01 5.51965714e-01
  outer loop
   vertex 4.76994705e+01 6.60690842e+01 6.18195343e+01
   vertex 4.86710205e+01 6.29549026e+01 6.35006180e+01
   vertex 5.06031647e+01 6.42271652e+01 6.00150909e+01
  endloop
 endfacet
 facet normal 5.62643468e-01 6.92883074e-01 4.50938344e-01
  outer loop
   vertex 3.34753647e+01 8.30406723e+01 5.86161079e+01
   vertex 3.13744736e+01 8.47473984e+01 5.86424942e+01
   vertex 3.07677994e+01 8.41897507e+01 6.02392426e+01
  endloop
 endfacet
 facet normal 5.49432039e-01 7.05833972e-01 4.47127283e-01
  outer loop
   vertex 3.07677994e+01 8.41897507e+01 6.02392426e+01
   vertex 3.13744736e+01 8.47473984e+01 5.86424942e+01
   vertex 2.84922638e+01 8.69432144e+01 5.86863060e+01
  endloop
 endfacet
 facet normal 6.38238907e-01 1.71261534e-01 7.50546873e-01
  outer loop
   vertex 6.14313889e+01 2.47690887e+01 6.83666687e+01
   vertex 6.41267090e+01 2.58769379e+01 6.59092331e+01
   vertex 6.25274887e+01 3.11469879e+01 6.59807587e+01
  endloop
 endfacet
 facet normal 5.80699503e-01 4.39692408e-01 6.85170531e-01
  outer loop
   vertex 4.38357468e+01 6.33736496e+01 6.80059662e+01
   vertex 4.09119644e+01 6.50419998e+01 6.93946991e+01
   vertex 4.47092285e+01 6.02275314e+01 6.92373047e+01
  endloop
 endfacet
 facet normal 6.42026186e-01 5.01738012e-01 5.79708040e-01
  outer loop
   vertex 4.57837448e+01 6.47420883e+01 6.51150436e+01
   vertex 4.86710205e+01 6.29549026e+01 6.35006180e+01
   vertex 4.76994705e+01 6.60690842e+01 6.18195343e+01
  endloop
 endfacet
 facet normal 6.25394821e-01 1.73559710e-01 7.60761678e-01
  outer loop
   vertex 6.14313889e+01 2.47690887e+01 6.83666687e+01
   vertex 6.25274887e+01 3.11469879e+01 6.59807587e+01
   vertex 5.99426651e+01 2.99982758e+01 6.84612122e+01
  endloop
 endfacet
 facet normal 7.18463242e-01 1.41368970e-01 6.81047261e-01
  outer loop
   vertex 7.12461090e+01 1.43623123e+01 6.15228882e+01
   vertex 7.21656265e+01 1.71641846e+01 5.98900566e+01
   vertex 6.93831177e+01 1.61664352e+01 6.30612144e+01
  endloop
 endfacet
 facet normal 6.98272407e-01 1.21362381e-01 7.05469191e-01
  outer loop
   vertex 7.12461090e+01 1.43623123e+01 6.15228882e+01
   vertex 6.93831177e+01 1.61664352e+01 6.30612144e+01
   vertex 7.01792145e+01 1.15913925e+01 6.30506592e+01
  endloop
 endfacet
 facet normal 7.03285217e-01 1.53874636e-01 6.94055080e-01
  outer loop
   vertex 7.02130432e+01 1.94015961e+01 6.15180588e+01
   vertex 6.82049637e+01 2.15794449e+01 6.30851212e+01
   vertex 6.93831177e+01 1.61664352e+01 6.30612144e+01
  endloop
 endfacet
 facet normal 6.58698857e-01 5.37000179e-01 5.27016759e-01
  outer loop
   vertex 4.76994705e+01 6.60690842e+01 6.18195343e+01
   vertex 5.06031647e+01 6.42271652e+01 6.00150909e+01
   vertex 4.65552139e+01 6.91472244e+01 6.00416565e+01
  endloop
 endfacet
 facet normal 2.81749159e-01 2.63747662e-01 9.22526181e-01
  outer loop
   vertex 1.57369156e+01 6.91614304e+01 8.07478943e+01
   vertex 1.49443359e+01 7.29092331e+01 7.98958435e+01
   vertex 1.32663193e+01 7.10539322e+01 8.09825592e+01
  endloop
 endfacet
 facet normal 3.00421864e-01 2.80032456e-01 9.11772192e-01
  outer loop
   vertex 1.57369156e+01 6.91614304e+01 8.07478943e+01
   vertex 1.74494171e+01 7.09792862e+01 7.96631317e+01
   vertex 1.49443359e+01 7.29092331e+01 7.98958435e+01
  endloop
 endfacet
 facet normal 7.02629447e-01 6.10326886e-01 3.65804553e-01
  outer loop
   vertex 5.21916656e+01 6.79229965e+01 5.31197777e+01
   vertex 5.05217056e+01 7.21098404e+01 4.93441658e+01
   vertex 4.98817596e+01 7.16056900e+01 5.15207367e+01
  endloop
 endfacet
 facet normal 6.32051706e-01 4.75784987e-01 6.11669242e-01
  outer loop
   vertex 4.57837448e+01 6.47420883e+01 6.51150436e+01
   vertex 4.66821442e+01 6.16116714e+01 6.65802765e+01
   vertex 4.86710205e+01 6.29549026e+01 6.35006180e+01
  endloop
 endfacet
 facet normal 6.90407693e-01 6.28263175e-01 3.58639926e-01
  outer loop
   vertex 4.98817596e+01 7.16056900e+01 5.15207367e+01
   vertex 5.05217056e+01 7.21098404e+01 4.93441658e+01
   vertex 4.73192596e+01 7.43982468e+01 5.14824829e+01
  endloop
 endfacet
 facet normal 6.26161754e-01 5.56146860e-01 5.46463251e-01
  outer loop
   vertex 4.47213898e+01 6.77997208e+01 6.35836411e+01
   vertex 4.40705872e+01 7.19148483e+01 6.00447693e+01
   vertex 4.22655411e+01 7.05625839e+01 6.36381226e+01
  endloop
 endfacet
 facet normal 7.39048123e-01 1.71132669e-01 6.51553154e-01
  outer loop
   vertex 7.02130432e+01 1.94015961e+01 6.15180588e+01
   vertex 7.21656265e+01 1.71641846e+01 5.98900566e+01
   vertex 7.08844681e+01 2.26223602e+01 5.98866501e+01
  endloop
 endfacet
 facet normal 7.11112201e-01 3.65684032e-01 6.00495338e-01
  outer loop
   vertex 6.08485489e+01 4.57720261e+01 6.16370697e+01
   vertex 6.06289902e+01 4.88584366e+01 5.99427490e+01
   vertex 5.84143600e+01 4.76662979e+01 6.33153381e+01
  endloop
 endfacet
 facet normal 5.68652987e-01 7.04065204e-01 4.25353914e-01
  outer loop
   vertex 3.34753647e+01 8.30406723e+01 5.86161079e+01
   vertex 3.22075272e+01 8.55475540e+01 5.61773415e+01
   vertex 3.13744736e+01 8.47473984e+01 5.86424942e+01
  endloop
 endfacet
 facet normal 5.65144956e-01 6.81567669e-01 4.64840442e-01
  outer loop
   vertex 3.28674316e+01 8.24912186e+01 6.01987457e+01
   vertex 3.34753647e+01 8.30406723e+01 5.86161079e+01
   vertex 3.07677994e+01 8.41897507e+01 6.02392426e+01
  endloop
 endfacet
 facet normal 6.13599658e-01 4.65185076e-01 6.38042510e-01
  outer loop
   vertex 4.38357468e+01 6.33736496e+01 6.80059662e+01
   vertex 4.66821442e+01 6.16116714e+01 6.65802765e+01
   vertex 4.57837448e+01 6.47420883e+01 6.51150436e+01
  endloop
 endfacet
 facet normal 5.98954499e-01 4.39134330e-01 6.69637620e-01
  outer loop
   vertex 4.38357468e+01 6.33736496e+01 6.80059662e+01
   vertex 4.47092285e+01 6.02275314e+01 6.92373047e+01
   vertex 4.66821442e+01 6.16116714e+01 6.65802765e+01
  endloop
 endfacet
 facet normal 7.34050751e-01 1.38560638e-01 6.64808631e-01
  outer loop
   vertex 7.12461090e+01 1.43623123e+01 6.15228882e+01
   vertex 7.30700760e+01 1.25381927e+01 5.98833923e+01
   vertex 7.21656265e+01 1.71641846e+01 5.98900566e+01
  endloop
 endfacet
 facet normal 6.19957685e-01 1.40380949e-01 7.71975160e-01
  outer loop
   vertex 6.26738205e+01 1.94794159e+01 6.82617493e+01
   vertex 6.41267090e+01 2.58769379e+01 6.59092331e+01
   vertex 6.14313889e+01 2.47690887e+01 6.83666687e+01
  endloop
 endfacet
 facet normal 6.42485797e-01 5.41161120e-01 5.42546451e-01
  outer loop
   vertex 4.76994705e+01 6.60690842e+01 6.18195343e+01
   vertex 4.65552139e+01 6.91472244e+01 6.00416565e+01
   vertex 4.47213898e+01 6.77997208e+01 6.35836411e+01
  endloop
 endfacet
 facet normal 7.61112452e-01 1.48111701e-01 6.31482959e-01
  outer loop
   vertex 7.30700760e+01 1.25381927e+01 5.98833923e+01
   vertex 7.41864853e+01 1.28811722e+01 5.84957085e+01
   vertex 7.32555466e+01 1.75385895e+01 5.84714012e+01
  endloop
 endfacet
 facet normal 7.52700925e-01 1.53018996e-01 6.40333116e-01
  outer loop
   vertex 7.30700760e+01 1.25381927e+01 5.98833923e+01
   vertex 7.32555466e+01 1.75385895e+01 5.84714012e+01
   vertex 7.21656265e+01 1.71641846e+01 5.98900566e+01
  endloop
 endfacet
 facet normal 6.68664038e-01 3.91593426e-01 6.32094085e-01
  outer loop
   vertex 7.30700760e+01 1.25381927e+01 5.98833923e+01
   vertex 7.49990082e+01 7.96565247e+00 5.85191841e+01
   vertex 7.41864853e+01 1.28811722e+01 5.84957085e+01
  endloop
 endfacet
 facet normal 2.62937844e-01 2.03221530e-01 9.43167388e-01
  outer loop
   vertex 1.56006470e+01 6.56096115e+01 8.15066071e+01
   vertex 1.75536957e+01 6.76635208e+01 8.05625458e+01
   vertex 1.57369156e+01 6.91614304e+01 8.07478943e+01
  endloop
 endfacet
 facet normal 2.66494036e-01 1.95479810e-01 9.43805397e-01
  outer loop
   vertex 1.78076324e+01 6.36934891e+01 8.12719879e+01
   vertex 1.98044357e+01 6.57093277e+01 8.03403778e+01
   vertex 1.75536957e+01 6.76635208e+01 8.05625458e+01
  endloop
 endfacet
 facet normal 6.37217700e-01 5.59602380e-01 5.29904485e-01
  outer loop
   vertex 4.47213898e+01 6.77997208e+01 6.35836411e+01
   vertex 4.65552139e+01 6.91472244e+01 6.00416565e+01
   vertex 4.40705872e+01 7.19148483e+01 6.00447693e+01
  endloop
 endfacet
 facet normal 6.18846476e-01 5.68687797e-01 5.41870058e-01
  outer loop
   vertex 4.22655411e+01 7.05625839e+01 6.36381226e+01
   vertex 4.40705872e+01 7.19148483e+01 6.00447693e+01
   vertex 4.04746933e+01 7.24622879e+01 6.36700745e+01
  endloop
 endfacet
 facet normal 7.15074778e-01 6.01686537e-01 3.55867147e-01
  outer loop
   vertex 5.21916656e+01 6.79229965e+01 5.31197777e+01
   vertex 5.47875977e+01 6.71016769e+01 4.93841019e+01
   vertex 5.05217056e+01 7.21098404e+01 4.93441658e+01
  endloop
 endfacet
 facet normal 7.00442553e-01 5.97655296e-01 3.90113354e-01
  outer loop
   vertex 5.21916656e+01 6.79229965e+01 5.31197777e+01
   vertex 4.98817596e+01 7.16056900e+01 5.15207367e+01
   vertex 5.12428818e+01 6.85531998e+01 5.38495483e+01
  endloop
 endfacet
 facet normal 7.57908225e-01 2.10490957e-01 6.17469609e-01
  outer loop
   vertex 7.08844681e+01 2.26223602e+01 5.98866501e+01
   vertex 7.19264908e+01 2.30133667e+01 5.84668655e+01
   vertex 6.93514099e+01 2.80097809e+01 5.98792305e+01
  endloop
 endfacet
 facet normal 5.83706141e-01 6.70622349e-01 4.57769334e-01
  outer loop
   vertex 3.54610062e+01 8.02752914e+01 6.01540070e+01
   vertex 3.60898361e+01 8.08154678e+01 5.85837555e+01
   vertex 3.34753647e+01 8.30406723e+01 5.86161079e+01
  endloop
 endfacet
 facet normal 6.20635211e-01 5.85079491e-01 5.22009492e-01
  outer loop
   vertex 4.04746933e+01 7.24622879e+01 6.36700745e+01
   vertex 4.40705872e+01 7.19148483e+01 6.00447693e+01
   vertex 4.22353134e+01 7.38363419e+01 6.00704308e+01
  endloop
 endfacet
 facet normal 5.97687840e-01 6.54348552e-01 4.63246375e-01
  outer loop
   vertex 3.76613770e+01 7.82918777e+01 6.01217690e+01
   vertex 3.83081284e+01 7.88230209e+01 5.85561142e+01
   vertex 3.60898361e+01 8.08154678e+01 5.85837555e+01
  endloop
 endfacet
 facet normal 5.89544773e-01 6.53892040e-01 4.74196315e-01
  outer loop
   vertex 3.76613770e+01 7.82918777e+01 6.01217690e+01
   vertex 3.60898361e+01 8.08154678e+01 5.85837555e+01
   vertex 3.54610062e+01 8.02752914e+01 6.01540070e+01
  endloop
 endfacet
 facet normal 6.32070243e-01 1.39208034e-01 7.62304604e-01
  outer loop
   vertex 6.26738205e+01 1.94794159e+01 6.82617493e+01
   vertex 6.54618378e+01 2.05372543e+01 6.58485489e+01
   vertex 6.41267090e+01 2.58769379e+01 6.59092331e+01
  endloop
 endfacet
 facet normal 2.92142272e-01 2.49782026e-01 9.23180282e-01
  outer loop
   vertex 1.75536957e+01 6.76635208e+01 8.05625458e+01
   vertex 1.74494171e+01 7.09792862e+01 7.96631317e+01
   vertex 1.57369156e+01 6.91614304e+01 8.07478943e+01
  endloop
 endfacet
 facet normal 5.84449351e-01 3.75592172e-01 7.19270110e-01
  outer loop
   vertex 2.79583969e+01 4.75485611e+01 8.07049866e+01
   vertex 2.70988312e+01 5.38657913e+01 8.03407288e+01
   vertex 2.47473907e+01 5.18754196e+01 8.10470123e+01
  endloop
 endfacet
 facet normal 6.64211154e-01 1.57447249e-01 7.30776250e-01
  outer loop
   vertex 6.54618378e+01 2.05372543e+01 6.58485489e+01
   vertex 6.82049637e+01 2.15794449e+01 6.30851212e+01
   vertex 6.41267090e+01 2.58769379e+01 6.59092331e+01
  endloop
 endfacet
 facet normal 6.30750179e-01 6.00721180e-01 4.91211027e-01
  outer loop
   vertex 4.40705872e+01 7.19148483e+01 6.00447693e+01
   vertex 4.29197083e+01 7.43595657e+01 5.85117378e+01
   vertex 4.22353134e+01 7.38363419e+01 6.00704308e+01
  endloop
 endfacet
 facet normal 6.25992596e-01 6.18863761e-01 4.74490196e-01
  outer loop
   vertex 4.22353134e+01 7.38363419e+01 6.00704308e+01
   vertex 4.29197083e+01 7.43595657e+01 5.85117378e+01
   vertex 4.05688782e+01 7.66987534e+01 5.85347176e+01
  endloop
 endfacet
 facet normal 6.17399991e-01 6.19362712e-01 4.84981537e-01
  outer loop
   vertex 4.22353134e+01 7.38363419e+01 6.00704308e+01
   vertex 4.05688782e+01 7.66987534e+01 5.85347176e+01
   vertex 3.99138947e+01 7.61621780e+01 6.00992737e+01
  endloop
 endfacet
 facet normal 6.11832201e-01 6.37324810e-01 4.68485236e-01
  outer loop
   vertex 3.99138947e+01 7.61621780e+01 6.00992737e+01
   vertex 4.05688782e+01 7.66987534e+01 5.85347176e+01
   vertex 3.83081284e+01 7.88230209e+01 5.85561142e+01
  endloop
 endfacet
 facet normal 7.07958281e-01 3.79418105e-01 5.95681965e-01
  outer loop
   vertex 5.81974640e+01 5.07579956e+01 6.16697617e+01
   vertex 5.84143600e+01 4.76662979e+01 6.33153381e+01
   vertex 6.06289902e+01 4.88584366e+01 5.99427490e+01
  endloop
 endfacet
 facet normal 6.03049397e-01 6.37432814e-01 4.79594439e-01
  outer loop
   vertex 3.99138947e+01 7.61621780e+01 6.00992737e+01
   vertex 3.83081284e+01 7.88230209e+01 5.85561142e+01
   vertex 3.76613770e+01 7.82918777e+01 6.01217690e+01
  endloop
 endfacet
 facet normal 4.29736048e-01 2.36882046e-01 8.71328771e-01
  outer loop
   vertex 2.79583969e+01 4.75485611e+01 8.07049866e+01
   vertex 3.03737564e+01 4.94529037e+01 8.00057983e+01
   vertex 2.70988312e+01 5.38657913e+01 8.03407288e+01
  endloop
 endfacet
 facet normal 2.54501820e-01 1.62883148e-01 9.53256488e-01
  outer loop
   vertex 2.15705719e+01 6.00960159e+01 8.08862457e+01
   vertex 2.16902084e+01 6.39515457e+01 8.01547546e+01
   vertex 1.96762543e+01 6.19643173e+01 8.10793915e+01
  endloop
 endfacet
 facet normal 2.42158413e-01 2.90415674e-01 9.25752699e-01
  outer loop
   vertex 1.56290588e+01 6.15015030e+01 8.19985352e+01
   vertex 1.78076324e+01 6.36934891e+01 8.12719879e+01
   vertex 1.56006470e+01 6.56096115e+01 8.15066071e+01
  endloop
 endfacet
 facet normal 6.83094621e-01 1.78600013e-01 7.08155215e-01
  outer loop
   vertex 6.82049637e+01 2.15794449e+01 6.30851212e+01
   vertex 6.67544327e+01 2.69487152e+01 6.31193008e+01
   vertex 6.41267090e+01 2.58769379e+01 6.59092331e+01
  endloop
 endfacet
 facet normal 7.07684875e-01 1.88733310e-01 6.80853784e-01
  outer loop
   vertex 6.88594055e+01 2.47976227e+01 6.15336342e+01
   vertex 6.67544327e+01 2.69487152e+01 6.31193008e+01
   vertex 6.82049637e+01 2.15794449e+01 6.30851212e+01
  endloop
 endfacet
 facet normal 2.80412704e-01 6.39451295e-02 9.57747221e-01
  outer loop
   vertex 3.78832932e+01 3.55521088e+01 7.90801544e+01
   vertex 4.03171234e+01 3.71193047e+01 7.82354126e+01
   vertex 3.58817978e+01 4.00191345e+01 7.93666382e+01
  endloop
 endfacet
 facet normal 8.90737832e-01 3.88037264e-01 2.36671060e-01
  outer loop
   vertex 7.55014267e+01 3.71383438e+01 4.12297630e+01
   vertex 7.61928101e+01 3.75180893e+01 3.80820847e+01
   vertex 7.38022156e+01 4.29110146e+01 3.80176849e+01
  endloop
 endfacet
 facet normal 2.81143576e-01 3.53148170e-02 9.59015727e-01
  outer loop
   vertex 4.10138245e+01 2.62484665e+01 7.85341949e+01
   vertex 4.21170731e+01 3.24575653e+01 7.79602661e+01
   vertex 3.95857697e+01 3.09504471e+01 7.88044281e+01
  endloop
 endfacet
 facet normal 6.99435294e-01 6.93844140e-01 1.71378478e-01
  outer loop
   vertex 4.88867188e+01 7.94441299e+01 3.43131027e+01
   vertex 5.12612610e+01 7.78722000e+01 3.09758739e+01
   vertex 4.93078232e+01 7.98569565e+01 3.09619541e+01
  endloop
 endfacet
 facet normal 7.52127051e-01 6.35982931e-01 1.72715262e-01
  outer loop
   vertex 5.78354416e+01 6.95519028e+01 3.44442062e+01
   vertex 5.82924500e+01 6.99487228e+01 3.10650082e+01
   vertex 5.39146347e+01 7.50315018e+01 3.10152283e+01
  endloop
 endfacet
 facet normal 9.19438481e-01 3.06062013e-01 2.46898711e-01
  outer loop
   vertex 7.94617615e+01 2.61417694e+01 4.13637161e+01
   vertex 8.02075958e+01 2.64916000e+01 3.82102661e+01
   vertex 7.83300018e+01 3.20362549e+01 3.81399841e+01
  endloop
 endfacet
 facet normal 2.81115055e-01 4.52741869e-02 9.58605528e-01
  outer loop
   vertex 3.95857697e+01 3.09504471e+01 7.88044281e+01
   vertex 4.21170731e+01 3.24575653e+01 7.79602661e+01
   vertex 3.78832932e+01 3.55521088e+01 7.90801544e+01
  endloop
 endfacet
 facet normal 8.49260390e-01 4.84575719e-01 2.09626362e-01
  outer loop
   vertex 7.11625443e+01 4.82121048e+01 3.79636497e+01
   vertex 6.88419952e+01 5.37802811e+01 3.46268158e+01
   vertex 6.82879639e+01 5.33902054e+01 3.78964081e+01
  endloop
 endfacet
 facet normal 5.99216044e-01 7.96559095e-01 8.02109912e-02
  outer loop
   vertex 3.50602646e+01 9.41254044e+01 1.95453434e+01
   vertex 3.84826355e+01 9.23880386e+01 1.13061457e+01
   vertex 3.54313583e+01 9.47304459e+01 1.12891798e+01
  endloop
 endfacet
 facet normal 7.71517277e-01 6.10162318e-01 1.80174872e-01
  outer loop
   vertex 6.19096756e+01 6.42900314e+01 3.45115662e+01
   vertex 5.82924500e+01 6.99487228e+01 3.10650082e+01
   vertex 5.78354416e+01 6.95519028e+01 3.44442062e+01
  endloop
 endfacet
 facet normal 9.17508960e-01 3.89834344e-01 7.87814483e-02
  outer loop
   vertex 8.03683014e+01 3.67676125e+01 1.62294388e+01
   vertex 8.09999542e+01 3.56405334e+01 1.44007368e+01
   vertex 7.96010590e+01 3.94503212e+01 1.15797262e+01
  endloop
 endfacet
 facet normal 8.84405613e-01 4.61731136e-01 6.80520311e-02
  outer loop
   vertex 7.54349518e+01 4.74417953e+01 1.57269802e+01
   vertex 7.70198975e+01 4.49612198e+01 1.15673018e+01
   vertex 7.42220078e+01 5.03086319e+01 1.15479479e+01
  endloop
 endfacet
 facet normal 9.17974234e-01 2.57855713e-01 3.01386416e-01
  outer loop
   vertex 8.02462769e+01 2.02072296e+01 4.42896080e+01
   vertex 8.10644531e+01 2.05436249e+01 4.14384613e+01
   vertex 7.86704712e+01 2.57876129e+01 4.42234726e+01
  endloop
 endfacet
 facet normal 9.40204561e-01 3.27271402e-01 9.43863094e-02
  outer loop
   vertex 8.42063599e+01 2.60706482e+01 1.71977825e+01
   vertex 8.31537628e+01 3.00017929e+01 1.44172716e+01
   vertex 8.27014465e+01 3.08899536e+01 1.57957211e+01
  endloop
 endfacet
 facet normal 9.34957266e-01 3.45995575e-01 7.83703700e-02
  outer loop
   vertex 8.27014465e+01 3.08899536e+01 1.57957211e+01
   vertex 8.31537628e+01 3.00017929e+01 1.44172716e+01
   vertex 8.19225769e+01 3.38771629e+01 1.16287766e+01
  endloop
 endfacet
 facet normal 9.47900534e-01 2.39555150e-01 2.09995136e-01
  outer loop
   vertex 8.37845306e+01 1.63471222e+01 3.50266914e+01
   vertex 8.44979706e+01 1.65979919e+01 3.15900841e+01
   vertex 8.32627258e+01 2.14352875e+01 3.15451889e+01
  endloop
 endfacet
 facet normal 2.54933268e-01 2.13835597e-01 9.43018198e-01
  outer loop
   vertex 1.38063965e+01 6.70737991e+01 8.16898956e+01
   vertex 1.57369156e+01 6.91614304e+01 8.07478943e+01
   vertex 1.32663193e+01 7.10539322e+01 8.09825592e+01
  endloop
 endfacet
 facet normal 8.77130866e-01 4.57980126e-01 1.44553140e-01
  outer loop
   vertex 7.59152374e+01 4.41700363e+01 2.48462086e+01
   vertex 7.31808167e+01 4.95093536e+01 2.48040543e+01
   vertex 7.28282318e+01 4.92777786e+01 2.75694389e+01
  endloop
 endfacet
 facet normal 8.77966940e-01 4.61542875e-01 1.27091333e-01
  outer loop
   vertex 7.59152374e+01 4.41700363e+01 2.48462086e+01
   vertex 7.36896973e+01 4.98452988e+01 1.98706245e+01
   vertex 7.31808167e+01 4.95093536e+01 2.48040543e+01
  endloop
 endfacet
 facet normal 9.30421948e-01 2.66227812e-01 2.51868546e-01
  outer loop
   vertex 8.10644531e+01 2.05436249e+01 4.14384613e+01
   vertex 8.18429108e+01 2.08647842e+01 3.82800217e+01
   vertex 8.02075958e+01 2.64916000e+01 3.82102661e+01
  endloop
 endfacet
 facet normal 9.44176435e-01 2.49699116e-01 2.14898169e-01
  outer loop
   vertex 8.37845306e+01 1.63471222e+01 3.50266914e+01
   vertex 8.32627258e+01 2.14352875e+01 3.15451889e+01
   vertex 8.25746155e+01 2.11580963e+01 3.49712257e+01
  endloop
 endfacet
 facet normal 9.41715419e-01 2.80164391e-01 1.86225563e-01
  outer loop
   vertex 8.32627258e+01 2.14352875e+01 3.15451889e+01
   vertex 8.39451599e+01 2.16959915e+01 2.77916336e+01
   vertex 8.22233887e+01 2.73701019e+01 2.77477531e+01
  endloop
 endfacet
 facet normal 9.44684446e-01 3.13705027e-01 9.57102254e-02
  outer loop
   vertex 8.42063599e+01 2.60706482e+01 1.71977825e+01
   vertex 8.46392212e+01 2.51893616e+01 1.58193073e+01
   vertex 8.31537628e+01 3.00017929e+01 1.44172716e+01
  endloop
 endfacet
 facet normal 6.86778307e-01 6.68950796e-01 2.84324437e-01
  outer loop
   vertex 4.86781921e+01 7.55138626e+01 4.64242477e+01
   vertex 4.93072739e+01 7.60459518e+01 4.35915718e+01
   vertex 4.67595062e+01 7.74685745e+01 4.64106255e+01
  endloop
 endfacet
 facet normal 2.89640844e-01 2.67033726e-01 9.19130683e-01
  outer loop
   vertex 4.70991364e+01 3.79425049e+00 7.65443573e+01
   vertex 4.88201447e+01 0.00000000e+00 7.58881226e+01
   vertex 4.98736801e+01 4.79402924e+00 7.56657715e+01
  endloop
 endfacet
 facet normal 6.93253636e-01 6.87669396e-01 2.15662301e-01
  outer loop
   vertex 4.79105301e+01 7.85100479e+01 4.06787567e+01
   vertex 5.03641815e+01 7.70128555e+01 3.75857315e+01
   vertex 4.84170380e+01 7.89919357e+01 3.75622292e+01
  endloop
 endfacet
 facet normal 8.21444750e-01 5.20325303e-01 2.33431131e-01
  outer loop
   vertex 6.76780167e+01 5.29675217e+01 4.10291595e+01
   vertex 6.51640549e+01 5.84349289e+01 3.78339462e+01
   vertex 6.45774384e+01 5.79967575e+01 4.09603424e+01
  endloop
 endfacet
 facet normal 8.63905191e-01 4.19911355e-01 2.78104842e-01
  outer loop
   vertex 7.24441223e+01 4.21070709e+01 4.40160484e+01
   vertex 7.31423111e+01 4.25163498e+01 4.11582603e+01
   vertex 6.98579712e+01 4.73871307e+01 4.39564667e+01
  endloop
 endfacet
 facet normal 8.28517795e-01 4.65029597e-01 3.11938733e-01
  outer loop
   vertex 6.90835342e+01 4.69190598e+01 4.67568779e+01
   vertex 6.70302887e+01 5.25372238e+01 4.38986168e+01
   vertex 6.62842560e+01 5.20577545e+01 4.67007179e+01
  endloop
 endfacet
 facet normal 8.39769423e-01 4.18349385e-01 3.46079648e-01
  outer loop
   vertex 7.16295242e+01 4.16624832e+01 4.68162651e+01
   vertex 6.90835342e+01 4.69190598e+01 4.67568779e+01
   vertex 6.81521606e+01 4.63811722e+01 4.96034584e+01
  endloop
 endfacet
 facet normal 6.82480335e-01 6.98445678e-01 2.15393096e-01
  outer loop
   vertex 4.79105301e+01 7.85100479e+01 4.06787567e+01
   vertex 4.84170380e+01 7.89919357e+01 3.75622292e+01
   vertex 4.59552078e+01 8.13966751e+01 3.75311584e+01
  endloop
 endfacet
 facet normal 9.60457444e-01 2.72404641e-01 5.75953647e-02
  outer loop
   vertex 8.72028809e+01 1.75102997e+01 1.16508665e+01
   vertex 8.61181793e+01 2.25726318e+01 5.82526588e+00
   vertex 8.58392334e+01 2.24454803e+01 1.16627522e+01
  endloop
 endfacet
 facet normal 9.63911235e-01 2.61888266e-01 4.78507802e-02
  outer loop
   vertex 8.72028809e+01 1.75102997e+01 1.16508665e+01
   vertex 8.75062714e+01 1.76053009e+01 5.83179331e+00
   vertex 8.61181793e+01 2.25726318e+01 5.82526588e+00
  endloop
 endfacet
 facet normal 5.72756171e-01 7.72111595e-01 2.75307149e-01
  outer loop
   vertex 3.47815018e+01 8.80687790e+01 4.63303223e+01
   vertex 3.23511963e+01 9.09221268e+01 4.34532700e+01
   vertex 3.17985535e+01 9.03251572e+01 4.63170891e+01
  endloop
 endfacet
 facet normal 5.82602859e-01 7.67840922e-01 2.66447395e-01
  outer loop
   vertex 3.47815018e+01 8.80687790e+01 4.63303223e+01
   vertex 3.53445587e+01 8.86517868e+01 4.34729462e+01
   vertex 3.23511963e+01 9.09221268e+01 4.34532700e+01
  endloop
 endfacet
 facet normal 6.13841116e-01 7.39017546e-01 2.77582675e-01
  outer loop
   vertex 3.96777878e+01 8.40555496e+01 4.63545837e+01
   vertex 3.75433655e+01 8.68950424e+01 4.34794350e+01
   vertex 3.69713593e+01 8.63213425e+01 4.63433342e+01
  endloop
 endfacet
 facet normal 6.03290319e-01 7.51426578e-01 2.67205626e-01
  outer loop
   vertex 3.69713593e+01 8.63213425e+01 4.63433342e+01
   vertex 3.75433655e+01 8.68950424e+01 4.34794350e+01
   vertex 3.53445587e+01 8.86517868e+01 4.34729462e+01
  endloop
 endfacet
 facet normal 5.86960733e-01 7.41126001e-01 3.25897813e-01
  outer loop
   vertex 3.63066406e+01 8.56689072e+01 4.92613182e+01
   vertex 3.41299591e+01 8.74072647e+01 4.92568283e+01
   vertex 3.35784531e+01 8.68734818e+01 5.14635544e+01
  endloop
 endfacet
 facet normal 5.95306516e-01 7.54319131e-01 2.76790142e-01
  outer loop
   vertex 3.69713593e+01 8.63213425e+01 4.63433342e+01
   vertex 3.53445587e+01 8.86517868e+01 4.34729462e+01
   vertex 3.47815018e+01 8.80687790e+01 4.63303223e+01
  endloop
 endfacet
 facet normal 6.07811809e-01 7.57027209e-01 2.39738613e-01
  outer loop
   vertex 3.75433655e+01 8.68950424e+01 4.34794350e+01
   vertex 3.80468826e+01 8.74229202e+01 4.05928535e+01
   vertex 3.58417206e+01 8.91860428e+01 4.05704803e+01
  endloop
 endfacet
 facet normal 5.64990580e-01 7.59175539e-01 3.23168963e-01
  outer loop
   vertex 3.41299591e+01 8.74072647e+01 4.92568283e+01
   vertex 3.11634598e+01 8.96641922e+01 4.92498131e+01
   vertex 3.06315536e+01 8.91079941e+01 5.14636688e+01
  endloop
 endfacet
 facet normal 6.65356338e-01 7.14834511e-01 2.15203419e-01
  outer loop
   vertex 4.54509048e+01 8.09045029e+01 4.06559448e+01
   vertex 4.59552078e+01 8.13966751e+01 3.75311584e+01
   vertex 4.35808640e+01 8.35912552e+01 3.75043716e+01
  endloop
 endfacet
 facet normal 6.64939642e-01 7.25502491e-01 1.77486405e-01
  outer loop
   vertex 4.64084167e+01 8.18477707e+01 3.42850304e+01
   vertex 4.44442825e+01 8.44745560e+01 3.09109726e+01
   vertex 4.40296021e+01 8.40536118e+01 3.42697830e+01
  endloop
 endfacet
 facet normal 8.83316457e-01 3.99661720e-01 2.44995102e-01
  outer loop
   vertex 7.55014267e+01 3.71383438e+01 4.12297630e+01
   vertex 7.38022156e+01 4.29110146e+01 3.80176849e+01
   vertex 7.31423111e+01 4.25163498e+01 4.11582603e+01
  endloop
 endfacet
 facet normal 6.81896985e-01 7.09434271e-01 1.78099886e-01
  outer loop
   vertex 4.88867188e+01 7.94441299e+01 3.43131027e+01
   vertex 4.68320694e+01 8.22682419e+01 3.09259357e+01
   vertex 4.64084167e+01 8.18477707e+01 3.42850304e+01
  endloop
 endfacet
 facet normal 8.05531621e-01 5.49406171e-01 2.21972093e-01
  outer loop
   vertex 6.45774384e+01 5.79967575e+01 4.09603424e+01
   vertex 6.51640549e+01 5.84349289e+01 3.78339462e+01
   vertex 6.13988113e+01 6.38802872e+01 3.77628784e+01
  endloop
 endfacet
 facet normal 7.45963156e-01 6.29557490e-01 2.17247143e-01
  outer loop
   vertex 5.68035278e+01 6.86770248e+01 4.08206978e+01
   vertex 5.73406677e+01 6.91329422e+01 3.76998863e+01
   vertex 5.29990158e+01 7.41900558e+01 3.76264381e+01
  endloop
 endfacet
 facet normal 7.18598545e-01 6.60911322e-01 2.16361552e-01
  outer loop
   vertex 5.24695511e+01 7.37235641e+01 4.07468033e+01
   vertex 5.29990158e+01 7.41900558e+01 3.76264381e+01
   vertex 5.03641815e+01 7.70128555e+01 3.75857315e+01
  endloop
 endfacet
 facet normal 7.45862305e-01 6.57184184e-01 1.08620405e-01
  outer loop
   vertex 2.95413818e+01 9.80255966e+01 1.95115433e+01
   vertex 2.37537079e+01 1.01801201e+02 1.95070343e+01
   vertex 2.92051315e+01 9.75430222e+01 2.43796329e+01
  endloop
 endfacet
 facet normal 8.94303381e-01 4.34805989e-01 1.05665706e-01
  outer loop
   vertex 2.92051315e+01 9.75430222e+01 2.43796329e+01
   vertex 2.37537079e+01 1.01801201e+02 1.95070343e+01
   vertex 2.34150620e+01 1.01311607e+02 2.43763046e+01
  endloop
 endfacet
 facet normal 3.89704704e-01 5.78169644e-01 7.16833413e-01
  outer loop
   vertex 3.00695648e+01 9.91232681e+01 1.09164476e-01
   vertex 3.00704193e+01 9.91263657e+01 5.68434189e-14
   vertex 2.87963715e+01 9.99574814e+01 1.08095884e-01
  endloop
 endfacet
 facet normal 5.46219110e-01 4.56106454e-01 7.02574968e-01
  outer loop
   vertex 3.00704193e+01 9.91263657e+01 5.68434189e-14
   vertex 2.42876663e+01 1.02914635e+02 5.68434189e-14
   vertex 2.87963715e+01 9.99574814e+01 1.08095884e-01
  endloop
 endfacet
 facet normal 6.61778033e-01 4.51369882e-01 5.98594189e-01
  outer loop
   vertex 2.87963715e+01 9.99574814e+01 1.08095884e-01
   vertex 2.42876663e+01 1.02914635e+02 5.68434189e-14
   vertex 2.81148987e+01 1.00403877e+02 1.07522964e-01
  endloop
 endfacet
 facet normal 8.76766503e-01 3.19504559e-01 3.59440267e-01
  outer loop
   vertex 2.42876663e+01 1.02914635e+02 5.68434189e-14
   vertex 2.42431412e+01 1.02754753e+02 5.60925722e+00
   vertex 2.81148987e+01 1.00403877e+02 1.07522964e-01
  endloop
 endfacet
 facet normal 8.80602598e-01 4.73141402e-01 2.60043740e-02
  outer loop
   vertex 2.81148987e+01 1.00403877e+02 1.07522964e-01
   vertex 2.42431412e+01 1.02754753e+02 5.60925722e+00
   vertex 2.80106583e+01 1.00327278e+02 4.41635370e+00
  endloop
 endfacet
 facet normal 8.17412138e-01 5.65722823e-01 -1.08605139e-01
  outer loop
   vertex 2.42431412e+01 1.02754753e+02 5.60925722e+00
   vertex 3.00263596e+01 9.89669418e+01 5.61323595e+00
   vertex 2.80106583e+01 1.00327278e+02 4.41635370e+00
  endloop
 endfacet
 facet normal 6.05843186e-01 7.06943750e-01 -3.64944607e-01
  outer loop
   vertex 2.80106583e+01 1.00327278e+02 4.41635370e+00
   vertex 3.00263596e+01 9.89669418e+01 5.61323595e+00
   vertex 2.89175797e+01 9.97332077e+01 4.41711235e+00
  endloop
 endfacet
 facet normal 4.89772826e-01 7.25280941e-01 -4.83828634e-01
  outer loop
   vertex 3.00263596e+01 9.89669418e+01 5.61323595e+00
   vertex 3.00357437e+01 9.90008774e+01 4.41804504e+00
   vertex 2.89175797e+01 9.97332077e+01 4.41711235e+00
  endloop
 endfacet
 facet normal 7.43072629e-01 6.56141520e-01 1.31610498e-01
  outer loop
   vertex 2.92051315e+01 9.75430222e+01 2.43796329e+01
   vertex 2.34150620e+01 1.01311607e+02 2.43763046e+01
   vertex 2.89793549e+01 9.72374496e+01 2.71371422e+01
  endloop
 endfacet
 facet normal 8.92163575e-01 4.33929116e-01 1.25497892e-01
  outer loop
   vertex 2.89793549e+01 9.72374496e+01 2.71371422e+01
   vertex 2.34150620e+01 1.01311607e+02 2.43763046e+01
   vertex 2.31884537e+01 1.01001534e+02 2.71342754e+01
  endloop
 endfacet
 facet normal 7.38610446e-01 6.52179539e-01 1.70635551e-01
  outer loop
   vertex 2.86245575e+01 9.67816544e+01 3.07880592e+01
   vertex 2.28330994e+01 1.00538612e+02 3.07847576e+01
   vertex 2.82541275e+01 9.63113022e+01 3.41363182e+01
  endloop
 endfacet
 facet normal 8.88019502e-01 4.30016935e-01 1.62809119e-01
  outer loop
   vertex 2.82541275e+01 9.63113022e+01 3.41363182e+01
   vertex 2.28330994e+01 1.00538612e+02 3.07847576e+01
   vertex 2.24627914e+01 1.00059792e+02 3.41352348e+01
  endloop
 endfacet
 facet normal 7.49749720e-01 6.59243405e-01 5.72144948e-02
  outer loop
   vertex 2.99080811e+01 9.86513443e+01 1.12645550e+01
   vertex 3.00263596e+01 9.89669418e+01 5.61323595e+00
   vertex 2.41228027e+01 1.02435402e+02 1.12604647e+01
  endloop
 endfacet
 facet normal 8.98938954e-01 4.36284304e-01 3.95571291e-02
  outer loop
   vertex 2.41228027e+01 1.02435402e+02 1.12604647e+01
   vertex 3.00263596e+01 9.89669418e+01 5.61323595e+00
   vertex 2.42431412e+01 1.02754753e+02 5.60925722e+00
  endloop
 endfacet
 facet normal 7.47734725e-01 6.58041954e-01 8.87331218e-02
  outer loop
   vertex 2.95413818e+01 9.80255966e+01 1.95115433e+01
   vertex 2.99080811e+01 9.86513443e+01 1.12645550e+01
   vertex 2.37537079e+01 1.01801201e+02 1.95070343e+01
  endloop
 endfacet
 facet normal 8.97349834e-01 4.36026782e-01 6.81465939e-02
  outer loop
   vertex 2.37537079e+01 1.01801201e+02 1.95070343e+01
   vertex 2.99080811e+01 9.86513443e+01 1.12645550e+01
   vertex 2.41228027e+01 1.02435402e+02 1.12604647e+01
  endloop
 endfacet
 facet normal 7.40977287e-01 6.54407740e-01 1.50675893e-01
  outer loop
   vertex 2.89793549e+01 9.72374496e+01 2.71371422e+01
   vertex 2.31884537e+01 1.01001534e+02 2.71342754e+01
   vertex 2.86245575e+01 9.67816544e+01 3.07880592e+01
  endloop
 endfacet
 facet normal 8.90294850e-01 4.32040542e-01 1.43930659e-01
  outer loop
   vertex 2.86245575e+01 9.67816544e+01 3.07880592e+01
   vertex 2.31884537e+01 1.01001534e+02 2.71342754e+01
   vertex 2.28330994e+01 1.00538612e+02 3.07847576e+01
  endloop
 endfacet
 facet normal -9.40247178e-01 -2.44812757e-01 -2.36647338e-01
  outer loop
   vertex 8.73564606e+01 1.70652847e+01 3.94761543e+01
   vertex 8.61239014e+01 2.20332336e+01 3.93928680e+01
   vertex 8.68762970e+01 2.23469925e+01 3.59775467e+01
  endloop
 endfacet
 facet normal -9.47517693e-01 -2.88695753e-01 -1.37350008e-01
  outer loop
   vertex 8.87453308e+01 2.31061020e+01 2.57149181e+01
   vertex 8.75903625e+01 2.92919159e+01 2.05419502e+01
   vertex 8.94315186e+01 2.33935928e+01 2.06002655e+01
  endloop
 endfacet
 facet normal -9.43724990e-01 -2.82903969e-01 -1.71314090e-01
  outer loop
   vertex 8.82737274e+01 2.29224930e+01 2.86221237e+01
   vertex 8.65000000e+01 2.87802811e+01 2.85554867e+01
   vertex 8.87453308e+01 2.31061020e+01 2.57149181e+01
  endloop
 endfacet
 facet normal -6.92554176e-01 -6.75937831e-01 -2.51946092e-01
  outer loop
   vertex 5.24924698e+01 7.91032486e+01 4.47907867e+01
   vertex 5.04803467e+01 8.11492386e+01 4.47657623e+01
   vertex 5.30578918e+01 7.96134720e+01 4.17752113e+01
  endloop
 endfacet
 facet normal -6.72340691e-01 -6.88473761e-01 -2.71959335e-01
  outer loop
   vertex 4.98410110e+01 8.05708847e+01 4.77562180e+01
   vertex 4.79606934e+01 8.36107101e+01 4.47324829e+01
   vertex 5.04803467e+01 8.11492386e+01 4.47657623e+01
  endloop
 endfacet
 facet normal -6.55562401e-01 -7.04805851e-01 -2.71084249e-01
  outer loop
   vertex 4.73298950e+01 8.30242691e+01 4.77229576e+01
   vertex 4.55198593e+01 8.58654099e+01 4.46991196e+01
   vertex 4.79606934e+01 8.36107101e+01 4.47324829e+01
  endloop
 endfacet
 facet normal -8.32567751e-01 -5.36622286e-01 -1.37358844e-01
  outer loop
   vertex 7.40837173e+01 5.70627518e+01 2.53733997e+01
   vertex 7.04426575e+01 6.20698624e+01 2.81806126e+01
   vertex 7.07628860e+01 6.23256302e+01 2.53150597e+01
  endloop
 endfacet
 facet normal -2.44586498e-01 -1.83933333e-01 -9.52022076e-01
  outer loop
   vertex 1.66600113e+01 6.63235092e+01 8.58996429e+01
   vertex 1.48411865e+01 6.78231430e+01 8.60828857e+01
   vertex 1.69967117e+01 7.02203903e+01 8.50166321e+01
  endloop
 endfacet
 facet normal -2.84382463e-01 -2.83435155e-02 -9.58291829e-01
  outer loop
   vertex 1.65802536e+01 6.20396347e+01 8.64410858e+01
   vertex 1.44044876e+01 6.39242630e+01 8.66743469e+01
   vertex 1.66600113e+01 6.63235092e+01 8.58996429e+01
  endloop
 endfacet
 facet normal -4.13623489e-02 1.39638573e-01 -9.89338279e-01
  outer loop
   vertex 4.37839584e+01 5.09178925e+00 8.19678040e+01
   vertex 4.47730789e+01 1.16850204e+01 8.21927795e+01
   vertex 4.79073257e+01 1.29589615e+01 8.13180695e+01
  endloop
 endfacet
 facet normal -9.16450202e-01 2.94127196e-01 -2.71308392e-01
  outer loop
   vertex 8.63736420e+01 1.14267044e+01 4.64234734e+01
   vertex 8.56108856e+01 1.63917389e+01 4.58403587e+01
   vertex 8.70687256e+01 1.16381989e+01 4.44075890e+01
  endloop
 endfacet
 facet normal -9.28964734e-01 2.86689103e-01 -2.34166428e-01
  outer loop
   vertex 8.65125732e+01 1.67415466e+01 4.27749138e+01
   vertex 8.83954010e+01 1.20418854e+01 3.95594673e+01
   vertex 8.70687256e+01 1.16381989e+01 4.44075890e+01
  endloop
 endfacet
 facet normal -4.66197431e-01 -1.48460129e-02 -8.84556115e-01
  outer loop
   vertex 5.74615784e+01 6.70229340e+00 7.75029297e+01
   vertex 6.02001572e+01 1.22930145e+01 7.59701691e+01
   vertex 6.06165924e+01 7.76000977e+00 7.58786011e+01
  endloop
 endfacet
 facet normal -3.69684011e-01 1.67372059e-02 -9.29006755e-01
  outer loop
   vertex 5.14002533e+01 4.67489624e+00 7.99769135e+01
   vertex 5.40510941e+01 1.00473633e+01 7.90272522e+01
   vertex 5.43151245e+01 5.64479065e+00 7.88856812e+01
  endloop
 endfacet
 facet normal -4.99529004e-01 -2.59491205e-02 -8.65908444e-01
  outer loop
   vertex 6.06165924e+01 7.76000977e+00 7.58786011e+01
   vertex 6.02001572e+01 1.22930145e+01 7.59701691e+01
   vertex 6.37632599e+01 8.80916595e+00 7.40043182e+01
  endloop
 endfacet
 facet normal -9.61884022e-01 -2.61660665e-01 -7.94529840e-02
  outer loop
   vertex 9.05991821e+01 2.10489197e+01 1.63019276e+01
   vertex 9.02166443e+01 2.37413254e+01 1.19619770e+01
   vertex 9.16268311e+01 1.86267014e+01 1.19869080e+01
  endloop
 endfacet
 facet normal -5.51522970e-01 -4.64074165e-02 -8.32867801e-01
  outer loop
   vertex 6.37632599e+01 8.80916595e+00 7.40043182e+01
   vertex 6.32623215e+01 1.34073029e+01 7.40625916e+01
   vertex 6.69430008e+01 9.87563324e+00 7.18218231e+01
  endloop
 endfacet
 facet normal -9.56010342e-01 2.69083172e-01 -1.16783649e-01
  outer loop
   vertex 9.21117249e+01 1.31726761e+01 1.96673088e+01
   vertex 9.12337646e+01 1.29055328e+01 2.58315449e+01
   vertex 9.07910004e+01 1.83197250e+01 2.06418705e+01
  endloop
 endfacet
 facet normal -9.89538550e-01 9.08690598e-03 -1.43982247e-01
  outer loop
   vertex 9.07910004e+01 1.83197250e+01 2.06418705e+01
   vertex 9.12337646e+01 1.29055328e+01 2.58315449e+01
   vertex 9.00708313e+01 1.80649490e+01 2.57731934e+01
  endloop
 endfacet
 facet normal -1.77375153e-01 5.22196591e-01 -8.34175527e-01
  outer loop
   vertex 4.84358597e+01 3.67897034e+00 8.09181976e+01
   vertex 5.01920395e+01 4.17434692e-01 8.01935425e+01
   vertex 4.71661301e+01 7.67097473e-01 8.12764282e+01
  endloop
 endfacet
 facet normal -3.24891865e-01 2.37274971e-02 -9.45453465e-01
  outer loop
   vertex 4.84358597e+01 3.67897034e+00 8.09181976e+01
   vertex 5.12042084e+01 9.00365448e+00 8.01435242e+01
   vertex 5.14002533e+01 4.67489624e+00 7.99769135e+01
  endloop
 endfacet
 facet normal 1.73571594e-02 4.60639685e-01 -8.87417495e-01
  outer loop
   vertex 4.66089478e+01 1.11037445e+00 8.14097443e+01
   vertex 4.84358597e+01 3.67897034e+00 8.09181976e+01
   vertex 4.71661301e+01 7.67097473e-01 8.12764282e+01
  endloop
 endfacet
 facet normal -4.17712897e-01 2.37872428e-03 -9.08575952e-01
  outer loop
   vertex 5.43151245e+01 5.64479065e+00 7.88856812e+01
   vertex 5.71214142e+01 1.11701355e+01 7.76195526e+01
   vertex 5.74615784e+01 6.70229340e+00 7.75029297e+01
  endloop
 endfacet
 facet normal -6.52013838e-01 -9.05537382e-02 -7.52780199e-01
  outer loop
   vertex 7.01308670e+01 1.09505615e+01 6.92894897e+01
   vertex 6.94531021e+01 1.56537781e+01 6.92894897e+01
   vertex 7.33186340e+01 1.20338135e+01 6.63489838e+01
  endloop
 endfacet
 facet normal -8.40654016e-01 -4.75733042e-01 -2.58802891e-01
  outer loop
   vertex 7.44574738e+01 4.98628387e+01 4.22334442e+01
   vertex 7.08184586e+01 5.47533340e+01 4.51906052e+01
   vertex 7.15015411e+01 5.52157822e+01 4.21501465e+01
  endloop
 endfacet
 facet normal -7.04182148e-01 -6.87240839e-01 -1.78402707e-01
  outer loop
   vertex 5.40734100e+01 8.05736008e+01 3.51862144e+01
   vertex 5.20526810e+01 8.26359940e+01 3.51612167e+01
   vertex 5.45155334e+01 8.09983292e+01 3.17292480e+01
  endloop
 endfacet
 facet normal -2.77079821e-01 -9.22784284e-02 -9.56405520e-01
  outer loop
   vertex 3.70659637e+01 4.03204880e+01 8.37754364e+01
   vertex 3.44765854e+01 4.52218933e+01 8.40919952e+01
   vertex 3.70328674e+01 4.71183853e+01 8.31090851e+01
  endloop
 endfacet
 facet normal -2.78939664e-01 -2.14501452e-02 -9.60069060e-01
  outer loop
   vertex 4.33434677e+01 2.14898834e+01 8.26925659e+01
   vertex 4.22049713e+01 2.63262634e+01 8.29507294e+01
   vertex 4.50842819e+01 2.78704300e+01 8.20344849e+01
  endloop
 endfacet
 facet normal -8.69100332e-01 -3.71144384e-01 -3.26980770e-01
  outer loop
   vertex 7.79090424e+01 3.79289436e+01 4.84559975e+01
   vertex 7.55412292e+01 4.34675598e+01 4.83560486e+01
   vertex 7.88165894e+01 3.84121704e+01 4.54487877e+01
  endloop
 endfacet
 facet normal -8.37738216e-01 -3.48645598e-01 -4.20286685e-01
  outer loop
   vertex 7.58781967e+01 3.69085274e+01 5.38122482e+01
   vertex 7.36026764e+01 4.24155540e+01 5.37205772e+01
   vertex 7.68358765e+01 3.73843002e+01 5.14880791e+01
  endloop
 endfacet
 facet normal -8.03477585e-01 -3.28975379e-01 -4.96184409e-01
  outer loop
   vertex 7.36796875e+01 3.91260452e+01 5.61779556e+01
   vertex 7.35327148e+01 3.57824211e+01 5.85603142e+01
   vertex 7.29167023e+01 3.98452034e+01 5.69609184e+01
  endloop
 endfacet
 facet normal -7.78297782e-01 -3.51639956e-01 -5.20194173e-01
  outer loop
   vertex 6.99378052e+01 4.05487518e+01 6.09760704e+01
   vertex 6.89094315e+01 4.66450653e+01 5.84103584e+01
   vertex 7.13577728e+01 4.12580299e+01 5.84853859e+01
  endloop
 endfacet
 facet normal -7.74449587e-01 -4.33935791e-01 -4.60355937e-01
  outer loop
   vertex 6.78703995e+01 5.06002121e+01 5.68027115e+01
   vertex 6.61965027e+01 5.19191208e+01 5.83437843e+01
   vertex 6.66243515e+01 5.44847946e+01 5.51533852e+01
  endloop
 endfacet
 facet normal -7.55628228e-01 -4.77604061e-01 -4.48241353e-01
  outer loop
   vertex 6.49422455e+01 5.58036118e+01 5.67277527e+01
   vertex 6.32110138e+01 5.70714951e+01 5.82771416e+01
   vertex 6.33609238e+01 5.97986069e+01 5.50700684e+01
  endloop
 endfacet
 facet normal -7.57151306e-01 -5.28478682e-01 -3.83968979e-01
  outer loop
   vertex 6.33609238e+01 5.97986069e+01 5.50700684e+01
   vertex 6.14445419e+01 6.38875961e+01 5.33790321e+01
   vertex 6.22096863e+01 6.44182053e+01 5.10383224e+01
  endloop
 endfacet
 facet normal -7.24881530e-01 -6.06831014e-01 -3.26041311e-01
  outer loop
   vertex 5.81283875e+01 6.98087234e+01 5.09466553e+01
   vertex 5.37428513e+01 7.49771500e+01 5.08717232e+01
   vertex 5.89501114e+01 7.04319534e+01 4.79145584e+01
  endloop
 endfacet
 facet normal -6.69775486e-01 -6.59294188e-01 -3.41660559e-01
  outer loop
   vertex 5.10652237e+01 7.78772202e+01 5.08217049e+01
   vertex 4.84303894e+01 7.93536301e+01 5.31541367e+01
   vertex 4.90865555e+01 7.99155350e+01 5.07966805e+01
  endloop
 endfacet
 facet normal -6.87129378e-01 -6.39459491e-01 -3.44883770e-01
  outer loop
   vertex 5.37428513e+01 7.49771500e+01 5.08717232e+01
   vertex 5.04004898e+01 7.73236313e+01 5.31791725e+01
   vertex 5.10652237e+01 7.78772202e+01 5.08217049e+01
  endloop
 endfacet
 facet normal -6.36543334e-01 -7.29673266e-01 -2.49778837e-01
  outer loop
   vertex 4.55198593e+01 8.58654099e+01 4.46991196e+01
   vertex 4.31400833e+01 8.79713211e+01 4.46824760e+01
   vertex 4.36716614e+01 8.85141983e+01 4.16670227e+01
  endloop
 endfacet
 facet normal -5.43361187e-01 2.06074819e-01 -8.13813150e-01
  outer loop
   vertex 6.06165924e+01 7.76000977e+00 7.58786011e+01
   vertex 6.37632599e+01 8.80916595e+00 7.40043182e+01
   vertex 6.24533157e+01 4.14827728e+00 7.48372650e+01
  endloop
 endfacet
 facet normal -9.36992228e-01 -2.67400950e-01 2.24816099e-01
  outer loop
   vertex 9.19329224e+01 1.87489548e+01 5.99761534e+00
   vertex 9.04972229e+01 2.38880615e+01 5.98097134e+00
   vertex 9.05794525e+01 2.39479294e+01 0.00000000e+00
  endloop
 endfacet
 facet normal 2.17169642e-01 1.73566833e-01 -9.60578918e-01
  outer loop
   vertex 3.43583984e+01 3.84962158e+01 8.45001984e+01
   vertex 3.18541107e+01 4.32991219e+01 8.48250427e+01
   vertex 3.44765854e+01 4.52218933e+01 8.40919952e+01
  endloop
 endfacet
 facet normal -2.66700406e-02 4.21396345e-02 -9.98755693e-01
  outer loop
   vertex 3.43583984e+01 3.84962158e+01 8.45001984e+01
   vertex 3.44765854e+01 4.52218933e+01 8.40919952e+01
   vertex 3.70659637e+01 4.03204880e+01 8.37754364e+01
  endloop
 endfacet
 facet normal 2.31383502e-01 1.57874539e-01 -9.59967315e-01
  outer loop
   vertex 3.62898560e+01 3.40243835e+01 8.42085724e+01
   vertex 3.43583984e+01 3.84962158e+01 8.45001984e+01
   vertex 3.70659637e+01 4.03204880e+01 8.37754364e+01
  endloop
 endfacet
 facet normal -2.06735712e-02 4.47458364e-02 -9.98784482e-01
  outer loop
   vertex 3.62898560e+01 3.40243835e+01 8.42085724e+01
   vertex 3.70659637e+01 4.03204880e+01 8.37754364e+01
   vertex 3.90740433e+01 3.57666855e+01 8.34922638e+01
  endloop
 endfacet
 facet normal 1.00347176e-01 -3.03834751e-02 -9.94488478e-01
  outer loop
   vertex 3.79321671e+01 2.94388733e+01 8.39253998e+01
   vertex 3.62898560e+01 3.40243835e+01 8.42085724e+01
   vertex 3.90740433e+01 3.57666855e+01 8.34922638e+01
  endloop
 endfacet
 facet normal -1.50669292e-01 -1.19969092e-01 -9.81277823e-01
  outer loop
   vertex 3.79321671e+01 2.94388733e+01 8.39253998e+01
   vertex 3.90740433e+01 3.57666855e+01 8.34922638e+01
   vertex 4.07845001e+01 3.10907593e+01 8.32173615e+01
  endloop
 endfacet
 facet normal -2.93288261e-01 -2.83442046e-02 -9.55603778e-01
  outer loop
   vertex 3.92677612e+01 2.47560425e+01 8.36505127e+01
   vertex 4.07845001e+01 3.10907593e+01 8.32173615e+01
   vertex 4.22049713e+01 2.63262634e+01 8.29507294e+01
  endloop
 endfacet
 facet normal -1.84318721e-01 -1.17297843e-01 -9.75842118e-01
  outer loop
   vertex 3.92677612e+01 2.47560425e+01 8.36505127e+01
   vertex 3.79321671e+01 2.94388733e+01 8.39253998e+01
   vertex 4.07845001e+01 3.10907593e+01 8.32173615e+01
  endloop
 endfacet
 facet normal -2.92517394e-01 -2.11062022e-02 -9.56027269e-01
  outer loop
   vertex 4.03296661e+01 2.00099030e+01 8.33922577e+01
   vertex 4.22049713e+01 2.63262634e+01 8.29507294e+01
   vertex 4.33434677e+01 2.14898834e+01 8.26925659e+01
  endloop
 endfacet
 facet normal -3.25099707e-01 -3.11344154e-02 -9.45167065e-01
  outer loop
   vertex 4.03296661e+01 2.00099030e+01 8.33922577e+01
   vertex 3.92677612e+01 2.47560425e+01 8.36505127e+01
   vertex 4.22049713e+01 2.63262634e+01 8.29507294e+01
  endloop
 endfacet
 facet normal -2.44430512e-01 1.09012291e-01 -9.63519633e-01
  outer loop
   vertex 4.16080399e+01 1.54342194e+01 8.31340485e+01
   vertex 4.03296661e+01 2.00099030e+01 8.33922577e+01
   vertex 4.33434677e+01 2.14898834e+01 8.26925659e+01
  endloop
 endfacet
 facet normal -2.14903623e-01 1.24557726e-01 -9.68659818e-01
  outer loop
   vertex 4.16080399e+01 1.54342194e+01 8.31340485e+01
   vertex 4.33434677e+01 2.14898834e+01 8.26925659e+01
   vertex 4.41996994e+01 1.65983887e+01 8.24425964e+01
  endloop
 endfacet
 facet normal 4.02037092e-02 1.80488080e-01 -9.82755184e-01
  outer loop
   vertex 4.23221817e+01 1.06835480e+01 8.28841553e+01
   vertex 4.16080399e+01 1.54342194e+01 8.31340485e+01
   vertex 4.41996994e+01 1.65983887e+01 8.24425964e+01
  endloop
 endfacet
 facet normal -2.85888761e-02 6.38887137e-02 -9.97547448e-01
  outer loop
   vertex 4.23221817e+01 1.06835480e+01 8.28841553e+01
   vertex 4.41996994e+01 1.65983887e+01 8.24425964e+01
   vertex 4.47730789e+01 1.16850204e+01 8.21927795e+01
  endloop
 endfacet
 facet normal 1.95518076e-01 1.50900841e-01 -9.69020963e-01
  outer loop
   vertex 4.30596924e+01 7.88469696e+00 8.26425781e+01
   vertex 4.23221817e+01 1.06835480e+01 8.28841553e+01
   vertex 4.47730789e+01 1.16850204e+01 8.21927795e+01
  endloop
 endfacet
 facet normal 1.93136513e-01 2.22347483e-01 -9.55646336e-01
  outer loop
   vertex 4.30596924e+01 7.88469696e+00 8.26425781e+01
   vertex 4.47730789e+01 1.16850204e+01 8.21927795e+01
   vertex 4.37839584e+01 5.09178925e+00 8.19678040e+01
  endloop
 endfacet
 facet normal -6.20168805e-01 -7.46872008e-01 -2.39943549e-01
  outer loop
   vertex 4.36716614e+01 8.85141983e+01 4.16670227e+01
   vertex 4.03392868e+01 9.03193283e+01 4.46574783e+01
   vertex 4.08623810e+01 9.08704605e+01 4.16502533e+01
  endloop
 endfacet
 facet normal -8.12940538e-01 -5.74359298e-01 -9.61204767e-02
  outer loop
   vertex 6.95316162e+01 6.58604355e+01 1.60020561e+01
   vertex 7.12222748e+01 6.27173233e+01 2.02670364e+01
   vertex 6.72188568e+01 6.84009018e+01 2.02170525e+01
  endloop
 endfacet
 facet normal -7.99129367e-01 -5.94822228e-01 -8.70561823e-02
  outer loop
   vertex 6.95316162e+01 6.58604355e+01 1.60020561e+01
   vertex 6.72188568e+01 6.84009018e+01 2.02170525e+01
   vertex 6.53715363e+01 7.14496231e+01 1.59687424e+01
  endloop
 endfacet
 facet normal -9.20012534e-01 -3.70463252e-01 -1.27804086e-01
  outer loop
   vertex 8.48815765e+01 3.47908783e+01 2.55983009e+01
   vertex 8.31371765e+01 4.08658524e+01 2.04420204e+01
   vertex 8.54920807e+01 3.51270256e+01 2.04919510e+01
  endloop
 endfacet
 facet normal -9.04160321e-01 -4.09453094e-01 -1.21828698e-01
  outer loop
   vertex 8.25605621e+01 4.05136833e+01 2.55400047e+01
   vertex 8.05343018e+01 4.65084610e+01 2.04003506e+01
   vertex 8.31371765e+01 4.08658524e+01 2.04420204e+01
  endloop
 endfacet
 facet normal -9.36179817e-01 -3.34686339e-01 -1.07482307e-01
  outer loop
   vertex 8.65078430e+01 3.33460884e+01 1.76514130e+01
   vertex 8.69826202e+01 3.24466705e+01 1.62186279e+01
   vertex 8.75903625e+01 2.92919159e+01 2.05419502e+01
  endloop
 endfacet
 facet normal -9.32789326e-01 -3.40642124e-01 -1.17758483e-01
  outer loop
   vertex 8.65078430e+01 3.33460884e+01 1.76514130e+01
   vertex 8.75903625e+01 2.92919159e+01 2.05419502e+01
   vertex 8.54920807e+01 3.51270256e+01 2.04919510e+01
  endloop
 endfacet
 facet normal -9.06931937e-01 -4.18217897e-01 -5.06774522e-02
  outer loop
   vertex 8.37705841e+01 4.13107719e+01 1.18702946e+01
   vertex 8.11172638e+01 4.69774246e+01 1.18453417e+01
   vertex 8.39750519e+01 4.15228348e+01 5.93929386e+00
  endloop
 endfacet
 facet normal -9.49130177e-01 -2.94533908e-01 -1.11362986e-01
  outer loop
   vertex 8.85318146e+01 2.74762344e+01 1.76930695e+01
   vertex 8.89818573e+01 2.65596695e+01 1.62602711e+01
   vertex 8.94315186e+01 2.33935928e+01 2.06002655e+01
  endloop
 endfacet
 facet normal -9.40576494e-01 -3.21548730e-01 -1.09189428e-01
  outer loop
   vertex 8.85318146e+01 2.74762344e+01 1.76930695e+01
   vertex 8.75903625e+01 2.92919159e+01 2.05419502e+01
   vertex 8.69826202e+01 3.24466705e+01 1.62186279e+01
  endloop
 endfacet
 facet normal -5.90692520e-01 -7.77759612e-01 -2.14877486e-01
  outer loop
   vertex 3.85709381e+01 9.27030258e+01 4.16253586e+01
   vertex 3.59349442e+01 9.56040268e+01 3.83766251e+01
   vertex 3.90610504e+01 9.32369308e+01 3.83933067e+01
  endloop
 endfacet
 facet normal -6.04126334e-01 -7.65110493e-01 -2.22794205e-01
  outer loop
   vertex 4.08623810e+01 9.08704605e+01 4.16502533e+01
   vertex 3.85709381e+01 9.27030258e+01 4.16253586e+01
   vertex 3.90610504e+01 9.32369308e+01 3.83933067e+01
  endloop
 endfacet
 facet normal -2.92550564e-01 1.43386377e-02 -9.56142545e-01
  outer loop
   vertex 4.47730789e+01 1.16850204e+01 8.21927795e+01
   vertex 4.41996994e+01 1.65983887e+01 8.24425964e+01
   vertex 4.72488403e+01 1.79707184e+01 8.15513153e+01
  endloop
 endfacet
 facet normal -7.22048998e-01 -6.79120958e-01 -1.32060647e-01
  outer loop
   vertex 5.79813843e+01 7.87290421e+01 2.51484718e+01
   vertex 5.49412537e+01 8.14059677e+01 2.79723682e+01
   vertex 5.52195129e+01 8.16776810e+01 2.51235142e+01
  endloop
 endfacet
 facet normal -7.03722000e-01 -6.98130608e-01 -1.31867379e-01
  outer loop
   vertex 5.29037170e+01 8.34764175e+01 2.79473743e+01
   vertex 5.31735611e+01 8.37564011e+01 2.51068153e+01
   vertex 5.52195129e+01 8.16776810e+01 2.51235142e+01
  endloop
 endfacet
 facet normal -8.82964313e-01 -4.43574041e-01 -1.53675452e-01
  outer loop
   vertex 7.96121826e+01 4.59083252e+01 2.83554993e+01
   vertex 7.68034058e+01 5.14222946e+01 2.82972126e+01
   vertex 7.99910278e+01 4.61485901e+01 2.54816628e+01
  endloop
 endfacet
 facet normal -6.90782189e-01 -7.17845738e-01 -8.67033377e-02
  outer loop
   vertex 5.35654984e+01 8.41883774e+01 2.00921135e+01
   vertex 5.09869843e+01 8.66822128e+01 2.00754662e+01
   vertex 5.13931808e+01 8.72479324e+01 1.16538057e+01
  endloop
 endfacet
 facet normal -7.13219762e-01 -6.95698977e-01 -8.55601728e-02
  outer loop
   vertex 5.56115341e+01 8.21097794e+01 2.01087379e+01
   vertex 5.35654984e+01 8.41883774e+01 2.00921135e+01
   vertex 5.60182343e+01 8.26504593e+01 1.16704340e+01
  endloop
 endfacet
 facet normal -8.97783935e-01 -3.97000581e-01 -1.90721169e-01
  outer loop
   vertex 8.09525146e+01 3.96094093e+01 3.57359200e+01
   vertex 7.90436707e+01 4.55647049e+01 3.21623764e+01
   vertex 8.15627136e+01 3.99538460e+01 3.22373352e+01
  endloop
 endfacet
 facet normal -6.87261164e-01 -7.14370728e-01 -1.31706312e-01
  outer loop
   vertex 5.31735611e+01 8.37564011e+01 2.51068153e+01
   vertex 5.03418732e+01 8.59705276e+01 2.79223557e+01
   vertex 5.06116562e+01 8.62504501e+01 2.50818024e+01
  endloop
 endfacet
 facet normal -6.73918545e-01 -7.33645141e-01 -8.71699452e-02
  outer loop
   vertex 5.09869843e+01 8.66822128e+01 2.00754662e+01
   vertex 4.85121002e+01 8.89779892e+01 2.00587997e+01
   vertex 4.89096909e+01 8.95517654e+01 1.16454229e+01
  endloop
 endfacet
 facet normal -7.99943507e-01 -5.95935643e-01 -7.03638941e-02
  outer loop
   vertex 6.95316162e+01 6.58604355e+01 1.60020561e+01
   vertex 6.53715363e+01 7.14496231e+01 1.59687424e+01
   vertex 6.76676178e+01 6.89173355e+01 1.17370358e+01
  endloop
 endfacet
 facet normal -8.05969119e-01 -5.76389790e-01 -1.34865135e-01
  outer loop
   vertex 7.07628860e+01 6.23256302e+01 2.53150597e+01
   vertex 6.64812088e+01 6.77375107e+01 2.81222572e+01
   vertex 6.67846146e+01 6.80013046e+01 2.52567863e+01
  endloop
 endfacet
 facet normal -7.83820927e-01 -6.13671243e-01 -9.50387567e-02
  outer loop
   vertex 6.53715363e+01 7.14496231e+01 1.59687424e+01
   vertex 6.72188568e+01 6.84009018e+01 2.02170525e+01
   vertex 6.29359131e+01 7.38793869e+01 2.01754093e+01
  endloop
 endfacet
 facet normal -8.65009844e-01 -4.88306165e-01 -1.15390867e-01
  outer loop
   vertex 7.71653290e+01 5.16705399e+01 2.54233761e+01
   vertex 7.45682449e+01 5.74465408e+01 2.03086815e+01
   vertex 7.76751556e+01 5.20381546e+01 2.03587074e+01
  endloop
 endfacet
 facet normal -8.85659456e-01 -4.48960453e-01 -1.18498161e-01
  outer loop
   vertex 7.99910278e+01 4.61485901e+01 2.54816628e+01
   vertex 7.76751556e+01 5.20381546e+01 2.03587074e+01
   vertex 8.05343018e+01 4.65084610e+01 2.04003506e+01
  endloop
 endfacet
 facet normal -6.52486026e-01 -7.46225178e-01 -1.31946802e-01
  outer loop
   vertex 4.81369019e+01 8.85377884e+01 2.50651722e+01
   vertex 4.54535446e+01 9.03882217e+01 2.78890190e+01
   vertex 4.57148514e+01 9.06762161e+01 2.50484886e+01
  endloop
 endfacet
 facet normal -6.69971228e-01 -7.30613708e-01 -1.31689847e-01
  outer loop
   vertex 5.06116562e+01 8.62504501e+01 2.50818024e+01
   vertex 4.78670959e+01 8.82579269e+01 2.79057293e+01
   vertex 4.81369019e+01 8.85377884e+01 2.50651722e+01
  endloop
 endfacet
 facet normal -8.41185987e-01 -5.36955476e-01 -6.39139190e-02
  outer loop
   vertex 7.32147369e+01 6.03794022e+01 1.60353851e+01
   vertex 7.16961670e+01 6.32258682e+01 1.17620211e+01
   vertex 7.50755615e+01 5.79474106e+01 1.17953768e+01
  endloop
 endfacet
 facet normal -8.49141777e-01 -5.21949351e-01 -8.07908177e-02
  outer loop
   vertex 7.32147369e+01 6.03794022e+01 1.60353851e+01
   vertex 7.50755615e+01 5.79474106e+01 1.17953768e+01
   vertex 7.45682449e+01 5.74465408e+01 2.03086815e+01
  endloop
 endfacet
 facet normal -6.56476557e-01 -7.49223769e-01 -8.77626315e-02
  outer loop
   vertex 4.85121002e+01 8.89779892e+01 2.00587997e+01
   vertex 4.60815582e+01 9.11246109e+01 2.00421505e+01
   vertex 4.64793015e+01 9.16983414e+01 1.16370440e+01
  endloop
 endfacet
 facet normal -6.44683778e-01 -7.59365559e-01 -8.80157202e-02
  outer loop
   vertex 4.60815582e+01 9.11246109e+01 2.00421505e+01
   vertex 4.32382050e+01 9.35218430e+01 2.00338230e+01
   vertex 4.64793015e+01 9.16983414e+01 1.16370440e+01
  endloop
 endfacet
 facet normal -7.85486579e-01 -6.15760624e-01 -6.20456822e-02
  outer loop
   vertex 6.53715363e+01 7.14496231e+01 1.59687424e+01
   vertex 6.33593979e+01 7.44119644e+01 1.17120295e+01
   vertex 6.76676178e+01 6.89173355e+01 1.17370358e+01
  endloop
 endfacet
 facet normal -6.48229361e-01 -7.42010713e-01 -1.70935214e-01
  outer loop
   vertex 4.46363144e+01 8.95150681e+01 3.50861893e+01
   vertex 4.50532379e+01 8.99558945e+01 3.16458683e+01
   vertex 4.74667511e+01 8.78257370e+01 3.16626053e+01
  endloop
 endfacet
 facet normal -8.14461827e-01 -5.76895177e-01 -6.19992130e-02
  outer loop
   vertex 6.95316162e+01 6.58604355e+01 1.60020561e+01
   vertex 6.76676178e+01 6.89173355e+01 1.17370358e+01
   vertex 7.16961670e+01 6.32258682e+01 1.17620211e+01
  endloop
 endfacet
 facet normal -8.79778087e-01 -4.37190056e-01 -1.86695814e-01
  outer loop
   vertex 7.84586945e+01 4.52040024e+01 3.56610260e+01
   vertex 7.62683868e+01 5.10624924e+01 3.20957336e+01
   vertex 7.90436707e+01 4.55647049e+01 3.21623764e+01
  endloop
 endfacet
 facet normal -6.20326996e-01 -7.79258788e-01 -8.91633704e-02
  outer loop
   vertex 4.32382050e+01 9.35218430e+01 2.00338230e+01
   vertex 4.09128113e+01 9.53870316e+01 2.00254536e+01
   vertex 4.13019257e+01 9.59774094e+01 1.16203871e+01
  endloop
 endfacet
 facet normal -6.34627521e-01 -7.61368573e-01 -1.32536158e-01
  outer loop
   vertex 4.57148514e+01 9.06762161e+01 2.50484886e+01
   vertex 4.26103134e+01 9.27771378e+01 2.78723850e+01
   vertex 4.28714371e+01 9.30735855e+01 2.50318584e+01
  endloop
 endfacet
 facet normal -7.33093202e-01 -6.76179945e-01 -7.31784329e-02
  outer loop
   vertex 5.83820038e+01 7.91446609e+01 2.01337700e+01
   vertex 5.60182343e+01 8.26504593e+01 1.16704340e+01
   vertex 5.87885513e+01 7.96853409e+01 1.16870642e+01
  endloop
 endfacet
 facet normal -7.54789352e-01 -6.52883589e-01 -6.35297596e-02
  outer loop
   vertex 6.09404602e+01 7.68337936e+01 1.59271393e+01
   vertex 5.87885513e+01 7.96853409e+01 1.16870642e+01
   vertex 6.33593979e+01 7.44119644e+01 1.17120295e+01
  endloop
 endfacet
 facet normal -6.22051954e-01 -7.71614790e-01 -1.32898360e-01
  outer loop
   vertex 4.26103134e+01 9.27771378e+01 2.78723850e+01
   vertex 4.05463028e+01 9.49303665e+01 2.50235157e+01
   vertex 4.28714371e+01 9.30735855e+01 2.50318584e+01
  endloop
 endfacet
 facet normal -5.93080699e-01 -7.94092774e-01 -1.32935986e-01
  outer loop
   vertex 4.05463028e+01 9.49303665e+01 2.50235157e+01
   vertex 3.71502457e+01 9.70260086e+01 2.78390713e+01
   vertex 3.73946075e+01 9.73304520e+01 2.50068455e+01
  endloop
 endfacet
 facet normal -6.05865538e-01 -7.90466070e-01 -8.99467543e-02
  outer loop
   vertex 4.09128113e+01 9.53870316e+01 2.00254536e+01
   vertex 3.77526627e+01 9.77951126e+01 2.00088081e+01
   vertex 4.13019257e+01 9.59774094e+01 1.16203871e+01
  endloop
 endfacet
 facet normal -7.76097178e-01 -6.16481841e-01 -1.32752761e-01
  outer loop
   vertex 6.67846146e+01 6.80013046e+01 2.52567863e+01
   vertex 6.22317276e+01 7.32082443e+01 2.80556831e+01
   vertex 6.25185242e+01 7.34717941e+01 2.52067471e+01
  endloop
 endfacet
 facet normal -7.69676089e-01 -6.34550989e-01 -7.03122467e-02
  outer loop
   vertex 6.53715363e+01 7.14496231e+01 1.59687424e+01
   vertex 6.09404602e+01 7.68337936e+01 1.59271393e+01
   vertex 6.33593979e+01 7.44119644e+01 1.17120295e+01
  endloop
 endfacet
 facet normal -7.68820465e-01 -6.33571863e-01 -8.66126195e-02
  outer loop
   vertex 6.53715363e+01 7.14496231e+01 1.59687424e+01
   vertex 6.29359131e+01 7.38793869e+01 2.01754093e+01
   vertex 6.09404602e+01 7.68337936e+01 1.59271393e+01
  endloop
 endfacet
 facet normal -6.97554946e-01 -7.12593257e-01 -7.50194192e-02
  outer loop
   vertex 5.35654984e+01 8.41883774e+01 2.00921135e+01
   vertex 5.13931808e+01 8.72479324e+01 1.16538057e+01
   vertex 5.39720154e+01 8.47374649e+01 1.16620646e+01
  endloop
 endfacet
 facet normal -7.08783090e-01 -7.01514661e-01 -7.41868019e-02
  outer loop
   vertex 5.35654984e+01 8.41883774e+01 2.00921135e+01
   vertex 5.39720154e+01 8.47374649e+01 1.16620646e+01
   vertex 5.60182343e+01 8.26504593e+01 1.16704340e+01
  endloop
 endfacet
 facet normal -6.39655173e-01 -7.64735699e-01 -7.75919482e-02
  outer loop
   vertex 4.32382050e+01 9.35218430e+01 2.00338230e+01
   vertex 4.36274261e+01 9.41038742e+01 1.16287155e+01
   vertex 4.64793015e+01 9.16983414e+01 1.16370440e+01
  endloop
 endfacet
 facet normal -6.63110077e-01 -7.44583428e-01 -7.66848028e-02
  outer loop
   vertex 4.85121002e+01 8.89779892e+01 2.00587997e+01
   vertex 4.64793015e+01 9.16983414e+01 1.16370440e+01
   vertex 4.89096909e+01 8.95517654e+01 1.16454229e+01
  endloop
 endfacet
 facet normal -6.71438336e-01 -7.21041858e-01 -1.71082363e-01
  outer loop
   vertex 4.94994583e+01 8.51136093e+01 3.51279297e+01
   vertex 4.74667511e+01 8.78257370e+01 3.16626053e+01
   vertex 4.99330750e+01 8.55464706e+01 3.16792507e+01
  endloop
 endfacet
 facet normal -6.80532873e-01 -7.28776872e-01 -7.58899301e-02
  outer loop
   vertex 5.09869843e+01 8.66822128e+01 2.00754662e+01
   vertex 4.89096909e+01 8.95517654e+01 1.16454229e+01
   vertex 5.13931808e+01 8.72479324e+01 1.16538057e+01
  endloop
 endfacet
 facet normal -8.96176100e-01 -4.18310940e-01 -1.47933707e-01
  outer loop
   vertex 8.25605621e+01 4.05136833e+01 2.55400047e+01
   vertex 7.96121826e+01 4.59083252e+01 2.83554993e+01
   vertex 7.99910278e+01 4.61485901e+01 2.54816628e+01
  endloop
 endfacet
 facet normal -9.01159942e-01 -4.03948158e-01 -1.57278940e-01
  outer loop
   vertex 8.21647339e+01 4.02897949e+01 2.84221687e+01
   vertex 7.96121826e+01 4.59083252e+01 2.83554993e+01
   vertex 8.25605621e+01 4.05136833e+01 2.55400047e+01
  endloop
 endfacet
 facet normal -8.98066521e-01 -4.20142949e-01 -1.30216956e-01
  outer loop
   vertex 8.25605621e+01 4.05136833e+01 2.55400047e+01
   vertex 7.99910278e+01 4.61485901e+01 2.54816628e+01
   vertex 8.05343018e+01 4.65084610e+01 2.04003506e+01
  endloop
 endfacet
 facet normal -7.25247145e-01 -6.66752398e-01 -1.71632886e-01
  outer loop
   vertex 5.68184967e+01 7.76329422e+01 3.52195053e+01
   vertex 5.45155334e+01 8.09983292e+01 3.17292480e+01
   vertex 5.72689819e+01 7.80494614e+01 3.17708225e+01
  endloop
 endfacet
 facet normal -6.88286602e-01 -7.04903185e-01 -1.71385556e-01
  outer loop
   vertex 5.20526810e+01 8.26359940e+01 3.51612167e+01
   vertex 4.99330750e+01 8.55464706e+01 3.16792507e+01
   vertex 5.24865189e+01 8.30605698e+01 3.17125359e+01
  endloop
 endfacet
 facet normal -9.13647056e-01 -3.56683552e-01 -1.95002392e-01
  outer loop
   vertex 8.31896362e+01 3.39267159e+01 3.58109550e+01
   vertex 8.15627136e+01 3.99538460e+01 3.22373352e+01
   vertex 8.38250885e+01 3.42549820e+01 3.23040047e+01
  endloop
 endfacet
 facet normal -9.17380333e-01 -3.63610923e-01 -1.61865354e-01
  outer loop
   vertex 8.44607544e+01 3.45749359e+01 2.84888401e+01
   vertex 8.21647339e+01 4.02897949e+01 2.84221687e+01
   vertex 8.48815765e+01 3.47908783e+01 2.55983009e+01
  endloop
 endfacet
 facet normal -9.13132131e-01 -3.78376424e-01 -1.51726812e-01
  outer loop
   vertex 8.48815765e+01 3.47908783e+01 2.55983009e+01
   vertex 8.21647339e+01 4.02897949e+01 2.84221687e+01
   vertex 8.25605621e+01 4.05136833e+01 2.55400047e+01
  endloop
 endfacet
 facet normal -8.01581562e-01 -5.69568574e-01 -1.81820288e-01
  outer loop
   vertex 6.94401321e+01 6.13098984e+01 3.54443893e+01
   vertex 6.55290909e+01 6.69535599e+01 3.53694916e+01
   vertex 6.60132828e+01 6.73540115e+01 3.18958511e+01
  endloop
 endfacet
 facet normal -9.14353669e-01 -3.82097781e-01 -1.34009987e-01
  outer loop
   vertex 8.48815765e+01 3.47908783e+01 2.55983009e+01
   vertex 8.25605621e+01 4.05136833e+01 2.55400047e+01
   vertex 8.31371765e+01 4.08658524e+01 2.04420204e+01
  endloop
 endfacet
 facet normal -9.27566826e-01 -3.15652579e-01 -1.99958012e-01
  outer loop
   vertex 8.51614532e+01 2.81725388e+01 3.58942680e+01
   vertex 8.38250885e+01 3.42549820e+01 3.23040047e+01
   vertex 8.58306427e+01 2.84764709e+01 3.23789062e+01
  endloop
 endfacet
 facet normal -8.73306572e-01 -4.28182602e-01 -2.32368961e-01
  outer loop
   vertex 7.71488190e+01 4.43968735e+01 4.23167572e+01
   vertex 7.51076202e+01 5.02997360e+01 3.89680099e+01
   vertex 7.78326111e+01 4.48176346e+01 3.90430260e+01
  endloop
 endfacet
 facet normal -8.34955394e-01 -5.12794018e-01 -1.99729145e-01
  outer loop
   vertex 7.21349030e+01 5.56606674e+01 3.88847160e+01
   vertex 6.94401321e+01 6.13098984e+01 3.54443893e+01
   vertex 7.27022552e+01 5.60709305e+01 3.55110664e+01
  endloop
 endfacet
 facet normal -9.28148210e-01 -3.37807506e-01 -1.56291425e-01
  outer loop
   vertex 8.69377441e+01 2.89882660e+01 2.56566334e+01
   vertex 8.44607544e+01 3.45749359e+01 2.84888401e+01
   vertex 8.48815765e+01 3.47908783e+01 2.55983009e+01
  endloop
 endfacet
 facet normal -9.29602981e-01 -3.40956122e-01 -1.39954358e-01
  outer loop
   vertex 8.69377441e+01 2.89882660e+01 2.56566334e+01
   vertex 8.48815765e+01 3.47908783e+01 2.55983009e+01
   vertex 8.54920807e+01 3.51270256e+01 2.04919510e+01
  endloop
 endfacet
 facet normal -9.34809804e-01 -3.29118282e-01 -1.33460954e-01
  outer loop
   vertex 8.69377441e+01 2.89882660e+01 2.56566334e+01
   vertex 8.54920807e+01 3.51270256e+01 2.04919510e+01
   vertex 8.75903625e+01 2.92919159e+01 2.05419502e+01
  endloop
 endfacet
 facet normal -7.53122628e-01 -6.51187122e-01 -9.36037824e-02
  outer loop
   vertex 6.09404602e+01 7.68337936e+01 1.59271393e+01
   vertex 6.29359131e+01 7.38793869e+01 2.01754093e+01
   vertex 5.83820038e+01 7.91446609e+01 2.01337700e+01
  endloop
 endfacet
 facet normal -7.43846893e-01 -6.63702488e-01 -7.86820576e-02
  outer loop
   vertex 6.09404602e+01 7.68337936e+01 1.59271393e+01
   vertex 5.83820038e+01 7.91446609e+01 2.01337700e+01
   vertex 5.87885513e+01 7.96853409e+01 1.16870642e+01
  endloop
 endfacet
 facet normal -9.41056013e-01 -2.97546387e-01 -1.60871685e-01
  outer loop
   vertex 8.87453308e+01 2.31061020e+01 2.57149181e+01
   vertex 8.65000000e+01 2.87802811e+01 2.85554867e+01
   vertex 8.69377441e+01 2.89882660e+01 2.56566334e+01
  endloop
 endfacet
 facet normal -9.42814410e-01 -3.00467610e-01 -1.44291878e-01
  outer loop
   vertex 8.87453308e+01 2.31061020e+01 2.57149181e+01
   vertex 8.69377441e+01 2.89882660e+01 2.56566334e+01
   vertex 8.75903625e+01 2.92919159e+01 2.05419502e+01
  endloop
 endfacet
 facet normal -9.31636870e-01 -3.23061705e-01 -1.66384593e-01
  outer loop
   vertex 8.65000000e+01 2.87802811e+01 2.85554867e+01
   vertex 8.44607544e+01 3.45749359e+01 2.84888401e+01
   vertex 8.69377441e+01 2.89882660e+01 2.56566334e+01
  endloop
 endfacet
 facet normal -7.25642562e-01 -6.82661772e-01 -8.61151367e-02
  outer loop
   vertex 5.83820038e+01 7.91446609e+01 2.01337700e+01
   vertex 5.56115341e+01 8.21097794e+01 2.01087379e+01
   vertex 5.60182343e+01 8.26504593e+01 1.16704340e+01
  endloop
 endfacet
 facet normal -7.46490121e-01 -6.52146161e-01 -1.32127985e-01
  outer loop
   vertex 6.25185242e+01 7.34717941e+01 2.52067471e+01
   vertex 5.76947708e+01 7.84571609e+01 2.79973049e+01
   vertex 5.79813843e+01 7.87290421e+01 2.51484718e+01
  endloop
 endfacet
 facet normal -8.27870309e-01 -5.56423187e-01 -7.08799884e-02
  outer loop
   vertex 7.32147369e+01 6.03794022e+01 1.60353851e+01
   vertex 6.95316162e+01 6.58604355e+01 1.60020561e+01
   vertex 7.16961670e+01 6.32258682e+01 1.17620211e+01
  endloop
 endfacet
 facet normal -8.59720528e-01 -4.76925224e-01 -1.82819426e-01
  outer loop
   vertex 7.57085571e+01 5.06939774e+01 3.55859642e+01
   vertex 7.32368774e+01 5.64473038e+01 3.20290947e+01
   vertex 7.62683868e+01 5.10624924e+01 3.20957336e+01
  endloop
 endfacet
 facet normal -8.27153742e-01 -5.54994047e-01 -8.83081779e-02
  outer loop
   vertex 7.32147369e+01 6.03794022e+01 1.60353851e+01
   vertex 7.12222748e+01 6.27173233e+01 2.02670364e+01
   vertex 6.95316162e+01 6.58604355e+01 1.60020561e+01
  endloop
 endfacet
 facet normal -8.62628400e-01 -4.83206183e-01 -1.49612725e-01
  outer loop
   vertex 7.68034058e+01 5.14222946e+01 2.82972126e+01
   vertex 7.37466660e+01 5.68149490e+01 2.82389259e+01
   vertex 7.71653290e+01 5.16705399e+01 2.54233761e+01
  endloop
 endfacet
 facet normal -8.39945853e-01 -5.33991396e-01 -9.66653153e-02
  outer loop
   vertex 7.32147369e+01 6.03794022e+01 1.60353851e+01
   vertex 7.45682449e+01 5.74465408e+01 2.03086815e+01
   vertex 7.12222748e+01 6.27173233e+01 2.02670364e+01
  endloop
 endfacet
 facet normal -8.30257893e-01 -5.32286584e-01 -1.65356696e-01
  outer loop
   vertex 7.32368774e+01 5.64473038e+01 3.20290947e+01
   vertex 6.99497375e+01 6.16940842e+01 3.19708157e+01
   vertex 7.04426575e+01 6.20698624e+01 2.81806126e+01
  endloop
 endfacet
 facet normal -6.27777874e-01 -7.74440169e-01 -7.83410519e-02
  outer loop
   vertex 4.32382050e+01 9.35218430e+01 2.00338230e+01
   vertex 4.13019257e+01 9.59774094e+01 1.16203871e+01
   vertex 4.36274261e+01 9.41038742e+01 1.16287155e+01
  endloop
 endfacet
 facet normal -5.87959826e-01 -7.88972199e-01 -1.78398833e-01
  outer loop
   vertex 3.95102463e+01 9.37283707e+01 3.50612679e+01
   vertex 3.63755188e+01 9.61119461e+01 3.50362587e+01
   vertex 3.67752380e+01 9.65774765e+01 3.15959377e+01
  endloop
 endfacet
 facet normal -6.26430929e-01 -7.53577590e-01 -1.99261427e-01
  outer loop
   vertex 4.41785431e+01 8.90317764e+01 3.84265823e+01
   vertex 4.13609695e+01 9.13962326e+01 3.84099426e+01
   vertex 4.18101959e+01 9.18876877e+01 3.50695457e+01
  endloop
 endfacet
 facet normal -6.47654116e-01 -7.30919898e-01 -2.15174884e-01
  outer loop
   vertex 4.60682602e+01 8.64003983e+01 4.16836624e+01
   vertex 4.41785431e+01 8.90317764e+01 3.84265823e+01
   vertex 4.65753250e+01 8.69179153e+01 3.84515915e+01
  endloop
 endfacet
 facet normal -6.53212190e-01 -7.36062169e-01 -1.77556708e-01
  outer loop
   vertex 4.70414047e+01 8.73930283e+01 3.51111946e+01
   vertex 4.46363144e+01 8.95150681e+01 3.50861893e+01
   vertex 4.74667511e+01 8.78257370e+01 3.16626053e+01
  endloop
 endfacet
 facet normal -8.78412962e-01 -3.95621836e-01 -2.68093348e-01
  outer loop
   vertex 7.95836945e+01 3.88344269e+01 4.24083214e+01
   vertex 7.64070587e+01 4.39583435e+01 4.53572044e+01
   vertex 7.71488190e+01 4.43968735e+01 4.23167572e+01
  endloop
 endfacet
 facet normal -7.82600522e-01 -5.97635388e-01 -1.74265251e-01
  outer loop
   vertex 6.55290909e+01 6.69535599e+01 3.53694916e+01
   vertex 6.17807922e+01 7.28084793e+01 3.18291798e+01
   vertex 6.60132828e+01 6.73540115e+01 3.18958511e+01
  endloop
 endfacet
 facet normal -6.13336325e-01 -7.73880064e-01 -1.57886773e-01
  outer loop
   vertex 4.22268295e+01 9.23368759e+01 3.16209354e+01
   vertex 3.99101181e+01 9.41856155e+01 3.16126080e+01
   vertex 4.03019333e+01 9.46260147e+01 2.78557415e+01
  endloop
 endfacet
 facet normal -9.06057239e-01 -3.47352326e-01 -2.41674691e-01
  outer loop
   vertex 8.17535553e+01 3.31838303e+01 4.24999924e+01
   vertex 8.03011169e+01 3.92391701e+01 3.91263390e+01
   vertex 8.25044708e+01 3.35725288e+01 3.92096329e+01
  endloop
 endfacet
 facet normal -6.15306735e-01 -7.64555991e-01 -1.91968009e-01
  outer loop
   vertex 4.13609695e+01 9.13962326e+01 3.84099426e+01
   vertex 3.95102463e+01 9.37283707e+01 3.50612679e+01
   vertex 4.18101959e+01 9.18876877e+01 3.50695457e+01
  endloop
 endfacet
 facet normal -7.76578307e-01 -5.90748906e-01 -2.18956202e-01
  outer loop
   vertex 6.44208145e+01 6.60583420e+01 4.19835510e+01
   vertex 6.08048401e+01 7.19657211e+01 3.86514511e+01
   vertex 6.50037155e+01 6.65273056e+01 3.87264977e+01
  endloop
 endfacet
 facet normal -7.41635382e-01 -6.46559656e-01 -1.78710774e-01
  outer loop
   vertex 6.13134537e+01 7.23999100e+01 3.52944336e+01
   vertex 5.68184967e+01 7.76329422e+01 3.52195053e+01
   vertex 5.72689819e+01 7.80494614e+01 3.17708225e+01
  endloop
 endfacet
 facet normal -8.82889032e-01 -3.47024739e-01 -3.16355467e-01
  outer loop
   vertex 8.09528503e+01 3.27776260e+01 4.55488281e+01
   vertex 7.79090424e+01 3.79289436e+01 4.84559975e+01
   vertex 7.88165894e+01 3.84121704e+01 4.54487877e+01
  endloop
 endfacet
 facet normal -7.08609581e-01 -6.49682820e-01 -2.75290161e-01
  outer loop
   vertex 5.45309296e+01 7.56164322e+01 4.78228874e+01
   vertex 5.24924698e+01 7.91032486e+01 4.47907867e+01
   vertex 5.51953125e+01 7.61868210e+01 4.48407021e+01
  endloop
 endfacet
 facet normal -7.25508392e-01 -6.29858613e-01 -2.77336836e-01
  outer loop
   vertex 5.96397705e+01 7.09861832e+01 4.49240723e+01
   vertex 5.45309296e+01 7.56164322e+01 4.78228874e+01
   vertex 5.51953125e+01 7.61868210e+01 4.48407021e+01
  endloop
 endfacet
 facet normal -7.65098393e-01 -5.78459144e-01 -2.82859504e-01
  outer loop
   vertex 6.30732422e+01 6.50337906e+01 4.80061111e+01
   vertex 5.96397705e+01 7.09861832e+01 4.49240723e+01
   vertex 6.37965240e+01 6.55720139e+01 4.50073013e+01
  endloop
 endfacet
 facet normal -8.67679179e-01 -3.19150865e-01 -3.81150275e-01
  outer loop
   vertex 7.88883362e+01 3.17816010e+01 5.15881042e+01
   vertex 7.68358765e+01 3.73843002e+01 5.14880791e+01
   vertex 8.00117035e+01 3.23104248e+01 4.85476418e+01
  endloop
 endfacet
 facet normal -8.02213311e-01 -4.23055381e-01 -4.21281278e-01
  outer loop
   vertex 6.94868393e+01 4.92301941e+01 5.52283058e+01
   vertex 6.82488480e+01 5.31315536e+01 5.35540161e+01
   vertex 7.10620880e+01 4.78343506e+01 5.36372986e+01
  endloop
 endfacet
 facet normal -8.24817777e-01 -3.87423635e-01 -4.11799163e-01
  outer loop
   vertex 7.36026764e+01 4.24155540e+01 5.37205772e+01
   vertex 7.10620880e+01 4.78343506e+01 5.36372986e+01
   vertex 7.45184174e+01 4.29072037e+01 5.13881378e+01
  endloop
 endfacet
 facet normal -8.39108407e-01 -3.66371244e-01 -4.02081043e-01
  outer loop
   vertex 7.68358765e+01 3.73843002e+01 5.14880791e+01
   vertex 7.36026764e+01 4.24155540e+01 5.37205772e+01
   vertex 7.45184174e+01 4.29072037e+01 5.13881378e+01
  endloop
 endfacet
 facet normal -7.93150127e-01 -5.36449730e-01 -2.88330674e-01
  outer loop
   vertex 6.68752670e+01 5.94298477e+01 4.80977974e+01
   vertex 6.37965240e+01 6.55720139e+01 4.50073013e+01
   vertex 6.76320724e+01 5.99603806e+01 4.50989685e+01
  endloop
 endfacet
 facet normal -7.96669781e-01 -4.95658666e-01 -3.45889866e-01
  outer loop
   vertex 6.90810242e+01 5.36383743e+01 5.12132607e+01
   vertex 6.59699173e+01 5.88217697e+01 5.11298714e+01
   vertex 6.68752670e+01 5.94298477e+01 4.80977974e+01
  endloop
 endfacet
 facet normal -7.92954862e-01 -4.70720053e-01 -3.86840016e-01
  outer loop
   vertex 6.82488480e+01 5.31315536e+01 5.35540161e+01
   vertex 6.51712646e+01 5.83072586e+01 5.34706993e+01
   vertex 6.90810242e+01 5.36383743e+01 5.12132607e+01
  endloop
 endfacet
 facet normal -6.36297941e-01 -7.52275646e-01 -1.70898467e-01
  outer loop
   vertex 4.46363144e+01 8.95150681e+01 3.50861893e+01
   vertex 4.22268295e+01 9.23368759e+01 3.16209354e+01
   vertex 4.50532379e+01 8.99558945e+01 3.16458683e+01
  endloop
 endfacet
 facet normal -9.46056843e-01 -3.00353169e-01 -1.21508963e-01
  outer loop
   vertex 8.85318146e+01 2.74762344e+01 1.76930695e+01
   vertex 8.94315186e+01 2.33935928e+01 2.06002655e+01
   vertex 8.75903625e+01 2.92919159e+01 2.05419502e+01
  endloop
 endfacet
 facet normal -9.44378734e-01 -3.18913072e-01 -8.02699104e-02
  outer loop
   vertex 8.89818573e+01 2.65596695e+01 1.62602711e+01
   vertex 8.74493103e+01 3.15305023e+01 1.47942009e+01
   vertex 8.83247681e+01 2.96802979e+01 1.19286442e+01
  endloop
 endfacet
 facet normal -9.35021222e-01 -3.50972146e-01 -5.05355075e-02
  outer loop
   vertex 8.83247681e+01 2.96802979e+01 1.19286442e+01
   vertex 8.61760101e+01 3.55395317e+01 1.19036217e+01
   vertex 8.64057159e+01 3.57352982e+01 5.95595217e+00
  endloop
 endfacet
 facet normal -9.48832870e-01 -3.05196494e-01 -8.10633153e-02
  outer loop
   vertex 8.89818573e+01 2.65596695e+01 1.62602711e+01
   vertex 8.83247681e+01 2.96802979e+01 1.19286442e+01
   vertex 8.94072113e+01 2.56260681e+01 1.48274775e+01
  endloop
 endfacet
 facet normal -9.37879741e-01 -3.40198338e-01 -6.81664944e-02
  outer loop
   vertex 8.74493103e+01 3.15305023e+01 1.47942009e+01
   vertex 8.61760101e+01 3.55395317e+01 1.19036217e+01
   vertex 8.83247681e+01 2.96802979e+01 1.19286442e+01
  endloop
 endfacet
 facet normal -9.44610596e-01 -2.33775988e-01 -2.30346724e-01
  outer loop
   vertex 8.73564606e+01 1.70652847e+01 3.94761543e+01
   vertex 8.68762970e+01 2.23469925e+01 3.59775467e+01
   vertex 8.81258545e+01 1.73626480e+01 3.60524750e+01
  endloop
 endfacet
 facet normal -8.94406497e-01 -2.88346738e-01 -3.41896385e-01
  outer loop
   vertex 8.18488617e+01 2.66287460e+01 4.86558571e+01
   vertex 8.00117035e+01 3.23104248e+01 4.85476418e+01
   vertex 8.28238525e+01 2.70715714e+01 4.56487617e+01
  endloop
 endfacet
 facet normal -8.83010387e-01 -2.53008515e-01 -3.95321846e-01
  outer loop
   vertex 8.22046814e+01 2.04034042e+01 5.17879868e+01
   vertex 8.06752167e+01 2.61156845e+01 5.16880875e+01
   vertex 8.18488617e+01 2.66287460e+01 4.86558571e+01
  endloop
 endfacet
 facet normal -8.63440692e-01 -2.30181515e-01 -4.48872656e-01
  outer loop
   vertex 8.11293030e+01 1.99836884e+01 5.41120644e+01
   vertex 7.96419525e+01 2.56717758e+01 5.40121422e+01
   vertex 8.22046814e+01 2.04034042e+01 5.17879868e+01
  endloop
 endfacet
 facet normal -5.85676014e-01 -7.71701574e-01 -2.47911841e-01
  outer loop
   vertex 3.80563126e+01 9.21437149e+01 4.46490936e+01
   vertex 3.49470596e+01 9.45027847e+01 4.46241875e+01
   vertex 3.85709381e+01 9.27030258e+01 4.16253586e+01
  endloop
 endfacet
 facet normal -6.00228429e-01 -7.60271847e-01 -2.48420089e-01
  outer loop
   vertex 4.03392868e+01 9.03193283e+01 4.46574783e+01
   vertex 3.80563126e+01 9.21437149e+01 4.46490936e+01
   vertex 3.85709381e+01 9.27030258e+01 4.16253586e+01
  endloop
 endfacet
 facet normal -6.04584873e-01 -7.25199521e-01 -3.29488695e-01
  outer loop
   vertex 4.18304138e+01 8.66975632e+01 5.07217674e+01
   vertex 3.84657974e+01 8.84437332e+01 5.30708504e+01
   vertex 3.90549011e+01 8.90294266e+01 5.07051239e+01
  endloop
 endfacet
 facet normal -8.54771137e-01 -1.84892192e-01 -4.84954864e-01
  outer loop
   vertex 8.10030212e+01 1.64238510e+01 5.57781334e+01
   vertex 8.11293030e+01 1.99836884e+01 5.41120644e+01
   vertex 8.21851349e+01 1.51125259e+01 5.42119942e+01
  endloop
 endfacet
 facet normal -8.97595763e-01 -2.07524538e-01 -3.88915718e-01
  outer loop
   vertex 8.33023376e+01 1.55245743e+01 5.18879128e+01
   vertex 8.34204712e+01 2.08922577e+01 4.87558861e+01
   vertex 8.45600891e+01 1.59892120e+01 4.88474655e+01
  endloop
 endfacet
 facet normal -6.48383915e-01 -7.07633257e-01 -2.80808687e-01
  outer loop
   vertex 4.73298950e+01 8.30242691e+01 4.77229576e+01
   vertex 4.49059448e+01 8.52708817e+01 4.76896439e+01
   vertex 4.55198593e+01 8.58654099e+01 4.46991196e+01
  endloop
 endfacet
 facet normal -6.38567448e-01 -6.92788482e-01 -3.35075706e-01
  outer loop
   vertex 4.65922852e+01 8.23609543e+01 5.07634201e+01
   vertex 4.35623550e+01 8.40298843e+01 5.31041107e+01
   vertex 4.41848984e+01 8.46078262e+01 5.07384148e+01
  endloop
 endfacet
 facet normal -6.54246807e-01 -6.76310182e-01 -3.38475496e-01
  outer loop
   vertex 4.90865555e+01 7.99155350e+01 5.07966805e+01
   vertex 4.59526978e+01 8.17992630e+01 5.31208572e+01
   vertex 4.65922852e+01 8.23609543e+01 5.07634201e+01
  endloop
 endfacet
 facet normal -4.36888248e-01 -9.09143239e-02 -8.94909620e-01
  outer loop
   vertex 5.15760803e+01 2.55151443e+01 7.96020966e+01
   vertex 5.02000809e+01 3.05804138e+01 7.98103485e+01
   vertex 5.29316711e+01 3.20051804e+01 7.82775879e+01
  endloop
 endfacet
 facet normal -6.83347881e-01 -6.77345693e-01 -2.72467285e-01
  outer loop
   vertex 4.98410110e+01 8.05708847e+01 4.77562180e+01
   vertex 5.04803467e+01 8.11492386e+01 4.47657623e+01
   vertex 5.24924698e+01 7.91032486e+01 4.47907867e+01
  endloop
 endfacet
 facet normal -4.51631039e-01 -9.16784704e-02 -8.87482107e-01
  outer loop
   vertex 5.15760803e+01 2.55151443e+01 7.96020966e+01
   vertex 5.29316711e+01 3.20051804e+01 7.82775879e+01
   vertex 5.43839722e+01 2.68663483e+01 7.81026154e+01
  endloop
 endfacet
 facet normal -4.00890946e-01 -6.56594560e-02 -9.13769841e-01
  outer loop
   vertex 4.89666290e+01 2.42424927e+01 8.07766266e+01
   vertex 5.02000809e+01 3.05804138e+01 7.98103485e+01
   vertex 5.15760803e+01 2.55151443e+01 7.96020966e+01
  endloop
 endfacet
 facet normal -6.26606882e-01 -1.96388409e-01 -7.54185259e-01
  outer loop
   vertex 6.27432251e+01 3.08022003e+01 7.19884186e+01
   vertex 6.09960251e+01 3.61190033e+01 7.20550842e+01
   vertex 6.55191803e+01 3.20778809e+01 6.93144836e+01
  endloop
 endfacet
 facet normal -3.92224252e-01 -2.31660545e-01 -8.90221059e-01
  outer loop
   vertex 3.62128525e+01 5.36684799e+01 8.22927094e+01
   vertex 3.48539047e+01 6.00754471e+01 8.12347565e+01
   vertex 3.83731537e+01 5.53494949e+01 8.09682465e+01
  endloop
 endfacet
 facet normal -4.48615134e-01 -2.43955553e-01 -8.59784961e-01
  outer loop
   vertex 4.15548706e+01 5.04005737e+01 8.07099609e+01
   vertex 4.06731644e+01 5.71329575e+01 7.92689056e+01
   vertex 4.39396820e+01 5.21106644e+01 7.90522766e+01
  endloop
 endfacet
 facet normal -4.55476582e-01 -3.54447842e-01 -8.16644251e-01
  outer loop
   vertex 3.48539047e+01 6.46160812e+01 7.96437531e+01
   vertex 3.31865005e+01 6.64934464e+01 7.97520599e+01
   vertex 3.69865036e+01 6.64465408e+01 7.76112213e+01
  endloop
 endfacet
 facet normal -4.15160120e-01 -2.93200254e-01 -8.61205935e-01
  outer loop
   vertex 3.48539047e+01 6.00754471e+01 8.12347565e+01
   vertex 3.26724701e+01 6.27181778e+01 8.14013672e+01
   vertex 3.48539047e+01 6.46160812e+01 7.96437531e+01
  endloop
 endfacet
 facet normal -4.05280143e-01 -1.71582684e-01 -8.97946179e-01
  outer loop
   vertex 4.20690994e+01 4.37198906e+01 8.17345276e+01
   vertex 4.15548706e+01 5.04005737e+01 8.07099609e+01
   vertex 4.43737564e+01 4.52534866e+01 8.04600677e+01
  endloop
 endfacet
 facet normal -4.57193702e-01 -1.18429877e-01 -8.81446719e-01
  outer loop
   vertex 5.02000809e+01 3.05804138e+01 7.98103485e+01
   vertex 5.11890564e+01 3.70720940e+01 7.84525757e+01
   vertex 5.29316711e+01 3.20051804e+01 7.82775879e+01
  endloop
 endfacet
 facet normal -4.08047795e-01 -1.42155275e-01 -9.01825309e-01
  outer loop
   vertex 4.42302170e+01 3.90022926e+01 8.14846497e+01
   vertex 4.43737564e+01 4.52534866e+01 8.04600677e+01
   vertex 4.66108780e+01 4.04790039e+01 8.02351990e+01
  endloop
 endfacet
 facet normal -4.78305310e-01 -8.05594251e-02 -8.74490857e-01
  outer loop
   vertex 5.55708618e+01 2.16643066e+01 7.79277496e+01
   vertex 5.43839722e+01 2.68663483e+01 7.81026154e+01
   vertex 5.84554443e+01 2.29252930e+01 7.62117767e+01
  endloop
 endfacet
 facet normal -4.07825142e-01 -1.15217350e-01 -9.05761361e-01
  outer loop
   vertex 4.60934525e+01 3.41708260e+01 8.12431488e+01
   vertex 4.66108780e+01 4.04790039e+01 8.02351990e+01
   vertex 4.85504913e+01 3.55740242e+01 8.00185852e+01
  endloop
 endfacet
 facet normal -4.37038511e-01 -2.07483441e-01 -8.75184536e-01
  outer loop
   vertex 4.43737564e+01 4.52534866e+01 8.04600677e+01
   vertex 4.15548706e+01 5.04005737e+01 8.07099609e+01
   vertex 4.39396820e+01 5.21106644e+01 7.90522766e+01
  endloop
 endfacet
 facet normal -5.48299551e-01 -1.27297834e-01 -8.26536655e-01
  outer loop
   vertex 6.13236237e+01 2.41692810e+01 7.42291870e+01
   vertex 5.71840210e+01 2.81924362e+01 7.63450012e+01
   vertex 5.99593735e+01 2.95014038e+01 7.43208466e+01
  endloop
 endfacet
 facet normal -4.73502994e-01 -6.34813234e-02 -8.78501594e-01
  outer loop
   vertex 5.64835129e+01 1.64238281e+01 7.77694397e+01
   vertex 5.55708618e+01 2.16643066e+01 7.79277496e+01
   vertex 5.84554443e+01 2.29252930e+01 7.62117767e+01
  endloop
 endfacet
 facet normal -4.18267310e-01 -3.36026669e-01 -8.43882978e-01
  outer loop
   vertex 3.10473785e+01 6.45628281e+01 8.15180359e+01
   vertex 3.10789719e+01 6.87458725e+01 7.98936310e+01
   vertex 3.31865005e+01 6.64934464e+01 7.97520599e+01
  endloop
 endfacet
 facet normal -5.54094970e-01 -1.58589512e-01 -8.17207515e-01
  outer loop
   vertex 5.99593735e+01 2.95014038e+01 7.43208466e+01
   vertex 5.56304016e+01 3.34043922e+01 7.64867096e+01
   vertex 5.83130569e+01 3.47700157e+01 7.44291382e+01
  endloop
 endfacet
 facet normal -4.23518032e-01 -4.15756330e-02 -9.04933095e-01
  outer loop
   vertex 5.34896317e+01 1.52191620e+01 7.92106171e+01
   vertex 5.26699982e+01 2.03862839e+01 7.94021912e+01
   vertex 5.55708618e+01 2.16643066e+01 7.79277496e+01
  endloop
 endfacet
 facet normal -4.30511862e-01 -6.61156923e-02 -9.00160134e-01
  outer loop
   vertex 5.26699982e+01 2.03862839e+01 7.94021912e+01
   vertex 5.15760803e+01 2.55151443e+01 7.96020966e+01
   vertex 5.43839722e+01 2.68663483e+01 7.81026154e+01
  endloop
 endfacet
 facet normal -3.95389289e-01 -4.30240855e-02 -9.17505443e-01
  outer loop
   vertex 4.99840851e+01 1.91956329e+01 8.05600128e+01
   vertex 5.15760803e+01 2.55151443e+01 7.96020966e+01
   vertex 5.26699982e+01 2.03862839e+01 7.94021912e+01
  endloop
 endfacet
 facet normal -6.28276527e-01 -2.33305752e-01 -7.42183983e-01
  outer loop
   vertex 6.09960251e+01 3.61190033e+01 7.20550842e+01
   vertex 5.89753952e+01 4.13556442e+01 7.21217041e+01
   vertex 6.36709671e+01 3.74510689e+01 6.93311615e+01
  endloop
 endfacet
 facet normal -4.45120513e-01 -6.52918667e-02 -8.93087208e-01
  outer loop
   vertex 5.26699982e+01 2.03862839e+01 7.94021912e+01
   vertex 5.43839722e+01 2.68663483e+01 7.81026154e+01
   vertex 5.55708618e+01 2.16643066e+01 7.79277496e+01
  endloop
 endfacet
 facet normal -5.57982624e-01 -1.90722883e-01 -8.07638645e-01
  outer loop
   vertex 5.83130569e+01 3.47700157e+01 7.44291382e+01
   vertex 5.38033752e+01 3.85364037e+01 7.66282654e+01
   vertex 5.63932648e+01 3.99586143e+01 7.45373535e+01
  endloop
 endfacet
 facet normal -6.26568198e-01 -2.84028172e-01 -7.25768745e-01
  outer loop
   vertex 5.89753952e+01 4.13556442e+01 7.21217041e+01
   vertex 5.66815872e+01 4.64957199e+01 7.21966553e+01
   vertex 5.91465912e+01 4.79156723e+01 6.93894501e+01
  endloop
 endfacet
 facet normal -4.93162632e-01 -4.55371380e-01 -7.41233766e-01
  outer loop
   vertex 3.31437225e+01 7.06417465e+01 7.78110809e+01
   vertex 3.30216064e+01 7.45719681e+01 7.55370483e+01
   vertex 3.51516876e+01 7.24531174e+01 7.54370728e+01
  endloop
 endfacet
 facet normal -5.13132155e-01 -4.92242098e-01 -7.03130960e-01
  outer loop
   vertex 3.51516876e+01 7.24531174e+01 7.54370728e+01
   vertex 3.30216064e+01 7.45719681e+01 7.55370483e+01
   vertex 3.49470596e+01 7.63401566e+01 7.28047485e+01
  endloop
 endfacet
 facet normal -5.44170141e-01 -5.62113941e-01 -6.22821629e-01
  outer loop
   vertex 3.49470596e+01 7.63401566e+01 7.28047485e+01
   vertex 3.46455536e+01 8.00588303e+01 6.97809296e+01
   vertex 3.68237305e+01 7.80409164e+01 6.97310028e+01
  endloop
 endfacet
 facet normal -4.55008328e-01 -4.03951466e-01 -7.93593526e-01
  outer loop
   vertex 3.10789719e+01 6.87458725e+01 7.98936310e+01
   vertex 3.10558701e+01 7.27279434e+01 7.79277496e+01
   vertex 3.31437225e+01 7.06417465e+01 7.78110809e+01
  endloop
 endfacet
 facet normal -5.33230186e-01 -5.79018593e-01 -6.16768241e-01
  outer loop
   vertex 3.28190994e+01 7.83423843e+01 7.28796692e+01
   vertex 3.20966110e+01 8.23031693e+01 6.98475800e+01
   vertex 3.46455536e+01 8.00588303e+01 6.97809296e+01
  endloop
 endfacet
 facet normal -6.00993454e-01 -2.84645647e-01 -7.46849179e-01
  outer loop
   vertex 5.41920242e+01 4.50421066e+01 7.46456757e+01
   vertex 5.40985641e+01 5.15055313e+01 7.22633362e+01
   vertex 5.66815872e+01 4.64957199e+01 7.21966553e+01
  endloop
 endfacet
 facet normal -6.40140712e-01 -4.35197920e-01 -6.33105576e-01
  outer loop
   vertex 5.31718903e+01 5.84203262e+01 6.94643707e+01
   vertex 4.95263290e+01 6.36688614e+01 6.95144196e+01
   vertex 5.53861389e+01 5.98773117e+01 6.61823807e+01
  endloop
 endfacet
 facet normal -5.31179845e-01 -6.27764523e-01 -5.68998814e-01
  outer loop
   vertex 3.20966110e+01 8.23031693e+01 6.98475800e+01
   vertex 3.00066605e+01 8.40477982e+01 6.98975983e+01
   vertex 3.16837692e+01 8.57281723e+01 6.63656158e+01
  endloop
 endfacet
 facet normal -4.37967628e-01 -4.37651247e-01 -7.85267949e-01
  outer loop
   vertex 2.46604462e+01 7.48267593e+01 8.03351440e+01
   vertex 2.65982971e+01 7.68284988e+01 7.81943054e+01
   vertex 2.90124817e+01 7.46650009e+01 7.80527344e+01
  endloop
 endfacet
 facet normal -4.51584548e-01 -4.89653945e-01 -7.45862186e-01
  outer loop
   vertex 2.65982971e+01 7.68284988e+01 7.81943054e+01
   vertex 2.46265411e+01 7.84920425e+01 7.83109436e+01
   vertex 2.64739532e+01 8.04254532e+01 7.58535919e+01
  endloop
 endfacet
 facet normal -6.24897957e-01 -3.19768995e-01 -7.12215066e-01
  outer loop
   vertex 5.66815872e+01 4.64957199e+01 7.21966553e+01
   vertex 5.40985641e+01 5.15055313e+01 7.22633362e+01
   vertex 5.64712067e+01 5.29654617e+01 6.94226990e+01
  endloop
 endfacet
 facet normal -4.74877089e-01 -5.78631997e-01 -6.63081229e-01
  outer loop
   vertex 2.37345200e+01 8.26079788e+01 7.59785309e+01
   vertex 2.54744339e+01 8.44979019e+01 7.31463470e+01
   vertex 2.82642517e+01 8.22828751e+01 7.30463409e+01
  endloop
 endfacet
 facet normal -4.48960781e-01 -4.18154627e-01 -7.89671421e-01
  outer loop
   vertex 2.90416565e+01 7.07997513e+01 8.00269470e+01
   vertex 2.90124817e+01 7.46650009e+01 7.80527344e+01
   vertex 3.10558701e+01 7.27279434e+01 7.79277496e+01
  endloop
 endfacet
 facet normal -4.96123493e-01 -5.51430821e-01 -6.70660496e-01
  outer loop
   vertex 2.84796524e+01 7.87292709e+01 7.57536316e+01
   vertex 2.82642517e+01 8.22828751e+01 7.30463409e+01
   vertex 3.03122482e+01 8.05625076e+01 7.29713593e+01
  endloop
 endfacet
 facet normal -4.93832409e-01 -5.24790466e-01 -6.93342984e-01
  outer loop
   vertex 3.09359436e+01 7.65415268e+01 7.56286926e+01
   vertex 2.84796524e+01 7.87292709e+01 7.57536316e+01
   vertex 3.03122482e+01 8.05625076e+01 7.29713593e+01
  endloop
 endfacet
 facet normal -6.02934897e-01 -3.52936625e-01 -7.15475500e-01
  outer loop
   vertex 5.13879089e+01 5.34803696e+01 7.35960693e+01
   vertex 5.09083405e+01 5.69124069e+01 7.23548889e+01
   vertex 5.37263412e+01 5.49896011e+01 7.09055328e+01
  endloop
 endfacet
 facet normal -6.62458062e-01 -3.84781688e-01 -6.42722607e-01
  outer loop
   vertex 5.60238953e+01 5.64563980e+01 6.78400726e+01
   vertex 5.88028717e+01 5.43912125e+01 6.61823807e+01
   vertex 5.64712067e+01 5.29654617e+01 6.94226990e+01
  endloop
 endfacet
 facet normal -6.52263820e-01 -4.19142723e-01 -6.31562591e-01
  outer loop
   vertex 5.60238953e+01 5.64563980e+01 6.78400726e+01
   vertex 5.31718903e+01 5.84203262e+01 6.94643707e+01
   vertex 5.53861389e+01 5.98773117e+01 6.61823807e+01
  endloop
 endfacet
 facet normal -3.81393433e-01 -4.04574573e-01 -8.31178963e-01
  outer loop
   vertex 2.07618256e+01 7.43470078e+01 8.23343964e+01
   vertex 2.00761566e+01 7.85667953e+01 8.06600342e+01
   vertex 2.27224960e+01 7.64658432e+01 8.04767151e+01
  endloop
 endfacet
 facet normal -5.41196227e-01 -2.01944232e-01 -8.16287458e-01
  outer loop
   vertex 5.38033752e+01 3.85364037e+01 7.66282654e+01
   vertex 5.16948090e+01 4.35633087e+01 7.67865143e+01
   vertex 5.63932648e+01 3.99586143e+01 7.45373535e+01
  endloop
 endfacet
 facet normal -5.86254478e-01 -2.84102082e-01 -7.58677602e-01
  outer loop
   vertex 5.41920242e+01 4.50421066e+01 7.46456757e+01
   vertex 5.17099380e+01 5.00037308e+01 7.47623444e+01
   vertex 5.40985641e+01 5.15055313e+01 7.22633362e+01
  endloop
 endfacet
 facet normal -5.04267693e-01 -2.48785257e-01 -8.26934099e-01
  outer loop
   vertex 4.68516159e+01 4.68819351e+01 7.88357391e+01
   vertex 4.63005066e+01 5.37620010e+01 7.71196747e+01
   vertex 4.92970123e+01 4.84680710e+01 7.69364624e+01
  endloop
 endfacet
 facet normal -6.22299254e-01 -4.23413038e-01 -6.58380568e-01
  outer loop
   vertex 5.03041992e+01 6.03255539e+01 7.09721680e+01
   vertex 4.95263290e+01 6.36688614e+01 6.95144196e+01
   vertex 5.31718903e+01 5.84203262e+01 6.94643707e+01
  endloop
 endfacet
 facet normal -5.76791525e-01 -3.55224490e-01 -7.35613406e-01
  outer loop
   vertex 4.80748978e+01 5.87683945e+01 7.37127686e+01
   vertex 5.09083405e+01 5.69124069e+01 7.23548889e+01
   vertex 4.86124725e+01 5.53540115e+01 7.48955536e+01
  endloop
 endfacet
 facet normal -5.26471138e-01 -3.14221740e-01 -7.89995492e-01
  outer loop
   vertex 4.63005066e+01 5.37620010e+01 7.71196747e+01
   vertex 4.29412613e+01 5.88491287e+01 7.72946625e+01
   vertex 4.86124725e+01 5.53540115e+01 7.48955536e+01
  endloop
 endfacet
 facet normal -5.07498741e-01 -2.13014781e-01 -8.34907055e-01
  outer loop
   vertex 4.91651230e+01 4.20338211e+01 7.86441498e+01
   vertex 4.92970123e+01 4.84680710e+01 7.69364624e+01
   vertex 5.16948090e+01 4.35633087e+01 7.67865143e+01
  endloop
 endfacet
 facet normal -4.28030133e-01 -4.13086116e-01 -8.03834617e-01
  outer loop
   vertex 2.70238571e+01 7.27038956e+01 8.01685486e+01
   vertex 2.46604462e+01 7.48267593e+01 8.03351440e+01
   vertex 2.90124817e+01 7.46650009e+01 7.80527344e+01
  endloop
 endfacet
 facet normal -3.63880903e-01 -3.05148482e-01 -8.80042672e-01
  outer loop
   vertex 2.50227814e+01 6.68850937e+01 8.32422638e+01
   vertex 2.49949799e+01 7.06671219e+01 8.19928284e+01
   vertex 2.69706421e+01 6.87954636e+01 8.18345642e+01
  endloop
 endfacet
 facet normal -3.57856989e-01 -3.16810071e-01 -8.78390431e-01
  outer loop
   vertex 2.30811386e+01 6.87240829e+01 8.34172516e+01
   vertex 2.26656952e+01 7.27489090e+01 8.21760559e+01
   vertex 2.49949799e+01 7.06671219e+01 8.19928284e+01
  endloop
 endfacet
 facet normal -3.76070976e-01 -3.72791588e-01 -8.48290682e-01
  outer loop
   vertex 2.26656952e+01 7.27489090e+01 8.21760559e+01
   vertex 2.07618256e+01 7.43470078e+01 8.23343964e+01
   vertex 2.27224960e+01 7.64658432e+01 8.04767151e+01
  endloop
 endfacet
 facet normal -4.83234644e-01 -3.34866613e-01 -8.08918178e-01
  outer loop
   vertex 4.29412613e+01 5.88491287e+01 7.72946625e+01
   vertex 3.70776520e+01 6.19325333e+01 7.95021515e+01
   vertex 3.92693176e+01 6.37223282e+01 7.74862671e+01
  endloop
 endfacet
 facet normal -4.39518571e-01 -3.90444994e-01 -8.08935165e-01
  outer loop
   vertex 3.10789719e+01 6.87458725e+01 7.98936310e+01
   vertex 2.90416565e+01 7.07997513e+01 8.00269470e+01
   vertex 3.10558701e+01 7.27279434e+01 7.79277496e+01
  endloop
 endfacet
 facet normal -4.33126777e-01 -4.04106826e-01 -8.05666745e-01
  outer loop
   vertex 2.90416565e+01 7.07997513e+01 8.00269470e+01
   vertex 2.70238571e+01 7.27038956e+01 8.01685486e+01
   vertex 2.90124817e+01 7.46650009e+01 7.80527344e+01
  endloop
 endfacet
 facet normal -3.69025439e-01 -2.93686450e-01 -8.81798446e-01
  outer loop
   vertex 2.69919891e+01 6.49050980e+01 8.30756989e+01
   vertex 2.69706421e+01 6.87954636e+01 8.18345642e+01
   vertex 2.89739304e+01 6.67744217e+01 8.16762695e+01
  endloop
 endfacet
 facet normal -6.05719030e-01 -4.80921417e-01 -6.33892000e-01
  outer loop
   vertex 4.65526886e+01 6.54473190e+01 7.10471344e+01
   vertex 4.55681381e+01 6.87035294e+01 6.95644073e+01
   vertex 4.86404953e+01 6.69935989e+01 6.78899841e+01
  endloop
 endfacet
 facet normal -2.68931568e-01 -1.89984441e-01 -9.44236040e-01
  outer loop
   vertex 1.88784561e+01 6.43813248e+01 8.56664124e+01
   vertex 2.11022720e+01 6.66883011e+01 8.46168213e+01
   vertex 2.30097733e+01 6.48902817e+01 8.44335480e+01
  endloop
 endfacet
 facet normal -3.23772103e-01 -3.28275859e-01 -8.87359321e-01
  outer loop
   vertex 1.89075699e+01 7.23300095e+01 8.37837982e+01
   vertex 1.63461533e+01 7.43409500e+01 8.40087280e+01
   vertex 1.81578979e+01 7.64070816e+01 8.25342407e+01
  endloop
 endfacet
 facet normal -2.96769351e-01 -2.40328029e-01 -9.24213409e-01
  outer loop
   vertex 2.11022720e+01 6.66883011e+01 8.46168213e+01
   vertex 1.88412476e+01 6.86796799e+01 8.48333893e+01
   vertex 2.07860031e+01 7.07565079e+01 8.36172028e+01
  endloop
 endfacet
 facet normal -3.08463663e-01 -2.67440408e-01 -9.12866771e-01
  outer loop
   vertex 1.88412476e+01 6.86796799e+01 8.48333893e+01
   vertex 1.89075699e+01 7.23300095e+01 8.37837982e+01
   vertex 2.07860031e+01 7.07565079e+01 8.36172028e+01
  endloop
 endfacet
 facet normal -4.10211235e-01 -3.03955346e-01 -8.59847605e-01
  outer loop
   vertex 3.26724701e+01 6.27181778e+01 8.14013672e+01
   vertex 3.10473785e+01 6.45628281e+01 8.15180359e+01
   vertex 3.48539047e+01 6.46160812e+01 7.96437531e+01
  endloop
 endfacet
 facet normal -3.56190354e-01 -2.68254846e-01 -8.95079732e-01
  outer loop
   vertex 2.90313950e+01 6.27346725e+01 8.29008026e+01
   vertex 2.69919891e+01 6.49050980e+01 8.30756989e+01
   vertex 2.89739304e+01 6.67744217e+01 8.16762695e+01
  endloop
 endfacet
 facet normal -5.73077679e-01 -4.79913056e-01 -6.64278150e-01
  outer loop
   vertex 4.35062332e+01 6.71076126e+01 7.25464783e+01
   vertex 4.11222610e+01 6.98965836e+01 7.26131439e+01
   vertex 4.31335831e+01 7.15248642e+01 6.96060486e+01
  endloop
 endfacet
 facet normal -4.22952682e-01 -3.25945765e-01 -8.45500052e-01
  outer loop
   vertex 3.10473785e+01 6.45628281e+01 8.15180359e+01
   vertex 3.31865005e+01 6.64934464e+01 7.97520599e+01
   vertex 3.48539047e+01 6.46160812e+01 7.96437531e+01
  endloop
 endfacet
 facet normal -2.72749960e-01 -1.80924460e-01 -9.44920003e-01
  outer loop
   vertex 2.26611938e+01 6.07349014e+01 8.52831726e+01
   vertex 2.30097733e+01 6.48902817e+01 8.44335480e+01
   vertex 2.49531708e+01 6.29514084e+01 8.42502136e+01
  endloop
 endfacet
 facet normal -3.27884018e-01 -2.21629202e-01 -9.18353200e-01
  outer loop
   vertex 2.69504776e+01 6.08135300e+01 8.40670013e+01
   vertex 2.90313950e+01 6.27346725e+01 8.29008026e+01
   vertex 3.06311111e+01 6.09144211e+01 8.27675171e+01
  endloop
 endfacet
 facet normal -6.21794820e-01 -7.35903144e-01 -2.67988294e-01
  outer loop
   vertex 4.25344696e+01 8.73769760e+01 4.76729317e+01
   vertex 4.03392868e+01 9.03193283e+01 4.46574783e+01
   vertex 4.31400833e+01 8.79713211e+01 4.46824760e+01
  endloop
 endfacet
 facet normal -6.24871492e-01 -7.39969730e-01 -2.48958662e-01
  outer loop
   vertex 4.31400833e+01 8.79713211e+01 4.46824760e+01
   vertex 4.03392868e+01 9.03193283e+01 4.46574783e+01
   vertex 4.36716614e+01 8.85141983e+01 4.16670227e+01
  endloop
 endfacet
 facet normal -5.64354658e-01 -4.13429916e-01 -7.14548469e-01
  outer loop
   vertex 4.51686630e+01 6.05062180e+01 7.50372314e+01
   vertex 4.35062332e+01 6.71076126e+01 7.25464783e+01
   vertex 4.73635406e+01 6.21211929e+01 7.24465485e+01
  endloop
 endfacet
 facet normal -6.04343891e-01 -4.24909979e-01 -6.73958421e-01
  outer loop
   vertex 5.03041992e+01 6.03255539e+01 7.09721680e+01
   vertex 4.73635406e+01 6.21211929e+01 7.24465485e+01
   vertex 4.95263290e+01 6.36688614e+01 6.95144196e+01
  endloop
 endfacet
 facet normal -6.16122067e-01 -5.07644415e-01 -6.02238119e-01
  outer loop
   vertex 4.86404953e+01 6.69935989e+01 6.78899841e+01
   vertex 4.55681381e+01 6.87035294e+01 6.95644073e+01
   vertex 4.75811844e+01 7.02400589e+01 6.61907272e+01
  endloop
 endfacet
 facet normal -6.31979764e-01 -7.23118484e-01 -2.78749377e-01
  outer loop
   vertex 4.49059448e+01 8.52708817e+01 4.76896439e+01
   vertex 4.25344696e+01 8.73769760e+01 4.76729317e+01
   vertex 4.31400833e+01 8.79713211e+01 4.46824760e+01
  endloop
 endfacet
 facet normal -5.65544426e-01 -5.26568949e-01 -6.34731948e-01
  outer loop
   vertex 3.93535309e+01 7.18469925e+01 7.26631622e+01
   vertex 3.90296860e+01 7.58735580e+01 6.96810150e+01
   vertex 4.13227463e+01 7.34994736e+01 6.96393433e+01
  endloop
 endfacet
 facet normal -5.19039631e-01 -4.00744021e-01 -7.54984796e-01
  outer loop
   vertex 3.92693176e+01 6.37223282e+01 7.74862671e+01
   vertex 3.90704880e+01 6.82009964e+01 7.52787781e+01
   vertex 4.14039230e+01 6.54444351e+01 7.51871796e+01
  endloop
 endfacet
 facet normal -5.36148369e-01 -4.84668881e-01 -6.91115797e-01
  outer loop
   vertex 3.73437119e+01 7.01355362e+01 7.53454437e+01
   vertex 3.71192245e+01 7.41972122e+01 7.27380981e+01
   vertex 3.93535309e+01 7.18469925e+01 7.26631622e+01
  endloop
 endfacet
 facet normal -6.44948304e-01 -4.60307509e-01 -6.10048056e-01
  outer loop
   vertex 5.53861389e+01 5.98773117e+01 6.61823807e+01
   vertex 4.95263290e+01 6.36688614e+01 6.95144196e+01
   vertex 5.16399002e+01 6.51740494e+01 6.61823807e+01
  endloop
 endfacet
 facet normal -6.63817167e-01 -5.52968323e-01 -5.03560126e-01
  outer loop
   vertex 5.36880569e+01 6.66112747e+01 6.24088554e+01
   vertex 4.95284805e+01 7.17171249e+01 6.23838654e+01
   vertex 5.03009567e+01 7.23061295e+01 6.06595116e+01
  endloop
 endfacet
 facet normal -5.07492244e-01 -4.26521391e-01 -7.48686254e-01
  outer loop
   vertex 3.52934494e+01 6.83566360e+01 7.76945038e+01
   vertex 3.73437119e+01 7.01355362e+01 7.53454437e+01
   vertex 3.90704880e+01 6.82009964e+01 7.52787781e+01
  endloop
 endfacet
 facet normal -6.65738285e-01 -4.96865690e-01 -5.56701958e-01
  outer loop
   vertex 5.46406784e+01 6.32795029e+01 6.43330765e+01
   vertex 5.16399002e+01 6.51740494e+01 6.61823807e+01
   vertex 5.36880569e+01 6.66112747e+01 6.24088554e+01
  endloop
 endfacet
 facet normal -6.33978009e-01 -5.17844737e-01 -5.74376822e-01
  outer loop
   vertex 4.86404953e+01 6.69935989e+01 6.78899841e+01
   vertex 4.75811844e+01 7.02400589e+01 6.61907272e+01
   vertex 5.06794434e+01 6.84807053e+01 6.43164368e+01
  endloop
 endfacet
 facet normal -6.39221251e-01 -7.20312595e-01 -2.69343585e-01
  outer loop
   vertex 4.49059448e+01 8.52708817e+01 4.76896439e+01
   vertex 4.31400833e+01 8.79713211e+01 4.46824760e+01
   vertex 4.55198593e+01 8.58654099e+01 4.46991196e+01
  endloop
 endfacet
 facet normal -6.21907949e-01 -7.08960891e-01 -3.32573235e-01
  outer loop
   vertex 4.41848984e+01 8.46078262e+01 5.07384148e+01
   vertex 4.12161713e+01 8.61196976e+01 5.30874748e+01
   vertex 4.18304138e+01 8.66975632e+01 5.07217674e+01
  endloop
 endfacet
 facet normal -5.98692417e-01 -6.15732551e-01 -5.12289762e-01
  outer loop
   vertex 4.08999023e+01 7.74741440e+01 6.62406769e+01
   vertex 4.03815308e+01 8.12055435e+01 6.23671951e+01
   vertex 4.26964569e+01 7.89984665e+01 6.23671951e+01
  endloop
 endfacet
 facet normal -6.29606128e-01 -6.36745393e-01 -4.45142031e-01
  outer loop
   vertex 4.58207016e+01 7.71895523e+01 6.06344872e+01
   vertex 4.34101715e+01 7.96113815e+01 6.06262016e+01
   vertex 4.43862381e+01 8.04457779e+01 5.80104904e+01
  endloop
 endfacet
 facet normal -5.99945962e-01 -6.71512187e-01 -4.34897929e-01
  outer loop
   vertex 4.10784607e+01 8.18181229e+01 6.06262016e+01
   vertex 3.87994156e+01 8.38842239e+01 6.06262016e+01
   vertex 3.97252502e+01 8.47342758e+01 5.79938736e+01
  endloop
 endfacet
 facet normal -6.20030701e-01 -6.48725867e-01 -4.41267133e-01
  outer loop
   vertex 4.34101715e+01 7.96113815e+01 6.06262016e+01
   vertex 4.10784607e+01 8.18181229e+01 6.06262016e+01
   vertex 4.43862381e+01 8.04457779e+01 5.80104904e+01
  endloop
 endfacet
 facet normal -6.07833326e-01 -6.03587389e-01 -5.15965998e-01
  outer loop
   vertex 4.08999023e+01 7.74741440e+01 6.62406769e+01
   vertex 4.26964569e+01 7.89984665e+01 6.23671951e+01
   vertex 4.50819550e+01 7.65844650e+01 6.23671951e+01
  endloop
 endfacet
 facet normal -5.99489033e-01 -5.52885711e-01 -5.78731596e-01
  outer loop
   vertex 4.13227463e+01 7.34994736e+01 6.96393433e+01
   vertex 4.32350693e+01 7.50759201e+01 6.62156525e+01
   vertex 4.50878525e+01 7.30853043e+01 6.62073746e+01
  endloop
 endfacet
 facet normal -6.99431658e-01 -6.55073106e-01 -2.85787761e-01
  outer loop
   vertex 5.45309296e+01 7.56164322e+01 4.78228874e+01
   vertex 5.18363647e+01 7.85329971e+01 4.77812424e+01
   vertex 5.24924698e+01 7.91032486e+01 4.47907867e+01
  endloop
 endfacet
 facet normal -6.44846618e-01 -5.81245780e-01 -4.96312588e-01
  outer loop
   vertex 4.95284805e+01 7.17171249e+01 6.23838654e+01
   vertex 4.69765778e+01 7.45779648e+01 6.23671951e+01
   vertex 4.77239532e+01 7.51749039e+01 6.06428719e+01
  endloop
 endfacet
 facet normal -6.06216252e-01 -5.87356508e-01 -5.36203504e-01
  outer loop
   vertex 4.32350693e+01 7.50759201e+01 6.62156525e+01
   vertex 4.08999023e+01 7.74741440e+01 6.62406769e+01
   vertex 4.50819550e+01 7.65844650e+01 6.23671951e+01
  endloop
 endfacet
 facet normal -5.85106015e-01 -6.33454919e-01 -5.06345510e-01
  outer loop
   vertex 3.86353302e+01 7.96571579e+01 6.62656860e+01
   vertex 3.81192551e+01 8.32635117e+01 6.23754730e+01
   vertex 4.03815308e+01 8.12055435e+01 6.23671951e+01
  endloop
 endfacet
 facet normal -5.71877062e-01 -6.49576604e-01 -5.01005828e-01
  outer loop
   vertex 3.64150314e+01 8.16992416e+01 6.62906494e+01
   vertex 3.54611511e+01 8.55558548e+01 6.23921928e+01
   vertex 3.81192551e+01 8.32635117e+01 6.23754730e+01
  endloop
 endfacet
 facet normal -6.13752663e-01 -5.27535617e-01 -5.87378800e-01
  outer loop
   vertex 4.55681381e+01 6.87035294e+01 6.95644073e+01
   vertex 4.50878525e+01 7.30853043e+01 6.62073746e+01
   vertex 4.75811844e+01 7.02400589e+01 6.61907272e+01
  endloop
 endfacet
 facet normal -5.85502148e-01 -6.87507093e-01 -4.29559380e-01
  outer loop
   vertex 3.87994156e+01 8.38842239e+01 6.06262016e+01
   vertex 3.61161270e+01 8.61844254e+01 6.06344872e+01
   vertex 3.70166855e+01 8.70507736e+01 5.79938736e+01
  endloop
 endfacet
 facet normal -7.38322496e-01 -5.71745574e-01 -3.57752532e-01
  outer loop
   vertex 6.22096863e+01 6.44182053e+01 5.10383224e+01
   vertex 5.73967667e+01 6.92704544e+01 5.32957191e+01
   vertex 5.81283875e+01 6.98087234e+01 5.09466553e+01
  endloop
 endfacet
 facet normal -7.89380074e-01 -4.88829643e-01 -3.71382087e-01
  outer loop
   vertex 6.90810242e+01 5.36383743e+01 5.12132607e+01
   vertex 6.51712646e+01 5.83072586e+01 5.34706993e+01
   vertex 6.59699173e+01 5.88217697e+01 5.11298714e+01
  endloop
 endfacet
 facet normal -5.57305038e-01 -6.66479826e-01 -4.95192647e-01
  outer loop
   vertex 3.38156509e+01 8.39677200e+01 6.63323212e+01
   vertex 3.32873688e+01 8.73322372e+01 6.24088554e+01
   vertex 3.54611511e+01 8.55558548e+01 6.23921928e+01
  endloop
 endfacet
 facet normal -7.65275121e-01 -4.48883772e-01 -4.61364686e-01
  outer loop
   vertex 6.57872849e+01 5.51525803e+01 5.59447021e+01
   vertex 6.61965027e+01 5.19191208e+01 5.83437843e+01
   vertex 6.49422455e+01 5.58036118e+01 5.67277527e+01
  endloop
 endfacet
 facet normal -5.47287643e-01 -7.24244475e-01 -4.19459373e-01
  outer loop
   vertex 3.39338760e+01 8.79689865e+01 6.06428719e+01
   vertex 3.09507370e+01 9.02636948e+01 6.06512260e+01
   vertex 3.18010712e+01 9.11458206e+01 5.79938736e+01
  endloop
 endfacet
 facet normal -7.71947265e-01 -4.46761817e-01 -4.52218205e-01
  outer loop
   vertex 6.66243515e+01 5.44847946e+01 5.51533852e+01
   vertex 6.61965027e+01 5.19191208e+01 5.83437843e+01
   vertex 6.57872849e+01 5.51525803e+01 5.59447021e+01
  endloop
 endfacet
 facet normal -5.32570839e-01 -6.93093777e-01 -4.85787302e-01
  outer loop
   vertex 2.87844467e+01 8.79994583e+01 6.64156036e+01
   vertex 3.03376999e+01 8.96192398e+01 6.24255257e+01
   vertex 3.32873688e+01 8.73322372e+01 6.24088554e+01
  endloop
 endfacet
 facet normal -7.83812165e-01 -4.06066567e-01 -4.69838768e-01
  outer loop
   vertex 6.86826096e+01 4.99235992e+01 5.60196419e+01
   vertex 6.89094315e+01 4.66450653e+01 5.84103584e+01
   vertex 6.78703995e+01 5.06002121e+01 5.68027115e+01
  endloop
 endfacet
 facet normal -7.94777334e-01 -3.32417399e-01 -5.07767320e-01
  outer loop
   vertex 7.29167023e+01 3.98452034e+01 5.69609184e+01
   vertex 7.35327148e+01 3.57824211e+01 5.85603142e+01
   vertex 7.13577728e+01 4.12580299e+01 5.84853859e+01
  endloop
 endfacet
 facet normal -8.10241580e-01 -3.25100332e-01 -4.87666279e-01
  outer loop
   vertex 7.44262009e+01 3.83982315e+01 5.54032593e+01
   vertex 7.35327148e+01 3.57824211e+01 5.85603142e+01
   vertex 7.36796875e+01 3.91260452e+01 5.61779556e+01
  endloop
 endfacet
 facet normal -5.57742894e-01 -7.22446263e-01 -4.08649325e-01
  outer loop
   vertex 3.39338760e+01 8.79689865e+01 6.06428719e+01
   vertex 3.18010712e+01 9.11458206e+01 5.79938736e+01
   vertex 3.48093262e+01 8.88432236e+01 5.79938736e+01
  endloop
 endfacet
 facet normal -5.77646434e-01 -7.04044521e-01 -4.13093120e-01
  outer loop
   vertex 3.61161270e+01 8.61844254e+01 6.06344872e+01
   vertex 3.48093262e+01 8.88432236e+01 5.79938736e+01
   vertex 3.70166855e+01 8.70507736e+01 5.79938736e+01
  endloop
 endfacet
 facet normal -6.07997835e-01 -6.71991944e-01 -4.22806680e-01
  outer loop
   vertex 4.10784607e+01 8.18181229e+01 6.06262016e+01
   vertex 3.97252502e+01 8.47342758e+01 5.79938736e+01
   vertex 4.20376434e+01 8.26689072e+01 5.80022583e+01
  endloop
 endfacet
 facet normal -5.93583465e-01 -6.87936485e-01 -4.17614728e-01
  outer loop
   vertex 3.87994156e+01 8.38842239e+01 6.06262016e+01
   vertex 3.70166855e+01 8.70507736e+01 5.79938736e+01
   vertex 3.97252502e+01 8.47342758e+01 5.79938736e+01
  endloop
 endfacet
 facet normal -6.92565620e-01 -5.99659741e-01 -4.00950223e-01
  outer loop
   vertex 5.44361038e+01 7.12489700e+01 5.57114601e+01
   vertex 5.34245987e+01 7.18886185e+01 5.65027924e+01
   vertex 5.30530014e+01 7.44312210e+01 5.32207794e+01
  endloop
 endfacet
 facet normal -6.95391834e-01 -5.78424275e-01 -4.26445216e-01
  outer loop
   vertex 5.44361038e+01 7.12489700e+01 5.57114601e+01
   vertex 5.56291733e+01 6.79799576e+01 5.81438332e+01
   vertex 5.34245987e+01 7.18886185e+01 5.65027924e+01
  endloop
 endfacet
 facet normal -6.70770228e-01 -6.17335379e-01 -4.11052674e-01
  outer loop
   vertex 5.13692322e+01 7.31173019e+01 5.80771599e+01
   vertex 4.87585983e+01 7.59936905e+01 5.80521622e+01
   vertex 5.04004898e+01 7.73236313e+01 5.31791725e+01
  endloop
 endfacet
 facet normal -6.80098474e-01 -5.68737388e-01 -4.62605476e-01
  outer loop
   vertex 5.34245987e+01 7.18886185e+01 5.65027924e+01
   vertex 5.45106812e+01 6.71846085e+01 6.07095375e+01
   vertex 5.03009567e+01 7.23061295e+01 6.06595116e+01
  endloop
 endfacet
 facet normal -6.18474841e-01 -6.60574257e-01 -4.25594270e-01
  outer loop
   vertex 4.43862381e+01 8.04457779e+01 5.80104904e+01
   vertex 4.10784607e+01 8.18181229e+01 6.06262016e+01
   vertex 4.20376434e+01 8.26689072e+01 5.80022583e+01
  endloop
 endfacet
 facet normal -6.55193985e-01 -5.78941166e-01 -4.85332847e-01
  outer loop
   vertex 4.95284805e+01 7.17171249e+01 6.23838654e+01
   vertex 4.77239532e+01 7.51749039e+01 6.06428719e+01
   vertex 5.03009567e+01 7.23061295e+01 6.06595116e+01
  endloop
 endfacet
 facet normal -6.39577270e-01 -6.00197971e-01 -4.80315864e-01
  outer loop
   vertex 4.69765778e+01 7.45779648e+01 6.23671951e+01
   vertex 4.58207016e+01 7.71895523e+01 6.06344872e+01
   vertex 4.77239532e+01 7.51749039e+01 6.06428719e+01
  endloop
 endfacet
 facet normal -7.21274376e-01 -5.84603965e-01 -3.71485442e-01
  outer loop
   vertex 5.54394608e+01 7.06009293e+01 5.49117508e+01
   vertex 5.81283875e+01 6.98087234e+01 5.09466553e+01
   vertex 5.73967667e+01 6.92704544e+01 5.32957191e+01
  endloop
 endfacet
 facet normal -7.13152051e-01 -5.19987226e-01 -4.70135540e-01
  outer loop
   vertex 5.84077377e+01 6.18489914e+01 6.07594452e+01
   vertex 5.56291733e+01 6.79799576e+01 5.81438332e+01
   vertex 5.95848312e+01 6.26287155e+01 5.82021179e+01
  endloop
 endfacet
 facet normal -6.37861729e-01 -6.37210071e-01 -4.32545692e-01
  outer loop
   vertex 4.58207016e+01 7.71895523e+01 6.06344872e+01
   vertex 4.43862381e+01 8.04457779e+01 5.80104904e+01
   vertex 4.68302917e+01 7.80162277e+01 5.80272293e+01
  endloop
 endfacet
 facet normal -7.15355814e-01 -4.59315777e-01 -5.26588142e-01
  outer loop
   vertex 5.92182236e+01 5.71815414e+01 6.37416344e+01
   vertex 5.84077377e+01 6.18489914e+01 6.07594452e+01
   vertex 6.19751511e+01 5.63156662e+01 6.08094711e+01
  endloop
 endfacet
 facet normal -7.34939098e-01 -4.14878219e-01 -5.36414623e-01
  outer loop
   vertex 6.39538956e+01 5.06366501e+01 6.25337944e+01
   vertex 6.19751511e+01 5.63156662e+01 6.08094711e+01
   vertex 6.49020996e+01 5.11789093e+01 6.08677521e+01
  endloop
 endfacet
 facet normal -7.47453272e-01 -3.72848898e-01 -5.49815714e-01
  outer loop
   vertex 6.65663757e+01 4.53857803e+01 6.25754814e+01
   vertex 6.49020996e+01 5.11789093e+01 6.08677521e+01
   vertex 6.75565109e+01 4.59120865e+01 6.09177704e+01
  endloop
 endfacet
 facet normal -7.46417403e-01 -3.40358704e-01 -5.71853995e-01
  outer loop
   vertex 6.89058456e+01 4.00298653e+01 6.26171112e+01
   vertex 6.65663757e+01 4.53857803e+01 6.25754814e+01
   vertex 6.75565109e+01 4.59120865e+01 6.09177704e+01
  endloop
 endfacet
 facet normal -7.44033337e-01 -4.92539078e-01 -4.51463878e-01
  outer loop
   vertex 6.24395065e+01 6.05232162e+01 5.58614159e+01
   vertex 6.32110138e+01 5.70714951e+01 5.82771416e+01
   vertex 6.15017242e+01 6.12308731e+01 5.66527481e+01
  endloop
 endfacet
 facet normal -7.54370213e-01 -2.86447763e-01 -5.90654910e-01
  outer loop
   vertex 7.09719238e+01 3.45857086e+01 6.26671066e+01
   vertex 6.89058456e+01 4.00298653e+01 6.26171112e+01
   vertex 7.20541306e+01 3.50887909e+01 6.10427170e+01
  endloop
 endfacet
 facet normal -7.67039299e-01 -2.29114711e-01 -5.99297285e-01
  outer loop
   vertex 7.54825211e+01 2.39624710e+01 6.11843071e+01
   vertex 7.27727585e+01 2.90700226e+01 6.27254333e+01
   vertex 7.38969345e+01 2.95571747e+01 6.11093826e+01
  endloop
 endfacet
 facet normal -7.65548885e-01 -2.54605114e-01 -5.90856314e-01
  outer loop
   vertex 7.27727585e+01 2.90700226e+01 6.27254333e+01
   vertex 7.20541306e+01 3.50887909e+01 6.10427170e+01
   vertex 7.38969345e+01 2.95571747e+01 6.11093826e+01
  endloop
 endfacet
 facet normal -8.09795260e-01 -3.13106239e-01 -4.96181577e-01
  outer loop
   vertex 7.50424728e+01 3.43270760e+01 5.70442085e+01
   vertex 7.35327148e+01 3.57824211e+01 5.85603142e+01
   vertex 7.44262009e+01 3.83982315e+01 5.54032593e+01
  endloop
 endfacet
 facet normal -8.13478649e-01 -2.86495417e-01 -5.06135166e-01
  outer loop
   vertex 7.57807541e+01 3.35908699e+01 5.62695198e+01
   vertex 7.54425888e+01 3.02270966e+01 5.86436043e+01
   vertex 7.50424728e+01 3.43270760e+01 5.70442085e+01
  endloop
 endfacet
 facet normal -8.49951088e-01 -3.05647820e-01 -4.29141641e-01
  outer loop
   vertex 7.79052734e+01 3.13220367e+01 5.39121780e+01
   vertex 7.58781967e+01 3.69085274e+01 5.38122482e+01
   vertex 7.88883362e+01 3.17816010e+01 5.15881042e+01
  endloop
 endfacet
 facet normal -8.52853715e-01 -3.24917674e-01 -4.08740819e-01
  outer loop
   vertex 7.88883362e+01 3.17816010e+01 5.15881042e+01
   vertex 7.58781967e+01 3.69085274e+01 5.38122482e+01
   vertex 7.68358765e+01 3.73843002e+01 5.14880791e+01
  endloop
 endfacet
 facet normal -8.20353568e-01 -2.82122880e-01 -4.97420102e-01
  outer loop
   vertex 7.64942856e+01 3.28457298e+01 5.54865456e+01
   vertex 7.54425888e+01 3.02270966e+01 5.86436043e+01
   vertex 7.57807541e+01 3.35908699e+01 5.62695198e+01
  endloop
 endfacet
 facet normal -2.82291114e-01 -1.55669123e-01 -9.46614385e-01
  outer loop
   vertex 2.82260742e+01 5.44051132e+01 8.47417603e+01
   vertex 2.85243149e+01 5.90345230e+01 8.39253998e+01
   vertex 3.06291199e+01 5.64820786e+01 8.37337952e+01
  endloop
 endfacet
 facet normal -3.41459692e-01 -1.86129376e-01 -9.21282351e-01
  outer loop
   vertex 3.39955521e+01 5.19115524e+01 8.34172516e+01
   vertex 3.27699203e+01 5.83208847e+01 8.25925293e+01
   vertex 3.62128525e+01 5.36684799e+01 8.22927094e+01
  endloop
 endfacet
 facet normal -3.22045833e-01 -1.77986905e-01 -9.29842532e-01
  outer loop
   vertex 3.39955521e+01 5.19115524e+01 8.34172516e+01
   vertex 3.06291199e+01 5.64820786e+01 8.37337952e+01
   vertex 3.27699203e+01 5.83208847e+01 8.25925293e+01
  endloop
 endfacet
 facet normal -3.79879832e-01 -1.98440388e-01 -9.03500259e-01
  outer loop
   vertex 3.93266068e+01 4.87934036e+01 8.20094604e+01
   vertex 3.62128525e+01 5.36684799e+01 8.22927094e+01
   vertex 3.83731537e+01 5.53494949e+01 8.09682465e+01
  endloop
 endfacet
 facet normal -2.62587547e-01 -1.41859323e-01 -9.54423249e-01
  outer loop
   vertex 2.82260742e+01 5.44051132e+01 8.47417603e+01
   vertex 2.61639786e+01 5.69083176e+01 8.49416199e+01
   vertex 2.85243149e+01 5.90345230e+01 8.39253998e+01
  endloop
 endfacet
 facet normal -3.86503845e-01 -1.69047818e-01 -9.06662881e-01
  outer loop
   vertex 4.20690994e+01 4.37198906e+01 8.17345276e+01
   vertex 3.93266068e+01 4.87934036e+01 8.20094604e+01
   vertex 4.15548706e+01 5.04005737e+01 8.07099609e+01
  endloop
 endfacet
 facet normal -2.97427148e-01 -9.82127413e-02 -9.49679613e-01
  outer loop
   vertex 3.70659637e+01 4.03204880e+01 8.37754364e+01
   vertex 3.70328674e+01 4.71183853e+01 8.31090851e+01
   vertex 3.97073669e+01 4.21185684e+01 8.28175354e+01
  endloop
 endfacet
 facet normal -2.56633878e-01 -1.57413363e-01 -9.53603745e-01
  outer loop
   vertex 2.46240845e+01 5.86463699e+01 8.50915680e+01
   vertex 2.26611938e+01 6.07349014e+01 8.52831726e+01
   vertex 2.49531708e+01 6.29514084e+01 8.42502136e+01
  endloop
 endfacet
 facet normal -2.60483444e-01 -1.47465229e-01 -9.54150081e-01
  outer loop
   vertex 2.61639786e+01 5.69083176e+01 8.49416199e+01
   vertex 2.46240845e+01 5.86463699e+01 8.50915680e+01
   vertex 2.85243149e+01 5.90345230e+01 8.39253998e+01
  endloop
 endfacet
 facet normal -3.00043285e-01 -8.27604160e-02 -9.50328767e-01
  outer loop
   vertex 4.17919540e+01 3.74829178e+01 8.25508881e+01
   vertex 3.70659637e+01 4.03204880e+01 8.37754364e+01
   vertex 3.97073669e+01 4.21185684e+01 8.28175354e+01
  endloop
 endfacet
 facet normal -5.22456318e-02 4.56020571e-02 -9.97592509e-01
  outer loop
   vertex 2.02948456e+01 5.84752731e+01 8.60495911e+01
   vertex 2.07602844e+01 6.26245499e+01 8.54747925e+01
   vertex 2.26611938e+01 6.07349014e+01 8.52831726e+01
  endloop
 endfacet
 facet normal -8.21202517e-01 3.30669880e-01 -4.65063304e-01
  outer loop
   vertex 8.10912781e+01 9.81938934e+00 5.75413246e+01
   vertex 8.06092682e+01 9.67272949e+00 5.83187866e+01
   vertex 7.94452820e+01 1.41374741e+01 5.89018974e+01
  endloop
 endfacet
 facet normal -3.91087085e-01 -1.13532923e-01 -9.13324237e-01
  outer loop
   vertex 4.60934525e+01 3.41708260e+01 8.12431488e+01
   vertex 4.42302170e+01 3.90022926e+01 8.14846497e+01
   vertex 4.66108780e+01 4.04790039e+01 8.02351990e+01
  endloop
 endfacet
 facet normal -3.01495075e-01 -6.16595745e-02 -9.51471925e-01
  outer loop
   vertex 4.35872269e+01 3.27251587e+01 8.22843628e+01
   vertex 3.90740433e+01 3.57666855e+01 8.34922638e+01
   vertex 4.17919540e+01 3.74829178e+01 8.25508881e+01
  endloop
 endfacet
 facet normal -3.90500754e-01 -1.40129134e-01 -9.09875274e-01
  outer loop
   vertex 4.42302170e+01 3.90022926e+01 8.14846497e+01
   vertex 4.20690994e+01 4.37198906e+01 8.17345276e+01
   vertex 4.43737564e+01 4.52534866e+01 8.04600677e+01
  endloop
 endfacet
 facet normal -2.99824685e-01 -3.85565944e-02 -9.53214824e-01
  outer loop
   vertex 4.22049713e+01 2.63262634e+01 8.29507294e+01
   vertex 4.35872269e+01 3.27251587e+01 8.22843628e+01
   vertex 4.50842819e+01 2.78704300e+01 8.20344849e+01
  endloop
 endfacet
 facet normal -3.89394730e-01 -8.87981802e-02 -9.16780591e-01
  outer loop
   vertex 4.76750336e+01 2.92510529e+01 8.10099182e+01
   vertex 4.60934525e+01 3.41708260e+01 8.12431488e+01
   vertex 4.85504913e+01 3.55740242e+01 8.00185852e+01
  endloop
 endfacet
 facet normal -2.97154009e-01 -2.35978756e-02 -9.54537928e-01
  outer loop
   vertex 4.33434677e+01 2.14898834e+01 8.26925659e+01
   vertex 4.50842819e+01 2.78704300e+01 8.20344849e+01
   vertex 4.63077850e+01 2.29439850e+01 8.17845917e+01
  endloop
 endfacet
 facet normal -3.85720015e-01 -6.53372481e-02 -9.20299470e-01
  outer loop
   vertex 4.89666290e+01 2.42424927e+01 8.07766266e+01
   vertex 4.76750336e+01 2.92510529e+01 8.10099182e+01
   vertex 5.02000809e+01 3.05804138e+01 7.98103485e+01
  endloop
 endfacet
 facet normal -3.24611738e-02 1.33118093e-01 -9.90568459e-01
  outer loop
   vertex 4.37839584e+01 5.09178925e+00 8.19678040e+01
   vertex 4.79073257e+01 1.29589615e+01 8.13180695e+01
   vertex 4.83076706e+01 7.94236755e+00 8.11015167e+01
  endloop
 endfacet
 facet normal -7.85788119e-01 -1.54462457e-01 -5.98897576e-01
  outer loop
   vertex 7.77151031e+01 1.35308075e+01 6.13342667e+01
   vertex 7.67937927e+01 1.83378677e+01 6.12593117e+01
   vertex 7.94452820e+01 1.41374741e+01 5.89018974e+01
  endloop
 endfacet
 facet normal -2.95041949e-01 -1.15482351e-02 -9.55414534e-01
  outer loop
   vertex 4.72488403e+01 1.79707184e+01 8.15513153e+01
   vertex 4.33434677e+01 2.14898834e+01 8.26925659e+01
   vertex 4.63077850e+01 2.29439850e+01 8.17845917e+01
  endloop
 endfacet
 facet normal -3.00916970e-01 1.72032770e-02 -9.53495145e-01
  outer loop
   vertex 4.47730789e+01 1.16850204e+01 8.21927795e+01
   vertex 4.72488403e+01 1.79707184e+01 8.15513153e+01
   vertex 4.79073257e+01 1.29589615e+01 8.13180695e+01
  endloop
 endfacet
 facet normal -3.80539268e-01 -4.33367155e-02 -9.23748791e-01
  outer loop
   vertex 4.99840851e+01 1.91956329e+01 8.05600128e+01
   vertex 4.89666290e+01 2.42424927e+01 8.07766266e+01
   vertex 5.15760803e+01 2.55151443e+01 7.96020966e+01
  endloop
 endfacet
 facet normal -5.87860525e-01 -1.12780266e-01 -8.01062167e-01
  outer loop
   vertex 6.24302216e+01 1.87991409e+01 7.41458893e+01
   vertex 6.42166748e+01 2.54137650e+01 7.19383850e+01
   vertex 6.54160767e+01 1.99869995e+01 7.18884583e+01
  endloop
 endfacet
 facet normal -7.20018506e-01 -1.51601732e-01 -6.77192926e-01
  outer loop
   vertex 7.35197449e+01 2.01440582e+01 6.45913467e+01
   vertex 7.55773087e+01 1.78906479e+01 6.28503494e+01
   vertex 7.25401154e+01 1.67767944e+01 6.63156738e+01
  endloop
 endfacet
 facet normal -7.65886009e-01 -1.80416360e-01 -6.17145479e-01
  outer loop
   vertex 7.55773087e+01 1.78906479e+01 6.28503494e+01
   vertex 7.54825211e+01 2.39624710e+01 6.11843071e+01
   vertex 7.67937927e+01 1.83378677e+01 6.12593117e+01
  endloop
 endfacet
 facet normal -3.74301642e-01 -2.28064898e-02 -9.27026510e-01
  outer loop
   vertex 5.07273941e+01 1.41020508e+01 8.03434753e+01
   vertex 4.99840851e+01 1.91956329e+01 8.05600128e+01
   vertex 5.26699982e+01 2.03862839e+01 7.94021912e+01
  endloop
 endfacet
 facet normal -4.86192256e-01 -6.35473579e-02 -8.71538162e-01
  outer loop
   vertex 5.64835129e+01 1.64238281e+01 7.77694397e+01
   vertex 5.84554443e+01 2.29252930e+01 7.62117767e+01
   vertex 5.94608612e+01 1.76198654e+01 7.60868225e+01
  endloop
 endfacet
 facet normal -4.37097549e-01 -4.12095934e-02 -8.98469508e-01
  outer loop
   vertex 5.34896317e+01 1.52191620e+01 7.92106171e+01
   vertex 5.55708618e+01 2.16643066e+01 7.79277496e+01
   vertex 5.64835129e+01 1.64238281e+01 7.77694397e+01
  endloop
 endfacet
 facet normal -6.77214265e-01 -1.45667776e-01 -7.21222341e-01
  outer loop
   vertex 7.25401154e+01 1.67767944e+01 6.63156738e+01
   vertex 6.84104767e+01 2.11666641e+01 6.92894897e+01
   vertex 7.13882904e+01 2.23377075e+01 6.62823181e+01
  endloop
 endfacet
 facet normal -7.15279222e-01 -1.14292473e-01 -6.89429343e-01
  outer loop
   vertex 7.45312729e+01 1.49638062e+01 6.46496353e+01
   vertex 7.64483948e+01 1.30993042e+01 6.29169960e+01
   vertex 7.33186340e+01 1.20338135e+01 6.63489838e+01
  endloop
 endfacet
 facet normal -5.20646334e-01 -7.87674263e-02 -8.50131214e-01
  outer loop
   vertex 5.94608612e+01 1.76198654e+01 7.60868225e+01
   vertex 5.84554443e+01 2.29252930e+01 7.62117767e+01
   vertex 6.24302216e+01 1.87991409e+01 7.41458893e+01
  endloop
 endfacet
 facet normal -3.87799859e-01 -2.21796259e-02 -9.21476722e-01
  outer loop
   vertex 5.07273941e+01 1.41020508e+01 8.03434753e+01
   vertex 5.26699982e+01 2.03862839e+01 7.94021912e+01
   vertex 5.34896317e+01 1.52191620e+01 7.92106171e+01
  endloop
 endfacet
 facet normal -6.11820519e-01 -1.11297973e-01 -7.83127367e-01
  outer loop
   vertex 6.63493423e+01 1.45303421e+01 7.18468170e+01
   vertex 6.54160767e+01 1.99869995e+01 7.18884583e+01
   vertex 6.84104767e+01 2.11666641e+01 6.92894897e+01
  endloop
 endfacet
 facet normal -3.18425931e-02 4.01760861e-02 -9.98685122e-01
  outer loop
   vertex 3.18541107e+01 4.32991219e+01 8.48250427e+01
   vertex 3.15242691e+01 4.99249725e+01 8.44085236e+01
   vertex 3.44765854e+01 4.52218933e+01 8.40919952e+01
  endloop
 endfacet
 facet normal -2.81259775e-01 -9.69001441e-04 -9.59631205e-01
  outer loop
   vertex 4.41996994e+01 1.65983887e+01 8.24425964e+01
   vertex 4.33434677e+01 2.14898834e+01 8.26925659e+01
   vertex 4.72488403e+01 1.79707184e+01 8.15513153e+01
  endloop
 endfacet
 facet normal 2.21271262e-01 2.87402183e-01 -9.31900740e-01
  outer loop
   vertex 4.51483231e+01 2.58557892e+00 8.17761993e+01
   vertex 4.37839584e+01 5.09178925e+00 8.19678040e+01
   vertex 4.83076706e+01 7.94236755e+00 8.11015167e+01
  endloop
 endfacet
 facet normal -8.42774093e-01 -2.28957072e-01 4.87145245e-01
  outer loop
   vertex 9.19329224e+01 1.87489548e+01 5.99761534e+00
   vertex 9.05794525e+01 2.39479294e+01 0.00000000e+00
   vertex 9.20237122e+01 1.87922516e+01 0.00000000e+00
  endloop
 endfacet
 facet normal -8.20396483e-01 -2.96094298e-01 4.89160299e-01
  outer loop
   vertex 8.85798645e+01 2.98515701e+01 5.97265053e+00
   vertex 8.64372101e+01 3.58358803e+01 0.00000000e+00
   vertex 8.86366119e+01 2.99359360e+01 0.00000000e+00
  endloop
 endfacet
 facet normal -8.32640767e-01 -2.62056351e-01 4.87889141e-01
  outer loop
   vertex 9.04972229e+01 2.38880615e+01 5.98097134e+00
   vertex 8.86366119e+01 2.99359360e+01 0.00000000e+00
   vertex 9.05794525e+01 2.39479294e+01 0.00000000e+00
  endloop
 endfacet
 facet normal -5.40983319e-01 -6.87069714e-01 4.85048711e-01
  outer loop
   vertex 4.14213257e+01 9.62795486e+01 5.81437159e+00
   vertex 3.82995911e+01 9.88633347e+01 5.68434189e-14
   vertex 4.37777252e+01 9.45397873e+01 5.68434189e-14
  endloop
 endfacet
 facet normal -6.02422953e-01 -6.31054759e-01 4.88729417e-01
  outer loop
   vertex 5.15047836e+01 8.75249100e+01 5.83107758e+00
   vertex 4.90354309e+01 8.99706497e+01 2.84217094e-14
   vertex 5.40727844e+01 8.51475754e+01 2.84217094e-14
  endloop
 endfacet
 facet normal -5.72384596e-01 -6.59660757e-01 4.87056017e-01
  outer loop
   vertex 4.65989914e+01 9.19838486e+01 5.82269287e+00
   vertex 4.37777252e+01 9.45397873e+01 5.68434189e-14
   vertex 4.90354309e+01 8.99706497e+01 2.84217094e-14
  endloop
 endfacet
 facet normal -6.31311059e-01 -6.01288915e-01 4.89793837e-01
  outer loop
   vertex 5.61216507e+01 8.29189682e+01 5.83933687e+00
   vertex 5.40727844e+01 8.51475754e+01 2.84217094e-14
   vertex 5.88812561e+01 8.00868759e+01 2.84217094e-14
  endloop
 endfacet
 facet normal -7.05257714e-01 -5.10864794e-01 4.91557419e-01
  outer loop
   vertex 6.77796021e+01 6.91692734e+01 5.87271929e+00
   vertex 6.77521515e+01 6.93021011e+01 2.84217094e-14
   vertex 7.17891617e+01 6.36025620e+01 2.84217094e-14
  endloop
 endfacet
 facet normal -6.65116549e-01 -5.63279748e-01 4.90240633e-01
  outer loop
   vertex 6.34629135e+01 7.46722031e+01 5.85602236e+00
   vertex 5.88812561e+01 8.00868759e+01 2.84217094e-14
   vertex 6.34438248e+01 7.48051834e+01 2.84217094e-14
  endloop
 endfacet
 facet normal -7.27570355e-01 -4.77700621e-01 4.92385507e-01
  outer loop
   vertex 7.18167267e+01 6.34697189e+01 5.88930893e+00
   vertex 7.17891617e+01 6.36025620e+01 2.84217094e-14
   vertex 7.51854401e+01 5.83159409e+01 2.84217094e-14
  endloop
 endfacet
 facet normal -6.90960705e-01 -5.30573368e-01 4.90983874e-01
  outer loop
   vertex 6.77796021e+01 6.91692734e+01 5.87271929e+00
   vertex 6.34438248e+01 7.48051834e+01 2.84217094e-14
   vertex 6.77521515e+01 6.93021011e+01 2.84217094e-14
  endloop
 endfacet
 facet normal -7.73771226e-01 -3.98918897e-01 4.92079109e-01
  outer loop
   vertex 8.12965240e+01 4.71973190e+01 5.92268467e+00
   vertex 7.83594513e+01 5.28837967e+01 0.00000000e+00
   vertex 8.12943726e+01 4.73139420e+01 0.00000000e+00
  endloop
 endfacet
 facet normal -7.99885869e-01 -3.45157892e-01 4.90967035e-01
  outer loop
   vertex 8.39750519e+01 4.15228348e+01 5.93929386e+00
   vertex 8.39897003e+01 4.16313896e+01 0.00000000e+00
   vertex 8.64372101e+01 3.58358803e+01 0.00000000e+00
  endloop
 endfacet
 facet normal -7.83677876e-01 -3.79355371e-01 4.91872400e-01
  outer loop
   vertex 8.12965240e+01 4.71973190e+01 5.92268467e+00
   vertex 8.12943726e+01 4.73139420e+01 0.00000000e+00
   vertex 8.39897003e+01 4.16313896e+01 0.00000000e+00
  endloop
 endfacet
 facet normal -7.47670054e-01 -4.45248246e-01 4.92690086e-01
  outer loop
   vertex 7.52129135e+01 5.81831894e+01 5.89767122e+00
   vertex 7.51854401e+01 5.83159409e+01 2.84217094e-14
   vertex 7.83594513e+01 5.28837967e+01 0.00000000e+00
  endloop
 endfacet
 facet normal -7.25106001e-01 -2.10864633e-01 -6.55558825e-01
  outer loop
   vertex 7.21763229e+01 2.57097549e+01 6.45496902e+01
   vertex 6.99620819e+01 2.78686829e+01 6.62490311e+01
   vertex 7.27727585e+01 2.90700226e+01 6.27254333e+01
  endloop
 endfacet
 facet normal -2.49231443e-01 -1.76324308e-01 -9.52257037e-01
  outer loop
   vertex 1.88784561e+01 6.43813248e+01 8.56664124e+01
   vertex 1.66600113e+01 6.63235092e+01 8.58996429e+01
   vertex 1.88412476e+01 6.86796799e+01 8.48333893e+01
  endloop
 endfacet
 facet normal -5.64109683e-02 4.58762497e-02 -9.97353077e-01
  outer loop
   vertex 1.84280090e+01 6.03239670e+01 8.62494965e+01
   vertex 1.88784561e+01 6.43813248e+01 8.56664124e+01
   vertex 2.07602844e+01 6.26245499e+01 8.54747925e+01
  endloop
 endfacet
 facet normal 1.46643832e-01 2.47783944e-01 -9.57652688e-01
  outer loop
   vertex 2.02948456e+01 5.84752731e+01 8.60495911e+01
   vertex 1.84280090e+01 6.03239670e+01 8.62494965e+01
   vertex 2.07602844e+01 6.26245499e+01 8.54747925e+01
  endloop
 endfacet
 facet normal -7.56029725e-01 3.56176525e-01 -5.49142361e-01
  outer loop
   vertex 7.68535767e+01 8.52996063e+00 6.31501846e+01
   vertex 7.64483948e+01 1.30993042e+01 6.29169960e+01
   vertex 7.83532257e+01 8.98626709e+00 6.14092674e+01
  endloop
 endfacet
 facet normal -7.40631580e-01 -2.07677379e-01 -6.39010966e-01
  outer loop
   vertex 7.21763229e+01 2.57097549e+01 6.45496902e+01
   vertex 7.27727585e+01 2.90700226e+01 6.27254333e+01
   vertex 7.43080139e+01 2.34994354e+01 6.27919388e+01
  endloop
 endfacet
 facet normal -2.53338158e-01 -1.66743562e-01 -9.52898920e-01
  outer loop
   vertex 2.07602844e+01 6.26245499e+01 8.54747925e+01
   vertex 1.88784561e+01 6.43813248e+01 8.56664124e+01
   vertex 2.30097733e+01 6.48902817e+01 8.44335480e+01
  endloop
 endfacet
 facet normal -8.16259012e-02 2.03210145e-01 -9.75726843e-01
  outer loop
   vertex 1.84280090e+01 6.03239670e+01 8.62494965e+01
   vertex 1.65802536e+01 6.20396347e+01 8.64410858e+01
   vertex 1.88784561e+01 6.43813248e+01 8.56664124e+01
  endloop
 endfacet
 facet normal 1.56913176e-01 2.40391806e-01 -9.57909226e-01
  outer loop
   vertex 2.22233658e+01 5.64445267e+01 8.58580017e+01
   vertex 2.02948456e+01 5.84752731e+01 8.60495911e+01
   vertex 2.26611938e+01 6.07349014e+01 8.52831726e+01
  endloop
 endfacet
 facet normal -3.28122109e-01 -1.55811444e-01 -9.31696653e-01
  outer loop
   vertex 3.70328674e+01 4.71183853e+01 8.31090851e+01
   vertex 3.39955521e+01 5.19115524e+01 8.34172516e+01
   vertex 3.62128525e+01 5.36684799e+01 8.22927094e+01
  endloop
 endfacet
 facet normal -3.47628087e-01 -1.61251754e-01 -9.23662603e-01
  outer loop
   vertex 3.70328674e+01 4.71183853e+01 8.31090851e+01
   vertex 3.62128525e+01 5.36684799e+01 8.22927094e+01
   vertex 3.93266068e+01 4.87934036e+01 8.20094604e+01
  endloop
 endfacet
 facet normal -2.72731662e-01 -1.12371713e-01 -9.55505133e-01
  outer loop
   vertex 3.44765854e+01 4.52218933e+01 8.40919952e+01
   vertex 3.15242691e+01 4.99249725e+01 8.44085236e+01
   vertex 3.39955521e+01 5.19115524e+01 8.34172516e+01
  endloop
 endfacet
 facet normal -2.87721008e-01 -1.40136138e-01 -9.47406173e-01
  outer loop
   vertex 3.15242691e+01 4.99249725e+01 8.44085236e+01
   vertex 3.06291199e+01 5.64820786e+01 8.37337952e+01
   vertex 3.39955521e+01 5.19115524e+01 8.34172516e+01
  endloop
 endfacet
 facet normal -2.93714792e-01 -1.19902484e-01 -9.48343277e-01
  outer loop
   vertex 3.44765854e+01 4.52218933e+01 8.40919952e+01
   vertex 3.39955521e+01 5.19115524e+01 8.34172516e+01
   vertex 3.70328674e+01 4.71183853e+01 8.31090851e+01
  endloop
 endfacet
 facet normal -3.33555371e-01 -1.31272420e-01 -9.33546126e-01
  outer loop
   vertex 3.97073669e+01 4.21185684e+01 8.28175354e+01
   vertex 3.70328674e+01 4.71183853e+01 8.31090851e+01
   vertex 3.93266068e+01 4.87934036e+01 8.20094604e+01
  endloop
 endfacet
 facet normal 2.02725887e-01 1.90259695e-01 -9.60574567e-01
  outer loop
   vertex 3.18541107e+01 4.32991219e+01 8.48250427e+01
   vertex 2.89784546e+01 4.79120178e+01 8.51498566e+01
   vertex 3.15242691e+01 4.99249725e+01 8.44085236e+01
  endloop
 endfacet
 facet normal 1.76430807e-01 2.22626373e-01 -9.58806396e-01
  outer loop
   vertex 2.57486496e+01 5.22934036e+01 8.54914246e+01
   vertex 2.37376480e+01 5.47392960e+01 8.56996613e+01
   vertex 2.61639786e+01 5.69083176e+01 8.49416199e+01
  endloop
 endfacet
 facet normal -4.10786122e-02 4.22943980e-02 -9.98260379e-01
  outer loop
   vertex 2.57486496e+01 5.22934036e+01 8.54914246e+01
   vertex 2.61639786e+01 5.69083176e+01 8.49416199e+01
   vertex 2.82260742e+01 5.44051132e+01 8.47417603e+01
  endloop
 endfacet
 facet normal -4.83185127e-02 4.41176929e-02 -9.97857153e-01
  outer loop
   vertex 2.22233658e+01 5.64445267e+01 8.58580017e+01
   vertex 2.26611938e+01 6.07349014e+01 8.52831726e+01
   vertex 2.46240845e+01 5.86463699e+01 8.50915680e+01
  endloop
 endfacet
 facet normal 1.65199012e-01 2.35043377e-01 -9.57843363e-01
  outer loop
   vertex 2.37376480e+01 5.47392960e+01 8.56996613e+01
   vertex 2.22233658e+01 5.64445267e+01 8.58580017e+01
   vertex 2.61639786e+01 5.69083176e+01 8.49416199e+01
  endloop
 endfacet
 facet normal -5.00487611e-02 4.87068258e-02 -9.97558415e-01
  outer loop
   vertex 2.22233658e+01 5.64445267e+01 8.58580017e+01
   vertex 2.46240845e+01 5.86463699e+01 8.50915680e+01
   vertex 2.61639786e+01 5.69083176e+01 8.49416199e+01
  endloop
 endfacet
 facet normal -2.66942322e-01 -1.29864678e-01 -9.54922497e-01
  outer loop
   vertex 3.15242691e+01 4.99249725e+01 8.44085236e+01
   vertex 2.82260742e+01 5.44051132e+01 8.47417603e+01
   vertex 3.06291199e+01 5.64820786e+01 8.37337952e+01
  endloop
 endfacet
 facet normal -3.53008479e-01 -1.34985775e-01 -9.25831437e-01
  outer loop
   vertex 3.97073669e+01 4.21185684e+01 8.28175354e+01
   vertex 3.93266068e+01 4.87934036e+01 8.20094604e+01
   vertex 4.20690994e+01 4.37198906e+01 8.17345276e+01
  endloop
 endfacet
 facet normal -8.44984293e-01 -4.59786505e-01 -2.73126125e-01
  outer loop
   vertex 7.37407990e+01 4.94165573e+01 4.52739182e+01
   vertex 7.08184586e+01 5.47533340e+01 4.51906052e+01
   vertex 7.44574738e+01 4.98628387e+01 4.22334442e+01
  endloop
 endfacet
 facet normal -4.92634237e-01 -1.79410622e-01 -8.51541758e-01
  outer loop
   vertex 5.11890564e+01 3.70720940e+01 7.84525757e+01
   vertex 4.91651230e+01 4.20338211e+01 7.86441498e+01
   vertex 5.16948090e+01 4.35633087e+01 7.67865143e+01
  endloop
 endfacet
 facet normal -8.07719290e-01 -4.85310555e-01 -3.34758371e-01
  outer loop
   vertex 6.90810242e+01 5.36383743e+01 5.12132607e+01
   vertex 6.68752670e+01 5.94298477e+01 4.80977974e+01
   vertex 7.00282745e+01 5.42306442e+01 4.81810951e+01
  endloop
 endfacet
 facet normal -4.60314035e-01 -3.43055934e-01 -8.18794012e-01
  outer loop
   vertex 3.70776520e+01 6.19325333e+01 7.95021515e+01
   vertex 3.48539047e+01 6.46160812e+01 7.96437531e+01
   vertex 3.69865036e+01 6.64465408e+01 7.76112213e+01
  endloop
 endfacet
 facet normal -8.53779316e-01 -4.67978150e-01 -2.28160694e-01
  outer loop
   vertex 7.44574738e+01 4.98628387e+01 4.22334442e+01
   vertex 7.21349030e+01 5.56606674e+01 3.88847160e+01
   vertex 7.51076202e+01 5.02997360e+01 3.89680099e+01
  endloop
 endfacet
 facet normal -7.34609962e-01 -6.39769256e-01 -2.25928038e-01
  outer loop
   vertex 6.02471008e+01 7.14889603e+01 4.19002647e+01
   vertex 5.57774429e+01 7.66973190e+01 4.18169518e+01
   vertex 5.63267975e+01 7.71823502e+01 3.85765419e+01
  endloop
 endfacet
 facet normal -7.12520838e-01 -6.54148936e-01 -2.53777921e-01
  outer loop
   vertex 5.51953125e+01 7.61868210e+01 4.48407021e+01
   vertex 5.24924698e+01 7.91032486e+01 4.47907867e+01
   vertex 5.57774429e+01 7.66973190e+01 4.18169518e+01
  endloop
 endfacet
 facet normal -5.02714217e-01 -3.91970515e-01 -7.70478785e-01
  outer loop
   vertex 3.92693176e+01 6.37223282e+01 7.74862671e+01
   vertex 3.69865036e+01 6.64465408e+01 7.76112213e+01
   vertex 3.90704880e+01 6.82009964e+01 7.52787781e+01
  endloop
 endfacet
 facet normal -4.77155179e-01 -3.53169948e-01 -8.04732203e-01
  outer loop
   vertex 3.70776520e+01 6.19325333e+01 7.95021515e+01
   vertex 3.69865036e+01 6.64465408e+01 7.76112213e+01
   vertex 3.92693176e+01 6.37223282e+01 7.74862671e+01
  endloop
 endfacet
 facet normal -8.44921231e-01 -4.79685992e-01 -2.36663207e-01
  outer loop
   vertex 7.44574738e+01 4.98628387e+01 4.22334442e+01
   vertex 7.15015411e+01 5.52157822e+01 4.21501465e+01
   vertex 7.21349030e+01 5.56606674e+01 3.88847160e+01
  endloop
 endfacet
 facet normal -4.80987370e-01 -2.71375060e-01 -8.33670616e-01
  outer loop
   vertex 4.39396820e+01 5.21106644e+01 7.90522766e+01
   vertex 4.06731644e+01 5.71329575e+01 7.92689056e+01
   vertex 4.63005066e+01 5.37620010e+01 7.71196747e+01
  endloop
 endfacet
 facet normal -7.31435716e-01 -6.36343956e-01 -2.45088115e-01
  outer loop
   vertex 6.02471008e+01 7.14889603e+01 4.19002647e+01
   vertex 5.51953125e+01 7.61868210e+01 4.48407021e+01
   vertex 5.57774429e+01 7.66973190e+01 4.18169518e+01
  endloop
 endfacet
 facet normal -7.06976533e-01 -6.64206624e-01 -2.42927492e-01
  outer loop
   vertex 5.57774429e+01 7.66973190e+01 4.18169518e+01
   vertex 5.24924698e+01 7.91032486e+01 4.47907867e+01
   vertex 5.30578918e+01 7.96134720e+01 4.17752113e+01
  endloop
 endfacet
 facet normal -7.09944248e-01 -6.67449772e-01 -2.24699825e-01
  outer loop
   vertex 5.57774429e+01 7.66973190e+01 4.18169518e+01
   vertex 5.30578918e+01 7.96134720e+01 4.17752113e+01
   vertex 5.35902710e+01 8.01148148e+01 3.85348778e+01
  endloop
 endfacet
 facet normal -5.41885257e-01 -9.58445296e-02 -8.34969580e-01
  outer loop
   vertex 6.24302216e+01 1.87991409e+01 7.41458893e+01
   vertex 5.84554443e+01 2.29252930e+01 7.62117767e+01
   vertex 6.13236237e+01 2.41692810e+01 7.42291870e+01
  endloop
 endfacet
 facet normal -5.77913284e-01 -7.61182904e-01 -2.94307321e-01
  outer loop
   vertex 3.67972183e+01 9.08375168e+01 5.06884842e+01
   vertex 3.43753815e+01 9.38757858e+01 4.76146431e+01
   vertex 3.74676590e+01 9.15330124e+01 4.76396408e+01
  endloop
 endfacet
 facet normal -5.68583965e-01 -7.64981568e-01 -3.02515209e-01
  outer loop
   vertex 3.67972183e+01 9.08375168e+01 5.06884842e+01
   vertex 3.37216034e+01 9.31805191e+01 5.06717491e+01
   vertex 3.43753815e+01 9.38757858e+01 4.76146431e+01
  endloop
 endfacet
 facet normal -3.56749266e-01 -1.09060973e-01 -9.27812278e-01
  outer loop
   vertex 4.17919540e+01 3.74829178e+01 8.25508881e+01
   vertex 4.20690994e+01 4.37198906e+01 8.17345276e+01
   vertex 4.42302170e+01 3.90022926e+01 8.14846497e+01
  endloop
 endfacet
 facet normal -3.38047713e-01 -1.06457800e-01 -9.35088456e-01
  outer loop
   vertex 4.17919540e+01 3.74829178e+01 8.25508881e+01
   vertex 3.97073669e+01 4.21185684e+01 8.28175354e+01
   vertex 4.20690994e+01 4.37198906e+01 8.17345276e+01
  endloop
 endfacet
 facet normal -4.47907597e-01 -3.70297223e-01 -8.13792825e-01
  outer loop
   vertex 3.31865005e+01 6.64934464e+01 7.97520599e+01
   vertex 3.10789719e+01 6.87458725e+01 7.98936310e+01
   vertex 3.52934494e+01 6.83566360e+01 7.76945038e+01
  endloop
 endfacet
 facet normal -7.80048907e-01 -5.94644666e-01 -1.94734335e-01
  outer loop
   vertex 6.50037155e+01 6.65273056e+01 3.87264977e+01
   vertex 6.13134537e+01 7.23999100e+01 3.52944336e+01
   vertex 6.55290909e+01 6.69535599e+01 3.53694916e+01
  endloop
 endfacet
 facet normal -7.68732846e-01 -6.06979668e-01 -2.01557666e-01
  outer loop
   vertex 6.50037155e+01 6.65273056e+01 3.87264977e+01
   vertex 6.08048401e+01 7.19657211e+01 3.86514511e+01
   vertex 6.13134537e+01 7.23999100e+01 3.52944336e+01
  endloop
 endfacet
 facet normal -7.17175186e-01 -6.73702955e-01 -1.78281039e-01
  outer loop
   vertex 5.68184967e+01 7.76329422e+01 3.52195053e+01
   vertex 5.40734100e+01 8.05736008e+01 3.51862144e+01
   vertex 5.45155334e+01 8.09983292e+01 3.17292480e+01
  endloop
 endfacet
 facet normal -5.64442575e-01 -8.13542068e-01 -1.39834970e-01
  outer loop
   vertex 3.15121155e+01 1.00988289e+02 2.78057194e+01
   vertex 3.17480240e+01 1.01300865e+02 2.49651890e+01
   vertex 3.71502457e+01 9.70260086e+01 2.78390713e+01
  endloop
 endfacet
 facet normal -5.75113356e-01 -8.07121217e-01 -1.33416653e-01
  outer loop
   vertex 3.71502457e+01 9.70260086e+01 2.78390713e+01
   vertex 3.17480240e+01 1.01300865e+02 2.49651890e+01
   vertex 3.73946075e+01 9.73304520e+01 2.50068455e+01
  endloop
 endfacet
 facet normal -5.67368388e-01 -8.00519526e-01 -1.93032622e-01
  outer loop
   vertex 3.63755188e+01 9.61119461e+01 3.50362587e+01
   vertex 3.59349442e+01 9.56040268e+01 3.83766251e+01
   vertex 3.07630005e+01 1.00041405e+02 3.49862633e+01
  endloop
 endfacet
 facet normal -5.56337416e-01 -8.06419373e-01 -2.00440675e-01
  outer loop
   vertex 3.07630005e+01 1.00041405e+02 3.49862633e+01
   vertex 3.59349442e+01 9.56040268e+01 3.83766251e+01
   vertex 3.03392258e+01 9.95254288e+01 3.83266563e+01
  endloop
 endfacet
 facet normal -5.26986778e-01 -5.01711965e-01 -6.85981095e-01
  outer loop
   vertex 3.51516876e+01 7.24531174e+01 7.54370728e+01
   vertex 3.49470596e+01 7.63401566e+01 7.28047485e+01
   vertex 3.71192245e+01 7.41972122e+01 7.27380981e+01
  endloop
 endfacet
 facet normal -2.65324056e-01 -2.17444435e-01 -9.39319491e-01
  outer loop
   vertex 1.26114731e+01 6.53827286e+01 8.68741913e+01
   vertex 1.01696625e+01 6.72374496e+01 8.71240997e+01
   vertex 1.23649750e+01 6.97356033e+01 8.63244781e+01
  endloop
 endfacet
 facet normal -6.63967073e-01 -2.67380059e-01 -6.98323429e-01
  outer loop
   vertex 6.39681244e+01 4.07807999e+01 6.78066864e+01
   vertex 6.36709671e+01 3.74510689e+01 6.93311615e+01
   vertex 6.15494614e+01 4.27359734e+01 6.93644714e+01
  endloop
 endfacet
 facet normal -6.57530427e-01 -7.40584314e-01 -1.38522819e-01
  outer loop
   vertex 4.78670959e+01 8.82579269e+01 2.79057293e+01
   vertex 4.54535446e+01 9.03882217e+01 2.78890190e+01
   vertex 4.81369019e+01 8.85377884e+01 2.50651722e+01
  endloop
 endfacet
 facet normal -6.49783373e-01 -7.43546665e-01 -1.57860547e-01
  outer loop
   vertex 4.74667511e+01 8.78257370e+01 3.16626053e+01
   vertex 4.50532379e+01 8.99558945e+01 3.16458683e+01
   vertex 4.54535446e+01 9.03882217e+01 2.78890190e+01
  endloop
 endfacet
 facet normal -6.10994935e-01 -7.71398783e-01 -1.77845687e-01
  outer loop
   vertex 4.18101959e+01 9.18876877e+01 3.50695457e+01
   vertex 3.95102463e+01 9.37283707e+01 3.50612679e+01
   vertex 3.99101181e+01 9.41856155e+01 3.16126080e+01
  endloop
 endfacet
 facet normal -5.42748690e-01 -5.36394894e-01 -6.46300554e-01
  outer loop
   vertex 3.71192245e+01 7.41972122e+01 7.27380981e+01
   vertex 3.49470596e+01 7.63401566e+01 7.28047485e+01
   vertex 3.68237305e+01 7.80409164e+01 6.97310028e+01
  endloop
 endfacet
 facet normal -6.29300892e-01 -7.56554544e-01 -1.77779838e-01
  outer loop
   vertex 4.46363144e+01 8.95150681e+01 3.50861893e+01
   vertex 4.18101959e+01 9.18876877e+01 3.50695457e+01
   vertex 4.22268295e+01 9.23368759e+01 3.16209354e+01
  endloop
 endfacet
 facet normal -5.97357988e-01 -7.83499539e-01 -1.71148688e-01
  outer loop
   vertex 3.95102463e+01 9.37283707e+01 3.50612679e+01
   vertex 3.67752380e+01 9.65774765e+01 3.15959377e+01
   vertex 3.99101181e+01 9.41856155e+01 3.16126080e+01
  endloop
 endfacet
 facet normal -8.94938946e-01 -3.92823070e-01 -2.11599454e-01
  outer loop
   vertex 8.03011169e+01 3.92391701e+01 3.91263390e+01
   vertex 7.84586945e+01 4.52040024e+01 3.56610260e+01
   vertex 8.09525146e+01 3.96094093e+01 3.57359200e+01
  endloop
 endfacet
 facet normal -8.91195059e-01 -4.09121007e-01 -1.95937067e-01
  outer loop
   vertex 8.09525146e+01 3.96094093e+01 3.57359200e+01
   vertex 7.84586945e+01 4.52040024e+01 3.56610260e+01
   vertex 7.90436707e+01 4.55647049e+01 3.21623764e+01
  endloop
 endfacet
 facet normal -9.04313445e-01 -3.64362180e-01 -2.22390279e-01
  outer loop
   vertex 8.25044708e+01 3.35725288e+01 3.92096329e+01
   vertex 8.03011169e+01 3.92391701e+01 3.91263390e+01
   vertex 8.09525146e+01 3.96094093e+01 3.57359200e+01
  endloop
 endfacet
 facet normal -6.80809081e-01 -2.53088921e-01 -6.87346339e-01
  outer loop
   vertex 6.60073776e+01 3.54360390e+01 6.77984009e+01
   vertex 6.36709671e+01 3.74510689e+01 6.93311615e+01
   vertex 6.63214035e+01 3.87577896e+01 6.62073746e+01
  endloop
 endfacet
 facet normal -3.39604020e-01 -8.29064474e-02 -9.36907470e-01
  outer loop
   vertex 4.35872269e+01 3.27251587e+01 8.22843628e+01
   vertex 4.17919540e+01 3.74829178e+01 8.25508881e+01
   vertex 4.42302170e+01 3.90022926e+01 8.14846497e+01
  endloop
 endfacet
 facet normal -3.56380880e-01 -8.53481293e-02 -9.30434525e-01
  outer loop
   vertex 4.35872269e+01 3.27251587e+01 8.22843628e+01
   vertex 4.42302170e+01 3.90022926e+01 8.14846497e+01
   vertex 4.60934525e+01 3.41708260e+01 8.12431488e+01
  endloop
 endfacet
 facet normal -6.30407393e-01 -7.74827480e-01 -4.72115949e-02
  outer loop
   vertex 4.36274261e+01 9.41038742e+01 1.16287155e+01
   vertex 4.14213257e+01 9.62795486e+01 5.81437159e+00
   vertex 4.37470245e+01 9.43976212e+01 5.81437159e+00
  endloop
 endfacet
 facet normal -7.19337940e-01 -3.24973285e-01 -6.13958657e-01
  outer loop
   vertex 6.65352020e+01 4.20942802e+01 6.44330368e+01
   vertex 6.40825119e+01 4.40821075e+01 6.61990509e+01
   vertex 6.65663757e+01 4.53857803e+01 6.25754814e+01
  endloop
 endfacet
 facet normal -6.15007520e-01 -7.56349444e-01 2.22937793e-01
  outer loop
   vertex 4.37470245e+01 9.43976212e+01 5.81437159e+00
   vertex 4.14213257e+01 9.62795486e+01 5.81437159e+00
   vertex 4.37777252e+01 9.45397873e+01 5.68434189e-14
  endloop
 endfacet
 facet normal -6.27679169e-01 -7.45570481e-01 2.23927438e-01
  outer loop
   vertex 4.65989914e+01 9.19838486e+01 5.82269287e+00
   vertex 4.37470245e+01 9.43976212e+01 5.81437159e+00
   vertex 4.37777252e+01 9.45397873e+01 5.68434189e-14
  endloop
 endfacet
 facet normal -6.09349132e-01 -7.90715873e-01 -5.88390864e-02
  outer loop
   vertex 4.13019257e+01 9.59774094e+01 1.16203871e+01
   vertex 3.81414490e+01 9.84021988e+01 1.16120853e+01
   vertex 4.14213257e+01 9.62795486e+01 5.81437159e+00
  endloop
 endfacet
 facet normal -6.23458803e-01 -7.79720366e-01 -5.77514693e-02
  outer loop
   vertex 4.36274261e+01 9.41038742e+01 1.16287155e+01
   vertex 4.13019257e+01 9.59774094e+01 1.16203871e+01
   vertex 4.14213257e+01 9.62795486e+01 5.81437159e+00
  endloop
 endfacet
 facet normal -3.62978876e-01 -3.90738040e-01 -8.45913768e-01
  outer loop
   vertex 2.07618256e+01 7.43470078e+01 8.23343964e+01
   vertex 1.81578979e+01 7.64070816e+01 8.25342407e+01
   vertex 2.00761566e+01 7.85667953e+01 8.06600342e+01
  endloop
 endfacet
 facet normal -6.42351389e-01 -7.65014291e-01 -4.62365896e-02
  outer loop
   vertex 4.36274261e+01 9.41038742e+01 1.16287155e+01
   vertex 4.37470245e+01 9.43976212e+01 5.81437159e+00
   vertex 4.65989914e+01 9.19838486e+01 5.82269287e+00
  endloop
 endfacet
 facet normal -2.68284708e-01 -2.04799458e-01 -9.41318512e-01
  outer loop
   vertex 1.44044876e+01 6.39242630e+01 8.66743469e+01
   vertex 1.26114731e+01 6.53827286e+01 8.68741913e+01
   vertex 1.48411865e+01 6.78231430e+01 8.60828857e+01
  endloop
 endfacet
 facet normal -7.54007041e-01 -5.65794408e-01 -3.33691627e-01
  outer loop
   vertex 6.22096863e+01 6.44182053e+01 5.10383224e+01
   vertex 5.81283875e+01 6.98087234e+01 5.09466553e+01
   vertex 6.30732422e+01 6.50337906e+01 4.80061111e+01
  endloop
 endfacet
 facet normal -7.72381842e-01 -5.37224352e-01 -3.38845581e-01
  outer loop
   vertex 6.59699173e+01 5.88217697e+01 5.11298714e+01
   vertex 6.22096863e+01 6.44182053e+01 5.10383224e+01
   vertex 6.30732422e+01 6.50337906e+01 4.80061111e+01
  endloop
 endfacet
 facet normal -6.39435291e-01 -2.82781541e-01 -7.14952528e-01
  outer loop
   vertex 5.89753952e+01 4.13556442e+01 7.21217041e+01
   vertex 5.91465912e+01 4.79156723e+01 6.93894501e+01
   vertex 6.15494614e+01 4.27359734e+01 6.93644714e+01
  endloop
 endfacet
 facet normal -6.61888242e-01 -4.71526653e-01 -5.82723439e-01
  outer loop
   vertex 5.46406784e+01 6.32795029e+01 6.43330765e+01
   vertex 5.53861389e+01 5.98773117e+01 6.61823807e+01
   vertex 5.16399002e+01 6.51740494e+01 6.61823807e+01
  endloop
 endfacet
 facet normal -6.77994728e-01 -4.68588710e-01 -5.66345990e-01
  outer loop
   vertex 5.46406784e+01 6.32795029e+01 6.43330765e+01
   vertex 5.75433350e+01 6.12832413e+01 6.24505119e+01
   vertex 5.53861389e+01 5.98773117e+01 6.61823807e+01
  endloop
 endfacet
 facet normal -3.53544921e-01 -6.35981634e-02 -9.33253050e-01
  outer loop
   vertex 4.50842819e+01 2.78704300e+01 8.20344849e+01
   vertex 4.60934525e+01 3.41708260e+01 8.12431488e+01
   vertex 4.76750336e+01 2.92510529e+01 8.10099182e+01
  endloop
 endfacet
 facet normal -7.46943772e-01 -5.84085763e-01 -3.17677140e-01
  outer loop
   vertex 6.30732422e+01 6.50337906e+01 4.80061111e+01
   vertex 5.81283875e+01 6.98087234e+01 5.09466553e+01
   vertex 5.89501114e+01 7.04319534e+01 4.79145584e+01
  endloop
 endfacet
 facet normal -8.33592176e-01 -2.66755611e-01 -4.83699858e-01
  outer loop
   vertex 7.96419525e+01 2.56717758e+01 5.40121422e+01
   vertex 7.54425888e+01 3.02270966e+01 5.86436043e+01
   vertex 7.79052734e+01 3.13220367e+01 5.39121780e+01
  endloop
 endfacet
 facet normal -7.00934887e-01 -4.06045198e-01 -5.86359620e-01
  outer loop
   vertex 6.14192047e+01 5.25563126e+01 6.43747635e+01
   vertex 5.88028717e+01 5.43912125e+01 6.61823807e+01
   vertex 6.10689392e+01 5.57574692e+01 6.24921799e+01
  endloop
 endfacet
 facet normal -8.27888370e-01 -2.78446972e-01 -4.86896425e-01
  outer loop
   vertex 7.64942856e+01 3.28457298e+01 5.54865456e+01
   vertex 7.79052734e+01 3.13220367e+01 5.39121780e+01
   vertex 7.54425888e+01 3.02270966e+01 5.86436043e+01
  endloop
 endfacet
 facet normal -8.38465631e-01 -3.01219970e-01 -4.54138666e-01
  outer loop
   vertex 7.64942856e+01 3.28457298e+01 5.54865456e+01
   vertex 7.58781967e+01 3.69085274e+01 5.38122482e+01
   vertex 7.79052734e+01 3.13220367e+01 5.39121780e+01
  endloop
 endfacet
 facet normal -3.37280124e-01 -6.18351512e-02 -9.39371347e-01
  outer loop
   vertex 4.50842819e+01 2.78704300e+01 8.20344849e+01
   vertex 4.35872269e+01 3.27251587e+01 8.22843628e+01
   vertex 4.60934525e+01 3.41708260e+01 8.12431488e+01
  endloop
 endfacet
 facet normal -3.66677016e-01 -2.43351847e-01 -8.97957623e-01
  outer loop
   vertex 3.27699203e+01 5.83208847e+01 8.25925293e+01
   vertex 3.06311111e+01 6.09144211e+01 8.27675171e+01
   vertex 3.26724701e+01 6.27181778e+01 8.14013672e+01
  endloop
 endfacet
 facet normal -2.49777183e-01 -1.80279016e-01 -9.51373160e-01
  outer loop
   vertex 1.44044876e+01 6.39242630e+01 8.66743469e+01
   vertex 1.48411865e+01 6.78231430e+01 8.60828857e+01
   vertex 1.66600113e+01 6.63235092e+01 8.58996429e+01
  endloop
 endfacet
 facet normal -2.45206878e-01 -1.90654188e-01 -9.50539112e-01
  outer loop
   vertex 1.26114731e+01 6.53827286e+01 8.68741913e+01
   vertex 1.23649750e+01 6.97356033e+01 8.63244781e+01
   vertex 1.48411865e+01 6.78231430e+01 8.60828857e+01
  endloop
 endfacet
 facet normal -3.73340040e-01 -2.24805817e-01 -9.00044203e-01
  outer loop
   vertex 3.62128525e+01 5.36684799e+01 8.22927094e+01
   vertex 3.27699203e+01 5.83208847e+01 8.25925293e+01
   vertex 3.48539047e+01 6.00754471e+01 8.12347565e+01
  endloop
 endfacet
 facet normal -3.05078119e-01 -2.22036302e-01 -9.26081657e-01
  outer loop
   vertex 2.49531708e+01 6.29514084e+01 8.42502136e+01
   vertex 2.30097733e+01 6.48902817e+01 8.44335480e+01
   vertex 2.50227814e+01 6.68850937e+01 8.32422638e+01
  endloop
 endfacet
 facet normal -3.35090190e-01 -2.05425754e-01 -9.19518769e-01
  outer loop
   vertex 3.06291199e+01 5.64820786e+01 8.37337952e+01
   vertex 3.06311111e+01 6.09144211e+01 8.27675171e+01
   vertex 3.27699203e+01 5.83208847e+01 8.25925293e+01
  endloop
 endfacet
 facet normal -3.16122830e-01 -1.93384066e-01 -9.28799748e-01
  outer loop
   vertex 3.06291199e+01 5.64820786e+01 8.37337952e+01
   vertex 2.85243149e+01 5.90345230e+01 8.39253998e+01
   vertex 3.06311111e+01 6.09144211e+01 8.27675171e+01
  endloop
 endfacet
 facet normal -3.91086310e-01 -3.47191691e-01 -8.52355242e-01
  outer loop
   vertex 2.69706421e+01 6.87954636e+01 8.18345642e+01
   vertex 2.49949799e+01 7.06671219e+01 8.19928284e+01
   vertex 2.70238571e+01 7.27038956e+01 8.01685486e+01
  endloop
 endfacet
 facet normal -4.00440544e-01 -3.75273317e-01 -8.35952938e-01
  outer loop
   vertex 2.49949799e+01 7.06671219e+01 8.19928284e+01
   vertex 2.46604462e+01 7.48267593e+01 8.03351440e+01
   vertex 2.70238571e+01 7.27038956e+01 8.01685486e+01
  endloop
 endfacet
 facet normal -3.52102011e-01 -2.78804868e-01 -8.93471897e-01
  outer loop
   vertex 2.69919891e+01 6.49050980e+01 8.30756989e+01
   vertex 2.50227814e+01 6.68850937e+01 8.32422638e+01
   vertex 2.69706421e+01 6.87954636e+01 8.18345642e+01
  endloop
 endfacet
 facet normal -3.12921435e-01 -2.00654119e-01 -9.28341568e-01
  outer loop
   vertex 2.85243149e+01 5.90345230e+01 8.39253998e+01
   vertex 2.69504776e+01 6.08135300e+01 8.40670013e+01
   vertex 3.06311111e+01 6.09144211e+01 8.27675171e+01
  endloop
 endfacet
 facet normal -2.77011842e-01 -1.68561369e-01 -9.45965886e-01
  outer loop
   vertex 2.46240845e+01 5.86463699e+01 8.50915680e+01
   vertex 2.69504776e+01 6.08135300e+01 8.40670013e+01
   vertex 2.85243149e+01 5.90345230e+01 8.39253998e+01
  endloop
 endfacet
 facet normal -2.74786174e-01 -1.74230963e-01 -9.45587695e-01
  outer loop
   vertex 2.46240845e+01 5.86463699e+01 8.50915680e+01
   vertex 2.49531708e+01 6.29514084e+01 8.42502136e+01
   vertex 2.69504776e+01 6.08135300e+01 8.40670013e+01
  endloop
 endfacet
 facet normal -4.31234509e-01 -4.47789609e-01 -7.83275962e-01
  outer loop
   vertex 2.46604462e+01 7.48267593e+01 8.03351440e+01
   vertex 2.46265411e+01 7.84920425e+01 7.83109436e+01
   vertex 2.65982971e+01 7.68284988e+01 7.81943054e+01
  endloop
 endfacet
 facet normal -3.92717928e-01 -3.88684869e-01 -8.33484650e-01
  outer loop
   vertex 2.26656952e+01 7.27489090e+01 8.21760559e+01
   vertex 2.27224960e+01 7.64658432e+01 8.04767151e+01
   vertex 2.46604462e+01 7.48267593e+01 8.03351440e+01
  endloop
 endfacet
 facet normal -4.15844232e-01 -4.32671577e-01 -7.99918056e-01
  outer loop
   vertex 2.46604462e+01 7.48267593e+01 8.03351440e+01
   vertex 2.27224960e+01 7.64658432e+01 8.04767151e+01
   vertex 2.46265411e+01 7.84920425e+01 7.83109436e+01
  endloop
 endfacet
 facet normal -3.34286749e-01 -4.24649268e-02 -9.41514254e-01
  outer loop
   vertex 4.63077850e+01 2.29439850e+01 8.17845917e+01
   vertex 4.50842819e+01 2.78704300e+01 8.20344849e+01
   vertex 4.76750336e+01 2.92510529e+01 8.10099182e+01
  endloop
 endfacet
 facet normal -6.55008376e-01 -7.47943938e-01 -1.07442521e-01
  outer loop
   vertex 4.57148514e+01 9.06762161e+01 2.50484886e+01
   vertex 4.60815582e+01 9.11246109e+01 2.00421505e+01
   vertex 4.85121002e+01 8.89779892e+01 2.00587997e+01
  endloop
 endfacet
 facet normal -4.83205467e-01 -5.40657103e-01 -6.88623548e-01
  outer loop
   vertex 2.84796524e+01 7.87292709e+01 7.57536316e+01
   vertex 2.64739532e+01 8.04254532e+01 7.58535919e+01
   vertex 2.82642517e+01 8.22828751e+01 7.30463409e+01
  endloop
 endfacet
 facet normal -7.23598421e-01 -6.80407166e-01 -1.15980409e-01
  outer loop
   vertex 5.79813843e+01 7.87290421e+01 2.51484718e+01
   vertex 5.52195129e+01 8.16776810e+01 2.51235142e+01
   vertex 5.56115341e+01 8.21097794e+01 2.01087379e+01
  endloop
 endfacet
 facet normal -4.72682446e-01 -5.54191589e-01 -6.85159087e-01
  outer loop
   vertex 2.64739532e+01 8.04254532e+01 7.58535919e+01
   vertex 2.37345200e+01 8.26079788e+01 7.59785309e+01
   vertex 2.82642517e+01 8.22828751e+01 7.30463409e+01
  endloop
 endfacet
 facet normal -4.42422807e-01 -5.02129614e-01 -7.43053079e-01
  outer loop
   vertex 2.46265411e+01 7.84920425e+01 7.83109436e+01
   vertex 2.19378204e+01 8.06338272e+01 7.84691925e+01
   vertex 2.64739532e+01 8.04254532e+01 7.58535919e+01
  endloop
 endfacet
 facet normal -4.46722656e-01 -5.28382838e-01 -7.21976757e-01
  outer loop
   vertex 2.19378204e+01 8.06338272e+01 7.84691925e+01
   vertex 2.37345200e+01 8.26079788e+01 7.59785309e+01
   vertex 2.64739532e+01 8.04254532e+01 7.58535919e+01
  endloop
 endfacet
 facet normal -4.13678050e-01 -4.72070724e-01 -7.78472662e-01
  outer loop
   vertex 2.00761566e+01 7.85667953e+01 8.06600342e+01
   vertex 2.19378204e+01 8.06338272e+01 7.84691925e+01
   vertex 2.46265411e+01 7.84920425e+01 7.83109436e+01
  endloop
 endfacet
 facet normal -4.66346413e-01 -5.02302468e-01 -7.28157461e-01
  outer loop
   vertex 2.65982971e+01 7.68284988e+01 7.81943054e+01
   vertex 2.64739532e+01 8.04254532e+01 7.58535919e+01
   vertex 2.84796524e+01 7.87292709e+01 7.57536316e+01
  endloop
 endfacet
 facet normal -7.10719645e-01 -6.93872094e-01 -1.15841061e-01
  outer loop
   vertex 5.52195129e+01 8.16776810e+01 2.51235142e+01
   vertex 5.31735611e+01 8.37564011e+01 2.51068153e+01
   vertex 5.56115341e+01 8.21097794e+01 2.01087379e+01
  endloop
 endfacet
 facet normal -6.88620687e-01 -7.15792418e-01 -1.15942597e-01
  outer loop
   vertex 5.31735611e+01 8.37564011e+01 2.51068153e+01
   vertex 5.06116562e+01 8.62504501e+01 2.50818024e+01
   vertex 5.09869843e+01 8.66822128e+01 2.00754662e+01
  endloop
 endfacet
 facet normal -6.59920692e-01 -7.42280900e-01 -1.16291754e-01
  outer loop
   vertex 4.81369019e+01 8.85377884e+01 2.50651722e+01
   vertex 4.57148514e+01 9.06762161e+01 2.50484886e+01
   vertex 4.85121002e+01 8.89779892e+01 2.00587997e+01
  endloop
 endfacet
 facet normal -6.71568394e-01 -7.31801391e-01 -1.16028197e-01
  outer loop
   vertex 5.06116562e+01 8.62504501e+01 2.50818024e+01
   vertex 4.81369019e+01 8.85377884e+01 2.50651722e+01
   vertex 4.85121002e+01 8.89779892e+01 2.00587997e+01
  endloop
 endfacet
 facet normal -4.78461146e-01 -4.43644762e-01 -7.57795632e-01
  outer loop
   vertex 3.31437225e+01 7.06417465e+01 7.78110809e+01
   vertex 3.10558701e+01 7.27279434e+01 7.79277496e+01
   vertex 3.30216064e+01 7.45719681e+01 7.55370483e+01
  endloop
 endfacet
 facet normal -4.71091151e-01 -4.58491355e-01 -7.53564060e-01
  outer loop
   vertex 3.10558701e+01 7.27279434e+01 7.79277496e+01
   vertex 2.90124817e+01 7.46650009e+01 7.80527344e+01
   vertex 3.09359436e+01 7.65415268e+01 7.56286926e+01
  endloop
 endfacet
 facet normal -7.05851853e-01 -7.00282097e-01 -1.06668547e-01
  outer loop
   vertex 5.31735611e+01 8.37564011e+01 2.51068153e+01
   vertex 5.35654984e+01 8.41883774e+01 2.00921135e+01
   vertex 5.56115341e+01 8.21097794e+01 2.01087379e+01
  endloop
 endfacet
 facet normal -6.94645762e-01 -7.11352706e-01 -1.06979460e-01
  outer loop
   vertex 5.31735611e+01 8.37564011e+01 2.51068153e+01
   vertex 5.09869843e+01 8.66822128e+01 2.00754662e+01
   vertex 5.35654984e+01 8.41883774e+01 2.00921135e+01
  endloop
 endfacet
 facet normal -5.32345235e-01 -5.53515196e-01 -6.40491605e-01
  outer loop
   vertex 3.49470596e+01 7.63401566e+01 7.28047485e+01
   vertex 3.28190994e+01 7.83423843e+01 7.28796692e+01
   vertex 3.46455536e+01 8.00588303e+01 6.97809296e+01
  endloop
 endfacet
 facet normal -8.43135595e-01 -2.05079362e-01 -4.97056186e-01
  outer loop
   vertex 7.97713470e+01 1.77093353e+01 5.73191185e+01
   vertex 7.98423767e+01 2.15597229e+01 5.56864357e+01
   vertex 8.11293030e+01 1.99836884e+01 5.41120644e+01
  endloop
 endfacet
 facet normal -8.41093063e-01 -1.94166720e-01 -5.04838347e-01
  outer loop
   vertex 7.97713470e+01 1.77093353e+01 5.73191185e+01
   vertex 8.11293030e+01 1.99836884e+01 5.41120644e+01
   vertex 8.03913269e+01 1.70707855e+01 5.65528145e+01
  endloop
 endfacet
 facet normal -2.37195432e-01 -1.96335629e-01 -9.51415062e-01
  outer loop
   vertex 1.48411865e+01 6.78231430e+01 8.60828857e+01
   vertex 1.23649750e+01 6.97356033e+01 8.63244781e+01
   vertex 1.44696350e+01 7.21819992e+01 8.52498779e+01
  endloop
 endfacet
 facet normal -8.65790844e-01 -4.92224932e-01 -9.01155770e-02
  outer loop
   vertex 7.76751556e+01 5.20381546e+01 2.03587074e+01
   vertex 7.45682449e+01 5.74465408e+01 2.03086815e+01
   vertex 7.82161713e+01 5.25229568e+01 1.18203421e+01
  endloop
 endfacet
 facet normal -3.30595195e-01 -2.33513415e-02 -9.43483710e-01
  outer loop
   vertex 4.72488403e+01 1.79707184e+01 8.15513153e+01
   vertex 4.63077850e+01 2.29439850e+01 8.17845917e+01
   vertex 4.89666290e+01 2.42424927e+01 8.07766266e+01
  endloop
 endfacet
 facet normal -7.45934963e-01 -5.15569508e-01 -4.21626747e-01
  outer loop
   vertex 6.24395065e+01 6.05232162e+01 5.58614159e+01
   vertex 6.15017242e+01 6.12308731e+01 5.66527481e+01
   vertex 6.14445419e+01 6.38875961e+01 5.33790321e+01
  endloop
 endfacet
 facet normal -3.45636398e-01 -2.30689421e-02 -9.38084900e-01
  outer loop
   vertex 4.72488403e+01 1.79707184e+01 8.15513153e+01
   vertex 4.89666290e+01 2.42424927e+01 8.07766266e+01
   vertex 4.99840851e+01 1.91956329e+01 8.05600128e+01
  endloop
 endfacet
 facet normal -8.24800551e-01 -1.73227757e-01 -5.38234353e-01
  outer loop
   vertex 7.97713470e+01 1.77093353e+01 5.73191185e+01
   vertex 8.03913269e+01 1.70707855e+01 5.65528145e+01
   vertex 7.94452820e+01 1.41374741e+01 5.89018974e+01
  endloop
 endfacet
 facet normal -3.50310028e-01 -4.32948731e-02 -9.35632646e-01
  outer loop
   vertex 4.63077850e+01 2.29439850e+01 8.17845917e+01
   vertex 4.76750336e+01 2.92510529e+01 8.10099182e+01
   vertex 4.89666290e+01 2.42424927e+01 8.07766266e+01
  endloop
 endfacet
 facet normal -7.85784364e-01 -2.04573914e-01 -5.83688617e-01
  outer loop
   vertex 7.67937927e+01 1.83378677e+01 6.12593117e+01
   vertex 7.54825211e+01 2.39624710e+01 6.11843071e+01
   vertex 7.70952148e+01 2.46170044e+01 5.87269135e+01
  endloop
 endfacet
 facet normal -8.13405335e-01 -1.76223829e-01 -5.54361701e-01
  outer loop
   vertex 7.97713470e+01 1.77093353e+01 5.73191185e+01
   vertex 7.94452820e+01 1.41374741e+01 5.89018974e+01
   vertex 7.84734955e+01 1.89685745e+01 5.88185883e+01
  endloop
 endfacet
 facet normal -8.76247585e-01 -4.74595249e-01 -8.33635107e-02
  outer loop
   vertex 7.94788208e+01 4.95467682e+01 1.61103745e+01
   vertex 7.76751556e+01 5.20381546e+01 2.03587074e+01
   vertex 7.82161713e+01 5.25229568e+01 1.18203421e+01
  endloop
 endfacet
 facet normal -8.31257284e-01 -1.67803898e-01 -5.29955804e-01
  outer loop
   vertex 8.03913269e+01 1.70707855e+01 5.65528145e+01
   vertex 8.10030212e+01 1.64238510e+01 5.57781334e+01
   vertex 7.94452820e+01 1.41374741e+01 5.89018974e+01
  endloop
 endfacet
 facet normal -8.47325623e-01 -1.88693970e-01 -4.96421039e-01
  outer loop
   vertex 8.03913269e+01 1.70707855e+01 5.65528145e+01
   vertex 8.11293030e+01 1.99836884e+01 5.41120644e+01
   vertex 8.10030212e+01 1.64238510e+01 5.57781334e+01
  endloop
 endfacet
 facet normal -7.95953572e-01 -1.71922639e-01 -5.80431342e-01
  outer loop
   vertex 7.94452820e+01 1.41374741e+01 5.89018974e+01
   vertex 7.67937927e+01 1.83378677e+01 6.12593117e+01
   vertex 7.84734955e+01 1.89685745e+01 5.88185883e+01
  endloop
 endfacet
 facet normal -7.94226706e-01 -1.99192226e-01 -5.74043870e-01
  outer loop
   vertex 7.67937927e+01 1.83378677e+01 6.12593117e+01
   vertex 7.70952148e+01 2.46170044e+01 5.87269135e+01
   vertex 7.84734955e+01 1.89685745e+01 5.88185883e+01
  endloop
 endfacet
 facet normal -8.24345708e-01 -1.98139846e-01 -5.30277967e-01
  outer loop
   vertex 7.97713470e+01 1.77093353e+01 5.73191185e+01
   vertex 7.84734955e+01 1.89685745e+01 5.88185883e+01
   vertex 7.98423767e+01 2.15597229e+01 5.56864357e+01
  endloop
 endfacet
 facet normal -7.91616678e-01 -2.70711422e-01 -5.47775805e-01
  outer loop
   vertex 7.38969345e+01 2.95571747e+01 6.11093826e+01
   vertex 7.35327148e+01 3.57824211e+01 5.85603142e+01
   vertex 7.54425888e+01 3.02270966e+01 5.86436043e+01
  endloop
 endfacet
 facet normal -7.80757964e-01 -2.78394848e-01 -5.59386551e-01
  outer loop
   vertex 7.38969345e+01 2.95571747e+01 6.11093826e+01
   vertex 7.20541306e+01 3.50887909e+01 6.10427170e+01
   vertex 7.35327148e+01 3.57824211e+01 5.85603142e+01
  endloop
 endfacet
 facet normal -8.03616464e-01 -2.88565904e-01 -5.20509660e-01
  outer loop
   vertex 7.50424728e+01 3.43270760e+01 5.70442085e+01
   vertex 7.54425888e+01 3.02270966e+01 5.86436043e+01
   vertex 7.35327148e+01 3.57824211e+01 5.85603142e+01
  endloop
 endfacet
 facet normal -7.27184594e-01 -4.82945502e-01 -4.87817854e-01
  outer loop
   vertex 6.15017242e+01 6.12308731e+01 5.66527481e+01
   vertex 6.19751511e+01 5.63156662e+01 6.08094711e+01
   vertex 5.84077377e+01 6.18489914e+01 6.07594452e+01
  endloop
 endfacet
 facet normal -7.84892142e-01 -3.11831117e-01 -5.35449028e-01
  outer loop
   vertex 7.20541306e+01 3.50887909e+01 6.10427170e+01
   vertex 7.13577728e+01 4.12580299e+01 5.84853859e+01
   vertex 7.35327148e+01 3.57824211e+01 5.85603142e+01
  endloop
 endfacet
 facet normal -7.50227094e-01 -4.33021128e-01 -4.99651879e-01
  outer loop
   vertex 6.49020996e+01 5.11789093e+01 6.08677521e+01
   vertex 6.32110138e+01 5.70714951e+01 5.82771416e+01
   vertex 6.61965027e+01 5.19191208e+01 5.83437843e+01
  endloop
 endfacet
 facet normal -7.55309880e-01 -4.51925814e-01 -4.74626213e-01
  outer loop
   vertex 6.49422455e+01 5.58036118e+01 5.67277527e+01
   vertex 6.61965027e+01 5.19191208e+01 5.83437843e+01
   vertex 6.32110138e+01 5.70714951e+01 5.82771416e+01
  endloop
 endfacet
 facet normal -7.75566697e-01 -3.19527984e-01 -5.44424593e-01
  outer loop
   vertex 7.20541306e+01 3.50887909e+01 6.10427170e+01
   vertex 6.99378052e+01 4.05487518e+01 6.09760704e+01
   vertex 7.13577728e+01 4.12580299e+01 5.84853859e+01
  endloop
 endfacet
 facet normal -7.55486786e-01 -3.98371398e-01 -5.20134568e-01
  outer loop
   vertex 6.75565109e+01 4.59120865e+01 6.09177704e+01
   vertex 6.49020996e+01 5.11789093e+01 6.08677521e+01
   vertex 6.61965027e+01 5.19191208e+01 5.83437843e+01
  endloop
 endfacet
 facet normal -3.23515505e-01 -3.23500670e-03 -9.46217358e-01
  outer loop
   vertex 4.79073257e+01 1.29589615e+01 8.13180695e+01
   vertex 4.72488403e+01 1.79707184e+01 8.15513153e+01
   vertex 4.99840851e+01 1.91956329e+01 8.05600128e+01
  endloop
 endfacet
 facet normal -8.68283153e-01 -1.90678403e-01 -4.57958668e-01
  outer loop
   vertex 8.21851349e+01 1.51125259e+01 5.42119942e+01
   vertex 8.11293030e+01 1.99836884e+01 5.41120644e+01
   vertex 8.33023376e+01 1.55245743e+01 5.18879128e+01
  endloop
 endfacet
 facet normal -3.06756765e-01 1.13662817e-02 -9.51720059e-01
  outer loop
   vertex 4.83076706e+01 7.94236755e+00 8.11015167e+01
   vertex 4.79073257e+01 1.29589615e+01 8.13180695e+01
   vertex 5.07273941e+01 1.41020508e+01 8.03434753e+01
  endloop
 endfacet
 facet normal -3.37323904e-01 -3.28418915e-03 -9.41382945e-01
  outer loop
   vertex 4.79073257e+01 1.29589615e+01 8.13180695e+01
   vertex 4.99840851e+01 1.91956329e+01 8.05600128e+01
   vertex 5.07273941e+01 1.41020508e+01 8.03434753e+01
  endloop
 endfacet
 facet normal -8.59617233e-01 -3.64463121e-01 -3.58085036e-01
  outer loop
   vertex 7.68358765e+01 3.73843002e+01 5.14880791e+01
   vertex 7.55412292e+01 4.34675598e+01 4.83560486e+01
   vertex 7.79090424e+01 3.79289436e+01 4.84559975e+01
  endloop
 endfacet
 facet normal -4.86562759e-01 -2.47638553e-01 -8.37813735e-01
  outer loop
   vertex 4.68516159e+01 4.68819351e+01 7.88357391e+01
   vertex 4.39396820e+01 5.21106644e+01 7.90522766e+01
   vertex 4.63005066e+01 5.37620010e+01 7.71196747e+01
  endloop
 endfacet
 facet normal -9.24842715e-01 -2.77281910e-01 -2.60347277e-01
  outer loop
   vertex 8.53138428e+01 2.16851044e+01 4.26916008e+01
   vertex 8.36665344e+01 2.74619064e+01 4.25916634e+01
   vertex 8.44428101e+01 2.78344498e+01 3.93012772e+01
  endloop
 endfacet
 facet normal -8.95787418e-01 -3.05092245e-01 -3.23239177e-01
  outer loop
   vertex 8.28238525e+01 2.70715714e+01 4.56487617e+01
   vertex 8.00117035e+01 3.23104248e+01 4.85476418e+01
   vertex 8.09528503e+01 3.27776260e+01 4.55488281e+01
  endloop
 endfacet
 facet normal -8.68524492e-01 -3.36899221e-01 -3.63543808e-01
  outer loop
   vertex 8.00117035e+01 3.23104248e+01 4.85476418e+01
   vertex 7.68358765e+01 3.73843002e+01 5.14880791e+01
   vertex 7.79090424e+01 3.79289436e+01 4.84559975e+01
  endloop
 endfacet
 facet normal -9.18914378e-01 -2.73000777e-01 -2.84722507e-01
  outer loop
   vertex 8.53138428e+01 2.16851044e+01 4.26916008e+01
   vertex 8.28238525e+01 2.70715714e+01 4.56487617e+01
   vertex 8.36665344e+01 2.74619064e+01 4.25916634e+01
  endloop
 endfacet
 facet normal -8.82758141e-01 -3.29830199e-01 -3.34589511e-01
  outer loop
   vertex 8.00117035e+01 3.23104248e+01 4.85476418e+01
   vertex 7.79090424e+01 3.79289436e+01 4.84559975e+01
   vertex 8.09528503e+01 3.27776260e+01 4.55488281e+01
  endloop
 endfacet
 facet normal -8.50580752e-01 -3.73680115e-01 -3.69966954e-01
  outer loop
   vertex 7.68358765e+01 3.73843002e+01 5.14880791e+01
   vertex 7.45184174e+01 4.29072037e+01 5.13881378e+01
   vertex 7.55412292e+01 4.34675598e+01 4.83560486e+01
  endloop
 endfacet
 facet normal -4.59200114e-01 -1.77181393e-01 -8.70483756e-01
  outer loop
   vertex 4.66108780e+01 4.04790039e+01 8.02351990e+01
   vertex 4.68516159e+01 4.68819351e+01 7.88357391e+01
   vertex 4.91651230e+01 4.20338211e+01 7.86441498e+01
  endloop
 endfacet
 facet normal -4.91102010e-01 -2.12198779e-01 -8.44861209e-01
  outer loop
   vertex 4.91651230e+01 4.20338211e+01 7.86441498e+01
   vertex 4.68516159e+01 4.68819351e+01 7.88357391e+01
   vertex 4.92970123e+01 4.84680710e+01 7.69364624e+01
  endloop
 endfacet
 facet normal -4.42580491e-01 -1.45524502e-01 -8.84841859e-01
  outer loop
   vertex 4.85504913e+01 3.55740242e+01 8.00185852e+01
   vertex 4.66108780e+01 4.04790039e+01 8.02351990e+01
   vertex 4.91651230e+01 4.20338211e+01 7.86441498e+01
  endloop
 endfacet
 facet normal -4.05530721e-01 -8.97046924e-02 -9.09669101e-01
  outer loop
   vertex 4.76750336e+01 2.92510529e+01 8.10099182e+01
   vertex 4.85504913e+01 3.55740242e+01 8.00185852e+01
   vertex 5.02000809e+01 3.05804138e+01 7.98103485e+01
  endloop
 endfacet
 facet normal -8.41018856e-01 -4.00810152e-01 -3.63371074e-01
  outer loop
   vertex 7.45184174e+01 4.29072037e+01 5.13881378e+01
   vertex 7.19280014e+01 4.83251572e+01 5.13048553e+01
   vertex 7.55412292e+01 4.34675598e+01 4.83560486e+01
  endloop
 endfacet
 facet normal -8.26356649e-01 -4.04844731e-01 -3.91452968e-01
  outer loop
   vertex 7.45184174e+01 4.29072037e+01 5.13881378e+01
   vertex 7.10620880e+01 4.78343506e+01 5.36372986e+01
   vertex 7.19280014e+01 4.83251572e+01 5.13048553e+01
  endloop
 endfacet
 facet normal -4.41433042e-01 -1.75506175e-01 -8.79962742e-01
  outer loop
   vertex 4.66108780e+01 4.04790039e+01 8.02351990e+01
   vertex 4.43737564e+01 4.52534866e+01 8.04600677e+01
   vertex 4.68516159e+01 4.68819351e+01 7.88357391e+01
  endloop
 endfacet
 facet normal -5.39566517e-01 -1.68615565e-01 -8.24885905e-01
  outer loop
   vertex 5.56304016e+01 3.34043922e+01 7.64867096e+01
   vertex 5.38033752e+01 3.85364037e+01 7.66282654e+01
   vertex 5.83130569e+01 3.47700157e+01 7.44291382e+01
  endloop
 endfacet
 facet normal -4.59627479e-01 -1.46941260e-01 -8.75871480e-01
  outer loop
   vertex 4.85504913e+01 3.55740242e+01 8.00185852e+01
   vertex 4.91651230e+01 4.20338211e+01 7.86441498e+01
   vertex 5.11890564e+01 3.70720940e+01 7.84525757e+01
  endloop
 endfacet
 facet normal -8.09853971e-01 -4.47125793e-01 -3.79756659e-01
  outer loop
   vertex 7.19280014e+01 4.83251572e+01 5.13048553e+01
   vertex 6.82488480e+01 5.31315536e+01 5.35540161e+01
   vertex 6.90810242e+01 5.36383743e+01 5.12132607e+01
  endloop
 endfacet
 facet normal -8.27607453e-01 -4.45219189e-01 -3.41827154e-01
  outer loop
   vertex 7.19280014e+01 4.83251572e+01 5.13048553e+01
   vertex 7.00282745e+01 5.42306442e+01 4.81810951e+01
   vertex 7.29169388e+01 4.89098206e+01 4.82643814e+01
  endloop
 endfacet
 facet normal -8.17458868e-01 -4.54962909e-01 -3.53227586e-01
  outer loop
   vertex 7.19280014e+01 4.83251572e+01 5.13048553e+01
   vertex 6.90810242e+01 5.36383743e+01 5.12132607e+01
   vertex 7.00282745e+01 5.42306442e+01 4.81810951e+01
  endloop
 endfacet
 facet normal -8.11078787e-01 -4.27903235e-01 -3.98810834e-01
  outer loop
   vertex 7.10620880e+01 4.78343506e+01 5.36372986e+01
   vertex 6.82488480e+01 5.31315536e+01 5.35540161e+01
   vertex 7.19280014e+01 4.83251572e+01 5.13048553e+01
  endloop
 endfacet
 facet normal -4.41043317e-01 -1.17550120e-01 -8.89754355e-01
  outer loop
   vertex 5.02000809e+01 3.05804138e+01 7.98103485e+01
   vertex 4.85504913e+01 3.55740242e+01 8.00185852e+01
   vertex 5.11890564e+01 3.70720940e+01 7.84525757e+01
  endloop
 endfacet
 facet normal -8.65403056e-01 -4.39553440e-01 -2.40562543e-01
  outer loop
   vertex 7.71488190e+01 4.43968735e+01 4.23167572e+01
   vertex 7.44574738e+01 4.98628387e+01 4.22334442e+01
   vertex 7.51076202e+01 5.02997360e+01 3.89680099e+01
  endloop
 endfacet
 facet normal -8.60884607e-01 -4.35319483e-01 -2.63390601e-01
  outer loop
   vertex 7.71488190e+01 4.43968735e+01 4.23167572e+01
   vertex 7.37407990e+01 4.94165573e+01 4.52739182e+01
   vertex 7.44574738e+01 4.98628387e+01 4.22334442e+01
  endloop
 endfacet
 facet normal -8.06787193e-01 -5.05564213e-01 -3.05776536e-01
  outer loop
   vertex 7.00282745e+01 5.42306442e+01 4.81810951e+01
   vertex 6.68752670e+01 5.94298477e+01 4.80977974e+01
   vertex 6.76320724e+01 5.99603806e+01 4.50989685e+01
  endloop
 endfacet
 facet normal -5.08125007e-01 -1.79762021e-01 -8.42315018e-01
  outer loop
   vertex 5.11890564e+01 3.70720940e+01 7.84525757e+01
   vertex 5.16948090e+01 4.35633087e+01 7.67865143e+01
   vertex 5.38033752e+01 3.85364037e+01 7.66282654e+01
  endloop
 endfacet
 facet normal -7.39337385e-01 -6.22557521e-01 -2.56519705e-01
  outer loop
   vertex 5.96397705e+01 7.09861832e+01 4.49240723e+01
   vertex 5.51953125e+01 7.61868210e+01 4.48407021e+01
   vertex 6.02471008e+01 7.14889603e+01 4.19002647e+01
  endloop
 endfacet
 facet normal -8.17452192e-01 -4.95068580e-01 -2.94413030e-01
  outer loop
   vertex 7.00282745e+01 5.42306442e+01 4.81810951e+01
   vertex 6.76320724e+01 5.99603806e+01 4.50989685e+01
   vertex 7.08184586e+01 5.47533340e+01 4.51906052e+01
  endloop
 endfacet
 facet normal -7.64821827e-01 -6.02770805e-01 -2.27409288e-01
  outer loop
   vertex 6.44208145e+01 6.60583420e+01 4.19835510e+01
   vertex 6.02471008e+01 7.14889603e+01 4.19002647e+01
   vertex 6.08048401e+01 7.19657211e+01 3.86514511e+01
  endloop
 endfacet
 facet normal -3.21876228e-01 9.92432889e-03 -9.46729720e-01
  outer loop
   vertex 4.83076706e+01 7.94236755e+00 8.11015167e+01
   vertex 5.07273941e+01 1.41020508e+01 8.03434753e+01
   vertex 5.12042084e+01 9.00365448e+00 8.01435242e+01
  endloop
 endfacet
 facet normal -3.02282661e-01 2.04336774e-02 -9.52999294e-01
  outer loop
   vertex 4.84358597e+01 3.67897034e+00 8.09181976e+01
   vertex 4.83076706e+01 7.94236755e+00 8.11015167e+01
   vertex 5.12042084e+01 9.00365448e+00 8.01435242e+01
  endloop
 endfacet
 facet normal -5.40098906e-01 -7.85948992e-01 -3.00960749e-01
  outer loop
   vertex 2.82188873e+01 9.70287247e+01 5.06218109e+01
   vertex 2.88470840e+01 9.77484512e+01 4.75647125e+01
   vertex 3.37216034e+01 9.31805191e+01 5.06717491e+01
  endloop
 endfacet
 facet normal -5.51948309e-01 -7.81013250e-01 -2.92183876e-01
  outer loop
   vertex 3.37216034e+01 9.31805191e+01 5.06717491e+01
   vertex 2.88470840e+01 9.77484512e+01 4.75647125e+01
   vertex 3.43753815e+01 9.38757858e+01 4.76146431e+01
  endloop
 endfacet
 facet normal -5.29215217e-01 -1.06900953e-01 -8.41726482e-01
  outer loop
   vertex 5.84554443e+01 2.29252930e+01 7.62117767e+01
   vertex 5.71840210e+01 2.81924362e+01 7.63450012e+01
   vertex 6.13236237e+01 2.41692810e+01 7.42291870e+01
  endloop
 endfacet
 facet normal -7.61336803e-01 -5.99262893e-01 -2.47487918e-01
  outer loop
   vertex 6.44208145e+01 6.60583420e+01 4.19835510e+01
   vertex 5.96397705e+01 7.09861832e+01 4.49240723e+01
   vertex 6.02471008e+01 7.14889603e+01 4.19002647e+01
  endloop
 endfacet
 facet normal -8.31231058e-01 -5.08420229e-01 -2.24863991e-01
  outer loop
   vertex 7.15015411e+01 5.52157822e+01 4.21501465e+01
   vertex 6.88980408e+01 6.08917007e+01 3.88097839e+01
   vertex 7.21349030e+01 5.56606674e+01 3.88847160e+01
  endloop
 endfacet
 facet normal -7.98703790e-01 -5.66128373e-01 -2.03889534e-01
  outer loop
   vertex 6.88980408e+01 6.08917007e+01 3.88097839e+01
   vertex 6.50037155e+01 6.65273056e+01 3.87264977e+01
   vertex 6.55290909e+01 6.69535599e+01 3.53694916e+01
  endloop
 endfacet
 facet normal -4.97503281e-01 -4.04237717e-01 -7.67517030e-01
  outer loop
   vertex 3.69865036e+01 6.64465408e+01 7.76112213e+01
   vertex 3.52934494e+01 6.83566360e+01 7.76945038e+01
   vertex 3.90704880e+01 6.82009964e+01 7.52787781e+01
  endloop
 endfacet
 facet normal -8.09191406e-01 -5.53566754e-01 -1.96908891e-01
  outer loop
   vertex 6.88980408e+01 6.08917007e+01 3.88097839e+01
   vertex 6.55290909e+01 6.69535599e+01 3.53694916e+01
   vertex 6.94401321e+01 6.13098984e+01 3.54443893e+01
  endloop
 endfacet
 facet normal -8.25754881e-01 -5.24905264e-01 -2.06405714e-01
  outer loop
   vertex 7.21349030e+01 5.56606674e+01 3.88847160e+01
   vertex 6.88980408e+01 6.08917007e+01 3.88097839e+01
   vertex 6.94401321e+01 6.13098984e+01 3.54443893e+01
  endloop
 endfacet
 facet normal -7.38703787e-01 -6.43588603e-01 -2.00275943e-01
  outer loop
   vertex 6.08048401e+01 7.19657211e+01 3.86514511e+01
   vertex 5.63267975e+01 7.71823502e+01 3.85765419e+01
   vertex 5.68184967e+01 7.76329422e+01 3.52195053e+01
  endloop
 endfacet
 facet normal -5.48918366e-01 -7.98464596e-01 -2.47270897e-01
  outer loop
   vertex 2.93854218e+01 9.83831558e+01 4.45658722e+01
   vertex 2.98747559e+01 9.89587021e+01 4.15503235e+01
   vertex 3.49470596e+01 9.45027847e+01 4.46241875e+01
  endloop
 endfacet
 facet normal -5.60175180e-01 -7.93112993e-01 -2.39114165e-01
  outer loop
   vertex 3.49470596e+01 9.45027847e+01 4.46241875e+01
   vertex 2.98747559e+01 9.89587021e+01 4.15503235e+01
   vertex 3.54533463e+01 9.50618973e+01 4.16087074e+01
  endloop
 endfacet
 facet normal -4.88908380e-01 -4.22320366e-01 -7.63291597e-01
  outer loop
   vertex 3.52934494e+01 6.83566360e+01 7.76945038e+01
   vertex 3.31437225e+01 7.06417465e+01 7.78110809e+01
   vertex 3.73437119e+01 7.01355362e+01 7.53454437e+01
  endloop
 endfacet
 facet normal -4.59653318e-01 -3.93453181e-01 -7.96186805e-01
  outer loop
   vertex 3.10789719e+01 6.87458725e+01 7.98936310e+01
   vertex 3.31437225e+01 7.06417465e+01 7.78110809e+01
   vertex 3.52934494e+01 6.83566360e+01 7.76945038e+01
  endloop
 endfacet
 facet normal -7.49649227e-01 -6.33071184e-01 -1.92994565e-01
  outer loop
   vertex 6.08048401e+01 7.19657211e+01 3.86514511e+01
   vertex 5.68184967e+01 7.76329422e+01 3.52195053e+01
   vertex 6.13134537e+01 7.23999100e+01 3.52944336e+01
  endloop
 endfacet
 facet normal -6.61954284e-01 -7.22581506e-01 -1.99229658e-01
  outer loop
   vertex 4.90331192e+01 8.46467819e+01 3.84765854e+01
   vertex 4.65753250e+01 8.69179153e+01 3.84515915e+01
   vertex 4.70414047e+01 8.73930283e+01 3.51111946e+01
  endloop
 endfacet
 facet normal -6.51180089e-01 -7.34284163e-01 -1.91810548e-01
  outer loop
   vertex 4.65753250e+01 8.69179153e+01 3.84515915e+01
   vertex 4.46363144e+01 8.95150681e+01 3.50861893e+01
   vertex 4.70414047e+01 8.73930283e+01 3.51111946e+01
  endloop
 endfacet
 facet normal -4.98888433e-01 -4.44476873e-01 -7.44009852e-01
  outer loop
   vertex 3.31437225e+01 7.06417465e+01 7.78110809e+01
   vertex 3.51516876e+01 7.24531174e+01 7.54370728e+01
   vertex 3.73437119e+01 7.01355362e+01 7.53454437e+01
  endloop
 endfacet
 facet normal -6.88902557e-01 -6.83252275e-01 -2.42032275e-01
  outer loop
   vertex 5.04803467e+01 8.11492386e+01 4.47657623e+01
   vertex 5.10456696e+01 8.16677475e+01 4.17419510e+01
   vertex 5.30578918e+01 7.96134720e+01 4.17752113e+01
  endloop
 endfacet
 facet normal -6.31844401e-01 -7.58835196e-01 -1.57929718e-01
  outer loop
   vertex 4.50532379e+01 8.99558945e+01 3.16458683e+01
   vertex 4.22268295e+01 9.23368759e+01 3.16209354e+01
   vertex 4.26103134e+01 9.27771378e+01 2.78723850e+01
  endloop
 endfacet
 facet normal -6.38605118e-01 -7.54454732e-01 -1.51596650e-01
  outer loop
   vertex 4.50532379e+01 8.99558945e+01 3.16458683e+01
   vertex 4.26103134e+01 9.27771378e+01 2.78723850e+01
   vertex 4.54535446e+01 9.03882217e+01 2.78890190e+01
  endloop
 endfacet
 facet normal -6.39987230e-01 -7.55756974e-01 -1.38736263e-01
  outer loop
   vertex 4.54535446e+01 9.03882217e+01 2.78890190e+01
   vertex 4.26103134e+01 9.27771378e+01 2.78723850e+01
   vertex 4.57148514e+01 9.06762161e+01 2.50484886e+01
  endloop
 endfacet
 facet normal -5.22512853e-01 -4.75466132e-01 -7.07751572e-01
  outer loop
   vertex 3.73437119e+01 7.01355362e+01 7.53454437e+01
   vertex 3.51516876e+01 7.24531174e+01 7.54370728e+01
   vertex 3.71192245e+01 7.41972122e+01 7.27380981e+01
  endloop
 endfacet
 facet normal -5.42294562e-01 -6.34925902e-01 -5.50259709e-01
  outer loop
   vertex 3.20966110e+01 8.23031693e+01 6.98475800e+01
   vertex 3.16837692e+01 8.57281723e+01 6.63656158e+01
   vertex 3.38156509e+01 8.39677200e+01 6.63323212e+01
  endloop
 endfacet
 facet normal -6.15178168e-01 -7.76011884e-01 -1.39145195e-01
  outer loop
   vertex 4.26103134e+01 9.27771378e+01 2.78723850e+01
   vertex 4.03019333e+01 9.46260147e+01 2.78557415e+01
   vertex 4.05463028e+01 9.49303665e+01 2.50235157e+01
  endloop
 endfacet
 facet normal -6.20200396e-01 -7.69638240e-01 -1.51685536e-01
  outer loop
   vertex 4.22268295e+01 9.23368759e+01 3.16209354e+01
   vertex 4.03019333e+01 9.46260147e+01 2.78557415e+01
   vertex 4.26103134e+01 9.27771378e+01 2.78723850e+01
  endloop
 endfacet
 facet normal -8.88028979e-01 -4.04819518e-01 -2.18003944e-01
  outer loop
   vertex 8.03011169e+01 3.92391701e+01 3.91263390e+01
   vertex 7.78326111e+01 4.48176346e+01 3.90430260e+01
   vertex 7.84586945e+01 4.52040024e+01 3.56610260e+01
  endloop
 endfacet
 facet normal -6.00693524e-01 -7.87288308e-01 -1.39084131e-01
  outer loop
   vertex 4.03019333e+01 9.46260147e+01 2.78557415e+01
   vertex 3.71502457e+01 9.70260086e+01 2.78390713e+01
   vertex 4.05463028e+01 9.49303665e+01 2.50235157e+01
  endloop
 endfacet
 facet normal -5.91233015e-01 -7.92093456e-01 -1.51761293e-01
  outer loop
   vertex 3.67752380e+01 9.65774765e+01 3.15959377e+01
   vertex 3.71502457e+01 9.70260086e+01 2.78390713e+01
   vertex 4.03019333e+01 9.46260147e+01 2.78557415e+01
  endloop
 endfacet
 facet normal -5.98879695e-01 -7.85092115e-01 -1.58029869e-01
  outer loop
   vertex 3.99101181e+01 9.41856155e+01 3.16126080e+01
   vertex 3.67752380e+01 9.65774765e+01 3.15959377e+01
   vertex 4.03019333e+01 9.46260147e+01 2.78557415e+01
  endloop
 endfacet
 facet normal -8.77093196e-01 -4.33074325e-01 -2.07735628e-01
  outer loop
   vertex 7.78326111e+01 4.48176346e+01 3.90430260e+01
   vertex 7.57085571e+01 5.06939774e+01 3.55859642e+01
   vertex 7.84586945e+01 4.52040024e+01 3.56610260e+01
  endloop
 endfacet
 facet normal -5.44271529e-01 -6.11435115e-01 -5.74382782e-01
  outer loop
   vertex 3.46455536e+01 8.00588303e+01 6.97809296e+01
   vertex 3.20966110e+01 8.23031693e+01 6.98475800e+01
   vertex 3.38156509e+01 8.39677200e+01 6.63323212e+01
  endloop
 endfacet
 facet normal -8.72569263e-01 -4.49138939e-01 -1.92086056e-01
  outer loop
   vertex 7.84586945e+01 4.52040024e+01 3.56610260e+01
   vertex 7.57085571e+01 5.06939774e+01 3.55859642e+01
   vertex 7.62683868e+01 5.10624924e+01 3.20957336e+01
  endloop
 endfacet
 facet normal -8.69746983e-01 -4.44797009e-01 -2.13765681e-01
  outer loop
   vertex 7.78326111e+01 4.48176346e+01 3.90430260e+01
   vertex 7.51076202e+01 5.02997360e+01 3.89680099e+01
   vertex 7.57085571e+01 5.06939774e+01 3.55859642e+01
  endloop
 endfacet
 facet normal -5.35849631e-01 -6.75686359e-01 -5.06273746e-01
  outer loop
   vertex 3.16837692e+01 8.57281723e+01 6.63656158e+01
   vertex 2.87844467e+01 8.79994583e+01 6.64156036e+01
   vertex 3.32873688e+01 8.73322372e+01 6.24088554e+01
  endloop
 endfacet
 facet normal -5.48115849e-01 -6.62356973e-01 -5.10737002e-01
  outer loop
   vertex 3.38156509e+01 8.39677200e+01 6.63323212e+01
   vertex 3.16837692e+01 8.57281723e+01 6.63656158e+01
   vertex 3.32873688e+01 8.73322372e+01 6.24088554e+01
  endloop
 endfacet
 facet normal -9.07748580e-01 -3.68845075e-01 -1.99864432e-01
  outer loop
   vertex 8.31896362e+01 3.39267159e+01 3.58109550e+01
   vertex 8.09525146e+01 3.96094093e+01 3.57359200e+01
   vertex 8.15627136e+01 3.99538460e+01 3.22373352e+01
  endloop
 endfacet
 facet normal -9.10564780e-01 -3.52517217e-01 -2.15878099e-01
  outer loop
   vertex 8.25044708e+01 3.35725288e+01 3.92096329e+01
   vertex 8.09525146e+01 3.96094093e+01 3.57359200e+01
   vertex 8.31896362e+01 3.39267159e+01 3.58109550e+01
  endloop
 endfacet
 facet normal -5.48081636e-01 -2.99486905e-01 -7.80969977e-01
  outer loop
   vertex 5.17099380e+01 5.00037308e+01 7.47623444e+01
   vertex 4.63005066e+01 5.37620010e+01 7.71196747e+01
   vertex 4.86124725e+01 5.53540115e+01 7.48955536e+01
  endloop
 endfacet
 facet normal -5.80806792e-01 -3.40673149e-01 -7.39327550e-01
  outer loop
   vertex 5.13879089e+01 5.34803696e+01 7.35960693e+01
   vertex 4.86124725e+01 5.53540115e+01 7.48955536e+01
   vertex 5.09083405e+01 5.69124069e+01 7.23548889e+01
  endloop
 endfacet
 facet normal -9.20027852e-01 -3.25072169e-01 -2.18807697e-01
  outer loop
   vertex 8.51614532e+01 2.81725388e+01 3.58942680e+01
   vertex 8.25044708e+01 3.35725288e+01 3.92096329e+01
   vertex 8.31896362e+01 3.39267159e+01 3.58109550e+01
  endloop
 endfacet
 facet normal -5.78520596e-01 -7.79883265e-01 -2.38947555e-01
  outer loop
   vertex 3.85709381e+01 9.27030258e+01 4.16253586e+01
   vertex 3.49470596e+01 9.45027847e+01 4.46241875e+01
   vertex 3.54533463e+01 9.50618973e+01 4.16087074e+01
  endloop
 endfacet
 facet normal -9.22350287e-01 -3.27910453e-01 -2.04315200e-01
  outer loop
   vertex 8.51614532e+01 2.81725388e+01 3.58942680e+01
   vertex 8.31896362e+01 3.39267159e+01 3.58109550e+01
   vertex 8.38250885e+01 3.42549820e+01 3.23040047e+01
  endloop
 endfacet
 facet normal -5.71093082e-01 -3.12611639e-01 -7.59030044e-01
  outer loop
   vertex 5.13879089e+01 5.34803696e+01 7.35960693e+01
   vertex 5.17099380e+01 5.00037308e+01 7.47623444e+01
   vertex 4.86124725e+01 5.53540115e+01 7.48955536e+01
  endloop
 endfacet
 facet normal -6.42848551e-01 -3.74174833e-01 -6.68385327e-01
  outer loop
   vertex 5.37263412e+01 5.49896011e+01 7.09055328e+01
   vertex 5.60238953e+01 5.64563980e+01 6.78400726e+01
   vertex 5.64712067e+01 5.29654617e+01 6.94226990e+01
  endloop
 endfacet
 facet normal -5.88533342e-01 -2.13910684e-01 -7.79660642e-01
  outer loop
   vertex 5.83130569e+01 3.47700157e+01 7.44291382e+01
   vertex 5.63932648e+01 3.99586143e+01 7.45373535e+01
   vertex 5.89753952e+01 4.13556442e+01 7.21217041e+01
  endloop
 endfacet
 facet normal -3.41283441e-01 -3.42684656e-01 -8.75267327e-01
  outer loop
   vertex 1.89075699e+01 7.23300095e+01 8.37837982e+01
   vertex 1.81578979e+01 7.64070816e+01 8.25342407e+01
   vertex 2.07618256e+01 7.43470078e+01 8.23343964e+01
  endloop
 endfacet
 facet normal -6.02146387e-01 -7.96853006e-01 -4.94470894e-02
  outer loop
   vertex 3.81414490e+01 9.84021988e+01 1.16120853e+01
   vertex 3.82607117e+01 9.87125931e+01 5.81437159e+00
   vertex 4.14213257e+01 9.62795486e+01 5.81437159e+00
  endloop
 endfacet
 facet normal -5.90040088e-01 -7.76548564e-01 2.20963806e-01
  outer loop
   vertex 4.14213257e+01 9.62795486e+01 5.81437159e+00
   vertex 3.82607117e+01 9.87125931e+01 5.81437159e+00
   vertex 3.82995911e+01 9.88633347e+01 5.68434189e-14
  endloop
 endfacet
 facet normal -5.76411486e-02 1.78300992e-01 -9.82286215e-01
  outer loop
   vertex 4.51483231e+01 2.58557892e+00 8.17761993e+01
   vertex 4.83076706e+01 7.94236755e+00 8.11015167e+01
   vertex 4.84358597e+01 3.67897034e+00 8.09181976e+01
  endloop
 endfacet
 facet normal -6.47274137e-01 -7.60195494e-01 -5.60268499e-02
  outer loop
   vertex 4.64793015e+01 9.16983414e+01 1.16370440e+01
   vertex 4.36274261e+01 9.41038742e+01 1.16287155e+01
   vertex 4.65989914e+01 9.19838486e+01 5.82269287e+00
  endloop
 endfacet
 facet normal -6.58922970e-01 -7.50169635e-01 -5.53714298e-02
  outer loop
   vertex 4.89096909e+01 8.95517654e+01 1.16454229e+01
   vertex 4.64793015e+01 9.16983414e+01 1.16370440e+01
   vertex 4.65989914e+01 9.19838486e+01 5.82269287e+00
  endloop
 endfacet
 facet normal -6.76223695e-01 -6.92484617e-01 -2.51369506e-01
  outer loop
   vertex 5.04803467e+01 8.11492386e+01 4.47657623e+01
   vertex 4.79606934e+01 8.36107101e+01 4.47324829e+01
   vertex 5.10456696e+01 8.16677475e+01 4.17419510e+01
  endloop
 endfacet
 facet normal -9.30805385e-01 -2.82549828e-01 -2.31876880e-01
  outer loop
   vertex 8.61239014e+01 2.20332336e+01 3.93928680e+01
   vertex 8.44428101e+01 2.78344498e+01 3.93012772e+01
   vertex 8.51614532e+01 2.81725388e+01 3.58942680e+01
  endloop
 endfacet
 facet normal -9.23030138e-01 -3.09352815e-01 -2.28727371e-01
  outer loop
   vertex 8.44428101e+01 2.78344498e+01 3.93012772e+01
   vertex 8.25044708e+01 3.35725288e+01 3.92096329e+01
   vertex 8.51614532e+01 2.81725388e+01 3.58942680e+01
  endloop
 endfacet
 facet normal -3.34311217e-01 -3.12152684e-01 -8.89267504e-01
  outer loop
   vertex 2.07860031e+01 7.07565079e+01 8.36172028e+01
   vertex 1.89075699e+01 7.23300095e+01 8.37837982e+01
   vertex 2.07618256e+01 7.43470078e+01 8.23343964e+01
  endloop
 endfacet
 facet normal -9.35648859e-01 -2.71329284e-01 -2.25702420e-01
  outer loop
   vertex 8.61239014e+01 2.20332336e+01 3.93928680e+01
   vertex 8.51614532e+01 2.81725388e+01 3.58942680e+01
   vertex 8.68762970e+01 2.23469925e+01 3.59775467e+01
  endloop
 endfacet
 facet normal -3.13064009e-01 -2.57469833e-01 -9.14166391e-01
  outer loop
   vertex 2.11022720e+01 6.66883011e+01 8.46168213e+01
   vertex 2.07860031e+01 7.07565079e+01 8.36172028e+01
   vertex 2.30811386e+01 6.87240829e+01 8.34172516e+01
  endloop
 endfacet
 facet normal -9.34513390e-01 -2.87497729e-01 -2.09832743e-01
  outer loop
   vertex 8.68762970e+01 2.23469925e+01 3.59775467e+01
   vertex 8.51614532e+01 2.81725388e+01 3.58942680e+01
   vertex 8.58306427e+01 2.84764709e+01 3.23789062e+01
  endloop
 endfacet
 facet normal -9.29735482e-01 -3.20366710e-01 -1.81540772e-01
  outer loop
   vertex 8.58306427e+01 2.84764709e+01 3.23789062e+01
   vertex 8.44607544e+01 3.45749359e+01 2.84888401e+01
   vertex 8.65000000e+01 2.87802811e+01 2.85554867e+01
  endloop
 endfacet
 facet normal -9.37125146e-01 -2.92131007e-01 -1.90934256e-01
  outer loop
   vertex 8.75790405e+01 2.26431885e+01 3.24622040e+01
   vertex 8.58306427e+01 2.84764709e+01 3.23789062e+01
   vertex 8.65000000e+01 2.87802811e+01 2.85554867e+01
  endloop
 endfacet
 facet normal -6.97309911e-01 -6.80810869e-01 -2.24177271e-01
  outer loop
   vertex 5.30578918e+01 7.96134720e+01 4.17752113e+01
   vertex 5.10456696e+01 8.16677475e+01 4.17419510e+01
   vertex 5.35902710e+01 8.01148148e+01 3.85348778e+01
  endloop
 endfacet
 facet normal -9.38951313e-01 -2.76005000e-01 -2.05406144e-01
  outer loop
   vertex 8.68762970e+01 2.23469925e+01 3.59775467e+01
   vertex 8.58306427e+01 2.84764709e+01 3.23789062e+01
   vertex 8.75790405e+01 2.26431885e+01 3.24622040e+01
  endloop
 endfacet
 facet normal -6.49188995e-01 -7.26458848e-01 2.25413501e-01
  outer loop
   vertex 4.90213470e+01 8.98287735e+01 5.82269287e+00
   vertex 4.65989914e+01 9.19838486e+01 5.82269287e+00
   vertex 4.90354309e+01 8.99706497e+01 2.84217094e-14
  endloop
 endfacet
 facet normal -6.65640533e-01 -7.44944274e-01 -4.45052125e-02
  outer loop
   vertex 4.89096909e+01 8.95517654e+01 1.16454229e+01
   vertex 4.65989914e+01 9.19838486e+01 5.82269287e+00
   vertex 4.90213470e+01 8.98287735e+01 5.82269287e+00
  endloop
 endfacet
 facet normal -3.01032960e-01 -2.31069863e-01 -9.25195038e-01
  outer loop
   vertex 2.30097733e+01 6.48902817e+01 8.44335480e+01
   vertex 2.11022720e+01 6.66883011e+01 8.46168213e+01
   vertex 2.30811386e+01 6.87240829e+01 8.34172516e+01
  endloop
 endfacet
 facet normal -3.47024530e-01 -2.89755225e-01 -8.91973019e-01
  outer loop
   vertex 2.50227814e+01 6.68850937e+01 8.32422638e+01
   vertex 2.30811386e+01 6.87240829e+01 8.34172516e+01
   vertex 2.49949799e+01 7.06671219e+01 8.19928284e+01
  endloop
 endfacet
 facet normal -9.10019636e-01 -3.72932613e-01 -1.81067616e-01
  outer loop
   vertex 8.38250885e+01 3.42549820e+01 3.23040047e+01
   vertex 8.15627136e+01 3.99538460e+01 3.22373352e+01
   vertex 8.21647339e+01 4.02897949e+01 2.84221687e+01
  endloop
 endfacet
 facet normal -9.15742815e-01 -3.60892951e-01 -1.76554129e-01
  outer loop
   vertex 8.38250885e+01 3.42549820e+01 3.23040047e+01
   vertex 8.21647339e+01 4.02897949e+01 2.84221687e+01
   vertex 8.44607544e+01 3.45749359e+01 2.84888401e+01
  endloop
 endfacet
 facet normal -8.99697304e-01 -4.01227683e-01 -1.71933278e-01
  outer loop
   vertex 8.15627136e+01 3.99538460e+01 3.22373352e+01
   vertex 7.96121826e+01 4.59083252e+01 2.83554993e+01
   vertex 8.21647339e+01 4.02897949e+01 2.84221687e+01
  endloop
 endfacet
 facet normal -6.77274704e-01 -7.34444141e-01 -4.34829779e-02
  outer loop
   vertex 4.89096909e+01 8.95517654e+01 1.16454229e+01
   vertex 4.90213470e+01 8.98287735e+01 5.82269287e+00
   vertex 5.15047836e+01 8.75249100e+01 5.83107758e+00
  endloop
 endfacet
 facet normal -5.81058800e-01 -7.82786727e-01 -2.22745597e-01
  outer loop
   vertex 3.85709381e+01 9.27030258e+01 4.16253586e+01
   vertex 3.54533463e+01 9.50618973e+01 4.16087074e+01
   vertex 3.59349442e+01 9.56040268e+01 3.83766251e+01
  endloop
 endfacet
 facet normal -6.61500156e-01 -7.14939058e-01 2.26450339e-01
  outer loop
   vertex 5.15047836e+01 8.75249100e+01 5.83107758e+00
   vertex 4.90213470e+01 8.98287735e+01 5.82269287e+00
   vertex 4.90354309e+01 8.99706497e+01 2.84217094e-14
  endloop
 endfacet
 facet normal -6.60166383e-01 -3.06285501e-01 -6.85834885e-01
  outer loop
   vertex 6.16471939e+01 4.60369644e+01 6.78150787e+01
   vertex 6.15494614e+01 4.27359734e+01 6.93644714e+01
   vertex 5.91465912e+01 4.79156723e+01 6.93894501e+01
  endloop
 endfacet
 facet normal -7.52468288e-01 -5.89754403e-01 -2.93225437e-01
  outer loop
   vertex 6.30732422e+01 6.50337906e+01 4.80061111e+01
   vertex 5.89501114e+01 7.04319534e+01 4.79145584e+01
   vertex 5.96397705e+01 7.09861832e+01 4.49240723e+01
  endloop
 endfacet
 facet normal -7.26205349e-01 -3.62759769e-01 -5.83978713e-01
  outer loop
   vertex 6.41136169e+01 4.73819580e+01 6.44080124e+01
   vertex 6.39538956e+01 5.06366501e+01 6.25337944e+01
   vertex 6.65663757e+01 4.53857803e+01 6.25754814e+01
  endloop
 endfacet
 facet normal -3.76528919e-01 -2.74263382e-01 -8.84876013e-01
  outer loop
   vertex 2.90313950e+01 6.27346725e+01 8.29008026e+01
   vertex 3.10473785e+01 6.45628281e+01 8.15180359e+01
   vertex 3.26724701e+01 6.27181778e+01 8.14013672e+01
  endloop
 endfacet
 facet normal -5.90606332e-01 -7.31956482e-01 -3.39740843e-01
  outer loop
   vertex 3.84657974e+01 8.84437332e+01 5.30708504e+01
   vertex 3.62164764e+01 9.02520676e+01 5.30624733e+01
   vertex 3.90549011e+01 8.90294266e+01 5.07051239e+01
  endloop
 endfacet
 facet normal -3.72922003e-01 -2.82839537e-01 -8.83702993e-01
  outer loop
   vertex 2.90313950e+01 6.27346725e+01 8.29008026e+01
   vertex 2.89739304e+01 6.67744217e+01 8.16762695e+01
   vertex 3.10473785e+01 6.45628281e+01 8.15180359e+01
  endloop
 endfacet
 facet normal -3.62630814e-01 -2.52257943e-01 -8.97142589e-01
  outer loop
   vertex 3.06311111e+01 6.09144211e+01 8.27675171e+01
   vertex 2.90313950e+01 6.27346725e+01 8.29008026e+01
   vertex 3.26724701e+01 6.27181778e+01 8.14013672e+01
  endloop
 endfacet
 facet normal -9.24593091e-01 -3.32388431e-01 -1.86133221e-01
  outer loop
   vertex 8.58306427e+01 2.84764709e+01 3.23789062e+01
   vertex 8.38250885e+01 3.42549820e+01 3.23040047e+01
   vertex 8.44607544e+01 3.45749359e+01 2.84888401e+01
  endloop
 endfacet
 facet normal -3.18256497e-01 -2.47387543e-01 -9.15156901e-01
  outer loop
   vertex 2.30097733e+01 6.48902817e+01 8.44335480e+01
   vertex 2.30811386e+01 6.87240829e+01 8.34172516e+01
   vertex 2.50227814e+01 6.68850937e+01 8.32422638e+01
  endloop
 endfacet
 facet normal -4.01886463e-01 -3.22587848e-01 -8.56985629e-01
  outer loop
   vertex 3.10473785e+01 6.45628281e+01 8.15180359e+01
   vertex 2.89739304e+01 6.67744217e+01 8.16762695e+01
   vertex 3.10789719e+01 6.87458725e+01 7.98936310e+01
  endloop
 endfacet
 facet normal -6.82339847e-01 -7.29062855e-01 -5.36622107e-02
  outer loop
   vertex 5.13931808e+01 8.72479324e+01 1.16538057e+01
   vertex 4.89096909e+01 8.95517654e+01 1.16454229e+01
   vertex 5.15047836e+01 8.75249100e+01 5.83107758e+00
  endloop
 endfacet
 facet normal -4.98234034e-01 -6.00507021e-01 -6.25423193e-01
  outer loop
   vertex 2.82642517e+01 8.22828751e+01 7.30463409e+01
   vertex 2.54744339e+01 8.44979019e+01 7.31463470e+01
   vertex 3.00066605e+01 8.40477982e+01 6.98975983e+01
  endloop
 endfacet
 facet normal -8.93358469e-01 -4.13133323e-01 -1.76724374e-01
  outer loop
   vertex 8.15627136e+01 3.99538460e+01 3.22373352e+01
   vertex 7.90436707e+01 4.55647049e+01 3.21623764e+01
   vertex 7.96121826e+01 4.59083252e+01 2.83554993e+01
  endloop
 endfacet
 facet normal -3.22058082e-01 -2.38053083e-01 -9.16301966e-01
  outer loop
   vertex 2.49531708e+01 6.29514084e+01 8.42502136e+01
   vertex 2.50227814e+01 6.68850937e+01 8.32422638e+01
   vertex 2.69919891e+01 6.49050980e+01 8.30756989e+01
  endloop
 endfacet
 facet normal -8.81618202e-01 -4.41121250e-01 -1.67813510e-01
  outer loop
   vertex 7.90436707e+01 4.55647049e+01 3.21623764e+01
   vertex 7.68034058e+01 5.14222946e+01 2.82972126e+01
   vertex 7.96121826e+01 4.59083252e+01 2.83554993e+01
  endloop
 endfacet
 facet normal -5.95631361e-01 -7.95780480e-01 -1.09346539e-01
  outer loop
   vertex 3.73946075e+01 9.73304520e+01 2.50068455e+01
   vertex 3.77526627e+01 9.77951126e+01 2.00088081e+01
   vertex 4.09128113e+01 9.53870316e+01 2.00254536e+01
  endloop
 endfacet
 facet normal -8.74620974e-01 -4.53054667e-01 -1.72567874e-01
  outer loop
   vertex 7.90436707e+01 4.55647049e+01 3.21623764e+01
   vertex 7.62683868e+01 5.10624924e+01 3.20957336e+01
   vertex 7.68034058e+01 5.14222946e+01 2.82972126e+01
  endloop
 endfacet
 facet normal -5.75132966e-01 -1.13697655e-01 -8.10120285e-01
  outer loop
   vertex 6.24302216e+01 1.87991409e+01 7.41458893e+01
   vertex 6.13236237e+01 2.41692810e+01 7.42291870e+01
   vertex 6.42166748e+01 2.54137650e+01 7.19383850e+01
  endloop
 endfacet
 facet normal -4.13389146e-01 -3.49222332e-01 -8.40923965e-01
  outer loop
   vertex 2.89739304e+01 6.67744217e+01 8.16762695e+01
   vertex 2.90416565e+01 7.07997513e+01 8.00269470e+01
   vertex 3.10789719e+01 6.87458725e+01 7.98936310e+01
  endloop
 endfacet
 facet normal -4.07540232e-01 -3.62065643e-01 -8.38343263e-01
  outer loop
   vertex 2.69706421e+01 6.87954636e+01 8.18345642e+01
   vertex 2.70238571e+01 7.27038956e+01 8.01685486e+01
   vertex 2.90416565e+01 7.07997513e+01 8.00269470e+01
  endloop
 endfacet
 facet normal -3.97277325e-01 -3.34919810e-01 -8.54400039e-01
  outer loop
   vertex 2.89739304e+01 6.67744217e+01 8.16762695e+01
   vertex 2.69706421e+01 6.87954636e+01 8.18345642e+01
   vertex 2.90416565e+01 7.07997513e+01 8.00269470e+01
  endloop
 endfacet
 facet normal -6.93930328e-01 -7.18102217e-01 -5.28194644e-02
  outer loop
   vertex 5.39720154e+01 8.47374649e+01 1.16620646e+01
   vertex 5.13931808e+01 8.72479324e+01 1.16538057e+01
   vertex 5.15047836e+01 8.75249100e+01 5.83107758e+00
  endloop
 endfacet
 facet normal -7.00407445e-01 -7.12524772e-01 -4.16873284e-02
  outer loop
   vertex 5.39720154e+01 8.47374649e+01 1.16620646e+01
   vertex 5.15047836e+01 8.75249100e+01 5.83107758e+00
   vertex 5.40754089e+01 8.50059280e+01 5.83933687e+00
  endloop
 endfacet
 facet normal -3.85462672e-01 -2.54559010e-01 -8.86915028e-01
  outer loop
   vertex 3.27699203e+01 5.83208847e+01 8.25925293e+01
   vertex 3.26724701e+01 6.27181778e+01 8.14013672e+01
   vertex 3.48539047e+01 6.00754471e+01 8.12347565e+01
  endloop
 endfacet
 facet normal -4.67208177e-01 -3.76909345e-01 -7.99784899e-01
  outer loop
   vertex 3.31865005e+01 6.64934464e+01 7.97520599e+01
   vertex 3.52934494e+01 6.83566360e+01 7.76945038e+01
   vertex 3.69865036e+01 6.64465408e+01 7.76112213e+01
  endloop
 endfacet
 facet normal -3.25074196e-01 -2.29066715e-01 -9.17526662e-01
  outer loop
   vertex 2.69504776e+01 6.08135300e+01 8.40670013e+01
   vertex 2.69919891e+01 6.49050980e+01 8.30756989e+01
   vertex 2.90313950e+01 6.27346725e+01 8.29008026e+01
  endloop
 endfacet
 facet normal -6.02729201e-01 -7.89207280e-01 -1.17768399e-01
  outer loop
   vertex 4.05463028e+01 9.49303665e+01 2.50235157e+01
   vertex 3.73946075e+01 9.73304520e+01 2.50068455e+01
   vertex 4.09128113e+01 9.53870316e+01 2.00254536e+01
  endloop
 endfacet
 facet normal -6.82627380e-01 -6.94334090e-01 2.27859631e-01
  outer loop
   vertex 5.40754089e+01 8.50059280e+01 5.83933687e+00
   vertex 5.15047836e+01 8.75249100e+01 5.83107758e+00
   vertex 5.40727844e+01 8.51475754e+01 2.84217094e-14
  endloop
 endfacet
 facet normal 1.40758038e-01 3.74468237e-01 -9.16493714e-01
  outer loop
   vertex 4.84358597e+01 3.67897034e+00 8.09181976e+01
   vertex 4.66089478e+01 1.11037445e+00 8.14097443e+01
   vertex 4.51483231e+01 2.58557892e+00 8.17761993e+01
  endloop
 endfacet
 facet normal -7.11298227e-01 -7.01699376e-01 -4.09006737e-02
  outer loop
   vertex 5.39720154e+01 8.47374649e+01 1.16620646e+01
   vertex 5.40754089e+01 8.50059280e+01 5.83933687e+00
   vertex 5.61216507e+01 8.29189682e+01 5.83933687e+00
  endloop
 endfacet
 facet normal -7.16035128e-01 -6.96184158e-01 -5.11988103e-02
  outer loop
   vertex 5.60182343e+01 8.26504593e+01 1.16704340e+01
   vertex 5.39720154e+01 8.47374649e+01 1.16620646e+01
   vertex 5.61216507e+01 8.29189682e+01 5.83933687e+00
  endloop
 endfacet
 facet normal -3.65871876e-01 -4.09998326e-03 -9.30656195e-01
  outer loop
   vertex 5.12042084e+01 9.00365448e+00 8.01435242e+01
   vertex 5.07273941e+01 1.41020508e+01 8.03434753e+01
   vertex 5.34896317e+01 1.52191620e+01 7.92106171e+01
  endloop
 endfacet
 facet normal -6.94173634e-01 -6.82525218e-01 2.28653207e-01
  outer loop
   vertex 5.61216507e+01 8.29189682e+01 5.83933687e+00
   vertex 5.40754089e+01 8.50059280e+01 5.83933687e+00
   vertex 5.40727844e+01 8.51475754e+01 2.84217094e-14
  endloop
 endfacet
 facet normal -6.36272132e-01 -7.62536764e-01 -1.17027484e-01
  outer loop
   vertex 4.57148514e+01 9.06762161e+01 2.50484886e+01
   vertex 4.28714371e+01 9.30735855e+01 2.50318584e+01
   vertex 4.32382050e+01 9.35218430e+01 2.00338230e+01
  endloop
 endfacet
 facet normal -6.17187560e-01 -7.77968347e-01 -1.17663793e-01
  outer loop
   vertex 4.28714371e+01 9.30735855e+01 2.50318584e+01
   vertex 4.05463028e+01 9.49303665e+01 2.50235157e+01
   vertex 4.09128113e+01 9.53870316e+01 2.00254536e+01
  endloop
 endfacet
 facet normal -5.90382278e-01 -7.47297287e-01 -3.04951727e-01
  outer loop
   vertex 3.90549011e+01 8.90294266e+01 5.07051239e+01
   vertex 3.67972183e+01 9.08375168e+01 5.06884842e+01
   vertex 3.74676590e+01 9.15330124e+01 4.76396408e+01
  endloop
 endfacet
 facet normal -6.24589562e-01 -7.73384333e-01 -1.08464763e-01
  outer loop
   vertex 4.28714371e+01 9.30735855e+01 2.50318584e+01
   vertex 4.09128113e+01 9.53870316e+01 2.00254536e+01
   vertex 4.32382050e+01 9.35218430e+01 2.00338230e+01
  endloop
 endfacet
 facet normal -3.07875872e-01 -2.13754416e-01 -9.27103817e-01
  outer loop
   vertex 2.69504776e+01 6.08135300e+01 8.40670013e+01
   vertex 2.49531708e+01 6.29514084e+01 8.42502136e+01
   vertex 2.69919891e+01 6.49050980e+01 8.30756989e+01
  endloop
 endfacet
 facet normal -6.43209934e-01 -7.58078396e-01 -1.07694693e-01
  outer loop
   vertex 4.57148514e+01 9.06762161e+01 2.50484886e+01
   vertex 4.32382050e+01 9.35218430e+01 2.00338230e+01
   vertex 4.60815582e+01 9.11246109e+01 2.00421505e+01
  endloop
 endfacet
 facet normal -7.27908850e-01 -6.83875084e-01 -4.96343449e-02
  outer loop
   vertex 5.87885513e+01 7.96853409e+01 1.16870642e+01
   vertex 5.60182343e+01 8.26504593e+01 1.16704340e+01
   vertex 5.61216507e+01 8.29189682e+01 5.83933687e+00
  endloop
 endfacet
 facet normal -7.35364974e-01 -6.76569402e-01 -3.86289358e-02
  outer loop
   vertex 5.87885513e+01 7.96853409e+01 1.16870642e+01
   vertex 5.61216507e+01 8.29189682e+01 5.83933687e+00
   vertex 5.88919754e+01 7.99538345e+01 5.84770632e+00
  endloop
 endfacet
 facet normal -8.62260997e-01 -2.83169627e-01 -4.19905841e-01
  outer loop
   vertex 8.06752167e+01 2.61156845e+01 5.16880875e+01
   vertex 7.79052734e+01 3.13220367e+01 5.39121780e+01
   vertex 7.88883362e+01 3.17816010e+01 5.15881042e+01
  endloop
 endfacet
 facet normal -5.17082810e-01 -5.18339932e-01 -6.81138098e-01
  outer loop
   vertex 3.30216064e+01 7.45719681e+01 7.55370483e+01
   vertex 3.28190994e+01 7.83423843e+01 7.28796692e+01
   vertex 3.49470596e+01 7.63401566e+01 7.28047485e+01
  endloop
 endfacet
 facet normal -6.16311312e-01 -7.28934705e-01 -2.98017800e-01
  outer loop
   vertex 4.18304138e+01 8.66975632e+01 5.07217674e+01
   vertex 3.97421646e+01 8.97168198e+01 4.76562958e+01
   vertex 4.25344696e+01 8.73769760e+01 4.76729317e+01
  endloop
 endfacet
 facet normal -6.08405530e-01 -7.31776595e-01 -3.07157516e-01
  outer loop
   vertex 4.18304138e+01 8.66975632e+01 5.07217674e+01
   vertex 3.90549011e+01 8.90294266e+01 5.07051239e+01
   vertex 3.97421646e+01 8.97168198e+01 4.76562958e+01
  endloop
 endfacet
 facet normal -5.97932637e-01 -7.44768679e-01 -2.96304196e-01
  outer loop
   vertex 3.90549011e+01 8.90294266e+01 5.07051239e+01
   vertex 3.74676590e+01 9.15330124e+01 4.76396408e+01
   vertex 3.97421646e+01 8.97168198e+01 4.76562958e+01
  endloop
 endfacet
 facet normal -8.88649940e-01 -4.57065850e-01 -3.73111665e-02
  outer loop
   vertex 8.11172638e+01 4.69774246e+01 1.18453417e+01
   vertex 7.83784180e+01 5.27591934e+01 5.91430140e+00
   vertex 8.12965240e+01 4.71973190e+01 5.92268467e+00
  endloop
 endfacet
 facet normal -8.67460608e-01 -4.95226264e-01 -4.75714095e-02
  outer loop
   vertex 7.82161713e+01 5.25229568e+01 1.18203421e+01
   vertex 7.50755615e+01 5.79474106e+01 1.17953768e+01
   vertex 7.83784180e+01 5.27591934e+01 5.91430140e+00
  endloop
 endfacet
 facet normal -9.01352406e-01 -4.31399703e-01 -3.81853022e-02
  outer loop
   vertex 8.11172638e+01 4.69774246e+01 1.18453417e+01
   vertex 8.12965240e+01 4.71973190e+01 5.92268467e+00
   vertex 8.39750519e+01 4.15228348e+01 5.93929386e+00
  endloop
 endfacet
 facet normal -8.81493509e-01 -4.69700664e-01 -4.84813638e-02
  outer loop
   vertex 8.11172638e+01 4.69774246e+01 1.18453417e+01
   vertex 7.82161713e+01 5.25229568e+01 1.18203421e+01
   vertex 7.83784180e+01 5.27591934e+01 5.91430140e+00
  endloop
 endfacet
 facet normal -8.59996259e-01 -5.04920959e-01 -7.39001855e-02
  outer loop
   vertex 7.45682449e+01 5.74465408e+01 2.03086815e+01
   vertex 7.50755615e+01 5.79474106e+01 1.17953768e+01
   vertex 7.82161713e+01 5.25229568e+01 1.18203421e+01
  endloop
 endfacet
 facet normal -8.26765656e-01 -2.08621383e-01 -5.22432387e-01
  outer loop
   vertex 7.98423767e+01 2.15597229e+01 5.56864357e+01
   vertex 7.84734955e+01 1.89685745e+01 5.88185883e+01
   vertex 7.91781311e+01 2.23390656e+01 5.64611282e+01
  endloop
 endfacet
 facet normal -8.19574893e-01 -2.13689789e-01 -5.31632960e-01
  outer loop
   vertex 7.91781311e+01 2.23390656e+01 5.64611282e+01
   vertex 7.84734955e+01 1.89685745e+01 5.88185883e+01
   vertex 7.84976654e+01 2.31013184e+01 5.72275734e+01
  endloop
 endfacet
 facet normal -8.39061439e-01 -1.64073229e-01 -5.18705964e-01
  outer loop
   vertex 8.10030212e+01 1.64238510e+01 5.57781334e+01
   vertex 8.21851349e+01 1.51125259e+01 5.42119942e+01
   vertex 7.94452820e+01 1.41374741e+01 5.89018974e+01
  endloop
 endfacet
 facet normal -7.37388313e-01 -5.19145072e-01 -4.32142198e-01
  outer loop
   vertex 6.15017242e+01 6.12308731e+01 5.66527481e+01
   vertex 5.95848312e+01 6.26287155e+01 5.82021179e+01
   vertex 6.14445419e+01 6.38875961e+01 5.33790321e+01
  endloop
 endfacet
 facet normal -6.75602674e-01 -7.02515423e-01 -2.23680705e-01
  outer loop
   vertex 5.10456696e+01 8.16677475e+01 4.17419510e+01
   vertex 4.85092545e+01 8.41373825e+01 4.17169228e+01
   vertex 4.90331192e+01 8.46467819e+01 3.84765854e+01
  endloop
 endfacet
 facet normal -6.72423840e-01 -6.99601471e-01 -2.41669059e-01
  outer loop
   vertex 5.10456696e+01 8.16677475e+01 4.17419510e+01
   vertex 4.79606934e+01 8.36107101e+01 4.47324829e+01
   vertex 4.85092545e+01 8.41373825e+01 4.17169228e+01
  endloop
 endfacet
 facet normal -5.63464224e-01 -7.33878314e-01 -3.79381984e-01
  outer loop
   vertex 3.48093262e+01 8.88432236e+01 5.79938736e+01
   vertex 3.18010712e+01 9.11458206e+01 5.79938736e+01
   vertex 3.62164764e+01 9.02520676e+01 5.30624733e+01
  endloop
 endfacet
 facet normal -5.57944775e-01 -7.46619999e-01 -3.62293035e-01
  outer loop
   vertex 3.18010712e+01 9.11458206e+01 5.79938736e+01
   vertex 3.31577682e+01 9.25786667e+01 5.30458221e+01
   vertex 3.62164764e+01 9.02520676e+01 5.30624733e+01
  endloop
 endfacet
 facet normal -8.10063779e-01 -2.17680097e-01 -5.44437349e-01
  outer loop
   vertex 7.84976654e+01 2.31013184e+01 5.72275734e+01
   vertex 7.84734955e+01 1.89685745e+01 5.88185883e+01
   vertex 7.70952148e+01 2.46170044e+01 5.87269135e+01
  endloop
 endfacet
 facet normal -7.25047350e-01 -5.03919303e-01 -4.69437659e-01
  outer loop
   vertex 6.15017242e+01 6.12308731e+01 5.66527481e+01
   vertex 5.84077377e+01 6.18489914e+01 6.07594452e+01
   vertex 5.95848312e+01 6.26287155e+01 5.82021179e+01
  endloop
 endfacet
 facet normal -7.96183825e-01 -2.33225882e-01 -5.58298349e-01
  outer loop
   vertex 7.54825211e+01 2.39624710e+01 6.11843071e+01
   vertex 7.54425888e+01 3.02270966e+01 5.86436043e+01
   vertex 7.70952148e+01 2.46170044e+01 5.87269135e+01
  endloop
 endfacet
 facet normal -7.86254644e-01 -2.38825992e-01 -5.69882214e-01
  outer loop
   vertex 7.54825211e+01 2.39624710e+01 6.11843071e+01
   vertex 7.38969345e+01 2.95571747e+01 6.11093826e+01
   vertex 7.54425888e+01 3.02270966e+01 5.86436043e+01
  endloop
 endfacet
 facet normal -7.60475874e-01 -3.06241065e-01 -5.72619259e-01
  outer loop
   vertex 7.20541306e+01 3.50887909e+01 6.10427170e+01
   vertex 6.89058456e+01 4.00298653e+01 6.26171112e+01
   vertex 6.99378052e+01 4.05487518e+01 6.09760704e+01
  endloop
 endfacet
 facet normal -7.39980698e-01 -4.41495687e-01 -5.07454574e-01
  outer loop
   vertex 6.49020996e+01 5.11789093e+01 6.08677521e+01
   vertex 6.19751511e+01 5.63156662e+01 6.08094711e+01
   vertex 6.32110138e+01 5.70714951e+01 5.82771416e+01
  endloop
 endfacet
 facet normal -7.37409413e-01 -4.74988848e-01 -4.80221719e-01
  outer loop
   vertex 6.15017242e+01 6.12308731e+01 5.66527481e+01
   vertex 6.32110138e+01 5.70714951e+01 5.82771416e+01
   vertex 6.19751511e+01 5.63156662e+01 6.08094711e+01
  endloop
 endfacet
 facet normal -6.78000510e-01 -1.91548333e-01 -7.09665120e-01
  outer loop
   vertex 6.77734299e+01 3.00030365e+01 6.78066864e+01
   vertex 6.99620819e+01 2.78686829e+01 6.62490311e+01
   vertex 6.71017838e+01 2.66498108e+01 6.92977753e+01
  endloop
 endfacet
 facet normal -7.56207347e-01 -2.60905415e-01 -6.00065649e-01
  outer loop
   vertex 7.27727585e+01 2.90700226e+01 6.27254333e+01
   vertex 7.09719238e+01 3.45857086e+01 6.26671066e+01
   vertex 7.20541306e+01 3.50887909e+01 6.10427170e+01
  endloop
 endfacet
 facet normal -9.11109209e-01 -3.43014419e-01 2.28519380e-01
  outer loop
   vertex 8.85798645e+01 2.98515701e+01 5.97265053e+00
   vertex 8.64057159e+01 3.57352982e+01 5.95595217e+00
   vertex 8.64372101e+01 3.58358803e+01 0.00000000e+00
  endloop
 endfacet
 facet normal -8.75451565e-01 -2.08581537e-01 -4.35979635e-01
  outer loop
   vertex 8.33023376e+01 1.55245743e+01 5.18879128e+01
   vertex 8.11293030e+01 1.99836884e+01 5.41120644e+01
   vertex 8.22046814e+01 2.04034042e+01 5.17879868e+01
  endloop
 endfacet
 facet normal -5.70748329e-01 -7.49157310e-01 -3.36169183e-01
  outer loop
   vertex 3.62164764e+01 9.02520676e+01 5.30624733e+01
   vertex 3.31577682e+01 9.25786667e+01 5.30458221e+01
   vertex 3.67972183e+01 9.08375168e+01 5.06884842e+01
  endloop
 endfacet
 facet normal -8.91490102e-01 -2.43855536e-01 -3.81811231e-01
  outer loop
   vertex 8.22046814e+01 2.04034042e+01 5.17879868e+01
   vertex 8.18488617e+01 2.66287460e+01 4.86558571e+01
   vertex 8.34204712e+01 2.08922577e+01 4.87558861e+01
  endloop
 endfacet
 facet normal -8.89171839e-01 -2.16047958e-01 -4.03356820e-01
  outer loop
   vertex 8.33023376e+01 1.55245743e+01 5.18879128e+01
   vertex 8.22046814e+01 2.04034042e+01 5.17879868e+01
   vertex 8.34204712e+01 2.08922577e+01 4.87558861e+01
  endloop
 endfacet
 facet normal -9.00461435e-01 -2.62513101e-01 -3.46779525e-01
  outer loop
   vertex 8.34204712e+01 2.08922577e+01 4.87558861e+01
   vertex 8.18488617e+01 2.66287460e+01 4.86558571e+01
   vertex 8.28238525e+01 2.70715714e+01 4.56487617e+01
  endloop
 endfacet
 facet normal -9.08438087e-01 -2.52858013e-01 -3.32870930e-01
  outer loop
   vertex 8.34204712e+01 2.08922577e+01 4.87558861e+01
   vertex 8.28238525e+01 2.70715714e+01 4.56487617e+01
   vertex 8.44373779e+01 2.13191223e+01 4.57487183e+01
  endloop
 endfacet
 facet normal -7.40404248e-01 -2.44368166e-01 -6.26167536e-01
  outer loop
   vertex 7.05668259e+01 3.12373581e+01 6.44996796e+01
   vertex 7.09719238e+01 3.45857086e+01 6.26671066e+01
   vertex 7.27727585e+01 2.90700226e+01 6.27254333e+01
  endloop
 endfacet
 facet normal -5.79215229e-01 -1.34477660e-01 -8.04005921e-01
  outer loop
   vertex 6.13236237e+01 2.41692810e+01 7.42291870e+01
   vertex 5.99593735e+01 2.95014038e+01 7.43208466e+01
   vertex 6.42166748e+01 2.54137650e+01 7.19383850e+01
  endloop
 endfacet
 facet normal -5.85957825e-01 -7.21876979e-01 -3.68167192e-01
  outer loop
   vertex 3.70166855e+01 8.70507736e+01 5.79938736e+01
   vertex 3.62164764e+01 9.02520676e+01 5.30624733e+01
   vertex 3.84657974e+01 8.84437332e+01 5.30708504e+01
  endloop
 endfacet
 facet normal -9.54460561e-01 -2.83270001e-01 -9.36115384e-02
  outer loop
   vertex 9.05991821e+01 2.10489197e+01 1.63019276e+01
   vertex 8.89818573e+01 2.65596695e+01 1.62602711e+01
   vertex 8.94072113e+01 2.56260681e+01 1.48274775e+01
  endloop
 endfacet
 facet normal -9.53205109e-01 -2.99147844e-01 -4.37099971e-02
  outer loop
   vertex 9.02166443e+01 2.37413254e+01 1.19619770e+01
   vertex 8.85798645e+01 2.98515701e+01 5.97265053e+00
   vertex 9.04972229e+01 2.38880615e+01 5.98097134e+00
  endloop
 endfacet
 facet normal -9.53689575e-01 -2.61313528e-01 -1.48967922e-01
  outer loop
   vertex 9.00708313e+01 1.80649490e+01 2.57731934e+01
   vertex 8.87453308e+01 2.31061020e+01 2.57149181e+01
   vertex 8.94315186e+01 2.33935928e+01 2.06002655e+01
  endloop
 endfacet
 facet normal -3.57300133e-01 1.39523419e-02 -9.33885396e-01
  outer loop
   vertex 5.14002533e+01 4.67489624e+00 7.99769135e+01
   vertex 5.12042084e+01 9.00365448e+00 8.01435242e+01
   vertex 5.40510941e+01 1.00473633e+01 7.90272522e+01
  endloop
 endfacet
 facet normal -3.78736854e-01 -3.36736883e-03 -9.25498247e-01
  outer loop
   vertex 5.12042084e+01 9.00365448e+00 8.01435242e+01
   vertex 5.34896317e+01 1.52191620e+01 7.92106171e+01
   vertex 5.40510941e+01 1.00473633e+01 7.90272522e+01
  endloop
 endfacet
 facet normal -6.28312707e-01 -7.18232512e-01 -2.98940241e-01
  outer loop
   vertex 4.18304138e+01 8.66975632e+01 5.07217674e+01
   vertex 4.25344696e+01 8.73769760e+01 4.76729317e+01
   vertex 4.49059448e+01 8.52708817e+01 4.76896439e+01
  endloop
 endfacet
 facet normal -9.51601326e-01 -2.58427978e-01 -1.66342765e-01
  outer loop
   vertex 9.00708313e+01 1.80649490e+01 2.57731934e+01
   vertex 8.82737274e+01 2.29224930e+01 2.86221237e+01
   vertex 8.87453308e+01 2.31061020e+01 2.57149181e+01
  endloop
 endfacet
 facet normal -6.58072174e-01 -7.18979478e-01 -2.23628014e-01
  outer loop
   vertex 4.85092545e+01 8.41373825e+01 4.17169228e+01
   vertex 4.60682602e+01 8.64003983e+01 4.16836624e+01
   vertex 4.65753250e+01 8.69179153e+01 3.84515915e+01
  endloop
 endfacet
 facet normal -6.60975099e-01 -7.10490048e-01 -2.41486743e-01
  outer loop
   vertex 4.79606934e+01 8.36107101e+01 4.47324829e+01
   vertex 4.60682602e+01 8.64003983e+01 4.16836624e+01
   vertex 4.85092545e+01 8.41373825e+01 4.17169228e+01
  endloop
 endfacet
 facet normal -9.51383531e-01 -2.99775779e-01 -7.07382038e-02
  outer loop
   vertex 8.94072113e+01 2.56260681e+01 1.48274775e+01
   vertex 8.83247681e+01 2.96802979e+01 1.19286442e+01
   vertex 9.02166443e+01 2.37413254e+01 1.19619770e+01
  endloop
 endfacet
 facet normal -9.51254487e-01 -2.41982684e-01 -1.91204697e-01
  outer loop
   vertex 8.88540344e+01 1.76343536e+01 3.25288658e+01
   vertex 8.82737274e+01 2.29224930e+01 2.86221237e+01
   vertex 8.95825500e+01 1.78893661e+01 2.86886997e+01
  endloop
 endfacet
 facet normal -9.53391910e-01 -2.44609877e-01 -1.76663309e-01
  outer loop
   vertex 8.95825500e+01 1.78893661e+01 2.86886997e+01
   vertex 8.82737274e+01 2.29224930e+01 2.86221237e+01
   vertex 9.00708313e+01 1.80649490e+01 2.57731934e+01
  endloop
 endfacet
 facet normal -9.47426975e-01 -2.53078818e-01 -1.95788801e-01
  outer loop
   vertex 8.88540344e+01 1.76343536e+01 3.25288658e+01
   vertex 8.75790405e+01 2.26431885e+01 3.24622040e+01
   vertex 8.82737274e+01 2.29224930e+01 2.86221237e+01
  endloop
 endfacet
 facet normal -9.48950589e-01 -3.10934007e-01 -5.30356020e-02
  outer loop
   vertex 9.02166443e+01 2.37413254e+01 1.19619770e+01
   vertex 8.83247681e+01 2.96802979e+01 1.19286442e+01
   vertex 8.85798645e+01 2.98515701e+01 5.97265053e+00
  endloop
 endfacet
 facet normal -6.43687129e-01 -7.26349473e-01 -2.41004869e-01
  outer loop
   vertex 4.55198593e+01 8.58654099e+01 4.46991196e+01
   vertex 4.36716614e+01 8.85141983e+01 4.16670227e+01
   vertex 4.60682602e+01 8.64003983e+01 4.16836624e+01
  endloop
 endfacet
 facet normal -4.91258204e-01 -1.48169443e-01 -8.58318806e-01
  outer loop
   vertex 5.29316711e+01 3.20051804e+01 7.82775879e+01
   vertex 5.11890564e+01 3.70720940e+01 7.84525757e+01
   vertex 5.38033752e+01 3.85364037e+01 7.66282654e+01
  endloop
 endfacet
 facet normal -6.40708029e-01 -7.34626651e-01 -2.23197028e-01
  outer loop
   vertex 4.60682602e+01 8.64003983e+01 4.16836624e+01
   vertex 4.36716614e+01 8.85141983e+01 4.16670227e+01
   vertex 4.41785431e+01 8.90317764e+01 3.84265823e+01
  endloop
 endfacet
 facet normal -8.17623079e-01 -5.16372859e-01 -2.54659712e-01
  outer loop
   vertex 7.15015411e+01 5.52157822e+01 4.21501465e+01
   vertex 6.76320724e+01 5.99603806e+01 4.50989685e+01
   vertex 6.82899170e+01 6.04306412e+01 4.20668335e+01
  endloop
 endfacet
 facet normal -6.53521240e-01 -7.14136720e-01 -2.50836104e-01
  outer loop
   vertex 4.79606934e+01 8.36107101e+01 4.47324829e+01
   vertex 4.55198593e+01 8.58654099e+01 4.46991196e+01
   vertex 4.60682602e+01 8.64003983e+01 4.16836624e+01
  endloop
 endfacet
 facet normal -8.23148727e-01 -5.00503838e-01 -2.68182904e-01
  outer loop
   vertex 7.08184586e+01 5.47533340e+01 4.51906052e+01
   vertex 6.76320724e+01 5.99603806e+01 4.50989685e+01
   vertex 7.15015411e+01 5.52157822e+01 4.21501465e+01
  endloop
 endfacet
 facet normal -4.97210771e-01 -9.96028855e-02 -8.61893654e-01
  outer loop
   vertex 5.84554443e+01 2.29252930e+01 7.62117767e+01
   vertex 5.43839722e+01 2.68663483e+01 7.81026154e+01
   vertex 5.71840210e+01 2.81924362e+01 7.63450012e+01
  endloop
 endfacet
 facet normal -7.69581854e-01 -5.83552122e-01 -2.59250283e-01
  outer loop
   vertex 6.37965240e+01 6.55720139e+01 4.50073013e+01
   vertex 5.96397705e+01 7.09861832e+01 4.49240723e+01
   vertex 6.44208145e+01 6.60583420e+01 4.19835510e+01
  endloop
 endfacet
 facet normal -7.94674814e-01 -5.61673760e-01 -2.30248734e-01
  outer loop
   vertex 6.82899170e+01 6.04306412e+01 4.20668335e+01
   vertex 6.44208145e+01 6.60583420e+01 4.19835510e+01
   vertex 6.50037155e+01 6.65273056e+01 3.87264977e+01
  endloop
 endfacet
 facet normal -5.94233036e-01 -7.05180943e-01 -3.86790514e-01
  outer loop
   vertex 3.97252502e+01 8.47342758e+01 5.79938736e+01
   vertex 3.70166855e+01 8.70507736e+01 5.79938736e+01
   vertex 3.84657974e+01 8.84437332e+01 5.30708504e+01
  endloop
 endfacet
 facet normal -7.15128779e-01 -6.71948910e-01 -1.92549869e-01
  outer loop
   vertex 5.68184967e+01 7.76329422e+01 3.52195053e+01
   vertex 5.35902710e+01 8.01148148e+01 3.85348778e+01
   vertex 5.40734100e+01 8.05736008e+01 3.51862144e+01
  endloop
 endfacet
 facet normal -5.77492535e-01 -7.21218288e-01 -3.82552654e-01
  outer loop
   vertex 3.70166855e+01 8.70507736e+01 5.79938736e+01
   vertex 3.48093262e+01 8.88432236e+01 5.79938736e+01
   vertex 3.62164764e+01 9.02520676e+01 5.30624733e+01
  endloop
 endfacet
 facet normal -7.01160967e-01 -6.84400737e-01 -1.99922457e-01
  outer loop
   vertex 5.35902710e+01 8.01148148e+01 3.85348778e+01
   vertex 5.15696869e+01 8.21689377e+01 3.85098686e+01
   vertex 5.40734100e+01 8.05736008e+01 3.51862144e+01
  endloop
 endfacet
 facet normal -6.79248810e-01 -7.06310272e-01 -1.99366137e-01
  outer loop
   vertex 5.15696869e+01 8.21689377e+01 3.85098686e+01
   vertex 4.90331192e+01 8.46467819e+01 3.84765854e+01
   vertex 4.94994583e+01 8.51136093e+01 3.51279297e+01
  endloop
 endfacet
 facet normal -7.21268535e-01 -6.63129449e-01 -2.00077489e-01
  outer loop
   vertex 5.63267975e+01 7.71823502e+01 3.85765419e+01
   vertex 5.35902710e+01 8.01148148e+01 3.85348778e+01
   vertex 5.68184967e+01 7.76329422e+01 3.52195053e+01
  endloop
 endfacet
 facet normal -6.85664654e-01 -7.02064633e-01 -1.92273781e-01
  outer loop
   vertex 5.15696869e+01 8.21689377e+01 3.85098686e+01
   vertex 4.94994583e+01 8.51136093e+01 3.51279297e+01
   vertex 5.20526810e+01 8.26359940e+01 3.51612167e+01
  endloop
 endfacet
 facet normal -6.96780801e-01 -6.90953791e-01 -1.92559958e-01
  outer loop
   vertex 5.15696869e+01 8.21689377e+01 3.85098686e+01
   vertex 5.20526810e+01 8.26359940e+01 3.51612167e+01
   vertex 5.40734100e+01 8.05736008e+01 3.51862144e+01
  endloop
 endfacet
 facet normal -6.68987989e-01 -7.18146205e-01 -1.91627353e-01
  outer loop
   vertex 4.90331192e+01 8.46467819e+01 3.84765854e+01
   vertex 4.70414047e+01 8.73930283e+01 3.51111946e+01
   vertex 4.94994583e+01 8.51136093e+01 3.51279297e+01
  endloop
 endfacet
 facet normal -7.38369465e-01 -2.82803297e-01 -6.12235904e-01
  outer loop
   vertex 6.86834641e+01 3.67099266e+01 6.44663925e+01
   vertex 6.89058456e+01 4.00298653e+01 6.26171112e+01
   vertex 7.09719238e+01 3.45857086e+01 6.26671066e+01
  endloop
 endfacet
 facet normal -6.32255077e-01 -7.10147083e-01 -3.09749305e-01
  outer loop
   vertex 4.41848984e+01 8.46078262e+01 5.07384148e+01
   vertex 4.18304138e+01 8.66975632e+01 5.07217674e+01
   vertex 4.49059448e+01 8.52708817e+01 4.76896439e+01
  endloop
 endfacet
 facet normal -6.02249980e-01 -7.06009150e-01 -3.72620553e-01
  outer loop
   vertex 3.97252502e+01 8.47342758e+01 5.79938736e+01
   vertex 3.84657974e+01 8.84437332e+01 5.30708504e+01
   vertex 4.12161713e+01 8.61196976e+01 5.30874748e+01
  endloop
 endfacet
 facet normal -5.62647521e-01 -6.45729661e-01 -5.16198575e-01
  outer loop
   vertex 3.64150314e+01 8.16992416e+01 6.62906494e+01
   vertex 3.38156509e+01 8.39677200e+01 6.63323212e+01
   vertex 3.54611511e+01 8.55558548e+01 6.23921928e+01
  endloop
 endfacet
 facet normal -6.62079275e-01 -1.92293450e-01 -7.24344015e-01
  outer loop
   vertex 6.77734299e+01 3.00030365e+01 6.78066864e+01
   vertex 6.71017838e+01 2.66498108e+01 6.92977753e+01
   vertex 6.55191803e+01 3.20778809e+01 6.93144836e+01
  endloop
 endfacet
 facet normal -6.07849479e-01 -7.15821922e-01 -3.43683004e-01
  outer loop
   vertex 4.12161713e+01 8.61196976e+01 5.30874748e+01
   vertex 3.84657974e+01 8.84437332e+01 5.30708504e+01
   vertex 4.18304138e+01 8.66975632e+01 5.07217674e+01
  endloop
 endfacet
 facet normal -6.17988408e-01 -7.67362177e-01 -1.71013683e-01
  outer loop
   vertex 4.18101959e+01 9.18876877e+01 3.50695457e+01
   vertex 3.99101181e+01 9.41856155e+01 3.16126080e+01
   vertex 4.22268295e+01 9.23368759e+01 3.16209354e+01
  endloop
 endfacet
 facet normal -6.33437037e-01 -7.49619424e-01 -1.91906899e-01
  outer loop
   vertex 4.41785431e+01 8.90317764e+01 3.84265823e+01
   vertex 4.18101959e+01 9.18876877e+01 3.50695457e+01
   vertex 4.46363144e+01 8.95150681e+01 3.50861893e+01
  endloop
 endfacet
 facet normal -6.44152462e-01 -7.38461256e-01 -1.99355602e-01
  outer loop
   vertex 4.65753250e+01 8.69179153e+01 3.84515915e+01
   vertex 4.41785431e+01 8.90317764e+01 3.84265823e+01
   vertex 4.46363144e+01 8.95150681e+01 3.50861893e+01
  endloop
 endfacet
 facet normal -8.28404188e-01 -5.28824270e-01 -1.84638575e-01
  outer loop
   vertex 7.27022552e+01 5.60709305e+01 3.55110664e+01
   vertex 6.94401321e+01 6.13098984e+01 3.54443893e+01
   vertex 6.99497375e+01 6.16940842e+01 3.19708157e+01
  endloop
 endfacet
 facet normal -8.57358217e-01 -4.72790629e-01 -2.03484520e-01
  outer loop
   vertex 7.51076202e+01 5.02997360e+01 3.89680099e+01
   vertex 7.27022552e+01 5.60709305e+01 3.55110664e+01
   vertex 7.57085571e+01 5.06939774e+01 3.55859642e+01
  endloop
 endfacet
 facet normal -8.51833522e-01 -4.88842428e-01 -1.88182727e-01
  outer loop
   vertex 7.57085571e+01 5.06939774e+01 3.55859642e+01
   vertex 7.27022552e+01 5.60709305e+01 3.55110664e+01
   vertex 7.32368774e+01 5.64473038e+01 3.20290947e+01
  endloop
 endfacet
 facet normal -5.18493354e-01 -6.61785781e-01 -5.41483343e-01
  outer loop
   vertex 2.71577454e+01 8.62950363e+01 6.99725494e+01
   vertex 2.87844467e+01 8.79994583e+01 6.64156036e+01
   vertex 3.16837692e+01 8.57281723e+01 6.63656158e+01
  endloop
 endfacet
 facet normal -8.37199271e-01 -5.16675115e-01 -1.79288104e-01
  outer loop
   vertex 7.27022552e+01 5.60709305e+01 3.55110664e+01
   vertex 6.99497375e+01 6.16940842e+01 3.19708157e+01
   vertex 7.32368774e+01 5.64473038e+01 3.20290947e+01
  endloop
 endfacet
 facet normal -6.27672553e-01 -3.45984101e-01 -6.97368026e-01
  outer loop
   vertex 5.37263412e+01 5.49896011e+01 7.09055328e+01
   vertex 5.64712067e+01 5.29654617e+01 6.94226990e+01
   vertex 5.40985641e+01 5.15055313e+01 7.22633362e+01
  endloop
 endfacet
 facet normal -5.55492282e-01 -2.60954201e-01 -7.89513290e-01
  outer loop
   vertex 5.41920242e+01 4.50421066e+01 7.46456757e+01
   vertex 4.92970123e+01 4.84680710e+01 7.69364624e+01
   vertex 5.17099380e+01 5.00037308e+01 7.47623444e+01
  endloop
 endfacet
 facet normal -5.89793265e-01 -3.09298396e-01 -7.45974839e-01
  outer loop
   vertex 5.13879089e+01 5.34803696e+01 7.35960693e+01
   vertex 5.40985641e+01 5.15055313e+01 7.22633362e+01
   vertex 5.17099380e+01 5.00037308e+01 7.47623444e+01
  endloop
 endfacet
 facet normal -6.07567549e-01 -3.36193055e-01 -7.19608188e-01
  outer loop
   vertex 5.13879089e+01 5.34803696e+01 7.35960693e+01
   vertex 5.37263412e+01 5.49896011e+01 7.09055328e+01
   vertex 5.40985641e+01 5.15055313e+01 7.22633362e+01
  endloop
 endfacet
 facet normal -5.36063910e-01 -2.73039848e-01 -7.98802078e-01
  outer loop
   vertex 4.92970123e+01 4.84680710e+01 7.69364624e+01
   vertex 4.63005066e+01 5.37620010e+01 7.71196747e+01
   vertex 5.17099380e+01 5.00037308e+01 7.47623444e+01
  endloop
 endfacet
 facet normal -3.50682169e-01 -3.28420430e-01 -8.77018869e-01
  outer loop
   vertex 2.07860031e+01 7.07565079e+01 8.36172028e+01
   vertex 2.07618256e+01 7.43470078e+01 8.23343964e+01
   vertex 2.26656952e+01 7.27489090e+01 8.21760559e+01
  endloop
 endfacet
 facet normal -3.41129869e-01 -3.00850391e-01 -8.90572548e-01
  outer loop
   vertex 2.30811386e+01 6.87240829e+01 8.34172516e+01
   vertex 2.07860031e+01 7.07565079e+01 8.36172028e+01
   vertex 2.26656952e+01 7.27489090e+01 8.21760559e+01
  endloop
 endfacet
 facet normal -5.59373736e-01 -8.09328973e-01 -1.79130048e-01
  outer loop
   vertex 3.07630005e+01 1.00041405e+02 3.49862633e+01
   vertex 3.11457367e+01 1.00523293e+02 3.15459366e+01
   vertex 3.63755188e+01 9.61119461e+01 3.50362587e+01
  endloop
 endfacet
 facet normal -5.70380151e-01 -8.03156376e-01 -1.72064915e-01
  outer loop
   vertex 3.63755188e+01 9.61119461e+01 3.50362587e+01
   vertex 3.11457367e+01 1.00523293e+02 3.15459366e+01
   vertex 3.67752380e+01 9.65774765e+01 3.15959377e+01
  endloop
 endfacet
 facet normal -5.75944304e-01 -5.89991629e-01 -5.65860450e-01
  outer loop
   vertex 3.68237305e+01 7.80409164e+01 6.97310028e+01
   vertex 3.86353302e+01 7.96571579e+01 6.62656860e+01
   vertex 4.08999023e+01 7.74741440e+01 6.62406769e+01
  endloop
 endfacet
 facet normal -6.73283815e-01 -3.31145763e-01 -6.61083519e-01
  outer loop
   vertex 6.16471939e+01 4.60369644e+01 6.78150787e+01
   vertex 5.91465912e+01 4.79156723e+01 6.93894501e+01
   vertex 6.15790863e+01 4.92933426e+01 6.61907272e+01
  endloop
 endfacet
 facet normal -7.37094402e-01 -3.80848825e-01 -5.58252692e-01
  outer loop
   vertex 6.65663757e+01 4.53857803e+01 6.25754814e+01
   vertex 6.39538956e+01 5.06366501e+01 6.25337944e+01
   vertex 6.49020996e+01 5.11789093e+01 6.08677521e+01
  endloop
 endfacet
 facet normal -7.16516733e-01 -4.37927634e-01 -5.42976201e-01
  outer loop
   vertex 5.92182236e+01 5.71815414e+01 6.37416344e+01
   vertex 6.19751511e+01 5.63156662e+01 6.08094711e+01
   vertex 6.10689392e+01 5.57574692e+01 6.24921799e+01
  endloop
 endfacet
 facet normal -7.24743247e-01 -4.22435850e-01 -5.44330001e-01
  outer loop
   vertex 6.39538956e+01 5.06366501e+01 6.25337944e+01
   vertex 6.10689392e+01 5.57574692e+01 6.24921799e+01
   vertex 6.19751511e+01 5.63156662e+01 6.08094711e+01
  endloop
 endfacet
 facet normal -7.15670288e-01 -4.03581977e-01 -5.70033014e-01
  outer loop
   vertex 6.14192047e+01 5.25563126e+01 6.43747635e+01
   vertex 6.10689392e+01 5.57574692e+01 6.24921799e+01
   vertex 6.39538956e+01 5.06366501e+01 6.25337944e+01
  endloop
 endfacet
 facet normal -5.09021938e-01 -5.86916745e-01 -6.29623175e-01
  outer loop
   vertex 3.03122482e+01 8.05625076e+01 7.29713593e+01
   vertex 2.82642517e+01 8.22828751e+01 7.30463409e+01
   vertex 3.00066605e+01 8.40477982e+01 6.98975983e+01
  endloop
 endfacet
 facet normal -7.23538876e-01 -1.85733885e-01 -6.64826632e-01
  outer loop
   vertex 7.21763229e+01 2.57097549e+01 6.45496902e+01
   vertex 7.43080139e+01 2.34994354e+01 6.27919388e+01
   vertex 7.13882904e+01 2.23377075e+01 6.62823181e+01
  endloop
 endfacet
 facet normal -8.53774548e-01 -4.92649615e-01 -1.68420106e-01
  outer loop
   vertex 7.62683868e+01 5.10624924e+01 3.20957336e+01
   vertex 7.32368774e+01 5.64473038e+01 3.20290947e+01
   vertex 7.37466660e+01 5.68149490e+01 2.82389259e+01
  endloop
 endfacet
 facet normal -8.61477137e-01 -4.80733722e-01 -1.63561076e-01
  outer loop
   vertex 7.62683868e+01 5.10624924e+01 3.20957336e+01
   vertex 7.37466660e+01 5.68149490e+01 2.82389259e+01
   vertex 7.68034058e+01 5.14222946e+01 2.82972126e+01
  endloop
 endfacet
 facet normal -7.90444732e-01 -4.02627349e-01 -4.61614966e-01
  outer loop
   vertex 6.94868393e+01 4.92301941e+01 5.52283058e+01
   vertex 6.89094315e+01 4.66450653e+01 5.84103584e+01
   vertex 6.86826096e+01 4.99235992e+01 5.60196419e+01
  endloop
 endfacet
 facet normal -8.38959336e-01 -5.20186186e-01 -1.59854740e-01
  outer loop
   vertex 7.32368774e+01 5.64473038e+01 3.20290947e+01
   vertex 7.04426575e+01 6.20698624e+01 2.81806126e+01
   vertex 7.37466660e+01 5.68149490e+01 2.82389259e+01
  endloop
 endfacet
 facet normal -6.78266466e-01 -2.91961491e-01 -6.74324155e-01
  outer loop
   vertex 6.39681244e+01 4.07807999e+01 6.78066864e+01
   vertex 6.15494614e+01 4.27359734e+01 6.93644714e+01
   vertex 6.40825119e+01 4.40821075e+01 6.61990509e+01
  endloop
 endfacet
 facet normal -5.20944059e-01 -5.95821202e-01 -6.11240029e-01
  outer loop
   vertex 3.03122482e+01 8.05625076e+01 7.29713593e+01
   vertex 3.00066605e+01 8.40477982e+01 6.98975983e+01
   vertex 3.20966110e+01 8.23031693e+01 6.98475800e+01
  endloop
 endfacet
 facet normal -6.88628793e-01 -4.52328891e-01 -5.66735327e-01
  outer loop
   vertex 5.82724304e+01 5.78723373e+01 6.43581009e+01
   vertex 5.73184357e+01 5.85547256e+01 6.49661713e+01
   vertex 5.75433350e+01 6.12832413e+01 6.24505119e+01
  endloop
 endfacet
 facet normal -6.73517823e-01 -4.13344890e-01 -6.12796664e-01
  outer loop
   vertex 5.60238953e+01 5.64563980e+01 6.78400726e+01
   vertex 5.73184357e+01 5.85547256e+01 6.49661713e+01
   vertex 5.88028717e+01 5.43912125e+01 6.61823807e+01
  endloop
 endfacet
 facet normal -6.83707714e-01 -4.25590008e-01 -5.92804313e-01
  outer loop
   vertex 5.82724304e+01 5.78723373e+01 6.43581009e+01
   vertex 5.88028717e+01 5.43912125e+01 6.61823807e+01
   vertex 5.73184357e+01 5.85547256e+01 6.49661713e+01
  endloop
 endfacet
 facet normal -5.20994663e-01 -5.70540130e-01 -6.34861052e-01
  outer loop
   vertex 3.28190994e+01 7.83423843e+01 7.28796692e+01
   vertex 3.03122482e+01 8.05625076e+01 7.29713593e+01
   vertex 3.20966110e+01 8.23031693e+01 6.98475800e+01
  endloop
 endfacet
 facet normal -4.04198527e-01 -9.54893912e-05 -9.14671302e-01
  outer loop
   vertex 5.43151245e+01 5.64479065e+00 7.88856812e+01
   vertex 5.40510941e+01 1.00473633e+01 7.90272522e+01
   vertex 5.71214142e+01 1.11701355e+01 7.76195526e+01
  endloop
 endfacet
 facet normal -4.27307695e-01 -2.05950104e-02 -9.03871655e-01
  outer loop
   vertex 5.40510941e+01 1.00473633e+01 7.90272522e+01
   vertex 5.64835129e+01 1.64238281e+01 7.77694397e+01
   vertex 5.71214142e+01 1.11701355e+01 7.76195526e+01
  endloop
 endfacet
 facet normal -4.14268613e-01 -2.10821070e-02 -9.09910500e-01
  outer loop
   vertex 5.40510941e+01 1.00473633e+01 7.90272522e+01
   vertex 5.34896317e+01 1.52191620e+01 7.92106171e+01
   vertex 5.64835129e+01 1.64238281e+01 7.77694397e+01
  endloop
 endfacet
 facet normal -8.56035888e-01 -4.97482181e-01 -1.40406609e-01
  outer loop
   vertex 7.71653290e+01 5.16705399e+01 2.54233761e+01
   vertex 7.37466660e+01 5.68149490e+01 2.82389259e+01
   vertex 7.40837173e+01 5.70627518e+01 2.53733997e+01
  endloop
 endfacet
 facet normal -7.31119812e-01 -6.73749268e-01 -1.07358016e-01
  outer loop
   vertex 5.79813843e+01 7.87290421e+01 2.51484718e+01
   vertex 5.56115341e+01 8.21097794e+01 2.01087379e+01
   vertex 5.83820038e+01 7.91446609e+01 2.01337700e+01
  endloop
 endfacet
 facet normal -8.40058506e-01 -5.22539675e-01 -1.45787388e-01
  outer loop
   vertex 7.37466660e+01 5.68149490e+01 2.82389259e+01
   vertex 7.04426575e+01 6.20698624e+01 2.81806126e+01
   vertex 7.40837173e+01 5.70627518e+01 2.53733997e+01
  endloop
 endfacet
 facet normal -4.62195337e-01 -4.74364728e-01 -7.49235332e-01
  outer loop
   vertex 2.90124817e+01 7.46650009e+01 7.80527344e+01
   vertex 2.65982971e+01 7.68284988e+01 7.81943054e+01
   vertex 2.84796524e+01 7.87292709e+01 7.57536316e+01
  endloop
 endfacet
 facet normal -6.67179286e-01 -4.29883122e-01 -6.08335674e-01
  outer loop
   vertex 5.60238953e+01 5.64563980e+01 6.78400726e+01
   vertex 5.53861389e+01 5.98773117e+01 6.61823807e+01
   vertex 5.73184357e+01 5.85547256e+01 6.49661713e+01
  endloop
 endfacet
 facet normal -5.06800592e-01 -5.35016418e-01 -6.75951600e-01
  outer loop
   vertex 3.09359436e+01 7.65415268e+01 7.56286926e+01
   vertex 3.03122482e+01 8.05625076e+01 7.29713593e+01
   vertex 3.28190994e+01 7.83423843e+01 7.28796692e+01
  endloop
 endfacet
 facet normal -6.80143237e-01 -4.54725713e-01 -5.75004101e-01
  outer loop
   vertex 5.73184357e+01 5.85547256e+01 6.49661713e+01
   vertex 5.53861389e+01 5.98773117e+01 6.61823807e+01
   vertex 5.75433350e+01 6.12832413e+01 6.24505119e+01
  endloop
 endfacet
 facet normal -8.57692242e-01 -4.99072403e-01 -1.23655811e-01
  outer loop
   vertex 7.71653290e+01 5.16705399e+01 2.54233761e+01
   vertex 7.40837173e+01 5.70627518e+01 2.53733997e+01
   vertex 7.45682449e+01 5.74465408e+01 2.03086815e+01
  endloop
 endfacet
 facet normal -6.30210876e-01 -7.46138632e-01 -2.14735702e-01
  outer loop
   vertex 4.36716614e+01 8.85141983e+01 4.16670227e+01
   vertex 4.13609695e+01 9.13962326e+01 3.84099426e+01
   vertex 4.41785431e+01 8.90317764e+01 3.84265823e+01
  endloop
 endfacet
 facet normal -5.03751278e-01 -5.08296072e-01 -6.98476732e-01
  outer loop
   vertex 3.30216064e+01 7.45719681e+01 7.55370483e+01
   vertex 3.09359436e+01 7.65415268e+01 7.56286926e+01
   vertex 3.28190994e+01 7.83423843e+01 7.28796692e+01
  endloop
 endfacet
 facet normal -6.80044711e-01 -2.15344891e-01 -7.00832188e-01
  outer loop
   vertex 6.77734299e+01 3.00030365e+01 6.78066864e+01
   vertex 6.55191803e+01 3.20778809e+01 6.93144836e+01
   vertex 6.82786407e+01 3.33448982e+01 6.62323608e+01
  endloop
 endfacet
 facet normal -3.84083986e-01 -3.60299677e-01 -8.50096226e-01
  outer loop
   vertex 2.49949799e+01 7.06671219e+01 8.19928284e+01
   vertex 2.26656952e+01 7.27489090e+01 8.21760559e+01
   vertex 2.46604462e+01 7.48267593e+01 8.03351440e+01
  endloop
 endfacet
 facet normal -6.22933388e-01 -7.49838173e-01 -2.22927660e-01
  outer loop
   vertex 4.36716614e+01 8.85141983e+01 4.16670227e+01
   vertex 4.08623810e+01 9.08704605e+01 4.16502533e+01
   vertex 4.13609695e+01 9.13962326e+01 3.84099426e+01
  endloop
 endfacet
 facet normal -7.15835571e-01 -6.59525037e-01 2.29360282e-01
  outer loop
   vertex 5.88919754e+01 7.99538345e+01 5.84770632e+00
   vertex 5.61216507e+01 8.29189682e+01 5.83933687e+00
   vertex 5.88812561e+01 8.00868759e+01 2.84217094e-14
  endloop
 endfacet
 facet normal -7.33392358e-01 -6.39726102e-01 2.29969800e-01
  outer loop
   vertex 6.34629135e+01 7.46722031e+01 5.85602236e+00
   vertex 5.88919754e+01 7.99538345e+01 5.84770632e+00
   vertex 5.88812561e+01 8.00868759e+01 2.84217094e-14
  endloop
 endfacet
 facet normal -6.37073457e-01 -3.20117503e-01 -7.01186240e-01
  outer loop
   vertex 5.66815872e+01 4.64957199e+01 7.21966553e+01
   vertex 5.64712067e+01 5.29654617e+01 6.94226990e+01
   vertex 5.91465912e+01 4.79156723e+01 6.93894501e+01
  endloop
 endfacet
 facet normal -8.74738038e-01 -2.92013139e-01 -3.86732012e-01
  outer loop
   vertex 8.06752167e+01 2.61156845e+01 5.16880875e+01
   vertex 7.88883362e+01 3.17816010e+01 5.15881042e+01
   vertex 8.00117035e+01 3.23104248e+01 4.85476418e+01
  endloop
 endfacet
 facet normal -8.42768908e-01 -5.26118517e-01 -1.13753706e-01
  outer loop
   vertex 7.40837173e+01 5.70627518e+01 2.53733997e+01
   vertex 7.12222748e+01 6.27173233e+01 2.02670364e+01
   vertex 7.45682449e+01 5.74465408e+01 2.03086815e+01
  endloop
 endfacet
 facet normal -8.83406222e-01 -2.82141089e-01 -3.74152213e-01
  outer loop
   vertex 8.06752167e+01 2.61156845e+01 5.16880875e+01
   vertex 8.00117035e+01 3.23104248e+01 4.85476418e+01
   vertex 8.18488617e+01 2.66287460e+01 4.86558571e+01
  endloop
 endfacet
 facet normal -6.66530669e-01 -3.70438576e-01 -6.46925151e-01
  outer loop
   vertex 5.90618896e+01 5.11716995e+01 6.78234100e+01
   vertex 5.64712067e+01 5.29654617e+01 6.94226990e+01
   vertex 5.88028717e+01 5.43912125e+01 6.61823807e+01
  endloop
 endfacet
 facet normal -7.57499993e-01 -6.43645465e-01 -1.09152578e-01
  outer loop
   vertex 6.25185242e+01 7.34717941e+01 2.52067471e+01
   vertex 5.83820038e+01 7.91446609e+01 2.01337700e+01
   vertex 6.29359131e+01 7.38793869e+01 2.01754093e+01
  endloop
 endfacet
 facet normal -7.47324586e-01 -6.54126108e-01 -1.16726108e-01
  outer loop
   vertex 6.25185242e+01 7.34717941e+01 2.52067471e+01
   vertex 5.79813843e+01 7.87290421e+01 2.51484718e+01
   vertex 5.83820038e+01 7.91446609e+01 2.01337700e+01
  endloop
 endfacet
 facet normal -4.76772487e-01 -4.86088961e-01 -7.32397079e-01
  outer loop
   vertex 2.90124817e+01 7.46650009e+01 7.80527344e+01
   vertex 2.84796524e+01 7.87292709e+01 7.57536316e+01
   vertex 3.09359436e+01 7.65415268e+01 7.56286926e+01
  endloop
 endfacet
 facet normal -7.77296841e-01 -6.17923200e-01 -1.18239559e-01
  outer loop
   vertex 6.67846146e+01 6.80013046e+01 2.52567863e+01
   vertex 6.25185242e+01 7.34717941e+01 2.52067471e+01
   vertex 6.29359131e+01 7.38793869e+01 2.01754093e+01
  endloop
 endfacet
 facet normal -8.16702366e-01 -5.65923810e-01 -1.12816401e-01
  outer loop
   vertex 7.07628860e+01 6.23256302e+01 2.53150597e+01
   vertex 6.72188568e+01 6.84009018e+01 2.02170525e+01
   vertex 7.12222748e+01 6.27173233e+01 2.02670364e+01
  endloop
 endfacet
 facet normal -8.33652020e-01 -5.38628280e-01 -1.22081190e-01
  outer loop
   vertex 7.40837173e+01 5.70627518e+01 2.53733997e+01
   vertex 7.07628860e+01 6.23256302e+01 2.53150597e+01
   vertex 7.12222748e+01 6.27173233e+01 2.02670364e+01
  endloop
 endfacet
 facet normal -4.85129029e-01 -4.70500231e-01 -7.37074852e-01
  outer loop
   vertex 3.10558701e+01 7.27279434e+01 7.79277496e+01
   vertex 3.09359436e+01 7.65415268e+01 7.56286926e+01
   vertex 3.30216064e+01 7.45719681e+01 7.55370483e+01
  endloop
 endfacet
 facet normal -7.87968695e-01 -6.05604708e-01 -1.11122869e-01
  outer loop
   vertex 6.67846146e+01 6.80013046e+01 2.52567863e+01
   vertex 6.29359131e+01 7.38793869e+01 2.01754093e+01
   vertex 6.72188568e+01 6.84009018e+01 2.02170525e+01
  endloop
 endfacet
 facet normal -8.06988358e-01 -5.78282475e-01 -1.19829543e-01
  outer loop
   vertex 7.07628860e+01 6.23256302e+01 2.53150597e+01
   vertex 6.67846146e+01 6.80013046e+01 2.52567863e+01
   vertex 6.72188568e+01 6.84009018e+01 2.02170525e+01
  endloop
 endfacet
 facet normal -8.25906396e-01 -2.38463119e-01 -5.10895252e-01
  outer loop
   vertex 7.84976654e+01 2.31013184e+01 5.72275734e+01
   vertex 7.70952148e+01 2.46170044e+01 5.87269135e+01
   vertex 7.96419525e+01 2.56717758e+01 5.40121422e+01
  endloop
 endfacet
 facet normal -5.88695884e-01 -2.50186324e-01 -7.68663764e-01
  outer loop
   vertex 5.63932648e+01 3.99586143e+01 7.45373535e+01
   vertex 5.41920242e+01 4.50421066e+01 7.46456757e+01
   vertex 5.66815872e+01 4.64957199e+01 7.21966553e+01
  endloop
 endfacet
 facet normal -8.20337236e-01 -2.48598099e-01 -5.15020192e-01
  outer loop
   vertex 7.70952148e+01 2.46170044e+01 5.87269135e+01
   vertex 7.54425888e+01 3.02270966e+01 5.86436043e+01
   vertex 7.96419525e+01 2.56717758e+01 5.40121422e+01
  endloop
 endfacet
 facet normal -6.09684885e-01 -6.89281881e-01 -3.91375542e-01
  outer loop
   vertex 4.20376434e+01 8.26689072e+01 5.80022583e+01
   vertex 3.97252502e+01 8.47342758e+01 5.79938736e+01
   vertex 4.12161713e+01 8.61196976e+01 5.30874748e+01
  endloop
 endfacet
 facet normal -6.02058709e-01 -2.49203354e-01 -7.58566439e-01
  outer loop
   vertex 5.63932648e+01 3.99586143e+01 7.45373535e+01
   vertex 5.66815872e+01 4.64957199e+01 7.21966553e+01
   vertex 5.89753952e+01 4.13556442e+01 7.21217041e+01
  endloop
 endfacet
 facet normal -6.41438246e-01 -2.18428537e-01 -7.35422313e-01
  outer loop
   vertex 6.55191803e+01 3.20778809e+01 6.93144836e+01
   vertex 6.09960251e+01 3.61190033e+01 7.20550842e+01
   vertex 6.36709671e+01 3.74510689e+01 6.93311615e+01
  endloop
 endfacet
 facet normal -6.43303812e-01 -6.99454308e-01 -3.11326057e-01
  outer loop
   vertex 4.65922852e+01 8.23609543e+01 5.07634201e+01
   vertex 4.41848984e+01 8.46078262e+01 5.07384148e+01
   vertex 4.49059448e+01 8.52708817e+01 4.76896439e+01
  endloop
 endfacet
 facet normal -7.95396745e-01 -4.26426470e-01 -4.30702299e-01
  outer loop
   vertex 6.94868393e+01 4.92301941e+01 5.52283058e+01
   vertex 6.86826096e+01 4.99235992e+01 5.60196419e+01
   vertex 6.82488480e+01 5.31315536e+01 5.35540161e+01
  endloop
 endfacet
 facet normal -9.30782676e-01 -3.53950202e-01 -9.14487839e-02
  outer loop
   vertex 8.52262421e+01 3.73550148e+01 1.47608662e+01
   vertex 8.69826202e+01 3.24466705e+01 1.62186279e+01
   vertex 8.65078430e+01 3.33460884e+01 1.76514130e+01
  endloop
 endfacet
 facet normal -9.24022317e-01 -3.78915876e-01 -5.10446653e-02
  outer loop
   vertex 8.61760101e+01 3.55395317e+01 1.19036217e+01
   vertex 8.37705841e+01 4.13107719e+01 1.18702946e+01
   vertex 8.64057159e+01 3.57352982e+01 5.95595217e+00
  endloop
 endfacet
 facet normal -9.18465436e-01 -3.93447965e-01 -4.02486436e-02
  outer loop
   vertex 8.37705841e+01 4.13107719e+01 1.18702946e+01
   vertex 8.39750519e+01 4.15228348e+01 5.93929386e+00
   vertex 8.64057159e+01 3.57352982e+01 5.95595217e+00
  endloop
 endfacet
 facet normal -8.99418950e-01 -3.71769458e-01 2.29854345e-01
  outer loop
   vertex 8.64057159e+01 3.57352982e+01 5.95595217e+00
   vertex 8.39750519e+01 4.15228348e+01 5.93929386e+00
   vertex 8.64372101e+01 3.58358803e+01 0.00000000e+00
  endloop
 endfacet
 facet normal -9.29943264e-01 -3.59530687e-01 -7.70923048e-02
  outer loop
   vertex 8.52262421e+01 3.73550148e+01 1.47608662e+01
   vertex 8.61760101e+01 3.55395317e+01 1.19036217e+01
   vertex 8.69826202e+01 3.24466705e+01 1.62186279e+01
  endloop
 endfacet
 facet normal -9.21832204e-01 -3.81674856e-01 -6.74515888e-02
  outer loop
   vertex 8.52262421e+01 3.73550148e+01 1.47608662e+01
   vertex 8.37705841e+01 4.13107719e+01 1.18702946e+01
   vertex 8.61760101e+01 3.55395317e+01 1.19036217e+01
  endloop
 endfacet
 facet normal -4.62842941e-01 -4.07903977e-02 -8.85501325e-01
  outer loop
   vertex 5.71214142e+01 1.11701355e+01 7.76195526e+01
   vertex 5.64835129e+01 1.64238281e+01 7.77694397e+01
   vertex 5.94608612e+01 1.76198654e+01 7.60868225e+01
  endloop
 endfacet
 facet normal -4.74929005e-01 -4.01635394e-02 -8.79107118e-01
  outer loop
   vertex 5.71214142e+01 1.11701355e+01 7.76195526e+01
   vertex 5.94608612e+01 1.76198654e+01 7.60868225e+01
   vertex 6.02001572e+01 1.22930145e+01 7.59701691e+01
  endloop
 endfacet
 facet normal -5.55672467e-01 -5.43751895e-01 -6.28937185e-01
  outer loop
   vertex 3.71192245e+01 7.41972122e+01 7.27380981e+01
   vertex 3.68237305e+01 7.80409164e+01 6.97310028e+01
   vertex 3.90296860e+01 7.58735580e+01 6.96810150e+01
  endloop
 endfacet
 facet normal -7.55786061e-01 -3.33302110e-01 -5.63646257e-01
  outer loop
   vertex 6.89058456e+01 4.00298653e+01 6.26171112e+01
   vertex 6.75565109e+01 4.59120865e+01 6.09177704e+01
   vertex 6.99378052e+01 4.05487518e+01 6.09760704e+01
  endloop
 endfacet
 facet normal -7.68504083e-01 -3.57209533e-01 -5.30851066e-01
  outer loop
   vertex 6.99378052e+01 4.05487518e+01 6.09760704e+01
   vertex 6.75565109e+01 4.59120865e+01 6.09177704e+01
   vertex 6.89094315e+01 4.66450653e+01 5.84103584e+01
  endloop
 endfacet
 facet normal -7.74138510e-01 -4.08442199e-01 -4.83616114e-01
  outer loop
   vertex 6.78703995e+01 5.06002121e+01 5.68027115e+01
   vertex 6.89094315e+01 4.66450653e+01 5.84103584e+01
   vertex 6.61965027e+01 5.19191208e+01 5.83437843e+01
  endloop
 endfacet
 facet normal -7.88926303e-01 -4.29951489e-01 -4.39018160e-01
  outer loop
   vertex 6.86826096e+01 4.99235992e+01 5.60196419e+01
   vertex 6.78703995e+01 5.06002121e+01 5.68027115e+01
   vertex 6.82488480e+01 5.31315536e+01 5.35540161e+01
  endloop
 endfacet
 facet normal -7.67188132e-01 -3.89799714e-01 -5.09390414e-01
  outer loop
   vertex 6.75565109e+01 4.59120865e+01 6.09177704e+01
   vertex 6.61965027e+01 5.19191208e+01 5.83437843e+01
   vertex 6.89094315e+01 4.66450653e+01 5.84103584e+01
  endloop
 endfacet
 facet normal -7.85861909e-01 -4.43171471e-01 -4.31300521e-01
  outer loop
   vertex 6.78703995e+01 5.06002121e+01 5.68027115e+01
   vertex 6.66243515e+01 5.44847946e+01 5.51533852e+01
   vertex 6.82488480e+01 5.31315536e+01 5.35540161e+01
  endloop
 endfacet
 facet normal -7.00734615e-01 -3.02084297e-01 -6.46309555e-01
  outer loop
   vertex 6.39681244e+01 4.07807999e+01 6.78066864e+01
   vertex 6.40825119e+01 4.40821075e+01 6.61990509e+01
   vertex 6.65352020e+01 4.20942802e+01 6.44330368e+01
  endloop
 endfacet
 facet normal -9.25115943e-01 -3.04702073e-01 2.26532936e-01
  outer loop
   vertex 9.04972229e+01 2.38880615e+01 5.98097134e+00
   vertex 8.85798645e+01 2.98515701e+01 5.97265053e+00
   vertex 8.86366119e+01 2.99359360e+01 0.00000000e+00
  endloop
 endfacet
 facet normal -9.40019011e-01 -3.38641912e-01 -4.10591438e-02
  outer loop
   vertex 8.83247681e+01 2.96802979e+01 1.19286442e+01
   vertex 8.64057159e+01 3.57352982e+01 5.95595217e+00
   vertex 8.85798645e+01 2.98515701e+01 5.97265053e+00
  endloop
 endfacet
 facet normal -9.54480529e-01 -2.77842194e-01 -1.08492464e-01
  outer loop
   vertex 9.05991821e+01 2.10489197e+01 1.63019276e+01
   vertex 8.94315186e+01 2.33935928e+01 2.06002655e+01
   vertex 8.89818573e+01 2.65596695e+01 1.62602711e+01
  endloop
 endfacet
 facet normal -6.24855936e-01 -6.99563146e-01 -3.46650362e-01
  outer loop
   vertex 4.35623550e+01 8.40298843e+01 5.31041107e+01
   vertex 4.12161713e+01 8.61196976e+01 5.30874748e+01
   vertex 4.41848984e+01 8.46078262e+01 5.07384148e+01
  endloop
 endfacet
 facet normal -9.58836794e-01 -2.57561088e-01 -1.19558752e-01
  outer loop
   vertex 9.05991821e+01 2.10489197e+01 1.63019276e+01
   vertex 9.07910004e+01 1.83197250e+01 2.06418705e+01
   vertex 8.94315186e+01 2.33935928e+01 2.06002655e+01
  endloop
 endfacet
 facet normal -9.57007825e-01 -2.77847826e-01 -8.32861364e-02
  outer loop
   vertex 9.05991821e+01 2.10489197e+01 1.63019276e+01
   vertex 8.94072113e+01 2.56260681e+01 1.48274775e+01
   vertex 9.02166443e+01 2.37413254e+01 1.19619770e+01
  endloop
 endfacet
 facet normal -4.55620617e-01 -2.09371507e-01 -8.65201354e-01
  outer loop
   vertex 4.43737564e+01 4.52534866e+01 8.04600677e+01
   vertex 4.39396820e+01 5.21106644e+01 7.90522766e+01
   vertex 4.68516159e+01 4.68819351e+01 7.88357391e+01
  endloop
 endfacet
 facet normal -7.98192739e-01 -5.41759849e-01 -2.63409644e-01
  outer loop
   vertex 6.76320724e+01 5.99603806e+01 4.50989685e+01
   vertex 6.37965240e+01 6.55720139e+01 4.50073013e+01
   vertex 6.82899170e+01 6.04306412e+01 4.20668335e+01
  endloop
 endfacet
 facet normal -7.91155994e-01 -5.57979465e-01 -2.50461727e-01
  outer loop
   vertex 6.82899170e+01 6.04306412e+01 4.20668335e+01
   vertex 6.37965240e+01 6.55720139e+01 4.50073013e+01
   vertex 6.44208145e+01 6.60583420e+01 4.19835510e+01
  endloop
 endfacet
 facet normal -5.01024723e-01 -1.19665474e-01 -8.57119858e-01
  outer loop
   vertex 5.43839722e+01 2.68663483e+01 7.81026154e+01
   vertex 5.56304016e+01 3.34043922e+01 7.64867096e+01
   vertex 5.71840210e+01 2.81924362e+01 7.63450012e+01
  endloop
 endfacet
 facet normal -6.80710018e-01 -2.65542030e-01 -6.82730794e-01
  outer loop
   vertex 6.39681244e+01 4.07807999e+01 6.78066864e+01
   vertex 6.63214035e+01 3.87577896e+01 6.62073746e+01
   vertex 6.36709671e+01 3.74510689e+01 6.93311615e+01
  endloop
 endfacet
 facet normal -6.56204939e-01 -7.39202321e-01 -1.51575103e-01
  outer loop
   vertex 4.74667511e+01 8.78257370e+01 3.16626053e+01
   vertex 4.54535446e+01 9.03882217e+01 2.78890190e+01
   vertex 4.78670959e+01 8.82579269e+01 2.79057293e+01
  endloop
 endfacet
 facet normal -6.11760974e-01 -7.61333168e-01 -2.14756474e-01
  outer loop
   vertex 4.08623810e+01 9.08704605e+01 4.16502533e+01
   vertex 3.90610504e+01 9.32369308e+01 3.83933067e+01
   vertex 4.13609695e+01 9.13962326e+01 3.84099426e+01
  endloop
 endfacet
 facet normal -8.11626732e-01 -5.56959212e-01 -1.76234230e-01
  outer loop
   vertex 6.94401321e+01 6.13098984e+01 3.54443893e+01
   vertex 6.60132828e+01 6.73540115e+01 3.18958511e+01
   vertex 6.99497375e+01 6.16940842e+01 3.19708157e+01
  endloop
 endfacet
 facet normal -5.56318104e-01 -5.94414651e-01 -5.80673218e-01
  outer loop
   vertex 3.68237305e+01 7.80409164e+01 6.97310028e+01
   vertex 3.46455536e+01 8.00588303e+01 6.97809296e+01
   vertex 3.64150314e+01 8.16992416e+01 6.62906494e+01
  endloop
 endfacet
 facet normal -6.07904017e-01 -7.68599451e-01 -1.99267656e-01
  outer loop
   vertex 4.13609695e+01 9.13962326e+01 3.84099426e+01
   vertex 3.90610504e+01 9.32369308e+01 3.83933067e+01
   vertex 3.95102463e+01 9.37283707e+01 3.50612679e+01
  endloop
 endfacet
 facet normal -8.03567410e-01 -5.72576642e-01 -1.62589654e-01
  outer loop
   vertex 6.99497375e+01 6.16940842e+01 3.19708157e+01
   vertex 6.60132828e+01 6.73540115e+01 3.18958511e+01
   vertex 6.64812088e+01 6.77375107e+01 2.81222572e+01
  endloop
 endfacet
 facet normal -7.73666739e-01 -6.12911344e-01 -1.60559982e-01
  outer loop
   vertex 6.60132828e+01 6.73540115e+01 3.18958511e+01
   vertex 6.17807922e+01 7.28084793e+01 3.18291798e+01
   vertex 6.22317276e+01 7.32082443e+01 2.80556831e+01
  endloop
 endfacet
 facet normal -5.55556417e-01 -6.18256450e-01 -5.55981994e-01
  outer loop
   vertex 3.46455536e+01 8.00588303e+01 6.97809296e+01
   vertex 3.38156509e+01 8.39677200e+01 6.63323212e+01
   vertex 3.64150314e+01 8.16992416e+01 6.62906494e+01
  endloop
 endfacet
 facet normal -7.18528509e-01 -6.21764302e-01 -3.11650395e-01
  outer loop
   vertex 5.89501114e+01 7.04319534e+01 4.79145584e+01
   vertex 5.37428513e+01 7.49771500e+01 5.08717232e+01
   vertex 5.45309296e+01 7.56164322e+01 4.78228874e+01
  endloop
 endfacet
 facet normal -7.02060580e-01 -6.41235888e-01 -3.09721589e-01
  outer loop
   vertex 5.37428513e+01 7.49771500e+01 5.08717232e+01
   vertex 5.18363647e+01 7.85329971e+01 4.77812424e+01
   vertex 5.45309296e+01 7.56164322e+01 4.78228874e+01
  endloop
 endfacet
 facet normal -6.76878154e-01 -3.05387825e-01 -6.69756830e-01
  outer loop
   vertex 6.16471939e+01 4.60369644e+01 6.78150787e+01
   vertex 6.40825119e+01 4.40821075e+01 6.61990509e+01
   vertex 6.15494614e+01 4.27359734e+01 6.93644714e+01
  endloop
 endfacet
 facet normal -6.80516303e-01 -6.60167873e-01 -3.17924380e-01
  outer loop
   vertex 5.10652237e+01 7.78772202e+01 5.08217049e+01
   vertex 4.90865555e+01 7.99155350e+01 5.07966805e+01
   vertex 5.18363647e+01 7.85329971e+01 4.77812424e+01
  endloop
 endfacet
 facet normal -7.32749224e-01 -6.15733504e-01 -2.89742619e-01
  outer loop
   vertex 5.89501114e+01 7.04319534e+01 4.79145584e+01
   vertex 5.45309296e+01 7.56164322e+01 4.78228874e+01
   vertex 5.96397705e+01 7.09861832e+01 4.49240723e+01
  endloop
 endfacet
 facet normal -6.92716122e-01 -6.46273434e-01 -3.20117265e-01
  outer loop
   vertex 5.37428513e+01 7.49771500e+01 5.08717232e+01
   vertex 5.10652237e+01 7.78772202e+01 5.08217049e+01
   vertex 5.18363647e+01 7.85329971e+01 4.77812424e+01
  endloop
 endfacet
 facet normal -4.07394379e-01 -4.44415241e-01 -7.97825158e-01
  outer loop
   vertex 2.27224960e+01 7.64658432e+01 8.04767151e+01
   vertex 2.00761566e+01 7.85667953e+01 8.06600342e+01
   vertex 2.46265411e+01 7.84920425e+01 7.83109436e+01
  endloop
 endfacet
 facet normal -7.51822412e-01 -6.58266366e-01 -3.80584300e-02
  outer loop
   vertex 6.34629135e+01 7.46722031e+01 5.85602236e+00
   vertex 5.87885513e+01 7.96853409e+01 1.16870642e+01
   vertex 5.88919754e+01 7.99538345e+01 5.84770632e+00
  endloop
 endfacet
 facet normal -5.58276713e-01 -2.26074696e-01 -7.98258960e-01
  outer loop
   vertex 5.63932648e+01 3.99586143e+01 7.45373535e+01
   vertex 5.16948090e+01 4.35633087e+01 7.67865143e+01
   vertex 5.41920242e+01 4.50421066e+01 7.46456757e+01
  endloop
 endfacet
 facet normal -7.97457278e-01 -3.99354339e-01 -4.52302963e-01
  outer loop
   vertex 6.94868393e+01 4.92301941e+01 5.52283058e+01
   vertex 7.10620880e+01 4.78343506e+01 5.36372986e+01
   vertex 6.89094315e+01 4.66450653e+01 5.84103584e+01
  endloop
 endfacet
 facet normal -7.61807740e-01 -6.05173171e-01 2.31115624e-01
  outer loop
   vertex 6.77796021e+01 6.91692734e+01 5.87271929e+00
   vertex 6.34629135e+01 7.46722031e+01 5.85602236e+00
   vertex 6.34438248e+01 7.48051834e+01 2.84217094e-14
  endloop
 endfacet
 facet normal -7.60911286e-01 -6.47191823e-01 -4.64403108e-02
  outer loop
   vertex 6.33593979e+01 7.44119644e+01 1.17120295e+01
   vertex 5.87885513e+01 7.96853409e+01 1.16870642e+01
   vertex 6.34629135e+01 7.46722031e+01 5.85602236e+00
  endloop
 endfacet
 facet normal -7.11950719e-01 -5.72172046e-01 -4.07118320e-01
  outer loop
   vertex 5.54394608e+01 7.06009293e+01 5.49117508e+01
   vertex 5.73967667e+01 6.92704544e+01 5.32957191e+01
   vertex 5.56291733e+01 6.79799576e+01 5.81438332e+01
  endloop
 endfacet
 facet normal -7.03482091e-01 -5.76420784e-01 -4.15754735e-01
  outer loop
   vertex 5.54394608e+01 7.06009293e+01 5.49117508e+01
   vertex 5.56291733e+01 6.79799576e+01 5.81438332e+01
   vertex 5.44361038e+01 7.12489700e+01 5.57114601e+01
  endloop
 endfacet
 facet normal -6.98634923e-01 -5.02461791e-01 -5.09353876e-01
  outer loop
   vertex 5.75433350e+01 6.12832413e+01 6.24505119e+01
   vertex 5.45106812e+01 6.71846085e+01 6.07095375e+01
   vertex 5.84077377e+01 6.18489914e+01 6.07594452e+01
  endloop
 endfacet
 facet normal -7.44076371e-01 -5.53658605e-01 -3.73915136e-01
  outer loop
   vertex 6.14445419e+01 6.38875961e+01 5.33790321e+01
   vertex 5.73967667e+01 6.92704544e+01 5.32957191e+01
   vertex 6.22096863e+01 6.44182053e+01 5.10383224e+01
  endloop
 endfacet
 facet normal -6.55447245e-01 -3.44486028e-01 -6.72099948e-01
  outer loop
   vertex 5.90618896e+01 5.11716995e+01 6.78234100e+01
   vertex 5.91465912e+01 4.79156723e+01 6.93894501e+01
   vertex 5.64712067e+01 5.29654617e+01 6.94226990e+01
  endloop
 endfacet
 facet normal -8.41934741e-01 -2.29220361e-01 -4.88471031e-01
  outer loop
   vertex 7.98423767e+01 2.15597229e+01 5.56864357e+01
   vertex 7.91781311e+01 2.23390656e+01 5.64611282e+01
   vertex 7.96419525e+01 2.56717758e+01 5.40121422e+01
  endloop
 endfacet
 facet normal -8.35008562e-01 -2.34357357e-01 -4.97832596e-01
  outer loop
   vertex 7.91781311e+01 2.23390656e+01 5.64611282e+01
   vertex 7.84976654e+01 2.31013184e+01 5.72275734e+01
   vertex 7.96419525e+01 2.56717758e+01 5.40121422e+01
  endloop
 endfacet
 facet normal -7.53857136e-01 -5.13620436e-01 -4.09748077e-01
  outer loop
   vertex 6.33609238e+01 5.97986069e+01 5.50700684e+01
   vertex 6.24395065e+01 6.05232162e+01 5.58614159e+01
   vertex 6.14445419e+01 6.38875961e+01 5.33790321e+01
  endloop
 endfacet
 facet normal -4.52909499e-01 -1.74941793e-02 -8.91384840e-01
  outer loop
   vertex 5.74615784e+01 6.70229340e+00 7.75029297e+01
   vertex 5.71214142e+01 1.11701355e+01 7.76195526e+01
   vertex 6.02001572e+01 1.22930145e+01 7.59701691e+01
  endloop
 endfacet
 facet normal -5.08755267e-01 -5.43781705e-02 -8.59192133e-01
  outer loop
   vertex 6.02001572e+01 1.22930145e+01 7.59701691e+01
   vertex 5.94608612e+01 1.76198654e+01 7.60868225e+01
   vertex 6.32623215e+01 1.34073029e+01 7.40625916e+01
  endloop
 endfacet
 facet normal -7.00311065e-01 -5.28514326e-01 -4.79830265e-01
  outer loop
   vertex 5.84077377e+01 6.18489914e+01 6.07594452e+01
   vertex 5.45106812e+01 6.71846085e+01 6.07095375e+01
   vertex 5.56291733e+01 6.79799576e+01 5.81438332e+01
  endloop
 endfacet
 facet normal -5.85850775e-01 -7.87185729e-01 -1.92659035e-01
  outer loop
   vertex 3.95102463e+01 9.37283707e+01 3.50612679e+01
   vertex 3.59349442e+01 9.56040268e+01 3.83766251e+01
   vertex 3.63755188e+01 9.61119461e+01 3.50362587e+01
  endloop
 endfacet
 facet normal -9.15594816e-01 -2.16507554e-01 -3.38837177e-01
  outer loop
   vertex 8.45600891e+01 1.59892120e+01 4.88474655e+01
   vertex 8.44373779e+01 2.13191223e+01 4.57487183e+01
   vertex 8.56108856e+01 1.63917389e+01 4.58403587e+01
  endloop
 endfacet
 facet normal -5.93132734e-01 -7.79976666e-01 -1.99574530e-01
  outer loop
   vertex 3.90610504e+01 9.32369308e+01 3.83933067e+01
   vertex 3.59349442e+01 9.56040268e+01 3.83766251e+01
   vertex 3.95102463e+01 9.37283707e+01 3.50612679e+01
  endloop
 endfacet
 facet normal -9.25518334e-01 -2.21302077e-01 -3.07312936e-01
  outer loop
   vertex 8.56108856e+01 1.63917389e+01 4.58403587e+01
   vertex 8.44373779e+01 2.13191223e+01 4.57487183e+01
   vertex 8.65125732e+01 1.67415466e+01 4.27749138e+01
  endloop
 endfacet
 facet normal -9.07831669e-01 -2.25662470e-01 -3.53437603e-01
  outer loop
   vertex 8.45600891e+01 1.59892120e+01 4.88474655e+01
   vertex 8.34204712e+01 2.08922577e+01 4.87558861e+01
   vertex 8.44373779e+01 2.13191223e+01 4.57487183e+01
  endloop
 endfacet
 facet normal -9.57991421e-01 -2.50163555e-01 -1.40252069e-01
  outer loop
   vertex 9.00708313e+01 1.80649490e+01 2.57731934e+01
   vertex 8.94315186e+01 2.33935928e+01 2.06002655e+01
   vertex 9.07910004e+01 1.83197250e+01 2.06418705e+01
  endloop
 endfacet
 facet normal -9.56988513e-01 3.21702883e-02 -2.88336694e-01
  outer loop
   vertex 8.56108856e+01 1.63917389e+01 4.58403587e+01
   vertex 8.65125732e+01 1.67415466e+01 4.27749138e+01
   vertex 8.70687256e+01 1.16381989e+01 4.44075890e+01
  endloop
 endfacet
 facet normal -9.27398086e-01 -2.35465452e-01 -2.90669531e-01
  outer loop
   vertex 8.65125732e+01 1.67415466e+01 4.27749138e+01
   vertex 8.44373779e+01 2.13191223e+01 4.57487183e+01
   vertex 8.53138428e+01 2.16851044e+01 4.26916008e+01
  endloop
 endfacet
 facet normal -9.33894873e-01 -2.39572898e-01 -2.65415162e-01
  outer loop
   vertex 8.65125732e+01 1.67415466e+01 4.27749138e+01
   vertex 8.53138428e+01 2.16851044e+01 4.26916008e+01
   vertex 8.61239014e+01 2.20332336e+01 3.93928680e+01
  endloop
 endfacet
 facet normal -9.38980460e-01 -2.29401559e-01 -2.56301701e-01
  outer loop
   vertex 8.65125732e+01 1.67415466e+01 4.27749138e+01
   vertex 8.61239014e+01 2.20332336e+01 3.93928680e+01
   vertex 8.73564606e+01 1.70652847e+01 3.94761543e+01
  endloop
 endfacet
 facet normal -9.68462348e-01 2.71716267e-02 -2.47674018e-01
  outer loop
   vertex 8.65125732e+01 1.67415466e+01 4.27749138e+01
   vertex 8.73564606e+01 1.70652847e+01 3.94761543e+01
   vertex 8.83954010e+01 1.20418854e+01 3.95594673e+01
  endloop
 endfacet
 facet normal -9.13091242e-01 -3.18130314e-01 -2.55063593e-01
  outer loop
   vertex 8.36665344e+01 2.74619064e+01 4.25916634e+01
   vertex 8.17535553e+01 3.31838303e+01 4.24999924e+01
   vertex 8.25044708e+01 3.35725288e+01 3.92096329e+01
  endloop
 endfacet
 facet normal -9.08088386e-01 -2.97247767e-01 -2.94990301e-01
  outer loop
   vertex 8.28238525e+01 2.70715714e+01 4.56487617e+01
   vertex 8.09528503e+01 3.27776260e+01 4.55488281e+01
   vertex 8.36665344e+01 2.74619064e+01 4.25916634e+01
  endloop
 endfacet
 facet normal -7.03432620e-01 -2.63439506e-01 -6.60138011e-01
  outer loop
   vertex 6.60073776e+01 3.54360390e+01 6.77984009e+01
   vertex 6.63214035e+01 3.87577896e+01 6.62073746e+01
   vertex 6.86834641e+01 3.67099266e+01 6.44663925e+01
  endloop
 endfacet
 facet normal -7.84151733e-01 -4.68005389e-01 -4.07525450e-01
  outer loop
   vertex 6.66243515e+01 5.44847946e+01 5.51533852e+01
   vertex 6.51712646e+01 5.83072586e+01 5.34706993e+01
   vertex 6.82488480e+01 5.31315536e+01 5.35540161e+01
  endloop
 endfacet
 facet normal -5.34763813e-01 -1.38585180e-01 -8.33559752e-01
  outer loop
   vertex 5.71840210e+01 2.81924362e+01 7.63450012e+01
   vertex 5.56304016e+01 3.34043922e+01 7.64867096e+01
   vertex 5.99593735e+01 2.95014038e+01 7.43208466e+01
  endloop
 endfacet
 facet normal -4.86686647e-01 -1.19300529e-01 -8.65392089e-01
  outer loop
   vertex 5.43839722e+01 2.68663483e+01 7.81026154e+01
   vertex 5.29316711e+01 3.20051804e+01 7.82775879e+01
   vertex 5.56304016e+01 3.34043922e+01 7.64867096e+01
  endloop
 endfacet
 facet normal -4.93555665e-01 -2.99132228e-01 -8.16653371e-01
  outer loop
   vertex 4.63005066e+01 5.37620010e+01 7.71196747e+01
   vertex 4.06731644e+01 5.71329575e+01 7.92689056e+01
   vertex 4.29412613e+01 5.88491287e+01 7.72946625e+01
  endloop
 endfacet
 facet normal -4.71316248e-01 -3.07883978e-01 -8.26479554e-01
  outer loop
   vertex 4.06731644e+01 5.71329575e+01 7.92689056e+01
   vertex 3.70776520e+01 6.19325333e+01 7.95021515e+01
   vertex 4.29412613e+01 5.88491287e+01 7.72946625e+01
  endloop
 endfacet
 facet normal -5.06006956e-01 -1.48276061e-01 -8.49688828e-01
  outer loop
   vertex 5.29316711e+01 3.20051804e+01 7.82775879e+01
   vertex 5.38033752e+01 3.85364037e+01 7.66282654e+01
   vertex 5.56304016e+01 3.34043922e+01 7.64867096e+01
  endloop
 endfacet
 facet normal -6.18337333e-01 -6.89818084e-01 -3.76576662e-01
  outer loop
   vertex 4.20376434e+01 8.26689072e+01 5.80022583e+01
   vertex 4.12161713e+01 8.61196976e+01 5.30874748e+01
   vertex 4.35623550e+01 8.40298843e+01 5.31041107e+01
  endloop
 endfacet
 facet normal -4.39900488e-01 -2.77769744e-01 -8.54009092e-01
  outer loop
   vertex 3.83731537e+01 5.53494949e+01 8.09682465e+01
   vertex 3.70776520e+01 6.19325333e+01 7.95021515e+01
   vertex 4.06731644e+01 5.71329575e+01 7.92689056e+01
  endloop
 endfacet
 facet normal -6.25839651e-01 -6.72455251e-01 -3.95131171e-01
  outer loop
   vertex 4.43862381e+01 8.04457779e+01 5.80104904e+01
   vertex 4.20376434e+01 8.26689072e+01 5.80022583e+01
   vertex 4.35623550e+01 8.40298843e+01 5.31041107e+01
  endloop
 endfacet
 facet normal -4.21907336e-01 -2.71993190e-01 -8.64877999e-01
  outer loop
   vertex 3.83731537e+01 5.53494949e+01 8.09682465e+01
   vertex 3.48539047e+01 6.00754471e+01 8.12347565e+01
   vertex 3.70776520e+01 6.19325333e+01 7.95021515e+01
  endloop
 endfacet
 facet normal -4.29654449e-01 -2.41529614e-01 -8.70092213e-01
  outer loop
   vertex 4.15548706e+01 5.04005737e+01 8.07099609e+01
   vertex 3.83731537e+01 5.53494949e+01 8.09682465e+01
   vertex 4.06731644e+01 5.71329575e+01 7.92689056e+01
  endloop
 endfacet
 facet normal -4.32656169e-01 -3.03737432e-01 -8.48853469e-01
  outer loop
   vertex 3.48539047e+01 6.00754471e+01 8.12347565e+01
   vertex 3.48539047e+01 6.46160812e+01 7.96437531e+01
   vertex 3.70776520e+01 6.19325333e+01 7.95021515e+01
  endloop
 endfacet
 facet normal -8.38618040e-01 -4.54594702e-01 -3.00105780e-01
  outer loop
   vertex 7.29169388e+01 4.89098206e+01 4.82643814e+01
   vertex 7.08184586e+01 5.47533340e+01 4.51906052e+01
   vertex 7.37407990e+01 4.94165573e+01 4.52739182e+01
  endloop
 endfacet
 facet normal -8.47618639e-01 -4.24630970e-01 -3.18168461e-01
  outer loop
   vertex 7.55412292e+01 4.34675598e+01 4.83560486e+01
   vertex 7.29169388e+01 4.89098206e+01 4.82643814e+01
   vertex 7.37407990e+01 4.94165573e+01 4.52739182e+01
  endloop
 endfacet
 facet normal -6.84364438e-01 -7.11818814e-01 -1.57985225e-01
  outer loop
   vertex 5.24865189e+01 8.30605698e+01 3.17125359e+01
   vertex 4.99330750e+01 8.55464706e+01 3.16792507e+01
   vertex 5.03418732e+01 8.59705276e+01 2.79223557e+01
  endloop
 endfacet
 facet normal -5.75825095e-01 -6.29385054e-01 -5.21823704e-01
  outer loop
   vertex 3.86353302e+01 7.96571579e+01 6.62656860e+01
   vertex 3.64150314e+01 8.16992416e+01 6.62906494e+01
   vertex 3.81192551e+01 8.32635117e+01 6.23754730e+01
  endloop
 endfacet
 facet normal -8.13422620e-01 -5.60065866e-01 -1.57066584e-01
  outer loop
   vertex 6.99497375e+01 6.16940842e+01 3.19708157e+01
   vertex 6.64812088e+01 6.77375107e+01 2.81222572e+01
   vertex 7.04426575e+01 6.20698624e+01 2.81806126e+01
  endloop
 endfacet
 facet normal -6.75190270e-01 -7.24548757e-01 -1.38373464e-01
  outer loop
   vertex 5.03418732e+01 8.59705276e+01 2.79223557e+01
   vertex 4.78670959e+01 8.82579269e+01 2.79057293e+01
   vertex 5.06116562e+01 8.62504501e+01 2.50818024e+01
  endloop
 endfacet
 facet normal -6.67101383e-01 -7.28004456e-01 -1.58067301e-01
  outer loop
   vertex 4.99330750e+01 8.55464706e+01 3.16792507e+01
   vertex 4.74667511e+01 8.78257370e+01 3.16626053e+01
   vertex 4.78670959e+01 8.82579269e+01 2.79057293e+01
  endloop
 endfacet
 facet normal -8.14627886e-01 -5.62044382e-01 -1.43134683e-01
  outer loop
   vertex 7.04426575e+01 6.20698624e+01 2.81806126e+01
   vertex 6.64812088e+01 6.77375107e+01 2.81222572e+01
   vertex 7.07628860e+01 6.23256302e+01 2.53150597e+01
  endloop
 endfacet
 facet normal -7.84590602e-01 -6.00463510e-01 -1.54470772e-01
  outer loop
   vertex 6.60132828e+01 6.73540115e+01 3.18958511e+01
   vertex 6.22317276e+01 7.32082443e+01 2.80556831e+01
   vertex 6.64812088e+01 6.77375107e+01 2.81222572e+01
  endloop
 endfacet
 facet normal -7.85781264e-01 -6.02293789e-01 -1.40676826e-01
  outer loop
   vertex 6.64812088e+01 6.77375107e+01 2.81222572e+01
   vertex 6.22317276e+01 7.32082443e+01 2.80556831e+01
   vertex 6.67846146e+01 6.80013046e+01 2.52567863e+01
  endloop
 endfacet
 facet normal -5.19604385e-01 -6.41240001e-01 -5.64643741e-01
  outer loop
   vertex 3.00066605e+01 8.40477982e+01 6.98975983e+01
   vertex 2.71577454e+01 8.62950363e+01 6.99725494e+01
   vertex 3.16837692e+01 8.57281723e+01 6.63656158e+01
  endloop
 endfacet
 facet normal -4.98632014e-01 -6.22949541e-01 -6.02743745e-01
  outer loop
   vertex 2.54744339e+01 8.44979019e+01 7.31463470e+01
   vertex 2.71577454e+01 8.62950363e+01 6.99725494e+01
   vertex 3.00066605e+01 8.40477982e+01 6.98975983e+01
  endloop
 endfacet
 facet normal -7.81362057e-01 -6.23065054e-01 -3.55422087e-02
  outer loop
   vertex 6.77796021e+01 6.91692734e+01 5.87271929e+00
   vertex 6.33593979e+01 7.44119644e+01 1.17120295e+01
   vertex 6.34629135e+01 7.46722031e+01 5.85602236e+00
  endloop
 endfacet
 facet normal -6.78119600e-01 -7.27129221e-01 -1.06943093e-01
  outer loop
   vertex 5.06116562e+01 8.62504501e+01 2.50818024e+01
   vertex 4.85121002e+01 8.89779892e+01 2.00587997e+01
   vertex 5.09869843e+01 8.66822128e+01 2.00754662e+01
  endloop
 endfacet
 facet normal -7.96582758e-01 -5.57993412e-01 2.32592493e-01
  outer loop
   vertex 7.18167267e+01 6.34697189e+01 5.88930893e+00
   vertex 6.77796021e+01 6.91692734e+01 5.87271929e+00
   vertex 7.17891617e+01 6.36025620e+01 2.84217094e-14
  endloop
 endfacet
 facet normal -8.10522974e-01 -5.84689140e-01 -3.45130451e-02
  outer loop
   vertex 7.18167267e+01 6.34697189e+01 5.88930893e+00
   vertex 6.76676178e+01 6.89173355e+01 1.17370358e+01
   vertex 6.77796021e+01 6.91692734e+01 5.87271929e+00
  endloop
 endfacet
 facet normal -6.89165294e-01 -3.69316816e-01 -6.23423040e-01
  outer loop
   vertex 5.90618896e+01 5.11716995e+01 6.78234100e+01
   vertex 6.14192047e+01 5.25563126e+01 6.43747635e+01
   vertex 6.15790863e+01 4.92933426e+01 6.61907272e+01
  endloop
 endfacet
 facet normal -7.24654794e-01 -5.56336045e-01 -4.06651735e-01
  outer loop
   vertex 6.14445419e+01 6.38875961e+01 5.33790321e+01
   vertex 5.56291733e+01 6.79799576e+01 5.81438332e+01
   vertex 5.73967667e+01 6.92704544e+01 5.32957191e+01
  endloop
 endfacet
 facet normal -6.50226533e-01 -6.97146177e-01 -3.01981181e-01
  outer loop
   vertex 4.65922852e+01 8.23609543e+01 5.07634201e+01
   vertex 4.49059448e+01 8.52708817e+01 4.76896439e+01
   vertex 4.73298950e+01 8.30242691e+01 4.77229576e+01
  endloop
 endfacet
 facet normal -6.70922756e-01 -3.44384015e-01 -6.56705678e-01
  outer loop
   vertex 5.90618896e+01 5.11716995e+01 6.78234100e+01
   vertex 6.15790863e+01 4.92933426e+01 6.61907272e+01
   vertex 5.91465912e+01 4.79156723e+01 6.93894501e+01
  endloop
 endfacet
 facet normal -7.25441575e-01 -5.35181761e-01 -4.32799041e-01
  outer loop
   vertex 5.95848312e+01 6.26287155e+01 5.82021179e+01
   vertex 5.56291733e+01 6.79799576e+01 5.81438332e+01
   vertex 6.14445419e+01 6.38875961e+01 5.33790321e+01
  endloop
 endfacet
 facet normal -7.52199769e-01 -4.90752429e-01 -4.39724386e-01
  outer loop
   vertex 6.33609238e+01 5.97986069e+01 5.50700684e+01
   vertex 6.32110138e+01 5.70714951e+01 5.82771416e+01
   vertex 6.24395065e+01 6.05232162e+01 5.58614159e+01
  endloop
 endfacet
 facet normal -7.91131973e-01 -6.10033870e-01 -4.43713851e-02
  outer loop
   vertex 6.76676178e+01 6.89173355e+01 1.17370358e+01
   vertex 6.33593979e+01 7.44119644e+01 1.17120295e+01
   vertex 6.77796021e+01 6.91692734e+01 5.87271929e+00
  endloop
 endfacet
 facet normal -8.50572705e-01 -2.26918623e-01 -4.74377513e-01
  outer loop
   vertex 7.98423767e+01 2.15597229e+01 5.56864357e+01
   vertex 7.96419525e+01 2.56717758e+01 5.40121422e+01
   vertex 8.11293030e+01 1.99836884e+01 5.41120644e+01
  endloop
 endfacet
 facet normal -8.04811478e-01 -3.86786342e-01 -4.50194210e-01
  outer loop
   vertex 7.36026764e+01 4.24155540e+01 5.37205772e+01
   vertex 6.89094315e+01 4.66450653e+01 5.84103584e+01
   vertex 7.10620880e+01 4.78343506e+01 5.36372986e+01
  endloop
 endfacet
 facet normal -7.96893716e-01 -3.67239922e-01 -4.79682446e-01
  outer loop
   vertex 7.13577728e+01 4.12580299e+01 5.84853859e+01
   vertex 6.89094315e+01 4.66450653e+01 5.84103584e+01
   vertex 7.36026764e+01 4.24155540e+01 5.37205772e+01
  endloop
 endfacet
 facet normal -5.39970458e-01 -2.37456024e-01 -8.07493985e-01
  outer loop
   vertex 5.16948090e+01 4.35633087e+01 7.67865143e+01
   vertex 4.92970123e+01 4.84680710e+01 7.69364624e+01
   vertex 5.41920242e+01 4.50421066e+01 7.46456757e+01
  endloop
 endfacet
 facet normal -5.31207085e-01 -7.02353939e-02 -8.44325781e-01
  outer loop
   vertex 6.32623215e+01 1.34073029e+01 7.40625916e+01
   vertex 5.94608612e+01 1.76198654e+01 7.60868225e+01
   vertex 6.24302216e+01 1.87991409e+01 7.41458893e+01
  endloop
 endfacet
 facet normal -9.07730758e-01 -3.13604802e-01 -2.78705806e-01
  outer loop
   vertex 8.36665344e+01 2.74619064e+01 4.25916634e+01
   vertex 8.09528503e+01 3.27776260e+01 4.55488281e+01
   vertex 8.17535553e+01 3.31838303e+01 4.24999924e+01
  endloop
 endfacet
 facet normal -8.95530045e-01 -3.38632852e-01 -2.88710535e-01
  outer loop
   vertex 8.09528503e+01 3.27776260e+01 4.55488281e+01
   vertex 7.88165894e+01 3.84121704e+01 4.54487877e+01
   vertex 8.17535553e+01 3.31838303e+01 4.24999924e+01
  endloop
 endfacet
 facet normal -8.99339318e-01 -3.59001458e-01 -2.49613136e-01
  outer loop
   vertex 8.17535553e+01 3.31838303e+01 4.24999924e+01
   vertex 7.95836945e+01 3.88344269e+01 4.24083214e+01
   vertex 8.03011169e+01 3.92391701e+01 3.91263390e+01
  endloop
 endfacet
 facet normal -5.20164192e-01 -4.28191498e-02 -8.52992237e-01
  outer loop
   vertex 6.37632599e+01 8.80916595e+00 7.40043182e+01
   vertex 6.02001572e+01 1.22930145e+01 7.59701691e+01
   vertex 6.32623215e+01 1.34073029e+01 7.40625916e+01
  endloop
 endfacet
 facet normal -8.57061803e-01 -4.14465129e-01 -3.06045294e-01
  outer loop
   vertex 7.55412292e+01 4.34675598e+01 4.83560486e+01
   vertex 7.37407990e+01 4.94165573e+01 4.52739182e+01
   vertex 7.64070587e+01 4.39583435e+01 4.53572044e+01
  endloop
 endfacet
 facet normal -8.04120183e-01 -3.55738074e-01 -4.76278454e-01
  outer loop
   vertex 7.29167023e+01 3.98452034e+01 5.69609184e+01
   vertex 7.13577728e+01 4.12580299e+01 5.84853859e+01
   vertex 7.36026764e+01 4.24155540e+01 5.37205772e+01
  endloop
 endfacet
 facet normal -8.80662739e-01 -3.79805654e-01 -2.83162236e-01
  outer loop
   vertex 7.88165894e+01 3.84121704e+01 4.54487877e+01
   vertex 7.64070587e+01 4.39583435e+01 4.53572044e+01
   vertex 7.95836945e+01 3.88344269e+01 4.24083214e+01
  endloop
 endfacet
 facet normal -8.68248045e-01 -3.87757808e-01 -3.09498280e-01
  outer loop
   vertex 7.88165894e+01 3.84121704e+01 4.54487877e+01
   vertex 7.55412292e+01 4.34675598e+01 4.83560486e+01
   vertex 7.64070587e+01 4.39583435e+01 4.53572044e+01
  endloop
 endfacet
 facet normal -6.91898346e-01 -5.61630070e-01 -4.53705162e-01
  outer loop
   vertex 5.34245987e+01 7.18886185e+01 5.65027924e+01
   vertex 5.56291733e+01 6.79799576e+01 5.81438332e+01
   vertex 5.45106812e+01 6.71846085e+01 6.07095375e+01
  endloop
 endfacet
 facet normal -3.99288088e-01 -2.02516451e-01 -8.94178987e-01
  outer loop
   vertex 3.93266068e+01 4.87934036e+01 8.20094604e+01
   vertex 3.83731537e+01 5.53494949e+01 8.09682465e+01
   vertex 4.15548706e+01 5.04005737e+01 8.07099609e+01
  endloop
 endfacet
 facet normal -7.76133597e-01 -4.70601618e-01 -4.19703186e-01
  outer loop
   vertex 6.66243515e+01 5.44847946e+01 5.51533852e+01
   vertex 6.57872849e+01 5.51525803e+01 5.59447021e+01
   vertex 6.51712646e+01 5.83072586e+01 5.34706993e+01
  endloop
 endfacet
 facet normal -5.67513883e-01 -6.01868629e-01 -5.61856031e-01
  outer loop
   vertex 3.68237305e+01 7.80409164e+01 6.97310028e+01
   vertex 3.64150314e+01 8.16992416e+01 6.62906494e+01
   vertex 3.86353302e+01 7.96571579e+01 6.62656860e+01
  endloop
 endfacet
 facet normal -6.92105830e-01 -7.08385050e-01 -1.38492480e-01
  outer loop
   vertex 5.29037170e+01 8.34764175e+01 2.79473743e+01
   vertex 5.03418732e+01 8.59705276e+01 2.79223557e+01
   vertex 5.31735611e+01 8.37564011e+01 2.51068153e+01
  endloop
 endfacet
 facet normal -6.90749824e-01 -7.07056522e-01 -1.51445553e-01
  outer loop
   vertex 5.24865189e+01 8.30605698e+01 3.17125359e+01
   vertex 5.03418732e+01 8.59705276e+01 2.79223557e+01
   vertex 5.29037170e+01 8.34764175e+01 2.79473743e+01
  endloop
 endfacet
 facet normal -5.79911053e-01 -5.58464229e-01 -5.93144834e-01
  outer loop
   vertex 4.13227463e+01 7.34994736e+01 6.96393433e+01
   vertex 3.90296860e+01 7.58735580e+01 6.96810150e+01
   vertex 4.08999023e+01 7.74741440e+01 6.62406769e+01
  endloop
 endfacet
 facet normal -7.08543599e-01 -6.91935301e-01 -1.38533369e-01
  outer loop
   vertex 5.49412537e+01 8.14059677e+01 2.79723682e+01
   vertex 5.29037170e+01 8.34764175e+01 2.79473743e+01
   vertex 5.52195129e+01 8.16776810e+01 2.51235142e+01
  endloop
 endfacet
 facet normal -5.91363430e-01 -5.65615296e-01 -5.74777007e-01
  outer loop
   vertex 4.13227463e+01 7.34994736e+01 6.96393433e+01
   vertex 4.08999023e+01 7.74741440e+01 6.62406769e+01
   vertex 4.32350693e+01 7.50759201e+01 6.62156525e+01
  endloop
 endfacet
 facet normal -7.19391108e-01 -6.76310360e-01 -1.58368751e-01
  outer loop
   vertex 5.72689819e+01 7.80494614e+01 3.17708225e+01
   vertex 5.45155334e+01 8.09983292e+01 3.17292480e+01
   vertex 5.49412537e+01 8.14059677e+01 2.79723682e+01
  endloop
 endfacet
 facet normal -7.06550837e-01 -6.89799726e-01 -1.57994494e-01
  outer loop
   vertex 5.45155334e+01 8.09983292e+01 3.17292480e+01
   vertex 5.24865189e+01 8.30605698e+01 3.17125359e+01
   vertex 5.49412537e+01 8.14059677e+01 2.79723682e+01
  endloop
 endfacet
 facet normal -7.01767743e-01 -6.96121216e-01 -1.51450515e-01
  outer loop
   vertex 5.24865189e+01 8.30605698e+01 3.17125359e+01
   vertex 5.29037170e+01 8.34764175e+01 2.79473743e+01
   vertex 5.49412537e+01 8.14059677e+01 2.79723682e+01
  endloop
 endfacet
 facet normal -7.44467378e-01 -6.50019884e-01 -1.52454764e-01
  outer loop
   vertex 6.22317276e+01 7.32082443e+01 2.80556831e+01
   vertex 5.72689819e+01 7.80494614e+01 3.17708225e+01
   vertex 5.76947708e+01 7.84571609e+01 2.79973049e+01
  endloop
 endfacet
 facet normal -7.28780150e-01 -6.70523167e-01 -1.38845786e-01
  outer loop
   vertex 5.76947708e+01 7.84571609e+01 2.79973049e+01
   vertex 5.49412537e+01 8.14059677e+01 2.79723682e+01
   vertex 5.79813843e+01 7.87290421e+01 2.51484718e+01
  endloop
 endfacet
 facet normal -7.55482733e-01 -6.40238583e-01 -1.39069840e-01
  outer loop
   vertex 6.22317276e+01 7.32082443e+01 2.80556831e+01
   vertex 5.76947708e+01 7.84571609e+01 2.79973049e+01
   vertex 6.25185242e+01 7.34717941e+01 2.52067471e+01
  endloop
 endfacet
 facet normal -7.27388859e-01 -6.69172287e-01 -1.52032658e-01
  outer loop
   vertex 5.72689819e+01 7.80494614e+01 3.17708225e+01
   vertex 5.49412537e+01 8.14059677e+01 2.79723682e+01
   vertex 5.76947708e+01 7.84571609e+01 2.79973049e+01
  endloop
 endfacet
 facet normal -5.88877022e-01 -6.12190127e-01 -5.27680874e-01
  outer loop
   vertex 4.08999023e+01 7.74741440e+01 6.62406769e+01
   vertex 3.86353302e+01 7.96571579e+01 6.62656860e+01
   vertex 4.03815308e+01 8.12055435e+01 6.23671951e+01
  endloop
 endfacet
 facet normal -7.53531039e-01 -6.37750089e-01 -1.59580082e-01
  outer loop
   vertex 6.17807922e+01 7.28084793e+01 3.18291798e+01
   vertex 5.72689819e+01 7.80494614e+01 3.17708225e+01
   vertex 6.22317276e+01 7.32082443e+01 2.80556831e+01
  endloop
 endfacet
 facet normal -8.19476008e-01 -5.71435213e-01 -4.38278504e-02
  outer loop
   vertex 7.16961670e+01 6.32258682e+01 1.17620211e+01
   vertex 6.76676178e+01 6.89173355e+01 1.17370358e+01
   vertex 7.18167267e+01 6.34697189e+01 5.88930893e+00
  endloop
 endfacet
 facet normal -8.20762098e-01 -5.21451235e-01 2.33319923e-01
  outer loop
   vertex 7.52129135e+01 5.81831894e+01 5.89767122e+00
   vertex 7.18167267e+01 6.34697189e+01 5.88930893e+00
   vertex 7.51854401e+01 5.83159409e+01 2.84217094e-14
  endloop
 endfacet
 facet normal -6.73644125e-01 -7.23319590e-01 -1.51698217e-01
  outer loop
   vertex 4.99330750e+01 8.55464706e+01 3.16792507e+01
   vertex 4.78670959e+01 8.82579269e+01 2.79057293e+01
   vertex 5.03418732e+01 8.59705276e+01 2.79223557e+01
  endloop
 endfacet
 facet normal -5.53518832e-01 -5.18246114e-01 -6.51949286e-01
  outer loop
   vertex 3.93535309e+01 7.18469925e+01 7.26631622e+01
   vertex 3.71192245e+01 7.41972122e+01 7.27380981e+01
   vertex 3.90296860e+01 7.58735580e+01 6.96810150e+01
  endloop
 endfacet
 facet normal -8.94188285e-01 -3.54812950e-01 -2.73011148e-01
  outer loop
   vertex 8.17535553e+01 3.31838303e+01 4.24999924e+01
   vertex 7.88165894e+01 3.84121704e+01 4.54487877e+01
   vertex 7.95836945e+01 3.88344269e+01 4.24083214e+01
  endloop
 endfacet
 facet normal -7.03910410e-01 -4.68151391e-01 -5.34176409e-01
  outer loop
   vertex 5.92182236e+01 5.71815414e+01 6.37416344e+01
   vertex 5.75433350e+01 6.12832413e+01 6.24505119e+01
   vertex 5.84077377e+01 6.18489914e+01 6.07594452e+01
  endloop
 endfacet
 facet normal -8.60632777e-01 -5.07968783e-01 -3.57626081e-02
  outer loop
   vertex 7.50755615e+01 5.79474106e+01 1.17953768e+01
   vertex 7.52129135e+01 5.81831894e+01 5.89767122e+00
   vertex 7.83784180e+01 5.27591934e+01 5.91430140e+00
  endloop
 endfacet
 facet normal -8.45140517e-01 -5.32629192e-01 -4.52072136e-02
  outer loop
   vertex 7.50755615e+01 5.79474106e+01 1.17953768e+01
   vertex 7.16961670e+01 6.32258682e+01 1.17620211e+01
   vertex 7.52129135e+01 5.81831894e+01 5.89767122e+00
  endloop
 endfacet
 facet normal -8.36727798e-01 -5.46562791e-01 -3.39951329e-02
  outer loop
   vertex 7.16961670e+01 6.32258682e+01 1.17620211e+01
   vertex 7.18167267e+01 6.34697189e+01 5.88930893e+00
   vertex 7.52129135e+01 5.81831894e+01 5.89767122e+00
  endloop
 endfacet
 facet normal -6.40804946e-01 -6.83452547e-01 -3.49659264e-01
  outer loop
   vertex 4.59526978e+01 8.17992630e+01 5.31208572e+01
   vertex 4.35623550e+01 8.40298843e+01 5.31041107e+01
   vertex 4.65922852e+01 8.23609543e+01 5.07634201e+01
  endloop
 endfacet
 facet normal -7.02005446e-01 -2.88871944e-01 -6.50954187e-01
  outer loop
   vertex 6.39681244e+01 4.07807999e+01 6.78066864e+01
   vertex 6.65352020e+01 4.20942802e+01 6.44330368e+01
   vertex 6.63214035e+01 3.87577896e+01 6.62073746e+01
  endloop
 endfacet
 facet normal -7.69673586e-01 -4.72849518e-01 -4.28970754e-01
  outer loop
   vertex 6.57872849e+01 5.51525803e+01 5.59447021e+01
   vertex 6.49422455e+01 5.58036118e+01 5.67277527e+01
   vertex 6.51712646e+01 5.83072586e+01 5.34706993e+01
  endloop
 endfacet
 facet normal -8.81994724e-01 -4.10589784e-01 2.31303602e-01
  outer loop
   vertex 8.39750519e+01 4.15228348e+01 5.93929386e+00
   vertex 8.12965240e+01 4.71973190e+01 5.92268467e+00
   vertex 8.39897003e+01 4.16313896e+01 0.00000000e+00
  endloop
 endfacet
 facet normal -8.58227849e-01 -4.57644969e-01 2.32391983e-01
  outer loop
   vertex 8.12965240e+01 4.71973190e+01 5.92268467e+00
   vertex 7.83784180e+01 5.27591934e+01 5.91430140e+00
   vertex 7.83594513e+01 5.28837967e+01 0.00000000e+00
  endloop
 endfacet
 facet normal -8.42999160e-01 -4.84813213e-01 2.33042032e-01
  outer loop
   vertex 7.83784180e+01 5.27591934e+01 5.91430140e+00
   vertex 7.52129135e+01 5.81831894e+01 5.89767122e+00
   vertex 7.83594513e+01 5.28837967e+01 0.00000000e+00
  endloop
 endfacet
 facet normal -5.24974704e-01 -3.81936759e-01 -7.60608852e-01
  outer loop
   vertex 4.51686630e+01 6.05062180e+01 7.50372314e+01
   vertex 3.92693176e+01 6.37223282e+01 7.74862671e+01
   vertex 4.14039230e+01 6.54444351e+01 7.51871796e+01
  endloop
 endfacet
 facet normal -6.64407670e-01 -2.28967994e-01 -7.11432457e-01
  outer loop
   vertex 6.60073776e+01 3.54360390e+01 6.77984009e+01
   vertex 6.55191803e+01 3.20778809e+01 6.93144836e+01
   vertex 6.36709671e+01 3.74510689e+01 6.93311615e+01
  endloop
 endfacet
 facet normal -5.72675526e-01 -5.70133209e-01 -5.89059293e-01
  outer loop
   vertex 3.90296860e+01 7.58735580e+01 6.96810150e+01
   vertex 3.68237305e+01 7.80409164e+01 6.97310028e+01
   vertex 4.08999023e+01 7.74741440e+01 6.62406769e+01
  endloop
 endfacet
 facet normal -6.60840988e-01 -6.86456323e-01 -3.03425223e-01
  outer loop
   vertex 4.98410110e+01 8.05708847e+01 4.77562180e+01
   vertex 4.65922852e+01 8.23609543e+01 5.07634201e+01
   vertex 4.73298950e+01 8.30242691e+01 4.77229576e+01
  endloop
 endfacet
 facet normal -8.83232236e-01 -4.58124369e-01 -1.00114562e-01
  outer loop
   vertex 7.94788208e+01 4.95467682e+01 1.61103745e+01
   vertex 8.05343018e+01 4.65084610e+01 2.04003506e+01
   vertex 7.76751556e+01 5.20381546e+01 2.03587074e+01
  endloop
 endfacet
 facet normal -8.91382575e-01 -4.45247203e-01 -8.48059803e-02
  outer loop
   vertex 7.94788208e+01 4.95467682e+01 1.61103745e+01
   vertex 8.11172638e+01 4.69774246e+01 1.18453417e+01
   vertex 8.05343018e+01 4.65084610e+01 2.04003506e+01
  endloop
 endfacet
 facet normal -8.12526464e-01 -3.52168202e-01 -4.64519411e-01
  outer loop
   vertex 7.36796875e+01 3.91260452e+01 5.61779556e+01
   vertex 7.29167023e+01 3.98452034e+01 5.69609184e+01
   vertex 7.36026764e+01 4.24155540e+01 5.37205772e+01
  endloop
 endfacet
 facet normal -9.00650680e-01 -4.27476764e-01 -7.80507401e-02
  outer loop
   vertex 8.05343018e+01 4.65084610e+01 2.04003506e+01
   vertex 8.11172638e+01 4.69774246e+01 1.18453417e+01
   vertex 8.37705841e+01 4.13107719e+01 1.18702946e+01
  endloop
 endfacet
 facet normal -9.12712634e-01 -3.98455828e-01 -9.04910415e-02
  outer loop
   vertex 8.45629120e+01 3.85425720e+01 1.66601315e+01
   vertex 8.31371765e+01 4.08658524e+01 2.04420204e+01
   vertex 8.37705841e+01 4.13107719e+01 1.18702946e+01
  endloop
 endfacet
 facet normal -9.24514413e-01 -3.69871706e-01 -9.20216665e-02
  outer loop
   vertex 8.45629120e+01 3.85425720e+01 1.66601315e+01
   vertex 8.52262421e+01 3.73550148e+01 1.47608662e+01
   vertex 8.65078430e+01 3.33460884e+01 1.76514130e+01
  endloop
 endfacet
 facet normal -9.25117791e-01 -3.64329129e-01 -1.06870830e-01
  outer loop
   vertex 8.45629120e+01 3.85425720e+01 1.66601315e+01
   vertex 8.65078430e+01 3.33460884e+01 1.76514130e+01
   vertex 8.54920807e+01 3.51270256e+01 2.04919510e+01
  endloop
 endfacet
 facet normal -9.17432070e-01 -3.82267714e-01 -1.10407479e-01
  outer loop
   vertex 8.45629120e+01 3.85425720e+01 1.66601315e+01
   vertex 8.54920807e+01 3.51270256e+01 2.04919510e+01
   vertex 8.31371765e+01 4.08658524e+01 2.04420204e+01
  endloop
 endfacet
 facet normal -9.05204833e-01 -4.14056093e-01 -9.57172140e-02
  outer loop
   vertex 8.31371765e+01 4.08658524e+01 2.04420204e+01
   vertex 8.05343018e+01 4.65084610e+01 2.04003506e+01
   vertex 8.37705841e+01 4.13107719e+01 1.18702946e+01
  endloop
 endfacet
 facet normal -5.65322578e-01 -8.64194185e-02 -8.20330441e-01
  outer loop
   vertex 6.32623215e+01 1.34073029e+01 7.40625916e+01
   vertex 6.24302216e+01 1.87991409e+01 7.41458893e+01
   vertex 6.54160767e+01 1.99869995e+01 7.18884583e+01
  endloop
 endfacet
 facet normal -6.80318236e-01 -2.27740690e-01 -6.96635664e-01
  outer loop
   vertex 6.60073776e+01 3.54360390e+01 6.77984009e+01
   vertex 6.82786407e+01 3.33448982e+01 6.62323608e+01
   vertex 6.55191803e+01 3.20778809e+01 6.93144836e+01
  endloop
 endfacet
 facet normal -7.74145246e-01 -5.00856519e-01 -3.87094170e-01
  outer loop
   vertex 6.33609238e+01 5.97986069e+01 5.50700684e+01
   vertex 6.59699173e+01 5.88217697e+01 5.11298714e+01
   vertex 6.51712646e+01 5.83072586e+01 5.34706993e+01
  endloop
 endfacet
 facet normal -7.66411304e-01 -4.86582220e-01 -4.19346452e-01
  outer loop
   vertex 6.49422455e+01 5.58036118e+01 5.67277527e+01
   vertex 6.33609238e+01 5.97986069e+01 5.50700684e+01
   vertex 6.51712646e+01 5.83072586e+01 5.34706993e+01
  endloop
 endfacet
 facet normal -6.96353614e-01 -4.50105339e-01 -5.59014142e-01
  outer loop
   vertex 5.92182236e+01 5.71815414e+01 6.37416344e+01
   vertex 5.82724304e+01 5.78723373e+01 6.43581009e+01
   vertex 5.75433350e+01 6.12832413e+01 6.24505119e+01
  endloop
 endfacet
 facet normal -8.19093823e-01 -3.48212957e-01 -4.55887139e-01
  outer loop
   vertex 7.44262009e+01 3.83982315e+01 5.54032593e+01
   vertex 7.36796875e+01 3.91260452e+01 5.61779556e+01
   vertex 7.36026764e+01 4.24155540e+01 5.37205772e+01
  endloop
 endfacet
 facet normal -6.64409101e-01 -6.77720606e-01 -3.15048128e-01
  outer loop
   vertex 4.90865555e+01 7.99155350e+01 5.07966805e+01
   vertex 4.65922852e+01 8.23609543e+01 5.07634201e+01
   vertex 4.98410110e+01 8.05708847e+01 4.77562180e+01
  endloop
 endfacet
 facet normal -6.64705932e-01 -6.91645145e-01 -2.82476574e-01
  outer loop
   vertex 4.98410110e+01 8.05708847e+01 4.77562180e+01
   vertex 4.73298950e+01 8.30242691e+01 4.77229576e+01
   vertex 4.79606934e+01 8.36107101e+01 4.47324829e+01
  endloop
 endfacet
 facet normal -7.33803749e-01 -3.22637826e-01 -5.97860277e-01
  outer loop
   vertex 6.65352020e+01 4.20942802e+01 6.44330368e+01
   vertex 6.65663757e+01 4.53857803e+01 6.25754814e+01
   vertex 6.89058456e+01 4.00298653e+01 6.26171112e+01
  endloop
 endfacet
 facet normal -6.34690702e-01 -6.72968805e-01 -3.79843056e-01
  outer loop
   vertex 4.43862381e+01 8.04457779e+01 5.80104904e+01
   vertex 4.35623550e+01 8.40298843e+01 5.31041107e+01
   vertex 4.59526978e+01 8.17992630e+01 5.31208572e+01
  endloop
 endfacet
 facet normal -6.40841007e-01 -6.55635715e-01 -3.99330169e-01
  outer loop
   vertex 4.68302917e+01 7.80162277e+01 5.80272293e+01
   vertex 4.43862381e+01 8.04457779e+01 5.80104904e+01
   vertex 4.59526978e+01 8.17992630e+01 5.31208572e+01
  endloop
 endfacet
 facet normal -5.14797211e-01 -3.54911894e-01 -7.80398250e-01
  outer loop
   vertex 4.29412613e+01 5.88491287e+01 7.72946625e+01
   vertex 3.92693176e+01 6.37223282e+01 7.74862671e+01
   vertex 4.51686630e+01 6.05062180e+01 7.50372314e+01
  endloop
 endfacet
 facet normal -5.49563706e-01 -4.11656678e-01 -7.26992786e-01
  outer loop
   vertex 4.51686630e+01 6.05062180e+01 7.50372314e+01
   vertex 4.14039230e+01 6.54444351e+01 7.51871796e+01
   vertex 4.35062332e+01 6.71076126e+01 7.25464783e+01
  endloop
 endfacet
 facet normal -7.25855768e-01 -2.46482924e-01 -6.42167866e-01
  outer loop
   vertex 7.05668259e+01 3.12373581e+01 6.44996796e+01
   vertex 6.82786407e+01 3.33448982e+01 6.62323608e+01
   vertex 7.09719238e+01 3.45857086e+01 6.26671066e+01
  endloop
 endfacet
 facet normal -6.86376631e-01 -5.12100220e-01 -5.16372442e-01
  outer loop
   vertex 5.75433350e+01 6.12832413e+01 6.24505119e+01
   vertex 5.36880569e+01 6.66112747e+01 6.24088554e+01
   vertex 5.45106812e+01 6.71846085e+01 6.07095375e+01
  endloop
 endfacet
 facet normal -7.69786000e-01 -5.18001437e-01 -3.72966558e-01
  outer loop
   vertex 6.33609238e+01 5.97986069e+01 5.50700684e+01
   vertex 6.22096863e+01 6.44182053e+01 5.10383224e+01
   vertex 6.59699173e+01 5.88217697e+01 5.11298714e+01
  endloop
 endfacet
 facet normal -5.54773331e-01 -4.44957465e-01 -7.03021586e-01
  outer loop
   vertex 4.14039230e+01 6.54444351e+01 7.51871796e+01
   vertex 4.11222610e+01 6.98965836e+01 7.26131439e+01
   vertex 4.35062332e+01 6.71076126e+01 7.25464783e+01
  endloop
 endfacet
 facet normal -5.41121244e-01 -4.37733650e-01 -7.18036950e-01
  outer loop
   vertex 4.14039230e+01 6.54444351e+01 7.51871796e+01
   vertex 3.90704880e+01 6.82009964e+01 7.52787781e+01
   vertex 4.11222610e+01 6.98965836e+01 7.26131439e+01
  endloop
 endfacet
 facet normal -6.41617775e-01 -2.57193208e-01 -7.22619057e-01
  outer loop
   vertex 6.36709671e+01 3.74510689e+01 6.93311615e+01
   vertex 5.89753952e+01 4.13556442e+01 7.21217041e+01
   vertex 6.15494614e+01 4.27359734e+01 6.93644714e+01
  endloop
 endfacet
 facet normal -6.77307189e-01 -6.68996036e-01 -3.06103408e-01
  outer loop
   vertex 4.90865555e+01 7.99155350e+01 5.07966805e+01
   vertex 4.98410110e+01 8.05708847e+01 4.77562180e+01
   vertex 5.18363647e+01 7.85329971e+01 4.77812424e+01
  endloop
 endfacet
 facet normal -8.24467659e-01 -3.21840942e-01 -4.65479821e-01
  outer loop
   vertex 7.50424728e+01 3.43270760e+01 5.70442085e+01
   vertex 7.44262009e+01 3.83982315e+01 5.54032593e+01
   vertex 7.58781967e+01 3.69085274e+01 5.38122482e+01
  endloop
 endfacet
 facet normal -8.27258646e-01 -3.45452011e-01 -4.43064362e-01
  outer loop
   vertex 7.44262009e+01 3.83982315e+01 5.54032593e+01
   vertex 7.36026764e+01 4.24155540e+01 5.37205772e+01
   vertex 7.58781967e+01 3.69085274e+01 5.38122482e+01
  endloop
 endfacet
 facet normal -6.56347752e-01 -6.66655481e-01 -3.53239357e-01
  outer loop
   vertex 4.84303894e+01 7.93536301e+01 5.31541367e+01
   vertex 4.59526978e+01 8.17992630e+01 5.31208572e+01
   vertex 4.90865555e+01 7.99155350e+01 5.07966805e+01
  endloop
 endfacet
 facet normal -6.91556990e-01 -4.23444599e-01 -5.85186779e-01
  outer loop
   vertex 5.92182236e+01 5.71815414e+01 6.37416344e+01
   vertex 5.88028717e+01 5.43912125e+01 6.61823807e+01
   vertex 5.82724304e+01 5.78723373e+01 6.43581009e+01
  endloop
 endfacet
 facet normal -6.49182856e-01 -6.56596899e-01 -3.83981943e-01
  outer loop
   vertex 4.68302917e+01 7.80162277e+01 5.80272293e+01
   vertex 4.59526978e+01 8.17992630e+01 5.31208572e+01
   vertex 4.84303894e+01 7.93536301e+01 5.31541367e+01
  endloop
 endfacet
 facet normal -7.22392082e-01 -2.98812121e-01 -6.23587191e-01
  outer loop
   vertex 6.65352020e+01 4.20942802e+01 6.44330368e+01
   vertex 6.89058456e+01 4.00298653e+01 6.26171112e+01
   vertex 6.63214035e+01 3.87577896e+01 6.62073746e+01
  endloop
 endfacet
 facet normal -5.35885334e-01 -3.43076587e-01 -7.71443725e-01
  outer loop
   vertex 4.86124725e+01 5.53540115e+01 7.48955536e+01
   vertex 4.29412613e+01 5.88491287e+01 7.72946625e+01
   vertex 4.51686630e+01 6.05062180e+01 7.50372314e+01
  endloop
 endfacet
 facet normal -6.39057994e-01 -3.92035395e-01 -6.61750078e-01
  outer loop
   vertex 5.37263412e+01 5.49896011e+01 7.09055328e+01
   vertex 5.31718903e+01 5.84203262e+01 6.94643707e+01
   vertex 5.60238953e+01 5.64563980e+01 6.78400726e+01
  endloop
 endfacet
 facet normal -7.81559110e-01 -5.47525465e-01 -2.98966885e-01
  outer loop
   vertex 6.68752670e+01 5.94298477e+01 4.80977974e+01
   vertex 6.30732422e+01 6.50337906e+01 4.80061111e+01
   vertex 6.37965240e+01 6.55720139e+01 4.50073013e+01
  endloop
 endfacet
 facet normal -7.84191191e-01 -5.27017593e-01 -3.27561766e-01
  outer loop
   vertex 6.59699173e+01 5.88217697e+01 5.11298714e+01
   vertex 6.30732422e+01 6.50337906e+01 4.80061111e+01
   vertex 6.68752670e+01 5.94298477e+01 4.80977974e+01
  endloop
 endfacet
 facet normal -5.34676969e-01 -4.51154262e-01 -7.14549065e-01
  outer loop
   vertex 3.90704880e+01 6.82009964e+01 7.52787781e+01
   vertex 3.73437119e+01 7.01355362e+01 7.53454437e+01
   vertex 4.11222610e+01 6.98965836e+01 7.26131439e+01
  endloop
 endfacet
 facet normal -7.03759551e-01 -2.50851095e-01 -6.64677560e-01
  outer loop
   vertex 6.60073776e+01 3.54360390e+01 6.77984009e+01
   vertex 6.86834641e+01 3.67099266e+01 6.44663925e+01
   vertex 6.82786407e+01 3.33448982e+01 6.62323608e+01
  endloop
 endfacet
 facet normal -5.84964097e-01 -1.79352045e-01 -7.90980279e-01
  outer loop
   vertex 5.99593735e+01 2.95014038e+01 7.43208466e+01
   vertex 5.83130569e+01 3.47700157e+01 7.44291382e+01
   vertex 6.09960251e+01 3.61190033e+01 7.20550842e+01
  endloop
 endfacet
 facet normal -5.77372611e-01 -8.60501379e-02 -8.11933637e-01
  outer loop
   vertex 6.32623215e+01 1.34073029e+01 7.40625916e+01
   vertex 6.54160767e+01 1.99869995e+01 7.18884583e+01
   vertex 6.63493423e+01 1.45303421e+01 7.18468170e+01
  endloop
 endfacet
 facet normal -5.71057916e-01 -6.55181333e-02 -8.18291068e-01
  outer loop
   vertex 6.69430008e+01 9.87563324e+00 7.18218231e+01
   vertex 6.32623215e+01 1.34073029e+01 7.40625916e+01
   vertex 6.63493423e+01 1.45303421e+01 7.18468170e+01
  endloop
 endfacet
 facet normal -6.76118731e-01 -5.45151889e-01 -4.95653957e-01
  outer loop
   vertex 5.36880569e+01 6.66112747e+01 6.24088554e+01
   vertex 5.03009567e+01 7.23061295e+01 6.06595116e+01
   vertex 5.45106812e+01 6.71846085e+01 6.07095375e+01
  endloop
 endfacet
 facet normal -8.24552774e-01 -3.09441000e-01 -4.73665446e-01
  outer loop
   vertex 7.57807541e+01 3.35908699e+01 5.62695198e+01
   vertex 7.50424728e+01 3.43270760e+01 5.70442085e+01
   vertex 7.58781967e+01 3.69085274e+01 5.38122482e+01
  endloop
 endfacet
 facet normal -6.60599589e-01 -6.31989777e-01 -4.05212462e-01
  outer loop
   vertex 4.87585983e+01 7.59936905e+01 5.80521622e+01
   vertex 4.68302917e+01 7.80162277e+01 5.80272293e+01
   vertex 5.04004898e+01 7.73236313e+01 5.31791725e+01
  endloop
 endfacet
 facet normal -6.71720207e-01 -6.49575233e-01 -3.56151581e-01
  outer loop
   vertex 5.04004898e+01 7.73236313e+01 5.31791725e+01
   vertex 4.84303894e+01 7.93536301e+01 5.31541367e+01
   vertex 5.10652237e+01 7.78772202e+01 5.08217049e+01
  endloop
 endfacet
 facet normal -6.00896180e-01 -2.12537929e-01 -7.70552695e-01
  outer loop
   vertex 5.83130569e+01 3.47700157e+01 7.44291382e+01
   vertex 5.89753952e+01 4.13556442e+01 7.21217041e+01
   vertex 6.09960251e+01 3.61190033e+01 7.20550842e+01
  endloop
 endfacet
 facet normal -7.23702908e-01 -2.85824716e-01 -6.28138781e-01
  outer loop
   vertex 6.86834641e+01 3.67099266e+01 6.44663925e+01
   vertex 6.63214035e+01 3.87577896e+01 6.62073746e+01
   vertex 6.89058456e+01 4.00298653e+01 6.26171112e+01
  endloop
 endfacet
 facet normal -5.67010164e-01 -4.93897229e-01 -6.59215450e-01
  outer loop
   vertex 4.11222610e+01 6.98965836e+01 7.26131439e+01
   vertex 3.93535309e+01 7.18469925e+01 7.26631622e+01
   vertex 4.31335831e+01 7.15248642e+01 6.96060486e+01
  endloop
 endfacet
 facet normal -7.25488365e-01 -2.59321332e-01 -6.37510061e-01
  outer loop
   vertex 6.86834641e+01 3.67099266e+01 6.44663925e+01
   vertex 7.09719238e+01 3.45857086e+01 6.26671066e+01
   vertex 6.82786407e+01 3.33448982e+01 6.62323608e+01
  endloop
 endfacet
 facet normal -5.97733498e-01 -1.78153485e-01 -7.81649530e-01
  outer loop
   vertex 5.99593735e+01 2.95014038e+01 7.43208466e+01
   vertex 6.09960251e+01 3.61190033e+01 7.20550842e+01
   vertex 6.27432251e+01 3.08022003e+01 7.19884186e+01
  endloop
 endfacet
 facet normal -5.42411864e-01 -4.72488582e-01 -6.94653809e-01
  outer loop
   vertex 3.73437119e+01 7.01355362e+01 7.53454437e+01
   vertex 3.93535309e+01 7.18469925e+01 7.26631622e+01
   vertex 4.11222610e+01 6.98965836e+01 7.26131439e+01
  endloop
 endfacet
 facet normal -6.47395194e-01 -6.24971211e-01 -4.36222941e-01
  outer loop
   vertex 4.58207016e+01 7.71895523e+01 6.06344872e+01
   vertex 4.68302917e+01 7.80162277e+01 5.80272293e+01
   vertex 4.87585983e+01 7.59936905e+01 5.80521622e+01
  endloop
 endfacet
 facet normal -6.59332931e-01 -6.45117402e-01 -3.86139363e-01
  outer loop
   vertex 4.68302917e+01 7.80162277e+01 5.80272293e+01
   vertex 4.84303894e+01 7.93536301e+01 5.31541367e+01
   vertex 5.04004898e+01 7.73236313e+01 5.31791725e+01
  endloop
 endfacet
 facet normal -5.66246688e-01 -3.86213809e-01 -7.28150785e-01
  outer loop
   vertex 4.80748978e+01 5.87683945e+01 7.37127686e+01
   vertex 4.51686630e+01 6.05062180e+01 7.50372314e+01
   vertex 4.73635406e+01 6.21211929e+01 7.24465485e+01
  endloop
 endfacet
 facet normal -5.58424950e-01 -3.57251197e-01 -7.48687625e-01
  outer loop
   vertex 4.80748978e+01 5.87683945e+01 7.37127686e+01
   vertex 4.86124725e+01 5.53540115e+01 7.48955536e+01
   vertex 4.51686630e+01 6.05062180e+01 7.50372314e+01
  endloop
 endfacet
 facet normal -5.88234901e-01 -3.98466617e-01 -7.03707397e-01
  outer loop
   vertex 4.80748978e+01 5.87683945e+01 7.37127686e+01
   vertex 4.73635406e+01 6.21211929e+01 7.24465485e+01
   vertex 5.03041992e+01 6.03255539e+01 7.09721680e+01
  endloop
 endfacet
 facet normal -6.81566477e-01 -4.93728638e-01 -5.40091813e-01
  outer loop
   vertex 5.46406784e+01 6.32795029e+01 6.43330765e+01
   vertex 5.36880569e+01 6.66112747e+01 6.24088554e+01
   vertex 5.75433350e+01 6.12832413e+01 6.24505119e+01
  endloop
 endfacet
 facet normal -8.31214666e-01 -3.04991663e-01 -4.64825004e-01
  outer loop
   vertex 7.64942856e+01 3.28457298e+01 5.54865456e+01
   vertex 7.57807541e+01 3.35908699e+01 5.62695198e+01
   vertex 7.58781967e+01 3.69085274e+01 5.38122482e+01
  endloop
 endfacet
 facet normal -7.00457215e-01 -4.20209229e-01 -5.76874256e-01
  outer loop
   vertex 5.92182236e+01 5.71815414e+01 6.37416344e+01
   vertex 6.10689392e+01 5.57574692e+01 6.24921799e+01
   vertex 5.88028717e+01 5.43912125e+01 6.61823807e+01
  endloop
 endfacet
 facet normal -6.03057563e-01 -8.05815607e-02 -7.93617189e-01
  outer loop
   vertex 6.69430008e+01 9.87563324e+00 7.18218231e+01
   vertex 6.63493423e+01 1.45303421e+01 7.18468170e+01
   vertex 6.94531021e+01 1.56537781e+01 6.92894897e+01
  endloop
 endfacet
 facet normal -6.16644144e-01 -7.62834921e-02 -7.83537388e-01
  outer loop
   vertex 6.69430008e+01 9.87563324e+00 7.18218231e+01
   vertex 6.94531021e+01 1.56537781e+01 6.92894897e+01
   vertex 7.01308670e+01 1.09505615e+01 6.92894897e+01
  endloop
 endfacet
 facet normal -6.48400068e-01 -6.12065554e-01 -4.52717394e-01
  outer loop
   vertex 4.77239532e+01 7.51749039e+01 6.06428719e+01
   vertex 4.58207016e+01 7.71895523e+01 6.06344872e+01
   vertex 4.87585983e+01 7.59936905e+01 5.80521622e+01
  endloop
 endfacet
 facet normal -7.03042805e-01 -2.13350430e-01 -6.78389549e-01
  outer loop
   vertex 6.77734299e+01 3.00030365e+01 6.78066864e+01
   vertex 7.05668259e+01 3.12373581e+01 6.44996796e+01
   vertex 6.99620819e+01 2.78686829e+01 6.62490311e+01
  endloop
 endfacet
 facet normal -7.03867912e-01 -2.25623280e-01 -6.73545957e-01
  outer loop
   vertex 6.77734299e+01 3.00030365e+01 6.78066864e+01
   vertex 6.82786407e+01 3.33448982e+01 6.62323608e+01
   vertex 7.05668259e+01 3.12373581e+01 6.44996796e+01
  endloop
 endfacet
 facet normal -5.85691869e-01 -4.87554550e-01 -6.47499502e-01
  outer loop
   vertex 4.35062332e+01 6.71076126e+01 7.25464783e+01
   vertex 4.31335831e+01 7.15248642e+01 6.96060486e+01
   vertex 4.55681381e+01 6.87035294e+01 6.95644073e+01
  endloop
 endfacet
 facet normal -6.02272332e-01 -5.20844579e-01 -6.04970217e-01
  outer loop
   vertex 4.55681381e+01 6.87035294e+01 6.95644073e+01
   vertex 4.31335831e+01 7.15248642e+01 6.96060486e+01
   vertex 4.50878525e+01 7.30853043e+01 6.62073746e+01
  endloop
 endfacet
 facet normal -5.94487607e-01 -3.82944793e-01 -7.07062781e-01
  outer loop
   vertex 4.80748978e+01 5.87683945e+01 7.37127686e+01
   vertex 5.03041992e+01 6.03255539e+01 7.09721680e+01
   vertex 5.09083405e+01 5.69124069e+01 7.23548889e+01
  endloop
 endfacet
 facet normal -6.19330525e-01 -3.80635589e-01 -6.86692238e-01
  outer loop
   vertex 5.37263412e+01 5.49896011e+01 7.09055328e+01
   vertex 5.09083405e+01 5.69124069e+01 7.23548889e+01
   vertex 5.31718903e+01 5.84203262e+01 6.94643707e+01
  endloop
 endfacet
 facet normal -7.17066288e-01 -3.38356614e-01 -6.09369159e-01
  outer loop
   vertex 6.41136169e+01 4.73819580e+01 6.44080124e+01
   vertex 6.65663757e+01 4.53857803e+01 6.25754814e+01
   vertex 6.40825119e+01 4.40821075e+01 6.61990509e+01
  endloop
 endfacet
 facet normal -7.22777903e-01 -1.73359841e-01 -6.68983161e-01
  outer loop
   vertex 7.35197449e+01 2.01440582e+01 6.45913467e+01
   vertex 7.13882904e+01 2.23377075e+01 6.62823181e+01
   vertex 7.43080139e+01 2.34994354e+01 6.27919388e+01
  endloop
 endfacet
 facet normal -6.76192582e-01 -5.86985588e-01 -4.45209563e-01
  outer loop
   vertex 5.34245987e+01 7.18886185e+01 5.65027924e+01
   vertex 5.03009567e+01 7.23061295e+01 6.06595116e+01
   vertex 5.13692322e+01 7.31173019e+01 5.80771599e+01
  endloop
 endfacet
 facet normal -6.68200135e-01 -5.95782101e-01 -4.45592076e-01
  outer loop
   vertex 5.03009567e+01 7.23061295e+01 6.06595116e+01
   vertex 4.87585983e+01 7.59936905e+01 5.80521622e+01
   vertex 5.13692322e+01 7.31173019e+01 5.80771599e+01
  endloop
 endfacet
 facet normal -6.59191787e-01 -5.97674012e-01 -4.56346273e-01
  outer loop
   vertex 5.03009567e+01 7.23061295e+01 6.06595116e+01
   vertex 4.77239532e+01 7.51749039e+01 6.06428719e+01
   vertex 4.87585983e+01 7.59936905e+01 5.80521622e+01
  endloop
 endfacet
 facet normal -6.97058439e-01 -3.28884333e-01 -6.37137890e-01
  outer loop
   vertex 6.16471939e+01 4.60369644e+01 6.78150787e+01
   vertex 6.41136169e+01 4.73819580e+01 6.44080124e+01
   vertex 6.40825119e+01 4.40821075e+01 6.61990509e+01
  endloop
 endfacet
 facet normal -7.57533371e-01 -1.86089873e-01 -6.25710607e-01
  outer loop
   vertex 7.55773087e+01 1.78906479e+01 6.28503494e+01
   vertex 7.43080139e+01 2.34994354e+01 6.27919388e+01
   vertex 7.54825211e+01 2.39624710e+01 6.11843071e+01
  endloop
 endfacet
 facet normal -5.95261872e-01 -5.33564925e-01 -6.00809216e-01
  outer loop
   vertex 4.31335831e+01 7.15248642e+01 6.96060486e+01
   vertex 4.13227463e+01 7.34994736e+01 6.96393433e+01
   vertex 4.50878525e+01 7.30853043e+01 6.62073746e+01
  endloop
 endfacet
 facet normal -7.25282967e-01 -2.22531408e-01 -6.51493967e-01
  outer loop
   vertex 7.05668259e+01 3.12373581e+01 6.44996796e+01
   vertex 7.27727585e+01 2.90700226e+01 6.27254333e+01
   vertex 6.99620819e+01 2.78686829e+01 6.62490311e+01
  endloop
 endfacet
 facet normal -5.72688401e-01 -5.14324486e-01 -6.38355970e-01
  outer loop
   vertex 3.93535309e+01 7.18469925e+01 7.26631622e+01
   vertex 4.13227463e+01 7.34994736e+01 6.96393433e+01
   vertex 4.31335831e+01 7.15248642e+01 6.96060486e+01
  endloop
 endfacet
 facet normal -5.96194923e-01 -1.55161396e-01 -7.87703335e-01
  outer loop
   vertex 6.42166748e+01 2.54137650e+01 7.19383850e+01
   vertex 5.99593735e+01 2.95014038e+01 7.43208466e+01
   vertex 6.27432251e+01 3.08022003e+01 7.19884186e+01
  endloop
 endfacet
 facet normal -5.86608052e-01 -4.67388481e-01 -6.61391735e-01
  outer loop
   vertex 4.65526886e+01 6.54473190e+01 7.10471344e+01
   vertex 4.35062332e+01 6.71076126e+01 7.25464783e+01
   vertex 4.55681381e+01 6.87035294e+01 6.95644073e+01
  endloop
 endfacet
 facet normal -6.14866078e-01 -3.96074116e-01 -6.81956708e-01
  outer loop
   vertex 5.03041992e+01 6.03255539e+01 7.09721680e+01
   vertex 5.31718903e+01 5.84203262e+01 6.94643707e+01
   vertex 5.09083405e+01 5.69124069e+01 7.23548889e+01
  endloop
 endfacet
 facet normal -6.57467604e-01 -1.26069322e-01 -7.42861271e-01
  outer loop
   vertex 6.94531021e+01 1.56537781e+01 6.92894897e+01
   vertex 6.84104767e+01 2.11666641e+01 6.92894897e+01
   vertex 7.25401154e+01 1.67767944e+01 6.63156738e+01
  endloop
 endfacet
 facet normal -6.71772718e-01 -1.10965103e-01 -7.32398868e-01
  outer loop
   vertex 7.33186340e+01 1.20338135e+01 6.63489838e+01
   vertex 6.94531021e+01 1.56537781e+01 6.92894897e+01
   vertex 7.25401154e+01 1.67767944e+01 6.63156738e+01
  endloop
 endfacet
 facet normal -6.24237299e-01 -1.09975353e-01 -7.73455381e-01
  outer loop
   vertex 6.63493423e+01 1.45303421e+01 7.18468170e+01
   vertex 6.84104767e+01 2.11666641e+01 6.92894897e+01
   vertex 6.94531021e+01 1.56537781e+01 6.92894897e+01
  endloop
 endfacet
 facet normal -5.39407313e-01 -7.07709670e-01 -4.56274927e-01
  outer loop
   vertex 3.32873688e+01 8.73322372e+01 6.24088554e+01
   vertex 3.03376999e+01 8.96192398e+01 6.24255257e+01
   vertex 3.09507370e+01 9.02636948e+01 6.06512260e+01
  endloop
 endfacet
 facet normal -8.56487453e-01 -2.67062724e-01 -4.41708863e-01
  outer loop
   vertex 7.96419525e+01 2.56717758e+01 5.40121422e+01
   vertex 7.79052734e+01 3.13220367e+01 5.39121780e+01
   vertex 8.06752167e+01 2.61156845e+01 5.16880875e+01
  endloop
 endfacet
 facet normal -8.68588030e-01 -2.46779457e-01 -4.29714710e-01
  outer loop
   vertex 8.22046814e+01 2.04034042e+01 5.17879868e+01
   vertex 7.96419525e+01 2.56717758e+01 5.40121422e+01
   vertex 8.06752167e+01 2.61156845e+01 5.16880875e+01
  endloop
 endfacet
 facet normal -6.85313225e-01 -6.01247072e-01 -4.10910934e-01
  outer loop
   vertex 5.34245987e+01 7.18886185e+01 5.65027924e+01
   vertex 5.13692322e+01 7.31173019e+01 5.80771599e+01
   vertex 5.30530014e+01 7.44312210e+01 5.32207794e+01
  endloop
 endfacet
 facet normal -6.85940385e-01 -3.82705331e-01 -6.18888080e-01
  outer loop
   vertex 5.90618896e+01 5.11716995e+01 6.78234100e+01
   vertex 5.88028717e+01 5.43912125e+01 6.61823807e+01
   vertex 6.14192047e+01 5.25563126e+01 6.43747635e+01
  endloop
 endfacet
 facet normal -6.94690645e-01 -3.42351705e-01 -6.32613778e-01
  outer loop
   vertex 6.16471939e+01 4.60369644e+01 6.78150787e+01
   vertex 6.15790863e+01 4.92933426e+01 6.61907272e+01
   vertex 6.41136169e+01 4.73819580e+01 6.44080124e+01
  endloop
 endfacet
 facet normal -6.81322575e-01 -6.17341161e-01 -3.93305779e-01
  outer loop
   vertex 5.13692322e+01 7.31173019e+01 5.80771599e+01
   vertex 5.04004898e+01 7.73236313e+01 5.31791725e+01
   vertex 5.30530014e+01 7.44312210e+01 5.32207794e+01
  endloop
 endfacet
 facet normal -5.75239897e-01 -6.70268655e-01 -4.68869925e-01
  outer loop
   vertex 3.81192551e+01 8.32635117e+01 6.23754730e+01
   vertex 3.54611511e+01 8.55558548e+01 6.23921928e+01
   vertex 3.61161270e+01 8.61844254e+01 6.06344872e+01
  endloop
 endfacet
 facet normal -6.58575296e-01 -5.11396527e-01 -5.52043617e-01
  outer loop
   vertex 5.06794434e+01 6.84807053e+01 6.43164368e+01
   vertex 5.36880569e+01 6.66112747e+01 6.24088554e+01
   vertex 5.16399002e+01 6.51740494e+01 6.61823807e+01
  endloop
 endfacet
 facet normal -5.62587440e-01 -6.92897797e-01 -4.50985640e-01
  outer loop
   vertex 3.61161270e+01 8.61844254e+01 6.06344872e+01
   vertex 3.32873688e+01 8.73322372e+01 6.24088554e+01
   vertex 3.39338760e+01 8.79689865e+01 6.06428719e+01
  endloop
 endfacet
 facet normal -5.49372852e-01 -7.05867410e-01 -4.47147191e-01
  outer loop
   vertex 3.32873688e+01 8.73322372e+01 6.24088554e+01
   vertex 3.09507370e+01 9.02636948e+01 6.06512260e+01
   vertex 3.39338760e+01 8.79689865e+01 6.06428719e+01
  endloop
 endfacet
 facet normal -6.38173461e-01 -1.71241432e-01 -7.50607073e-01
  outer loop
   vertex 6.42166748e+01 2.54137650e+01 7.19383850e+01
   vertex 6.55191803e+01 3.20778809e+01 6.93144836e+01
   vertex 6.71017838e+01 2.66498108e+01 6.92977753e+01
  endloop
 endfacet
 facet normal -5.80564857e-01 -4.39708978e-01 -6.85274005e-01
  outer loop
   vertex 4.65526886e+01 6.54473190e+01 7.10471344e+01
   vertex 4.73635406e+01 6.21211929e+01 7.24465485e+01
   vertex 4.35062332e+01 6.71076126e+01 7.25464783e+01
  endloop
 endfacet
 facet normal -6.41933680e-01 -5.01723230e-01 -5.79823196e-01
  outer loop
   vertex 4.86404953e+01 6.69935989e+01 6.78899841e+01
   vertex 5.06794434e+01 6.84807053e+01 6.43164368e+01
   vertex 5.16399002e+01 6.51740494e+01 6.61823807e+01
  endloop
 endfacet
 facet normal -6.25454187e-01 -1.73507065e-01 -7.60724902e-01
  outer loop
   vertex 6.42166748e+01 2.54137650e+01 7.19383850e+01
   vertex 6.27432251e+01 3.08022003e+01 7.19884186e+01
   vertex 6.55191803e+01 3.20778809e+01 6.93144836e+01
  endloop
 endfacet
 facet normal -7.18439460e-01 -1.41322091e-01 -6.81082070e-01
  outer loop
   vertex 7.45312729e+01 1.49638062e+01 6.46496353e+01
   vertex 7.25401154e+01 1.67767944e+01 6.63156738e+01
   vertex 7.55773087e+01 1.78906479e+01 6.28503494e+01
  endloop
 endfacet
 facet normal -6.98729753e-01 -1.19097985e-01 -7.05402315e-01
  outer loop
   vertex 7.45312729e+01 1.49638062e+01 6.46496353e+01
   vertex 7.33186340e+01 1.20338135e+01 6.63489838e+01
   vertex 7.25401154e+01 1.67767944e+01 6.63156738e+01
  endloop
 endfacet
 facet normal -7.03122616e-01 -1.53866038e-01 -6.94221735e-01
  outer loop
   vertex 7.35197449e+01 2.01440582e+01 6.45913467e+01
   vertex 7.25401154e+01 1.67767944e+01 6.63156738e+01
   vertex 7.13882904e+01 2.23377075e+01 6.62823181e+01
  endloop
 endfacet
 facet normal -6.58726811e-01 -5.36830068e-01 -5.27155101e-01
  outer loop
   vertex 5.06794434e+01 6.84807053e+01 6.43164368e+01
   vertex 4.95284805e+01 7.17171249e+01 6.23838654e+01
   vertex 5.36880569e+01 6.66112747e+01 6.24088554e+01
  endloop
 endfacet
 facet normal -2.81856656e-01 -2.63903290e-01 -9.22448874e-01
  outer loop
   vertex 1.69967117e+01 7.02203903e+01 8.50166321e+01
   vertex 1.44696350e+01 7.21819992e+01 8.52498779e+01
   vertex 1.63461533e+01 7.43409500e+01 8.40087280e+01
  endloop
 endfacet
 facet normal -3.00436705e-01 -2.80135572e-01 -9.11735654e-01
  outer loop
   vertex 1.69967117e+01 7.02203903e+01 8.50166321e+01
   vertex 1.63461533e+01 7.43409500e+01 8.40087280e+01
   vertex 1.89075699e+01 7.23300095e+01 8.37837982e+01
  endloop
 endfacet
 facet normal -7.02710152e-01 -6.10178828e-01 -3.65896523e-01
  outer loop
   vertex 5.54394608e+01 7.06009293e+01 5.49117508e+01
   vertex 5.30530014e+01 7.44312210e+01 5.32207794e+01
   vertex 5.37428513e+01 7.49771500e+01 5.08717232e+01
  endloop
 endfacet
 facet normal -6.31999969e-01 -4.75860894e-01 -6.11663699e-01
  outer loop
   vertex 4.86404953e+01 6.69935989e+01 6.78899841e+01
   vertex 5.16399002e+01 6.51740494e+01 6.61823807e+01
   vertex 4.95263290e+01 6.36688614e+01 6.95144196e+01
  endloop
 endfacet
 facet normal -6.90435469e-01 -6.28094733e-01 -3.58881444e-01
  outer loop
   vertex 5.30530014e+01 7.44312210e+01 5.32207794e+01
   vertex 5.04004898e+01 7.73236313e+01 5.31791725e+01
   vertex 5.37428513e+01 7.49771500e+01 5.08717232e+01
  endloop
 endfacet
 facet normal -6.26109362e-01 -5.55980742e-01 -5.46692252e-01
  outer loop
   vertex 4.75811844e+01 7.02400589e+01 6.61907272e+01
   vertex 4.50878525e+01 7.30853043e+01 6.62073746e+01
   vertex 4.69765778e+01 7.45779648e+01 6.23671951e+01
  endloop
 endfacet
 facet normal -7.39155114e-01 -1.70978844e-01 -6.51472151e-01
  outer loop
   vertex 7.35197449e+01 2.01440582e+01 6.45913467e+01
   vertex 7.43080139e+01 2.34994354e+01 6.27919388e+01
   vertex 7.55773087e+01 1.78906479e+01 6.28503494e+01
  endloop
 endfacet
 facet normal -7.11131215e-01 -3.65614414e-01 -6.00515187e-01
  outer loop
   vertex 6.41136169e+01 4.73819580e+01 6.44080124e+01
   vertex 6.15790863e+01 4.92933426e+01 6.61907272e+01
   vertex 6.39538956e+01 5.06366501e+01 6.25337944e+01
  endloop
 endfacet
 facet normal -5.68629563e-01 -7.04122126e-01 -4.25291032e-01
  outer loop
   vertex 3.61161270e+01 8.61844254e+01 6.06344872e+01
   vertex 3.39338760e+01 8.79689865e+01 6.06428719e+01
   vertex 3.48093262e+01 8.88432236e+01 5.79938736e+01
  endloop
 endfacet
 facet normal -5.65091968e-01 -6.81463182e-01 -4.65057999e-01
  outer loop
   vertex 3.54611511e+01 8.55558548e+01 6.23921928e+01
   vertex 3.32873688e+01 8.73322372e+01 6.24088554e+01
   vertex 3.61161270e+01 8.61844254e+01 6.06344872e+01
  endloop
 endfacet
 facet normal -6.13672614e-01 -4.65282768e-01 -6.37901127e-01
  outer loop
   vertex 4.65526886e+01 6.54473190e+01 7.10471344e+01
   vertex 4.86404953e+01 6.69935989e+01 6.78899841e+01
   vertex 4.95263290e+01 6.36688614e+01 6.95144196e+01
  endloop
 endfacet
 facet normal -5.98942816e-01 -4.39215750e-01 -6.69594646e-01
  outer loop
   vertex 4.65526886e+01 6.54473190e+01 7.10471344e+01
   vertex 4.95263290e+01 6.36688614e+01 6.95144196e+01
   vertex 4.73635406e+01 6.21211929e+01 7.24465485e+01
  endloop
 endfacet
 facet normal -7.34551668e-01 -1.36437669e-01 -6.64694369e-01
  outer loop
   vertex 7.45312729e+01 1.49638062e+01 6.46496353e+01
   vertex 7.55773087e+01 1.78906479e+01 6.28503494e+01
   vertex 7.64483948e+01 1.30993042e+01 6.29169960e+01
  endloop
 endfacet
 facet normal -6.19976521e-01 -1.40374333e-01 -7.71961272e-01
  outer loop
   vertex 6.54160767e+01 1.99869995e+01 7.18884583e+01
   vertex 6.42166748e+01 2.54137650e+01 7.19383850e+01
   vertex 6.71017838e+01 2.66498108e+01 6.92977753e+01
  endloop
 endfacet
 facet normal -6.42415047e-01 -5.41007638e-01 -5.42783260e-01
  outer loop
   vertex 5.06794434e+01 6.84807053e+01 6.43164368e+01
   vertex 4.75811844e+01 7.02400589e+01 6.61907272e+01
   vertex 4.95284805e+01 7.17171249e+01 6.23838654e+01
  endloop
 endfacet
 facet normal -7.62000620e-01 -1.44280627e-01 -6.31298780e-01
  outer loop
   vertex 7.64483948e+01 1.30993042e+01 6.29169960e+01
   vertex 7.67937927e+01 1.83378677e+01 6.12593117e+01
   vertex 7.77151031e+01 1.35308075e+01 6.13342667e+01
  endloop
 endfacet
 facet normal -7.53238082e-01 -1.50900722e-01 -6.40204132e-01
  outer loop
   vertex 7.64483948e+01 1.30993042e+01 6.29169960e+01
   vertex 7.55773087e+01 1.78906479e+01 6.28503494e+01
   vertex 7.67937927e+01 1.83378677e+01 6.12593117e+01
  endloop
 endfacet
 facet normal -7.88061023e-01 1.05081409e-01 -6.06562257e-01
  outer loop
   vertex 7.64483948e+01 1.30993042e+01 6.29169960e+01
   vertex 7.77151031e+01 1.35308075e+01 6.13342667e+01
   vertex 7.83532257e+01 8.98626709e+00 6.14092674e+01
  endloop
 endfacet
 facet normal -2.63016671e-01 -2.03390136e-01 -9.43109035e-01
  outer loop
   vertex 1.66600113e+01 6.63235092e+01 8.58996429e+01
   vertex 1.69967117e+01 7.02203903e+01 8.50166321e+01
   vertex 1.88412476e+01 6.86796799e+01 8.48333893e+01
  endloop
 endfacet
 facet normal -2.66617358e-01 -1.95648521e-01 -9.43735600e-01
  outer loop
   vertex 1.88784561e+01 6.43813248e+01 8.56664124e+01
   vertex 1.88412476e+01 6.86796799e+01 8.48333893e+01
   vertex 2.11022720e+01 6.66883011e+01 8.46168213e+01
  endloop
 endfacet
 facet normal -6.37141109e-01 -5.59445202e-01 -5.30162513e-01
  outer loop
   vertex 4.75811844e+01 7.02400589e+01 6.61907272e+01
   vertex 4.69765778e+01 7.45779648e+01 6.23671951e+01
   vertex 4.95284805e+01 7.17171249e+01 6.23838654e+01
  endloop
 endfacet
 facet normal -6.18768632e-01 -5.68529248e-01 -5.42125344e-01
  outer loop
   vertex 4.50878525e+01 7.30853043e+01 6.62073746e+01
   vertex 4.32350693e+01 7.50759201e+01 6.62156525e+01
   vertex 4.69765778e+01 7.45779648e+01 6.23671951e+01
  endloop
 endfacet
 facet normal -7.15132594e-01 -6.01594687e-01 -3.55906159e-01
  outer loop
   vertex 5.54394608e+01 7.06009293e+01 5.49117508e+01
   vertex 5.37428513e+01 7.49771500e+01 5.08717232e+01
   vertex 5.81283875e+01 6.98087234e+01 5.09466553e+01
  endloop
 endfacet
 facet normal -7.00510561e-01 -5.97534716e-01 -3.90175939e-01
  outer loop
   vertex 5.54394608e+01 7.06009293e+01 5.49117508e+01
   vertex 5.44361038e+01 7.12489700e+01 5.57114601e+01
   vertex 5.30530014e+01 7.44312210e+01 5.32207794e+01
  endloop
 endfacet
 facet normal -7.58095205e-01 -2.10382387e-01 -6.17277026e-01
  outer loop
   vertex 7.43080139e+01 2.34994354e+01 6.27919388e+01
   vertex 7.27727585e+01 2.90700226e+01 6.27254333e+01
   vertex 7.54825211e+01 2.39624710e+01 6.11843071e+01
  endloop
 endfacet
 facet normal -5.83687007e-01 -6.70572162e-01 -4.57867295e-01
  outer loop
   vertex 3.81192551e+01 8.32635117e+01 6.23754730e+01
   vertex 3.61161270e+01 8.61844254e+01 6.06344872e+01
   vertex 3.87994156e+01 8.38842239e+01 6.06262016e+01
  endloop
 endfacet
 facet normal -6.20538294e-01 -5.84958196e-01 -5.22260547e-01
  outer loop
   vertex 4.32350693e+01 7.50759201e+01 6.62156525e+01
   vertex 4.50819550e+01 7.65844650e+01 6.23671951e+01
   vertex 4.69765778e+01 7.45779648e+01 6.23671951e+01
  endloop
 endfacet
 facet normal -5.97638667e-01 -6.54298484e-01 -4.63380575e-01
  outer loop
   vertex 4.03815308e+01 8.12055435e+01 6.23671951e+01
   vertex 3.87994156e+01 8.38842239e+01 6.06262016e+01
   vertex 4.10784607e+01 8.18181229e+01 6.06262016e+01
  endloop
 endfacet
 facet normal -5.89472055e-01 -6.53800070e-01 -4.74413484e-01
  outer loop
   vertex 4.03815308e+01 8.12055435e+01 6.23671951e+01
   vertex 3.81192551e+01 8.32635117e+01 6.23754730e+01
   vertex 3.87994156e+01 8.38842239e+01 6.06262016e+01
  endloop
 endfacet
 facet normal -6.31897509e-01 -1.39263406e-01 -7.62437701e-01
  outer loop
   vertex 6.54160767e+01 1.99869995e+01 7.18884583e+01
   vertex 6.71017838e+01 2.66498108e+01 6.92977753e+01
   vertex 6.84104767e+01 2.11666641e+01 6.92894897e+01
  endloop
 endfacet
 facet normal -2.92081773e-01 -2.49814704e-01 -9.23190594e-01
  outer loop
   vertex 1.88412476e+01 6.86796799e+01 8.48333893e+01
   vertex 1.69967117e+01 7.02203903e+01 8.50166321e+01
   vertex 1.89075699e+01 7.23300095e+01 8.37837982e+01
  endloop
 endfacet
 facet normal 1.88580215e-01 2.07483247e-01 -9.59889710e-01
  outer loop
   vertex 2.89784546e+01 4.79120178e+01 8.51498566e+01
   vertex 2.57486496e+01 5.22934036e+01 8.54914246e+01
   vertex 2.82260742e+01 5.44051132e+01 8.47417603e+01
  endloop
 endfacet
 facet normal -6.63951278e-01 -1.57515705e-01 -7.30997622e-01
  outer loop
   vertex 6.84104767e+01 2.11666641e+01 6.92894897e+01
   vertex 6.71017838e+01 2.66498108e+01 6.92977753e+01
   vertex 7.13882904e+01 2.23377075e+01 6.62823181e+01
  endloop
 endfacet
 facet normal -6.30699694e-01 -6.00643516e-01 -4.91370857e-01
  outer loop
   vertex 4.69765778e+01 7.45779648e+01 6.23671951e+01
   vertex 4.50819550e+01 7.65844650e+01 6.23671951e+01
   vertex 4.58207016e+01 7.71895523e+01 6.06344872e+01
  endloop
 endfacet
 facet normal -6.25985801e-01 -6.18830323e-01 -4.74542737e-01
  outer loop
   vertex 4.50819550e+01 7.65844650e+01 6.23671951e+01
   vertex 4.34101715e+01 7.96113815e+01 6.06262016e+01
   vertex 4.58207016e+01 7.71895523e+01 6.06344872e+01
  endloop
 endfacet
 facet normal -6.17356062e-01 -6.19293690e-01 -4.85125571e-01
  outer loop
   vertex 4.50819550e+01 7.65844650e+01 6.23671951e+01
   vertex 4.26964569e+01 7.89984665e+01 6.23671951e+01
   vertex 4.34101715e+01 7.96113815e+01 6.06262016e+01
  endloop
 endfacet
 facet normal -6.11787319e-01 -6.37284279e-01 -4.68598992e-01
  outer loop
   vertex 4.26964569e+01 7.89984665e+01 6.23671951e+01
   vertex 4.10784607e+01 8.18181229e+01 6.06262016e+01
   vertex 4.34101715e+01 7.96113815e+01 6.06262016e+01
  endloop
 endfacet
 facet normal -7.07973659e-01 -3.79346937e-01 -5.95709026e-01
  outer loop
   vertex 6.14192047e+01 5.25563126e+01 6.43747635e+01
   vertex 6.39538956e+01 5.06366501e+01 6.25337944e+01
   vertex 6.15790863e+01 4.92933426e+01 6.61907272e+01
  endloop
 endfacet
 facet normal -6.02956533e-01 -6.37355745e-01 -4.79813635e-01
  outer loop
   vertex 4.26964569e+01 7.89984665e+01 6.23671951e+01
   vertex 4.03815308e+01 8.12055435e+01 6.23671951e+01
   vertex 4.10784607e+01 8.18181229e+01 6.06262016e+01
  endloop
 endfacet
 facet normal -3.66817042e-02 4.01547216e-02 -9.98519957e-01
  outer loop
   vertex 2.89784546e+01 4.79120178e+01 8.51498566e+01
   vertex 2.82260742e+01 5.44051132e+01 8.47417603e+01
   vertex 3.15242691e+01 4.99249725e+01 8.44085236e+01
  endloop
 endfacet
 facet normal -2.54794508e-01 -1.63180888e-01 -9.53127384e-01
  outer loop
   vertex 2.26611938e+01 6.07349014e+01 8.52831726e+01
   vertex 2.07602844e+01 6.26245499e+01 8.54747925e+01
   vertex 2.30097733e+01 6.48902817e+01 8.44335480e+01
  endloop
 endfacet
 facet normal -2.63850510e-01 -4.28886618e-03 -9.64554071e-01
  outer loop
   vertex 1.65802536e+01 6.20396347e+01 8.64410858e+01
   vertex 1.66600113e+01 6.63235092e+01 8.58996429e+01
   vertex 1.88784561e+01 6.43813248e+01 8.56664124e+01
  endloop
 endfacet
 facet normal -6.82870626e-01 -1.78707153e-01 -7.08344162e-01
  outer loop
   vertex 7.13882904e+01 2.23377075e+01 6.62823181e+01
   vertex 6.71017838e+01 2.66498108e+01 6.92977753e+01
   vertex 6.99620819e+01 2.78686829e+01 6.62490311e+01
  endloop
 endfacet
 facet normal -7.07562029e-01 -1.88798279e-01 -6.80963457e-01
  outer loop
   vertex 7.21763229e+01 2.57097549e+01 6.45496902e+01
   vertex 7.13882904e+01 2.23377075e+01 6.62823181e+01
   vertex 6.99620819e+01 2.78686829e+01 6.62490311e+01
  endloop
 endfacet
 facet normal -2.80651957e-01 -6.41209260e-02 -9.57665384e-01
  outer loop
   vertex 3.90740433e+01 3.57666855e+01 8.34922638e+01
   vertex 3.70659637e+01 4.03204880e+01 8.37754364e+01
   vertex 4.17919540e+01 3.74829178e+01 8.25508881e+01
  endloop
 endfacet
 facet normal -8.90724421e-01 -3.88024211e-01 -2.36743033e-01
  outer loop
   vertex 7.95836945e+01 3.88344269e+01 4.24083214e+01
   vertex 7.78326111e+01 4.48176346e+01 3.90430260e+01
   vertex 8.03011169e+01 3.92391701e+01 3.91263390e+01
  endloop
 endfacet
 facet normal -2.81407207e-01 -3.54100727e-02 -9.58934903e-01
  outer loop
   vertex 4.22049713e+01 2.63262634e+01 8.29507294e+01
   vertex 4.07845001e+01 3.10907593e+01 8.32173615e+01
   vertex 4.35872269e+01 3.27251587e+01 8.22843628e+01
  endloop
 endfacet
 facet normal -6.99456096e-01 -6.93820298e-01 -1.71390086e-01
  outer loop
   vertex 5.20526810e+01 8.26359940e+01 3.51612167e+01
   vertex 5.24865189e+01 8.30605698e+01 3.17125359e+01
   vertex 5.45155334e+01 8.09983292e+01 3.17292480e+01
  endloop
 endfacet
 facet normal -7.52170265e-01 -6.35929286e-01 -1.72724664e-01
  outer loop
   vertex 6.13134537e+01 7.23999100e+01 3.52944336e+01
   vertex 5.72689819e+01 7.80494614e+01 3.17708225e+01
   vertex 6.17807922e+01 7.28084793e+01 3.18291798e+01
  endloop
 endfacet
 facet normal -9.19414520e-01 -3.06066066e-01 -2.46982828e-01
  outer loop
   vertex 8.36665344e+01 2.74619064e+01 4.25916634e+01
   vertex 8.25044708e+01 3.35725288e+01 3.92096329e+01
   vertex 8.44428101e+01 2.78344498e+01 3.93012772e+01
  endloop
 endfacet
 facet normal -2.81354517e-01 -4.53786813e-02 -9.58530366e-01
  outer loop
   vertex 4.07845001e+01 3.10907593e+01 8.32173615e+01
   vertex 3.90740433e+01 3.57666855e+01 8.34922638e+01
   vertex 4.35872269e+01 3.27251587e+01 8.22843628e+01
  endloop
 endfacet
 facet normal -8.49247992e-01 -4.84576672e-01 -2.09674180e-01
  outer loop
   vertex 7.51076202e+01 5.02997360e+01 3.89680099e+01
   vertex 7.21349030e+01 5.56606674e+01 3.88847160e+01
   vertex 7.27022552e+01 5.60709305e+01 3.55110664e+01
  endloop
 endfacet
 facet normal -5.99168956e-01 -7.96594799e-01 -8.02079067e-02
  outer loop
   vertex 3.77526627e+01 9.77951126e+01 2.00088081e+01
   vertex 3.81414490e+01 9.84021988e+01 1.16120853e+01
   vertex 4.13019257e+01 9.59774094e+01 1.16203871e+01
  endloop
 endfacet
 facet normal -7.71534860e-01 -6.10134602e-01 -1.80193752e-01
  outer loop
   vertex 6.55290909e+01 6.69535599e+01 3.53694916e+01
   vertex 6.13134537e+01 7.23999100e+01 3.52944336e+01
   vertex 6.17807922e+01 7.28084793e+01 3.18291798e+01
  endloop
 endfacet
 facet normal -9.38711643e-01 2.84063280e-01 -1.95265219e-01
  outer loop
   vertex 8.92973633e+01 1.23163223e+01 3.55943451e+01
   vertex 8.83954010e+01 1.20418854e+01 3.95594673e+01
   vertex 8.81258545e+01 1.73626480e+01 3.60524750e+01
  endloop
 endfacet
 facet normal -9.73275006e-01 2.40893494e-02 -2.28375643e-01
  outer loop
   vertex 8.81258545e+01 1.73626480e+01 3.60524750e+01
   vertex 8.83954010e+01 1.20418854e+01 3.95594673e+01
   vertex 8.73564606e+01 1.70652847e+01 3.94761543e+01
  endloop
 endfacet
 facet normal -9.17495847e-01 -3.89860451e-01 -7.88045824e-02
  outer loop
   vertex 8.45629120e+01 3.85425720e+01 1.66601315e+01
   vertex 8.37705841e+01 4.13107719e+01 1.18702946e+01
   vertex 8.52262421e+01 3.73550148e+01 1.47608662e+01
  endloop
 endfacet
 facet normal -8.84408951e-01 -4.61724132e-01 -6.80562407e-02
  outer loop
   vertex 7.94788208e+01 4.95467682e+01 1.61103745e+01
   vertex 7.82161713e+01 5.25229568e+01 1.18203421e+01
   vertex 8.11172638e+01 4.69774246e+01 1.18453417e+01
  endloop
 endfacet
 facet normal -9.17922378e-01 -2.57824212e-01 -3.01571161e-01
  outer loop
   vertex 8.44373779e+01 2.13191223e+01 4.57487183e+01
   vertex 8.28238525e+01 2.70715714e+01 4.56487617e+01
   vertex 8.53138428e+01 2.16851044e+01 4.26916008e+01
  endloop
 endfacet
 facet normal -9.40206170e-01 -3.27269286e-01 -9.43777710e-02
  outer loop
   vertex 8.85318146e+01 2.74762344e+01 1.76930695e+01
   vertex 8.69826202e+01 3.24466705e+01 1.62186279e+01
   vertex 8.74493103e+01 3.15305023e+01 1.47942009e+01
  endloop
 endfacet
 facet normal -9.34966028e-01 -3.45984727e-01 -7.83143789e-02
  outer loop
   vertex 8.69826202e+01 3.24466705e+01 1.62186279e+01
   vertex 8.61760101e+01 3.55395317e+01 1.19036217e+01
   vertex 8.74493103e+01 3.15305023e+01 1.47942009e+01
  endloop
 endfacet
 facet normal -9.48324144e-01 -2.37811670e-01 -2.10063979e-01
  outer loop
   vertex 8.81258545e+01 1.73626480e+01 3.60524750e+01
   vertex 8.75790405e+01 2.26431885e+01 3.24622040e+01
   vertex 8.88540344e+01 1.76343536e+01 3.25288658e+01
  endloop
 endfacet
 facet normal -2.55097210e-01 -2.14147061e-01 -9.42903221e-01
  outer loop
   vertex 1.48411865e+01 6.78231430e+01 8.60828857e+01
   vertex 1.44696350e+01 7.21819992e+01 8.52498779e+01
   vertex 1.69967117e+01 7.02203903e+01 8.50166321e+01
  endloop
 endfacet
 facet normal -8.77136946e-01 -4.57990050e-01 -1.44484892e-01
  outer loop
   vertex 7.99910278e+01 4.61485901e+01 2.54816628e+01
   vertex 7.68034058e+01 5.14222946e+01 2.82972126e+01
   vertex 7.71653290e+01 5.16705399e+01 2.54233761e+01
  endloop
 endfacet
 facet normal -8.77968252e-01 -4.61557359e-01 -1.27029538e-01
  outer loop
   vertex 7.99910278e+01 4.61485901e+01 2.54816628e+01
   vertex 7.71653290e+01 5.16705399e+01 2.54233761e+01
   vertex 7.76751556e+01 5.20381546e+01 2.03587074e+01
  endloop
 endfacet
 facet normal -9.30398643e-01 -2.66226292e-01 -2.51956254e-01
  outer loop
   vertex 8.53138428e+01 2.16851044e+01 4.26916008e+01
   vertex 8.44428101e+01 2.78344498e+01 3.93012772e+01
   vertex 8.61239014e+01 2.20332336e+01 3.93928680e+01
  endloop
 endfacet
 facet normal -9.44402397e-01 -2.48786315e-01 -2.14963987e-01
  outer loop
   vertex 8.81258545e+01 1.73626480e+01 3.60524750e+01
   vertex 8.68762970e+01 2.23469925e+01 3.59775467e+01
   vertex 8.75790405e+01 2.26431885e+01 3.24622040e+01
  endloop
 endfacet
 facet normal -9.41708922e-01 -2.80187845e-01 -1.86223224e-01
  outer loop
   vertex 8.75790405e+01 2.26431885e+01 3.24622040e+01
   vertex 8.65000000e+01 2.87802811e+01 2.85554867e+01
   vertex 8.82737274e+01 2.29224930e+01 2.86221237e+01
  endloop
 endfacet
 facet normal -9.44692016e-01 -3.13687235e-01 -9.56938192e-02
  outer loop
   vertex 8.85318146e+01 2.74762344e+01 1.76930695e+01
   vertex 8.74493103e+01 3.15305023e+01 1.47942009e+01
   vertex 8.89818573e+01 2.65596695e+01 1.62602711e+01
  endloop
 endfacet
 facet normal -6.86829031e-01 -6.68891609e-01 -2.84341127e-01
  outer loop
   vertex 5.18363647e+01 7.85329971e+01 4.77812424e+01
   vertex 4.98410110e+01 8.05708847e+01 4.77562180e+01
   vertex 5.24924698e+01 7.91032486e+01 4.47907867e+01
  endloop
 endfacet
 facet normal -3.18436027e-01 2.83424407e-01 -9.04582262e-01
  outer loop
   vertex 4.84358597e+01 3.67897034e+00 8.09181976e+01
   vertex 5.14002533e+01 4.67489624e+00 7.99769135e+01
   vertex 5.01920395e+01 4.17434692e-01 8.01935425e+01
  endloop
 endfacet
 facet normal -6.93269789e-01 -6.87643945e-01 -2.15691492e-01
  outer loop
   vertex 5.10456696e+01 8.16677475e+01 4.17419510e+01
   vertex 5.15696869e+01 8.21689377e+01 3.85098686e+01
   vertex 5.35902710e+01 8.01148148e+01 3.85348778e+01
  endloop
 endfacet
 facet normal -8.21428061e-01 -5.20330727e-01 -2.33477905e-01
  outer loop
   vertex 7.15015411e+01 5.52157822e+01 4.21501465e+01
   vertex 6.82899170e+01 6.04306412e+01 4.20668335e+01
   vertex 6.88980408e+01 6.08917007e+01 3.88097839e+01
  endloop
 endfacet
 facet normal -8.63868594e-01 -4.19913530e-01 -2.78215230e-01
  outer loop
   vertex 7.64070587e+01 4.39583435e+01 4.53572044e+01
   vertex 7.37407990e+01 4.94165573e+01 4.52739182e+01
   vertex 7.71488190e+01 4.43968735e+01 4.23167572e+01
  endloop
 endfacet
 facet normal -8.28492522e-01 -4.65047985e-01 -3.11978370e-01
  outer loop
   vertex 7.29169388e+01 4.89098206e+01 4.82643814e+01
   vertex 7.00282745e+01 5.42306442e+01 4.81810951e+01
   vertex 7.08184586e+01 5.47533340e+01 4.51906052e+01
  endloop
 endfacet
 facet normal -8.39743614e-01 -4.18365210e-01 -3.46123129e-01
  outer loop
   vertex 7.55412292e+01 4.34675598e+01 4.83560486e+01
   vertex 7.19280014e+01 4.83251572e+01 5.13048553e+01
   vertex 7.29169388e+01 4.89098206e+01 4.82643814e+01
  endloop
 endfacet
 facet normal -6.82474017e-01 -6.98443115e-01 -2.15421513e-01
  outer loop
   vertex 5.10456696e+01 8.16677475e+01 4.17419510e+01
   vertex 4.90331192e+01 8.46467819e+01 3.84765854e+01
   vertex 5.15696869e+01 8.21689377e+01 3.85098686e+01
  endloop
 endfacet
 facet normal -9.60619569e-01 -2.71834314e-01 -5.75863793e-02
  outer loop
   vertex 9.16268311e+01 1.86267014e+01 1.19869080e+01
   vertex 9.02166443e+01 2.37413254e+01 1.19619770e+01
   vertex 9.04972229e+01 2.38880615e+01 5.98097134e+00
  endloop
 endfacet
 facet normal -9.64193702e-01 -2.60846138e-01 -4.78518456e-02
  outer loop
   vertex 9.16268311e+01 1.86267014e+01 1.19869080e+01
   vertex 9.04972229e+01 2.38880615e+01 5.98097134e+00
   vertex 9.19329224e+01 1.87489548e+01 5.99761534e+00
  endloop
 endfacet
 facet normal -5.72711766e-01 -7.72144914e-01 -2.75306165e-01
  outer loop
   vertex 3.74676590e+01 9.15330124e+01 4.76396408e+01
   vertex 3.43753815e+01 9.38757858e+01 4.76146431e+01
   vertex 3.49470596e+01 9.45027847e+01 4.46241875e+01
  endloop
 endfacet
 facet normal -5.82551777e-01 -7.67875195e-01 -2.66460299e-01
  outer loop
   vertex 3.74676590e+01 9.15330124e+01 4.76396408e+01
   vertex 3.49470596e+01 9.45027847e+01 4.46241875e+01
   vertex 3.80563126e+01 9.21437149e+01 4.46490936e+01
  endloop
 endfacet
 facet normal -6.13836706e-01 -7.39015639e-01 -2.77597427e-01
  outer loop
   vertex 4.25344696e+01 8.73769760e+01 4.76729317e+01
   vertex 3.97421646e+01 8.97168198e+01 4.76562958e+01
   vertex 4.03392868e+01 9.03193283e+01 4.46574783e+01
  endloop
 endfacet
 facet normal -6.03270710e-01 -7.51433015e-01 -2.67231822e-01
  outer loop
   vertex 3.97421646e+01 8.97168198e+01 4.76562958e+01
   vertex 3.80563126e+01 9.21437149e+01 4.46490936e+01
   vertex 4.03392868e+01 9.03193283e+01 4.46574783e+01
  endloop
 endfacet
 facet normal -5.86903453e-01 -7.41095006e-01 -3.26071352e-01
  outer loop
   vertex 3.90549011e+01 8.90294266e+01 5.07051239e+01
   vertex 3.62164764e+01 9.02520676e+01 5.30624733e+01
   vertex 3.67972183e+01 9.08375168e+01 5.06884842e+01
  endloop
 endfacet
 facet normal -5.95271766e-01 -7.54343510e-01 -2.76798517e-01
  outer loop
   vertex 3.97421646e+01 8.97168198e+01 4.76562958e+01
   vertex 3.74676590e+01 9.15330124e+01 4.76396408e+01
   vertex 3.80563126e+01 9.21437149e+01 4.46490936e+01
  endloop
 endfacet
 facet normal -6.07788742e-01 -7.57036626e-01 -2.39767328e-01
  outer loop
   vertex 4.03392868e+01 9.03193283e+01 4.46574783e+01
   vertex 3.85709381e+01 9.27030258e+01 4.16253586e+01
   vertex 4.08623810e+01 9.08704605e+01 4.16502533e+01
  endloop
 endfacet
 facet normal -5.64919591e-01 -7.59186208e-01 -3.23267967e-01
  outer loop
   vertex 3.67972183e+01 9.08375168e+01 5.06884842e+01
   vertex 3.31577682e+01 9.25786667e+01 5.30458221e+01
   vertex 3.37216034e+01 9.31805191e+01 5.06717491e+01
  endloop
 endfacet
 facet normal -6.65353954e-01 -7.14828551e-01 -2.15230778e-01
  outer loop
   vertex 4.85092545e+01 8.41373825e+01 4.17169228e+01
   vertex 4.65753250e+01 8.69179153e+01 3.84515915e+01
   vertex 4.90331192e+01 8.46467819e+01 3.84765854e+01
  endloop
 endfacet
 facet normal -6.64937973e-01 -7.25499928e-01 -1.77503198e-01
  outer loop
   vertex 4.94994583e+01 8.51136093e+01 3.51279297e+01
   vertex 4.70414047e+01 8.73930283e+01 3.51111946e+01
   vertex 4.74667511e+01 8.78257370e+01 3.16626053e+01
  endloop
 endfacet
 facet normal -8.83304536e-01 -3.99643958e-01 -2.45066881e-01
  outer loop
   vertex 7.95836945e+01 3.88344269e+01 4.24083214e+01
   vertex 7.71488190e+01 4.43968735e+01 4.23167572e+01
   vertex 7.78326111e+01 4.48176346e+01 3.90430260e+01
  endloop
 endfacet
 facet normal -6.81895196e-01 -7.09432960e-01 -1.78111672e-01
  outer loop
   vertex 5.20526810e+01 8.26359940e+01 3.51612167e+01
   vertex 4.94994583e+01 8.51136093e+01 3.51279297e+01
   vertex 4.99330750e+01 8.55464706e+01 3.16792507e+01
  endloop
 endfacet
 facet normal -8.05516303e-01 -5.49411714e-01 -2.22014010e-01
  outer loop
   vertex 6.82899170e+01 6.04306412e+01 4.20668335e+01
   vertex 6.50037155e+01 6.65273056e+01 3.87264977e+01
   vertex 6.88980408e+01 6.08917007e+01 3.88097839e+01
  endloop
 endfacet
 facet normal -7.46003628e-01 -6.29496574e-01 -2.17284545e-01
  outer loop
   vertex 6.02471008e+01 7.14889603e+01 4.19002647e+01
   vertex 5.63267975e+01 7.71823502e+01 3.85765419e+01
   vertex 6.08048401e+01 7.19657211e+01 3.86514511e+01
  endloop
 endfacet
 facet normal -7.18669534e-01 -6.60823345e-01 -2.16394678e-01
  outer loop
   vertex 5.57774429e+01 7.66973190e+01 4.18169518e+01
   vertex 5.35902710e+01 8.01148148e+01 3.85348778e+01
   vertex 5.63267975e+01 7.71823502e+01 3.85765419e+01
  endloop
 endfacet
 facet normal -5.29313385e-02 -9.93195534e-01 -1.03734545e-01
  outer loop
   vertex 2.58902969e+01 1.05113655e+02 2.49651890e+01
   vertex 2.62395248e+01 1.05611504e+02 1.99838638e+01
   vertex 3.17480240e+01 1.01300865e+02 2.49651890e+01
  endloop
 endfacet
 facet normal -3.26932549e-01 -9.38688874e-01 -1.09445453e-01
  outer loop
   vertex 3.17480240e+01 1.01300865e+02 2.49651890e+01
   vertex 2.62395248e+01 1.05611504e+02 1.99838638e+01
   vertex 3.20972595e+01 1.01790550e+02 1.99838638e+01
  endloop
 endfacet
 facet normal -2.96955794e-01 -9.25178409e-01 2.36351773e-01
  outer loop
   vertex 3.26046982e+01 1.02741264e+02 5.80605650e+00
   vertex 2.67469711e+01 1.06578087e+02 5.80605650e+00
   vertex 3.26518173e+01 1.02900459e+02 5.68434189e-14
  endloop
 endfacet
 facet normal -1.61903687e-02 -8.89422059e-01 4.56800014e-01
  outer loop
   vertex 3.26518173e+01 1.02900459e+02 5.68434189e-14
   vertex 2.67469711e+01 1.06578087e+02 5.80605650e+00
   vertex 2.67940674e+01 1.06739891e+02 5.68434189e-14
  endloop
 endfacet
 facet normal -5.00979573e-02 -9.91705894e-01 -1.18362151e-01
  outer loop
   vertex 2.56543884e+01 1.04795860e+02 2.78057194e+01
   vertex 2.58902969e+01 1.05113655e+02 2.49651890e+01
   vertex 3.15121155e+01 1.00988289e+02 2.78057194e+01
  endloop
 endfacet
 facet normal -3.23569447e-01 -9.37302887e-01 -1.29483983e-01
  outer loop
   vertex 3.15121155e+01 1.00988289e+02 2.78057194e+01
   vertex 2.58902969e+01 1.05113655e+02 2.49651890e+01
   vertex 3.17480240e+01 1.01300865e+02 2.49651890e+01
  endloop
 endfacet
 facet normal -4.59161401e-02 -9.87873614e-01 -1.48315355e-01
  outer loop
   vertex 2.49052811e+01 1.03833199e+02 3.49862633e+01
   vertex 2.52880096e+01 1.04323112e+02 3.15459366e+01
   vertex 3.07630005e+01 1.00041405e+02 3.49862633e+01
  endloop
 endfacet
 facet normal -3.18914473e-01 -9.33353424e-01 -1.64757222e-01
  outer loop
   vertex 3.07630005e+01 1.00041405e+02 3.49862633e+01
   vertex 2.52880096e+01 1.04323112e+02 3.15459366e+01
   vertex 3.11457367e+01 1.00523293e+02 3.15459366e+01
  endloop
 endfacet
 facet normal 2.23112524e-01 -5.51066816e-01 -8.04080963e-01
  outer loop
   vertex 5.25807190e+00 7.87535782e+01 8.56163635e+01
   vertex 7.01906586e+00 8.10319443e+01 8.43502350e+01
   vertex 9.92871094e+00 7.53729019e+01 8.56163635e+01
  endloop
 endfacet
 facet normal -5.74529283e-02 -4.68964964e-01 -8.81346166e-01
  outer loop
   vertex 9.92871094e+00 7.53729019e+01 8.56163635e+01
   vertex 7.01906586e+00 8.10319443e+01 8.43502350e+01
   vertex 1.17371826e+01 7.76139297e+01 8.43502350e+01
  endloop
 endfacet
 facet normal -3.31433028e-01 -9.41453457e-01 -6.17859736e-02
  outer loop
   vertex 3.24772491e+01 1.02422340e+02 1.15954580e+01
   vertex 2.66195297e+01 1.06253807e+02 1.15954580e+01
   vertex 3.26046982e+01 1.02741264e+02 5.80605650e+00
  endloop
 endfacet
 facet normal -5.83712794e-02 -9.97067511e-01 -4.94888760e-02
  outer loop
   vertex 3.26046982e+01 1.02741264e+02 5.80605650e+00
   vertex 2.66195297e+01 1.06253807e+02 1.15954580e+01
   vertex 2.67469711e+01 1.06578087e+02 5.80605650e+00
  endloop
 endfacet
 facet normal -3.29102337e-01 -9.40039337e-01 -8.95413533e-02
  outer loop
   vertex 3.20972595e+01 1.01790550e+02 1.99838638e+01
   vertex 2.62395248e+01 1.05611504e+02 1.99838638e+01
   vertex 3.24772491e+01 1.02422340e+02 1.15954580e+01
  endloop
 endfacet
 facet normal -5.72220199e-02 -9.95665073e-01 -7.33261704e-02
  outer loop
   vertex 3.24772491e+01 1.02422340e+02 1.15954580e+01
   vertex 2.62395248e+01 1.05611504e+02 1.99838638e+01
   vertex 2.66195297e+01 1.06253807e+02 1.15954580e+01
  endloop
 endfacet
 facet normal -4.81278151e-02 -9.89955842e-01 -1.32933065e-01
  outer loop
   vertex 2.52880096e+01 1.04323112e+02 3.15459366e+01
   vertex 2.56543884e+01 1.04795860e+02 2.78057194e+01
   vertex 3.11457367e+01 1.00523293e+02 3.15459366e+01
  endloop
 endfacet
 facet normal -3.21491718e-01 -9.35518086e-01 -1.46454617e-01
  outer loop
   vertex 3.11457367e+01 1.00523293e+02 3.15459366e+01
   vertex 2.56543884e+01 1.04795860e+02 2.78057194e+01
   vertex 3.15121155e+01 1.00988289e+02 2.78057194e+01
  endloop
 endfacet
 facet normal -5.30180812e-01 8.42439175e-01 -9.59404334e-02
  outer loop
   vertex 8.70687256e+01 1.16381989e+01 4.44075890e+01
   vertex 8.29223022e+01 1.03765335e+01 4.30141907e+01
   vertex 8.63736420e+01 1.14267044e+01 4.64234734e+01
  endloop
 endfacet
 facet normal 4.89949770e-02 9.92776096e-01 1.09522022e-01
  outer loop
   vertex 8.63736420e+01 1.14267044e+01 4.64234734e+01
   vertex 8.29223022e+01 1.03765335e+01 4.30141907e+01
   vertex 8.22770538e+01 1.01801987e+01 4.48692093e+01
  endloop
 endfacet
 facet normal -5.30630350e-01 8.42304051e-01 -9.46326256e-02
  outer loop
   vertex 8.56632080e+01 1.12105331e+01 4.84726257e+01
   vertex 8.63736420e+01 1.14267044e+01 4.64234734e+01
   vertex 8.16493683e+01 9.98921204e+00 4.67111244e+01
  endloop
 endfacet
 facet normal 4.10363674e-02 9.90491033e-01 1.31314784e-01
  outer loop
   vertex 8.16493683e+01 9.98921204e+00 4.67111244e+01
   vertex 8.63736420e+01 1.14267044e+01 4.64234734e+01
   vertex 8.22770538e+01 1.01801987e+01 4.48692093e+01
  endloop
 endfacet
 facet normal -5.41494668e-01 8.37811530e-01 -6.96805567e-02
  outer loop
   vertex 8.70687256e+01 1.16381989e+01 4.44075890e+01
   vertex 8.83954010e+01 1.20418854e+01 3.95594673e+01
   vertex 8.29223022e+01 1.03765335e+01 4.30141907e+01
  endloop
 endfacet
 facet normal 4.36136127e-02 9.93480921e-01 1.05325915e-01
  outer loop
   vertex 8.29223022e+01 1.03765335e+01 4.30141907e+01
   vertex 8.83954010e+01 1.20418854e+01 3.95594673e+01
   vertex 8.41784210e+01 1.07587433e+01 3.84082222e+01
  endloop
 endfacet
 facet normal -5.55211842e-01 8.31209600e-01 -2.88162045e-02
  outer loop
   vertex 9.21117249e+01 1.31726761e+01 1.96673088e+01
   vertex 9.24203644e+01 1.32665863e+01 1.67434273e+01
   vertex 8.77803955e+01 1.18547516e+01 1.90926399e+01
  endloop
 endfacet
 facet normal 5.01784235e-02 9.97857094e-01 4.19925898e-02
  outer loop
   vertex 8.77803955e+01 1.18547516e+01 1.90926399e+01
   vertex 9.24203644e+01 1.32665863e+01 1.67434273e+01
   vertex 8.80744019e+01 1.19442062e+01 1.62839203e+01
  endloop
 endfacet
 facet normal -5.16315758e-01 7.00484335e-01 4.92686212e-01
  outer loop
   vertex 9.32962036e+01 1.35330811e+01 0.00000000e+00
   vertex 8.89282684e+01 1.22040176e+01 0.00000000e+00
   vertex 9.31713867e+01 1.34951019e+01 6.28920555e+00
  endloop
 endfacet
 facet normal 9.23554879e-03 9.62884963e-01 2.69753993e-01
  outer loop
   vertex 9.31713867e+01 1.34951019e+01 6.28920555e+00
   vertex 8.89282684e+01 1.22040176e+01 0.00000000e+00
   vertex 8.88069763e+01 1.21671066e+01 6.11686420e+00
  endloop
 endfacet
 facet normal -3.39432389e-01 1.84430018e-01 9.22372580e-01
  outer loop
   vertex 9.20237122e+01 1.87922516e+01 0.00000000e+00
   vertex 8.75967560e+01 1.76440887e+01 0.00000000e+00
   vertex 9.32962036e+01 1.35330811e+01 0.00000000e+00
  endloop
 endfacet
 facet normal 1.57049716e-01 5.59854805e-01 8.13571155e-01
  outer loop
   vertex 9.32962036e+01 1.35330811e+01 0.00000000e+00
   vertex 8.75967560e+01 1.76440887e+01 0.00000000e+00
   vertex 8.89282684e+01 1.22040176e+01 0.00000000e+00
  endloop
 endfacet
 facet normal -4.18936729e-01 8.80756617e-01 -2.20816240e-01
  outer loop
   vertex 7.01860733e+01 6.50118256e+00 6.95493622e+01
   vertex 6.74846878e+01 5.67920685e+00 6.59984360e+01
   vertex 6.66874008e+01 5.43661499e+00 7.21633759e+01
  endloop
 endfacet
 facet normal -5.81827126e-02 9.56173897e-01 2.86960334e-01
  outer loop
   vertex 6.66874008e+01 5.43661499e+00 7.21633759e+01
   vertex 6.74846878e+01 5.67920685e+00 6.59984360e+01
   vertex 6.42491760e+01 4.69471741e+00 6.84142456e+01
  endloop
 endfacet
 facet normal -5.52231014e-01 8.32282305e-01 -4.84458543e-02
  outer loop
   vertex 9.21117249e+01 1.31726761e+01 1.96673088e+01
   vertex 8.77803955e+01 1.18547516e+01 1.90926399e+01
   vertex 9.12337646e+01 1.29055328e+01 2.58315449e+01
  endloop
 endfacet
 facet normal 5.03225811e-02 9.97799754e-01 4.31664772e-02
  outer loop
   vertex 9.12337646e+01 1.29055328e+01 2.58315449e+01
   vertex 8.77803955e+01 1.18547516e+01 1.90926399e+01
   vertex 8.69292603e+01 1.15957642e+01 2.50797653e+01
  endloop
 endfacet
 facet normal -5.46929479e-01 8.35436225e-01 -5.39858080e-02
  outer loop
   vertex 9.12337646e+01 1.29055328e+01 2.58315449e+01
   vertex 8.69292603e+01 1.15957642e+01 2.50797653e+01
   vertex 9.07521362e+01 1.27589874e+01 2.84055309e+01
  endloop
 endfacet
 facet normal 5.46496063e-02 9.96825218e-01 5.79043441e-02
  outer loop
   vertex 9.07521362e+01 1.27589874e+01 2.84055309e+01
   vertex 8.69292603e+01 1.15957642e+01 2.50797653e+01
   vertex 8.64663086e+01 1.14549026e+01 2.75480309e+01
  endloop
 endfacet
 facet normal -2.84613252e-01 9.27185237e-01 -2.43562669e-01
  outer loop
   vertex 5.44080811e+01 1.70028687e+00 7.86940918e+01
   vertex 5.28658447e+01 1.23101807e+00 7.44591827e+01
   vertex 5.01920395e+01 4.17434692e-01 8.01935425e+01
  endloop
 endfacet
 facet normal -1.53338732e-02 9.56485450e-01 2.91376829e-01
  outer loop
   vertex 5.01920395e+01 4.17434692e-01 8.01935425e+01
   vertex 5.28658447e+01 1.23101807e+00 7.44591827e+01
   vertex 4.88201447e+01 0.00000000e+00 7.58881226e+01
  endloop
 endfacet
 facet normal -3.82311702e-01 8.93213630e-01 -2.36658409e-01
  outer loop
   vertex 6.24533157e+01 4.14827728e+00 7.48372650e+01
   vertex 6.03313293e+01 3.50260162e+00 7.08894501e+01
   vertex 5.85136185e+01 2.94950867e+00 7.69114380e+01
  endloop
 endfacet
 facet normal -1.02804020e-01 9.41179752e-01 3.21888179e-01
  outer loop
   vertex 5.85136185e+01 2.94950867e+00 7.69114380e+01
   vertex 6.03313293e+01 3.50260162e+00 7.08894501e+01
   vertex 5.67092514e+01 2.40048218e+00 7.27919006e+01
  endloop
 endfacet
 facet normal -3.99984121e-01 8.87301266e-01 -2.29584873e-01
  outer loop
   vertex 6.66874008e+01 5.43661499e+00 7.21633759e+01
   vertex 6.42491760e+01 4.69471741e+00 6.84142456e+01
   vertex 6.24533157e+01 4.14827728e+00 7.48372650e+01
  endloop
 endfacet
 facet normal -7.91929364e-02 9.49102998e-01 3.04847419e-01
  outer loop
   vertex 6.24533157e+01 4.14827728e+00 7.48372650e+01
   vertex 6.42491760e+01 4.69471741e+00 6.84142456e+01
   vertex 6.03313293e+01 3.50260162e+00 7.08894501e+01
  endloop
 endfacet
 facet normal -4.68455613e-01 8.64356160e-01 -1.82860062e-01
  outer loop
   vertex 7.36637268e+01 7.55935669e+00 6.64905853e+01
   vertex 7.68535767e+01 8.52996063e+00 6.31501846e+01
   vertex 7.06919632e+01 6.65511322e+00 6.31813049e+01
  endloop
 endfacet
 facet normal -3.57339717e-02 9.64378774e-01 2.62100399e-01
  outer loop
   vertex 7.06919632e+01 6.65511322e+00 6.31813049e+01
   vertex 7.68535767e+01 8.52996063e+00 6.31501846e+01
   vertex 7.36805420e+01 7.56446838e+00 6.00439644e+01
  endloop
 endfacet
 facet normal -4.36805904e-01 8.74156356e-01 -2.12252885e-01
  outer loop
   vertex 7.36637268e+01 7.55935669e+00 6.64905853e+01
   vertex 7.06919632e+01 6.65511322e+00 6.31813049e+01
   vertex 7.01860733e+01 6.50118256e+00 6.95493622e+01
  endloop
 endfacet
 facet normal -3.89262401e-02 9.63395238e-01 2.65243918e-01
  outer loop
   vertex 7.01860733e+01 6.50118256e+00 6.95493622e+01
   vertex 7.06919632e+01 6.65511322e+00 6.31813049e+01
   vertex 6.74846878e+01 5.67920685e+00 6.59984360e+01
  endloop
 endfacet
 facet normal -5.41988611e-01 8.37932825e-01 -6.41628280e-02
  outer loop
   vertex 8.99727478e+01 1.25218353e+01 3.25955353e+01
   vertex 8.57049103e+01 1.12232208e+01 3.16510830e+01
   vertex 8.92973633e+01 1.23163223e+01 3.55943451e+01
  endloop
 endfacet
 facet normal 5.47557324e-02 9.95829344e-01 7.29777738e-02
  outer loop
   vertex 8.92973633e+01 1.23163223e+01 3.55943451e+01
   vertex 8.57049103e+01 1.12232208e+01 3.16510830e+01
   vertex 8.50487823e+01 1.10235748e+01 3.45635338e+01
  endloop
 endfacet
 facet normal -5.03454804e-01 8.51308465e-01 -1.47672489e-01
  outer loop
   vertex 8.06092682e+01 9.67272949e+00 5.83187866e+01
   vertex 8.10912781e+01 9.81938934e+00 5.75413246e+01
   vertex 7.70332947e+01 8.58464050e+00 5.57281418e+01
  endloop
 endfacet
 facet normal 7.47382455e-03 9.79973376e-01 1.98988214e-01
  outer loop
   vertex 7.70332947e+01 8.58464050e+00 5.57281418e+01
   vertex 8.10912781e+01 9.81938934e+00 5.75413246e+01
   vertex 7.73940582e+01 8.69441223e+00 5.51321678e+01
  endloop
 endfacet
 facet normal -5.03347814e-01 8.51358473e-01 -1.47748768e-01
  outer loop
   vertex 8.29571533e+01 1.03871384e+01 5.43536911e+01
   vertex 7.91319885e+01 9.22322845e+00 5.21866646e+01
   vertex 8.10912781e+01 9.81938934e+00 5.75413246e+01
  endloop
 endfacet
 facet normal 2.16375161e-02 9.84003305e-01 1.76831320e-01
  outer loop
   vertex 8.10912781e+01 9.81938934e+00 5.75413246e+01
   vertex 7.91319885e+01 9.22322845e+00 5.21866646e+01
   vertex 7.73940582e+01 8.69441223e+00 5.51321678e+01
  endloop
 endfacet
 facet normal -5.57046354e-01 8.30175161e-01 -2.25506779e-02
  outer loop
   vertex 9.31713867e+01 1.34951019e+01 6.28920555e+00
   vertex 8.88069763e+01 1.21671066e+01 6.11686420e+00
   vertex 9.28744812e+01 1.34047699e+01 1.15104742e+01
  endloop
 endfacet
 facet normal 5.07988594e-02 9.98616695e-01 1.35691734e-02
  outer loop
   vertex 9.28744812e+01 1.34047699e+01 1.15104742e+01
   vertex 8.88069763e+01 1.21671066e+01 6.11686420e+00
   vertex 8.85203400e+01 1.20798950e+01 1.11608782e+01
  endloop
 endfacet
 facet normal -5.55033267e-01 8.31294298e-01 -2.97971983e-02
  outer loop
   vertex 9.28744812e+01 1.34047699e+01 1.15104742e+01
   vertex 8.85203400e+01 1.20798950e+01 1.11608782e+01
   vertex 9.24203644e+01 1.32665863e+01 1.67434273e+01
  endloop
 endfacet
 facet normal 5.18338233e-02 9.98315454e-01 2.60665733e-02
  outer loop
   vertex 9.24203644e+01 1.32665863e+01 1.67434273e+01
   vertex 8.85203400e+01 1.20798950e+01 1.11608782e+01
   vertex 8.80744019e+01 1.19442062e+01 1.62839203e+01
  endloop
 endfacet
 facet normal -1.88693583e-01 -2.76052654e-01 9.42438126e-01
  outer loop
   vertex 3.82995911e+01 9.88633347e+01 5.68434189e-14
   vertex 3.26518173e+01 1.02900459e+02 5.68434189e-14
   vertex 3.55544128e+01 9.52064743e+01 5.68434189e-14
  endloop
 endfacet
 facet normal 1.79045245e-01 2.37685755e-01 9.54698026e-01
  outer loop
   vertex 3.55544128e+01 9.52064743e+01 5.68434189e-14
   vertex 3.26518173e+01 1.02900459e+02 5.68434189e-14
   vertex 3.00704193e+01 9.91263657e+01 5.68434189e-14
  endloop
 endfacet
 facet normal -3.15978944e-01 -9.46054310e-02 9.44037676e-01
  outer loop
   vertex 9.20237122e+01 1.87922516e+01 0.00000000e+00
   vertex 9.05794525e+01 2.39479294e+01 0.00000000e+00
   vertex 8.75967560e+01 1.76440887e+01 0.00000000e+00
  endloop
 endfacet
 facet normal 2.92746514e-01 7.61093274e-02 9.53156233e-01
  outer loop
   vertex 8.75967560e+01 1.76440887e+01 0.00000000e+00
   vertex 9.05794525e+01 2.39479294e+01 0.00000000e+00
   vertex 8.62014923e+01 2.26250992e+01 0.00000000e+00
  endloop
 endfacet
 facet normal -3.05902511e-01 -1.20769441e-01 9.44371939e-01
  outer loop
   vertex 8.86366119e+01 2.99359360e+01 0.00000000e+00
   vertex 8.64372101e+01 3.58358803e+01 0.00000000e+00
   vertex 8.43178558e+01 2.84311066e+01 0.00000000e+00
  endloop
 endfacet
 facet normal 2.86929220e-01 9.94537696e-02 9.52775180e-01
  outer loop
   vertex 8.43178558e+01 2.84311066e+01 0.00000000e+00
   vertex 8.64372101e+01 3.58358803e+01 0.00000000e+00
   vertex 8.21867828e+01 3.41470337e+01 0.00000000e+00
  endloop
 endfacet
 facet normal -3.15480381e-01 -9.56808105e-02 9.44096029e-01
  outer loop
   vertex 8.86366119e+01 2.99359360e+01 0.00000000e+00
   vertex 8.43178558e+01 2.84311066e+01 0.00000000e+00
   vertex 9.05794525e+01 2.39479294e+01 0.00000000e+00
  endloop
 endfacet
 facet normal 2.85557508e-01 9.97273624e-02 9.53158617e-01
  outer loop
   vertex 9.05794525e+01 2.39479294e+01 0.00000000e+00
   vertex 8.43178558e+01 2.84311066e+01 0.00000000e+00
   vertex 8.62014923e+01 2.26250992e+01 0.00000000e+00
  endloop
 endfacet
 facet normal -1.99407965e-01 -2.66156703e-01 9.43078518e-01
  outer loop
   vertex 4.37777252e+01 9.45397873e+01 5.68434189e-14
   vertex 3.82995911e+01 9.88633347e+01 5.68434189e-14
   vertex 4.08603821e+01 9.10179520e+01 5.68434189e-14
  endloop
 endfacet
 facet normal 1.91656873e-01 2.29882255e-01 9.54160273e-01
  outer loop
   vertex 4.08603821e+01 9.10179520e+01 5.68434189e-14
   vertex 3.82995911e+01 9.88633347e+01 5.68434189e-14
   vertex 3.55544128e+01 9.52064743e+01 5.68434189e-14
  endloop
 endfacet
 facet normal -2.22096264e-01 -2.43335679e-01 9.44172144e-01
  outer loop
   vertex 5.40727844e+01 8.51475754e+01 2.84217094e-14
   vertex 4.90354309e+01 8.99706497e+01 2.84217094e-14
   vertex 5.08326340e+01 8.19198074e+01 2.84217094e-14
  endloop
 endfacet
 facet normal 2.14508325e-01 2.13242039e-01 9.53159988e-01
  outer loop
   vertex 5.08326340e+01 8.19198074e+01 2.84217094e-14
   vertex 4.90354309e+01 8.99706497e+01 2.84217094e-14
   vertex 4.59531784e+01 8.65920181e+01 5.68434189e-14
  endloop
 endfacet
 facet normal -2.11187005e-01 -2.54602045e-01 9.43704307e-01
  outer loop
   vertex 4.90354309e+01 8.99706497e+01 2.84217094e-14
   vertex 4.37777252e+01 9.45397873e+01 5.68434189e-14
   vertex 4.59531784e+01 8.65920181e+01 5.68434189e-14
  endloop
 endfacet
 facet normal 2.03111917e-01 2.22329855e-01 9.53580081e-01
  outer loop
   vertex 4.59531784e+01 8.65920181e+01 5.68434189e-14
   vertex 4.37777252e+01 9.45397873e+01 5.68434189e-14
   vertex 4.08603821e+01 9.10179520e+01 5.68434189e-14
  endloop
 endfacet
 facet normal -2.33190060e-01 -2.31963202e-01 9.44359839e-01
  outer loop
   vertex 5.88812561e+01 8.00868759e+01 2.84217094e-14
   vertex 5.40727844e+01 8.51475754e+01 2.84217094e-14
   vertex 5.54920883e+01 7.70160294e+01 2.84217094e-14
  endloop
 endfacet
 facet normal 2.25296095e-01 2.03084931e-01 9.52889383e-01
  outer loop
   vertex 5.54920883e+01 7.70160294e+01 2.84217094e-14
   vertex 5.40727844e+01 8.51475754e+01 2.84217094e-14
   vertex 5.08326340e+01 8.19198074e+01 2.84217094e-14
  endloop
 endfacet
 facet normal -2.71352768e-01 -1.83705717e-01 9.44785655e-01
  outer loop
   vertex 6.77521515e+01 6.93021011e+01 2.84217094e-14
   vertex 6.40844727e+01 6.65699234e+01 2.84217094e-14
   vertex 7.17891617e+01 6.36025620e+01 2.84217094e-14
  endloop
 endfacet
 facet normal 2.44141608e-01 1.82392776e-01 9.52432573e-01
  outer loop
   vertex 7.17891617e+01 6.36025620e+01 2.84217094e-14
   vertex 6.40844727e+01 6.65699234e+01 2.84217094e-14
   vertex 6.79980621e+01 6.10440903e+01 2.84217094e-14
  endloop
 endfacet
 facet normal -2.44297147e-01 -2.20318303e-01 9.44340348e-01
  outer loop
   vertex 6.34438248e+01 7.48051834e+01 2.84217094e-14
   vertex 5.88812561e+01 8.00868759e+01 2.84217094e-14
   vertex 5.99118347e+01 7.18998795e+01 2.84217094e-14
  endloop
 endfacet
 facet normal 2.34360769e-01 1.92485407e-01 9.52903152e-01
  outer loop
   vertex 5.99118347e+01 7.18998795e+01 2.84217094e-14
   vertex 5.88812561e+01 8.00868759e+01 2.84217094e-14
   vertex 5.54920883e+01 7.70160294e+01 2.84217094e-14
  endloop
 endfacet
 facet normal -2.78394729e-01 -1.71157911e-01 9.45093274e-01
  outer loop
   vertex 7.17891617e+01 6.36025620e+01 2.84217094e-14
   vertex 6.79980621e+01 6.10440903e+01 2.84217094e-14
   vertex 7.51854401e+01 5.83159409e+01 2.84217094e-14
  endloop
 endfacet
 facet normal 2.53170252e-01 1.71302870e-01 9.52134550e-01
  outer loop
   vertex 7.51854401e+01 5.83159409e+01 2.84217094e-14
   vertex 6.79980621e+01 6.10440903e+01 2.84217094e-14
   vertex 7.12859268e+01 5.59255905e+01 2.84217094e-14
  endloop
 endfacet
 facet normal -2.53754437e-01 -2.08483174e-01 9.44533467e-01
  outer loop
   vertex 6.77521515e+01 6.93021011e+01 2.84217094e-14
   vertex 6.34438248e+01 7.48051834e+01 2.84217094e-14
   vertex 6.40844727e+01 6.65699234e+01 2.84217094e-14
  endloop
 endfacet
 facet normal 2.43682966e-01 1.81130156e-01 9.52790916e-01
  outer loop
   vertex 6.40844727e+01 6.65699234e+01 2.84217094e-14
   vertex 6.34438248e+01 7.48051834e+01 2.84217094e-14
   vertex 5.99118347e+01 7.18998795e+01 2.84217094e-14
  endloop
 endfacet
 facet normal -2.85649210e-01 -1.58165485e-01 9.45192158e-01
  outer loop
   vertex 8.12943726e+01 4.73139420e+01 0.00000000e+00
   vertex 7.83594513e+01 5.28837967e+01 0.00000000e+00
   vertex 7.72039948e+01 4.52673264e+01 0.00000000e+00
  endloop
 endfacet
 facet normal 2.73581445e-01 1.36640549e-01 9.52093780e-01
  outer loop
   vertex 7.72039948e+01 4.52673264e+01 0.00000000e+00
   vertex 7.83594513e+01 5.28837967e+01 0.00000000e+00
   vertex 7.43607712e+01 5.06634750e+01 2.84217094e-14
  endloop
 endfacet
 facet normal -2.99182445e-01 -1.33573100e-01 9.44800556e-01
  outer loop
   vertex 8.64372101e+01 3.58358803e+01 0.00000000e+00
   vertex 8.39897003e+01 4.16313896e+01 0.00000000e+00
   vertex 8.21867828e+01 3.41470337e+01 0.00000000e+00
  endloop
 endfacet
 facet normal 2.83520162e-01 1.11970261e-01 9.52406943e-01
  outer loop
   vertex 8.21867828e+01 3.41470337e+01 0.00000000e+00
   vertex 8.39897003e+01 4.16313896e+01 0.00000000e+00
   vertex 7.98157806e+01 3.97612114e+01 0.00000000e+00
  endloop
 endfacet
 facet normal -2.92437822e-01 -1.46053344e-01 9.45065379e-01
  outer loop
   vertex 8.39897003e+01 4.16313896e+01 0.00000000e+00
   vertex 8.12943726e+01 4.73139420e+01 0.00000000e+00
   vertex 7.98157806e+01 3.97612114e+01 0.00000000e+00
  endloop
 endfacet
 facet normal 2.78982759e-01 1.24582015e-01 9.52180624e-01
  outer loop
   vertex 7.98157806e+01 3.97612114e+01 0.00000000e+00
   vertex 8.12943726e+01 4.73139420e+01 0.00000000e+00
   vertex 7.72039948e+01 4.52673264e+01 0.00000000e+00
  endloop
 endfacet
 facet normal -2.78371185e-01 -1.70394495e-01 9.45238173e-01
  outer loop
   vertex 7.83594513e+01 5.28837967e+01 0.00000000e+00
   vertex 7.51854401e+01 5.83159409e+01 2.84217094e-14
   vertex 7.43607712e+01 5.06634750e+01 2.84217094e-14
  endloop
 endfacet
 facet normal 2.67687172e-01 1.48191407e-01 9.52041447e-01
  outer loop
   vertex 7.43607712e+01 5.06634750e+01 2.84217094e-14
   vertex 7.51854401e+01 5.83159409e+01 2.84217094e-14
   vertex 7.12859268e+01 5.59255905e+01 2.84217094e-14
  endloop
 endfacet
 facet normal -4.68269706e-01 8.63512158e-01 -1.87270626e-01
  outer loop
   vertex 7.83532257e+01 8.98626709e+00 6.14092674e+01
   vertex 7.49990082e+01 7.96565247e+00 5.85191841e+01
   vertex 7.68535767e+01 8.52996063e+00 6.31501846e+01
  endloop
 endfacet
 facet normal -8.73851497e-03 9.73261356e-01 2.29534328e-01
  outer loop
   vertex 7.68535767e+01 8.52996063e+00 6.31501846e+01
   vertex 7.49990082e+01 7.96565247e+00 5.85191841e+01
   vertex 7.36805420e+01 7.56446838e+00 6.00439644e+01
  endloop
 endfacet
 facet normal 3.28505367e-01 6.87299907e-01 -6.47844970e-01
  outer loop
   vertex 1.84280090e+01 6.03239670e+01 8.62494965e+01
   vertex 1.74623718e+01 5.98049240e+01 8.18078156e+01
   vertex 1.65802536e+01 6.20396347e+01 8.64410858e+01
  endloop
 endfacet
 facet normal 3.48984152e-01 8.98334444e-01 2.66843110e-01
  outer loop
   vertex 1.65802536e+01 6.20396347e+01 8.64410858e+01
   vertex 1.74623718e+01 5.98049240e+01 8.18078156e+01
   vertex 1.56290588e+01 6.15015030e+01 8.19985352e+01
  endloop
 endfacet
 facet normal -5.08511901e-01 8.49726200e-01 -1.39215752e-01
  outer loop
   vertex 8.41580963e+01 1.07525635e+01 5.19962234e+01
   vertex 8.02224731e+01 9.55503845e+00 5.00425911e+01
   vertex 8.29571533e+01 1.03871384e+01 5.43536911e+01
  endloop
 endfacet
 facet normal 2.75421496e-02 9.86770034e-01 1.59769475e-01
  outer loop
   vertex 8.29571533e+01 1.03871384e+01 5.43536911e+01
   vertex 8.02224731e+01 9.55503845e+00 5.00425911e+01
   vertex 7.91319885e+01 9.22322845e+00 5.21866646e+01
  endloop
 endfacet
 facet normal -5.19087136e-01 8.46900940e-01 -1.15357444e-01
  outer loop
   vertex 8.41580963e+01 1.07525635e+01 5.19962234e+01
   vertex 8.41734314e+01 1.07572250e+01 5.19629669e+01
   vertex 8.02224731e+01 9.55503845e+00 5.00425911e+01
  endloop
 endfacet
 facet normal 3.07970122e-02 9.86908197e-01 1.58315480e-01
  outer loop
   vertex 8.02224731e+01 9.55503845e+00 5.00425911e+01
   vertex 8.41734314e+01 1.07572250e+01 5.19629669e+01
   vertex 8.02378082e+01 9.55970001e+00 5.00093346e+01
  endloop
 endfacet
 facet normal -5.26680708e-01 8.43778968e-01 -1.03171788e-01
  outer loop
   vertex 8.41734314e+01 1.07572250e+01 5.19629669e+01
   vertex 8.56632080e+01 1.12105331e+01 4.84726257e+01
   vertex 8.02378082e+01 9.55970001e+00 5.00093346e+01
  endloop
 endfacet
 facet normal 3.06871813e-02 9.88808513e-01 1.46000102e-01
  outer loop
   vertex 8.02378082e+01 9.55970001e+00 5.00093346e+01
   vertex 8.56632080e+01 1.12105331e+01 4.84726257e+01
   vertex 8.16493683e+01 9.98921204e+00 4.67111244e+01
  endloop
 endfacet
 facet normal -4.82124835e-01 8.57633173e-01 -1.78943992e-01
  outer loop
   vertex 8.06092682e+01 9.67272949e+00 5.83187866e+01
   vertex 7.70332947e+01 8.58464050e+00 5.57281418e+01
   vertex 7.83532257e+01 8.98626709e+00 6.14092674e+01
  endloop
 endfacet
 facet normal 2.94823200e-03 9.79431868e-01 2.01753631e-01
  outer loop
   vertex 7.83532257e+01 8.98626709e+00 6.14092674e+01
   vertex 7.70332947e+01 8.58464050e+00 5.57281418e+01
   vertex 7.49990082e+01 7.96565247e+00 5.85191841e+01
  endloop
 endfacet
 facet normal -3.66190583e-01 8.98621678e-01 -2.41626948e-01
  outer loop
   vertex 5.85136185e+01 2.94950867e+00 7.69114380e+01
   vertex 5.67092514e+01 2.40048218e+00 7.27919006e+01
   vertex 5.44080811e+01 1.70028687e+00 7.86940918e+01
  endloop
 endfacet
 facet normal -1.26467258e-01 9.33501124e-01 3.35531950e-01
  outer loop
   vertex 5.44080811e+01 1.70028687e+00 7.86940918e+01
   vertex 5.67092514e+01 2.40048218e+00 7.27919006e+01
   vertex 5.28658447e+01 1.23101807e+00 7.44591827e+01
  endloop
 endfacet
 facet normal -5.40704787e-01 8.38853955e-01 -6.29471913e-02
  outer loop
   vertex 8.83954010e+01 1.20418854e+01 3.95594673e+01
   vertex 8.92973633e+01 1.23163223e+01 3.55943451e+01
   vertex 8.41784210e+01 1.07587433e+01 3.84082222e+01
  endloop
 endfacet
 facet normal 5.25418781e-02 9.94787037e-01 8.73960182e-02
  outer loop
   vertex 8.41784210e+01 1.07587433e+01 3.84082222e+01
   vertex 8.92973633e+01 1.23163223e+01 3.55943451e+01
   vertex 8.50487823e+01 1.10235748e+01 3.45635338e+01
  endloop
 endfacet
 facet normal -5.45152605e-01 8.36672366e-01 -5.28012924e-02
  outer loop
   vertex 8.99727478e+01 1.25218353e+01 3.25955353e+01
   vertex 9.07521362e+01 1.27589874e+01 2.84055309e+01
   vertex 8.57049103e+01 1.12232208e+01 3.16510830e+01
  endloop
 endfacet
 facet normal 5.36116175e-02 9.95971799e-01 7.18745217e-02
  outer loop
   vertex 8.57049103e+01 1.12232208e+01 3.16510830e+01
   vertex 9.07521362e+01 1.27589874e+01 2.84055309e+01
   vertex 8.64663086e+01 1.14549026e+01 2.75480309e+01
  endloop
 endfacet
 facet normal 6.19661391e-01 -7.83874631e-01 -3.95003222e-02
  outer loop
   vertex 2.62395248e+01 1.05611504e+02 1.99838638e+01
   vertex 2.58902969e+01 1.05113655e+02 2.49651890e+01
   vertex 2.37537079e+01 1.01801201e+02 1.95070343e+01
  endloop
 endfacet
 facet normal 9.65524852e-01 -2.57772088e-01 3.62671167e-02
  outer loop
   vertex 2.37537079e+01 1.01801201e+02 1.95070343e+01
   vertex 2.58902969e+01 1.05113655e+02 2.49651890e+01
   vertex 2.34150620e+01 1.01311607e+02 2.43763046e+01
  endloop
 endfacet
 facet normal 6.83792159e-02 -3.85521740e-01 9.20161545e-01
  outer loop
   vertex 3.26518173e+01 1.02900459e+02 5.68434189e-14
   vertex 2.67940674e+01 1.06739891e+02 5.68434189e-14
   vertex 3.00704193e+01 9.91263657e+01 5.68434189e-14
  endloop
 endfacet
 facet normal 5.85253477e-01 -3.41783091e-02 8.10129702e-01
  outer loop
   vertex 3.00704193e+01 9.91263657e+01 5.68434189e-14
   vertex 2.67940674e+01 1.06739891e+02 5.68434189e-14
   vertex 2.42876663e+01 1.02914635e+02 5.68434189e-14
  endloop
 endfacet
 facet normal 5.07333398e-01 -7.11760163e-01 4.85808879e-01
  outer loop
   vertex 2.67940674e+01 1.06739891e+02 5.68434189e-14
   vertex 2.67469711e+01 1.06578087e+02 5.80605650e+00
   vertex 2.42876663e+01 1.02914635e+02 5.68434189e-14
  endloop
 endfacet
 facet normal 9.19915140e-01 -2.90183425e-01 2.63722837e-01
  outer loop
   vertex 2.42876663e+01 1.02914635e+02 5.68434189e-14
   vertex 2.67469711e+01 1.06578087e+02 5.80605650e+00
   vertex 2.42431412e+01 1.02754753e+02 5.60925722e+00
  endloop
 endfacet
 facet normal 6.25786245e-01 -7.77708769e-01 -5.96711226e-02
  outer loop
   vertex 2.35276947e+01 1.02147301e+02 4.45658722e+01
   vertex 2.29893341e+01 1.01502022e+02 4.75647125e+01
   vertex 2.11361084e+01 9.84253159e+01 4.34020615e+01
  endloop
 endfacet
 facet normal 9.57364619e-01 -2.66276717e-01 1.12025566e-01
  outer loop
   vertex 2.11361084e+01 9.84253159e+01 4.34020615e+01
   vertex 2.29893341e+01 1.01502022e+02 4.75647125e+01
   vertex 2.06213913e+01 9.78063583e+01 4.62762299e+01
  endloop
 endfacet
 facet normal 6.21530414e-01 -7.82373488e-01 -3.98958847e-02
  outer loop
   vertex 2.58902969e+01 1.05113655e+02 2.49651890e+01
   vertex 2.56543884e+01 1.04795860e+02 2.78057194e+01
   vertex 2.34150620e+01 1.01311607e+02 2.43763046e+01
  endloop
 endfacet
 facet normal 9.64980960e-01 -2.57750124e-01 4.87504192e-02
  outer loop
   vertex 2.34150620e+01 1.01311607e+02 2.43763046e+01
   vertex 2.56543884e+01 1.04795860e+02 2.78057194e+01
   vertex 2.31884537e+01 1.01001534e+02 2.71342754e+01
  endloop
 endfacet
 facet normal 6.22466028e-01 -7.81591654e-01 -4.06266488e-02
  outer loop
   vertex 2.44814987e+01 1.03308632e+02 3.83266563e+01
   vertex 2.20543289e+01 9.95503159e+01 3.73722191e+01
   vertex 2.49052811e+01 1.03833199e+02 3.49862633e+01
  endloop
 endfacet
 facet normal 9.61611271e-01 -2.61462420e-01 8.33135098e-02
  outer loop
   vertex 2.49052811e+01 1.03833199e+02 3.49862633e+01
   vertex 2.20543289e+01 9.95503159e+01 3.73722191e+01
   vertex 2.24627914e+01 1.00059792e+02 3.41352348e+01
  endloop
 endfacet
 facet normal 6.22916460e-01 -7.80982733e-01 -4.51782830e-02
  outer loop
   vertex 2.52880096e+01 1.04323112e+02 3.15459366e+01
   vertex 2.49052811e+01 1.03833199e+02 3.49862633e+01
   vertex 2.28330994e+01 1.00538612e+02 3.07847576e+01
  endloop
 endfacet
 facet normal 9.63459015e-01 -2.59180576e-01 6.76177740e-02
  outer loop
   vertex 2.28330994e+01 1.00538612e+02 3.07847576e+01
   vertex 2.49052811e+01 1.03833199e+02 3.49862633e+01
   vertex 2.24627914e+01 1.00059792e+02 3.41352348e+01
  endloop
 endfacet
 facet normal 6.26484215e-01 -7.76859879e-01 -6.32951558e-02
  outer loop
   vertex 2.29893341e+01 1.01502022e+02 4.75647125e+01
   vertex 2.23611374e+01 1.00770302e+02 5.06218109e+01
   vertex 2.06213913e+01 9.78063583e+01 4.62762299e+01
  endloop
 endfacet
 facet normal 9.54767942e-01 -2.69068033e-01 1.26572490e-01
  outer loop
   vertex 2.06213913e+01 9.78063583e+01 4.62762299e+01
   vertex 2.23611374e+01 1.00770302e+02 5.06218109e+01
   vertex 2.00197067e+01 9.71050491e+01 4.92039986e+01
  endloop
 endfacet
 facet normal 6.17184818e-01 -7.86137760e-01 -3.27148139e-02
  outer loop
   vertex 2.67469711e+01 1.06578087e+02 5.80605650e+00
   vertex 2.66195297e+01 1.06253807e+02 1.15954580e+01
   vertex 2.42431412e+01 1.02754753e+02 5.60925722e+00
  endloop
 endfacet
 facet normal 9.65833306e-01 -2.59122342e-01 4.64492012e-03
  outer loop
   vertex 2.42431412e+01 1.02754753e+02 5.60925722e+00
   vertex 2.66195297e+01 1.06253807e+02 1.15954580e+01
   vertex 2.41228027e+01 1.02435402e+02 1.12604647e+01
  endloop
 endfacet
 facet normal 6.17942810e-01 -7.85263479e-01 -3.88323553e-02
  outer loop
   vertex 2.66195297e+01 1.06253807e+02 1.15954580e+01
   vertex 2.62395248e+01 1.05611504e+02 1.99838638e+01
   vertex 2.41228027e+01 1.02435402e+02 1.12604647e+01
  endloop
 endfacet
 facet normal 9.65792298e-01 -2.58550972e-01 1.99166760e-02
  outer loop
   vertex 2.41228027e+01 1.02435402e+02 1.12604647e+01
   vertex 2.62395248e+01 1.05611504e+02 1.99838638e+01
   vertex 2.37537079e+01 1.01801201e+02 1.95070343e+01
  endloop
 endfacet
 facet normal 6.22176170e-01 -7.81734884e-01 -4.22781929e-02
  outer loop
   vertex 2.56543884e+01 1.04795860e+02 2.78057194e+01
   vertex 2.52880096e+01 1.04323112e+02 3.15459366e+01
   vertex 2.31884537e+01 1.01001534e+02 2.71342754e+01
  endloop
 endfacet
 facet normal 9.64275479e-01 -2.58472770e-01 5.80055006e-02
  outer loop
   vertex 2.31884537e+01 1.01001534e+02 2.71342754e+01
   vertex 2.52880096e+01 1.04323112e+02 3.15459366e+01
   vertex 2.28330994e+01 1.00538612e+02 3.07847576e+01
  endloop
 endfacet
 facet normal 6.25433981e-01 -7.78311729e-01 -5.53458408e-02
  outer loop
   vertex 2.40170059e+01 1.02732460e+02 4.15503235e+01
   vertex 2.35276947e+01 1.02147301e+02 4.45658722e+01
   vertex 2.16069412e+01 9.89914627e+01 4.04897385e+01
  endloop
 endfacet
 facet normal 9.59486723e-01 -2.63318658e-01 1.00242160e-01
  outer loop
   vertex 2.16069412e+01 9.89914627e+01 4.04897385e+01
   vertex 2.35276947e+01 1.02147301e+02 4.45658722e+01
   vertex 2.11361084e+01 9.84253159e+01 4.34020615e+01
  endloop
 endfacet
 facet normal 6.24265432e-01 -7.79441118e-01 -5.25759310e-02
  outer loop
   vertex 2.44814987e+01 1.03308632e+02 3.83266563e+01
   vertex 2.40170059e+01 1.02732460e+02 4.15503235e+01
   vertex 2.20543289e+01 9.95503159e+01 3.73722191e+01
  endloop
 endfacet
 facet normal 9.61058497e-01 -2.61783898e-01 8.85197744e-02
  outer loop
   vertex 2.20543289e+01 9.95503159e+01 3.73722191e+01
   vertex 2.40170059e+01 1.02732460e+02 4.15503235e+01
   vertex 2.16069412e+01 9.89914627e+01 4.04897385e+01
  endloop
 endfacet
 facet normal 1.95694296e-03 9.88524020e-01 1.51051283e-01
  outer loop
   vertex 1.56290588e+01 6.15015030e+01 8.19985352e+01
   vertex 1.00774612e+01 5.48118668e+01 8.67622681e+01
   vertex 1.65802536e+01 6.20396347e+01 8.64410858e+01
  endloop
 endfacet
 facet normal -2.11431161e-01 8.16902101e-01 -5.36626339e-01
  outer loop
   vertex 1.65802536e+01 6.20396347e+01 8.64410858e+01
   vertex 1.00774612e+01 5.48118668e+01 8.67622681e+01
   vertex 1.10286560e+01 5.53499985e+01 9.12048187e+01
  endloop
 endfacet
 facet normal 9.98782694e-01 1.25431567e-02 4.77048084e-02
  outer loop
   vertex 5.30076599e+00 6.97666702e+01 8.30911255e+01
   vertex 6.13637543e+00 7.05210495e+01 8.75239410e+01
   vertex 8.52651283e-14 6.29738235e+01 8.79925537e+01
  endloop
 endfacet
 facet normal 8.02322865e-01 -8.70223418e-02 -5.90512574e-01
  outer loop
   vertex 8.52651283e-14 6.29738235e+01 8.79925537e+01
   vertex 6.13637543e+00 7.05210495e+01 8.75239410e+01
   vertex 8.35617065e-01 6.37282028e+01 9.24253693e+01
  endloop
 endfacet
 facet normal 8.98283005e-01 -4.34793055e-01 6.35815188e-02
  outer loop
   vertex 3.68563538e+01 2.93606110e+01 7.94794922e+01
   vertex 3.79321671e+01 2.94388733e+01 8.39253998e+01
   vertex 2.85462570e+01 2.68499222e+01 8.42652283e+01
  endloop
 endfacet
 facet normal 6.17664039e-01 -4.69598651e-01 -6.30847275e-01
  outer loop
   vertex 2.85462570e+01 2.68499222e+01 8.42652283e+01
   vertex 3.79321671e+01 2.94388733e+01 8.39253998e+01
   vertex 2.96220627e+01 2.69281845e+01 8.87111359e+01
  endloop
 endfacet
 facet normal 5.71881711e-01 8.09557259e-01 1.32545814e-01
  outer loop
   vertex 4.04979706e+01 1.54435120e+01 7.86969604e+01
   vertex 3.21448364e+01 1.30566254e+01 8.34711304e+01
   vertex 4.16080399e+01 1.54342194e+01 8.31340485e+01
  endloop
 endfacet
 facet normal 2.78364986e-01 7.77453423e-01 -5.63985050e-01
  outer loop
   vertex 4.16080399e+01 1.54342194e+01 8.31340485e+01
   vertex 3.21448364e+01 1.30566254e+01 8.34711304e+01
   vertex 3.32549133e+01 1.30473328e+01 8.79082031e+01
  endloop
 endfacet
 facet normal 6.86340809e-01 6.97547436e-01 2.05824733e-01
  outer loop
   vertex 8.50487823e+01 1.10235748e+01 3.45635338e+01
   vertex 8.37845306e+01 1.63471222e+01 3.50266914e+01
   vertex 8.41784210e+01 1.07587433e+01 3.84082222e+01
  endloop
 endfacet
 facet normal 8.51129472e-01 4.69431877e-01 2.34973133e-01
  outer loop
   vertex 8.41784210e+01 1.07587433e+01 3.84082222e+01
   vertex 8.37845306e+01 1.63471222e+01 3.50266914e+01
   vertex 8.30371094e+01 1.60643234e+01 3.83484650e+01
  endloop
 endfacet
 facet normal 3.93513441e-01 2.51908302e-01 -8.84132028e-01
  outer loop
   vertex 2.72793732e+01 9.97636032e+01 4.41622162e+00
   vertex 2.80106583e+01 1.00327278e+02 4.41635370e+00
   vertex 2.91938019e+01 9.79548569e+01 4.41808319e+00
  endloop
 endfacet
 facet normal 2.58964628e-01 6.43203020e-01 -7.20574200e-01
  outer loop
   vertex 2.80106583e+01 1.00327278e+02 4.41635370e+00
   vertex 2.89175797e+01 9.97332077e+01 4.41711235e+00
   vertex 2.91938019e+01 9.79548569e+01 4.41808319e+00
  endloop
 endfacet
 facet normal -1.48836195e-01 5.94314873e-01 -7.90340185e-01
  outer loop
   vertex 2.89175797e+01 9.97332077e+01 4.41711235e+00
   vertex 2.96825638e+01 9.83315964e+01 4.41816711e+00
   vertex 2.91938019e+01 9.79548569e+01 4.41808319e+00
  endloop
 endfacet
 facet normal 1.70429155e-01 6.31234646e-01 -7.56635129e-01
  outer loop
   vertex 2.89175797e+01 9.97332077e+01 4.41711235e+00
   vertex 3.00357437e+01 9.90008774e+01 4.41804504e+00
   vertex 2.96825638e+01 9.83315964e+01 4.41816711e+00
  endloop
 endfacet
 facet normal -7.74264410e-02 1.38460860e-01 -9.87336695e-01
  outer loop
   vertex 3.00357437e+01 9.90008774e+01 4.41804504e+00
   vertex 3.01985931e+01 9.88866653e+01 4.41818523e+00
   vertex 2.96825638e+01 9.83315964e+01 4.41816711e+00
  endloop
 endfacet
 facet normal -3.91273171e-01 1.59886211e-01 -9.06279027e-01
  outer loop
   vertex 3.01985931e+01 9.88866653e+01 4.41818523e+00
   vertex 3.02638397e+01 9.85388870e+01 4.41838074e+00
   vertex 2.96825638e+01 9.83315964e+01 4.41816711e+00
  endloop
 endfacet
 facet normal -2.18871295e-01 9.40993130e-01 -2.58122534e-01
  outer loop
   vertex 3.06698380e+01 9.85504074e+01 4.41859150e+00
   vertex 3.02638397e+01 9.85388870e+01 4.41838074e+00
   vertex 3.01985931e+01 9.88866653e+01 4.41818523e+00
  endloop
 endfacet
 facet normal 9.61882100e-02 6.72899187e-01 7.33453870e-01
  outer loop
   vertex 3.08629074e+01 9.85538406e+01 1.09845161e-01
   vertex 3.02661438e+01 9.85369034e+01 1.09535217e-01
   vertex 3.06698380e+01 9.85504074e+01 4.41859150e+00
  endloop
 endfacet
 facet normal -9.85753722e-03 9.56383407e-01 2.91947961e-01
  outer loop
   vertex 3.06698380e+01 9.85504074e+01 4.41859150e+00
   vertex 3.02661438e+01 9.85369034e+01 1.09535217e-01
   vertex 3.02638397e+01 9.85388870e+01 4.41838074e+00
  endloop
 endfacet
 facet normal 2.04227678e-02 4.39532787e-01 8.97994339e-01
  outer loop
   vertex 3.01702347e+01 9.90481033e+01 1.09248877e-01
   vertex 3.02661438e+01 9.85369034e+01 1.09535217e-01
   vertex 3.08629074e+01 9.85538406e+01 1.09845161e-01
  endloop
 endfacet
 facet normal -2.17457488e-02 6.38149083e-01 7.69605696e-01
  outer loop
   vertex 2.96848602e+01 9.83296127e+01 1.09336853e-01
   vertex 3.02661438e+01 9.85369034e+01 1.09535217e-01
   vertex 2.87963715e+01 9.99574814e+01 1.08095884e-01
  endloop
 endfacet
 facet normal 2.24956095e-01 6.25681520e-01 7.46938705e-01
  outer loop
   vertex 2.87963715e+01 9.99574814e+01 1.08095884e-01
   vertex 3.02661438e+01 9.85369034e+01 1.09535217e-01
   vertex 3.00695648e+01 9.91232681e+01 1.09164476e-01
  endloop
 endfacet
 facet normal 9.83096808e-02 4.47399497e-01 8.88914466e-01
  outer loop
   vertex 3.02661438e+01 9.85369034e+01 1.09535217e-01
   vertex 3.01702347e+01 9.90481033e+01 1.09248877e-01
   vertex 3.00695648e+01 9.91232681e+01 1.09164476e-01
  endloop
 endfacet
 facet normal 3.74765784e-01 2.46625885e-01 8.93714905e-01
  outer loop
   vertex 2.72816620e+01 9.97616043e+01 1.07383728e-01
   vertex 2.91961060e+01 9.79528732e+01 1.09237671e-01
   vertex 2.81148987e+01 1.00403877e+02 1.07522964e-01
  endloop
 endfacet
 facet normal 2.41896346e-01 6.28605247e-01 7.39149213e-01
  outer loop
   vertex 2.81148987e+01 1.00403877e+02 1.07522964e-01
   vertex 2.91961060e+01 9.79528732e+01 1.09237671e-01
   vertex 2.87963715e+01 9.99574814e+01 1.08095884e-01
  endloop
 endfacet
 facet normal -1.53127477e-01 5.87553263e-01 7.94564724e-01
  outer loop
   vertex 2.91961060e+01 9.79528732e+01 1.09237671e-01
   vertex 2.96848602e+01 9.83296127e+01 1.09336853e-01
   vertex 2.87963715e+01 9.99574814e+01 1.08095884e-01
  endloop
 endfacet
 facet normal 9.51657176e-01 -2.39157379e-01 -1.92749456e-01
  outer loop
   vertex 2.72793732e+01 9.97636032e+01 4.41622162e+00
   vertex 2.72816620e+01 9.97616043e+01 1.07383728e-01
   vertex 2.80106583e+01 1.00327278e+02 4.41635370e+00
  endloop
 endfacet
 facet normal 9.04279172e-01 2.74185330e-01 3.27263713e-01
  outer loop
   vertex 2.80106583e+01 1.00327278e+02 4.41635370e+00
   vertex 2.72816620e+01 9.97616043e+01 1.07383728e-01
   vertex 2.81148987e+01 1.00403877e+02 1.07522964e-01
  endloop
 endfacet
 facet normal 2.68841833e-01 -2.40485594e-01 -9.32679355e-01
  outer loop
   vertex 2.64657211e+01 9.85741348e+01 4.41634369e+00
   vertex 2.72793732e+01 9.97636032e+01 4.41622162e+00
   vertex 2.88453827e+01 9.74455032e+01 4.41813660e+00
  endloop
 endfacet
 facet normal -2.45514363e-01 1.05406813e-01 -9.63645220e-01
  outer loop
   vertex 2.88453827e+01 9.74455032e+01 4.41813660e+00
   vertex 2.72793732e+01 9.97636032e+01 4.41622162e+00
   vertex 2.91938019e+01 9.79548569e+01 4.41808319e+00
  endloop
 endfacet
 facet normal -6.09684765e-01 7.10169971e-01 -3.52055550e-01
  outer loop
   vertex 2.91938019e+01 9.79548569e+01 4.41808319e+00
   vertex 2.96825638e+01 9.83315964e+01 4.41816711e+00
   vertex 2.91961060e+01 9.79528732e+01 1.09237671e-01
  endloop
 endfacet
 facet normal -5.31873226e-01 7.70764232e-01 3.50761175e-01
  outer loop
   vertex 2.91961060e+01 9.79528732e+01 1.09237671e-01
   vertex 2.96825638e+01 9.83315964e+01 4.41816711e+00
   vertex 2.96848602e+01 9.83296127e+01 1.09336853e-01
  endloop
 endfacet
 facet normal -3.60329717e-01 8.63863945e-01 -3.51996481e-01
  outer loop
   vertex 2.96825638e+01 9.83315964e+01 4.41816711e+00
   vertex 3.02638397e+01 9.85388870e+01 4.41838074e+00
   vertex 2.96848602e+01 9.83296127e+01 1.09336853e-01
  endloop
 endfacet
 facet normal -2.67718434e-01 8.97349298e-01 3.50843370e-01
  outer loop
   vertex 2.96848602e+01 9.83296127e+01 1.09336853e-01
   vertex 3.02638397e+01 9.85388870e+01 4.41838074e+00
   vertex 3.02661438e+01 9.85369034e+01 1.09535217e-01
  endloop
 endfacet
 facet normal -1.88348204e-01 1.91372052e-01 9.63276565e-01
  outer loop
   vertex 2.88476791e+01 9.74435043e+01 1.09283447e-01
   vertex 2.91961060e+01 9.79528732e+01 1.09237671e-01
   vertex 2.64680176e+01 9.85721359e+01 1.07490540e-01
  endloop
 endfacet
 facet normal 3.20496827e-01 -1.62655130e-01 9.33180094e-01
  outer loop
   vertex 2.64680176e+01 9.85721359e+01 1.07490540e-01
   vertex 2.91961060e+01 9.79528732e+01 1.09237671e-01
   vertex 2.72816620e+01 9.97616043e+01 1.07383728e-01
  endloop
 endfacet
 facet normal 8.16203475e-01 -4.97232229e-01 2.94231236e-01
  outer loop
   vertex 2.64680176e+01 9.85721359e+01 1.07490540e-01
   vertex 2.72816620e+01 9.97616043e+01 1.07383728e-01
   vertex 2.64657211e+01 9.85741348e+01 4.41634369e+00
  endloop
 endfacet
 facet normal 7.59606421e-01 -5.80699265e-01 -2.92893231e-01
  outer loop
   vertex 2.64657211e+01 9.85741348e+01 4.41634369e+00
   vertex 2.72816620e+01 9.97616043e+01 1.07383728e-01
   vertex 2.72793732e+01 9.97636032e+01 4.41622162e+00
  endloop
 endfacet
 facet normal 3.29891026e-01 -1.45811588e-01 -9.32690144e-01
  outer loop
   vertex 2.60594482e+01 9.71914291e+01 4.41676331e+00
   vertex 2.64657211e+01 9.85741348e+01 4.41634369e+00
   vertex 2.86714020e+01 9.68534164e+01 4.41831970e+00
  endloop
 endfacet
 facet normal -2.66180485e-01 2.42026430e-02 -9.63619292e-01
  outer loop
   vertex 2.86714020e+01 9.68534164e+01 4.41831970e+00
   vertex 2.64657211e+01 9.85741348e+01 4.41634369e+00
   vertex 2.88453827e+01 9.74455032e+01 4.41813660e+00
  endloop
 endfacet
 facet normal -7.99335957e-01 4.86948490e-01 -3.52055609e-01
  outer loop
   vertex 2.88453827e+01 9.74455032e+01 4.41813660e+00
   vertex 2.91938019e+01 9.79548569e+01 4.41808319e+00
   vertex 2.88476791e+01 9.74435043e+01 1.09283447e-01
  endloop
 endfacet
 facet normal -7.43977547e-01 5.68749130e-01 3.50744665e-01
  outer loop
   vertex 2.88476791e+01 9.74435043e+01 1.09283447e-01
   vertex 2.91938019e+01 9.79548569e+01 4.41808319e+00
   vertex 2.91961060e+01 9.79528732e+01 1.09237671e-01
  endloop
 endfacet
 facet normal -2.38153532e-01 1.23988330e-01 9.63280737e-01
  outer loop
   vertex 2.86737061e+01 9.68514175e+01 1.09474182e-01
   vertex 2.88476791e+01 9.74435043e+01 1.09283447e-01
   vertex 2.60617523e+01 9.71894608e+01 1.07917786e-01
  endloop
 endfacet
 facet normal 3.55182767e-01 -5.54742031e-02 9.33149397e-01
  outer loop
   vertex 2.60617523e+01 9.71894608e+01 1.07917786e-01
   vertex 2.88476791e+01 9.74435043e+01 1.09283447e-01
   vertex 2.64680176e+01 9.85721359e+01 1.07490540e-01
  endloop
 endfacet
 facet normal 9.29942846e-01 -2.20618516e-01 2.94166267e-01
  outer loop
   vertex 2.60617523e+01 9.71894608e+01 1.07917786e-01
   vertex 2.64680176e+01 9.85721359e+01 1.07490540e-01
   vertex 2.60594482e+01 9.71914291e+01 4.41676331e+00
  endloop
 endfacet
 facet normal 9.01841402e-01 -3.17599446e-01 -2.92937994e-01
  outer loop
   vertex 2.60594482e+01 9.71914291e+01 4.41676331e+00
   vertex 2.64680176e+01 9.85721359e+01 1.07490540e-01
   vertex 2.64657211e+01 9.85741348e+01 4.41634369e+00
  endloop
 endfacet
 facet normal 3.58692080e-01 -3.69062014e-02 -9.32726085e-01
  outer loop
   vertex 2.61003418e+01 9.57508774e+01 4.41745758e+00
   vertex 2.60594482e+01 9.71914291e+01 4.41676331e+00
   vertex 2.86889191e+01 9.62365341e+01 4.41860962e+00
  endloop
 endfacet
 facet normal -2.60743946e-01 -5.94167262e-02 -9.63577867e-01
  outer loop
   vertex 2.86889191e+01 9.62365341e+01 4.41860962e+00
   vertex 2.60594482e+01 9.71914291e+01 4.41676331e+00
   vertex 2.86714020e+01 9.68534164e+01 4.41831970e+00
  endloop
 endfacet
 facet normal -9.10728455e-01 2.16044143e-01 -3.51992279e-01
  outer loop
   vertex 2.86714020e+01 9.68534164e+01 4.41831970e+00
   vertex 2.88453827e+01 9.74455032e+01 4.41813660e+00
   vertex 2.86737061e+01 9.68514175e+01 1.09474182e-01
  endloop
 endfacet
 facet normal -8.83274734e-01 3.11083704e-01 3.50788683e-01
  outer loop
   vertex 2.86737061e+01 9.68514175e+01 1.09474182e-01
   vertex 2.88453827e+01 9.74455032e+01 4.41813660e+00
   vertex 2.88476791e+01 9.74435043e+01 1.09283447e-01
  endloop
 endfacet
 facet normal -2.64701217e-01 4.45044935e-02 9.63302970e-01
  outer loop
   vertex 2.86912231e+01 9.62345352e+01 1.09764099e-01
   vertex 2.86737061e+01 9.68514175e+01 1.09474182e-01
   vertex 2.61026459e+01 9.57488937e+01 1.08604431e-01
  endloop
 endfacet
 facet normal 3.55051070e-01 5.71729094e-02 9.33097005e-01
  outer loop
   vertex 2.61026459e+01 9.57488937e+01 1.08604431e-01
   vertex 2.86737061e+01 9.68514175e+01 1.09474182e-01
   vertex 2.60617523e+01 9.71894608e+01 1.07917786e-01
  endloop
 endfacet
 facet normal 9.52637732e-01 7.76035488e-02 2.94039160e-01
  outer loop
   vertex 2.61026459e+01 9.57488937e+01 1.08604431e-01
   vertex 2.60617523e+01 9.71894608e+01 1.07917786e-01
   vertex 2.61003418e+01 9.57508774e+01 4.41745758e+00
  endloop
 endfacet
 facet normal 9.55811381e-01 -2.34242901e-02 -2.93045819e-01
  outer loop
   vertex 2.61003418e+01 9.57508774e+01 4.41745758e+00
   vertex 2.60617523e+01 9.71894608e+01 1.07917786e-01
   vertex 2.60594482e+01 9.71914291e+01 4.41676331e+00
  endloop
 endfacet
 facet normal 3.52431536e-01 7.55701289e-02 -9.32781398e-01
  outer loop
   vertex 2.65843964e+01 9.43934708e+01 4.41833496e+00
   vertex 2.61003418e+01 9.57508774e+01 4.41745758e+00
   vertex 2.88961945e+01 9.56552505e+01 4.41898346e+00
  endloop
 endfacet
 facet normal -2.29739636e-01 -1.37259871e-01 -9.63524461e-01
  outer loop
   vertex 2.88961945e+01 9.56552505e+01 4.41898346e+00
   vertex 2.61003418e+01 9.57508774e+01 4.41745758e+00
   vertex 2.86889191e+01 9.62365341e+01 4.41860962e+00
  endloop
 endfacet
 facet normal -9.32956278e-01 -7.60287717e-02 -3.51869583e-01
  outer loop
   vertex 2.86889191e+01 9.62365341e+01 4.41860962e+00
   vertex 2.86714020e+01 9.68534164e+01 4.41831970e+00
   vertex 2.86912231e+01 9.62345352e+01 1.09764099e-01
  endloop
 endfacet
 facet normal -9.36134756e-01 2.29745843e-02 3.50890100e-01
  outer loop
   vertex 2.86912231e+01 9.62345352e+01 1.09764099e-01
   vertex 2.86714020e+01 9.68534164e+01 4.41831970e+00
   vertex 2.86737061e+01 9.68514175e+01 1.09474182e-01
  endloop
 endfacet
 facet normal -2.65387297e-01 -3.92900929e-02 9.63340998e-01
  outer loop
   vertex 2.88984909e+01 9.56532669e+01 1.10137939e-01
   vertex 2.86912231e+01 9.62345352e+01 1.09764099e-01
   vertex 2.65867004e+01 9.43914871e+01 1.09489441e-01
  endloop
 endfacet
 facet normal 3.20113987e-01 1.64263114e-01 9.33029830e-01
  outer loop
   vertex 2.65867004e+01 9.43914871e+01 1.09489441e-01
   vertex 2.86912231e+01 9.62345352e+01 1.09764099e-01
   vertex 2.61026459e+01 9.57488937e+01 1.08604431e-01
  endloop
 endfacet
 facet normal 8.82066011e-01 3.68239969e-01 2.93868750e-01
  outer loop
   vertex 2.65867004e+01 9.43914871e+01 1.09489441e-01
   vertex 2.61026459e+01 9.57488937e+01 1.08604431e-01
   vertex 2.65843964e+01 9.43934708e+01 4.41833496e+00
  endloop
 endfacet
 facet normal 9.16234791e-01 2.73029864e-01 -2.93203801e-01
  outer loop
   vertex 2.65843964e+01 9.43934708e+01 4.41833496e+00
   vertex 2.61026459e+01 9.57488937e+01 1.08604431e-01
   vertex 2.61003418e+01 9.57508774e+01 4.41745758e+00
  endloop
 endfacet
 facet normal 3.11729163e-01 1.80596948e-01 -9.32850301e-01
  outer loop
   vertex 2.74642181e+01 9.32520676e+01 4.41933441e+00
   vertex 2.65843964e+01 9.43934708e+01 4.41833496e+00
   vertex 2.92729492e+01 9.51664810e+01 4.41941833e+00
  endloop
 endfacet
 facet normal -1.76185220e-01 -2.01717645e-01 -9.63467062e-01
  outer loop
   vertex 2.92729492e+01 9.51664810e+01 4.41941833e+00
   vertex 2.65843964e+01 9.43934708e+01 4.41833496e+00
   vertex 2.88961945e+01 9.56552505e+01 4.41898346e+00
  endloop
 endfacet
 facet normal -8.63845468e-01 -3.60666752e-01 -3.51696581e-01
  outer loop
   vertex 2.88961945e+01 9.56552505e+01 4.41898346e+00
   vertex 2.86889191e+01 9.62365341e+01 4.41860962e+00
   vertex 2.88984909e+01 9.56532669e+01 1.10137939e-01
  endloop
 endfacet
 facet normal -8.97375822e-01 -2.67362863e-01 3.51046592e-01
  outer loop
   vertex 2.88984909e+01 9.56532669e+01 1.10137939e-01
   vertex 2.86889191e+01 9.62365341e+01 4.41860962e+00
   vertex 2.86912231e+01 9.62345352e+01 1.09764099e-01
  endloop
 endfacet
 facet normal -2.40135387e-01 -1.19191304e-01 9.63394225e-01
  outer loop
   vertex 2.92752380e+01 9.51644821e+01 1.10557556e-01
   vertex 2.88984909e+01 9.56532669e+01 1.10137939e-01
   vertex 2.74665146e+01 9.32500839e+01 1.10488892e-01
  endloop
 endfacet
 facet normal 2.53795624e-01 2.55320519e-01 9.32951868e-01
  outer loop
   vertex 2.74665146e+01 9.32500839e+01 1.10488892e-01
   vertex 2.88984909e+01 9.56532669e+01 1.10137939e-01
   vertex 2.65867004e+01 9.43914871e+01 1.09489441e-01
  endloop
 endfacet
 facet normal 7.25139737e-01 6.22841835e-01 2.93667138e-01
  outer loop
   vertex 2.74665146e+01 9.32500839e+01 1.10488892e-01
   vertex 2.65867004e+01 9.43914871e+01 1.09489441e-01
   vertex 2.74642181e+01 9.32520676e+01 4.41933441e+00
  endloop
 endfacet
 facet normal 7.86988795e-01 5.42740285e-01 -2.93396711e-01
  outer loop
   vertex 2.74642181e+01 9.32520676e+01 4.41933441e+00
   vertex 2.65867004e+01 9.43914871e+01 1.09489441e-01
   vertex 2.65843964e+01 9.43934708e+01 4.41833496e+00
  endloop
 endfacet
 facet normal 2.40555197e-01 2.67912656e-01 -9.32928741e-01
  outer loop
   vertex 2.86536789e+01 9.24384079e+01 4.42034149e+00
   vertex 2.74642181e+01 9.32520676e+01 4.41933441e+00
   vertex 2.97823029e+01 9.48180618e+01 4.41985321e+00
  endloop
 endfacet
 facet normal -1.05332717e-01 -2.46473774e-01 -9.63408351e-01
  outer loop
   vertex 2.97823029e+01 9.48180618e+01 4.41985321e+00
   vertex 2.74642181e+01 9.32520676e+01 4.41933441e+00
   vertex 2.92729492e+01 9.51664810e+01 4.41941833e+00
  endloop
 endfacet
 facet normal -7.10148752e-01 -6.10029876e-01 -3.51500064e-01
  outer loop
   vertex 2.92729492e+01 9.51664810e+01 4.41941833e+00
   vertex 2.88961945e+01 9.56552505e+01 4.41898346e+00
   vertex 2.92752380e+01 9.51644821e+01 1.10557556e-01
  endloop
 endfacet
 facet normal -7.70792902e-01 -5.31512320e-01 3.51244926e-01
  outer loop
   vertex 2.92752380e+01 9.51644821e+01 1.10557556e-01
   vertex 2.88961945e+01 9.56552505e+01 4.41898346e+00
   vertex 2.88984909e+01 9.56532669e+01 1.10137939e-01
  endloop
 endfacet
 facet normal -1.91435978e-01 -1.87388524e-01 9.63450968e-01
  outer loop
   vertex 2.97846069e+01 9.48160782e+01 1.11000061e-01
   vertex 2.92752380e+01 9.51644821e+01 1.10557556e-01
   vertex 2.86559753e+01 9.24364090e+01 1.11495972e-01
  endloop
 endfacet
 facet normal 1.62591413e-01 3.21427107e-01 9.32871163e-01
  outer loop
   vertex 2.86559753e+01 9.24364090e+01 1.11495972e-01
   vertex 2.92752380e+01 9.51644821e+01 1.10557556e-01
   vertex 2.74665146e+01 9.32500839e+01 1.10488892e-01
  endloop
 endfacet
 facet normal 4.97212678e-01 8.16494942e-01 2.93454498e-01
  outer loop
   vertex 2.86559753e+01 9.24364090e+01 1.11495972e-01
   vertex 2.74665146e+01 9.32500839e+01 1.10488892e-01
   vertex 2.86536789e+01 9.24384079e+01 4.42034149e+00
  endloop
 endfacet
 facet normal 5.80722392e-01 7.59313107e-01 -2.93607056e-01
  outer loop
   vertex 2.86536789e+01 9.24384079e+01 4.42034149e+00
   vertex 2.74665146e+01 9.32500839e+01 1.10488892e-01
   vertex 2.74642181e+01 9.32520676e+01 4.41933441e+00
  endloop
 endfacet
 facet normal 1.45877525e-01 3.28958333e-01 -9.33009207e-01
  outer loop
   vertex 3.00363617e+01 9.20321426e+01 4.42127228e+00
   vertex 2.86536789e+01 9.24384079e+01 4.42034149e+00
   vertex 3.03744125e+01 9.46440964e+01 4.42023468e+00
  endloop
 endfacet
 facet normal -2.41324175e-02 -2.67143935e-01 -9.63354409e-01
  outer loop
   vertex 3.03744125e+01 9.46440964e+01 4.42023468e+00
   vertex 2.86536789e+01 9.24384079e+01 4.42034149e+00
   vertex 2.97823029e+01 9.48180618e+01 4.41985321e+00
  endloop
 endfacet
 facet normal -4.86915737e-01 -7.99688339e-01 -3.51299942e-01
  outer loop
   vertex 2.97823029e+01 9.48180618e+01 4.41985321e+00
   vertex 2.92729492e+01 9.51664810e+01 4.41941833e+00
   vertex 2.97846069e+01 9.48160782e+01 1.11000061e-01
  endloop
 endfacet
 facet normal -5.68769932e-01 -7.43630707e-01 3.51445854e-01
  outer loop
   vertex 2.97846069e+01 9.48160782e+01 1.11000061e-01
   vertex 2.92729492e+01 9.51664810e+01 4.41941833e+00
   vertex 2.92752380e+01 9.51644821e+01 1.10557556e-01
  endloop
 endfacet
 facet normal -1.24054007e-01 -2.37197578e-01 9.63508129e-01
  outer loop
   vertex 3.03767014e+01 9.46420975e+01 1.11396790e-01
   vertex 2.97846069e+01 9.48160782e+01 1.11000061e-01
   vertex 3.00386734e+01 9.20301590e+01 1.12426758e-01
  endloop
 endfacet
 facet normal 5.54120466e-02 3.56109351e-01 9.32799876e-01
  outer loop
   vertex 3.00386734e+01 9.20301590e+01 1.12426758e-01
   vertex 2.97846069e+01 9.48160782e+01 1.11000061e-01
   vertex 2.86559753e+01 9.24364090e+01 1.11495972e-01
  endloop
 endfacet
 facet normal 2.20600337e-01 9.30235267e-01 2.93253809e-01
  outer loop
   vertex 3.00386734e+01 9.20301590e+01 1.12426758e-01
   vertex 2.86559753e+01 9.24364090e+01 1.11495972e-01
   vertex 3.00363617e+01 9.20321426e+01 4.42127228e+00
  endloop
 endfacet
 facet normal 3.17621708e-01 9.01548266e-01 -2.93814838e-01
  outer loop
   vertex 3.00363617e+01 9.20321426e+01 4.42127228e+00
   vertex 2.86559753e+01 9.24364090e+01 1.11495972e-01
   vertex 2.86536789e+01 9.24384079e+01 4.42034149e+00
  endloop
 endfacet
 facet normal 3.69774736e-02 3.57765704e-01 -9.33078945e-01
  outer loop
   vertex 3.14769211e+01 9.20730209e+01 4.42201233e+00
   vertex 3.00363617e+01 9.20321426e+01 4.42127228e+00
   vertex 3.09912720e+01 9.46615982e+01 4.42056274e+00
  endloop
 endfacet
 facet normal 5.94843663e-02 -2.61708289e-01 -9.63312209e-01
  outer loop
   vertex 3.09912720e+01 9.46615982e+01 4.42056274e+00
   vertex 3.00363617e+01 9.20321426e+01 4.42127228e+00
   vertex 3.03744125e+01 9.46440964e+01 4.42023468e+00
  endloop
 endfacet
 facet normal -2.16017395e-01 -9.11080897e-01 -3.51095617e-01
  outer loop
   vertex 3.03744125e+01 9.46440964e+01 4.42023468e+00
   vertex 2.97823029e+01 9.48180618e+01 4.41985321e+00
   vertex 3.03767014e+01 9.46420975e+01 1.11396790e-01
  endloop
 endfacet
 facet normal -3.11103821e-01 -8.82927954e-01 3.51642847e-01
  outer loop
   vertex 3.03767014e+01 9.46420975e+01 1.11396790e-01
   vertex 2.97823029e+01 9.48180618e+01 4.41985321e+00
   vertex 2.97846069e+01 9.48160782e+01 1.11000061e-01
  endloop
 endfacet
 facet normal -4.45731133e-02 -2.63741285e-01 9.63563085e-01
  outer loop
   vertex 3.09935684e+01 9.46596146e+01 1.11724854e-01
   vertex 3.03767014e+01 9.46420975e+01 1.11396790e-01
   vertex 3.14792252e+01 9.20710373e+01 1.13166809e-01
  endloop
 endfacet
 facet normal -5.72362468e-02 3.55979323e-01 9.32739377e-01
  outer loop
   vertex 3.14792252e+01 9.20710373e+01 1.13166809e-01
   vertex 3.03767014e+01 9.46420975e+01 1.11396790e-01
   vertex 3.00386734e+01 9.20301590e+01 1.12426758e-01
  endloop
 endfacet
 facet normal -7.76181668e-02 9.52929556e-01 2.93088198e-01
  outer loop
   vertex 3.14792252e+01 9.20710373e+01 1.13166809e-01
   vertex 3.00386734e+01 9.20301590e+01 1.12426758e-01
   vertex 3.14769211e+01 9.20730209e+01 4.42201233e+00
  endloop
 endfacet
 facet normal 2.34499201e-02 9.55519497e-01 -2.93994278e-01
  outer loop
   vertex 3.14769211e+01 9.20730209e+01 4.42201233e+00
   vertex 3.00386734e+01 9.20301590e+01 1.12426758e-01
   vertex 3.00363617e+01 9.20321426e+01 4.42127228e+00
  endloop
 endfacet
 facet normal -7.54924789e-02 3.51507157e-01 -9.33136463e-01
  outer loop
   vertex 3.28343353e+01 9.25570755e+01 4.42253113e+00
   vertex 3.14769211e+01 9.20730209e+01 4.42201233e+00
   vertex 3.15725555e+01 9.48688736e+01 4.42077637e+00
  endloop
 endfacet
 facet normal 1.37337133e-01 -2.30691180e-01 -9.63286102e-01
  outer loop
   vertex 3.15725555e+01 9.48688736e+01 4.42077637e+00
   vertex 3.14769211e+01 9.20730209e+01 4.42201233e+00
   vertex 3.09912720e+01 9.46615982e+01 4.42056274e+00
  endloop
 endfacet
 facet normal 7.60500953e-02 -9.33308005e-01 -3.50931019e-01
  outer loop
   vertex 3.09912720e+01 9.46615982e+01 4.42056274e+00
   vertex 3.03744125e+01 9.46440964e+01 4.42023468e+00
   vertex 3.09935684e+01 9.46596146e+01 1.11724854e-01
  endloop
 endfacet
 facet normal -2.30034404e-02 -9.35783267e-01 3.51824492e-01
  outer loop
   vertex 3.09935684e+01 9.46596146e+01 1.11724854e-01
   vertex 3.03744125e+01 9.46440964e+01 4.42023468e+00
   vertex 3.03767014e+01 9.46420975e+01 1.11396790e-01
  endloop
 endfacet
 facet normal 3.92183773e-02 -2.64426470e-01 9.63608086e-01
  outer loop
   vertex 3.15748520e+01 9.48668900e+01 1.11930847e-01
   vertex 3.09935684e+01 9.46596146e+01 1.11724854e-01
   vertex 3.28366394e+01 9.25550766e+01 1.13677979e-01
  endloop
 endfacet
 facet normal -1.64331287e-01 3.21042806e-01 9.32698607e-01
  outer loop
   vertex 3.28366394e+01 9.25550766e+01 1.13677979e-01
   vertex 3.09935684e+01 9.46596146e+01 1.11724854e-01
   vertex 3.14792252e+01 9.20710373e+01 1.13166809e-01
  endloop
 endfacet
 facet normal -3.68257552e-01 8.82360399e-01 2.92961687e-01
  outer loop
   vertex 3.28366394e+01 9.25550766e+01 1.13677979e-01
   vertex 3.14792252e+01 9.20710373e+01 1.13166809e-01
   vertex 3.28343353e+01 9.25570755e+01 4.42253113e+00
  endloop
 endfacet
 facet normal -2.73000568e-01 9.15945053e-01 -2.94135004e-01
  outer loop
   vertex 3.28343353e+01 9.25570755e+01 4.42253113e+00
   vertex 3.14792252e+01 9.20710373e+01 1.13166809e-01
   vertex 3.14769211e+01 9.20730209e+01 4.42201233e+00
  endloop
 endfacet
 facet normal -1.80529714e-01 3.10796499e-01 -9.33174431e-01
  outer loop
   vertex 3.39757462e+01 9.34368973e+01 4.42272949e+00
   vertex 3.28343353e+01 9.25570755e+01 4.42253113e+00
   vertex 3.20613251e+01 9.52456436e+01 4.42087555e+00
  endloop
 endfacet
 facet normal 2.01791748e-01 -1.77141860e-01 -9.63276088e-01
  outer loop
   vertex 3.20613251e+01 9.52456436e+01 4.42087555e+00
   vertex 3.28343353e+01 9.25570755e+01 4.42253113e+00
   vertex 3.15725555e+01 9.48688736e+01 4.42077637e+00
  endloop
 endfacet
 facet normal 3.60698342e-01 -8.64191473e-01 -3.50813061e-01
  outer loop
   vertex 3.15725555e+01 9.48688736e+01 4.42077637e+00
   vertex 3.09912720e+01 9.46615982e+01 4.42056274e+00
   vertex 3.15748520e+01 9.48668900e+01 1.11930847e-01
  endloop
 endfacet
 facet normal 2.67337441e-01 -8.97025943e-01 3.51958960e-01
  outer loop
   vertex 3.15748520e+01 9.48668900e+01 1.11930847e-01
   vertex 3.09912720e+01 9.46615982e+01 4.42056274e+00
   vertex 3.09935684e+01 9.46596146e+01 1.11724854e-01
  endloop
 endfacet
 facet normal 1.19124874e-01 -2.39177689e-01 9.63640630e-01
  outer loop
   vertex 3.20636215e+01 9.52436447e+01 1.12022400e-01
   vertex 3.15748520e+01 9.48668900e+01 1.11930847e-01
   vertex 3.39780350e+01 9.34348984e+01 1.13876343e-01
  endloop
 endfacet
 facet normal -2.55388677e-01 2.54726380e-01 9.32679534e-01
  outer loop
   vertex 3.39780350e+01 9.34348984e+01 1.13876343e-01
   vertex 3.15748520e+01 9.48668900e+01 1.11930847e-01
   vertex 3.28366394e+01 9.25550766e+01 1.13677979e-01
  endloop
 endfacet
 facet normal -6.22866213e-01 7.25429535e-01 2.92898685e-01
  outer loop
   vertex 3.39780350e+01 9.34348984e+01 1.13876343e-01
   vertex 3.28366394e+01 9.25550766e+01 1.13677979e-01
   vertex 3.39757462e+01 9.34368973e+01 4.42272949e+00
  endloop
 endfacet
 facet normal -5.42718768e-01 7.86695123e-01 -2.94222832e-01
  outer loop
   vertex 3.39757462e+01 9.34368973e+01 4.42272949e+00
   vertex 3.28366394e+01 9.25550766e+01 1.13677979e-01
   vertex 3.28343353e+01 9.25570755e+01 4.42253113e+00
  endloop
 endfacet
 facet normal -2.67849982e-01 2.39619195e-01 -9.33187544e-01
  outer loop
   vertex 3.47893982e+01 9.46263657e+01 4.42259216e+00
   vertex 3.39757462e+01 9.34368973e+01 4.42272949e+00
   vertex 3.24097366e+01 9.57549973e+01 4.42082214e+00
  endloop
 endfacet
 facet normal 2.46540248e-01 -1.06302440e-01 -9.63284850e-01
  outer loop
   vertex 3.24097366e+01 9.57549973e+01 4.42082214e+00
   vertex 3.39757462e+01 9.34368973e+01 4.42272949e+00
   vertex 3.20613251e+01 9.52456436e+01 4.42087555e+00
  endloop
 endfacet
 facet normal 6.10057771e-01 -7.10494578e-01 -3.50751966e-01
  outer loop
   vertex 3.20613251e+01 9.52456436e+01 4.42087555e+00
   vertex 3.15725555e+01 9.48688736e+01 4.42077637e+00
   vertex 3.20636215e+01 9.52436447e+01 1.12022400e-01
  endloop
 endfacet
 facet normal 5.31494081e-01 -7.70439386e-01 3.52047235e-01
  outer loop
   vertex 3.20636215e+01 9.52436447e+01 1.12022400e-01
   vertex 3.15725555e+01 9.48688736e+01 4.42077637e+00
   vertex 3.15748520e+01 9.48668900e+01 1.11930847e-01
  endloop
 endfacet
 facet normal 1.87324643e-01 -1.90481469e-01 9.63652551e-01
  outer loop
   vertex 3.24120331e+01 9.57530136e+01 1.11976624e-01
   vertex 3.20636215e+01 9.52436447e+01 1.12022400e-01
   vertex 3.47916870e+01 9.46243668e+01 1.13761902e-01
  endloop
 endfacet
 facet normal -3.21489990e-01 1.63517386e-01 9.32687640e-01
  outer loop
   vertex 3.47916870e+01 9.46243668e+01 1.13761902e-01
   vertex 3.20636215e+01 9.52436447e+01 1.12022400e-01
   vertex 3.39780350e+01 9.34348984e+01 1.13876343e-01
  endloop
 endfacet
 facet normal -8.16514552e-01 4.97504652e-01 2.92904586e-01
  outer loop
   vertex 3.47916870e+01 9.46243668e+01 1.13761902e-01
   vertex 3.39780350e+01 9.34348984e+01 1.13876343e-01
   vertex 3.47893982e+01 9.46263657e+01 4.42259216e+00
  endloop
 endfacet
 facet normal -7.59294808e-01 5.80427110e-01 -2.94237643e-01
  outer loop
   vertex 3.47893982e+01 9.46263657e+01 4.42259216e+00
   vertex 3.39780350e+01 9.34348984e+01 1.13876343e-01
   vertex 3.39757462e+01 9.34368973e+01 4.42272949e+00
  endloop
 endfacet
 facet normal 9.23506692e-02 4.56846833e-01 -8.84738564e-01
  outer loop
   vertex 3.47893982e+01 9.46263657e+01 4.42259216e+00
   vertex 3.24097366e+01 9.57549973e+01 4.42082214e+00
   vertex 3.50285339e+01 9.54402237e+01 4.42234993e+00
  endloop
 endfacet
 facet normal 5.05773902e-01 4.73836035e-01 -7.20882952e-01
  outer loop
   vertex 3.50285339e+01 9.54402237e+01 4.42234993e+00
   vertex 3.24097366e+01 9.57549973e+01 4.42082214e+00
   vertex 3.40177231e+01 9.61614914e+01 4.42148161e+00
  endloop
 endfacet
 facet normal 6.08834922e-01 7.62153566e-02 -7.89627254e-01
  outer loop
   vertex 3.24097366e+01 9.57549973e+01 4.42082214e+00
   vertex 3.25837173e+01 9.63470688e+01 4.42063141e+00
   vertex 3.40177231e+01 9.61614914e+01 4.42148161e+00
  endloop
 endfacet
 facet normal 7.99708962e-01 -4.87275004e-01 -3.50754380e-01
  outer loop
   vertex 3.24097366e+01 9.57549973e+01 4.42082214e+00
   vertex 3.20613251e+01 9.52456436e+01 4.42087555e+00
   vertex 3.24120331e+01 9.57530136e+01 1.11976624e-01
  endloop
 endfacet
 facet normal 7.43604839e-01 -5.68424106e-01 3.52059424e-01
  outer loop
   vertex 3.24120331e+01 9.57530136e+01 1.11976624e-01
   vertex 3.20613251e+01 9.52456436e+01 4.42087555e+00
   vertex 3.20636215e+01 9.52436447e+01 1.12022400e-01
  endloop
 endfacet
 facet normal 9.49495807e-02 4.43647265e-01 8.91157508e-01
  outer loop
   vertex 3.47916870e+01 9.46243668e+01 1.13761902e-01
   vertex 3.50652161e+01 9.55552597e+01 1.13479376e-01
   vertex 3.24120331e+01 9.57530136e+01 1.11976624e-01
  endloop
 endfacet
 facet normal 4.97421324e-01 4.53788489e-01 7.39356518e-01
  outer loop
   vertex 3.50652161e+01 9.55552597e+01 1.13479376e-01
   vertex 3.42623596e+01 9.61281357e+01 1.12787485e-01
   vertex 3.24120331e+01 9.57530136e+01 1.11976624e-01
  endloop
 endfacet
 facet normal 5.99524975e-01 6.81371763e-02 7.97450364e-01
  outer loop
   vertex 3.42623596e+01 9.61281357e+01 1.12787485e-01
   vertex 3.25860214e+01 9.63451004e+01 1.11793518e-01
   vertex 3.24120331e+01 9.57530136e+01 1.11976624e-01
  endloop
 endfacet
 facet normal -7.18599483e-02 9.44695055e-01 3.19980353e-01
  outer loop
   vertex 3.50652161e+01 9.55552597e+01 1.13479376e-01
   vertex 3.47916870e+01 9.46243668e+01 1.13761902e-01
   vertex 3.50285339e+01 9.54402237e+01 4.42234993e+00
  endloop
 endfacet
 facet normal -5.68130553e-01 7.99508452e-01 -1.94971517e-01
  outer loop
   vertex 3.50285339e+01 9.54402237e+01 4.42234993e+00
   vertex 3.47916870e+01 9.46243668e+01 1.13761902e-01
   vertex 3.47893982e+01 9.46263657e+01 4.42259216e+00
  endloop
 endfacet
 facet normal 5.30012071e-01 3.82743150e-01 -7.56699979e-01
  outer loop
   vertex 3.40177231e+01 9.61614914e+01 4.42148161e+00
   vertex 3.25837173e+01 9.63470688e+01 4.42063141e+00
   vertex 3.28250427e+01 9.70125351e+01 4.42045689e+00
  endloop
 endfacet
 facet normal 6.07594311e-01 2.16984466e-01 -7.64033318e-01
  outer loop
   vertex 3.28250427e+01 9.70125351e+01 4.42045689e+00
   vertex 3.25837173e+01 9.63470688e+01 4.42063141e+00
   vertex 3.25662155e+01 9.69639816e+01 4.42034149e+00
  endloop
 endfacet
 facet normal 9.11102712e-01 -2.16380626e-01 -3.50815237e-01
  outer loop
   vertex 3.25837173e+01 9.63470688e+01 4.42063141e+00
   vertex 3.24097366e+01 9.57549973e+01 4.42082214e+00
   vertex 3.25860214e+01 9.63451004e+01 1.11793518e-01
  endloop
 endfacet
 facet normal 8.82898390e-01 -3.10764372e-01 3.52016956e-01
  outer loop
   vertex 3.25860214e+01 9.63451004e+01 1.11793518e-01
   vertex 3.24097366e+01 9.57549973e+01 4.42082214e+00
   vertex 3.24120331e+01 9.57530136e+01 1.11976624e-01
  endloop
 endfacet
 facet normal 5.99452555e-01 2.08945617e-01 7.72656739e-01
  outer loop
   vertex 3.25685043e+01 9.69619675e+01 1.11495972e-01
   vertex 3.25860214e+01 9.63451004e+01 1.11793518e-01
   vertex 3.29844589e+01 9.70400009e+01 1.11680984e-01
  endloop
 endfacet
 facet normal 5.15676081e-01 3.65607977e-01 7.74860620e-01
  outer loop
   vertex 3.29844589e+01 9.70400009e+01 1.11680984e-01
   vertex 3.25860214e+01 9.63451004e+01 1.11793518e-01
   vertex 3.42623596e+01 9.61281357e+01 1.12787485e-01
  endloop
 endfacet
 facet normal 6.33233249e-01 5.09065330e-01 5.82982123e-01
  outer loop
   vertex 3.23892288e+01 9.74647293e+01 1.11166000e-01
   vertex 3.25685043e+01 9.69619675e+01 1.11495972e-01
   vertex 3.29844589e+01 9.70400009e+01 1.11680984e-01
  endloop
 endfacet
 facet normal 9.01713848e-01 4.30928737e-01 -3.48217301e-02
  outer loop
   vertex 3.25662155e+01 9.69639816e+01 4.42034149e+00
   vertex 3.25685043e+01 9.69619675e+01 1.11495972e-01
   vertex 3.24546356e+01 9.72768478e+01 4.42013216e+00
  endloop
 endfacet
 facet normal 7.59243965e-01 5.78622043e-01 2.97901154e-01
  outer loop
   vertex 3.24546356e+01 9.72768478e+01 4.42013216e+00
   vertex 3.25685043e+01 9.69619675e+01 1.11495972e-01
   vertex 3.23892288e+01 9.74647293e+01 1.11166000e-01
  endloop
 endfacet
 facet normal 6.48190916e-01 5.20109653e-01 -5.56178451e-01
  outer loop
   vertex 3.28250427e+01 9.70125351e+01 4.42045689e+00
   vertex 3.25662155e+01 9.69639816e+01 4.42034149e+00
   vertex 3.24546356e+01 9.72768478e+01 4.42013216e+00
  endloop
 endfacet
 facet normal 9.33330536e-01 7.56978989e-02 -3.50947142e-01
  outer loop
   vertex 3.25662155e+01 9.69639816e+01 4.42034149e+00
   vertex 3.25837173e+01 9.63470688e+01 4.42063141e+00
   vertex 3.25685043e+01 9.69619675e+01 1.11495972e-01
  endloop
 endfacet
 facet normal 9.35757756e-01 -2.26561800e-02 3.51914972e-01
  outer loop
   vertex 3.25685043e+01 9.69619675e+01 1.11495972e-01
   vertex 3.25837173e+01 9.63470688e+01 4.42063141e+00
   vertex 3.25860214e+01 9.63451004e+01 1.11793518e-01
  endloop
 endfacet
 facet normal 6.05282843e-01 3.53601664e-01 7.13160932e-01
  outer loop
   vertex 7.43607712e+01 5.06634750e+01 2.84217094e-14
   vertex 7.12859268e+01 5.59255905e+01 2.84217094e-14
   vertex 7.43015366e+01 5.07631836e+01 1.12467766e-01
  endloop
 endfacet
 facet normal 6.03826880e-01 3.58913422e-01 7.11740315e-01
  outer loop
   vertex 7.43015366e+01 5.07631836e+01 1.12467766e-01
   vertex 7.12859268e+01 5.59255905e+01 2.84217094e-14
   vertex 7.42338562e+01 5.08790131e+01 1.12379074e-01
  endloop
 endfacet
 facet normal 7.50156522e-01 3.67213637e-01 5.49926698e-01
  outer loop
   vertex 7.42338562e+01 5.08790131e+01 1.12379074e-01
   vertex 7.12859268e+01 5.59255905e+01 2.84217094e-14
   vertex 7.38271332e+01 5.15750580e+01 1.11840010e-01
  endloop
 endfacet
 facet normal 8.34147871e-01 5.49312711e-01 4.95267771e-02
  outer loop
   vertex 7.24692307e+01 5.38475189e+01 3.59150553e+00
   vertex 7.38241119e+01 5.15668411e+01 1.01896930e+00
   vertex 7.25062408e+01 5.38355942e+01 1.10082150e-01
  endloop
 endfacet
 facet normal 6.02812290e-01 3.64063889e-01 7.09982276e-01
  outer loop
   vertex 7.12864304e+01 5.59231262e+01 1.08469725e-01
   vertex 7.22191010e+01 5.43269958e+01 1.09700918e-01
   vertex 7.12859268e+01 5.59255905e+01 2.84217094e-14
  endloop
 endfacet
 facet normal 9.21679616e-01 3.75957400e-01 9.57222208e-02
  outer loop
   vertex 7.38241119e+01 5.15668411e+01 1.01896930e+00
   vertex 7.38271332e+01 5.15750580e+01 1.11840010e-01
   vertex 7.25062408e+01 5.38355942e+01 1.10082150e-01
  endloop
 endfacet
 facet normal 8.08277786e-01 4.73510593e-01 3.49963963e-01
  outer loop
   vertex 7.38271332e+01 5.15750580e+01 1.11840010e-01
   vertex 7.12859268e+01 5.59255905e+01 2.84217094e-14
   vertex 7.25062408e+01 5.38355942e+01 1.10082150e-01
  endloop
 endfacet
 facet normal 6.86504364e-01 4.79941636e-01 5.46230495e-01
  outer loop
   vertex 7.12859268e+01 5.59255905e+01 2.84217094e-14
   vertex 7.22191010e+01 5.43269958e+01 1.09700918e-01
   vertex 7.25062408e+01 5.38355942e+01 1.10082150e-01
  endloop
 endfacet
 facet normal 5.97592473e-01 3.72462869e-01 7.10038483e-01
  outer loop
   vertex 7.12247620e+01 5.60191269e+01 1.08393192e-01
   vertex 7.12864304e+01 5.59231262e+01 1.08469725e-01
   vertex 7.12859268e+01 5.59255905e+01 2.84217094e-14
  endloop
 endfacet
 facet normal 6.13315284e-01 3.46317738e-01 7.09865034e-01
  outer loop
   vertex 7.43015366e+01 5.07631836e+01 1.12467766e-01
   vertex 7.43610687e+01 5.06611862e+01 1.12546682e-01
   vertex 7.43607712e+01 5.06634750e+01 2.84217094e-14
  endloop
 endfacet
 facet normal 6.18185043e-01 3.37161779e-01 7.10048735e-01
  outer loop
   vertex 7.43610687e+01 5.06611862e+01 1.12546682e-01
   vertex 7.44159470e+01 5.05566025e+01 1.12623692e-01
   vertex 7.43607712e+01 5.06634750e+01 2.84217094e-14
  endloop
 endfacet
 facet normal 2.73676217e-01 3.43241543e-01 -8.98491263e-01
  outer loop
   vertex 7.52610779e+01 4.88173523e+01 4.42272949e+00
   vertex 7.33466644e+01 5.06260986e+01 4.42087555e+00
   vertex 7.52797012e+01 4.88445816e+01 4.42272663e+00
  endloop
 endfacet
 facet normal 6.62060738e-01 2.09378943e-01 -7.19608247e-01
  outer loop
   vertex 7.52797012e+01 4.88445816e+01 4.42272663e+00
   vertex 7.33466644e+01 5.06260986e+01 4.42087555e+00
   vertex 7.43725433e+01 5.05736465e+01 4.42143822e+00
  endloop
 endfacet
 facet normal 6.23842776e-01 8.84004310e-02 -7.76534319e-01
  outer loop
   vertex 7.43725433e+01 5.05736465e+01 4.42143822e+00
   vertex 7.33466644e+01 5.06260986e+01 4.42087555e+00
   vertex 7.41784363e+01 5.09061966e+01 4.42118168e+00
  endloop
 endfacet
 facet normal 6.07806683e-01 -1.38549402e-01 -7.81904817e-01
  outer loop
   vertex 7.33466644e+01 5.06260986e+01 4.42087555e+00
   vertex 7.36950684e+01 5.11354523e+01 4.42082214e+00
   vertex 7.41784363e+01 5.09061966e+01 4.42118168e+00
  endloop
 endfacet
 facet normal 5.36922477e-02 8.85434806e-01 4.61651713e-01
  outer loop
   vertex 7.53029251e+01 4.88731766e+01 1.13870859e-01
   vertex 7.52633667e+01 4.88153534e+01 1.13876343e-01
   vertex 7.52920456e+01 4.88594894e+01 1.90099716e+00
  endloop
 endfacet
 facet normal -4.50878978e-01 8.92580450e-01 2.88204942e-03
  outer loop
   vertex 7.52633667e+01 4.88153534e+01 1.13876343e-01
   vertex 7.52610779e+01 4.88173523e+01 4.42272949e+00
   vertex 7.52920456e+01 4.88594894e+01 1.90099716e+00
  endloop
 endfacet
 facet normal 5.55943996e-02 8.90131354e-01 -4.52300221e-01
  outer loop
   vertex 7.52920456e+01 4.88594894e+01 1.90099716e+00
   vertex 7.52610779e+01 4.88173523e+01 4.42272949e+00
   vertex 7.52797012e+01 4.88445816e+01 4.42272663e+00
  endloop
 endfacet
 facet normal 2.70143956e-01 3.40074509e-01 9.00761664e-01
  outer loop
   vertex 7.52633667e+01 4.88153534e+01 1.13876343e-01
   vertex 7.53029251e+01 4.88731766e+01 1.13870859e-01
   vertex 7.33489532e+01 5.06240921e+01 1.12022400e-01
  endloop
 endfacet
 facet normal 6.57187581e-01 2.00237334e-01 7.26642609e-01
  outer loop
   vertex 7.53029251e+01 4.88731766e+01 1.13870859e-01
   vertex 7.44159470e+01 5.05566025e+01 1.12623692e-01
   vertex 7.33489532e+01 5.06240921e+01 1.12022400e-01
  endloop
 endfacet
 facet normal 6.22934997e-01 7.70182908e-02 7.78472960e-01
  outer loop
   vertex 7.44159470e+01 5.05566025e+01 1.12623692e-01
   vertex 7.43610687e+01 5.06611862e+01 1.12546682e-01
   vertex 7.33489532e+01 5.06240921e+01 1.12022400e-01
  endloop
 endfacet
 facet normal 6.19287372e-01 8.71449485e-02 7.80313313e-01
  outer loop
   vertex 7.43610687e+01 5.06611862e+01 1.12546682e-01
   vertex 7.43015366e+01 5.07631836e+01 1.12467766e-01
   vertex 7.33489532e+01 5.06240921e+01 1.12022400e-01
  endloop
 endfacet
 facet normal 6.15083635e-01 9.13424641e-02 7.83153057e-01
  outer loop
   vertex 7.43015366e+01 5.07631836e+01 1.12467766e-01
   vertex 7.42338562e+01 5.08790131e+01 1.12379074e-01
   vertex 7.33489532e+01 5.06240921e+01 1.12022400e-01
  endloop
 endfacet
 facet normal 6.04613662e-01 -1.38754413e-01 7.84340203e-01
  outer loop
   vertex 7.42338562e+01 5.08790131e+01 1.12379074e-01
   vertex 7.36973724e+01 5.11334610e+01 1.11976624e-01
   vertex 7.33489532e+01 5.06240921e+01 1.12022400e-01
  endloop
 endfacet
 facet normal 7.93464124e-01 1.46102116e-01 5.90820551e-01
  outer loop
   vertex 7.38271332e+01 5.15750580e+01 1.11840010e-01
   vertex 7.36973724e+01 5.11334610e+01 1.11976624e-01
   vertex 7.42338562e+01 5.08790131e+01 1.12379074e-01
  endloop
 endfacet
 facet normal 9.91535425e-01 -1.15237132e-01 -5.98154701e-02
  outer loop
   vertex 7.36950684e+01 5.11354523e+01 4.42082214e+00
   vertex 7.36973724e+01 5.11334610e+01 1.11976624e-01
   vertex 7.38121185e+01 5.15337906e+01 4.42069387e+00
  endloop
 endfacet
 facet normal 9.41536188e-01 5.98760508e-02 3.31548661e-01
  outer loop
   vertex 7.38271332e+01 5.15750580e+01 1.11840010e-01
   vertex 7.38241119e+01 5.15668411e+01 1.01896930e+00
   vertex 7.36973724e+01 5.11334610e+01 1.11976624e-01
  endloop
 endfacet
 facet normal 9.69649911e-01 6.07199296e-02 2.36837745e-01
  outer loop
   vertex 7.38121185e+01 5.15337906e+01 4.42069387e+00
   vertex 7.36973724e+01 5.11334610e+01 1.11976624e-01
   vertex 7.38241119e+01 5.15668411e+01 1.01896930e+00
  endloop
 endfacet
 facet normal 7.98119247e-01 1.46020114e-01 -5.84537268e-01
  outer loop
   vertex 7.41784363e+01 5.09061966e+01 4.42118168e+00
   vertex 7.36950684e+01 5.11354523e+01 4.42082214e+00
   vertex 7.38121185e+01 5.15337906e+01 4.42069387e+00
  endloop
 endfacet
 facet normal 7.99708962e-01 -4.87274289e-01 -3.50755453e-01
  outer loop
   vertex 7.36950684e+01 5.11354523e+01 4.42082214e+00
   vertex 7.33466644e+01 5.06260986e+01 4.42087555e+00
   vertex 7.36973724e+01 5.11334610e+01 1.11976624e-01
  endloop
 endfacet
 facet normal 7.43604660e-01 -5.68424344e-01 3.52059424e-01
  outer loop
   vertex 7.36973724e+01 5.11334610e+01 1.11976624e-01
   vertex 7.33466644e+01 5.06260986e+01 4.42087555e+00
   vertex 7.33489532e+01 5.06240921e+01 1.12022400e-01
  endloop
 endfacet
 facet normal -1.80539042e-01 3.10791254e-01 -9.33174372e-01
  outer loop
   vertex 7.52610779e+01 4.88173523e+01 4.42272949e+00
   vertex 7.41196747e+01 4.79375305e+01 4.42253113e+00
   vertex 7.33466644e+01 5.06260986e+01 4.42087555e+00
  endloop
 endfacet
 facet normal 2.01796070e-01 -1.77138492e-01 -9.63275790e-01
  outer loop
   vertex 7.33466644e+01 5.06260986e+01 4.42087555e+00
   vertex 7.41196747e+01 4.79375305e+01 4.42253113e+00
   vertex 7.28578949e+01 5.02493286e+01 4.42077637e+00
  endloop
 endfacet
 facet normal -6.22857809e-01 7.25435734e-01 2.92901307e-01
  outer loop
   vertex 7.52633667e+01 4.88153534e+01 1.13876343e-01
   vertex 7.41219788e+01 4.79355316e+01 1.13677979e-01
   vertex 7.52610779e+01 4.88173523e+01 4.42272949e+00
  endloop
 endfacet
 facet normal -5.42728543e-01 7.86689043e-01 -2.94221163e-01
  outer loop
   vertex 7.52610779e+01 4.88173523e+01 4.42272949e+00
   vertex 7.41219788e+01 4.79355316e+01 1.13677979e-01
   vertex 7.41196747e+01 4.79375305e+01 4.42253113e+00
  endloop
 endfacet
 facet normal 1.19146146e-01 -2.39161894e-01 9.63641942e-01
  outer loop
   vertex 7.33489532e+01 5.06240921e+01 1.12022400e-01
   vertex 7.28601837e+01 5.02473450e+01 1.11930847e-01
   vertex 7.52633667e+01 4.88153534e+01 1.13876343e-01
  endloop
 endfacet
 facet normal -2.55368143e-01 2.54743040e-01 9.32680607e-01
  outer loop
   vertex 7.52633667e+01 4.88153534e+01 1.13876343e-01
   vertex 7.28601837e+01 5.02473450e+01 1.11930847e-01
   vertex 7.41219788e+01 4.79355316e+01 1.13677979e-01
  endloop
 endfacet
 facet normal 6.10062242e-01 -7.10490644e-01 -3.50752264e-01
  outer loop
   vertex 7.33466644e+01 5.06260986e+01 4.42087555e+00
   vertex 7.28578949e+01 5.02493286e+01 4.42077637e+00
   vertex 7.33489532e+01 5.06240921e+01 1.12022400e-01
  endloop
 endfacet
 facet normal 5.31502426e-01 -7.70434558e-01 3.52045178e-01
  outer loop
   vertex 7.33489532e+01 5.06240921e+01 1.12022400e-01
   vertex 7.28578949e+01 5.02493286e+01 4.42077637e+00
   vertex 7.28601837e+01 5.02473450e+01 1.11930847e-01
  endloop
 endfacet
 facet normal -7.54873827e-02 3.51509303e-01 -9.33136046e-01
  outer loop
   vertex 7.41196747e+01 4.79375305e+01 4.42253113e+00
   vertex 7.27622528e+01 4.74534760e+01 4.42201233e+00
   vertex 7.28578949e+01 5.02493286e+01 4.42077637e+00
  endloop
 endfacet
 facet normal 1.37343779e-01 -2.30688393e-01 -9.63285804e-01
  outer loop
   vertex 7.28578949e+01 5.02493286e+01 4.42077637e+00
   vertex 7.27622528e+01 4.74534760e+01 4.42201233e+00
   vertex 7.22766113e+01 5.00420532e+01 4.42056274e+00
  endloop
 endfacet
 facet normal -3.68256837e-01 8.82360697e-01 2.92961568e-01
  outer loop
   vertex 7.41219788e+01 4.79355316e+01 1.13677979e-01
   vertex 7.27645569e+01 4.74514923e+01 1.13166809e-01
   vertex 7.41196747e+01 4.79375305e+01 4.42253113e+00
  endloop
 endfacet
 facet normal -2.72998720e-01 9.15945590e-01 -2.94135004e-01
  outer loop
   vertex 7.41196747e+01 4.79375305e+01 4.42253113e+00
   vertex 7.27645569e+01 4.74514923e+01 1.13166809e-01
   vertex 7.27622528e+01 4.74534760e+01 4.42201233e+00
  endloop
 endfacet
 facet normal 3.92239243e-02 -2.64423877e-01 9.63608563e-01
  outer loop
   vertex 7.28601837e+01 5.02473450e+01 1.11930847e-01
   vertex 7.22789001e+01 5.00400620e+01 1.11724854e-01
   vertex 7.41219788e+01 4.79355316e+01 1.13677979e-01
  endloop
 endfacet
 facet normal -1.64329052e-01 3.21044266e-01 9.32698548e-01
  outer loop
   vertex 7.41219788e+01 4.79355316e+01 1.13677979e-01
   vertex 7.22789001e+01 5.00400620e+01 1.11724854e-01
   vertex 7.27645569e+01 4.74514923e+01 1.13166809e-01
  endloop
 endfacet
 facet normal 3.60708833e-01 -8.64186764e-01 -3.50813866e-01
  outer loop
   vertex 7.28578949e+01 5.02493286e+01 4.42077637e+00
   vertex 7.22766113e+01 5.00420532e+01 4.42056274e+00
   vertex 7.28601837e+01 5.02473450e+01 1.11930847e-01
  endloop
 endfacet
 facet normal 2.67345309e-01 -8.97023499e-01 3.51959199e-01
  outer loop
   vertex 7.28601837e+01 5.02473450e+01 1.11930847e-01
   vertex 7.22766113e+01 5.00420532e+01 4.42056274e+00
   vertex 7.22789001e+01 5.00400620e+01 1.11724854e-01
  endloop
 endfacet
 facet normal 3.69798951e-02 3.57766062e-01 -9.33078766e-01
  outer loop
   vertex 7.27622528e+01 4.74534760e+01 4.42201233e+00
   vertex 7.13217010e+01 4.74125977e+01 4.42127228e+00
   vertex 7.22766113e+01 5.00420532e+01 4.42056274e+00
  endloop
 endfacet
 facet normal 5.94835207e-02 -2.61707962e-01 -9.63312328e-01
  outer loop
   vertex 7.22766113e+01 5.00420532e+01 4.42056274e+00
   vertex 7.13217010e+01 4.74125977e+01 4.42127228e+00
   vertex 7.16597443e+01 5.00245514e+01 4.42023468e+00
  endloop
 endfacet
 facet normal -7.76160583e-02 9.52929735e-01 2.93088078e-01
  outer loop
   vertex 7.27645569e+01 4.74514923e+01 1.13166809e-01
   vertex 7.13240051e+01 4.74106140e+01 1.12426758e-01
   vertex 7.27622528e+01 4.74534760e+01 4.42201233e+00
  endloop
 endfacet
 facet normal 2.34509017e-02 9.55519438e-01 -2.93994367e-01
  outer loop
   vertex 7.27622528e+01 4.74534760e+01 4.42201233e+00
   vertex 7.13240051e+01 4.74106140e+01 1.12426758e-01
   vertex 7.13217010e+01 4.74125977e+01 4.42127228e+00
  endloop
 endfacet
 facet normal -4.45729420e-02 -2.63738096e-01 9.63563919e-01
  outer loop
   vertex 7.22789001e+01 5.00400620e+01 1.11724854e-01
   vertex 7.16620331e+01 5.00225449e+01 1.11396790e-01
   vertex 7.27645569e+01 4.74514923e+01 1.13166809e-01
  endloop
 endfacet
 facet normal -5.72371706e-02 3.55980277e-01 9.32738960e-01
  outer loop
   vertex 7.27645569e+01 4.74514923e+01 1.13166809e-01
   vertex 7.16620331e+01 5.00225449e+01 1.11396790e-01
   vertex 7.13240051e+01 4.74106140e+01 1.12426758e-01
  endloop
 endfacet
 facet normal 7.60506913e-02 -9.33308125e-01 -3.50930542e-01
  outer loop
   vertex 7.22766113e+01 5.00420532e+01 4.42056274e+00
   vertex 7.16597443e+01 5.00245514e+01 4.42023468e+00
   vertex 7.22789001e+01 5.00400620e+01 1.11724854e-01
  endloop
 endfacet
 facet normal -2.30068658e-02 -9.35782075e-01 3.51827502e-01
  outer loop
   vertex 7.22789001e+01 5.00400620e+01 1.11724854e-01
   vertex 7.16597443e+01 5.00245514e+01 4.42023468e+00
   vertex 7.16620331e+01 5.00225449e+01 1.11396790e-01
  endloop
 endfacet
 facet normal 1.45874754e-01 3.28958750e-01 -9.33009505e-01
  outer loop
   vertex 7.13217010e+01 4.74125977e+01 4.42127228e+00
   vertex 6.99390106e+01 4.78188629e+01 4.42034149e+00
   vertex 7.16597443e+01 5.00245514e+01 4.42023468e+00
  endloop
 endfacet
 facet normal -2.41358243e-02 -2.67143935e-01 -9.63354349e-01
  outer loop
   vertex 7.16597443e+01 5.00245514e+01 4.42023468e+00
   vertex 6.99390106e+01 4.78188629e+01 4.42034149e+00
   vertex 7.10676422e+01 5.01985168e+01 4.41985321e+00
  endloop
 endfacet
 facet normal 2.20599577e-01 9.30235445e-01 2.93253928e-01
  outer loop
   vertex 7.13240051e+01 4.74106140e+01 1.12426758e-01
   vertex 6.99413147e+01 4.78168640e+01 1.11495972e-01
   vertex 7.13217010e+01 4.74125977e+01 4.42127228e+00
  endloop
 endfacet
 facet normal 3.17620456e-01 9.01548743e-01 -2.93814689e-01
  outer loop
   vertex 7.13217010e+01 4.74125977e+01 4.42127228e+00
   vertex 6.99413147e+01 4.78168640e+01 1.11495972e-01
   vertex 6.99390106e+01 4.78188629e+01 4.42034149e+00
  endloop
 endfacet
 facet normal -1.24056756e-01 -2.37196594e-01 9.63508010e-01
  outer loop
   vertex 7.16620331e+01 5.00225449e+01 1.11396790e-01
   vertex 7.10699463e+01 5.01965332e+01 1.11000061e-01
   vertex 7.13240051e+01 4.74106140e+01 1.12426758e-01
  endloop
 endfacet
 facet normal 5.54106347e-02 3.56109321e-01 9.32799995e-01
  outer loop
   vertex 7.13240051e+01 4.74106140e+01 1.12426758e-01
   vertex 7.10699463e+01 5.01965332e+01 1.11000061e-01
   vertex 6.99413147e+01 4.78168640e+01 1.11495972e-01
  endloop
 endfacet
 facet normal -2.16022775e-01 -9.11080122e-01 -3.51094216e-01
  outer loop
   vertex 7.16597443e+01 5.00245514e+01 4.42023468e+00
   vertex 7.10676422e+01 5.01985168e+01 4.41985321e+00
   vertex 7.16620331e+01 5.00225449e+01 1.11396790e-01
  endloop
 endfacet
 facet normal -3.11107248e-01 -8.82926583e-01 3.51643234e-01
  outer loop
   vertex 7.16620331e+01 5.00225449e+01 1.11396790e-01
   vertex 7.10676422e+01 5.01985168e+01 4.41985321e+00
   vertex 7.10699463e+01 5.01965332e+01 1.11000061e-01
  endloop
 endfacet
 facet normal 2.40553483e-01 2.67912686e-01 -9.32929158e-01
  outer loop
   vertex 6.99390106e+01 4.78188629e+01 4.42034149e+00
   vertex 6.87495575e+01 4.86325226e+01 4.41933441e+00
   vertex 7.10676422e+01 5.01985168e+01 4.41985321e+00
  endloop
 endfacet
 facet normal -1.05332822e-01 -2.46475473e-01 -9.63407934e-01
  outer loop
   vertex 7.10676422e+01 5.01985168e+01 4.41985321e+00
   vertex 6.87495575e+01 4.86325226e+01 4.41933441e+00
   vertex 7.05582886e+01 5.05469360e+01 4.41941833e+00
  endloop
 endfacet
 facet normal 4.97211635e-01 8.16495895e-01 2.93453664e-01
  outer loop
   vertex 6.99413147e+01 4.78168640e+01 1.11495972e-01
   vertex 6.87518463e+01 4.86305313e+01 1.10488892e-01
   vertex 6.99390106e+01 4.78188629e+01 4.42034149e+00
  endloop
 endfacet
 facet normal 5.80721259e-01 7.59313464e-01 -2.93608397e-01
  outer loop
   vertex 6.99390106e+01 4.78188629e+01 4.42034149e+00
   vertex 6.87518463e+01 4.86305313e+01 1.10488892e-01
   vertex 6.87495575e+01 4.86325226e+01 4.41933441e+00
  endloop
 endfacet
 facet normal -1.91436857e-01 -1.87390700e-01 9.63450372e-01
  outer loop
   vertex 7.10699463e+01 5.01965332e+01 1.11000061e-01
   vertex 7.05605774e+01 5.05449371e+01 1.10557556e-01
   vertex 6.99413147e+01 4.78168640e+01 1.11495972e-01
  endloop
 endfacet
 facet normal 1.62592068e-01 3.21426839e-01 9.32871163e-01
  outer loop
   vertex 6.99413147e+01 4.78168640e+01 1.11495972e-01
   vertex 7.05605774e+01 5.05449371e+01 1.10557556e-01
   vertex 6.87518463e+01 4.86305313e+01 1.10488892e-01
  endloop
 endfacet
 facet normal -4.86915141e-01 -7.99688995e-01 -3.51299286e-01
  outer loop
   vertex 7.10676422e+01 5.01985168e+01 4.41985321e+00
   vertex 7.05582886e+01 5.05469360e+01 4.41941833e+00
   vertex 7.10699463e+01 5.01965332e+01 1.11000061e-01
  endloop
 endfacet
 facet normal -5.68767726e-01 -7.43633151e-01 3.51444095e-01
  outer loop
   vertex 7.10699463e+01 5.01965332e+01 1.11000061e-01
   vertex 7.05582886e+01 5.05469360e+01 4.41941833e+00
   vertex 7.05605774e+01 5.05449371e+01 1.10557556e-01
  endloop
 endfacet
 facet normal 3.11729461e-01 1.80594727e-01 -9.32850599e-01
  outer loop
   vertex 6.87495575e+01 4.86325226e+01 4.41933441e+00
   vertex 6.78697357e+01 4.97739258e+01 4.41833496e+00
   vertex 7.05582886e+01 5.05469360e+01 4.41941833e+00
  endloop
 endfacet
 facet normal -1.76184162e-01 -2.01719910e-01 -9.63466763e-01
  outer loop
   vertex 7.05582886e+01 5.05469360e+01 4.41941833e+00
   vertex 6.78697357e+01 4.97739258e+01 4.41833496e+00
   vertex 7.01815338e+01 5.10357056e+01 4.41898346e+00
  endloop
 endfacet
 facet normal 7.25139916e-01 6.22842431e-01 2.93665439e-01
  outer loop
   vertex 6.87518463e+01 4.86305313e+01 1.10488892e-01
   vertex 6.78720398e+01 4.97719345e+01 1.09489441e-01
   vertex 6.87495575e+01 4.86325226e+01 4.41933441e+00
  endloop
 endfacet
 facet normal 7.86988795e-01 5.42739689e-01 -2.93397903e-01
  outer loop
   vertex 6.87495575e+01 4.86325226e+01 4.41933441e+00
   vertex 6.78720398e+01 4.97719345e+01 1.09489441e-01
   vertex 6.78697357e+01 4.97739258e+01 4.41833496e+00
  endloop
 endfacet
 facet normal -2.40132317e-01 -1.19191580e-01 9.63394940e-01
  outer loop
   vertex 7.05605774e+01 5.05449371e+01 1.10557556e-01
   vertex 7.01838226e+01 5.10337143e+01 1.10137939e-01
   vertex 6.87518463e+01 4.86305313e+01 1.10488892e-01
  endloop
 endfacet
 facet normal 2.53797889e-01 2.55321443e-01 9.32951033e-01
  outer loop
   vertex 6.87518463e+01 4.86305313e+01 1.10488892e-01
   vertex 7.01838226e+01 5.10337143e+01 1.10137939e-01
   vertex 6.78720398e+01 4.97719345e+01 1.09489441e-01
  endloop
 endfacet
 facet normal -7.10146070e-01 -6.10033035e-01 -3.51499975e-01
  outer loop
   vertex 7.05582886e+01 5.05469360e+01 4.41941833e+00
   vertex 7.01815338e+01 5.10357056e+01 4.41898346e+00
   vertex 7.05605774e+01 5.05449371e+01 1.10557556e-01
  endloop
 endfacet
 facet normal -7.70790637e-01 -5.31514347e-01 3.51246685e-01
  outer loop
   vertex 7.05605774e+01 5.05449371e+01 1.10557556e-01
   vertex 7.01815338e+01 5.10357056e+01 4.41898346e+00
   vertex 7.01838226e+01 5.10337143e+01 1.10137939e-01
  endloop
 endfacet
 facet normal 3.52431536e-01 7.55691826e-02 -9.32781518e-01
  outer loop
   vertex 6.78697357e+01 4.97739258e+01 4.41833496e+00
   vertex 6.73856812e+01 5.11313324e+01 4.41745758e+00
   vertex 7.01815338e+01 5.10357056e+01 4.41898346e+00
  endloop
 endfacet
 facet normal -2.29739875e-01 -1.37259096e-01 -9.63524520e-01
  outer loop
   vertex 7.01815338e+01 5.10357056e+01 4.41898346e+00
   vertex 6.73856812e+01 5.11313324e+01 4.41745758e+00
   vertex 6.99742584e+01 5.16169815e+01 4.41860962e+00
  endloop
 endfacet
 facet normal 8.82066369e-01 3.68239373e-01 2.93868482e-01
  outer loop
   vertex 6.78720398e+01 4.97719345e+01 1.09489441e-01
   vertex 6.73879852e+01 5.11293411e+01 1.08604431e-01
   vertex 6.78697357e+01 4.97739258e+01 4.41833496e+00
  endloop
 endfacet
 facet normal 9.16234910e-01 2.73029327e-01 -2.93204069e-01
  outer loop
   vertex 6.78697357e+01 4.97739258e+01 4.41833496e+00
   vertex 6.73879852e+01 5.11293411e+01 1.08604431e-01
   vertex 6.73856812e+01 5.11313324e+01 4.41745758e+00
  endloop
 endfacet
 facet normal -2.65385985e-01 -3.92883606e-02 9.63341415e-01
  outer loop
   vertex 7.01838226e+01 5.10337143e+01 1.10137939e-01
   vertex 6.99765625e+01 5.16149902e+01 1.09764099e-01
   vertex 6.78720398e+01 4.97719345e+01 1.09489441e-01
  endloop
 endfacet
 facet normal 3.20113331e-01 1.64264262e-01 9.33029830e-01
  outer loop
   vertex 6.78720398e+01 4.97719345e+01 1.09489441e-01
   vertex 6.99765625e+01 5.16149902e+01 1.09764099e-01
   vertex 6.73879852e+01 5.11293411e+01 1.08604431e-01
  endloop
 endfacet
 facet normal -8.63846183e-01 -3.60666126e-01 -3.51695418e-01
  outer loop
   vertex 7.01815338e+01 5.10357056e+01 4.41898346e+00
   vertex 6.99742584e+01 5.16169815e+01 4.41860962e+00
   vertex 7.01838226e+01 5.10337143e+01 1.10137939e-01
  endloop
 endfacet
 facet normal -8.97376120e-01 -2.67359763e-01 3.51048172e-01
  outer loop
   vertex 7.01838226e+01 5.10337143e+01 1.10137939e-01
   vertex 6.99742584e+01 5.16169815e+01 4.41860962e+00
   vertex 6.99765625e+01 5.16149902e+01 1.09764099e-01
  endloop
 endfacet
 facet normal 3.58692199e-01 -3.69047448e-02 -9.32726085e-01
  outer loop
   vertex 6.73856812e+01 5.11313324e+01 4.41745758e+00
   vertex 6.73447876e+01 5.25718842e+01 4.41676331e+00
   vertex 6.99742584e+01 5.16169815e+01 4.41860962e+00
  endloop
 endfacet
 facet normal -2.60744929e-01 -5.94175123e-02 -9.63577509e-01
  outer loop
   vertex 6.99742584e+01 5.16169815e+01 4.41860962e+00
   vertex 6.73447876e+01 5.25718842e+01 4.41676331e+00
   vertex 6.99567413e+01 5.22338638e+01 4.41831970e+00
  endloop
 endfacet
 facet normal 9.52637553e-01 7.76039213e-02 2.94039726e-01
  outer loop
   vertex 6.73879852e+01 5.11293411e+01 1.08604431e-01
   vertex 6.73470917e+01 5.25699081e+01 1.07917786e-01
   vertex 6.73856812e+01 5.11313324e+01 4.41745758e+00
  endloop
 endfacet
 facet normal 9.55811620e-01 -2.34236550e-02 -2.93045223e-01
  outer loop
   vertex 6.73856812e+01 5.11313324e+01 4.41745758e+00
   vertex 6.73470917e+01 5.25699081e+01 1.07917786e-01
   vertex 6.73447876e+01 5.25718842e+01 4.41676331e+00
  endloop
 endfacet
 facet normal -2.64703661e-01 4.45034243e-02 9.63302374e-01
  outer loop
   vertex 6.99765625e+01 5.16149902e+01 1.09764099e-01
   vertex 6.99590454e+01 5.22318649e+01 1.09474182e-01
   vertex 6.73879852e+01 5.11293411e+01 1.08604431e-01
  endloop
 endfacet
 facet normal 3.55049938e-01 5.71710989e-02 9.33097541e-01
  outer loop
   vertex 6.73879852e+01 5.11293411e+01 1.08604431e-01
   vertex 6.99590454e+01 5.22318649e+01 1.09474182e-01
   vertex 6.73470917e+01 5.25699081e+01 1.07917786e-01
  endloop
 endfacet
 facet normal -9.32956517e-01 -7.60284215e-02 -3.51869076e-01
  outer loop
   vertex 6.99742584e+01 5.16169815e+01 4.41860962e+00
   vertex 6.99567413e+01 5.22338638e+01 4.41831970e+00
   vertex 6.99765625e+01 5.16149902e+01 1.09764099e-01
  endloop
 endfacet
 facet normal -9.36135590e-01 2.29708888e-02 3.50888193e-01
  outer loop
   vertex 6.99765625e+01 5.16149902e+01 1.09764099e-01
   vertex 6.99567413e+01 5.22338638e+01 4.41831970e+00
   vertex 6.99590454e+01 5.22318649e+01 1.09474182e-01
  endloop
 endfacet
 facet normal 3.29891294e-01 -1.45813867e-01 -9.32689667e-01
  outer loop
   vertex 6.73447876e+01 5.25718842e+01 4.41676331e+00
   vertex 6.77510529e+01 5.39545822e+01 4.41634369e+00
   vertex 6.99567413e+01 5.22338638e+01 4.41831970e+00
  endloop
 endfacet
 facet normal -2.66180605e-01 2.42005531e-02 -9.63619351e-01
  outer loop
   vertex 6.99567413e+01 5.22338638e+01 4.41831970e+00
   vertex 6.77510529e+01 5.39545822e+01 4.41634369e+00
   vertex 7.01307220e+01 5.28259583e+01 4.41813660e+00
  endloop
 endfacet
 facet normal 9.29942727e-01 -2.20617786e-01 2.94167221e-01
  outer loop
   vertex 6.73470917e+01 5.25699081e+01 1.07917786e-01
   vertex 6.77533569e+01 5.39525909e+01 1.07490540e-01
   vertex 6.73447876e+01 5.25718842e+01 4.41676331e+00
  endloop
 endfacet
 facet normal 9.01841879e-01 -3.17599148e-01 -2.92936921e-01
  outer loop
   vertex 6.73447876e+01 5.25718842e+01 4.41676331e+00
   vertex 6.77533569e+01 5.39525909e+01 1.07490540e-01
   vertex 6.77510529e+01 5.39545822e+01 4.41634369e+00
  endloop
 endfacet
 facet normal -2.38152325e-01 1.23985626e-01 9.63281393e-01
  outer loop
   vertex 6.99590454e+01 5.22318649e+01 1.09474182e-01
   vertex 7.01330109e+01 5.28239594e+01 1.09283447e-01
   vertex 6.73470917e+01 5.25699081e+01 1.07917786e-01
  endloop
 endfacet
 facet normal 3.55183303e-01 -5.54741994e-02 9.33149219e-01
  outer loop
   vertex 6.73470917e+01 5.25699081e+01 1.07917786e-01
   vertex 7.01330109e+01 5.28239594e+01 1.09283447e-01
   vertex 6.77533569e+01 5.39525909e+01 1.07490540e-01
  endloop
 endfacet
 facet normal -9.10729527e-01 2.16039404e-01 -3.51992458e-01
  outer loop
   vertex 6.99567413e+01 5.22338638e+01 4.41831970e+00
   vertex 7.01307220e+01 5.28259583e+01 4.41813660e+00
   vertex 6.99590454e+01 5.22318649e+01 1.09474182e-01
  endloop
 endfacet
 facet normal -8.83274734e-01 3.11081409e-01 3.50790709e-01
  outer loop
   vertex 6.99590454e+01 5.22318649e+01 1.09474182e-01
   vertex 7.01307220e+01 5.28259583e+01 4.41813660e+00
   vertex 7.01330109e+01 5.28239594e+01 1.09283447e-01
  endloop
 endfacet
 facet normal 2.68842041e-01 -2.40485922e-01 -9.32679176e-01
  outer loop
   vertex 6.77510529e+01 5.39545822e+01 4.41634369e+00
   vertex 6.85647125e+01 5.51440582e+01 4.41622162e+00
   vertex 7.01307220e+01 5.28259583e+01 4.41813660e+00
  endloop
 endfacet
 facet normal -2.45512187e-01 1.05409637e-01 -9.63645458e-01
  outer loop
   vertex 7.01307220e+01 5.28259583e+01 4.41813660e+00
   vertex 6.85647125e+01 5.51440582e+01 4.41622162e+00
   vertex 7.04791412e+01 5.33353119e+01 4.41808319e+00
  endloop
 endfacet
 facet normal 8.16202164e-01 -4.97233063e-01 2.94233412e-01
  outer loop
   vertex 6.77533569e+01 5.39525909e+01 1.07490540e-01
   vertex 6.85670013e+01 5.51420517e+01 1.07383728e-01
   vertex 6.77510529e+01 5.39545822e+01 4.41634369e+00
  endloop
 endfacet
 facet normal 7.59605289e-01 -5.80701292e-01 -2.92892039e-01
  outer loop
   vertex 6.77510529e+01 5.39545822e+01 4.41634369e+00
   vertex 6.85670013e+01 5.51420517e+01 1.07383728e-01
   vertex 6.85647125e+01 5.51440582e+01 4.41622162e+00
  endloop
 endfacet
 facet normal -1.88342735e-01 1.91375300e-01 9.63276982e-01
  outer loop
   vertex 7.01330109e+01 5.28239594e+01 1.09283447e-01
   vertex 7.04814453e+01 5.33333206e+01 1.09237671e-01
   vertex 6.77533569e+01 5.39525909e+01 1.07490540e-01
  endloop
 endfacet
 facet normal 3.20497513e-01 -1.62651405e-01 9.33180511e-01
  outer loop
   vertex 6.77533569e+01 5.39525909e+01 1.07490540e-01
   vertex 7.04814453e+01 5.33333206e+01 1.09237671e-01
   vertex 6.85670013e+01 5.51420517e+01 1.07383728e-01
  endloop
 endfacet
 facet normal -7.99333513e-01 4.86953199e-01 -3.52054745e-01
  outer loop
   vertex 7.01307220e+01 5.28259583e+01 4.41813660e+00
   vertex 7.04791412e+01 5.33353119e+01 4.41808319e+00
   vertex 7.01330109e+01 5.28239594e+01 1.09283447e-01
  endloop
 endfacet
 facet normal -7.43970335e-01 5.68756998e-01 3.50747168e-01
  outer loop
   vertex 7.01330109e+01 5.28239594e+01 1.09283447e-01
   vertex 7.04791412e+01 5.33353119e+01 4.41808319e+00
   vertex 7.04814453e+01 5.33333206e+01 1.09237671e-01
  endloop
 endfacet
 facet normal 1.81528062e-01 -3.11659515e-01 -9.32692826e-01
  outer loop
   vertex 6.85647125e+01 5.51440582e+01 4.41622162e+00
   vertex 6.97061310e+01 5.60238800e+01 4.41642761e+00
   vertex 7.04791412e+01 5.33353119e+01 4.41808319e+00
  endloop
 endfacet
 facet normal -2.00761497e-01 1.76256388e-01 -9.63653743e-01
  outer loop
   vertex 7.04791412e+01 5.33353119e+01 4.41808319e+00
   vertex 6.97061310e+01 5.60238800e+01 4.41642761e+00
   vertex 7.09678955e+01 5.37120514e+01 4.41816711e+00
  endloop
 endfacet
 facet normal 6.22545898e-01 -7.25163043e-01 2.94236481e-01
  outer loop
   vertex 6.85670013e+01 5.51420517e+01 1.07383728e-01
   vertex 6.97084045e+01 5.60218735e+01 1.07574463e-01
   vertex 6.85647125e+01 5.51440582e+01 4.41622162e+00
  endloop
 endfacet
 facet normal 5.43027222e-01 -7.86971569e-01 -2.92911530e-01
  outer loop
   vertex 6.85647125e+01 5.51440582e+01 4.41622162e+00
   vertex 6.97084045e+01 5.60218735e+01 1.07574463e-01
   vertex 6.97061310e+01 5.60238800e+01 4.41642761e+00
  endloop
 endfacet
 facet normal -1.20153457e-01 2.40076080e-01 9.63289499e-01
  outer loop
   vertex 7.04814453e+01 5.33333206e+01 1.09237671e-01
   vertex 7.09701996e+01 5.37100601e+01 1.09336853e-01
   vertex 6.85670013e+01 5.51420517e+01 1.07383728e-01
  endloop
 endfacet
 facet normal 2.54386395e-01 -2.53863007e-01 9.33188677e-01
  outer loop
   vertex 6.85670013e+01 5.51420517e+01 1.07383728e-01
   vertex 7.09701996e+01 5.37100601e+01 1.09336853e-01
   vertex 6.97084045e+01 5.60218735e+01 1.07574463e-01
  endloop
 endfacet
 facet normal -6.09675884e-01 7.10177064e-01 -3.52056533e-01
  outer loop
   vertex 7.04791412e+01 5.33353119e+01 4.41808319e+00
   vertex 7.09678955e+01 5.37120514e+01 4.41816711e+00
   vertex 7.04814453e+01 5.33333206e+01 1.09237671e-01
  endloop
 endfacet
 facet normal -5.31865239e-01 7.70769775e-01 3.50761056e-01
  outer loop
   vertex 7.04814453e+01 5.33333206e+01 1.09237671e-01
   vertex 7.09678955e+01 5.37120514e+01 4.41816711e+00
   vertex 7.09701996e+01 5.37100601e+01 1.09336853e-01
  endloop
 endfacet
 facet normal 4.68705386e-01 7.50885084e-02 -8.80157351e-01
  outer loop
   vertex 6.97061310e+01 5.60238800e+01 4.41642761e+00
   vertex 7.09043655e+01 5.64511566e+01 4.41686535e+00
   vertex 7.09678955e+01 5.37120514e+01 4.41816711e+00
  endloop
 endfacet
 facet normal 4.82130885e-01 4.80563998e-01 -7.32535362e-01
  outer loop
   vertex 7.09043655e+01 5.64511566e+01 4.41686535e+00
   vertex 7.11442413e+01 5.60777588e+01 4.41716576e+00
   vertex 7.09678955e+01 5.37120514e+01 4.41816711e+00
  endloop
 endfacet
 facet normal 5.67738116e-02 5.94574630e-01 -8.02033544e-01
  outer loop
   vertex 7.11442413e+01 5.60777588e+01 4.41716576e+00
   vertex 7.15491791e+01 5.39193420e+01 4.41838074e+00
   vertex 7.09678955e+01 5.37120514e+01 4.41816711e+00
  endloop
 endfacet
 facet normal 8.17457080e-01 -5.47360957e-01 -1.79331914e-01
  outer loop
   vertex 6.97061310e+01 5.60238800e+01 4.41642761e+00
   vertex 6.97084045e+01 5.60218735e+01 1.07574463e-01
   vertex 7.09043655e+01 5.64511566e+01 4.41686535e+00
  endloop
 endfacet
 facet normal 8.62003326e-01 -2.95397311e-01 4.11935270e-01
  outer loop
   vertex 7.09407272e+01 5.64613037e+01 1.08038425e-01
   vertex 7.09363937e+01 5.64600906e+01 6.19401217e-01
   vertex 6.97084045e+01 5.60218735e+01 1.07574463e-01
  endloop
 endfacet
 facet normal 9.36990321e-01 -3.20958823e-01 1.37965962e-01
  outer loop
   vertex 7.09043655e+01 5.64511566e+01 4.41686535e+00
   vertex 6.97084045e+01 5.60218735e+01 1.07574463e-01
   vertex 7.09363937e+01 5.64600906e+01 6.19401217e-01
  endloop
 endfacet
 facet normal 4.62250352e-01 7.63413608e-02 8.83457184e-01
  outer loop
   vertex 6.97084045e+01 5.60218735e+01 1.07574463e-01
   vertex 7.09701996e+01 5.37100601e+01 1.09336853e-01
   vertex 7.09407272e+01 5.64613037e+01 1.08038425e-01
  endloop
 endfacet
 facet normal 4.75153029e-01 4.78964120e-01 7.38121271e-01
  outer loop
   vertex 7.09407272e+01 5.64613037e+01 1.08038425e-01
   vertex 7.09701996e+01 5.37100601e+01 1.09336853e-01
   vertex 7.11292801e+01 5.61677628e+01 1.08274937e-01
  endloop
 endfacet
 facet normal 5.41983284e-02 5.93731761e-01 8.02835703e-01
  outer loop
   vertex 7.09701996e+01 5.37100601e+01 1.09336853e-01
   vertex 7.15514832e+01 5.39173508e+01 1.09535217e-01
   vertex 7.11292801e+01 5.61677628e+01 1.08274937e-01
  endloop
 endfacet
 facet normal -3.60326320e-01 8.63865256e-01 -3.51996869e-01
  outer loop
   vertex 7.09678955e+01 5.37120514e+01 4.41816711e+00
   vertex 7.15491791e+01 5.39193420e+01 4.41838074e+00
   vertex 7.09701996e+01 5.37100601e+01 1.09336853e-01
  endloop
 endfacet
 facet normal -2.67716765e-01 8.97349775e-01 3.50843340e-01
  outer loop
   vertex 7.09701996e+01 5.37100601e+01 1.09336853e-01
   vertex 7.15491791e+01 5.39193420e+01 4.41838074e+00
   vertex 7.15514832e+01 5.39173508e+01 1.09535217e-01
  endloop
 endfacet
 facet normal 3.88604641e-01 5.06364167e-01 -7.69793332e-01
  outer loop
   vertex 7.11442413e+01 5.60777588e+01 4.41716576e+00
   vertex 7.13064194e+01 5.58253021e+01 4.41737175e+00
   vertex 7.15491791e+01 5.39193420e+01 4.41838074e+00
  endloop
 endfacet
 facet normal 3.95170093e-01 4.98320252e-01 -7.71697819e-01
  outer loop
   vertex 7.13064194e+01 5.58253021e+01 4.41737175e+00
   vertex 7.20337677e+01 5.45805435e+01 4.41833591e+00
   vertex 7.15491791e+01 5.39193420e+01 4.41838074e+00
  endloop
 endfacet
 facet normal 3.96985859e-01 4.93125558e-01 -7.74099112e-01
  outer loop
   vertex 7.20337677e+01 5.45805435e+01 4.41833591e+00
   vertex 7.22102280e+01 5.42782211e+01 4.41856861e+00
   vertex 7.15491791e+01 5.39193420e+01 4.41838074e+00
  endloop
 endfacet
 facet normal 2.04552144e-01 5.94409466e-01 -7.77711868e-01
  outer loop
   vertex 7.22102280e+01 5.42782211e+01 4.41856861e+00
   vertex 7.21660461e+01 5.39368439e+01 4.41870117e+00
   vertex 7.15491791e+01 5.39193420e+01 4.41838074e+00
  endloop
 endfacet
 facet normal 3.79374802e-01 5.07415473e-01 7.73695230e-01
  outer loop
   vertex 7.11292801e+01 5.61677628e+01 1.08274937e-01
   vertex 7.15514832e+01 5.39173508e+01 1.09535217e-01
   vertex 7.12247620e+01 5.60191269e+01 1.08393192e-01
  endloop
 endfacet
 facet normal 3.84225219e-01 5.04465878e-01 7.73230314e-01
  outer loop
   vertex 7.12247620e+01 5.60191269e+01 1.08393192e-01
   vertex 7.15514832e+01 5.39173508e+01 1.09535217e-01
   vertex 7.12864304e+01 5.59231262e+01 1.08469725e-01
  endloop
 endfacet
 facet normal 2.00302035e-01 5.98218441e-01 7.75895476e-01
  outer loop
   vertex 7.15514832e+01 5.39173508e+01 1.09535217e-01
   vertex 7.21683502e+01 5.39348755e+01 1.09855652e-01
   vertex 7.12864304e+01 5.59231262e+01 1.08469725e-01
  endloop
 endfacet
 facet normal 4.51029837e-01 4.82977092e-01 7.50536621e-01
  outer loop
   vertex 7.21683502e+01 5.39348755e+01 1.09855652e-01
   vertex 7.22191010e+01 5.43269958e+01 1.09700918e-01
   vertex 7.12864304e+01 5.59231262e+01 1.08469725e-01
  endloop
 endfacet
 facet normal -7.56874457e-02 9.32983577e-01 -3.51870805e-01
  outer loop
   vertex 7.15491791e+01 5.39193420e+01 4.41838074e+00
   vertex 7.21660461e+01 5.39368439e+01 4.41870117e+00
   vertex 7.15514832e+01 5.39173508e+01 1.09535217e-01
  endloop
 endfacet
 facet normal 2.26104390e-02 9.36106801e-01 3.50988418e-01
  outer loop
   vertex 7.15514832e+01 5.39173508e+01 1.09535217e-01
   vertex 7.21660461e+01 5.39368439e+01 4.41870117e+00
   vertex 7.21683502e+01 5.39348755e+01 1.09855652e-01
  endloop
 endfacet
 facet normal 5.35362124e-01 6.15333319e-01 -5.78577816e-01
  outer loop
   vertex 7.24598770e+01 5.38505173e+01 4.41889811e+00
   vertex 7.21660461e+01 5.39368439e+01 4.41870117e+00
   vertex 7.22102280e+01 5.42782211e+01 4.41856861e+00
  endloop
 endfacet
 facet normal 5.38680851e-01 7.76908040e-01 3.25939983e-01
  outer loop
   vertex 7.25062408e+01 5.38355942e+01 1.10082150e-01
   vertex 7.21683502e+01 5.39348755e+01 1.09855652e-01
   vertex 7.24692307e+01 5.38475189e+01 3.59150553e+00
  endloop
 endfacet
 facet normal 4.23087120e-01 9.04403508e-01 -5.52413911e-02
  outer loop
   vertex 7.21660461e+01 5.39368439e+01 4.41870117e+00
   vertex 7.24598770e+01 5.38505173e+01 4.41889811e+00
   vertex 7.21683502e+01 5.39348755e+01 1.09855652e-01
  endloop
 endfacet
 facet normal 5.52850664e-01 7.98328519e-01 2.38804787e-01
  outer loop
   vertex 7.24692307e+01 5.38475189e+01 3.59150553e+00
   vertex 7.21683502e+01 5.39348755e+01 1.09855652e-01
   vertex 7.24598770e+01 5.38505173e+01 4.41889811e+00
  endloop
 endfacet
 facet normal 5.32185614e-01 6.13058627e-01 5.83898604e-01
  outer loop
   vertex 7.22191010e+01 5.43269958e+01 1.09700918e-01
   vertex 7.21683502e+01 5.39348755e+01 1.09855652e-01
   vertex 7.25062408e+01 5.38355942e+01 1.10082150e-01
  endloop
 endfacet
endsolid
