solid polySurfaceShape1047
 facet normal -8.53545845e-01 -5.05977392e-01 1.24283649e-01
  outer loop
   vertex 6.44396515e+01 1.43432236e+01 6.03832703e+01
   vertex 6.40192642e+01 1.43807545e+01 5.97907600e+01
   vertex 6.43435287e+01 1.42420998e+01 5.99975777e+01
  endloop
 endfacet
 facet normal -8.70743930e-01 -4.90433067e-01 3.57829630e-02
  outer loop
   vertex 6.43435287e+01 1.42420998e+01 5.99975777e+01
   vertex 6.40192642e+01 1.43807545e+01 5.97907600e+01
   vertex 6.42322617e+01 1.41215467e+01 5.95431328e+01
  endloop
 endfacet
 facet normal -6.14556551e-01 -6.31390095e-01 4.72934186e-01
  outer loop
   vertex 6.45445175e+01 1.51639032e+01 6.24241447e+01
   vertex 6.35925331e+01 1.47742987e+01 5.99999542e+01
   vertex 6.49043427e+01 1.48320751e+01 6.22477493e+01
  endloop
 endfacet
 facet normal -7.97256231e-01 -6.02843881e-01 -3.10117733e-02
  outer loop
   vertex 6.35925331e+01 1.47742987e+01 5.99999542e+01
   vertex 6.40192642e+01 1.43807545e+01 5.97907600e+01
   vertex 6.49043427e+01 1.48320751e+01 6.22477493e+01
  endloop
 endfacet
 facet normal -8.44977081e-01 -4.89191294e-01 2.16114908e-01
  outer loop
   vertex 6.49043427e+01 1.48320751e+01 6.22477493e+01
   vertex 6.40192642e+01 1.43807545e+01 5.97907600e+01
   vertex 6.44396515e+01 1.43432236e+01 6.03832703e+01
  endloop
 endfacet
 facet normal -4.59540486e-01 -6.02611780e-01 6.52442813e-01
  outer loop
   vertex 6.45445175e+01 1.51639032e+01 6.24241447e+01
   vertex 6.33849945e+01 1.60162220e+01 6.24976349e+01
   vertex 6.35925331e+01 1.47742987e+01 5.99999542e+01
  endloop
 endfacet
 facet normal -6.27960086e-01 -7.74095714e-01 8.02618787e-02
  outer loop
   vertex 6.35925331e+01 1.47742987e+01 5.99999542e+01
   vertex 6.33849945e+01 1.60162220e+01 6.24976349e+01
   vertex 6.30959930e+01 1.51392746e+01 6.00314331e+01
  endloop
 endfacet
 facet normal -5.54082394e-01 -5.46473205e-01 6.27980709e-01
  outer loop
   vertex 6.33849945e+01 1.60162220e+01 6.24976349e+01
   vertex 6.21759872e+01 1.67183895e+01 6.21489334e+01
   vertex 6.30959930e+01 1.51392746e+01 6.00314331e+01
  endloop
 endfacet
 facet normal -5.61298311e-01 -8.24377835e-01 7.31122643e-02
  outer loop
   vertex 6.30959930e+01 1.51392746e+01 6.00314331e+01
   vertex 6.21759872e+01 1.67183895e+01 6.21489334e+01
   vertex 6.25782700e+01 1.54399691e+01 5.98821106e+01
  endloop
 endfacet
 facet normal -6.44036889e-01 -5.07037044e-01 5.72826266e-01
  outer loop
   vertex 6.21759872e+01 1.67183895e+01 6.21489334e+01
   vertex 6.10358467e+01 1.72017021e+01 6.14121590e+01
   vertex 6.25782700e+01 1.54399691e+01 5.98821106e+01
  endloop
 endfacet
 facet normal -4.90971804e-01 -8.66452515e-01 9.05907750e-02
  outer loop
   vertex 6.25782700e+01 1.54399691e+01 5.98821106e+01
   vertex 6.10358467e+01 1.72017021e+01 6.14121590e+01
   vertex 6.20900497e+01 1.56469250e+01 5.95666084e+01
  endloop
 endfacet
 facet normal -7.20599949e-01 -4.88161176e-01 4.92376238e-01
  outer loop
   vertex 6.10358467e+01 1.72017021e+01 6.14121590e+01
   vertex 6.00761833e+01 1.74188461e+01 6.03594208e+01
   vertex 6.20900497e+01 1.56469250e+01 5.95666084e+01
  endloop
 endfacet
 facet normal -4.23857212e-01 -8.96208048e-01 1.30981877e-01
  outer loop
   vertex 6.20900497e+01 1.56469250e+01 5.95666084e+01
   vertex 6.00761833e+01 1.74188461e+01 6.03594208e+01
   vertex 6.16791000e+01 1.57399073e+01 5.91157875e+01
  endloop
 endfacet
 facet normal -7.76271224e-01 -4.91700679e-01 3.94504070e-01
  outer loop
   vertex 6.00761833e+01 1.74188461e+01 6.03594208e+01
   vertex 5.93909416e+01 1.73485603e+01 5.90937805e+01
   vertex 6.16791000e+01 1.57399073e+01 5.91157875e+01
  endloop
 endfacet
 facet normal -3.66522551e-01 -9.10730779e-01 1.90343529e-01
  outer loop
   vertex 6.16791000e+01 1.57399073e+01 5.91157875e+01
   vertex 5.93909416e+01 1.73485603e+01 5.90937805e+01
   vertex 6.13856697e+01 1.57098179e+01 5.85738297e+01
  endloop
 endfacet
 facet normal -8.05599153e-01 -5.17302573e-01 2.88804531e-01
  outer loop
   vertex 5.93909416e+01 1.73485603e+01 5.90937805e+01
   vertex 5.90472031e+01 1.69977245e+01 5.77391281e+01
   vertex 6.13856697e+01 1.57098179e+01 5.85738297e+01
  endloop
 endfacet
 facet normal -3.24578613e-01 -9.08597469e-01 2.62867570e-01
  outer loop
   vertex 6.13856697e+01 1.57098179e+01 5.85738297e+01
   vertex 5.90472031e+01 1.69977245e+01 5.77391281e+01
   vertex 6.12384682e+01 1.55595627e+01 5.79937210e+01
  endloop
 endfacet
 facet normal -8.05716932e-01 -5.62466383e-01 1.85612112e-01
  outer loop
   vertex 5.90472031e+01 1.69977245e+01 5.77391281e+01
   vertex 5.90785828e+01 1.64006786e+01 5.64280739e+01
   vertex 6.12384682e+01 1.55595627e+01 5.79937210e+01
  endloop
 endfacet
 facet normal -3.02142352e-01 -8.90018702e-01 3.41433406e-01
  outer loop
   vertex 6.12384682e+01 1.55595627e+01 5.79937210e+01
   vertex 5.90785828e+01 1.64006786e+01 5.64280739e+01
   vertex 6.12518921e+01 1.53039017e+01 5.74322968e+01
  endloop
 endfacet
 facet normal -7.76616991e-01 -6.22766256e-01 9.50170830e-02
  outer loop
   vertex 5.90785828e+01 1.64006786e+01 5.64280739e+01
   vertex 5.94820290e+01 1.56158695e+01 5.52889214e+01
   vertex 6.12518921e+01 1.53039017e+01 5.74322968e+01
  endloop
 endfacet
 facet normal -3.01401168e-01 -8.56813431e-01 4.18363631e-01
  outer loop
   vertex 6.12518921e+01 1.53039017e+01 5.74322968e+01
   vertex 5.94820290e+01 1.56158695e+01 5.52889214e+01
   vertex 6.14246750e+01 1.49678326e+01 5.69445114e+01
  endloop
 endfacet
 facet normal -7.21139193e-01 -6.92305505e-01 2.59107556e-02
  outer loop
   vertex 5.94820290e+01 1.56158695e+01 5.52889214e+01
   vertex 6.02180557e+01 1.47201109e+01 5.44332161e+01
   vertex 6.14246750e+01 1.49678326e+01 5.69445114e+01
  endloop
 endfacet
 facet normal -3.22417080e-01 -8.12230051e-01 4.86137450e-01
  outer loop
   vertex 6.14246750e+01 1.49678326e+01 5.69445114e+01
   vertex 6.02180557e+01 1.47201109e+01 5.44332161e+01
   vertex 6.17398567e+01 1.45842581e+01 5.65780792e+01
  endloop
 endfacet
 facet normal -6.44717991e-01 -7.64274240e-01 -1.49546908e-02
  outer loop
   vertex 6.02180557e+01 1.47201109e+01 5.44332161e+01
   vertex 6.12146111e+01 1.38011055e+01 5.39447021e+01
   vertex 6.17398567e+01 1.45842581e+01 5.65780792e+01
  endloop
 endfacet
 facet normal -3.63150746e-01 -7.60639131e-01 5.38098156e-01
  outer loop
   vertex 6.17398567e+01 1.45842581e+01 5.65780792e+01
   vertex 6.12146111e+01 1.38011055e+01 5.39447021e+01
   vertex 6.21665764e+01 1.41907167e+01 5.63688850e+01
  endloop
 endfacet
 facet normal -5.54832160e-01 -8.31627846e-01 -2.35876329e-02
  outer loop
   vertex 6.12146111e+01 1.38011055e+01 5.39447021e+01
   vertex 6.23741379e+01 1.29488077e+01 5.38711853e+01
   vertex 6.21665764e+01 1.41907167e+01 5.63688850e+01
  endloop
 endfacet
 facet normal -4.19608831e-01 -7.07087934e-01 5.69170535e-01
  outer loop
   vertex 6.21665764e+01 1.41907167e+01 5.63688850e+01
   vertex 6.23741379e+01 1.29488077e+01 5.38711853e+01
   vertex 6.26631165e+01 1.38257408e+01 5.63374100e+01
  endloop
 endfacet
 facet normal -6.58302963e-01 -7.16728985e-01 2.30079889e-01
  outer loop
   vertex 6.23741379e+01 1.29488077e+01 5.38711853e+01
   vertex 6.28792229e+01 1.26554556e+01 5.40168686e+01
   vertex 6.26631165e+01 1.38257408e+01 5.63374100e+01
  endloop
 endfacet
 facet normal -5.96387208e-01 -4.36685264e-01 6.73519373e-01
  outer loop
   vertex 6.26631165e+01 1.38257408e+01 5.63374100e+01
   vertex 6.28792229e+01 1.26554556e+01 5.40168686e+01
   vertex 6.31808586e+01 1.35250616e+01 5.64867401e+01
  endloop
 endfacet
 facet normal -7.47438729e-01 -4.78990406e-01 4.60329801e-01
  outer loop
   vertex 6.33082237e+01 1.31203032e+01 5.57690544e+01
   vertex 6.31808586e+01 1.35250616e+01 5.64867401e+01
   vertex 6.28792229e+01 1.26554556e+01 5.40168686e+01
  endloop
 endfacet
 facet normal -7.32879519e-01 -3.50216329e-01 5.83297670e-01
  outer loop
   vertex 6.35409012e+01 1.33724289e+01 5.67194023e+01
   vertex 6.31808586e+01 1.35250616e+01 5.64867401e+01
   vertex 6.33082237e+01 1.31203032e+01 5.57690544e+01
  endloop
 endfacet
 facet normal -5.03372192e-01 -1.57597825e-01 8.49575996e-01
  outer loop
   vertex 6.49043427e+01 1.48320751e+01 6.22477493e+01
   vertex 6.49052734e+01 1.48714504e+01 6.22450562e+01
   vertex 6.45445175e+01 1.51639032e+01 6.24241447e+01
  endloop
 endfacet
 facet normal -4.31312561e-01 3.67184654e-02 9.01455045e-01
  outer loop
   vertex 6.70034637e+01 1.67264805e+01 6.10060158e+01
   vertex 6.61106567e+01 1.73783188e+01 6.14532127e+01
   vertex 6.65166168e+01 1.62846794e+01 6.12941475e+01
  endloop
 endfacet
 facet normal -1.98933125e-01 -7.17993751e-02 9.77379382e-01
  outer loop
   vertex 6.61106567e+01 1.73783188e+01 6.14532127e+01
   vertex 6.45445175e+01 1.51639032e+01 6.24241447e+01
   vertex 6.65166168e+01 1.62846794e+01 6.12941475e+01
  endloop
 endfacet
 facet normal -1.54347956e-01 3.63386393e-01 9.18763876e-01
  outer loop
   vertex 6.65166168e+01 1.62846794e+01 6.12941475e+01
   vertex 6.45445175e+01 1.51639032e+01 6.24241447e+01
   vertex 6.60202026e+01 1.58629818e+01 6.15863419e+01
  endloop
 endfacet
 facet normal -1.44402191e-01 3.73344958e-01 9.16385055e-01
  outer loop
   vertex 6.60202026e+01 1.58629818e+01 6.15863419e+01
   vertex 6.45445175e+01 1.51639032e+01 6.24241447e+01
   vertex 6.59947052e+01 1.58418570e+01 6.16013184e+01
  endloop
 endfacet
 facet normal -1.48504704e-01 3.79322231e-01 9.13269401e-01
  outer loop
   vertex 6.59947052e+01 1.58418570e+01 6.16013184e+01
   vertex 6.45445175e+01 1.51639032e+01 6.24241447e+01
   vertex 6.56141434e+01 1.55535774e+01 6.18233719e+01
  endloop
 endfacet
 facet normal -1.58301130e-01 3.69927824e-01 9.15474832e-01
  outer loop
   vertex 6.56141434e+01 1.55535774e+01 6.18233719e+01
   vertex 6.45445175e+01 1.51639032e+01 6.24241447e+01
   vertex 6.53017807e+01 1.52701168e+01 6.20082397e+01
  endloop
 endfacet
 facet normal -1.70383483e-01 3.59192073e-01 9.17578638e-01
  outer loop
   vertex 6.53017807e+01 1.52701168e+01 6.20082397e+01
   vertex 6.45445175e+01 1.51639032e+01 6.24241447e+01
   vertex 6.52667618e+01 1.52406683e+01 6.20288353e+01
  endloop
 endfacet
 facet normal -3.07674885e-01 2.54649520e-01 9.16782320e-01
  outer loop
   vertex 6.45445175e+01 1.51639032e+01 6.24241447e+01
   vertex 6.49052734e+01 1.48714504e+01 6.22450562e+01
   vertex 6.52667618e+01 1.52406683e+01 6.20288353e+01
  endloop
 endfacet
 facet normal -3.83059293e-01 -3.04905534e-01 8.71950805e-01
  outer loop
   vertex 6.51284790e+01 1.84813824e+01 6.14167671e+01
   vertex 6.33849945e+01 1.60162220e+01 6.24976349e+01
   vertex 6.61106567e+01 1.73783188e+01 6.14532127e+01
  endloop
 endfacet
 facet normal -2.13714510e-01 -3.76263291e-01 9.01527643e-01
  outer loop
   vertex 6.61106567e+01 1.73783188e+01 6.14532127e+01
   vertex 6.33849945e+01 1.60162220e+01 6.24976349e+01
   vertex 6.45445175e+01 1.51639032e+01 6.24241447e+01
  endloop
 endfacet
 facet normal -7.04076707e-01 -1.50636718e-01 6.93962991e-01
  outer loop
   vertex 6.43398895e+01 1.97779827e+01 6.08074341e+01
   vertex 6.21759872e+01 1.67183895e+01 6.21489334e+01
   vertex 6.44148102e+01 1.96721554e+01 6.08574219e+01
  endloop
 endfacet
 facet normal -5.28299093e-01 -2.26526096e-01 8.18282366e-01
  outer loop
   vertex 6.21759872e+01 1.67183895e+01 6.21489334e+01
   vertex 6.33849945e+01 1.60162220e+01 6.24976349e+01
   vertex 6.44148102e+01 1.96721554e+01 6.08574219e+01
  endloop
 endfacet
 facet normal -5.65399706e-01 -2.34881103e-01 7.90666819e-01
  outer loop
   vertex 6.44148102e+01 1.96721554e+01 6.08574219e+01
   vertex 6.33849945e+01 1.60162220e+01 6.24976349e+01
   vertex 6.51284790e+01 1.84813824e+01 6.14167671e+01
  endloop
 endfacet
 facet normal -2.80149609e-01 7.60387361e-01 5.85941374e-01
  outer loop
   vertex 6.33780441e+01 2.05133858e+01 5.99601326e+01
   vertex 6.10358467e+01 1.72017021e+01 6.14121590e+01
   vertex 6.41193771e+01 2.01991215e+01 6.04391975e+01
  endloop
 endfacet
 facet normal -6.41061544e-01 3.29002380e-01 6.93395674e-01
  outer loop
   vertex 6.41193771e+01 2.01991215e+01 6.04391975e+01
   vertex 6.10358467e+01 1.72017021e+01 6.14121590e+01
   vertex 6.43398895e+01 1.97779827e+01 6.08074341e+01
  endloop
 endfacet
 facet normal -6.63602412e-01 -1.00215793e-01 7.41342425e-01
  outer loop
   vertex 6.10358467e+01 1.72017021e+01 6.14121590e+01
   vertex 6.21759872e+01 1.67183895e+01 6.21489334e+01
   vertex 6.43398895e+01 1.97779827e+01 6.08074341e+01
  endloop
 endfacet
 facet normal -2.94443041e-01 8.11483622e-01 5.04774809e-01
  outer loop
   vertex 6.33780441e+01 2.05133858e+01 5.99601326e+01
   vertex 6.24183846e+01 2.07305241e+01 5.89073944e+01
   vertex 6.10358467e+01 1.72017021e+01 6.14121590e+01
  endloop
 endfacet
 facet normal -6.80767834e-01 3.75357777e-01 6.29016399e-01
  outer loop
   vertex 6.10358467e+01 1.72017021e+01 6.14121590e+01
   vertex 6.24183846e+01 2.07305241e+01 5.89073944e+01
   vertex 6.00761833e+01 1.74188461e+01 6.03594208e+01
  endloop
 endfacet
 facet normal -4.76638913e-01 8.36945117e-01 2.68957704e-01
  outer loop
   vertex 6.24183846e+01 2.07305241e+01 5.89073944e+01
   vertex 6.17331314e+01 2.06602383e+01 5.76417465e+01
   vertex 6.00761833e+01 1.74188461e+01 6.03594208e+01
  endloop
 endfacet
 facet normal -8.43767166e-01 3.80712777e-01 3.78305078e-01
  outer loop
   vertex 6.00761833e+01 1.74188461e+01 6.03594208e+01
   vertex 6.17331314e+01 2.06602383e+01 5.76417465e+01
   vertex 5.93909416e+01 1.73485603e+01 5.90937805e+01
  endloop
 endfacet
 facet normal -5.96553087e-01 8.02568495e-01 -2.87216296e-03
  outer loop
   vertex 6.17331314e+01 2.06602383e+01 5.76417465e+01
   vertex 6.13893814e+01 2.03093929e+01 5.62870979e+01
   vertex 5.93909416e+01 1.73485603e+01 5.90937805e+01
  endloop
 endfacet
 facet normal -9.39791560e-01 3.26712936e-01 1.00252047e-01
  outer loop
   vertex 5.93909416e+01 1.73485603e+01 5.90937805e+01
   vertex 6.13893814e+01 2.03093929e+01 5.62870979e+01
   vertex 5.90472031e+01 1.69977245e+01 5.77391281e+01
  endloop
 endfacet
 facet normal -6.42448485e-01 7.11721361e-01 -2.84099787e-01
  outer loop
   vertex 6.13893814e+01 2.03093929e+01 5.62870979e+01
   vertex 6.14207649e+01 1.97123508e+01 5.49760323e+01
   vertex 5.90472031e+01 1.69977245e+01 5.77391281e+01
  endloop
 endfacet
 facet normal -9.59446371e-01 2.18643978e-01 -1.77925438e-01
  outer loop
   vertex 5.90472031e+01 1.69977245e+01 5.77391281e+01
   vertex 6.14207649e+01 1.97123508e+01 5.49760323e+01
   vertex 5.90785828e+01 1.64006786e+01 5.64280739e+01
  endloop
 endfacet
 facet normal -6.09835804e-01 5.73295474e-01 -5.47204375e-01
  outer loop
   vertex 6.14207649e+01 1.97123508e+01 5.49760323e+01
   vertex 6.18242188e+01 1.89275379e+01 5.38368988e+01
   vertex 5.90785828e+01 1.64006786e+01 5.64280739e+01
  endloop
 endfacet
 facet normal -9.00806367e-01 6.70838952e-02 -4.29007709e-01
  outer loop
   vertex 5.90785828e+01 1.64006786e+01 5.64280739e+01
   vertex 6.18242188e+01 1.89275379e+01 5.38368988e+01
   vertex 5.94820290e+01 1.56158695e+01 5.52889214e+01
  endloop
 endfacet
 facet normal -5.01904845e-01 4.00838792e-01 -7.66433179e-01
  outer loop
   vertex 6.18242188e+01 1.89275379e+01 5.38368988e+01
   vertex 6.25602417e+01 1.80317841e+01 5.29811859e+01
   vertex 5.94820290e+01 1.56158695e+01 5.52889214e+01
  endloop
 endfacet
 facet normal -7.69612610e-01 -1.13133654e-01 -6.28408492e-01
  outer loop
   vertex 5.94820290e+01 1.56158695e+01 5.52889214e+01
   vertex 6.25602417e+01 1.80317841e+01 5.29811859e+01
   vertex 6.02180557e+01 1.47201109e+01 5.44332161e+01
  endloop
 endfacet
 facet normal -3.29223305e-01 2.11235195e-01 -9.20321524e-01
  outer loop
   vertex 6.25602417e+01 1.80317841e+01 5.29811859e+01
   vertex 6.35568008e+01 1.71127815e+01 5.24926643e+01
   vertex 6.02180557e+01 1.47201109e+01 5.44332161e+01
  endloop
 endfacet
 facet normal -5.78707218e-01 -3.04365337e-01 -7.56610692e-01
  outer loop
   vertex 6.02180557e+01 1.47201109e+01 5.44332161e+01
   vertex 6.35568008e+01 1.71127815e+01 5.24926643e+01
   vertex 6.12146111e+01 1.38011055e+01 5.39447021e+01
  endloop
 endfacet
 facet normal -1.08693473e-01 2.30446607e-02 -9.93808150e-01
  outer loop
   vertex 6.35568008e+01 1.71127815e+01 5.24926643e+01
   vertex 6.47163239e+01 1.62604694e+01 5.24191589e+01
   vertex 6.12146111e+01 1.38011055e+01 5.39447021e+01
  endloop
 endfacet
 facet normal -3.46775174e-01 -4.87890035e-01 -8.01068246e-01
  outer loop
   vertex 6.12146111e+01 1.38011055e+01 5.39447021e+01
   vertex 6.47163239e+01 1.62604694e+01 5.24191589e+01
   vertex 6.23741379e+01 1.29488077e+01 5.38711853e+01
  endloop
 endfacet
 facet normal -7.24880278e-01 -6.24303818e-01 -2.91192949e-01
  outer loop
   vertex 6.28792229e+01 1.26554556e+01 5.40168686e+01
   vertex 6.23741379e+01 1.29488077e+01 5.38711853e+01
   vertex 6.28442268e+01 1.27687492e+01 5.39644394e+01
  endloop
 endfacet
 facet normal -7.54810035e-01 -3.90182972e-01 -5.27275145e-01
  outer loop
   vertex 6.28442268e+01 1.27687492e+01 5.39644394e+01
   vertex 6.23741379e+01 1.29488077e+01 5.38711853e+01
   vertex 6.28223839e+01 1.30847578e+01 5.38200073e+01
  endloop
 endfacet
 facet normal -4.65067744e-01 -1.93964139e-01 -8.63764942e-01
  outer loop
   vertex 6.23741379e+01 1.29488077e+01 5.38711853e+01
   vertex 6.47163239e+01 1.62604694e+01 5.24191589e+01
   vertex 6.28223839e+01 1.30847578e+01 5.38200073e+01
  endloop
 endfacet
 facet normal -4.49907988e-01 2.49274358e-01 -8.57580960e-01
  outer loop
   vertex 6.28223839e+01 1.30847578e+01 5.38200073e+01
   vertex 6.47163239e+01 1.62604694e+01 5.24191589e+01
   vertex 6.31082802e+01 1.33751554e+01 5.36946068e+01
  endloop
 endfacet
 facet normal -3.07191104e-01 3.15858543e-01 -8.97700965e-01
  outer loop
   vertex 6.31082802e+01 1.33751554e+01 5.36946068e+01
   vertex 6.47163239e+01 1.62604694e+01 5.24191589e+01
   vertex 6.32860107e+01 1.35248394e+01 5.36306953e+01
  endloop
 endfacet
 facet normal -2.93665916e-01 3.23724300e-01 -8.99423659e-01
  outer loop
   vertex 6.32860107e+01 1.35248394e+01 5.36306953e+01
   vertex 6.47163239e+01 1.62604694e+01 5.24191589e+01
   vertex 6.35325356e+01 1.37481165e+01 5.35349197e+01
  endloop
 endfacet
 facet normal -2.82667786e-01 3.31013978e-01 -9.00293648e-01
  outer loop
   vertex 6.35325356e+01 1.37481165e+01 5.35349197e+01
   vertex 6.47163239e+01 1.62604694e+01 5.24191589e+01
   vertex 6.38381805e+01 1.39815474e+01 5.34359322e+01
  endloop
 endfacet
 facet normal -2.80576229e-01 3.23555648e-01 -9.03652966e-01
  outer loop
   vertex 6.38381805e+01 1.39815474e+01 5.34359322e+01
   vertex 6.47163239e+01 1.62604694e+01 5.24191589e+01
   vertex 6.40354538e+01 1.41453466e+01 5.33660622e+01
  endloop
 endfacet
 facet normal -2.92054802e-01 3.15690309e-01 -9.02797639e-01
  outer loop
   vertex 6.40354538e+01 1.41453466e+01 5.33660622e+01
   vertex 6.47163239e+01 1.62604694e+01 5.24191589e+01
   vertex 6.44276505e+01 1.44788084e+01 5.32235985e+01
  endloop
 endfacet
 facet normal -3.03765506e-01 3.08324367e-01 -9.01477993e-01
  outer loop
   vertex 6.44276505e+01 1.44788084e+01 5.32235985e+01
   vertex 6.47163239e+01 1.62604694e+01 5.24191589e+01
   vertex 6.49489441e+01 1.49508400e+01 5.30211182e+01
  endloop
 endfacet
 facet normal -3.25736314e-01 2.96521306e-01 -8.97758842e-01
  outer loop
   vertex 6.49489441e+01 1.49508400e+01 5.30211182e+01
   vertex 6.47163239e+01 1.62604694e+01 5.24191589e+01
   vertex 6.54273148e+01 1.54015951e+01 5.28272972e+01
  endloop
 endfacet
 facet normal -3.47720057e-01 2.83257991e-01 -8.93787265e-01
  outer loop
   vertex 6.54273148e+01 1.54015951e+01 5.28272972e+01
   vertex 6.47163239e+01 1.62604694e+01 5.24191589e+01
   vertex 6.56058044e+01 1.56053286e+01 5.27387962e+01
  endloop
 endfacet
 facet normal -1.37304991e-01 4.60583508e-01 -8.76932263e-01
  outer loop
   vertex 6.47163239e+01 1.62604694e+01 5.24191589e+01
   vertex 6.56899643e+01 1.56949911e+01 5.26999741e+01
   vertex 6.56058044e+01 1.56053286e+01 5.27387962e+01
  endloop
 endfacet
 facet normal -1.40164748e-01 9.28651333e-01 -3.43453914e-01
  outer loop
   vertex 6.68628464e+01 1.67171059e+01 5.69230690e+01
   vertex 6.68494110e+01 1.69727783e+01 5.74844971e+01
   vertex 6.68783722e+01 1.67069168e+01 5.69248734e+01
  endloop
 endfacet
 facet normal -1.29148647e-01 9.43403006e-01 -3.05469066e-01
  outer loop
   vertex 6.68783722e+01 1.67069168e+01 5.69248734e+01
   vertex 6.68494110e+01 1.69727783e+01 5.74844971e+01
   vertex 6.70636368e+01 1.68646698e+01 5.75834885e+01
  endloop
 endfacet
 facet normal -1.20607704e-01 8.74307454e-01 -4.70149189e-01
  outer loop
   vertex 6.68494110e+01 1.69727783e+01 5.74844971e+01
   vertex 6.66766357e+01 1.73088570e+01 5.79722939e+01
   vertex 6.70636368e+01 1.68646698e+01 5.75834885e+01
  endloop
 endfacet
 facet normal -1.11506090e-01 9.22950268e-01 -3.68414432e-01
  outer loop
   vertex 6.70636368e+01 1.68646698e+01 5.75834885e+01
   vertex 6.66766357e+01 1.73088570e+01 5.79722939e+01
   vertex 6.73295212e+01 1.70910664e+01 5.85287018e+01
  endloop
 endfacet
 facet normal -2.51372695e-01 6.23210490e-01 -7.40554154e-01
  outer loop
   vertex 6.75412827e+01 1.72713890e+01 5.92815628e+01
   vertex 6.73295212e+01 1.70910664e+01 5.85287018e+01
   vertex 6.71126556e+01 1.76253643e+01 5.93974838e+01
  endloop
 endfacet
 facet normal -7.57216811e-02 6.67450428e-01 -7.40794301e-01
  outer loop
   vertex 6.71126556e+01 1.76253643e+01 5.93974838e+01
   vertex 6.73295212e+01 1.70910664e+01 5.85287018e+01
   vertex 6.63614578e+01 1.76924324e+01 5.83387260e+01
  endloop
 endfacet
 facet normal -6.56783581e-02 8.10042083e-01 -5.82681894e-01
  outer loop
   vertex 6.73295212e+01 1.70910664e+01 5.85287018e+01
   vertex 6.66766357e+01 1.73088570e+01 5.79722939e+01
   vertex 6.63614578e+01 1.76924324e+01 5.83387260e+01
  endloop
 endfacet
 facet normal -7.13870600e-02 3.34403813e-01 -9.39722300e-01
  outer loop
   vertex 6.71126556e+01 1.76253643e+01 5.93974838e+01
   vertex 6.63614578e+01 1.76924324e+01 5.83387260e+01
   vertex 6.69438934e+01 1.77647266e+01 5.94431190e+01
  endloop
 endfacet
 facet normal -9.39964876e-02 3.30255836e-01 -9.39199507e-01
  outer loop
   vertex 6.69438934e+01 1.77647266e+01 5.94431190e+01
   vertex 6.63614578e+01 1.76924324e+01 5.83387260e+01
   vertex 6.65818253e+01 1.80735989e+01 5.95635262e+01
  endloop
 endfacet
 facet normal 4.74594813e-03 4.32544351e-01 -9.01600182e-01
  outer loop
   vertex 6.63614578e+01 1.76924324e+01 5.83387260e+01
   vertex 6.59347229e+01 1.80859642e+01 5.85479164e+01
   vertex 6.65818253e+01 1.80735989e+01 5.95635262e+01
  endloop
 endfacet
 facet normal -6.17748722e-02 2.85638243e-01 -9.56344426e-01
  outer loop
   vertex 6.65818253e+01 1.80735989e+01 5.95635262e+01
   vertex 6.59347229e+01 1.80859642e+01 5.85479164e+01
   vertex 6.63630676e+01 1.82612724e+01 5.96386833e+01
  endloop
 endfacet
 facet normal 1.09303698e-01 3.45461845e-01 -9.32045519e-01
  outer loop
   vertex 6.59347229e+01 1.80859642e+01 5.85479164e+01
   vertex 6.54381866e+01 1.84509411e+01 5.85793991e+01
   vertex 6.63630676e+01 1.82612724e+01 5.96386833e+01
  endloop
 endfacet
 facet normal -7.45999999e-03 2.45830595e-01 -9.69284117e-01
  outer loop
   vertex 6.63630676e+01 1.82612724e+01 5.96386833e+01
   vertex 6.54381866e+01 1.84509411e+01 5.85793991e+01
   vertex 6.55932999e+01 1.89216442e+01 5.99031410e+01
  endloop
 endfacet
 facet normal 2.97437403e-02 2.10165530e-01 -9.77213264e-01
  outer loop
   vertex 6.45979614e+01 1.97765236e+01 6.02473450e+01
   vertex 6.46371765e+01 1.97418957e+01 6.02316208e+01
   vertex 6.49204559e+01 1.87516327e+01 5.84300652e+01
  endloop
 endfacet
 facet normal 4.58840020e-02 2.08925053e-01 -9.76854622e-01
  outer loop
   vertex 6.46371765e+01 1.97418957e+01 6.02316208e+01
   vertex 6.55932999e+01 1.89216442e+01 5.99031410e+01
   vertex 6.49204559e+01 1.87516327e+01 5.84300652e+01
  endloop
 endfacet
 facet normal 2.31358394e-01 2.72453725e-01 -9.33939099e-01
  outer loop
   vertex 6.55932999e+01 1.89216442e+01 5.99031410e+01
   vertex 6.54381866e+01 1.84509411e+01 5.85793991e+01
   vertex 6.49204559e+01 1.87516327e+01 5.84300652e+01
  endloop
 endfacet
 facet normal 3.08220744e-01 9.50716913e-01 -3.37244831e-02
  outer loop
   vertex 6.33780441e+01 2.05133858e+01 5.99601326e+01
   vertex 6.41193771e+01 2.01991215e+01 6.04391975e+01
   vertex 6.44322357e+01 1.89585857e+01 5.81145744e+01
  endloop
 endfacet
 facet normal 1.99522257e-01 6.85067415e-01 -7.00623631e-01
  outer loop
   vertex 6.41193771e+01 2.01991215e+01 6.04391975e+01
   vertex 6.45979614e+01 1.97765236e+01 6.02473450e+01
   vertex 6.44322357e+01 1.89585857e+01 5.81145744e+01
  endloop
 endfacet
 facet normal 3.48072827e-01 2.21338138e-01 -9.10963655e-01
  outer loop
   vertex 6.45979614e+01 1.97765236e+01 6.02473450e+01
   vertex 6.49204559e+01 1.87516327e+01 5.84300652e+01
   vertex 6.44322357e+01 1.89585857e+01 5.81145744e+01
  endloop
 endfacet
 facet normal 6.92358255e-01 5.69437027e-01 -4.43149477e-01
  outer loop
   vertex 6.44322357e+01 1.89585857e+01 5.81145744e+01
   vertex 6.40212936e+01 1.90515766e+01 5.76637650e+01
   vertex 6.33780441e+01 2.05133858e+01 5.99601326e+01
  endloop
 endfacet
 facet normal 3.55880171e-01 9.32028770e-01 -6.83499426e-02
  outer loop
   vertex 6.33780441e+01 2.05133858e+01 5.99601326e+01
   vertex 6.40212936e+01 1.90515766e+01 5.76637650e+01
   vertex 6.24183846e+01 2.07305241e+01 5.89073944e+01
  endloop
 endfacet
 facet normal 7.30062604e-01 5.75478554e-01 -3.68555278e-01
  outer loop
   vertex 6.40212936e+01 1.90515766e+01 5.76637650e+01
   vertex 6.37278519e+01 1.90214787e+01 5.71217918e+01
   vertex 6.24183846e+01 2.07305241e+01 5.89073944e+01
  endloop
 endfacet
 facet normal 2.82450169e-01 9.47092950e-01 -1.52436331e-01
  outer loop
   vertex 6.24183846e+01 2.07305241e+01 5.89073944e+01
   vertex 6.37278519e+01 1.90214787e+01 5.71217918e+01
   vertex 6.17331314e+01 2.06602383e+01 5.76417465e+01
  endloop
 endfacet
 facet normal 7.47577190e-01 5.97677350e-01 -2.89672494e-01
  outer loop
   vertex 6.37278519e+01 1.90214787e+01 5.71217918e+01
   vertex 6.35806541e+01 1.88712387e+01 5.65417023e+01
   vertex 6.17331314e+01 2.06602383e+01 5.76417465e+01
  endloop
 endfacet
 facet normal 2.31021047e-01 9.39644456e-01 -2.52383828e-01
  outer loop
   vertex 6.17331314e+01 2.06602383e+01 5.76417465e+01
   vertex 6.35806541e+01 1.88712387e+01 5.65417023e+01
   vertex 6.13893814e+01 2.03093929e+01 5.62870979e+01
  endloop
 endfacet
 facet normal 7.43185222e-01 6.33863568e-01 -2.14225754e-01
  outer loop
   vertex 6.35806541e+01 1.88712387e+01 5.65417023e+01
   vertex 6.35940895e+01 1.86155758e+01 5.59802780e+01
   vertex 6.13893814e+01 2.03093929e+01 5.62870979e+01
  endloop
 endfacet
 facet normal 2.06623226e-01 9.10413742e-01 -3.58404338e-01
  outer loop
   vertex 6.13893814e+01 2.03093929e+01 5.62870979e+01
   vertex 6.35940895e+01 1.86155758e+01 5.59802780e+01
   vertex 6.14207649e+01 1.97123508e+01 5.49760323e+01
  endloop
 endfacet
 facet normal 7.17312098e-01 6.80504501e-01 -1.49589509e-01
  outer loop
   vertex 6.35940895e+01 1.86155758e+01 5.59802780e+01
   vertex 6.37668495e+01 1.82794991e+01 5.54924660e+01
   vertex 6.14207649e+01 1.97123508e+01 5.49760323e+01
  endloop
 endfacet
 facet normal 2.11645588e-01 8.62265825e-01 -4.60112810e-01
  outer loop
   vertex 6.14207649e+01 1.97123508e+01 5.49760323e+01
   vertex 6.37668495e+01 1.82794991e+01 5.54924660e+01
   vertex 6.18242188e+01 1.89275379e+01 5.38368988e+01
  endloop
 endfacet
 facet normal 6.72498405e-01 7.33022869e-01 -1.02094799e-01
  outer loop
   vertex 6.37668495e+01 1.82794991e+01 5.54924660e+01
   vertex 6.40820465e+01 1.78959236e+01 5.51260414e+01
   vertex 6.18242188e+01 1.89275379e+01 5.38368988e+01
  endloop
 endfacet
 facet normal 2.45600268e-01 7.99906075e-01 -5.47568023e-01
  outer loop
   vertex 6.18242188e+01 1.89275379e+01 5.38368988e+01
   vertex 6.40820465e+01 1.78959236e+01 5.51260414e+01
   vertex 6.25602417e+01 1.80317841e+01 5.29811859e+01
  endloop
 endfacet
 facet normal 6.13134265e-01 7.86276400e-01 -7.63926655e-02
  outer loop
   vertex 6.40820465e+01 1.78959236e+01 5.51260414e+01
   vertex 6.45087662e+01 1.75023842e+01 5.49168549e+01
   vertex 6.25602417e+01 1.80317841e+01 5.29811859e+01
  endloop
 endfacet
 facet normal 3.05165082e-01 7.29442716e-01 -6.12198949e-01
  outer loop
   vertex 6.25602417e+01 1.80317841e+01 5.29811859e+01
   vertex 6.45087662e+01 1.75023842e+01 5.49168549e+01
   vertex 6.35568008e+01 1.71127815e+01 5.24926643e+01
  endloop
 endfacet
 facet normal 5.45017660e-01 8.35063338e-01 -7.49996156e-02
  outer loop
   vertex 6.45087662e+01 1.75023842e+01 5.49168549e+01
   vertex 6.50053101e+01 1.71373978e+01 5.48853645e+01
   vertex 6.35568008e+01 1.71127815e+01 5.24926643e+01
  endloop
 endfacet
 facet normal 3.84492308e-01 6.57778263e-01 -6.47683084e-01
  outer loop
   vertex 6.35568008e+01 1.71127815e+01 5.24926643e+01
   vertex 6.50053101e+01 1.71373978e+01 5.48853645e+01
   vertex 6.47163239e+01 1.62604694e+01 5.24191589e+01
  endloop
 endfacet
 facet normal 3.18082273e-01 7.81350970e-01 -5.36949158e-01
  outer loop
   vertex 6.47163239e+01 1.62604694e+01 5.24191589e+01
   vertex 6.50053101e+01 1.71373978e+01 5.48853645e+01
   vertex 6.56899643e+01 1.56949911e+01 5.26999741e+01
  endloop
 endfacet
 facet normal 1.27274096e-01 9.71590400e-01 -1.99532822e-01
  outer loop
   vertex 6.56899643e+01 1.56949911e+01 5.26999741e+01
   vertex 6.50053101e+01 1.71373978e+01 5.48853645e+01
   vertex 6.58416672e+01 1.58241634e+01 5.32392883e+01
  endloop
 endfacet
 facet normal 2.37458318e-01 9.54760075e-01 1.79016024e-01
  outer loop
   vertex 6.50053101e+01 1.71373978e+01 5.48853645e+01
   vertex 6.55230408e+01 1.68367195e+01 5.50346870e+01
   vertex 6.58416672e+01 1.58241634e+01 5.32392883e+01
  endloop
 endfacet
 facet normal 2.34813523e-02 9.99372959e-01 -2.65005995e-02
  outer loop
   vertex 6.58416672e+01 1.58241634e+01 5.32392883e+01
   vertex 6.55230408e+01 1.68367195e+01 5.50346870e+01
   vertex 6.62954788e+01 1.62105904e+01 5.48526268e+01
  endloop
 endfacet
 facet normal 1.11924812e-01 9.86569107e-01 1.18971512e-01
  outer loop
   vertex 6.62954788e+01 1.62105904e+01 5.48526268e+01
   vertex 6.55230408e+01 1.68367195e+01 5.50346870e+01
   vertex 6.60112686e+01 1.66297703e+01 5.53501968e+01
  endloop
 endfacet
 facet normal -3.37688439e-02 9.97478306e-01 -6.24235570e-02
  outer loop
   vertex 6.62954788e+01 1.62105904e+01 5.48526268e+01
   vertex 6.60112686e+01 1.66297703e+01 5.53501968e+01
   vertex 6.65371552e+01 1.64163685e+01 5.57118301e+01
  endloop
 endfacet
 facet normal 5.82119450e-03 9.99590218e-01 2.80275885e-02
  outer loop
   vertex 6.65371552e+01 1.64163685e+01 5.57118301e+01
   vertex 6.60112686e+01 1.66297703e+01 5.53501968e+01
   vertex 6.64222107e+01 1.65367718e+01 5.58010139e+01
  endloop
 endfacet
 facet normal -2.67355651e-01 9.63591993e-01 3.38610983e-03
  outer loop
   vertex 6.65371552e+01 1.64163685e+01 5.57118301e+01
   vertex 6.64222107e+01 1.65367718e+01 5.58010139e+01
   vertex 6.67136612e+01 1.65666695e+01 5.63393326e+01
  endloop
 endfacet
 facet normal -3.51576686e-01 9.19737279e-01 -1.74576998e-01
  outer loop
   vertex 6.67243881e+01 1.65757980e+01 5.63774490e+01
   vertex 6.68628464e+01 1.67171059e+01 5.69230690e+01
   vertex 6.68783722e+01 1.67069168e+01 5.69248734e+01
  endloop
 endfacet
 facet normal -3.97634566e-01 8.57338846e-01 -3.26889664e-01
  outer loop
   vertex 6.68628464e+01 1.67171059e+01 5.69230690e+01
   vertex 6.67856293e+01 1.66079292e+01 5.69709396e+01
   vertex 6.68494110e+01 1.69727783e+01 5.74844971e+01
  endloop
 endfacet
 facet normal -6.31727874e-01 7.33865321e-01 -2.49723047e-01
  outer loop
   vertex 6.67856293e+01 1.66079292e+01 5.69709396e+01
   vertex 6.67710190e+01 1.65917568e+01 5.69890289e+01
   vertex 6.68494110e+01 1.69727783e+01 5.74844971e+01
  endloop
 endfacet
 facet normal -6.21694863e-01 7.40934789e-01 -2.53990442e-01
  outer loop
   vertex 6.67710190e+01 1.65917568e+01 5.69890289e+01
   vertex 6.67136078e+01 1.65238228e+01 5.70512848e+01
   vertex 6.68494110e+01 1.69727783e+01 5.74844971e+01
  endloop
 endfacet
 facet normal -6.06394470e-01 7.29722142e-01 -3.15897673e-01
  outer loop
   vertex 6.61555023e+01 1.59916401e+01 5.79146843e+01
   vertex 6.68494110e+01 1.69727783e+01 5.74844971e+01
   vertex 6.62759247e+01 1.61021194e+01 5.77196159e+01
  endloop
 endfacet
 facet normal -6.08845532e-01 7.49936044e-01 -2.58656353e-01
  outer loop
   vertex 6.68494110e+01 1.69727783e+01 5.74844971e+01
   vertex 6.67136078e+01 1.65238228e+01 5.70512848e+01
   vertex 6.62759247e+01 1.61021194e+01 5.77196159e+01
  endloop
 endfacet
 facet normal -5.61857820e-01 6.67157292e-01 -4.89098102e-01
  outer loop
   vertex 6.51123886e+01 1.50971298e+01 5.89420471e+01
   vertex 6.66766357e+01 1.73088570e+01 5.79722939e+01
   vertex 6.52530670e+01 1.52020903e+01 5.87932091e+01
  endloop
 endfacet
 facet normal -5.75581551e-01 6.90517306e-01 -4.38054532e-01
  outer loop
   vertex 6.52530670e+01 1.52020903e+01 5.87932091e+01
   vertex 6.66766357e+01 1.73088570e+01 5.79722939e+01
   vertex 6.53276825e+01 1.52636671e+01 5.87181358e+01
  endloop
 endfacet
 facet normal -5.82924128e-01 6.85576975e-01 -4.36100602e-01
  outer loop
   vertex 6.53276825e+01 1.52636671e+01 5.87181358e+01
   vertex 6.66766357e+01 1.73088570e+01 5.79722939e+01
   vertex 6.57432404e+01 1.56161108e+01 5.83062859e+01
  endloop
 endfacet
 facet normal -5.91154277e-01 6.80255234e-01 -4.33346719e-01
  outer loop
   vertex 6.57432404e+01 1.56161108e+01 5.83062859e+01
   vertex 6.66766357e+01 1.73088570e+01 5.79722939e+01
   vertex 6.61555023e+01 1.59916401e+01 5.79146843e+01
  endloop
 endfacet
 facet normal -3.65282357e-01 7.74033725e-01 -5.17146587e-01
  outer loop
   vertex 6.66766357e+01 1.73088570e+01 5.79722939e+01
   vertex 6.68494110e+01 1.69727783e+01 5.74844971e+01
   vertex 6.61555023e+01 1.59916401e+01 5.79146843e+01
  endloop
 endfacet
 facet normal -9.38425243e-01 -2.98048377e-01 -1.74714848e-01
  outer loop
   vertex 6.42322617e+01 1.41215467e+01 5.95431328e+01
   vertex 6.40192642e+01 1.43807545e+01 5.97907600e+01
   vertex 6.42313385e+01 1.41318455e+01 5.95461044e+01
  endloop
 endfacet
 facet normal -9.47146177e-01 -4.85907309e-02 -3.17101091e-01
  outer loop
   vertex 6.42313385e+01 1.41318455e+01 5.95461044e+01
   vertex 6.40192642e+01 1.43807545e+01 5.97907600e+01
   vertex 6.42439728e+01 1.43041811e+01 5.95701294e+01
  endloop
 endfacet
 facet normal -7.50072420e-01 1.83013529e-01 -6.35529220e-01
  outer loop
   vertex 6.40192642e+01 1.43807545e+01 5.97907600e+01
   vertex 6.63614578e+01 1.76924324e+01 5.83387260e+01
   vertex 6.42439728e+01 1.43041811e+01 5.95701294e+01
  endloop
 endfacet
 facet normal -6.14359319e-01 5.44438124e-01 -5.71095228e-01
  outer loop
   vertex 6.42439728e+01 1.43041811e+01 5.95701294e+01
   vertex 6.63614578e+01 1.76924324e+01 5.83387260e+01
   vertex 6.45707245e+01 1.46391058e+01 5.93413429e+01
  endloop
 endfacet
 facet normal -5.46910822e-01 5.95251560e-01 -5.88696957e-01
  outer loop
   vertex 6.45707245e+01 1.46391058e+01 5.93413429e+01
   vertex 6.63614578e+01 1.76924324e+01 5.83387260e+01
   vertex 6.46466064e+01 1.47028599e+01 5.92853279e+01
  endloop
 endfacet
 facet normal -5.38685739e-01 6.00470781e-01 -5.90975881e-01
  outer loop
   vertex 6.46466064e+01 1.47028599e+01 5.92853279e+01
   vertex 6.63614578e+01 1.76924324e+01 5.83387260e+01
   vertex 6.49259262e+01 1.49566593e+01 5.90830498e+01
  endloop
 endfacet
 facet normal -5.30972779e-01 6.04255795e-01 -5.94089925e-01
  outer loop
   vertex 6.49259262e+01 1.49566593e+01 5.90830498e+01
   vertex 6.63614578e+01 1.76924324e+01 5.83387260e+01
   vertex 6.51123886e+01 1.50971298e+01 5.89420471e+01
  endloop
 endfacet
 facet normal -2.88918912e-01 6.74459875e-01 -6.79433346e-01
  outer loop
   vertex 6.63614578e+01 1.76924324e+01 5.83387260e+01
   vertex 6.66766357e+01 1.73088570e+01 5.79722939e+01
   vertex 6.51123886e+01 1.50971298e+01 5.89420471e+01
  endloop
 endfacet
 facet normal -6.69778466e-01 -2.84240067e-01 -6.86006069e-01
  outer loop
   vertex 6.40192642e+01 1.43807545e+01 5.97907600e+01
   vertex 6.35925331e+01 1.47742987e+01 5.99999542e+01
   vertex 6.63614578e+01 1.76924324e+01 5.83387260e+01
  endloop
 endfacet
 facet normal -2.19429314e-01 1.93032295e-01 -9.56341624e-01
  outer loop
   vertex 6.63614578e+01 1.76924324e+01 5.83387260e+01
   vertex 6.35925331e+01 1.47742987e+01 5.99999542e+01
   vertex 6.59347229e+01 1.80859642e+01 5.85479164e+01
  endloop
 endfacet
 facet normal -4.53799278e-01 -4.68548745e-01 -7.57976472e-01
  outer loop
   vertex 6.35925331e+01 1.47742987e+01 5.99999542e+01
   vertex 6.30959930e+01 1.51392746e+01 6.00314331e+01
   vertex 6.59347229e+01 1.80859642e+01 5.85479164e+01
  endloop
 endfacet
 facet normal 7.72264507e-03 1.32876579e-02 -9.99881864e-01
  outer loop
   vertex 6.59347229e+01 1.80859642e+01 5.85479164e+01
   vertex 6.30959930e+01 1.51392746e+01 6.00314331e+01
   vertex 6.54381866e+01 1.84509411e+01 5.85793991e+01
  endloop
 endfacet
 facet normal -2.12089822e-01 -6.33440554e-01 -7.44157910e-01
  outer loop
   vertex 6.30959930e+01 1.51392746e+01 6.00314331e+01
   vertex 6.25782700e+01 1.54399691e+01 5.98821106e+01
   vertex 6.54381866e+01 1.84509411e+01 5.85793991e+01
  endloop
 endfacet
 facet normal 2.52818465e-01 -1.41316488e-01 -9.57137644e-01
  outer loop
   vertex 6.54381866e+01 1.84509411e+01 5.85793991e+01
   vertex 6.25782700e+01 1.54399691e+01 5.98821106e+01
   vertex 6.49204559e+01 1.87516327e+01 5.84300652e+01
  endloop
 endfacet
 facet normal 3.16742845e-02 -7.62762845e-01 -6.45902157e-01
  outer loop
   vertex 6.25782700e+01 1.54399691e+01 5.98821106e+01
   vertex 6.20900497e+01 1.56469250e+01 5.95666084e+01
   vertex 6.49204559e+01 1.87516327e+01 5.84300652e+01
  endloop
 endfacet
 facet normal 4.91861135e-01 -2.55646586e-01 -8.32296491e-01
  outer loop
   vertex 6.49204559e+01 1.87516327e+01 5.84300652e+01
   vertex 6.20900497e+01 1.56469250e+01 5.95666084e+01
   vertex 6.44322357e+01 1.89585857e+01 5.81145744e+01
  endloop
 endfacet
 facet normal 2.53636509e-01 -8.43858838e-01 -4.72832769e-01
  outer loop
   vertex 6.20900497e+01 1.56469250e+01 5.95666084e+01
   vertex 6.16791000e+01 1.57399073e+01 5.91157875e+01
   vertex 6.44322357e+01 1.89585857e+01 5.81145744e+01
  endloop
 endfacet
 facet normal 7.01458693e-01 -3.18507463e-01 -6.37580335e-01
  outer loop
   vertex 6.44322357e+01 1.89585857e+01 5.81145744e+01
   vertex 6.16791000e+01 1.57399073e+01 5.91157875e+01
   vertex 6.40212936e+01 1.90515766e+01 5.76637650e+01
  endloop
 endfacet
 facet normal 4.32073265e-01 -8.68795514e-01 -2.41882324e-01
  outer loop
   vertex 6.16791000e+01 1.57399073e+01 5.91157875e+01
   vertex 6.13856697e+01 1.57098179e+01 5.85738297e+01
   vertex 6.40212936e+01 1.90515766e+01 5.76637650e+01
  endloop
 endfacet
 facet normal 8.61099541e-01 -3.23749721e-01 -3.92037928e-01
  outer loop
   vertex 6.40212936e+01 1.90515766e+01 5.76637650e+01
   vertex 6.13856697e+01 1.57098179e+01 5.85738297e+01
   vertex 6.37278519e+01 1.90214787e+01 5.71217918e+01
  endloop
 endfacet
 facet normal 5.49519300e-01 -8.35126102e-01 2.43494511e-02
  outer loop
   vertex 6.13856697e+01 1.57098179e+01 5.85738297e+01
   vertex 6.12384682e+01 1.55595627e+01 5.79937210e+01
   vertex 6.37278519e+01 1.90214787e+01 5.71217918e+01
  endloop
 endfacet
 facet normal 9.55145419e-01 -2.70861685e-01 -1.19712710e-01
  outer loop
   vertex 6.37278519e+01 1.90214787e+01 5.71217918e+01
   vertex 6.12384682e+01 1.55595627e+01 5.79937210e+01
   vertex 6.35806541e+01 1.88712387e+01 5.65417023e+01
  endloop
 endfacet
 facet normal 5.94461977e-01 -7.46156216e-01 2.99776375e-01
  outer loop
   vertex 6.12384682e+01 1.55595627e+01 5.79937210e+01
   vertex 6.12518921e+01 1.53039017e+01 5.74322968e+01
   vertex 6.35806541e+01 1.88712387e+01 5.65417023e+01
  endloop
 endfacet
 facet normal 9.74392712e-01 -1.65029109e-01 1.52722910e-01
  outer loop
   vertex 6.35806541e+01 1.88712387e+01 5.65417023e+01
   vertex 6.12518921e+01 1.53039017e+01 5.74322968e+01
   vertex 6.35940895e+01 1.86155758e+01 5.59802780e+01
  endloop
 endfacet
 facet normal 5.62520802e-01 -6.10586226e-01 5.57453871e-01
  outer loop
   vertex 6.12518921e+01 1.53039017e+01 5.74322968e+01
   vertex 6.14246750e+01 1.49678326e+01 5.69445114e+01
   vertex 6.35940895e+01 1.86155758e+01 5.59802780e+01
  endloop
 endfacet
 facet normal 9.16963160e-01 -1.65829118e-02 3.98627162e-01
  outer loop
   vertex 6.35940895e+01 1.86155758e+01 5.59802780e+01
   vertex 6.14246750e+01 1.49678326e+01 5.69445114e+01
   vertex 6.37668495e+01 1.82794991e+01 5.54924660e+01
  endloop
 endfacet
 facet normal 4.56821352e-01 -4.41674650e-01 7.72164345e-01
  outer loop
   vertex 6.14246750e+01 1.49678326e+01 5.69445114e+01
   vertex 6.17398567e+01 1.45842581e+01 5.65780792e+01
   vertex 6.37668495e+01 1.82794991e+01 5.54924660e+01
  endloop
 endfacet
 facet normal 7.88473070e-01 1.59918830e-01 5.93915999e-01
  outer loop
   vertex 6.37668495e+01 1.82794991e+01 5.54924660e+01
   vertex 6.17398567e+01 1.45842581e+01 5.65780792e+01
   vertex 6.40820465e+01 1.78959236e+01 5.51260414e+01
  endloop
 endfacet
 facet normal 2.87702441e-01 -2.55990773e-01 9.22873795e-01
  outer loop
   vertex 6.17398567e+01 1.45842581e+01 5.65780792e+01
   vertex 6.21665764e+01 1.41907167e+01 5.63688850e+01
   vertex 6.40820465e+01 1.78959236e+01 5.51260414e+01
  endloop
 endfacet
 facet normal 6.01510227e-01 3.47190619e-01 7.19474912e-01
  outer loop
   vertex 6.40820465e+01 1.78959236e+01 5.51260414e+01
   vertex 6.21665764e+01 1.41907167e+01 5.63688850e+01
   vertex 6.45087662e+01 1.75023842e+01 5.49168549e+01
  endloop
 endfacet
 facet normal 7.17214793e-02 -7.16928244e-02 9.94844794e-01
  outer loop
   vertex 6.21665764e+01 1.41907167e+01 5.63688850e+01
   vertex 6.26631165e+01 1.38257408e+01 5.63374100e+01
   vertex 6.45087662e+01 1.75023842e+01 5.49168549e+01
  endloop
 endfacet
 facet normal 3.74361396e-01 5.26935041e-01 7.63015747e-01
  outer loop
   vertex 6.45087662e+01 1.75023842e+01 5.49168549e+01
   vertex 6.26631165e+01 1.38257408e+01 5.63374100e+01
   vertex 6.50053101e+01 1.71373978e+01 5.48853645e+01
  endloop
 endfacet
 facet normal -1.69984654e-01 9.32072103e-02 9.81028855e-01
  outer loop
   vertex 6.26631165e+01 1.38257408e+01 5.63374100e+01
   vertex 6.31808586e+01 1.35250616e+01 5.64867401e+01
   vertex 6.50053101e+01 1.71373978e+01 5.48853645e+01
  endloop
 endfacet
 facet normal 1.29259571e-01 6.81548119e-01 7.20266700e-01
  outer loop
   vertex 6.50053101e+01 1.71373978e+01 5.48853645e+01
   vertex 6.31808586e+01 1.35250616e+01 5.64867401e+01
   vertex 6.55230408e+01 1.68367195e+01 5.50346870e+01
  endloop
 endfacet
 facet normal -7.21643567e-01 -7.53500685e-02 6.88151836e-01
  outer loop
   vertex 6.35409012e+01 1.33724289e+01 5.67194023e+01
   vertex 6.35169334e+01 1.34298115e+01 5.66713829e+01
   vertex 6.31808586e+01 1.35250616e+01 5.64867401e+01
  endloop
 endfacet
 facet normal -6.87979043e-01 2.16786370e-01 6.92595482e-01
  outer loop
   vertex 6.35169334e+01 1.34298115e+01 5.66713829e+01
   vertex 6.34864044e+01 1.36543427e+01 5.65058784e+01
   vertex 6.31808586e+01 1.35250616e+01 5.64867401e+01
  endloop
 endfacet
 facet normal -3.92845333e-01 5.43060958e-01 7.42130280e-01
  outer loop
   vertex 6.31808586e+01 1.35250616e+01 5.64867401e+01
   vertex 6.34864044e+01 1.36543427e+01 5.65058784e+01
   vertex 6.55230408e+01 1.68367195e+01 5.50346870e+01
  endloop
 endfacet
 facet normal -3.38372052e-01 8.12618136e-01 4.74506140e-01
  outer loop
   vertex 6.34864044e+01 1.36543427e+01 5.65058784e+01
   vertex 6.38077965e+01 1.39797230e+01 5.63955307e+01
   vertex 6.55230408e+01 1.68367195e+01 5.50346870e+01
  endloop
 endfacet
 facet normal -2.77926534e-01 8.53570998e-01 4.40651149e-01
  outer loop
   vertex 6.38077965e+01 1.39797230e+01 5.63955307e+01
   vertex 6.39438591e+01 1.40944109e+01 5.63647118e+01
   vertex 6.55230408e+01 1.68367195e+01 5.50346870e+01
  endloop
 endfacet
 facet normal -2.70242780e-01 8.58181477e-01 4.36455458e-01
  outer loop
   vertex 6.39438591e+01 1.40944109e+01 5.63647118e+01
   vertex 6.42242813e+01 1.43480873e+01 5.62892570e+01
   vertex 6.55230408e+01 1.68367195e+01 5.50346870e+01
  endloop
 endfacet
 facet normal -2.63299555e-01 8.62289131e-01 4.32586133e-01
  outer loop
   vertex 6.42242813e+01 1.43480873e+01 5.62892570e+01
   vertex 6.45755692e+01 1.46176491e+01 5.62279587e+01
   vertex 6.55230408e+01 1.68367195e+01 5.50346870e+01
  endloop
 endfacet
 facet normal -2.64073312e-01 8.61308157e-01 4.34066296e-01
  outer loop
   vertex 6.45755692e+01 1.46176491e+01 5.62279587e+01
   vertex 6.46062088e+01 1.46431208e+01 5.62212601e+01
   vertex 6.55230408e+01 1.68367195e+01 5.50346870e+01
  endloop
 endfacet
 facet normal -2.92507317e-02 9.34727192e-01 3.54160309e-01
  outer loop
   vertex 6.46062088e+01 1.46431208e+01 5.62212601e+01
   vertex 6.60112686e+01 1.66297703e+01 5.53501968e+01
   vertex 6.55230408e+01 1.68367195e+01 5.50346870e+01
  endloop
 endfacet
 facet normal -3.54792416e-01 8.68595541e-01 3.45925003e-01
  outer loop
   vertex 6.46062088e+01 1.46431208e+01 5.62212601e+01
   vertex 6.47244873e+01 1.47416496e+01 5.62198601e+01
   vertex 6.60112686e+01 1.66297703e+01 5.53501968e+01
  endloop
 endfacet
 facet normal -3.90561759e-01 8.70305061e-01 3.00051093e-01
  outer loop
   vertex 6.47244873e+01 1.47416496e+01 5.62198601e+01
   vertex 6.51993790e+01 1.51459541e+01 5.62051086e+01
   vertex 6.60112686e+01 1.66297703e+01 5.53501968e+01
  endloop
 endfacet
 facet normal -3.97075534e-01 8.66397262e-01 3.02798361e-01
  outer loop
   vertex 6.51993790e+01 1.51459541e+01 5.62051086e+01
   vertex 6.58330383e+01 1.57178679e+01 5.61514626e+01
   vertex 6.60112686e+01 1.66297703e+01 5.53501968e+01
  endloop
 endfacet
 facet normal -4.04765069e-01 8.61107588e-01 3.07667017e-01
  outer loop
   vertex 6.58330383e+01 1.57178679e+01 5.61514626e+01
   vertex 6.58626862e+01 1.57456541e+01 5.61478882e+01
   vertex 6.60112686e+01 1.66297703e+01 5.53501968e+01
  endloop
 endfacet
 facet normal -1.79542020e-01 9.59598064e-01 2.16647550e-01
  outer loop
   vertex 6.58626862e+01 1.57456541e+01 5.61478882e+01
   vertex 6.64222107e+01 1.65367718e+01 5.58010139e+01
   vertex 6.60112686e+01 1.66297703e+01 5.53501968e+01
  endloop
 endfacet
 facet normal -4.84626025e-01 8.62859786e-01 1.43563867e-01
  outer loop
   vertex 6.67136612e+01 1.65666695e+01 5.63393326e+01
   vertex 6.64222107e+01 1.65367718e+01 5.58010139e+01
   vertex 6.65898132e+01 1.64383545e+01 5.63280602e+01
  endloop
 endfacet
 facet normal -4.80761737e-01 8.53894591e-01 1.99329183e-01
  outer loop
   vertex 6.58626862e+01 1.57456541e+01 5.61478882e+01
   vertex 6.64947357e+01 1.63328724e+01 5.63325577e+01
   vertex 6.64222107e+01 1.65367718e+01 5.58010139e+01
  endloop
 endfacet
 facet normal -5.13870060e-01 8.43820572e-01 1.54610440e-01
  outer loop
   vertex 6.64222107e+01 1.65367718e+01 5.58010139e+01
   vertex 6.64947357e+01 1.63328724e+01 5.63325577e+01
   vertex 6.65898132e+01 1.64383545e+01 5.63280602e+01
  endloop
 endfacet
 facet normal -5.98470390e-01 7.89693534e-01 -1.34971529e-01
  outer loop
   vertex 6.67856293e+01 1.66079292e+01 5.69709396e+01
   vertex 6.68628464e+01 1.67171059e+01 5.69230690e+01
   vertex 6.67243881e+01 1.65757980e+01 5.63774490e+01
  endloop
 endfacet
 facet normal -6.45208716e-01 6.42695069e-01 -4.13096577e-01
  outer loop
   vertex 6.32860107e+01 1.35248394e+01 5.36306953e+01
   vertex 6.35325356e+01 1.37481165e+01 5.35349197e+01
   vertex 6.02099686e+01 1.08615561e+01 4.08466148e+01
  endloop
 endfacet
 facet normal -4.48954940e-01 8.22796345e-01 3.48490477e-01
  outer loop
   vertex 6.02099686e+01 1.08615561e+01 4.08466148e+01
   vertex 6.35325356e+01 1.37481165e+01 5.35349197e+01
   vertex 6.03301315e+01 1.09705315e+01 4.07837181e+01
  endloop
 endfacet
 facet normal -7.45025933e-01 6.51595056e-01 -1.42689362e-01
  outer loop
   vertex 6.46466064e+01 1.47028599e+01 5.92853279e+01
   vertex 6.49259262e+01 1.49566593e+01 5.90830498e+01
   vertex 6.39438591e+01 1.40944109e+01 5.63647118e+01
  endloop
 endfacet
 facet normal -6.59921348e-01 7.31910467e-01 1.69737786e-01
  outer loop
   vertex 6.39438591e+01 1.40944109e+01 5.63647118e+01
   vertex 6.49259262e+01 1.49566593e+01 5.90830498e+01
   vertex 6.42242813e+01 1.43480873e+01 5.62892570e+01
  endloop
 endfacet
 facet normal -6.70912087e-01 6.21961057e-01 -4.03783858e-01
  outer loop
   vertex 6.31082802e+01 1.33751554e+01 5.36946068e+01
   vertex 6.32860107e+01 1.35248394e+01 5.36306953e+01
   vertex 5.98318977e+01 1.05434742e+01 4.10439911e+01
  endloop
 endfacet
 facet normal -4.74408478e-01 8.04812670e-01 3.56669515e-01
  outer loop
   vertex 5.98318977e+01 1.05434742e+01 4.10439911e+01
   vertex 6.32860107e+01 1.35248394e+01 5.36306953e+01
   vertex 6.02099686e+01 1.08615561e+01 4.08466148e+01
  endloop
 endfacet
 facet normal -7.51781583e-01 6.44645214e-01 -1.38769478e-01
  outer loop
   vertex 6.46466064e+01 1.47028599e+01 5.92853279e+01
   vertex 6.39438591e+01 1.40944109e+01 5.63647118e+01
   vertex 6.45707245e+01 1.46391058e+01 5.93413429e+01
  endloop
 endfacet
 facet normal -6.73521280e-01 7.17751861e-01 1.76639125e-01
  outer loop
   vertex 6.45707245e+01 1.46391058e+01 5.93413429e+01
   vertex 6.39438591e+01 1.40944109e+01 5.63647118e+01
   vertex 6.38077965e+01 1.39797230e+01 5.63955307e+01
  endloop
 endfacet
 facet normal -9.09600496e-01 3.41786116e-01 -2.36239791e-01
  outer loop
   vertex 6.28223839e+01 1.30847578e+01 5.38200073e+01
   vertex 6.31082802e+01 1.33751554e+01 5.36946068e+01
   vertex 5.96831627e+01 1.03919382e+01 4.11221848e+01
  endloop
 endfacet
 facet normal -6.57153428e-01 6.56914055e-01 3.69612336e-01
  outer loop
   vertex 5.96831627e+01 1.03919382e+01 4.11221848e+01
   vertex 6.31082802e+01 1.33751554e+01 5.36946068e+01
   vertex 5.98318977e+01 1.05434742e+01 4.10439911e+01
  endloop
 endfacet
 facet normal -8.53700876e-01 5.14064908e-01 -8.32590684e-02
  outer loop
   vertex 6.42439728e+01 1.43041811e+01 5.95701294e+01
   vertex 6.45707245e+01 1.46391058e+01 5.93413429e+01
   vertex 6.34864044e+01 1.36543427e+01 5.65058784e+01
  endloop
 endfacet
 facet normal -7.27825999e-01 6.56391323e-01 1.98544145e-01
  outer loop
   vertex 6.34864044e+01 1.36543427e+01 5.65058784e+01
   vertex 6.45707245e+01 1.46391058e+01 5.93413429e+01
   vertex 6.38077965e+01 1.39797230e+01 5.63955307e+01
  endloop
 endfacet
 facet normal -6.47651255e-01 6.35127664e-01 -4.20904607e-01
  outer loop
   vertex 6.44276505e+01 1.44788084e+01 5.32235985e+01
   vertex 6.11033287e+01 1.16050005e+01 4.03803902e+01
   vertex 6.40354538e+01 1.41453466e+01 5.33660622e+01
  endloop
 endfacet
 facet normal -4.49049652e-01 8.19411516e-01 3.56257170e-01
  outer loop
   vertex 6.40354538e+01 1.41453466e+01 5.33660622e+01
   vertex 6.11033287e+01 1.16050005e+01 4.03803902e+01
   vertex 6.09228859e+01 1.14516811e+01 4.04746208e+01
  endloop
 endfacet
 facet normal -7.45391190e-01 6.61716938e-01 -8.07630122e-02
  outer loop
   vertex 6.53276825e+01 1.52636671e+01 5.87181358e+01
   vertex 6.57432404e+01 1.56161108e+01 5.83062859e+01
   vertex 6.47244873e+01 1.47416496e+01 5.62198601e+01
  endloop
 endfacet
 facet normal -6.93967998e-01 7.09594607e-01 1.21999435e-01
  outer loop
   vertex 6.47244873e+01 1.47416496e+01 5.62198601e+01
   vertex 6.57432404e+01 1.56161108e+01 5.83062859e+01
   vertex 6.51993790e+01 1.51459541e+01 5.62051086e+01
  endloop
 endfacet
 facet normal -7.22710133e-01 6.89859033e-01 -4.22439948e-02
  outer loop
   vertex 6.52530670e+01 1.52020903e+01 5.87932091e+01
   vertex 6.53276825e+01 1.52636671e+01 5.87181358e+01
   vertex 6.45755692e+01 1.46176491e+01 5.62279587e+01
  endloop
 endfacet
 facet normal -6.40696764e-01 7.37409532e-01 2.13857040e-01
  outer loop
   vertex 6.45755692e+01 1.46176491e+01 5.62279587e+01
   vertex 6.53276825e+01 1.52636671e+01 5.87181358e+01
   vertex 6.46062088e+01 1.46431208e+01 5.62212601e+01
  endloop
 endfacet
 facet normal -6.68658435e-01 7.24229574e-01 1.68485686e-01
  outer loop
   vertex 6.46062088e+01 1.46431208e+01 5.62212601e+01
   vertex 6.53276825e+01 1.52636671e+01 5.87181358e+01
   vertex 6.47244873e+01 1.47416496e+01 5.62198601e+01
  endloop
 endfacet
 facet normal -6.17094874e-01 6.57496810e-01 -4.32309896e-01
  outer loop
   vertex 6.38381805e+01 1.39815474e+01 5.34359322e+01
   vertex 6.40354538e+01 1.41453466e+01 5.33660622e+01
   vertex 6.04765358e+01 1.10816517e+01 4.07075348e+01
  endloop
 endfacet
 facet normal -4.34744000e-01 8.30365300e-01 3.48555803e-01
  outer loop
   vertex 6.04765358e+01 1.10816517e+01 4.07075348e+01
   vertex 6.40354538e+01 1.41453466e+01 5.33660622e+01
   vertex 6.09228859e+01 1.14516811e+01 4.04746208e+01
  endloop
 endfacet
 facet normal -6.16136968e-01 6.63763285e-01 -4.24020618e-01
  outer loop
   vertex 6.38381805e+01 1.39815474e+01 5.34359322e+01
   vertex 6.04765358e+01 1.10816517e+01 4.07075348e+01
   vertex 6.35325356e+01 1.37481165e+01 5.35349197e+01
  endloop
 endfacet
 facet normal -4.35242534e-01 8.33022296e-01 3.41522753e-01
  outer loop
   vertex 6.35325356e+01 1.37481165e+01 5.35349197e+01
   vertex 6.04765358e+01 1.10816517e+01 4.07075348e+01
   vertex 6.03301315e+01 1.09705315e+01 4.07837181e+01
  endloop
 endfacet
 facet normal -7.36571252e-01 6.59996033e-01 -1.47878498e-01
  outer loop
   vertex 6.49259262e+01 1.49566593e+01 5.90830498e+01
   vertex 6.51123886e+01 1.50971298e+01 5.89420471e+01
   vertex 6.42242813e+01 1.43480873e+01 5.62892570e+01
  endloop
 endfacet
 facet normal -7.28440702e-01 6.78490102e-01 -9.50019509e-02
  outer loop
   vertex 6.51123886e+01 1.50971298e+01 5.89420471e+01
   vertex 6.52530670e+01 1.52020903e+01 5.87932091e+01
   vertex 6.42242813e+01 1.43480873e+01 5.62892570e+01
  endloop
 endfacet
 facet normal -6.35515571e-01 7.42558122e-01 2.11488485e-01
  outer loop
   vertex 6.52530670e+01 1.52020903e+01 5.87932091e+01
   vertex 6.45755692e+01 1.46176491e+01 5.62279587e+01
   vertex 6.42242813e+01 1.43480873e+01 5.62892570e+01
  endloop
 endfacet
 facet normal -6.70458674e-01 6.17534637e-01 -4.11261678e-01
  outer loop
   vertex 6.49489441e+01 1.49508400e+01 5.30211182e+01
   vertex 6.13433838e+01 1.18226843e+01 4.02547340e+01
   vertex 6.44276505e+01 1.44788084e+01 5.32235985e+01
  endloop
 endfacet
 facet normal -4.70445931e-01 8.02984118e-01 3.65919560e-01
  outer loop
   vertex 6.44276505e+01 1.44788084e+01 5.32235985e+01
   vertex 6.13433838e+01 1.18226843e+01 4.02547340e+01
   vertex 6.11033287e+01 1.16050005e+01 4.03803902e+01
  endloop
 endfacet
 facet normal -6.99363887e-01 7.03923702e-01 1.24022685e-01
  outer loop
   vertex 6.51993790e+01 1.51459541e+01 5.62051086e+01
   vertex 6.57432404e+01 1.56161108e+01 5.83062859e+01
   vertex 6.58330383e+01 1.57178679e+01 5.61514626e+01
  endloop
 endfacet
 facet normal -7.51536727e-01 6.59314573e-01 -2.22899430e-02
  outer loop
   vertex 6.62759247e+01 1.61021194e+01 5.77196159e+01
   vertex 6.58330383e+01 1.57178679e+01 5.61514626e+01
   vertex 6.61555023e+01 1.59916401e+01 5.79146843e+01
  endloop
 endfacet
 facet normal -7.57071555e-01 6.49021983e-01 -7.49208927e-02
  outer loop
   vertex 6.61555023e+01 1.59916401e+01 5.79146843e+01
   vertex 6.58330383e+01 1.57178679e+01 5.61514626e+01
   vertex 6.57432404e+01 1.56161108e+01 5.83062859e+01
  endloop
 endfacet
 facet normal -7.47586191e-01 5.51321626e-01 -3.70350271e-01
  outer loop
   vertex 6.56058044e+01 1.56053286e+01 5.27387962e+01
   vertex 6.20772285e+01 1.26181479e+01 3.98679619e+01
   vertex 6.54273148e+01 1.54015951e+01 5.28272972e+01
  endloop
 endfacet
 facet normal -5.46416163e-01 7.36853242e-01 3.98091286e-01
  outer loop
   vertex 6.54273148e+01 1.54015951e+01 5.28272972e+01
   vertex 6.20772285e+01 1.26181479e+01 3.98679619e+01
   vertex 6.15635643e+01 1.20306501e+01 4.01393242e+01
  endloop
 endfacet
 facet normal -7.43050218e-01 6.68391407e-01 3.36050056e-02
  outer loop
   vertex 6.62759247e+01 1.61021194e+01 5.77196159e+01
   vertex 6.67136078e+01 1.65238228e+01 5.70512848e+01
   vertex 6.58330383e+01 1.57178679e+01 5.61514626e+01
  endloop
 endfacet
 facet normal -6.96098506e-01 6.94306254e-01 1.82717562e-01
  outer loop
   vertex 6.58330383e+01 1.57178679e+01 5.61514626e+01
   vertex 6.67136078e+01 1.65238228e+01 5.70512848e+01
   vertex 6.58626862e+01 1.57456541e+01 5.61478882e+01
  endloop
 endfacet
 facet normal -7.20621765e-01 6.80372596e-01 1.33406788e-01
  outer loop
   vertex 6.58626862e+01 1.57456541e+01 5.61478882e+01
   vertex 6.67136078e+01 1.65238228e+01 5.70512848e+01
   vertex 6.64947357e+01 1.63328724e+01 5.63325577e+01
  endloop
 endfacet
 facet normal -9.22584474e-01 3.67868602e-01 1.16234936e-01
  outer loop
   vertex 5.89949341e+01 9.80157185e+00 3.83383484e+01
   vertex 5.83329659e+01 9.23373985e+00 3.56607666e+01
   vertex 5.88928795e+01 9.19286060e+00 3.80129433e+01
  endloop
 endfacet
 facet normal -8.53129327e-01 3.34002942e-01 4.00764793e-01
  outer loop
   vertex 5.83329659e+01 9.23373985e+00 3.56607666e+01
   vertex 5.83449364e+01 9.15888214e+00 3.57234459e+01
   vertex 5.88928795e+01 9.19286060e+00 3.80129433e+01
  endloop
 endfacet
 facet normal -8.90493751e-01 2.74457306e-01 3.62896830e-01
  outer loop
   vertex 5.83449364e+01 9.15888214e+00 3.57234459e+01
   vertex 5.84725990e+01 8.76257229e+00 3.63246346e+01
   vertex 5.88928795e+01 9.19286060e+00 3.80129433e+01
  endloop
 endfacet
 facet normal -9.50458884e-01 1.37943819e-01 2.78566629e-01
  outer loop
   vertex 5.84725990e+01 8.76257229e+00 3.63246346e+01
   vertex 5.84793091e+01 8.75644398e+00 3.63537712e+01
   vertex 5.88928795e+01 9.19286060e+00 3.80129433e+01
  endloop
 endfacet
 facet normal -8.62843275e-01 -3.86795610e-01 -3.25408340e-01
  outer loop
   vertex 6.28442268e+01 1.27687492e+01 5.39644394e+01
   vertex 6.28223839e+01 1.30847578e+01 5.38200073e+01
   vertex 5.56491165e+01 5.69817972e+00 2.50116539e+01
  endloop
 endfacet
 facet normal -9.40731883e-01 3.62366587e-02 3.37209821e-01
  outer loop
   vertex 5.96831627e+01 1.03919382e+01 4.11221848e+01
   vertex 5.96713333e+01 1.00142431e+01 4.11359177e+01
   vertex 6.28223839e+01 1.30847578e+01 5.38200073e+01
  endloop
 endfacet
 facet normal -9.14281368e-01 -4.01594371e-01 5.30238412e-02
  outer loop
   vertex 6.28223839e+01 1.30847578e+01 5.38200073e+01
   vertex 5.96713333e+01 1.00142431e+01 4.11359177e+01
   vertex 5.56491165e+01 5.69817972e+00 2.50116539e+01
  endloop
 endfacet
 facet normal -8.04813206e-01 -4.93634164e-01 3.29546630e-01
  outer loop
   vertex 5.96713333e+01 1.00142431e+01 4.11359177e+01
   vertex 5.94838791e+01 9.81644344e+00 4.03838997e+01
   vertex 5.56491165e+01 5.69817972e+00 2.50116539e+01
  endloop
 endfacet
 facet normal -8.35483491e-01 -4.87179875e-01 2.54210681e-01
  outer loop
   vertex 5.94838791e+01 9.81644344e+00 4.03838997e+01
   vertex 5.90931320e+01 9.40414810e+00 3.88163071e+01
   vertex 5.56491165e+01 5.69817972e+00 2.50116539e+01
  endloop
 endfacet
 facet normal -8.95075381e-01 -4.11595106e-01 1.71550438e-01
  outer loop
   vertex 5.90931320e+01 9.40414810e+00 3.88163071e+01
   vertex 5.88928795e+01 9.19286060e+00 3.80129433e+01
   vertex 5.56491165e+01 5.69817972e+00 2.50116539e+01
  endloop
 endfacet
 facet normal -9.40801203e-01 -2.82152683e-01 1.87837616e-01
  outer loop
   vertex 5.88928795e+01 9.19286060e+00 3.80129433e+01
   vertex 5.84793091e+01 8.75644398e+00 3.63537712e+01
   vertex 5.56491165e+01 5.69817972e+00 2.50116539e+01
  endloop
 endfacet
 facet normal -8.88370097e-01 -3.67273837e-01 2.75514930e-01
  outer loop
   vertex 5.84793091e+01 8.75644398e+00 3.63537712e+01
   vertex 5.84717751e+01 8.74849987e+00 3.63235435e+01
   vertex 5.56491165e+01 5.69817972e+00 2.50116539e+01
  endloop
 endfacet
 facet normal -8.35469186e-01 -4.87203896e-01 2.54211724e-01
  outer loop
   vertex 5.84717751e+01 8.74849987e+00 3.63235435e+01
   vertex 5.82675781e+01 8.53304863e+00 3.55043526e+01
   vertex 5.56491165e+01 5.69817972e+00 2.50116539e+01
  endloop
 endfacet
 facet normal -8.35483730e-01 -4.87179577e-01 2.54210442e-01
  outer loop
   vertex 5.82675781e+01 8.53304863e+00 3.55043526e+01
   vertex 5.78634834e+01 8.10665131e+00 3.38831978e+01
   vertex 5.56491165e+01 5.69817972e+00 2.50116539e+01
  endloop
 endfacet
 facet normal -8.31505537e-01 -5.25008321e-01 1.81562185e-01
  outer loop
   vertex 5.78634834e+01 8.10665131e+00 3.38831978e+01
   vertex 5.76977005e+01 7.93171692e+00 3.32181168e+01
   vertex 5.56491165e+01 5.69817972e+00 2.50116539e+01
  endloop
 endfacet
 facet normal -8.03664863e-01 -5.13848186e-01 3.00138026e-01
  outer loop
   vertex 5.56491165e+01 5.69817972e+00 2.50116539e+01
   vertex 5.76977005e+01 7.93171692e+00 3.32181168e+01
   vertex 5.61321030e+01 7.34584379e+00 2.67584991e+01
  endloop
 endfacet
 facet normal -9.57972169e-01 -2.71589428e-01 9.23497304e-02
  outer loop
   vertex 5.76977005e+01 7.93171692e+00 3.32181168e+01
   vertex 5.76420784e+01 8.64109898e+00 3.28662071e+01
   vertex 5.61321030e+01 7.34584379e+00 2.67584991e+01
  endloop
 endfacet
 facet normal -9.65548754e-01 2.60160774e-01 5.65143349e-03
  outer loop
   vertex 6.42313385e+01 1.41318455e+01 5.95461044e+01
   vertex 6.42439728e+01 1.43041811e+01 5.95701294e+01
   vertex 6.35169334e+01 1.34298115e+01 5.66713829e+01
  endloop
 endfacet
 facet normal -8.49993706e-01 4.39633131e-01 2.90229917e-01
  outer loop
   vertex 6.35169334e+01 1.34298115e+01 5.66713829e+01
   vertex 6.42439728e+01 1.43041811e+01 5.95701294e+01
   vertex 6.34864044e+01 1.36543427e+01 5.65058784e+01
  endloop
 endfacet
 facet normal 8.01208735e-01 -5.98164141e-01 1.62538588e-02
  outer loop
   vertex 6.97385330e+01 1.47554922e+01 5.43516693e+01
   vertex 7.13816071e+01 1.60111008e+01 5.98986855e+01
   vertex 6.92209473e+01 1.41504869e+01 5.47647133e+01
  endloop
 endfacet
 facet normal 8.06352437e-01 -5.91086984e-01 2.02962030e-02
  outer loop
   vertex 6.92209473e+01 1.41504869e+01 5.47647133e+01
   vertex 7.13816071e+01 1.60111008e+01 5.98986855e+01
   vertex 7.09860840e+01 1.55111570e+01 6.05211487e+01
  endloop
 endfacet
 facet normal 7.35619962e-01 -6.73559725e-01 -7.19764307e-02
  outer loop
   vertex 7.04928589e+01 1.48256340e+01 6.17378273e+01
   vertex 6.84768143e+01 1.32677250e+01 5.54326324e+01
   vertex 7.06940918e+01 1.51197519e+01 6.11111603e+01
  endloop
 endfacet
 facet normal 7.38715708e-01 -6.70514226e-01 -6.86281994e-02
  outer loop
   vertex 7.06940918e+01 1.51197519e+01 6.11111603e+01
   vertex 6.84768143e+01 1.32677250e+01 5.54326324e+01
   vertex 6.88053741e+01 1.36599483e+01 5.51015816e+01
  endloop
 endfacet
 facet normal 7.90772021e-01 -6.06544673e-01 -8.23595226e-02
  outer loop
   vertex 7.55138626e+01 2.17065258e+01 5.21298485e+01
   vertex 7.65052643e+01 2.30279655e+01 5.20333824e+01
   vertex 7.68457413e+01 2.26323910e+01 5.70726662e+01
  endloop
 endfacet
 facet normal 7.95919597e-01 -6.01606309e-01 -6.76896423e-02
  outer loop
   vertex 7.68457413e+01 2.26323910e+01 5.70726662e+01
   vertex 7.65052643e+01 2.30279655e+01 5.20333824e+01
   vertex 7.78604889e+01 2.39675941e+01 5.69618149e+01
  endloop
 endfacet
 facet normal 8.20191741e-01 -5.65459430e-01 -8.68398398e-02
  outer loop
   vertex 7.98970108e+01 2.68255978e+01 5.68498459e+01
   vertex 7.88822937e+01 2.53700714e+01 5.68925209e+01
   vertex 7.84853287e+01 2.58480091e+01 5.19299850e+01
  endloop
 endfacet
 facet normal 8.15447986e-01 -5.69877505e-01 -1.01410821e-01
  outer loop
   vertex 7.84853287e+01 2.58480091e+01 5.19299850e+01
   vertex 7.88822937e+01 2.53700714e+01 5.68925209e+01
   vertex 7.74997559e+01 2.44123554e+01 5.19709129e+01
  endloop
 endfacet
 facet normal 7.57572889e-01 -6.52036369e-01 -3.05274148e-02
  outer loop
   vertex 7.18338318e+01 1.72012463e+01 5.30555267e+01
   vertex 7.26841354e+01 1.82038364e+01 5.27287903e+01
   vertex 7.31976547e+01 1.81915131e+01 5.81952896e+01
  endloop
 endfacet
 facet normal 7.62457132e-01 -6.46865964e-01 -1.49530824e-02
  outer loop
   vertex 7.31976547e+01 1.81915131e+01 5.81952896e+01
   vertex 7.26841354e+01 1.82038364e+01 5.27287903e+01
   vertex 7.40085220e+01 1.91498051e+01 5.77907639e+01
  endloop
 endfacet
 facet normal 7.67542958e-01 -6.37612641e-01 -6.57872260e-02
  outer loop
   vertex 7.35896912e+01 1.92910061e+01 5.24695892e+01
   vertex 7.45374451e+01 2.04597206e+01 5.22724533e+01
   vertex 7.48998032e+01 2.02148705e+01 5.74751854e+01
  endloop
 endfacet
 facet normal 7.72577167e-01 -6.32904887e-01 -5.05565070e-02
  outer loop
   vertex 7.48998032e+01 2.02148705e+01 5.74751854e+01
   vertex 7.45374451e+01 2.04597206e+01 5.22724533e+01
   vertex 7.58521729e+01 2.13786030e+01 5.72396278e+01
  endloop
 endfacet
 facet normal 8.81588817e-01 -4.43947464e-01 -1.60349056e-01
  outer loop
   vertex 8.29470596e+01 3.34562798e+01 5.17225380e+01
   vertex 8.37180862e+01 3.50268478e+01 5.16722031e+01
   vertex 8.44705353e+01 3.45046768e+01 5.66431808e+01
  endloop
 endfacet
 facet normal 8.87321293e-01 -4.37570423e-01 -1.45578325e-01
  outer loop
   vertex 8.44705353e+01 3.45046768e+01 5.66431808e+01
   vertex 8.37180862e+01 3.50268478e+01 5.16722031e+01
   vertex 8.52520599e+01 3.60863495e+01 5.65923843e+01
  endloop
 endfacet
 facet normal 8.43865633e-01 -5.25810182e-01 -1.06838316e-01
  outer loop
   vertex 8.18476639e+01 2.98384113e+01 5.67818832e+01
   vertex 8.08903961e+01 2.83199177e+01 5.68186340e+01
   vertex 8.03812103e+01 2.88258991e+01 5.18606873e+01
  endloop
 endfacet
 facet normal 8.38915825e-01 -5.30568063e-01 -1.21316776e-01
  outer loop
   vertex 8.03812103e+01 2.88258991e+01 5.18606873e+01
   vertex 8.08903961e+01 2.83199177e+01 5.68186340e+01
   vertex 7.94499817e+01 2.73232174e+01 5.18979568e+01
  endloop
 endfacet
 facet normal 8.66330385e-01 -4.83085185e-01 -1.26887277e-01
  outer loop
   vertex 8.36406555e+01 3.29340057e+01 5.66926918e+01
   vertex 8.27653961e+01 3.13775158e+01 5.67394142e+01
   vertex 8.21322250e+01 3.18965263e+01 5.17716370e+01
  endloop
 endfacet
 facet normal 8.61036420e-01 -4.88470376e-01 -1.41467124e-01
  outer loop
   vertex 8.21322250e+01 3.18965263e+01 5.17716370e+01
   vertex 8.27653961e+01 3.13775158e+01 5.67394142e+01
   vertex 8.12761307e+01 3.03517113e+01 5.18181305e+01
  endloop
 endfacet
 facet normal 4.94637370e-01 8.55814517e-01 1.51378468e-01
  outer loop
   vertex 7.03623657e+01 1.61729622e+01 6.39612694e+01
   vertex 7.04175720e+01 1.63552227e+01 6.29015770e+01
   vertex 6.32134590e+01 2.26521835e+01 6.34154472e+01
  endloop
 endfacet
 facet normal 2.29489714e-01 9.56439376e-01 1.80438951e-01
  outer loop
   vertex 6.32134590e+01 2.26521835e+01 6.34154472e+01
   vertex 7.04175720e+01 1.63552227e+01 6.29015770e+01
   vertex 6.33065491e+01 2.28056259e+01 6.22881432e+01
  endloop
 endfacet
 facet normal 5.10350108e-01 8.58220518e-01 5.47745712e-02
  outer loop
   vertex 7.03748932e+01 1.60713081e+01 6.50930634e+01
   vertex 7.03623657e+01 1.61729622e+01 6.39612694e+01
   vertex 6.31951485e+01 2.25884304e+01 6.46436844e+01
  endloop
 endfacet
 facet normal 2.60647327e-01 9.62361455e-01 7.69636258e-02
  outer loop
   vertex 6.31951485e+01 2.25884304e+01 6.46436844e+01
   vertex 7.03623657e+01 1.61729622e+01 6.39612694e+01
   vertex 6.32134590e+01 2.26521835e+01 6.34154472e+01
  endloop
 endfacet
 facet normal 5.19197941e-01 8.54639471e-01 4.99249250e-03
  outer loop
   vertex 7.04525375e+01 1.59716444e+01 6.62789764e+01
   vertex 7.03748932e+01 1.60713081e+01 6.50930634e+01
   vertex 6.32262154e+01 2.25951385e+01 6.59553146e+01
  endloop
 endfacet
 facet normal 2.79614598e-01 9.60001945e-01 1.45569090e-02
  outer loop
   vertex 6.32262154e+01 2.25951385e+01 6.59553146e+01
   vertex 7.03748932e+01 1.60713081e+01 6.50930634e+01
   vertex 6.31951485e+01 2.25884304e+01 6.46436844e+01
  endloop
 endfacet
 facet normal 1.90212175e-01 6.09345496e-01 7.69751489e-01
  outer loop
   vertex 7.13457642e+01 1.76391392e+01 6.03504066e+01
   vertex 7.19191513e+01 1.83309059e+01 5.97282104e+01
   vertex 6.42435379e+01 2.39605026e+01 5.96669388e+01
  endloop
 endfacet
 facet normal -7.71071687e-02 6.99525058e-01 7.10435927e-01
  outer loop
   vertex 6.42435379e+01 2.39605026e+01 5.96669388e+01
   vertex 7.19191513e+01 1.83309059e+01 5.97282104e+01
   vertex 6.47545166e+01 2.45578976e+01 5.90579224e+01
  endloop
 endfacet
 facet normal 2.91062176e-01 7.04353154e-01 6.47432983e-01
  outer loop
   vertex 7.08964310e+01 1.70753536e+01 6.10859375e+01
   vertex 7.13457642e+01 1.76391392e+01 6.03504066e+01
   vertex 6.38187408e+01 2.34583759e+01 6.04064865e+01
  endloop
 endfacet
 facet normal 8.76508188e-03 7.87459612e-01 6.16303921e-01
  outer loop
   vertex 6.38187408e+01 2.34583759e+01 6.04064865e+01
   vertex 7.13457642e+01 1.76391392e+01 6.03504066e+01
   vertex 6.42435379e+01 2.39605026e+01 5.96669388e+01
  endloop
 endfacet
 facet normal 3.84134173e-01 7.86822319e-01 4.83064801e-01
  outer loop
   vertex 7.05828247e+01 1.66456528e+01 6.19359169e+01
   vertex 7.08964310e+01 1.70753536e+01 6.10859375e+01
   vertex 6.34998360e+01 2.30679607e+01 6.12793083e+01
  endloop
 endfacet
 facet normal 9.28463116e-02 8.68594170e-01 4.86748070e-01
  outer loop
   vertex 6.34998360e+01 2.30679607e+01 6.12793083e+01
   vertex 7.08964310e+01 1.70753536e+01 6.10859375e+01
   vertex 6.38187408e+01 2.34583759e+01 6.04064865e+01
  endloop
 endfacet
 facet normal -1.13474034e-01 2.63918549e-01 9.57846880e-01
  outer loop
   vertex 7.51999283e+01 2.22482891e+01 5.82979431e+01
   vertex 6.73829880e+01 2.77141590e+01 5.78082161e+01
   vertex 7.42636719e+01 2.11097298e+01 5.85173874e+01
  endloop
 endfacet
 facet normal -3.04819435e-01 4.26039189e-01 8.51807356e-01
  outer loop
   vertex 7.42636719e+01 2.11097298e+01 5.85173874e+01
   vertex 6.73829880e+01 2.77141590e+01 5.78082161e+01
   vertex 6.66366272e+01 2.67932034e+01 5.79706345e+01
  endloop
 endfacet
 facet normal -6.95548803e-02 3.25082451e-01 9.43124354e-01
  outer loop
   vertex 7.42636719e+01 2.11097298e+01 5.85173874e+01
   vertex 6.66366272e+01 2.67932034e+01 5.79706345e+01
   vertex 7.33927307e+01 2.00728226e+01 5.88193893e+01
  endloop
 endfacet
 facet normal -2.59413183e-01 4.88983065e-01 8.32826734e-01
  outer loop
   vertex 7.33927307e+01 2.00728226e+01 5.88193893e+01
   vertex 6.66366272e+01 2.67932034e+01 5.79706345e+01
   vertex 6.59561234e+01 2.59728985e+01 5.82205391e+01
  endloop
 endfacet
 facet normal 1.14630451e-02 4.24128294e-01 9.05529559e-01
  outer loop
   vertex 7.26051941e+01 1.91443081e+01 5.92182312e+01
   vertex 7.33927307e+01 2.00728226e+01 5.88193893e+01
   vertex 6.53319473e+01 2.52341709e+01 5.85767021e+01
  endloop
 endfacet
 facet normal -2.25381225e-01 5.33897698e-01 8.14957976e-01
  outer loop
   vertex 6.53319473e+01 2.52341709e+01 5.85767021e+01
   vertex 7.33927307e+01 2.00728226e+01 5.88193893e+01
   vertex 6.59561234e+01 2.59728985e+01 5.82205391e+01
  endloop
 endfacet
 facet normal -1.75350279e-01 1.37737796e-01 9.74823356e-01
  outer loop
   vertex 7.92287140e+01 2.76436405e+01 5.79561653e+01
   vertex 7.10175018e+01 3.25233765e+01 5.76788559e+01
   vertex 7.82151871e+01 2.61978168e+01 5.79910355e+01
  endloop
 endfacet
 facet normal -3.78530741e-01 2.85284251e-01 8.80526781e-01
  outer loop
   vertex 7.82151871e+01 2.61978168e+01 5.79910355e+01
   vertex 7.10175018e+01 3.25233765e+01 5.76788559e+01
   vertex 7.00627823e+01 3.12061806e+01 5.76632156e+01
  endloop
 endfacet
 facet normal -1.71015799e-01 1.55241221e-01 9.72961307e-01
  outer loop
   vertex 7.82151871e+01 2.61978168e+01 5.79910355e+01
   vertex 7.00627823e+01 3.12061806e+01 5.76632156e+01
   vertex 7.71941910e+01 2.48044548e+01 5.80495186e+01
  endloop
 endfacet
 facet normal -3.70926380e-01 3.07164222e-01 8.76392484e-01
  outer loop
   vertex 7.71941910e+01 2.48044548e+01 5.80495186e+01
   vertex 7.00627823e+01 3.12061806e+01 5.76632156e+01
   vertex 6.91116486e+01 2.99344444e+01 5.76706085e+01
  endloop
 endfacet
 facet normal -3.57667834e-01 3.36366415e-01 8.71166646e-01
  outer loop
   vertex 6.82048035e+01 2.87548676e+01 5.77144737e+01
   vertex 7.61831207e+01 2.34819183e+01 5.81467667e+01
   vertex 6.91116486e+01 2.99344444e+01 5.76706085e+01
  endloop
 endfacet
 facet normal -1.60829842e-01 1.80698782e-01 9.70299780e-01
  outer loop
   vertex 6.91116486e+01 2.99344444e+01 5.76706085e+01
   vertex 7.61831207e+01 2.34819183e+01 5.81467667e+01
   vertex 7.71941910e+01 2.48044548e+01 5.80495186e+01
  endloop
 endfacet
 facet normal -1.64806038e-01 1.09129414e-01 9.80270267e-01
  outer loop
   vertex 8.29325638e+01 3.36533699e+01 5.78161278e+01
   vertex 7.42882538e+01 3.75967712e+01 5.77602043e+01
   vertex 8.20703049e+01 3.21283379e+01 5.78583145e+01
  endloop
 endfacet
 facet normal -3.81793499e-01 2.33530238e-01 8.94257963e-01
  outer loop
   vertex 8.20703049e+01 3.21283379e+01 5.78583145e+01
   vertex 7.42882538e+01 3.75967712e+01 5.77602043e+01
   vertex 7.35535355e+01 3.63517647e+01 5.77440262e+01
  endloop
 endfacet
 facet normal -1.68368727e-01 1.14827484e-01 9.79013085e-01
  outer loop
   vertex 8.20703049e+01 3.21283379e+01 5.78583145e+01
   vertex 7.35535355e+01 3.63517647e+01 5.77440262e+01
   vertex 8.11650162e+01 3.06183434e+01 5.78966675e+01
  endloop
 endfacet
 facet normal -3.82029086e-01 2.44891688e-01 8.91112685e-01
  outer loop
   vertex 8.11650162e+01 3.06183434e+01 5.78966675e+01
   vertex 7.35535355e+01 3.63517647e+01 5.77440262e+01
   vertex 7.27747650e+01 3.51073837e+01 5.77255898e+01
  endloop
 endfacet
 facet normal -3.82320464e-01 2.55965799e-01 8.87869656e-01
  outer loop
   vertex 7.19350739e+01 3.38393326e+01 5.77041283e+01
   vertex 8.02175903e+01 2.91233921e+01 5.79297600e+01
   vertex 7.27747650e+01 3.51073837e+01 5.77255898e+01
  endloop
 endfacet
 facet normal -1.72005966e-01 1.20337628e-01 9.77718174e-01
  outer loop
   vertex 7.27747650e+01 3.51073837e+01 5.77255898e+01
   vertex 8.02175903e+01 2.91233921e+01 5.79297600e+01
   vertex 8.11650162e+01 3.06183434e+01 5.78966675e+01
  endloop
 endfacet
 facet normal -1.50116175e-01 8.73720720e-02 9.84800100e-01
  outer loop
   vertex 8.59342804e+01 3.98993721e+01 5.76321182e+01
   vertex 7.70350723e+01 4.29508667e+01 5.78128090e+01
   vertex 8.52502060e+01 3.83184738e+01 5.76793976e+01
  endloop
 endfacet
 facet normal -3.78459394e-01 1.91432506e-01 9.05605912e-01
  outer loop
   vertex 8.52502060e+01 3.83184738e+01 5.76793976e+01
   vertex 7.70350723e+01 4.29508667e+01 5.78128090e+01
   vertex 7.63749619e+01 4.15488167e+01 5.78016243e+01
  endloop
 endfacet
 facet normal -1.53465316e-01 9.19886604e-02 9.83863056e-01
  outer loop
   vertex 8.52502060e+01 3.83184738e+01 5.76793976e+01
   vertex 7.63749619e+01 4.15488167e+01 5.78016243e+01
   vertex 8.45226364e+01 3.67492828e+01 5.77258949e+01
  endloop
 endfacet
 facet normal -3.79530072e-01 2.00738952e-01 9.03139412e-01
  outer loop
   vertex 8.45226364e+01 3.67492828e+01 5.77258949e+01
   vertex 7.63749619e+01 4.15488167e+01 5.78016243e+01
   vertex 7.56933441e+01 4.01857033e+01 5.77888336e+01
  endloop
 endfacet
 facet normal -3.80687833e-01 2.11674452e-01 9.00150359e-01
  outer loop
   vertex 7.49958954e+01 3.88666573e+01 5.77748833e+01
   vertex 8.37505798e+01 3.51935768e+01 5.77715111e+01
   vertex 7.56933441e+01 4.01857033e+01 5.77888336e+01
  endloop
 endfacet
 facet normal -1.57404125e-01 9.77777168e-02 9.82681751e-01
  outer loop
   vertex 7.56933441e+01 4.01857033e+01 5.77888336e+01
   vertex 8.37505798e+01 3.51935768e+01 5.77715111e+01
   vertex 8.45226364e+01 3.67492828e+01 5.77258949e+01
  endloop
 endfacet
 facet normal 4.67749268e-01 5.53469896e-01 -6.89116597e-01
  outer loop
   vertex 5.84625473e+01 6.50879574e+00 2.59244499e+01
   vertex 5.75418053e+01 5.78275776e+00 2.47446518e+01
   vertex 5.10381012e+01 1.32557669e+01 2.52628059e+01
  endloop
 endfacet
 facet normal 1.47114277e-01 8.03085983e-01 -5.77416897e-01
  outer loop
   vertex 5.10381012e+01 1.32557669e+01 2.52628059e+01
   vertex 5.75418053e+01 5.78275776e+00 2.47446518e+01
   vertex 5.01667099e+01 1.24816189e+01 2.41204128e+01
  endloop
 endfacet
 facet normal -1.40727028e-01 5.33662438e-01 -8.33906651e-01
  outer loop
   vertex 4.93835335e+01 1.17722702e+01 2.28982658e+01
   vertex 5.01667099e+01 1.24816189e+01 2.41204128e+01
   vertex 5.68460007e+01 5.13016510e+00 2.33516808e+01
  endloop
 endfacet
 facet normal 2.13763967e-01 4.68100250e-01 -8.57430518e-01
  outer loop
   vertex 5.68460007e+01 5.13016510e+00 2.33516808e+01
   vertex 5.01667099e+01 1.24816189e+01 2.41204128e+01
   vertex 5.75418053e+01 5.78275776e+00 2.47446518e+01
  endloop
 endfacet
 facet normal 3.77203465e-01 3.18031460e-01 -8.69812369e-01
  outer loop
   vertex 6.03316193e+01 8.36511517e+00 2.78102818e+01
   vertex 5.93413315e+01 7.41676664e+00 2.69668121e+01
   vertex 5.28845215e+01 1.49791441e+01 2.70905800e+01
  endloop
 endfacet
 facet normal 6.85407668e-02 6.50172770e-01 -7.56688535e-01
  outer loop
   vertex 5.28845215e+01 1.49791441e+01 2.70905800e+01
   vertex 5.93413315e+01 7.41676664e+00 2.69668121e+01
   vertex 5.19391098e+01 1.40799255e+01 2.62746181e+01
  endloop
 endfacet
 facet normal 1.78132460e-01 1.13704868e-01 -9.77414966e-01
  outer loop
   vertex 6.25448914e+01 1.06343803e+01 2.87197456e+01
   vertex 6.14137115e+01 9.45245552e+00 2.83748379e+01
   vertex 5.49194145e+01 1.70429611e+01 2.79983387e+01
  endloop
 endfacet
 facet normal -1.34245425e-01 4.47413683e-01 -8.84194076e-01
  outer loop
   vertex 5.49194145e+01 1.70429611e+01 2.79983387e+01
   vertex 6.14137115e+01 9.45245552e+00 2.83748379e+01
   vertex 5.38891716e+01 1.59783993e+01 2.76454010e+01
  endloop
 endfacet
 facet normal 2.70067722e-01 2.04434991e-01 -9.40887749e-01
  outer loop
   vertex 6.14137115e+01 9.45245552e+00 2.83748379e+01
   vertex 6.03316193e+01 8.36511517e+00 2.78102818e+01
   vertex 5.38891716e+01 1.59783993e+01 2.76454010e+01
  endloop
 endfacet
 facet normal -3.69602293e-02 5.49632728e-01 -8.34588408e-01
  outer loop
   vertex 5.38891716e+01 1.59783993e+01 2.76454010e+01
   vertex 6.03316193e+01 8.36511517e+00 2.78102818e+01
   vertex 5.28845215e+01 1.49791441e+01 2.70905800e+01
  endloop
 endfacet
 facet normal 7.69420937e-02 1.62992999e-02 -9.96902347e-01
  outer loop
   vertex 6.47853546e+01 1.31026020e+01 2.89879913e+01
   vertex 6.36828880e+01 1.18660202e+01 2.89043579e+01
   vertex 5.69222412e+01 1.92290974e+01 2.83356171e+01
  endloop
 endfacet
 facet normal -2.48007506e-01 3.22481751e-01 -9.13508534e-01
  outer loop
   vertex 5.69222412e+01 1.92290974e+01 2.83356171e+01
   vertex 6.36828880e+01 1.18660202e+01 2.89043579e+01
   vertex 5.59416504e+01 1.81381092e+01 2.82086525e+01
  endloop
 endfacet
 facet normal 1.14565842e-01 5.15827388e-02 -9.92075562e-01
  outer loop
   vertex 6.36828880e+01 1.18660202e+01 2.89043579e+01
   vertex 6.25448914e+01 1.06343803e+01 2.87197456e+01
   vertex 5.59416504e+01 1.81381092e+01 2.82086525e+01
  endloop
 endfacet
 facet normal -2.03130975e-01 3.72228771e-01 -9.05639827e-01
  outer loop
   vertex 5.59416504e+01 1.81381092e+01 2.82086525e+01
   vertex 6.25448914e+01 1.06343803e+01 2.87197456e+01
   vertex 5.49194145e+01 1.70429611e+01 2.79983387e+01
  endloop
 endfacet
 facet normal -2.97114372e-01 2.81384319e-01 -9.12439525e-01
  outer loop
   vertex 5.78275833e+01 2.02812080e+01 2.84384842e+01
   vertex 5.86742020e+01 2.13090096e+01 2.85207844e+01
   vertex 6.58099060e+01 1.42994375e+01 2.90299339e+01
  endloop
 endfacet
 facet normal 3.95541675e-02 -5.73310163e-03 -9.99201000e-01
  outer loop
   vertex 6.58099060e+01 1.42994375e+01 2.90299339e+01
   vertex 5.86742020e+01 2.13090096e+01 2.85207844e+01
   vertex 6.67724686e+01 1.54768381e+01 2.90403004e+01
  endloop
 endfacet
 facet normal -2.76018113e-01 2.96074718e-01 -9.14414465e-01
  outer loop
   vertex 5.69222412e+01 1.92290974e+01 2.83356171e+01
   vertex 5.78275833e+01 2.02812080e+01 2.84384842e+01
   vertex 6.47853546e+01 1.31026020e+01 2.89879913e+01
  endloop
 endfacet
 facet normal 5.50374947e-02 1.69683469e-03 -9.98482823e-01
  outer loop
   vertex 6.47853546e+01 1.31026020e+01 2.89879913e+01
   vertex 5.78275833e+01 2.02812080e+01 2.84384842e+01
   vertex 6.58099060e+01 1.42994375e+01 2.90299339e+01
  endloop
 endfacet
 facet normal -3.30315024e-01 2.61445522e-01 -9.06938910e-01
  outer loop
   vertex 5.94785995e+01 2.23271046e+01 2.85860157e+01
   vertex 6.02573242e+01 2.33500862e+01 2.86377029e+01
   vertex 6.76888809e+01 1.66551609e+01 2.90292053e+01
  endloop
 endfacet
 facet normal 1.76871866e-02 -8.66796263e-03 -9.99805987e-01
  outer loop
   vertex 6.76888809e+01 1.66551609e+01 2.90292053e+01
   vertex 6.02573242e+01 2.33500862e+01 2.86377029e+01
   vertex 6.85750732e+01 1.78546963e+01 2.90067482e+01
  endloop
 endfacet
 facet normal -3.15548509e-01 2.69448876e-01 -9.09849703e-01
  outer loop
   vertex 5.86742020e+01 2.13090096e+01 2.85207844e+01
   vertex 5.94785995e+01 2.23271046e+01 2.85860157e+01
   vertex 6.67724686e+01 1.54768381e+01 2.90403004e+01
  endloop
 endfacet
 facet normal 2.68951450e-02 -9.43206809e-03 -9.99593735e-01
  outer loop
   vertex 6.67724686e+01 1.54768381e+01 2.90403004e+01
   vertex 5.94785995e+01 2.23271046e+01 2.85860157e+01
   vertex 6.76888809e+01 1.66551609e+01 2.90292053e+01
  endloop
 endfacet
 facet normal -3.51484627e-01 2.52630174e-01 -9.01463568e-01
  outer loop
   vertex 6.10268898e+01 2.43925095e+01 2.86793690e+01
   vertex 6.17890930e+01 2.54633369e+01 2.87116337e+01
   vertex 6.94469833e+01 1.90956898e+01 2.89830608e+01
  endloop
 endfacet
 facet normal 5.02487598e-03 -2.44255923e-03 -9.99984384e-01
  outer loop
   vertex 6.94469833e+01 1.90956898e+01 2.89830608e+01
   vertex 6.17890930e+01 2.54633369e+01 2.87116337e+01
   vertex 7.03033066e+01 2.03786964e+01 2.89574051e+01
  endloop
 endfacet
 facet normal -3.41523856e-01 2.56829470e-01 -9.04101789e-01
  outer loop
   vertex 6.02573242e+01 2.33500862e+01 2.86377029e+01
   vertex 6.10268898e+01 2.43925095e+01 2.86793690e+01
   vertex 6.85750732e+01 1.78546963e+01 2.90067482e+01
  endloop
 endfacet
 facet normal 1.11567592e-02 -5.36645297e-03 -9.99923348e-01
  outer loop
   vertex 6.85750732e+01 1.78546963e+01 2.90067482e+01
   vertex 6.10268898e+01 2.43925095e+01 2.86793690e+01
   vertex 6.94469833e+01 1.90956898e+01 2.89830608e+01
  endloop
 endfacet
 facet normal -3.73275608e-01 2.40183890e-01 -8.96089852e-01
  outer loop
   vertex 6.25457153e+01 2.65715122e+01 2.87350445e+01
   vertex 6.32985306e+01 2.77260017e+01 2.87502480e+01
   vertex 7.11427002e+01 2.17043648e+01 2.89290543e+01
  endloop
 endfacet
 facet normal -7.86627643e-03 5.95736783e-04 -9.99968886e-01
  outer loop
   vertex 7.11427002e+01 2.17043648e+01 2.89290543e+01
   vertex 6.32985306e+01 2.77260017e+01 2.87502480e+01
   vertex 7.19637909e+01 2.30733662e+01 2.88972702e+01
  endloop
 endfacet
 facet normal -3.62123698e-01 2.47012764e-01 -8.98805380e-01
  outer loop
   vertex 6.17890930e+01 2.54633369e+01 2.87116337e+01
   vertex 6.25457153e+01 2.65715122e+01 2.87350445e+01
   vertex 7.03033066e+01 2.03786964e+01 2.89574051e+01
  endloop
 endfacet
 facet normal -1.33327395e-03 -5.16436179e-04 -9.99998987e-01
  outer loop
   vertex 7.03033066e+01 2.03786964e+01 2.89574051e+01
   vertex 6.25457153e+01 2.65715122e+01 2.87350445e+01
   vertex 7.11427002e+01 2.17043648e+01 2.89290543e+01
  endloop
 endfacet
 facet normal -3.95335674e-01 2.24904805e-01 -8.90577078e-01
  outer loop
   vertex 6.40493546e+01 2.89357338e+01 2.87578163e+01
   vertex 6.47908478e+01 3.01899586e+01 2.87602787e+01
   vertex 7.27651062e+01 2.44864445e+01 2.88612957e+01
  endloop
 endfacet
 facet normal -2.06159279e-02 2.00976641e-03 -9.99785423e-01
  outer loop
   vertex 7.27651062e+01 2.44864445e+01 2.88612957e+01
   vertex 6.47908478e+01 3.01899586e+01 2.87602787e+01
   vertex 7.35458908e+01 2.59350510e+01 2.88219891e+01
  endloop
 endfacet
 facet normal -3.84532362e-01 2.32573077e-01 -8.93333435e-01
  outer loop
   vertex 6.32985306e+01 2.77260017e+01 2.87502480e+01
   vertex 6.40493546e+01 2.89357338e+01 2.87578163e+01
   vertex 7.19637909e+01 2.30733662e+01 2.88972702e+01
  endloop
 endfacet
 facet normal -1.43919187e-02 1.33147102e-03 -9.99895573e-01
  outer loop
   vertex 7.19637909e+01 2.30733662e+01 2.88972702e+01
   vertex 6.40493546e+01 2.89357338e+01 2.87578163e+01
   vertex 7.27651062e+01 2.44864445e+01 2.88612957e+01
  endloop
 endfacet
 facet normal -4.15129930e-01 2.09705129e-01 -8.85263205e-01
  outer loop
   vertex 6.55157776e+01 3.14778252e+01 2.87601757e+01
   vertex 6.62168198e+01 3.27885895e+01 2.87600155e+01
   vertex 7.43054810e+01 2.74106178e+01 2.87802448e+01
  endloop
 endfacet
 facet normal -3.23800258e-02 2.64797872e-03 -9.99472141e-01
  outer loop
   vertex 7.43054810e+01 2.74106178e+01 2.87802448e+01
   vertex 6.62168198e+01 3.27885895e+01 2.87600155e+01
   vertex 7.50432816e+01 2.89045353e+01 2.87369213e+01
  endloop
 endfacet
 facet normal -4.05443311e-01 2.17340335e-01 -8.87907028e-01
  outer loop
   vertex 6.47908478e+01 3.01899586e+01 2.87602787e+01
   vertex 6.55157776e+01 3.14778252e+01 2.87601757e+01
   vertex 7.35458908e+01 2.59350510e+01 2.88219891e+01
  endloop
 endfacet
 facet normal -2.65604593e-02 2.45548063e-03 -9.99644220e-01
  outer loop
   vertex 7.35458908e+01 2.59350510e+01 2.88219891e+01
   vertex 6.55157776e+01 3.14778252e+01 2.87601757e+01
   vertex 7.43054810e+01 2.74106178e+01 2.87802448e+01
  endloop
 endfacet
 facet normal -4.34462667e-01 1.93974957e-01 -8.79554391e-01
  outer loop
   vertex 6.68867188e+01 3.41114693e+01 2.87623520e+01
   vertex 6.75239105e+01 3.54416542e+01 2.87660141e+01
   vertex 7.57587280e+01 3.04082508e+01 2.86928654e+01
  endloop
 endfacet
 facet normal -4.38292809e-02 2.65342230e-03 -9.99035537e-01
  outer loop
   vertex 7.57587280e+01 3.04082508e+01 2.86928654e+01
   vertex 6.75239105e+01 3.54416542e+01 2.87660141e+01
   vertex 7.64469528e+01 3.19198799e+01 2.86481400e+01
  endloop
 endfacet
 facet normal -4.24819946e-01 2.01939911e-01 -8.82467151e-01
  outer loop
   vertex 6.62168198e+01 3.27885895e+01 2.87600155e+01
   vertex 6.68867188e+01 3.41114693e+01 2.87623520e+01
   vertex 7.50432816e+01 2.89045353e+01 2.87369213e+01
  endloop
 endfacet
 facet normal -3.82015854e-02 2.65697204e-03 -9.99266505e-01
  outer loop
   vertex 7.50432816e+01 2.89045353e+01 2.87369213e+01
   vertex 6.68867188e+01 3.41114693e+01 2.87623520e+01
   vertex 7.57587280e+01 3.04082508e+01 2.86928654e+01
  endloop
 endfacet
 facet normal -5.52810840e-02 -4.30980901e-04 -9.98470724e-01
  outer loop
   vertex 7.77535934e+01 3.49524155e+01 2.85503922e+01
   vertex 7.71026382e+01 3.34377136e+01 2.86028099e+01
   vertex 6.87126389e+01 3.81083488e+01 2.87737942e+01
  endloop
 endfacet
 facet normal -4.53060746e-01 1.76953241e-01 -8.73741090e-01
  outer loop
   vertex 6.87126389e+01 3.81083488e+01 2.87737942e+01
   vertex 7.71026382e+01 3.34377136e+01 2.86028099e+01
   vertex 6.81268463e+01 3.67743683e+01 2.87698593e+01
  endloop
 endfacet
 facet normal -4.43715990e-01 1.86975271e-01 -8.76445293e-01
  outer loop
   vertex 6.75239105e+01 3.54416542e+01 2.87660141e+01
   vertex 6.81268463e+01 3.67743683e+01 2.87698593e+01
   vertex 7.64469528e+01 3.19198799e+01 2.86481400e+01
  endloop
 endfacet
 facet normal -5.02373017e-02 2.71118502e-03 -9.98733640e-01
  outer loop
   vertex 7.64469528e+01 3.19198799e+01 2.86481400e+01
   vertex 6.81268463e+01 3.67743683e+01 2.87698593e+01
   vertex 7.71026382e+01 3.34377136e+01 2.86028099e+01
  endloop
 endfacet
 facet normal 5.32106400e-01 8.46425593e-01 2.06516813e-02
  outer loop
   vertex 7.08164062e+01 1.55342054e+01 6.99941711e+01
   vertex 7.06783295e+01 1.56980553e+01 6.87381363e+01
   vertex 6.34392014e+01 2.28715515e+01 7.02194672e+01
  endloop
 endfacet
 facet normal 2.56877422e-01 9.66309905e-01 1.60969067e-02
  outer loop
   vertex 6.34392014e+01 2.28715515e+01 7.02194672e+01
   vertex 7.06783295e+01 1.56980553e+01 6.87381363e+01
   vertex 6.33542366e+01 2.27494984e+01 6.87596664e+01
  endloop
 endfacet
 facet normal 5.52374482e-01 7.78557539e-01 2.97876775e-01
  outer loop
   vertex 7.08164062e+01 1.55342054e+01 6.99941711e+01
   vertex 6.34392014e+01 2.28715515e+01 7.02194672e+01
   vertex 7.09172974e+01 1.56139994e+01 7.12974548e+01
  endloop
 endfacet
 facet normal 1.88670784e-01 8.22067022e-01 5.37223577e-01
  outer loop
   vertex 7.09172974e+01 1.56139994e+01 7.12974548e+01
   vertex 6.34392014e+01 2.28715515e+01 7.02194672e+01
   vertex 6.35301590e+01 2.30064182e+01 7.16957321e+01
  endloop
 endfacet
 facet normal 5.39639235e-01 8.41486812e-01 -2.62566917e-02
  outer loop
   vertex 7.06783295e+01 1.56980553e+01 6.87381363e+01
   vertex 7.05576248e+01 1.58428202e+01 6.74970093e+01
   vertex 6.33542366e+01 2.27494984e+01 6.87596664e+01
  endloop
 endfacet
 facet normal 3.07485193e-01 9.51010704e-01 -3.21160853e-02
  outer loop
   vertex 6.33542366e+01 2.27494984e+01 6.87596664e+01
   vertex 7.05576248e+01 1.58428202e+01 6.74970093e+01
   vertex 6.32812462e+01 2.26530933e+01 6.73327942e+01
  endloop
 endfacet
 facet normal 7.91948080e-01 -5.95481217e-01 -1.34983003e-01
  outer loop
   vertex 7.06759567e+01 1.42499828e+01 6.60719147e+01
   vertex 6.82969055e+01 1.24591513e+01 5.85761909e+01
   vertex 7.05596237e+01 1.43919334e+01 6.48678818e+01
  endloop
 endfacet
 facet normal 8.07732344e-01 -5.75140417e-01 -1.29545063e-01
  outer loop
   vertex 7.05596237e+01 1.43919334e+01 6.48678818e+01
   vertex 6.82969055e+01 1.24591513e+01 5.85761909e+01
   vertex 6.82103119e+01 1.26000376e+01 5.75738525e+01
  endloop
 endfacet
 facet normal 8.77058566e-01 -4.60581243e-01 -1.36503637e-01
  outer loop
   vertex 8.44705353e+01 3.45046768e+01 5.66431808e+01
   vertex 8.36406555e+01 3.29340057e+01 5.66926918e+01
   vertex 8.29470596e+01 3.34562798e+01 5.17225380e+01
  endloop
 endfacet
 facet normal 8.71499598e-01 -4.66522038e-01 -1.51147693e-01
  outer loop
   vertex 8.29470596e+01 3.34562798e+01 5.17225380e+01
   vertex 8.36406555e+01 3.29340057e+01 5.66926918e+01
   vertex 8.21322250e+01 3.18965263e+01 5.17716370e+01
  endloop
 endfacet
 facet normal 8.55289161e-01 -5.04778445e-01 -1.16957843e-01
  outer loop
   vertex 8.27653961e+01 3.13775158e+01 5.67394142e+01
   vertex 8.18476639e+01 2.98384113e+01 5.67818832e+01
   vertex 8.12761307e+01 3.03517113e+01 5.18181305e+01
  endloop
 endfacet
 facet normal 8.50202084e-01 -5.09774208e-01 -1.31479010e-01
  outer loop
   vertex 8.12761307e+01 3.03517113e+01 5.18181305e+01
   vertex 8.18476639e+01 2.98384113e+01 5.67818832e+01
   vertex 8.03812103e+01 2.88258991e+01 5.18606873e+01
  endloop
 endfacet
 facet normal 8.08198392e-01 -5.83831608e-01 -7.71751255e-02
  outer loop
   vertex 7.88822937e+01 2.53700714e+01 5.68925209e+01
   vertex 7.78604889e+01 2.39675941e+01 5.69618149e+01
   vertex 7.74997559e+01 2.44123554e+01 5.19709129e+01
  endloop
 endfacet
 facet normal 8.03349733e-01 -5.88387907e-01 -9.18089077e-02
  outer loop
   vertex 7.74997559e+01 2.44123554e+01 5.19709129e+01
   vertex 7.78604889e+01 2.39675941e+01 5.69618149e+01
   vertex 7.65052643e+01 2.30279655e+01 5.20333824e+01
  endloop
 endfacet
 facet normal 8.32097590e-01 -5.46128154e-01 -9.67345834e-02
  outer loop
   vertex 8.08903961e+01 2.83199177e+01 5.68186340e+01
   vertex 7.98970108e+01 2.68255978e+01 5.68498459e+01
   vertex 7.94499817e+01 2.73232174e+01 5.18979568e+01
  endloop
 endfacet
 facet normal 8.27277303e-01 -5.50668180e-01 -1.11251377e-01
  outer loop
   vertex 7.94499817e+01 2.73232174e+01 5.18979568e+01
   vertex 7.98970108e+01 2.68255978e+01 5.68498459e+01
   vertex 7.84853287e+01 2.58480091e+01 5.19299850e+01
  endloop
 endfacet
 facet normal 7.83614695e-01 -6.18480206e-01 -5.85683845e-02
  outer loop
   vertex 7.68457413e+01 2.26323910e+01 5.70726662e+01
   vertex 7.58521729e+01 2.13786030e+01 5.72396278e+01
   vertex 7.55138626e+01 2.17065258e+01 5.21298485e+01
  endloop
 endfacet
 facet normal 7.78399527e-01 -6.23458683e-01 -7.34396055e-02
  outer loop
   vertex 7.55138626e+01 2.17065258e+01 5.21298485e+01
   vertex 7.58521729e+01 2.13786030e+01 5.72396278e+01
   vertex 7.45374451e+01 2.04597206e+01 5.22724533e+01
  endloop
 endfacet
 facet normal 7.58843720e-01 -6.48519695e-01 -5.98202534e-02
  outer loop
   vertex 7.26841354e+01 1.82038364e+01 5.27287903e+01
   vertex 7.35896912e+01 1.92910061e+01 5.24695892e+01
   vertex 7.40085220e+01 1.91498051e+01 5.77907639e+01
  endloop
 endfacet
 facet normal 7.63878405e-01 -6.43835127e-01 -4.43408601e-02
  outer loop
   vertex 7.40085220e+01 1.91498051e+01 5.77907639e+01
   vertex 7.35896912e+01 1.92910061e+01 5.24695892e+01
   vertex 7.48998032e+01 2.02148705e+01 5.74751854e+01
  endloop
 endfacet
 facet normal 8.09470594e-01 -5.74874341e-01 1.19485751e-01
  outer loop
   vertex 7.03492508e+01 1.54677725e+01 5.38953590e+01
   vertex 7.18791428e+01 1.66206150e+01 5.92710266e+01
   vertex 6.97385330e+01 1.47554922e+01 5.43516693e+01
  endloop
 endfacet
 facet normal 8.52959812e-01 -4.80525643e-01 2.03849554e-01
  outer loop
   vertex 6.97385330e+01 1.47554922e+01 5.43516693e+01
   vertex 7.18791428e+01 1.66206150e+01 5.92710266e+01
   vertex 7.13816071e+01 1.60111008e+01 5.98986855e+01
  endloop
 endfacet
 facet normal 7.45950103e-01 -6.62890494e-01 -6.43015504e-02
  outer loop
   vertex 7.06940918e+01 1.51197519e+01 6.11111603e+01
   vertex 6.88053741e+01 1.36599483e+01 5.51015816e+01
   vertex 7.09860840e+01 1.55111570e+01 6.05211487e+01
  endloop
 endfacet
 facet normal 7.43014932e-01 -6.66283786e-01 -6.32038936e-02
  outer loop
   vertex 7.09860840e+01 1.55111570e+01 6.05211487e+01
   vertex 6.88053741e+01 1.36599483e+01 5.51015816e+01
   vertex 6.92209473e+01 1.41504869e+01 5.47647133e+01
  endloop
 endfacet
 facet normal 7.42753506e-01 -6.63816750e-01 -8.75474513e-02
  outer loop
   vertex 7.03954086e+01 1.46370354e+01 6.25433540e+01
   vertex 6.82416153e+01 1.29737225e+01 5.58884201e+01
   vertex 7.04928589e+01 1.48256340e+01 6.17378273e+01
  endloop
 endfacet
 facet normal 7.41192997e-01 -6.66838467e-01 -7.71972090e-02
  outer loop
   vertex 7.04928589e+01 1.48256340e+01 6.17378273e+01
   vertex 6.82416153e+01 1.29737225e+01 5.58884201e+01
   vertex 6.84768143e+01 1.32677250e+01 5.54326324e+01
  endloop
 endfacet
 facet normal 7.94365168e-01 -5.93059659e-01 -1.31393239e-01
  outer loop
   vertex 7.05596237e+01 1.43919334e+01 6.48678818e+01
   vertex 6.82103119e+01 1.26000376e+01 5.75738525e+01
   vertex 7.04487534e+01 1.45147686e+01 6.36282921e+01
  endloop
 endfacet
 facet normal 7.99513876e-01 -5.87871373e-01 -1.23226434e-01
  outer loop
   vertex 7.04487534e+01 1.45147686e+01 6.36282921e+01
   vertex 6.82103119e+01 1.26000376e+01 5.75738525e+01
   vertex 6.81627655e+01 1.27558098e+01 5.65304871e+01
  endloop
 endfacet
 facet normal -3.76021594e-01 1.77944928e-01 9.09364283e-01
  outer loop
   vertex 7.70350723e+01 4.29508667e+01 5.78128090e+01
   vertex 8.59342804e+01 3.98993721e+01 5.76321182e+01
   vertex 7.76844330e+01 4.43724174e+01 5.78231926e+01
  endloop
 endfacet
 facet normal -1.44271612e-01 7.74941444e-02 9.86499012e-01
  outer loop
   vertex 7.76844330e+01 4.43724174e+01 5.78231926e+01
   vertex 8.59342804e+01 3.98993721e+01 5.76321182e+01
   vertex 8.66106873e+01 4.14833183e+01 5.75899353e+01
  endloop
 endfacet
 facet normal -3.81437302e-01 2.22481981e-01 8.97222042e-01
  outer loop
   vertex 7.42882538e+01 3.75967712e+01 5.77602043e+01
   vertex 8.29325638e+01 3.36533699e+01 5.78161278e+01
   vertex 7.49958954e+01 3.88666573e+01 5.77748833e+01
  endloop
 endfacet
 facet normal -1.61219403e-01 1.03525534e-01 9.81473804e-01
  outer loop
   vertex 7.49958954e+01 3.88666573e+01 5.77748833e+01
   vertex 8.29325638e+01 3.36533699e+01 5.78161278e+01
   vertex 8.37505798e+01 3.51935768e+01 5.77715111e+01
  endloop
 endfacet
 facet normal -3.81828874e-01 2.68600911e-01 8.84341717e-01
  outer loop
   vertex 7.10175018e+01 3.25233765e+01 5.76788559e+01
   vertex 7.92287140e+01 2.76436405e+01 5.79561653e+01
   vertex 7.19350739e+01 3.38393326e+01 5.77041283e+01
  endloop
 endfacet
 facet normal -1.74951464e-01 1.26759931e-01 9.76383090e-01
  outer loop
   vertex 7.19350739e+01 3.38393326e+01 5.77041283e+01
   vertex 7.92287140e+01 2.76436405e+01 5.79561653e+01
   vertex 8.02175903e+01 2.91233921e+01 5.79297600e+01
  endloop
 endfacet
 facet normal -1.42672077e-01 2.16226190e-01 9.65862811e-01
  outer loop
   vertex 7.61831207e+01 2.34819183e+01 5.81467667e+01
   vertex 6.82048035e+01 2.87548676e+01 5.77144737e+01
   vertex 7.51999283e+01 2.22482891e+01 5.82979431e+01
  endloop
 endfacet
 facet normal -3.36595356e-01 3.75398993e-01 8.63585055e-01
  outer loop
   vertex 7.51999283e+01 2.22482891e+01 5.82979431e+01
   vertex 6.82048035e+01 2.87548676e+01 5.77144737e+01
   vertex 6.73829880e+01 2.77141590e+01 5.78082161e+01
  endloop
 endfacet
 facet normal 9.45429802e-02 5.13439059e-01 8.52902055e-01
  outer loop
   vertex 7.19191513e+01 1.83309059e+01 5.97282104e+01
   vertex 7.26051941e+01 1.91443081e+01 5.92182312e+01
   vertex 6.47545166e+01 2.45578976e+01 5.90579224e+01
  endloop
 endfacet
 facet normal -1.56902298e-01 6.13242269e-01 7.74154723e-01
  outer loop
   vertex 6.47545166e+01 2.45578976e+01 5.90579224e+01
   vertex 7.26051941e+01 1.91443081e+01 5.92182312e+01
   vertex 6.53319473e+01 2.52341709e+01 5.85767021e+01
  endloop
 endfacet
 facet normal 4.57760334e-01 8.37176323e-01 2.99318045e-01
  outer loop
   vertex 7.04175720e+01 1.63552227e+01 6.29015770e+01
   vertex 7.05828247e+01 1.66456528e+01 6.19359169e+01
   vertex 6.33065491e+01 2.28056259e+01 6.22881432e+01
  endloop
 endfacet
 facet normal 1.71819419e-01 9.28960204e-01 3.27888668e-01
  outer loop
   vertex 6.33065491e+01 2.28056259e+01 6.22881432e+01
   vertex 7.05828247e+01 1.66456528e+01 6.19359169e+01
   vertex 6.34998360e+01 2.30679607e+01 6.12793083e+01
  endloop
 endfacet
 facet normal 5.28576791e-01 8.48724008e-01 -1.65578891e-02
  outer loop
   vertex 7.05576248e+01 1.58428202e+01 6.74970093e+01
   vertex 7.04525375e+01 1.59716444e+01 6.62789764e+01
   vertex 6.32812462e+01 2.26530933e+01 6.73327942e+01
  endloop
 endfacet
 facet normal 2.94936001e-01 9.55374479e-01 -1.65044256e-02
  outer loop
   vertex 6.32812462e+01 2.26530933e+01 6.73327942e+01
   vertex 7.04525375e+01 1.59716444e+01 6.62789764e+01
   vertex 6.32262154e+01 2.25951385e+01 6.59553146e+01
  endloop
 endfacet
 facet normal 9.39523935e-01 -2.60370702e-01 -2.22490236e-01
  outer loop
   vertex 8.80032272e+01 4.62394104e+01 5.13122330e+01
   vertex 8.88830414e+01 4.95896988e+01 5.12196808e+01
   vertex 8.95767517e+01 4.73824921e+01 5.62358894e+01
  endloop
 endfacet
 facet normal 9.46268618e-01 -2.45742783e-01 -2.10205212e-01
  outer loop
   vertex 8.95767517e+01 4.73824921e+01 5.62358894e+01
   vertex 8.88830414e+01 4.95896988e+01 5.12196808e+01
   vertex 9.04764481e+01 5.07527275e+01 5.61507301e+01
  endloop
 endfacet
 facet normal 9.60173190e-01 -1.36453152e-01 -2.43819609e-01
  outer loop
   vertex 9.17268524e+01 5.78642273e+01 5.59327087e+01
   vertex 9.12067490e+01 5.42383881e+01 5.60589638e+01
   vertex 9.01024551e+01 5.66880417e+01 5.09814148e+01
  endloop
 endfacet
 facet normal 9.54173148e-01 -1.55055985e-01 -2.55951673e-01
  outer loop
   vertex 9.01024551e+01 5.66880417e+01 5.09814148e+01
   vertex 9.12067490e+01 5.42383881e+01 5.60589638e+01
   vertex 8.95939407e+01 5.30628929e+01 5.11175003e+01
  endloop
 endfacet
 facet normal 9.51533258e-01 9.48994085e-02 -2.92538136e-01
  outer loop
   vertex 9.16044235e+01 7.25761948e+01 5.52533646e+01
   vertex 9.19708328e+01 6.92246857e+01 5.54230080e+01
   vertex 8.99981766e+01 7.13097153e+01 5.02676620e+01
  endloop
 endfacet
 facet normal 9.49101865e-01 7.26082101e-02 -3.06486011e-01
  outer loop
   vertex 8.99981766e+01 7.13097153e+01 5.02676620e+01
   vertex 9.19708328e+01 6.92246857e+01 5.54230080e+01
   vertex 9.03524857e+01 6.79725494e+01 5.04469109e+01
  endloop
 endfacet
 facet normal 8.86282682e-01 3.11823279e-01 -3.42445999e-01
  outer loop
   vertex 8.59259720e+01 8.70221481e+01 4.93441505e+01
   vertex 8.47471619e+01 9.01042023e+01 4.91369476e+01
   vertex 8.74766312e+01 8.84650574e+01 5.43738632e+01
  endloop
 endfacet
 facet normal 8.88238788e-01 3.23492587e-01 -3.26166183e-01
  outer loop
   vertex 8.74766312e+01 8.84650574e+01 5.43738632e+01
   vertex 8.47471619e+01 9.01042023e+01 4.91369476e+01
   vertex 8.62833862e+01 9.15713959e+01 5.41717644e+01
  endloop
 endfacet
 facet normal 8.68682027e-01 3.68654847e-01 -3.30885351e-01
  outer loop
   vertex 8.37113647e+01 9.75281525e+01 5.37764359e+01
   vertex 8.50318604e+01 9.45773239e+01 5.39733391e+01
   vertex 8.21919556e+01 9.60475769e+01 4.87299118e+01
  endloop
 endfacet
 facet normal 8.66798401e-01 3.57875496e-01 -3.47254515e-01
  outer loop
   vertex 8.21919556e+01 9.60475769e+01 4.87299118e+01
   vertex 8.50318604e+01 9.45773239e+01 5.39733391e+01
   vertex 8.35047989e+01 9.31010590e+01 4.89327240e+01
  endloop
 endfacet
 facet normal -1.38371482e-01 6.75251782e-02 9.88075733e-01
  outer loop
   vertex 8.77925110e+01 4.46843491e+01 5.74973145e+01
   vertex 7.88519135e+01 4.73304977e+01 5.78340721e+01
   vertex 8.66106873e+01 4.14833183e+01 5.75899353e+01
  endloop
 endfacet
 facet normal -3.72522295e-01 1.58078730e-01 9.14460659e-01
  outer loop
   vertex 8.66106873e+01 4.14833183e+01 5.75899353e+01
   vertex 7.88519135e+01 4.73304977e+01 5.78340721e+01
   vertex 7.76844330e+01 4.43724174e+01 5.78231926e+01
  endloop
 endfacet
 facet normal -1.23354636e-01 4.77624796e-02 9.91212606e-01
  outer loop
   vertex 8.97104568e+01 5.12739410e+01 5.73245544e+01
   vertex 8.07377396e+01 5.33413353e+01 5.78260803e+01
   vertex 8.88173981e+01 4.79407539e+01 5.74044609e+01
  endloop
 endfacet
 facet normal -3.64688367e-01 1.15836062e-01 9.23896313e-01
  outer loop
   vertex 8.88173981e+01 4.79407539e+01 5.74044609e+01
   vertex 8.07377396e+01 5.33413353e+01 5.78260803e+01
   vertex 7.98743057e+01 5.03410110e+01 5.78350296e+01
  endloop
 endfacet
 facet normal -1.07848547e-01 4.78826389e-02 9.93013561e-01
  outer loop
   vertex 9.04356384e+01 5.47286453e+01 5.72351799e+01
   vertex 9.09521637e+01 5.83508720e+01 5.71143570e+01
   vertex 8.14518967e+01 5.65356789e+01 5.78068886e+01
  endloop
 endfacet
 facet normal -3.49023938e-01 7.84718990e-02 9.33822513e-01
  outer loop
   vertex 8.14518967e+01 5.65356789e+01 5.78068886e+01
   vertex 9.09521637e+01 5.83508720e+01 5.71143570e+01
   vertex 8.20263977e+01 6.01282883e+01 5.77771645e+01
  endloop
 endfacet
 facet normal -3.27084810e-01 4.35250141e-02 9.43992078e-01
  outer loop
   vertex 8.25226593e+01 6.67198715e+01 5.76952705e+01
   vertex 8.24027786e+01 6.36720428e+01 5.77392044e+01
   vertex 9.13177261e+01 6.58664627e+01 5.68067932e+01
  endloop
 endfacet
 facet normal -8.48031342e-02 4.40663062e-02 9.95422840e-01
  outer loop
   vertex 9.13177261e+01 6.58664627e+01 5.68067932e+01
   vertex 8.24027786e+01 6.36720428e+01 5.77392044e+01
   vertex 9.12467041e+01 6.20838623e+01 5.69694481e+01
  endloop
 endfacet
 facet normal -3.07380021e-01 1.24550797e-02 9.51505303e-01
  outer loop
   vertex 8.22291260e+01 7.21295624e+01 5.75901985e+01
   vertex 8.24450912e+01 6.94722214e+01 5.76455307e+01
   vertex 9.08072586e+01 7.27658005e+01 5.64821701e+01
  endloop
 endfacet
 facet normal -6.35854900e-02 4.13481556e-02 9.97119486e-01
  outer loop
   vertex 9.08072586e+01 7.27658005e+01 5.64821701e+01
   vertex 8.24450912e+01 6.94722214e+01 5.76455307e+01
   vertex 9.11724930e+01 6.94944916e+01 5.66395454e+01
  endloop
 endfacet
 facet normal -2.86424041e-01 -1.66974999e-02 9.57957447e-01
  outer loop
   vertex 8.14145432e+01 7.70601044e+01 5.74648514e+01
   vertex 8.18828964e+01 7.46671143e+01 5.75297852e+01
   vertex 8.96605072e+01 7.88485336e+01 5.61892929e+01
  endloop
 endfacet
 facet normal -4.59985472e-02 3.89396884e-02 9.98182237e-01
  outer loop
   vertex 8.96605072e+01 7.88485336e+01 5.61892929e+01
   vertex 8.18828964e+01 7.46671143e+01 5.75297852e+01
   vertex 9.02822952e+01 7.58326340e+01 5.63329163e+01
  endloop
 endfacet
 facet normal -3.25524360e-02 3.75254229e-02 9.98765349e-01
  outer loop
   vertex 8.78821259e+01 8.51315765e+01 5.58466682e+01
   vertex 7.99145203e+01 8.23289261e+01 5.72783127e+01
   vertex 8.88813553e+01 8.19150238e+01 5.60330849e+01
  endloop
 endfacet
 facet normal -2.72942573e-01 -3.99075225e-02 9.61202264e-01
  outer loop
   vertex 8.88813553e+01 8.19150238e+01 5.60330849e+01
   vertex 7.99145203e+01 8.23289261e+01 5.72783127e+01
   vertex 8.07748337e+01 7.95376816e+01 5.73846169e+01
  endloop
 endfacet
 facet normal -2.61020362e-01 -4.72962931e-02 9.64173973e-01
  outer loop
   vertex 7.88924789e+01 8.52989578e+01 5.71572876e+01
   vertex 8.67457581e+01 8.83587570e+01 5.56479454e+01
   vertex 7.77675476e+01 8.83128510e+01 5.70329285e+01
  endloop
 endfacet
 facet normal -2.24476550e-02 4.59319465e-02 9.98692334e-01
  outer loop
   vertex 7.77675476e+01 8.83128510e+01 5.70329285e+01
   vertex 8.67457581e+01 8.83587570e+01 5.56479454e+01
   vertex 8.55559845e+01 9.14575729e+01 5.54546547e+01
  endloop
 endfacet
 facet normal -1.54497037e-02 5.72468936e-02 9.98240530e-01
  outer loop
   vertex 8.43020172e+01 9.44690475e+01 5.52639771e+01
   vertex 8.29735870e+01 9.74345016e+01 5.50730209e+01
   vertex 7.65459366e+01 9.13676376e+01 5.68964958e+01
  endloop
 endfacet
 facet normal -2.48955444e-01 -4.57738191e-02 9.67432678e-01
  outer loop
   vertex 7.65459366e+01 9.13676376e+01 5.68964958e+01
   vertex 8.29735870e+01 9.74345016e+01 5.50730209e+01
   vertex 7.52337875e+01 9.44603119e+01 5.67392883e+01
  endloop
 endfacet
 facet normal -9.18410625e-03 6.96453080e-02 9.97529566e-01
  outer loop
   vertex 8.15918732e+01 1.00335564e+02 5.48748932e+01
   vertex 8.01804581e+01 1.03153618e+02 5.46623383e+01
   vertex 7.39395218e+01 9.73733063e+01 5.65779190e+01
  endloop
 endfacet
 facet normal -2.39995345e-01 -4.32588831e-02 9.69809711e-01
  outer loop
   vertex 7.39395218e+01 9.73733063e+01 5.65779190e+01
   vertex 8.01804581e+01 1.03153618e+02 5.46623383e+01
   vertex 7.27714691e+01 9.98890305e+01 5.64290504e+01
  endloop
 endfacet
 facet normal -9.93365655e-04 7.16750473e-02 9.97427523e-01
  outer loop
   vertex 7.56575546e+01 1.11555901e+02 5.41232605e+01
   vertex 7.39946136e+01 1.14352516e+02 5.39229012e+01
   vertex 6.86980972e+01 1.07709755e+02 5.59308357e+01
  endloop
 endfacet
 facet normal -2.25640103e-01 -5.85387386e-02 9.72450376e-01
  outer loop
   vertex 6.86980972e+01 1.07709755e+02 5.59308357e+01
   vertex 7.39946136e+01 1.14352516e+02 5.39229012e+01
   vertex 6.70105591e+01 1.10659126e+02 5.57310333e+01
  endloop
 endfacet
 facet normal 9.86983418e-04 7.24210367e-02 9.97373641e-01
  outer loop
   vertex 7.22706604e+01 1.17113510e+02 5.37241554e+01
   vertex 7.05191574e+01 1.19816673e+02 5.35604668e+01
   vertex 6.53215714e+01 1.13506180e+02 5.55347328e+01
  endloop
 endfacet
 facet normal -2.18320996e-01 -6.70171157e-02 9.73573148e-01
  outer loop
   vertex 6.53215714e+01 1.13506180e+02 5.55347328e+01
   vertex 7.05191574e+01 1.19816673e+02 5.35604668e+01
   vertex 6.37922401e+01 1.15990501e+02 5.53630829e+01
  endloop
 endfacet
 facet normal -2.11403100e-03 7.41937831e-02 9.97241616e-01
  outer loop
   vertex 6.87317963e+01 1.22496513e+02 5.33962593e+01
   vertex 6.68969727e+01 1.25187485e+02 5.31965981e+01
   vertex 6.22542839e+01 1.18365685e+02 5.51908112e+01
  endloop
 endfacet
 facet normal -2.18723491e-01 -7.15387762e-02 9.73160923e-01
  outer loop
   vertex 6.22542839e+01 1.18365685e+02 5.51908112e+01
   vertex 6.68969727e+01 1.25187485e+02 5.31965981e+01
   vertex 6.05393448e+01 1.20885292e+02 5.49926758e+01
  endloop
 endfacet
 facet normal -4.64952916e-01 1.59805551e-01 -8.70793283e-01
  outer loop
   vertex 6.87126389e+01 3.81083488e+01 2.87737942e+01
   vertex 6.97347031e+01 4.07481079e+01 2.87732048e+01
   vertex 7.77535934e+01 3.49524155e+01 2.85503922e+01
  endloop
 endfacet
 facet normal -6.37567937e-02 -3.23679484e-03 -9.97960210e-01
  outer loop
   vertex 7.77535934e+01 3.49524155e+01 2.85503922e+01
   vertex 6.97347031e+01 4.07481079e+01 2.87732048e+01
   vertex 7.88753967e+01 3.79983940e+01 2.84502010e+01
  endloop
 endfacet
 facet normal -4.81573254e-01 1.40850693e-01 -8.65013480e-01
  outer loop
   vertex 6.97347031e+01 4.07481079e+01 2.87732048e+01
   vertex 7.06183548e+01 4.33854065e+01 2.87577896e+01
   vertex 7.88753967e+01 3.79983940e+01 2.84502010e+01
  endloop
 endfacet
 facet normal -7.43386149e-02 -3.13894195e-03 -9.97228146e-01
  outer loop
   vertex 7.88753967e+01 3.79983940e+01 2.84502010e+01
   vertex 7.06183548e+01 4.33854065e+01 2.87577896e+01
   vertex 7.98191299e+01 4.11057320e+01 2.83475952e+01
  endloop
 endfacet
 facet normal -4.97640193e-01 1.17867775e-01 -8.59337807e-01
  outer loop
   vertex 7.06183548e+01 4.33854065e+01 2.87577896e+01
   vertex 7.13746185e+01 4.60459518e+01 2.87211170e+01
   vertex 7.98191299e+01 4.11057320e+01 2.83475952e+01
  endloop
 endfacet
 facet normal -8.53497609e-02 -6.49395678e-03 -9.96329904e-01
  outer loop
   vertex 7.98191299e+01 4.11057320e+01 2.83475952e+01
   vertex 7.13746185e+01 4.60459518e+01 2.87211170e+01
   vertex 8.05959854e+01 4.43147240e+01 2.82284145e+01
  endloop
 endfacet
 facet normal -5.13198555e-01 9.10759941e-02 -8.53423953e-01
  outer loop
   vertex 7.13746185e+01 4.60459518e+01 2.87211170e+01
   vertex 7.20118790e+01 4.88477821e+01 2.86794014e+01
   vertex 8.05959854e+01 4.43147240e+01 2.82284145e+01
  endloop
 endfacet
 facet normal -9.77478996e-02 -1.19164372e-02 -9.95139837e-01
  outer loop
   vertex 8.05959854e+01 4.43147240e+01 2.82284145e+01
   vertex 7.20118790e+01 4.88477821e+01 2.86794014e+01
   vertex 8.12088394e+01 4.76794357e+01 2.80872860e+01
  endloop
 endfacet
 facet normal -5.29621422e-01 6.29203469e-02 -8.45897257e-01
  outer loop
   vertex 7.20118790e+01 4.88477821e+01 2.86794014e+01
   vertex 7.25385056e+01 5.19088440e+01 2.86488609e+01
   vertex 8.12088394e+01 4.76794357e+01 2.80872860e+01
  endloop
 endfacet
 facet normal -1.12107858e-01 -1.82483103e-02 -9.93528485e-01
  outer loop
   vertex 8.12088394e+01 4.76794357e+01 2.80872860e+01
   vertex 7.25385056e+01 5.19088440e+01 2.86488609e+01
   vertex 8.16594009e+01 5.12545090e+01 2.79189224e+01
  endloop
 endfacet
 facet normal -5.46168804e-01 3.23567614e-02 -8.37049961e-01
  outer loop
   vertex 7.25385056e+01 5.19088440e+01 2.86488609e+01
   vertex 7.29146347e+01 5.51070061e+01 2.86165848e+01
   vertex 8.16594009e+01 5.12545090e+01 2.79189224e+01
  endloop
 endfacet
 facet normal -1.27318516e-01 -2.79589575e-02 -9.91467774e-01
  outer loop
   vertex 8.16594009e+01 5.12545090e+01 2.79189224e+01
   vertex 7.29146347e+01 5.51070061e+01 2.86165848e+01
   vertex 8.19380951e+01 5.49218788e+01 2.77297115e+01
  endloop
 endfacet
 facet normal -5.61414421e-01 -2.99094920e-03 -8.27529430e-01
  outer loop
   vertex 7.29146347e+01 5.51070061e+01 2.86165848e+01
   vertex 7.31004181e+01 5.83200684e+01 2.85697250e+01
   vertex 8.19380951e+01 5.49218788e+01 2.77297115e+01
  endloop
 endfacet
 facet normal -1.41984701e-01 -4.18643951e-02 -9.88983154e-01
  outer loop
   vertex 8.19380951e+01 5.49218788e+01 2.77297115e+01
   vertex 7.31004181e+01 5.83200684e+01 2.85697250e+01
   vertex 8.20355606e+01 5.85638237e+01 2.75257969e+01
  endloop
 endfacet
 facet normal -5.73435962e-01 -4.38516065e-02 -8.18075955e-01
  outer loop
   vertex 7.31004181e+01 5.83200684e+01 2.85697250e+01
   vertex 7.30943985e+01 6.13747864e+01 2.84966660e+01
   vertex 8.20355606e+01 5.85638237e+01 2.75257969e+01
  endloop
 endfacet
 facet normal -1.53467774e-01 -5.97999543e-02 -9.86342549e-01
  outer loop
   vertex 8.20355606e+01 5.85638237e+01 2.75257969e+01
   vertex 7.30943985e+01 6.13747864e+01 2.84966660e+01
   vertex 8.19429016e+01 6.20574112e+01 2.73136654e+01
  endloop
 endfacet
 facet normal -5.79832196e-01 -8.94444436e-02 -8.09811294e-01
  outer loop
   vertex 7.30943985e+01 6.13747864e+01 2.84966660e+01
   vertex 7.28950653e+01 6.40978699e+01 2.83857651e+01
   vertex 8.19429016e+01 6.20574112e+01 2.73136654e+01
  endloop
 endfacet
 facet normal -1.60999715e-01 -7.96191990e-02 -9.83737707e-01
  outer loop
   vertex 8.19429016e+01 6.20574112e+01 2.73136654e+01
   vertex 7.28950653e+01 6.40978699e+01 2.83857651e+01
   vertex 8.16518326e+01 6.52794724e+01 2.70997257e+01
  endloop
 endfacet
 facet normal -5.81933022e-01 -1.32670850e-01 -8.02341819e-01
  outer loop
   vertex 7.28950653e+01 6.40978699e+01 2.83857651e+01
   vertex 7.25274963e+01 6.66658020e+01 2.82629795e+01
   vertex 8.16518326e+01 6.52794724e+01 2.70997257e+01
  endloop
 endfacet
 facet normal -1.67056262e-01 -9.45121869e-02 -9.81406987e-01
  outer loop
   vertex 8.16518326e+01 6.52794724e+01 2.70997257e+01
   vertex 7.25274963e+01 6.66658020e+01 2.82629795e+01
   vertex 8.11820602e+01 6.83140945e+01 2.68854065e+01
  endloop
 endfacet
 facet normal -5.82734883e-01 -1.67762071e-01 -7.95157790e-01
  outer loop
   vertex 7.25274963e+01 6.66658020e+01 2.82629795e+01
   vertex 7.20167847e+01 6.92550125e+01 2.81542892e+01
   vertex 8.11820602e+01 6.83140945e+01 2.68854065e+01
  endloop
 endfacet
 facet normal -1.73576817e-01 -1.05078943e-01 -9.79198396e-01
  outer loop
   vertex 8.11820602e+01 6.83140945e+01 2.68854065e+01
   vertex 7.20167847e+01 6.92550125e+01 2.81542892e+01
   vertex 8.05517349e+01 7.12448654e+01 2.66724911e+01
  endloop
 endfacet
 facet normal -5.83003819e-01 -1.98463842e-01 -7.87856996e-01
  outer loop
   vertex 7.20167847e+01 6.92550125e+01 2.81542892e+01
   vertex 7.13574219e+01 7.18841553e+01 2.80518017e+01
   vertex 8.05517349e+01 7.12448654e+01 2.66724911e+01
  endloop
 endfacet
 facet normal -1.80277660e-01 -1.16222210e-01 -9.76725340e-01
  outer loop
   vertex 8.05517349e+01 7.12448654e+01 2.66724911e+01
   vertex 7.13574219e+01 7.18841553e+01 2.80518017e+01
   vertex 7.97799530e+01 7.41406326e+01 2.64587650e+01
  endloop
 endfacet
 facet normal -1.88211009e-01 -1.13167048e-01 -9.75586891e-01
  outer loop
   vertex 7.97799530e+01 7.41406326e+01 2.64587650e+01
   vertex 7.13574219e+01 7.18841553e+01 2.80518017e+01
   vertex 7.88866425e+01 7.70707016e+01 2.62417965e+01
  endloop
 endfacet
 facet normal -5.84748864e-01 -2.26491481e-01 -7.78954625e-01
  outer loop
   vertex 7.88866425e+01 7.70707016e+01 2.62417965e+01
   vertex 7.13574219e+01 7.18841553e+01 2.80518017e+01
   vertex 7.05438385e+01 7.45718002e+01 2.79477272e+01
  endloop
 endfacet
 facet normal -1.92104012e-01 -1.27476916e-01 -9.73059952e-01
  outer loop
   vertex 7.88866425e+01 7.70707016e+01 2.62417965e+01
   vertex 7.05438385e+01 7.45718002e+01 2.79477272e+01
   vertex 7.78837967e+01 8.00154495e+01 2.60208130e+01
  endloop
 endfacet
 facet normal -5.82099199e-01 -2.54655600e-01 -7.72211790e-01
  outer loop
   vertex 7.78837967e+01 8.00154495e+01 2.60208130e+01
   vertex 7.05438385e+01 7.45718002e+01 2.79477272e+01
   vertex 6.96100998e+01 7.72587891e+01 2.78238277e+01
  endloop
 endfacet
 facet normal -1.93487823e-01 -1.40762404e-01 -9.70952332e-01
  outer loop
   vertex 7.78837967e+01 8.00154495e+01 2.60208130e+01
   vertex 6.96100998e+01 7.72587891e+01 2.78238277e+01
   vertex 7.67838516e+01 8.29552917e+01 2.57950554e+01
  endloop
 endfacet
 facet normal -5.77669859e-01 -2.77956516e-01 -7.67487884e-01
  outer loop
   vertex 7.67838516e+01 8.29552917e+01 2.57950554e+01
   vertex 6.96100998e+01 7.72587891e+01 2.78238277e+01
   vertex 6.85902634e+01 7.98859253e+01 2.76619263e+01
  endloop
 endfacet
 facet normal -1.91380590e-01 -1.56042427e-01 -9.69032645e-01
  outer loop
   vertex 7.55955429e+01 8.58832550e+01 2.55675106e+01
   vertex 7.67838516e+01 8.29552917e+01 2.57950554e+01
   vertex 6.74919052e+01 8.25260925e+01 2.74800301e+01
  endloop
 endfacet
 facet normal -5.72714329e-01 -2.94455707e-01 -7.65045166e-01
  outer loop
   vertex 6.74919052e+01 8.25260925e+01 2.74800301e+01
   vertex 7.67838516e+01 8.29552917e+01 2.57950554e+01
   vertex 6.85902634e+01 7.98859253e+01 2.76619263e+01
  endloop
 endfacet
 facet normal -1.92783028e-01 -1.58637881e-01 -9.68332946e-01
  outer loop
   vertex 7.43271637e+01 8.87918091e+01 2.53413410e+01
   vertex 7.55955429e+01 8.58832550e+01 2.55675106e+01
   vertex 6.63226547e+01 8.52522049e+01 2.72961159e+01
  endloop
 endfacet
 facet normal -5.70348263e-01 -3.04328203e-01 -7.62946367e-01
  outer loop
   vertex 6.63226547e+01 8.52522049e+01 2.72961159e+01
   vertex 7.55955429e+01 8.58832550e+01 2.55675106e+01
   vertex 6.74919052e+01 8.25260925e+01 2.74800301e+01
  endloop
 endfacet
 facet normal -1.92933515e-01 -1.63763404e-01 -9.67449307e-01
  outer loop
   vertex 7.29860077e+01 9.16779175e+01 2.51161327e+01
   vertex 7.43271637e+01 8.87918091e+01 2.53413410e+01
   vertex 6.50811920e+01 8.80109711e+01 2.71027470e+01
  endloop
 endfacet
 facet normal -5.67489684e-01 -3.14887315e-01 -7.60789990e-01
  outer loop
   vertex 6.50811920e+01 8.80109711e+01 2.71027470e+01
   vertex 7.43271637e+01 8.87918091e+01 2.53413410e+01
   vertex 6.63226547e+01 8.52522049e+01 2.72961159e+01
  endloop
 endfacet
 facet normal -1.92103907e-01 -1.69370025e-01 -9.66648817e-01
  outer loop
   vertex 7.15797119e+01 9.45389175e+01 2.48913460e+01
   vertex 7.29860077e+01 9.16779175e+01 2.51161327e+01
   vertex 6.37661858e+01 9.07490768e+01 2.68924789e+01
  endloop
 endfacet
 facet normal -5.62860370e-01 -3.28034937e-01 -7.58670747e-01
  outer loop
   vertex 6.37661858e+01 9.07490768e+01 2.68924789e+01
   vertex 7.29860077e+01 9.16779175e+01 2.51161327e+01
   vertex 6.50811920e+01 8.80109711e+01 2.71027470e+01
  endloop
 endfacet
 facet normal -1.92273751e-01 -1.72081441e-01 -9.66135979e-01
  outer loop
   vertex 7.01156235e+01 9.73757324e+01 2.46697941e+01
   vertex 7.15797119e+01 9.45389175e+01 2.48913460e+01
   vertex 6.24005508e+01 9.34627914e+01 2.66850548e+01
  endloop
 endfacet
 facet normal -5.58491528e-01 -3.38923752e-01 -7.57111549e-01
  outer loop
   vertex 6.24005508e+01 9.34627914e+01 2.66850548e+01
   vertex 7.15797119e+01 9.45389175e+01 2.48913460e+01
   vertex 6.37661858e+01 9.07490768e+01 2.68924789e+01
  endloop
 endfacet
 facet normal -1.93261176e-01 -1.74448520e-01 -9.65514302e-01
  outer loop
   vertex 6.86012573e+01 1.00189331e+02 2.44542656e+01
   vertex 7.01156235e+01 9.73757324e+01 2.46697941e+01
   vertex 6.10070724e+01 9.61483078e+01 2.65002060e+01
  endloop
 endfacet
 facet normal -5.55716872e-01 -3.47104132e-01 -7.55445242e-01
  outer loop
   vertex 6.10070724e+01 9.61483078e+01 2.65002060e+01
   vertex 7.01156235e+01 9.73757324e+01 2.46697941e+01
   vertex 6.24005508e+01 9.34627914e+01 2.66850548e+01
  endloop
 endfacet
 facet normal -1.92657903e-01 -1.79795295e-01 -9.64653611e-01
  outer loop
   vertex 6.70324631e+01 1.02981476e+02 2.42406654e+01
   vertex 6.86012573e+01 1.00189331e+02 2.44542656e+01
   vertex 5.95623055e+01 9.88128357e+01 2.63161507e+01
  endloop
 endfacet
 facet normal -5.52226484e-01 -3.57396990e-01 -7.53202021e-01
  outer loop
   vertex 5.95623055e+01 9.88128357e+01 2.63161507e+01
   vertex 6.86012573e+01 1.00189331e+02 2.44542656e+01
   vertex 6.10070724e+01 9.61483078e+01 2.65002060e+01
  endloop
 endfacet
 facet normal -1.90108269e-01 -1.86492950e-01 -9.63887572e-01
  outer loop
   vertex 6.54048462e+01 1.05753906e+02 2.40248756e+01
   vertex 6.70324631e+01 1.02981476e+02 2.42406654e+01
   vertex 5.80427284e+01 1.01463547e+02 2.61111431e+01
  endloop
 endfacet
 facet normal -5.46189964e-01 -3.70707840e-01 -7.51167238e-01
  outer loop
   vertex 5.80427284e+01 1.01463547e+02 2.61111431e+01
   vertex 6.70324631e+01 1.02981476e+02 2.42406654e+01
   vertex 5.95623055e+01 9.88128357e+01 2.63161507e+01
  endloop
 endfacet
 facet normal -1.81177005e-01 -2.00261414e-01 -9.62844849e-01
  outer loop
   vertex 6.01592636e+01 1.13966660e+02 2.33576012e+01
   vertex 6.19612350e+01 1.11244415e+02 2.35831680e+01
   vertex 5.30815964e+01 1.09388680e+02 2.54325466e+01
  endloop
 endfacet
 facet normal -5.25845230e-01 -4.04060513e-01 -7.48479724e-01
  outer loop
   vertex 5.30815964e+01 1.09388680e+02 2.54325466e+01
   vertex 6.19612350e+01 1.11244415e+02 2.35831680e+01
   vertex 5.47920494e+01 1.06756729e+02 2.56626358e+01
  endloop
 endfacet
 facet normal 8.78334522e-01 3.47070307e-01 -3.28740984e-01
  outer loop
   vertex 8.50318604e+01 9.45773239e+01 5.39733391e+01
   vertex 8.62833862e+01 9.15713959e+01 5.41717644e+01
   vertex 8.35047989e+01 9.31010590e+01 4.89327240e+01
  endloop
 endfacet
 facet normal 8.76547158e-01 3.35605890e-01 -3.45012724e-01
  outer loop
   vertex 8.35047989e+01 9.31010590e+01 4.89327240e+01
   vertex 8.62833862e+01 9.15713959e+01 5.41717644e+01
   vertex 8.47471619e+01 9.01042023e+01 4.91369476e+01
  endloop
 endfacet
 facet normal 8.98228526e-01 2.97861338e-01 -3.23209077e-01
  outer loop
   vertex 8.74766312e+01 8.84650574e+01 5.43738632e+01
   vertex 8.86221466e+01 8.52129364e+01 5.45817490e+01
   vertex 8.59259720e+01 8.70221481e+01 4.93441505e+01
  endloop
 endfacet
 facet normal 8.96417916e-01 2.85080969e-01 -3.39357883e-01
  outer loop
   vertex 8.59259720e+01 8.70221481e+01 4.93441505e+01
   vertex 8.86221466e+01 8.52129364e+01 5.45817490e+01
   vertex 8.70480042e+01 8.38199844e+01 4.95558929e+01
  endloop
 endfacet
 facet normal 9.42658186e-01 1.45403951e-01 -3.00421685e-01
  outer loop
   vertex 9.10722122e+01 7.57143097e+01 5.50918655e+01
   vertex 9.16044235e+01 7.25761948e+01 5.52533646e+01
   vertex 8.94754257e+01 7.44375381e+01 5.00952682e+01
  endloop
 endfacet
 facet normal 9.40277696e-01 1.28025368e-01 -3.15416098e-01
  outer loop
   vertex 8.94754257e+01 7.44375381e+01 5.00952682e+01
   vertex 9.16044235e+01 7.25761948e+01 5.52533646e+01
   vertex 8.99981766e+01 7.13097153e+01 5.02676620e+01
  endloop
 endfacet
 facet normal 9.58769619e-01 3.42288949e-02 -2.82115549e-01
  outer loop
   vertex 9.19708328e+01 6.92246857e+01 5.54230080e+01
   vertex 9.21122894e+01 6.54883728e+01 5.56026993e+01
   vertex 9.03524857e+01 6.79725494e+01 5.04469109e+01
  endloop
 endfacet
 facet normal 9.55194712e-01 1.26193883e-02 -2.95709044e-01
  outer loop
   vertex 9.03524857e+01 6.79725494e+01 5.04469109e+01
   vertex 9.21122894e+01 6.54883728e+01 5.56026993e+01
   vertex 9.04860382e+01 6.42715759e+01 5.06347656e+01
  endloop
 endfacet
 facet normal 9.54498231e-01 -1.93293378e-01 -2.27092147e-01
  outer loop
   vertex 9.12067490e+01 5.42383881e+01 5.60589638e+01
   vertex 9.04764481e+01 5.07527275e+01 5.61507301e+01
   vertex 8.95939407e+01 5.30628929e+01 5.11175003e+01
  endloop
 endfacet
 facet normal 9.47929621e-01 -2.10581362e-01 -2.38924518e-01
  outer loop
   vertex 8.95939407e+01 5.30628929e+01 5.11175003e+01
   vertex 9.04764481e+01 5.07527275e+01 5.61507301e+01
   vertex 8.88830414e+01 4.95896988e+01 5.12196808e+01
  endloop
 endfacet
 facet normal 8.73100536e-04 7.19794258e-02 9.97405708e-01
  outer loop
   vertex 7.05191574e+01 1.19816673e+02 5.35604668e+01
   vertex 6.87317963e+01 1.22496513e+02 5.33962593e+01
   vertex 6.37922401e+01 1.15990501e+02 5.53630829e+01
  endloop
 endfacet
 facet normal -2.16702938e-01 -6.99384287e-02 9.73729134e-01
  outer loop
   vertex 6.37922401e+01 1.15990501e+02 5.53630829e+01
   vertex 6.87317963e+01 1.22496513e+02 5.33962593e+01
   vertex 6.22542839e+01 1.18365685e+02 5.51908112e+01
  endloop
 endfacet
 facet normal -8.96590936e-04 7.40001053e-02 9.97257829e-01
  outer loop
   vertex 7.39946136e+01 1.14352516e+02 5.39229012e+01
   vertex 7.22706604e+01 1.17113510e+02 5.37241554e+01
   vertex 6.70105591e+01 1.10659126e+02 5.57310333e+01
  endloop
 endfacet
 facet normal -2.22368509e-01 -6.19795509e-02 9.72990632e-01
  outer loop
   vertex 6.70105591e+01 1.10659126e+02 5.57310333e+01
   vertex 7.22706604e+01 1.17113510e+02 5.37241554e+01
   vertex 6.53215714e+01 1.13506180e+02 5.55347328e+01
  endloop
 endfacet
 facet normal -2.25004345e-01 -6.10026903e-02 9.72446263e-01
  outer loop
   vertex 7.02229614e+01 1.04918411e+02 5.61130371e+01
   vertex 7.72293549e+01 1.08746178e+02 5.42910080e+01
   vertex 6.86980972e+01 1.07709755e+02 5.59308357e+01
  endloop
 endfacet
 facet normal 1.88436511e-03 6.54286519e-02 9.97855484e-01
  outer loop
   vertex 6.86980972e+01 1.07709755e+02 5.59308357e+01
   vertex 7.72293549e+01 1.08746178e+02 5.42910080e+01
   vertex 7.56575546e+01 1.11555901e+02 5.41232605e+01
  endloop
 endfacet
 facet normal -2.33386293e-01 -4.82028089e-02 9.71188605e-01
  outer loop
   vertex 7.15818634e+01 1.02304916e+02 5.62787361e+01
   vertex 7.27714691e+01 9.98890305e+01 5.64290504e+01
   vertex 7.87302780e+01 1.05939987e+02 5.44595184e+01
  endloop
 endfacet
 facet normal -4.31340234e-03 7.12962002e-02 9.97445881e-01
  outer loop
   vertex 7.87302780e+01 1.05939987e+02 5.44595184e+01
   vertex 7.27714691e+01 9.98890305e+01 5.64290504e+01
   vertex 8.01804581e+01 1.03153618e+02 5.46623383e+01
  endloop
 endfacet
 facet normal -1.24060912e-02 6.34330213e-02 9.97909009e-01
  outer loop
   vertex 8.29735870e+01 9.74345016e+01 5.50730209e+01
   vertex 8.15918732e+01 1.00335564e+02 5.48748932e+01
   vertex 7.52337875e+01 9.44603119e+01 5.67392883e+01
  endloop
 endfacet
 facet normal -2.45124996e-01 -4.38833535e-02 9.68497813e-01
  outer loop
   vertex 7.52337875e+01 9.44603119e+01 5.67392883e+01
   vertex 8.15918732e+01 1.00335564e+02 5.48748932e+01
   vertex 7.39395218e+01 9.73733063e+01 5.65779190e+01
  endloop
 endfacet
 facet normal -2.54527420e-01 -4.92306203e-02 9.65811670e-01
  outer loop
   vertex 7.77675476e+01 8.83128510e+01 5.70329285e+01
   vertex 8.55559845e+01 9.14575729e+01 5.54546547e+01
   vertex 7.65459366e+01 9.13676376e+01 5.68964958e+01
  endloop
 endfacet
 facet normal -1.74268540e-02 5.03776856e-02 9.98578191e-01
  outer loop
   vertex 7.65459366e+01 9.13676376e+01 5.68964958e+01
   vertex 8.55559845e+01 9.14575729e+01 5.54546547e+01
   vertex 8.43020172e+01 9.44690475e+01 5.52639771e+01
  endloop
 endfacet
 facet normal -2.80364268e-02 4.22712751e-02 9.98712718e-01
  outer loop
   vertex 8.67457581e+01 8.83587570e+01 5.56479454e+01
   vertex 7.88924789e+01 8.52989578e+01 5.71572876e+01
   vertex 8.78821259e+01 8.51315765e+01 5.58466682e+01
  endloop
 endfacet
 facet normal -2.67565072e-01 -4.38423567e-02 9.62541819e-01
  outer loop
   vertex 8.78821259e+01 8.51315765e+01 5.58466682e+01
   vertex 7.88924789e+01 8.52989578e+01 5.71572876e+01
   vertex 7.99145203e+01 8.23289261e+01 5.72783127e+01
  endloop
 endfacet
 facet normal -3.62022035e-02 3.19514647e-02 9.98833597e-01
  outer loop
   vertex 8.88813553e+01 8.19150238e+01 5.60330849e+01
   vertex 8.07748337e+01 7.95376816e+01 5.73846169e+01
   vertex 8.96605072e+01 7.88485336e+01 5.61892929e+01
  endloop
 endfacet
 facet normal -2.78824598e-01 -3.30574065e-02 9.59772944e-01
  outer loop
   vertex 8.96605072e+01 7.88485336e+01 5.61892929e+01
   vertex 8.07748337e+01 7.95376816e+01 5.73846169e+01
   vertex 8.14145432e+01 7.70601044e+01 5.74648514e+01
  endloop
 endfacet
 facet normal -2.96828747e-01 -2.17990647e-03 9.54928219e-01
  outer loop
   vertex 8.18828964e+01 7.46671143e+01 5.75297852e+01
   vertex 8.22291260e+01 7.21295624e+01 5.75901985e+01
   vertex 9.02822952e+01 7.58326340e+01 5.63329163e+01
  endloop
 endfacet
 facet normal -5.43987714e-02 4.07184809e-02 9.97688711e-01
  outer loop
   vertex 9.02822952e+01 7.58326340e+01 5.63329163e+01
   vertex 8.22291260e+01 7.21295624e+01 5.75901985e+01
   vertex 9.08072586e+01 7.27658005e+01 5.64821701e+01
  endloop
 endfacet
 facet normal -3.16923201e-01 2.67292187e-02 9.48074460e-01
  outer loop
   vertex 8.24450912e+01 6.94722214e+01 5.76455307e+01
   vertex 8.25226593e+01 6.67198715e+01 5.76952705e+01
   vertex 9.11724930e+01 6.94944916e+01 5.66395454e+01
  endloop
 endfacet
 facet normal -7.30703622e-02 4.18489054e-02 9.96448398e-01
  outer loop
   vertex 9.11724930e+01 6.94944916e+01 5.66395454e+01
   vertex 8.25226593e+01 6.67198715e+01 5.76952705e+01
   vertex 9.13177261e+01 6.58664627e+01 5.68067932e+01
  endloop
 endfacet
 facet normal -9.74863395e-02 4.61031012e-02 9.94168460e-01
  outer loop
   vertex 9.09521637e+01 5.83508720e+01 5.71143570e+01
   vertex 9.12467041e+01 6.20838623e+01 5.69694481e+01
   vertex 8.20263977e+01 6.01282883e+01 5.77771645e+01
  endloop
 endfacet
 facet normal -3.38962972e-01 6.14910536e-02 9.38788056e-01
  outer loop
   vertex 8.20263977e+01 6.01282883e+01 5.77771645e+01
   vertex 9.12467041e+01 6.20838623e+01 5.69694481e+01
   vertex 8.24027786e+01 6.36720428e+01 5.77392044e+01
  endloop
 endfacet
 facet normal -1.15386494e-01 4.02121805e-02 9.92506385e-01
  outer loop
   vertex 9.04356384e+01 5.47286453e+01 5.72351799e+01
   vertex 8.14518967e+01 5.65356789e+01 5.78068886e+01
   vertex 8.97104568e+01 5.12739410e+01 5.73245544e+01
  endloop
 endfacet
 facet normal -3.59152019e-01 9.31233317e-02 9.28621471e-01
  outer loop
   vertex 8.97104568e+01 5.12739410e+01 5.73245544e+01
   vertex 8.14518967e+01 5.65356789e+01 5.78068886e+01
   vertex 8.07377396e+01 5.33413353e+01 5.78260803e+01
  endloop
 endfacet
 facet normal -3.69330108e-01 1.37847289e-01 9.19017613e-01
  outer loop
   vertex 7.88519135e+01 4.73304977e+01 5.78340721e+01
   vertex 8.77925110e+01 4.46843491e+01 5.74973145e+01
   vertex 7.98743057e+01 5.03410110e+01 5.78350296e+01
  endloop
 endfacet
 facet normal -1.31088063e-01 5.82355671e-02 9.89658773e-01
  outer loop
   vertex 7.98743057e+01 5.03410110e+01 5.78350296e+01
   vertex 8.77925110e+01 4.46843491e+01 5.74973145e+01
   vertex 8.88173981e+01 4.79407539e+01 5.74044609e+01
  endloop
 endfacet
 facet normal 7.39087462e-01 -6.61225617e-01 -1.28570616e-01
  outer loop
   vertex 7.04487534e+01 1.45147686e+01 6.36282921e+01
   vertex 7.05813217e+01 1.45863953e+01 6.39847755e+01
   vertex 7.05596237e+01 1.43919334e+01 6.48678818e+01
  endloop
 endfacet
 facet normal 7.14617491e-01 -6.86344266e-01 -1.35104850e-01
  outer loop
   vertex 7.05596237e+01 1.43919334e+01 6.48678818e+01
   vertex 7.05813217e+01 1.45863953e+01 6.39847755e+01
   vertex 7.06902390e+01 1.44635639e+01 6.52226257e+01
  endloop
 endfacet
 facet normal 6.68575168e-01 -7.32121348e-01 -1.30405605e-01
  outer loop
   vertex 7.05813217e+01 1.45863953e+01 6.39847755e+01
   vertex 7.07362213e+01 1.46442499e+01 6.43544006e+01
   vertex 7.06902390e+01 1.44635639e+01 6.52226257e+01
  endloop
 endfacet
 facet normal 6.75978005e-01 -7.24552989e-01 -1.34449467e-01
  outer loop
   vertex 7.06902390e+01 1.44635639e+01 6.52226257e+01
   vertex 7.07362213e+01 1.46442499e+01 6.43544006e+01
   vertex 7.08408966e+01 1.45232468e+01 6.55901642e+01
  endloop
 endfacet
 facet normal 7.22340465e-01 -6.79607868e-01 -1.27896145e-01
  outer loop
   vertex 7.07362213e+01 1.46442499e+01 6.43544006e+01
   vertex 7.08867569e+01 1.47215004e+01 6.47517929e+01
   vertex 7.08408966e+01 1.45232468e+01 6.55901642e+01
  endloop
 endfacet
 facet normal 7.83231080e-01 -6.08101606e-01 -1.29466489e-01
  outer loop
   vertex 7.08408966e+01 1.45232468e+01 6.55901642e+01
   vertex 7.08867569e+01 1.47215004e+01 6.47517929e+01
   vertex 7.09858856e+01 1.46026888e+01 6.59837952e+01
  endloop
 endfacet
 facet normal 8.87761593e-01 -4.45514560e-01 -1.15741715e-01
  outer loop
   vertex 7.08867569e+01 1.47215004e+01 6.47517929e+01
   vertex 7.09978180e+01 1.48475618e+01 6.51703110e+01
   vertex 7.09858856e+01 1.46026888e+01 6.59837952e+01
  endloop
 endfacet
 facet normal 9.42125261e-01 -3.16421330e-01 -1.10804223e-01
  outer loop
   vertex 7.09858856e+01 1.46026888e+01 6.59837952e+01
   vertex 7.09978180e+01 1.48475618e+01 6.51703110e+01
   vertex 7.10917587e+01 1.47298393e+01 6.63967209e+01
  endloop
 endfacet
 facet normal 9.92562652e-01 -8.56610239e-02 -8.64957348e-02
  outer loop
   vertex 7.09978180e+01 1.48475618e+01 6.51703110e+01
   vertex 7.10329819e+01 1.50414047e+01 6.55822144e+01
   vertex 7.10917587e+01 1.47298393e+01 6.63967209e+01
  endloop
 endfacet
 facet normal 9.96062279e-01 4.44843397e-02 -7.66885132e-02
  outer loop
   vertex 7.10917587e+01 1.47298393e+01 6.63967209e+01
   vertex 7.10329819e+01 1.50414047e+01 6.55822144e+01
   vertex 7.11239624e+01 1.49227839e+01 6.68022156e+01
  endloop
 endfacet
 facet normal 8.75081658e-01 4.83582377e-01 -1.94983371e-02
  outer loop
   vertex 7.09620743e+01 1.53064928e+01 6.59422150e+01
   vertex 7.07680969e+01 1.56278009e+01 6.61940002e+01
   vertex 7.10537491e+01 1.51849117e+01 6.71569977e+01
  endloop
 endfacet
 facet normal 8.39832604e-01 5.42711735e-01 -1.20497746e-02
  outer loop
   vertex 7.10537491e+01 1.51849117e+01 6.71569977e+01
   vertex 7.07680969e+01 1.56278009e+01 6.61940002e+01
   vertex 7.08646698e+01 1.55021982e+01 6.74073181e+01
  endloop
 endfacet
 facet normal 7.71497071e-01 6.36228263e-01 -2.42731557e-03
  outer loop
   vertex 7.07680969e+01 1.56278009e+01 6.61940002e+01
   vertex 7.04525375e+01 1.59716444e+01 6.62789764e+01
   vertex 7.08646698e+01 1.55021982e+01 6.74073181e+01
  endloop
 endfacet
 facet normal 7.43522644e-01 6.68686628e-01 -5.67781786e-03
  outer loop
   vertex 7.08646698e+01 1.55021982e+01 6.74073181e+01
   vertex 7.04525375e+01 1.59716444e+01 6.62789764e+01
   vertex 7.05576248e+01 1.58428202e+01 6.74970093e+01
  endloop
 endfacet
 facet normal 7.38907278e-01 6.73760831e-01 7.89787341e-03
  outer loop
   vertex 7.04525375e+01 1.59716444e+01 6.62789764e+01
   vertex 7.07680969e+01 1.56278009e+01 6.61940002e+01
   vertex 7.03748932e+01 1.60713081e+01 6.50930634e+01
  endloop
 endfacet
 facet normal 7.69178212e-01 6.38863862e-01 1.47591997e-02
  outer loop
   vertex 7.03748932e+01 1.60713081e+01 6.50930634e+01
   vertex 7.07680969e+01 1.56278009e+01 6.61940002e+01
   vertex 7.06828537e+01 1.57389059e+01 6.50170593e+01
  endloop
 endfacet
 facet normal 8.39186966e-01 5.43834805e-01 -3.00170761e-03
  outer loop
   vertex 7.07680969e+01 1.56278009e+01 6.61940002e+01
   vertex 7.09620743e+01 1.53064928e+01 6.59422150e+01
   vertex 7.06828537e+01 1.57389059e+01 6.50170593e+01
  endloop
 endfacet
 facet normal 8.76666129e-01 4.81080413e-01 -4.25954256e-03
  outer loop
   vertex 7.06828537e+01 1.57389059e+01 6.50170593e+01
   vertex 7.09620743e+01 1.53064928e+01 6.59422150e+01
   vertex 7.08747253e+01 1.54257383e+01 6.47785797e+01
  endloop
 endfacet
 facet normal 9.43026900e-01 3.31353664e-01 -3.00839730e-02
  outer loop
   vertex 7.09620743e+01 1.53064928e+01 6.59422150e+01
   vertex 7.10329819e+01 1.50414047e+01 6.55822144e+01
   vertex 7.08747253e+01 1.54257383e+01 6.47785797e+01
  endloop
 endfacet
 facet normal 9.70771432e-01 2.37581998e-01 -3.40236276e-02
  outer loop
   vertex 7.08747253e+01 1.54257383e+01 6.47785797e+01
   vertex 7.10329819e+01 1.50414047e+01 6.55822144e+01
   vertex 7.09481277e+01 1.51652126e+01 6.44337845e+01
  endloop
 endfacet
 facet normal 9.97620821e-01 2.49087308e-02 -6.42823130e-02
  outer loop
   vertex 7.10329819e+01 1.50414047e+01 6.55822144e+01
   vertex 7.09978180e+01 1.48475618e+01 6.51703110e+01
   vertex 7.09481277e+01 1.51652126e+01 6.44337845e+01
  endloop
 endfacet
 facet normal 9.92346644e-01 -1.01478957e-01 -7.03571886e-02
  outer loop
   vertex 7.09481277e+01 1.51652126e+01 6.44337845e+01
   vertex 7.09978180e+01 1.48475618e+01 6.51703110e+01
   vertex 7.09187241e+01 1.49727612e+01 6.40370560e+01
  endloop
 endfacet
 facet normal 9.34772611e-01 -3.41554731e-01 -9.76754501e-02
  outer loop
   vertex 7.09978180e+01 1.48475618e+01 6.51703110e+01
   vertex 7.08867569e+01 1.47215004e+01 6.47517929e+01
   vertex 7.09187241e+01 1.49727612e+01 6.40370560e+01
  endloop
 endfacet
 facet normal 8.84861827e-01 -4.54616994e-01 -1.01700425e-01
  outer loop
   vertex 7.09187241e+01 1.49727612e+01 6.40370560e+01
   vertex 7.08867569e+01 1.47215004e+01 6.47517929e+01
   vertex 7.08151245e+01 1.48458796e+01 6.36324692e+01
  endloop
 endfacet
 facet normal 7.70998299e-01 -6.25937879e-01 -1.17317557e-01
  outer loop
   vertex 7.08867569e+01 1.47215004e+01 6.47517929e+01
   vertex 7.07362213e+01 1.46442499e+01 6.43544006e+01
   vertex 7.08151245e+01 1.48458796e+01 6.36324692e+01
  endloop
 endfacet
 facet normal 7.24677384e-01 -6.79017484e-01 -1.17379583e-01
  outer loop
   vertex 7.08151245e+01 1.48458796e+01 6.36324692e+01
   vertex 7.07362213e+01 1.46442499e+01 6.43544006e+01
   vertex 7.06721649e+01 1.47669020e+01 6.32473679e+01
  endloop
 endfacet
 facet normal 6.65222287e-01 -7.36401796e-01 -1.23254530e-01
  outer loop
   vertex 7.07362213e+01 1.46442499e+01 6.43544006e+01
   vertex 7.05813217e+01 1.45863953e+01 6.39847755e+01
   vertex 7.06721649e+01 1.47669020e+01 6.32473679e+01
  endloop
 endfacet
 facet normal 6.69696093e-01 -7.32952833e-01 -1.19529270e-01
  outer loop
   vertex 7.06721649e+01 1.47669020e+01 6.32473679e+01
   vertex 7.05813217e+01 1.45863953e+01 6.39847755e+01
   vertex 7.05236511e+01 1.47078934e+01 6.28888206e+01
  endloop
 endfacet
 facet normal 6.98859036e-01 -7.05051541e-01 -1.20409347e-01
  outer loop
   vertex 7.05813217e+01 1.45863953e+01 6.39847755e+01
   vertex 7.04487534e+01 1.45147686e+01 6.36282921e+01
   vertex 7.05236511e+01 1.47078934e+01 6.28888206e+01
  endloop
 endfacet
 facet normal 7.23637164e-01 -6.81209385e-01 -1.10918924e-01
  outer loop
   vertex 7.05236511e+01 1.47078934e+01 6.28888206e+01
   vertex 7.04487534e+01 1.45147686e+01 6.36282921e+01
   vertex 7.03954086e+01 1.46370354e+01 6.25433540e+01
  endloop
 endfacet
 facet normal 7.36892164e-01 6.74204588e-01 4.93775196e-02
  outer loop
   vertex 7.03748932e+01 1.60713081e+01 6.50930634e+01
   vertex 7.06828537e+01 1.57389059e+01 6.50170593e+01
   vertex 7.03623657e+01 1.61729622e+01 6.39612694e+01
  endloop
 endfacet
 facet normal 7.69773126e-01 6.34529293e-01 6.94402456e-02
  outer loop
   vertex 7.03623657e+01 1.61729622e+01 6.39612694e+01
   vertex 7.06828537e+01 1.57389059e+01 6.50170593e+01
   vertex 7.06354446e+01 1.58815937e+01 6.39024162e+01
  endloop
 endfacet
 facet normal 8.42066109e-01 5.38322985e-01 3.36608402e-02
  outer loop
   vertex 7.06828537e+01 1.57389059e+01 6.50170593e+01
   vertex 7.08747253e+01 1.54257383e+01 6.47785797e+01
   vertex 7.06354446e+01 1.58815937e+01 6.39024162e+01
  endloop
 endfacet
 facet normal 8.81484926e-01 4.69830215e-01 4.73702922e-02
  outer loop
   vertex 7.06354446e+01 1.58815937e+01 6.39024162e+01
   vertex 7.08747253e+01 1.54257383e+01 6.47785797e+01
   vertex 7.08159637e+01 1.56017828e+01 6.37050438e+01
  endloop
 endfacet
 facet normal 9.47275221e-01 3.20373267e-01 5.53638721e-03
  outer loop
   vertex 7.08747253e+01 1.54257383e+01 6.47785797e+01
   vertex 7.09481277e+01 1.51652126e+01 6.44337845e+01
   vertex 7.08159637e+01 1.56017828e+01 6.37050438e+01
  endloop
 endfacet
 facet normal 9.73745525e-01 2.27198631e-01 1.41590368e-02
  outer loop
   vertex 7.08159637e+01 1.56017828e+01 6.37050438e+01
   vertex 7.09481277e+01 1.51652126e+01 6.44337845e+01
   vertex 7.08997192e+01 1.53620586e+01 6.34137421e+01
  endloop
 endfacet
 facet normal 9.99316871e-01 1.90640520e-02 -3.16596664e-02
  outer loop
   vertex 7.09481277e+01 1.51652126e+01 6.44337845e+01
   vertex 7.09187241e+01 1.49727612e+01 6.40370560e+01
   vertex 7.08997192e+01 1.53620586e+01 6.34137421e+01
  endloop
 endfacet
 facet normal 9.95597780e-01 -8.92641321e-02 -2.85822973e-02
  outer loop
   vertex 7.08997192e+01 1.53620586e+01 6.34137421e+01
   vertex 7.09187241e+01 1.49727612e+01 6.40370560e+01
   vertex 7.08969727e+01 1.51768570e+01 6.30724792e+01
  endloop
 endfacet
 facet normal 9.43373203e-01 -3.23915184e-01 -7.15959370e-02
  outer loop
   vertex 7.09187241e+01 1.49727612e+01 6.40370560e+01
   vertex 7.08151245e+01 1.48458796e+01 6.36324692e+01
   vertex 7.08969727e+01 1.51768570e+01 6.30724792e+01
  endloop
 endfacet
 facet normal 9.10977721e-01 -4.06290710e-01 -7.10455328e-02
  outer loop
   vertex 7.08969727e+01 1.51768570e+01 6.30724792e+01
   vertex 7.08151245e+01 1.48458796e+01 6.36324692e+01
   vertex 7.08287048e+01 1.50464773e+01 6.27179222e+01
  endloop
 endfacet
 facet normal 8.02732587e-01 -5.87764263e-01 -1.00764863e-01
  outer loop
   vertex 7.08151245e+01 1.48458796e+01 6.36324692e+01
   vertex 7.06721649e+01 1.47669020e+01 6.32473679e+01
   vertex 7.08287048e+01 1.50464773e+01 6.27179222e+01
  endloop
 endfacet
 facet normal 7.80336320e-01 -6.17470384e-01 -9.90232304e-02
  outer loop
   vertex 7.08287048e+01 1.50464773e+01 6.27179222e+01
   vertex 7.06721649e+01 1.47669020e+01 6.32473679e+01
   vertex 7.07216110e+01 1.49589310e+01 6.23742599e+01
  endloop
 endfacet
 facet normal 7.15735674e-01 -6.90494239e-01 -1.04595378e-01
  outer loop
   vertex 7.06024780e+01 1.48935213e+01 6.20501022e+01
   vertex 7.07216110e+01 1.49589310e+01 6.23742599e+01
   vertex 7.05236511e+01 1.47078934e+01 6.28888206e+01
  endloop
 endfacet
 facet normal 7.03563333e-01 -7.01851606e-01 -1.11368619e-01
  outer loop
   vertex 7.05236511e+01 1.47078934e+01 6.28888206e+01
   vertex 7.07216110e+01 1.49589310e+01 6.23742599e+01
   vertex 7.06721649e+01 1.47669020e+01 6.32473679e+01
  endloop
 endfacet
 facet normal 7.26898193e-01 -6.80615485e-01 -9.15508792e-02
  outer loop
   vertex 7.04928589e+01 1.48256340e+01 6.17378273e+01
   vertex 7.06024780e+01 1.48935213e+01 6.20501022e+01
   vertex 7.03954086e+01 1.46370354e+01 6.25433540e+01
  endloop
 endfacet
 facet normal 7.07692385e-01 -6.98904097e-01 -1.03462726e-01
  outer loop
   vertex 7.03954086e+01 1.46370354e+01 6.25433540e+01
   vertex 7.06024780e+01 1.48935213e+01 6.20501022e+01
   vertex 7.05236511e+01 1.47078934e+01 6.28888206e+01
  endloop
 endfacet
 facet normal 7.32303798e-01 6.66173160e-01 1.41224951e-01
  outer loop
   vertex 7.03623657e+01 1.61729622e+01 6.39612694e+01
   vertex 7.06354446e+01 1.58815937e+01 6.39024162e+01
   vertex 7.04175720e+01 1.63552227e+01 6.29015770e+01
  endloop
 endfacet
 facet normal 7.63606191e-01 6.20348573e-01 1.79090053e-01
  outer loop
   vertex 7.04175720e+01 1.63552227e+01 6.29015770e+01
   vertex 7.06354446e+01 1.58815937e+01 6.39024162e+01
   vertex 7.06450424e+01 1.61170406e+01 6.28625298e+01
  endloop
 endfacet
 facet normal 8.43860984e-01 5.22643030e-01 1.21420220e-01
  outer loop
   vertex 7.06354446e+01 1.58815937e+01 6.39024162e+01
   vertex 7.08159637e+01 1.56017828e+01 6.37050438e+01
   vertex 7.06450424e+01 1.61170406e+01 6.28625298e+01
  endloop
 endfacet
 facet normal 8.79698396e-01 4.50248092e-01 1.52994797e-01
  outer loop
   vertex 7.06450424e+01 1.61170406e+01 6.28625298e+01
   vertex 7.08159637e+01 1.56017828e+01 6.37050438e+01
   vertex 7.08101959e+01 1.58814449e+01 6.27187195e+01
  endloop
 endfacet
 facet normal 9.47953939e-01 3.06049198e-01 8.78479257e-02
  outer loop
   vertex 7.08159637e+01 1.56017828e+01 6.37050438e+01
   vertex 7.08997192e+01 1.53620586e+01 6.34137421e+01
   vertex 7.08101959e+01 1.58814449e+01 6.27187195e+01
  endloop
 endfacet
 facet normal 9.69038427e-01 2.19637930e-01 1.12799525e-01
  outer loop
   vertex 7.08101959e+01 1.58814449e+01 6.27187195e+01
   vertex 7.08997192e+01 1.53620586e+01 6.34137421e+01
   vertex 7.09070740e+01 1.56698151e+01 6.24990540e+01
  endloop
 endfacet
 facet normal 9.98539984e-01 3.34804207e-02 4.23901491e-02
  outer loop
   vertex 7.08997192e+01 1.53620586e+01 6.34137421e+01
   vertex 7.08969727e+01 1.51768570e+01 6.30724792e+01
   vertex 7.09070740e+01 1.56698151e+01 6.24990540e+01
  endloop
 endfacet
 facet normal 9.96704876e-01 -5.41352890e-02 6.04049265e-02
  outer loop
   vertex 7.09070740e+01 1.56698151e+01 6.24990540e+01
   vertex 7.08969727e+01 1.51768570e+01 6.30724792e+01
   vertex 7.09393387e+01 1.54947100e+01 6.22331238e+01
  endloop
 endfacet
 facet normal 9.65559721e-01 -2.59987533e-01 -1.00428388e-02
  outer loop
   vertex 7.08969727e+01 1.51768570e+01 6.30724792e+01
   vertex 7.08287048e+01 1.50464773e+01 6.27179222e+01
   vertex 7.09393387e+01 1.54947100e+01 6.22331238e+01
  endloop
 endfacet
 facet normal 9.46369886e-01 -3.23067218e-01 3.40413768e-03
  outer loop
   vertex 7.09393387e+01 1.54947100e+01 6.22331238e+01
   vertex 7.08287048e+01 1.50464773e+01 6.27179222e+01
   vertex 7.09181061e+01 1.53596687e+01 6.19469681e+01
  endloop
 endfacet
 facet normal 8.65891576e-01 -4.97137964e-01 -5.55483066e-02
  outer loop
   vertex 7.08287048e+01 1.50464773e+01 6.27179222e+01
   vertex 7.07216110e+01 1.49589310e+01 6.23742599e+01
   vertex 7.09181061e+01 1.53596687e+01 6.19469681e+01
  endloop
 endfacet
 facet normal 8.51619184e-01 -5.22342503e-01 -4.36235964e-02
  outer loop
   vertex 7.09181061e+01 1.53596687e+01 6.19469681e+01
   vertex 7.07216110e+01 1.49589310e+01 6.23742599e+01
   vertex 7.08591232e+01 1.52600231e+01 6.16597099e+01
  endloop
 endfacet
 facet normal 7.74217963e-01 -6.27861202e-01 -7.98554420e-02
  outer loop
   vertex 7.07216110e+01 1.49589310e+01 6.23742599e+01
   vertex 7.06024780e+01 1.48935213e+01 6.20501022e+01
   vertex 7.08591232e+01 1.52600231e+01 6.16597099e+01
  endloop
 endfacet
 facet normal 7.78239608e-01 -6.24285221e-01 -6.79045096e-02
  outer loop
   vertex 7.08591232e+01 1.52600231e+01 6.16597099e+01
   vertex 7.06024780e+01 1.48935213e+01 6.20501022e+01
   vertex 7.07794495e+01 1.51848745e+01 6.13811989e+01
  endloop
 endfacet
 facet normal 7.39094019e-01 -6.68742239e-01 -8.07707012e-02
  outer loop
   vertex 7.06024780e+01 1.48935213e+01 6.20501022e+01
   vertex 7.04928589e+01 1.48256340e+01 6.17378273e+01
   vertex 7.07794495e+01 1.51848745e+01 6.13811989e+01
  endloop
 endfacet
 facet normal 7.49185264e-01 -6.58487797e-01 -7.15209246e-02
  outer loop
   vertex 7.07794495e+01 1.51848745e+01 6.13811989e+01
   vertex 7.04928589e+01 1.48256340e+01 6.17378273e+01
   vertex 7.06940918e+01 1.51197519e+01 6.11111603e+01
  endloop
 endfacet
 facet normal 7.47523606e-01 5.99625111e-01 2.85758883e-01
  outer loop
   vertex 7.06450424e+01 1.61170406e+01 6.28625298e+01
   vertex 7.07734222e+01 1.64513378e+01 6.19129982e+01
   vertex 7.04175720e+01 1.63552227e+01 6.29015770e+01
  endloop
 endfacet
 facet normal 6.93381310e-01 6.27775192e-01 3.53723973e-01
  outer loop
   vertex 7.04175720e+01 1.63552227e+01 6.29015770e+01
   vertex 7.07734222e+01 1.64513378e+01 6.19129982e+01
   vertex 7.05828247e+01 1.66456528e+01 6.19359169e+01
  endloop
 endfacet
 facet normal 8.26327443e-01 4.94588375e-01 2.69379437e-01
  outer loop
   vertex 7.06450424e+01 1.61170406e+01 6.28625298e+01
   vertex 7.08101959e+01 1.58814449e+01 6.27187195e+01
   vertex 7.07734222e+01 1.64513378e+01 6.19129982e+01
  endloop
 endfacet
 facet normal 8.52045059e-01 4.14411694e-01 3.19815814e-01
  outer loop
   vertex 7.07734222e+01 1.64513378e+01 6.19129982e+01
   vertex 7.08101959e+01 1.58814449e+01 6.27187195e+01
   vertex 7.09259109e+01 1.62536545e+01 6.18149033e+01
  endloop
 endfacet
 facet normal 9.30630505e-01 2.85355449e-01 2.29126856e-01
  outer loop
   vertex 7.08101959e+01 1.58814449e+01 6.27187195e+01
   vertex 7.09070740e+01 1.56698151e+01 6.24990540e+01
   vertex 7.09259109e+01 1.62536545e+01 6.18149033e+01
  endloop
 endfacet
 facet normal 9.41751957e-01 1.98062703e-01 2.71798551e-01
  outer loop
   vertex 7.09259109e+01 1.62536545e+01 6.18149033e+01
   vertex 7.09070740e+01 1.56698151e+01 6.24990540e+01
   vertex 7.10335464e+01 1.60673943e+01 6.16574135e+01
  endloop
 endfacet
 facet normal 9.83669043e-01 4.55034822e-02 1.74139693e-01
  outer loop
   vertex 7.09070740e+01 1.56698151e+01 6.24990540e+01
   vertex 7.09393387e+01 1.54947100e+01 6.22331238e+01
   vertex 7.10335464e+01 1.60673943e+01 6.16574135e+01
  endloop
 endfacet
 facet normal 9.77387905e-01 -3.86884846e-02 2.07884893e-01
  outer loop
   vertex 7.10335464e+01 1.60673943e+01 6.16574135e+01
   vertex 7.09393387e+01 1.54947100e+01 6.22331238e+01
   vertex 7.10950317e+01 1.59029293e+01 6.14577751e+01
  endloop
 endfacet
 facet normal 9.54216659e-01 -2.67752200e-01 1.33339256e-01
  outer loop
   vertex 7.11136703e+01 1.57658587e+01 6.12325325e+01
   vertex 7.10950317e+01 1.59029293e+01 6.14577751e+01
   vertex 7.09181061e+01 1.53596687e+01 6.19469681e+01
  endloop
 endfacet
 facet normal 9.73510265e-01 -2.01637432e-01 1.07796550e-01
  outer loop
   vertex 7.09181061e+01 1.53596687e+01 6.19469681e+01
   vertex 7.10950317e+01 1.59029293e+01 6.14577751e+01
   vertex 7.09393387e+01 1.54947100e+01 6.22331238e+01
  endloop
 endfacet
 facet normal 9.09775674e-01 -4.13079768e-01 4.09060195e-02
  outer loop
   vertex 7.09181061e+01 1.53596687e+01 6.19469681e+01
   vertex 7.08591232e+01 1.52600231e+01 6.16597099e+01
   vertex 7.11136703e+01 1.57658587e+01 6.12325325e+01
  endloop
 endfacet
 facet normal 8.89525771e-01 -4.53004301e-01 5.94223440e-02
  outer loop
   vertex 7.11136703e+01 1.57658587e+01 6.12325325e+01
   vertex 7.08591232e+01 1.52600231e+01 6.16597099e+01
   vertex 7.10960846e+01 1.56572170e+01 6.09955978e+01
  endloop
 endfacet
 facet normal 8.18635464e-01 -5.74309707e-01 -2.07452616e-03
  outer loop
   vertex 7.10507050e+01 1.55741711e+01 6.07568207e+01
   vertex 7.10960846e+01 1.56572170e+01 6.09955978e+01
   vertex 7.07794495e+01 1.51848745e+01 6.13811989e+01
  endloop
 endfacet
 facet normal 8.31183612e-01 -5.55846751e-01 -1.29673919e-02
  outer loop
   vertex 7.07794495e+01 1.51848745e+01 6.13811989e+01
   vertex 7.10960846e+01 1.56572170e+01 6.09955978e+01
   vertex 7.08591232e+01 1.52600231e+01 6.16597099e+01
  endloop
 endfacet
 facet normal 7.74199784e-01 -6.31144881e-01 -4.76534888e-02
  outer loop
   vertex 7.07794495e+01 1.51848745e+01 6.13811989e+01
   vertex 7.06940918e+01 1.51197519e+01 6.11111603e+01
   vertex 7.10507050e+01 1.55741711e+01 6.07568207e+01
  endloop
 endfacet
 facet normal 7.68111706e-01 -6.38815999e-01 -4.38008681e-02
  outer loop
   vertex 7.10507050e+01 1.55741711e+01 6.07568207e+01
   vertex 7.06940918e+01 1.51197519e+01 6.11111603e+01
   vertex 7.09860840e+01 1.55111570e+01 6.05211487e+01
  endloop
 endfacet
 facet normal 6.86726570e-01 5.47819674e-01 4.77807701e-01
  outer loop
   vertex 7.07734222e+01 1.64513378e+01 6.19129982e+01
   vertex 7.10666504e+01 1.69067421e+01 6.10725441e+01
   vertex 7.05828247e+01 1.66456528e+01 6.19359169e+01
  endloop
 endfacet
 facet normal 6.17041886e-01 5.66242874e-01 5.46468973e-01
  outer loop
   vertex 7.05828247e+01 1.66456528e+01 6.19359169e+01
   vertex 7.10666504e+01 1.69067421e+01 6.10725441e+01
   vertex 7.08964310e+01 1.70753536e+01 6.10859375e+01
  endloop
 endfacet
 facet normal 7.69466281e-01 4.41239625e-01 4.61767524e-01
  outer loop
   vertex 7.07734222e+01 1.64513378e+01 6.19129982e+01
   vertex 7.09259109e+01 1.62536545e+01 6.18149033e+01
   vertex 7.10666504e+01 1.69067421e+01 6.10725441e+01
  endloop
 endfacet
 facet normal 7.81618714e-01 3.54928821e-01 5.12930512e-01
  outer loop
   vertex 7.10666504e+01 1.69067421e+01 6.10725441e+01
   vertex 7.09259109e+01 1.62536545e+01 6.18149033e+01
   vertex 7.12123260e+01 1.67324162e+01 6.10019798e+01
  endloop
 endfacet
 facet normal 8.77405703e-01 2.41619766e-01 4.14462477e-01
  outer loop
   vertex 7.09259109e+01 1.62536545e+01 6.18149033e+01
   vertex 7.10335464e+01 1.60673943e+01 6.16574135e+01
   vertex 7.12123260e+01 1.67324162e+01 6.10019798e+01
  endloop
 endfacet
 facet normal 8.76786113e-01 1.54906496e-01 4.55247313e-01
  outer loop
   vertex 7.12123260e+01 1.67324162e+01 6.10019798e+01
   vertex 7.10335464e+01 1.60673943e+01 6.16574135e+01
   vertex 7.13266678e+01 1.65629501e+01 6.08823318e+01
  endloop
 endfacet
 facet normal 9.37432051e-01 2.75006704e-02 3.47080499e-01
  outer loop
   vertex 7.10335464e+01 1.60673943e+01 6.16574135e+01
   vertex 7.10950317e+01 1.59029293e+01 6.14577751e+01
   vertex 7.13266678e+01 1.65629501e+01 6.08823318e+01
  endloop
 endfacet
 facet normal 9.25111055e-01 -5.25437966e-02 3.76043409e-01
  outer loop
   vertex 7.13266678e+01 1.65629501e+01 6.08823318e+01
   vertex 7.10950317e+01 1.59029293e+01 6.14577751e+01
   vertex 7.14058609e+01 1.64069843e+01 6.07234879e+01
  endloop
 endfacet
 facet normal 9.26736116e-01 -2.50714689e-01 2.79825538e-01
  outer loop
   vertex 7.14488373e+01 1.62709064e+01 6.05360222e+01
   vertex 7.14058609e+01 1.64069843e+01 6.07234879e+01
   vertex 7.11136703e+01 1.57658587e+01 6.12325325e+01
  endloop
 endfacet
 facet normal 9.46993291e-01 -1.84961990e-01 2.62664646e-01
  outer loop
   vertex 7.11136703e+01 1.57658587e+01 6.12325325e+01
   vertex 7.14058609e+01 1.64069843e+01 6.07234879e+01
   vertex 7.10950317e+01 1.59029293e+01 6.14577751e+01
  endloop
 endfacet
 facet normal 8.88459802e-01 -4.32769537e-01 1.52806208e-01
  outer loop
   vertex 7.14569092e+01 1.61587276e+01 6.03302460e+01
   vertex 7.14488373e+01 1.62709064e+01 6.05360222e+01
   vertex 7.10960846e+01 1.56572170e+01 6.09955978e+01
  endloop
 endfacet
 facet normal 9.12359118e-01 -3.72940600e-01 1.68867156e-01
  outer loop
   vertex 7.10960846e+01 1.56572170e+01 6.09955978e+01
   vertex 7.14488373e+01 1.62709064e+01 6.05360222e+01
   vertex 7.11136703e+01 1.57658587e+01 6.12325325e+01
  endloop
 endfacet
 facet normal 8.36811185e-01 -5.46256304e-01 3.67567614e-02
  outer loop
   vertex 7.14331131e+01 1.60721912e+01 6.01153297e+01
   vertex 7.14569092e+01 1.61587276e+01 6.03302460e+01
   vertex 7.10507050e+01 1.55741711e+01 6.07568207e+01
  endloop
 endfacet
 facet normal 8.47493589e-01 -5.28066337e-01 5.38569018e-02
  outer loop
   vertex 7.10507050e+01 1.55741711e+01 6.07568207e+01
   vertex 7.14569092e+01 1.61587276e+01 6.03302460e+01
   vertex 7.10960846e+01 1.56572170e+01 6.09955978e+01
  endloop
 endfacet
 facet normal 8.00477862e-01 -5.99167466e-01 -1.52812693e-02
  outer loop
   vertex 7.10507050e+01 1.55741711e+01 6.07568207e+01
   vertex 7.09860840e+01 1.55111570e+01 6.05211487e+01
   vertex 7.14331131e+01 1.60721912e+01 6.01153297e+01
  endloop
 endfacet
 facet normal 8.37521672e-01 -5.44298887e-01 4.79183830e-02
  outer loop
   vertex 7.14331131e+01 1.60721912e+01 6.01153297e+01
   vertex 7.09860840e+01 1.55111570e+01 6.05211487e+01
   vertex 7.13816071e+01 1.60111008e+01 5.98986855e+01
  endloop
 endfacet
 facet normal 5.89165449e-01 4.69101578e-01 6.57896459e-01
  outer loop
   vertex 7.10666504e+01 1.69067421e+01 6.10725441e+01
   vertex 7.15073547e+01 1.74835072e+01 6.03414078e+01
   vertex 7.08964310e+01 1.70753536e+01 6.10859375e+01
  endloop
 endfacet
 facet normal 5.14060080e-01 4.81095523e-01 7.10133314e-01
  outer loop
   vertex 7.08964310e+01 1.70753536e+01 6.10859375e+01
   vertex 7.15073547e+01 1.74835072e+01 6.03414078e+01
   vertex 7.13457642e+01 1.76391392e+01 6.03504066e+01
  endloop
 endfacet
 facet normal 6.73270941e-01 3.66025329e-01 6.42441988e-01
  outer loop
   vertex 7.10666504e+01 1.69067421e+01 6.10725441e+01
   vertex 7.12123260e+01 1.67324162e+01 6.10019798e+01
   vertex 7.15073547e+01 1.74835072e+01 6.03414078e+01
  endloop
 endfacet
 facet normal 6.81005418e-01 2.79672623e-01 6.76767945e-01
  outer loop
   vertex 7.15073547e+01 1.74835072e+01 6.03414078e+01
   vertex 7.12123260e+01 1.67324162e+01 6.10019798e+01
   vertex 7.16507034e+01 1.73216381e+01 6.02839203e+01
  endloop
 endfacet
 facet normal 7.86223114e-01 9.77045447e-02 6.10169649e-01
  outer loop
   vertex 7.17691727e+01 1.71619072e+01 6.01824341e+01
   vertex 7.16507034e+01 1.73216381e+01 6.02839203e+01
   vertex 7.13266678e+01 1.65629501e+01 6.08823318e+01
  endloop
 endfacet
 facet normal 7.88386524e-01 1.81710497e-01 5.87731242e-01
  outer loop
   vertex 7.13266678e+01 1.65629501e+01 6.08823318e+01
   vertex 7.16507034e+01 1.73216381e+01 6.02839203e+01
   vertex 7.12123260e+01 1.67324162e+01 6.10019798e+01
  endloop
 endfacet
 facet normal 8.52108002e-01 -8.63924548e-02 5.16186297e-01
  outer loop
   vertex 7.18578568e+01 1.70119362e+01 6.00432701e+01
   vertex 7.17691727e+01 1.71619072e+01 6.01824341e+01
   vertex 7.14058609e+01 1.64069843e+01 6.07234879e+01
  endloop
 endfacet
 facet normal 8.62185657e-01 -9.17715952e-03 5.06509304e-01
  outer loop
   vertex 7.14058609e+01 1.64069843e+01 6.07234879e+01
   vertex 7.17691727e+01 1.71619072e+01 6.01824341e+01
   vertex 7.13266678e+01 1.65629501e+01 6.08823318e+01
  endloop
 endfacet
 facet normal 8.78492475e-01 -2.61910647e-01 3.99567038e-01
  outer loop
   vertex 7.19136810e+01 1.68782959e+01 5.98740730e+01
   vertex 7.18578568e+01 1.70119362e+01 6.00432701e+01
   vertex 7.14488373e+01 1.62709064e+01 6.05360222e+01
  endloop
 endfacet
 facet normal 8.94251823e-01 -1.95463657e-01 4.02625918e-01
  outer loop
   vertex 7.14488373e+01 1.62709064e+01 6.05360222e+01
   vertex 7.18578568e+01 1.70119362e+01 6.00432701e+01
   vertex 7.14058609e+01 1.64069843e+01 6.07234879e+01
  endloop
 endfacet
 facet normal 8.88355076e-01 -3.77596140e-01 2.61240214e-01
  outer loop
   vertex 7.14488373e+01 1.62709064e+01 6.05360222e+01
   vertex 7.14569092e+01 1.61587276e+01 6.03302460e+01
   vertex 7.19136810e+01 1.68782959e+01 5.98740730e+01
  endloop
 endfacet
 facet normal 8.59981179e-01 -4.78122443e-01 1.78413123e-01
  outer loop
   vertex 7.19136810e+01 1.68782959e+01 5.98740730e+01
   vertex 7.14569092e+01 1.61587276e+01 6.03302460e+01
   vertex 7.19353638e+01 1.67662182e+01 5.96832504e+01
  endloop
 endfacet
 facet normal 8.99053514e-01 -4.12592530e-01 1.46526992e-01
  outer loop
   vertex 7.14331131e+01 1.60721912e+01 6.01153297e+01
   vertex 7.14275665e+01 1.63341637e+01 5.96372337e+01
   vertex 7.14569092e+01 1.61587276e+01 6.03302460e+01
  endloop
 endfacet
 facet normal 8.89048338e-01 -4.31034982e-01 1.54278591e-01
  outer loop
   vertex 7.14569092e+01 1.61587276e+01 6.03302460e+01
   vertex 7.14275665e+01 1.63341637e+01 5.96372337e+01
   vertex 7.19353638e+01 1.67662182e+01 5.96832504e+01
  endloop
 endfacet
 facet normal 9.06350613e-01 -3.85458499e-01 1.73061684e-01
  outer loop
   vertex 7.14331131e+01 1.60721912e+01 6.01153297e+01
   vertex 7.13816071e+01 1.60111008e+01 5.98986855e+01
   vertex 7.14275665e+01 1.63341637e+01 5.96372337e+01
  endloop
 endfacet
 facet normal 8.96875799e-01 -2.98607647e-01 3.26262563e-01
  outer loop
   vertex 7.13816071e+01 1.60111008e+01 5.98986855e+01
   vertex 7.18791428e+01 1.66206150e+01 5.92710266e+01
   vertex 7.14275665e+01 1.63341637e+01 5.96372337e+01
  endloop
 endfacet
 facet normal 4.80589092e-01 3.77497703e-01 7.91536212e-01
  outer loop
   vertex 7.15073547e+01 1.74835072e+01 6.03414078e+01
   vertex 7.20781555e+01 1.81826344e+01 5.97207909e+01
   vertex 7.13457642e+01 1.76391392e+01 6.03504066e+01
  endloop
 endfacet
 facet normal 4.07128423e-01 3.86145055e-01 8.27730894e-01
  outer loop
   vertex 7.13457642e+01 1.76391392e+01 6.03504066e+01
   vertex 7.20781555e+01 1.81826344e+01 5.97207909e+01
   vertex 7.19191513e+01 1.83309059e+01 5.97282104e+01
  endloop
 endfacet
 facet normal 5.65099895e-01 2.80404389e-01 7.75909483e-01
  outer loop
   vertex 7.15073547e+01 1.74835072e+01 6.03414078e+01
   vertex 7.16507034e+01 1.73216381e+01 6.02839203e+01
   vertex 7.20781555e+01 1.81826344e+01 5.97207909e+01
  endloop
 endfacet
 facet normal 5.76131940e-01 1.95862800e-01 7.93542564e-01
  outer loop
   vertex 7.20781555e+01 1.81826344e+01 5.97207909e+01
   vertex 7.16507034e+01 1.73216381e+01 6.02839203e+01
   vertex 7.22218246e+01 1.80281677e+01 5.96687202e+01
  endloop
 endfacet
 facet normal 6.89175010e-01 1.10881709e-01 7.16060817e-01
  outer loop
   vertex 7.16507034e+01 1.73216381e+01 6.02839203e+01
   vertex 7.17691727e+01 1.71619072e+01 6.01824341e+01
   vertex 7.22218246e+01 1.80281677e+01 5.96687202e+01
  endloop
 endfacet
 facet normal 6.92643583e-01 2.85786260e-02 7.20713615e-01
  outer loop
   vertex 7.22218246e+01 1.80281677e+01 5.96687202e+01
   vertex 7.17691727e+01 1.71619072e+01 6.01824341e+01
   vertex 7.23435974e+01 1.78747711e+01 5.95749092e+01
  endloop
 endfacet
 facet normal 7.75957227e-01 -1.38270304e-01 6.15444303e-01
  outer loop
   vertex 7.24380646e+01 1.77295609e+01 5.94441109e+01
   vertex 7.23435974e+01 1.78747711e+01 5.95749092e+01
   vertex 7.18578568e+01 1.70119362e+01 6.00432701e+01
  endloop
 endfacet
 facet normal 7.78998792e-01 -6.18598349e-02 6.23966515e-01
  outer loop
   vertex 7.18578568e+01 1.70119362e+01 6.00432701e+01
   vertex 7.23435974e+01 1.78747711e+01 5.95749092e+01
   vertex 7.17691727e+01 1.71619072e+01 6.01824341e+01
  endloop
 endfacet
 facet normal 8.23971093e-01 -2.96423882e-01 4.82912600e-01
  outer loop
   vertex 7.25011978e+01 1.75990582e+01 5.92826614e+01
   vertex 7.24380646e+01 1.77295609e+01 5.94441109e+01
   vertex 7.19136810e+01 1.68782959e+01 5.98740730e+01
  endloop
 endfacet
 facet normal 8.32639456e-01 -2.29148820e-01 5.04184842e-01
  outer loop
   vertex 7.19136810e+01 1.68782959e+01 5.98740730e+01
   vertex 7.24380646e+01 1.77295609e+01 5.94441109e+01
   vertex 7.18578568e+01 1.70119362e+01 6.00432701e+01
  endloop
 endfacet
 facet normal 8.22978139e-01 -5.24224639e-01 2.18850493e-01
  outer loop
   vertex 7.25304794e+01 1.74889526e+01 5.90981102e+01
   vertex 7.25011978e+01 1.75990582e+01 5.92826614e+01
   vertex 7.19353638e+01 1.67662182e+01 5.96832504e+01
  endloop
 endfacet
 facet normal 8.49932730e-01 -4.33352649e-01 2.99699575e-01
  outer loop
   vertex 7.19353638e+01 1.67662182e+01 5.96832504e+01
   vertex 7.25011978e+01 1.75990582e+01 5.92826614e+01
   vertex 7.19136810e+01 1.68782959e+01 5.98740730e+01
  endloop
 endfacet
 facet normal 8.81824851e-01 -3.90260339e-01 2.64729619e-01
  outer loop
   vertex 7.14275665e+01 1.63341637e+01 5.96372337e+01
   vertex 7.20293121e+01 1.70585041e+01 5.90566216e+01
   vertex 7.19353638e+01 1.67662182e+01 5.96832504e+01
  endloop
 endfacet
 facet normal 8.23941588e-01 -5.27470708e-01 2.07110882e-01
  outer loop
   vertex 7.19353638e+01 1.67662182e+01 5.96832504e+01
   vertex 7.20293121e+01 1.70585041e+01 5.90566216e+01
   vertex 7.25304794e+01 1.74889526e+01 5.90981102e+01
  endloop
 endfacet
 facet normal 8.70330632e-01 -2.80513734e-01 4.04767334e-01
  outer loop
   vertex 7.14275665e+01 1.63341637e+01 5.96372337e+01
   vertex 7.18791428e+01 1.66206150e+01 5.92710266e+01
   vertex 7.20293121e+01 1.70585041e+01 5.90566216e+01
  endloop
 endfacet
 facet normal 8.29380333e-01 -4.28097099e-01 3.58972371e-01
  outer loop
   vertex 7.20293121e+01 1.70585041e+01 5.90566216e+01
   vertex 7.18791428e+01 1.66206150e+01 5.92710266e+01
   vertex 7.24853439e+01 1.73472881e+01 5.86936378e+01
  endloop
 endfacet
 facet normal 3.78572136e-01 2.83550501e-01 8.81068826e-01
  outer loop
   vertex 7.20781555e+01 1.81826344e+01 5.97207909e+01
   vertex 7.27651367e+01 1.90012245e+01 5.92107849e+01
   vertex 7.19191513e+01 1.83309059e+01 5.97282104e+01
  endloop
 endfacet
 facet normal 3.09474468e-01 2.92086005e-01 9.04937208e-01
  outer loop
   vertex 7.19191513e+01 1.83309059e+01 5.97282104e+01
   vertex 7.27651367e+01 1.90012245e+01 5.92107849e+01
   vertex 7.26051941e+01 1.91443081e+01 5.92182312e+01
  endloop
 endfacet
 facet normal 4.81958449e-01 1.10441498e-01 8.69205773e-01
  outer loop
   vertex 7.29109802e+01 1.88520794e+01 5.91599998e+01
   vertex 7.27651367e+01 1.90012245e+01 5.92107849e+01
   vertex 7.22218246e+01 1.80281677e+01 5.96687202e+01
  endloop
 endfacet
 facet normal 4.64241713e-01 1.91218421e-01 8.64820898e-01
  outer loop
   vertex 7.22218246e+01 1.80281677e+01 5.96687202e+01
   vertex 7.27651367e+01 1.90012245e+01 5.92107849e+01
   vertex 7.20781555e+01 1.81826344e+01 5.97207909e+01
  endloop
 endfacet
 facet normal 6.08425260e-01 -4.59252335e-02 7.92281270e-01
  outer loop
   vertex 7.30360718e+01 1.87036686e+01 5.90682564e+01
   vertex 7.29109802e+01 1.88520794e+01 5.91599998e+01
   vertex 7.23435974e+01 1.78747711e+01 5.95749092e+01
  endloop
 endfacet
 facet normal 5.96753895e-01 3.26423496e-02 8.01760077e-01
  outer loop
   vertex 7.23435974e+01 1.78747711e+01 5.95749092e+01
   vertex 7.29109802e+01 1.88520794e+01 5.91599998e+01
   vertex 7.22218246e+01 1.80281677e+01 5.96687202e+01
  endloop
 endfacet
 facet normal 7.00738668e-01 -1.26386464e-01 7.02133715e-01
  outer loop
   vertex 7.23435974e+01 1.78747711e+01 5.95749092e+01
   vertex 7.24380646e+01 1.77295609e+01 5.94441109e+01
   vertex 7.30360718e+01 1.87036686e+01 5.90682564e+01
  endloop
 endfacet
 facet normal 7.06356764e-01 -1.99246913e-01 6.79235458e-01
  outer loop
   vertex 7.30360718e+01 1.87036686e+01 5.90682564e+01
   vertex 7.24380646e+01 1.77295609e+01 5.94441109e+01
   vertex 7.31347198e+01 1.85628052e+01 5.89397850e+01
  endloop
 endfacet
 facet normal 7.71987081e-01 -3.42313409e-01 5.35590768e-01
  outer loop
   vertex 7.32024841e+01 1.84358654e+01 5.87804832e+01
   vertex 7.31347198e+01 1.85628052e+01 5.89397850e+01
   vertex 7.25011978e+01 1.75990582e+01 5.92826614e+01
  endloop
 endfacet
 facet normal 7.72422731e-01 -2.78294593e-01 5.70889890e-01
  outer loop
   vertex 7.25011978e+01 1.75990582e+01 5.92826614e+01
   vertex 7.31347198e+01 1.85628052e+01 5.89397850e+01
   vertex 7.24380646e+01 1.77295609e+01 5.94441109e+01
  endloop
 endfacet
 facet normal 7.95541942e-01 -5.23834288e-01 3.04484278e-01
  outer loop
   vertex 7.32362900e+01 1.83286247e+01 5.85976295e+01
   vertex 7.32024841e+01 1.84358654e+01 5.87804832e+01
   vertex 7.25304794e+01 1.74889526e+01 5.90981102e+01
  endloop
 endfacet
 facet normal 8.08072746e-01 -4.56045598e-01 3.72881830e-01
  outer loop
   vertex 7.25304794e+01 1.74889526e+01 5.90981102e+01
   vertex 7.32024841e+01 1.84358654e+01 5.87804832e+01
   vertex 7.25011978e+01 1.75990582e+01 5.92826614e+01
  endloop
 endfacet
 facet normal 8.09947073e-01 -5.32536924e-01 2.45744050e-01
  outer loop
   vertex 7.20293121e+01 1.70585041e+01 5.90566216e+01
   vertex 7.32346268e+01 1.82459393e+01 5.83995667e+01
   vertex 7.25304794e+01 1.74889526e+01 5.90981102e+01
  endloop
 endfacet
 facet normal 7.86069334e-01 -5.89159906e-01 1.87044397e-01
  outer loop
   vertex 7.25304794e+01 1.74889526e+01 5.90981102e+01
   vertex 7.32346268e+01 1.82459393e+01 5.83995667e+01
   vertex 7.32362900e+01 1.83286247e+01 5.85976295e+01
  endloop
 endfacet
 facet normal 8.06843698e-01 -5.35319090e-01 2.49873400e-01
  outer loop
   vertex 7.20293121e+01 1.70585041e+01 5.90566216e+01
   vertex 7.24853439e+01 1.73472881e+01 5.86936378e+01
   vertex 7.32346268e+01 1.82459393e+01 5.83995667e+01
  endloop
 endfacet
 facet normal 7.77103901e-01 -6.17020547e-01 1.24077357e-01
  outer loop
   vertex 7.32346268e+01 1.82459393e+01 5.83995667e+01
   vertex 7.24853439e+01 1.73472881e+01 5.86936378e+01
   vertex 7.31976547e+01 1.81915131e+01 5.81952896e+01
  endloop
 endfacet
 facet normal 2.92180687e-01 1.96075484e-01 9.36047435e-01
  outer loop
   vertex 7.27651367e+01 1.90012245e+01 5.92107849e+01
   vertex 7.35559998e+01 1.99345818e+01 5.88109322e+01
   vertex 7.26051941e+01 1.91443081e+01 5.92182312e+01
  endloop
 endfacet
 facet normal 2.28642121e-01 2.06904560e-01 9.51269269e-01
  outer loop
   vertex 7.26051941e+01 1.91443081e+01 5.92182312e+01
   vertex 7.35559998e+01 1.99345818e+01 5.88109322e+01
   vertex 7.33927307e+01 2.00728226e+01 5.88193893e+01
  endloop
 endfacet
 facet normal 4.29958075e-01 5.85318543e-02 9.00949538e-01
  outer loop
   vertex 7.29109802e+01 1.88520794e+01 5.91599998e+01
   vertex 7.37054367e+01 1.97903099e+01 5.87591553e+01
   vertex 7.27651367e+01 1.90012245e+01 5.92107849e+01
  endloop
 endfacet
 facet normal 3.57322097e-01 8.30287188e-02 9.30283368e-01
  outer loop
   vertex 7.27651367e+01 1.90012245e+01 5.92107849e+01
   vertex 7.37054367e+01 1.97903099e+01 5.87591553e+01
   vertex 7.35559998e+01 1.99345818e+01 5.88109322e+01
  endloop
 endfacet
 facet normal 5.40435851e-01 -1.15345120e-01 8.33441436e-01
  outer loop
   vertex 7.38342133e+01 1.96466122e+01 5.86664505e+01
   vertex 7.37054367e+01 1.97903099e+01 5.87591553e+01
   vertex 7.30360718e+01 1.87036686e+01 5.90682564e+01
  endloop
 endfacet
 facet normal 5.19398391e-01 -4.31040637e-02 8.53444397e-01
  outer loop
   vertex 7.30360718e+01 1.87036686e+01 5.90682564e+01
   vertex 7.37054367e+01 1.97903099e+01 5.87591553e+01
   vertex 7.29109802e+01 1.88520794e+01 5.91599998e+01
  endloop
 endfacet
 facet normal 6.49716318e-01 -2.57218391e-01 7.15337276e-01
  outer loop
   vertex 7.39364395e+01 1.95100689e+01 5.85370865e+01
   vertex 7.38342133e+01 1.96466122e+01 5.86664505e+01
   vertex 7.31347198e+01 1.85628052e+01 5.89397850e+01
  endloop
 endfacet
 facet normal 6.34657681e-01 -1.90961674e-01 7.48827934e-01
  outer loop
   vertex 7.31347198e+01 1.85628052e+01 5.89397850e+01
   vertex 7.38342133e+01 1.96466122e+01 5.86664505e+01
   vertex 7.30360718e+01 1.87036686e+01 5.90682564e+01
  endloop
 endfacet
 facet normal 7.29068041e-01 -3.86755228e-01 5.64694822e-01
  outer loop
   vertex 7.40074081e+01 1.93869495e+01 5.83770027e+01
   vertex 7.39364395e+01 1.95100689e+01 5.85370865e+01
   vertex 7.32024841e+01 1.84358654e+01 5.87804832e+01
  endloop
 endfacet
 facet normal 7.20609844e-01 -3.29398990e-01 6.10096514e-01
  outer loop
   vertex 7.32024841e+01 1.84358654e+01 5.87804832e+01
   vertex 7.39364395e+01 1.95100689e+01 5.85370865e+01
   vertex 7.31347198e+01 1.85628052e+01 5.89397850e+01
  endloop
 endfacet
 facet normal 3.51341903e-01 -3.21251452e-02 9.35695946e-01
  outer loop
   vertex 7.45849609e+01 2.08367119e+01 5.84535446e+01
   vertex 7.44313354e+01 2.09762783e+01 5.85074043e+01
   vertex 7.37054367e+01 1.97903099e+01 5.87591553e+01
  endloop
 endfacet
 facet normal 3.16388875e-01 3.58954035e-02 9.47950184e-01
  outer loop
   vertex 7.37054367e+01 1.97903099e+01 5.87591553e+01
   vertex 7.44313354e+01 2.09762783e+01 5.85074043e+01
   vertex 7.35559998e+01 1.99345818e+01 5.88109322e+01
  endloop
 endfacet
 facet normal 5.07308543e-01 -1.53221175e-01 8.48033786e-01
  outer loop
   vertex 7.38342133e+01 1.96466122e+01 5.86664505e+01
   vertex 7.47174454e+01 2.06975250e+01 5.83584785e+01
   vertex 7.37054367e+01 1.97903099e+01 5.87591553e+01
  endloop
 endfacet
 facet normal 4.48594391e-01 -1.24563351e-01 8.85012448e-01
  outer loop
   vertex 7.37054367e+01 1.97903099e+01 5.87591553e+01
   vertex 7.47174454e+01 2.06975250e+01 5.83584785e+01
   vertex 7.45849609e+01 2.08367119e+01 5.84535446e+01
  endloop
 endfacet
 facet normal 6.22930646e-01 -2.87796050e-01 7.27413833e-01
  outer loop
   vertex 7.39364395e+01 1.95100689e+01 5.85370865e+01
   vertex 7.48227234e+01 2.05652046e+01 5.82267456e+01
   vertex 7.38342133e+01 1.96466122e+01 5.86664505e+01
  endloop
 endfacet
 facet normal 5.75014174e-01 -2.59494007e-01 7.75900483e-01
  outer loop
   vertex 7.38342133e+01 1.96466122e+01 5.86664505e+01
   vertex 7.48227234e+01 2.05652046e+01 5.82267456e+01
   vertex 7.47174454e+01 2.06975250e+01 5.83584785e+01
  endloop
 endfacet
 facet normal 7.09760904e-01 -4.08876896e-01 5.73636770e-01
  outer loop
   vertex 7.40074081e+01 1.93869495e+01 5.83770027e+01
   vertex 7.48960342e+01 2.04457970e+01 5.80645561e+01
   vertex 7.39364395e+01 1.95100689e+01 5.85370865e+01
  endloop
 endfacet
 facet normal 6.74754441e-01 -3.82202387e-01 6.31369770e-01
  outer loop
   vertex 7.39364395e+01 1.95100689e+01 5.85370865e+01
   vertex 7.48960342e+01 2.04457970e+01 5.80645561e+01
   vertex 7.48227234e+01 2.05652046e+01 5.82267456e+01
  endloop
 endfacet
 facet normal 7.63964713e-01 -5.11091471e-01 3.93882543e-01
  outer loop
   vertex 7.40439148e+01 1.92828751e+01 5.81935349e+01
   vertex 7.49341125e+01 2.03447495e+01 5.78794441e+01
   vertex 7.40074081e+01 1.93869495e+01 5.83770027e+01
  endloop
 endfacet
 facet normal 7.43380129e-01 -4.87276226e-01 4.58200693e-01
  outer loop
   vertex 7.40074081e+01 1.93869495e+01 5.83770027e+01
   vertex 7.49341125e+01 2.03447495e+01 5.78794441e+01
   vertex 7.48960342e+01 2.04457970e+01 5.80645561e+01
  endloop
 endfacet
 facet normal 7.83196151e-01 -5.89917123e-01 1.96472988e-01
  outer loop
   vertex 7.40442963e+01 1.92026100e+01 5.79950943e+01
   vertex 7.49353409e+01 2.02666187e+01 5.76799545e+01
   vertex 7.40439148e+01 1.92828751e+01 5.81935349e+01
  endloop
 endfacet
 facet normal 7.77869225e-01 -5.70094407e-01 2.64408439e-01
  outer loop
   vertex 7.40439148e+01 1.92828751e+01 5.81935349e+01
   vertex 7.49353409e+01 2.02666187e+01 5.76799545e+01
   vertex 7.49341125e+01 2.03447495e+01 5.78794441e+01
  endloop
 endfacet
 facet normal 7.72301495e-01 -6.34734869e-01 2.57305726e-02
  outer loop
   vertex 7.40085220e+01 1.91498051e+01 5.77907639e+01
   vertex 7.48998032e+01 2.02148705e+01 5.74751854e+01
   vertex 7.40442963e+01 1.92026100e+01 5.79950943e+01
  endloop
 endfacet
 facet normal 7.78258085e-01 -6.23266101e-01 7.65092224e-02
  outer loop
   vertex 7.40442963e+01 1.92026100e+01 5.79950943e+01
   vertex 7.48998032e+01 2.02148705e+01 5.74751854e+01
   vertex 7.49353409e+01 2.02666187e+01 5.76799545e+01
  endloop
 endfacet
 facet normal 1.67548135e-01 4.33641635e-02 9.84909713e-01
  outer loop
   vertex 7.53720932e+01 2.21194344e+01 5.82862091e+01
   vertex 7.51999283e+01 2.22482891e+01 5.82979431e+01
   vertex 7.44313354e+01 2.09762783e+01 5.85074043e+01
  endloop
 endfacet
 facet normal 1.37101755e-01 9.47565213e-02 9.86014366e-01
  outer loop
   vertex 7.44313354e+01 2.09762783e+01 5.85074043e+01
   vertex 7.51999283e+01 2.22482891e+01 5.82979431e+01
   vertex 7.42636719e+01 2.11097298e+01 5.85173874e+01
  endloop
 endfacet
 facet normal 3.15559506e-01 -8.25707242e-02 9.45306420e-01
  outer loop
   vertex 7.55297699e+01 2.19842606e+01 5.82298584e+01
   vertex 7.53720932e+01 2.21194344e+01 5.82862091e+01
   vertex 7.45849609e+01 2.08367119e+01 5.84535446e+01
  endloop
 endfacet
 facet normal 2.73435444e-01 -2.07118802e-02 9.61667359e-01
  outer loop
   vertex 7.45849609e+01 2.08367119e+01 5.84535446e+01
   vertex 7.53720932e+01 2.21194344e+01 5.82862091e+01
   vertex 7.44313354e+01 2.09762783e+01 5.85074043e+01
  endloop
 endfacet
 facet normal 4.70912099e-01 -2.01605439e-01 8.58834684e-01
  outer loop
   vertex 7.47174454e+01 2.06975250e+01 5.83584785e+01
   vertex 7.56655579e+01 2.18492508e+01 5.81319199e+01
   vertex 7.45849609e+01 2.08367119e+01 5.84535446e+01
  endloop
 endfacet
 facet normal 4.15839076e-01 -1.71066776e-01 8.93204331e-01
  outer loop
   vertex 7.45849609e+01 2.08367119e+01 5.84535446e+01
   vertex 7.56655579e+01 2.18492508e+01 5.81319199e+01
   vertex 7.55297699e+01 2.19842606e+01 5.82298584e+01
  endloop
 endfacet
 facet normal 5.93219161e-01 -3.27242404e-01 7.35529363e-01
  outer loop
   vertex 7.48227234e+01 2.05652046e+01 5.82267456e+01
   vertex 7.57732697e+01 2.17207489e+01 5.79973259e+01
   vertex 7.47174454e+01 2.06975250e+01 5.83584785e+01
  endloop
 endfacet
 facet normal 5.47919273e-01 -2.98047841e-01 7.81634152e-01
  outer loop
   vertex 7.47174454e+01 2.06975250e+01 5.83584785e+01
   vertex 7.57732697e+01 2.17207489e+01 5.79973259e+01
   vertex 7.56655579e+01 2.18492508e+01 5.81319199e+01
  endloop
 endfacet
 facet normal 6.88041568e-01 -4.37707871e-01 5.78801036e-01
  outer loop
   vertex 7.48960342e+01 2.04457970e+01 5.80645561e+01
   vertex 7.58481140e+01 2.16046638e+01 5.78326111e+01
   vertex 7.48227234e+01 2.05652046e+01 5.82267456e+01
  endloop
 endfacet
 facet normal 6.54486239e-01 -4.11082238e-01 6.34554267e-01
  outer loop
   vertex 7.48227234e+01 2.05652046e+01 5.82267456e+01
   vertex 7.58481140e+01 2.16046638e+01 5.78326111e+01
   vertex 7.57732697e+01 2.17207489e+01 5.79973259e+01
  endloop
 endfacet
 facet normal 7.51170337e-01 -5.28218269e-01 3.95889670e-01
  outer loop
   vertex 7.49341125e+01 2.03447495e+01 5.78794441e+01
   vertex 7.58869019e+01 2.15062542e+01 5.76455803e+01
   vertex 7.48960342e+01 2.04457970e+01 5.80645561e+01
  endloop
 endfacet
 facet normal 7.30859220e-01 -5.05334616e-01 4.58782941e-01
  outer loop
   vertex 7.48960342e+01 2.04457970e+01 5.80645561e+01
   vertex 7.58869019e+01 2.15062542e+01 5.76455803e+01
   vertex 7.58481140e+01 2.16046638e+01 5.78326111e+01
  endloop
 endfacet
 facet normal 7.79792368e-01 -5.94811738e-01 1.95250720e-01
  outer loop
   vertex 7.49353409e+01 2.02666187e+01 5.76799545e+01
   vertex 7.58881683e+01 2.14298153e+01 5.74448814e+01
   vertex 7.49341125e+01 2.03447495e+01 5.78794441e+01
  endloop
 endfacet
 facet normal 7.73646712e-01 -5.76725483e-01 2.62408972e-01
  outer loop
   vertex 7.49341125e+01 2.03447495e+01 5.78794441e+01
   vertex 7.58881683e+01 2.14298153e+01 5.74448814e+01
   vertex 7.58869019e+01 2.15062542e+01 5.76455803e+01
  endloop
 endfacet
 facet normal 7.76855290e-01 -6.29308701e-01 2.15959586e-02
  outer loop
   vertex 7.48998032e+01 2.02148705e+01 5.74751854e+01
   vertex 7.58521729e+01 2.13786030e+01 5.72396278e+01
   vertex 7.49353409e+01 2.02666187e+01 5.76799545e+01
  endloop
 endfacet
 facet normal 7.81883180e-01 -6.19240820e-01 7.21074119e-02
  outer loop
   vertex 7.49353409e+01 2.02666187e+01 5.76799545e+01
   vertex 7.58521729e+01 2.13786030e+01 5.72396278e+01
   vertex 7.58881683e+01 2.14298153e+01 5.74448814e+01
  endloop
 endfacet
 facet normal 1.05973370e-01 4.67861593e-02 9.93267715e-01
  outer loop
   vertex 7.51999283e+01 2.22482891e+01 5.82979431e+01
   vertex 7.53720932e+01 2.21194344e+01 5.82862091e+01
   vertex 7.61831207e+01 2.34819183e+01 5.81467667e+01
  endloop
 endfacet
 facet normal 1.42387480e-01 1.04434136e-03 9.89810467e-01
  outer loop
   vertex 7.61831207e+01 2.34819183e+01 5.81467667e+01
   vertex 7.53720932e+01 2.21194344e+01 5.82862091e+01
   vertex 7.63592224e+01 2.33569775e+01 5.81332550e+01
  endloop
 endfacet
 facet normal 2.94293761e-01 -1.20489798e-01 9.48089361e-01
  outer loop
   vertex 7.65202332e+01 2.32254982e+01 5.80743675e+01
   vertex 7.63592224e+01 2.33569775e+01 5.81332550e+01
   vertex 7.55297699e+01 2.19842606e+01 5.82298584e+01
  endloop
 endfacet
 facet normal 2.46486038e-01 -6.42388538e-02 9.67014968e-01
  outer loop
   vertex 7.55297699e+01 2.19842606e+01 5.82298584e+01
   vertex 7.63592224e+01 2.33569775e+01 5.81332550e+01
   vertex 7.53720932e+01 2.21194344e+01 5.82862091e+01
  endloop
 endfacet
 facet normal 4.49671268e-01 -2.37410396e-01 8.61064494e-01
  outer loop
   vertex 7.56655579e+01 2.18492508e+01 5.81319199e+01
   vertex 7.66585159e+01 2.30939312e+01 5.79735336e+01
   vertex 7.55297699e+01 2.19842606e+01 5.82298584e+01
  endloop
 endfacet
 facet normal 3.97300661e-01 -2.05214292e-01 8.94449174e-01
  outer loop
   vertex 7.55297699e+01 2.19842606e+01 5.82298584e+01
   vertex 7.66585159e+01 2.30939312e+01 5.79735336e+01
   vertex 7.65202332e+01 2.32254982e+01 5.80743675e+01
  endloop
 endfacet
 facet normal 5.77066302e-01 -3.55109721e-01 7.35453308e-01
  outer loop
   vertex 7.57732697e+01 2.17207489e+01 5.79973259e+01
   vertex 7.67677841e+01 2.29685555e+01 5.78360863e+01
   vertex 7.56655579e+01 2.18492508e+01 5.81319199e+01
  endloop
 endfacet
 facet normal 5.33919811e-01 -3.25025052e-01 7.80569255e-01
  outer loop
   vertex 7.56655579e+01 2.18492508e+01 5.81319199e+01
   vertex 7.67677841e+01 2.29685555e+01 5.78360863e+01
   vertex 7.66585159e+01 2.30939312e+01 5.79735336e+01
  endloop
 endfacet
 facet normal 6.77669406e-01 -4.56397086e-01 5.76598585e-01
  outer loop
   vertex 7.58481140e+01 2.16046638e+01 5.78326111e+01
   vertex 7.68432846e+01 2.28551502e+01 5.76689110e+01
   vertex 7.57732697e+01 2.17207489e+01 5.79973259e+01
  endloop
 endfacet
 facet normal 6.45557821e-01 -4.29623276e-01 6.31410301e-01
  outer loop
   vertex 7.57732697e+01 2.17207489e+01 5.79973259e+01
   vertex 7.68432846e+01 2.28551502e+01 5.76689110e+01
   vertex 7.67677841e+01 2.29685555e+01 5.78360863e+01
  endloop
 endfacet
 facet normal 7.47089684e-01 -5.36988556e-01 3.91791135e-01
  outer loop
   vertex 7.58869019e+01 2.15062542e+01 5.76455803e+01
   vertex 7.68820038e+01 2.27587547e+01 5.74800491e+01
   vertex 7.58481140e+01 2.16046638e+01 5.78326111e+01
  endloop
 endfacet
 facet normal 7.27429986e-01 -5.14658391e-01 4.53841805e-01
  outer loop
   vertex 7.58481140e+01 2.16046638e+01 5.78326111e+01
   vertex 7.68820038e+01 2.27587547e+01 5.74800491e+01
   vertex 7.68432846e+01 2.28551502e+01 5.76689110e+01
  endloop
 endfacet
 facet normal 7.82256544e-01 -5.93403995e-01 1.89595431e-01
  outer loop
   vertex 7.58881683e+01 2.14298153e+01 5.74448814e+01
   vertex 7.68826447e+01 2.26834965e+01 5.72782822e+01
   vertex 7.58869019e+01 2.15062542e+01 5.76455803e+01
  endloop
 endfacet
 facet normal 7.75940239e-01 -5.76498449e-01 2.56059229e-01
  outer loop
   vertex 7.58869019e+01 2.15062542e+01 5.76455803e+01
   vertex 7.68826447e+01 2.26834965e+01 5.72782822e+01
   vertex 7.68820038e+01 2.27587547e+01 5.74800491e+01
  endloop
 endfacet
 facet normal 7.84856677e-01 -6.19502068e-01 1.47362081e-02
  outer loop
   vertex 7.58521729e+01 2.13786030e+01 5.72396278e+01
   vertex 7.68457413e+01 2.26323910e+01 5.70726662e+01
   vertex 7.58881683e+01 2.14298153e+01 5.74448814e+01
  endloop
 endfacet
 facet normal 7.89512575e-01 -6.10306442e-01 6.47764876e-02
  outer loop
   vertex 7.58881683e+01 2.14298153e+01 5.74448814e+01
   vertex 7.68457413e+01 2.26323910e+01 5.70726662e+01
   vertex 7.68826447e+01 2.26834965e+01 5.72782822e+01
  endloop
 endfacet
 facet normal 8.72763917e-02 1.10726245e-02 9.96122599e-01
  outer loop
   vertex 7.61831207e+01 2.34819183e+01 5.81467667e+01
   vertex 7.63592224e+01 2.33569775e+01 5.81332550e+01
   vertex 7.71941910e+01 2.48044548e+01 5.80495186e+01
  endloop
 endfacet
 facet normal 1.28096253e-01 -2.97461729e-02 9.91315544e-01
  outer loop
   vertex 7.71941910e+01 2.48044548e+01 5.80495186e+01
   vertex 7.63592224e+01 2.33569775e+01 5.81332550e+01
   vertex 7.73731232e+01 2.46821842e+01 5.80343819e+01
  endloop
 endfacet
 facet normal 2.87061542e-01 -1.38517454e-01 9.47844148e-01
  outer loop
   vertex 7.65202332e+01 2.32254982e+01 5.80743675e+01
   vertex 7.75363312e+01 2.45531311e+01 5.79732018e+01
   vertex 7.63592224e+01 2.33569775e+01 5.81332550e+01
  endloop
 endfacet
 facet normal 2.29346916e-01 -1.03360340e-01 9.67841208e-01
  outer loop
   vertex 7.63592224e+01 2.33569775e+01 5.81332550e+01
   vertex 7.75363312e+01 2.45531311e+01 5.79732018e+01
   vertex 7.73731232e+01 2.46821842e+01 5.80343819e+01
  endloop
 endfacet
 facet normal 4.39749360e-01 -2.62053758e-01 8.59039187e-01
  outer loop
   vertex 7.66585159e+01 2.30939312e+01 5.79735336e+01
   vertex 7.76759872e+01 2.44238091e+01 5.78697891e+01
   vertex 7.65202332e+01 2.32254982e+01 5.80743675e+01
  endloop
 endfacet
 facet normal 3.89024824e-01 -2.28481695e-01 8.92443717e-01
  outer loop
   vertex 7.65202332e+01 2.32254982e+01 5.80743675e+01
   vertex 7.76759872e+01 2.44238091e+01 5.78697891e+01
   vertex 7.75363312e+01 2.45531311e+01 5.79732018e+01
  endloop
 endfacet
 facet normal 5.71238577e-01 -3.72759551e-01 7.31256962e-01
  outer loop
   vertex 7.67677841e+01 2.29685555e+01 5.78360863e+01
   vertex 7.77857971e+01 2.43004379e+01 5.77298470e+01
   vertex 7.66585159e+01 2.30939312e+01 5.79735336e+01
  endloop
 endfacet
 facet normal 5.29444814e-01 -3.41987520e-01 7.76358664e-01
  outer loop
   vertex 7.66585159e+01 2.30939312e+01 5.79735336e+01
   vertex 7.77857971e+01 2.43004379e+01 5.77298470e+01
   vertex 7.76759872e+01 2.44238091e+01 5.78697891e+01
  endloop
 endfacet
 facet normal 6.76117837e-01 -4.66208905e-01 5.70538282e-01
  outer loop
   vertex 7.68432846e+01 2.28551502e+01 5.76689110e+01
   vertex 7.78610840e+01 2.41887150e+01 5.75605698e+01
   vertex 7.67677841e+01 2.29685555e+01 5.78360863e+01
  endloop
 endfacet
 facet normal 6.44938946e-01 -4.39425379e-01 6.25267208e-01
  outer loop
   vertex 7.67677841e+01 2.29685555e+01 5.78360863e+01
   vertex 7.78610840e+01 2.41887150e+01 5.75605698e+01
   vertex 7.77857971e+01 2.43004379e+01 5.77298470e+01
  endloop
 endfacet
 facet normal 7.49890149e-01 -5.38507223e-01 3.84284765e-01
  outer loop
   vertex 7.68820038e+01 2.27587547e+01 5.74800491e+01
   vertex 7.78990021e+01 2.40935726e+01 5.73702164e+01
   vertex 7.68432846e+01 2.28551502e+01 5.76689110e+01
  endloop
 endfacet
 facet normal 7.30656981e-01 -5.16808450e-01 4.46149528e-01
  outer loop
   vertex 7.68432846e+01 2.28551502e+01 5.76689110e+01
   vertex 7.78990021e+01 2.40935726e+01 5.73702164e+01
   vertex 7.78610840e+01 2.41887150e+01 5.75605698e+01
  endloop
 endfacet
 facet normal 7.89353549e-01 -5.86575627e-01 1.81245714e-01
  outer loop
   vertex 7.68826447e+01 2.26834965e+01 5.72782822e+01
   vertex 7.78985596e+01 2.40189152e+01 5.71676331e+01
   vertex 7.68820038e+01 2.27587547e+01 5.74800491e+01
  endloop
 endfacet
 facet normal 7.82889187e-01 -5.70860505e-01 2.47391954e-01
  outer loop
   vertex 7.68820038e+01 2.27587547e+01 5.74800491e+01
   vertex 7.78985596e+01 2.40189152e+01 5.71676331e+01
   vertex 7.78990021e+01 2.40935726e+01 5.73702164e+01
  endloop
 endfacet
 facet normal 7.95480013e-01 -6.05949819e-01 6.02995371e-03
  outer loop
   vertex 7.68457413e+01 2.26323910e+01 5.70726662e+01
   vertex 7.78604889e+01 2.39675941e+01 5.69618149e+01
   vertex 7.68826447e+01 2.26834965e+01 5.72782822e+01
  endloop
 endfacet
 facet normal 7.99771130e-01 -5.97709358e-01 5.57647683e-02
  outer loop
   vertex 7.68826447e+01 2.26834965e+01 5.72782822e+01
   vertex 7.78604889e+01 2.39675941e+01 5.69618149e+01
   vertex 7.78985596e+01 2.40189152e+01 5.71676331e+01
  endloop
 endfacet
 facet normal 7.75115862e-02 -1.38031598e-02 9.96895909e-01
  outer loop
   vertex 7.71941910e+01 2.48044548e+01 5.80495186e+01
   vertex 7.73731232e+01 2.46821842e+01 5.80343819e+01
   vertex 7.82151871e+01 2.61978168e+01 5.79910355e+01
  endloop
 endfacet
 facet normal 1.21642143e-01 -5.04035577e-02 9.91293430e-01
  outer loop
   vertex 7.82151871e+01 2.61978168e+01 5.79910355e+01
   vertex 7.73731232e+01 2.46821842e+01 5.80343819e+01
   vertex 7.83963013e+01 2.60776806e+01 5.79744301e+01
  endloop
 endfacet
 facet normal 2.81542748e-01 -1.58596382e-01 9.46351349e-01
  outer loop
   vertex 7.75363312e+01 2.45531311e+01 5.79732018e+01
   vertex 7.85610580e+01 2.59505577e+01 5.79112930e+01
   vertex 7.73731232e+01 2.46821842e+01 5.80343819e+01
  endloop
 endfacet
 facet normal 2.24871039e-01 -1.21757708e-01 9.66751277e-01
  outer loop
   vertex 7.73731232e+01 2.46821842e+01 5.80343819e+01
   vertex 7.85610580e+01 2.59505577e+01 5.79112930e+01
   vertex 7.83963013e+01 2.60776806e+01 5.79744301e+01
  endloop
 endfacet
 facet normal 4.37714189e-01 -2.77068019e-01 8.55359316e-01
  outer loop
   vertex 7.76759872e+01 2.44238091e+01 5.78697891e+01
   vertex 7.87015533e+01 2.58229408e+01 5.78057480e+01
   vertex 7.75363312e+01 2.45531311e+01 5.79732018e+01
  endloop
 endfacet
 facet normal 3.87939632e-01 -2.42335364e-01 8.89256120e-01
  outer loop
   vertex 7.75363312e+01 2.45531311e+01 5.79732018e+01
   vertex 7.87015533e+01 2.58229408e+01 5.78057480e+01
   vertex 7.85610580e+01 2.59505577e+01 5.79112930e+01
  endloop
 endfacet
 facet normal 5.72512329e-01 -3.81893605e-01 7.25525260e-01
  outer loop
   vertex 7.77857971e+01 2.43004379e+01 5.77298470e+01
   vertex 7.88114777e+01 2.57010632e+01 5.76637955e+01
   vertex 7.76759872e+01 2.44238091e+01 5.78697891e+01
  endloop
 endfacet
 facet normal 5.31502366e-01 -3.50543469e-01 7.71118999e-01
  outer loop
   vertex 7.76759872e+01 2.44238091e+01 5.78697891e+01
   vertex 7.88114777e+01 2.57010632e+01 5.76637955e+01
   vertex 7.87015533e+01 2.58229408e+01 5.78057480e+01
  endloop
 endfacet
 facet normal 6.80503845e-01 -4.68954682e-01 5.63023984e-01
  outer loop
   vertex 7.78610840e+01 2.41887150e+01 5.75605698e+01
   vertex 7.88862686e+01 2.55905285e+01 5.74928856e+01
   vertex 7.77857971e+01 2.43004379e+01 5.77298470e+01
  endloop
 endfacet
 facet normal 6.49865210e-01 -4.42190856e-01 6.18176699e-01
  outer loop
   vertex 7.77857971e+01 2.43004379e+01 5.77298470e+01
   vertex 7.88862686e+01 2.55905285e+01 5.74928856e+01
   vertex 7.88114777e+01 2.57010632e+01 5.76637955e+01
  endloop
 endfacet
 facet normal 7.57110119e-01 -5.34629822e-01 3.75440001e-01
  outer loop
   vertex 7.78990021e+01 2.40935726e+01 5.73702164e+01
   vertex 7.89232254e+01 2.54961700e+01 5.73014336e+01
   vertex 7.78610840e+01 2.41887150e+01 5.75605698e+01
  endloop
 endfacet
 facet normal 7.38110840e-01 -5.13542056e-01 4.37569320e-01
  outer loop
   vertex 7.78610840e+01 2.41887150e+01 5.75605698e+01
   vertex 7.89232254e+01 2.54961700e+01 5.73014336e+01
   vertex 7.88862686e+01 2.55905285e+01 5.74928856e+01
  endloop
 endfacet
 facet normal 7.99083054e-01 -5.76155722e-01 1.71787143e-01
  outer loop
   vertex 7.78985596e+01 2.40189152e+01 5.71676331e+01
   vertex 7.89215851e+01 2.54217815e+01 5.70983353e+01
   vertex 7.78990021e+01 2.40935726e+01 5.73702164e+01
  endloop
 endfacet
 facet normal 7.92472601e-01 -5.61577559e-01 2.37945020e-01
  outer loop
   vertex 7.78990021e+01 2.40935726e+01 5.73702164e+01
   vertex 7.89215851e+01 2.54217815e+01 5.70983353e+01
   vertex 7.89232254e+01 2.54961700e+01 5.73014336e+01
  endloop
 endfacet
 facet normal 8.07134867e-01 -5.90357006e-01 -3.45675531e-03
  outer loop
   vertex 7.78604889e+01 2.39675941e+01 5.69618149e+01
   vertex 7.88822937e+01 2.53700714e+01 5.68925209e+01
   vertex 7.78985596e+01 2.40189152e+01 5.71676331e+01
  endloop
 endfacet
 facet normal 8.11050236e-01 -5.83151340e-01 4.61739004e-02
  outer loop
   vertex 7.78985596e+01 2.40189152e+01 5.71676331e+01
   vertex 7.88822937e+01 2.53700714e+01 5.68925209e+01
   vertex 7.89215851e+01 2.54217815e+01 5.70983353e+01
  endloop
 endfacet
 facet normal 1.21147148e-01 -6.21833131e-02 9.90684927e-01
  outer loop
   vertex 7.94116516e+01 2.75259285e+01 5.79382286e+01
   vertex 7.92287140e+01 2.76436405e+01 5.79561653e+01
   vertex 7.83963013e+01 2.60776806e+01 5.79744301e+01
  endloop
 endfacet
 facet normal 7.43284672e-02 -2.93682721e-02 9.96801257e-01
  outer loop
   vertex 7.83963013e+01 2.60776806e+01 5.79744301e+01
   vertex 7.92287140e+01 2.76436405e+01 5.79561653e+01
   vertex 7.82151871e+01 2.61978168e+01 5.79910355e+01
  endloop
 endfacet
 facet normal 2.82205582e-01 -1.69566989e-01 9.44249451e-01
  outer loop
   vertex 7.85610580e+01 2.59505577e+01 5.79112930e+01
   vertex 7.95777969e+01 2.74009647e+01 5.78734932e+01
   vertex 7.83963013e+01 2.60776806e+01 5.79744301e+01
  endloop
 endfacet
 facet normal 2.26228923e-01 -1.31242692e-01 9.65192139e-01
  outer loop
   vertex 7.83963013e+01 2.60776806e+01 5.79744301e+01
   vertex 7.95777969e+01 2.74009647e+01 5.78734932e+01
   vertex 7.94116516e+01 2.75259285e+01 5.79382286e+01
  endloop
 endfacet
 facet normal 4.41393346e-01 -2.83627361e-01 8.51309240e-01
  outer loop
   vertex 7.87015533e+01 2.58229408e+01 5.78057480e+01
   vertex 7.97191238e+01 2.72752323e+01 5.77663078e+01
   vertex 7.85610580e+01 2.59505577e+01 5.79112930e+01
  endloop
 endfacet
 facet normal 3.92312646e-01 -2.47686297e-01 8.85856807e-01
  outer loop
   vertex 7.85610580e+01 2.59505577e+01 5.79112930e+01
   vertex 7.97191238e+01 2.72752323e+01 5.77663078e+01
   vertex 7.95777969e+01 2.74009647e+01 5.78734932e+01
  endloop
 endfacet
 facet normal 5.78819156e-01 -3.83672655e-01 7.19558001e-01
  outer loop
   vertex 7.88114777e+01 2.57010632e+01 5.76637955e+01
   vertex 7.98292770e+01 2.71549149e+01 5.76228828e+01
   vertex 7.87015533e+01 2.58229408e+01 5.78057480e+01
  endloop
 endfacet
 facet normal 5.38474202e-01 -3.51482272e-01 7.65836596e-01
  outer loop
   vertex 7.87015533e+01 2.58229408e+01 5.78057480e+01
   vertex 7.98292770e+01 2.71549149e+01 5.76228828e+01
   vertex 7.97191238e+01 2.72752323e+01 5.77663078e+01
  endloop
 endfacet
 facet normal 6.88967645e-01 -4.65753406e-01 5.55335402e-01
  outer loop
   vertex 7.88862686e+01 2.55905285e+01 5.74928856e+01
   vertex 7.99037704e+01 2.70455704e+01 5.74508400e+01
   vertex 7.88114777e+01 2.57010632e+01 5.76637955e+01
  endloop
 endfacet
 facet normal 6.58925116e-01 -4.38580900e-01 6.11117363e-01
  outer loop
   vertex 7.88114777e+01 2.57010632e+01 5.76637955e+01
   vertex 7.99037704e+01 2.70455704e+01 5.74508400e+01
   vertex 7.98292770e+01 2.71549149e+01 5.76228828e+01
  endloop
 endfacet
 facet normal 7.67197430e-01 -5.26442766e-01 3.66423398e-01
  outer loop
   vertex 7.89232254e+01 2.54961700e+01 5.73014336e+01
   vertex 7.99400177e+01 2.69519310e+01 5.72587051e+01
   vertex 7.88862686e+01 2.55905285e+01 5.74928856e+01
  endloop
 endfacet
 facet normal 7.48670876e-01 -5.05402803e-01 4.29022014e-01
  outer loop
   vertex 7.88862686e+01 2.55905285e+01 5.74928856e+01
   vertex 7.99400177e+01 2.69519310e+01 5.72587051e+01
   vertex 7.99037704e+01 2.70455704e+01 5.74508400e+01
  endloop
 endfacet
 facet normal 8.10264170e-01 -5.63191772e-01 1.62132636e-01
  outer loop
   vertex 7.89215851e+01 2.54217815e+01 5.70983353e+01
   vertex 7.99373932e+01 2.68777370e+01 5.70554123e+01
   vertex 7.89232254e+01 2.54961700e+01 5.73014336e+01
  endloop
 endfacet
 facet normal 8.03925157e-01 -5.49100757e-01 2.28457138e-01
  outer loop
   vertex 7.89232254e+01 2.54961700e+01 5.73014336e+01
   vertex 7.99373932e+01 2.68777370e+01 5.70554123e+01
   vertex 7.99400177e+01 2.69519310e+01 5.72587051e+01
  endloop
 endfacet
 facet normal 8.18957150e-01 -5.73704362e-01 -1.31338155e-02
  outer loop
   vertex 7.88822937e+01 2.53700714e+01 5.68925209e+01
   vertex 7.98970108e+01 2.68255978e+01 5.68498459e+01
   vertex 7.89215851e+01 2.54217815e+01 5.70983353e+01
  endloop
 endfacet
 facet normal 8.22911203e-01 -5.66999912e-01 3.64460126e-02
  outer loop
   vertex 7.89215851e+01 2.54217815e+01 5.70983353e+01
   vertex 7.98970108e+01 2.68255978e+01 5.68498459e+01
   vertex 7.99373932e+01 2.68777370e+01 5.70554123e+01
  endloop
 endfacet
 facet normal 1.25717133e-01 -6.57809675e-02 9.89882827e-01
  outer loop
   vertex 8.04024048e+01 2.90091610e+01 5.79105949e+01
   vertex 8.02175903e+01 2.91233921e+01 5.79297600e+01
   vertex 7.94116516e+01 2.75259285e+01 5.79382286e+01
  endloop
 endfacet
 facet normal 7.64315277e-02 -3.66651937e-02 9.96400476e-01
  outer loop
   vertex 7.94116516e+01 2.75259285e+01 5.79382286e+01
   vertex 8.02175903e+01 2.91233921e+01 5.79297600e+01
   vertex 7.92287140e+01 2.76436405e+01 5.79561653e+01
  endloop
 endfacet
 facet normal 2.87986666e-01 -1.72139719e-01 9.42035854e-01
  outer loop
   vertex 7.95777969e+01 2.74009647e+01 5.78734932e+01
   vertex 8.05701523e+01 2.88873882e+01 5.78446236e+01
   vertex 7.94116516e+01 2.75259285e+01 5.79382286e+01
  endloop
 endfacet
 facet normal 2.32623488e-01 -1.32428080e-01 9.63508725e-01
  outer loop
   vertex 7.94116516e+01 2.75259285e+01 5.79382286e+01
   vertex 8.05701523e+01 2.88873882e+01 5.78446236e+01
   vertex 8.04024048e+01 2.90091610e+01 5.79105949e+01
  endloop
 endfacet
 facet normal 4.49828595e-01 -2.82229543e-01 8.47349226e-01
  outer loop
   vertex 7.97191238e+01 2.72752323e+01 5.77663078e+01
   vertex 8.07127380e+01 2.87644348e+01 5.77362976e+01
   vertex 7.95777969e+01 2.74009647e+01 5.78734932e+01
  endloop
 endfacet
 facet normal 4.01448876e-01 -2.44988516e-01 8.82507443e-01
  outer loop
   vertex 7.95777969e+01 2.74009647e+01 5.78734932e+01
   vertex 8.07127380e+01 2.87644348e+01 5.77362976e+01
   vertex 8.05701523e+01 2.88873882e+01 5.78446236e+01
  endloop
 endfacet
 facet normal 5.89342833e-01 -3.78352404e-01 7.13809848e-01
  outer loop
   vertex 7.98292770e+01 2.71549149e+01 5.76228828e+01
   vertex 8.08237152e+01 2.86463947e+01 5.75919418e+01
   vertex 7.97191238e+01 2.72752323e+01 5.77663078e+01
  endloop
 endfacet
 facet normal 5.49755633e-01 -3.45026404e-01 7.60740101e-01
  outer loop
   vertex 7.97191238e+01 2.72752323e+01 5.77663078e+01
   vertex 8.08237152e+01 2.86463947e+01 5.75919418e+01
   vertex 8.07127380e+01 2.87644348e+01 5.77362976e+01
  endloop
 endfacet
 facet normal 7.00893700e-01 -4.56651896e-01 5.47920704e-01
  outer loop
   vertex 7.99037704e+01 2.70455704e+01 5.74508400e+01
   vertex 8.08985596e+01 2.85387421e+01 5.74192657e+01
   vertex 7.98292770e+01 2.71549149e+01 5.76228828e+01
  endloop
 endfacet
 facet normal 6.71639800e-01 -4.28602874e-01 6.04317427e-01
  outer loop
   vertex 7.98292770e+01 2.71549149e+01 5.76228828e+01
   vertex 8.08985596e+01 2.85387421e+01 5.74192657e+01
   vertex 8.08237152e+01 2.86463947e+01 5.75919418e+01
  endloop
 endfacet
 facet normal 7.79787004e-01 -5.13812363e-01 3.57671708e-01
  outer loop
   vertex 7.99400177e+01 2.69519310e+01 5.72587051e+01
   vertex 8.09347229e+01 2.84461727e+01 5.72268562e+01
   vertex 7.99037704e+01 2.70455704e+01 5.74508400e+01
  endloop
 endfacet
 facet normal 7.62022913e-01 -4.92214441e-01 4.20768350e-01
  outer loop
   vertex 7.99037704e+01 2.70455704e+01 5.74508400e+01
   vertex 8.09347229e+01 2.84461727e+01 5.72268562e+01
   vertex 8.08985596e+01 2.85387421e+01 5.74192657e+01
  endloop
 endfacet
 facet normal 8.22823822e-01 -5.47430694e-01 1.52579799e-01
  outer loop
   vertex 7.99373932e+01 2.68777370e+01 5.70554123e+01
   vertex 8.09316177e+01 2.83723564e+01 5.70236893e+01
   vertex 7.99400177e+01 2.69519310e+01 5.72587051e+01
  endloop
 endfacet
 facet normal 8.17146301e-01 -5.33138037e-01 2.19170615e-01
  outer loop
   vertex 7.99400177e+01 2.69519310e+01 5.72587051e+01
   vertex 8.09316177e+01 2.83723564e+01 5.70236893e+01
   vertex 8.09347229e+01 2.84461727e+01 5.72268562e+01
  endloop
 endfacet
 facet normal 8.35458517e-01 -5.48905373e-01 2.66832430e-02
  outer loop
   vertex 8.09316177e+01 2.83723564e+01 5.70236893e+01
   vertex 7.99373932e+01 2.68777370e+01 5.70554123e+01
   vertex 8.08903961e+01 2.83199177e+01 5.68186340e+01
  endloop
 endfacet
 facet normal 8.31092775e-01 -5.55660903e-01 -2.29286272e-02
  outer loop
   vertex 8.08903961e+01 2.83199177e+01 5.68186340e+01
   vertex 7.99373932e+01 2.68777370e+01 5.70554123e+01
   vertex 7.98970108e+01 2.68255978e+01 5.68498459e+01
  endloop
 endfacet
 facet normal 1.33373752e-01 -6.41783029e-02 9.88985658e-01
  outer loop
   vertex 8.13521500e+01 3.05093288e+01 5.78762817e+01
   vertex 8.11650162e+01 3.06183434e+01 5.78966675e+01
   vertex 8.04024048e+01 2.90091610e+01 5.79105949e+01
  endloop
 endfacet
 facet normal 8.25254768e-02 -3.74499336e-02 9.95885074e-01
  outer loop
   vertex 8.04024048e+01 2.90091610e+01 5.79105949e+01
   vertex 8.11650162e+01 3.06183434e+01 5.78966675e+01
   vertex 8.02175903e+01 2.91233921e+01 5.79297600e+01
  endloop
 endfacet
 facet normal 2.97681779e-01 -1.67974815e-01 9.39771235e-01
  outer loop
   vertex 8.05701523e+01 2.88873882e+01 5.78446236e+01
   vertex 8.15221786e+01 3.03924332e+01 5.78091927e+01
   vertex 8.04024048e+01 2.90091610e+01 5.79105949e+01
  endloop
 endfacet
 facet normal 2.42070809e-01 -1.28290117e-01 9.61739779e-01
  outer loop
   vertex 8.04024048e+01 2.90091610e+01 5.79105949e+01
   vertex 8.15221786e+01 3.03924332e+01 5.78091927e+01
   vertex 8.13521500e+01 3.05093288e+01 5.78762817e+01
  endloop
 endfacet
 facet normal 4.61944044e-01 -2.74291575e-01 8.43428612e-01
  outer loop
   vertex 8.07127380e+01 2.87644348e+01 5.77362976e+01
   vertex 8.16668243e+01 3.02738132e+01 5.76999130e+01
   vertex 8.05701523e+01 2.88873882e+01 5.78446236e+01
  endloop
 endfacet
 facet normal 4.13503289e-01 -2.36967742e-01 8.79125297e-01
  outer loop
   vertex 8.05701523e+01 2.88873882e+01 5.78446236e+01
   vertex 8.16668243e+01 3.02738132e+01 5.76999130e+01
   vertex 8.15221786e+01 3.03924332e+01 5.78091927e+01
  endloop
 endfacet
 facet normal 6.03145838e-01 -3.66989702e-01 7.08190382e-01
  outer loop
   vertex 8.08237152e+01 2.86463947e+01 5.75919418e+01
   vertex 8.17795029e+01 3.01593742e+01 5.75548248e+01
   vertex 8.07127380e+01 2.87644348e+01 5.77362976e+01
  endloop
 endfacet
 facet normal 5.63686669e-01 -3.33479136e-01 7.55677879e-01
  outer loop
   vertex 8.07127380e+01 2.87644348e+01 5.77362976e+01
   vertex 8.17795029e+01 3.01593742e+01 5.75548248e+01
   vertex 8.16668243e+01 3.02738132e+01 5.76999130e+01
  endloop
 endfacet
 facet normal 7.15542495e-01 -4.42313015e-01 5.40701509e-01
  outer loop
   vertex 8.08985596e+01 2.85387421e+01 5.74192657e+01
   vertex 8.18555679e+01 3.00544949e+01 5.73816910e+01
   vertex 8.08237152e+01 2.86463947e+01 5.75919418e+01
  endloop
 endfacet
 facet normal 6.86615050e-01 -4.14012909e-01 5.97622812e-01
  outer loop
   vertex 8.08237152e+01 2.86463947e+01 5.75919418e+01
   vertex 8.18555679e+01 3.00544949e+01 5.73816910e+01
   vertex 8.17795029e+01 3.01593742e+01 5.75548248e+01
  endloop
 endfacet
 facet normal 8.43571603e-01 -5.36010683e-01 -3.28557938e-02
  outer loop
   vertex 8.08903961e+01 2.83199177e+01 5.68186340e+01
   vertex 8.18476639e+01 2.98384113e+01 5.67818832e+01
   vertex 8.09316177e+01 2.83723564e+01 5.70236893e+01
  endloop
 endfacet
 facet normal 8.48460436e-01 -5.28992236e-01 1.67945065e-02
  outer loop
   vertex 8.09316177e+01 2.83723564e+01 5.70236893e+01
   vertex 8.18476639e+01 2.98384113e+01 5.67818832e+01
   vertex 8.18893967e+01 2.98908615e+01 5.69862556e+01
  endloop
 endfacet
 facet normal 1.41586319e-01 -6.14993833e-02 9.88013744e-01
  outer loop
   vertex 8.22600174e+01 3.20255547e+01 5.78366547e+01
   vertex 8.20703049e+01 3.21283379e+01 5.78583145e+01
   vertex 8.13521500e+01 3.05093288e+01 5.78762817e+01
  endloop
 endfacet
 facet normal 9.00198817e-02 -3.58743705e-02 9.95293677e-01
  outer loop
   vertex 8.13521500e+01 3.05093288e+01 5.78762817e+01
   vertex 8.20703049e+01 3.21283379e+01 5.78583145e+01
   vertex 8.11650162e+01 3.06183434e+01 5.78966675e+01
  endloop
 endfacet
 facet normal 3.08646142e-01 -1.61188558e-01 9.37419772e-01
  outer loop
   vertex 8.15221786e+01 3.03924332e+01 5.78091927e+01
   vertex 8.24326630e+01 3.19145241e+01 5.77683907e+01
   vertex 8.13521500e+01 3.05093288e+01 5.78762817e+01
  endloop
 endfacet
 facet normal 2.51987040e-01 -1.22930564e-01 9.59890962e-01
  outer loop
   vertex 8.13521500e+01 3.05093288e+01 5.78762817e+01
   vertex 8.24326630e+01 3.19145241e+01 5.77683907e+01
   vertex 8.22600174e+01 3.20255547e+01 5.78366547e+01
  endloop
 endfacet
 facet normal 4.75213796e-01 -2.63607144e-01 8.39454055e-01
  outer loop
   vertex 8.16668243e+01 3.02738132e+01 5.76999130e+01
   vertex 8.25797501e+01 3.18011703e+01 5.76580887e+01
   vertex 8.15221786e+01 3.03924332e+01 5.78091927e+01
  endloop
 endfacet
 facet normal 4.25930887e-01 -2.27492437e-01 8.75688314e-01
  outer loop
   vertex 8.15221786e+01 3.03924332e+01 5.78091927e+01
   vertex 8.25797501e+01 3.18011703e+01 5.76580887e+01
   vertex 8.24326630e+01 3.19145241e+01 5.77683907e+01
  endloop
 endfacet
 facet normal 6.17930770e-01 -3.52866769e-01 7.02599883e-01
  outer loop
   vertex 8.17795029e+01 3.01593742e+01 5.75548248e+01
   vertex 8.26945343e+01 3.16911678e+01 5.75121880e+01
   vertex 8.16668243e+01 3.02738132e+01 5.76999130e+01
  endloop
 endfacet
 facet normal 5.77874959e-01 -3.20305049e-01 7.50643194e-01
  outer loop
   vertex 8.16668243e+01 3.02738132e+01 5.76999130e+01
   vertex 8.26945343e+01 3.16911678e+01 5.75121880e+01
   vertex 8.25797501e+01 3.18011703e+01 5.76580887e+01
  endloop
 endfacet
 facet normal 7.30989456e-01 -4.25360829e-01 5.33594012e-01
  outer loop
   vertex 8.18555679e+01 3.00544949e+01 5.73816910e+01
   vertex 8.27722321e+01 3.15897598e+01 5.73385201e+01
   vertex 8.17795029e+01 3.01593742e+01 5.75548248e+01
  endloop
 endfacet
 facet normal 7.01751769e-01 -3.97717923e-01 5.91071010e-01
  outer loop
   vertex 8.17795029e+01 3.01593742e+01 5.75548248e+01
   vertex 8.27722321e+01 3.15897598e+01 5.73385201e+01
   vertex 8.26945343e+01 3.16911678e+01 5.75121880e+01
  endloop
 endfacet
 facet normal 1.49554282e-01 -5.91025017e-02 9.86985505e-01
  outer loop
   vertex 8.31247940e+01 3.35571671e+01 5.77931633e+01
   vertex 8.29325638e+01 3.36533699e+01 5.78161278e+01
   vertex 8.22600174e+01 3.20255547e+01 5.78366547e+01
  endloop
 endfacet
 facet normal 9.73010287e-02 -3.46293375e-02 9.94652390e-01
  outer loop
   vertex 8.22600174e+01 3.20255547e+01 5.78366547e+01
   vertex 8.29325638e+01 3.36533699e+01 5.78161278e+01
   vertex 8.20703049e+01 3.21283379e+01 5.78583145e+01
  endloop
 endfacet
 facet normal 3.19250494e-01 -1.54448316e-01 9.34999943e-01
  outer loop
   vertex 8.24326630e+01 3.19145241e+01 5.77683907e+01
   vertex 8.33000412e+01 3.34524078e+01 5.77236824e+01
   vertex 8.22600174e+01 3.20255547e+01 5.78366547e+01
  endloop
 endfacet
 facet normal 2.61599958e-01 -1.17710538e-01 9.57971632e-01
  outer loop
   vertex 8.22600174e+01 3.20255547e+01 5.78366547e+01
   vertex 8.33000412e+01 3.34524078e+01 5.77236824e+01
   vertex 8.31247940e+01 3.35571671e+01 5.77931633e+01
  endloop
 endfacet
 facet normal 4.88028824e-01 -2.52693504e-01 8.35448265e-01
  outer loop
   vertex 8.25797501e+01 3.18011703e+01 5.76580887e+01
   vertex 8.34496078e+01 3.33447151e+01 5.76123161e+01
   vertex 8.24326630e+01 3.19145241e+01 5.77683907e+01
  endloop
 endfacet
 facet normal 4.37965721e-01 -2.17885986e-01 8.72187912e-01
  outer loop
   vertex 8.24326630e+01 3.19145241e+01 5.77683907e+01
   vertex 8.34496078e+01 3.33447151e+01 5.76123161e+01
   vertex 8.33000412e+01 3.34524078e+01 5.77236824e+01
  endloop
 endfacet
 facet normal 6.32198215e-01 -3.38261694e-01 6.97068453e-01
  outer loop
   vertex 8.26945343e+01 3.16911678e+01 5.75121880e+01
   vertex 8.35665741e+01 3.32395172e+01 5.74655571e+01
   vertex 8.25797501e+01 3.18011703e+01 5.76580887e+01
  endloop
 endfacet
 facet normal 5.91604173e-01 -3.06748331e-01 7.45593667e-01
  outer loop
   vertex 8.25797501e+01 3.18011703e+01 5.76580887e+01
   vertex 8.35665741e+01 3.32395172e+01 5.74655571e+01
   vertex 8.34496078e+01 3.33447151e+01 5.76123161e+01
  endloop
 endfacet
 facet normal 7.45917976e-01 -4.07721788e-01 5.26658654e-01
  outer loop
   vertex 8.27722321e+01 3.15897598e+01 5.73385201e+01
   vertex 8.36460114e+01 3.31418839e+01 5.72912941e+01
   vertex 8.26945343e+01 3.16911678e+01 5.75121880e+01
  endloop
 endfacet
 facet normal 7.16400266e-01 -3.80816281e-01 5.84593534e-01
  outer loop
   vertex 8.26945343e+01 3.16911678e+01 5.75121880e+01
   vertex 8.36460114e+01 3.31418839e+01 5.72912941e+01
   vertex 8.35665741e+01 3.32395172e+01 5.74655571e+01
  endloop
 endfacet
 facet normal 1.57293245e-01 -5.69617487e-02 9.85907793e-01
  outer loop
   vertex 8.39450607e+01 3.51036835e+01 5.77472229e+01
   vertex 8.37505798e+01 3.51935768e+01 5.77715111e+01
   vertex 8.31247940e+01 3.35571671e+01 5.77931633e+01
  endloop
 endfacet
 facet normal 1.04387805e-01 -3.37177888e-02 9.93964911e-01
  outer loop
   vertex 8.31247940e+01 3.35571671e+01 5.77931633e+01
   vertex 8.37505798e+01 3.51935768e+01 5.77715111e+01
   vertex 8.29325638e+01 3.36533699e+01 5.78161278e+01
  endloop
 endfacet
 facet normal 3.29530597e-01 -1.47712439e-01 9.32518423e-01
  outer loop
   vertex 8.33000412e+01 3.34524078e+01 5.77236824e+01
   vertex 8.41226044e+01 3.50049706e+01 5.76765099e+01
   vertex 8.31247940e+01 3.35571671e+01 5.77931633e+01
  endloop
 endfacet
 facet normal 2.70912111e-01 -1.12560436e-01 9.56000388e-01
  outer loop
   vertex 8.31247940e+01 3.35571671e+01 5.77931633e+01
   vertex 8.41226044e+01 3.50049706e+01 5.76765099e+01
   vertex 8.39450607e+01 3.51036835e+01 5.77472229e+01
  endloop
 endfacet
 facet normal 5.00454605e-01 -2.41518766e-01 8.31392705e-01
  outer loop
   vertex 8.34496078e+01 3.33447151e+01 5.76123161e+01
   vertex 8.42743912e+01 3.49027367e+01 5.75640640e+01
   vertex 8.33000412e+01 3.34524078e+01 5.77236824e+01
  endloop
 endfacet
 facet normal 4.49625164e-01 -2.08061635e-01 8.68646979e-01
  outer loop
   vertex 8.33000412e+01 3.34524078e+01 5.77236824e+01
   vertex 8.42743912e+01 3.49027367e+01 5.75640640e+01
   vertex 8.41226044e+01 3.50049706e+01 5.76765099e+01
  endloop
 endfacet
 facet normal 6.46047413e-01 -3.23163748e-01 6.91511333e-01
  outer loop
   vertex 8.35665741e+01 3.32395172e+01 5.74655571e+01
   vertex 8.43933411e+01 3.48022232e+01 5.74164200e+01
   vertex 8.34496078e+01 3.33447151e+01 5.76123161e+01
  endloop
 endfacet
 facet normal 6.04927778e-01 -2.92725027e-01 7.40523100e-01
  outer loop
   vertex 8.34496078e+01 3.33447151e+01 5.76123161e+01
   vertex 8.43933411e+01 3.48022232e+01 5.74164200e+01
   vertex 8.42743912e+01 3.49027367e+01 5.75640640e+01
  endloop
 endfacet
 facet normal 7.60424972e-01 -3.89384657e-01 5.19743621e-01
  outer loop
   vertex 8.36460114e+01 3.31418839e+01 5.72912941e+01
   vertex 8.44743576e+01 3.47082596e+01 5.72415390e+01
   vertex 8.35665741e+01 3.32395172e+01 5.74655571e+01
  endloop
 endfacet
 facet normal 7.30645061e-01 -3.63234520e-01 5.78116298e-01
  outer loop
   vertex 8.35665741e+01 3.32395172e+01 5.74655571e+01
   vertex 8.44743576e+01 3.47082596e+01 5.72415390e+01
   vertex 8.43933411e+01 3.48022232e+01 5.74164200e+01
  endloop
 endfacet
 facet normal 1.64806783e-01 -5.48678413e-02 9.84798610e-01
  outer loop
   vertex 8.47189178e+01 3.66647491e+01 5.77002831e+01
   vertex 8.45226364e+01 3.67492828e+01 5.77258949e+01
   vertex 8.39450607e+01 3.51036835e+01 5.77472229e+01
  endloop
 endfacet
 facet normal 1.11306705e-01 -3.30015793e-02 9.93237972e-01
  outer loop
   vertex 8.39450607e+01 3.51036835e+01 5.77472229e+01
   vertex 8.45226364e+01 3.67492828e+01 5.77258949e+01
   vertex 8.37505798e+01 3.51935768e+01 5.77715111e+01
  endloop
 endfacet
 facet normal 3.39411080e-01 -1.40912980e-01 9.30023491e-01
  outer loop
   vertex 8.41226044e+01 3.50049706e+01 5.76765099e+01
   vertex 8.48982925e+01 3.65712051e+01 5.76283493e+01
   vertex 8.39450607e+01 3.51036835e+01 5.77472229e+01
  endloop
 endfacet
 facet normal 2.79837757e-01 -1.07384458e-01 9.54022765e-01
  outer loop
   vertex 8.39450607e+01 3.51036835e+01 5.77472229e+01
   vertex 8.48982925e+01 3.65712051e+01 5.76283493e+01
   vertex 8.47189178e+01 3.66647491e+01 5.77002831e+01
  endloop
 endfacet
 facet normal 5.12392938e-01 -2.30061635e-01 8.27360332e-01
  outer loop
   vertex 8.42743912e+01 3.49027367e+01 5.75640640e+01
   vertex 8.50518417e+01 3.64736710e+01 5.75148201e+01
   vertex 8.41226044e+01 3.50049706e+01 5.76765099e+01
  endloop
 endfacet
 facet normal 4.60751504e-01 -1.98044702e-01 8.65151048e-01
  outer loop
   vertex 8.41226044e+01 3.50049706e+01 5.76765099e+01
   vertex 8.50518417e+01 3.64736710e+01 5.75148201e+01
   vertex 8.48982925e+01 3.65712051e+01 5.76283493e+01
  endloop
 endfacet
 facet normal 6.59376204e-01 -3.07608485e-01 6.86002970e-01
  outer loop
   vertex 8.43933411e+01 3.48022232e+01 5.74164200e+01
   vertex 8.51723328e+01 3.63771782e+01 5.73662987e+01
   vertex 8.42743912e+01 3.49027367e+01 5.75640640e+01
  endloop
 endfacet
 facet normal 6.17639363e-01 -2.78387517e-01 7.35541940e-01
  outer loop
   vertex 8.42743912e+01 3.49027367e+01 5.75640640e+01
   vertex 8.51723328e+01 3.63771782e+01 5.73662987e+01
   vertex 8.50518417e+01 3.64736710e+01 5.75148201e+01
  endloop
 endfacet
 facet normal 7.74407983e-01 -3.70439857e-01 5.12900114e-01
  outer loop
   vertex 8.44743576e+01 3.47082596e+01 5.72415390e+01
   vertex 8.52546234e+01 3.62863846e+01 5.71907845e+01
   vertex 8.43933411e+01 3.48022232e+01 5.74164200e+01
  endloop
 endfacet
 facet normal 7.44242430e-01 -3.45244646e-01 5.71759880e-01
  outer loop
   vertex 8.43933411e+01 3.48022232e+01 5.74164200e+01
   vertex 8.52546234e+01 3.62863846e+01 5.71907845e+01
   vertex 8.51723328e+01 3.63771782e+01 5.73662987e+01
  endloop
 endfacet
 facet normal 1.72180831e-01 -5.26172407e-02 9.83659089e-01
  outer loop
   vertex 8.54479599e+01 3.82384987e+01 5.76524620e+01
   vertex 8.52502060e+01 3.83184738e+01 5.76793976e+01
   vertex 8.47189178e+01 3.66647491e+01 5.77002831e+01
  endloop
 endfacet
 facet normal 1.18120804e-01 -3.21919024e-02 9.92477298e-01
  outer loop
   vertex 8.47189178e+01 3.66647491e+01 5.77002831e+01
   vertex 8.52502060e+01 3.83184738e+01 5.76793976e+01
   vertex 8.45226364e+01 3.67492828e+01 5.77258949e+01
  endloop
 endfacet
 facet normal 3.48839372e-01 -1.34015456e-01 9.27551031e-01
  outer loop
   vertex 8.48982925e+01 3.65712051e+01 5.76283493e+01
   vertex 8.56288071e+01 3.81493378e+01 5.75793190e+01
   vertex 8.47189178e+01 3.66647491e+01 5.77002831e+01
  endloop
 endfacet
 facet normal 2.88435161e-01 -1.02119066e-01 9.52038288e-01
  outer loop
   vertex 8.47189178e+01 3.66647491e+01 5.77002831e+01
   vertex 8.56288071e+01 3.81493378e+01 5.75793190e+01
   vertex 8.54479599e+01 3.82384987e+01 5.76524620e+01
  endloop
 endfacet
 facet normal 5.23691535e-01 -2.18483657e-01 8.23414922e-01
  outer loop
   vertex 8.50518417e+01 3.64736710e+01 5.75148201e+01
   vertex 8.57837296e+01 3.80558205e+01 5.74647446e+01
   vertex 8.48982925e+01 3.65712051e+01 5.76283493e+01
  endloop
 endfacet
 facet normal 4.71304268e-01 -1.87963054e-01 8.61708879e-01
  outer loop
   vertex 8.48982925e+01 3.65712051e+01 5.76283493e+01
   vertex 8.57837296e+01 3.80558205e+01 5.74647446e+01
   vertex 8.56288071e+01 3.81493378e+01 5.75793190e+01
  endloop
 endfacet
 facet normal 6.71937883e-01 -2.91941941e-01 6.80638969e-01
  outer loop
   vertex 8.51723328e+01 3.63771782e+01 5.73662987e+01
   vertex 8.59054642e+01 3.79627380e+01 5.73153648e+01
   vertex 8.50518417e+01 3.64736710e+01 5.75148201e+01
  endloop
 endfacet
 facet normal 6.29598677e-01 -2.64040768e-01 7.30676353e-01
  outer loop
   vertex 8.50518417e+01 3.64736710e+01 5.75148201e+01
   vertex 8.59054642e+01 3.79627380e+01 5.73153648e+01
   vertex 8.57837296e+01 3.80558205e+01 5.74647446e+01
  endloop
 endfacet
 facet normal 7.87532985e-01 -3.51409256e-01 5.06264091e-01
  outer loop
   vertex 8.52546234e+01 3.62863846e+01 5.71907845e+01
   vertex 8.59887314e+01 3.78746376e+01 5.71392174e+01
   vertex 8.51723328e+01 3.63771782e+01 5.73662987e+01
  endloop
 endfacet
 facet normal 7.56948352e-01 -3.27319950e-01 5.65588892e-01
  outer loop
   vertex 8.51723328e+01 3.63771782e+01 5.73662987e+01
   vertex 8.59887314e+01 3.78746376e+01 5.71392174e+01
   vertex 8.59054642e+01 3.79627380e+01 5.73153648e+01
  endloop
 endfacet
 facet normal 1.78281277e-01 -5.20166270e-02 9.82603729e-01
  outer loop
   vertex 8.61334076e+01 3.98231888e+01 5.76038322e+01
   vertex 8.59342804e+01 3.98993721e+01 5.76321182e+01
   vertex 8.54479599e+01 3.82384987e+01 5.76524620e+01
  endloop
 endfacet
 facet normal 1.24524556e-01 -3.17824371e-02 9.91707385e-01
  outer loop
   vertex 8.54479599e+01 3.82384987e+01 5.76524620e+01
   vertex 8.59342804e+01 3.98993721e+01 5.76321182e+01
   vertex 8.52502060e+01 3.83184738e+01 5.76793976e+01
  endloop
 endfacet
 facet normal 3.56813312e-01 -1.28830701e-01 9.25249636e-01
  outer loop
   vertex 8.56288071e+01 3.81493378e+01 5.75793190e+01
   vertex 8.63155746e+01 3.97376900e+01 5.75293922e+01
   vertex 8.54479599e+01 3.82384987e+01 5.76524620e+01
  endloop
 endfacet
 facet normal 2.94905007e-01 -9.97532457e-02 9.50305402e-01
  outer loop
   vertex 8.54479599e+01 3.82384987e+01 5.76524620e+01
   vertex 8.63155746e+01 3.97376900e+01 5.75293922e+01
   vertex 8.61334076e+01 3.98231888e+01 5.76038322e+01
  endloop
 endfacet
 facet normal 5.33010960e-01 -2.09176615e-01 8.19844186e-01
  outer loop
   vertex 8.57837296e+01 3.80558205e+01 5.74647446e+01
   vertex 8.64717102e+01 3.96474800e+01 5.74136238e+01
   vertex 8.56288071e+01 3.81493378e+01 5.75793190e+01
  endloop
 endfacet
 facet normal 4.78888214e-01 -1.81926832e-01 8.58818233e-01
  outer loop
   vertex 8.56288071e+01 3.81493378e+01 5.75793190e+01
   vertex 8.64717102e+01 3.96474800e+01 5.74136238e+01
   vertex 8.63155746e+01 3.97376900e+01 5.75293922e+01
  endloop
 endfacet
 facet normal 6.82137430e-01 -2.78991610e-01 6.75908446e-01
  outer loop
   vertex 8.59054642e+01 3.79627380e+01 5.73153648e+01
   vertex 8.65944366e+01 3.95572205e+01 5.72632294e+01
   vertex 8.57837296e+01 3.80558205e+01 5.74647446e+01
  endloop
 endfacet
 facet normal 6.37931347e-01 -2.54645824e-01 7.26773083e-01
  outer loop
   vertex 8.57837296e+01 3.80558205e+01 5.74647446e+01
   vertex 8.65944366e+01 3.95572205e+01 5.72632294e+01
   vertex 8.64717102e+01 3.96474800e+01 5.74136238e+01
  endloop
 endfacet
 facet normal 7.98090219e-01 -3.35433096e-01 5.00536382e-01
  outer loop
   vertex 8.59887314e+01 3.78746376e+01 5.71392174e+01
   vertex 8.66784897e+01 3.94713211e+01 5.70862656e+01
   vertex 8.59054642e+01 3.79627380e+01 5.73153648e+01
  endloop
 endfacet
 facet normal 7.65648782e-01 -3.15018743e-01 5.60843229e-01
  outer loop
   vertex 8.59054642e+01 3.79627380e+01 5.73153648e+01
   vertex 8.66784897e+01 3.94713211e+01 5.70862656e+01
   vertex 8.65944366e+01 3.95572205e+01 5.72632294e+01
  endloop
 endfacet
 facet normal 1.30649373e-01 -3.25642936e-02 9.90893722e-01
  outer loop
   vertex 8.59342804e+01 3.98993721e+01 5.76321182e+01
   vertex 8.61334076e+01 3.98231888e+01 5.76038322e+01
   vertex 8.66106873e+01 4.14833183e+01 5.75899353e+01
  endloop
 endfacet
 facet normal 1.85945660e-01 -5.10364473e-02 9.81233656e-01
  outer loop
   vertex 8.66106873e+01 4.14833183e+01 5.75899353e+01
   vertex 8.61334076e+01 3.98231888e+01 5.76038322e+01
   vertex 8.68107376e+01 4.14107819e+01 5.75604820e+01
  endloop
 endfacet
 facet normal 3.64437997e-01 -1.24718398e-01 9.22838151e-01
  outer loop
   vertex 8.63155746e+01 3.97376900e+01 5.75293922e+01
   vertex 8.69938126e+01 4.13287773e+01 5.74850044e+01
   vertex 8.61334076e+01 3.98231888e+01 5.76038322e+01
  endloop
 endfacet
 facet normal 3.03702325e-01 -9.56317037e-02 9.47955430e-01
  outer loop
   vertex 8.61334076e+01 3.98231888e+01 5.76038322e+01
   vertex 8.69938126e+01 4.13287773e+01 5.74850044e+01
   vertex 8.68107376e+01 4.14107819e+01 5.75604820e+01
  endloop
 endfacet
 facet normal 5.41456521e-01 -2.01379389e-01 8.16254377e-01
  outer loop
   vertex 8.64717102e+01 3.96474800e+01 5.74136238e+01
   vertex 8.71507797e+01 4.12417564e+01 5.73683777e+01
   vertex 8.63155746e+01 3.97376900e+01 5.75293922e+01
  endloop
 endfacet
 facet normal 4.88817751e-01 -1.73213169e-01 8.55017185e-01
  outer loop
   vertex 8.63155746e+01 3.97376900e+01 5.75293922e+01
   vertex 8.71507797e+01 4.12417564e+01 5.73683777e+01
   vertex 8.69938126e+01 4.13287773e+01 5.74850044e+01
  endloop
 endfacet
 facet normal 6.91022038e-01 -2.67908275e-01 6.71352148e-01
  outer loop
   vertex 8.65944366e+01 3.95572205e+01 5.72632294e+01
   vertex 8.72742462e+01 4.11542282e+01 5.72173157e+01
   vertex 8.64717102e+01 3.96474800e+01 5.74136238e+01
  endloop
 endfacet
 facet normal 6.48560703e-01 -2.41849259e-01 7.21718729e-01
  outer loop
   vertex 8.64717102e+01 3.96474800e+01 5.74136238e+01
   vertex 8.72742462e+01 4.11542282e+01 5.72173157e+01
   vertex 8.71507797e+01 4.12417564e+01 5.73683777e+01
  endloop
 endfacet
 facet normal 8.07029784e-01 -3.21604580e-01 4.95250881e-01
  outer loop
   vertex 8.66784897e+01 3.94713211e+01 5.70862656e+01
   vertex 8.73589096e+01 4.10704498e+01 5.70399132e+01
   vertex 8.65944366e+01 3.95572205e+01 5.72632294e+01
  endloop
 endfacet
 facet normal 7.76485741e-01 -2.98790306e-01 5.54792106e-01
  outer loop
   vertex 8.65944366e+01 3.95572205e+01 5.72632294e+01
   vertex 8.73589096e+01 4.10704498e+01 5.70399132e+01
   vertex 8.72742462e+01 4.11542282e+01 5.72173157e+01
  endloop
 endfacet
 facet normal 1.96932435e-01 -4.57582176e-02 9.79348660e-01
  outer loop
   vertex 8.79941025e+01 4.46170044e+01 5.74655228e+01
   vertex 8.77925110e+01 4.46843491e+01 5.74973145e+01
   vertex 8.68107376e+01 4.14107819e+01 5.75604820e+01
  endloop
 endfacet
 facet normal 1.40025139e-01 -3.07857394e-02 9.89669263e-01
  outer loop
   vertex 8.68107376e+01 4.14107819e+01 5.75604820e+01
   vertex 8.77925110e+01 4.46843491e+01 5.74973145e+01
   vertex 8.66106873e+01 4.14833183e+01 5.75899353e+01
  endloop
 endfacet
 facet normal 3.76784682e-01 -1.14141814e-01 9.19241488e-01
  outer loop
   vertex 8.69938126e+01 4.13287773e+01 5.74850044e+01
   vertex 8.81785660e+01 4.45399818e+01 5.73879395e+01
   vertex 8.68107376e+01 4.14107819e+01 5.75604820e+01
  endloop
 endfacet
 facet normal 3.16575885e-01 -8.46922100e-02 9.44778800e-01
  outer loop
   vertex 8.68107376e+01 4.14107819e+01 5.75604820e+01
   vertex 8.81785660e+01 4.45399818e+01 5.73879395e+01
   vertex 8.79941025e+01 4.46170044e+01 5.74655228e+01
  endloop
 endfacet
 facet normal 5.55567503e-01 -1.84471637e-01 8.10749650e-01
  outer loop
   vertex 8.71507797e+01 4.12417564e+01 5.73683777e+01
   vertex 8.83367310e+01 4.44574623e+01 5.72695045e+01
   vertex 8.69938126e+01 4.13287773e+01 5.74850044e+01
  endloop
 endfacet
 facet normal 5.04177332e-01 -1.54455379e-01 8.49675655e-01
  outer loop
   vertex 8.69938126e+01 4.13287773e+01 5.74850044e+01
   vertex 8.83367310e+01 4.44574623e+01 5.72695045e+01
   vertex 8.81785660e+01 4.45399818e+01 5.73879395e+01
  endloop
 endfacet
 facet normal 7.06239104e-01 -2.45588198e-01 6.64012671e-01
  outer loop
   vertex 8.72742462e+01 4.11542282e+01 5.72173157e+01
   vertex 8.84611893e+01 4.43736839e+01 5.71169891e+01
   vertex 8.71507797e+01 4.12417564e+01 5.73683777e+01
  endloop
 endfacet
 facet normal 6.65755510e-01 -2.16329664e-01 7.14122593e-01
  outer loop
   vertex 8.71507797e+01 4.12417564e+01 5.73683777e+01
   vertex 8.84611893e+01 4.43736839e+01 5.71169891e+01
   vertex 8.83367310e+01 4.44574623e+01 5.72695045e+01
  endloop
 endfacet
 facet normal 8.22503328e-01 -2.94939607e-01 4.86311525e-01
  outer loop
   vertex 8.73589096e+01 4.10704498e+01 5.70399132e+01
   vertex 8.85465927e+01 4.42927513e+01 5.69384956e+01
   vertex 8.72742462e+01 4.11542282e+01 5.72173157e+01
  endloop
 endfacet
 facet normal 7.94531465e-01 -2.67726153e-01 5.45015991e-01
  outer loop
   vertex 8.72742462e+01 4.11542282e+01 5.72173157e+01
   vertex 8.85465927e+01 4.42927513e+01 5.69384956e+01
   vertex 8.84611893e+01 4.43736839e+01 5.71169891e+01
  endloop
 endfacet
 facet normal 7.00360656e-01 -6.99061573e-01 -1.44249499e-01
  outer loop
   vertex 7.06902390e+01 1.44635639e+01 6.52226257e+01
   vertex 7.08408966e+01 1.45232468e+01 6.55901642e+01
   vertex 7.08059616e+01 1.43204927e+01 6.64312592e+01
  endloop
 endfacet
 facet normal 7.23586440e-01 -6.75064981e-01 -1.43909648e-01
  outer loop
   vertex 7.08059616e+01 1.43204927e+01 6.64312592e+01
   vertex 7.08408966e+01 1.45232468e+01 6.55901642e+01
   vertex 7.09553223e+01 1.43792572e+01 6.68031769e+01
  endloop
 endfacet
 facet normal 7.62905002e-01 -6.31995857e-01 -1.36224911e-01
  outer loop
   vertex 7.08408966e+01 1.45232468e+01 6.55901642e+01
   vertex 7.09858856e+01 1.46026888e+01 6.59837952e+01
   vertex 7.09553223e+01 1.43792572e+01 6.68031769e+01
  endloop
 endfacet
 facet normal 8.08605194e-01 -5.74329376e-01 -1.27684593e-01
  outer loop
   vertex 7.09553223e+01 1.43792572e+01 6.68031769e+01
   vertex 7.09858856e+01 1.46026888e+01 6.59837952e+01
   vertex 7.10987396e+01 1.44575987e+01 6.72005920e+01
  endloop
 endfacet
 facet normal 8.95539343e-01 -4.29117233e-01 -1.17761202e-01
  outer loop
   vertex 7.09858856e+01 1.46026888e+01 6.59837952e+01
   vertex 7.10917587e+01 1.47298393e+01 6.63967209e+01
   vertex 7.10987396e+01 1.44575987e+01 6.72005920e+01
  endloop
 endfacet
 facet normal 9.56345439e-01 -2.74485320e-01 -1.00305505e-01
  outer loop
   vertex 7.10987396e+01 1.44575987e+01 6.72005920e+01
   vertex 7.10917587e+01 1.47298393e+01 6.63967209e+01
   vertex 7.12034988e+01 1.45832882e+01 6.76167679e+01
  endloop
 endfacet
 facet normal 9.71565425e-01 2.32670516e-01 -4.38759401e-02
  outer loop
   vertex 7.11239624e+01 1.49227839e+01 6.68022156e+01
   vertex 7.10537491e+01 1.51849117e+01 6.71569977e+01
   vertex 7.12357483e+01 1.47746334e+01 6.80254974e+01
  endloop
 endfacet
 facet normal 9.50120270e-01 3.10890496e-01 -2.48715468e-02
  outer loop
   vertex 7.12357483e+01 1.47746334e+01 6.80254974e+01
   vertex 7.10537491e+01 1.51849117e+01 6.71569977e+01
   vertex 7.11672211e+01 1.50357075e+01 6.83843460e+01
  endloop
 endfacet
 facet normal 8.80071223e-01 4.74621236e-01 -1.44664664e-02
  outer loop
   vertex 7.10537491e+01 1.51849117e+01 6.71569977e+01
   vertex 7.08646698e+01 1.55021982e+01 6.74073181e+01
   vertex 7.11672211e+01 1.50357075e+01 6.83843460e+01
  endloop
 endfacet
 facet normal 8.48455071e-01 5.29246688e-01 -4.67909034e-03
  outer loop
   vertex 7.11672211e+01 1.50357075e+01 6.83843460e+01
   vertex 7.08646698e+01 1.55021982e+01 6.74073181e+01
   vertex 7.09813995e+01 1.53536215e+01 6.86404266e+01
  endloop
 endfacet
 facet normal 7.78059304e-01 6.28166676e-01 -5.51179796e-03
  outer loop
   vertex 7.08646698e+01 1.55021982e+01 6.74073181e+01
   vertex 7.05576248e+01 1.58428202e+01 6.74970093e+01
   vertex 7.09813995e+01 1.53536215e+01 6.86404266e+01
  endloop
 endfacet
 facet normal 7.53267765e-01 6.57639027e-01 -9.92909726e-03
  outer loop
   vertex 7.09813995e+01 1.53536215e+01 6.86404266e+01
   vertex 7.05576248e+01 1.58428202e+01 6.74970093e+01
   vertex 7.06783295e+01 1.56980553e+01 6.87381363e+01
  endloop
 endfacet
 facet normal 7.39230454e-01 -6.61209404e-01 -1.27829835e-01
  outer loop
   vertex 7.08059616e+01 1.43204927e+01 6.64312592e+01
   vertex 7.09553223e+01 1.43792572e+01 6.68031769e+01
   vertex 7.08305130e+01 1.41009932e+01 6.73609695e+01
  endloop
 endfacet
 facet normal 8.03348303e-01 -5.87743044e-01 -9.58623514e-02
  outer loop
   vertex 7.08305130e+01 1.41009932e+01 6.73609695e+01
   vertex 7.09553223e+01 1.43792572e+01 6.68031769e+01
   vertex 7.12481308e+01 1.44164305e+01 6.85801086e+01
  endloop
 endfacet
 facet normal 9.29678679e-01 -3.58642697e-01 -8.41012001e-02
  outer loop
   vertex 7.10987396e+01 1.44575987e+01 6.72005920e+01
   vertex 7.12034988e+01 1.45832882e+01 6.76167679e+01
   vertex 7.12481308e+01 1.44164305e+01 6.85801086e+01
  endloop
 endfacet
 facet normal 9.91824448e-01 -1.18405439e-01 -4.75856215e-02
  outer loop
   vertex 7.12481308e+01 1.44164305e+01 6.85801086e+01
   vertex 7.12034988e+01 1.45832882e+01 6.76167679e+01
   vertex 7.12530060e+01 1.47166281e+01 6.92188263e+01
  endloop
 endfacet
 facet normal 9.43129659e-01 3.32423687e-01 -9.59200959e-04
  outer loop
   vertex 7.11016235e+01 1.51677694e+01 6.97306595e+01
   vertex 7.12530060e+01 1.47166281e+01 6.92188263e+01
   vertex 7.11672211e+01 1.50357075e+01 6.83843460e+01
  endloop
 endfacet
 facet normal 9.75101650e-01 2.21146047e-01 -1.64681021e-02
  outer loop
   vertex 7.11672211e+01 1.50357075e+01 6.83843460e+01
   vertex 7.12530060e+01 1.47166281e+01 6.92188263e+01
   vertex 7.12357483e+01 1.47746334e+01 6.80254974e+01
  endloop
 endfacet
 facet normal 8.16673100e-01 5.76940835e-01 -1.35762738e-02
  outer loop
   vertex 7.08164062e+01 1.55342054e+01 6.99941711e+01
   vertex 7.11016235e+01 1.51677694e+01 6.97306595e+01
   vertex 7.06783295e+01 1.56980553e+01 6.87381363e+01
  endloop
 endfacet
 facet normal 8.19957137e-01 5.72420299e-01 -2.29123374e-03
  outer loop
   vertex 7.06783295e+01 1.56980553e+01 6.87381363e+01
   vertex 7.11016235e+01 1.51677694e+01 6.97306595e+01
   vertex 7.09813995e+01 1.53536215e+01 6.86404266e+01
  endloop
 endfacet
 facet normal 8.42684984e-01 4.87724513e-01 2.28050023e-01
  outer loop
   vertex 7.08164062e+01 1.55342054e+01 6.99941711e+01
   vertex 7.09172974e+01 1.56139994e+01 7.12974548e+01
   vertex 7.11016235e+01 1.51677694e+01 6.97306595e+01
  endloop
 endfacet
 facet normal 8.63906503e-01 9.63830650e-02 4.94343907e-01
  outer loop
   vertex 7.11016235e+01 1.51677694e+01 6.97306595e+01
   vertex 7.09172974e+01 1.56139994e+01 7.12974548e+01
   vertex 7.13106232e+01 1.43486748e+01 7.10379486e+01
  endloop
 endfacet
 facet normal 2.08282202e-01 -3.98874022e-02 9.77255106e-01
  outer loop
   vertex 8.90203171e+01 4.78787270e+01 5.73704948e+01
   vertex 8.88173981e+01 4.79407539e+01 5.74044609e+01
   vertex 8.79941025e+01 4.46170044e+01 5.74655228e+01
  endloop
 endfacet
 facet normal 1.51079521e-01 -2.63671502e-02 9.88169909e-01
  outer loop
   vertex 8.79941025e+01 4.46170044e+01 5.74655228e+01
   vertex 8.88173981e+01 4.79407539e+01 5.74044609e+01
   vertex 8.77925110e+01 4.46843491e+01 5.74973145e+01
  endloop
 endfacet
 facet normal 3.91020030e-01 -9.88868475e-02 9.15054500e-01
  outer loop
   vertex 8.81785660e+01 4.45399818e+01 5.73879395e+01
   vertex 8.92059555e+01 4.78067780e+01 5.72909164e+01
   vertex 8.79941025e+01 4.46170044e+01 5.74655228e+01
  endloop
 endfacet
 facet normal 3.29273522e-01 -7.36348927e-02 9.41359043e-01
  outer loop
   vertex 8.79941025e+01 4.46170044e+01 5.74655228e+01
   vertex 8.92059555e+01 4.78067780e+01 5.72909164e+01
   vertex 8.90203171e+01 4.78787270e+01 5.73704948e+01
  endloop
 endfacet
 facet normal 5.72424948e-01 -1.60480127e-01 8.04099381e-01
  outer loop
   vertex 8.83367310e+01 4.44574623e+01 5.72695045e+01
   vertex 8.93651199e+01 4.77288361e+01 5.71707535e+01
   vertex 8.81785660e+01 4.45399818e+01 5.73879395e+01
  endloop
 endfacet
 facet normal 5.19443810e-01 -1.34351909e-01 8.43876600e-01
  outer loop
   vertex 8.81785660e+01 4.45399818e+01 5.73879395e+01
   vertex 8.93651199e+01 4.77288361e+01 5.71707535e+01
   vertex 8.92059555e+01 4.78067780e+01 5.72909164e+01
  endloop
 endfacet
 facet normal 7.24896908e-01 -2.14097977e-01 6.54741585e-01
  outer loop
   vertex 8.84611893e+01 4.43736839e+01 5.71169891e+01
   vertex 8.94903412e+01 4.76489143e+01 5.70168266e+01
   vertex 8.83367310e+01 4.44574623e+01 5.72695045e+01
  endloop
 endfacet
 facet normal 6.82951868e-01 -1.88263386e-01 7.05785871e-01
  outer loop
   vertex 8.83367310e+01 4.44574623e+01 5.72695045e+01
   vertex 8.94903412e+01 4.76489143e+01 5.70168266e+01
   vertex 8.93651199e+01 4.77288361e+01 5.71707535e+01
  endloop
 endfacet
 facet normal 8.41776371e-01 -2.57384747e-01 4.74516183e-01
  outer loop
   vertex 8.85465927e+01 4.42927513e+01 5.69384956e+01
   vertex 8.95762939e+01 4.75709305e+01 5.68372955e+01
   vertex 8.84611893e+01 4.43736839e+01 5.71169891e+01
  endloop
 endfacet
 facet normal 8.12643826e-01 -2.33021185e-01 5.34145236e-01
  outer loop
   vertex 8.84611893e+01 4.43736839e+01 5.71169891e+01
   vertex 8.95762939e+01 4.75709305e+01 5.68372955e+01
   vertex 8.94903412e+01 4.76489143e+01 5.70168266e+01
  endloop
 endfacet
 facet normal 9.17902529e-01 -2.88372129e-01 2.72573799e-01
  outer loop
   vertex 8.85897217e+01 4.42184219e+01 5.67429810e+01
   vertex 8.96196976e+01 4.74985046e+01 5.66411400e+01
   vertex 8.85465927e+01 4.42927513e+01 5.69384956e+01
  endloop
 endfacet
 facet normal 9.02728915e-01 -2.66581088e-01 3.37661117e-01
  outer loop
   vertex 8.85465927e+01 4.42927513e+01 5.69384956e+01
   vertex 8.96196976e+01 4.74985046e+01 5.66411400e+01
   vertex 8.95762939e+01 4.75709305e+01 5.68372955e+01
  endloop
 endfacet
 facet normal 2.15701446e-01 -3.42267044e-02 9.75859344e-01
  outer loop
   vertex 8.90203171e+01 4.78787270e+01 5.73704948e+01
   vertex 8.99145126e+01 5.12195625e+01 5.72889900e+01
   vertex 8.88173981e+01 4.79407539e+01 5.74044609e+01
  endloop
 endfacet
 facet normal 1.64815098e-01 -1.94369145e-02 9.86132920e-01
  outer loop
   vertex 8.88173981e+01 4.79407539e+01 5.74044609e+01
   vertex 8.99145126e+01 5.12195625e+01 5.72889900e+01
   vertex 8.97104568e+01 5.12739410e+01 5.73245544e+01
  endloop
 endfacet
 facet normal 4.03776616e-01 -8.45102519e-02 9.10945892e-01
  outer loop
   vertex 8.92059555e+01 4.78067780e+01 5.72909164e+01
   vertex 9.01014328e+01 5.11549835e+01 5.72079849e+01
   vertex 8.90203171e+01 4.78787270e+01 5.73704948e+01
  endloop
 endfacet
 facet normal 3.40970069e-01 -6.12871386e-02 9.38074231e-01
  outer loop
   vertex 8.90203171e+01 4.78787270e+01 5.73704948e+01
   vertex 9.01014328e+01 5.11549835e+01 5.72079849e+01
   vertex 8.99145126e+01 5.12195625e+01 5.72889900e+01
  endloop
 endfacet
 facet normal 5.87312400e-01 -1.37322575e-01 7.97625601e-01
  outer loop
   vertex 8.93651199e+01 4.77288361e+01 5.71707535e+01
   vertex 9.02618942e+01 5.10837517e+01 5.70866089e+01
   vertex 8.92059555e+01 4.78067780e+01 5.72909164e+01
  endloop
 endfacet
 facet normal 5.33363700e-01 -1.12725973e-01 8.38341236e-01
  outer loop
   vertex 8.92059555e+01 4.78067780e+01 5.72909164e+01
   vertex 9.02618942e+01 5.10837517e+01 5.70866089e+01
   vertex 9.01014328e+01 5.11549835e+01 5.72079849e+01
  endloop
 endfacet
 facet normal 7.41194248e-01 -1.83332324e-01 6.45771086e-01
  outer loop
   vertex 8.94903412e+01 4.76489143e+01 5.70168266e+01
   vertex 9.03883209e+01 5.10095634e+01 5.69317436e+01
   vertex 8.93651199e+01 4.77288361e+01 5.71707535e+01
  endloop
 endfacet
 facet normal 6.98518395e-01 -1.58514887e-01 6.97814524e-01
  outer loop
   vertex 8.93651199e+01 4.77288361e+01 5.71707535e+01
   vertex 9.03883209e+01 5.10095634e+01 5.69317436e+01
   vertex 9.02618942e+01 5.10837517e+01 5.70866089e+01
  endloop
 endfacet
 facet normal 8.58444035e-01 -2.20439136e-01 4.63120311e-01
  outer loop
   vertex 8.95762939e+01 4.75709305e+01 5.68372955e+01
   vertex 9.04752502e+01 5.09361229e+01 5.67515755e+01
   vertex 8.94903412e+01 4.76489143e+01 5.70168266e+01
  endloop
 endfacet
 facet normal 8.28920007e-01 -1.96579307e-01 5.23687124e-01
  outer loop
   vertex 8.94903412e+01 4.76489143e+01 5.70168266e+01
   vertex 9.04752502e+01 5.09361229e+01 5.67515755e+01
   vertex 9.03883209e+01 5.10095634e+01 5.69317436e+01
  endloop
 endfacet
 facet normal 2.26187870e-01 -2.32067034e-02 9.73807216e-01
  outer loop
   vertex 8.99145126e+01 5.12195625e+01 5.72889900e+01
   vertex 9.06400528e+01 5.46804161e+01 5.71982422e+01
   vertex 8.97104568e+01 5.12739410e+01 5.73245544e+01
  endloop
 endfacet
 facet normal 1.75107345e-01 -8.63038749e-03 9.84511495e-01
  outer loop
   vertex 8.97104568e+01 5.12739410e+01 5.73245544e+01
   vertex 9.06400528e+01 5.46804161e+01 5.71982422e+01
   vertex 9.04356384e+01 5.47286453e+01 5.72351799e+01
  endloop
 endfacet
 facet normal 4.16277140e-01 -6.39591813e-02 9.06985402e-01
  outer loop
   vertex 9.01014328e+01 5.11549835e+01 5.72079849e+01
   vertex 9.08275986e+01 5.46218758e+01 5.71163254e+01
   vertex 8.99145126e+01 5.12195625e+01 5.72889900e+01
  endloop
 endfacet
 facet normal 3.53030711e-01 -4.07569334e-02 9.34723616e-01
  outer loop
   vertex 8.99145126e+01 5.12195625e+01 5.72889900e+01
   vertex 9.08275986e+01 5.46218758e+01 5.71163254e+01
   vertex 9.06400528e+01 5.46804161e+01 5.71982422e+01
  endloop
 endfacet
 facet normal 6.01847708e-01 -1.07310280e-01 7.91368365e-01
  outer loop
   vertex 9.02618942e+01 5.10837517e+01 5.70866089e+01
   vertex 9.09889221e+01 5.45562134e+01 5.69943886e+01
   vertex 9.01014328e+01 5.11549835e+01 5.72079849e+01
  endloop
 endfacet
 facet normal 5.47513247e-01 -8.17556456e-02 8.32793653e-01
  outer loop
   vertex 9.01014328e+01 5.11549835e+01 5.72079849e+01
   vertex 9.09889221e+01 5.45562134e+01 5.69943886e+01
   vertex 9.08275986e+01 5.46218758e+01 5.71163254e+01
  endloop
 endfacet
 facet normal 2.37455145e-01 -5.51623618e-03 9.71382856e-01
  outer loop
   vertex 9.06400528e+01 5.46804161e+01 5.71982422e+01
   vertex 9.11565781e+01 5.83032227e+01 5.70756760e+01
   vertex 9.04356384e+01 5.47286453e+01 5.72351799e+01
  endloop
 endfacet
 facet normal 1.86384603e-01 6.46862015e-03 9.82455552e-01
  outer loop
   vertex 9.04356384e+01 5.47286453e+01 5.72351799e+01
   vertex 9.11565781e+01 5.83032227e+01 5.70756760e+01
   vertex 9.09521637e+01 5.83508720e+01 5.71143570e+01
  endloop
 endfacet
 facet normal 4.29016769e-01 -3.47176753e-02 9.02629077e-01
  outer loop
   vertex 9.08275986e+01 5.46218758e+01 5.71163254e+01
   vertex 9.13442841e+01 5.82454605e+01 5.69928131e+01
   vertex 9.06400528e+01 5.46804161e+01 5.71982422e+01
  endloop
 endfacet
 facet normal 3.65189224e-01 -1.40994852e-02 9.30826545e-01
  outer loop
   vertex 9.06400528e+01 5.46804161e+01 5.71982422e+01
   vertex 9.13442841e+01 5.82454605e+01 5.69928131e+01
   vertex 9.11565781e+01 5.83032227e+01 5.70756760e+01
  endloop
 endfacet
 facet normal 8.89932632e-01 -1.21964999e-01 4.39482063e-01
  outer loop
   vertex 9.12043381e+01 5.44172173e+01 5.66589241e+01
   vertex 9.17232285e+01 5.80427971e+01 5.65344658e+01
   vertex 9.11163864e+01 5.44868584e+01 5.68392067e+01
  endloop
 endfacet
 facet normal 8.59899700e-01 -9.55441594e-02 5.01441777e-01
  outer loop
   vertex 9.11163864e+01 5.44868584e+01 5.68392067e+01
   vertex 9.17232285e+01 5.80427971e+01 5.65344658e+01
   vertex 9.16343460e+01 5.81119347e+01 5.67150154e+01
  endloop
 endfacet
 facet normal 9.62761998e-01 -1.40849382e-01 2.30761290e-01
  outer loop
   vertex 9.12492371e+01 5.43506432e+01 5.64625473e+01
   vertex 9.17689972e+01 5.79764900e+01 5.63376465e+01
   vertex 9.12043381e+01 5.44172173e+01 5.66589241e+01
  endloop
 endfacet
 facet normal 9.47726369e-01 -1.15163475e-01 2.97577113e-01
  outer loop
   vertex 9.12043381e+01 5.44172173e+01 5.66589241e+01
   vertex 9.17689972e+01 5.79764900e+01 5.63376465e+01
   vertex 9.17232285e+01 5.80427971e+01 5.65344658e+01
  endloop
 endfacet
 facet normal 9.88180459e-01 -1.52740464e-01 1.30304685e-02
  outer loop
   vertex 9.12497787e+01 5.42901611e+01 5.62594643e+01
   vertex 9.17700272e+01 5.79160652e+01 5.61339264e+01
   vertex 9.12492371e+01 5.43506432e+01 5.64625473e+01
  endloop
 endfacet
 facet normal 9.88332152e-01 -1.29028261e-01 8.09401572e-02
  outer loop
   vertex 9.12492371e+01 5.43506432e+01 5.64625473e+01
   vertex 9.17700272e+01 5.79160652e+01 5.61339264e+01
   vertex 9.17689972e+01 5.79764900e+01 5.63376465e+01
  endloop
 endfacet
 facet normal 1.98627338e-01 2.21008975e-02 9.79825854e-01
  outer loop
   vertex 9.12467041e+01 6.20838623e+01 5.69694481e+01
   vertex 9.09521637e+01 5.83508720e+01 5.71143570e+01
   vertex 9.14519653e+01 6.20403061e+01 5.69284477e+01
  endloop
 endfacet
 facet normal 2.49408126e-01 1.39325885e-02 9.68298256e-01
  outer loop
   vertex 9.14519653e+01 6.20403061e+01 5.69284477e+01
   vertex 9.09521637e+01 5.83508720e+01 5.71143570e+01
   vertex 9.11565781e+01 5.83032227e+01 5.70756760e+01
  endloop
 endfacet
 facet normal 4.41140622e-01 -3.14259902e-03 8.97432506e-01
  outer loop
   vertex 9.13442841e+01 5.82454605e+01 5.69928131e+01
   vertex 9.16407242e+01 6.19867249e+01 5.68439751e+01
   vertex 9.11565781e+01 5.83032227e+01 5.70756760e+01
  endloop
 endfacet
 facet normal 3.77128631e-01 1.29093239e-02 9.26070929e-01
  outer loop
   vertex 9.11565781e+01 5.83032227e+01 5.70756760e+01
   vertex 9.16407242e+01 6.19867249e+01 5.68439751e+01
   vertex 9.14519653e+01 6.20403061e+01 5.69284477e+01
  endloop
 endfacet
 facet normal 7.85053492e-01 -4.56209928e-02 6.17745697e-01
  outer loop
   vertex 9.16343460e+01 5.81119347e+01 5.67150154e+01
   vertex 9.19337769e+01 6.18605080e+01 5.65640945e+01
   vertex 9.15060959e+01 5.81806068e+01 5.68704338e+01
  endloop
 endfacet
 facet normal 7.40300655e-01 -2.30369326e-02 6.71881139e-01
  outer loop
   vertex 9.15060959e+01 5.81806068e+01 5.68704338e+01
   vertex 9.19337769e+01 6.18605080e+01 5.65640945e+01
   vertex 9.18039017e+01 6.19257851e+01 5.67204437e+01
  endloop
 endfacet
 facet normal 9.01805341e-01 -6.43896461e-02 4.27318484e-01
  outer loop
   vertex 9.17232285e+01 5.80427971e+01 5.65344658e+01
   vertex 9.20243301e+01 6.17940140e+01 5.63826370e+01
   vertex 9.16343460e+01 5.81119347e+01 5.67150154e+01
  endloop
 endfacet
 facet normal 8.70739460e-01 -4.02771868e-02 4.90092367e-01
  outer loop
   vertex 9.16343460e+01 5.81119347e+01 5.67150154e+01
   vertex 9.20243301e+01 6.17940140e+01 5.63826370e+01
   vertex 9.19337769e+01 6.18605080e+01 5.65640945e+01
  endloop
 endfacet
 facet normal 9.72961247e-01 -7.99981207e-02 2.16671795e-01
  outer loop
   vertex 9.17689972e+01 5.79764900e+01 5.63376465e+01
   vertex 9.20715714e+01 6.17294846e+01 5.61848373e+01
   vertex 9.17232285e+01 5.80427971e+01 5.65344658e+01
  endloop
 endfacet
 facet normal 9.57074285e-01 -5.56465685e-02 2.84450769e-01
  outer loop
   vertex 9.17232285e+01 5.80427971e+01 5.65344658e+01
   vertex 9.20715714e+01 6.17294846e+01 5.61848373e+01
   vertex 9.20243301e+01 6.17940140e+01 5.63826370e+01
  endloop
 endfacet
 facet normal 9.95797336e-01 -9.15552676e-02 -2.29506614e-03
  outer loop
   vertex 9.17700272e+01 5.79160652e+01 5.61339264e+01
   vertex 9.20735550e+01 6.16699333e+01 5.59800682e+01
   vertex 9.17689972e+01 5.79764900e+01 5.63376465e+01
  endloop
 endfacet
 facet normal 9.95444536e-01 -6.82100579e-02 6.66151494e-02
  outer loop
   vertex 9.17689972e+01 5.79764900e+01 5.63376465e+01
   vertex 9.20735550e+01 6.16699333e+01 5.59800682e+01
   vertex 9.20715714e+01 6.17294846e+01 5.61848373e+01
  endloop
 endfacet
 facet normal 2.10797027e-01 3.77979837e-02 9.76798832e-01
  outer loop
   vertex 9.13177261e+01 6.58664627e+01 5.68067932e+01
   vertex 9.12467041e+01 6.20838623e+01 5.69694481e+01
   vertex 9.15241241e+01 6.58402252e+01 5.67627678e+01
  endloop
 endfacet
 facet normal 2.61538833e-01 3.28248776e-02 9.64634597e-01
  outer loop
   vertex 9.15241241e+01 6.58402252e+01 5.67627678e+01
   vertex 9.12467041e+01 6.20838623e+01 5.69694481e+01
   vertex 9.14519653e+01 6.20403061e+01 5.69284477e+01
  endloop
 endfacet
 facet normal 4.52522278e-01 2.71297004e-02 8.91340315e-01
  outer loop
   vertex 9.16407242e+01 6.19867249e+01 5.68439751e+01
   vertex 9.17143478e+01 6.58035202e+01 5.66753883e+01
   vertex 9.14519653e+01 6.20403061e+01 5.69284477e+01
  endloop
 endfacet
 facet normal 3.88453037e-01 3.89357135e-02 9.20645535e-01
  outer loop
   vertex 9.14519653e+01 6.20403061e+01 5.69284477e+01
   vertex 9.17143478e+01 6.58035202e+01 5.66753883e+01
   vertex 9.15241241e+01 6.58402252e+01 5.67627678e+01
  endloop
 endfacet
 facet normal 6.39117002e-01 1.62957478e-02 7.68936872e-01
  outer loop
   vertex 9.18039017e+01 6.19257851e+01 5.67204437e+01
   vertex 9.18791428e+01 6.57582016e+01 5.65492401e+01
   vertex 9.16407242e+01 6.19867249e+01 5.68439751e+01
  endloop
 endfacet
 facet normal 5.82924664e-01 3.23441476e-02 8.11882198e-01
  outer loop
   vertex 9.16407242e+01 6.19867249e+01 5.68439751e+01
   vertex 9.18791428e+01 6.57582016e+01 5.65492401e+01
   vertex 9.17143478e+01 6.58035202e+01 5.66753883e+01
  endloop
 endfacet
 facet normal 9.09470856e-01 -8.38237908e-03 4.15683210e-01
  outer loop
   vertex 9.20243301e+01 6.17940140e+01 5.63826370e+01
   vertex 9.21028214e+01 6.56510544e+01 5.62076530e+01
   vertex 9.19337769e+01 6.18605080e+01 5.65640945e+01
  endloop
 endfacet
 facet normal 8.77722681e-01 1.35307256e-02 4.78977948e-01
  outer loop
   vertex 9.19337769e+01 6.18605080e+01 5.65640945e+01
   vertex 9.21028214e+01 6.56510544e+01 5.62076530e+01
   vertex 9.20106735e+01 6.57065277e+01 5.63907127e+01
  endloop
 endfacet
 facet normal 9.78737593e-01 -2.06930041e-02 2.04069883e-01
  outer loop
   vertex 9.20715714e+01 6.17294846e+01 5.61848373e+01
   vertex 9.21514435e+01 6.55944443e+01 5.60089531e+01
   vertex 9.20243301e+01 6.17940140e+01 5.63826370e+01
  endloop
 endfacet
 facet normal 9.62150633e-01 2.45952490e-03 2.72507191e-01
  outer loop
   vertex 9.20243301e+01 6.17940140e+01 5.63826370e+01
   vertex 9.21514435e+01 6.55944443e+01 5.60089531e+01
   vertex 9.21028214e+01 6.56510544e+01 5.62076530e+01
  endloop
 endfacet
 facet normal 9.99371707e-01 -3.19086835e-02 -1.54273985e-02
  outer loop
   vertex 9.20735550e+01 6.16699333e+01 5.59800682e+01
   vertex 9.21545334e+01 6.55393600e+01 5.58040962e+01
   vertex 9.20715714e+01 6.17294846e+01 5.61848373e+01
  endloop
 endfacet
 facet normal 9.98489797e-01 -8.74054804e-03 5.42372540e-02
  outer loop
   vertex 9.20715714e+01 6.17294846e+01 5.61848373e+01
   vertex 9.21545334e+01 6.55393600e+01 5.58040962e+01
   vertex 9.21514435e+01 6.55944443e+01 5.60089531e+01
  endloop
 endfacet
 facet normal 9.79708016e-01 -3.99845429e-02 -1.96401268e-01
  outer loop
   vertex 9.20305328e+01 6.16180763e+01 5.57778969e+01
   vertex 9.21122894e+01 6.54883728e+01 5.56026993e+01
   vertex 9.20735550e+01 6.16699333e+01 5.59800682e+01
  endloop
 endfacet
 facet normal 9.89035130e-01 -1.85327251e-02 -1.46513149e-01
  outer loop
   vertex 9.20735550e+01 6.16699333e+01 5.59800682e+01
   vertex 9.21122894e+01 6.54883728e+01 5.56026993e+01
   vertex 9.21545334e+01 6.55393600e+01 5.58040962e+01
  endloop
 endfacet
 facet normal 2.21557513e-01 5.46601564e-02 9.73614156e-01
  outer loop
   vertex 9.11724930e+01 6.94944916e+01 5.66395454e+01
   vertex 9.13177261e+01 6.58664627e+01 5.68067932e+01
   vertex 9.13784409e+01 6.94893951e+01 5.65925522e+01
  endloop
 endfacet
 facet normal 2.72578955e-01 5.24211377e-02 9.60704267e-01
  outer loop
   vertex 9.13784409e+01 6.94893951e+01 5.65925522e+01
   vertex 9.13177261e+01 6.58664627e+01 5.68067932e+01
   vertex 9.15241241e+01 6.58402252e+01 5.67627678e+01
  endloop
 endfacet
 facet normal 4.62378502e-01 5.78929782e-02 8.84790659e-01
  outer loop
   vertex 9.17143478e+01 6.58035202e+01 5.66753883e+01
   vertex 9.15686417e+01 6.94733505e+01 5.65022507e+01
   vertex 9.15241241e+01 6.58402252e+01 5.67627678e+01
  endloop
 endfacet
 facet normal 3.98017704e-01 6.65188357e-02 9.14962947e-01
  outer loop
   vertex 9.15241241e+01 6.58402252e+01 5.67627678e+01
   vertex 9.15686417e+01 6.94733505e+01 5.65022507e+01
   vertex 9.13784409e+01 6.94893951e+01 5.65925522e+01
  endloop
 endfacet
 facet normal 6.47242546e-01 5.79608232e-02 7.60077417e-01
  outer loop
   vertex 9.18791428e+01 6.57582016e+01 5.65492401e+01
   vertex 9.17337494e+01 6.94472351e+01 5.63734169e+01
   vertex 9.17143478e+01 6.58035202e+01 5.66753883e+01
  endloop
 endfacet
 facet normal 5.90750694e-01 7.17018321e-02 8.03661883e-01
  outer loop
   vertex 9.17143478e+01 6.58035202e+01 5.66753883e+01
   vertex 9.17337494e+01 6.94472351e+01 5.63734169e+01
   vertex 9.15686417e+01 6.94733505e+01 5.65022507e+01
  endloop
 endfacet
 facet normal 9.13267672e-01 4.84724902e-02 4.04465795e-01
  outer loop
   vertex 9.21028214e+01 6.56510544e+01 5.62076530e+01
   vertex 9.19587479e+01 6.93705597e+01 5.60279160e+01
   vertex 9.20106735e+01 6.57065277e+01 5.63907127e+01
  endloop
 endfacet
 facet normal 8.80937815e-01 7.01933950e-02 4.67997342e-01
  outer loop
   vertex 9.20106735e+01 6.57065277e+01 5.63907127e+01
   vertex 9.19587479e+01 6.93705597e+01 5.60279160e+01
   vertex 9.18658524e+01 6.94123764e+01 5.62126312e+01
  endloop
 endfacet
 facet normal 9.80490327e-01 3.96048427e-02 1.92536131e-01
  outer loop
   vertex 9.21514435e+01 6.55944443e+01 5.60089531e+01
   vertex 9.20082092e+01 6.93238068e+01 5.58283272e+01
   vertex 9.21028214e+01 6.56510544e+01 5.62076530e+01
  endloop
 endfacet
 facet normal 9.63196576e-01 6.37006834e-02 2.61141002e-01
  outer loop
   vertex 9.21028214e+01 6.56510544e+01 5.62076530e+01
   vertex 9.20082092e+01 6.93238068e+01 5.58283272e+01
   vertex 9.19587479e+01 6.93705597e+01 5.60279160e+01
  endloop
 endfacet
 facet normal 9.99218404e-01 2.88158711e-02 -2.70600114e-02
  outer loop
   vertex 9.21545334e+01 6.55393600e+01 5.58040962e+01
   vertex 9.20121918e+01 6.92743988e+01 5.56234589e+01
   vertex 9.21514435e+01 6.55944443e+01 5.60089531e+01
  endloop
 endfacet
 facet normal 9.97623920e-01 5.40066883e-02 4.27762158e-02
  outer loop
   vertex 9.21514435e+01 6.55944443e+01 5.60089531e+01
   vertex 9.20121918e+01 6.92743988e+01 5.56234589e+01
   vertex 9.20082092e+01 6.93238068e+01 5.58283272e+01
  endloop
 endfacet
 facet normal 9.77953136e-01 1.86033752e-02 -2.07994178e-01
  outer loop
   vertex 9.21122894e+01 6.54883728e+01 5.56026993e+01
   vertex 9.19708328e+01 6.92246857e+01 5.54230080e+01
   vertex 9.21545334e+01 6.55393600e+01 5.58040962e+01
  endloop
 endfacet
 facet normal 9.86517787e-01 4.27703559e-02 -1.57966286e-01
  outer loop
   vertex 9.21545334e+01 6.55393600e+01 5.58040962e+01
   vertex 9.19708328e+01 6.92246857e+01 5.54230080e+01
   vertex 9.20121918e+01 6.92743988e+01 5.56234589e+01
  endloop
 endfacet
 facet normal 2.29939431e-01 7.15034828e-02 9.70574617e-01
  outer loop
   vertex 9.08072586e+01 7.27658005e+01 5.64821701e+01
   vertex 9.11724930e+01 6.94944916e+01 5.66395454e+01
   vertex 9.10119019e+01 7.27758560e+01 5.64325485e+01
  endloop
 endfacet
 facet normal 2.81302392e-01 7.28393346e-02 9.56850767e-01
  outer loop
   vertex 9.10119019e+01 7.27758560e+01 5.64325485e+01
   vertex 9.11724930e+01 6.94944916e+01 5.66395454e+01
   vertex 9.13784409e+01 6.94893951e+01 5.65925522e+01
  endloop
 endfacet
 facet normal 4.69331086e-01 9.02342647e-02 8.78399730e-01
  outer loop
   vertex 9.15686417e+01 6.94733505e+01 5.65022507e+01
   vertex 9.12011185e+01 7.27748184e+01 5.63398628e+01
   vertex 9.13784409e+01 6.94893951e+01 5.65925522e+01
  endloop
 endfacet
 facet normal 4.04441774e-01 9.44862217e-02 9.09669816e-01
  outer loop
   vertex 9.13784409e+01 6.94893951e+01 5.65925522e+01
   vertex 9.12011185e+01 7.27748184e+01 5.63398628e+01
   vertex 9.10119019e+01 7.27758560e+01 5.64325485e+01
  endloop
 endfacet
 facet normal 6.51867211e-01 1.01795994e-01 7.51469731e-01
  outer loop
   vertex 9.17337494e+01 6.94472351e+01 5.63734169e+01
   vertex 9.13656464e+01 7.27627792e+01 5.62089157e+01
   vertex 9.15686417e+01 6.94733505e+01 5.65022507e+01
  endloop
 endfacet
 facet normal 5.94821811e-01 1.11703843e-01 7.96058595e-01
  outer loop
   vertex 9.15686417e+01 6.94733505e+01 5.65022507e+01
   vertex 9.13656464e+01 7.27627792e+01 5.62089157e+01
   vertex 9.12011185e+01 7.27748184e+01 5.63398628e+01
  endloop
 endfacet
 facet normal 9.12813365e-01 1.08431682e-01 3.93718660e-01
  outer loop
   vertex 9.19587479e+01 6.93705597e+01 5.60279160e+01
   vertex 9.15906296e+01 7.27088318e+01 5.58601074e+01
   vertex 9.18658524e+01 6.94123764e+01 5.62126312e+01
  endloop
 endfacet
 facet normal 8.79778683e-01 1.27997950e-01 4.57827508e-01
  outer loop
   vertex 9.18658524e+01 6.94123764e+01 5.62126312e+01
   vertex 9.15906296e+01 7.27088318e+01 5.58601074e+01
   vertex 9.14975662e+01 7.27404022e+01 5.60463104e+01
  endloop
 endfacet
 facet normal 9.77931857e-01 1.03328928e-01 1.81582958e-01
  outer loop
   vertex 9.20082092e+01 6.93238068e+01 5.58283272e+01
   vertex 9.16405258e+01 7.26696167e+01 5.56594162e+01
   vertex 9.19587479e+01 6.93705597e+01 5.60279160e+01
  endloop
 endfacet
 facet normal 9.59811449e-01 1.26333728e-01 2.50602871e-01
  outer loop
   vertex 9.19587479e+01 6.93705597e+01 5.60279160e+01
   vertex 9.16405258e+01 7.26696167e+01 5.56594162e+01
   vertex 9.15906296e+01 7.27088318e+01 5.58601074e+01
  endloop
 endfacet
 facet normal 9.94927049e-01 9.31352973e-02 -3.80266793e-02
  outer loop
   vertex 9.20121918e+01 6.92743988e+01 5.56234589e+01
   vertex 9.16451263e+01 7.26246796e+01 5.54539070e+01
   vertex 9.20082092e+01 6.93238068e+01 5.58283272e+01
  endloop
 endfacet
 facet normal 9.92450118e-01 1.18356660e-01 3.21632028e-02
  outer loop
   vertex 9.20082092e+01 6.93238068e+01 5.58283272e+01
   vertex 9.16451263e+01 7.26246796e+01 5.54539070e+01
   vertex 9.16405258e+01 7.26696167e+01 5.56594162e+01
  endloop
 endfacet
 facet normal 9.79999065e-01 1.05852976e-01 -1.68514147e-01
  outer loop
   vertex 9.16451263e+01 7.26246796e+01 5.54539070e+01
   vertex 9.20121918e+01 6.92743988e+01 5.56234589e+01
   vertex 9.16044235e+01 7.25761948e+01 5.52533646e+01
  endloop
 endfacet
 facet normal 9.72397745e-01 8.08419734e-02 -2.18877077e-01
  outer loop
   vertex 9.16044235e+01 7.25761948e+01 5.52533646e+01
   vertex 9.20121918e+01 6.92743988e+01 5.56234589e+01
   vertex 9.19708328e+01 6.92246857e+01 5.54230080e+01
  endloop
 endfacet
 facet normal 2.87599891e-01 9.05417204e-02 9.53461349e-01
  outer loop
   vertex 9.10119019e+01 7.27758560e+01 5.64325485e+01
   vertex 9.04850082e+01 7.58560791e+01 5.62808228e+01
   vertex 9.08072586e+01 7.27658005e+01 5.64821701e+01
  endloop
 endfacet
 facet normal 2.36440212e-01 8.47585946e-02 9.67942178e-01
  outer loop
   vertex 9.08072586e+01 7.27658005e+01 5.64821701e+01
   vertex 9.04850082e+01 7.58560791e+01 5.62808228e+01
   vertex 9.02822952e+01 7.58326340e+01 5.63329163e+01
  endloop
 endfacet
 facet normal 4.73134607e-01 1.18562482e-01 8.72975707e-01
  outer loop
   vertex 9.12011185e+01 7.27748184e+01 5.63398628e+01
   vertex 9.06724396e+01 7.58682861e+01 5.61858063e+01
   vertex 9.10119019e+01 7.27758560e+01 5.64325485e+01
  endloop
 endfacet
 facet normal 4.08486396e-01 1.16178386e-01 9.05340493e-01
  outer loop
   vertex 9.10119019e+01 7.27758560e+01 5.64325485e+01
   vertex 9.06724396e+01 7.58682861e+01 5.61858063e+01
   vertex 9.04850082e+01 7.58560791e+01 5.62808228e+01
  endloop
 endfacet
 facet normal 6.52929485e-01 1.40503958e-01 7.44272590e-01
  outer loop
   vertex 9.13656464e+01 7.27627792e+01 5.62089157e+01
   vertex 9.08354568e+01 7.58687286e+01 5.60527344e+01
   vertex 9.12011185e+01 7.27748184e+01 5.63398628e+01
  endloop
 endfacet
 facet normal 5.96181571e-01 1.43120542e-01 7.89989889e-01
  outer loop
   vertex 9.12011185e+01 7.27748184e+01 5.63398628e+01
   vertex 9.08354568e+01 7.58687286e+01 5.60527344e+01
   vertex 9.06724396e+01 7.58682861e+01 5.61858063e+01
  endloop
 endfacet
 facet normal 9.71833587e-01 1.60569668e-01 1.72501817e-01
  outer loop
   vertex 9.16405258e+01 7.26696167e+01 5.56594162e+01
   vertex 9.11079559e+01 7.58024902e+01 5.54987793e+01
   vertex 9.15906296e+01 7.27088318e+01 5.58601074e+01
  endloop
 endfacet
 facet normal 9.53890324e-01 1.76683396e-01 2.42644325e-01
  outer loop
   vertex 9.15906296e+01 7.27088318e+01 5.58601074e+01
   vertex 9.11079559e+01 7.58024902e+01 5.54987793e+01
   vertex 9.10584488e+01 7.58349609e+01 5.57005844e+01
  endloop
 endfacet
 facet normal 9.87372339e-01 1.51244521e-01 -4.71267998e-02
  outer loop
   vertex 9.16451263e+01 7.26246796e+01 5.54539070e+01
   vertex 9.11125412e+01 7.57616119e+01 5.52926025e+01
   vertex 9.16405258e+01 7.26696167e+01 5.56594162e+01
  endloop
 endfacet
 facet normal 9.85063553e-01 1.70481086e-01 2.42081247e-02
  outer loop
   vertex 9.16405258e+01 7.26696167e+01 5.56594162e+01
   vertex 9.11125412e+01 7.57616119e+01 5.52926025e+01
   vertex 9.11079559e+01 7.58024902e+01 5.54987793e+01
  endloop
 endfacet
 facet normal 9.63918924e-01 1.37569785e-01 -2.27892146e-01
  outer loop
   vertex 9.16044235e+01 7.25761948e+01 5.52533646e+01
   vertex 9.10722122e+01 7.57143097e+01 5.50918655e+01
   vertex 9.16451263e+01 7.26246796e+01 5.54539070e+01
  endloop
 endfacet
 facet normal 9.71634388e-01 1.57470763e-01 -1.76435620e-01
  outer loop
   vertex 9.16451263e+01 7.26246796e+01 5.54539070e+01
   vertex 9.10722122e+01 7.57143097e+01 5.50918655e+01
   vertex 9.11125412e+01 7.57616119e+01 5.52926025e+01
  endloop
 endfacet
 facet normal 2.92348683e-01 1.04636371e-01 9.50570107e-01
  outer loop
   vertex 9.04850082e+01 7.58560791e+01 5.62808228e+01
   vertex 8.98596191e+01 7.88875046e+01 5.61352348e+01
   vertex 9.02822952e+01 7.58326340e+01 5.63329163e+01
  endloop
 endfacet
 facet normal 2.41350666e-01 9.71478894e-02 9.65563118e-01
  outer loop
   vertex 9.02822952e+01 7.58326340e+01 5.63329163e+01
   vertex 8.98596191e+01 7.88875046e+01 5.61352348e+01
   vertex 8.96605072e+01 7.88485336e+01 5.61892929e+01
  endloop
 endfacet
 facet normal 4.75341380e-01 1.40103146e-01 8.68574500e-01
  outer loop
   vertex 9.06724396e+01 7.58682861e+01 5.61858063e+01
   vertex 9.00437164e+01 7.89150009e+01 5.60382919e+01
   vertex 9.04850082e+01 7.58560791e+01 5.62808228e+01
  endloop
 endfacet
 facet normal 4.11182970e-01 1.34607762e-01 9.01559353e-01
  outer loop
   vertex 9.04850082e+01 7.58560791e+01 5.62808228e+01
   vertex 9.00437164e+01 7.89150009e+01 5.60382919e+01
   vertex 8.98596191e+01 7.88875046e+01 5.61352348e+01
  endloop
 endfacet
 facet normal 6.52406693e-01 1.69679523e-01 7.38630056e-01
  outer loop
   vertex 9.08354568e+01 7.58687286e+01 5.60527344e+01
   vertex 9.02037735e+01 7.89297485e+01 5.59034309e+01
   vertex 9.06724396e+01 7.58682861e+01 5.61858063e+01
  endloop
 endfacet
 facet normal 5.96205056e-01 1.69043273e-01 7.84833670e-01
  outer loop
   vertex 9.06724396e+01 7.58682861e+01 5.61858063e+01
   vertex 9.02037735e+01 7.89297485e+01 5.59034309e+01
   vertex 9.00437164e+01 7.89150009e+01 5.60382919e+01
  endloop
 endfacet
 facet normal 7.97460675e-01 1.90717220e-01 5.72436333e-01
  outer loop
   vertex 9.09661942e+01 7.58574142e+01 5.58882828e+01
   vertex 9.03320236e+01 7.89310379e+01 5.57374458e+01
   vertex 9.08354568e+01 7.58687286e+01 5.60527344e+01
  endloop
 endfacet
 facet normal 7.51970589e-01 1.95010513e-01 6.29691303e-01
  outer loop
   vertex 9.08354568e+01 7.58687286e+01 5.60527344e+01
   vertex 9.03320236e+01 7.89310379e+01 5.57374458e+01
   vertex 9.02037735e+01 7.89297485e+01 5.59034309e+01
  endloop
 endfacet
 facet normal 2.94919193e-01 1.21150918e-01 9.47810709e-01
  outer loop
   vertex 8.98596191e+01 7.88875046e+01 5.61352348e+01
   vertex 8.90760803e+01 8.19682999e+01 5.59773903e+01
   vertex 8.96605072e+01 7.88485336e+01 5.61892929e+01
  endloop
 endfacet
 facet normal 2.43554339e-01 1.13586463e-01 9.63213086e-01
  outer loop
   vertex 8.96605072e+01 7.88485336e+01 5.61892929e+01
   vertex 8.90760803e+01 8.19682999e+01 5.59773903e+01
   vertex 8.88813553e+01 8.19150238e+01 5.60330849e+01
  endloop
 endfacet
 facet normal 4.75515217e-01 1.63530529e-01 8.64374340e-01
  outer loop
   vertex 9.00437164e+01 7.89150009e+01 5.60382919e+01
   vertex 8.92561035e+01 8.20098190e+01 5.58789558e+01
   vertex 8.98596191e+01 7.88875046e+01 5.61352348e+01
  endloop
 endfacet
 facet normal 4.11062270e-01 1.57864764e-01 8.97834361e-01
  outer loop
   vertex 8.98596191e+01 7.88875046e+01 5.61352348e+01
   vertex 8.92561035e+01 8.20098190e+01 5.58789558e+01
   vertex 8.90760803e+01 8.19682999e+01 5.59773903e+01
  endloop
 endfacet
 facet normal 6.49857521e-01 2.00007051e-01 7.33268321e-01
  outer loop
   vertex 9.02037735e+01 7.89297485e+01 5.59034309e+01
   vertex 8.94125900e+01 8.20375748e+01 5.57427750e+01
   vertex 9.00437164e+01 7.89150009e+01 5.60382919e+01
  endloop
 endfacet
 facet normal 5.93281567e-01 1.99975997e-01 7.79760599e-01
  outer loop
   vertex 9.00437164e+01 7.89150009e+01 5.60382919e+01
   vertex 8.94125900e+01 8.20375748e+01 5.57427750e+01
   vertex 8.92561035e+01 8.20098190e+01 5.58789558e+01
  endloop
 endfacet
 facet normal 2.95589149e-01 1.45792410e-01 9.44124818e-01
  outer loop
   vertex 8.80732956e+01 8.51951523e+01 5.57891273e+01
   vertex 8.78821259e+01 8.51315765e+01 5.58466682e+01
   vertex 8.90760803e+01 8.19682999e+01 5.59773903e+01
  endloop
 endfacet
 facet normal 2.44787514e-01 1.23589449e-01 9.61667657e-01
  outer loop
   vertex 8.90760803e+01 8.19682999e+01 5.59773903e+01
   vertex 8.78821259e+01 8.51315765e+01 5.58466682e+01
   vertex 8.88813553e+01 8.19150238e+01 5.60330849e+01
  endloop
 endfacet
 facet normal 4.72778261e-01 1.91163972e-01 8.60195935e-01
  outer loop
   vertex 8.92561035e+01 8.20098190e+01 5.58789558e+01
   vertex 8.82499771e+01 8.52464981e+01 5.56890373e+01
   vertex 8.90760803e+01 8.19682999e+01 5.59773903e+01
  endloop
 endfacet
 facet normal 4.08960611e-01 1.82198778e-01 8.94178271e-01
  outer loop
   vertex 8.90760803e+01 8.19682999e+01 5.59773903e+01
   vertex 8.82499771e+01 8.52464981e+01 5.56890373e+01
   vertex 8.80732956e+01 8.51951523e+01 5.57891273e+01
  endloop
 endfacet
 facet normal 6.44172728e-01 2.34930664e-01 7.27907360e-01
  outer loop
   vertex 8.94125900e+01 8.20375748e+01 5.57427750e+01
   vertex 8.84035339e+01 8.52831192e+01 5.55514297e+01
   vertex 8.92561035e+01 8.20098190e+01 5.58789558e+01
  endloop
 endfacet
 facet normal 5.88108182e-01 2.31778786e-01 7.74859607e-01
  outer loop
   vertex 8.92561035e+01 8.20098190e+01 5.58789558e+01
   vertex 8.84035339e+01 8.52831192e+01 5.55514297e+01
   vertex 8.82499771e+01 8.52464981e+01 5.56890373e+01
  endloop
 endfacet
 facet normal 7.84041107e-01 2.67076492e-01 5.60312152e-01
  outer loop
   vertex 8.95379410e+01 8.20502472e+01 5.55756760e+01
   vertex 8.85265045e+01 8.53032684e+01 5.53831444e+01
   vertex 8.94125900e+01 8.20375748e+01 5.57427750e+01
  endloop
 endfacet
 facet normal 7.38419235e-01 2.69887954e-01 6.17978573e-01
  outer loop
   vertex 8.94125900e+01 8.20375748e+01 5.57427750e+01
   vertex 8.85265045e+01 8.53032684e+01 5.53831444e+01
   vertex 8.84035339e+01 8.52831192e+01 5.55514297e+01
  endloop
 endfacet
 facet normal 2.96611786e-01 1.61194757e-01 9.41295743e-01
  outer loop
   vertex 8.69346466e+01 8.84287033e+01 5.55884666e+01
   vertex 8.67457581e+01 8.83587570e+01 5.56479454e+01
   vertex 8.80732956e+01 8.51951523e+01 5.57891273e+01
  endloop
 endfacet
 facet normal 2.46154353e-01 1.38895288e-01 9.59226847e-01
  outer loop
   vertex 8.80732956e+01 8.51951523e+01 5.57891273e+01
   vertex 8.67457581e+01 8.83587570e+01 5.56479454e+01
   vertex 8.78821259e+01 8.51315765e+01 5.58466682e+01
  endloop
 endfacet
 facet normal 4.69949841e-01 2.14680269e-01 8.56188953e-01
  outer loop
   vertex 8.82499771e+01 8.52464981e+01 5.56890373e+01
   vertex 8.71091232e+01 8.84859314e+01 5.54866371e+01
   vertex 8.80732956e+01 8.51951523e+01 5.57891273e+01
  endloop
 endfacet
 facet normal 4.07935888e-01 2.01010182e-01 8.90608370e-01
  outer loop
   vertex 8.80732956e+01 8.51951523e+01 5.57891273e+01
   vertex 8.71091232e+01 8.84859314e+01 5.54866371e+01
   vertex 8.69346466e+01 8.84287033e+01 5.55884666e+01
  endloop
 endfacet
 facet normal 6.38290286e-01 2.64529765e-01 7.22917378e-01
  outer loop
   vertex 8.84035339e+01 8.52831192e+01 5.55514297e+01
   vertex 8.72607040e+01 8.85276718e+01 5.53475227e+01
   vertex 8.82499771e+01 8.52464981e+01 5.56890373e+01
  endloop
 endfacet
 facet normal 5.83939850e-01 2.56391853e-01 7.70245075e-01
  outer loop
   vertex 8.82499771e+01 8.52464981e+01 5.56890373e+01
   vertex 8.72607040e+01 8.85276718e+01 5.53475227e+01
   vertex 8.71091232e+01 8.84859314e+01 5.54866371e+01
  endloop
 endfacet
 facet normal 7.75528073e-01 3.01367164e-01 5.54737806e-01
  outer loop
   vertex 8.85265045e+01 8.53032684e+01 5.53831444e+01
   vertex 8.73820724e+01 8.85519409e+01 5.51779671e+01
   vertex 8.84035339e+01 8.52831192e+01 5.55514297e+01
  endloop
 endfacet
 facet normal 7.31476545e-01 2.99165547e-01 6.12733245e-01
  outer loop
   vertex 8.84035339e+01 8.52831192e+01 5.55514297e+01
   vertex 8.73820724e+01 8.85519409e+01 5.51779671e+01
   vertex 8.72607040e+01 8.85276718e+01 5.53475227e+01
  endloop
 endfacet
 facet normal 2.49071971e-01 1.50125057e-01 9.56778765e-01
  outer loop
   vertex 8.67457581e+01 8.83587570e+01 5.56479454e+01
   vertex 8.69346466e+01 8.84287033e+01 5.55884666e+01
   vertex 8.55559845e+01 9.14575729e+01 5.54546547e+01
  endloop
 endfacet
 facet normal 2.98852652e-01 1.73189551e-01 9.38452184e-01
  outer loop
   vertex 8.55559845e+01 9.14575729e+01 5.54546547e+01
   vertex 8.69346466e+01 8.84287033e+01 5.55884666e+01
   vertex 8.57441406e+01 9.15298767e+01 5.53933792e+01
  endloop
 endfacet
 facet normal 4.68859673e-01 2.31980756e-01 8.52264941e-01
  outer loop
   vertex 8.71091232e+01 8.84859314e+01 5.54866371e+01
   vertex 8.59177856e+01 9.15891724e+01 5.52899551e+01
   vertex 8.69346466e+01 8.84287033e+01 5.55884666e+01
  endloop
 endfacet
 facet normal 4.08219278e-01 2.15710029e-01 8.87032270e-01
  outer loop
   vertex 8.69346466e+01 8.84287033e+01 5.55884666e+01
   vertex 8.59177856e+01 9.15891724e+01 5.52899551e+01
   vertex 8.57441406e+01 9.15298767e+01 5.53933792e+01
  endloop
 endfacet
 facet normal 6.34197354e-01 2.86339164e-01 7.18194664e-01
  outer loop
   vertex 8.72607040e+01 8.85276718e+01 5.53475227e+01
   vertex 8.60685501e+01 9.16326370e+01 5.51494637e+01
   vertex 8.71091232e+01 8.84859314e+01 5.54866371e+01
  endloop
 endfacet
 facet normal 5.81102550e-01 2.75584728e-01 7.65749872e-01
  outer loop
   vertex 8.71091232e+01 8.84859314e+01 5.54866371e+01
   vertex 8.60685501e+01 9.16326370e+01 5.51494637e+01
   vertex 8.59177856e+01 9.15891724e+01 5.52899551e+01
  endloop
 endfacet
 facet normal 7.68864512e-01 3.26723158e-01 5.49635649e-01
  outer loop
   vertex 8.73820724e+01 8.85519409e+01 5.51779671e+01
   vertex 8.61892090e+01 9.16581879e+01 5.49787827e+01
   vertex 8.72607040e+01 8.85276718e+01 5.53475227e+01
  endloop
 endfacet
 facet normal 7.25911319e-01 3.22024107e-01 6.07744336e-01
  outer loop
   vertex 8.72607040e+01 8.85276718e+01 5.53475227e+01
   vertex 8.61892090e+01 9.16581879e+01 5.49787827e+01
   vertex 8.60685501e+01 9.16326370e+01 5.51494637e+01
  endloop
 endfacet
 facet normal 8.66488636e-01 3.51225317e-01 3.54736775e-01
  outer loop
   vertex 8.74673920e+01 8.85575867e+01 5.49862862e+01
   vertex 8.62740250e+01 9.16646423e+01 5.47861710e+01
   vertex 8.73820724e+01 8.85519409e+01 5.51779671e+01
  endloop
 endfacet
 facet normal 8.35803449e-01 3.52834642e-01 4.20642704e-01
  outer loop
   vertex 8.73820724e+01 8.85519409e+01 5.51779671e+01
   vertex 8.62740250e+01 9.16646423e+01 5.47861710e+01
   vertex 8.61892090e+01 9.16581879e+01 5.49787827e+01
  endloop
 endfacet
 facet normal 2.99782008e-01 1.81430995e-01 9.36596811e-01
  outer loop
   vertex 8.57441406e+01 9.15298767e+01 5.53933792e+01
   vertex 8.44907303e+01 9.45407715e+01 5.52011681e+01
   vertex 8.55559845e+01 9.14575729e+01 5.54546547e+01
  endloop
 endfacet
 facet normal 2.52539784e-01 1.64405465e-01 9.53516901e-01
  outer loop
   vertex 8.55559845e+01 9.14575729e+01 5.54546547e+01
   vertex 8.44907303e+01 9.45407715e+01 5.52011681e+01
   vertex 8.43020172e+01 9.44690475e+01 5.52639771e+01
  endloop
 endfacet
 facet normal 4.68089283e-01 2.47171804e-01 8.48409414e-01
  outer loop
   vertex 8.59177856e+01 9.15891724e+01 5.52899551e+01
   vertex 8.46647797e+01 9.45993805e+01 5.50964317e+01
   vertex 8.57441406e+01 9.15298767e+01 5.53933792e+01
  endloop
 endfacet
 facet normal 4.08271343e-01 2.29365915e-01 8.83575559e-01
  outer loop
   vertex 8.57441406e+01 9.15298767e+01 5.53933792e+01
   vertex 8.46647797e+01 9.45993805e+01 5.50964317e+01
   vertex 8.44907303e+01 9.45407715e+01 5.52011681e+01
  endloop
 endfacet
 facet normal 6.30454183e-01 3.05397391e-01 7.13624537e-01
  outer loop
   vertex 8.60685501e+01 9.16326370e+01 5.51494637e+01
   vertex 8.48158264e+01 9.46420517e+01 5.49548683e+01
   vertex 8.59177856e+01 9.15891724e+01 5.52899551e+01
  endloop
 endfacet
 facet normal 5.78059018e-01 2.93244064e-01 7.61482537e-01
  outer loop
   vertex 8.59177856e+01 9.15891724e+01 5.52899551e+01
   vertex 8.48158264e+01 9.46420517e+01 5.49548683e+01
   vertex 8.46647797e+01 9.45993805e+01 5.50964317e+01
  endloop
 endfacet
 facet normal 7.62604535e-01 3.48850548e-01 5.44736326e-01
  outer loop
   vertex 8.61892090e+01 9.16581879e+01 5.49787827e+01
   vertex 8.49367447e+01 9.46668167e+01 5.47832794e+01
   vertex 8.60685501e+01 9.16326370e+01 5.51494637e+01
  endloop
 endfacet
 facet normal 7.20219851e-01 3.42967957e-01 6.03039265e-01
  outer loop
   vertex 8.60685501e+01 9.16326370e+01 5.51494637e+01
   vertex 8.49367447e+01 9.46668167e+01 5.47832794e+01
   vertex 8.48158264e+01 9.46420517e+01 5.49548683e+01
  endloop
 endfacet
 facet normal 3.01127642e-01 1.92747831e-01 9.33900654e-01
  outer loop
   vertex 8.44907303e+01 9.45407715e+01 5.52011681e+01
   vertex 8.31637726e+01 9.75037460e+01 5.50091019e+01
   vertex 8.43020172e+01 9.44690475e+01 5.52639771e+01
  endloop
 endfacet
 facet normal 2.54345745e-01 1.74953386e-01 9.51156974e-01
  outer loop
   vertex 8.43020172e+01 9.44690475e+01 5.52639771e+01
   vertex 8.31637726e+01 9.75037460e+01 5.50091019e+01
   vertex 8.29735870e+01 9.74345016e+01 5.50730209e+01
  endloop
 endfacet
 facet normal 4.07394171e-01 2.42892280e-01 8.80359769e-01
  outer loop
   vertex 8.31637726e+01 9.75037460e+01 5.50091019e+01
   vertex 8.44907303e+01 9.45407715e+01 5.52011681e+01
   vertex 8.33391571e+01 9.75598297e+01 5.49035225e+01
  endloop
 endfacet
 facet normal 4.66489732e-01 2.61999756e-01 8.44833374e-01
  outer loop
   vertex 8.33391571e+01 9.75598297e+01 5.49035225e+01
   vertex 8.44907303e+01 9.45407715e+01 5.52011681e+01
   vertex 8.46647797e+01 9.45993805e+01 5.50964317e+01
  endloop
 endfacet
 facet normal 6.25987709e-01 3.23729515e-01 7.09463596e-01
  outer loop
   vertex 8.48158264e+01 9.46420517e+01 5.49548683e+01
   vertex 8.34914474e+01 9.76000900e+01 5.47612991e+01
   vertex 8.46647797e+01 9.45993805e+01 5.50964317e+01
  endloop
 endfacet
 facet normal 5.74221015e-01 3.10282916e-01 7.57624447e-01
  outer loop
   vertex 8.46647797e+01 9.45993805e+01 5.50964317e+01
   vertex 8.34914474e+01 9.76000900e+01 5.47612991e+01
   vertex 8.33391571e+01 9.75598297e+01 5.49035225e+01
  endloop
 endfacet
 facet normal 3.01560074e-01 2.04747230e-01 9.31203544e-01
  outer loop
   vertex 8.31637726e+01 9.75037460e+01 5.50091019e+01
   vertex 8.17821274e+01 1.00405411e+02 5.48096581e+01
   vertex 8.29735870e+01 9.74345016e+01 5.50730209e+01
  endloop
 endfacet
 facet normal 2.55402267e-01 1.86524540e-01 9.48671818e-01
  outer loop
   vertex 8.29735870e+01 9.74345016e+01 5.50730209e+01
   vertex 8.17821274e+01 1.00405411e+02 5.48096581e+01
   vertex 8.15918732e+01 1.00335564e+02 5.48748932e+01
  endloop
 endfacet
 facet normal 4.64154750e-01 2.76913077e-01 8.41355741e-01
  outer loop
   vertex 8.33391571e+01 9.75598297e+01 5.49035225e+01
   vertex 8.19574738e+01 1.00462044e+02 5.47029915e+01
   vertex 8.31637726e+01 9.75037460e+01 5.50091019e+01
  endloop
 endfacet
 facet normal 4.05893832e-01 2.57067978e-01 8.77021253e-01
  outer loop
   vertex 8.31637726e+01 9.75037460e+01 5.50091019e+01
   vertex 8.19574738e+01 1.00462044e+02 5.47029915e+01
   vertex 8.17821274e+01 1.00405411e+02 5.48096581e+01
  endloop
 endfacet
 facet normal 6.20992243e-01 3.41449082e-01 7.05536067e-01
  outer loop
   vertex 8.34914474e+01 9.76000900e+01 5.47612991e+01
   vertex 8.21097183e+01 1.00502823e+02 5.45598755e+01
   vertex 8.33391571e+01 9.75598297e+01 5.49035225e+01
  endloop
 endfacet
 facet normal 5.69995344e-01 3.27171832e-01 7.53700137e-01
  outer loop
   vertex 8.33391571e+01 9.75598297e+01 5.49035225e+01
   vertex 8.21097183e+01 1.00502823e+02 5.45598755e+01
   vertex 8.19574738e+01 1.00462044e+02 5.47029915e+01
  endloop
 endfacet
 facet normal 3.02167416e-01 2.16334924e-01 9.28382516e-01
  outer loop
   vertex 8.17821274e+01 1.00405411e+02 5.48096581e+01
   vertex 8.03667068e+01 1.03232224e+02 5.45949211e+01
   vertex 8.15918732e+01 1.00335564e+02 5.48748932e+01
  endloop
 endfacet
 facet normal 2.57144153e-01 1.96356401e-01 9.46214080e-01
  outer loop
   vertex 8.15918732e+01 1.00335564e+02 5.48748932e+01
   vertex 8.03667068e+01 1.03232224e+02 5.45949211e+01
   vertex 8.01804581e+01 1.03153618e+02 5.46623383e+01
  endloop
 endfacet
 facet normal 4.62224394e-01 2.91023701e-01 8.37647796e-01
  outer loop
   vertex 8.19574738e+01 1.00462044e+02 5.47029915e+01
   vertex 8.05379715e+01 1.03297462e+02 5.44861565e+01
   vertex 8.17821274e+01 1.00405411e+02 5.48096581e+01
  endloop
 endfacet
 facet normal 4.05452758e-01 2.69049942e-01 8.73624742e-01
  outer loop
   vertex 8.17821274e+01 1.00405411e+02 5.48096581e+01
   vertex 8.05379715e+01 1.03297462e+02 5.44861565e+01
   vertex 8.03667068e+01 1.03232224e+02 5.45949211e+01
  endloop
 endfacet
 facet normal 6.16590083e-01 3.57698381e-01 7.01333404e-01
  outer loop
   vertex 8.21097183e+01 1.00502823e+02 5.45598755e+01
   vertex 8.06862564e+01 1.03346298e+02 5.43411179e+01
   vertex 8.19574738e+01 1.00462044e+02 5.47029915e+01
  endloop
 endfacet
 facet normal 5.67066312e-01 3.41387123e-01 7.49593675e-01
  outer loop
   vertex 8.19574738e+01 1.00462044e+02 5.47029915e+01
   vertex 8.06862564e+01 1.03346298e+02 5.43411179e+01
   vertex 8.05379715e+01 1.03297462e+02 5.44861565e+01
  endloop
 endfacet
 facet normal 7.42191970e-01 4.07516330e-01 5.32054007e-01
  outer loop
   vertex 8.22317810e+01 1.00525848e+02 5.43869514e+01
   vertex 8.08047104e+01 1.03376465e+02 5.41665535e+01
   vertex 8.21097183e+01 1.00502823e+02 5.45598755e+01
  endloop
 endfacet
 facet normal 7.02306330e-01 3.97683501e-01 5.90435147e-01
  outer loop
   vertex 8.21097183e+01 1.00502823e+02 5.45598755e+01
   vertex 8.08047104e+01 1.03376465e+02 5.41665535e+01
   vertex 8.06862564e+01 1.03346298e+02 5.43411179e+01
  endloop
 endfacet
 facet normal 3.04499239e-01 2.22594202e-01 9.26138222e-01
  outer loop
   vertex 8.03667068e+01 1.03232224e+02 5.45949211e+01
   vertex 7.89112625e+01 1.06028992e+02 5.43903275e+01
   vertex 8.01804581e+01 1.03153618e+02 5.46623383e+01
  endloop
 endfacet
 facet normal 2.60457158e-01 1.99557394e-01 9.44636941e-01
  outer loop
   vertex 8.01804581e+01 1.03153618e+02 5.46623383e+01
   vertex 7.89112625e+01 1.06028992e+02 5.43903275e+01
   vertex 7.87302780e+01 1.05939987e+02 5.44595184e+01
  endloop
 endfacet
 facet normal 4.62505698e-01 2.99392641e-01 8.34537327e-01
  outer loop
   vertex 8.05379715e+01 1.03297462e+02 5.44861565e+01
   vertex 7.90772324e+01 1.06104462e+02 5.42797966e+01
   vertex 8.03667068e+01 1.03232224e+02 5.45949211e+01
  endloop
 endfacet
 facet normal 4.07394171e-01 2.73483396e-01 8.71341944e-01
  outer loop
   vertex 8.03667068e+01 1.03232224e+02 5.45949211e+01
   vertex 7.90772324e+01 1.06104462e+02 5.42797966e+01
   vertex 7.89112625e+01 1.06028992e+02 5.43903275e+01
  endloop
 endfacet
 facet normal 6.14576042e-01 3.68228376e-01 6.97641850e-01
  outer loop
   vertex 8.06862564e+01 1.03346298e+02 5.43411179e+01
   vertex 7.92204895e+01 1.06162880e+02 5.41330986e+01
   vertex 8.05379715e+01 1.03297462e+02 5.44861565e+01
  endloop
 endfacet
 facet normal 5.66807985e-01 3.48220766e-01 7.46639788e-01
  outer loop
   vertex 8.05379715e+01 1.03297462e+02 5.44861565e+01
   vertex 7.92204895e+01 1.06162880e+02 5.41330986e+01
   vertex 7.90772324e+01 1.06104462e+02 5.42797966e+01
  endloop
 endfacet
 facet normal 7.38061368e-01 4.19821739e-01 5.28218806e-01
  outer loop
   vertex 8.08047104e+01 1.03376465e+02 5.41665535e+01
   vertex 7.93343887e+01 1.06201561e+02 5.39570808e+01
   vertex 8.06862564e+01 1.03346298e+02 5.43411179e+01
  endloop
 endfacet
 facet normal 6.99872613e-01 4.06688392e-01 5.87182105e-01
  outer loop
   vertex 8.06862564e+01 1.03346298e+02 5.43411179e+01
   vertex 7.93343887e+01 1.06201561e+02 5.39570808e+01
   vertex 7.92204895e+01 1.06162880e+02 5.41330986e+01
  endloop
 endfacet
 facet normal 2.53729761e-01 2.17291817e-01 9.42552626e-01
  outer loop
   vertex 7.39946136e+01 1.14352516e+02 5.39229012e+01
   vertex 7.56575546e+01 1.11555901e+02 5.41232605e+01
   vertex 7.41740570e+01 1.14444534e+02 5.38533859e+01
  endloop
 endfacet
 facet normal 2.99290210e-01 2.38751411e-01 9.23809052e-01
  outer loop
   vertex 7.41740570e+01 1.14444534e+02 5.38533859e+01
   vertex 7.56575546e+01 1.11555901e+02 5.41232605e+01
   vertex 7.58349304e+01 1.11651192e+02 5.40540352e+01
  endloop
 endfacet
 facet normal 2.52554715e-01 2.22162232e-01 9.41732466e-01
  outer loop
   vertex 7.22706604e+01 1.17113510e+02 5.37241554e+01
   vertex 7.39946136e+01 1.14352516e+02 5.39229012e+01
   vertex 7.24511414e+01 1.17204269e+02 5.36541405e+01
  endloop
 endfacet
 facet normal 2.95800805e-01 2.47349292e-01 9.22670186e-01
  outer loop
   vertex 7.24511414e+01 1.17204269e+02 5.36541405e+01
   vertex 7.39946136e+01 1.14352516e+02 5.39229012e+01
   vertex 7.41740570e+01 1.14444534e+02 5.38533859e+01
  endloop
 endfacet
 facet normal 2.92297959e-01 2.52601951e-01 9.22363341e-01
  outer loop
   vertex 7.06955566e+01 1.19914383e+02 5.34901009e+01
   vertex 6.89024200e+01 1.22603142e+02 5.33257828e+01
   vertex 7.05191574e+01 1.19816673e+02 5.35604668e+01
  endloop
 endfacet
 facet normal 2.47474462e-01 2.28127688e-01 9.41654980e-01
  outer loop
   vertex 7.05191574e+01 1.19816673e+02 5.35604668e+01
   vertex 6.89024200e+01 1.22603142e+02 5.33257828e+01
   vertex 6.87317963e+01 1.22496513e+02 5.33962593e+01
  endloop
 endfacet
 facet normal 8.09614539e-01 -5.39265513e-01 -2.31769264e-01
  outer loop
   vertex 5.88602486e+01 5.69204283e+00 2.66562672e+01
   vertex 5.96302719e+01 6.43702126e+00 2.78012543e+01
   vertex 6.27178154e+01 8.78651142e+00 3.93453026e+01
  endloop
 endfacet
 facet normal 7.48090863e-01 -6.50129199e-01 -1.33011654e-01
  outer loop
   vertex 6.27178154e+01 8.78651142e+00 3.93453026e+01
   vertex 5.96302719e+01 6.43702126e+00 2.78012543e+01
   vertex 6.32208595e+01 9.24650288e+00 3.92601395e+01
  endloop
 endfacet
 facet normal 7.68018544e-01 -5.96043289e-01 -2.34264612e-01
  outer loop
   vertex 5.97041168e+01 6.50622177e+00 2.78648777e+01
   vertex 6.04413033e+01 7.19714117e+00 2.85001411e+01
   vertex 6.32756004e+01 9.29900837e+00 3.92675476e+01
  endloop
 endfacet
 facet normal 7.36098766e-01 -6.61067307e-01 -1.45425811e-01
  outer loop
   vertex 6.32756004e+01 9.29900837e+00 3.92675476e+01
   vertex 6.04413033e+01 7.19714117e+00 2.85001411e+01
   vertex 6.38221321e+01 9.82325077e+00 3.93415375e+01
  endloop
 endfacet
 facet normal 7.53136277e-01 -6.08037293e-01 -2.51150101e-01
  outer loop
   vertex 6.04413033e+01 7.19714117e+00 2.85001411e+01
   vertex 6.13332176e+01 8.07020760e+00 2.90413818e+01
   vertex 6.38221321e+01 9.82325077e+00 3.93415375e+01
  endloop
 endfacet
 facet normal 7.35116124e-01 -6.58998966e-01 -1.59137309e-01
  outer loop
   vertex 6.38221321e+01 9.82325077e+00 3.93415375e+01
   vertex 6.13332176e+01 8.07020760e+00 2.90413818e+01
   vertex 6.45280304e+01 1.05329351e+01 3.94602509e+01
  endloop
 endfacet
 facet normal 7.40667105e-01 -6.14516795e-01 -2.71627247e-01
  outer loop
   vertex 6.13332176e+01 8.07020760e+00 2.90413818e+01
   vertex 6.23575935e+01 9.11507702e+00 2.94335747e+01
   vertex 6.45280304e+01 1.05329351e+01 3.94602509e+01
  endloop
 endfacet
 facet normal 7.35096812e-01 -6.56005621e-01 -1.71141148e-01
  outer loop
   vertex 6.45280304e+01 1.05329351e+01 3.94602509e+01
   vertex 6.23575935e+01 9.11507702e+00 2.94335747e+01
   vertex 6.53701553e+01 1.14172344e+01 3.96039886e+01
  endloop
 endfacet
 facet normal 7.29130745e-01 -6.21906400e-01 -2.85658509e-01
  outer loop
   vertex 6.23575935e+01 9.11507702e+00 2.94335747e+01
   vertex 6.34634476e+01 1.02790251e+01 2.97003460e+01
   vertex 6.53701553e+01 1.14172344e+01 3.96039886e+01
  endloop
 endfacet
 facet normal 7.33492315e-01 -6.56109810e-01 -1.77507713e-01
  outer loop
   vertex 6.53701553e+01 1.14172344e+01 3.96039886e+01
   vertex 6.34634476e+01 1.02790251e+01 2.97003460e+01
   vertex 6.62817688e+01 1.24027567e+01 3.96032333e+01
  endloop
 endfacet
 facet normal 7.20055401e-01 -6.25202656e-01 -3.01067948e-01
  outer loop
   vertex 6.45912704e+01 1.15043983e+01 2.98466740e+01
   vertex 6.56925659e+01 1.27420254e+01 2.99111099e+01
   vertex 6.72372971e+01 1.34628868e+01 3.95159492e+01
  endloop
 endfacet
 facet normal 7.39065468e-01 -6.46850407e-01 -1.88060597e-01
  outer loop
   vertex 6.72372971e+01 1.34628868e+01 3.95159492e+01
   vertex 6.56925659e+01 1.27420254e+01 2.99111099e+01
   vertex 6.82079010e+01 1.45684252e+01 3.93906021e+01
  endloop
 endfacet
 facet normal 7.23864913e-01 -6.17607474e-01 -3.07539582e-01
  outer loop
   vertex 6.56925659e+01 1.27420254e+01 2.99111099e+01
   vertex 6.67218781e+01 1.39451981e+01 2.99404316e+01
   vertex 6.82079010e+01 1.45684252e+01 3.93906021e+01
  endloop
 endfacet
 facet normal 7.46719301e-01 -6.36305034e-01 -1.93716645e-01
  outer loop
   vertex 6.82079010e+01 1.45684252e+01 3.93906021e+01
   vertex 6.67218781e+01 1.39451981e+01 2.99404316e+01
   vertex 6.91630096e+01 1.56888037e+01 3.92706833e+01
  endloop
 endfacet
 facet normal 7.30636358e-01 -6.06215715e-01 -3.14122587e-01
  outer loop
   vertex 6.67218781e+01 1.39451981e+01 2.99404316e+01
   vertex 6.76928482e+01 1.51326771e+01 2.99392700e+01
   vertex 6.91630096e+01 1.56888037e+01 3.92706833e+01
  endloop
 endfacet
 facet normal 7.55992889e-01 -6.23067200e-01 -2.00653955e-01
  outer loop
   vertex 6.91630096e+01 1.56888037e+01 3.92706833e+01
   vertex 6.76928482e+01 1.51326771e+01 2.99392700e+01
   vertex 7.01065445e+01 1.68347588e+01 3.91613617e+01
  endloop
 endfacet
 facet normal 7.38982618e-01 -5.91895938e-01 -3.21813345e-01
  outer loop
   vertex 6.76928482e+01 1.51326771e+01 2.99392700e+01
   vertex 6.86206360e+01 1.63244209e+01 2.99181023e+01
   vertex 7.01065445e+01 1.68347588e+01 3.91613617e+01
  endloop
 endfacet
 facet normal 7.66587079e-01 -6.07282460e-01 -2.08691642e-01
  outer loop
   vertex 7.01065445e+01 1.68347588e+01 3.91613617e+01
   vertex 6.86206360e+01 1.63244209e+01 2.99181023e+01
   vertex 7.10420151e+01 1.80167446e+01 3.90663643e+01
  endloop
 endfacet
 facet normal 7.48603702e-01 -5.74872613e-01 -3.30324173e-01
  outer loop
   vertex 6.86206360e+01 1.63244209e+01 2.99181023e+01
   vertex 6.95204697e+01 1.75402565e+01 2.98875046e+01
   vertex 7.10420151e+01 1.80167446e+01 3.90663643e+01
  endloop
 endfacet
 facet normal 7.78075397e-01 -5.89300990e-01 -2.17538700e-01
  outer loop
   vertex 7.10420151e+01 1.80167446e+01 3.90663643e+01
   vertex 6.95204697e+01 1.75402565e+01 2.98875046e+01
   vertex 7.19728165e+01 1.92449856e+01 3.89885254e+01
  endloop
 endfacet
 facet normal 7.89742589e-01 -5.70075452e-01 -2.26540670e-01
  outer loop
   vertex 7.29021988e+01 2.05297794e+01 3.89303055e+01
   vertex 7.19728165e+01 1.92449856e+01 3.89885254e+01
   vertex 7.04072952e+01 1.87999229e+01 2.98571873e+01
  endloop
 endfacet
 facet normal 7.58897543e-01 -5.56014836e-01 -3.39001477e-01
  outer loop
   vertex 7.04072952e+01 1.87999229e+01 2.98571873e+01
   vertex 7.19728165e+01 1.92449856e+01 3.89885254e+01
   vertex 6.95204697e+01 1.75402565e+01 2.98875046e+01
  endloop
 endfacet
 facet normal 7.69010663e-01 -5.36511838e-01 -3.47530782e-01
  outer loop
   vertex 7.04072952e+01 1.87999229e+01 2.98571873e+01
   vertex 7.12787628e+01 2.01029320e+01 2.98252888e+01
   vertex 7.29021988e+01 2.05297794e+01 3.89303055e+01
  endloop
 endfacet
 facet normal 8.00924540e-01 -5.50415635e-01 -2.35716954e-01
  outer loop
   vertex 7.29021988e+01 2.05297794e+01 3.89303055e+01
   vertex 7.12787628e+01 2.01029320e+01 2.98252888e+01
   vertex 7.38240356e+01 2.18660870e+01 3.88859825e+01
  endloop
 endfacet
 facet normal 7.78491497e-01 -5.16872227e-01 -3.56081486e-01
  outer loop
   vertex 7.12787628e+01 2.01029320e+01 2.98252888e+01
   vertex 7.21328964e+01 2.14489536e+01 2.97909775e+01
   vertex 7.38240356e+01 2.18660870e+01 3.88859825e+01
  endloop
 endfacet
 facet normal 8.11525166e-01 -5.30469000e-01 -2.45009303e-01
  outer loop
   vertex 7.38240356e+01 2.18660870e+01 3.88859825e+01
   vertex 7.21328964e+01 2.14489536e+01 2.97909775e+01
   vertex 7.47321548e+01 2.32489414e+01 3.88496971e+01
  endloop
 endfacet
 facet normal 7.87393808e-01 -4.97004330e-01 -3.64688456e-01
  outer loop
   vertex 7.21328964e+01 2.14489536e+01 2.97909775e+01
   vertex 7.29676819e+01 2.28376942e+01 2.97533932e+01
   vertex 7.47321548e+01 2.32489414e+01 3.88496971e+01
  endloop
 endfacet
 facet normal 8.21601152e-01 -5.10127425e-01 -2.54443735e-01
  outer loop
   vertex 7.47321548e+01 2.32489414e+01 3.88496971e+01
   vertex 7.29676819e+01 2.28376942e+01 2.97533932e+01
   vertex 7.56204071e+01 2.46732788e+01 3.88155174e+01
  endloop
 endfacet
 facet normal 7.95604050e-01 -4.77115154e-01 -3.73330086e-01
  outer loop
   vertex 7.29676819e+01 2.28376942e+01 2.97533932e+01
   vertex 7.37811508e+01 2.42688980e+01 2.97118664e+01
   vertex 7.56204071e+01 2.46732788e+01 3.88155174e+01
  endloop
 endfacet
 facet normal 8.30882967e-01 -4.89914596e-01 -2.63850629e-01
  outer loop
   vertex 7.56204071e+01 2.46732788e+01 3.88155174e+01
   vertex 7.37811508e+01 2.42688980e+01 2.97118664e+01
   vertex 7.64823990e+01 2.61339741e+01 3.87768402e+01
  endloop
 endfacet
 facet normal 8.02795172e-01 -4.58113760e-01 -3.81643414e-01
  outer loop
   vertex 7.37811508e+01 2.42688980e+01 2.97118664e+01
   vertex 7.45728760e+01 2.57345295e+01 2.96672935e+01
   vertex 7.64823990e+01 2.61339741e+01 3.87768402e+01
  endloop
 endfacet
 facet normal 8.39058757e-01 -4.70742524e-01 -2.72730500e-01
  outer loop
   vertex 7.64823990e+01 2.61339741e+01 3.87768402e+01
   vertex 7.45728760e+01 2.57345295e+01 2.96672935e+01
   vertex 7.73166504e+01 2.76244278e+01 3.87340660e+01
  endloop
 endfacet
 facet normal 8.08927894e-01 -4.40570951e-01 -3.89272302e-01
  outer loop
   vertex 7.45728760e+01 2.57345295e+01 2.96672935e+01
   vertex 7.53423538e+01 2.72265034e+01 2.96204529e+01
   vertex 7.73166504e+01 2.76244278e+01 3.87340660e+01
  endloop
 endfacet
 facet normal 8.46219361e-01 -4.52791631e-01 -2.80878246e-01
  outer loop
   vertex 7.73166504e+01 2.76244278e+01 3.87340660e+01
   vertex 7.53423538e+01 2.72265034e+01 2.96204529e+01
   vertex 7.81218262e+01 2.91382141e+01 3.86881866e+01
  endloop
 endfacet
 facet normal 8.14256072e-01 -4.24321622e-01 -3.96154314e-01
  outer loop
   vertex 7.53423538e+01 2.72265034e+01 2.96204529e+01
   vertex 7.60891037e+01 2.87367821e+01 2.95720940e+01
   vertex 7.81218262e+01 2.91382141e+01 3.86881866e+01
  endloop
 endfacet
 facet normal 8.52598786e-01 -4.35907662e-01 -2.88201004e-01
  outer loop
   vertex 7.81218262e+01 2.91382141e+01 3.86881866e+01
   vertex 7.60891037e+01 2.87367821e+01 2.95720940e+01
   vertex 7.88966675e+01 3.06688786e+01 3.86401939e+01
  endloop
 endfacet
 facet normal 8.19162488e-01 -4.08827186e-01 -4.02284861e-01
  outer loop
   vertex 7.60891037e+01 2.87367821e+01 2.95720940e+01
   vertex 7.68125916e+01 3.02572269e+01 2.95228176e+01
   vertex 7.88966675e+01 3.06688786e+01 3.86401939e+01
  endloop
 endfacet
 facet normal 8.58678997e-01 -4.19241548e-01 -2.94799805e-01
  outer loop
   vertex 7.88966675e+01 3.06688786e+01 3.86401939e+01
   vertex 7.68125916e+01 3.02572269e+01 2.95228176e+01
   vertex 7.96398010e+01 3.22099724e+01 3.85910683e+01
  endloop
 endfacet
 facet normal 8.98159623e-01 -2.79735386e-01 -3.39201123e-01
  outer loop
   vertex 8.38197556e+01 4.32003479e+01 3.82218590e+01
   vertex 8.28386078e+01 4.00050964e+01 3.83294449e+01
   vertex 8.09160690e+01 4.10909882e+01 2.91360683e+01
  endloop
 endfacet
 facet normal 8.51273656e-01 -2.86190391e-01 -4.39804792e-01
  outer loop
   vertex 8.09160690e+01 4.10909882e+01 2.91360683e+01
   vertex 8.28386078e+01 4.00050964e+01 3.83294449e+01
   vertex 7.99607010e+01 3.79396973e+01 2.92505341e+01
  endloop
 endfacet
 facet normal 8.58442783e-01 -2.38771424e-01 -4.53942955e-01
  outer loop
   vertex 8.09160690e+01 4.10909882e+01 2.91360683e+01
   vertex 8.17044678e+01 4.43500595e+01 2.90043850e+01
   vertex 8.38197556e+01 4.32003479e+01 3.82218590e+01
  endloop
 endfacet
 facet normal 9.06081855e-01 -2.30574965e-01 -3.54754567e-01
  outer loop
   vertex 8.38197556e+01 4.32003479e+01 3.82218590e+01
   vertex 8.17044678e+01 4.43500595e+01 2.90043850e+01
   vertex 8.46467209e+01 4.64976044e+01 3.81096535e+01
  endloop
 endfacet
 facet normal 9.11066890e-01 -1.80812508e-01 -3.70491445e-01
  outer loop
   vertex 8.53060303e+01 4.99376678e+01 3.79797745e+01
   vertex 8.46467209e+01 4.64976044e+01 3.81096535e+01
   vertex 8.23258820e+01 4.77655869e+01 2.88488960e+01
  endloop
 endfacet
 facet normal 8.62473249e-01 -1.91877380e-01 -4.68319327e-01
  outer loop
   vertex 8.23258820e+01 4.77655869e+01 2.88488960e+01
   vertex 8.46467209e+01 4.64976044e+01 3.81096535e+01
   vertex 8.17044678e+01 4.43500595e+01 2.90043850e+01
  endloop
 endfacet
 facet normal 9.13315892e-01 -1.31852925e-01 -3.85316670e-01
  outer loop
   vertex 8.57837143e+01 5.35609283e+01 3.78175774e+01
   vertex 8.53060303e+01 4.99376678e+01 3.79797745e+01
   vertex 8.27803345e+01 5.13862305e+01 2.86630554e+01
  endloop
 endfacet
 facet normal 8.63715649e-01 -1.45518199e-01 -4.82513994e-01
  outer loop
   vertex 8.27803345e+01 5.13862305e+01 2.86630554e+01
   vertex 8.53060303e+01 4.99376678e+01 3.79797745e+01
   vertex 8.23258820e+01 4.77655869e+01 2.88488960e+01
  endloop
 endfacet
 facet normal 8.60331059e-01 -5.90215735e-02 -5.06307185e-01
  outer loop
   vertex 8.30589600e+01 5.50974960e+01 2.84550934e+01
   vertex 8.31528244e+01 5.87846680e+01 2.82327137e+01
   vertex 8.60717468e+01 5.72872047e+01 3.76304665e+01
  endloop
 endfacet
 facet normal 9.11735415e-01 -3.86032648e-02 -4.08960104e-01
  outer loop
   vertex 8.60717468e+01 5.72872047e+01 3.76304665e+01
   vertex 8.31528244e+01 5.87846680e+01 2.82327137e+01
   vertex 8.61624298e+01 6.10365334e+01 3.74266586e+01
  endloop
 endfacet
 facet normal 9.07877386e-01 1.16713261e-02 -4.19073343e-01
  outer loop
   vertex 8.60497894e+01 6.46435013e+01 3.72171173e+01
   vertex 8.61624298e+01 6.10365334e+01 3.74266586e+01
   vertex 8.30534592e+01 6.23252029e+01 2.80039768e+01
  endloop
 endfacet
 facet normal 8.56388032e-01 -1.44830942e-02 -5.16129613e-01
  outer loop
   vertex 8.30534592e+01 6.23252029e+01 2.80039768e+01
   vertex 8.61624298e+01 6.10365334e+01 3.74266586e+01
   vertex 8.31528244e+01 5.87846680e+01 2.82327137e+01
  endloop
 endfacet
 facet normal 9.00948584e-01 6.59575239e-02 -4.28883702e-01
  outer loop
   vertex 8.57276917e+01 6.79425812e+01 3.70123177e+01
   vertex 8.60497894e+01 6.46435013e+01 3.72171173e+01
   vertex 8.27525406e+01 6.55967712e+01 2.77775974e+01
  endloop
 endfacet
 facet normal 8.50041986e-01 3.46758775e-02 -5.25572240e-01
  outer loop
   vertex 8.27525406e+01 6.55967712e+01 2.77775974e+01
   vertex 8.60497894e+01 6.46435013e+01 3.72171173e+01
   vertex 8.30534592e+01 6.23252029e+01 2.80039768e+01
  endloop
 endfacet
 facet normal 8.40931118e-01 8.46712738e-02 -5.34476995e-01
  outer loop
   vertex 8.27525406e+01 6.55967712e+01 2.77775974e+01
   vertex 8.22713394e+01 6.86772537e+01 2.75525455e+01
   vertex 8.57276917e+01 6.79425812e+01 3.70123177e+01
  endloop
 endfacet
 facet normal 8.91449392e-01 1.17509320e-01 -4.37617987e-01
  outer loop
   vertex 8.57276917e+01 6.79425812e+01 3.70123177e+01
   vertex 8.22713394e+01 6.86772537e+01 2.75525455e+01
   vertex 8.52300873e+01 7.10430298e+01 3.68109550e+01
  endloop
 endfacet
 facet normal 8.57813716e-01 2.33051956e-01 -4.58085626e-01
  outer loop
   vertex 8.28628464e+01 8.01165771e+01 3.61938248e+01
   vertex 8.38045349e+01 7.70533981e+01 3.64097786e+01
   vertex 7.99431305e+01 7.75329590e+01 2.68720131e+01
  endloop
 endfacet
 facet normal 8.06825995e-01 1.98374018e-01 -5.56488633e-01
  outer loop
   vertex 7.99431305e+01 7.75329590e+01 2.68720131e+01
   vertex 8.38045349e+01 7.70533981e+01 3.64097786e+01
   vertex 8.08488846e+01 7.45715866e+01 2.71008205e+01
  endloop
 endfacet
 facet normal 7.96554506e-01 2.25060210e-01 -5.61113954e-01
  outer loop
   vertex 7.99431305e+01 7.75329590e+01 2.68720131e+01
   vertex 7.89266739e+01 8.05092239e+01 2.66413593e+01
   vertex 8.28628464e+01 8.01165771e+01 3.61938248e+01
  endloop
 endfacet
 facet normal 8.47703040e-01 2.60641545e-01 -4.62023348e-01
  outer loop
   vertex 8.28628464e+01 8.01165771e+01 3.61938248e+01
   vertex 7.89266739e+01 8.05092239e+01 2.66413593e+01
   vertex 8.18032761e+01 8.31859283e+01 3.59718132e+01
  endloop
 endfacet
 facet normal 7.87230790e-01 2.48146310e-01 -5.64527333e-01
  outer loop
   vertex 7.89266739e+01 8.05092239e+01 2.66413593e+01
   vertex 7.78126450e+01 8.34812927e+01 2.64097252e+01
   vertex 8.18032761e+01 8.31859283e+01 3.59718132e+01
  endloop
 endfacet
 facet normal 8.38276803e-01 2.84722716e-01 -4.64999944e-01
  outer loop
   vertex 8.18032761e+01 8.31859283e+01 3.59718132e+01
   vertex 7.78126450e+01 8.34812927e+01 2.64097252e+01
   vertex 8.06628647e+01 8.62034302e+01 3.57510223e+01
  endloop
 endfacet
 facet normal 8.29005182e-01 3.06888461e-01 -4.67514575e-01
  outer loop
   vertex 7.94448242e+01 8.91761627e+01 3.55313911e+01
   vertex 8.06628647e+01 8.62034302e+01 3.57510223e+01
   vertex 7.66112289e+01 8.64368515e+01 2.61781387e+01
  endloop
 endfacet
 facet normal 7.78314888e-01 2.69166827e-01 -5.67252278e-01
  outer loop
   vertex 7.66112289e+01 8.64368515e+01 2.61781387e+01
   vertex 8.06628647e+01 8.62034302e+01 3.57510223e+01
   vertex 7.78126450e+01 8.34812927e+01 2.64097252e+01
  endloop
 endfacet
 facet normal 8.19872439e-01 3.27366531e-01 -4.69723731e-01
  outer loop
   vertex 7.81523590e+01 9.21112213e+01 3.53128700e+01
   vertex 7.94448242e+01 8.91761627e+01 3.55313911e+01
   vertex 7.53326797e+01 8.93636017e+01 2.59475899e+01
  endloop
 endfacet
 facet normal 7.69504130e-01 2.88775265e-01 -5.69624662e-01
  outer loop
   vertex 7.53326797e+01 8.93636017e+01 2.59475899e+01
   vertex 7.94448242e+01 8.91761627e+01 3.55313911e+01
   vertex 7.66112289e+01 8.64368515e+01 2.61781387e+01
  endloop
 endfacet
 facet normal 7.61004865e-01 3.06625515e-01 -5.71710050e-01
  outer loop
   vertex 7.53326797e+01 8.93636017e+01 2.59475899e+01
   vertex 7.39833908e+01 9.22630005e+01 2.57186394e+01
   vertex 7.81523590e+01 9.21112213e+01 3.53128700e+01
  endloop
 endfacet
 facet normal 8.11206222e-01 3.45745593e-01 -4.71597761e-01
  outer loop
   vertex 7.81523590e+01 9.21112213e+01 3.53128700e+01
   vertex 7.39833908e+01 9.22630005e+01 2.57186394e+01
   vertex 7.67924271e+01 9.50122375e+01 3.50924072e+01
  endloop
 endfacet
 facet normal 7.53013253e-01 3.22578341e-01 -5.73510468e-01
  outer loop
   vertex 7.39833908e+01 9.22630005e+01 2.57186394e+01
   vertex 7.25698471e+01 9.51365433e+01 2.54918365e+01
   vertex 7.67924271e+01 9.50122375e+01 3.50924072e+01
  endloop
 endfacet
 facet normal 8.03058982e-01 3.62130821e-01 -4.73241508e-01
  outer loop
   vertex 7.67924271e+01 9.50122375e+01 3.50924072e+01
   vertex 7.25698471e+01 9.51365433e+01 2.54918365e+01
   vertex 7.53719482e+01 9.78828354e+01 3.48667831e+01
  endloop
 endfacet
 facet normal 7.22511113e-01 3.76772016e-01 -5.79672754e-01
  outer loop
   vertex 6.79974823e+01 1.03619858e+02 2.48312874e+01
   vertex 6.63612366e+01 1.06405304e+02 2.46137943e+01
   vertex 7.08011932e+01 1.06369926e+02 3.42460670e+01
  endloop
 endfacet
 facet normal 7.70757020e-01 4.20005947e-01 -4.79091495e-01
  outer loop
   vertex 7.08011932e+01 1.06369926e+02 3.42460670e+01
   vertex 6.63612366e+01 1.06405304e+02 2.46137943e+01
   vertex 6.91598740e+01 1.09153336e+02 3.40340347e+01
  endloop
 endfacet
 facet normal 7.61925697e-01 4.34889257e-01 -4.79938120e-01
  outer loop
   vertex 6.74555740e+01 1.11915207e+02 3.38207664e+01
   vertex 6.91598740e+01 1.09153336e+02 3.40340347e+01
   vertex 6.46638107e+01 1.09170860e+02 2.43945122e+01
  endloop
 endfacet
 facet normal 7.14466572e-01 3.90431821e-01 -5.80603600e-01
  outer loop
   vertex 6.46638107e+01 1.09170860e+02 2.43945122e+01
   vertex 6.91598740e+01 1.09153336e+02 3.40340347e+01
   vertex 6.63612366e+01 1.06405304e+02 2.46137943e+01
  endloop
 endfacet
 facet normal 7.53715336e-01 4.48344886e-01 -4.80520636e-01
  outer loop
   vertex 6.56905518e+01 1.14660088e+02 3.36180801e+01
   vertex 6.74555740e+01 1.11915207e+02 3.38207664e+01
   vertex 6.29023933e+01 1.11917351e+02 2.41716976e+01
  endloop
 endfacet
 facet normal 7.06632316e-01 4.03483897e-01 -5.81267118e-01
  outer loop
   vertex 6.29023933e+01 1.11917351e+02 2.41716976e+01
   vertex 6.74555740e+01 1.11915207e+02 3.38207664e+01
   vertex 6.46638107e+01 1.09170860e+02 2.43945122e+01
  endloop
 endfacet
 facet normal 7.00151682e-01 4.14045274e-01 -5.81682205e-01
  outer loop
   vertex 6.29023933e+01 1.11917351e+02 2.41716976e+01
   vertex 6.10930824e+01 1.14649490e+02 2.39461880e+01
   vertex 6.56905518e+01 1.14660088e+02 3.36180801e+01
  endloop
 endfacet
 facet normal 7.47531533e-01 4.58378971e-01 -4.80713338e-01
  outer loop
   vertex 6.56905518e+01 1.14660088e+02 3.36180801e+01
   vertex 6.10930824e+01 1.14649490e+02 2.39461880e+01
   vertex 6.38788605e+01 1.17391281e+02 3.34139290e+01
  endloop
 endfacet
 facet normal 6.95904672e-01 4.20962185e-01 -5.81813991e-01
  outer loop
   vertex 6.10930824e+01 1.14649490e+02 2.39461880e+01
   vertex 5.92519608e+01 1.17371964e+02 2.37187767e+01
   vertex 6.38788605e+01 1.17391281e+02 3.34139290e+01
  endloop
 endfacet
 facet normal 7.43747056e-01 4.64541942e-01 -4.80667382e-01
  outer loop
   vertex 6.38788605e+01 1.17391281e+02 3.34139290e+01
   vertex 5.92519608e+01 1.17371964e+02 2.37187767e+01
   vertex 6.20344849e+01 1.20112015e+02 3.31960373e+01
  endloop
 endfacet
 facet normal 4.60624039e-01 -8.86250377e-01 4.88442406e-02
  outer loop
   vertex 6.58516922e+01 1.03356705e+01 5.29849625e+01
   vertex 6.20764618e+01 7.56040764e+00 4.05000725e+01
   vertex 6.55303345e+01 1.03766098e+01 4.98595352e+01
  endloop
 endfacet
 facet normal 6.77876115e-01 -7.33266234e-01 -5.29591739e-02
  outer loop
   vertex 6.55303345e+01 1.03766098e+01 4.98595352e+01
   vertex 6.20764618e+01 7.56040764e+00 4.05000725e+01
   vertex 6.21414833e+01 7.89491940e+00 3.96118546e+01
  endloop
 endfacet
 facet normal 8.36629152e-01 -5.28871477e-01 -1.42641544e-01
  outer loop
   vertex 6.55303345e+01 1.03766098e+01 4.98595352e+01
   vertex 6.21414833e+01 7.89491940e+00 3.96118546e+01
   vertex 6.54783173e+01 1.05162706e+01 4.90917397e+01
  endloop
 endfacet
 facet normal 8.41725230e-01 -5.19717932e-01 -1.46259755e-01
  outer loop
   vertex 6.54783173e+01 1.05162706e+01 4.90917397e+01
   vertex 6.21414833e+01 7.89491940e+00 3.96118546e+01
   vertex 6.21940308e+01 8.10275173e+00 3.94872360e+01
  endloop
 endfacet
 facet normal 8.22185218e-01 -5.53150415e-01 -1.34298384e-01
  outer loop
   vertex 6.54783173e+01 1.05162706e+01 4.90917397e+01
   vertex 6.21940308e+01 8.10275173e+00 3.94872360e+01
   vertex 6.55044250e+01 1.07103462e+01 4.82765617e+01
  endloop
 endfacet
 facet normal 7.99781680e-01 -5.89003921e-01 -1.15860321e-01
  outer loop
   vertex 6.55044250e+01 1.07103462e+01 4.82765617e+01
   vertex 6.21940308e+01 8.10275173e+00 3.94872360e+01
   vertex 6.23813171e+01 8.42322636e+00 3.93431282e+01
  endloop
 endfacet
 facet normal 7.62959659e-01 -6.40022993e-01 -9.09013897e-02
  outer loop
   vertex 6.23813171e+01 8.42322636e+00 3.93431282e+01
   vertex 6.27178154e+01 8.78651142e+00 3.93453026e+01
   vertex 6.55044250e+01 1.07103462e+01 4.82765617e+01
  endloop
 endfacet
 facet normal 7.54031122e-01 -6.51075125e-01 -8.68232250e-02
  outer loop
   vertex 6.55044250e+01 1.07103462e+01 4.82765617e+01
   vertex 6.27178154e+01 8.78651142e+00 3.93453026e+01
   vertex 6.57370148e+01 1.10394831e+01 4.81495018e+01
  endloop
 endfacet
 facet normal 7.20338225e-01 -6.90807164e-01 -6.24362491e-02
  outer loop
   vertex 6.61324158e+01 1.14560604e+01 4.81004105e+01
   vertex 6.57370148e+01 1.10394831e+01 4.81495018e+01
   vertex 6.32208595e+01 9.24650288e+00 3.92601395e+01
  endloop
 endfacet
 facet normal 7.22711086e-01 -6.88172996e-01 -6.40826374e-02
  outer loop
   vertex 6.32208595e+01 9.24650288e+00 3.92601395e+01
   vertex 6.57370148e+01 1.10394831e+01 4.81495018e+01
   vertex 6.27178154e+01 8.78651142e+00 3.93453026e+01
  endloop
 endfacet
 facet normal 7.19091892e-01 -6.92482769e-01 -5.80898859e-02
  outer loop
   vertex 6.38221321e+01 9.82325077e+00 3.93415375e+01
   vertex 6.45280304e+01 1.05329351e+01 3.94602509e+01
   vertex 6.66090012e+01 1.19623728e+01 4.81131325e+01
  endloop
 endfacet
 facet normal 7.26585627e-01 -6.84294105e-01 -6.17648289e-02
  outer loop
   vertex 6.66090012e+01 1.19623728e+01 4.81131325e+01
   vertex 6.45280304e+01 1.05329351e+01 3.94602509e+01
   vertex 6.71682968e+01 1.25681973e+01 4.80706406e+01
  endloop
 endfacet
 facet normal 7.27594197e-01 -6.83241963e-01 -6.15395829e-02
  outer loop
   vertex 6.45280304e+01 1.05329351e+01 3.94602509e+01
   vertex 6.53701553e+01 1.14172344e+01 3.96039886e+01
   vertex 6.71682968e+01 1.25681973e+01 4.80706406e+01
  endloop
 endfacet
 facet normal 7.30893075e-01 -6.79570615e-01 -6.30800948e-02
  outer loop
   vertex 6.71682968e+01 1.25681973e+01 4.80706406e+01
   vertex 6.53701553e+01 1.14172344e+01 3.96039886e+01
   vertex 6.78278351e+01 1.32953634e+01 4.79011269e+01
  endloop
 endfacet
 facet normal 7.32905686e-01 -6.77342594e-01 -6.36885986e-02
  outer loop
   vertex 6.53701553e+01 1.14172344e+01 3.96039886e+01
   vertex 6.62817688e+01 1.24027567e+01 3.96032333e+01
   vertex 6.78278351e+01 1.32953634e+01 4.79011269e+01
  endloop
 endfacet
 facet normal 7.34983206e-01 -6.74995363e-01 -6.46600947e-02
  outer loop
   vertex 6.78278351e+01 1.32953634e+01 4.79011269e+01
   vertex 6.62817688e+01 1.24027567e+01 3.96032333e+01
   vertex 6.85701599e+01 1.41271591e+01 4.76440735e+01
  endloop
 endfacet
 facet normal 7.53162265e-01 -6.53617561e-01 -7.43684173e-02
  outer loop
   vertex 6.82079010e+01 1.45684252e+01 3.93906021e+01
   vertex 6.91630096e+01 1.56888037e+01 3.92706833e+01
   vertex 7.02478790e+01 1.60496597e+01 4.70785789e+01
  endloop
 endfacet
 facet normal 7.55280912e-01 -6.51009679e-01 -7.57439882e-02
  outer loop
   vertex 7.02478790e+01 1.60496597e+01 4.70785789e+01
   vertex 6.91630096e+01 1.56888037e+01 3.92706833e+01
   vertex 7.11440201e+01 1.71037807e+01 4.68423042e+01
  endloop
 endfacet
 facet normal 7.63142288e-01 -6.41199589e-01 -8.04792270e-02
  outer loop
   vertex 6.91630096e+01 1.56888037e+01 3.92706833e+01
   vertex 7.01065445e+01 1.68347588e+01 3.91613617e+01
   vertex 7.11440201e+01 1.71037807e+01 4.68423042e+01
  endloop
 endfacet
 facet normal 7.65299618e-01 -6.38421118e-01 -8.20673406e-02
  outer loop
   vertex 7.11440201e+01 1.71037807e+01 4.68423042e+01
   vertex 7.01065445e+01 1.68347588e+01 3.91613617e+01
   vertex 7.20661850e+01 1.82166538e+01 4.66486588e+01
  endloop
 endfacet
 facet normal 7.74468780e-01 -6.26480758e-01 -8.78636390e-02
  outer loop
   vertex 7.01065445e+01 1.68347588e+01 3.91613617e+01
   vertex 7.10420151e+01 1.80167446e+01 3.90663643e+01
   vertex 7.20661850e+01 1.82166538e+01 4.66486588e+01
  endloop
 endfacet
 facet normal 7.76686549e-01 -6.23472869e-01 -8.96635577e-02
  outer loop
   vertex 7.20661850e+01 1.82166538e+01 4.66486588e+01
   vertex 7.10420151e+01 1.80167446e+01 3.90663643e+01
   vertex 7.30085754e+01 1.93911743e+01 4.64961967e+01
  endloop
 endfacet
 facet normal 7.89090931e-01 -6.06354892e-01 -9.83320847e-02
  outer loop
   vertex 7.39650421e+01 2.06298695e+01 4.63819199e+01
   vertex 7.30085754e+01 1.93911743e+01 4.64961967e+01
   vertex 7.19728165e+01 1.92449856e+01 3.89885254e+01
  endloop
 endfacet
 facet normal 7.86754191e-01 -6.09704912e-01 -9.63213444e-02
  outer loop
   vertex 7.19728165e+01 1.92449856e+01 3.89885254e+01
   vertex 7.30085754e+01 1.93911743e+01 4.64961967e+01
   vertex 7.10420151e+01 1.80167446e+01 3.90663643e+01
  endloop
 endfacet
 facet normal 7.99535811e-01 -5.91268182e-01 -1.05567150e-01
  outer loop
   vertex 7.19728165e+01 1.92449856e+01 3.89885254e+01
   vertex 7.29021988e+01 2.05297794e+01 3.89303055e+01
   vertex 7.39650421e+01 2.06298695e+01 4.63819199e+01
  endloop
 endfacet
 facet normal 8.01865458e-01 -5.87719858e-01 -1.07689977e-01
  outer loop
   vertex 7.39650421e+01 2.06298695e+01 4.63819199e+01
   vertex 7.29021988e+01 2.05297794e+01 3.89303055e+01
   vertex 7.49293060e+01 2.19352684e+01 4.63021851e+01
  endloop
 endfacet
 facet normal 8.14283609e-01 -5.68485796e-01 -1.17328949e-01
  outer loop
   vertex 7.58920135e+01 2.32986279e+01 4.62476501e+01
   vertex 7.49293060e+01 2.19352684e+01 4.63021851e+01
   vertex 7.38240356e+01 2.18660870e+01 3.88859825e+01
  endloop
 endfacet
 facet normal 8.12124908e-01 -5.71999788e-01 -1.15192711e-01
  outer loop
   vertex 7.38240356e+01 2.18660870e+01 3.88859825e+01
   vertex 7.49293060e+01 2.19352684e+01 4.63021851e+01
   vertex 7.29021988e+01 2.05297794e+01 3.89303055e+01
  endloop
 endfacet
 facet normal 8.26179266e-01 -5.48869431e-01 -1.27162024e-01
  outer loop
   vertex 7.68437119e+01 2.47111931e+01 4.62087517e+01
   vertex 7.58920135e+01 2.32986279e+01 4.62476501e+01
   vertex 7.47321548e+01 2.32489414e+01 3.88496971e+01
  endloop
 endfacet
 facet normal 8.24151576e-01 -5.52404940e-01 -1.24991938e-01
  outer loop
   vertex 7.47321548e+01 2.32489414e+01 3.88496971e+01
   vertex 7.58920135e+01 2.32986279e+01 4.62476501e+01
   vertex 7.38240356e+01 2.18660870e+01 3.88859825e+01
  endloop
 endfacet
 facet normal 8.37661147e-01 -5.28667450e-01 -1.37238815e-01
  outer loop
   vertex 7.77749481e+01 2.61641617e+01 4.61757851e+01
   vertex 7.68437119e+01 2.47111931e+01 4.62087517e+01
   vertex 7.56204071e+01 2.46732788e+01 3.88155174e+01
  endloop
 endfacet
 facet normal 8.35712612e-01 -5.32311618e-01 -1.35013998e-01
  outer loop
   vertex 7.56204071e+01 2.46732788e+01 3.88155174e+01
   vertex 7.68437119e+01 2.47111931e+01 4.62087517e+01
   vertex 7.47321548e+01 2.32489414e+01 3.88496971e+01
  endloop
 endfacet
 facet normal 8.48504007e-01 -5.08266091e-01 -1.47331461e-01
  outer loop
   vertex 7.86758957e+01 2.76484737e+01 4.61379013e+01
   vertex 7.77749481e+01 2.61641617e+01 4.61757851e+01
   vertex 7.64823990e+01 2.61339741e+01 3.87768402e+01
  endloop
 endfacet
 facet normal 8.46706152e-01 -5.11883378e-01 -1.45134568e-01
  outer loop
   vertex 7.64823990e+01 2.61339741e+01 3.87768402e+01
   vertex 7.77749481e+01 2.61641617e+01 4.61757851e+01
   vertex 7.56204071e+01 2.46732788e+01 3.88155174e+01
  endloop
 endfacet
 facet normal 8.58417451e-01 -4.88318205e-01 -1.57050431e-01
  outer loop
   vertex 7.95442734e+01 2.91588058e+01 4.60952492e+01
   vertex 7.86758957e+01 2.76484737e+01 4.61379013e+01
   vertex 7.73166504e+01 2.76244278e+01 3.87340660e+01
  endloop
 endfacet
 facet normal 8.56769860e-01 -4.91868943e-01 -1.54952809e-01
  outer loop
   vertex 7.73166504e+01 2.76244278e+01 3.87340660e+01
   vertex 7.86758957e+01 2.76484737e+01 4.61379013e+01
   vertex 7.64823990e+01 2.61339741e+01 3.87768402e+01
  endloop
 endfacet
 facet normal 8.67465198e-01 -4.68924046e-01 -1.66175842e-01
  outer loop
   vertex 8.03781052e+01 3.06900520e+01 4.60490265e+01
   vertex 7.95442734e+01 2.91588058e+01 4.60952492e+01
   vertex 7.81218262e+01 2.91382141e+01 3.86881866e+01
  endloop
 endfacet
 facet normal 8.65805984e-01 -4.72692043e-01 -1.64140835e-01
  outer loop
   vertex 7.81218262e+01 2.91382141e+01 3.86881866e+01
   vertex 7.95442734e+01 2.91588058e+01 4.60952492e+01
   vertex 7.73166504e+01 2.76244278e+01 3.87340660e+01
  endloop
 endfacet
 facet normal 8.75830889e-01 -4.49936837e-01 -1.74576983e-01
  outer loop
   vertex 8.11754532e+01 3.22370949e+01 4.60004044e+01
   vertex 8.03781052e+01 3.06900520e+01 4.60490265e+01
   vertex 7.88966675e+01 3.06688786e+01 3.86401939e+01
  endloop
 endfacet
 facet normal 8.74024034e-01 -4.54205096e-01 -1.72568068e-01
  outer loop
   vertex 7.88966675e+01 3.06688786e+01 3.86401939e+01
   vertex 8.03781052e+01 3.06900520e+01 4.60490265e+01
   vertex 7.81218262e+01 2.91382141e+01 3.86881866e+01
  endloop
 endfacet
 facet normal 8.81733239e-01 -4.35954541e-01 -1.80250168e-01
  outer loop
   vertex 7.88966675e+01 3.06688786e+01 3.86401939e+01
   vertex 7.96398010e+01 3.22099724e+01 3.85910683e+01
   vertex 8.11754532e+01 3.22370949e+01 4.60004044e+01
  endloop
 endfacet
 facet normal 8.83819699e-01 -4.30838704e-01 -1.82320461e-01
  outer loop
   vertex 8.11754532e+01 3.22370949e+01 4.60004044e+01
   vertex 7.96398010e+01 3.22099724e+01 3.85910683e+01
   vertex 8.19342651e+01 3.37947655e+01 4.59505997e+01
  endloop
 endfacet
 facet normal 9.29936349e-01 -2.86318928e-01 -2.30737522e-01
  outer loop
   vertex 8.61734085e+01 4.49101524e+01 4.55865860e+01
   vertex 8.51724014e+01 4.16800194e+01 4.56918755e+01
   vertex 8.38197556e+01 4.32003479e+01 3.82218590e+01
  endloop
 endfacet
 facet normal 9.26242590e-01 -3.01963508e-01 -2.25594178e-01
  outer loop
   vertex 8.38197556e+01 4.32003479e+01 3.82218590e+01
   vertex 8.51724014e+01 4.16800194e+01 4.56918755e+01
   vertex 8.28386078e+01 4.00050964e+01 3.83294449e+01
  endloop
 endfacet
 facet normal 9.39567089e-01 -2.36964181e-01 -2.47106463e-01
  outer loop
   vertex 8.70300980e+01 4.82372284e+01 4.54854431e+01
   vertex 8.61734085e+01 4.49101524e+01 4.55865860e+01
   vertex 8.46467209e+01 4.64976044e+01 3.81096535e+01
  endloop
 endfacet
 facet normal 9.36916053e-01 -2.52280563e-01 -2.41956159e-01
  outer loop
   vertex 8.46467209e+01 4.64976044e+01 3.81096535e+01
   vertex 8.61734085e+01 4.49101524e+01 4.55865860e+01
   vertex 8.38197556e+01 4.32003479e+01 3.82218590e+01
  endloop
 endfacet
 facet normal 9.46628571e-01 -1.85027137e-01 -2.63930589e-01
  outer loop
   vertex 8.77184448e+01 5.16959305e+01 4.53711472e+01
   vertex 8.70300980e+01 4.82372284e+01 4.54854431e+01
   vertex 8.53060303e+01 4.99376678e+01 3.79797745e+01
  endloop
 endfacet
 facet normal 9.44755256e-01 -2.01300353e-01 -2.58680731e-01
  outer loop
   vertex 8.53060303e+01 4.99376678e+01 3.79797745e+01
   vertex 8.70300980e+01 4.82372284e+01 4.54854431e+01
   vertex 8.46467209e+01 4.64976044e+01 3.81096535e+01
  endloop
 endfacet
 facet normal 9.50950861e-01 -1.32102370e-01 -2.79716641e-01
  outer loop
   vertex 8.82134705e+01 5.53202667e+01 4.52236366e+01
   vertex 8.77184448e+01 5.16959305e+01 4.53711472e+01
   vertex 8.57837143e+01 5.35609283e+01 3.78175774e+01
  endloop
 endfacet
 facet normal 9.49902415e-01 -1.48673236e-01 -2.74921149e-01
  outer loop
   vertex 8.57837143e+01 5.35609283e+01 3.78175774e+01
   vertex 8.77184448e+01 5.16959305e+01 4.53711472e+01
   vertex 8.53060303e+01 4.99376678e+01 3.79797745e+01
  endloop
 endfacet
 facet normal 9.52499866e-01 -4.71401848e-02 -3.00868452e-01
  outer loop
   vertex 8.60717468e+01 5.72872047e+01 3.76304665e+01
   vertex 8.61624298e+01 6.10365334e+01 3.74266586e+01
   vertex 8.85079117e+01 5.90578079e+01 4.50497322e+01
  endloop
 endfacet
 facet normal 9.52017069e-01 -2.95779947e-02 -3.04612309e-01
  outer loop
   vertex 8.85079117e+01 5.90578079e+01 4.50497322e+01
   vertex 8.61624298e+01 6.10365334e+01 3.74266586e+01
   vertex 8.85949326e+01 6.28565903e+01 4.48576241e+01
  endloop
 endfacet
 facet normal 9.48620319e-01 2.53418870e-02 -3.15400183e-01
  outer loop
   vertex 8.84705048e+01 6.65164413e+01 4.46602898e+01
   vertex 8.85949326e+01 6.28565903e+01 4.48576241e+01
   vertex 8.60497894e+01 6.46435013e+01 3.72171173e+01
  endloop
 endfacet
 facet normal 9.50206816e-01 5.27541339e-03 -3.11575353e-01
  outer loop
   vertex 8.60497894e+01 6.46435013e+01 3.72171173e+01
   vertex 8.85949326e+01 6.28565903e+01 4.48576241e+01
   vertex 8.61624298e+01 6.10365334e+01 3.74266586e+01
  endloop
 endfacet
 facet normal 9.41797495e-01 8.36455673e-02 -3.25608432e-01
  outer loop
   vertex 8.81302948e+01 6.98369598e+01 4.44698601e+01
   vertex 8.84705048e+01 6.65164413e+01 4.46602898e+01
   vertex 8.57276917e+01 6.79425812e+01 3.70123177e+01
  endloop
 endfacet
 facet normal 9.44682837e-01 6.24586158e-02 -3.21983337e-01
  outer loop
   vertex 8.57276917e+01 6.79425812e+01 3.70123177e+01
   vertex 8.84705048e+01 6.65164413e+01 4.46602898e+01
   vertex 8.60497894e+01 6.46435013e+01 3.72171173e+01
  endloop
 endfacet
 facet normal 9.32610214e-01 1.36477903e-01 -3.34083855e-01
  outer loop
   vertex 8.76185379e+01 7.29528046e+01 4.42847977e+01
   vertex 8.81302948e+01 6.98369598e+01 4.44698601e+01
   vertex 8.52300873e+01 7.10430298e+01 3.68109550e+01
  endloop
 endfacet
 facet normal 9.36048985e-01 1.18679993e-01 -3.31251144e-01
  outer loop
   vertex 8.52300873e+01 7.10430298e+01 3.68109550e+01
   vertex 8.81302948e+01 6.98369598e+01 4.44698601e+01
   vertex 8.57276917e+01 6.79425812e+01 3.70123177e+01
  endloop
 endfacet
 facet normal 8.99503231e-01 2.57093757e-01 -3.53265762e-01
  outer loop
   vertex 8.52174454e+01 8.22001419e+01 4.37114143e+01
   vertex 8.61886215e+01 7.90552902e+01 4.39186363e+01
   vertex 8.28628464e+01 8.01165771e+01 3.61938248e+01
  endloop
 endfacet
 facet normal 9.03460920e-01 2.45226964e-01 -3.51599395e-01
  outer loop
   vertex 8.28628464e+01 8.01165771e+01 3.61938248e+01
   vertex 8.61886215e+01 7.90552902e+01 4.39186363e+01
   vertex 8.38045349e+01 7.70533981e+01 3.64097786e+01
  endloop
 endfacet
 facet normal 8.88951004e-01 2.86942452e-01 -3.56973648e-01
  outer loop
   vertex 8.41227341e+01 8.53442078e+01 4.34951782e+01
   vertex 8.52174454e+01 8.22001419e+01 4.37114143e+01
   vertex 8.18032761e+01 8.31859283e+01 3.59718132e+01
  endloop
 endfacet
 facet normal 8.92632127e-01 2.76842684e-01 -3.55761111e-01
  outer loop
   vertex 8.18032761e+01 8.31859283e+01 3.59718132e+01
   vertex 8.52174454e+01 8.22001419e+01 4.37114143e+01
   vertex 8.28628464e+01 8.01165771e+01 3.61938248e+01
  endloop
 endfacet
 facet normal 8.82797062e-01 3.03259134e-01 -3.58752400e-01
  outer loop
   vertex 8.18032761e+01 8.31859283e+01 3.59718132e+01
   vertex 8.06628647e+01 8.62034302e+01 3.57510223e+01
   vertex 8.41227341e+01 8.53442078e+01 4.34951782e+01
  endloop
 endfacet
 facet normal 8.79221797e-01 3.12293708e-01 -3.59779984e-01
  outer loop
   vertex 8.41227341e+01 8.53442078e+01 4.34951782e+01
   vertex 8.06628647e+01 8.62034302e+01 3.57510223e+01
   vertex 8.29607086e+01 8.83980255e+01 4.32820320e+01
  endloop
 endfacet
 facet normal 8.69588554e-01 3.35597366e-01 -3.62201750e-01
  outer loop
   vertex 8.17289886e+01 9.13843307e+01 4.30710716e+01
   vertex 8.29607086e+01 8.83980255e+01 4.32820320e+01
   vertex 7.94448242e+01 8.91761627e+01 3.55313911e+01
  endloop
 endfacet
 facet normal 8.73215735e-01 3.27062130e-01 -3.61281902e-01
  outer loop
   vertex 7.94448242e+01 8.91761627e+01 3.55313911e+01
   vertex 8.29607086e+01 8.83980255e+01 4.32820320e+01
   vertex 8.06628647e+01 8.62034302e+01 3.57510223e+01
  endloop
 endfacet
 facet normal 8.60133231e-01 3.57072026e-01 -3.64239514e-01
  outer loop
   vertex 8.04250793e+01 9.43258438e+01 4.28613853e+01
   vertex 8.17289886e+01 9.13843307e+01 4.30710716e+01
   vertex 7.81523590e+01 9.21112213e+01 3.53128700e+01
  endloop
 endfacet
 facet normal 8.63655567e-01 3.49264503e-01 -3.63474071e-01
  outer loop
   vertex 7.81523590e+01 9.21112213e+01 3.53128700e+01
   vertex 8.17289886e+01 9.13843307e+01 4.30710716e+01
   vertex 7.94448242e+01 8.91761627e+01 3.55313911e+01
  endloop
 endfacet
 facet normal 8.51319015e-01 3.76000375e-01 -3.65895718e-01
  outer loop
   vertex 7.90563736e+01 9.72279892e+01 4.26471863e+01
   vertex 8.04250793e+01 9.43258438e+01 4.28613853e+01
   vertex 7.67924271e+01 9.50122375e+01 3.50924072e+01
  endloop
 endfacet
 facet normal 8.54542017e-01 3.69235158e-01 -3.65271509e-01
  outer loop
   vertex 7.67924271e+01 9.50122375e+01 3.50924072e+01
   vertex 8.04250793e+01 9.43258438e+01 4.28613853e+01
   vertex 7.81523590e+01 9.21112213e+01 3.53128700e+01
  endloop
 endfacet
 facet normal 7.99721181e-01 4.69733268e-01 -3.73894006e-01
  outer loop
   vertex 6.97045898e+01 1.14126030e+02 4.14144783e+01
   vertex 7.14145050e+01 1.11367203e+02 4.16231651e+01
   vertex 6.74555740e+01 1.11915207e+02 3.38207664e+01
  endloop
 endfacet
 facet normal 8.03327203e-01 4.63804752e-01 -3.73564601e-01
  outer loop
   vertex 6.74555740e+01 1.11915207e+02 3.38207664e+01
   vertex 7.14145050e+01 1.11367203e+02 4.16231651e+01
   vertex 6.91598740e+01 1.09153336e+02 3.40340347e+01
  endloop
 endfacet
 facet normal 7.90862679e-01 4.84119415e-01 -3.74385715e-01
  outer loop
   vertex 6.79363632e+01 1.16869316e+02 4.12269440e+01
   vertex 6.97045898e+01 1.14126030e+02 4.14144783e+01
   vertex 6.56905518e+01 1.14660088e+02 3.36180801e+01
  endloop
 endfacet
 facet normal 7.94078767e-01 4.78963673e-01 -3.74209404e-01
  outer loop
   vertex 6.56905518e+01 1.14660088e+02 3.36180801e+01
   vertex 6.97045898e+01 1.14126030e+02 4.14144783e+01
   vertex 6.74555740e+01 1.11915207e+02 3.38207664e+01
  endloop
 endfacet
 facet normal 7.84434259e-01 4.94435906e-01 -3.74427557e-01
  outer loop
   vertex 6.61224289e+01 1.19599426e+02 4.10388794e+01
   vertex 6.79363632e+01 1.16869316e+02 4.12269440e+01
   vertex 6.38788605e+01 1.17391281e+02 3.34139290e+01
  endloop
 endfacet
 facet normal 7.86646724e-01 4.90926296e-01 -3.74403864e-01
  outer loop
   vertex 6.38788605e+01 1.17391281e+02 3.34139290e+01
   vertex 6.79363632e+01 1.16869316e+02 4.12269440e+01
   vertex 6.56905518e+01 1.14660088e+02 3.36180801e+01
  endloop
 endfacet
 facet normal 8.18481088e-01 -5.60412109e-01 -1.26597583e-01
  outer loop
   vertex 6.70016556e+01 1.14841528e+01 5.44952469e+01
   vertex 6.55303345e+01 1.03766098e+01 4.98595352e+01
   vertex 6.69312515e+01 1.16244678e+01 5.36027145e+01
  endloop
 endfacet
 facet normal 8.29320431e-01 -5.41807234e-01 -1.36647388e-01
  outer loop
   vertex 6.69312515e+01 1.16244678e+01 5.36027145e+01
   vertex 6.55303345e+01 1.03766098e+01 4.98595352e+01
   vertex 6.54783173e+01 1.05162706e+01 4.90917397e+01
  endloop
 endfacet
 facet normal 8.22924197e-01 -5.52895308e-01 -1.30776584e-01
  outer loop
   vertex 6.69312515e+01 1.16244678e+01 5.36027145e+01
   vertex 6.54783173e+01 1.05162706e+01 4.90917397e+01
   vertex 6.69181900e+01 1.17981691e+01 5.26661797e+01
  endloop
 endfacet
 facet normal 8.10029864e-01 -5.72977066e-01 -1.24695353e-01
  outer loop
   vertex 6.69181900e+01 1.17981691e+01 5.26661797e+01
   vertex 6.54783173e+01 1.05162706e+01 4.90917397e+01
   vertex 6.55044250e+01 1.07103462e+01 4.82765617e+01
  endloop
 endfacet
 facet normal 7.40744710e-01 -6.67609811e-01 -7.47961998e-02
  outer loop
   vertex 6.57370148e+01 1.10394831e+01 4.81495018e+01
   vertex 6.61324158e+01 1.14560604e+01 4.81004105e+01
   vertex 6.70690155e+01 1.20681581e+01 5.22652321e+01
  endloop
 endfacet
 facet normal 7.35896528e-01 -6.73491180e-01 -6.97560757e-02
  outer loop
   vertex 6.70690155e+01 1.20681581e+01 5.22652321e+01
   vertex 6.61324158e+01 1.14560604e+01 4.81004105e+01
   vertex 6.73792191e+01 1.24195499e+01 5.19998474e+01
  endloop
 endfacet
 facet normal 7.24786758e-01 -6.86125040e-01 -6.25831336e-02
  outer loop
   vertex 6.61324158e+01 1.14560604e+01 4.81004105e+01
   vertex 6.66090012e+01 1.19623728e+01 4.81131325e+01
   vertex 6.73792191e+01 1.24195499e+01 5.19998474e+01
  endloop
 endfacet
 facet normal 7.29379594e-01 -6.81078315e-01 -6.43252879e-02
  outer loop
   vertex 6.73792191e+01 1.24195499e+01 5.19998474e+01
   vertex 6.66090012e+01 1.19623728e+01 4.81131325e+01
   vertex 6.77770767e+01 1.28651848e+01 5.18297462e+01
  endloop
 endfacet
 facet normal 7.29959488e-01 -6.80486441e-01 -6.40103221e-02
  outer loop
   vertex 6.66090012e+01 1.19623728e+01 4.81131325e+01
   vertex 6.71682968e+01 1.25681973e+01 4.80706406e+01
   vertex 6.77770767e+01 1.28651848e+01 5.18297462e+01
  endloop
 endfacet
 facet normal 7.32216299e-01 -6.77984297e-01 -6.47808984e-02
  outer loop
   vertex 6.77770767e+01 1.28651848e+01 5.18297462e+01
   vertex 6.71682968e+01 1.25681973e+01 4.80706406e+01
   vertex 6.82599411e+01 1.34097023e+01 5.16306953e+01
  endloop
 endfacet
 facet normal 7.32147038e-01 -6.78126037e-01 -6.40764013e-02
  outer loop
   vertex 6.71682968e+01 1.25681973e+01 4.80706406e+01
   vertex 6.78278351e+01 1.32953634e+01 4.79011269e+01
   vertex 6.82599411e+01 1.34097023e+01 5.16306953e+01
  endloop
 endfacet
 facet normal 7.33822763e-01 -6.76255047e-01 -6.46787286e-02
  outer loop
   vertex 6.82599411e+01 1.34097023e+01 5.16306953e+01
   vertex 6.78278351e+01 1.32953634e+01 4.79011269e+01
   vertex 6.88439941e+01 1.40718889e+01 5.13316650e+01
  endloop
 endfacet
 facet normal 7.50794291e-01 -6.56467199e-01 -7.32032359e-02
  outer loop
   vertex 7.02478790e+01 1.60496597e+01 4.70785789e+01
   vertex 7.11440201e+01 1.71037807e+01 4.68423042e+01
   vertex 7.10913162e+01 1.66621094e+01 5.02572517e+01
  endloop
 endfacet
 facet normal 7.52836585e-01 -6.53972745e-01 -7.45434910e-02
  outer loop
   vertex 7.10913162e+01 1.66621094e+01 5.02572517e+01
   vertex 7.11440201e+01 1.71037807e+01 4.68423042e+01
   vertex 7.19630814e+01 1.76888142e+01 4.99728699e+01
  endloop
 endfacet
 facet normal 7.59489596e-01 -6.45744562e-01 -7.86732882e-02
  outer loop
   vertex 7.11440201e+01 1.71037807e+01 4.68423042e+01
   vertex 7.20661850e+01 1.82166538e+01 4.66486588e+01
   vertex 7.19630814e+01 1.76888142e+01 4.99728699e+01
  endloop
 endfacet
 facet normal 7.61881530e-01 -6.42710388e-01 -8.03734139e-02
  outer loop
   vertex 7.19630814e+01 1.76888142e+01 4.99728699e+01
   vertex 7.20661850e+01 1.82166538e+01 4.66486588e+01
   vertex 7.28764267e+01 1.87880077e+01 4.97443581e+01
  endloop
 endfacet
 facet normal 7.69914925e-01 -6.32383645e-01 -8.55679959e-02
  outer loop
   vertex 7.20661850e+01 1.82166538e+01 4.66486588e+01
   vertex 7.30085754e+01 1.93911743e+01 4.64961967e+01
   vertex 7.28764267e+01 1.87880077e+01 4.97443581e+01
  endloop
 endfacet
 facet normal 7.72650301e-01 -6.28756881e-01 -8.76145735e-02
  outer loop
   vertex 7.28764267e+01 1.87880077e+01 4.97443581e+01
   vertex 7.30085754e+01 1.93911743e+01 4.64961967e+01
   vertex 7.38216553e+01 1.99594593e+01 4.95681381e+01
  endloop
 endfacet
 facet normal 7.84847021e-01 -6.12192750e-01 -9.60995853e-02
  outer loop
   vertex 7.47887344e+01 2.12024593e+01 4.94387932e+01
   vertex 7.38216553e+01 1.99594593e+01 4.95681381e+01
   vertex 7.39650421e+01 2.06298695e+01 4.63819199e+01
  endloop
 endfacet
 facet normal 7.81759620e-01 -6.16496801e-01 -9.37209800e-02
  outer loop
   vertex 7.39650421e+01 2.06298695e+01 4.63819199e+01
   vertex 7.38216553e+01 1.99594593e+01 4.95681381e+01
   vertex 7.30085754e+01 1.93911743e+01 4.64961967e+01
  endloop
 endfacet
 facet normal 7.94498861e-01 -5.98495662e-01 -1.02832355e-01
  outer loop
   vertex 7.39650421e+01 2.06298695e+01 4.63819199e+01
   vertex 7.49293060e+01 2.19352684e+01 4.63021851e+01
   vertex 7.47887344e+01 2.12024593e+01 4.94387932e+01
  endloop
 endfacet
 facet normal 7.97659218e-01 -5.93831241e-01 -1.05376624e-01
  outer loop
   vertex 7.47887344e+01 2.12024593e+01 4.94387932e+01
   vertex 7.49293060e+01 2.19352684e+01 4.63021851e+01
   vertex 7.57674484e+01 2.25163803e+01 4.93501625e+01
  endloop
 endfacet
 facet normal 8.10137749e-01 -5.74862659e-01 -1.14933573e-01
  outer loop
   vertex 7.67470551e+01 2.38909321e+01 4.92914085e+01
   vertex 7.57674484e+01 2.25163803e+01 4.93501625e+01
   vertex 7.58920135e+01 2.32986279e+01 4.62476501e+01
  endloop
 endfacet
 facet normal 8.07167470e-01 -5.79529166e-01 -1.12368166e-01
  outer loop
   vertex 7.58920135e+01 2.32986279e+01 4.62476501e+01
   vertex 7.57674484e+01 2.25163803e+01 4.93501625e+01
   vertex 7.49293060e+01 2.19352684e+01 4.63021851e+01
  endloop
 endfacet
 facet normal 8.22099924e-01 -5.55523515e-01 -1.24681003e-01
  outer loop
   vertex 7.77167664e+01 2.53157787e+01 4.92514305e+01
   vertex 7.67470551e+01 2.38909321e+01 4.92914085e+01
   vertex 7.68437119e+01 2.47111931e+01 4.62087517e+01
  endloop
 endfacet
 facet normal 8.19265246e-01 -5.60272515e-01 -1.22062050e-01
  outer loop
   vertex 7.68437119e+01 2.47111931e+01 4.62087517e+01
   vertex 7.67470551e+01 2.38909321e+01 4.92914085e+01
   vertex 7.58920135e+01 2.32986279e+01 4.62476501e+01
  endloop
 endfacet
 facet normal 8.33699524e-01 -5.35537660e-01 -1.34701565e-01
  outer loop
   vertex 7.86657715e+01 2.67805691e+01 4.92189636e+01
   vertex 7.77167664e+01 2.53157787e+01 4.92514305e+01
   vertex 7.77749481e+01 2.61641617e+01 4.61757851e+01
  endloop
 endfacet
 facet normal 8.30946386e-01 -5.40465713e-01 -1.32003278e-01
  outer loop
   vertex 7.77749481e+01 2.61641617e+01 4.61757851e+01
   vertex 7.77167664e+01 2.53157787e+01 4.92514305e+01
   vertex 7.68437119e+01 2.47111931e+01 4.62087517e+01
  endloop
 endfacet
 facet normal 8.44808340e-01 -5.15092731e-01 -1.44839138e-01
  outer loop
   vertex 7.95828323e+01 2.82746487e+01 4.91814041e+01
   vertex 7.86657715e+01 2.67805691e+01 4.92189636e+01
   vertex 7.86758957e+01 2.76484737e+01 4.61379013e+01
  endloop
 endfacet
 facet normal 8.42190981e-01 -5.20108879e-01 -1.42130479e-01
  outer loop
   vertex 7.86758957e+01 2.76484737e+01 4.61379013e+01
   vertex 7.86657715e+01 2.67805691e+01 4.92189636e+01
   vertex 7.77749481e+01 2.61641617e+01 4.61757851e+01
  endloop
 endfacet
 facet normal 8.55208993e-01 -4.94633764e-01 -1.54774040e-01
  outer loop
   vertex 8.04653091e+01 2.97932320e+01 4.91388016e+01
   vertex 7.95828323e+01 2.82746487e+01 4.91814041e+01
   vertex 7.95442734e+01 2.91588058e+01 4.60952492e+01
  endloop
 endfacet
 facet normal 8.52743387e-01 -4.99684066e-01 -1.52133256e-01
  outer loop
   vertex 7.95442734e+01 2.91588058e+01 4.60952492e+01
   vertex 7.95828323e+01 2.82746487e+01 4.91814041e+01
   vertex 7.86758957e+01 2.76484737e+01 4.61379013e+01
  endloop
 endfacet
 facet normal 8.64940643e-01 -4.74220604e-01 -1.64294064e-01
  outer loop
   vertex 8.13109741e+01 3.13316860e+01 4.90924377e+01
   vertex 8.04653091e+01 2.97932320e+01 4.91388016e+01
   vertex 8.03781052e+01 3.06900520e+01 4.60490265e+01
  endloop
 endfacet
 facet normal 8.62518728e-01 -4.79486704e-01 -1.61721870e-01
  outer loop
   vertex 8.03781052e+01 3.06900520e+01 4.60490265e+01
   vertex 8.04653091e+01 2.97932320e+01 4.91388016e+01
   vertex 7.95442734e+01 2.91588058e+01 4.60952492e+01
  endloop
 endfacet
 facet normal 8.74148011e-01 -4.53702748e-01 -1.73260212e-01
  outer loop
   vertex 8.21176300e+01 3.28854828e+01 4.90435638e+01
   vertex 8.13109741e+01 3.13316860e+01 4.90924377e+01
   vertex 8.11754532e+01 3.22370949e+01 4.60004044e+01
  endloop
 endfacet
 facet normal 8.71673405e-01 -4.59378779e-01 -1.70753002e-01
  outer loop
   vertex 8.11754532e+01 3.22370949e+01 4.60004044e+01
   vertex 8.13109741e+01 3.13316860e+01 4.90924377e+01
   vertex 8.03781052e+01 3.06900520e+01 4.60490265e+01
  endloop
 endfacet
 facet normal 9.38991487e-01 -2.40211636e-01 -2.46157125e-01
  outer loop
   vertex 8.80155334e+01 4.89565086e+01 4.85350380e+01
   vertex 8.71465454e+01 4.56170769e+01 4.86316109e+01
   vertex 8.70300980e+01 4.82372284e+01 4.54854431e+01
  endloop
 endfacet
 facet normal 9.36252594e-01 -2.55689502e-01 -2.40943909e-01
  outer loop
   vertex 8.70300980e+01 4.82372284e+01 4.54854431e+01
   vertex 8.71465454e+01 4.56170769e+01 4.86316109e+01
   vertex 8.61734085e+01 4.49101524e+01 4.55865860e+01
  endloop
 endfacet
 facet normal 9.46256280e-01 -1.88121140e-01 -2.63076991e-01
  outer loop
   vertex 8.87158813e+01 5.24229164e+01 4.84271812e+01
   vertex 8.80155334e+01 4.89565086e+01 4.85350380e+01
   vertex 8.77184448e+01 5.16959305e+01 4.53711472e+01
  endloop
 endfacet
 facet normal 9.44212735e-01 -2.05220953e-01 -2.57578462e-01
  outer loop
   vertex 8.77184448e+01 5.16959305e+01 4.53711472e+01
   vertex 8.80155334e+01 4.89565086e+01 4.85350380e+01
   vertex 8.70300980e+01 4.82372284e+01 4.54854431e+01
  endloop
 endfacet
 facet normal 9.41225052e-01 8.72132480e-02 -3.26326966e-01
  outer loop
   vertex 8.91236725e+01 7.06202011e+01 4.75532608e+01
   vertex 8.94713821e+01 6.72908325e+01 4.77377396e+01
   vertex 8.81302948e+01 6.98369598e+01 4.44698601e+01
  endloop
 endfacet
 facet normal 9.44116414e-01 6.65303543e-02 -3.22828025e-01
  outer loop
   vertex 8.81302948e+01 6.98369598e+01 4.44698601e+01
   vertex 8.94713821e+01 6.72908325e+01 4.77377396e+01
   vertex 8.84705048e+01 6.65164413e+01 4.46602898e+01
  endloop
 endfacet
 facet normal 9.32137370e-01 1.38686612e-01 -3.34493548e-01
  outer loop
   vertex 8.86060791e+01 7.37424240e+01 4.73749313e+01
   vertex 8.91236725e+01 7.06202011e+01 4.75532608e+01
   vertex 8.76185379e+01 7.29528046e+01 4.42847977e+01
  endloop
 endfacet
 facet normal 9.35374320e-01 1.22115962e-01 -3.31907451e-01
  outer loop
   vertex 8.76185379e+01 7.29528046e+01 4.42847977e+01
   vertex 8.91236725e+01 7.06202011e+01 4.75532608e+01
   vertex 8.81302948e+01 6.98369598e+01 4.44698601e+01
  endloop
 endfacet
 facet normal 8.13563347e-01 -5.68463087e-01 -1.22329064e-01
  outer loop
   vertex 6.82969055e+01 1.24591513e+01 5.85761909e+01
   vertex 6.70016556e+01 1.14841528e+01 5.44952469e+01
   vertex 6.82103119e+01 1.26000376e+01 5.75738525e+01
  endloop
 endfacet
 facet normal 8.22543919e-01 -5.53975165e-01 -1.28580704e-01
  outer loop
   vertex 6.82103119e+01 1.26000376e+01 5.75738525e+01
   vertex 6.70016556e+01 1.14841528e+01 5.44952469e+01
   vertex 6.69312515e+01 1.16244678e+01 5.36027145e+01
  endloop
 endfacet
 facet normal 8.10971797e-01 -5.72706997e-01 -1.19713873e-01
  outer loop
   vertex 6.69181900e+01 1.17981691e+01 5.26661797e+01
   vertex 6.81627655e+01 1.27558098e+01 5.65304871e+01
   vertex 6.69312515e+01 1.16244678e+01 5.36027145e+01
  endloop
 endfacet
 facet normal 8.21742177e-01 -5.55385649e-01 -1.27618909e-01
  outer loop
   vertex 6.69312515e+01 1.16244678e+01 5.36027145e+01
   vertex 6.81627655e+01 1.27558098e+01 5.65304871e+01
   vertex 6.82103119e+01 1.26000376e+01 5.75738525e+01
  endloop
 endfacet
 facet normal 7.51707196e-01 -6.54727519e-01 -7.91720599e-02
  outer loop
   vertex 6.82416153e+01 1.29737225e+01 5.58884201e+01
   vertex 6.70690155e+01 1.20681581e+01 5.22652321e+01
   vertex 6.84768143e+01 1.32677250e+01 5.54326324e+01
  endloop
 endfacet
 facet normal 7.40239441e-01 -6.68501675e-01 -7.17714429e-02
  outer loop
   vertex 6.84768143e+01 1.32677250e+01 5.54326324e+01
   vertex 6.70690155e+01 1.20681581e+01 5.22652321e+01
   vertex 6.73792191e+01 1.24195499e+01 5.19998474e+01
  endloop
 endfacet
 facet normal 7.32623756e-01 -6.77384377e-01 -6.64293319e-02
  outer loop
   vertex 6.84768143e+01 1.32677250e+01 5.54326324e+01
   vertex 6.73792191e+01 1.24195499e+01 5.19998474e+01
   vertex 6.88053741e+01 1.36599483e+01 5.51015816e+01
  endloop
 endfacet
 facet normal 7.32781827e-01 -6.77240908e-01 -6.61477819e-02
  outer loop
   vertex 6.88053741e+01 1.36599483e+01 5.51015816e+01
   vertex 6.73792191e+01 1.24195499e+01 5.19998474e+01
   vertex 6.77770767e+01 1.28651848e+01 5.18297462e+01
  endloop
 endfacet
 facet normal 7.35907018e-01 -6.73734963e-01 -6.72461838e-02
  outer loop
   vertex 6.88053741e+01 1.36599483e+01 5.51015816e+01
   vertex 6.77770767e+01 1.28651848e+01 5.18297462e+01
   vertex 6.92209473e+01 1.41504869e+01 5.47647133e+01
  endloop
 endfacet
 facet normal 7.34770238e-01 -6.75078392e-01 -6.61950484e-02
  outer loop
   vertex 6.92209473e+01 1.41504869e+01 5.47647133e+01
   vertex 6.77770767e+01 1.28651848e+01 5.18297462e+01
   vertex 6.82599411e+01 1.34097023e+01 5.16306953e+01
  endloop
 endfacet
 facet normal 7.35872924e-01 -6.73881233e-01 -6.61444664e-02
  outer loop
   vertex 6.92209473e+01 1.41504869e+01 5.47647133e+01
   vertex 6.82599411e+01 1.34097023e+01 5.16306953e+01
   vertex 6.97385330e+01 1.47554922e+01 5.43516693e+01
  endloop
 endfacet
 facet normal 7.34995663e-01 -6.74917042e-01 -6.53327256e-02
  outer loop
   vertex 6.97385330e+01 1.47554922e+01 5.43516693e+01
   vertex 6.82599411e+01 1.34097023e+01 5.16306953e+01
   vertex 6.88439941e+01 1.40718889e+01 5.13316650e+01
  endloop
 endfacet
 facet normal 7.49203980e-01 -6.58367813e-01 -7.24237561e-02
  outer loop
   vertex 7.10913162e+01 1.66621094e+01 5.02572517e+01
   vertex 7.19630814e+01 1.76888142e+01 4.99728699e+01
   vertex 7.18338318e+01 1.72012463e+01 5.30555267e+01
  endloop
 endfacet
 facet normal 7.51045048e-01 -6.56128347e-01 -7.36674517e-02
  outer loop
   vertex 7.18338318e+01 1.72012463e+01 5.30555267e+01
   vertex 7.19630814e+01 1.76888142e+01 4.99728699e+01
   vertex 7.26841354e+01 1.82038364e+01 5.27287903e+01
  endloop
 endfacet
 facet normal 7.57081211e-01 -6.48709178e-01 -7.74884894e-02
  outer loop
   vertex 7.19630814e+01 1.76888142e+01 4.99728699e+01
   vertex 7.28764267e+01 1.87880077e+01 4.97443581e+01
   vertex 7.26841354e+01 1.82038364e+01 5.27287903e+01
  endloop
 endfacet
 facet normal 7.59421706e-01 -6.45764947e-01 -7.91603178e-02
  outer loop
   vertex 7.26841354e+01 1.82038364e+01 5.27287903e+01
   vertex 7.28764267e+01 1.87880077e+01 4.97443581e+01
   vertex 7.35896912e+01 1.92910061e+01 5.24695892e+01
  endloop
 endfacet
 facet normal 7.69788027e-01 -6.32456183e-01 -8.61716047e-02
  outer loop
   vertex 7.45374451e+01 2.04597206e+01 5.22724533e+01
   vertex 7.35896912e+01 1.92910061e+01 5.24695892e+01
   vertex 7.38216553e+01 1.99594593e+01 4.95681381e+01
  endloop
 endfacet
 facet normal 7.66969502e-01 -6.36149466e-01 -8.40931162e-02
  outer loop
   vertex 7.38216553e+01 1.99594593e+01 4.95681381e+01
   vertex 7.35896912e+01 1.92910061e+01 5.24695892e+01
   vertex 7.28764267e+01 1.87880077e+01 4.97443581e+01
  endloop
 endfacet
 facet normal 7.81858385e-01 -6.16246462e-01 -9.45396349e-02
  outer loop
   vertex 7.55138626e+01 2.17065258e+01 5.21298485e+01
   vertex 7.45374451e+01 2.04597206e+01 5.22724533e+01
   vertex 7.47887344e+01 2.12024593e+01 4.94387932e+01
  endloop
 endfacet
 facet normal 7.78568089e-01 -6.20769143e-01 -9.20730233e-02
  outer loop
   vertex 7.47887344e+01 2.12024593e+01 4.94387932e+01
   vertex 7.45374451e+01 2.04597206e+01 5.22724533e+01
   vertex 7.38216553e+01 1.99594593e+01 4.95681381e+01
  endloop
 endfacet
 facet normal 7.91301131e-01 -6.03008389e-01 -1.01110891e-01
  outer loop
   vertex 7.47887344e+01 2.12024593e+01 4.94387932e+01
   vertex 7.57674484e+01 2.25163803e+01 4.93501625e+01
   vertex 7.55138626e+01 2.17065258e+01 5.21298485e+01
  endloop
 endfacet
 facet normal 7.94707298e-01 -5.98057628e-01 -1.03766322e-01
  outer loop
   vertex 7.55138626e+01 2.17065258e+01 5.21298485e+01
   vertex 7.57674484e+01 2.25163803e+01 4.93501625e+01
   vertex 7.65052643e+01 2.30279655e+01 5.20333824e+01
  endloop
 endfacet
 facet normal 8.07233334e-01 -5.79261780e-01 -1.13270476e-01
  outer loop
   vertex 7.74997559e+01 2.44123554e+01 5.19709129e+01
   vertex 7.65052643e+01 2.30279655e+01 5.20333824e+01
   vertex 7.67470551e+01 2.38909321e+01 4.92914085e+01
  endloop
 endfacet
 facet normal 8.04031193e-01 -5.84210694e-01 -1.10596873e-01
  outer loop
   vertex 7.67470551e+01 2.38909321e+01 4.92914085e+01
   vertex 7.65052643e+01 2.30279655e+01 5.20333824e+01
   vertex 7.57674484e+01 2.25163803e+01 4.93501625e+01
  endloop
 endfacet
 facet normal 8.19235384e-01 -5.60120583e-01 -1.22956760e-01
  outer loop
   vertex 7.84853287e+01 2.58480091e+01 5.19299850e+01
   vertex 7.74997559e+01 2.44123554e+01 5.19709129e+01
   vertex 7.77167664e+01 2.53157787e+01 4.92514305e+01
  endloop
 endfacet
 facet normal 8.16171944e-01 -5.65162897e-01 -1.20225765e-01
  outer loop
   vertex 7.77167664e+01 2.53157787e+01 4.92514305e+01
   vertex 7.74997559e+01 2.44123554e+01 5.19709129e+01
   vertex 7.67470551e+01 2.38909321e+01 4.92914085e+01
  endloop
 endfacet
 facet normal 8.30901742e-01 -5.40307701e-01 -1.32928193e-01
  outer loop
   vertex 7.94499817e+01 2.73232174e+01 5.18979568e+01
   vertex 7.84853287e+01 2.58480091e+01 5.19299850e+01
   vertex 7.86657715e+01 2.67805691e+01 4.92189636e+01
  endloop
 endfacet
 facet normal 8.27915430e-01 -5.45552373e-01 -1.30110130e-01
  outer loop
   vertex 7.86657715e+01 2.67805691e+01 4.92189636e+01
   vertex 7.84853287e+01 2.58480091e+01 5.19299850e+01
   vertex 7.77167664e+01 2.53157787e+01 4.92514305e+01
  endloop
 endfacet
 facet normal 8.42176437e-01 -5.19871652e-01 -1.43081546e-01
  outer loop
   vertex 8.03812103e+01 2.88258991e+01 5.18606873e+01
   vertex 7.94499817e+01 2.73232174e+01 5.18979568e+01
   vertex 7.95828323e+01 2.82746487e+01 4.91814041e+01
  endloop
 endfacet
 facet normal 8.39299202e-01 -5.25274277e-01 -1.40227646e-01
  outer loop
   vertex 7.95828323e+01 2.82746487e+01 4.91814041e+01
   vertex 7.94499817e+01 2.73232174e+01 5.18979568e+01
   vertex 7.86657715e+01 2.67805691e+01 4.92189636e+01
  endloop
 endfacet
 facet normal 8.52901518e-01 -4.99102175e-01 -1.53153479e-01
  outer loop
   vertex 8.12761307e+01 3.03517113e+01 5.18181305e+01
   vertex 8.03812103e+01 2.88258991e+01 5.18606873e+01
   vertex 8.04653091e+01 2.97932320e+01 4.91388016e+01
  endloop
 endfacet
 facet normal 8.50143254e-01 -5.04635096e-01 -1.50332451e-01
  outer loop
   vertex 8.04653091e+01 2.97932320e+01 4.91388016e+01
   vertex 8.03812103e+01 2.88258991e+01 5.18606873e+01
   vertex 7.95828323e+01 2.82746487e+01 4.91814041e+01
  endloop
 endfacet
 facet normal 8.63108754e-01 -4.78009582e-01 -1.62942126e-01
  outer loop
   vertex 8.21322250e+01 3.18965263e+01 5.17716370e+01
   vertex 8.12761307e+01 3.03517113e+01 5.18181305e+01
   vertex 8.13109741e+01 3.13316860e+01 4.90924377e+01
  endloop
 endfacet
 facet normal 8.60380948e-01 -4.83830094e-01 -1.60165742e-01
  outer loop
   vertex 8.13109741e+01 3.13316860e+01 4.90924377e+01
   vertex 8.12761307e+01 3.03517113e+01 5.18181305e+01
   vertex 8.04653091e+01 2.97932320e+01 4.91388016e+01
  endloop
 endfacet
 facet normal 8.72910678e-01 -4.56442386e-01 -1.72299907e-01
  outer loop
   vertex 8.29470596e+01 3.34562798e+01 5.17225380e+01
   vertex 8.21322250e+01 3.18965263e+01 5.17716370e+01
   vertex 8.21176300e+01 3.28854828e+01 4.90435638e+01
  endloop
 endfacet
 facet normal 8.70134771e-01 -4.62719619e-01 -1.69576064e-01
  outer loop
   vertex 8.21176300e+01 3.28854828e+01 4.90435638e+01
   vertex 8.21322250e+01 3.18965263e+01 5.17716370e+01
   vertex 8.13109741e+01 3.13316860e+01 4.90924377e+01
  endloop
 endfacet
 facet normal 9.38580394e-01 -2.42490619e-01 -2.45489717e-01
  outer loop
   vertex 8.88830414e+01 4.95896988e+01 5.12196808e+01
   vertex 8.80032272e+01 4.62394104e+01 5.13122330e+01
   vertex 8.80155334e+01 4.89565086e+01 4.85350380e+01
  endloop
 endfacet
 facet normal 9.35825348e-01 -2.57849157e-01 -2.40301251e-01
  outer loop
   vertex 8.80155334e+01 4.89565086e+01 4.85350380e+01
   vertex 8.80032272e+01 4.62394104e+01 5.13122330e+01
   vertex 8.71465454e+01 4.56170769e+01 4.86316109e+01
  endloop
 endfacet
 facet normal 9.45978761e-01 -1.90372631e-01 -2.62454748e-01
  outer loop
   vertex 8.95939407e+01 5.30628929e+01 5.11175003e+01
   vertex 8.88830414e+01 4.95896988e+01 5.12196808e+01
   vertex 8.87158813e+01 5.24229164e+01 4.84271812e+01
  endloop
 endfacet
 facet normal 9.43851233e-01 -2.07767934e-01 -2.56860465e-01
  outer loop
   vertex 8.87158813e+01 5.24229164e+01 4.84271812e+01
   vertex 8.88830414e+01 4.95896988e+01 5.12196808e+01
   vertex 8.80155334e+01 4.89565086e+01 4.85350380e+01
  endloop
 endfacet
 facet normal 9.40809190e-01 8.97577032e-02 -3.26835722e-01
  outer loop
   vertex 8.99981766e+01 7.13097153e+01 5.02676620e+01
   vertex 9.03524857e+01 6.79725494e+01 5.04469109e+01
   vertex 8.91236725e+01 7.06202011e+01 4.75532608e+01
  endloop
 endfacet
 facet normal 9.43744838e-01 6.91406578e-02 -3.23365480e-01
  outer loop
   vertex 8.91236725e+01 7.06202011e+01 4.75532608e+01
   vertex 9.03524857e+01 6.79725494e+01 5.04469109e+01
   vertex 8.94713821e+01 6.72908325e+01 4.77377396e+01
  endloop
 endfacet
 facet normal 9.31779742e-01 1.40343368e-01 -3.34798902e-01
  outer loop
   vertex 8.94754257e+01 7.44375381e+01 5.00952682e+01
   vertex 8.99981766e+01 7.13097153e+01 5.02676620e+01
   vertex 8.86060791e+01 7.37424240e+01 4.73749313e+01
  endloop
 endfacet
 facet normal 9.34922397e-01 1.24385968e-01 -3.32337588e-01
  outer loop
   vertex 8.86060791e+01 7.37424240e+01 4.73749313e+01
   vertex 8.99981766e+01 7.13097153e+01 5.02676620e+01
   vertex 8.91236725e+01 7.06202011e+01 4.75532608e+01
  endloop
 endfacet
 facet normal 8.03363621e-01 8.01545829e-02 -5.90069592e-01
  outer loop
   vertex 5.75418053e+01 5.78275776e+00 2.47446518e+01
   vertex 5.84625473e+01 6.50879574e+00 2.59244499e+01
   vertex 5.88602486e+01 5.69204283e+00 2.66562672e+01
  endloop
 endfacet
 facet normal 8.45514297e-01 -2.62326509e-01 -4.65070307e-01
  outer loop
   vertex 5.88602486e+01 5.69204283e+00 2.66562672e+01
   vertex 5.84625473e+01 6.50879574e+00 2.59244499e+01
   vertex 5.96302719e+01 6.43702126e+00 2.78012543e+01
  endloop
 endfacet
 facet normal 7.66531050e-01 -1.27518758e-01 -6.29419625e-01
  outer loop
   vertex 5.85465050e+01 6.58597231e+00 2.60197697e+01
   vertex 5.93413315e+01 7.41676664e+00 2.69668121e+01
   vertex 5.97041168e+01 6.50622177e+00 2.78648777e+01
  endloop
 endfacet
 facet normal 7.95824528e-01 -3.45961481e-01 -4.96964723e-01
  outer loop
   vertex 5.97041168e+01 6.50622177e+00 2.78648777e+01
   vertex 5.93413315e+01 7.41676664e+00 2.69668121e+01
   vertex 6.04413033e+01 7.19714117e+00 2.85001411e+01
  endloop
 endfacet
 facet normal 7.15232015e-01 -1.73099712e-01 -6.77111268e-01
  outer loop
   vertex 5.93413315e+01 7.41676664e+00 2.69668121e+01
   vertex 6.03316193e+01 8.36511517e+00 2.78102818e+01
   vertex 6.04413033e+01 7.19714117e+00 2.85001411e+01
  endloop
 endfacet
 facet normal 7.44123399e-01 -3.98064584e-01 -5.36493182e-01
  outer loop
   vertex 6.04413033e+01 7.19714117e+00 2.85001411e+01
   vertex 6.03316193e+01 8.36511517e+00 2.78102818e+01
   vertex 6.13332176e+01 8.07020760e+00 2.90413818e+01
  endloop
 endfacet
 facet normal 6.38324559e-01 -2.49120742e-01 -7.28341043e-01
  outer loop
   vertex 6.03316193e+01 8.36511517e+00 2.78102818e+01
   vertex 6.14137115e+01 9.45245552e+00 2.83748379e+01
   vertex 6.13332176e+01 8.07020760e+00 2.90413818e+01
  endloop
 endfacet
 facet normal 6.90097511e-01 -4.42460626e-01 -5.72707593e-01
  outer loop
   vertex 6.13332176e+01 8.07020760e+00 2.90413818e+01
   vertex 6.14137115e+01 9.45245552e+00 2.83748379e+01
   vertex 6.23575935e+01 9.11507702e+00 2.94335747e+01
  endloop
 endfacet
 facet normal 5.69151580e-01 -3.08780819e-01 -7.62050450e-01
  outer loop
   vertex 6.14137115e+01 9.45245552e+00 2.83748379e+01
   vertex 6.25448914e+01 1.06343803e+01 2.87197456e+01
   vertex 6.23575935e+01 9.11507702e+00 2.94335747e+01
  endloop
 endfacet
 facet normal 6.49338186e-01 -4.74842578e-01 -5.94040811e-01
  outer loop
   vertex 6.23575935e+01 9.11507702e+00 2.94335747e+01
   vertex 6.25448914e+01 1.06343803e+01 2.87197456e+01
   vertex 6.34634476e+01 1.02790251e+01 2.97003460e+01
  endloop
 endfacet
 facet normal 5.21375179e-01 -3.50492805e-01 -7.78024852e-01
  outer loop
   vertex 6.25448914e+01 1.06343803e+01 2.87197456e+01
   vertex 6.36828880e+01 1.18660202e+01 2.89043579e+01
   vertex 6.34634476e+01 1.02790251e+01 2.97003460e+01
  endloop
 endfacet
 facet normal 6.22888565e-01 -4.96047050e-01 -6.04935706e-01
  outer loop
   vertex 6.34634476e+01 1.02790251e+01 2.97003460e+01
   vertex 6.36828880e+01 1.18660202e+01 2.89043579e+01
   vertex 6.45912704e+01 1.15043983e+01 2.98466740e+01
  endloop
 endfacet
 facet normal 4.93466735e-01 -3.72691631e-01 -7.85869896e-01
  outer loop
   vertex 6.36828880e+01 1.18660202e+01 2.89043579e+01
   vertex 6.47853546e+01 1.31026020e+01 2.89879913e+01
   vertex 6.45912704e+01 1.15043983e+01 2.98466740e+01
  endloop
 endfacet
 facet normal 6.10415399e-01 -5.02340436e-01 -6.12410903e-01
  outer loop
   vertex 6.45912704e+01 1.15043983e+01 2.98466740e+01
   vertex 6.47853546e+01 1.31026020e+01 2.89879913e+01
   vertex 6.56925659e+01 1.27420254e+01 2.99111099e+01
  endloop
 endfacet
 facet normal 4.81029898e-01 -3.77793372e-01 -7.91127324e-01
  outer loop
   vertex 6.47853546e+01 1.31026020e+01 2.89879913e+01
   vertex 6.58099060e+01 1.42994375e+01 2.90299339e+01
   vertex 6.56925659e+01 1.27420254e+01 2.99111099e+01
  endloop
 endfacet
 facet normal 6.07508838e-01 -4.98502433e-01 -6.18407905e-01
  outer loop
   vertex 6.56925659e+01 1.27420254e+01 2.99111099e+01
   vertex 6.58099060e+01 1.42994375e+01 2.90299339e+01
   vertex 6.67218781e+01 1.39451981e+01 2.99404316e+01
  endloop
 endfacet
 facet normal 4.75876480e-01 -3.75296146e-01 -7.95420885e-01
  outer loop
   vertex 6.58099060e+01 1.42994375e+01 2.90299339e+01
   vertex 6.67724686e+01 1.54768381e+01 2.90403004e+01
   vertex 6.67218781e+01 1.39451981e+01 2.99404316e+01
  endloop
 endfacet
 facet normal 6.07954323e-01 -4.90714252e-01 -6.24172270e-01
  outer loop
   vertex 6.67218781e+01 1.39451981e+01 2.99404316e+01
   vertex 6.67724686e+01 1.54768381e+01 2.90403004e+01
   vertex 6.76928482e+01 1.51326771e+01 2.99392700e+01
  endloop
 endfacet
 facet normal 4.72776771e-01 -3.69260728e-01 -8.00080419e-01
  outer loop
   vertex 6.67724686e+01 1.54768381e+01 2.90403004e+01
   vertex 6.76888809e+01 1.66551609e+01 2.90292053e+01
   vertex 6.76928482e+01 1.51326771e+01 2.99392700e+01
  endloop
 endfacet
 facet normal 6.10363305e-01 -4.79310215e-01 -6.30649209e-01
  outer loop
   vertex 6.76928482e+01 1.51326771e+01 2.99392700e+01
   vertex 6.76888809e+01 1.66551609e+01 2.90292053e+01
   vertex 6.86206360e+01 1.63244209e+01 2.99181023e+01
  endloop
 endfacet
 facet normal 6.14666343e-01 -4.64443892e-01 -6.37555599e-01
  outer loop
   vertex 6.95204697e+01 1.75402565e+01 2.98875046e+01
   vertex 6.86206360e+01 1.63244209e+01 2.99181023e+01
   vertex 6.85750732e+01 1.78546963e+01 2.90067482e+01
  endloop
 endfacet
 facet normal 4.71969783e-01 -3.59386593e-01 -8.05037796e-01
  outer loop
   vertex 6.85750732e+01 1.78546963e+01 2.90067482e+01
   vertex 6.86206360e+01 1.63244209e+01 2.99181023e+01
   vertex 6.76888809e+01 1.66551609e+01 2.90292053e+01
  endloop
 endfacet
 facet normal 6.20117843e-01 -4.47792828e-01 -6.44154847e-01
  outer loop
   vertex 7.04072952e+01 1.87999229e+01 2.98571873e+01
   vertex 6.95204697e+01 1.75402565e+01 2.98875046e+01
   vertex 6.94469833e+01 1.90956898e+01 2.89830608e+01
  endloop
 endfacet
 facet normal 4.73104149e-01 -3.46698791e-01 -8.09921205e-01
  outer loop
   vertex 6.94469833e+01 1.90956898e+01 2.89830608e+01
   vertex 6.95204697e+01 1.75402565e+01 2.98875046e+01
   vertex 6.85750732e+01 1.78546963e+01 2.90067482e+01
  endloop
 endfacet
 facet normal 4.75059122e-01 -3.33469629e-01 -8.14319849e-01
  outer loop
   vertex 6.94469833e+01 1.90956898e+01 2.89830608e+01
   vertex 7.03033066e+01 2.03786964e+01 2.89574051e+01
   vertex 7.04072952e+01 1.87999229e+01 2.98571873e+01
  endloop
 endfacet
 facet normal 6.25491142e-01 -4.31051224e-01 -6.50350451e-01
  outer loop
   vertex 7.04072952e+01 1.87999229e+01 2.98571873e+01
   vertex 7.03033066e+01 2.03786964e+01 2.89574051e+01
   vertex 7.12787628e+01 2.01029320e+01 2.98252888e+01
  endloop
 endfacet
 facet normal 4.76789773e-01 -3.20593625e-01 -8.18468869e-01
  outer loop
   vertex 7.03033066e+01 2.03786964e+01 2.89574051e+01
   vertex 7.11427002e+01 2.17043648e+01 2.89290543e+01
   vertex 7.12787628e+01 2.01029320e+01 2.98252888e+01
  endloop
 endfacet
 facet normal 6.30390167e-01 -4.14418459e-01 -6.56403542e-01
  outer loop
   vertex 7.12787628e+01 2.01029320e+01 2.98252888e+01
   vertex 7.11427002e+01 2.17043648e+01 2.89290543e+01
   vertex 7.21328964e+01 2.14489536e+01 2.97909775e+01
  endloop
 endfacet
 facet normal 4.78288472e-01 -3.07956427e-01 -8.22437227e-01
  outer loop
   vertex 7.11427002e+01 2.17043648e+01 2.89290543e+01
   vertex 7.19637909e+01 2.30733662e+01 2.88972702e+01
   vertex 7.21328964e+01 2.14489536e+01 2.97909775e+01
  endloop
 endfacet
 facet normal 6.34838998e-01 -3.97827029e-01 -6.62354231e-01
  outer loop
   vertex 7.21328964e+01 2.14489536e+01 2.97909775e+01
   vertex 7.19637909e+01 2.30733662e+01 2.88972702e+01
   vertex 7.29676819e+01 2.28376942e+01 2.97533932e+01
  endloop
 endfacet
 facet normal 4.79469717e-01 -2.95464098e-01 -8.26323032e-01
  outer loop
   vertex 7.19637909e+01 2.30733662e+01 2.88972702e+01
   vertex 7.27651062e+01 2.44864445e+01 2.88612957e+01
   vertex 7.29676819e+01 2.28376942e+01 2.97533932e+01
  endloop
 endfacet
 facet normal 6.38643980e-01 -3.81508350e-01 -6.68270350e-01
  outer loop
   vertex 7.29676819e+01 2.28376942e+01 2.97533932e+01
   vertex 7.27651062e+01 2.44864445e+01 2.88612957e+01
   vertex 7.37811508e+01 2.42688980e+01 2.97118664e+01
  endloop
 endfacet
 facet normal 4.80195433e-01 -2.83441633e-01 -8.30104351e-01
  outer loop
   vertex 7.27651062e+01 2.44864445e+01 2.88612957e+01
   vertex 7.35458908e+01 2.59350510e+01 2.88219891e+01
   vertex 7.37811508e+01 2.42688980e+01 2.97118664e+01
  endloop
 endfacet
 facet normal 6.41718864e-01 -3.66194457e-01 -6.73868358e-01
  outer loop
   vertex 7.37811508e+01 2.42688980e+01 2.97118664e+01
   vertex 7.35458908e+01 2.59350510e+01 2.88219891e+01
   vertex 7.45728760e+01 2.57345295e+01 2.96672935e+01
  endloop
 endfacet
 facet normal 4.80558485e-01 -2.72319824e-01 -8.33609879e-01
  outer loop
   vertex 7.35458908e+01 2.59350510e+01 2.88219891e+01
   vertex 7.43054810e+01 2.74106178e+01 2.87802448e+01
   vertex 7.45728760e+01 2.57345295e+01 2.96672935e+01
  endloop
 endfacet
 facet normal 6.44161820e-01 -3.52156937e-01 -6.79000020e-01
  outer loop
   vertex 7.45728760e+01 2.57345295e+01 2.96672935e+01
   vertex 7.43054810e+01 2.74106178e+01 2.87802448e+01
   vertex 7.53423538e+01 2.72265034e+01 2.96204529e+01
  endloop
 endfacet
 facet normal 4.80647564e-01 -2.61955142e-01 -8.36873591e-01
  outer loop
   vertex 7.43054810e+01 2.74106178e+01 2.87802448e+01
   vertex 7.50432816e+01 2.89045353e+01 2.87369213e+01
   vertex 7.53423538e+01 2.72265034e+01 2.96204529e+01
  endloop
 endfacet
 facet normal 6.46148503e-01 -3.39243144e-01 -6.83671117e-01
  outer loop
   vertex 7.53423538e+01 2.72265034e+01 2.96204529e+01
   vertex 7.50432816e+01 2.89045353e+01 2.87369213e+01
   vertex 7.60891037e+01 2.87367821e+01 2.95720940e+01
  endloop
 endfacet
 facet normal 4.80636716e-01 -2.52218246e-01 -8.39865625e-01
  outer loop
   vertex 7.50432816e+01 2.89045353e+01 2.87369213e+01
   vertex 7.57587280e+01 3.04082508e+01 2.86928654e+01
   vertex 7.60891037e+01 2.87367821e+01 2.95720940e+01
  endloop
 endfacet
 facet normal 6.48072839e-01 -3.26885968e-01 -6.87856913e-01
  outer loop
   vertex 7.60891037e+01 2.87367821e+01 2.95720940e+01
   vertex 7.57587280e+01 3.04082508e+01 2.86928654e+01
   vertex 7.68125916e+01 3.02572269e+01 2.95228176e+01
  endloop
 endfacet
 facet normal 4.80764627e-01 -2.42400736e-01 -8.42678607e-01
  outer loop
   vertex 7.57587280e+01 3.04082508e+01 2.86928654e+01
   vertex 7.64469528e+01 3.19198799e+01 2.86481400e+01
   vertex 7.68125916e+01 3.02572269e+01 2.95228176e+01
  endloop
 endfacet
 facet normal 6.50180638e-01 -3.13871175e-01 -6.91917658e-01
  outer loop
   vertex 7.68125916e+01 3.02572269e+01 2.95228176e+01
   vertex 7.64469528e+01 3.19198799e+01 2.86481400e+01
   vertex 7.75080490e+01 3.17860928e+01 2.94726543e+01
  endloop
 endfacet
 facet normal 4.80089426e-01 -2.32839838e-01 -8.45753968e-01
  outer loop
   vertex 7.64469528e+01 3.19198799e+01 2.86481400e+01
   vertex 7.71026382e+01 3.34377136e+01 2.86028099e+01
   vertex 7.75080490e+01 3.17860928e+01 2.94726543e+01
  endloop
 endfacet
 facet normal 6.50761664e-01 -3.03727120e-01 -6.95887268e-01
  outer loop
   vertex 7.75080490e+01 3.17860928e+01 2.94726543e+01
   vertex 7.71026382e+01 3.34377136e+01 2.86028099e+01
   vertex 7.81706848e+01 3.33215904e+01 2.94216919e+01
  endloop
 endfacet
 facet normal 4.79467601e-01 -2.26077288e-01 -8.47938597e-01
  outer loop
   vertex 7.71026382e+01 3.34377136e+01 2.86028099e+01
   vertex 7.77535934e+01 3.49524155e+01 2.85503922e+01
   vertex 7.81706848e+01 3.33215904e+01 2.94216919e+01
  endloop
 endfacet
 facet normal 6.53492689e-01 -2.91081876e-01 -6.98726475e-01
  outer loop
   vertex 7.81706848e+01 3.33215904e+01 2.94216919e+01
   vertex 7.77535934e+01 3.49524155e+01 2.85503922e+01
   vertex 7.88268204e+01 3.48543091e+01 2.93621273e+01
  endloop
 endfacet
 facet normal 6.58215702e-01 -2.61322498e-01 -7.06018865e-01
  outer loop
   vertex 7.99607010e+01 3.79396973e+01 2.92505341e+01
   vertex 7.88268204e+01 3.48543091e+01 2.93621273e+01
   vertex 7.88753967e+01 3.79983940e+01 2.84502010e+01
  endloop
 endfacet
 facet normal 4.81120944e-01 -2.10157916e-01 -8.51091266e-01
  outer loop
   vertex 7.88753967e+01 3.79983940e+01 2.84502010e+01
   vertex 7.88268204e+01 3.48543091e+01 2.93621273e+01
   vertex 7.77535934e+01 3.49524155e+01 2.85503922e+01
  endloop
 endfacet
 facet normal 4.81595069e-01 -1.81702554e-01 -8.57350767e-01
  outer loop
   vertex 7.88753967e+01 3.79983940e+01 2.84502010e+01
   vertex 7.98191299e+01 4.11057320e+01 2.83475952e+01
   vertex 7.99607010e+01 3.79396973e+01 2.92505341e+01
  endloop
 endfacet
 facet normal 6.61792755e-01 -2.23367259e-01 -7.15637743e-01
  outer loop
   vertex 7.99607010e+01 3.79396973e+01 2.92505341e+01
   vertex 7.98191299e+01 4.11057320e+01 2.83475952e+01
   vertex 8.09160690e+01 4.10909882e+01 2.91360683e+01
  endloop
 endfacet
 facet normal 4.79636461e-01 -1.54655710e-01 -8.63730550e-01
  outer loop
   vertex 7.98191299e+01 4.11057320e+01 2.83475952e+01
   vertex 8.05959854e+01 4.43147240e+01 2.82284145e+01
   vertex 8.09160690e+01 4.10909882e+01 2.91360683e+01
  endloop
 endfacet
 facet normal 6.62594795e-01 -1.86554268e-01 -7.25372732e-01
  outer loop
   vertex 8.09160690e+01 4.10909882e+01 2.91360683e+01
   vertex 8.05959854e+01 4.43147240e+01 2.82284145e+01
   vertex 8.17044678e+01 4.43500595e+01 2.90043850e+01
  endloop
 endfacet
 facet normal 4.75332499e-01 -1.28897801e-01 -8.70312810e-01
  outer loop
   vertex 8.05959854e+01 4.43147240e+01 2.82284145e+01
   vertex 8.12088394e+01 4.76794357e+01 2.80872860e+01
   vertex 8.17044678e+01 4.43500595e+01 2.90043850e+01
  endloop
 endfacet
 facet normal 6.60598457e-01 -1.50531754e-01 -7.35492945e-01
  outer loop
   vertex 8.17044678e+01 4.43500595e+01 2.90043850e+01
   vertex 8.12088394e+01 4.76794357e+01 2.80872860e+01
   vertex 8.23258820e+01 4.77655869e+01 2.88488960e+01
  endloop
 endfacet
 facet normal 4.68287528e-01 -1.04049422e-01 -8.77428353e-01
  outer loop
   vertex 8.12088394e+01 4.76794357e+01 2.80872860e+01
   vertex 8.16594009e+01 5.12545090e+01 2.79189224e+01
   vertex 8.23258820e+01 4.77655869e+01 2.88488960e+01
  endloop
 endfacet
 facet normal 6.55856788e-01 -1.16447479e-01 -7.45849729e-01
  outer loop
   vertex 8.23258820e+01 4.77655869e+01 2.88488960e+01
   vertex 8.16594009e+01 5.12545090e+01 2.79189224e+01
   vertex 8.27803345e+01 5.13862305e+01 2.86630554e+01
  endloop
 endfacet
 facet normal 4.58944589e-01 -8.19261521e-02 -8.84679615e-01
  outer loop
   vertex 8.16594009e+01 5.12545090e+01 2.79189224e+01
   vertex 8.19380951e+01 5.49218788e+01 2.77297115e+01
   vertex 8.27803345e+01 5.13862305e+01 2.86630554e+01
  endloop
 endfacet
 facet normal 6.49460435e-01 -8.53792652e-02 -7.55586922e-01
  outer loop
   vertex 8.27803345e+01 5.13862305e+01 2.86630554e+01
   vertex 8.19380951e+01 5.49218788e+01 2.77297115e+01
   vertex 8.30589600e+01 5.50974960e+01 2.84550934e+01
  endloop
 endfacet
 facet normal 4.48917568e-01 -6.25913367e-02 -8.91378343e-01
  outer loop
   vertex 8.19380951e+01 5.49218788e+01 2.77297115e+01
   vertex 8.20355606e+01 5.85638237e+01 2.75257969e+01
   vertex 8.30589600e+01 5.50974960e+01 2.84550934e+01
  endloop
 endfacet
 facet normal 6.42472625e-01 -5.58082387e-02 -7.64273763e-01
  outer loop
   vertex 8.30589600e+01 5.50974960e+01 2.84550934e+01
   vertex 8.20355606e+01 5.85638237e+01 2.75257969e+01
   vertex 8.31528244e+01 5.87846680e+01 2.82327137e+01
  endloop
 endfacet
 facet normal 4.39462930e-01 -4.43799719e-02 -8.97163749e-01
  outer loop
   vertex 8.20355606e+01 5.85638237e+01 2.75257969e+01
   vertex 8.19429016e+01 6.20574112e+01 2.73136654e+01
   vertex 8.31528244e+01 5.87846680e+01 2.82327137e+01
  endloop
 endfacet
 facet normal 6.35315657e-01 -2.49210782e-02 -7.71850348e-01
  outer loop
   vertex 8.31528244e+01 5.87846680e+01 2.82327137e+01
   vertex 8.19429016e+01 6.20574112e+01 2.73136654e+01
   vertex 8.30534592e+01 6.23252029e+01 2.80039768e+01
  endloop
 endfacet
 facet normal 4.30646658e-01 -2.48088874e-02 -9.02179599e-01
  outer loop
   vertex 8.19429016e+01 6.20574112e+01 2.73136654e+01
   vertex 8.16518326e+01 6.52794724e+01 2.70997257e+01
   vertex 8.30534592e+01 6.23252029e+01 2.80039768e+01
  endloop
 endfacet
 facet normal 6.27076089e-01 8.98538623e-03 -7.78906226e-01
  outer loop
   vertex 8.30534592e+01 6.23252029e+01 2.80039768e+01
   vertex 8.16518326e+01 6.52794724e+01 2.70997257e+01
   vertex 8.27525406e+01 6.55967712e+01 2.77775974e+01
  endloop
 endfacet
 facet normal 6.17125452e-01 4.36727330e-02 -7.85651863e-01
  outer loop
   vertex 8.22713394e+01 6.86772537e+01 2.75525455e+01
   vertex 8.27525406e+01 6.55967712e+01 2.77775974e+01
   vertex 8.11820602e+01 6.83140945e+01 2.68854065e+01
  endloop
 endfacet
 facet normal 4.21178520e-01 -2.96059973e-03 -9.06972945e-01
  outer loop
   vertex 8.11820602e+01 6.83140945e+01 2.68854065e+01
   vertex 8.27525406e+01 6.55967712e+01 2.77775974e+01
   vertex 8.16518326e+01 6.52794724e+01 2.70997257e+01
  endloop
 endfacet
 facet normal 6.05461359e-01 7.49017298e-02 -7.92342246e-01
  outer loop
   vertex 8.16308670e+01 7.16442642e+01 2.73272858e+01
   vertex 8.22713394e+01 6.86772537e+01 2.75525455e+01
   vertex 8.05517349e+01 7.12448654e+01 2.66724911e+01
  endloop
 endfacet
 facet normal 4.10354704e-01 1.83876902e-02 -9.11740601e-01
  outer loop
   vertex 8.05517349e+01 7.12448654e+01 2.66724911e+01
   vertex 8.22713394e+01 6.86772537e+01 2.75525455e+01
   vertex 8.11820602e+01 6.83140945e+01 2.68854065e+01
  endloop
 endfacet
 facet normal 5.93094349e-01 1.00416213e-01 -7.98846483e-01
  outer loop
   vertex 8.08488846e+01 7.45715866e+01 2.71008205e+01
   vertex 8.16308670e+01 7.16442642e+01 2.73272858e+01
   vertex 7.97799530e+01 7.41406326e+01 2.64587650e+01
  endloop
 endfacet
 facet normal 3.98180842e-01 3.62225808e-02 -9.16591465e-01
  outer loop
   vertex 7.97799530e+01 7.41406326e+01 2.64587650e+01
   vertex 8.16308670e+01 7.16442642e+01 2.73272858e+01
   vertex 8.05517349e+01 7.12448654e+01 2.66724911e+01
  endloop
 endfacet
 facet normal 5.82096577e-01 1.20516732e-01 -8.04138839e-01
  outer loop
   vertex 7.99431305e+01 7.75329590e+01 2.68720131e+01
   vertex 8.08488846e+01 7.45715866e+01 2.71008205e+01
   vertex 7.88866425e+01 7.70707016e+01 2.62417965e+01
  endloop
 endfacet
 facet normal 3.86576384e-01 4.93384302e-02 -9.20936704e-01
  outer loop
   vertex 7.88866425e+01 7.70707016e+01 2.62417965e+01
   vertex 8.08488846e+01 7.45715866e+01 2.71008205e+01
   vertex 7.97799530e+01 7.41406326e+01 2.64587650e+01
  endloop
 endfacet
 facet normal 3.77428502e-01 5.85803539e-02 -9.24184024e-01
  outer loop
   vertex 7.88866425e+01 7.70707016e+01 2.62417965e+01
   vertex 7.78837967e+01 8.00154495e+01 2.60208130e+01
   vertex 7.99431305e+01 7.75329590e+01 2.68720131e+01
  endloop
 endfacet
 facet normal 5.73052764e-01 1.36656299e-01 -8.08044314e-01
  outer loop
   vertex 7.99431305e+01 7.75329590e+01 2.68720131e+01
   vertex 7.78837967e+01 8.00154495e+01 2.60208130e+01
   vertex 7.89266739e+01 8.05092239e+01 2.66413593e+01
  endloop
 endfacet
 facet normal 8.45789552e-01 -4.96537596e-01 -1.95167720e-01
  outer loop
   vertex 5.76223831e+01 4.38461065e+00 2.53073578e+01
   vertex 5.88602486e+01 5.69204283e+00 2.66562672e+01
   vertex 6.21940308e+01 8.10275173e+00 3.94872360e+01
  endloop
 endfacet
 facet normal 8.33338141e-01 -5.18512547e-01 -1.91552281e-01
  outer loop
   vertex 6.21940308e+01 8.10275173e+00 3.94872360e+01
   vertex 5.88602486e+01 5.69204283e+00 2.66562672e+01
   vertex 6.23813171e+01 8.42322636e+00 3.93431282e+01
  endloop
 endfacet
 facet normal 5.73919892e-01 -7.68643260e-01 -2.82495052e-01
  outer loop
   vertex 5.69957886e+01 3.82546353e+00 2.36979980e+01
   vertex 5.76223831e+01 4.38461065e+00 2.53073578e+01
   vertex 6.21414833e+01 7.89491940e+00 3.96118546e+01
  endloop
 endfacet
 facet normal 8.34262192e-01 -5.35330474e-01 -1.32014573e-01
  outer loop
   vertex 6.21414833e+01 7.89491940e+00 3.96118546e+01
   vertex 5.76223831e+01 4.38461065e+00 2.53073578e+01
   vertex 6.21940308e+01 8.10275173e+00 3.94872360e+01
  endloop
 endfacet
 facet normal 2.63322890e-01 7.65755726e-03 -9.64677393e-01
  outer loop
   vertex 5.68460007e+01 5.13016510e+00 2.33516808e+01
   vertex 5.75418053e+01 5.78275776e+00 2.47446518e+01
   vertex 5.69759064e+01 4.99158907e+00 2.33660870e+01
  endloop
 endfacet
 facet normal 5.69388926e-01 2.00859159e-01 -7.97152340e-01
  outer loop
   vertex 5.69759064e+01 4.99158907e+00 2.33660870e+01
   vertex 5.75418053e+01 5.78275776e+00 2.47446518e+01
   vertex 5.76030121e+01 5.66741037e+00 2.47766228e+01
  endloop
 endfacet
 facet normal 4.36090708e-01 -8.83702338e-02 -8.95553231e-01
  outer loop
   vertex 5.71847687e+01 4.47778463e+00 2.34717712e+01
   vertex 5.71484070e+01 4.65939999e+00 2.34272308e+01
   vertex 5.78203430e+01 5.15175486e+00 2.49210300e+01
  endloop
 endfacet
 facet normal 6.84995055e-01 4.87544611e-02 -7.26914585e-01
  outer loop
   vertex 5.78203430e+01 5.15175486e+00 2.49210300e+01
   vertex 5.71484070e+01 4.65939999e+00 2.34272308e+01
   vertex 5.77555008e+01 5.34654188e+00 2.48537102e+01
  endloop
 endfacet
 facet normal 6.29149973e-01 1.42830253e-01 -7.64048278e-01
  outer loop
   vertex 5.76030121e+01 5.66741037e+00 2.47766228e+01
   vertex 5.76659279e+01 5.52039337e+00 2.48194847e+01
   vertex 5.69759064e+01 4.99158907e+00 2.33660870e+01
  endloop
 endfacet
 facet normal 3.67188096e-01 -2.77902130e-02 -9.29731488e-01
  outer loop
   vertex 5.69759064e+01 4.99158907e+00 2.33660870e+01
   vertex 5.76659279e+01 5.52039337e+00 2.48194847e+01
   vertex 5.70779457e+01 4.83274841e+00 2.33915749e+01
  endloop
 endfacet
 facet normal 3.94982219e-01 -2.29135640e-02 -9.18402970e-01
  outer loop
   vertex 5.71484070e+01 4.65939999e+00 2.34272308e+01
   vertex 5.70779457e+01 4.83274841e+00 2.33915749e+01
   vertex 5.77555008e+01 5.34654188e+00 2.48537102e+01
  endloop
 endfacet
 facet normal 6.51251197e-01 1.24766096e-01 -7.48535454e-01
  outer loop
   vertex 5.77555008e+01 5.34654188e+00 2.48537102e+01
   vertex 5.70779457e+01 4.83274841e+00 2.33915749e+01
   vertex 5.76659279e+01 5.52039337e+00 2.48194847e+01
  endloop
 endfacet
 facet normal 4.73050714e-01 -1.99399546e-01 -8.58174145e-01
  outer loop
   vertex 5.71857109e+01 4.29446173e+00 2.35235825e+01
   vertex 5.71847687e+01 4.47778463e+00 2.34717712e+01
   vertex 5.78744431e+01 4.94311762e+00 2.50069580e+01
  endloop
 endfacet
 facet normal 7.21521318e-01 -9.01609510e-02 -6.86496913e-01
  outer loop
   vertex 5.78744431e+01 4.94311762e+00 2.50069580e+01
   vertex 5.71847687e+01 4.47778463e+00 2.34717712e+01
   vertex 5.78203430e+01 5.15175486e+00 2.49210300e+01
  endloop
 endfacet
 facet normal 7.36713827e-01 -3.22979718e-01 -5.94084918e-01
  outer loop
   vertex 5.78722305e+01 4.75393200e+00 2.51313362e+01
   vertex 5.71511879e+01 4.11607838e+00 2.35807934e+01
   vertex 5.78744431e+01 4.94311762e+00 2.50069580e+01
  endloop
 endfacet
 facet normal 4.87310767e-01 -2.74860620e-01 -8.28842461e-01
  outer loop
   vertex 5.78744431e+01 4.94311762e+00 2.50069580e+01
   vertex 5.71511879e+01 4.11607838e+00 2.35807934e+01
   vertex 5.71857109e+01 4.29446173e+00 2.35235825e+01
  endloop
 endfacet
 facet normal 4.51032519e-01 -5.58332145e-01 -6.96300864e-01
  outer loop
   vertex 5.70824585e+01 3.94903827e+00 2.36413326e+01
   vertex 5.71511879e+01 4.11607838e+00 2.35807934e+01
   vertex 5.77909050e+01 4.55594349e+00 2.52353420e+01
  endloop
 endfacet
 facet normal 7.11092651e-01 -5.02138138e-01 -4.92142797e-01
  outer loop
   vertex 5.77909050e+01 4.55594349e+00 2.52353420e+01
   vertex 5.71511879e+01 4.11607838e+00 2.35807934e+01
   vertex 5.78722305e+01 4.75393200e+00 2.51313362e+01
  endloop
 endfacet
 facet normal 6.69932961e-01 -6.29383326e-01 -3.93784851e-01
  outer loop
   vertex 5.77909050e+01 4.55594349e+00 2.52353420e+01
   vertex 5.76223831e+01 4.38461065e+00 2.53073578e+01
   vertex 5.70824585e+01 3.94903827e+00 2.36413326e+01
  endloop
 endfacet
 facet normal 3.08017552e-01 -7.73749888e-01 -5.53566933e-01
  outer loop
   vertex 5.70824585e+01 3.94903827e+00 2.36413326e+01
   vertex 5.76223831e+01 4.38461065e+00 2.53073578e+01
   vertex 5.69957886e+01 3.82546353e+00 2.36979980e+01
  endloop
 endfacet
 facet normal -9.12878215e-01 -1.30059104e-02 4.08024758e-01
  outer loop
   vertex 5.87359428e+01 1.23477119e+02 5.47815895e+01
   vertex 5.90528145e+01 1.21568474e+02 5.28562012e+01
   vertex 6.05393448e+01 1.20885292e+02 5.49926758e+01
  endloop
 endfacet
 facet normal -9.04460192e-01 -4.25118983e-01 3.50092463e-02
  outer loop
   vertex 6.05393448e+01 1.20885292e+02 5.49926758e+01
   vertex 5.90528145e+01 1.21568474e+02 5.28562012e+01
   vertex 5.99136009e+01 1.20280098e+02 5.29672394e+01
  endloop
 endfacet
 facet normal -9.99275327e-01 -2.08837911e-02 -3.18222828e-02
  outer loop
   vertex 8.18819046e+01 6.61486511e+01 5.57146378e+01
   vertex 8.25226593e+01 6.67198715e+01 5.76952705e+01
   vertex 8.18092117e+01 6.89215698e+01 5.56633148e+01
  endloop
 endfacet
 facet normal -8.44185293e-01 -1.83305684e-02 5.35737991e-01
  outer loop
   vertex 8.18092117e+01 6.89215698e+01 5.56633148e+01
   vertex 8.25226593e+01 6.67198715e+01 5.76952705e+01
   vertex 8.24450912e+01 6.94722214e+01 5.76455307e+01
  endloop
 endfacet
 facet normal -7.64638424e-01 5.91103911e-01 -2.56757110e-01
  outer loop
   vertex 6.60951538e+01 2.64202499e+01 5.59679489e+01
   vertex 6.66366272e+01 2.67932034e+01 5.79706345e+01
   vertex 6.68454666e+01 2.73478184e+01 5.58210106e+01
  endloop
 endfacet
 facet normal -6.95108354e-01 6.38220549e-01 3.30906272e-01
  outer loop
   vertex 6.68454666e+01 2.73478184e+01 5.58210106e+01
   vertex 6.66366272e+01 2.67932034e+01 5.79706345e+01
   vertex 6.73829880e+01 2.77141590e+01 5.78082161e+01
  endloop
 endfacet
 facet normal -6.61967039e-01 6.85431898e-01 3.03286463e-01
  outer loop
   vertex 6.53319473e+01 2.52341709e+01 5.85767021e+01
   vertex 6.59561234e+01 2.59728985e+01 5.82205391e+01
   vertex 6.47600708e+01 2.48258057e+01 5.65202103e+01
  endloop
 endfacet
 facet normal -7.99646020e-01 5.44191003e-01 -2.53815740e-01
  outer loop
   vertex 6.47600708e+01 2.48258057e+01 5.65202103e+01
   vertex 6.59561234e+01 2.59728985e+01 5.82205391e+01
   vertex 6.54033585e+01 2.55858459e+01 5.61952629e+01
  endloop
 endfacet
 facet normal -7.67609179e-01 5.83979368e-01 -2.64091372e-01
  outer loop
   vertex 6.54033585e+01 2.55858459e+01 5.61952629e+01
   vertex 6.59561234e+01 2.59728985e+01 5.82205391e+01
   vertex 6.60951538e+01 2.64202499e+01 5.59679489e+01
  endloop
 endfacet
 facet normal -6.71613693e-01 6.70793712e-01 3.14596385e-01
  outer loop
   vertex 6.60951538e+01 2.64202499e+01 5.59679489e+01
   vertex 6.59561234e+01 2.59728985e+01 5.82205391e+01
   vertex 6.66366272e+01 2.67932034e+01 5.79706345e+01
  endloop
 endfacet
 facet normal -3.45242083e-01 9.27736580e-01 -1.41819447e-01
  outer loop
   vertex 6.32812462e+01 2.26530933e+01 6.73327942e+01
   vertex 6.32262154e+01 2.25951385e+01 6.59553146e+01
   vertex 6.15633240e+01 2.13707275e+01 6.39660721e+01
  endloop
 endfacet
 facet normal -7.88652122e-01 5.67758024e-01 -2.35963345e-01
  outer loop
   vertex 6.15633240e+01 2.13707275e+01 6.39660721e+01
   vertex 6.32262154e+01 2.25951385e+01 6.59553146e+01
   vertex 6.17985115e+01 2.15355701e+01 6.30013657e+01
  endloop
 endfacet
 facet normal -4.41882908e-01 8.96772087e-01 2.32236367e-02
  outer loop
   vertex 6.32134590e+01 2.26521835e+01 6.34154472e+01
   vertex 6.33065491e+01 2.28056259e+01 6.22881432e+01
   vertex 6.22593460e+01 2.19393272e+01 6.09877167e+01
  endloop
 endfacet
 facet normal -8.68663013e-01 4.81576025e-01 -1.16228618e-01
  outer loop
   vertex 6.22593460e+01 2.19393272e+01 6.09877167e+01
   vertex 6.33065491e+01 2.28056259e+01 6.22881432e+01
   vertex 6.25335350e+01 2.22122440e+01 5.98391037e+01
  endloop
 endfacet
 facet normal -4.03012991e-01 9.13551569e-01 -5.48092350e-02
  outer loop
   vertex 6.31951485e+01 2.25884304e+01 6.46436844e+01
   vertex 6.32134590e+01 2.26521835e+01 6.34154472e+01
   vertex 6.20215874e+01 2.17125206e+01 6.20970879e+01
  endloop
 endfacet
 facet normal -8.39834750e-01 5.18583953e-01 -1.60462677e-01
  outer loop
   vertex 6.20215874e+01 2.17125206e+01 6.20970879e+01
   vertex 6.32134590e+01 2.26521835e+01 6.34154472e+01
   vertex 6.22593460e+01 2.19393272e+01 6.09877167e+01
  endloop
 endfacet
 facet normal -3.76587093e-01 9.20725167e-01 -1.02212161e-01
  outer loop
   vertex 6.32262154e+01 2.25951385e+01 6.59553146e+01
   vertex 6.31951485e+01 2.25884304e+01 6.46436844e+01
   vertex 6.17985115e+01 2.15355701e+01 6.30013657e+01
  endloop
 endfacet
 facet normal -8.15738022e-01 5.42189837e-01 -2.01498523e-01
  outer loop
   vertex 6.17985115e+01 2.15355701e+01 6.30013657e+01
   vertex 6.31951485e+01 2.25884304e+01 6.46436844e+01
   vertex 6.20215874e+01 2.17125206e+01 6.20970879e+01
  endloop
 endfacet
 facet normal -3.78160805e-01 6.79845572e-01 6.28334641e-01
  outer loop
   vertex 6.35301590e+01 2.30064182e+01 7.16957321e+01
   vertex 6.34392014e+01 2.28715515e+01 7.02194672e+01
   vertex 6.21573753e+01 1.90957222e+01 7.19728546e+01
  endloop
 endfacet
 facet normal -8.58645439e-01 3.95805240e-01 3.25678110e-01
  outer loop
   vertex 6.21573753e+01 1.90957222e+01 7.19728546e+01
   vertex 6.34392014e+01 2.28715515e+01 7.02194672e+01
   vertex 6.08109894e+01 2.09067001e+01 6.57571106e+01
  endloop
 endfacet
 facet normal -4.40413922e-01 8.97166669e-01 -3.35793532e-02
  outer loop
   vertex 6.34392014e+01 2.28715515e+01 7.02194672e+01
   vertex 6.33542366e+01 2.27494984e+01 6.87596664e+01
   vertex 6.08109894e+01 2.09067001e+01 6.57571106e+01
  endloop
 endfacet
 facet normal -7.89832115e-01 5.63579202e-01 -2.41958156e-01
  outer loop
   vertex 6.08109894e+01 2.09067001e+01 6.57571106e+01
   vertex 6.33542366e+01 2.27494984e+01 6.87596664e+01
   vertex 6.12457085e+01 2.11780796e+01 6.48033524e+01
  endloop
 endfacet
 facet normal -6.60733402e-01 -3.64989758e-01 6.55906856e-01
  outer loop
   vertex 6.11432076e+01 1.10872101e+02 2.54544964e+01
   vertex 6.87677231e+01 1.18694489e+02 5.06151886e+01
   vertex 5.93809662e+01 1.13584404e+02 2.52206879e+01
  endloop
 endfacet
 facet normal -8.40568304e-01 -5.36184013e-01 7.71464482e-02
  outer loop
   vertex 5.93809662e+01 1.13584404e+02 2.52206879e+01
   vertex 6.87677231e+01 1.18694489e+02 5.06151886e+01
   vertex 6.71515884e+01 1.21189255e+02 5.04303703e+01
  endloop
 endfacet
 facet normal -6.81484222e-01 -3.34221661e-01 6.51056945e-01
  outer loop
   vertex 6.61084061e+01 1.02602806e+02 2.61365070e+01
   vertex 7.38477783e+01 1.10139824e+02 5.12245483e+01
   vertex 6.45131531e+01 1.05383148e+02 2.59204044e+01
  endloop
 endfacet
 facet normal -8.69183600e-01 -4.89316165e-01 7.13408440e-02
  outer loop
   vertex 6.45131531e+01 1.05383148e+02 2.59204044e+01
   vertex 7.38477783e+01 1.10139824e+02 5.12245483e+01
   vertex 7.21102448e+01 1.13173172e+02 5.10128555e+01
  endloop
 endfacet
 facet normal -6.87491536e-01 -3.23413730e-01 6.50199175e-01
  outer loop
   vertex 6.76224518e+01 9.98161469e+01 2.63317947e+01
   vertex 7.54296646e+01 1.07245728e+02 5.14182663e+01
   vertex 6.61084061e+01 1.02602806e+02 2.61365070e+01
  endloop
 endfacet
 facet normal -8.77896905e-01 -4.73749071e-01 6.97056279e-02
  outer loop
   vertex 6.61084061e+01 1.02602806e+02 2.61365070e+01
   vertex 7.54296646e+01 1.07245728e+02 5.14182663e+01
   vertex 7.38477783e+01 1.10139824e+02 5.12245483e+01
  endloop
 endfacet
 facet normal -6.94125831e-01 -3.09739590e-01 6.49808168e-01
  outer loop
   vertex 6.90715027e+01 9.70290985e+01 2.65277138e+01
   vertex 7.68494339e+01 1.04519684e+02 5.15979652e+01
   vertex 6.76224518e+01 9.98161469e+01 2.63317947e+01
  endloop
 endfacet
 facet normal -8.86759937e-01 -4.57122773e-01 6.85240850e-02
  outer loop
   vertex 6.76224518e+01 9.98161469e+01 2.63317947e+01
   vertex 7.68494339e+01 1.04519684e+02 5.15979652e+01
   vertex 7.54296646e+01 1.07245728e+02 5.14182663e+01
  endloop
 endfacet
 facet normal -7.02887177e-01 -2.93986589e-01 6.47704780e-01
  outer loop
   vertex 7.04817047e+01 9.42295380e+01 2.67475777e+01
   vertex 7.81105118e+01 1.01972435e+02 5.17694435e+01
   vertex 6.90715027e+01 9.70290985e+01 2.65277138e+01
  endloop
 endfacet
 facet normal -8.96243393e-01 -4.38543111e-01 6.65411726e-02
  outer loop
   vertex 6.90715027e+01 9.70290985e+01 2.65277138e+01
   vertex 7.81105118e+01 1.01972435e+02 5.17694435e+01
   vertex 7.68494339e+01 1.04519684e+02 5.15979652e+01
  endloop
 endfacet
 facet normal -7.11767852e-01 -2.80087918e-01 6.44156277e-01
  outer loop
   vertex 7.18435822e+01 9.13966370e+01 2.69729385e+01
   vertex 7.93479004e+01 9.93279190e+01 5.19427948e+01
   vertex 7.04817047e+01 9.42295380e+01 2.67475777e+01
  endloop
 endfacet
 facet normal -9.05907750e-01 -4.18812960e-01 6.26643449e-02
  outer loop
   vertex 7.04817047e+01 9.42295380e+01 2.67475777e+01
   vertex 7.93479004e+01 9.93279190e+01 5.19427948e+01
   vertex 7.81105118e+01 1.01972435e+02 5.17694435e+01
  endloop
 endfacet
 facet normal -9.28829491e-01 -3.66430819e-01 5.48108183e-02
  outer loop
   vertex 8.20354538e+01 9.31626587e+01 5.22979698e+01
   vertex 7.43653488e+01 8.56725540e+01 2.73778477e+01
   vertex 8.32987976e+01 9.00254059e+01 5.24566231e+01
  endloop
 endfacet
 facet normal -7.29375422e-01 -2.44836226e-01 6.38801038e-01
  outer loop
   vertex 8.32987976e+01 9.00254059e+01 5.24566231e+01
   vertex 7.43653488e+01 8.56725540e+01 2.73778477e+01
   vertex 7.55242767e+01 8.28865585e+01 2.75750122e+01
  endloop
 endfacet
 facet normal -9.36910808e-01 -3.45759630e-01 5.14625162e-02
  outer loop
   vertex 8.32987976e+01 9.00254059e+01 5.24566231e+01
   vertex 7.55242767e+01 8.28865585e+01 2.75750122e+01
   vertex 8.44799957e+01 8.68884277e+01 5.26083298e+01
  endloop
 endfacet
 facet normal -7.37208068e-01 -2.31939048e-01 6.34608984e-01
  outer loop
   vertex 8.44799957e+01 8.68884277e+01 5.26083298e+01
   vertex 7.55242767e+01 8.28865585e+01 2.75750122e+01
   vertex 7.66164398e+01 8.00772018e+01 2.77585278e+01
  endloop
 endfacet
 facet normal -7.54979253e-01 -1.92046940e-01 6.26996219e-01
  outer loop
   vertex 7.85346375e+01 7.42259521e+01 2.80507736e+01
   vertex 8.65125961e+01 8.07096405e+01 5.29000244e+01
   vertex 7.76312180e+01 7.71750488e+01 2.79106274e+01
  endloop
 endfacet
 facet normal -9.55438435e-01 -2.91958600e-01 4.35609743e-02
  outer loop
   vertex 7.76312180e+01 7.71750488e+01 2.79106274e+01
   vertex 8.65125961e+01 8.07096405e+01 5.29000244e+01
   vertex 8.55695724e+01 8.37464905e+01 5.27579956e+01
  endloop
 endfacet
 facet normal -9.67677116e-01 -2.49284878e-01 3.81839871e-02
  outer loop
   vertex 8.65125961e+01 8.07096405e+01 5.29000244e+01
   vertex 7.85346375e+01 7.42259521e+01 2.80507736e+01
   vertex 8.72483902e+01 7.79014664e+01 5.30316963e+01
  endloop
 endfacet
 facet normal -7.67795801e-01 -1.55451253e-01 6.21550083e-01
  outer loop
   vertex 8.72483902e+01 7.79014664e+01 5.30316963e+01
   vertex 7.85346375e+01 7.42259521e+01 2.80507736e+01
   vertex 7.92871017e+01 7.12893982e+01 2.82012939e+01
  endloop
 endfacet
 facet normal -9.80010390e-01 -1.96640328e-01 3.02036628e-02
  outer loop
   vertex 8.72483902e+01 7.79014664e+01 5.30316963e+01
   vertex 7.92871017e+01 7.12893982e+01 2.82012939e+01
   vertex 8.78081741e+01 7.51414261e+01 5.31639709e+01
  endloop
 endfacet
 facet normal -7.81292319e-01 -1.11145191e-01 6.14189744e-01
  outer loop
   vertex 8.78081741e+01 7.51414261e+01 5.31639709e+01
   vertex 7.92871017e+01 7.12893982e+01 2.82012939e+01
   vertex 7.98827667e+01 6.83631287e+01 2.83706322e+01
  endloop
 endfacet
 facet normal -9.96689856e-01 -8.10121745e-02 6.80856360e-03
  outer loop
   vertex 8.82296677e+01 7.22258148e+01 5.33047905e+01
   vertex 8.03223419e+01 6.54217834e+01 2.85642948e+01
   vertex 8.84986496e+01 6.91705246e+01 5.34458313e+01
  endloop
 endfacet
 facet normal -8.04989934e-01 -2.24132650e-02 5.92864931e-01
  outer loop
   vertex 8.84986496e+01 6.91705246e+01 5.34458313e+01
   vertex 8.03223419e+01 6.54217834e+01 2.85642948e+01
   vertex 8.05772171e+01 6.23107796e+01 2.87524109e+01
  endloop
 endfacet
 facet normal -9.99687374e-01 -2.43987069e-02 -5.45960851e-03
  outer loop
   vertex 8.84986496e+01 6.91705246e+01 5.34458313e+01
   vertex 8.05772171e+01 6.23107796e+01 2.87524109e+01
   vertex 8.86027069e+01 6.59958649e+01 5.35858345e+01
  endloop
 endfacet
 facet normal -8.11938345e-01 1.93329267e-02 5.83422959e-01
  outer loop
   vertex 8.86027069e+01 6.59958649e+01 5.35858345e+01
   vertex 8.05772171e+01 6.23107796e+01 2.87524109e+01
   vertex 8.06206741e+01 5.88799896e+01 2.89121647e+01
  endloop
 endfacet
 facet normal -9.99229670e-01 3.46030295e-02 -1.85126662e-02
  outer loop
   vertex 8.86027069e+01 6.59958649e+01 5.35858345e+01
   vertex 8.06206741e+01 5.88799896e+01 2.89121647e+01
   vertex 8.84881592e+01 6.25251770e+01 5.37331200e+01
  endloop
 endfacet
 facet normal -8.17107022e-01 6.56365231e-02 5.72737217e-01
  outer loop
   vertex 8.84881592e+01 6.25251770e+01 5.37331200e+01
   vertex 8.06206741e+01 5.88799896e+01 2.89121647e+01
   vertex 8.04502869e+01 5.52692986e+01 2.90619297e+01
  endloop
 endfacet
 facet normal -9.94886816e-01 9.50696841e-02 -3.40880677e-02
  outer loop
   vertex 8.84881592e+01 6.25251770e+01 5.37331200e+01
   vertex 8.04502869e+01 5.52692986e+01 2.90619297e+01
   vertex 8.81001205e+01 5.86206093e+01 5.38752975e+01
  endloop
 endfacet
 facet normal -8.20249498e-01 1.12985462e-01 5.60736120e-01
  outer loop
   vertex 8.81001205e+01 5.86206093e+01 5.38752975e+01
   vertex 8.04502869e+01 5.52692986e+01 2.90619297e+01
   vertex 8.00624695e+01 5.16575317e+01 2.91992893e+01
  endloop
 endfacet
 facet normal -9.87240434e-01 1.51620820e-01 -4.86570597e-02
  outer loop
   vertex 8.81001205e+01 5.86206093e+01 5.38752975e+01
   vertex 8.00624695e+01 5.16575317e+01 2.91992893e+01
   vertex 8.74942474e+01 5.46903572e+01 5.40101814e+01
  endloop
 endfacet
 facet normal -8.20246696e-01 1.60417780e-01 5.49055040e-01
  outer loop
   vertex 8.74942474e+01 5.46903572e+01 5.40101814e+01
   vertex 8.00624695e+01 5.16575317e+01 2.91992893e+01
   vertex 7.94971466e+01 4.81775665e+01 2.93348751e+01
  endloop
 endfacet
 facet normal -9.76013482e-01 2.08096400e-01 -6.39813989e-02
  outer loop
   vertex 8.74942474e+01 5.46903572e+01 5.40101814e+01
   vertex 7.94971466e+01 4.81775665e+01 2.93348751e+01
   vertex 8.67274475e+01 5.11361465e+01 5.41446953e+01
  endloop
 endfacet
 facet normal -8.17971170e-01 2.10797802e-01 5.35245299e-01
  outer loop
   vertex 8.67274475e+01 5.11361465e+01 5.41446953e+01
   vertex 7.94971466e+01 4.81775665e+01 2.93348751e+01
   vertex 7.87954865e+01 4.49558640e+01 2.94884720e+01
  endloop
 endfacet
 facet normal -9.29085076e-01 3.53167027e-01 -1.09881490e-01
  outer loop
   vertex 8.47076645e+01 4.45239677e+01 5.43610497e+01
   vertex 7.69840317e+01 3.89476967e+01 2.97421722e+01
   vertex 8.34512177e+01 4.12758446e+01 5.44543686e+01
  endloop
 endfacet
 facet normal -8.00930560e-01 3.32274944e-01 4.98099983e-01
  outer loop
   vertex 8.34512177e+01 4.12758446e+01 5.44543686e+01
   vertex 7.69840317e+01 3.89476967e+01 2.97421722e+01
   vertex 7.58507538e+01 3.59692421e+01 2.98452110e+01
  endloop
 endfacet
 facet normal -9.11964118e-01 3.90972018e-01 -1.24347508e-01
  outer loop
   vertex 8.34512177e+01 4.12758446e+01 5.44543686e+01
   vertex 7.58507538e+01 3.59692421e+01 2.98452110e+01
   vertex 8.27382584e+01 3.96662674e+01 5.45119019e+01
  endloop
 endfacet
 facet normal -7.94257581e-01 3.61622721e-01 4.88245726e-01
  outer loop
   vertex 8.27382584e+01 3.96662674e+01 5.45119019e+01
   vertex 7.58507538e+01 3.59692421e+01 2.98452110e+01
   vertex 7.51916580e+01 3.44338531e+01 2.99082031e+01
  endloop
 endfacet
 facet normal -7.89361596e-01 3.78235608e-01 4.83576357e-01
  outer loop
   vertex 7.45411301e+01 3.29855309e+01 2.99452057e+01
   vertex 8.20392838e+01 3.81592140e+01 5.45426788e+01
   vertex 7.51916580e+01 3.44338531e+01 2.99082031e+01
  endloop
 endfacet
 facet normal -9.00281131e-01 4.14229840e-01 -1.33818924e-01
  outer loop
   vertex 7.51916580e+01 3.44338531e+01 2.99082031e+01
   vertex 8.20392838e+01 3.81592140e+01 5.45426788e+01
   vertex 8.27382584e+01 3.96662674e+01 5.45119019e+01
  endloop
 endfacet
 facet normal -8.91422391e-01 4.31300610e-01 -1.39089584e-01
  outer loop
   vertex 8.20392838e+01 3.81592140e+01 5.45426788e+01
   vertex 7.45411301e+01 3.29855309e+01 2.99452057e+01
   vertex 8.13010101e+01 3.66538467e+01 5.45845566e+01
  endloop
 endfacet
 facet normal -7.84330308e-01 3.96221370e-01 4.77320254e-01
  outer loop
   vertex 8.13010101e+01 3.66538467e+01 5.45845566e+01
   vertex 7.45411301e+01 3.29855309e+01 2.99452057e+01
   vertex 7.38404922e+01 3.15080681e+01 2.99948120e+01
  endloop
 endfacet
 facet normal -8.80445540e-01 4.50711191e-01 -1.47224545e-01
  outer loop
   vertex 8.13010101e+01 3.66538467e+01 5.45845566e+01
   vertex 7.38404922e+01 3.15080681e+01 2.99948120e+01
   vertex 8.05428467e+01 3.51928596e+01 5.46257210e+01
  endloop
 endfacet
 facet normal -7.78194368e-01 4.16299552e-01 4.70221460e-01
  outer loop
   vertex 8.05428467e+01 3.51928596e+01 5.46257210e+01
   vertex 7.38404922e+01 3.15080681e+01 2.99948120e+01
   vertex 7.31056595e+01 3.00438385e+01 3.00458145e+01
  endloop
 endfacet
 facet normal -8.68997335e-01 4.69968647e-01 -1.54832497e-01
  outer loop
   vertex 8.05428467e+01 3.51928596e+01 5.46257210e+01
   vertex 7.31056595e+01 3.00438385e+01 3.00458145e+01
   vertex 7.97682724e+01 3.37773209e+01 5.46683159e+01
  endloop
 endfacet
 facet normal -7.71437109e-01 4.36182946e-01 4.63280886e-01
  outer loop
   vertex 7.97682724e+01 3.37773209e+01 5.46683159e+01
   vertex 7.31056595e+01 3.00438385e+01 3.00458145e+01
   vertex 7.23366852e+01 2.85936813e+01 3.01009769e+01
  endloop
 endfacet
 facet normal -8.56664777e-01 4.89489913e-01 -1.62865266e-01
  outer loop
   vertex 7.97682724e+01 3.37773209e+01 5.46683159e+01
   vertex 7.23366852e+01 2.85936813e+01 3.01009769e+01
   vertex 7.89609985e+01 3.23835068e+01 5.47130280e+01
  endloop
 endfacet
 facet normal -7.64104903e-01 4.56524104e-01 4.55773473e-01
  outer loop
   vertex 7.89609985e+01 3.23835068e+01 5.47130280e+01
   vertex 7.23366852e+01 2.85936813e+01 3.01009769e+01
   vertex 7.15376968e+01 2.71635380e+01 3.01594906e+01
  endloop
 endfacet
 facet normal -7.56534159e-01 4.76716757e-01 4.47657496e-01
  outer loop
   vertex 7.07150116e+01 2.57638340e+01 3.02186604e+01
   vertex 7.81067429e+01 3.09921227e+01 5.47586746e+01
   vertex 7.15376968e+01 2.71635380e+01 3.01594906e+01
  endloop
 endfacet
 facet normal -8.43346715e-01 5.09231985e-01 -1.71607405e-01
  outer loop
   vertex 7.15376968e+01 2.71635380e+01 3.01594906e+01
   vertex 7.81067429e+01 3.09921227e+01 5.47586746e+01
   vertex 7.89609985e+01 3.23835068e+01 5.47130280e+01
  endloop
 endfacet
 facet normal -7.49113858e-01 4.96111035e-01 4.38978672e-01
  outer loop
   vertex 6.98750916e+01 2.44051437e+01 3.02747154e+01
   vertex 7.71915207e+01 2.95840473e+01 5.48029556e+01
   vertex 7.07150116e+01 2.57638340e+01 3.02186604e+01
  endloop
 endfacet
 facet normal -8.29176903e-01 5.28871477e-01 -1.80998951e-01
  outer loop
   vertex 7.07150116e+01 2.57638340e+01 3.02186604e+01
   vertex 7.71915207e+01 2.95840473e+01 5.48029556e+01
   vertex 7.81067429e+01 3.09921227e+01 5.47586746e+01
  endloop
 endfacet
 facet normal -8.15495253e-01 5.46648622e-01 -1.90112442e-01
  outer loop
   vertex 7.71915207e+01 2.95840473e+01 5.48029556e+01
   vertex 6.98750916e+01 2.44051437e+01 3.02747154e+01
   vertex 7.62067261e+01 2.81481342e+01 5.48394127e+01
  endloop
 endfacet
 facet normal -7.42956996e-01 5.12258470e-01 4.30820376e-01
  outer loop
   vertex 7.62067261e+01 2.81481342e+01 5.48394127e+01
   vertex 6.98750916e+01 2.44051437e+01 3.02747154e+01
   vertex 6.90298615e+01 2.31060181e+01 3.03197002e+01
  endloop
 endfacet
 facet normal -8.05080593e-01 5.59274197e-01 -1.97630078e-01
  outer loop
   vertex 7.62067261e+01 2.81481342e+01 5.48394127e+01
   vertex 6.90298615e+01 2.31060181e+01 3.03197002e+01
   vertex 7.51949234e+01 2.67333965e+01 5.48764877e+01
  endloop
 endfacet
 facet normal -7.39166319e-01 5.23335218e-01 4.23973352e-01
  outer loop
   vertex 7.51949234e+01 2.67333965e+01 5.48764877e+01
   vertex 6.90298615e+01 2.31060181e+01 3.03197002e+01
   vertex 6.81858749e+01 2.18683453e+01 3.03501949e+01
  endloop
 endfacet
 facet normal -7.99352825e-01 5.65362692e-01 -2.03470036e-01
  outer loop
   vertex 7.51949234e+01 2.67333965e+01 5.48764877e+01
   vertex 6.81858749e+01 2.18683453e+01 3.03501949e+01
   vertex 7.41917267e+01 2.53772640e+01 5.49280663e+01
  endloop
 endfacet
 facet normal -7.37575471e-01 5.30065715e-01 4.18345273e-01
  outer loop
   vertex 7.41917267e+01 2.53772640e+01 5.49280663e+01
   vertex 6.81858749e+01 2.18683453e+01 3.03501949e+01
   vertex 6.73427353e+01 2.06824093e+01 3.03681755e+01
  endloop
 endfacet
 facet normal -7.98850000e-01 5.64638674e-01 -2.07416967e-01
  outer loop
   vertex 7.41917267e+01 2.53772640e+01 5.49280663e+01
   vertex 6.73427353e+01 2.06824093e+01 3.03681755e+01
   vertex 7.32328568e+01 2.41180286e+01 5.50088158e+01
  endloop
 endfacet
 facet normal -7.38180757e-01 5.32713294e-01 4.13891017e-01
  outer loop
   vertex 7.32328568e+01 2.41180286e+01 5.50088158e+01
   vertex 6.73427353e+01 2.06824093e+01 3.03681755e+01
   vertex 6.65001526e+01 1.95393867e+01 3.03764629e+01
  endloop
 endfacet
 facet normal -8.04374278e-01 5.56129396e-01 -2.09050521e-01
  outer loop
   vertex 7.32328568e+01 2.41180286e+01 5.50088158e+01
   vertex 6.65001526e+01 1.95393867e+01 3.03764629e+01
   vertex 7.23485870e+01 2.29876118e+01 5.51362267e+01
  endloop
 endfacet
 facet normal -7.41287887e-01 5.31494141e-01 4.09885645e-01
  outer loop
   vertex 7.23485870e+01 2.29876118e+01 5.51362267e+01
   vertex 6.65001526e+01 1.95393867e+01 3.03764629e+01
   vertex 6.56523895e+01 1.84239864e+01 3.03806763e+01
  endloop
 endfacet
 facet normal -7.47031391e-01 5.26265860e-01 4.06187594e-01
  outer loop
   vertex 6.47783356e+01 1.73146687e+01 3.03821545e+01
   vertex 7.15236893e+01 2.19605865e+01 5.53305626e+01
   vertex 6.56523895e+01 1.84239864e+01 3.03806763e+01
  endloop
 endfacet
 facet normal -8.16110373e-01 5.39095402e-01 -2.08182573e-01
  outer loop
   vertex 6.56523895e+01 1.84239864e+01 3.03806763e+01
   vertex 7.15236893e+01 2.19605865e+01 5.53305626e+01
   vertex 7.23485870e+01 2.29876118e+01 5.51362267e+01
  endloop
 endfacet
 facet normal -7.55194426e-01 5.15988708e-01 4.04273450e-01
  outer loop
   vertex 6.38652916e+01 1.62015915e+01 3.03774548e+01
   vertex 7.07513809e+01 2.10233002e+01 5.56072845e+01
   vertex 6.47783356e+01 1.73146687e+01 3.03821545e+01
  endloop
 endfacet
 facet normal -8.34108829e-01 5.13013363e-01 -2.02681482e-01
  outer loop
   vertex 6.47783356e+01 1.73146687e+01 3.03821545e+01
   vertex 7.07513809e+01 2.10233002e+01 5.56072845e+01
   vertex 7.15236893e+01 2.19605865e+01 5.53305626e+01
  endloop
 endfacet
 facet normal -7.64980495e-01 5.00401795e-01 4.05466259e-01
  outer loop
   vertex 6.29018974e+01 1.50758152e+01 3.03625507e+01
   vertex 7.00261688e+01 2.01629944e+01 5.59812469e+01
   vertex 6.38652916e+01 1.62015915e+01 3.03774548e+01
  endloop
 endfacet
 facet normal -8.57498467e-01 4.78302807e-01 -1.89533085e-01
  outer loop
   vertex 6.38652916e+01 1.62015915e+01 3.03774548e+01
   vertex 7.00261688e+01 2.01629944e+01 5.59812469e+01
   vertex 7.07513809e+01 2.10233002e+01 5.56072845e+01
  endloop
 endfacet
 facet normal -7.78828263e-01 4.75504577e-01 4.09049988e-01
  outer loop
   vertex 6.18820076e+01 1.39333487e+01 3.03309250e+01
   vertex 6.93478241e+01 1.93718605e+01 5.64648399e+01
   vertex 6.29018974e+01 1.50758152e+01 3.03625507e+01
  endloop
 endfacet
 facet normal -8.84426892e-01 4.36368465e-01 -1.65443748e-01
  outer loop
   vertex 6.29018974e+01 1.50758152e+01 3.03625507e+01
   vertex 6.93478241e+01 1.93718605e+01 5.64648399e+01
   vertex 7.00261688e+01 2.01629944e+01 5.59812469e+01
  endloop
 endfacet
 facet normal -8.00525904e-01 4.33180004e-01 4.14141655e-01
  outer loop
   vertex 6.08423386e+01 1.28110542e+01 3.02269039e+01
   vertex 6.87412491e+01 1.86712341e+01 5.70549202e+01
   vertex 6.18820076e+01 1.39333487e+01 3.03309250e+01
  endloop
 endfacet
 facet normal -9.14356947e-01 3.84176165e-01 -1.27906278e-01
  outer loop
   vertex 6.18820076e+01 1.39333487e+01 3.03309250e+01
   vertex 6.87412491e+01 1.86712341e+01 5.70549202e+01
   vertex 6.93478241e+01 1.93718605e+01 5.64648399e+01
  endloop
 endfacet
 facet normal -8.57168198e-01 2.68033803e-01 4.39796001e-01
  outer loop
   vertex 5.98096771e+01 1.17345333e+01 2.99997864e+01
   vertex 6.82214890e+01 1.80711956e+01 5.77532959e+01
   vertex 6.08423386e+01 1.28110542e+01 3.02269039e+01
  endloop
 endfacet
 facet normal -9.45454061e-01 3.16837817e-01 -7.56993666e-02
  outer loop
   vertex 6.08423386e+01 1.28110542e+01 3.02269039e+01
   vertex 6.82214890e+01 1.80711956e+01 5.77532959e+01
   vertex 6.87412491e+01 1.86712341e+01 5.70549202e+01
  endloop
 endfacet
 facet normal -7.27723181e-01 -2.41108850e-01 6.42094612e-01
  outer loop
   vertex 5.21184349e+01 1.12740936e+02 2.77354088e+01
   vertex 5.12938690e+01 1.14019066e+02 2.76156597e+01
   vertex 5.13376884e+01 1.11985832e+02 2.52082596e+01
  endloop
 endfacet
 facet normal -9.91919279e-01 -7.77543411e-02 1.00251861e-01
  outer loop
   vertex 5.13376884e+01 1.11985832e+02 2.52082596e+01
   vertex 5.12938690e+01 1.14019066e+02 2.76156597e+01
   vertex 4.95770226e+01 1.14565559e+02 2.49868965e+01
  endloop
 endfacet
 facet normal -9.95729089e-01 -1.21757714e-02 -9.15165618e-02
  outer loop
   vertex 7.31004181e+01 5.83200684e+01 2.85697250e+01
   vertex 7.38998795e+01 5.90327682e+01 3.10409718e+01
   vertex 7.30943985e+01 6.13747864e+01 2.84966660e+01
  endloop
 endfacet
 facet normal -8.09125721e-01 -2.83931941e-03 5.87628722e-01
  outer loop
   vertex 7.30943985e+01 6.13747864e+01 2.84966660e+01
   vertex 7.38998795e+01 5.90327682e+01 3.10409718e+01
   vertex 7.38877716e+01 6.20618324e+01 3.09698925e+01
  endloop
 endfacet
 facet normal -7.63556361e-01 4.76440698e-01 4.35873717e-01
  outer loop
   vertex 6.47896881e+01 2.94593906e+01 3.12156754e+01
   vertex 6.40493546e+01 2.89357338e+01 2.87578163e+01
   vertex 6.40313187e+01 2.82447109e+01 3.12069302e+01
  endloop
 endfacet
 facet normal -8.22845221e-01 5.13535142e-01 -2.43325695e-01
  outer loop
   vertex 6.40313187e+01 2.82447109e+01 3.12069302e+01
   vertex 6.40493546e+01 2.89357338e+01 2.87578163e+01
   vertex 6.32985306e+01 2.77260017e+01 2.87502480e+01
  endloop
 endfacet
 facet normal -8.10060859e-01 5.30460656e-01 -2.49825701e-01
  outer loop
   vertex 6.25457153e+01 2.65715122e+01 2.87350445e+01
   vertex 6.32645226e+01 2.70765247e+01 3.11908684e+01
   vertex 6.32985306e+01 2.77260017e+01 2.87502480e+01
  endloop
 endfacet
 facet normal -7.57378459e-01 4.92779732e-01 4.28422660e-01
  outer loop
   vertex 6.32985306e+01 2.77260017e+01 2.87502480e+01
   vertex 6.32645226e+01 2.70765247e+01 3.11908684e+01
   vertex 6.40313187e+01 2.82447109e+01 3.12069302e+01
  endloop
 endfacet
 facet normal -7.97551990e-01 5.46183228e-01 -2.56114632e-01
  outer loop
   vertex 6.17890930e+01 2.54633369e+01 2.87116337e+01
   vertex 6.24910965e+01 2.59506035e+01 3.11681175e+01
   vertex 6.25457153e+01 2.65715122e+01 2.87350445e+01
  endloop
 endfacet
 facet normal -7.51542151e-01 5.07882476e-01 4.20998573e-01
  outer loop
   vertex 6.25457153e+01 2.65715122e+01 2.87350445e+01
   vertex 6.24910965e+01 2.59506035e+01 3.11681175e+01
   vertex 6.32645226e+01 2.70765247e+01 3.11908684e+01
  endloop
 endfacet
 facet normal -7.85650492e-01 5.60409129e-01 -2.62097180e-01
  outer loop
   vertex 6.10268898e+01 2.43925095e+01 2.86793690e+01
   vertex 6.17128677e+01 2.48627262e+01 3.11392212e+01
   vertex 6.17890930e+01 2.54633369e+01 2.87116337e+01
  endloop
 endfacet
 facet normal -7.45921850e-01 5.21620989e-01 4.14140224e-01
  outer loop
   vertex 6.17890930e+01 2.54633369e+01 2.87116337e+01
   vertex 6.17128677e+01 2.48627262e+01 3.11392212e+01
   vertex 6.24910965e+01 2.59506035e+01 3.11681175e+01
  endloop
 endfacet
 facet normal -7.74491966e-01 5.73091447e-01 -2.67821640e-01
  outer loop
   vertex 6.02573242e+01 2.33500862e+01 2.86377029e+01
   vertex 6.09316521e+01 2.38086720e+01 3.11048107e+01
   vertex 6.10268898e+01 2.43925095e+01 2.86793690e+01
  endloop
 endfacet
 facet normal -7.40451574e-01 5.34219682e-01 4.07848954e-01
  outer loop
   vertex 6.10268898e+01 2.43925095e+01 2.86793690e+01
   vertex 6.09316521e+01 2.38086720e+01 3.11048107e+01
   vertex 6.17128677e+01 2.48627262e+01 3.11392212e+01
  endloop
 endfacet
 facet normal -7.62675643e-01 5.86019278e-01 -2.73691982e-01
  outer loop
   vertex 5.94785995e+01 2.23271046e+01 2.85860157e+01
   vertex 6.01492691e+01 2.27841759e+01 3.10654678e+01
   vertex 6.02573242e+01 2.33500862e+01 2.86377029e+01
  endloop
 endfacet
 facet normal -7.34886110e-01 5.46001852e-01 4.02273983e-01
  outer loop
   vertex 6.02573242e+01 2.33500862e+01 2.86377029e+01
   vertex 6.01492691e+01 2.27841759e+01 3.10654678e+01
   vertex 6.09316521e+01 2.38086720e+01 3.11048107e+01
  endloop
 endfacet
 facet normal -7.47814417e-01 6.01885319e-01 -2.80192137e-01
  outer loop
   vertex 5.86742020e+01 2.13090096e+01 2.85207844e+01
   vertex 5.93498039e+01 2.17743359e+01 3.10195465e+01
   vertex 5.94785995e+01 2.23271046e+01 2.85860157e+01
  endloop
 endfacet
 facet normal -7.27867782e-01 5.59342504e-01 3.96666735e-01
  outer loop
   vertex 5.94785995e+01 2.23271046e+01 2.85860157e+01
   vertex 5.93498039e+01 2.17743359e+01 3.10195465e+01
   vertex 6.01492691e+01 2.27841759e+01 3.10654678e+01
  endloop
 endfacet
 facet normal -7.29721189e-01 6.20728076e-01 -2.86711812e-01
  outer loop
   vertex 5.78275833e+01 2.02812080e+01 2.84384842e+01
   vertex 5.85172844e+01 2.07641258e+01 3.09654312e+01
   vertex 5.86742020e+01 2.13090096e+01 2.85207844e+01
  endloop
 endfacet
 facet normal -7.18822062e-01 5.75171471e-01 3.90477479e-01
  outer loop
   vertex 5.86742020e+01 2.13090096e+01 2.85207844e+01
   vertex 5.85172844e+01 2.07641258e+01 3.09654312e+01
   vertex 5.93498039e+01 2.17743359e+01 3.10195465e+01
  endloop
 endfacet
 facet normal -5.08549273e-01 8.37198496e-01 -2.01187283e-01
  outer loop
   vertex 5.19391098e+01 1.40799255e+01 2.62746181e+01
   vertex 5.29445305e+01 1.48728981e+01 2.96750259e+01
   vertex 5.28845215e+01 1.49791441e+01 2.70905800e+01
  endloop
 endfacet
 facet normal -7.08748698e-01 6.02606356e-01 3.66798103e-01
  outer loop
   vertex 5.28845215e+01 1.49791441e+01 2.70905800e+01
   vertex 5.29445305e+01 1.48728981e+01 2.96750259e+01
   vertex 5.37852058e+01 1.56654663e+01 2.99914284e+01
  endloop
 endfacet
 facet normal 7.74867475e-01 -5.93573391e-01 -2.17372924e-01
  outer loop
   vertex 5.96302719e+01 6.43702126e+00 2.78012543e+01
   vertex 5.97041168e+01 6.50622177e+00 2.78648777e+01
   vertex 6.32208595e+01 9.24650288e+00 3.92601395e+01
  endloop
 endfacet
 facet normal 7.41998076e-01 -6.55984998e-01 -1.38284236e-01
  outer loop
   vertex 6.32208595e+01 9.24650288e+00 3.92601395e+01
   vertex 5.97041168e+01 6.50622177e+00 2.78648777e+01
   vertex 6.32756004e+01 9.29900837e+00 3.92675476e+01
  endloop
 endfacet
 facet normal 7.91919470e-01 -1.02922022e-01 -6.01889193e-01
  outer loop
   vertex 5.84625473e+01 6.50879574e+00 2.59244499e+01
   vertex 5.85465050e+01 6.58597231e+00 2.60197697e+01
   vertex 5.96302719e+01 6.43702126e+00 2.78012543e+01
  endloop
 endfacet
 facet normal 8.16252947e-01 -3.44386011e-01 -4.63820398e-01
  outer loop
   vertex 5.96302719e+01 6.43702126e+00 2.78012543e+01
   vertex 5.85465050e+01 6.58597231e+00 2.60197697e+01
   vertex 5.97041168e+01 6.50622177e+00 2.78648777e+01
  endloop
 endfacet
 facet normal -6.92457080e-01 6.09898925e-01 3.85391295e-01
  outer loop
   vertex 5.29445305e+01 1.48728981e+01 2.96750259e+01
   vertex 5.19391098e+01 1.40799255e+01 2.62746181e+01
   vertex 5.20951767e+01 1.41091194e+01 2.94849052e+01
  endloop
 endfacet
 facet normal -4.69595850e-01 8.67489278e-01 -1.64140522e-01
  outer loop
   vertex 5.20951767e+01 1.41091194e+01 2.94849052e+01
   vertex 5.19391098e+01 1.40799255e+01 2.62746181e+01
   vertex 5.10381012e+01 1.32557669e+01 2.52628059e+01
  endloop
 endfacet
 facet normal -7.28424966e-01 5.67802668e-01 3.83402228e-01
  outer loop
   vertex 5.20951767e+01 1.41091194e+01 2.94849052e+01
   vertex 5.10381012e+01 1.32557669e+01 2.52628059e+01
   vertex 5.14547234e+01 1.35337667e+01 2.92687798e+01
  endloop
 endfacet
 facet normal -4.68094945e-01 8.72924030e-01 -1.37443528e-01
  outer loop
   vertex 5.14547234e+01 1.35337667e+01 2.92687798e+01
   vertex 5.10381012e+01 1.32557669e+01 2.52628059e+01
   vertex 5.01667099e+01 1.24816189e+01 2.41204128e+01
  endloop
 endfacet
 facet normal -5.62964439e-01 7.77932405e-01 -2.79091686e-01
  outer loop
   vertex 4.93835335e+01 1.17722702e+01 2.28982658e+01
   vertex 5.09283867e+01 1.30489178e+01 2.90172615e+01
   vertex 5.01667099e+01 1.24816189e+01 2.41204128e+01
  endloop
 endfacet
 facet normal -7.89136052e-01 4.90842938e-01 3.69239092e-01
  outer loop
   vertex 5.01667099e+01 1.24816189e+01 2.41204128e+01
   vertex 5.09283867e+01 1.30489178e+01 2.90172615e+01
   vertex 5.14547234e+01 1.35337667e+01 2.92687798e+01
  endloop
 endfacet
 facet normal -8.15134108e-01 -4.31816876e-01 -3.86122495e-01
  outer loop
   vertex 7.68494339e+01 1.04519684e+02 5.15979652e+01
   vertex 7.81105118e+01 1.01972435e+02 5.17694435e+01
   vertex 7.09574966e+01 1.01703613e+02 5.42662697e+01
  endloop
 endfacet
 facet normal -8.17539096e-01 -4.25382972e-01 -3.88174117e-01
  outer loop
   vertex 7.09574966e+01 1.01703613e+02 5.42662697e+01
   vertex 7.81105118e+01 1.01972435e+02 5.17694435e+01
   vertex 7.21590805e+01 9.92674789e+01 5.44204674e+01
  endloop
 endfacet
 facet normal -3.75691980e-01 -1.16755307e-01 9.19360518e-01
  outer loop
   vertex 7.04817047e+01 9.42295380e+01 2.67475777e+01
   vertex 6.90715027e+01 9.70290985e+01 2.65277138e+01
   vertex 6.45302658e+01 9.15245819e+01 2.93985996e+01
  endloop
 endfacet
 facet normal -3.71989101e-01 -1.19214989e-01 9.20549750e-01
  outer loop
   vertex 6.45302658e+01 9.15245819e+01 2.93985996e+01
   vertex 6.90715027e+01 9.70290985e+01 2.65277138e+01
   vertex 6.31795731e+01 9.42130356e+01 2.91960182e+01
  endloop
 endfacet
 facet normal -8.22877765e-01 -4.14058566e-01 -3.89137059e-01
  outer loop
   vertex 7.81105118e+01 1.01972435e+02 5.17694435e+01
   vertex 7.93479004e+01 9.93279190e+01 5.19427948e+01
   vertex 7.21590805e+01 9.92674789e+01 5.44204674e+01
  endloop
 endfacet
 facet normal -8.25354993e-01 -4.07371551e-01 -3.90944391e-01
  outer loop
   vertex 7.21590805e+01 9.92674789e+01 5.44204674e+01
   vertex 7.93479004e+01 9.93279190e+01 5.19427948e+01
   vertex 7.33371353e+01 9.67366333e+01 5.45735092e+01
  endloop
 endfacet
 facet normal -3.80923241e-01 -1.10678688e-01 9.17958438e-01
  outer loop
   vertex 7.18435822e+01 9.13966370e+01 2.69729385e+01
   vertex 7.04817047e+01 9.42295380e+01 2.67475777e+01
   vertex 6.58328018e+01 8.88053436e+01 2.96036606e+01
  endloop
 endfacet
 facet normal -3.76731306e-01 -1.11493416e-01 9.19588327e-01
  outer loop
   vertex 6.58328018e+01 8.88053436e+01 2.96036606e+01
   vertex 7.04817047e+01 9.42295380e+01 2.67475777e+01
   vertex 6.45302658e+01 9.15245819e+01 2.93985996e+01
  endloop
 endfacet
 facet normal -8.30201983e-01 -3.96359950e-01 -3.91999304e-01
  outer loop
   vertex 7.93479004e+01 9.93279190e+01 5.19427948e+01
   vertex 8.06893387e+01 9.63230743e+01 5.21238289e+01
   vertex 7.33371353e+01 9.67366333e+01 5.45735092e+01
  endloop
 endfacet
 facet normal -8.32382441e-01 -3.90451044e-01 -3.93303305e-01
  outer loop
   vertex 7.33371353e+01 9.67366333e+01 5.45735092e+01
   vertex 8.06893387e+01 9.63230743e+01 5.21238289e+01
   vertex 7.46278000e+01 9.38341217e+01 5.47370567e+01
  endloop
 endfacet
 facet normal -3.83188277e-01 -1.08305693e-01 9.17298555e-01
  outer loop
   vertex 7.18435822e+01 9.13966370e+01 2.69729385e+01
   vertex 6.58328018e+01 8.88053436e+01 2.96036606e+01
   vertex 7.31402740e+01 8.85224304e+01 2.71810894e+01
  endloop
 endfacet
 facet normal -3.81466657e-01 -1.06271327e-01 9.18253541e-01
  outer loop
   vertex 7.31402740e+01 8.85224304e+01 2.71810894e+01
   vertex 6.58328018e+01 8.88053436e+01 2.96036606e+01
   vertex 6.70787506e+01 8.60334930e+01 2.97943134e+01
  endloop
 endfacet
 facet normal -8.39062631e-01 -3.73898000e-01 -3.95188838e-01
  outer loop
   vertex 8.20354538e+01 9.31626587e+01 5.22979698e+01
   vertex 7.59302292e+01 9.07663879e+01 5.48960800e+01
   vertex 8.06893387e+01 9.63230743e+01 5.21238289e+01
  endloop
 endfacet
 facet normal -8.36752295e-01 -3.79308611e-01 -3.94931138e-01
  outer loop
   vertex 8.06893387e+01 9.63230743e+01 5.21238289e+01
   vertex 7.59302292e+01 9.07663879e+01 5.48960800e+01
   vertex 7.46278000e+01 9.38341217e+01 5.47370567e+01
  endloop
 endfacet
 facet normal -3.85943115e-01 -1.04291245e-01 9.16608572e-01
  outer loop
   vertex 7.31402740e+01 8.85224304e+01 2.71810894e+01
   vertex 6.70787506e+01 8.60334930e+01 2.97943134e+01
   vertex 7.43653488e+01 8.56725540e+01 2.73778477e+01
  endloop
 endfacet
 facet normal -3.85252982e-01 -1.02069780e-01 9.17148769e-01
  outer loop
   vertex 7.43653488e+01 8.56725540e+01 2.73778477e+01
   vertex 6.70787506e+01 8.60334930e+01 2.97943134e+01
   vertex 6.82601242e+01 8.32762833e+01 2.99759598e+01
  endloop
 endfacet
 facet normal -8.43547583e-01 -3.62134814e-01 -3.96592826e-01
  outer loop
   vertex 8.20354538e+01 9.31626587e+01 5.22979698e+01
   vertex 8.32987976e+01 9.00254059e+01 5.24566231e+01
   vertex 7.59302292e+01 9.07663879e+01 5.48960800e+01
  endloop
 endfacet
 facet normal -8.45706940e-01 -3.55077893e-01 -3.98371011e-01
  outer loop
   vertex 7.59302292e+01 9.07663879e+01 5.48960800e+01
   vertex 8.32987976e+01 9.00254059e+01 5.24566231e+01
   vertex 7.71434631e+01 8.77397842e+01 5.50356064e+01
  endloop
 endfacet
 facet normal -3.90590072e-01 -9.79254991e-02 9.15341437e-01
  outer loop
   vertex 7.55242767e+01 8.28865585e+01 2.75750122e+01
   vertex 7.43653488e+01 8.56725540e+01 2.73778477e+01
   vertex 6.93689423e+01 8.06009369e+01 3.01539955e+01
  endloop
 endfacet
 facet normal -3.86982292e-01 -9.91062894e-02 9.16745663e-01
  outer loop
   vertex 6.93689423e+01 8.06009369e+01 3.01539955e+01
   vertex 7.43653488e+01 8.56725540e+01 2.73778477e+01
   vertex 6.82601242e+01 8.32762833e+01 2.99759598e+01
  endloop
 endfacet
 facet normal -8.50616038e-01 -3.41881037e-01 -3.99461806e-01
  outer loop
   vertex 8.32987976e+01 9.00254059e+01 5.24566231e+01
   vertex 8.44799957e+01 8.68884277e+01 5.26083298e+01
   vertex 7.71434631e+01 8.77397842e+01 5.50356064e+01
  endloop
 endfacet
 facet normal -8.52729380e-01 -3.33693445e-01 -4.01872307e-01
  outer loop
   vertex 7.71434631e+01 8.77397842e+01 5.50356064e+01
   vertex 8.44799957e+01 8.68884277e+01 5.26083298e+01
   vertex 7.82612457e+01 8.47522049e+01 5.51625175e+01
  endloop
 endfacet
 facet normal -3.94958407e-01 -9.47851688e-02 9.13796306e-01
  outer loop
   vertex 7.66164398e+01 8.00772018e+01 2.77585278e+01
   vertex 7.55242767e+01 8.28865585e+01 2.75750122e+01
   vertex 7.03976898e+01 7.79409790e+01 3.03127155e+01
  endloop
 endfacet
 facet normal -3.89691025e-01 -9.47940797e-02 9.16054010e-01
  outer loop
   vertex 7.03976898e+01 7.79409790e+01 3.03127155e+01
   vertex 7.55242767e+01 8.28865585e+01 2.75750122e+01
   vertex 6.93689423e+01 8.06009369e+01 3.01539955e+01
  endloop
 endfacet
 facet normal -8.60725939e-01 -3.09313446e-01 -4.04321760e-01
  outer loop
   vertex 8.55695724e+01 8.37464905e+01 5.27579956e+01
   vertex 7.92772751e+01 8.18014145e+01 5.52837372e+01
   vertex 8.44799957e+01 8.68884277e+01 5.26083298e+01
  endloop
 endfacet
 facet normal -8.57536912e-01 -3.17673385e-01 -4.04615909e-01
  outer loop
   vertex 8.44799957e+01 8.68884277e+01 5.26083298e+01
   vertex 7.92772751e+01 8.18014145e+01 5.52837372e+01
   vertex 7.82612457e+01 8.47522049e+01 5.51625175e+01
  endloop
 endfacet
 facet normal -3.99911642e-01 -9.07267109e-02 9.12052274e-01
  outer loop
   vertex 7.76312180e+01 7.71750488e+01 2.79106274e+01
   vertex 7.66164398e+01 8.00772018e+01 2.77585278e+01
   vertex 7.13389206e+01 7.52299805e+01 3.04363708e+01
  endloop
 endfacet
 facet normal -3.93368900e-01 -9.12382826e-02 9.14842308e-01
  outer loop
   vertex 7.13389206e+01 7.52299805e+01 3.04363708e+01
   vertex 7.66164398e+01 8.00772018e+01 2.77585278e+01
   vertex 7.03976898e+01 7.79409790e+01 3.03127155e+01
  endloop
 endfacet
 facet normal -8.69803965e-01 -2.76437163e-01 -4.08685178e-01
  outer loop
   vertex 8.65125961e+01 8.07096405e+01 5.29000244e+01
   vertex 8.01344299e+01 7.90172272e+01 5.53898888e+01
   vertex 8.55695724e+01 8.37464905e+01 5.27579956e+01
  endloop
 endfacet
 facet normal -8.65820110e-01 -2.88114846e-01 -4.09078628e-01
  outer loop
   vertex 8.55695724e+01 8.37464905e+01 5.27579956e+01
   vertex 8.01344299e+01 7.90172272e+01 5.53898888e+01
   vertex 7.92772751e+01 8.18014145e+01 5.52837372e+01
  endloop
 endfacet
 facet normal -4.06659871e-01 -7.95731246e-02 9.10107613e-01
  outer loop
   vertex 7.85346375e+01 7.42259521e+01 2.80507736e+01
   vertex 7.76312180e+01 7.71750488e+01 2.79106274e+01
   vertex 7.21564636e+01 7.25335312e+01 3.05406361e+01
  endloop
 endfacet
 facet normal -3.98766309e-01 -8.28729197e-02 9.13300335e-01
  outer loop
   vertex 7.21564636e+01 7.25335312e+01 3.05406361e+01
   vertex 7.76312180e+01 7.71750488e+01 2.79106274e+01
   vertex 7.13389206e+01 7.52299805e+01 3.04363708e+01
  endloop
 endfacet
 facet normal -8.79486263e-01 -2.33613029e-01 -4.14643049e-01
  outer loop
   vertex 8.72483902e+01 7.79014664e+01 5.30316963e+01
   vertex 8.07754517e+01 7.65293274e+01 5.54716415e+01
   vertex 8.65125961e+01 8.07096405e+01 5.29000244e+01
  endloop
 endfacet
 facet normal -8.75134289e-01 -2.48734266e-01 -4.15055692e-01
  outer loop
   vertex 8.65125961e+01 8.07096405e+01 5.29000244e+01
   vertex 8.07754517e+01 7.65293274e+01 5.54716415e+01
   vertex 8.01344299e+01 7.90172272e+01 5.53898888e+01
  endloop
 endfacet
 facet normal -4.13197666e-01 -6.73997179e-02 9.08143699e-01
  outer loop
   vertex 7.85346375e+01 7.42259521e+01 2.80507736e+01
   vertex 7.21564636e+01 7.25335312e+01 3.05406361e+01
   vertex 7.92871017e+01 7.12893982e+01 2.82012939e+01
  endloop
 endfacet
 facet normal -4.10946369e-01 -5.88149801e-02 9.09760356e-01
  outer loop
   vertex 7.92871017e+01 7.12893982e+01 2.82012939e+01
   vertex 7.21564636e+01 7.25335312e+01 3.05406361e+01
   vertex 7.28141632e+01 6.99172592e+01 3.06412354e+01
  endloop
 endfacet
 facet normal -8.87368858e-01 -1.84442282e-01 -4.22560751e-01
  outer loop
   vertex 8.78081741e+01 7.51414261e+01 5.31639709e+01
   vertex 8.12467041e+01 7.41230011e+01 5.55395470e+01
   vertex 8.72483902e+01 7.79014664e+01 5.30316963e+01
  endloop
 endfacet
 facet normal -8.83728981e-01 -2.00630635e-01 -4.22812521e-01
  outer loop
   vertex 8.72483902e+01 7.79014664e+01 5.30316963e+01
   vertex 8.12467041e+01 7.41230011e+01 5.55395470e+01
   vertex 8.07754517e+01 7.65293274e+01 5.54716415e+01
  endloop
 endfacet
 facet normal -4.24219131e-01 -4.38649729e-02 9.04496551e-01
  outer loop
   vertex 7.92871017e+01 7.12893982e+01 2.82012939e+01
   vertex 7.28141632e+01 6.99172592e+01 3.06412354e+01
   vertex 7.98827667e+01 6.83631287e+01 2.83706322e+01
  endloop
 endfacet
 facet normal -4.22038734e-01 -3.46140377e-02 9.05916750e-01
  outer loop
   vertex 7.98827667e+01 6.83631287e+01 2.83706322e+01
   vertex 7.28141632e+01 6.99172592e+01 3.06412354e+01
   vertex 7.33212891e+01 6.73447037e+01 3.07462063e+01
  endloop
 endfacet
 facet normal -8.91817451e-01 -1.33330688e-01 -4.32301521e-01
  outer loop
   vertex 8.82296677e+01 7.22258148e+01 5.33047905e+01
   vertex 8.15943756e+01 7.15833817e+01 5.56042023e+01
   vertex 8.78081741e+01 7.51414261e+01 5.31639709e+01
  endloop
 endfacet
 facet normal -8.89329970e-01 -1.49648741e-01 -4.32084978e-01
  outer loop
   vertex 8.78081741e+01 7.51414261e+01 5.31639709e+01
   vertex 8.15943756e+01 7.15833817e+01 5.56042023e+01
   vertex 8.12467041e+01 7.41230011e+01 5.55395470e+01
  endloop
 endfacet
 facet normal -4.39442247e-01 -1.05347876e-02 8.98209035e-01
  outer loop
   vertex 8.03223419e+01 6.54217834e+01 2.85642948e+01
   vertex 7.98827667e+01 6.83631287e+01 2.83706322e+01
   vertex 7.36870422e+01 6.47793427e+01 3.08637047e+01
  endloop
 endfacet
 facet normal -4.28326666e-01 -1.82571448e-02 9.03439522e-01
  outer loop
   vertex 7.36870422e+01 6.47793427e+01 3.08637047e+01
   vertex 7.98827667e+01 6.83631287e+01 2.83706322e+01
   vertex 7.33212891e+01 6.73447037e+01 3.07462063e+01
  endloop
 endfacet
 facet normal -8.92876208e-01 -8.12863037e-02 -4.42904741e-01
  outer loop
   vertex 8.84986496e+01 6.91705246e+01 5.34458313e+01
   vertex 8.18092117e+01 6.89215698e+01 5.56633148e+01
   vertex 8.82296677e+01 7.22258148e+01 5.33047905e+01
  endloop
 endfacet
 facet normal -8.91437173e-01 -9.86025929e-02 -4.42286432e-01
  outer loop
   vertex 8.82296677e+01 7.22258148e+01 5.33047905e+01
   vertex 8.18092117e+01 6.89215698e+01 5.56633148e+01
   vertex 8.15943756e+01 7.15833817e+01 5.56042023e+01
  endloop
 endfacet
 facet normal -4.48085785e-01 3.52411438e-03 8.93983603e-01
  outer loop
   vertex 8.03223419e+01 6.54217834e+01 2.85642948e+01
   vertex 7.36870422e+01 6.47793427e+01 3.08637047e+01
   vertex 8.05772171e+01 6.23107796e+01 2.87524109e+01
  endloop
 endfacet
 facet normal -4.42734659e-01 1.04797967e-02 8.96591425e-01
  outer loop
   vertex 8.05772171e+01 6.23107796e+01 2.87524109e+01
   vertex 7.36870422e+01 6.47793427e+01 3.08637047e+01
   vertex 7.38877716e+01 6.20618324e+01 3.09698925e+01
  endloop
 endfacet
 facet normal -8.90326023e-01 -2.63446476e-02 -4.54560786e-01
  outer loop
   vertex 8.86027069e+01 6.59958649e+01 5.35858345e+01
   vertex 8.18819046e+01 6.61486511e+01 5.57146378e+01
   vertex 8.84986496e+01 6.91705246e+01 5.34458313e+01
  endloop
 endfacet
 facet normal -8.89962196e-01 -4.54083979e-02 -4.53767955e-01
  outer loop
   vertex 8.84986496e+01 6.91705246e+01 5.34458313e+01
   vertex 8.18819046e+01 6.61486511e+01 5.57146378e+01
   vertex 8.18092117e+01 6.89215698e+01 5.56633148e+01
  endloop
 endfacet
 facet normal -4.57563818e-01 2.29434390e-02 8.88880730e-01
  outer loop
   vertex 8.05772171e+01 6.23107796e+01 2.87524109e+01
   vertex 7.38877716e+01 6.20618324e+01 3.09698925e+01
   vertex 8.06206741e+01 5.88799896e+01 2.89121647e+01
  endloop
 endfacet
 facet normal -4.52700257e-01 3.00139692e-02 8.91157448e-01
  outer loop
   vertex 8.06206741e+01 5.88799896e+01 2.89121647e+01
   vertex 7.38877716e+01 6.20618324e+01 3.09698925e+01
   vertex 7.38998795e+01 5.90327682e+01 3.10409718e+01
  endloop
 endfacet
 facet normal -8.83420885e-01 3.11737135e-02 -4.67542261e-01
  outer loop
   vertex 8.84881592e+01 6.25251770e+01 5.37331200e+01
   vertex 8.17575531e+01 6.30895958e+01 5.57587700e+01
   vertex 8.86027069e+01 6.59958649e+01 5.35858345e+01
  endloop
 endfacet
 facet normal -8.84433031e-01 1.17112705e-02 -4.66520131e-01
  outer loop
   vertex 8.86027069e+01 6.59958649e+01 5.35858345e+01
   vertex 8.17575531e+01 6.30895958e+01 5.57587700e+01
   vertex 8.18819046e+01 6.61486511e+01 5.57146378e+01
  endloop
 endfacet
 facet normal -4.67764080e-01 4.48195525e-02 8.82716238e-01
  outer loop
   vertex 8.06206741e+01 5.88799896e+01 2.89121647e+01
   vertex 7.38998795e+01 5.90327682e+01 3.10409718e+01
   vertex 8.04502869e+01 5.52692986e+01 2.90619297e+01
  endloop
 endfacet
 facet normal -4.63970631e-01 5.24487384e-02 8.84296536e-01
  outer loop
   vertex 8.04502869e+01 5.52692986e+01 2.90619297e+01
   vertex 7.38998795e+01 5.90327682e+01 3.10409718e+01
   vertex 7.37196884e+01 5.58337364e+01 3.10875816e+01
  endloop
 endfacet
 facet normal -8.72536004e-01 8.50346684e-02 -4.81092542e-01
  outer loop
   vertex 8.81001205e+01 5.86206093e+01 5.38752975e+01
   vertex 8.13811951e+01 5.95693359e+01 5.57963448e+01
   vertex 8.84881592e+01 6.25251770e+01 5.37331200e+01
  endloop
 endfacet
 facet normal -8.74540389e-01 6.82666749e-02 -4.80123729e-01
  outer loop
   vertex 8.84881592e+01 6.25251770e+01 5.37331200e+01
   vertex 8.13811951e+01 5.95693359e+01 5.57963448e+01
   vertex 8.17575531e+01 6.30895958e+01 5.57587700e+01
  endloop
 endfacet
 facet normal -4.77400273e-01 7.01932088e-02 8.75877798e-01
  outer loop
   vertex 8.04502869e+01 5.52692986e+01 2.90619297e+01
   vertex 7.37196884e+01 5.58337364e+01 3.10875816e+01
   vertex 8.00624695e+01 5.16575317e+01 2.91992893e+01
  endloop
 endfacet
 facet normal -4.73910183e-01 7.77181387e-02 8.77136827e-01
  outer loop
   vertex 8.00624695e+01 5.16575317e+01 2.91992893e+01
   vertex 7.37196884e+01 5.58337364e+01 3.10875816e+01
   vertex 7.33435287e+01 5.26062508e+01 3.11203403e+01
  endloop
 endfacet
 facet normal -8.58654320e-01 1.34185627e-01 -4.94678676e-01
  outer loop
   vertex 8.74942474e+01 5.46903572e+01 5.40101814e+01
   vertex 8.08099442e+01 5.60128708e+01 5.58261223e+01
   vertex 8.81001205e+01 5.86206093e+01 5.38752975e+01
  endloop
 endfacet
 facet normal -8.61269772e-01 1.19121298e-01 -4.93988335e-01
  outer loop
   vertex 8.81001205e+01 5.86206093e+01 5.38752975e+01
   vertex 8.08099442e+01 5.60128708e+01 5.58261223e+01
   vertex 8.13811951e+01 5.95693359e+01 5.57963448e+01
  endloop
 endfacet
 facet normal -4.85742092e-01 9.87257436e-02 8.68508995e-01
  outer loop
   vertex 8.00624695e+01 5.16575317e+01 2.91992893e+01
   vertex 7.33435287e+01 5.26062508e+01 3.11203403e+01
   vertex 7.94971466e+01 4.81775665e+01 2.93348751e+01
  endloop
 endfacet
 facet normal -4.82277602e-01 1.07171312e-01 8.69438112e-01
  outer loop
   vertex 7.94971466e+01 4.81775665e+01 2.93348751e+01
   vertex 7.33435287e+01 5.26062508e+01 3.11203403e+01
   vertex 7.28128433e+01 4.95000801e+01 3.11508141e+01
  endloop
 endfacet
 facet normal -8.41590047e-01 1.82098165e-01 -5.08494318e-01
  outer loop
   vertex 8.67274475e+01 5.11361465e+01 5.41446953e+01
   vertex 8.01010132e+01 5.28452301e+01 5.58468475e+01
   vertex 8.74942474e+01 5.46903572e+01 5.40101814e+01
  endloop
 endfacet
 facet normal -8.45120609e-01 1.67195380e-01 -5.07756650e-01
  outer loop
   vertex 8.74942474e+01 5.46903572e+01 5.40101814e+01
   vertex 8.01010132e+01 5.28452301e+01 5.58468475e+01
   vertex 8.08099442e+01 5.60128708e+01 5.58261223e+01
  endloop
 endfacet
 facet normal -4.92550939e-01 1.30607858e-01 8.60427320e-01
  outer loop
   vertex 7.94971466e+01 4.81775665e+01 2.93348751e+01
   vertex 7.28128433e+01 4.95000801e+01 3.11508141e+01
   vertex 7.87954865e+01 4.49558640e+01 2.94884720e+01
  endloop
 endfacet
 facet normal -4.88937557e-01 1.38569057e-01 8.61242533e-01
  outer loop
   vertex 7.87954865e+01 4.49558640e+01 2.94884720e+01
   vertex 7.28128433e+01 4.95000801e+01 3.11508141e+01
   vertex 7.21690521e+01 4.66649475e+01 3.11906185e+01
  endloop
 endfacet
 facet normal -8.28411520e-01 2.12278679e-01 -5.18335938e-01
  outer loop
   vertex 8.67274475e+01 5.11361465e+01 5.41446953e+01
   vertex 8.58011169e+01 4.78159676e+01 5.42619057e+01
   vertex 8.01010132e+01 5.28452301e+01 5.58468475e+01
  endloop
 endfacet
 facet normal -8.19032252e-01 2.28152856e-01 -5.26433706e-01
  outer loop
   vertex 8.01010132e+01 5.28452301e+01 5.58468475e+01
   vertex 8.58011169e+01 4.78159676e+01 5.42619057e+01
   vertex 7.92448730e+01 4.98680115e+01 5.58576851e+01
  endloop
 endfacet
 facet normal -4.98141468e-01 1.60480365e-01 8.52115691e-01
  outer loop
   vertex 7.87954865e+01 4.49558640e+01 2.94884720e+01
   vertex 7.21690521e+01 4.66649475e+01 3.11906185e+01
   vertex 7.79599380e+01 4.19235382e+01 2.96291561e+01
  endloop
 endfacet
 facet normal -4.94542748e-01 1.65425524e-01 8.53265405e-01
  outer loop
   vertex 7.79599380e+01 4.19235382e+01 2.96291561e+01
   vertex 7.21690521e+01 4.66649475e+01 3.11906185e+01
   vertex 7.14037018e+01 4.39755898e+01 3.12249336e+01
  endloop
 endfacet
 facet normal -8.08404148e-01 2.53610224e-01 -5.31191647e-01
  outer loop
   vertex 8.58011169e+01 4.78159676e+01 5.42619057e+01
   vertex 8.47076645e+01 4.45239677e+01 5.43610497e+01
   vertex 7.92448730e+01 4.98680115e+01 5.58576851e+01
  endloop
 endfacet
 facet normal -7.98913956e-01 2.67614782e-01 -5.38626790e-01
  outer loop
   vertex 7.92448730e+01 4.98680115e+01 5.58576851e+01
   vertex 8.47076645e+01 4.45239677e+01 5.43610497e+01
   vertex 7.82319031e+01 4.68828735e+01 5.58578415e+01
  endloop
 endfacet
 facet normal -5.04691184e-01 1.92067146e-01 8.41663241e-01
  outer loop
   vertex 7.69840317e+01 3.89476967e+01 2.97421722e+01
   vertex 7.79599380e+01 4.19235382e+01 2.96291561e+01
   vertex 7.05082703e+01 4.13066101e+01 3.12389660e+01
  endloop
 endfacet
 facet normal -4.98402387e-01 1.80751488e-01 8.47893834e-01
  outer loop
   vertex 7.05082703e+01 4.13066101e+01 3.12389660e+01
   vertex 7.79599380e+01 4.19235382e+01 2.96291561e+01
   vertex 7.14037018e+01 4.39755898e+01 3.12249336e+01
  endloop
 endfacet
 facet normal -7.88088918e-01 2.90162206e-01 -5.42882800e-01
  outer loop
   vertex 8.47076645e+01 4.45239677e+01 5.43610497e+01
   vertex 8.34512177e+01 4.12758446e+01 5.44543686e+01
   vertex 7.82319031e+01 4.68828735e+01 5.58578415e+01
  endloop
 endfacet
 facet normal -7.77525544e-01 3.03644240e-01 -5.50685167e-01
  outer loop
   vertex 7.82319031e+01 4.68828735e+01 5.58578415e+01
   vertex 8.34512177e+01 4.12758446e+01 5.44543686e+01
   vertex 7.70743332e+01 4.39464417e+01 5.58477364e+01
  endloop
 endfacet
 facet normal -5.06526172e-01 2.17139155e-01 8.34435046e-01
  outer loop
   vertex 7.58507538e+01 3.59692421e+01 2.98452110e+01
   vertex 7.69840317e+01 3.89476967e+01 2.97421722e+01
   vertex 6.94738770e+01 3.86398392e+01 3.12385788e+01
  endloop
 endfacet
 facet normal -5.02119899e-01 2.04246402e-01 8.40332687e-01
  outer loop
   vertex 6.94738770e+01 3.86398392e+01 3.12385788e+01
   vertex 7.69840317e+01 3.89476967e+01 2.97421722e+01
   vertex 7.05082703e+01 4.13066101e+01 3.12389660e+01
  endloop
 endfacet
 facet normal -7.58663356e-01 3.30772310e-01 -5.61266065e-01
  outer loop
   vertex 7.64292755e+01 4.25308571e+01 5.58377953e+01
   vertex 7.70743332e+01 4.39464417e+01 5.58477364e+01
   vertex 8.27382584e+01 3.96662674e+01 5.45119019e+01
  endloop
 endfacet
 facet normal -7.66844213e-01 3.21289510e-01 -5.55628479e-01
  outer loop
   vertex 8.27382584e+01 3.96662674e+01 5.45119019e+01
   vertex 7.70743332e+01 4.39464417e+01 5.58477364e+01
   vertex 8.34512177e+01 4.12758446e+01 5.44543686e+01
  endloop
 endfacet
 facet normal -5.06441593e-01 2.30585515e-01 8.30871344e-01
  outer loop
   vertex 7.58507538e+01 3.59692421e+01 2.98452110e+01
   vertex 6.94738770e+01 3.86398392e+01 3.12385788e+01
   vertex 7.51916580e+01 3.44338531e+01 2.99082031e+01
  endloop
 endfacet
 facet normal -5.05164981e-01 2.32631147e-01 8.31078291e-01
  outer loop
   vertex 7.51916580e+01 3.44338531e+01 2.99082031e+01
   vertex 6.94738770e+01 3.86398392e+01 3.12385788e+01
   vertex 6.88826828e+01 3.72984352e+01 3.12340965e+01
  endloop
 endfacet
 facet normal -7.53046274e-01 3.41186404e-01 -5.62595010e-01
  outer loop
   vertex 8.27382584e+01 3.96662674e+01 5.45119019e+01
   vertex 8.20392838e+01 3.81592140e+01 5.45426788e+01
   vertex 7.64292755e+01 4.25308571e+01 5.58377953e+01
  endloop
 endfacet
 facet normal -7.47881234e-01 3.47527355e-01 -5.65595627e-01
  outer loop
   vertex 7.64292755e+01 4.25308571e+01 5.58377953e+01
   vertex 8.20392838e+01 3.81592140e+01 5.45426788e+01
   vertex 7.57730560e+01 4.11335030e+01 5.58271103e+01
  endloop
 endfacet
 facet normal -5.07498562e-01 2.41584152e-01 8.27092707e-01
  outer loop
   vertex 6.88826828e+01 3.72984352e+01 3.12340965e+01
   vertex 6.82749023e+01 3.59598389e+01 3.12296295e+01
   vertex 7.51916580e+01 3.44338531e+01 2.99082031e+01
  endloop
 endfacet
 facet normal -5.08659720e-01 2.47600973e-01 8.24596286e-01
  outer loop
   vertex 7.51916580e+01 3.44338531e+01 2.99082031e+01
   vertex 6.82749023e+01 3.59598389e+01 3.12296295e+01
   vertex 7.45411301e+01 3.29855309e+01 2.99452057e+01
  endloop
 endfacet
 facet normal -7.42631018e-01 3.54959249e-01 -5.67893565e-01
  outer loop
   vertex 8.20392838e+01 3.81592140e+01 5.45426788e+01
   vertex 8.13010101e+01 3.66538467e+01 5.45845566e+01
   vertex 7.57730560e+01 4.11335030e+01 5.58271103e+01
  endloop
 endfacet
 facet normal -7.36170471e-01 3.61230284e-01 -5.72333574e-01
  outer loop
   vertex 7.57730560e+01 4.11335030e+01 5.58271103e+01
   vertex 8.13010101e+01 3.66538467e+01 5.45845566e+01
   vertex 7.50944595e+01 3.97726364e+01 5.58149414e+01
  endloop
 endfacet
 facet normal -5.08228421e-01 2.61423290e-01 8.20586205e-01
  outer loop
   vertex 7.38404922e+01 3.15080681e+01 2.99948120e+01
   vertex 7.45411301e+01 3.29855309e+01 2.99452057e+01
   vertex 6.76339493e+01 3.46268578e+01 3.12251911e+01
  endloop
 endfacet
 facet normal -5.07224202e-01 2.52692521e-01 8.23935747e-01
  outer loop
   vertex 6.76339493e+01 3.46268578e+01 3.12251911e+01
   vertex 7.45411301e+01 3.29855309e+01 2.99452057e+01
   vertex 6.82749023e+01 3.59598389e+01 3.12296295e+01
  endloop
 endfacet
 facet normal -7.30721116e-01 3.68908793e-01 -5.74415326e-01
  outer loop
   vertex 8.13010101e+01 3.66538467e+01 5.45845566e+01
   vertex 8.05428467e+01 3.51928596e+01 5.46257210e+01
   vertex 7.50944595e+01 3.97726364e+01 5.58149414e+01
  endloop
 endfacet
 facet normal -7.24097013e-01 3.75305593e-01 -5.78644335e-01
  outer loop
   vertex 7.50944595e+01 3.97726364e+01 5.58149414e+01
   vertex 8.05428467e+01 3.51928596e+01 5.46257210e+01
   vertex 7.43988953e+01 3.84533272e+01 5.58017769e+01
  endloop
 endfacet
 facet normal -5.07588029e-01 2.76773632e-01 8.15935493e-01
  outer loop
   vertex 7.31056595e+01 3.00438385e+01 3.00458145e+01
   vertex 7.38404922e+01 3.15080681e+01 2.99948120e+01
   vertex 6.69617004e+01 3.33043022e+01 3.12218704e+01
  endloop
 endfacet
 facet normal -5.06743252e-01 2.68155515e-01 8.19331408e-01
  outer loop
   vertex 6.69617004e+01 3.33043022e+01 3.12218704e+01
   vertex 7.38404922e+01 3.15080681e+01 2.99948120e+01
   vertex 6.76339493e+01 3.46268578e+01 3.12251911e+01
  endloop
 endfacet
 facet normal -7.18407094e-01 3.82913262e-01 -5.80748379e-01
  outer loop
   vertex 8.05428467e+01 3.51928596e+01 5.46257210e+01
   vertex 7.97682724e+01 3.37773209e+01 5.46683159e+01
   vertex 7.43988953e+01 3.84533272e+01 5.58017769e+01
  endloop
 endfacet
 facet normal -7.11345792e-01 3.89257431e-01 -5.85205793e-01
  outer loop
   vertex 7.43988953e+01 3.84533272e+01 5.58017769e+01
   vertex 7.97682724e+01 3.37773209e+01 5.46683159e+01
   vertex 7.36916962e+01 3.71806564e+01 5.57881088e+01
  endloop
 endfacet
 facet normal -5.06361067e-01 2.92084694e-01 8.11347663e-01
  outer loop
   vertex 7.23366852e+01 2.85936813e+01 3.01009769e+01
   vertex 7.31056595e+01 3.00438385e+01 3.00458145e+01
   vertex 6.62601166e+01 3.19970036e+01 3.12207699e+01
  endloop
 endfacet
 facet normal -5.05799174e-01 2.83280343e-01 8.14812541e-01
  outer loop
   vertex 6.62601166e+01 3.19970036e+01 3.12207699e+01
   vertex 7.31056595e+01 3.00438385e+01 3.00458145e+01
   vertex 6.69617004e+01 3.33043022e+01 3.12218704e+01
  endloop
 endfacet
 facet normal -7.05204248e-01 3.96933556e-01 -5.87478220e-01
  outer loop
   vertex 7.97682724e+01 3.37773209e+01 5.46683159e+01
   vertex 7.89609985e+01 3.23835068e+01 5.47130280e+01
   vertex 7.36916962e+01 3.71806564e+01 5.57881088e+01
  endloop
 endfacet
 facet normal -6.97335482e-01 4.03658748e-01 -5.92269242e-01
  outer loop
   vertex 7.36916962e+01 3.71806564e+01 5.57881088e+01
   vertex 7.89609985e+01 3.23835068e+01 5.47130280e+01
   vertex 7.29576416e+01 3.59327469e+01 5.57730370e+01
  endloop
 endfacet
 facet normal -5.05171776e-01 3.07267308e-01 8.06466579e-01
  outer loop
   vertex 7.15376968e+01 2.71635380e+01 3.01594906e+01
   vertex 7.23366852e+01 2.85936813e+01 3.01009769e+01
   vertex 6.55343399e+01 3.07127781e+01 3.12194958e+01
  endloop
 endfacet
 facet normal -5.04674315e-01 2.98306465e-01 8.10133994e-01
  outer loop
   vertex 6.55343399e+01 3.07127781e+01 3.12194958e+01
   vertex 7.23366852e+01 2.85936813e+01 3.01009769e+01
   vertex 6.62601166e+01 3.19970036e+01 3.12207699e+01
  endloop
 endfacet
 facet normal -6.90693974e-01 4.11421418e-01 -5.94705164e-01
  outer loop
   vertex 7.89609985e+01 3.23835068e+01 5.47130280e+01
   vertex 7.81067429e+01 3.09921227e+01 5.47586746e+01
   vertex 7.29576416e+01 3.59327469e+01 5.57730370e+01
  endloop
 endfacet
 facet normal -6.82085395e-01 4.18501139e-01 -5.99680185e-01
  outer loop
   vertex 7.29576416e+01 3.59327469e+01 5.57730370e+01
   vertex 7.81067429e+01 3.09921227e+01 5.47586746e+01
   vertex 7.21814194e+01 3.46876831e+01 5.57556915e+01
  endloop
 endfacet
 facet normal -5.04342616e-01 3.21939290e-01 8.01245034e-01
  outer loop
   vertex 7.07150116e+01 2.57638340e+01 3.02186604e+01
   vertex 7.15376968e+01 2.71635380e+01 3.01594906e+01
   vertex 6.47896881e+01 2.94593906e+01 3.12156754e+01
  endloop
 endfacet
 facet normal -5.03867447e-01 3.12655568e-01 8.05210590e-01
  outer loop
   vertex 6.47896881e+01 2.94593906e+01 3.12156754e+01
   vertex 7.15376968e+01 2.71635380e+01 3.01594906e+01
   vertex 6.55343399e+01 3.07127781e+01 3.12194958e+01
  endloop
 endfacet
 facet normal -6.75034702e-01 4.26065385e-01 -6.02325857e-01
  outer loop
   vertex 7.81067429e+01 3.09921227e+01 5.47586746e+01
   vertex 7.71915207e+01 2.95840473e+01 5.48029556e+01
   vertex 7.21814194e+01 3.46876831e+01 5.57556915e+01
  endloop
 endfacet
 facet normal -6.65925920e-01 4.33366627e-01 -6.07236385e-01
  outer loop
   vertex 7.21814194e+01 3.46876831e+01 5.57556915e+01
   vertex 7.71915207e+01 2.95840473e+01 5.48029556e+01
   vertex 7.13477554e+01 3.34236183e+01 5.57351685e+01
  endloop
 endfacet
 facet normal -5.03593326e-01 3.26060504e-01 8.00048947e-01
  outer loop
   vertex 6.47896881e+01 2.94593906e+01 3.12156754e+01
   vertex 6.40313187e+01 2.82447109e+01 3.12069302e+01
   vertex 7.07150116e+01 2.57638340e+01 3.02186604e+01
  endloop
 endfacet
 facet normal -5.04245698e-01 3.35538656e-01 7.95707285e-01
  outer loop
   vertex 7.07150116e+01 2.57638340e+01 3.02186604e+01
   vertex 6.40313187e+01 2.82447109e+01 3.12069302e+01
   vertex 6.98750916e+01 2.44051437e+01 3.02747154e+01
  endloop
 endfacet
 facet normal -6.51007950e-01 4.45998043e-01 -6.14226639e-01
  outer loop
   vertex 7.04413910e+01 3.21186295e+01 5.57105827e+01
   vertex 7.13477554e+01 3.34236183e+01 5.57351685e+01
   vertex 7.62067261e+01 2.81481342e+01 5.48394127e+01
  endloop
 endfacet
 facet normal -6.59481466e-01 4.39870536e-01 -6.09588504e-01
  outer loop
   vertex 7.62067261e+01 2.81481342e+01 5.48394127e+01
   vertex 7.13477554e+01 3.34236183e+01 5.57351685e+01
   vertex 7.71915207e+01 2.95840473e+01 5.48029556e+01
  endloop
 endfacet
 facet normal -5.04244268e-01 3.38209480e-01 7.94576645e-01
  outer loop
   vertex 6.40313187e+01 2.82447109e+01 3.12069302e+01
   vertex 6.32645226e+01 2.70765247e+01 3.11908684e+01
   vertex 6.98750916e+01 2.44051437e+01 3.02747154e+01
  endloop
 endfacet
 facet normal -5.05022466e-01 3.47321987e-01 7.90139079e-01
  outer loop
   vertex 6.98750916e+01 2.44051437e+01 3.02747154e+01
   vertex 6.32645226e+01 2.70765247e+01 3.11908684e+01
   vertex 6.90298615e+01 2.31060181e+01 3.03197002e+01
  endloop
 endfacet
 facet normal -6.40119374e-01 4.53063458e-01 -6.20468140e-01
  outer loop
   vertex 6.95001450e+01 3.08156376e+01 5.56944122e+01
   vertex 7.04413910e+01 3.21186295e+01 5.57105827e+01
   vertex 7.51949234e+01 2.67333965e+01 5.48764877e+01
  endloop
 endfacet
 facet normal -6.47004306e-01 4.49529380e-01 -6.15880489e-01
  outer loop
   vertex 7.51949234e+01 2.67333965e+01 5.48764877e+01
   vertex 7.04413910e+01 3.21186295e+01 5.57105827e+01
   vertex 7.62067261e+01 2.81481342e+01 5.48394127e+01
  endloop
 endfacet
 facet normal -5.05395889e-01 3.48633200e-01 7.89322436e-01
  outer loop
   vertex 6.32645226e+01 2.70765247e+01 3.11908684e+01
   vertex 6.24910965e+01 2.59506035e+01 3.11681175e+01
   vertex 6.90298615e+01 2.31060181e+01 3.03197002e+01
  endloop
 endfacet
 facet normal -5.05942881e-01 3.56997669e-01 7.85222590e-01
  outer loop
   vertex 6.90298615e+01 2.31060181e+01 3.03197002e+01
   vertex 6.24910965e+01 2.59506035e+01 3.11681175e+01
   vertex 6.81858749e+01 2.18683453e+01 3.03501949e+01
  endloop
 endfacet
 facet normal -6.34395242e-01 4.53645915e-01 -6.25897825e-01
  outer loop
   vertex 6.85618591e+01 2.95575809e+01 5.56991081e+01
   vertex 6.95001450e+01 3.08156376e+01 5.56944122e+01
   vertex 7.41917267e+01 2.53772640e+01 5.49280663e+01
  endloop
 endfacet
 facet normal -6.39717698e-01 4.52882111e-01 -6.21014535e-01
  outer loop
   vertex 7.41917267e+01 2.53772640e+01 5.49280663e+01
   vertex 6.95001450e+01 3.08156376e+01 5.56944122e+01
   vertex 7.51949234e+01 2.67333965e+01 5.48764877e+01
  endloop
 endfacet
 facet normal -5.06387115e-01 3.57674867e-01 7.84627795e-01
  outer loop
   vertex 6.24910965e+01 2.59506035e+01 3.11681175e+01
   vertex 6.17128677e+01 2.48627262e+01 3.11392212e+01
   vertex 6.81858749e+01 2.18683453e+01 3.03501949e+01
  endloop
 endfacet
 facet normal -5.06598353e-01 3.65348756e-01 7.80947089e-01
  outer loop
   vertex 6.81858749e+01 2.18683453e+01 3.03501949e+01
   vertex 6.17128677e+01 2.48627262e+01 3.11392212e+01
   vertex 6.73427353e+01 2.06824093e+01 3.03681755e+01
  endloop
 endfacet
 facet normal -6.34609699e-01 4.46948677e-01 -6.30481899e-01
  outer loop
   vertex 6.76643524e+01 2.83873253e+01 5.57371597e+01
   vertex 6.85618591e+01 2.95575809e+01 5.56991081e+01
   vertex 7.32328568e+01 2.41180286e+01 5.50088158e+01
  endloop
 endfacet
 facet normal -6.38360322e-01 4.49472219e-01 -6.24876618e-01
  outer loop
   vertex 7.32328568e+01 2.41180286e+01 5.50088158e+01
   vertex 6.85618591e+01 2.95575809e+01 5.56991081e+01
   vertex 7.41917267e+01 2.53772640e+01 5.49280663e+01
  endloop
 endfacet
 facet normal -5.06986499e-01 3.65981966e-01 7.80398548e-01
  outer loop
   vertex 6.17128677e+01 2.48627262e+01 3.11392212e+01
   vertex 6.09316521e+01 2.38086720e+01 3.11048107e+01
   vertex 6.73427353e+01 2.06824093e+01 3.03681755e+01
  endloop
 endfacet
 facet normal -5.06681740e-01 3.73221099e-01 7.77161241e-01
  outer loop
   vertex 6.73427353e+01 2.06824093e+01 3.03681755e+01
   vertex 6.09316521e+01 2.38086720e+01 3.11048107e+01
   vertex 6.65001526e+01 1.95393867e+01 3.03764629e+01
  endloop
 endfacet
 facet normal -6.42014325e-01 4.31089640e-01 -6.34018362e-01
  outer loop
   vertex 6.68454666e+01 2.73478184e+01 5.58210106e+01
   vertex 6.76643524e+01 2.83873253e+01 5.57371597e+01
   vertex 7.23485870e+01 2.29876118e+01 5.51362267e+01
  endloop
 endfacet
 facet normal -6.44066453e-01 4.37859029e-01 -6.27262175e-01
  outer loop
   vertex 7.23485870e+01 2.29876118e+01 5.51362267e+01
   vertex 6.76643524e+01 2.83873253e+01 5.57371597e+01
   vertex 7.32328568e+01 2.41180286e+01 5.50088158e+01
  endloop
 endfacet
 facet normal -5.06716490e-01 3.74118507e-01 7.76706994e-01
  outer loop
   vertex 6.09316521e+01 2.38086720e+01 3.11048107e+01
   vertex 6.01492691e+01 2.27841759e+01 3.10654678e+01
   vertex 6.65001526e+01 1.95393867e+01 3.03764629e+01
  endloop
 endfacet
 facet normal -5.06013751e-01 3.81690204e-01 7.73474455e-01
  outer loop
   vertex 6.65001526e+01 1.95393867e+01 3.03764629e+01
   vertex 6.01492691e+01 2.27841759e+01 3.10654678e+01
   vertex 6.56523895e+01 1.84239864e+01 3.03806763e+01
  endloop
 endfacet
 facet normal -6.58122659e-01 4.04660195e-01 -6.34921014e-01
  outer loop
   vertex 6.60951538e+01 2.64202499e+01 5.59679489e+01
   vertex 6.68454666e+01 2.73478184e+01 5.58210106e+01
   vertex 7.15236893e+01 2.19605865e+01 5.53305626e+01
  endloop
 endfacet
 facet normal -6.57952309e-01 4.16398436e-01 -6.27463996e-01
  outer loop
   vertex 7.15236893e+01 2.19605865e+01 5.53305626e+01
   vertex 6.68454666e+01 2.73478184e+01 5.58210106e+01
   vertex 7.23485870e+01 2.29876118e+01 5.51362267e+01
  endloop
 endfacet
 facet normal -5.05851388e-01 3.83337945e-01 7.72765398e-01
  outer loop
   vertex 6.01492691e+01 2.27841759e+01 3.10654678e+01
   vertex 5.93498039e+01 2.17743359e+01 3.10195465e+01
   vertex 6.56523895e+01 1.84239864e+01 3.03806763e+01
  endloop
 endfacet
 facet normal -5.05166769e-01 3.91527742e-01 7.69098520e-01
  outer loop
   vertex 6.56523895e+01 1.84239864e+01 3.03806763e+01
   vertex 5.93498039e+01 2.17743359e+01 3.10195465e+01
   vertex 6.47783356e+01 1.73146687e+01 3.03821545e+01
  endloop
 endfacet
 facet normal -6.84268177e-01 3.67565304e-01 -6.29819691e-01
  outer loop
   vertex 6.54033585e+01 2.55858459e+01 5.61952629e+01
   vertex 6.60951538e+01 2.64202499e+01 5.59679489e+01
   vertex 7.07513809e+01 2.10233002e+01 5.56072845e+01
  endloop
 endfacet
 facet normal -6.81064427e-01 3.84641349e-01 -6.23058796e-01
  outer loop
   vertex 7.07513809e+01 2.10233002e+01 5.56072845e+01
   vertex 6.60951538e+01 2.64202499e+01 5.59679489e+01
   vertex 7.15236893e+01 2.19605865e+01 5.53305626e+01
  endloop
 endfacet
 facet normal -5.04869819e-01 3.93485636e-01 7.68293917e-01
  outer loop
   vertex 5.93498039e+01 2.17743359e+01 3.10195465e+01
   vertex 5.85172844e+01 2.07641258e+01 3.09654312e+01
   vertex 6.47783356e+01 1.73146687e+01 3.03821545e+01
  endloop
 endfacet
 facet normal -5.04419804e-01 4.01706219e-01 7.64325023e-01
  outer loop
   vertex 6.47783356e+01 1.73146687e+01 3.03821545e+01
   vertex 5.85172844e+01 2.07641258e+01 3.09654312e+01
   vertex 6.38652916e+01 1.62015915e+01 3.03774548e+01
  endloop
 endfacet
 facet normal -7.20296919e-01 3.21401089e-01 -6.14714265e-01
  outer loop
   vertex 6.47600708e+01 2.48258057e+01 5.65202103e+01
   vertex 6.54033585e+01 2.55858459e+01 5.61952629e+01
   vertex 7.00261688e+01 2.01629944e+01 5.59812469e+01
  endloop
 endfacet
 facet normal -7.13627815e-01 3.43454599e-01 -6.10552430e-01
  outer loop
   vertex 7.00261688e+01 2.01629944e+01 5.59812469e+01
   vertex 6.54033585e+01 2.55858459e+01 5.61952629e+01
   vertex 7.07513809e+01 2.10233002e+01 5.56072845e+01
  endloop
 endfacet
 facet normal -5.04124403e-01 4.03595626e-01 7.63524175e-01
  outer loop
   vertex 5.85172844e+01 2.07641258e+01 3.09654312e+01
   vertex 5.76357880e+01 1.97386227e+01 3.09015141e+01
   vertex 6.38652916e+01 1.62015915e+01 3.03774548e+01
  endloop
 endfacet
 facet normal -5.04101753e-01 4.11325842e-01 7.59402692e-01
  outer loop
   vertex 6.38652916e+01 1.62015915e+01 3.03774548e+01
   vertex 5.76357880e+01 1.97386227e+01 3.09015141e+01
   vertex 6.29018974e+01 1.50758152e+01 3.03625507e+01
  endloop
 endfacet
 facet normal -7.64892578e-01 2.68541127e-01 -5.85512578e-01
  outer loop
   vertex 6.41552124e+01 2.41213303e+01 5.69600716e+01
   vertex 6.47600708e+01 2.48258057e+01 5.65202103e+01
   vertex 6.93478241e+01 1.93718605e+01 5.64648399e+01
  endloop
 endfacet
 facet normal -7.54818380e-01 2.95059472e-01 -5.85823476e-01
  outer loop
   vertex 6.93478241e+01 1.93718605e+01 5.64648399e+01
   vertex 6.47600708e+01 2.48258057e+01 5.65202103e+01
   vertex 7.00261688e+01 2.01629944e+01 5.59812469e+01
  endloop
 endfacet
 facet normal -5.10454953e-01 4.12726015e-01 7.54382491e-01
  outer loop
   vertex 6.18820076e+01 1.39333487e+01 3.03309250e+01
   vertex 6.29018974e+01 1.50758152e+01 3.03625507e+01
   vertex 5.66893959e+01 1.86828194e+01 3.08261547e+01
  endloop
 endfacet
 facet normal -5.06066799e-01 4.08467263e-01 7.59638667e-01
  outer loop
   vertex 5.66893959e+01 1.86828194e+01 3.08261547e+01
   vertex 6.29018974e+01 1.50758152e+01 3.03625507e+01
   vertex 5.76357880e+01 1.97386227e+01 3.09015141e+01
  endloop
 endfacet
 facet normal -8.16050172e-01 2.10422754e-01 -5.38316250e-01
  outer loop
   vertex 6.36094589e+01 2.34900894e+01 5.75133743e+01
   vertex 6.41552124e+01 2.41213303e+01 5.69600716e+01
   vertex 6.87412491e+01 1.86712341e+01 5.70549202e+01
  endloop
 endfacet
 facet normal -8.03069830e-01 2.41414383e-01 -5.44791639e-01
  outer loop
   vertex 6.87412491e+01 1.86712341e+01 5.70549202e+01
   vertex 6.41552124e+01 2.41213303e+01 5.69600716e+01
   vertex 6.93478241e+01 1.93718605e+01 5.64648399e+01
  endloop
 endfacet
 facet normal -5.33911467e-01 3.96891475e-01 7.46602774e-01
  outer loop
   vertex 6.08423386e+01 1.28110542e+01 3.02269039e+01
   vertex 6.18820076e+01 1.39333487e+01 3.03309250e+01
   vertex 5.57105484e+01 1.76299076e+01 3.06853561e+01
  endloop
 endfacet
 facet normal -5.21173537e-01 3.97981554e-01 7.54976034e-01
  outer loop
   vertex 5.57105484e+01 1.76299076e+01 3.06853561e+01
   vertex 6.18820076e+01 1.39333487e+01 3.03309250e+01
   vertex 5.66893959e+01 1.86828194e+01 3.08261547e+01
  endloop
 endfacet
 facet normal -8.56010377e-01 1.81398496e-01 -4.84087586e-01
  outer loop
   vertex 6.87412491e+01 1.86712341e+01 5.70549202e+01
   vertex 6.82214890e+01 1.80711956e+01 5.77532959e+01
   vertex 6.36094589e+01 2.34900894e+01 5.75133743e+01
  endloop
 endfacet
 facet normal -8.70812118e-01 1.46505117e-01 -4.69278723e-01
  outer loop
   vertex 6.36094589e+01 2.34900894e+01 5.75133743e+01
   vertex 6.82214890e+01 1.80711956e+01 5.77532959e+01
   vertex 6.31434975e+01 2.29497108e+01 5.81786270e+01
  endloop
 endfacet
 facet normal -6.01585090e-01 2.72763073e-01 7.50796676e-01
  outer loop
   vertex 5.98096771e+01 1.17345333e+01 2.99997864e+01
   vertex 6.08423386e+01 1.28110542e+01 3.02269039e+01
   vertex 5.47316742e+01 1.66130600e+01 3.04251137e+01
  endloop
 endfacet
 facet normal -5.60738087e-01 3.61281216e-01 7.45015919e-01
  outer loop
   vertex 5.47316742e+01 1.66130600e+01 3.04251137e+01
   vertex 6.08423386e+01 1.28110542e+01 3.02269039e+01
   vertex 5.57105484e+01 1.76299076e+01 3.06853561e+01
  endloop
 endfacet
 facet normal -9.21224236e-01 8.86371210e-02 -3.78799975e-01
  outer loop
   vertex 6.27779694e+01 2.25178890e+01 5.89543610e+01
   vertex 6.31434975e+01 2.29497108e+01 5.81786270e+01
   vertex 6.78033600e+01 1.75825081e+01 5.85615692e+01
  endloop
 endfacet
 facet normal -9.04996514e-01 1.22575723e-01 -4.07377630e-01
  outer loop
   vertex 6.78033600e+01 1.75825081e+01 5.85615692e+01
   vertex 6.31434975e+01 2.29497108e+01 5.81786270e+01
   vertex 6.82214890e+01 1.80711956e+01 5.77532959e+01
  endloop
 endfacet
 facet normal -6.64363980e-01 2.09297076e-01 7.17506289e-01
  outer loop
   vertex 5.91909332e+01 1.01747036e+01 2.93399010e+01
   vertex 5.98096771e+01 1.17345333e+01 2.99997864e+01
   vertex 5.37852058e+01 1.56654663e+01 2.99914284e+01
  endloop
 endfacet
 facet normal -6.30120575e-01 2.36279517e-01 7.39675641e-01
  outer loop
   vertex 5.37852058e+01 1.56654663e+01 2.99914284e+01
   vertex 5.98096771e+01 1.17345333e+01 2.99997864e+01
   vertex 5.47316742e+01 1.66130600e+01 3.04251137e+01
  endloop
 endfacet
 facet normal -5.52144051e-01 2.87250966e-01 -7.82702863e-01
  outer loop
   vertex 6.75412827e+01 1.72713890e+01 5.92815628e+01
   vertex 6.71126556e+01 1.76253643e+01 5.93974838e+01
   vertex 6.78033600e+01 1.75825081e+01 5.85615692e+01
  endloop
 endfacet
 facet normal -7.63333559e-01 1.26005560e-01 -6.33596480e-01
  outer loop
   vertex 6.27779694e+01 2.25178890e+01 5.89543610e+01
   vertex 6.78033600e+01 1.75825081e+01 5.85615692e+01
   vertex 6.69438934e+01 1.77647266e+01 5.94431190e+01
  endloop
 endfacet
 facet normal -4.42889273e-01 1.81690261e-01 -8.77973676e-01
  outer loop
   vertex 6.71126556e+01 1.76253643e+01 5.93974838e+01
   vertex 6.69438934e+01 1.77647266e+01 5.94431190e+01
   vertex 6.78033600e+01 1.75825081e+01 5.85615692e+01
  endloop
 endfacet
 facet normal -4.69880551e-01 1.55175775e-01 -8.68983746e-01
  outer loop
   vertex 6.69438934e+01 1.77647266e+01 5.94431190e+01
   vertex 6.65818253e+01 1.80735989e+01 5.95635262e+01
   vertex 6.27779694e+01 2.25178890e+01 5.89543610e+01
  endloop
 endfacet
 facet normal -8.00384521e-01 1.04164347e-01 -5.90368032e-01
  outer loop
   vertex 6.27779694e+01 2.25178890e+01 5.89543610e+01
   vertex 6.65818253e+01 1.80735989e+01 5.95635262e+01
   vertex 6.25335350e+01 2.22122440e+01 5.98391037e+01
  endloop
 endfacet
 facet normal -6.63634360e-01 2.94143379e-01 6.87800169e-01
  outer loop
   vertex 5.80796509e+01 8.99110031e+00 2.86986942e+01
   vertex 5.91909332e+01 1.01747036e+01 2.93399010e+01
   vertex 5.29445305e+01 1.48728981e+01 2.96750259e+01
  endloop
 endfacet
 facet normal -6.61087751e-01 2.74604440e-01 6.98251665e-01
  outer loop
   vertex 5.29445305e+01 1.48728981e+01 2.96750259e+01
   vertex 5.91909332e+01 1.01747036e+01 2.93399010e+01
   vertex 5.37852058e+01 1.56654663e+01 2.99914284e+01
  endloop
 endfacet
 facet normal -5.12830317e-01 1.56779498e-01 -8.44052851e-01
  outer loop
   vertex 6.65818253e+01 1.80735989e+01 5.95635262e+01
   vertex 6.63630676e+01 1.82612724e+01 5.96386833e+01
   vertex 6.25335350e+01 2.22122440e+01 5.98391037e+01
  endloop
 endfacet
 facet normal -5.15627801e-01 1.56468555e-01 -8.42404664e-01
  outer loop
   vertex 6.63630676e+01 1.82612724e+01 5.96386833e+01
   vertex 6.55932999e+01 1.89216442e+01 5.99031410e+01
   vertex 6.25335350e+01 2.22122440e+01 5.98391037e+01
  endloop
 endfacet
 facet normal -5.23279846e-01 1.47845536e-01 -8.39237690e-01
  outer loop
   vertex 6.55932999e+01 1.89216442e+01 5.99031410e+01
   vertex 6.46371765e+01 1.97418957e+01 6.02316208e+01
   vertex 6.25335350e+01 2.22122440e+01 5.98391037e+01
  endloop
 endfacet
 facet normal -9.34433281e-01 -7.37619624e-02 3.48415852e-01
  outer loop
   vertex 6.44148102e+01 1.96721554e+01 6.08574219e+01
   vertex 6.22593460e+01 2.19393272e+01 6.09877167e+01
   vertex 6.43398895e+01 1.97779827e+01 6.08074341e+01
  endloop
 endfacet
 facet normal -5.37668109e-01 1.47369981e-01 -8.30177724e-01
  outer loop
   vertex 6.46371765e+01 1.97418957e+01 6.02316208e+01
   vertex 6.45979614e+01 1.97765236e+01 6.02473450e+01
   vertex 6.25335350e+01 2.22122440e+01 5.98391037e+01
  endloop
 endfacet
 facet normal -6.65235460e-01 6.05295241e-01 -4.37126338e-01
  outer loop
   vertex 6.45979614e+01 1.97765236e+01 6.02473450e+01
   vertex 6.41193771e+01 2.01991215e+01 6.04391975e+01
   vertex 6.25335350e+01 2.22122440e+01 5.98391037e+01
  endloop
 endfacet
 facet normal -8.41522515e-01 4.33185399e-01 3.22785199e-01
  outer loop
   vertex 6.43398895e+01 1.97779827e+01 6.08074341e+01
   vertex 6.22593460e+01 2.19393272e+01 6.09877167e+01
   vertex 6.41193771e+01 2.01991215e+01 6.04391975e+01
  endloop
 endfacet
 facet normal -8.86075854e-01 4.61720228e-01 -4.10368927e-02
  outer loop
   vertex 6.22593460e+01 2.19393272e+01 6.09877167e+01
   vertex 6.25335350e+01 2.22122440e+01 5.98391037e+01
   vertex 6.41193771e+01 2.01991215e+01 6.04391975e+01
  endloop
 endfacet
 facet normal -8.05855036e-01 -1.95613921e-01 5.58867514e-01
  outer loop
   vertex 6.70034637e+01 1.67264805e+01 6.10060158e+01
   vertex 6.66765518e+01 1.64229393e+01 6.19120369e+01
   vertex 6.61106567e+01 1.73783188e+01 6.14532127e+01
  endloop
 endfacet
 facet normal -9.81261015e-01 -9.61072370e-02 1.67003751e-01
  outer loop
   vertex 6.66765518e+01 1.64229393e+01 6.19120369e+01
   vertex 6.20215874e+01 2.17125206e+01 6.20970879e+01
   vertex 6.61106567e+01 1.73783188e+01 6.14532127e+01
  endloop
 endfacet
 facet normal -7.70216882e-01 -2.16553241e-01 5.99892199e-01
  outer loop
   vertex 6.61106567e+01 1.73783188e+01 6.14532127e+01
   vertex 6.20215874e+01 2.17125206e+01 6.20970879e+01
   vertex 6.51284790e+01 1.84813824e+01 6.14167671e+01
  endloop
 endfacet
 facet normal -8.91935229e-01 -1.12753265e-01 4.37879235e-01
  outer loop
   vertex 6.51284790e+01 1.84813824e+01 6.14167671e+01
   vertex 6.20215874e+01 2.17125206e+01 6.20970879e+01
   vertex 6.44148102e+01 1.96721554e+01 6.08574219e+01
  endloop
 endfacet
 facet normal -9.98681545e-01 -1.05482778e-02 5.02382442e-02
  outer loop
   vertex 6.20215874e+01 2.17125206e+01 6.20970879e+01
   vertex 6.22593460e+01 2.19393272e+01 6.09877167e+01
   vertex 6.44148102e+01 1.96721554e+01 6.08574219e+01
  endloop
 endfacet
 facet normal -6.76738262e-01 2.89506793e-01 6.76912963e-01
  outer loop
   vertex 5.71032906e+01 8.17175770e+00 2.79352303e+01
   vertex 5.80796509e+01 8.99110031e+00 2.86986942e+01
   vertex 5.20951767e+01 1.41091194e+01 2.94849052e+01
  endloop
 endfacet
 facet normal -6.58877373e-01 2.93686926e-01 6.92552209e-01
  outer loop
   vertex 5.20951767e+01 1.41091194e+01 2.94849052e+01
   vertex 5.80796509e+01 8.99110031e+00 2.86986942e+01
   vertex 5.29445305e+01 1.48728981e+01 2.96750259e+01
  endloop
 endfacet
 facet normal -9.60515440e-01 1.23267233e-01 -2.49429882e-01
  outer loop
   vertex 6.66765518e+01 1.64229393e+01 6.19120369e+01
   vertex 6.63339539e+01 1.61345062e+01 6.28858337e+01
   vertex 6.20215874e+01 2.17125206e+01 6.20970879e+01
  endloop
 endfacet
 facet normal -9.59041774e-01 1.32971346e-01 -2.50114858e-01
  outer loop
   vertex 6.20215874e+01 2.17125206e+01 6.20970879e+01
   vertex 6.63339539e+01 1.61345062e+01 6.28858337e+01
   vertex 6.17985115e+01 2.15355701e+01 6.30013657e+01
  endloop
 endfacet
 facet normal -9.51557100e-01 1.42843619e-01 -2.72277087e-01
  outer loop
   vertex 6.15633240e+01 2.13707275e+01 6.39660721e+01
   vertex 6.17985115e+01 2.15355701e+01 6.30013657e+01
   vertex 6.60685425e+01 1.59476910e+01 6.36326447e+01
  endloop
 endfacet
 facet normal -9.56743777e-01 1.26891419e-01 -2.61801302e-01
  outer loop
   vertex 6.60685425e+01 1.59476910e+01 6.36326447e+01
   vertex 6.17985115e+01 2.15355701e+01 6.30013657e+01
   vertex 6.63339539e+01 1.61345062e+01 6.28858337e+01
  endloop
 endfacet
 facet normal -7.45693147e-01 5.74201234e-02 6.63810670e-01
  outer loop
   vertex 5.61321030e+01 7.34584379e+00 2.67584991e+01
   vertex 5.71032906e+01 8.17175770e+00 2.79352303e+01
   vertex 5.14547234e+01 1.35337667e+01 2.92687798e+01
  endloop
 endfacet
 facet normal -7.12367475e-01 2.22687617e-01 6.65539443e-01
  outer loop
   vertex 5.14547234e+01 1.35337667e+01 2.92687798e+01
   vertex 5.71032906e+01 8.17175770e+00 2.79352303e+01
   vertex 5.20951767e+01 1.41091194e+01 2.94849052e+01
  endloop
 endfacet
 facet normal -9.28314090e-01 1.71738148e-01 -3.29755992e-01
  outer loop
   vertex 6.12457085e+01 2.11780796e+01 6.48033524e+01
   vertex 6.15633240e+01 2.13707275e+01 6.39660721e+01
   vertex 6.58301849e+01 1.57276192e+01 6.42043076e+01
  endloop
 endfacet
 facet normal -9.45724308e-01 1.29016832e-01 -2.98261911e-01
  outer loop
   vertex 6.58301849e+01 1.57276192e+01 6.42043076e+01
   vertex 6.15633240e+01 2.13707275e+01 6.39660721e+01
   vertex 6.60685425e+01 1.59476910e+01 6.36326447e+01
  endloop
 endfacet
 facet normal -9.85712707e-01 -1.35901361e-03 -1.68429747e-01
  outer loop
   vertex 6.08109894e+01 2.09067001e+01 6.57571106e+01
   vertex 6.12457085e+01 2.11780796e+01 6.48033524e+01
   vertex 6.55243988e+01 1.54025307e+01 6.47493362e+01
  endloop
 endfacet
 facet normal -9.71897244e-01 9.60145891e-03 -2.35209510e-01
  outer loop
   vertex 6.55243988e+01 1.54025307e+01 6.47493362e+01
   vertex 6.12457085e+01 2.11780796e+01 6.48033524e+01
   vertex 6.58301849e+01 1.57276192e+01 6.42043076e+01
  endloop
 endfacet
 facet normal -8.00263703e-01 -3.56224030e-01 4.82371688e-01
  outer loop
   vertex 5.56491165e+01 5.69817972e+00 2.50116539e+01
   vertex 5.61321030e+01 7.34584379e+00 2.67584991e+01
   vertex 5.09283867e+01 1.30489178e+01 2.90172615e+01
  endloop
 endfacet
 facet normal -7.75618374e-01 -3.83220315e-02 6.30037725e-01
  outer loop
   vertex 5.09283867e+01 1.30489178e+01 2.90172615e+01
   vertex 5.61321030e+01 7.34584379e+00 2.67584991e+01
   vertex 5.14547234e+01 1.35337667e+01 2.92687798e+01
  endloop
 endfacet
 facet normal -9.61151004e-01 -1.74308687e-01 2.14021668e-01
  outer loop
   vertex 6.08109894e+01 2.09067001e+01 6.57571106e+01
   vertex 6.55243988e+01 1.54025307e+01 6.47493362e+01
   vertex 6.21573753e+01 1.90957222e+01 7.19728546e+01
  endloop
 endfacet
 facet normal -7.23189116e-01 -4.22812492e-01 5.46101749e-01
  outer loop
   vertex 6.21573753e+01 1.90957222e+01 7.19728546e+01
   vertex 6.55243988e+01 1.54025307e+01 6.47493362e+01
   vertex 6.73815918e+01 1.59640694e+01 7.14664307e+01
  endloop
 endfacet
 facet normal -8.50869179e-01 5.21872520e-01 -6.05868287e-02
  outer loop
   vertex 5.64785728e+01 1.19383095e+02 2.29026012e+01
   vertex 4.95770226e+01 1.14565559e+02 2.49868965e+01
   vertex 5.67517319e+01 1.17552185e+02 2.48774929e+01
  endloop
 endfacet
 facet normal -7.68818438e-01 3.73193920e-01 5.19273102e-01
  outer loop
   vertex 5.12938690e+01 1.14019066e+02 2.76156597e+01
   vertex 5.22344398e+01 1.14627937e+02 2.71437855e+01
   vertex 4.95770226e+01 1.14565559e+02 2.49868965e+01
  endloop
 endfacet
 facet normal -9.15785789e-01 3.99888128e-01 3.77608500e-02
  outer loop
   vertex 5.22344398e+01 1.14627937e+02 2.71437855e+01
   vertex 5.27462273e+01 1.15281357e+02 2.62089100e+01
   vertex 4.95770226e+01 1.14565559e+02 2.49868965e+01
  endloop
 endfacet
 facet normal -8.66934717e-01 3.22618842e-01 -3.79922718e-01
  outer loop
   vertex 5.27462273e+01 1.15281357e+02 2.62089100e+01
   vertex 5.37240639e+01 1.16036194e+02 2.54618702e+01
   vertex 4.95770226e+01 1.14565559e+02 2.49868965e+01
  endloop
 endfacet
 facet normal -4.41589773e-01 8.74655545e-01 1.99940354e-01
  outer loop
   vertex 5.59939804e+01 1.17061653e+02 2.52576523e+01
   vertex 5.67517319e+01 1.17552185e+02 2.48774929e+01
   vertex 5.49776459e+01 1.16697784e+02 2.51485214e+01
  endloop
 endfacet
 facet normal -8.31104100e-01 5.52059531e-01 -6.70537353e-02
  outer loop
   vertex 5.67517319e+01 1.17552185e+02 2.48774929e+01
   vertex 4.95770226e+01 1.14565559e+02 2.49868965e+01
   vertex 5.49776459e+01 1.16697784e+02 2.51485214e+01
  endloop
 endfacet
 facet normal -7.05373347e-01 4.93569732e-01 -5.08760631e-01
  outer loop
   vertex 5.37240639e+01 1.16036194e+02 2.54618702e+01
   vertex 5.49776459e+01 1.16697784e+02 2.51485214e+01
   vertex 4.95770226e+01 1.14565559e+02 2.49868965e+01
  endloop
 endfacet
 facet normal -8.46782506e-01 -6.64813295e-02 -5.27768552e-01
  outer loop
   vertex 4.93835335e+01 1.17722702e+01 2.28982658e+01
   vertex 5.56491165e+01 5.69817972e+00 2.50116539e+01
   vertex 4.90425148e+01 1.04383554e+01 2.36140976e+01
  endloop
 endfacet
 facet normal -7.10568368e-01 -6.06465459e-01 -3.56780350e-01
  outer loop
   vertex 4.90425148e+01 1.04383554e+01 2.36140976e+01
   vertex 5.56491165e+01 5.69817972e+00 2.50116539e+01
   vertex 5.48287888e+01 5.60649204e+00 2.38449898e+01
  endloop
 endfacet
 facet normal -8.59532416e-01 -3.15260410e-01 4.02262211e-01
  outer loop
   vertex 5.09283867e+01 1.30489178e+01 2.90172615e+01
   vertex 5.00138550e+01 1.21013956e+01 2.76519165e+01
   vertex 5.56491165e+01 5.69817972e+00 2.50116539e+01
  endloop
 endfacet
 facet normal -7.52276063e-01 -6.58803582e-01 -7.65300402e-03
  outer loop
   vertex 5.56491165e+01 5.69817972e+00 2.50116539e+01
   vertex 5.00138550e+01 1.21013956e+01 2.76519165e+01
   vertex 5.48287888e+01 5.60649204e+00 2.38449898e+01
  endloop
 endfacet
 facet normal -9.54552531e-01 2.60922998e-01 1.44043773e-01
  outer loop
   vertex 5.09283867e+01 1.30489178e+01 2.90172615e+01
   vertex 4.93835335e+01 1.17722702e+01 2.28982658e+01
   vertex 5.00138550e+01 1.21013956e+01 2.76519165e+01
  endloop
 endfacet
 facet normal -9.08641577e-01 1.98102668e-01 -3.67594630e-01
  outer loop
   vertex 5.00138550e+01 1.21013956e+01 2.76519165e+01
   vertex 4.93835335e+01 1.17722702e+01 2.28982658e+01
   vertex 4.90425148e+01 1.04383554e+01 2.36140976e+01
  endloop
 endfacet
 facet normal 2.71441221e-01 -9.40848053e-01 2.02792108e-01
  outer loop
   vertex 5.38424149e+01 1.12797409e+02 3.28789825e+01
   vertex 5.32852707e+01 1.12299675e+02 3.16468143e+01
   vertex 5.55405426e+01 1.13889458e+02 3.11882458e+01
  endloop
 endfacet
 facet normal 7.29999423e-01 -6.73105121e-01 -1.18449554e-01
  outer loop
   vertex 5.55405426e+01 1.13889458e+02 3.11882458e+01
   vertex 5.32852707e+01 1.12299675e+02 3.16468143e+01
   vertex 5.53019524e+01 1.13676308e+02 3.06606159e+01
  endloop
 endfacet
 facet normal 2.52432972e-01 -9.63037908e-01 9.39981118e-02
  outer loop
   vertex 5.32852707e+01 1.12299675e+02 3.16468143e+01
   vertex 5.30733986e+01 1.12037621e+02 3.02458248e+01
   vertex 5.53019524e+01 1.13676308e+02 3.06606159e+01
  endloop
 endfacet
 facet normal 7.64565051e-01 -6.42725289e-01 -4.84198891e-02
  outer loop
   vertex 5.53019524e+01 1.13676308e+02 3.06606159e+01
   vertex 5.30733986e+01 1.12037621e+02 3.02458248e+01
   vertex 5.52112236e+01 1.13564095e+02 3.00606785e+01
  endloop
 endfacet
 facet normal 2.62011647e-01 -9.64892566e-01 -1.82269346e-02
  outer loop
   vertex 5.30733986e+01 1.12037621e+02 3.02458248e+01
   vertex 5.32274971e+01 1.12036896e+02 2.88131485e+01
   vertex 5.52112236e+01 1.13564095e+02 3.00606785e+01
  endloop
 endfacet
 facet normal 7.79326737e-01 -6.25784338e-01 3.23080234e-02
  outer loop
   vertex 5.52112236e+01 1.13564095e+02 3.00606785e+01
   vertex 5.32274971e+01 1.12036896e+02 2.88131485e+01
   vertex 5.52772064e+01 1.13563782e+02 2.94471722e+01
  endloop
 endfacet
 facet normal 2.99230307e-01 -9.46233571e-01 -1.22895360e-01
  outer loop
   vertex 5.32274971e+01 1.12036896e+02 2.88131485e+01
   vertex 5.37325058e+01 1.12297562e+02 2.74890022e+01
   vertex 5.52772064e+01 1.13563782e+02 2.94471722e+01
  endloop
 endfacet
 facet normal 7.72833824e-01 -6.23946726e-01 1.15837581e-01
  outer loop
   vertex 5.52772064e+01 1.13563782e+02 2.94471722e+01
   vertex 5.37325058e+01 1.12297562e+02 2.74890022e+01
   vertex 5.54934731e+01 1.13675407e+02 2.88801632e+01
  endloop
 endfacet
 facet normal 4.89669025e-01 -8.64689529e-01 1.11965291e-01
  outer loop
   vertex 5.37325058e+01 1.12297562e+02 2.74890022e+01
   vertex 5.38795471e+01 1.12388100e+02 2.72909966e+01
   vertex 5.54934731e+01 1.13675407e+02 2.88801632e+01
  endloop
 endfacet
 facet normal 6.85258925e-01 -5.52570581e-01 4.74432230e-01
  outer loop
   vertex 5.38795471e+01 1.12388100e+02 2.72909966e+01
   vertex 5.48058968e+01 1.13018745e+02 2.68161736e+01
   vertex 5.54934731e+01 1.13675407e+02 2.88801632e+01
  endloop
 endfacet
 facet normal 7.63967991e-01 -3.23920727e-01 5.58057547e-01
  outer loop
   vertex 5.48058968e+01 1.13018745e+02 2.68161736e+01
   vertex 5.58388214e+01 1.13888046e+02 2.84151134e+01
   vertex 5.54934731e+01 1.13675407e+02 2.88801632e+01
  endloop
 endfacet
 facet normal 6.67424500e-01 -3.78169566e-01 6.41507864e-01
  outer loop
   vertex 5.62794685e+01 1.14180885e+02 2.80975838e+01
   vertex 5.58388214e+01 1.13888046e+02 2.84151134e+01
   vertex 5.57620926e+01 1.13669708e+02 2.63260479e+01
  endloop
 endfacet
 facet normal 6.66931331e-01 -3.63309592e-01 6.50545001e-01
  outer loop
   vertex 5.57620926e+01 1.13669708e+02 2.63260479e+01
   vertex 5.58388214e+01 1.13888046e+02 2.84151134e+01
   vertex 5.48058968e+01 1.13018745e+02 2.68161736e+01
  endloop
 endfacet
 facet normal 5.61634183e-01 -4.36099708e-01 7.03124523e-01
  outer loop
   vertex 5.67288704e+01 1.14327888e+02 2.58304958e+01
   vertex 5.67722702e+01 1.14525238e+02 2.79586353e+01
   vertex 5.57620926e+01 1.13669708e+02 2.63260479e+01
  endloop
 endfacet
 facet normal 5.61801672e-01 -4.50734705e-01 6.93698168e-01
  outer loop
   vertex 5.57620926e+01 1.13669708e+02 2.63260479e+01
   vertex 5.67722702e+01 1.14525238e+02 2.79586353e+01
   vertex 5.62794685e+01 1.14180885e+02 2.80975838e+01
  endloop
 endfacet
 facet normal 6.78168476e-01 -7.34631121e-01 2.01168172e-02
  outer loop
   vertex 5.78787918e+01 1.15127907e+02 2.54613705e+01
   vertex 5.72689972e+01 1.14887436e+02 2.80118809e+01
   vertex 5.75233459e+01 1.14868744e+02 2.54232693e+01
  endloop
 endfacet
 facet normal 6.08866155e-01 -6.04580104e-01 5.13580441e-01
  outer loop
   vertex 5.75233459e+01 1.14868744e+02 2.54232693e+01
   vertex 5.72689972e+01 1.14887436e+02 2.80118809e+01
   vertex 5.67288704e+01 1.14327888e+02 2.58304958e+01
  endloop
 endfacet
 facet normal 4.54293340e-01 -5.36706626e-01 7.11029947e-01
  outer loop
   vertex 5.72689972e+01 1.14887436e+02 2.80118809e+01
   vertex 5.67722702e+01 1.14525238e+02 2.79586353e+01
   vertex 5.67288704e+01 1.14327888e+02 2.58304958e+01
  endloop
 endfacet
 facet normal 4.79643106e-01 -8.70330334e-01 -1.11658335e-01
  outer loop
   vertex 5.78787918e+01 1.15127907e+02 2.54613705e+01
   vertex 5.84134979e+01 1.15535500e+02 2.57455444e+01
   vertex 5.72689972e+01 1.14887436e+02 2.80118809e+01
  endloop
 endfacet
 facet normal 1.61053985e-01 -9.47367907e-01 2.76686937e-01
  outer loop
   vertex 5.84134979e+01 1.15535500e+02 2.57455444e+01
   vertex 5.86562538e+01 1.15771973e+02 2.65334339e+01
   vertex 5.72689972e+01 1.14887436e+02 2.80118809e+01
  endloop
 endfacet
 facet normal 9.13446471e-02 -8.21316540e-01 5.63112140e-01
  outer loop
   vertex 5.86562538e+01 1.15771973e+02 2.65334339e+01
   vertex 5.77210236e+01 1.15231979e+02 2.82521114e+01
   vertex 5.72689972e+01 1.14887436e+02 2.80118809e+01
  endloop
 endfacet
 facet normal -3.90195311e-03 -8.78247082e-01 4.78191227e-01
  outer loop
   vertex 5.80840683e+01 1.15525169e+02 2.86557999e+01
   vertex 5.77210236e+01 1.15231979e+02 2.82521114e+01
   vertex 5.90223312e+01 1.16128571e+02 2.77216187e+01
  endloop
 endfacet
 facet normal -5.31411543e-02 -9.01730001e-01 4.29021060e-01
  outer loop
   vertex 5.90223312e+01 1.16128571e+02 2.77216187e+01
   vertex 5.77210236e+01 1.15231979e+02 2.82521114e+01
   vertex 5.86562538e+01 1.15771973e+02 2.65334339e+01
  endloop
 endfacet
 facet normal -7.21676871e-02 -9.27109241e-01 3.67777467e-01
  outer loop
   vertex 5.83226357e+01 1.15738312e+02 2.91834087e+01
   vertex 5.80840683e+01 1.15525169e+02 2.86557999e+01
   vertex 5.93221283e+01 1.16420586e+02 2.86946392e+01
  endloop
 endfacet
 facet normal -9.35615227e-02 -9.21557426e-01 3.76799881e-01
  outer loop
   vertex 5.93221283e+01 1.16420586e+02 2.86946392e+01
   vertex 5.80840683e+01 1.15525169e+02 2.86557999e+01
   vertex 5.90223312e+01 1.16128571e+02 2.77216187e+01
  endloop
 endfacet
 facet normal -1.31088063e-01 -9.59568918e-01 2.49085084e-01
  outer loop
   vertex 5.96252403e+01 1.16715843e+02 2.96784019e+01
   vertex 5.84133949e+01 1.15850540e+02 2.97833691e+01
   vertex 5.93221283e+01 1.16420586e+02 2.86946392e+01
  endloop
 endfacet
 facet normal -1.09609902e-01 -9.64588583e-01 2.39905208e-01
  outer loop
   vertex 5.93221283e+01 1.16420586e+02 2.86946392e+01
   vertex 5.84133949e+01 1.15850540e+02 2.97833691e+01
   vertex 5.83226357e+01 1.15738312e+02 2.91834087e+01
  endloop
 endfacet
 facet normal -1.25605658e-01 -9.75191593e-01 1.82276040e-01
  outer loop
   vertex 6.00045395e+01 1.17085304e+02 3.09094696e+01
   vertex 5.83473892e+01 1.15850853e+02 3.03968620e+01
   vertex 5.96252403e+01 1.16715843e+02 2.96784019e+01
  endloop
 endfacet
 facet normal -1.13663845e-01 -9.88145590e-01 1.03193082e-01
  outer loop
   vertex 5.96252403e+01 1.16715843e+02 2.96784019e+01
   vertex 5.83473892e+01 1.15850853e+02 3.03968620e+01
   vertex 5.84133949e+01 1.15850540e+02 2.97833691e+01
  endloop
 endfacet
 facet normal 5.91648519e-01 -7.56644309e-01 2.78282851e-01
  outer loop
   vertex 5.98920975e+01 1.17117065e+02 3.23550339e+01
   vertex 5.81311455e+01 1.15739235e+02 3.09638844e+01
   vertex 6.02006569e+01 1.17276337e+02 3.15460052e+01
  endloop
 endfacet
 facet normal 1.38176978e-01 -9.68549252e-01 2.06928760e-01
  outer loop
   vertex 6.02006569e+01 1.17276337e+02 3.15460052e+01
   vertex 5.81311455e+01 1.15739235e+02 3.09638844e+01
   vertex 6.00045395e+01 1.17085304e+02 3.09094696e+01
  endloop
 endfacet
 facet normal -8.29715878e-02 -9.96003151e-01 -3.30668688e-02
  outer loop
   vertex 5.81311455e+01 1.15739235e+02 3.09638844e+01
   vertex 5.83473892e+01 1.15850853e+02 3.03968620e+01
   vertex 6.00045395e+01 1.17085304e+02 3.09094696e+01
  endloop
 endfacet
 facet normal 7.28391528e-01 -6.01738095e-01 3.27653825e-01
  outer loop
   vertex 5.98920975e+01 1.17117065e+02 3.23550339e+01
   vertex 5.90856133e+01 1.16620514e+02 3.34410248e+01
   vertex 5.81311455e+01 1.15739235e+02 3.09638844e+01
  endloop
 endfacet
 facet normal 3.78750235e-01 -9.22675610e-01 -7.22353235e-02
  outer loop
   vertex 5.81311455e+01 1.15739235e+02 3.09638844e+01
   vertex 5.90856133e+01 1.16620514e+02 3.34410248e+01
   vertex 5.77857780e+01 1.15526588e+02 3.14289303e+01
  endloop
 endfacet
 facet normal 6.49162233e-01 -6.54120207e-01 3.88220519e-01
  outer loop
   vertex 5.90856133e+01 1.16620514e+02 3.34410248e+01
   vertex 5.80566063e+01 1.15936676e+02 3.41825409e+01
   vertex 5.77857780e+01 1.15526588e+02 3.14289303e+01
  endloop
 endfacet
 facet normal 4.23814833e-01 -8.95273566e-01 -1.37354493e-01
  outer loop
   vertex 5.77857780e+01 1.15526588e+02 3.14289303e+01
   vertex 5.80566063e+01 1.15936676e+02 3.41825409e+01
   vertex 5.73451271e+01 1.15233749e+02 3.17464581e+01
  endloop
 endfacet
 facet normal 5.59680581e-01 -7.16407239e-01 4.16555375e-01
  outer loop
   vertex 5.80566063e+01 1.15936676e+02 3.41825409e+01
   vertex 5.69057884e+01 1.15132515e+02 3.45070000e+01
   vertex 5.73451271e+01 1.15233749e+02 3.17464581e+01
  endloop
 endfacet
 facet normal 4.82434243e-01 -8.56589079e-01 -1.83063671e-01
  outer loop
   vertex 5.73451271e+01 1.15233749e+02 3.17464581e+01
   vertex 5.69057884e+01 1.15132515e+02 3.45070000e+01
   vertex 5.68523293e+01 1.14889389e+02 3.18854008e+01
  endloop
 endfacet
 facet normal 4.68707174e-01 -7.82498240e-01 4.09890324e-01
  outer loop
   vertex 5.69057884e+01 1.15132515e+02 3.45070000e+01
   vertex 5.57458344e+01 1.14286720e+02 3.43826828e+01
   vertex 5.68523293e+01 1.14889389e+02 3.18854008e+01
  endloop
 endfacet
 facet normal 5.48862934e-01 -8.10411513e-01 -2.04896629e-01
  outer loop
   vertex 5.68523293e+01 1.14889389e+02 3.18854008e+01
   vertex 5.57458344e+01 1.14286720e+02 3.43826828e+01
   vertex 5.63556137e+01 1.14527206e+02 3.18321457e+01
  endloop
 endfacet
 facet normal 3.85140002e-01 -8.45934033e-01 3.68866891e-01
  outer loop
   vertex 5.57458344e+01 1.14286720e+02 3.43826828e+01
   vertex 5.46902466e+01 1.13482094e+02 3.38216896e+01
   vertex 5.63556137e+01 1.14527206e+02 3.18321457e+01
  endloop
 endfacet
 facet normal 6.16596639e-01 -7.61263967e-01 -2.00713098e-01
  outer loop
   vertex 5.63556137e+01 1.14527206e+02 3.18321457e+01
   vertex 5.46902466e+01 1.13482094e+02 3.38216896e+01
   vertex 5.59036026e+01 1.14182655e+02 3.15919437e+01
  endloop
 endfacet
 facet normal 3.17166954e-01 -9.00496542e-01 2.97508180e-01
  outer loop
   vertex 5.46902466e+01 1.13482094e+02 3.38216896e+01
   vertex 5.38424149e+01 1.12797409e+02 3.28789825e+01
   vertex 5.59036026e+01 1.14182655e+02 3.15919437e+01
  endloop
 endfacet
 facet normal 6.79015636e-01 -7.13948607e-01 -1.70924351e-01
  outer loop
   vertex 5.59036026e+01 1.14182655e+02 3.15919437e+01
   vertex 5.38424149e+01 1.12797409e+02 3.28789825e+01
   vertex 5.55405426e+01 1.13889458e+02 3.11882458e+01
  endloop
 endfacet
 facet normal -8.33532810e-01 -1.97947174e-01 5.15790641e-01
  outer loop
   vertex 5.13282661e+01 1.16285446e+02 3.26067810e+01
   vertex 5.07711296e+01 1.15787704e+02 3.13746281e+01
   vertex 5.38424149e+01 1.12797409e+02 3.28789825e+01
  endloop
 endfacet
 facet normal -5.29878020e-01 -7.08113670e-01 4.66695100e-01
  outer loop
   vertex 5.38424149e+01 1.12797409e+02 3.28789825e+01
   vertex 5.07711296e+01 1.15787704e+02 3.13746281e+01
   vertex 5.32852707e+01 1.12299675e+02 3.16468143e+01
  endloop
 endfacet
 facet normal -9.26298916e-01 -2.85912782e-01 2.45406121e-01
  outer loop
   vertex 5.07711296e+01 1.15787704e+02 3.13746281e+01
   vertex 5.05592499e+01 1.15525658e+02 2.99736233e+01
   vertex 5.32852707e+01 1.12299675e+02 3.16468143e+01
  endloop
 endfacet
 facet normal -5.98493576e-01 -7.79593110e-01 1.84499353e-01
  outer loop
   vertex 5.32852707e+01 1.12299675e+02 3.16468143e+01
   vertex 5.05592499e+01 1.15525658e+02 2.99736233e+01
   vertex 5.30733986e+01 1.12037621e+02 3.02458248e+01
  endloop
 endfacet
 facet normal -9.45161998e-01 -3.22624624e-01 -5.08152246e-02
  outer loop
   vertex 5.05592499e+01 1.15525658e+02 2.99736233e+01
   vertex 5.07133675e+01 1.15524933e+02 2.85409431e+01
   vertex 5.30733986e+01 1.12037621e+02 3.02458248e+01
  endloop
 endfacet
 facet normal -5.91755748e-01 -7.98024714e-01 -1.13937348e-01
  outer loop
   vertex 5.30733986e+01 1.12037621e+02 3.02458248e+01
   vertex 5.07133675e+01 1.15524933e+02 2.85409431e+01
   vertex 5.32274971e+01 1.12036896e+02 2.88131485e+01
  endloop
 endfacet
 facet normal -8.88276577e-01 -3.04491878e-01 -3.43874067e-01
  outer loop
   vertex 5.07133675e+01 1.15524933e+02 2.85409431e+01
   vertex 5.12183762e+01 1.15785599e+02 2.72167969e+01
   vertex 5.32274971e+01 1.12036896e+02 2.88131485e+01
  endloop
 endfacet
 facet normal -5.10323465e-01 -7.61608243e-01 -3.99403065e-01
  outer loop
   vertex 5.32274971e+01 1.12036896e+02 2.88131485e+01
   vertex 5.12183762e+01 1.15785599e+02 2.72167969e+01
   vertex 5.37325058e+01 1.12297562e+02 2.74890022e+01
  endloop
 endfacet
 facet normal -1.59187675e-01 -9.67984378e-01 1.94076210e-01
  outer loop
   vertex 5.38795471e+01 1.12388100e+02 2.72909966e+01
   vertex 5.37325058e+01 1.12297562e+02 2.74890022e+01
   vertex 5.31400261e+01 1.13395874e+02 2.72241611e+01
  endloop
 endfacet
 facet normal -8.00318599e-01 -5.92279732e-01 -9.32460576e-02
  outer loop
   vertex 5.37325058e+01 1.12297562e+02 2.74890022e+01
   vertex 5.12183762e+01 1.15785599e+02 2.72167969e+01
   vertex 5.31400261e+01 1.13395874e+02 2.72241611e+01
  endloop
 endfacet
 facet normal -9.26154017e-01 1.26584753e-01 3.55267614e-01
  outer loop
   vertex 5.31400261e+01 1.13395874e+02 2.72241611e+01
   vertex 5.12183762e+01 1.15785599e+02 2.72167969e+01
   vertex 5.22344398e+01 1.14627937e+02 2.71437855e+01
  endloop
 endfacet
 facet normal -8.98219228e-01 4.06270921e-01 -1.67768076e-01
  outer loop
   vertex 5.12183762e+01 1.15785599e+02 2.72167969e+01
   vertex 5.20248528e+01 1.16282166e+02 2.61308060e+01
   vertex 5.22344398e+01 1.14627937e+02 2.71437855e+01
  endloop
 endfacet
 facet normal -8.86892736e-01 4.45551634e-01 -1.22085951e-01
  outer loop
   vertex 5.20248528e+01 1.16282166e+02 2.61308060e+01
   vertex 5.27462273e+01 1.15281357e+02 2.62089100e+01
   vertex 5.22344398e+01 1.14627937e+02 2.71437855e+01
  endloop
 endfacet
 facet normal -7.90252507e-01 3.38082403e-01 -5.11078537e-01
  outer loop
   vertex 5.27462273e+01 1.15281357e+02 2.62089100e+01
   vertex 5.20248528e+01 1.16282166e+02 2.61308060e+01
   vertex 5.37240639e+01 1.16036194e+02 2.54618702e+01
  endloop
 endfacet
 facet normal -6.78743124e-01 3.59847307e-01 -6.40170038e-01
  outer loop
   vertex 5.37240639e+01 1.16036194e+02 2.54618702e+01
   vertex 5.20248528e+01 1.16282166e+02 2.61308060e+01
   vertex 5.30538750e+01 1.16965988e+02 2.53893147e+01
  endloop
 endfacet
 facet normal -5.62306523e-01 4.41244304e-01 -6.99367464e-01
  outer loop
   vertex 5.30538750e+01 1.16965988e+02 2.53893147e+01
   vertex 5.42046776e+01 1.17770164e+02 2.50648384e+01
   vertex 5.37240639e+01 1.16036194e+02 2.54618702e+01
  endloop
 endfacet
 facet normal -4.77424979e-01 5.65129936e-01 -6.72825038e-01
  outer loop
   vertex 5.37240639e+01 1.16036194e+02 2.54618702e+01
   vertex 5.42046776e+01 1.17770164e+02 2.50648384e+01
   vertex 5.49776459e+01 1.16697784e+02 2.51485214e+01
  endloop
 endfacet
 facet normal 6.03768110e-01 -2.60785311e-01 -7.53296196e-01
  outer loop
   vertex 5.78787918e+01 1.15127907e+02 2.54613705e+01
   vertex 5.75233459e+01 1.14868744e+02 2.54232693e+01
   vertex 5.53646431e+01 1.18615944e+02 2.51891689e+01
  endloop
 endfacet
 facet normal 7.97103703e-01 3.18120748e-01 -5.13249397e-01
  outer loop
   vertex 5.75233459e+01 1.14868744e+02 2.54232693e+01
   vertex 5.68782234e+01 1.15792404e+02 2.53534107e+01
   vertex 5.53646431e+01 1.18615944e+02 2.51891689e+01
  endloop
 endfacet
 facet normal 2.40405202e-01 9.42439854e-01 -2.32405856e-01
  outer loop
   vertex 5.68782234e+01 1.15792404e+02 2.53534107e+01
   vertex 5.59939804e+01 1.17061653e+02 2.52576523e+01
   vertex 5.53646431e+01 1.18615944e+02 2.51891689e+01
  endloop
 endfacet
 facet normal -2.87396431e-01 8.33089769e-01 -4.72614825e-01
  outer loop
   vertex 5.53646431e+01 1.18615944e+02 2.51891689e+01
   vertex 5.59939804e+01 1.17061653e+02 2.52576523e+01
   vertex 5.42046776e+01 1.17770164e+02 2.50648384e+01
  endloop
 endfacet
 facet normal -3.25187296e-01 8.51662993e-01 -4.11002845e-01
  outer loop
   vertex 5.59939804e+01 1.17061653e+02 2.52576523e+01
   vertex 5.49776459e+01 1.16697784e+02 2.51485214e+01
   vertex 5.42046776e+01 1.17770164e+02 2.50648384e+01
  endloop
 endfacet
 facet normal 3.17607999e-01 -3.91962320e-01 -8.63418043e-01
  outer loop
   vertex 5.78787918e+01 1.15127907e+02 2.54613705e+01
   vertex 5.53646431e+01 1.18615944e+02 2.51891689e+01
   vertex 5.84134979e+01 1.15535500e+02 2.57455444e+01
  endloop
 endfacet
 facet normal -2.59669423e-01 -3.64996672e-01 -8.94063354e-01
  outer loop
   vertex 5.84134979e+01 1.15535500e+02 2.57455444e+01
   vertex 5.53646431e+01 1.18615944e+02 2.51891689e+01
   vertex 5.78077240e+01 1.16458794e+02 2.56962700e+01
  endloop
 endfacet
 facet normal -5.38464963e-01 -7.98963681e-02 -8.38851631e-01
  outer loop
   vertex 5.78077240e+01 1.16458794e+02 2.56962700e+01
   vertex 5.53646431e+01 1.18615944e+02 2.51891689e+01
   vertex 5.77837563e+01 1.16495613e+02 2.56943741e+01
  endloop
 endfacet
 facet normal -6.88347280e-01 1.18170403e-01 -7.15691090e-01
  outer loop
   vertex 5.77837563e+01 1.16495613e+02 2.56943741e+01
   vertex 5.53646431e+01 1.18615944e+02 2.51891689e+01
   vertex 5.69872704e+01 1.17781364e+02 2.56437111e+01
  endloop
 endfacet
 facet normal -6.26133502e-01 4.27133262e-01 -6.52314365e-01
  outer loop
   vertex 5.69872704e+01 1.17781364e+02 2.56437111e+01
   vertex 5.53646431e+01 1.18615944e+02 2.51891689e+01
   vertex 5.70259895e+01 1.17892952e+02 2.56804485e+01
  endloop
 endfacet
 facet normal -4.49686557e-01 5.27627528e-01 -7.20688045e-01
  outer loop
   vertex 5.70259895e+01 1.17892952e+02 2.56804485e+01
   vertex 5.53646431e+01 1.18615944e+02 2.51891689e+01
   vertex 5.70340996e+01 1.17912018e+02 2.56872940e+01
  endloop
 endfacet
 facet normal -4.39080447e-01 5.30271530e-01 -7.25272655e-01
  outer loop
   vertex 5.70340996e+01 1.17912018e+02 2.56872940e+01
   vertex 5.53646431e+01 1.18615944e+02 2.51891689e+01
   vertex 5.70470772e+01 1.17942513e+02 2.56982479e+01
  endloop
 endfacet
 facet normal -4.38947618e-01 5.30351818e-01 -7.25294352e-01
  outer loop
   vertex 5.70470772e+01 1.17942513e+02 2.56982479e+01
   vertex 5.53646431e+01 1.18615944e+02 2.51891689e+01
   vertex 5.71274147e+01 1.18131325e+02 2.57660618e+01
  endloop
 endfacet
 facet normal -3.32394958e-01 6.07254207e-01 -7.21634209e-01
  outer loop
   vertex 5.72098579e+01 1.18325066e+02 2.58356304e+01
   vertex 5.71274147e+01 1.18131325e+02 2.57660618e+01
   vertex 5.64202156e+01 1.19420578e+02 2.57501316e+01
  endloop
 endfacet
 facet normal -2.78489828e-01 6.28060043e-01 -7.26625025e-01
  outer loop
   vertex 5.71274147e+01 1.18131325e+02 2.57660618e+01
   vertex 5.53646431e+01 1.18615944e+02 2.51891689e+01
   vertex 5.64202156e+01 1.19420578e+02 2.57501316e+01
  endloop
 endfacet
 facet normal -2.01239184e-01 7.06167102e-01 -6.78845227e-01
  outer loop
   vertex 5.72098579e+01 1.18325066e+02 2.58356304e+01
   vertex 5.64202156e+01 1.19420578e+02 2.57501316e+01
   vertex 5.77701569e+01 1.19408661e+02 2.67472191e+01
  endloop
 endfacet
 facet normal -4.41001840e-02 8.01004708e-01 -5.97031534e-01
  outer loop
   vertex 5.77701569e+01 1.19408661e+02 2.67472191e+01
   vertex 5.64202156e+01 1.19420578e+02 2.57501316e+01
   vertex 5.72680588e+01 1.20105255e+02 2.66928577e+01
  endloop
 endfacet
 facet normal -2.60530114e-02 8.82471800e-01 -4.69643235e-01
  outer loop
   vertex 5.77701569e+01 1.19408661e+02 2.67472191e+01
   vertex 5.72680588e+01 1.20105255e+02 2.66928577e+01
   vertex 5.82288017e+01 1.20043045e+02 2.79687061e+01
  endloop
 endfacet
 facet normal 8.69616270e-02 9.23147500e-01 -3.74481410e-01
  outer loop
   vertex 5.82288017e+01 1.20043045e+02 2.79687061e+01
   vertex 5.72680588e+01 1.20105255e+02 2.66928577e+01
   vertex 5.78251991e+01 1.20602989e+02 2.79250088e+01
  endloop
 endfacet
 facet normal 3.63730676e-02 9.99264956e-01 -1.21070649e-02
  outer loop
   vertex 5.85408897e+01 1.20166069e+02 2.93805447e+01
   vertex 5.84151840e+01 1.20116516e+02 2.88118591e+01
   vertex 5.80370712e+01 1.20865044e+02 2.93259983e+01
  endloop
 endfacet
 facet normal 8.07258859e-02 9.83925283e-01 -1.59293368e-01
  outer loop
   vertex 5.80370712e+01 1.20865044e+02 2.93259983e+01
   vertex 5.84151840e+01 1.20116516e+02 2.88118591e+01
   vertex 5.78251991e+01 1.20602989e+02 2.79250088e+01
  endloop
 endfacet
 facet normal 1.09439380e-02 9.75363851e-01 -2.20330641e-01
  outer loop
   vertex 5.82288017e+01 1.20043045e+02 2.79687061e+01
   vertex 5.78251991e+01 1.20602989e+02 2.79250088e+01
   vertex 5.84151840e+01 1.20116516e+02 2.88118591e+01
  endloop
 endfacet
 facet normal -8.85124411e-03 9.48397517e-01 3.16960245e-01
  outer loop
   vertex 5.86958351e+01 1.19738052e+02 3.08466911e+01
   vertex 5.86337547e+01 1.19890671e+02 3.03876457e+01
   vertex 5.78829727e+01 1.20865768e+02 3.07586765e+01
  endloop
 endfacet
 facet normal 7.76879713e-02 9.90638793e-01 1.12246767e-01
  outer loop
   vertex 5.78829727e+01 1.20865768e+02 3.07586765e+01
   vertex 5.86337547e+01 1.19890671e+02 3.03876457e+01
   vertex 5.80370712e+01 1.20865044e+02 2.93259983e+01
  endloop
 endfacet
 facet normal -2.82469522e-02 9.86761808e-01 1.59697518e-01
  outer loop
   vertex 5.86337547e+01 1.19890671e+02 3.03876457e+01
   vertex 5.86196213e+01 1.19932556e+02 3.02344627e+01
   vertex 5.80370712e+01 1.20865044e+02 2.93259983e+01
  endloop
 endfacet
 facet normal -1.59068611e-02 9.87873137e-01 1.54446334e-01
  outer loop
   vertex 5.86196213e+01 1.19932556e+02 3.02344627e+01
   vertex 5.85990372e+01 1.19993622e+02 3.00111580e+01
   vertex 5.80370712e+01 1.20865044e+02 2.93259983e+01
  endloop
 endfacet
 facet normal 4.20286171e-02 9.94182467e-01 9.91709232e-02
  outer loop
   vertex 5.85408897e+01 1.20166069e+02 2.93805447e+01
   vertex 5.80370712e+01 1.20865044e+02 2.93259983e+01
   vertex 5.85990372e+01 1.19993622e+02 3.00111580e+01
  endloop
 endfacet
 facet normal 7.53999710e-01 5.08163758e-02 6.54906213e-01
  outer loop
   vertex 5.98920975e+01 1.17117065e+02 3.23550339e+01
   vertex 6.02006569e+01 1.17276337e+02 3.15460052e+01
   vertex 5.73779602e+01 1.20605118e+02 3.20828362e+01
  endloop
 endfacet
 facet normal 2.80795842e-01 1.74757659e-01 9.43723202e-01
  outer loop
   vertex 6.02006569e+01 1.17276337e+02 3.15460052e+01
   vertex 5.95792503e+01 1.18172134e+02 3.14304256e+01
   vertex 5.73779602e+01 1.20605118e+02 3.20828362e+01
  endloop
 endfacet
 facet normal -1.69201307e-02 4.28487569e-01 9.03389215e-01
  outer loop
   vertex 5.95792503e+01 1.18172134e+02 3.14304256e+01
   vertex 5.93515549e+01 1.18501350e+02 3.13866577e+01
   vertex 5.73779602e+01 1.20605118e+02 3.20828362e+01
  endloop
 endfacet
 facet normal -2.27642566e-01 5.55222511e-01 7.99941778e-01
  outer loop
   vertex 5.93515549e+01 1.18501350e+02 3.13866577e+01
   vertex 5.87060738e+01 1.19453751e+02 3.12351761e+01
   vertex 5.73779602e+01 1.20605118e+02 3.20828362e+01
  endloop
 endfacet
 facet normal -1.98948979e-01 7.99190819e-01 5.67197800e-01
  outer loop
   vertex 5.87060738e+01 1.19453751e+02 3.12351761e+01
   vertex 5.86958351e+01 1.19738052e+02 3.08466911e+01
   vertex 5.73779602e+01 1.20605118e+02 3.20828362e+01
  endloop
 endfacet
 facet normal 8.06635842e-02 9.38488841e-01 3.35756063e-01
  outer loop
   vertex 5.86958351e+01 1.19738052e+02 3.08466911e+01
   vertex 5.78829727e+01 1.20865768e+02 3.07586765e+01
   vertex 5.73779602e+01 1.20605118e+02 3.20828362e+01
  endloop
 endfacet
 facet normal 4.18581694e-01 7.08638072e-01 5.67997754e-01
  outer loop
   vertex 5.73779602e+01 1.20605118e+02 3.20828362e+01
   vertex 5.65714836e+01 1.20108543e+02 3.31688042e+01
   vertex 5.98920975e+01 1.17117065e+02 3.23550339e+01
  endloop
 endfacet
 facet normal 7.04793453e-01 1.98553935e-01 6.81059897e-01
  outer loop
   vertex 5.98920975e+01 1.17117065e+02 3.23550339e+01
   vertex 5.65714836e+01 1.20108543e+02 3.31688042e+01
   vertex 5.90856133e+01 1.16620514e+02 3.34410248e+01
  endloop
 endfacet
 facet normal 2.33770773e-01 5.91333628e-01 7.71800339e-01
  outer loop
   vertex 5.65714836e+01 1.20108543e+02 3.31688042e+01
   vertex 5.55424652e+01 1.19424721e+02 3.39103355e+01
   vertex 5.90856133e+01 1.16620514e+02 3.34410248e+01
  endloop
 endfacet
 facet normal 5.04416108e-01 6.81484044e-02 8.60767186e-01
  outer loop
   vertex 5.90856133e+01 1.16620514e+02 3.34410248e+01
   vertex 5.55424652e+01 1.19424721e+02 3.39103355e+01
   vertex 5.80566063e+01 1.15936676e+02 3.41825409e+01
  endloop
 endfacet
 facet normal 9.30707622e-03 4.39408332e-01 8.98239195e-01
  outer loop
   vertex 5.55424652e+01 1.19424721e+02 3.39103355e+01
   vertex 5.43916588e+01 1.18620544e+02 3.42347946e+01
   vertex 5.80566063e+01 1.15936676e+02 3.41825409e+01
  endloop
 endfacet
 facet normal 2.71433055e-01 -9.21949223e-02 9.58031416e-01
  outer loop
   vertex 5.80566063e+01 1.15936676e+02 3.41825409e+01
   vertex 5.43916588e+01 1.18620544e+02 3.42347946e+01
   vertex 5.69057884e+01 1.15132515e+02 3.45070000e+01
  endloop
 endfacet
 facet normal -2.32835740e-01 2.67741084e-01 9.34934378e-01
  outer loop
   vertex 5.43916588e+01 1.18620544e+02 3.42347946e+01
   vertex 5.32316780e+01 1.17774750e+02 3.41104546e+01
   vertex 5.69057884e+01 1.15132515e+02 3.45070000e+01
  endloop
 endfacet
 facet normal 2.86505111e-02 -2.66770929e-01 9.63334024e-01
  outer loop
   vertex 5.69057884e+01 1.15132515e+02 3.45070000e+01
   vertex 5.32316780e+01 1.17774750e+02 3.41104546e+01
   vertex 5.57458344e+01 1.14286720e+02 3.43826828e+01
  endloop
 endfacet
 facet normal -4.68955874e-01 9.31291580e-02 8.78297985e-01
  outer loop
   vertex 5.32316780e+01 1.17774750e+02 3.41104546e+01
   vertex 5.21761055e+01 1.16970116e+02 3.35494766e+01
   vertex 5.57458344e+01 1.14286720e+02 3.43826828e+01
  endloop
 endfacet
 facet normal -2.00169176e-01 -4.38505828e-01 8.76153469e-01
  outer loop
   vertex 5.57458344e+01 1.14286720e+02 3.43826828e+01
   vertex 5.21761055e+01 1.16970116e+02 3.35494766e+01
   vertex 5.46902466e+01 1.13482094e+02 3.38216896e+01
  endloop
 endfacet
 facet normal -6.75943434e-01 -6.73383400e-02 7.33870566e-01
  outer loop
   vertex 5.21761055e+01 1.16970116e+02 3.35494766e+01
   vertex 5.13282661e+01 1.16285446e+02 3.26067810e+01
   vertex 5.46902466e+01 1.13482094e+02 3.38216896e+01
  endloop
 endfacet
 facet normal -3.92625451e-01 -5.90582728e-01 7.05022931e-01
  outer loop
   vertex 5.46902466e+01 1.13482094e+02 3.38216896e+01
   vertex 5.13282661e+01 1.16285446e+02 3.26067810e+01
   vertex 5.38424149e+01 1.12797409e+02 3.28789825e+01
  endloop
 endfacet
 facet normal -3.54621410e-01 9.22562063e-01 -1.52062133e-01
  outer loop
   vertex 5.30264053e+01 1.17377502e+02 3.09160480e+01
   vertex 5.27878227e+01 1.17164345e+02 3.03884182e+01
   vertex 5.13282661e+01 1.16285446e+02 3.26067810e+01
  endloop
 endfacet
 facet normal -7.81346619e-01 6.01988018e-01 1.64644510e-01
  outer loop
   vertex 5.13282661e+01 1.16285446e+02 3.26067810e+01
   vertex 5.27878227e+01 1.17164345e+02 3.03884182e+01
   vertex 5.07711296e+01 1.15787704e+02 3.13746281e+01
  endloop
 endfacet
 facet normal -3.44752222e-01 9.36083794e-01 -6.99502602e-02
  outer loop
   vertex 5.27878227e+01 1.17164345e+02 3.03884182e+01
   vertex 5.26970940e+01 1.17052132e+02 2.97884808e+01
   vertex 5.07711296e+01 1.15787704e+02 3.13746281e+01
  endloop
 endfacet
 facet normal -8.22694361e-01 5.64547777e-01 6.67819008e-02
  outer loop
   vertex 5.07711296e+01 1.15787704e+02 3.13746281e+01
   vertex 5.26970940e+01 1.17052132e+02 2.97884808e+01
   vertex 5.05592499e+01 1.15525658e+02 2.99736233e+01
  endloop
 endfacet
 facet normal -3.56170028e-01 9.34330106e-01 1.30465953e-02
  outer loop
   vertex 5.26970940e+01 1.17052132e+02 2.97884808e+01
   vertex 5.27630768e+01 1.17051819e+02 2.91749687e+01
   vertex 5.05592499e+01 1.15525658e+02 2.99736233e+01
  endloop
 endfacet
 facet normal -8.36803854e-01 5.45780540e-01 -4.33925167e-02
  outer loop
   vertex 5.05592499e+01 1.15525658e+02 2.99736233e+01
   vertex 5.27630768e+01 1.17051819e+02 2.91749687e+01
   vertex 5.07133675e+01 1.15524933e+02 2.85409431e+01
  endloop
 endfacet
 facet normal -3.87770534e-01 9.17468011e-01 8.88058469e-02
  outer loop
   vertex 5.27630768e+01 1.17051819e+02 2.91749687e+01
   vertex 5.29793167e+01 1.17163445e+02 2.86079388e+01
   vertex 5.07133675e+01 1.15524933e+02 2.85409431e+01
  endloop
 endfacet
 facet normal -8.22297335e-01 5.47517776e-01 -1.55085087e-01
  outer loop
   vertex 5.07133675e+01 1.15524933e+02 2.85409431e+01
   vertex 5.29793167e+01 1.17163445e+02 2.86079388e+01
   vertex 5.12183762e+01 1.15785599e+02 2.72167969e+01
  endloop
 endfacet
 facet normal -4.36440498e-01 8.87154758e-01 1.49920300e-01
  outer loop
   vertex 5.29793167e+01 1.17163445e+02 2.86079388e+01
   vertex 5.33246918e+01 1.17376083e+02 2.81429157e+01
   vertex 5.12183762e+01 1.15785599e+02 2.72167969e+01
  endloop
 endfacet
 facet normal -7.80584097e-01 5.69604337e-01 -2.57369965e-01
  outer loop
   vertex 5.12183762e+01 1.15785599e+02 2.72167969e+01
   vertex 5.33246918e+01 1.17376083e+02 2.81429157e+01
   vertex 5.20248528e+01 1.16282166e+02 2.61308060e+01
  endloop
 endfacet
 facet normal -4.97415662e-01 8.46361935e-01 1.90391988e-01
  outer loop
   vertex 5.33246918e+01 1.17376083e+02 2.81429157e+01
   vertex 5.37653313e+01 1.17668907e+02 2.78253765e+01
   vertex 5.20248528e+01 1.16282166e+02 2.61308060e+01
  endloop
 endfacet
 facet normal -7.15751648e-01 6.09867632e-01 -3.40236694e-01
  outer loop
   vertex 5.20248528e+01 1.16282166e+02 2.61308060e+01
   vertex 5.37653313e+01 1.17668907e+02 2.78253765e+01
   vertex 5.30538750e+01 1.16965988e+02 2.53893147e+01
  endloop
 endfacet
 facet normal -5.64745843e-01 7.99071074e-01 2.06270531e-01
  outer loop
   vertex 5.37653313e+01 1.17668907e+02 2.78253765e+01
   vertex 5.42581291e+01 1.18013268e+02 2.76864357e+01
   vertex 5.30538750e+01 1.16965988e+02 2.53893147e+01
  endloop
 endfacet
 facet normal -6.34156525e-01 6.64364815e-01 -3.95556450e-01
  outer loop
   vertex 5.30538750e+01 1.16965988e+02 2.53893147e+01
   vertex 5.42581291e+01 1.18013268e+02 2.76864357e+01
   vertex 5.42046776e+01 1.17770164e+02 2.50648384e+01
  endloop
 endfacet
 facet normal -6.31833017e-01 7.49913156e-01 1.96003184e-01
  outer loop
   vertex 5.42581291e+01 1.18013268e+02 2.76864357e+01
   vertex 5.47548523e+01 1.18375465e+02 2.77396793e+01
   vertex 5.42046776e+01 1.17770164e+02 2.50648384e+01
  endloop
 endfacet
 facet normal -5.43776691e-01 7.27761805e-01 -4.17935044e-01
  outer loop
   vertex 5.42046776e+01 1.17770164e+02 2.50648384e+01
   vertex 5.47548523e+01 1.18375465e+02 2.77396793e+01
   vertex 5.53646431e+01 1.18615944e+02 2.51891689e+01
  endloop
 endfacet
 facet normal -6.92106962e-01 7.03705490e-01 1.60581991e-01
  outer loop
   vertex 5.47548523e+01 1.18375465e+02 2.77396793e+01
   vertex 5.52068710e+01 1.18720009e+02 2.79798965e+01
   vertex 5.53646431e+01 1.18615944e+02 2.51891689e+01
  endloop
 endfacet
 facet normal -4.53455806e-01 7.93859601e-01 -4.05172527e-01
  outer loop
   vertex 5.53646431e+01 1.18615944e+02 2.51891689e+01
   vertex 5.52068710e+01 1.18720009e+02 2.79798965e+01
   vertex 5.64202156e+01 1.19420578e+02 2.57501316e+01
  endloop
 endfacet
 facet normal -7.39664376e-01 6.64970279e-01 1.03494577e-01
  outer loop
   vertex 5.52068710e+01 1.18720009e+02 2.79798965e+01
   vertex 5.55699348e+01 1.19013206e+02 2.83835869e+01
   vertex 5.64202156e+01 1.19420578e+02 2.57501316e+01
  endloop
 endfacet
 facet normal -3.72039706e-01 8.56187522e-01 -3.58509898e-01
  outer loop
   vertex 5.64202156e+01 1.19420578e+02 2.57501316e+01
   vertex 5.55699348e+01 1.19013206e+02 2.83835869e+01
   vertex 5.72680588e+01 1.20105255e+02 2.66928577e+01
  endloop
 endfacet
 facet normal -7.69852817e-01 6.37500942e-01 3.03177983e-02
  outer loop
   vertex 5.55699348e+01 1.19013206e+02 2.83835869e+01
   vertex 5.58085251e+01 1.19226357e+02 2.89112167e+01
   vertex 5.72680588e+01 1.20105255e+02 2.66928577e+01
  endloop
 endfacet
 facet normal -3.07494015e-01 9.08638179e-01 -2.82531500e-01
  outer loop
   vertex 5.72680588e+01 1.20105255e+02 2.66928577e+01
   vertex 5.58085251e+01 1.19226357e+02 2.89112167e+01
   vertex 5.78251991e+01 1.20602989e+02 2.79250088e+01
  endloop
 endfacet
 facet normal -7.79721022e-01 6.23981059e-01 -5.17951921e-02
  outer loop
   vertex 5.58085251e+01 1.19226357e+02 2.89112167e+01
   vertex 5.58992500e+01 1.19338570e+02 2.95111523e+01
   vertex 5.78251991e+01 1.20602989e+02 2.79250088e+01
  endloop
 endfacet
 facet normal -2.66146272e-01 9.46077764e-01 -1.84670091e-01
  outer loop
   vertex 5.78251991e+01 1.20602989e+02 2.79250088e+01
   vertex 5.58992500e+01 1.19338570e+02 2.95111523e+01
   vertex 5.80370712e+01 1.20865044e+02 2.93259983e+01
  endloop
 endfacet
 facet normal -7.68301547e-01 6.25734389e-01 -1.34793416e-01
  outer loop
   vertex 5.58992500e+01 1.19338570e+02 2.95111523e+01
   vertex 5.58332634e+01 1.19338890e+02 3.01246662e+01
   vertex 5.80370712e+01 1.20865044e+02 2.93259983e+01
  endloop
 endfacet
 facet normal -2.52034813e-01 9.64846253e-01 -7.44992048e-02
  outer loop
   vertex 5.80370712e+01 1.20865044e+02 2.93259983e+01
   vertex 5.58332634e+01 1.19338890e+02 3.01246662e+01
   vertex 5.78829727e+01 1.20865768e+02 3.07586765e+01
  endloop
 endfacet
 facet normal -7.36708939e-01 6.42592609e-01 -2.10557923e-01
  outer loop
   vertex 5.58332634e+01 1.19338890e+02 3.01246662e+01
   vertex 5.56170006e+01 1.19227257e+02 3.06916771e+01
   vertex 5.78829727e+01 1.20865768e+02 3.07586765e+01
  endloop
 endfacet
 facet normal -2.66547769e-01 9.63103712e-01 3.71952951e-02
  outer loop
   vertex 5.78829727e+01 1.20865768e+02 3.07586765e+01
   vertex 5.56170006e+01 1.19227257e+02 3.06916771e+01
   vertex 5.73779602e+01 1.20605118e+02 3.20828362e+01
  endloop
 endfacet
 facet normal -6.88039660e-01 6.72904134e-01 -2.71664202e-01
  outer loop
   vertex 5.56170006e+01 1.19227257e+02 3.06916771e+01
   vertex 5.52716484e+01 1.19014626e+02 3.11567249e+01
   vertex 5.73779602e+01 1.20605118e+02 3.20828362e+01
  endloop
 endfacet
 facet normal -3.08256626e-01 9.41022038e-01 1.39482632e-01
  outer loop
   vertex 5.73779602e+01 1.20605118e+02 3.20828362e+01
   vertex 5.52716484e+01 1.19014626e+02 3.11567249e+01
   vertex 5.65714836e+01 1.20108543e+02 3.31688042e+01
  endloop
 endfacet
 facet normal -6.27051234e-01 7.13706553e-01 -3.12137276e-01
  outer loop
   vertex 5.52716484e+01 1.19014626e+02 3.11567249e+01
   vertex 5.48309975e+01 1.18721794e+02 3.14742622e+01
   vertex 5.65714836e+01 1.20108543e+02 3.31688042e+01
  endloop
 endfacet
 facet normal -3.73082697e-01 9.00762141e-01 2.22344011e-01
  outer loop
   vertex 5.65714836e+01 1.20108543e+02 3.31688042e+01
   vertex 5.48309975e+01 1.18721794e+02 3.14742622e+01
   vertex 5.55424652e+01 1.19424721e+02 3.39103355e+01
  endloop
 endfacet
 facet normal -5.59722185e-01 7.60997057e-01 -3.28016102e-01
  outer loop
   vertex 5.48309975e+01 1.18721794e+02 3.14742622e+01
   vertex 5.43381996e+01 1.18377426e+02 3.16131954e+01
   vertex 5.55424652e+01 1.19424721e+02 3.39103355e+01
  endloop
 endfacet
 facet normal -4.54683572e-01 8.46263170e-01 2.77671665e-01
  outer loop
   vertex 5.55424652e+01 1.19424721e+02 3.39103355e+01
   vertex 5.43381996e+01 1.18377426e+02 3.16131954e+01
   vertex 5.43916588e+01 1.18620544e+02 3.42347946e+01
  endloop
 endfacet
 facet normal -4.92640436e-01 8.10148120e-01 -3.17750603e-01
  outer loop
   vertex 5.43381996e+01 1.18377426e+02 3.16131954e+01
   vertex 5.38414803e+01 1.18015228e+02 3.15599442e+01
   vertex 5.43916588e+01 1.18620544e+02 3.42347946e+01
  endloop
 endfacet
 facet normal -5.45067966e-01 7.82863379e-01 3.00043166e-01
  outer loop
   vertex 5.43916588e+01 1.18620544e+02 3.42347946e+01
   vertex 5.38414803e+01 1.18015228e+02 3.15599442e+01
   vertex 5.32316780e+01 1.17774750e+02 3.41104546e+01
  endloop
 endfacet
 facet normal -4.32370126e-01 8.56354415e-01 -2.82335222e-01
  outer loop
   vertex 5.38414803e+01 1.18015228e+02 3.15599442e+01
   vertex 5.33894691e+01 1.17670692e+02 3.13197384e+01
   vertex 5.32316780e+01 1.17774750e+02 3.41104546e+01
  endloop
 endfacet
 facet normal -6.35387063e-01 7.16764629e-01 2.87283450e-01
  outer loop
   vertex 5.32316780e+01 1.17774750e+02 3.41104546e+01
   vertex 5.33894691e+01 1.17670692e+02 3.13197384e+01
   vertex 5.21761055e+01 1.16970116e+02 3.35494766e+01
  endloop
 endfacet
 facet normal -3.84812653e-01 8.95090342e-01 -2.25238889e-01
  outer loop
   vertex 5.33894691e+01 1.17670692e+02 3.13197384e+01
   vertex 5.30264053e+01 1.17377502e+02 3.09160480e+01
   vertex 5.21761055e+01 1.16970116e+02 3.35494766e+01
  endloop
 endfacet
 facet normal -7.16803968e-01 6.54439807e-01 2.40625605e-01
  outer loop
   vertex 5.21761055e+01 1.16970116e+02 3.35494766e+01
   vertex 5.30264053e+01 1.17377502e+02 3.09160480e+01
   vertex 5.13282661e+01 1.16285446e+02 3.26067810e+01
  endloop
 endfacet
 facet normal 8.53625178e-01 1.42131090e-01 -5.01121581e-01
  outer loop
   vertex 5.55405426e+01 1.13889458e+02 3.11882458e+01
   vertex 5.53019524e+01 1.13676308e+02 3.06606159e+01
   vertex 5.30264053e+01 1.17377502e+02 3.09160480e+01
  endloop
 endfacet
 facet normal 4.81666148e-01 7.45231748e-01 -4.61115301e-01
  outer loop
   vertex 5.30264053e+01 1.17377502e+02 3.09160480e+01
   vertex 5.53019524e+01 1.13676308e+02 3.06606159e+01
   vertex 5.27878227e+01 1.17164345e+02 3.03884182e+01
  endloop
 endfacet
 facet normal 9.44479644e-01 2.28284687e-01 -2.36314058e-01
  outer loop
   vertex 5.53019524e+01 1.13676308e+02 3.06606159e+01
   vertex 5.52112236e+01 1.13564095e+02 3.00606785e+01
   vertex 5.27878227e+01 1.17164345e+02 3.03884182e+01
  endloop
 endfacet
 facet normal 5.48867106e-01 8.15240741e-01 -1.84735999e-01
  outer loop
   vertex 5.27878227e+01 1.17164345e+02 3.03884182e+01
   vertex 5.52112236e+01 1.13564095e+02 3.00606785e+01
   vertex 5.26970940e+01 1.17052132e+02 2.97884808e+01
  endloop
 endfacet
 facet normal 9.62954044e-01 2.64244467e-01 5.37989251e-02
  outer loop
   vertex 5.52112236e+01 1.13564095e+02 3.00606785e+01
   vertex 5.52772064e+01 1.13563782e+02 2.94471722e+01
   vertex 5.26970940e+01 1.17052132e+02 2.97884808e+01
  endloop
 endfacet
 facet normal 5.42270720e-01 8.33292484e-01 1.07545897e-01
  outer loop
   vertex 5.26970940e+01 1.17052132e+02 2.97884808e+01
   vertex 5.52772064e+01 1.13563782e+02 2.94471722e+01
   vertex 5.27630768e+01 1.17051819e+02 2.91749687e+01
  endloop
 endfacet
 facet normal 9.07241762e-01 2.46484905e-01 3.40818912e-01
  outer loop
   vertex 5.52772064e+01 1.13563782e+02 2.94471722e+01
   vertex 5.54934731e+01 1.13675407e+02 2.88801632e+01
   vertex 5.27630768e+01 1.17051819e+02 2.91749687e+01
  endloop
 endfacet
 facet normal 4.62506890e-01 7.97631025e-01 3.87133211e-01
  outer loop
   vertex 5.27630768e+01 1.17051819e+02 2.91749687e+01
   vertex 5.54934731e+01 1.13675407e+02 2.88801632e+01
   vertex 5.29793167e+01 1.17163445e+02 2.86079388e+01
  endloop
 endfacet
 facet normal 7.82789528e-01 1.76749945e-01 5.96657395e-01
  outer loop
   vertex 5.54934731e+01 1.13675407e+02 2.88801632e+01
   vertex 5.58388214e+01 1.13888046e+02 2.84151134e+01
   vertex 5.29793167e+01 1.17163445e+02 2.86079388e+01
  endloop
 endfacet
 facet normal 3.17408055e-01 7.11730540e-01 6.26651227e-01
  outer loop
   vertex 5.29793167e+01 1.17163445e+02 2.86079388e+01
   vertex 5.58388214e+01 1.13888046e+02 2.84151134e+01
   vertex 5.33246918e+01 1.17376083e+02 2.81429157e+01
  endloop
 endfacet
 facet normal 6.01793468e-01 6.18640184e-02 7.96252131e-01
  outer loop
   vertex 5.58388214e+01 1.13888046e+02 2.84151134e+01
   vertex 5.62794685e+01 1.14180885e+02 2.80975838e+01
   vertex 5.33246918e+01 1.17376083e+02 2.81429157e+01
  endloop
 endfacet
 facet normal 1.21172354e-01 5.84016204e-01 8.02647054e-01
  outer loop
   vertex 5.33246918e+01 1.17376083e+02 2.81429157e+01
   vertex 5.62794685e+01 1.14180885e+02 2.80975838e+01
   vertex 5.37653313e+01 1.17668907e+02 2.78253765e+01
  endloop
 endfacet
 facet normal 3.81961614e-01 -8.69220719e-02 9.20081437e-01
  outer loop
   vertex 5.62794685e+01 1.14180885e+02 2.80975838e+01
   vertex 5.67722702e+01 1.14525238e+02 2.79586353e+01
   vertex 5.37653313e+01 1.17668907e+02 2.78253765e+01
  endloop
 endfacet
 facet normal -1.07007504e-01 4.26982015e-01 8.97906303e-01
  outer loop
   vertex 5.37653313e+01 1.17668907e+02 2.78253765e+01
   vertex 5.67722702e+01 1.14525238e+02 2.79586353e+01
   vertex 5.42581291e+01 1.18013268e+02 2.76864357e+01
  endloop
 endfacet
 facet normal 1.44810900e-01 -2.55057991e-01 9.56020534e-01
  outer loop
   vertex 5.67722702e+01 1.14525238e+02 2.79586353e+01
   vertex 5.72689972e+01 1.14887436e+02 2.80118809e+01
   vertex 5.42581291e+01 1.18013268e+02 2.76864357e+01
  endloop
 endfacet
 facet normal -3.44785482e-01 2.55999357e-01 9.03098702e-01
  outer loop
   vertex 5.42581291e+01 1.18013268e+02 2.76864357e+01
   vertex 5.72689972e+01 1.14887436e+02 2.80118809e+01
   vertex 5.47548523e+01 1.18375465e+02 2.77396793e+01
  endloop
 endfacet
 facet normal -8.64412263e-02 -4.26071435e-01 9.00550425e-01
  outer loop
   vertex 5.72689972e+01 1.14887436e+02 2.80118809e+01
   vertex 5.77210236e+01 1.15231979e+02 2.82521114e+01
   vertex 5.47548523e+01 1.18375465e+02 2.77396793e+01
  endloop
 endfacet
 facet normal -5.68888843e-01 8.78070146e-02 8.17713499e-01
  outer loop
   vertex 5.47548523e+01 1.18375465e+02 2.77396793e+01
   vertex 5.77210236e+01 1.15231979e+02 2.82521114e+01
   vertex 5.52068710e+01 1.18720009e+02 2.79798965e+01
  endloop
 endfacet
 facet normal -2.89158732e-01 -5.83225250e-01 7.59101808e-01
  outer loop
   vertex 5.77210236e+01 1.15231979e+02 2.82521114e+01
   vertex 5.80840683e+01 1.15525169e+02 2.86557999e+01
   vertex 5.52068710e+01 1.18720009e+02 2.79798965e+01
  endloop
 endfacet
 facet normal -7.57371604e-01 -6.11312650e-02 6.50116324e-01
  outer loop
   vertex 5.52068710e+01 1.18720009e+02 2.79798965e+01
   vertex 5.80840683e+01 1.15525169e+02 2.86557999e+01
   vertex 5.55699348e+01 1.19013206e+02 2.83835869e+01
  endloop
 endfacet
 facet normal -4.43496048e-01 -7.11132050e-01 5.45529485e-01
  outer loop
   vertex 5.80840683e+01 1.15525169e+02 2.86557999e+01
   vertex 5.83226357e+01 1.15738312e+02 2.91834087e+01
   vertex 5.55699348e+01 1.19013206e+02 2.83835869e+01
  endloop
 endfacet
 facet normal -8.91791642e-01 -1.76231652e-01 4.16713387e-01
  outer loop
   vertex 5.55699348e+01 1.19013206e+02 2.83835869e+01
   vertex 5.83226357e+01 1.15738312e+02 2.91834087e+01
   vertex 5.58085251e+01 1.19226357e+02 2.89112167e+01
  endloop
 endfacet
 facet normal -5.34347355e-01 -7.97286689e-01 2.80725539e-01
  outer loop
   vertex 5.83226357e+01 1.15738312e+02 2.91834087e+01
   vertex 5.84133949e+01 1.15850540e+02 2.97833691e+01
   vertex 5.58085251e+01 1.19226357e+02 2.89112167e+01
  endloop
 endfacet
 facet normal -9.58994985e-01 -2.46240556e-01 1.40336022e-01
  outer loop
   vertex 5.58085251e+01 1.19226357e+02 2.89112167e+01
   vertex 5.84133949e+01 1.15850540e+02 2.97833691e+01
   vertex 5.58992500e+01 1.19338570e+02 2.95111523e+01
  endloop
 endfacet
 facet normal -5.52824080e-01 -8.33245039e-01 -9.39619076e-03
  outer loop
   vertex 5.84133949e+01 1.15850540e+02 2.97833691e+01
   vertex 5.83473892e+01 1.15850853e+02 3.03968620e+01
   vertex 5.58992500e+01 1.19338570e+02 2.95111523e+01
  endloop
 endfacet
 facet normal -9.52397048e-01 -2.64290929e-01 -1.51954368e-01
  outer loop
   vertex 5.58992500e+01 1.19338570e+02 2.95111523e+01
   vertex 5.83473892e+01 1.15850853e+02 3.03968620e+01
   vertex 5.58332634e+01 1.19338890e+02 3.01246662e+01
  endloop
 endfacet
 facet normal -4.97113585e-01 -8.15483987e-01 -2.96418488e-01
  outer loop
   vertex 5.83473892e+01 1.15850853e+02 3.03968620e+01
   vertex 5.81311455e+01 1.15739235e+02 3.09638844e+01
   vertex 5.58332634e+01 1.19338890e+02 3.01246662e+01
  endloop
 endfacet
 facet normal -8.72641683e-01 -2.28627458e-01 -4.31539059e-01
  outer loop
   vertex 5.58332634e+01 1.19338890e+02 3.01246662e+01
   vertex 5.81311455e+01 1.15739235e+02 3.09638844e+01
   vertex 5.56170006e+01 1.19227257e+02 3.06916771e+01
  endloop
 endfacet
 facet normal -3.72660637e-01 -7.45751441e-01 -5.52248895e-01
  outer loop
   vertex 5.81311455e+01 1.15739235e+02 3.09638844e+01
   vertex 5.77857780e+01 1.15526588e+02 3.14289303e+01
   vertex 5.56170006e+01 1.19227257e+02 3.06916771e+01
  endloop
 endfacet
 facet normal -7.27540255e-01 -1.42730385e-01 -6.71053767e-01
  outer loop
   vertex 5.56170006e+01 1.19227257e+02 3.06916771e+01
   vertex 5.77857780e+01 1.15526588e+02 3.14289303e+01
   vertex 5.52716484e+01 1.19014626e+02 3.11567249e+01
  endloop
 endfacet
 facet normal -1.91663057e-01 -6.30860031e-01 -7.51851678e-01
  outer loop
   vertex 5.77857780e+01 1.15526588e+02 3.14289303e+01
   vertex 5.73451271e+01 1.15233749e+02 3.17464581e+01
   vertex 5.52716484e+01 1.19014626e+02 3.11567249e+01
  endloop
 endfacet
 facet normal -5.31294107e-01 -1.50086815e-02 -8.47054482e-01
  outer loop
   vertex 5.52716484e+01 1.19014626e+02 3.11567249e+01
   vertex 5.73451271e+01 1.15233749e+02 3.17464581e+01
   vertex 5.48309975e+01 1.18721794e+02 3.14742622e+01
  endloop
 endfacet
 facet normal 2.81741116e-02 -4.82069045e-01 -8.75680089e-01
  outer loop
   vertex 5.73451271e+01 1.15233749e+02 3.17464581e+01
   vertex 5.68523293e+01 1.14889389e+02 3.18854008e+01
   vertex 5.48309975e+01 1.18721794e+02 3.14742622e+01
  endloop
 endfacet
 facet normal -3.03114474e-01 1.42024830e-01 -9.42311287e-01
  outer loop
   vertex 5.48309975e+01 1.18721794e+02 3.14742622e+01
   vertex 5.68523293e+01 1.14889389e+02 3.18854008e+01
   vertex 5.43381996e+01 1.18377426e+02 3.16131954e+01
  endloop
 endfacet
 facet normal 2.65319973e-01 -3.13939333e-01 -9.11617994e-01
  outer loop
   vertex 5.68523293e+01 1.14889389e+02 3.18854008e+01
   vertex 5.63556137e+01 1.14527206e+02 3.18321457e+01
   vertex 5.43381996e+01 1.18377426e+02 3.16131954e+01
  endloop
 endfacet
 facet normal -6.53412342e-02 3.12998086e-01 -9.47503388e-01
  outer loop
   vertex 5.43381996e+01 1.18377426e+02 3.16131954e+01
   vertex 5.63556137e+01 1.14527206e+02 3.18321457e+01
   vertex 5.38414803e+01 1.18015228e+02 3.15599442e+01
  endloop
 endfacet
 facet normal 4.96567935e-01 -1.42936602e-01 -8.56148005e-01
  outer loop
   vertex 5.63556137e+01 1.14527206e+02 3.18321457e+01
   vertex 5.59036026e+01 1.14182655e+02 3.15919437e+01
   vertex 5.38414803e+01 1.18015228e+02 3.15599442e+01
  endloop
 endfacet
 facet normal 1.58757567e-01 4.81187791e-01 -8.62121999e-01
  outer loop
   vertex 5.38414803e+01 1.18015228e+02 3.15599442e+01
   vertex 5.59036026e+01 1.14182655e+02 3.15919437e+01
   vertex 5.33894691e+01 1.17670692e+02 3.13197384e+01
  endloop
 endfacet
 facet normal 6.99287832e-01 1.42223481e-02 -7.14698732e-01
  outer loop
   vertex 5.59036026e+01 1.14182655e+02 3.15919437e+01
   vertex 5.55405426e+01 1.13889458e+02 3.11882458e+01
   vertex 5.33894691e+01 1.17670692e+02 3.13197384e+01
  endloop
 endfacet
 facet normal 3.47241700e-01 6.30130351e-01 -6.94520712e-01
  outer loop
   vertex 5.33894691e+01 1.17670692e+02 3.13197384e+01
   vertex 5.55405426e+01 1.13889458e+02 3.11882458e+01
   vertex 5.30264053e+01 1.17377502e+02 3.09160480e+01
  endloop
 endfacet
 facet normal -9.10653770e-02 9.94208634e-01 -5.70635274e-02
  outer loop
   vertex 5.84151840e+01 1.20116516e+02 2.88118591e+01
   vertex 5.85408897e+01 1.20166069e+02 2.93805447e+01
   vertex 6.01737633e+01 1.22827507e+02 3.29712410e+01
  endloop
 endfacet
 facet normal -8.67532045e-02 9.94753242e-01 5.42210378e-02
  outer loop
   vertex 5.85408897e+01 1.20166069e+02 2.93805447e+01
   vertex 5.85990372e+01 1.19993622e+02 3.00111580e+01
   vertex 6.01737633e+01 1.22827507e+02 3.29712410e+01
  endloop
 endfacet
 facet normal -1.60172239e-01 9.85107243e-01 -6.25189170e-02
  outer loop
   vertex 5.85990372e+01 1.19993622e+02 3.00111580e+01
   vertex 6.24115639e+01 1.25032349e+02 4.06062050e+01
   vertex 6.01737633e+01 1.22827507e+02 3.29712410e+01
  endloop
 endfacet
 facet normal -1.45382270e-01 9.83353138e-01 1.08997948e-01
  outer loop
   vertex 5.85990372e+01 1.19993622e+02 3.00111580e+01
   vertex 5.86196213e+01 1.19932556e+02 3.02344627e+01
   vertex 6.24115639e+01 1.25032349e+02 4.06062050e+01
  endloop
 endfacet
 facet normal -1.60471573e-01 9.85064805e-01 -6.24197088e-02
  outer loop
   vertex 6.24115639e+01 1.25032349e+02 4.06062050e+01
   vertex 5.86196213e+01 1.19932556e+02 3.02344627e+01
   vertex 6.33367996e+01 1.25943954e+02 4.37629623e+01
  endloop
 endfacet
 facet normal -7.42791355e-01 2.64840484e-01 6.14915073e-01
  outer loop
   vertex 5.87060738e+01 1.19453751e+02 3.12351761e+01
   vertex 5.93515549e+01 1.18501350e+02 3.13866577e+01
   vertex 6.27293358e+01 1.23368355e+02 4.43232002e+01
  endloop
 endfacet
 facet normal -9.89612877e-01 -1.38800561e-01 -3.74265127e-02
  outer loop
   vertex 6.27293358e+01 1.23368355e+02 4.43232002e+01
   vertex 5.93515549e+01 1.18501350e+02 3.13866577e+01
   vertex 6.29179230e+01 1.23063927e+02 4.43351936e+01
  endloop
 endfacet
 facet normal -1.45753294e-01 9.67651486e-01 2.05928653e-01
  outer loop
   vertex 5.86337547e+01 1.19890671e+02 3.03876457e+01
   vertex 5.86958351e+01 1.19738052e+02 3.08466911e+01
   vertex 6.41513138e+01 1.26746475e+02 4.65419388e+01
  endloop
 endfacet
 facet normal -3.31852943e-01 8.59772384e-01 3.88156056e-01
  outer loop
   vertex 5.86958351e+01 1.19738052e+02 3.08466911e+01
   vertex 5.87060738e+01 1.19453751e+02 3.12351761e+01
   vertex 6.41513138e+01 1.26746475e+02 4.65419388e+01
  endloop
 endfacet
 facet normal -6.93614066e-01 5.90701163e-01 4.12276208e-01
  outer loop
   vertex 6.44101944e+01 1.25003822e+02 4.97911835e+01
   vertex 6.45106659e+01 1.25101585e+02 5.01180382e+01
   vertex 6.44023056e+01 1.25222450e+02 4.94924164e+01
  endloop
 endfacet
 facet normal -5.32279074e-01 8.46253932e-01 2.30934341e-02
  outer loop
   vertex 6.45106659e+01 1.25101585e+02 5.01180382e+01
   vertex 6.41513138e+01 1.26746475e+02 4.65419388e+01
   vertex 6.44023056e+01 1.25222450e+02 4.94924164e+01
  endloop
 endfacet
 facet normal -7.32515752e-02 9.83968258e-01 1.62605762e-01
  outer loop
   vertex 6.44023056e+01 1.25222450e+02 4.94924164e+01
   vertex 6.41513138e+01 1.26746475e+02 4.65419388e+01
   vertex 6.42033844e+01 1.25711517e+02 4.80215034e+01
  endloop
 endfacet
 facet normal -5.27992062e-02 9.92986143e-01 -1.05786428e-01
  outer loop
   vertex 6.42033844e+01 1.25711517e+02 4.80215034e+01
   vertex 6.41513138e+01 1.26746475e+02 4.65419388e+01
   vertex 6.38614960e+01 1.25629814e+02 4.66064453e+01
  endloop
 endfacet
 facet normal -3.25105727e-01 9.41231489e-01 9.15943533e-02
  outer loop
   vertex 6.41513138e+01 1.26746475e+02 4.65419388e+01
   vertex 5.87060738e+01 1.19453751e+02 3.12351761e+01
   vertex 6.38614960e+01 1.25629814e+02 4.66064453e+01
  endloop
 endfacet
 facet normal -3.37815046e-01 9.37928200e-01 -7.85603598e-02
  outer loop
   vertex 6.38614960e+01 1.25629814e+02 4.66064453e+01
   vertex 5.87060738e+01 1.19453751e+02 3.12351761e+01
   vertex 6.34101143e+01 1.24985367e+02 4.53857384e+01
  endloop
 endfacet
 facet normal -5.50188839e-01 7.75558054e-01 -3.09518903e-01
  outer loop
   vertex 6.34101143e+01 1.24985367e+02 4.53857384e+01
   vertex 5.87060738e+01 1.19453751e+02 3.12351761e+01
   vertex 6.28934097e+01 1.23841278e+02 4.44788742e+01
  endloop
 endfacet
 facet normal -8.74559283e-01 4.47427720e-01 -1.86961219e-01
  outer loop
   vertex 5.87060738e+01 1.19453751e+02 3.12351761e+01
   vertex 6.27293358e+01 1.23368355e+02 4.43232002e+01
   vertex 6.28934097e+01 1.23841278e+02 4.44788742e+01
  endloop
 endfacet
 facet normal -1.57914549e-01 9.80846703e-01 1.14029482e-01
  outer loop
   vertex 5.86196213e+01 1.19932556e+02 3.02344627e+01
   vertex 5.86337547e+01 1.19890671e+02 3.03876457e+01
   vertex 6.33367996e+01 1.25943954e+02 4.37629623e+01
  endloop
 endfacet
 facet normal -1.85661644e-01 9.81333911e-01 -5.01343533e-02
  outer loop
   vertex 6.33367996e+01 1.25943954e+02 4.37629623e+01
   vertex 5.86337547e+01 1.19890671e+02 3.03876457e+01
   vertex 6.41513138e+01 1.26746475e+02 4.65419388e+01
  endloop
 endfacet
 facet normal 2.22886190e-01 7.30558693e-01 6.45450056e-01
  outer loop
   vertex 5.68782234e+01 1.15792404e+02 2.53534107e+01
   vertex 5.75915222e+01 1.16249695e+02 2.49964466e+01
   vertex 5.59939804e+01 1.17061653e+02 2.52576523e+01
  endloop
 endfacet
 facet normal -4.05886739e-01 4.52312171e-01 7.94147134e-01
  outer loop
   vertex 5.59939804e+01 1.17061653e+02 2.52576523e+01
   vertex 5.75915222e+01 1.16249695e+02 2.49964466e+01
   vertex 5.67517319e+01 1.17552185e+02 2.48774929e+01
  endloop
 endfacet
 facet normal -4.83804137e-01 -1.59552217e-01 8.60509515e-01
  outer loop
   vertex 5.95792503e+01 1.18172134e+02 3.14304256e+01
   vertex 6.35823059e+01 1.22043724e+02 4.43877487e+01
   vertex 5.93515549e+01 1.18501350e+02 3.13866577e+01
  endloop
 endfacet
 facet normal -8.30203474e-01 -4.85755861e-01 -2.73502111e-01
  outer loop
   vertex 5.93515549e+01 1.18501350e+02 3.13866577e+01
   vertex 6.35823059e+01 1.22043724e+02 4.43877487e+01
   vertex 6.29179230e+01 1.23063927e+02 4.43351936e+01
  endloop
 endfacet
 facet normal 8.16649377e-01 -5.42128444e-01 1.97940722e-01
  outer loop
   vertex 7.18791428e+01 1.66206150e+01 5.92710266e+01
   vertex 7.03492508e+01 1.54677725e+01 5.38953590e+01
   vertex 7.24853439e+01 1.73472881e+01 5.86936378e+01
  endloop
 endfacet
 facet normal 7.59554744e-01 -6.50362253e-01 1.02722580e-02
  outer loop
   vertex 7.24853439e+01 1.73472881e+01 5.86936378e+01
   vertex 7.03492508e+01 1.54677725e+01 5.38953590e+01
   vertex 7.10509262e+01 1.62855930e+01 5.34519272e+01
  endloop
 endfacet
 facet normal 7.68171847e-01 -6.32493198e-01 -9.93193015e-02
  outer loop
   vertex 6.82416153e+01 1.29737225e+01 5.58884201e+01
   vertex 7.03954086e+01 1.46370354e+01 6.25433540e+01
   vertex 6.81627655e+01 1.27558098e+01 5.65304871e+01
  endloop
 endfacet
 facet normal 7.67740428e-01 -6.31125689e-01 -1.10702418e-01
  outer loop
   vertex 6.81627655e+01 1.27558098e+01 5.65304871e+01
   vertex 7.03954086e+01 1.46370354e+01 6.25433540e+01
   vertex 7.04487534e+01 1.45147686e+01 6.36282921e+01
  endloop
 endfacet
 facet normal 9.03400123e-01 -3.97913367e-01 -1.59791067e-01
  outer loop
   vertex 8.66777191e+01 3.92762718e+01 5.64866371e+01
   vertex 8.59872360e+01 3.76774635e+01 5.65405426e+01
   vertex 8.51315994e+01 3.81940193e+01 5.15676689e+01
  endloop
 endfacet
 facet normal 8.98719132e-01 -4.01777655e-01 -1.75723165e-01
  outer loop
   vertex 8.51315994e+01 3.81940193e+01 5.15676689e+01
   vertex 8.59872360e+01 3.76774635e+01 5.65405426e+01
   vertex 8.44461136e+01 3.66066780e+01 5.16208496e+01
  endloop
 endfacet
 facet normal 1.43892780e-01 7.19641089e-01 -6.79272830e-01
  outer loop
   vertex 5.10381012e+01 1.32557669e+01 2.52628059e+01
   vertex 5.19391098e+01 1.40799255e+01 2.62746181e+01
   vertex 5.84625473e+01 6.50879574e+00 2.59244499e+01
  endloop
 endfacet
 facet normal 4.62715626e-01 3.84353429e-01 -7.98853338e-01
  outer loop
   vertex 5.93413315e+01 7.41676664e+00 2.69668121e+01
   vertex 5.85465050e+01 6.58597231e+00 2.60197697e+01
   vertex 5.19391098e+01 1.40799255e+01 2.62746181e+01
  endloop
 endfacet
 facet normal 4.80216533e-01 4.19862628e-01 -7.70134687e-01
  outer loop
   vertex 5.19391098e+01 1.40799255e+01 2.62746181e+01
   vertex 5.85465050e+01 6.58597231e+00 2.60197697e+01
   vertex 5.84625473e+01 6.50879574e+00 2.59244499e+01
  endloop
 endfacet
 facet normal 8.96815240e-01 -4.14767116e-01 -1.53917566e-01
  outer loop
   vertex 8.59872360e+01 3.76774635e+01 5.65405426e+01
   vertex 8.52520599e+01 3.60863495e+01 5.65923843e+01
   vertex 8.44461136e+01 3.66066780e+01 5.16208496e+01
  endloop
 endfacet
 facet normal 8.91062379e-01 -4.21301931e-01 -1.68856651e-01
  outer loop
   vertex 8.44461136e+01 3.66066780e+01 5.16208496e+01
   vertex 8.52520599e+01 3.60863495e+01 5.65923843e+01
   vertex 8.37180862e+01 3.50268478e+01 5.16722031e+01
  endloop
 endfacet
 facet normal 9.11278784e-01 -3.76459748e-01 -1.66880354e-01
  outer loop
   vertex 8.73588943e+01 4.08775291e+01 5.64403076e+01
   vertex 8.66777191e+01 3.92762718e+01 5.64866371e+01
   vertex 8.58083572e+01 3.97829323e+01 5.15193787e+01
  endloop
 endfacet
 facet normal 9.05201554e-01 -3.84207308e-01 -1.81644902e-01
  outer loop
   vertex 8.58083572e+01 3.97829323e+01 5.15193787e+01
   vertex 8.66777191e+01 3.92762718e+01 5.64866371e+01
   vertex 8.51315994e+01 3.81940193e+01 5.15676689e+01
  endloop
 endfacet
 facet normal 7.68978298e-01 -6.37282252e-01 5.04354425e-02
  outer loop
   vertex 7.24853439e+01 1.73472881e+01 5.86936378e+01
   vertex 7.10509262e+01 1.62855930e+01 5.34519272e+01
   vertex 7.31976547e+01 1.81915131e+01 5.81952896e+01
  endloop
 endfacet
 facet normal 7.53733337e-01 -6.56576991e-01 -2.81547066e-02
  outer loop
   vertex 7.31976547e+01 1.81915131e+01 5.81952896e+01
   vertex 7.10509262e+01 1.62855930e+01 5.34519272e+01
   vertex 7.18338318e+01 1.72012463e+01 5.30555267e+01
  endloop
 endfacet
 facet normal 5.83437324e-01 -7.80735910e-01 2.23723739e-01
  outer loop
   vertex 7.13106232e+01 1.43486748e+01 7.10379486e+01
   vertex 6.87867050e+01 1.24932785e+01 6.26912308e+01
   vertex 7.08305130e+01 1.41009932e+01 6.73609695e+01
  endloop
 endfacet
 facet normal 6.52713478e-01 -7.56118178e-01 -4.74383980e-02
  outer loop
   vertex 6.82969055e+01 1.24591513e+01 5.85761909e+01
   vertex 7.06759567e+01 1.42499828e+01 6.60719147e+01
   vertex 6.87867050e+01 1.24932785e+01 6.26912308e+01
  endloop
 endfacet
 facet normal 6.22594237e-01 -7.81604886e-01 -3.83434780e-02
  outer loop
   vertex 6.87867050e+01 1.24932785e+01 6.26912308e+01
   vertex 7.06759567e+01 1.42499828e+01 6.60719147e+01
   vertex 7.08305130e+01 1.41009932e+01 6.73609695e+01
  endloop
 endfacet
 facet normal 9.24044609e-01 -3.37456614e-01 -1.79623380e-01
  outer loop
   vertex 8.85470428e+01 4.41019135e+01 5.63378487e+01
   vertex 8.73588943e+01 4.08775291e+01 5.64403076e+01
   vertex 8.69867935e+01 4.29821548e+01 5.14157295e+01
  endloop
 endfacet
 facet normal 9.16037798e-01 -3.52084935e-01 -1.92122251e-01
  outer loop
   vertex 8.69867935e+01 4.29821548e+01 5.14157295e+01
   vertex 8.73588943e+01 4.08775291e+01 5.64403076e+01
   vertex 8.58083572e+01 3.97829323e+01 5.15193787e+01
  endloop
 endfacet
 facet normal 9.57750678e-01 -4.36245576e-02 -2.84272045e-01
  outer loop
   vertex 9.04018555e+01 6.04343452e+01 5.08177795e+01
   vertex 9.04860382e+01 6.42715759e+01 5.06347656e+01
   vertex 9.20305328e+01 6.16180763e+01 5.57778969e+01
  endloop
 endfacet
 facet normal 9.62338030e-01 -2.44501363e-02 -2.70753950e-01
  outer loop
   vertex 9.20305328e+01 6.16180763e+01 5.57778969e+01
   vertex 9.04860382e+01 6.42715759e+01 5.06347656e+01
   vertex 9.21122894e+01 6.54883728e+01 5.56026993e+01
  endloop
 endfacet
 facet normal 9.31146204e-01 1.70947298e-01 -3.22092772e-01
  outer loop
   vertex 8.94754257e+01 7.44375381e+01 5.00952682e+01
   vertex 8.88372040e+01 7.75110626e+01 4.99301758e+01
   vertex 9.10722122e+01 7.57143097e+01 5.50918655e+01
  endloop
 endfacet
 facet normal 9.33462262e-01 1.85832605e-01 -3.06780815e-01
  outer loop
   vertex 9.10722122e+01 7.57143097e+01 5.50918655e+01
   vertex 8.88372040e+01 7.75110626e+01 4.99301758e+01
   vertex 9.04342270e+01 7.88112259e+01 5.49392586e+01
  endloop
 endfacet
 facet normal 9.09521639e-01 2.66275942e-01 -3.19166958e-01
  outer loop
   vertex 8.86221466e+01 8.52129364e+01 5.45817490e+01
   vertex 8.96359634e+01 8.19499817e+01 5.47763405e+01
   vertex 8.70480042e+01 8.38199844e+01 4.95558929e+01
  endloop
 endfacet
 facet normal 9.08322215e-01 2.50762135e-01 -3.34767282e-01
  outer loop
   vertex 8.70480042e+01 8.38199844e+01 4.95558929e+01
   vertex 8.96359634e+01 8.19499817e+01 5.47763405e+01
   vertex 8.80420990e+01 8.06116333e+01 4.97563286e+01
  endloop
 endfacet
 facet normal 8.49800289e-01 3.93780857e-01 -3.50394130e-01
  outer loop
   vertex 8.08164597e+01 9.89506073e+01 4.85205841e+01
   vertex 7.93859787e+01 1.01816895e+02 4.82964363e+01
   vertex 8.23300171e+01 1.00431946e+02 5.35712929e+01
  endloop
 endfacet
 facet normal 8.52190673e-01 4.02769208e-01 -3.33988100e-01
  outer loop
   vertex 8.23300171e+01 1.00431946e+02 5.35712929e+01
   vertex 7.93859787e+01 1.01816895e+02 4.82964363e+01
   vertex 8.08957672e+01 1.03296608e+02 5.33477058e+01
  endloop
 endfacet
 facet normal 8.16642106e-01 4.54285085e-01 -3.55978519e-01
  outer loop
   vertex 7.48160858e+01 1.10307999e+02 4.77280312e+01
   vertex 7.31673355e+01 1.13088348e+02 4.75232735e+01
   vertex 7.63262177e+01 1.11789238e+02 5.27989731e+01
  endloop
 endfacet
 facet normal 8.17960620e-01 4.64365959e-01 -3.39565486e-01
  outer loop
   vertex 7.63262177e+01 1.11789238e+02 5.27989731e+01
   vertex 7.31673355e+01 1.13088348e+02 4.75232735e+01
   vertex 7.46746521e+01 1.14568420e+02 5.25969543e+01
  endloop
 endfacet
 facet normal 8.37051213e-01 4.31112230e-01 -3.36879104e-01
  outer loop
   vertex 7.78999252e+01 1.08974258e+02 5.29652367e+01
   vertex 7.94163895e+01 1.06138504e+02 5.31354370e+01
   vertex 7.63904953e+01 1.07494553e+02 4.79033012e+01
  endloop
 endfacet
 facet normal 8.34733248e-01 4.22411054e-01 -3.53255302e-01
  outer loop
   vertex 7.63904953e+01 1.07494553e+02 4.79033012e+01
   vertex 7.94163895e+01 1.06138504e+02 5.31354370e+01
   vertex 7.79080658e+01 1.04660217e+02 4.80821762e+01
  endloop
 endfacet
 facet normal 7.85086691e-01 5.05622685e-01 -3.57749313e-01
  outer loop
   vertex 6.78666611e+01 1.21316124e+02 4.69668312e+01
   vertex 6.60173950e+01 1.24034126e+02 4.67617874e+01
   vertex 6.93665848e+01 1.22792366e+02 5.20644608e+01
  endloop
 endfacet
 facet normal 7.88743317e-01 5.11593342e-01 -3.40816945e-01
  outer loop
   vertex 6.93665848e+01 1.22792366e+02 5.20644608e+01
   vertex 6.60173950e+01 1.24034126e+02 4.67617874e+01
   vertex 6.75154724e+01 1.25509331e+02 5.18642464e+01
  endloop
 endfacet
 facet normal 7.98419893e-01 4.96060759e-01 -3.41246873e-01
  outer loop
   vertex 7.11837616e+01 1.20063820e+02 5.22292557e+01
   vertex 7.29566574e+01 1.17322861e+02 5.23948784e+01
   vertex 6.96823425e+01 1.18586861e+02 4.71423874e+01
  endloop
 endfacet
 facet normal 7.96658278e-01 4.87055689e-01 -3.57927889e-01
  outer loop
   vertex 6.96823425e+01 1.18586861e+02 4.71423874e+01
   vertex 7.29566574e+01 1.17322861e+02 5.23948784e+01
   vertex 7.14530716e+01 1.15844810e+02 4.73181419e+01
  endloop
 endfacet
 facet normal -2.28541464e-01 -5.54022044e-02 9.71956491e-01
  outer loop
   vertex 7.15818634e+01 1.02304916e+02 5.62787361e+01
   vertex 7.87302780e+01 1.05939987e+02 5.44595184e+01
   vertex 7.02229614e+01 1.04918411e+02 5.61130371e+01
  endloop
 endfacet
 facet normal 2.07343046e-03 6.44666329e-02 9.97917712e-01
  outer loop
   vertex 7.02229614e+01 1.04918411e+02 5.61130371e+01
   vertex 7.87302780e+01 1.05939987e+02 5.44595184e+01
   vertex 7.72293549e+01 1.08746178e+02 5.42910080e+01
  endloop
 endfacet
 facet normal -1.86945930e-01 -1.92100421e-01 -9.63404715e-01
  outer loop
   vertex 6.37154160e+01 1.08507828e+02 2.38060093e+01
   vertex 6.54048462e+01 1.05753906e+02 2.40248756e+01
   vertex 5.64515724e+01 1.04108742e+02 2.58912735e+01
  endloop
 endfacet
 facet normal -5.39011419e-01 -3.83645773e-01 -7.49855042e-01
  outer loop
   vertex 5.64515724e+01 1.04108742e+02 2.58912735e+01
   vertex 6.54048462e+01 1.05753906e+02 2.40248756e+01
   vertex 5.80427284e+01 1.01463547e+02 2.61111431e+01
  endloop
 endfacet
 facet normal -1.83912799e-01 -1.96525797e-01 -9.63095903e-01
  outer loop
   vertex 6.19612350e+01 1.11244415e+02 2.35831680e+01
   vertex 6.37154160e+01 1.08507828e+02 2.38060093e+01
   vertex 5.47920494e+01 1.06756729e+02 2.56626358e+01
  endloop
 endfacet
 facet normal -5.32153130e-01 -3.94629896e-01 -7.49052942e-01
  outer loop
   vertex 5.47920494e+01 1.06756729e+02 2.56626358e+01
   vertex 6.37154160e+01 1.08507828e+02 2.38060093e+01
   vertex 5.64515724e+01 1.04108742e+02 2.58912735e+01
  endloop
 endfacet
 facet normal -1.80755779e-01 -2.02109501e-01 -9.62537825e-01
  outer loop
   vertex 5.83264923e+01 1.16677605e+02 2.31305237e+01
   vertex 6.01592636e+01 1.13966660e+02 2.33576012e+01
   vertex 5.13376884e+01 1.11985832e+02 2.52082596e+01
  endloop
 endfacet
 facet normal -5.22218764e-01 -4.10736233e-01 -7.47384310e-01
  outer loop
   vertex 5.13376884e+01 1.11985832e+02 2.52082596e+01
   vertex 6.01592636e+01 1.13966660e+02 2.33576012e+01
   vertex 5.30815964e+01 1.09388680e+02 2.54325466e+01
  endloop
 endfacet
 facet normal -5.27131140e-01 3.60366076e-01 -7.69590199e-01
  outer loop
   vertex 5.64785728e+01 1.19383095e+02 2.29026012e+01
   vertex 5.83264923e+01 1.16677605e+02 2.31305237e+01
   vertex 4.95770226e+01 1.14565559e+02 2.49868965e+01
  endloop
 endfacet
 facet normal -6.78089440e-01 -1.45606741e-01 -7.20411956e-01
  outer loop
   vertex 4.95770226e+01 1.14565559e+02 2.49868965e+01
   vertex 5.83264923e+01 1.16677605e+02 2.31305237e+01
   vertex 5.13376884e+01 1.11985832e+02 2.52082596e+01
  endloop
 endfacet
 facet normal 2.11728156e-01 9.12046075e-01 -3.51202488e-01
  outer loop
   vertex 6.56473923e+01 1.28220505e+02 5.16462593e+01
   vertex 6.75154724e+01 1.25509331e+02 5.18642464e+01
   vertex 6.41513138e+01 1.26746475e+02 4.65419388e+01
  endloop
 endfacet
 facet normal 5.31171918e-01 7.70594120e-01 -3.52194726e-01
  outer loop
   vertex 6.41513138e+01 1.26746475e+02 4.65419388e+01
   vertex 6.75154724e+01 1.25509331e+02 5.18642464e+01
   vertex 6.60173950e+01 1.24034126e+02 4.67617874e+01
  endloop
 endfacet
 facet normal 7.92172074e-01 5.06059349e-01 -3.41126621e-01
  outer loop
   vertex 6.93665848e+01 1.22792366e+02 5.20644608e+01
   vertex 7.11837616e+01 1.20063820e+02 5.22292557e+01
   vertex 6.78666611e+01 1.21316124e+02 4.69668312e+01
  endloop
 endfacet
 facet normal 7.89305627e-01 4.98807937e-01 -3.58032554e-01
  outer loop
   vertex 6.78666611e+01 1.21316124e+02 4.69668312e+01
   vertex 7.11837616e+01 1.20063820e+02 5.22292557e+01
   vertex 6.96823425e+01 1.18586861e+02 4.71423874e+01
  endloop
 endfacet
 facet normal 8.07556510e-01 4.81416881e-01 -3.40720177e-01
  outer loop
   vertex 7.29566574e+01 1.17322861e+02 5.23948784e+01
   vertex 7.46746521e+01 1.14568420e+02 5.25969543e+01
   vertex 7.14530716e+01 1.15844810e+02 4.73181419e+01
  endloop
 endfacet
 facet normal 8.06342542e-01 4.71418232e-01 -3.57178599e-01
  outer loop
   vertex 7.14530716e+01 1.15844810e+02 4.73181419e+01
   vertex 7.46746521e+01 1.14568420e+02 5.25969543e+01
   vertex 7.31673355e+01 1.13088348e+02 4.75232735e+01
  endloop
 endfacet
 facet normal 8.28101754e-01 4.47059214e-01 -3.38209331e-01
  outer loop
   vertex 7.63262177e+01 1.11789238e+02 5.27989731e+01
   vertex 7.78999252e+01 1.08974258e+02 5.29652367e+01
   vertex 7.48160858e+01 1.10307999e+02 4.77280312e+01
  endloop
 endfacet
 facet normal 8.26344669e-01 4.37480718e-01 -3.54633778e-01
  outer loop
   vertex 7.48160858e+01 1.10307999e+02 4.77280312e+01
   vertex 7.78999252e+01 1.08974258e+02 5.29652367e+01
   vertex 7.63904953e+01 1.07494553e+02 4.79033012e+01
  endloop
 endfacet
 facet normal 8.44756365e-01 4.16937709e-01 -3.35484117e-01
  outer loop
   vertex 7.94163895e+01 1.06138504e+02 5.31354370e+01
   vertex 8.08957672e+01 1.03296608e+02 5.33477058e+01
   vertex 7.79080658e+01 1.04660217e+02 4.80821762e+01
  endloop
 endfacet
 facet normal 8.42296779e-01 4.08374906e-01 -3.51803988e-01
  outer loop
   vertex 7.79080658e+01 1.04660217e+02 4.80821762e+01
   vertex 8.08957672e+01 1.03296608e+02 5.33477058e+01
   vertex 7.93859787e+01 1.01816895e+02 4.82964363e+01
  endloop
 endfacet
 facet normal 8.60002160e-01 3.87071460e-01 -3.32523555e-01
  outer loop
   vertex 8.23300171e+01 1.00431946e+02 5.35712929e+01
   vertex 8.37113647e+01 9.75281525e+01 5.37764359e+01
   vertex 8.08164597e+01 9.89506073e+01 4.85205841e+01
  endloop
 endfacet
 facet normal 8.57791781e-01 3.77353102e-01 -3.48995507e-01
  outer loop
   vertex 8.08164597e+01 9.89506073e+01 4.85205841e+01
   vertex 8.37113647e+01 9.75281525e+01 5.37764359e+01
   vertex 8.21919556e+01 9.60475769e+01 4.87299118e+01
  endloop
 endfacet
 facet normal 9.22161996e-01 2.26773694e-01 -3.13354343e-01
  outer loop
   vertex 8.96359634e+01 8.19499817e+01 5.47763405e+01
   vertex 9.04342270e+01 7.88112259e+01 5.49392586e+01
   vertex 8.80420990e+01 8.06116333e+01 4.97563286e+01
  endloop
 endfacet
 facet normal 9.20802832e-01 2.10262075e-01 -3.28499705e-01
  outer loop
   vertex 8.80420990e+01 8.06116333e+01 4.97563286e+01
   vertex 9.04342270e+01 7.88112259e+01 5.49392586e+01
   vertex 8.88372040e+01 7.75110626e+01 4.99301758e+01
  endloop
 endfacet
 facet normal 9.62717891e-01 -7.98868462e-02 -2.58442074e-01
  outer loop
   vertex 9.20305328e+01 6.16180763e+01 5.57778969e+01
   vertex 9.17268524e+01 5.78642273e+01 5.59327087e+01
   vertex 9.04018555e+01 6.04343452e+01 5.08177795e+01
  endloop
 endfacet
 facet normal 9.57415044e-01 -9.86164808e-02 -2.71350652e-01
  outer loop
   vertex 9.04018555e+01 6.04343452e+01 5.08177795e+01
   vertex 9.17268524e+01 5.78642273e+01 5.59327087e+01
   vertex 9.01024551e+01 5.66880417e+01 5.09814148e+01
  endloop
 endfacet
 facet normal 9.36347306e-01 -2.92188466e-01 -1.94626957e-01
  outer loop
   vertex 8.95767517e+01 4.73824921e+01 5.62358894e+01
   vertex 8.85470428e+01 4.41019135e+01 5.63378487e+01
   vertex 8.80032272e+01 4.62394104e+01 5.13122330e+01
  endloop
 endfacet
 facet normal 9.29144382e-01 -3.06242496e-01 -2.07138315e-01
  outer loop
   vertex 8.80032272e+01 4.62394104e+01 5.13122330e+01
   vertex 8.85470428e+01 4.41019135e+01 5.63378487e+01
   vertex 8.69867935e+01 4.29821548e+01 5.14157295e+01
  endloop
 endfacet
 facet normal -3.93376738e-01 5.03953218e-01 7.68951178e-01
  outer loop
   vertex 6.50382996e+01 1.27884201e+02 5.29792137e+01
   vertex 5.87359428e+01 1.23477119e+02 5.47815895e+01
   vertex 6.68969727e+01 1.25187485e+02 5.31965981e+01
  endloop
 endfacet
 facet normal -3.92363966e-01 1.50869623e-01 9.07352686e-01
  outer loop
   vertex 6.68969727e+01 1.25187485e+02 5.31965981e+01
   vertex 5.87359428e+01 1.23477119e+02 5.47815895e+01
   vertex 6.05393448e+01 1.20885292e+02 5.49926758e+01
  endloop
 endfacet
 facet normal 9.67476368e-01 2.47926027e-01 -5.02208620e-02
  outer loop
   vertex 7.10329819e+01 1.50414047e+01 6.55822144e+01
   vertex 7.09620743e+01 1.53064928e+01 6.59422150e+01
   vertex 7.11239624e+01 1.49227839e+01 6.68022156e+01
  endloop
 endfacet
 facet normal 9.39977169e-01 3.38770419e-01 -4.09574322e-02
  outer loop
   vertex 7.11239624e+01 1.49227839e+01 6.68022156e+01
   vertex 7.09620743e+01 1.53064928e+01 6.59422150e+01
   vertex 7.10537491e+01 1.51849117e+01 6.71569977e+01
  endloop
 endfacet
 facet normal 7.73470342e-01 -4.70134735e-01 4.25108135e-01
  outer loop
   vertex 7.32024841e+01 1.84358654e+01 5.87804832e+01
   vertex 7.32362900e+01 1.83286247e+01 5.85976295e+01
   vertex 7.40074081e+01 1.93869495e+01 5.83770027e+01
  endloop
 endfacet
 facet normal 7.73472011e-01 -5.15389800e-01 3.68936837e-01
  outer loop
   vertex 7.40074081e+01 1.93869495e+01 5.83770027e+01
   vertex 7.32362900e+01 1.83286247e+01 5.85976295e+01
   vertex 7.40439148e+01 1.92828751e+01 5.81935349e+01
  endloop
 endfacet
 facet normal 7.82108843e-01 -5.72273672e-01 2.46594116e-01
  outer loop
   vertex 7.32362900e+01 1.83286247e+01 5.85976295e+01
   vertex 7.32346268e+01 1.82459393e+01 5.83995667e+01
   vertex 7.40439148e+01 1.92828751e+01 5.81935349e+01
  endloop
 endfacet
 facet normal 7.81023264e-01 -5.89928508e-01 2.04907298e-01
  outer loop
   vertex 7.40439148e+01 1.92828751e+01 5.81935349e+01
   vertex 7.32346268e+01 1.82459393e+01 5.83995667e+01
   vertex 7.40442963e+01 1.92026100e+01 5.79950943e+01
  endloop
 endfacet
 facet normal 7.75733888e-01 -6.20987415e-01 1.12301253e-01
  outer loop
   vertex 7.32346268e+01 1.82459393e+01 5.83995667e+01
   vertex 7.31976547e+01 1.81915131e+01 5.81952896e+01
   vertex 7.40442963e+01 1.92026100e+01 5.79950943e+01
  endloop
 endfacet
 facet normal 7.72444963e-01 -6.32851422e-01 5.31780347e-02
  outer loop
   vertex 7.40442963e+01 1.92026100e+01 5.79950943e+01
   vertex 7.31976547e+01 1.81915131e+01 5.81952896e+01
   vertex 7.40085220e+01 1.91498051e+01 5.77907639e+01
  endloop
 endfacet
 facet normal 1.84736297e-01 1.56404302e-01 9.70262945e-01
  outer loop
   vertex 7.33927307e+01 2.00728226e+01 5.88193893e+01
   vertex 7.35559998e+01 1.99345818e+01 5.88109322e+01
   vertex 7.42636719e+01 2.11097298e+01 5.85173874e+01
  endloop
 endfacet
 facet normal 2.07598448e-01 9.86067206e-02 9.73231494e-01
  outer loop
   vertex 7.42636719e+01 2.11097298e+01 5.85173874e+01
   vertex 7.35559998e+01 1.99345818e+01 5.88109322e+01
   vertex 7.44313354e+01 2.09762783e+01 5.85074043e+01
  endloop
 endfacet
 facet normal 7.94401467e-01 -4.97029662e-01 3.49124372e-01
  outer loop
   vertex 8.09347229e+01 2.84461727e+01 5.72268562e+01
   vertex 8.18924255e+01 2.99637680e+01 5.71891632e+01
   vertex 8.08985596e+01 2.85387421e+01 5.74192657e+01
  endloop
 endfacet
 facet normal 7.77144194e-01 -4.75157768e-01 4.12640303e-01
  outer loop
   vertex 8.08985596e+01 2.85387421e+01 5.74192657e+01
   vertex 8.18924255e+01 2.99637680e+01 5.71891632e+01
   vertex 8.18555679e+01 3.00544949e+01 5.73816910e+01
  endloop
 endfacet
 facet normal 8.36579859e-01 -5.28825939e-01 1.43098801e-01
  outer loop
   vertex 8.09316177e+01 2.83723564e+01 5.70236893e+01
   vertex 8.18893967e+01 2.98908615e+01 5.69862556e+01
   vertex 8.09347229e+01 2.84461727e+01 5.72268562e+01
  endloop
 endfacet
 facet normal 8.31534863e-01 -5.14274359e-01 2.09932506e-01
  outer loop
   vertex 8.09347229e+01 2.84461727e+01 5.72268562e+01
   vertex 8.18893967e+01 2.98908615e+01 5.69862556e+01
   vertex 8.18924255e+01 2.99637680e+01 5.71891632e+01
  endloop
 endfacet
 facet normal 8.09614658e-01 -4.77960140e-01 3.40702534e-01
  outer loop
   vertex 8.18924255e+01 2.99637680e+01 5.71891632e+01
   vertex 8.28101044e+01 3.15014133e+01 5.71458015e+01
   vertex 8.18555679e+01 3.00544949e+01 5.73816910e+01
  endloop
 endfacet
 facet normal 7.92369664e-01 -4.56452727e-01 4.04723585e-01
  outer loop
   vertex 8.18555679e+01 3.00544949e+01 5.73816910e+01
   vertex 8.28101044e+01 3.15014133e+01 5.71458015e+01
   vertex 8.27722321e+01 3.15897598e+01 5.73385201e+01
  endloop
 endfacet
 facet normal 8.50679696e-01 -5.08417487e-01 1.33625135e-01
  outer loop
   vertex 8.18893967e+01 2.98908615e+01 5.69862556e+01
   vertex 8.28074417e+01 3.14297829e+01 5.69431076e+01
   vertex 8.18924255e+01 2.99637680e+01 5.71891632e+01
  endloop
 endfacet
 facet normal 8.45972180e-01 -4.93948072e-01 2.00863928e-01
  outer loop
   vertex 8.18924255e+01 2.99637680e+01 5.71891632e+01
   vertex 8.28074417e+01 3.14297829e+01 5.69431076e+01
   vertex 8.28101044e+01 3.15014133e+01 5.71458015e+01
  endloop
 endfacet
 facet normal 8.56031775e-01 -5.15139520e-01 -4.29051667e-02
  outer loop
   vertex 8.18476639e+01 2.98384113e+01 5.67818832e+01
   vertex 8.27653961e+01 3.13775158e+01 5.67394142e+01
   vertex 8.18893967e+01 2.98908615e+01 5.69862556e+01
  endloop
 endfacet
 facet normal 8.61366212e-01 -5.07937074e-01 6.94101024e-03
  outer loop
   vertex 8.18893967e+01 2.98908615e+01 5.69862556e+01
   vertex 8.27653961e+01 3.13775158e+01 5.67394142e+01
   vertex 8.28074417e+01 3.14297829e+01 5.69431076e+01
  endloop
 endfacet
 facet normal 8.24379504e-01 -4.58076835e-01 3.32511693e-01
  outer loop
   vertex 8.28101044e+01 3.15014133e+01 5.71458015e+01
   vertex 8.36850357e+01 3.30561790e+01 5.70983238e+01
   vertex 8.27722321e+01 3.15897598e+01 5.73385201e+01
  endloop
 endfacet
 facet normal 8.07142258e-01 -4.36975718e-01 3.96955460e-01
  outer loop
   vertex 8.27722321e+01 3.15897598e+01 5.73385201e+01
   vertex 8.36850357e+01 3.30561790e+01 5.70983238e+01
   vertex 8.36460114e+01 3.31418839e+01 5.72912941e+01
  endloop
 endfacet
 facet normal 8.64422977e-01 -4.87139106e-01 1.24372080e-01
  outer loop
   vertex 8.28074417e+01 3.14297829e+01 5.69431076e+01
   vertex 8.36828842e+01 3.29860039e+01 5.68957748e+01
   vertex 8.28101044e+01 3.15014133e+01 5.71458015e+01
  endloop
 endfacet
 facet normal 8.60029399e-01 -4.72749025e-01 1.91983759e-01
  outer loop
   vertex 8.28101044e+01 3.15014133e+01 5.71458015e+01
   vertex 8.36828842e+01 3.29860039e+01 5.68957748e+01
   vertex 8.36850357e+01 3.30561790e+01 5.70983238e+01
  endloop
 endfacet
 facet normal 8.68149817e-01 -4.93485928e-01 -5.27975745e-02
  outer loop
   vertex 8.27653961e+01 3.13775158e+01 5.67394142e+01
   vertex 8.36406555e+01 3.29340057e+01 5.66926918e+01
   vertex 8.28074417e+01 3.14297829e+01 5.69431076e+01
  endloop
 endfacet
 facet normal 8.73943329e-01 -4.86020178e-01 -2.73511163e-03
  outer loop
   vertex 8.28074417e+01 3.14297829e+01 5.69431076e+01
   vertex 8.36406555e+01 3.29340057e+01 5.66926918e+01
   vertex 8.36828842e+01 3.29860039e+01 5.68957748e+01
  endloop
 endfacet
 facet normal 8.38752985e-01 -4.37333554e-01 3.24396104e-01
  outer loop
   vertex 8.36850357e+01 3.30561790e+01 5.70983238e+01
   vertex 8.45144882e+01 3.46251564e+01 5.70482483e+01
   vertex 8.36460114e+01 3.31418839e+01 5.72912941e+01
  endloop
 endfacet
 facet normal 8.21529627e-01 -4.16635364e-01 3.89235198e-01
  outer loop
   vertex 8.36460114e+01 3.31418839e+01 5.72912941e+01
   vertex 8.45144882e+01 3.46251564e+01 5.70482483e+01
   vertex 8.44743576e+01 3.47082596e+01 5.72415390e+01
  endloop
 endfacet
 facet normal 8.77830088e-01 -4.64898825e-01 1.15253776e-01
  outer loop
   vertex 8.36828842e+01 3.29860039e+01 5.68957748e+01
   vertex 8.45128403e+01 3.45564079e+01 5.68457680e+01
   vertex 8.36850357e+01 3.30561790e+01 5.70983238e+01
  endloop
 endfacet
 facet normal 8.73745143e-01 -4.50559884e-01 1.83208033e-01
  outer loop
   vertex 8.36850357e+01 3.30561790e+01 5.70983238e+01
   vertex 8.45128403e+01 3.45564079e+01 5.68457680e+01
   vertex 8.45144882e+01 3.46251564e+01 5.70482483e+01
  endloop
 endfacet
 facet normal 8.79958868e-01 -4.70923930e-01 -6.24740198e-02
  outer loop
   vertex 8.36406555e+01 3.29340057e+01 5.66926918e+01
   vertex 8.44705353e+01 3.45046768e+01 5.66431808e+01
   vertex 8.36828842e+01 3.29860039e+01 5.68957748e+01
  endloop
 endfacet
 facet normal 8.86223197e-01 -4.63097692e-01 -1.22060925e-02
  outer loop
   vertex 8.36828842e+01 3.29860039e+01 5.68957748e+01
   vertex 8.44705353e+01 3.45046768e+01 5.66431808e+01
   vertex 8.45128403e+01 3.45564079e+01 5.68457680e+01
  endloop
 endfacet
 facet normal 8.52613389e-01 -4.15855855e-01 3.16408396e-01
  outer loop
   vertex 8.45144882e+01 3.46251564e+01 5.70482483e+01
   vertex 8.52956161e+01 3.62054787e+01 5.69971466e+01
   vertex 8.44743576e+01 3.47082596e+01 5.72415390e+01
  endloop
 endfacet
 facet normal 8.35255742e-01 -3.95802587e-01 3.81691188e-01
  outer loop
   vertex 8.44743576e+01 3.47082596e+01 5.72415390e+01
   vertex 8.52956161e+01 3.62054787e+01 5.69971466e+01
   vertex 8.52546234e+01 3.62863846e+01 5.71907845e+01
  endloop
 endfacet
 facet normal 8.90764117e-01 -4.41843748e-01 1.06364675e-01
  outer loop
   vertex 8.45128403e+01 3.45564079e+01 5.68457680e+01
   vertex 8.52944107e+01 3.61379128e+01 5.67946434e+01
   vertex 8.45144882e+01 3.46251564e+01 5.70482483e+01
  endloop
 endfacet
 facet normal 8.86817813e-01 -4.27818894e-01 1.74714506e-01
  outer loop
   vertex 8.45144882e+01 3.46251564e+01 5.70482483e+01
   vertex 8.52944107e+01 3.61379128e+01 5.67946434e+01
   vertex 8.52956161e+01 3.62054787e+01 5.69971466e+01
  endloop
 endfacet
 facet normal 8.91364992e-01 -4.47566152e-01 -7.17841908e-02
  outer loop
   vertex 8.44705353e+01 3.45046768e+01 5.66431808e+01
   vertex 8.52520599e+01 3.60863495e+01 5.65923843e+01
   vertex 8.45128403e+01 3.45564079e+01 5.68457680e+01
  endloop
 endfacet
 facet normal 8.97939384e-01 -4.39605594e-01 -2.12558918e-02
  outer loop
   vertex 8.45128403e+01 3.45564079e+01 5.68457680e+01
   vertex 8.52520599e+01 3.60863495e+01 5.65923843e+01
   vertex 8.52944107e+01 3.61379128e+01 5.67946434e+01
  endloop
 endfacet
 facet normal 8.65561366e-01 -3.94316524e-01 3.08736116e-01
  outer loop
   vertex 8.52956161e+01 3.62054787e+01 5.69971466e+01
   vertex 8.60304413e+01 3.77955742e+01 5.69452057e+01
   vertex 8.52546234e+01 3.62863846e+01 5.71907845e+01
  endloop
 endfacet
 facet normal 8.47989142e-01 -3.75111580e-01 3.74440521e-01
  outer loop
   vertex 8.52546234e+01 3.62863846e+01 5.71907845e+01
   vertex 8.60304413e+01 3.77955742e+01 5.69452057e+01
   vertex 8.59887314e+01 3.78746376e+01 5.71392174e+01
  endloop
 endfacet
 facet normal 9.02794063e-01 -4.18767989e-01 9.79602858e-02
  outer loop
   vertex 8.52944107e+01 3.61379128e+01 5.67946434e+01
   vertex 8.60295868e+01 3.77289734e+01 5.67426033e+01
   vertex 8.52956161e+01 3.62054787e+01 5.69971466e+01
  endloop
 endfacet
 facet normal 8.98858011e-01 -4.05301511e-01 1.66688234e-01
  outer loop
   vertex 8.52956161e+01 3.62054787e+01 5.69971466e+01
   vertex 8.60295868e+01 3.77289734e+01 5.67426033e+01
   vertex 8.60304413e+01 3.77955742e+01 5.69452057e+01
  endloop
 endfacet
 facet normal 9.01986063e-01 -4.24203187e-01 -8.04539248e-02
  outer loop
   vertex 8.52520599e+01 3.60863495e+01 5.65923843e+01
   vertex 8.59872360e+01 3.76774635e+01 5.65405426e+01
   vertex 8.52944107e+01 3.61379128e+01 5.67946434e+01
  endloop
 endfacet
 facet normal 9.08700228e-01 -4.16394562e-01 -2.96556503e-02
  outer loop
   vertex 8.52944107e+01 3.61379128e+01 5.67946434e+01
   vertex 8.59872360e+01 3.76774635e+01 5.65405426e+01
   vertex 8.60295868e+01 3.77289734e+01 5.67426033e+01
  endloop
 endfacet
 facet normal 8.75919998e-01 -3.76044750e-01 3.02249074e-01
  outer loop
   vertex 8.60304413e+01 3.77955742e+01 5.69452057e+01
   vertex 8.67207108e+01 3.93937340e+01 5.68916855e+01
   vertex 8.59887314e+01 3.78746376e+01 5.71392174e+01
  endloop
 endfacet
 facet normal 8.56656790e-01 -3.60477567e-01 3.69046211e-01
  outer loop
   vertex 8.59887314e+01 3.78746376e+01 5.71392174e+01
   vertex 8.67207108e+01 3.93937340e+01 5.68916855e+01
   vertex 8.66784897e+01 3.94713211e+01 5.70862656e+01
  endloop
 endfacet
 facet normal 9.12407517e-01 -3.99045348e-01 9.09688473e-02
  outer loop
   vertex 8.60295868e+01 3.77289734e+01 5.67426033e+01
   vertex 8.67201157e+01 3.93278427e+01 5.66887589e+01
   vertex 8.60304413e+01 3.77955742e+01 5.69452057e+01
  endloop
 endfacet
 facet normal 9.07084107e-01 -3.89011949e-01 1.60835817e-01
  outer loop
   vertex 8.60304413e+01 3.77955742e+01 5.69452057e+01
   vertex 8.67201157e+01 3.93278427e+01 5.66887589e+01
   vertex 8.67207108e+01 3.93937340e+01 5.68916855e+01
  endloop
 endfacet
 facet normal 9.10499215e-01 -4.04138088e-01 -8.75418931e-02
  outer loop
   vertex 8.59872360e+01 3.76774635e+01 5.65405426e+01
   vertex 8.66777191e+01 3.92762718e+01 5.64866371e+01
   vertex 8.60295868e+01 3.77289734e+01 5.67426033e+01
  endloop
 endfacet
 facet normal 9.16108310e-01 -3.99339050e-01 -3.56920175e-02
  outer loop
   vertex 8.60295868e+01 3.77289734e+01 5.67426033e+01
   vertex 8.66777191e+01 3.92762718e+01 5.64866371e+01
   vertex 8.67201157e+01 3.93278427e+01 5.66887589e+01
  endloop
 endfacet
 facet normal 8.84532511e-01 -3.60134870e-01 2.96488047e-01
  outer loop
   vertex 8.67207108e+01 3.93937340e+01 5.68916855e+01
   vertex 8.74015732e+01 4.09943161e+01 5.68451080e+01
   vertex 8.66784897e+01 3.94713211e+01 5.70862656e+01
  endloop
 endfacet
 facet normal 8.67197573e-01 -3.41614783e-01 3.62308890e-01
  outer loop
   vertex 8.66784897e+01 3.94713211e+01 5.70862656e+01
   vertex 8.74015732e+01 4.09943161e+01 5.68451080e+01
   vertex 8.73589096e+01 4.10704498e+01 5.70399132e+01
  endloop
 endfacet
 facet normal 9.20328856e-01 -3.81800741e-01 8.49883556e-02
  outer loop
   vertex 8.67201157e+01 3.93278427e+01 5.66887589e+01
   vertex 8.74012299e+01 4.09291344e+01 5.66421967e+01
   vertex 8.67207108e+01 3.93937340e+01 5.68916855e+01
  endloop
 endfacet
 facet normal 9.16852891e-01 -3.68412375e-01 1.53795540e-01
  outer loop
   vertex 8.67207108e+01 3.93937340e+01 5.68916855e+01
   vertex 8.74012299e+01 4.09291344e+01 5.66421967e+01
   vertex 8.74015732e+01 4.09943161e+01 5.68451080e+01
  endloop
 endfacet
 facet normal 9.17561054e-01 -3.86428446e-01 -9.35666114e-02
  outer loop
   vertex 8.66777191e+01 3.92762718e+01 5.64866371e+01
   vertex 8.73588943e+01 4.08775291e+01 5.64403076e+01
   vertex 8.67201157e+01 3.93278427e+01 5.66887589e+01
  endloop
 endfacet
 facet normal 9.24831927e-01 -3.77961040e-01 -4.27940115e-02
  outer loop
   vertex 8.67201157e+01 3.93278427e+01 5.66887589e+01
   vertex 8.73588943e+01 4.08775291e+01 5.64403076e+01
   vertex 8.74012299e+01 4.09291344e+01 5.66421967e+01
  endloop
 endfacet
 facet normal 8.99354160e-01 -3.30357999e-01 2.86401361e-01
  outer loop
   vertex 8.74015732e+01 4.09943161e+01 5.68451080e+01
   vertex 8.85897217e+01 4.42184219e+01 5.67429810e+01
   vertex 8.73589096e+01 4.10704498e+01 5.70399132e+01
  endloop
 endfacet
 facet normal 8.84935737e-01 -3.06394041e-01 3.50729793e-01
  outer loop
   vertex 8.73589096e+01 4.10704498e+01 5.70399132e+01
   vertex 8.85897217e+01 4.42184219e+01 5.67429810e+01
   vertex 8.85465927e+01 4.42927513e+01 5.69384956e+01
  endloop
 endfacet
 facet normal 9.33683276e-01 -3.50279063e-01 7.44320303e-02
  outer loop
   vertex 8.74012299e+01 4.09291344e+01 5.66421967e+01
   vertex 8.85895462e+01 4.41539383e+01 5.65397224e+01
   vertex 8.74015732e+01 4.09943161e+01 5.68451080e+01
  endloop
 endfacet
 facet normal 9.33157802e-01 -3.30604047e-01 1.41129166e-01
  outer loop
   vertex 8.74015732e+01 4.09943161e+01 5.68451080e+01
   vertex 8.85895462e+01 4.41539383e+01 5.65397224e+01
   vertex 8.85897217e+01 4.42184219e+01 5.67429810e+01
  endloop
 endfacet
 facet normal 9.29273665e-01 -3.54434162e-01 -1.04052395e-01
  outer loop
   vertex 8.73588943e+01 4.08775291e+01 5.64403076e+01
   vertex 8.85470428e+01 4.41019135e+01 5.63378487e+01
   vertex 8.74012299e+01 4.09291344e+01 5.66421967e+01
  endloop
 endfacet
 facet normal 9.39080536e-01 -3.39160502e-01 -5.56583367e-02
  outer loop
   vertex 8.74012299e+01 4.09291344e+01 5.66421967e+01
   vertex 8.85470428e+01 4.41019135e+01 5.63378487e+01
   vertex 8.85895462e+01 4.41539383e+01 5.65397224e+01
  endloop
 endfacet
 facet normal 7.55316317e-01 -6.39440417e-01 -1.43573225e-01
  outer loop
   vertex 7.05596237e+01 1.43919334e+01 6.48678818e+01
   vertex 7.06902390e+01 1.44635639e+01 6.52226257e+01
   vertex 7.06759567e+01 1.42499828e+01 6.60719147e+01
  endloop
 endfacet
 facet normal 7.35177875e-01 -6.61301970e-01 -1.48973718e-01
  outer loop
   vertex 7.06759567e+01 1.42499828e+01 6.60719147e+01
   vertex 7.06902390e+01 1.44635639e+01 6.52226257e+01
   vertex 7.08059616e+01 1.43204927e+01 6.64312592e+01
  endloop
 endfacet
 facet normal 9.96143281e-01 -2.96851471e-02 -8.25670585e-02
  outer loop
   vertex 7.10917587e+01 1.47298393e+01 6.63967209e+01
   vertex 7.11239624e+01 1.49227839e+01 6.68022156e+01
   vertex 7.12034988e+01 1.45832882e+01 6.76167679e+01
  endloop
 endfacet
 facet normal 9.96005118e-01 6.71192929e-02 -5.88968359e-02
  outer loop
   vertex 7.12034988e+01 1.45832882e+01 6.76167679e+01
   vertex 7.11239624e+01 1.49227839e+01 6.68022156e+01
   vertex 7.12357483e+01 1.47746334e+01 6.80254974e+01
  endloop
 endfacet
 facet normal 7.49564052e-01 -6.48570418e-01 -1.32326126e-01
  outer loop
   vertex 7.06759567e+01 1.42499828e+01 6.60719147e+01
   vertex 7.08059616e+01 1.43204927e+01 6.64312592e+01
   vertex 7.08305130e+01 1.41009932e+01 6.73609695e+01
  endloop
 endfacet
 facet normal 8.32974553e-01 -5.43544292e-01 -1.03503563e-01
  outer loop
   vertex 7.09553223e+01 1.43792572e+01 6.68031769e+01
   vertex 7.10987396e+01 1.44575987e+01 6.72005920e+01
   vertex 7.12481308e+01 1.44164305e+01 6.85801086e+01
  endloop
 endfacet
 facet normal 9.97186840e-01 6.40045479e-02 -3.90105806e-02
  outer loop
   vertex 7.12034988e+01 1.45832882e+01 6.76167679e+01
   vertex 7.12357483e+01 1.47746334e+01 6.80254974e+01
   vertex 7.12530060e+01 1.47166281e+01 6.92188263e+01
  endloop
 endfacet
 facet normal 8.80442023e-01 4.74153489e-01 5.19772584e-04
  outer loop
   vertex 7.11672211e+01 1.50357075e+01 6.83843460e+01
   vertex 7.09813995e+01 1.53536215e+01 6.86404266e+01
   vertex 7.11016235e+01 1.51677694e+01 6.97306595e+01
  endloop
 endfacet
 facet normal 7.99718022e-01 -5.80626488e-01 1.52721763e-01
  outer loop
   vertex 7.08305130e+01 1.41009932e+01 6.73609695e+01
   vertex 7.12481308e+01 1.44164305e+01 6.85801086e+01
   vertex 7.13106232e+01 1.43486748e+01 7.10379486e+01
  endloop
 endfacet
 facet normal 9.34639990e-01 -2.99492627e-01 1.91708654e-01
  outer loop
   vertex 7.12481308e+01 1.44164305e+01 6.85801086e+01
   vertex 7.12530060e+01 1.47166281e+01 6.92188263e+01
   vertex 7.13106232e+01 1.43486748e+01 7.10379486e+01
  endloop
 endfacet
 facet normal 9.73819554e-01 2.41704546e-02 2.26033881e-01
  outer loop
   vertex 7.12530060e+01 1.47166281e+01 6.92188263e+01
   vertex 7.11016235e+01 1.51677694e+01 6.97306595e+01
   vertex 7.13106232e+01 1.43486748e+01 7.10379486e+01
  endloop
 endfacet
 facet normal 9.50269103e-01 -3.05700600e-01 5.94628081e-02
  outer loop
   vertex 8.85895462e+01 4.41539383e+01 5.65397224e+01
   vertex 8.96195145e+01 4.74348297e+01 5.64376259e+01
   vertex 8.85897217e+01 4.42184219e+01 5.67429810e+01
  endloop
 endfacet
 facet normal 9.49403763e-01 -2.87423283e-01 1.26571551e-01
  outer loop
   vertex 8.85897217e+01 4.42184219e+01 5.67429810e+01
   vertex 8.96195145e+01 4.74348297e+01 5.64376259e+01
   vertex 8.96196976e+01 4.74985046e+01 5.66411400e+01
  endloop
 endfacet
 facet normal 9.43565965e-01 -3.09001237e-01 -1.19170010e-01
  outer loop
   vertex 8.85470428e+01 4.41019135e+01 5.63378487e+01
   vertex 8.95767517e+01 4.73824921e+01 5.62358894e+01
   vertex 8.85895462e+01 4.41539383e+01 5.65397224e+01
  endloop
 endfacet
 facet normal 9.53045487e-01 -2.94451684e-01 -7.07285404e-02
  outer loop
   vertex 8.85895462e+01 4.41539383e+01 5.65397224e+01
   vertex 8.95767517e+01 4.73824921e+01 5.62358894e+01
   vertex 8.96195145e+01 4.74348297e+01 5.64376259e+01
  endloop
 endfacet
 facet normal 9.33748245e-01 -2.46894836e-01 2.59147018e-01
  outer loop
   vertex 8.96196976e+01 4.74985046e+01 5.66411400e+01
   vertex 9.05193100e+01 5.08668442e+01 5.65551567e+01
   vertex 8.95762939e+01 4.75709305e+01 5.68372955e+01
  endloop
 endfacet
 facet normal 9.18549299e-01 -2.25103274e-01 3.24954867e-01
  outer loop
   vertex 8.95762939e+01 4.75709305e+01 5.68372955e+01
   vertex 9.05193100e+01 5.08668442e+01 5.65551567e+01
   vertex 9.04752502e+01 5.09361229e+01 5.67515755e+01
  endloop
 endfacet
 facet normal 9.64163959e-01 -2.61511385e-01 4.47178744e-02
  outer loop
   vertex 8.96195145e+01 4.74348297e+01 5.64376259e+01
   vertex 9.05194016e+01 5.08048477e+01 5.63518143e+01
   vertex 8.96196976e+01 4.74985046e+01 5.66411400e+01
  endloop
 endfacet
 facet normal 9.63581622e-01 -2.42745191e-01 1.12183683e-01
  outer loop
   vertex 8.96196976e+01 4.74985046e+01 5.66411400e+01
   vertex 9.05194016e+01 5.08048477e+01 5.63518143e+01
   vertex 9.05193100e+01 5.08668442e+01 5.65551567e+01
  endloop
 endfacet
 facet normal 9.55174267e-01 -2.63776779e-01 -1.34401917e-01
  outer loop
   vertex 8.95767517e+01 4.73824921e+01 5.62358894e+01
   vertex 9.04764481e+01 5.07527275e+01 5.61507301e+01
   vertex 8.96195145e+01 4.74348297e+01 5.64376259e+01
  endloop
 endfacet
 facet normal 9.64821935e-01 -2.48436257e-01 -8.60121027e-02
  outer loop
   vertex 8.96195145e+01 4.74348297e+01 5.64376259e+01
   vertex 9.04764481e+01 5.07527275e+01 5.61507301e+01
   vertex 9.05194016e+01 5.08048477e+01 5.63518143e+01
  endloop
 endfacet
 facet normal 7.57069826e-01 -1.45421609e-01 6.36944175e-01
  outer loop
   vertex 9.03883209e+01 5.10095634e+01 5.69317436e+01
   vertex 9.11163864e+01 5.44868584e+01 5.68392067e+01
   vertex 9.02618942e+01 5.10837517e+01 5.70866089e+01
  endloop
 endfacet
 facet normal 7.14277387e-01 -1.18797958e-01 6.89706326e-01
  outer loop
   vertex 9.02618942e+01 5.10837517e+01 5.70866089e+01
   vertex 9.11163864e+01 5.44868584e+01 5.68392067e+01
   vertex 9.09889221e+01 5.45562134e+01 5.69943886e+01
  endloop
 endfacet
 facet normal 8.74559343e-01 -1.76446781e-01 4.51677382e-01
  outer loop
   vertex 9.04752502e+01 5.09361229e+01 5.67515755e+01
   vertex 9.12043381e+01 5.44172173e+01 5.66589241e+01
   vertex 9.03883209e+01 5.10095634e+01 5.69317436e+01
  endloop
 endfacet
 facet normal 8.45278978e-01 -1.50082275e-01 5.12814522e-01
  outer loop
   vertex 9.03883209e+01 5.10095634e+01 5.69317436e+01
   vertex 9.12043381e+01 5.44172173e+01 5.66589241e+01
   vertex 9.11163864e+01 5.44868584e+01 5.68392067e+01
  endloop
 endfacet
 facet normal 9.48807359e-01 -1.98838413e-01 2.45413736e-01
  outer loop
   vertex 9.05193100e+01 5.08668442e+01 5.65551567e+01
   vertex 9.12492371e+01 5.43506432e+01 5.64625473e+01
   vertex 9.04752502e+01 5.09361229e+01 5.67515755e+01
  endloop
 endfacet
 facet normal 9.34179604e-01 -1.74004391e-01 3.11497897e-01
  outer loop
   vertex 9.04752502e+01 5.09361229e+01 5.67515755e+01
   vertex 9.12492371e+01 5.43506432e+01 5.64625473e+01
   vertex 9.12043381e+01 5.44172173e+01 5.66589241e+01
  endloop
 endfacet
 facet normal 9.76926982e-01 -2.11544886e-01 2.93681771e-02
  outer loop
   vertex 9.05194016e+01 5.08048477e+01 5.63518143e+01
   vertex 9.12497787e+01 5.42901611e+01 5.62594643e+01
   vertex 9.05193100e+01 5.08668442e+01 5.65551567e+01
  endloop
 endfacet
 facet normal 9.77126777e-01 -1.89377069e-01 9.67449248e-02
  outer loop
   vertex 9.05193100e+01 5.08668442e+01 5.65551567e+01
   vertex 9.12497787e+01 5.42901611e+01 5.62594643e+01
   vertex 9.12492371e+01 5.43506432e+01 5.64625473e+01
  endloop
 endfacet
 facet normal 9.65214610e-01 -2.13767841e-01 -1.50545835e-01
  outer loop
   vertex 9.04764481e+01 5.07527275e+01 5.61507301e+01
   vertex 9.12067490e+01 5.42383881e+01 5.60589638e+01
   vertex 9.05194016e+01 5.08048477e+01 5.63518143e+01
  endloop
 endfacet
 facet normal 9.75416839e-01 -1.95057169e-01 -1.02540918e-01
  outer loop
   vertex 9.05194016e+01 5.08048477e+01 5.63518143e+01
   vertex 9.12067490e+01 5.42383881e+01 5.60589638e+01
   vertex 9.12497787e+01 5.42901611e+01 5.62594643e+01
  endloop
 endfacet
 facet normal 6.16200626e-01 -6.74391910e-02 7.84696579e-01
  outer loop
   vertex 9.09889221e+01 5.45562134e+01 5.69943886e+01
   vertex 9.15060959e+01 5.81806068e+01 5.68704338e+01
   vertex 9.08275986e+01 5.46218758e+01 5.71163254e+01
  endloop
 endfacet
 facet normal 5.60910523e-01 -4.35983837e-02 8.26727629e-01
  outer loop
   vertex 9.08275986e+01 5.46218758e+01 5.71163254e+01
   vertex 9.15060959e+01 5.81806068e+01 5.68704338e+01
   vertex 9.13442841e+01 5.82454605e+01 5.69928131e+01
  endloop
 endfacet
 facet normal 7.72492528e-01 -9.70438719e-02 6.27564907e-01
  outer loop
   vertex 9.11163864e+01 5.44868584e+01 5.68392067e+01
   vertex 9.16343460e+01 5.81119347e+01 5.67150154e+01
   vertex 9.09889221e+01 5.45562134e+01 5.69943886e+01
  endloop
 endfacet
 facet normal 7.28719532e-01 -7.12350830e-02 6.81097209e-01
  outer loop
   vertex 9.09889221e+01 5.45562134e+01 5.69943886e+01
   vertex 9.16343460e+01 5.81119347e+01 5.67150154e+01
   vertex 9.15060959e+01 5.81806068e+01 5.68704338e+01
  endloop
 endfacet
 facet normal 9.73367870e-01 -1.56464115e-01 -1.67552873e-01
  outer loop
   vertex 9.12067490e+01 5.42383881e+01 5.60589638e+01
   vertex 9.17268524e+01 5.78642273e+01 5.59327087e+01
   vertex 9.12497787e+01 5.42901611e+01 5.62594643e+01
  endloop
 endfacet
 facet normal 9.83523548e-01 -1.35889933e-01 -1.19228356e-01
  outer loop
   vertex 9.12497787e+01 5.42901611e+01 5.62594643e+01
   vertex 9.17268524e+01 5.78642273e+01 5.59327087e+01
   vertex 9.17700272e+01 5.79160652e+01 5.61339264e+01
  endloop
 endfacet
 facet normal 6.28679633e-01 -2.48096008e-02 7.77268589e-01
  outer loop
   vertex 9.15060959e+01 5.81806068e+01 5.68704338e+01
   vertex 9.18039017e+01 6.19257851e+01 5.67204437e+01
   vertex 9.13442841e+01 5.82454605e+01 5.69928131e+01
  endloop
 endfacet
 facet normal 5.72715580e-01 -4.97121923e-03 8.19739044e-01
  outer loop
   vertex 9.13442841e+01 5.82454605e+01 5.69928131e+01
   vertex 9.18039017e+01 6.19257851e+01 5.67204437e+01
   vertex 9.16407242e+01 6.19867249e+01 5.68439751e+01
  endloop
 endfacet
 facet normal 9.78229582e-01 -9.74662602e-02 -1.83213562e-01
  outer loop
   vertex 9.17268524e+01 5.78642273e+01 5.59327087e+01
   vertex 9.20305328e+01 6.16180763e+01 5.57778969e+01
   vertex 9.17700272e+01 5.79160652e+01 5.61339264e+01
  endloop
 endfacet
 facet normal 9.88015234e-01 -7.65738338e-02 -1.34023577e-01
  outer loop
   vertex 9.17700272e+01 5.79160652e+01 5.61339264e+01
   vertex 9.20305328e+01 6.16180763e+01 5.57778969e+01
   vertex 9.20735550e+01 6.16699333e+01 5.59800682e+01
  endloop
 endfacet
 facet normal 7.94272363e-01 4.22049453e-03 6.07547224e-01
  outer loop
   vertex 9.19337769e+01 6.18605080e+01 5.65640945e+01
   vertex 9.20106735e+01 6.57065277e+01 5.63907127e+01
   vertex 9.18039017e+01 6.19257851e+01 5.67204437e+01
  endloop
 endfacet
 facet normal 7.49031842e-01 2.37138420e-02 6.62109494e-01
  outer loop
   vertex 9.18039017e+01 6.19257851e+01 5.67204437e+01
   vertex 9.20106735e+01 6.57065277e+01 5.63907127e+01
   vertex 9.18791428e+01 6.57582016e+01 5.65492401e+01
  endloop
 endfacet
 facet normal 8.00263882e-01 5.47497831e-02 5.97143352e-01
  outer loop
   vertex 9.20106735e+01 6.57065277e+01 5.63907127e+01
   vertex 9.18658524e+01 6.94123764e+01 5.62126312e+01
   vertex 9.18791428e+01 6.57582016e+01 5.65492401e+01
  endloop
 endfacet
 facet normal 7.54608333e-01 7.29442984e-02 6.52108431e-01
  outer loop
   vertex 9.18791428e+01 6.57582016e+01 5.65492401e+01
   vertex 9.18658524e+01 6.94123764e+01 5.62126312e+01
   vertex 9.17337494e+01 6.94472351e+01 5.63734169e+01
  endloop
 endfacet
 facet normal 8.02285552e-01 1.07957974e-01 5.87097049e-01
  outer loop
   vertex 9.18658524e+01 6.94123764e+01 5.62126312e+01
   vertex 9.14975662e+01 7.27404022e+01 5.60463104e+01
   vertex 9.17337494e+01 6.94472351e+01 5.63734169e+01
  endloop
 endfacet
 facet normal 7.56028175e-01 1.23067237e-01 6.42865300e-01
  outer loop
   vertex 9.17337494e+01 6.94472351e+01 5.63734169e+01
   vertex 9.14975662e+01 7.27404022e+01 5.60463104e+01
   vertex 9.13656464e+01 7.27627792e+01 5.62089157e+01
  endloop
 endfacet
 facet normal 8.00598502e-01 1.55221641e-01 5.78747153e-01
  outer loop
   vertex 9.14975662e+01 7.27404022e+01 5.60463104e+01
   vertex 9.09661942e+01 7.58574142e+01 5.58882828e+01
   vertex 9.13656464e+01 7.27627792e+01 5.62089157e+01
  endloop
 endfacet
 facet normal 7.54630387e-01 1.62765920e-01 6.35641575e-01
  outer loop
   vertex 9.13656464e+01 7.27627792e+01 5.62089157e+01
   vertex 9.09661942e+01 7.58574142e+01 5.58882828e+01
   vertex 9.08354568e+01 7.58687286e+01 5.60527344e+01
  endloop
 endfacet
 facet normal 9.08672273e-01 1.61987796e-01 3.84804755e-01
  outer loop
   vertex 9.15906296e+01 7.27088318e+01 5.58601074e+01
   vertex 9.10584488e+01 7.58349609e+01 5.57005844e+01
   vertex 9.14975662e+01 7.27404022e+01 5.60463104e+01
  endloop
 endfacet
 facet normal 8.75874996e-01 1.74123541e-01 4.50026661e-01
  outer loop
   vertex 9.14975662e+01 7.27404022e+01 5.60463104e+01
   vertex 9.10584488e+01 7.58349609e+01 5.57005844e+01
   vertex 9.09661942e+01 7.58574142e+01 5.58882828e+01
  endloop
 endfacet
 facet normal 9.03333306e-01 2.02183291e-01 3.78299981e-01
  outer loop
   vertex 9.10584488e+01 7.58349609e+01 5.57005844e+01
   vertex 9.04223709e+01 7.89188919e+01 5.55485573e+01
   vertex 9.09661942e+01 7.58574142e+01 5.58882828e+01
  endloop
 endfacet
 facet normal 8.70873153e-01 2.11229518e-01 4.43804085e-01
  outer loop
   vertex 9.09661942e+01 7.58574142e+01 5.58882828e+01
   vertex 9.04223709e+01 7.89188919e+01 5.55485573e+01
   vertex 9.03320236e+01 7.89310379e+01 5.57374458e+01
  endloop
 endfacet
 facet normal 9.64873075e-01 2.03583241e-01 1.66053772e-01
  outer loop
   vertex 9.11079559e+01 7.58024902e+01 5.54987793e+01
   vertex 9.04705734e+01 7.88939438e+01 5.53460083e+01
   vertex 9.10584488e+01 7.58349609e+01 5.57005844e+01
  endloop
 endfacet
 facet normal 9.47106302e-01 2.16946200e-01 2.36482546e-01
  outer loop
   vertex 9.10584488e+01 7.58349609e+01 5.57005844e+01
   vertex 9.04705734e+01 7.88939438e+01 5.53460083e+01
   vertex 9.04223709e+01 7.89188919e+01 5.55485573e+01
  endloop
 endfacet
 facet normal 9.79339004e-01 1.95005417e-01 -5.35542034e-02
  outer loop
   vertex 9.11125412e+01 7.57616119e+01 5.52926025e+01
   vertex 9.04745331e+01 7.88574600e+01 5.51396103e+01
   vertex 9.11079559e+01 7.58024902e+01 5.54987793e+01
  endloop
 endfacet
 facet normal 9.77101922e-01 2.11996377e-01 1.81476679e-02
  outer loop
   vertex 9.11079559e+01 7.58024902e+01 5.54987793e+01
   vertex 9.04745331e+01 7.88574600e+01 5.51396103e+01
   vertex 9.04705734e+01 7.88939438e+01 5.53460083e+01
  endloop
 endfacet
 facet normal 9.55209911e-01 1.80617407e-01 -2.34417051e-01
  outer loop
   vertex 9.10722122e+01 7.57143097e+01 5.50918655e+01
   vertex 9.04342270e+01 7.88112259e+01 5.49392586e+01
   vertex 9.11125412e+01 7.57616119e+01 5.52926025e+01
  endloop
 endfacet
 facet normal 9.62943077e-01 1.98507935e-01 -1.82579279e-01
  outer loop
   vertex 9.11125412e+01 7.57616119e+01 5.52926025e+01
   vertex 9.04342270e+01 7.88112259e+01 5.49392586e+01
   vertex 9.04745331e+01 7.88574600e+01 5.51396103e+01
  endloop
 endfacet
 facet normal 7.92354345e-01 2.26536900e-01 5.66441178e-01
  outer loop
   vertex 9.03320236e+01 7.89310379e+01 5.57374458e+01
   vertex 8.95379410e+01 8.20502472e+01 5.55756760e+01
   vertex 9.02037735e+01 7.89297485e+01 5.59034309e+01
  endloop
 endfacet
 facet normal 7.46362686e-01 2.32147366e-01 6.23738945e-01
  outer loop
   vertex 9.02037735e+01 7.89297485e+01 5.59034309e+01
   vertex 8.95379410e+01 8.20502472e+01 5.55756760e+01
   vertex 8.94125900e+01 8.20375748e+01 5.57427750e+01
  endloop
 endfacet
 facet normal 8.96128118e-01 2.41840526e-01 3.72112334e-01
  outer loop
   vertex 9.04223709e+01 7.89188919e+01 5.55485573e+01
   vertex 8.96260834e+01 8.20472488e+01 5.53859367e+01
   vertex 9.03320236e+01 7.89310379e+01 5.57374458e+01
  endloop
 endfacet
 facet normal 8.62983048e-01 2.52824515e-01 4.37424242e-01
  outer loop
   vertex 9.03320236e+01 7.89310379e+01 5.57374458e+01
   vertex 8.96260834e+01 8.20472488e+01 5.53859367e+01
   vertex 8.95379410e+01 8.20502472e+01 5.55756760e+01
  endloop
 endfacet
 facet normal 9.56184208e-01 2.45231926e-01 1.59915686e-01
  outer loop
   vertex 9.04705734e+01 7.88939438e+01 5.53460083e+01
   vertex 8.96728745e+01 8.20288010e+01 5.51828575e+01
   vertex 9.04223709e+01 7.89188919e+01 5.55485573e+01
  endloop
 endfacet
 facet normal 9.37527359e-01 2.61046141e-01 2.29994267e-01
  outer loop
   vertex 9.04223709e+01 7.89188919e+01 5.55485573e+01
   vertex 8.96728745e+01 8.20288010e+01 5.51828575e+01
   vertex 8.96260834e+01 8.20472488e+01 5.53859367e+01
  endloop
 endfacet
 facet normal 9.69761670e-01 2.36653984e-01 -5.96417747e-02
  outer loop
   vertex 9.04745331e+01 7.88574600e+01 5.51396103e+01
   vertex 8.96761780e+01 8.19958344e+01 5.49763374e+01
   vertex 9.04705734e+01 7.88939438e+01 5.53460083e+01
  endloop
 endfacet
 facet normal 9.66474891e-01 2.56495178e-01 1.16824647e-02
  outer loop
   vertex 9.04705734e+01 7.88939438e+01 5.53460083e+01
   vertex 8.96761780e+01 8.19958344e+01 5.49763374e+01
   vertex 8.96728745e+01 8.20288010e+01 5.51828575e+01
  endloop
 endfacet
 facet normal 9.45173204e-01 2.20802113e-01 -2.40611687e-01
  outer loop
   vertex 9.04342270e+01 7.88112259e+01 5.49392586e+01
   vertex 8.96359634e+01 8.19499817e+01 5.47763405e+01
   vertex 9.04745331e+01 7.88574600e+01 5.51396103e+01
  endloop
 endfacet
 facet normal 9.51828122e-01 2.41414949e-01 -1.89055666e-01
  outer loop
   vertex 9.04745331e+01 7.88574600e+01 5.51396103e+01
   vertex 8.96359634e+01 8.19499817e+01 5.47763405e+01
   vertex 8.96761780e+01 8.19958344e+01 5.49763374e+01
  endloop
 endfacet
 facet normal 8.85718584e-01 2.86068708e-01 3.65605354e-01
  outer loop
   vertex 8.96260834e+01 8.20472488e+01 5.53859367e+01
   vertex 8.86129456e+01 8.53059845e+01 5.51924629e+01
   vertex 8.95379410e+01 8.20502472e+01 5.55756760e+01
  endloop
 endfacet
 facet normal 8.52770209e-01 2.94710815e-01 4.31194246e-01
  outer loop
   vertex 8.95379410e+01 8.20502472e+01 5.55756760e+01
   vertex 8.86129456e+01 8.53059845e+01 5.51924629e+01
   vertex 8.85265045e+01 8.53032684e+01 5.53831444e+01
  endloop
 endfacet
 facet normal 9.44346845e-01 2.91040421e-01 1.53311670e-01
  outer loop
   vertex 8.96728745e+01 8.20288010e+01 5.51828575e+01
   vertex 8.86587677e+01 8.52911987e+01 5.49887238e+01
   vertex 8.96260834e+01 8.20472488e+01 5.53859367e+01
  endloop
 endfacet
 facet normal 9.25699949e-01 3.05084229e-01 2.23613963e-01
  outer loop
   vertex 8.96260834e+01 8.20472488e+01 5.53859367e+01
   vertex 8.86587677e+01 8.52911987e+01 5.49887238e+01
   vertex 8.86129456e+01 8.53059845e+01 5.51924629e+01
  endloop
 endfacet
 facet normal 9.57179785e-01 2.81826973e-01 -6.61847666e-02
  outer loop
   vertex 8.96761780e+01 8.19958344e+01 5.49763374e+01
   vertex 8.86618423e+01 8.52596588e+01 5.47818260e+01
   vertex 8.96728745e+01 8.20288010e+01 5.51828575e+01
  endloop
 endfacet
 facet normal 9.53745067e-01 3.00568670e-01 5.36696007e-03
  outer loop
   vertex 8.96728745e+01 8.20288010e+01 5.51828575e+01
   vertex 8.86618423e+01 8.52596588e+01 5.47818260e+01
   vertex 8.86587677e+01 8.52911987e+01 5.49887238e+01
  endloop
 endfacet
 facet normal 9.32487786e-01 2.63548732e-01 -2.46999189e-01
  outer loop
   vertex 8.96359634e+01 8.19499817e+01 5.47763405e+01
   vertex 8.86221466e+01 8.52129364e+01 5.45817490e+01
   vertex 8.96761780e+01 8.19958344e+01 5.49763374e+01
  endloop
 endfacet
 facet normal 9.38905120e-01 2.83513784e-01 -1.95133597e-01
  outer loop
   vertex 8.96761780e+01 8.19958344e+01 5.49763374e+01
   vertex 8.86221466e+01 8.52129364e+01 5.45817490e+01
   vertex 8.86618423e+01 8.52596588e+01 5.47818260e+01
  endloop
 endfacet
 facet normal 8.75162125e-01 3.23448122e-01 3.59822959e-01
  outer loop
   vertex 8.86129456e+01 8.53059845e+01 5.51924629e+01
   vertex 8.74673920e+01 8.85575867e+01 5.49862862e+01
   vertex 8.85265045e+01 8.53032684e+01 5.53831444e+01
  endloop
 endfacet
 facet normal 8.43582094e-01 3.27307642e-01 4.25721616e-01
  outer loop
   vertex 8.85265045e+01 8.53032684e+01 5.53831444e+01
   vertex 8.74673920e+01 8.85575867e+01 5.49862862e+01
   vertex 8.73820724e+01 8.85519409e+01 5.51779671e+01
  endloop
 endfacet
 facet normal 9.32456374e-01 3.29752117e-01 1.47609949e-01
  outer loop
   vertex 8.86587677e+01 8.52911987e+01 5.49887238e+01
   vertex 8.75126419e+01 8.85443954e+01 5.47817726e+01
   vertex 8.86129456e+01 8.53059845e+01 5.51924629e+01
  endloop
 endfacet
 facet normal 9.14935946e-01 3.39498073e-01 2.18250468e-01
  outer loop
   vertex 8.86129456e+01 8.53059845e+01 5.51924629e+01
   vertex 8.75126419e+01 8.85443954e+01 5.47817726e+01
   vertex 8.74673920e+01 8.85575867e+01 5.49862862e+01
  endloop
 endfacet
 facet normal 9.44701135e-01 3.20022732e-01 -7.15902820e-02
  outer loop
   vertex 8.86618423e+01 8.52596588e+01 5.47818260e+01
   vertex 8.75157394e+01 8.85130310e+01 5.45743103e+01
   vertex 8.86587677e+01 8.52911987e+01 5.49887238e+01
  endloop
 endfacet
 facet normal 9.42149580e-01 3.35192621e-01 3.56847595e-04
  outer loop
   vertex 8.86587677e+01 8.52911987e+01 5.49887238e+01
   vertex 8.75157394e+01 8.85130310e+01 5.45743103e+01
   vertex 8.75126419e+01 8.85443954e+01 5.47817726e+01
  endloop
 endfacet
 facet normal 9.20144737e-01 2.99753785e-01 -2.51955122e-01
  outer loop
   vertex 8.86221466e+01 8.52129364e+01 5.45817490e+01
   vertex 8.74766312e+01 8.84650574e+01 5.43738632e+01
   vertex 8.86618423e+01 8.52596588e+01 5.47818260e+01
  endloop
 endfacet
 facet normal 9.27231133e-01 3.16840321e-01 -1.99636370e-01
  outer loop
   vertex 8.86618423e+01 8.52596588e+01 5.47818260e+01
   vertex 8.74766312e+01 8.84650574e+01 5.43738632e+01
   vertex 8.75157394e+01 8.85130310e+01 5.45743103e+01
  endloop
 endfacet
 facet normal 9.22451437e-01 3.58708709e-01 1.42868653e-01
  outer loop
   vertex 8.75126419e+01 8.85443954e+01 5.47817726e+01
   vertex 8.63190536e+01 9.16517563e+01 5.45808907e+01
   vertex 8.74673920e+01 8.85575867e+01 5.49862862e+01
  endloop
 endfacet
 facet normal 9.05573368e-01 3.66572231e-01 2.13451907e-01
  outer loop
   vertex 8.74673920e+01 8.85575867e+01 5.49862862e+01
   vertex 8.63190536e+01 9.16517563e+01 5.45808907e+01
   vertex 8.62740250e+01 9.16646423e+01 5.47861710e+01
  endloop
 endfacet
 facet normal 9.34114218e-01 3.48848045e-01 -7.57341161e-02
  outer loop
   vertex 8.75157394e+01 8.85130310e+01 5.45743103e+01
   vertex 8.63221817e+01 9.16201477e+01 5.43727951e+01
   vertex 8.75126419e+01 8.85443954e+01 5.47817726e+01
  endloop
 endfacet
 facet normal 9.31930661e-01 3.62615943e-01 -3.86389391e-03
  outer loop
   vertex 8.75126419e+01 8.85443954e+01 5.47817726e+01
   vertex 8.63221817e+01 9.16201477e+01 5.43727951e+01
   vertex 8.63190536e+01 9.16517563e+01 5.45808907e+01
  endloop
 endfacet
 facet normal 9.09686983e-01 3.27447444e-01 -2.55436331e-01
  outer loop
   vertex 8.74766312e+01 8.84650574e+01 5.43738632e+01
   vertex 8.62833862e+01 9.15713959e+01 5.41717644e+01
   vertex 8.75157394e+01 8.85130310e+01 5.45743103e+01
  endloop
 endfacet
 facet normal 9.16920722e-01 3.43501449e-01 -2.03133270e-01
  outer loop
   vertex 8.75157394e+01 8.85130310e+01 5.45743103e+01
   vertex 8.62833862e+01 9.15713959e+01 5.41717644e+01
   vertex 8.63221817e+01 9.16201477e+01 5.43727951e+01
  endloop
 endfacet
 facet normal 8.58259261e-01 3.75473917e-01 3.49871963e-01
  outer loop
   vertex 8.62740250e+01 9.16646423e+01 5.47861710e+01
   vertex 8.50218048e+01 9.46725006e+01 5.45898933e+01
   vertex 8.61892090e+01 9.16581879e+01 5.49787827e+01
  endloop
 endfacet
 facet normal 8.27988982e-01 3.76178175e-01 4.15841579e-01
  outer loop
   vertex 8.61892090e+01 9.16581879e+01 5.49787827e+01
   vertex 8.50218048e+01 9.46725006e+01 5.45898933e+01
   vertex 8.49367447e+01 9.46668167e+01 5.47832794e+01
  endloop
 endfacet
 facet normal 9.12889123e-01 3.84027958e-01 1.38405114e-01
  outer loop
   vertex 8.63190536e+01 9.16517563e+01 5.45808907e+01
   vertex 8.50670624e+01 9.46588745e+01 5.43839149e+01
   vertex 8.62740250e+01 9.16646423e+01 5.47861710e+01
  endloop
 endfacet
 facet normal 8.96233201e-01 3.91308993e-01 2.08909974e-01
  outer loop
   vertex 8.62740250e+01 9.16646423e+01 5.47861710e+01
   vertex 8.50670624e+01 9.46588745e+01 5.43839149e+01
   vertex 8.50218048e+01 9.46725006e+01 5.45898933e+01
  endloop
 endfacet
 facet normal 9.23955619e-01 3.74149084e-01 -7.94886202e-02
  outer loop
   vertex 8.63221817e+01 9.16201477e+01 5.43727951e+01
   vertex 8.50704422e+01 9.46266327e+01 5.41751137e+01
   vertex 8.63190536e+01 9.16517563e+01 5.45808907e+01
  endloop
 endfacet
 facet normal 9.21759188e-01 3.87684226e-01 -7.80587411e-03
  outer loop
   vertex 8.63190536e+01 9.16517563e+01 5.45808907e+01
   vertex 8.50704422e+01 9.46266327e+01 5.41751137e+01
   vertex 8.50670624e+01 9.46588745e+01 5.43839149e+01
  endloop
 endfacet
 facet normal 8.99652660e-01 3.51911187e-01 -2.58425176e-01
  outer loop
   vertex 8.62833862e+01 9.15713959e+01 5.41717644e+01
   vertex 8.50318604e+01 9.45773239e+01 5.39733391e+01
   vertex 8.63221817e+01 9.16201477e+01 5.43727951e+01
  endloop
 endfacet
 facet normal 9.06678140e-01 3.67937833e-01 -2.06292316e-01
  outer loop
   vertex 8.63221817e+01 9.16201477e+01 5.43727951e+01
   vertex 8.50318604e+01 9.45773239e+01 5.39733391e+01
   vertex 8.50704422e+01 9.46266327e+01 5.41751137e+01
  endloop
 endfacet
 facet normal 7.55776584e-01 3.69945556e-01 5.40316582e-01
  outer loop
   vertex 8.49367447e+01 9.46668167e+01 5.47832794e+01
   vertex 8.36135101e+01 9.76226501e+01 5.45891571e+01
   vertex 8.48158264e+01 9.46420517e+01 5.49548683e+01
  endloop
 endfacet
 facet normal 7.13926911e-01 3.62854123e-01 5.98869979e-01
  outer loop
   vertex 8.48158264e+01 9.46420517e+01 5.49548683e+01
   vertex 8.36135101e+01 9.76226501e+01 5.45891571e+01
   vertex 8.34914474e+01 9.76000900e+01 5.47612991e+01
  endloop
 endfacet
 facet normal 8.49633038e-01 3.98444295e-01 3.45493555e-01
  outer loop
   vertex 8.50218048e+01 9.46725006e+01 5.45898933e+01
   vertex 8.36996002e+01 9.76264648e+01 5.43952179e+01
   vertex 8.49367447e+01 9.46668167e+01 5.47832794e+01
  endloop
 endfacet
 facet normal 8.19794297e-01 3.98089051e-01 4.11658198e-01
  outer loop
   vertex 8.49367447e+01 9.46668167e+01 5.47832794e+01
   vertex 8.36996002e+01 9.76264648e+01 5.43952179e+01
   vertex 8.36135101e+01 9.76226501e+01 5.45891571e+01
  endloop
 endfacet
 facet normal 9.03086424e-01 4.07889545e-01 1.34391144e-01
  outer loop
   vertex 8.50670624e+01 9.46588745e+01 5.43839149e+01
   vertex 8.37457047e+01 9.76113663e+01 5.41886177e+01
   vertex 8.50218048e+01 9.46725006e+01 5.45898933e+01
  endloop
 endfacet
 facet normal 8.86745393e-01 4.14315492e-01 2.05000728e-01
  outer loop
   vertex 8.50218048e+01 9.46725006e+01 5.45898933e+01
   vertex 8.37457047e+01 9.76113663e+01 5.41886177e+01
   vertex 8.36996002e+01 9.76264648e+01 5.43952179e+01
  endloop
 endfacet
 facet normal 9.13683414e-01 3.97894949e-01 -8.28383639e-02
  outer loop
   vertex 8.50704422e+01 9.46266327e+01 5.41751137e+01
   vertex 8.37496796e+01 9.75780640e+01 5.39790802e+01
   vertex 8.50670624e+01 9.46588745e+01 5.43839149e+01
  endloop
 endfacet
 facet normal 9.11651611e-01 4.10812706e-01 -1.11479834e-02
  outer loop
   vertex 8.50670624e+01 9.46588745e+01 5.43839149e+01
   vertex 8.37496796e+01 9.75780640e+01 5.39790802e+01
   vertex 8.37457047e+01 9.76113663e+01 5.41886177e+01
  endloop
 endfacet
 facet normal 8.89578223e-01 3.74824971e-01 -2.61068642e-01
  outer loop
   vertex 8.50318604e+01 9.45773239e+01 5.39733391e+01
   vertex 8.37113647e+01 9.75281525e+01 5.37764359e+01
   vertex 8.50704422e+01 9.46266327e+01 5.41751137e+01
  endloop
 endfacet
 facet normal 8.96644533e-01 3.90351146e-01 -2.08936691e-01
  outer loop
   vertex 8.50704422e+01 9.46266327e+01 5.41751137e+01
   vertex 8.37113647e+01 9.75281525e+01 5.37764359e+01
   vertex 8.37496796e+01 9.75780640e+01 5.39790802e+01
  endloop
 endfacet
 facet normal 7.48647273e-01 3.89769882e-01 5.36289752e-01
  outer loop
   vertex 8.36135101e+01 9.76226501e+01 5.45891571e+01
   vertex 8.22317810e+01 1.00525848e+02 5.43869514e+01
   vertex 8.34914474e+01 9.76000900e+01 5.47612991e+01
  endloop
 endfacet
 facet normal 7.07450151e-01 3.81795913e-01 5.94765663e-01
  outer loop
   vertex 8.34914474e+01 9.76000900e+01 5.47612991e+01
   vertex 8.22317810e+01 1.00525848e+02 5.43869514e+01
   vertex 8.21097183e+01 1.00502823e+02 5.45598755e+01
  endloop
 endfacet
 facet normal 8.40969682e-01 4.19559419e-01 3.41672212e-01
  outer loop
   vertex 8.36996002e+01 9.76264648e+01 5.43952179e+01
   vertex 8.23179398e+01 1.00530037e+02 5.41922913e+01
   vertex 8.36135101e+01 9.76226501e+01 5.45891571e+01
  endloop
 endfacet
 facet normal 8.11643660e-01 4.18317109e-01 4.07732010e-01
  outer loop
   vertex 8.36135101e+01 9.76226501e+01 5.45891571e+01
   vertex 8.23179398e+01 1.00530037e+02 5.41922913e+01
   vertex 8.22317810e+01 1.00525848e+02 5.43869514e+01
  endloop
 endfacet
 facet normal 8.93547237e-01 4.29419696e-01 1.31042197e-01
  outer loop
   vertex 8.37457047e+01 9.76113663e+01 5.41886177e+01
   vertex 8.23641510e+01 1.00515175e+02 5.39849815e+01
   vertex 8.36996002e+01 9.76264648e+01 5.43952179e+01
  endloop
 endfacet
 facet normal 8.77583027e-01 4.35005546e-01 2.01539502e-01
  outer loop
   vertex 8.36996002e+01 9.76264648e+01 5.43952179e+01
   vertex 8.23641510e+01 1.00515175e+02 5.39849815e+01
   vertex 8.23179398e+01 1.00530037e+02 5.41922913e+01
  endloop
 endfacet
 facet normal 9.03973162e-01 4.18953091e-01 -8.55033472e-02
  outer loop
   vertex 8.37496796e+01 9.75780640e+01 5.39790802e+01
   vertex 8.23682556e+01 1.00481964e+02 5.37747002e+01
   vertex 8.37457047e+01 9.76113663e+01 5.41886177e+01
  endloop
 endfacet
 facet normal 9.02185798e-01 4.31122839e-01 -1.39251109e-02
  outer loop
   vertex 8.37457047e+01 9.76113663e+01 5.41886177e+01
   vertex 8.23682556e+01 1.00481964e+02 5.37747002e+01
   vertex 8.23641510e+01 1.00515175e+02 5.39849815e+01
  endloop
 endfacet
 facet normal 8.80246282e-01 3.94892901e-01 -2.63108552e-01
  outer loop
   vertex 8.37113647e+01 9.75281525e+01 5.37764359e+01
   vertex 8.23300171e+01 1.00431946e+02 5.35712929e+01
   vertex 8.37496796e+01 9.75780640e+01 5.39790802e+01
  endloop
 endfacet
 facet normal 8.87510657e-01 4.09637958e-01 -2.11001486e-01
  outer loop
   vertex 8.37496796e+01 9.75780640e+01 5.39790802e+01
   vertex 8.23300171e+01 1.00431946e+02 5.35712929e+01
   vertex 8.23682556e+01 1.00481964e+02 5.37747002e+01
  endloop
 endfacet
 facet normal 8.33040714e-01 4.38107401e-01 3.37794513e-01
  outer loop
   vertex 8.23179398e+01 1.00530037e+02 5.41922913e+01
   vertex 8.08878250e+01 1.03386574e+02 5.39705811e+01
   vertex 8.22317810e+01 1.00525848e+02 5.43869514e+01
  endloop
 endfacet
 facet normal 8.04756701e-01 4.35264945e-01 4.03622419e-01
  outer loop
   vertex 8.22317810e+01 1.00525848e+02 5.43869514e+01
   vertex 8.08878250e+01 1.03386574e+02 5.39705811e+01
   vertex 8.08047104e+01 1.03376465e+02 5.41665535e+01
  endloop
 endfacet
 facet normal 8.84829521e-01 4.48045254e-01 1.27797186e-01
  outer loop
   vertex 8.23641510e+01 1.00515175e+02 5.39849815e+01
   vertex 8.09317322e+01 1.03376152e+02 5.37623177e+01
   vertex 8.23179398e+01 1.00530037e+02 5.41922913e+01
  endloop
 endfacet
 facet normal 8.69576991e-01 4.52370942e-01 1.97980806e-01
  outer loop
   vertex 8.23179398e+01 1.00530037e+02 5.41922913e+01
   vertex 8.09317322e+01 1.03376152e+02 5.37623177e+01
   vertex 8.08878250e+01 1.03386574e+02 5.39705811e+01
  endloop
 endfacet
 facet normal 8.95185709e-01 4.36927825e-01 -8.79583880e-02
  outer loop
   vertex 8.23682556e+01 1.00481964e+02 5.37747002e+01
   vertex 8.09344177e+01 1.03345695e+02 5.35514297e+01
   vertex 8.23641510e+01 1.00515175e+02 5.39849815e+01
  endloop
 endfacet
 facet normal 8.93754065e-01 4.48244989e-01 -1.67358872e-02
  outer loop
   vertex 8.23641510e+01 1.00515175e+02 5.39849815e+01
   vertex 8.09344177e+01 1.03345695e+02 5.35514297e+01
   vertex 8.09317322e+01 1.03376152e+02 5.37623177e+01
  endloop
 endfacet
 facet normal 8.71919751e-01 4.11843956e-01 -2.64840513e-01
  outer loop
   vertex 8.23300171e+01 1.00431946e+02 5.35712929e+01
   vertex 8.08957672e+01 1.03296608e+02 5.33477058e+01
   vertex 8.23682556e+01 1.00481964e+02 5.37747002e+01
  endloop
 endfacet
 facet normal 8.79301310e-01 4.25978810e-01 -2.13005245e-01
  outer loop
   vertex 8.23682556e+01 1.00481964e+02 5.37747002e+01
   vertex 8.08957672e+01 1.03296608e+02 5.33477058e+01
   vertex 8.09344177e+01 1.03345695e+02 5.35514297e+01
  endloop
 endfacet
 facet normal 8.27179909e-01 4.51754600e-01 3.34202349e-01
  outer loop
   vertex 8.08878250e+01 1.03386574e+02 5.39705811e+01
   vertex 7.94136734e+01 1.06218727e+02 5.37599335e+01
   vertex 8.08047104e+01 1.03376465e+02 5.41665535e+01
  endloop
 endfacet
 facet normal 8.00381243e-01 4.46150571e-01 4.00424153e-01
  outer loop
   vertex 8.08047104e+01 1.03376465e+02 5.41665535e+01
   vertex 7.94136734e+01 1.06218727e+02 5.37599335e+01
   vertex 7.93343887e+01 1.06201561e+02 5.39570808e+01
  endloop
 endfacet
 facet normal 8.77778113e-01 4.62553263e-01 1.24699801e-01
  outer loop
   vertex 8.09317322e+01 1.03376152e+02 5.37623177e+01
   vertex 7.94546967e+01 1.06213600e+02 5.35508080e+01
   vertex 8.08878250e+01 1.03386574e+02 5.39705811e+01
  endloop
 endfacet
 facet normal 8.63665462e-01 4.64779884e-01 1.95093796e-01
  outer loop
   vertex 8.08878250e+01 1.03386574e+02 5.39705811e+01
   vertex 7.94546967e+01 1.06213600e+02 5.35508080e+01
   vertex 7.94136734e+01 1.06218727e+02 5.37599335e+01
  endloop
 endfacet
 facet normal 8.87541592e-01 4.51764107e-01 -9.04383734e-02
  outer loop
   vertex 8.09344177e+01 1.03345695e+02 5.35514297e+01
   vertex 7.94556046e+01 1.06186432e+02 5.33393860e+01
   vertex 8.09317322e+01 1.03376152e+02 5.37623177e+01
  endloop
 endfacet
 facet normal 8.86807144e-01 4.61741269e-01 -1.91865209e-02
  outer loop
   vertex 8.09317322e+01 1.03376152e+02 5.37623177e+01
   vertex 7.94556046e+01 1.06186432e+02 5.33393860e+01
   vertex 7.94546967e+01 1.06213600e+02 5.35508080e+01
  endloop
 endfacet
 facet normal 8.64264607e-01 4.26541269e-01 -2.66663164e-01
  outer loop
   vertex 8.08957672e+01 1.03296608e+02 5.33477058e+01
   vertex 7.94163895e+01 1.06138504e+02 5.31354370e+01
   vertex 8.09344177e+01 1.03345695e+02 5.35514297e+01
  endloop
 endfacet
 facet normal 8.71894360e-01 4.39997911e-01 -2.14946657e-01
  outer loop
   vertex 8.09344177e+01 1.03345695e+02 5.35514297e+01
   vertex 7.94163895e+01 1.06138504e+02 5.31354370e+01
   vertex 7.94556046e+01 1.06186432e+02 5.33393860e+01
  endloop
 endfacet
 facet normal 2.61943936e-01 1.99908867e-01 9.44151342e-01
  outer loop
   vertex 7.87302780e+01 1.05939987e+02 5.44595184e+01
   vertex 7.89112625e+01 1.06028992e+02 5.43903275e+01
   vertex 7.72293549e+01 1.08746178e+02 5.42910080e+01
  endloop
 endfacet
 facet normal 3.07235450e-01 2.23371193e-01 9.25046861e-01
  outer loop
   vertex 7.72293549e+01 1.08746178e+02 5.42910080e+01
   vertex 7.89112625e+01 1.06028992e+02 5.43903275e+01
   vertex 7.74072952e+01 1.08840614e+02 5.42215500e+01
  endloop
 endfacet
 facet normal 4.63636905e-01 3.01733792e-01 8.33065152e-01
  outer loop
   vertex 7.90772324e+01 1.06104462e+02 5.42797966e+01
   vertex 7.75703354e+01 1.08921471e+02 5.41107101e+01
   vertex 7.89112625e+01 1.06028992e+02 5.43903275e+01
  endloop
 endfacet
 facet normal 4.08129692e-01 2.75128812e-01 8.70479345e-01
  outer loop
   vertex 7.89112625e+01 1.06028992e+02 5.43903275e+01
   vertex 7.75703354e+01 1.08921471e+02 5.41107101e+01
   vertex 7.74072952e+01 1.08840614e+02 5.42215500e+01
  endloop
 endfacet
 facet normal 6.13750100e-01 3.73124480e-01 6.95765018e-01
  outer loop
   vertex 7.92204895e+01 1.06162880e+02 5.41330986e+01
   vertex 7.77108688e+01 1.08984978e+02 5.39636955e+01
   vertex 7.90772324e+01 1.06104462e+02 5.42797966e+01
  endloop
 endfacet
 facet normal 5.65717578e-01 3.52563798e-01 7.45427608e-01
  outer loop
   vertex 7.90772324e+01 1.06104462e+02 5.42797966e+01
   vertex 7.77108688e+01 1.08984978e+02 5.39636955e+01
   vertex 7.75703354e+01 1.08921471e+02 5.41107101e+01
  endloop
 endfacet
 facet normal 7.35323787e-01 4.27131921e-01 5.26172221e-01
  outer loop
   vertex 7.93343887e+01 1.06201561e+02 5.39570808e+01
   vertex 7.78223724e+01 1.09028198e+02 5.37873802e+01
   vertex 7.92204895e+01 1.06162880e+02 5.41330986e+01
  endloop
 endfacet
 facet normal 6.96994781e-01 4.13590729e-01 5.85782349e-01
  outer loop
   vertex 7.92204895e+01 1.06162880e+02 5.41330986e+01
   vertex 7.78223724e+01 1.09028198e+02 5.37873802e+01
   vertex 7.77108688e+01 1.08984978e+02 5.39636955e+01
  endloop
 endfacet
 facet normal 8.22736621e-01 4.61254269e-01 3.32188129e-01
  outer loop
   vertex 7.94136734e+01 1.06218727e+02 5.37599335e+01
   vertex 7.78997040e+01 1.09049156e+02 5.35899773e+01
   vertex 7.93343887e+01 1.06201561e+02 5.39570808e+01
  endloop
 endfacet
 facet normal 7.95888662e-01 4.55380827e-01 3.98985595e-01
  outer loop
   vertex 7.93343887e+01 1.06201561e+02 5.39570808e+01
   vertex 7.78997040e+01 1.09049156e+02 5.35899773e+01
   vertex 7.78223724e+01 1.09028198e+02 5.37873802e+01
  endloop
 endfacet
 facet normal 8.71956706e-01 4.73924726e-01 1.22828640e-01
  outer loop
   vertex 7.94546967e+01 1.06213600e+02 5.35508080e+01
   vertex 7.79393082e+01 1.09046890e+02 5.33806610e+01
   vertex 7.94136734e+01 1.06218727e+02 5.37599335e+01
  endloop
 endfacet
 facet normal 8.57841074e-01 4.76011276e-01 1.93705782e-01
  outer loop
   vertex 7.94136734e+01 1.06218727e+02 5.37599335e+01
   vertex 7.79393082e+01 1.09046890e+02 5.33806610e+01
   vertex 7.78997040e+01 1.09049156e+02 5.35899773e+01
  endloop
 endfacet
 facet normal 8.80724490e-01 4.64581996e-01 -9.21301842e-02
  outer loop
   vertex 7.94556046e+01 1.06186432e+02 5.33393860e+01
   vertex 7.79393616e+01 1.09021523e+02 5.31691551e+01
   vertex 7.94546967e+01 1.06213600e+02 5.35508080e+01
  endloop
 endfacet
 facet normal 8.79993558e-01 4.74542618e-01 -2.05087103e-02
  outer loop
   vertex 7.94546967e+01 1.06213600e+02 5.35508080e+01
   vertex 7.79393616e+01 1.09021523e+02 5.31691551e+01
   vertex 7.79393082e+01 1.09046890e+02 5.33806610e+01
  endloop
 endfacet
 facet normal 8.56902659e-01 4.40200061e-01 -2.68219590e-01
  outer loop
   vertex 7.94163895e+01 1.06138504e+02 5.31354370e+01
   vertex 7.78999252e+01 1.08974258e+02 5.29652367e+01
   vertex 7.94556046e+01 1.06186432e+02 5.33393860e+01
  endloop
 endfacet
 facet normal 8.64469528e-01 4.53776985e-01 -2.16284290e-01
  outer loop
   vertex 7.94556046e+01 1.06186432e+02 5.33393860e+01
   vertex 7.78999252e+01 1.08974258e+02 5.29652367e+01
   vertex 7.79393616e+01 1.09021523e+02 5.31691551e+01
  endloop
 endfacet
 facet normal 2.60724604e-01 2.03083947e-01 9.43811178e-01
  outer loop
   vertex 7.72293549e+01 1.08746178e+02 5.42910080e+01
   vertex 7.74072952e+01 1.08840614e+02 5.42215500e+01
   vertex 7.56575546e+01 1.11555901e+02 5.41232605e+01
  endloop
 endfacet
 facet normal 3.03574473e-01 2.30409443e-01 9.24529076e-01
  outer loop
   vertex 7.56575546e+01 1.11555901e+02 5.41232605e+01
   vertex 7.74072952e+01 1.08840614e+02 5.42215500e+01
   vertex 7.58349304e+01 1.11651192e+02 5.40540352e+01
  endloop
 endfacet
 facet normal 4.60380167e-01 3.08297396e-01 8.32467914e-01
  outer loop
   vertex 7.75703354e+01 1.08921471e+02 5.41107101e+01
   vertex 7.59974670e+01 1.11732918e+02 5.39434509e+01
   vertex 7.74072952e+01 1.08840614e+02 5.42215500e+01
  endloop
 endfacet
 facet normal 4.03131187e-01 2.84435064e-01 8.69817197e-01
  outer loop
   vertex 7.74072952e+01 1.08840614e+02 5.42215500e+01
   vertex 7.59974670e+01 1.11732918e+02 5.39434509e+01
   vertex 7.58349304e+01 1.11651192e+02 5.40540352e+01
  endloop
 endfacet
 facet normal 6.08887255e-01 3.82389605e-01 6.95006847e-01
  outer loop
   vertex 7.77108688e+01 1.08984978e+02 5.39636955e+01
   vertex 7.61376114e+01 1.11797310e+02 5.37966805e+01
   vertex 7.75703354e+01 1.08921471e+02 5.41107101e+01
  endloop
 endfacet
 facet normal 5.59043527e-01 3.64719629e-01 7.44613945e-01
  outer loop
   vertex 7.75703354e+01 1.08921471e+02 5.41107101e+01
   vertex 7.61376114e+01 1.11797310e+02 5.37966805e+01
   vertex 7.59974670e+01 1.11732918e+02 5.39434509e+01
  endloop
 endfacet
 facet normal 7.29096532e-01 4.38704103e-01 5.25316060e-01
  outer loop
   vertex 7.78223724e+01 1.09028198e+02 5.37873802e+01
   vertex 7.62488174e+01 1.11841339e+02 5.36205902e+01
   vertex 7.77108688e+01 1.08984978e+02 5.39636955e+01
  endloop
 endfacet
 facet normal 6.88997746e-01 4.28049356e-01 5.84855378e-01
  outer loop
   vertex 7.77108688e+01 1.08984978e+02 5.39636955e+01
   vertex 7.62488174e+01 1.11841339e+02 5.36205902e+01
   vertex 7.61376114e+01 1.11797310e+02 5.37966805e+01
  endloop
 endfacet
 facet normal 8.15454423e-01 4.74638849e-01 3.31288487e-01
  outer loop
   vertex 7.78997040e+01 1.09049156e+02 5.35899773e+01
   vertex 7.63259888e+01 1.11863022e+02 5.34233627e+01
   vertex 7.78223724e+01 1.09028198e+02 5.37873802e+01
  endloop
 endfacet
 facet normal 7.86959946e-01 4.71485108e-01 3.97989780e-01
  outer loop
   vertex 7.78223724e+01 1.09028198e+02 5.37873802e+01
   vertex 7.63259888e+01 1.11863022e+02 5.34233627e+01
   vertex 7.62488174e+01 1.11841339e+02 5.36205902e+01
  endloop
 endfacet
 facet normal 8.63980472e-01 4.88547206e-01 1.21899046e-01
  outer loop
   vertex 7.79393082e+01 1.09046890e+02 5.33806610e+01
   vertex 7.63655090e+01 1.11861305e+02 5.32141953e+01
   vertex 7.78997040e+01 1.09049156e+02 5.35899773e+01
  endloop
 endfacet
 facet normal 8.48409355e-01 4.93029952e-01 1.92673400e-01
  outer loop
   vertex 7.78997040e+01 1.09049156e+02 5.35899773e+01
   vertex 7.63655090e+01 1.11861305e+02 5.32141953e+01
   vertex 7.63259888e+01 1.11863022e+02 5.34233627e+01
  endloop
 endfacet
 facet normal 8.72427106e-01 4.79797959e-01 -9.30849761e-02
  outer loop
   vertex 7.79393616e+01 1.09021523e+02 5.31691551e+01
   vertex 7.63655701e+01 1.11836327e+02 5.30027924e+01
   vertex 7.79393082e+01 1.09046890e+02 5.33806610e+01
  endloop
 endfacet
 facet normal 8.70498478e-01 4.91698802e-01 -2.15573870e-02
  outer loop
   vertex 7.79393082e+01 1.09046890e+02 5.33806610e+01
   vertex 7.63655701e+01 1.11836327e+02 5.30027924e+01
   vertex 7.63655090e+01 1.11861305e+02 5.32141953e+01
  endloop
 endfacet
 facet normal 8.48556399e-01 4.55413699e-01 -2.69351900e-01
  outer loop
   vertex 7.78999252e+01 1.08974258e+02 5.29652367e+01
   vertex 7.63262177e+01 1.11789238e+02 5.27989731e+01
   vertex 7.79393616e+01 1.09021523e+02 5.31691551e+01
  endloop
 endfacet
 facet normal 8.55253577e-01 4.70402628e-01 -2.17399925e-01
  outer loop
   vertex 7.79393616e+01 1.09021523e+02 5.31691551e+01
   vertex 7.63262177e+01 1.11789238e+02 5.27989731e+01
   vertex 7.63655701e+01 1.11836327e+02 5.30027924e+01
  endloop
 endfacet
 facet normal 4.52443928e-01 3.22768927e-01 8.31333101e-01
  outer loop
   vertex 7.59974670e+01 1.11732918e+02 5.39434509e+01
   vertex 7.43386154e+01 1.14523041e+02 5.37426567e+01
   vertex 7.58349304e+01 1.11651192e+02 5.40540352e+01
  endloop
 endfacet
 facet normal 3.95979822e-01 2.98234522e-01 8.68479192e-01
  outer loop
   vertex 7.58349304e+01 1.11651192e+02 5.40540352e+01
   vertex 7.43386154e+01 1.14523041e+02 5.37426567e+01
   vertex 7.41740570e+01 1.14444534e+02 5.38533859e+01
  endloop
 endfacet
 facet normal 5.99252164e-01 3.99582148e-01 6.93708122e-01
  outer loop
   vertex 7.61376114e+01 1.11797310e+02 5.37966805e+01
   vertex 7.44806595e+01 1.14584396e+02 5.35958328e+01
   vertex 7.59974670e+01 1.11732918e+02 5.39434509e+01
  endloop
 endfacet
 facet normal 5.49877584e-01 3.81477416e-01 7.43040800e-01
  outer loop
   vertex 7.59974670e+01 1.11732918e+02 5.39434509e+01
   vertex 7.44806595e+01 1.14584396e+02 5.35958328e+01
   vertex 7.43386154e+01 1.14523041e+02 5.37426567e+01
  endloop
 endfacet
 facet normal 7.18283534e-01 4.57824856e-01 5.23894250e-01
  outer loop
   vertex 7.62488174e+01 1.11841339e+02 5.36205902e+01
   vertex 7.45936356e+01 1.14625786e+02 5.34196777e+01
   vertex 7.61376114e+01 1.11797310e+02 5.37966805e+01
  endloop
 endfacet
 facet normal 6.78353429e-01 4.47009414e-01 5.83111644e-01
  outer loop
   vertex 7.61376114e+01 1.11797310e+02 5.37966805e+01
   vertex 7.45936356e+01 1.14625786e+02 5.34196777e+01
   vertex 7.44806595e+01 1.14584396e+02 5.35958328e+01
  endloop
 endfacet
 facet normal 8.03998828e-01 4.94791895e-01 3.29798192e-01
  outer loop
   vertex 7.63259888e+01 1.11863022e+02 5.34233627e+01
   vertex 7.46722870e+01 1.14645264e+02 5.32223396e+01
   vertex 7.62488174e+01 1.11841339e+02 5.36205902e+01
  endloop
 endfacet
 facet normal 7.75392115e-01 4.91768390e-01 3.96145135e-01
  outer loop
   vertex 7.62488174e+01 1.11841339e+02 5.36205902e+01
   vertex 7.46722870e+01 1.14645264e+02 5.32223396e+01
   vertex 7.45936356e+01 1.14625786e+02 5.34196777e+01
  endloop
 endfacet
 facet normal 8.52432311e-01 5.08784592e-01 1.20405369e-01
  outer loop
   vertex 7.63655090e+01 1.11861305e+02 5.32141953e+01
   vertex 7.47129669e+01 1.14641922e+02 5.30129585e+01
   vertex 7.63259888e+01 1.11863022e+02 5.34233627e+01
  endloop
 endfacet
 facet normal 8.36490154e-01 5.13684630e-01 1.90820172e-01
  outer loop
   vertex 7.63259888e+01 1.11863022e+02 5.34233627e+01
   vertex 7.47129669e+01 1.14641922e+02 5.30129585e+01
   vertex 7.46722870e+01 1.14645264e+02 5.32223396e+01
  endloop
 endfacet
 facet normal 8.61335218e-01 4.99168515e-01 -9.45113227e-02
  outer loop
   vertex 7.63655701e+01 1.11836327e+02 5.30027924e+01
   vertex 7.47137680e+01 1.14615906e+02 5.28012276e+01
   vertex 7.63655090e+01 1.11861305e+02 5.32141953e+01
  endloop
 endfacet
 facet normal 8.58814001e-01 5.11756241e-01 -2.33249012e-02
  outer loop
   vertex 7.63655090e+01 1.11861305e+02 5.32141953e+01
   vertex 7.47137680e+01 1.14615906e+02 5.28012276e+01
   vertex 7.47129669e+01 1.14641922e+02 5.30129585e+01
  endloop
 endfacet
 facet normal 8.38273466e-01 4.73317504e-01 -2.70680934e-01
  outer loop
   vertex 7.63262177e+01 1.11789238e+02 5.27989731e+01
   vertex 7.46746521e+01 1.14568420e+02 5.25969543e+01
   vertex 7.63655701e+01 1.11836327e+02 5.30027924e+01
  endloop
 endfacet
 facet normal 8.44317615e-01 4.89072561e-01 -2.18942419e-01
  outer loop
   vertex 7.63655701e+01 1.11836327e+02 5.30027924e+01
   vertex 7.46746521e+01 1.14568420e+02 5.25969543e+01
   vertex 7.47137680e+01 1.14615906e+02 5.28012276e+01
  endloop
 endfacet
 facet normal 4.46432889e-01 3.34809512e-01 8.29819381e-01
  outer loop
   vertex 7.43386154e+01 1.14523041e+02 5.37426567e+01
   vertex 7.26166916e+01 1.17281540e+02 5.35430527e+01
   vertex 7.41740570e+01 1.14444534e+02 5.38533859e+01
  endloop
 endfacet
 facet normal 3.92589957e-01 3.05994540e-01 8.67317975e-01
  outer loop
   vertex 7.41740570e+01 1.14444534e+02 5.38533859e+01
   vertex 7.26166916e+01 1.17281540e+02 5.35430527e+01
   vertex 7.24511414e+01 1.17204269e+02 5.36541405e+01
  endloop
 endfacet
 facet normal 5.91105878e-01 4.14523780e-01 6.91927612e-01
  outer loop
   vertex 7.44806595e+01 1.14584396e+02 5.35958328e+01
   vertex 7.27597198e+01 1.17341774e+02 5.33959236e+01
   vertex 7.43386154e+01 1.14523041e+02 5.37426567e+01
  endloop
 endfacet
 facet normal 5.44137299e-01 3.92398894e-01 7.41577804e-01
  outer loop
   vertex 7.43386154e+01 1.14523041e+02 5.37426567e+01
   vertex 7.27597198e+01 1.17341774e+02 5.33959236e+01
   vertex 7.26166916e+01 1.17281540e+02 5.35430527e+01
  endloop
 endfacet
 facet normal 7.08481669e-01 4.75010395e-01 5.21937609e-01
  outer loop
   vertex 7.45936356e+01 1.14625786e+02 5.34196777e+01
   vertex 7.28735809e+01 1.17382156e+02 5.32194786e+01
   vertex 7.44806595e+01 1.14584396e+02 5.35958328e+01
  endloop
 endfacet
 facet normal 6.70626163e-01 4.60641384e-01 5.81437886e-01
  outer loop
   vertex 7.44806595e+01 1.14584396e+02 5.35958328e+01
   vertex 7.28735809e+01 1.17382156e+02 5.32194786e+01
   vertex 7.27597198e+01 1.17341774e+02 5.33959236e+01
  endloop
 endfacet
 facet normal 7.93062508e-01 5.13443530e-01 3.27761501e-01
  outer loop
   vertex 7.46722870e+01 1.14645264e+02 5.32223396e+01
   vertex 7.29530487e+01 1.17400841e+02 5.30218086e+01
   vertex 7.45936356e+01 1.14625786e+02 5.34196777e+01
  endloop
 endfacet
 facet normal 7.66104400e-01 5.07515490e-01 3.94350201e-01
  outer loop
   vertex 7.45936356e+01 1.14625786e+02 5.34196777e+01
   vertex 7.29530487e+01 1.17400841e+02 5.30218086e+01
   vertex 7.28735809e+01 1.17382156e+02 5.32194786e+01
  endloop
 endfacet
 facet normal 8.40918481e-01 5.28048158e-01 1.18411236e-01
  outer loop
   vertex 7.47129669e+01 1.14641922e+02 5.30129585e+01
   vertex 7.29943771e+01 1.17396904e+02 5.28120041e+01
   vertex 7.46722870e+01 1.14645264e+02 5.32223396e+01
  endloop
 endfacet
 facet normal 8.26121509e-01 5.30845702e-01 1.89013630e-01
  outer loop
   vertex 7.46722870e+01 1.14645264e+02 5.32223396e+01
   vertex 7.29943771e+01 1.17396904e+02 5.28120041e+01
   vertex 7.29530487e+01 1.17400841e+02 5.30218086e+01
  endloop
 endfacet
 facet normal 8.49834681e-01 5.18165827e-01 -9.63596851e-02
  outer loop
   vertex 7.47137680e+01 1.14615906e+02 5.28012276e+01
   vertex 7.29956131e+01 1.17370514e+02 5.25997505e+01
   vertex 7.47129669e+01 1.14641922e+02 5.30129585e+01
  endloop
 endfacet
 facet normal 8.47897947e-01 5.29568017e-01 -2.50366628e-02
  outer loop
   vertex 7.47129669e+01 1.14641922e+02 5.30129585e+01
   vertex 7.29956131e+01 1.17370514e+02 5.25997505e+01
   vertex 7.29943771e+01 1.17396904e+02 5.28120041e+01
  endloop
 endfacet
 facet normal 8.27335715e-01 4.91345316e-01 -2.72204697e-01
  outer loop
   vertex 7.46746521e+01 1.14568420e+02 5.25969543e+01
   vertex 7.29566574e+01 1.17322861e+02 5.23948784e+01
   vertex 7.47137680e+01 1.14615906e+02 5.28012276e+01
  endloop
 endfacet
 facet normal 8.33457410e-01 5.06714165e-01 -2.20430240e-01
  outer loop
   vertex 7.47137680e+01 1.14615906e+02 5.28012276e+01
   vertex 7.29566574e+01 1.17322861e+02 5.23948784e+01
   vertex 7.29956131e+01 1.17370514e+02 5.25997505e+01
  endloop
 endfacet
 facet normal 2.95296580e-01 2.49527186e-01 9.22245145e-01
  outer loop
   vertex 7.24511414e+01 1.17204269e+02 5.36541405e+01
   vertex 7.06955566e+01 1.19914383e+02 5.34901009e+01
   vertex 7.22706604e+01 1.17113510e+02 5.37241554e+01
  endloop
 endfacet
 facet normal 2.51976371e-01 2.23389789e-01 9.41596985e-01
  outer loop
   vertex 7.22706604e+01 1.17113510e+02 5.37241554e+01
   vertex 7.06955566e+01 1.19914383e+02 5.34901009e+01
   vertex 7.05191574e+01 1.19816673e+02 5.35604668e+01
  endloop
 endfacet
 facet normal 4.44050223e-01 3.39517027e-01 8.29184890e-01
  outer loop
   vertex 7.26166916e+01 1.17281540e+02 5.35430527e+01
   vertex 7.08571014e+01 1.19998520e+02 5.33785782e+01
   vertex 7.24511414e+01 1.17204269e+02 5.36541405e+01
  endloop
 endfacet
 facet normal 3.90779376e-01 3.08866560e-01 8.67117584e-01
  outer loop
   vertex 7.24511414e+01 1.17204269e+02 5.36541405e+01
   vertex 7.08571014e+01 1.19998520e+02 5.33785782e+01
   vertex 7.06955566e+01 1.19914383e+02 5.34901009e+01
  endloop
 endfacet
 facet normal 5.86627424e-01 4.22196716e-01 6.91099286e-01
  outer loop
   vertex 7.27597198e+01 1.17341774e+02 5.33959236e+01
   vertex 7.09963608e+01 1.20065224e+02 5.32309990e+01
   vertex 7.26166916e+01 1.17281540e+02 5.35430527e+01
  endloop
 endfacet
 facet normal 5.40405631e-01 3.98146391e-01 7.41243005e-01
  outer loop
   vertex 7.26166916e+01 1.17281540e+02 5.35430527e+01
   vertex 7.09963608e+01 1.20065224e+02 5.32309990e+01
   vertex 7.08571014e+01 1.19998520e+02 5.33785782e+01
  endloop
 endfacet
 facet normal 7.02155888e-01 4.85345751e-01 5.20976603e-01
  outer loop
   vertex 7.28735809e+01 1.17382156e+02 5.32194786e+01
   vertex 7.11068802e+01 1.20111374e+02 5.30541573e+01
   vertex 7.27597198e+01 1.17341774e+02 5.33959236e+01
  endloop
 endfacet
 facet normal 6.65149748e-01 4.69042838e-01 5.81011713e-01
  outer loop
   vertex 7.27597198e+01 1.17341774e+02 5.33959236e+01
   vertex 7.11068802e+01 1.20111374e+02 5.30541573e+01
   vertex 7.09963608e+01 1.20065224e+02 5.32309990e+01
  endloop
 endfacet
 facet normal 7.85215378e-01 5.26007235e-01 3.26731026e-01
  outer loop
   vertex 7.29530487e+01 1.17400841e+02 5.30218086e+01
   vertex 7.11835785e+01 1.20134865e+02 5.28561935e+01
   vertex 7.28735809e+01 1.17382156e+02 5.32194786e+01
  endloop
 endfacet
 facet normal 7.59148955e-01 5.18224597e-01 3.93873274e-01
  outer loop
   vertex 7.28735809e+01 1.17382156e+02 5.32194786e+01
   vertex 7.11835785e+01 1.20134865e+02 5.28561935e+01
   vertex 7.11068802e+01 1.20111374e+02 5.30541573e+01
  endloop
 endfacet
 facet normal 8.31943452e-01 5.42303026e-01 1.17377736e-01
  outer loop
   vertex 7.29943771e+01 1.17396904e+02 5.28120041e+01
   vertex 7.12228851e+01 1.20134583e+02 5.26462402e+01
   vertex 7.29530487e+01 1.17400841e+02 5.30218086e+01
  endloop
 endfacet
 facet normal 8.18025172e-01 5.43412149e-01 1.88515529e-01
  outer loop
   vertex 7.29530487e+01 1.17400841e+02 5.30218086e+01
   vertex 7.12228851e+01 1.20134583e+02 5.26462402e+01
   vertex 7.11835785e+01 1.20134865e+02 5.28561935e+01
  endloop
 endfacet
 facet normal 8.40179801e-01 5.33500493e-01 -9.73400623e-02
  outer loop
   vertex 7.29956131e+01 1.17370514e+02 5.25997505e+01
   vertex 7.12229538e+01 1.20110542e+02 5.24339867e+01
   vertex 7.29943771e+01 1.17396904e+02 5.28120041e+01
  endloop
 endfacet
 facet normal 8.39049757e-01 5.43455541e-01 -2.55268645e-02
  outer loop
   vertex 7.29943771e+01 1.17396904e+02 5.28120041e+01
   vertex 7.12229538e+01 1.20110542e+02 5.24339867e+01
   vertex 7.12228851e+01 1.20134583e+02 5.26462402e+01
  endloop
 endfacet
 facet normal 8.17510903e-01 5.07045448e-01 -2.73095012e-01
  outer loop
   vertex 7.29566574e+01 1.17322861e+02 5.23948784e+01
   vertex 7.11837616e+01 1.20063820e+02 5.22292557e+01
   vertex 7.29956131e+01 1.17370514e+02 5.25997505e+01
  endloop
 endfacet
 facet normal 8.24294329e-01 5.21267116e-01 -2.20951319e-01
  outer loop
   vertex 7.29956131e+01 1.17370514e+02 5.25997505e+01
   vertex 7.11837616e+01 1.20063820e+02 5.22292557e+01
   vertex 7.12229538e+01 1.20110542e+02 5.24339867e+01
  endloop
 endfacet
 facet normal 4.40096051e-01 3.44216257e-01 8.29355538e-01
  outer loop
   vertex 7.08571014e+01 1.19998520e+02 5.33785782e+01
   vertex 6.90583420e+01 1.22696114e+02 5.32140465e+01
   vertex 7.06955566e+01 1.19914383e+02 5.34901009e+01
  endloop
 endfacet
 facet normal 3.85693431e-01 3.14719051e-01 8.67290318e-01
  outer loop
   vertex 7.06955566e+01 1.19914383e+02 5.34901009e+01
   vertex 6.90583420e+01 1.22696114e+02 5.32140465e+01
   vertex 6.89024200e+01 1.22603142e+02 5.33257828e+01
  endloop
 endfacet
 facet normal 5.81442177e-01 4.29025680e-01 6.91275656e-01
  outer loop
   vertex 7.09963608e+01 1.20065224e+02 5.32309990e+01
   vertex 6.91923828e+01 1.22771164e+02 5.30662193e+01
   vertex 7.08571014e+01 1.19998520e+02 5.33785782e+01
  endloop
 endfacet
 facet normal 5.34410059e-01 4.05751050e-01 7.41466105e-01
  outer loop
   vertex 7.08571014e+01 1.19998520e+02 5.33785782e+01
   vertex 6.91923828e+01 1.22771164e+02 5.30662193e+01
   vertex 6.90583420e+01 1.22696114e+02 5.32140465e+01
  endloop
 endfacet
 facet normal 6.95937932e-01 4.94005591e-01 5.21180272e-01
  outer loop
   vertex 7.11068802e+01 1.20111374e+02 5.30541573e+01
   vertex 6.92982788e+01 1.22824768e+02 5.28891525e+01
   vertex 7.09963608e+01 1.20065224e+02 5.32309990e+01
  endloop
 endfacet
 facet normal 6.58455312e-01 4.78040963e-01 5.81303239e-01
  outer loop
   vertex 7.09963608e+01 1.20065224e+02 5.32309990e+01
   vertex 6.92982788e+01 1.22824768e+02 5.28891525e+01
   vertex 6.91923828e+01 1.22771164e+02 5.30662193e+01
  endloop
 endfacet
 facet normal 7.78242469e-01 5.36128163e-01 3.26963633e-01
  outer loop
   vertex 7.11835785e+01 1.20134865e+02 5.28561935e+01
   vertex 6.93711929e+01 1.22854492e+02 5.26910362e+01
   vertex 7.11068802e+01 1.20111374e+02 5.30541573e+01
  endloop
 endfacet
 facet normal 7.52041399e-01 5.28214693e-01 3.94237190e-01
  outer loop
   vertex 7.11068802e+01 1.20111374e+02 5.30541573e+01
   vertex 6.93711929e+01 1.22854492e+02 5.26910362e+01
   vertex 6.92982788e+01 1.22824768e+02 5.28891525e+01
  endloop
 endfacet
 facet normal 8.24536622e-01 5.53448856e-01 1.17616884e-01
  outer loop
   vertex 7.12228851e+01 1.20134583e+02 5.26462402e+01
   vertex 6.94077072e+01 1.22858932e+02 5.24810562e+01
   vertex 7.11835785e+01 1.20134865e+02 5.28561935e+01
  endloop
 endfacet
 facet normal 8.10828745e-01 5.53953230e-01 1.88924611e-01
  outer loop
   vertex 7.11835785e+01 1.20134865e+02 5.28561935e+01
   vertex 6.94077072e+01 1.22858932e+02 5.24810562e+01
   vertex 6.93711929e+01 1.22854492e+02 5.26910362e+01
  endloop
 endfacet
 facet normal 8.32673788e-01 5.45180321e-01 -9.71223786e-02
  outer loop
   vertex 7.12229538e+01 1.20110542e+02 5.24339867e+01
   vertex 6.94061356e+01 1.22837898e+02 5.22689247e+01
   vertex 7.12228851e+01 1.20134583e+02 5.26462402e+01
  endloop
 endfacet
 facet normal 8.32089961e-01 5.54071724e-01 -2.51166765e-02
  outer loop
   vertex 7.12228851e+01 1.20134583e+02 5.26462402e+01
   vertex 6.94061356e+01 1.22837898e+02 5.22689247e+01
   vertex 6.94077072e+01 1.22858932e+02 5.24810562e+01
  endloop
 endfacet
 facet normal 8.10114205e-01 5.18817902e-01 -2.73025513e-01
  outer loop
   vertex 7.11837616e+01 1.20063820e+02 5.22292557e+01
   vertex 6.93665848e+01 1.22792366e+02 5.20644608e+01
   vertex 7.12229538e+01 1.20110542e+02 5.24339867e+01
  endloop
 endfacet
 facet normal 8.17765296e-01 5.31583309e-01 -2.20633343e-01
  outer loop
   vertex 7.12229538e+01 1.20110542e+02 5.24339867e+01
   vertex 6.93665848e+01 1.22792366e+02 5.20644608e+01
   vertex 6.94061356e+01 1.22837898e+02 5.22689247e+01
  endloop
 endfacet
 facet normal 2.85878628e-01 2.59768933e-01 9.22384679e-01
  outer loop
   vertex 6.89024200e+01 1.22603142e+02 5.33257828e+01
   vertex 6.70643845e+01 1.25298828e+02 5.31260605e+01
   vertex 6.87317963e+01 1.22496513e+02 5.33962593e+01
  endloop
 endfacet
 facet normal 2.41195530e-01 2.35042408e-01 9.41583633e-01
  outer loop
   vertex 6.87317963e+01 1.22496513e+02 5.33962593e+01
   vertex 6.70643845e+01 1.25298828e+02 5.31260605e+01
   vertex 6.68969727e+01 1.25187485e+02 5.31965981e+01
  endloop
 endfacet
 facet normal 4.33231413e-01 3.52512658e-01 8.29484999e-01
  outer loop
   vertex 6.90583420e+01 1.22696114e+02 5.32140465e+01
   vertex 6.72172165e+01 1.25396507e+02 5.30142365e+01
   vertex 6.89024200e+01 1.22603142e+02 5.33257828e+01
  endloop
 endfacet
 facet normal 3.78985345e-01 3.22677374e-01 8.67323160e-01
  outer loop
   vertex 6.89024200e+01 1.22603142e+02 5.33257828e+01
   vertex 6.72172165e+01 1.25396507e+02 5.30142365e+01
   vertex 6.70643845e+01 1.25298828e+02 5.31260605e+01
  endloop
 endfacet
 facet normal 5.74280381e-01 4.38216984e-01 6.91496909e-01
  outer loop
   vertex 6.91923828e+01 1.22771164e+02 5.30662193e+01
   vertex 6.73483582e+01 1.25475998e+02 5.28663139e+01
   vertex 6.90583420e+01 1.22696114e+02 5.32140465e+01
  endloop
 endfacet
 facet normal 5.27506113e-01 4.14477170e-01 7.41583407e-01
  outer loop
   vertex 6.90583420e+01 1.22696114e+02 5.32140465e+01
   vertex 6.73483582e+01 1.25475998e+02 5.28663139e+01
   vertex 6.72172165e+01 1.25396507e+02 5.30142365e+01
  endloop
 endfacet
 facet normal 6.88750982e-01 5.03644586e-01 5.21501839e-01
  outer loop
   vertex 6.92982788e+01 1.22824768e+02 5.28891525e+01
   vertex 6.74517593e+01 1.25533607e+02 5.26891441e+01
   vertex 6.91923828e+01 1.22771164e+02 5.30662193e+01
  endloop
 endfacet
 facet normal 6.51607394e-01 4.87094641e-01 5.81503749e-01
  outer loop
   vertex 6.91923828e+01 1.22771164e+02 5.30662193e+01
   vertex 6.74517593e+01 1.25533607e+02 5.26891441e+01
   vertex 6.73483582e+01 1.25475998e+02 5.28663139e+01
  endloop
 endfacet
 facet normal 7.71342278e-01 5.45768201e-01 3.27365547e-01
  outer loop
   vertex 6.93711929e+01 1.22854492e+02 5.26910362e+01
   vertex 6.75226212e+01 1.25566681e+02 5.24909325e+01
   vertex 6.92982788e+01 1.22824768e+02 5.28891525e+01
  endloop
 endfacet
 facet normal 7.45534062e-01 5.37162423e-01 3.94506603e-01
  outer loop
   vertex 6.92982788e+01 1.22824768e+02 5.28891525e+01
   vertex 6.75226212e+01 1.25566681e+02 5.24909325e+01
   vertex 6.74517593e+01 1.25533607e+02 5.26891441e+01
  endloop
 endfacet
 facet normal 8.18227768e-01 5.62639058e-01 1.18070573e-01
  outer loop
   vertex 6.94077072e+01 1.22858932e+02 5.24810562e+01
   vertex 6.75576401e+01 1.25573662e+02 5.22808800e+01
   vertex 6.93711929e+01 1.22854492e+02 5.26910362e+01
  endloop
 endfacet
 facet normal 8.04942250e-01 5.62367439e-01 1.89237654e-01
  outer loop
   vertex 6.93711929e+01 1.22854492e+02 5.26910362e+01
   vertex 6.75576401e+01 1.25573662e+02 5.22808800e+01
   vertex 6.75226212e+01 1.25566681e+02 5.24909325e+01
  endloop
 endfacet
 facet normal 8.27233315e-01 5.53479850e-01 -9.66700166e-02
  outer loop
   vertex 6.94061356e+01 1.22837898e+02 5.22689247e+01
   vertex 6.75552292e+01 1.25554253e+02 5.20686989e+01
   vertex 6.94077072e+01 1.22858932e+02 5.24810562e+01
  endloop
 endfacet
 facet normal 8.27077091e-01 5.61541557e-01 -2.47906819e-02
  outer loop
   vertex 6.94077072e+01 1.22858932e+02 5.24810562e+01
   vertex 6.75552292e+01 1.25554253e+02 5.20686989e+01
   vertex 6.75576401e+01 1.25573662e+02 5.22808800e+01
  endloop
 endfacet
 facet normal 8.05527508e-01 5.26112914e-01 -2.72636384e-01
  outer loop
   vertex 6.93665848e+01 1.22792366e+02 5.20644608e+01
   vertex 6.75154724e+01 1.25509331e+02 5.18642464e+01
   vertex 6.94061356e+01 1.22837898e+02 5.22689247e+01
  endloop
 endfacet
 facet normal 8.13718677e-01 5.37894011e-01 -2.20299765e-01
  outer loop
   vertex 6.94061356e+01 1.22837898e+02 5.22689247e+01
   vertex 6.75154724e+01 1.25509331e+02 5.18642464e+01
   vertex 6.75552292e+01 1.25554253e+02 5.20686989e+01
  endloop
 endfacet
 facet normal 3.55916508e-02 4.47839290e-01 8.93405378e-01
  outer loop
   vertex 6.68969727e+01 1.25187485e+02 5.31965981e+01
   vertex 6.70643845e+01 1.25298828e+02 5.31260605e+01
   vertex 6.50382996e+01 1.27884201e+02 5.29792137e+01
  endloop
 endfacet
 facet normal -9.64750797e-02 6.46467984e-01 7.56816864e-01
  outer loop
   vertex 6.50382996e+01 1.27884201e+02 5.29792137e+01
   vertex 6.70643845e+01 1.25298828e+02 5.31260605e+01
   vertex 6.52038651e+01 1.27998184e+02 5.29085960e+01
  endloop
 endfacet
 facet normal 2.27632567e-01 5.18794954e-01 8.24035943e-01
  outer loop
   vertex 6.70643845e+01 1.25298828e+02 5.31260605e+01
   vertex 6.72172165e+01 1.25396507e+02 5.30142365e+01
   vertex 6.52038651e+01 1.27998184e+02 5.29085960e+01
  endloop
 endfacet
 facet normal 9.34244767e-02 7.15693533e-01 6.92137718e-01
  outer loop
   vertex 6.52038651e+01 1.27998184e+02 5.29085960e+01
   vertex 6.72172165e+01 1.25396507e+02 5.30142365e+01
   vertex 6.53549042e+01 1.28098480e+02 5.27966843e+01
  endloop
 endfacet
 facet normal 3.71280700e-01 6.08591616e-01 7.01260924e-01
  outer loop
   vertex 6.72172165e+01 1.25396507e+02 5.30142365e+01
   vertex 6.73483582e+01 1.25475998e+02 5.28663139e+01
   vertex 6.53549042e+01 1.28098480e+02 5.27966843e+01
  endloop
 endfacet
 facet normal 2.16206804e-01 7.92041183e-01 5.70898771e-01
  outer loop
   vertex 6.53549042e+01 1.28098480e+02 5.27966843e+01
   vertex 6.73483582e+01 1.25475998e+02 5.28663139e+01
   vertex 6.54843826e+01 1.28180450e+02 5.26486702e+01
  endloop
 endfacet
 facet normal 4.91268814e-01 6.79437637e-01 5.44994950e-01
  outer loop
   vertex 6.73483582e+01 1.25475998e+02 5.28663139e+01
   vertex 6.74517593e+01 1.25533607e+02 5.26891441e+01
   vertex 6.54843826e+01 1.28180450e+02 5.26486702e+01
  endloop
 endfacet
 facet normal 3.15953076e-01 8.50079238e-01 4.21353698e-01
  outer loop
   vertex 6.54843826e+01 1.28180450e+02 5.26486702e+01
   vertex 6.74517593e+01 1.25533607e+02 5.26891441e+01
   vertex 6.55863266e+01 1.28240280e+02 5.24714050e+01
  endloop
 endfacet
 facet normal 5.81935704e-01 7.27980733e-01 3.62484425e-01
  outer loop
   vertex 6.74517593e+01 1.25533607e+02 5.26891441e+01
   vertex 6.75226212e+01 1.25566681e+02 5.24909325e+01
   vertex 6.55863266e+01 1.28240280e+02 5.24714050e+01
  endloop
 endfacet
 facet normal 3.87914300e-01 8.87020946e-01 2.50432283e-01
  outer loop
   vertex 6.55863266e+01 1.28240280e+02 5.24714050e+01
   vertex 6.75226212e+01 1.25566681e+02 5.24909325e+01
   vertex 6.56559982e+01 1.28275208e+02 5.22731133e+01
  endloop
 endfacet
 facet normal 6.39001191e-01 7.51907229e-01 1.62212715e-01
  outer loop
   vertex 6.75226212e+01 1.25566681e+02 5.24909325e+01
   vertex 6.75576401e+01 1.25573662e+02 5.22808800e+01
   vertex 6.56559982e+01 1.28275208e+02 5.22731133e+01
  endloop
 endfacet
 facet normal 4.28614438e-01 9.01061654e-01 6.61634728e-02
  outer loop
   vertex 6.56559982e+01 1.28275208e+02 5.22731133e+01
   vertex 6.75576401e+01 1.25573662e+02 5.22808800e+01
   vertex 6.56901703e+01 1.28283600e+02 5.20629807e+01
  endloop
 endfacet
 facet normal 6.59731388e-01 7.50067413e-01 -4.64042313e-02
  outer loop
   vertex 6.75576401e+01 1.25573662e+02 5.22808800e+01
   vertex 6.75552292e+01 1.25554253e+02 5.20686989e+01
   vertex 6.56901703e+01 1.28283600e+02 5.20629807e+01
  endloop
 endfacet
 facet normal 4.36073393e-01 8.91502976e-01 -1.22729339e-01
  outer loop
   vertex 6.56901703e+01 1.28283600e+02 5.20629807e+01
   vertex 6.75552292e+01 1.25554253e+02 5.20686989e+01
   vertex 6.56872559e+01 1.28265076e+02 5.18507500e+01
  endloop
 endfacet
 facet normal 6.46690905e-01 7.25627601e-01 -2.35064939e-01
  outer loop
   vertex 6.75552292e+01 1.25554253e+02 5.20686989e+01
   vertex 6.75154724e+01 1.25509331e+02 5.18642464e+01
   vertex 6.56872559e+01 1.28265076e+02 5.18507500e+01
  endloop
 endfacet
 facet normal 3.51993859e-01 8.78581941e-01 -3.22791159e-01
  outer loop
   vertex 6.56872559e+01 1.28265076e+02 5.18507500e+01
   vertex 6.75154724e+01 1.25509331e+02 5.18642464e+01
   vertex 6.56473923e+01 1.28220505e+02 5.16462593e+01
  endloop
 endfacet
 facet normal -2.37054929e-01 9.23551559e-01 3.01425785e-01
  outer loop
   vertex 6.50382996e+01 1.27884201e+02 5.29792137e+01
   vertex 6.52038651e+01 1.27998184e+02 5.29085960e+01
   vertex 6.56473923e+01 1.28220505e+02 5.16462593e+01
  endloop
 endfacet
 facet normal -9.24234465e-02 9.53999341e-01 2.85207242e-01
  outer loop
   vertex 6.52038651e+01 1.27998184e+02 5.29085960e+01
   vertex 6.53549042e+01 1.28098480e+02 5.27966843e+01
   vertex 6.56473923e+01 1.28220505e+02 5.16462593e+01
  endloop
 endfacet
 facet normal -1.28317140e-02 9.78059471e-01 2.07930386e-01
  outer loop
   vertex 6.53549042e+01 1.28098480e+02 5.27966843e+01
   vertex 6.54843826e+01 1.28180450e+02 5.26486702e+01
   vertex 6.56473923e+01 1.28220505e+02 5.16462593e+01
  endloop
 endfacet
 facet normal 4.98366505e-02 9.91864741e-01 1.17134921e-01
  outer loop
   vertex 6.54843826e+01 1.28180450e+02 5.26486702e+01
   vertex 6.55863266e+01 1.28240280e+02 5.24714050e+01
   vertex 6.56473923e+01 1.28220505e+02 5.16462593e+01
  endloop
 endfacet
 facet normal 9.42225680e-02 9.95401382e-01 1.72686335e-02
  outer loop
   vertex 6.55863266e+01 1.28240280e+02 5.24714050e+01
   vertex 6.56559982e+01 1.28275208e+02 5.22731133e+01
   vertex 6.56473923e+01 1.28220505e+02 5.16462593e+01
  endloop
 endfacet
 facet normal 1.19707756e-01 9.88953590e-01 -8.74122381e-02
  outer loop
   vertex 6.56559982e+01 1.28275208e+02 5.22731133e+01
   vertex 6.56901703e+01 1.28283600e+02 5.20629807e+01
   vertex 6.56473923e+01 1.28220505e+02 5.16462593e+01
  endloop
 endfacet
 facet normal 1.26271918e-01 9.73060310e-01 -1.92896470e-01
  outer loop
   vertex 6.56901703e+01 1.28283600e+02 5.20629807e+01
   vertex 6.56872559e+01 1.28265076e+02 5.18507500e+01
   vertex 6.56473923e+01 1.28220505e+02 5.16462593e+01
  endloop
 endfacet
 facet normal 8.01552296e-01 -5.74002624e-01 -1.67436123e-01
  outer loop
   vertex 6.23813171e+01 8.42322636e+00 3.93431282e+01
   vertex 5.88602486e+01 5.69204283e+00 2.66562672e+01
   vertex 6.27178154e+01 8.78651142e+00 3.93453026e+01
  endloop
 endfacet
 facet normal 7.34305203e-01 -6.53813124e-01 -1.82549194e-01
  outer loop
   vertex 6.72372971e+01 1.34628868e+01 3.95159492e+01
   vertex 6.62817688e+01 1.24027567e+01 3.96032333e+01
   vertex 6.45912704e+01 1.15043983e+01 2.98466740e+01
  endloop
 endfacet
 facet normal 7.21570432e-01 -6.26807868e-01 -2.94020444e-01
  outer loop
   vertex 6.45912704e+01 1.15043983e+01 2.98466740e+01
   vertex 6.62817688e+01 1.24027567e+01 3.96032333e+01
   vertex 6.34634476e+01 1.02790251e+01 2.97003460e+01
  endloop
 endfacet
 facet normal 8.64877641e-01 -4.01623964e-01 -3.01139206e-01
  outer loop
   vertex 8.03487701e+01 3.37598343e+01 3.85410080e+01
   vertex 7.96398010e+01 3.22099724e+01 3.85910683e+01
   vertex 7.75080490e+01 3.17860928e+01 2.94726543e+01
  endloop
 endfacet
 facet normal 8.24163437e-01 -3.92766982e-01 -4.08030331e-01
  outer loop
   vertex 7.75080490e+01 3.17860928e+01 2.94726543e+01
   vertex 7.96398010e+01 3.22099724e+01 3.85910683e+01
   vertex 7.68125916e+01 3.02572269e+01 2.95228176e+01
  endloop
 endfacet
 facet normal 8.69192004e-01 -3.88458341e-01 -3.05950016e-01
  outer loop
   vertex 8.10209579e+01 3.53166924e+01 3.84897728e+01
   vertex 8.03487701e+01 3.37598343e+01 3.85410080e+01
   vertex 7.81706848e+01 3.33215904e+01 2.94216919e+01
  endloop
 endfacet
 facet normal 8.28420043e-01 -3.78080219e-01 -4.13250059e-01
  outer loop
   vertex 7.81706848e+01 3.33215904e+01 2.94216919e+01
   vertex 8.03487701e+01 3.37598343e+01 3.85410080e+01
   vertex 7.75080490e+01 3.17860928e+01 2.94726543e+01
  endloop
 endfacet
 facet normal 8.75571728e-01 -3.69162202e-01 -3.11598182e-01
  outer loop
   vertex 8.16859894e+01 3.68727417e+01 3.84362602e+01
   vertex 8.10209579e+01 3.53166924e+01 3.84897728e+01
   vertex 7.88268204e+01 3.48543091e+01 2.93621273e+01
  endloop
 endfacet
 facet normal 8.32473934e-01 -3.64314884e-01 -4.17446733e-01
  outer loop
   vertex 7.88268204e+01 3.48543091e+01 2.93621273e+01
   vertex 8.10209579e+01 3.53166924e+01 3.84897728e+01
   vertex 7.81706848e+01 3.33215904e+01 2.94216919e+01
  endloop
 endfacet
 facet normal 8.87070417e-01 -3.28838557e-01 -3.23992789e-01
  outer loop
   vertex 8.28386078e+01 4.00050964e+01 3.83294449e+01
   vertex 8.16859894e+01 3.68727417e+01 3.84362602e+01
   vertex 7.99607010e+01 3.79396973e+01 2.92505341e+01
  endloop
 endfacet
 facet normal 8.40941966e-01 -3.33605349e-01 -4.26056385e-01
  outer loop
   vertex 7.99607010e+01 3.79396973e+01 2.92505341e+01
   vertex 8.16859894e+01 3.68727417e+01 3.84362602e+01
   vertex 7.88268204e+01 3.48543091e+01 2.93621273e+01
  endloop
 endfacet
 facet normal 8.62765849e-01 -1.01533853e-01 -4.95303959e-01
  outer loop
   vertex 8.27803345e+01 5.13862305e+01 2.86630554e+01
   vertex 8.30589600e+01 5.50974960e+01 2.84550934e+01
   vertex 8.57837143e+01 5.35609283e+01 3.78175774e+01
  endloop
 endfacet
 facet normal 9.13415968e-01 -8.50650147e-02 -3.98039162e-01
  outer loop
   vertex 8.57837143e+01 5.35609283e+01 3.78175774e+01
   vertex 8.30589600e+01 5.50974960e+01 2.84550934e+01
   vertex 8.60717468e+01 5.72872047e+01 3.76304665e+01
  endloop
 endfacet
 facet normal 8.30062091e-01 1.28990665e-01 -5.42548001e-01
  outer loop
   vertex 8.22713394e+01 6.86772537e+01 2.75525455e+01
   vertex 8.16308670e+01 7.16442642e+01 2.73272858e+01
   vertex 8.52300873e+01 7.10430298e+01 3.68109550e+01
  endloop
 endfacet
 facet normal 8.80479455e-01 1.62132934e-01 -4.45498466e-01
  outer loop
   vertex 8.52300873e+01 7.10430298e+01 3.68109550e+01
   vertex 8.16308670e+01 7.16442642e+01 2.73272858e+01
   vertex 8.45912781e+01 7.40543823e+01 3.66126785e+01
  endloop
 endfacet
 facet normal 8.68888736e-01 2.00412616e-01 -4.52622473e-01
  outer loop
   vertex 8.38045349e+01 7.70533981e+01 3.64097786e+01
   vertex 8.45912781e+01 7.40543823e+01 3.66126785e+01
   vertex 8.08488846e+01 7.45715866e+01 2.71008205e+01
  endloop
 endfacet
 facet normal 8.18297446e-01 1.66587561e-01 -5.50125360e-01
  outer loop
   vertex 8.08488846e+01 7.45715866e+01 2.71008205e+01
   vertex 8.45912781e+01 7.40543823e+01 3.66126785e+01
   vertex 8.16308670e+01 7.16442642e+01 2.73272858e+01
  endloop
 endfacet
 facet normal 7.95265555e-01 3.76943558e-01 -4.74832863e-01
  outer loop
   vertex 7.38978958e+01 1.00729904e+02 3.46472397e+01
   vertex 7.53719482e+01 9.78828354e+01 3.48667831e+01
   vertex 7.10983810e+01 9.79861450e+01 2.52682133e+01
  endloop
 endfacet
 facet normal 7.45401561e-01 3.36973608e-01 -5.75174153e-01
  outer loop
   vertex 7.10983810e+01 9.79861450e+01 2.52682133e+01
   vertex 7.53719482e+01 9.78828354e+01 3.48667831e+01
   vertex 7.25698471e+01 9.51365433e+01 2.54918365e+01
  endloop
 endfacet
 facet normal 7.87522018e-01 3.90978873e-01 -4.76387024e-01
  outer loop
   vertex 7.23773956e+01 1.03560501e+02 3.44453049e+01
   vertex 7.38978958e+01 1.00729904e+02 3.46472397e+01
   vertex 6.95754013e+01 1.00813690e+02 2.50487289e+01
  endloop
 endfacet
 facet normal 7.37982154e-01 3.50279301e-01 -5.76790035e-01
  outer loop
   vertex 6.95754013e+01 1.00813690e+02 2.50487289e+01
   vertex 7.38978958e+01 1.00729904e+02 3.46472397e+01
   vertex 7.10983810e+01 9.79861450e+01 2.52682133e+01
  endloop
 endfacet
 facet normal 7.30418742e-01 3.63332629e-01 -5.78340590e-01
  outer loop
   vertex 6.95754013e+01 1.00813690e+02 2.50487289e+01
   vertex 6.79974823e+01 1.03619858e+02 2.48312874e+01
   vertex 7.23773956e+01 1.03560501e+02 3.44453049e+01
  endloop
 endfacet
 facet normal 7.79361129e-01 4.05250102e-01 -4.77879256e-01
  outer loop
   vertex 7.23773956e+01 1.03560501e+02 3.44453049e+01
   vertex 6.79974823e+01 1.03619858e+02 2.48312874e+01
   vertex 7.08011932e+01 1.06369926e+02 3.42460670e+01
  endloop
 endfacet
 facet normal 4.91104513e-01 6.61942124e-01 -5.66258788e-01
  outer loop
   vertex 5.92519608e+01 1.17371964e+02 2.37187767e+01
   vertex 5.73949509e+01 1.20089622e+02 2.34903908e+01
   vertex 6.20344849e+01 1.20112015e+02 3.31960373e+01
  endloop
 endfacet
 facet normal 1.90796420e-01 8.94371629e-01 -4.04593736e-01
  outer loop
   vertex 6.20344849e+01 1.20112015e+02 3.31960373e+01
   vertex 5.73949509e+01 1.20089622e+02 2.34903908e+01
   vertex 6.01737633e+01 1.22827507e+02 3.29712410e+01
  endloop
 endfacet
 facet normal 7.05050230e-01 -7.07264423e-01 -5.17805815e-02
  outer loop
   vertex 6.32208595e+01 9.24650288e+00 3.92601395e+01
   vertex 6.32756004e+01 9.29900837e+00 3.92675476e+01
   vertex 6.61324158e+01 1.14560604e+01 4.81004105e+01
  endloop
 endfacet
 facet normal 7.07869470e-01 -7.04330802e-01 -5.32813296e-02
  outer loop
   vertex 6.32756004e+01 9.29900837e+00 3.92675476e+01
   vertex 6.38221321e+01 9.82325077e+00 3.93415375e+01
   vertex 6.61324158e+01 1.14560604e+01 4.81004105e+01
  endloop
 endfacet
 facet normal 7.17863917e-01 -6.93713427e-01 -5.85925244e-02
  outer loop
   vertex 6.38221321e+01 9.82325077e+00 3.93415375e+01
   vertex 6.66090012e+01 1.19623728e+01 4.81131325e+01
   vertex 6.61324158e+01 1.14560604e+01 4.81004105e+01
  endloop
 endfacet
 facet normal 7.40147889e-01 -6.69083357e-01 -6.71457425e-02
  outer loop
   vertex 6.93828735e+01 1.50509672e+01 4.73564186e+01
   vertex 6.85701599e+01 1.41271591e+01 4.76440735e+01
   vertex 6.72372971e+01 1.34628868e+01 3.95159492e+01
  endloop
 endfacet
 facet normal 7.38109171e-01 -6.71434581e-01 -6.61095977e-02
  outer loop
   vertex 6.72372971e+01 1.34628868e+01 3.95159492e+01
   vertex 6.85701599e+01 1.41271591e+01 4.76440735e+01
   vertex 6.62817688e+01 1.24027567e+01 3.96032333e+01
  endloop
 endfacet
 facet normal 8.91628146e-01 -4.11155879e-01 -1.89605013e-01
  outer loop
   vertex 8.26539612e+01 3.53614845e+01 4.58998146e+01
   vertex 8.19342651e+01 3.37947655e+01 4.59505997e+01
   vertex 8.03487701e+01 3.37598343e+01 3.85410080e+01
  endloop
 endfacet
 facet normal 8.89287651e-01 -4.17178601e-01 -1.87428579e-01
  outer loop
   vertex 8.03487701e+01 3.37598343e+01 3.85410080e+01
   vertex 8.19342651e+01 3.37947655e+01 4.59505997e+01
   vertex 7.96398010e+01 3.22099724e+01 3.85910683e+01
  endloop
 endfacet
 facet normal 8.97151113e-01 -3.96508068e-01 -1.94682330e-01
  outer loop
   vertex 8.33336258e+01 3.69354935e+01 4.58474884e+01
   vertex 8.26539612e+01 3.53614845e+01 4.58998146e+01
   vertex 8.10209579e+01 3.53166924e+01 3.84897728e+01
  endloop
 endfacet
 facet normal 8.95708919e-01 -4.00391817e-01 -1.93369880e-01
  outer loop
   vertex 8.10209579e+01 3.53166924e+01 3.84897728e+01
   vertex 8.26539612e+01 3.53614845e+01 4.58998146e+01
   vertex 8.03487701e+01 3.37598343e+01 3.85410080e+01
  endloop
 endfacet
 facet normal 9.04571295e-01 -3.75662684e-01 -2.01564640e-01
  outer loop
   vertex 8.40052719e+01 3.85100212e+01 4.57969093e+01
   vertex 8.33336258e+01 3.69354935e+01 4.58474884e+01
   vertex 8.16859894e+01 3.68727417e+01 3.84362602e+01
  endloop
 endfacet
 facet normal 9.01601315e-01 -3.84192348e-01 -1.98774427e-01
  outer loop
   vertex 8.16859894e+01 3.68727417e+01 3.84362602e+01
   vertex 8.33336258e+01 3.69354935e+01 4.58474884e+01
   vertex 8.10209579e+01 3.53166924e+01 3.84897728e+01
  endloop
 endfacet
 facet normal 9.17399466e-01 -3.35000306e-01 -2.14832574e-01
  outer loop
   vertex 8.51724014e+01 4.16800194e+01 4.56918755e+01
   vertex 8.40052719e+01 3.85100212e+01 4.57969093e+01
   vertex 8.28386078e+01 4.00050964e+01 3.83294449e+01
  endloop
 endfacet
 facet normal 9.12575424e-01 -3.51089656e-01 -2.09623814e-01
  outer loop
   vertex 8.28386078e+01 4.00050964e+01 3.83294449e+01
   vertex 8.40052719e+01 3.85100212e+01 4.57969093e+01
   vertex 8.16859894e+01 3.68727417e+01 3.84362602e+01
  endloop
 endfacet
 facet normal 9.52654958e-01 -8.06362703e-02 -2.93166012e-01
  outer loop
   vertex 8.85079117e+01 5.90578079e+01 4.50497322e+01
   vertex 8.82134705e+01 5.53202667e+01 4.52236366e+01
   vertex 8.60717468e+01 5.72872047e+01 3.76304665e+01
  endloop
 endfacet
 facet normal 9.52360928e-01 -9.72976759e-02 -2.89036065e-01
  outer loop
   vertex 8.60717468e+01 5.72872047e+01 3.76304665e+01
   vertex 8.82134705e+01 5.53202667e+01 4.52236366e+01
   vertex 8.57837143e+01 5.35609283e+01 3.78175774e+01
  endloop
 endfacet
 facet normal 9.25985217e-01 1.66456118e-01 -3.38885933e-01
  outer loop
   vertex 8.52300873e+01 7.10430298e+01 3.68109550e+01
   vertex 8.45912781e+01 7.40543823e+01 3.66126785e+01
   vertex 8.76185379e+01 7.29528046e+01 4.42847977e+01
  endloop
 endfacet
 facet normal 9.22366858e-01 1.80965081e-01 -3.41307789e-01
  outer loop
   vertex 8.76185379e+01 7.29528046e+01 4.42847977e+01
   vertex 8.45912781e+01 7.40543823e+01 3.66126785e+01
   vertex 8.69800644e+01 7.59991379e+01 4.41051903e+01
  endloop
 endfacet
 facet normal 9.11053002e-01 2.21166402e-01 -3.47947985e-01
  outer loop
   vertex 8.61886215e+01 7.90552902e+01 4.39186363e+01
   vertex 8.69800644e+01 7.59991379e+01 4.41051903e+01
   vertex 8.38045349e+01 7.70533981e+01 3.64097786e+01
  endloop
 endfacet
 facet normal 9.15016413e-01 2.07846701e-01 -3.45752329e-01
  outer loop
   vertex 8.38045349e+01 7.70533981e+01 3.64097786e+01
   vertex 8.69800644e+01 7.59991379e+01 4.41051903e+01
   vertex 8.45912781e+01 7.40543823e+01 3.66126785e+01
  endloop
 endfacet
 facet normal 8.46104026e-01 3.86728108e-01 -3.66809696e-01
  outer loop
   vertex 7.67924271e+01 9.50122375e+01 3.50924072e+01
   vertex 7.53719482e+01 9.78828354e+01 3.48667831e+01
   vertex 7.90563736e+01 9.72279892e+01 4.26471863e+01
  endloop
 endfacet
 facet normal 8.43155563e-01 3.92592102e-01 -3.67369205e-01
  outer loop
   vertex 7.90563736e+01 9.72279892e+01 4.26471863e+01
   vertex 7.53719482e+01 9.78828354e+01 3.48667831e+01
   vertex 7.76302795e+01 1.00096169e+02 4.24223938e+01
  endloop
 endfacet
 facet normal 8.35363805e-01 4.07612354e-01 -3.68808180e-01
  outer loop
   vertex 7.61540451e+01 1.02941124e+02 4.22058220e+01
   vertex 7.76302795e+01 1.00096169e+02 4.24223938e+01
   vertex 7.38978958e+01 1.00729904e+02 3.46472397e+01
  endloop
 endfacet
 facet normal 8.38129103e-01 4.02380019e-01 -3.68279606e-01
  outer loop
   vertex 7.38978958e+01 1.00729904e+02 3.46472397e+01
   vertex 7.76302795e+01 1.00096169e+02 4.24223938e+01
   vertex 7.53719482e+01 9.78828354e+01 3.48667831e+01
  endloop
 endfacet
 facet normal 8.27452421e-01 4.22170579e-01 -3.70262772e-01
  outer loop
   vertex 7.46352081e+01 1.05773834e+02 4.20168610e+01
   vertex 7.61540451e+01 1.02941124e+02 4.22058220e+01
   vertex 7.23773956e+01 1.03560501e+02 3.44453049e+01
  endloop
 endfacet
 facet normal 8.30273151e-01 4.17058021e-01 -3.69741917e-01
  outer loop
   vertex 7.23773956e+01 1.03560501e+02 3.44453049e+01
   vertex 7.61540451e+01 1.02941124e+02 4.22058220e+01
   vertex 7.38978958e+01 1.00729904e+02 3.46472397e+01
  endloop
 endfacet
 facet normal 8.18799198e-01 4.37494308e-01 -3.71707618e-01
  outer loop
   vertex 7.30599976e+01 1.08585518e+02 4.18311119e+01
   vertex 7.46352081e+01 1.05773834e+02 4.20168610e+01
   vertex 7.08011932e+01 1.06369926e+02 3.42460670e+01
  endloop
 endfacet
 facet normal 8.21962416e-01 4.31963354e-01 -3.71194690e-01
  outer loop
   vertex 7.08011932e+01 1.06369926e+02 3.42460670e+01
   vertex 7.46352081e+01 1.05773834e+02 4.20168610e+01
   vertex 7.23773956e+01 1.03560501e+02 3.44453049e+01
  endloop
 endfacet
 facet normal 8.12865496e-01 4.47740853e-01 -3.72528940e-01
  outer loop
   vertex 7.08011932e+01 1.06369926e+02 3.42460670e+01
   vertex 6.91598740e+01 1.09153336e+02 3.40340347e+01
   vertex 7.30599976e+01 1.08585518e+02 4.18311119e+01
  endloop
 endfacet
 facet normal 8.09421778e-01 4.53578711e-01 -3.72964829e-01
  outer loop
   vertex 7.30599976e+01 1.08585518e+02 4.18311119e+01
   vertex 6.91598740e+01 1.09153336e+02 3.40340347e+01
   vertex 7.14145050e+01 1.11367203e+02 4.16231651e+01
  endloop
 endfacet
 facet normal 7.81990588e-01 4.98418272e-01 -3.74259233e-01
  outer loop
   vertex 6.38788605e+01 1.17391281e+02 3.34139290e+01
   vertex 6.20344849e+01 1.20112015e+02 3.31960373e+01
   vertex 6.61224289e+01 1.19599426e+02 4.10388794e+01
  endloop
 endfacet
 facet normal 7.80700326e-01 5.00471175e-01 -3.74213308e-01
  outer loop
   vertex 6.61224289e+01 1.19599426e+02 4.10388794e+01
   vertex 6.20344849e+01 1.20112015e+02 3.31960373e+01
   vertex 6.42752914e+01 1.22318611e+02 4.08282204e+01
  endloop
 endfacet
 facet normal 1.69270739e-01 9.32395518e-01 -3.19352448e-01
  outer loop
   vertex 6.24115639e+01 1.25032349e+02 4.06062050e+01
   vertex 6.42752914e+01 1.22318611e+02 4.08282204e+01
   vertex 6.01737633e+01 1.22827507e+02 3.29712410e+01
  endloop
 endfacet
 facet normal 5.35592556e-01 7.56180346e-01 -3.75941277e-01
  outer loop
   vertex 6.01737633e+01 1.22827507e+02 3.29712410e+01
   vertex 6.42752914e+01 1.22318611e+02 4.08282204e+01
   vertex 6.20344849e+01 1.20112015e+02 3.31960373e+01
  endloop
 endfacet
 facet normal 6.69419289e-01 -7.41783202e-01 -4.04412448e-02
  outer loop
   vertex 6.55303345e+01 1.03766098e+01 4.98595352e+01
   vertex 6.70016556e+01 1.14841528e+01 5.44952469e+01
   vertex 6.58516922e+01 1.03356705e+01 5.29849625e+01
  endloop
 endfacet
 facet normal 4.70686942e-01 -8.80743027e-01 5.23983091e-02
  outer loop
   vertex 6.58516922e+01 1.03356705e+01 5.29849625e+01
   vertex 6.70016556e+01 1.14841528e+01 5.44952469e+01
   vertex 6.74125977e+01 1.14831295e+01 5.81469727e+01
  endloop
 endfacet
 facet normal 7.64770687e-01 -6.37543321e-01 -9.30824727e-02
  outer loop
   vertex 6.57370148e+01 1.10394831e+01 4.81495018e+01
   vertex 6.70690155e+01 1.20681581e+01 5.22652321e+01
   vertex 6.55044250e+01 1.07103462e+01 4.82765617e+01
  endloop
 endfacet
 facet normal 7.83668756e-01 -6.12429023e-01 -1.03893928e-01
  outer loop
   vertex 6.55044250e+01 1.07103462e+01 4.82765617e+01
   vertex 6.70690155e+01 1.20681581e+01 5.22652321e+01
   vertex 6.69181900e+01 1.17981691e+01 5.26661797e+01
  endloop
 endfacet
 facet normal 7.36127615e-01 -6.73686504e-01 -6.52885139e-02
  outer loop
   vertex 6.95163193e+01 1.48401299e+01 5.09686432e+01
   vertex 6.88439941e+01 1.40718889e+01 5.13316650e+01
   vertex 6.85701599e+01 1.41271591e+01 4.76440735e+01
  endloop
 endfacet
 facet normal 7.34651327e-01 -6.75357103e-01 -6.46543577e-02
  outer loop
   vertex 6.85701599e+01 1.41271591e+01 4.76440735e+01
   vertex 6.88439941e+01 1.40718889e+01 5.13316650e+01
   vertex 6.78278351e+01 1.32953634e+01 4.79011269e+01
  endloop
 endfacet
 facet normal 7.40133464e-01 -6.69098854e-01 -6.71503991e-02
  outer loop
   vertex 7.02699890e+01 1.57075624e+01 5.05981445e+01
   vertex 6.95163193e+01 1.48401299e+01 5.09686432e+01
   vertex 6.93828735e+01 1.50509672e+01 4.73564186e+01
  endloop
 endfacet
 facet normal 7.38503754e-01 -6.70978665e-01 -6.63308948e-02
  outer loop
   vertex 6.93828735e+01 1.50509672e+01 4.73564186e+01
   vertex 6.95163193e+01 1.48401299e+01 5.09686432e+01
   vertex 6.85701599e+01 1.41271591e+01 4.76440735e+01
  endloop
 endfacet
 facet normal 7.45651603e-01 -6.62629426e-01 -7.01852366e-02
  outer loop
   vertex 7.10913162e+01 1.66621094e+01 5.02572517e+01
   vertex 7.02699890e+01 1.57075624e+01 5.05981445e+01
   vertex 7.02478790e+01 1.60496597e+01 4.70785789e+01
  endloop
 endfacet
 facet normal 7.43863583e-01 -6.64744794e-01 -6.91474900e-02
  outer loop
   vertex 7.02478790e+01 1.60496597e+01 4.70785789e+01
   vertex 7.02699890e+01 1.57075624e+01 5.05981445e+01
   vertex 6.93828735e+01 1.50509672e+01 4.73564186e+01
  endloop
 endfacet
 facet normal 8.80376756e-01 -4.39137310e-01 -1.79151431e-01
  outer loop
   vertex 8.11754532e+01 3.22370949e+01 4.60004044e+01
   vertex 8.19342651e+01 3.37947655e+01 4.59505997e+01
   vertex 8.21176300e+01 3.28854828e+01 4.90435638e+01
  endloop
 endfacet
 facet normal 8.82941365e-01 -4.32939440e-01 -1.81598350e-01
  outer loop
   vertex 8.21176300e+01 3.28854828e+01 4.90435638e+01
   vertex 8.19342651e+01 3.37947655e+01 4.59505997e+01
   vertex 8.28829498e+01 3.44500046e+01 4.89934769e+01
  endloop
 endfacet
 facet normal 8.91312838e-01 -4.11964715e-01 -1.89331725e-01
  outer loop
   vertex 8.36070786e+01 3.60237083e+01 4.89423866e+01
   vertex 8.28829498e+01 3.44500046e+01 4.89934769e+01
   vertex 8.26539612e+01 3.53614845e+01 4.58998146e+01
  endloop
 endfacet
 facet normal 8.88715565e-01 -4.18613642e-01 -1.86941877e-01
  outer loop
   vertex 8.26539612e+01 3.53614845e+01 4.58998146e+01
   vertex 8.28829498e+01 3.44500046e+01 4.89934769e+01
   vertex 8.19342651e+01 3.37947655e+01 4.59505997e+01
  endloop
 endfacet
 facet normal 8.97189200e-01 -3.96404982e-01 -1.94716647e-01
  outer loop
   vertex 8.42898331e+01 3.76048126e+01 4.88896065e+01
   vertex 8.36070786e+01 3.60237083e+01 4.89423866e+01
   vertex 8.33336258e+01 3.69354935e+01 4.58474884e+01
  endloop
 endfacet
 facet normal 8.95628631e-01 -4.00605559e-01 -1.93298951e-01
  outer loop
   vertex 8.33336258e+01 3.69354935e+01 4.58474884e+01
   vertex 8.36070786e+01 3.60237083e+01 4.89423866e+01
   vertex 8.26539612e+01 3.53614845e+01 4.58998146e+01
  endloop
 endfacet
 facet normal 9.04684246e-01 -3.75332922e-01 -2.01672018e-01
  outer loop
   vertex 8.49641800e+01 3.91869850e+01 4.88402481e+01
   vertex 8.42898331e+01 3.76048126e+01 4.88896065e+01
   vertex 8.40052719e+01 3.85100212e+01 4.57969093e+01
  endloop
 endfacet
 facet normal 9.01738942e-01 -3.83802831e-01 -1.98902726e-01
  outer loop
   vertex 8.40052719e+01 3.85100212e+01 4.57969093e+01
   vertex 8.42898331e+01 3.76048126e+01 4.88896065e+01
   vertex 8.33336258e+01 3.69354935e+01 4.58474884e+01
  endloop
 endfacet
 facet normal 9.17267203e-01 -3.35456878e-01 -2.14684710e-01
  outer loop
   vertex 8.61373367e+01 4.23725243e+01 4.87359467e+01
   vertex 8.49641800e+01 3.91869850e+01 4.88402481e+01
   vertex 8.51724014e+01 4.16800194e+01 4.56918755e+01
  endloop
 endfacet
 facet normal 9.12546158e-01 -3.51186574e-01 -2.09588960e-01
  outer loop
   vertex 8.51724014e+01 4.16800194e+01 4.56918755e+01
   vertex 8.49641800e+01 3.91869850e+01 4.88402481e+01
   vertex 8.40052719e+01 3.85100212e+01 4.57969093e+01
  endloop
 endfacet
 facet normal 9.29472268e-01 -2.88311422e-01 -2.30125770e-01
  outer loop
   vertex 8.71465454e+01 4.56170769e+01 4.86316109e+01
   vertex 8.61373367e+01 4.23725243e+01 4.87359467e+01
   vertex 8.61734085e+01 4.49101524e+01 4.55865860e+01
  endloop
 endfacet
 facet normal 9.25824404e-01 -3.03629488e-01 -2.25074053e-01
  outer loop
   vertex 8.61734085e+01 4.49101524e+01 4.55865860e+01
   vertex 8.61373367e+01 4.23725243e+01 4.87359467e+01
   vertex 8.51724014e+01 4.16800194e+01 4.56918755e+01
  endloop
 endfacet
 facet normal 9.50844824e-01 -1.33764312e-01 -2.79286951e-01
  outer loop
   vertex 8.92180710e+01 5.60476685e+01 4.82857552e+01
   vertex 8.87158813e+01 5.24229164e+01 4.84271812e+01
   vertex 8.82134705e+01 5.53202667e+01 4.52236366e+01
  endloop
 endfacet
 facet normal 9.49684024e-01 -1.51349962e-01 -2.74214268e-01
  outer loop
   vertex 8.82134705e+01 5.53202667e+01 4.52236366e+01
   vertex 8.87158813e+01 5.24229164e+01 4.84271812e+01
   vertex 8.77184448e+01 5.16959305e+01 4.53711472e+01
  endloop
 endfacet
 facet normal 9.52656448e-01 -8.04552212e-02 -2.93210924e-01
  outer loop
   vertex 8.95151596e+01 5.97898827e+01 4.81173058e+01
   vertex 8.92180710e+01 5.60476685e+01 4.82857552e+01
   vertex 8.85079117e+01 5.90578079e+01 4.50497322e+01
  endloop
 endfacet
 facet normal 9.52345431e-01 -9.78480354e-02 -2.88901240e-01
  outer loop
   vertex 8.85079117e+01 5.90578079e+01 4.50497322e+01
   vertex 8.92180710e+01 5.60476685e+01 4.82857552e+01
   vertex 8.82134705e+01 5.53202667e+01 4.52236366e+01
  endloop
 endfacet
 facet normal 9.52462137e-01 -4.56798747e-02 -3.01212966e-01
  outer loop
   vertex 8.85079117e+01 5.90578079e+01 4.50497322e+01
   vertex 8.85949326e+01 6.28565903e+01 4.48576241e+01
   vertex 8.95151596e+01 5.97898827e+01 4.81173058e+01
  endloop
 endfacet
 facet normal 9.51942563e-01 -2.78712623e-02 -3.05005848e-01
  outer loop
   vertex 8.95151596e+01 5.97898827e+01 4.81173058e+01
   vertex 8.85949326e+01 6.28565903e+01 4.48576241e+01
   vertex 8.96006699e+01 6.36091080e+01 4.79300346e+01
  endloop
 endfacet
 facet normal 9.48323011e-01 2.82968525e-02 -3.16042423e-01
  outer loop
   vertex 8.94713821e+01 6.72908325e+01 4.77377396e+01
   vertex 8.96006699e+01 6.36091080e+01 4.79300346e+01
   vertex 8.84705048e+01 6.65164413e+01 4.46602898e+01
  endloop
 endfacet
 facet normal 9.49964583e-01 8.29644967e-03 -3.12247396e-01
  outer loop
   vertex 8.84705048e+01 6.65164413e+01 4.46602898e+01
   vertex 8.96006699e+01 6.36091080e+01 4.79300346e+01
   vertex 8.85949326e+01 6.28565903e+01 4.48576241e+01
  endloop
 endfacet
 facet normal 9.25717294e-01 1.67551309e-01 -3.39078188e-01
  outer loop
   vertex 8.76185379e+01 7.29528046e+01 4.42847977e+01
   vertex 8.69800644e+01 7.59991379e+01 4.41051903e+01
   vertex 8.86060791e+01 7.37424240e+01 4.73749313e+01
  endloop
 endfacet
 facet normal 9.22298133e-01 1.81232333e-01 -3.41351718e-01
  outer loop
   vertex 8.86060791e+01 7.37424240e+01 4.73749313e+01
   vertex 8.69800644e+01 7.59991379e+01 4.41051903e+01
   vertex 8.79677353e+01 7.68032150e+01 4.72030487e+01
  endloop
 endfacet
 facet normal 9.10927773e-01 2.21569374e-01 -3.48019600e-01
  outer loop
   vertex 8.71743469e+01 7.98829880e+01 4.70232506e+01
   vertex 8.79677353e+01 7.68032150e+01 4.72030487e+01
   vertex 8.61886215e+01 7.90552902e+01 4.39186363e+01
  endloop
 endfacet
 facet normal 9.14980710e-01 2.07965061e-01 -3.45775634e-01
  outer loop
   vertex 8.61886215e+01 7.90552902e+01 4.39186363e+01
   vertex 8.79677353e+01 7.68032150e+01 4.72030487e+01
   vertex 8.69800644e+01 7.59991379e+01 4.41051903e+01
  endloop
 endfacet
 facet normal 8.98927987e-01 2.58726209e-01 -3.53538126e-01
  outer loop
   vertex 8.61909714e+01 8.30616074e+01 4.68196373e+01
   vertex 8.71743469e+01 7.98829880e+01 4.70232506e+01
   vertex 8.52174454e+01 8.22001419e+01 4.37114143e+01
  endloop
 endfacet
 facet normal 9.02988017e-01 2.46623427e-01 -3.51837337e-01
  outer loop
   vertex 8.52174454e+01 8.22001419e+01 4.37114143e+01
   vertex 8.71743469e+01 7.98829880e+01 4.70232506e+01
   vertex 8.61886215e+01 7.90552902e+01 4.39186363e+01
  endloop
 endfacet
 facet normal 8.88138890e-01 2.89027721e-01 -3.57312679e-01
  outer loop
   vertex 8.50817413e+01 8.62365799e+01 4.66057892e+01
   vertex 8.61909714e+01 8.30616074e+01 4.68196373e+01
   vertex 8.41227341e+01 8.53442078e+01 4.34951782e+01
  endloop
 endfacet
 facet normal 8.91713023e-01 2.79281557e-01 -3.56159657e-01
  outer loop
   vertex 8.41227341e+01 8.53442078e+01 4.34951782e+01
   vertex 8.61909714e+01 8.30616074e+01 4.68196373e+01
   vertex 8.52174454e+01 8.22001419e+01 4.37114143e+01
  endloop
 endfacet
 facet normal 8.81787241e-01 3.05718362e-01 -3.59148413e-01
  outer loop
   vertex 8.41227341e+01 8.53442078e+01 4.34951782e+01
   vertex 8.29607086e+01 8.83980255e+01 4.32820320e+01
   vertex 8.50817413e+01 8.62365799e+01 4.66057892e+01
  endloop
 endfacet
 facet normal 8.78370881e-01 3.14310193e-01 -3.60102415e-01
  outer loop
   vertex 8.50817413e+01 8.62365799e+01 4.66057892e+01
   vertex 8.29607086e+01 8.83980255e+01 4.32820320e+01
   vertex 8.39107819e+01 8.93054047e+01 4.63958054e+01
  endloop
 endfacet
 facet normal 8.68687928e-01 3.37590486e-01 -3.62510562e-01
  outer loop
   vertex 8.26734085e+01 9.22973328e+01 4.61884270e+01
   vertex 8.39107819e+01 8.93054047e+01 4.63958054e+01
   vertex 8.17289886e+01 9.13843307e+01 4.30710716e+01
  endloop
 endfacet
 facet normal 8.72175455e-01 3.29419762e-01 -3.61652613e-01
  outer loop
   vertex 8.17289886e+01 9.13843307e+01 4.30710716e+01
   vertex 8.39107819e+01 8.93054047e+01 4.63958054e+01
   vertex 8.29607086e+01 8.83980255e+01 4.32820320e+01
  endloop
 endfacet
 facet normal 8.59220207e-01 3.58976990e-01 -3.64521772e-01
  outer loop
   vertex 8.13647385e+01 9.52414932e+01 4.59823990e+01
   vertex 8.26734085e+01 9.22973328e+01 4.61884270e+01
   vertex 8.04250793e+01 9.43258438e+01 4.28613853e+01
  endloop
 endfacet
 facet normal 8.62571716e-01 3.51572841e-01 -3.63822192e-01
  outer loop
   vertex 8.04250793e+01 9.43258438e+01 4.28613853e+01
   vertex 8.26734085e+01 9.22973328e+01 4.61884270e+01
   vertex 8.17289886e+01 9.13843307e+01 4.30710716e+01
  endloop
 endfacet
 facet normal 8.50546122e-01 3.77534837e-01 -3.66113037e-01
  outer loop
   vertex 7.99924164e+01 9.81441116e+01 4.57707939e+01
   vertex 8.13647385e+01 9.52414932e+01 4.59823990e+01
   vertex 7.90563736e+01 9.72279892e+01 4.26471863e+01
  endloop
 endfacet
 facet normal 8.53550494e-01 3.71237904e-01 -3.65559816e-01
  outer loop
   vertex 7.90563736e+01 9.72279892e+01 4.26471863e+01
   vertex 8.13647385e+01 9.52414932e+01 4.59823990e+01
   vertex 8.04250793e+01 9.43258438e+01 4.28613853e+01
  endloop
 endfacet
 facet normal 8.45362604e-01 3.88159692e-01 -3.67006958e-01
  outer loop
   vertex 7.90563736e+01 9.72279892e+01 4.26471863e+01
   vertex 7.76302795e+01 1.00096169e+02 4.24223938e+01
   vertex 7.99924164e+01 9.81441116e+01 4.57707939e+01
  endloop
 endfacet
 facet normal 8.42612803e-01 3.93625081e-01 -3.67509156e-01
  outer loop
   vertex 7.99924164e+01 9.81441116e+01 4.57707939e+01
   vertex 7.76302795e+01 1.00096169e+02 4.24223938e+01
   vertex 7.85640030e+01 1.01011292e+02 4.55463371e+01
  endloop
 endfacet
 facet normal 8.35003972e-01 4.08272117e-01 -3.68893206e-01
  outer loop
   vertex 7.70868683e+01 1.03855377e+02 4.53309975e+01
   vertex 7.85640030e+01 1.01011292e+02 4.55463371e+01
   vertex 7.61540451e+01 1.02941124e+02 4.22058220e+01
  endloop
 endfacet
 facet normal 8.37639272e-01 4.03289258e-01 -3.68399501e-01
  outer loop
   vertex 7.61540451e+01 1.02941124e+02 4.22058220e+01
   vertex 7.85640030e+01 1.01011292e+02 4.55463371e+01
   vertex 7.76302795e+01 1.00096169e+02 4.24223938e+01
  endloop
 endfacet
 facet normal 8.27151895e-01 4.22702283e-01 -3.70327592e-01
  outer loop
   vertex 7.55687103e+01 1.06688957e+02 4.51473999e+01
   vertex 7.70868683e+01 1.03855377e+02 4.53309975e+01
   vertex 7.46352081e+01 1.05773834e+02 4.20168610e+01
  endloop
 endfacet
 facet normal 8.29909623e-01 4.17708665e-01 -3.69823605e-01
  outer loop
   vertex 7.46352081e+01 1.05773834e+02 4.20168610e+01
   vertex 7.70868683e+01 1.03855377e+02 4.53309975e+01
   vertex 7.61540451e+01 1.02941124e+02 4.22058220e+01
  endloop
 endfacet
 facet normal 8.18379283e-01 4.38209385e-01 -3.71790141e-01
  outer loop
   vertex 7.39939270e+01 1.09501572e+02 4.49672203e+01
   vertex 7.55687103e+01 1.06688957e+02 4.51473999e+01
   vertex 7.30599976e+01 1.08585518e+02 4.18311119e+01
  endloop
 endfacet
 facet normal 8.21536601e-01 4.32697773e-01 -3.71281952e-01
  outer loop
   vertex 7.30599976e+01 1.08585518e+02 4.18311119e+01
   vertex 7.55687103e+01 1.06688957e+02 4.51473999e+01
   vertex 7.46352081e+01 1.05773834e+02 4.20168610e+01
  endloop
 endfacet
 facet normal 8.12199831e-01 4.48844701e-01 -3.72652471e-01
  outer loop
   vertex 7.30599976e+01 1.08585518e+02 4.18311119e+01
   vertex 7.14145050e+01 1.11367203e+02 4.16231651e+01
   vertex 7.39939270e+01 1.09501572e+02 4.49672203e+01
  endloop
 endfacet
 facet normal 8.08772445e-01 4.54640746e-01 -3.73080373e-01
  outer loop
   vertex 7.39939270e+01 1.09501572e+02 4.49672203e+01
   vertex 7.14145050e+01 1.11367203e+02 4.16231651e+01
   vertex 7.23467102e+01 1.12282555e+02 4.47609711e+01
  endloop
 endfacet
 facet normal 7.98857450e-01 4.71090823e-01 -3.74032348e-01
  outer loop
   vertex 7.06344757e+01 1.15040115e+02 4.45541801e+01
   vertex 7.23467102e+01 1.12282555e+02 4.47609711e+01
   vertex 6.97045898e+01 1.14126030e+02 4.14144783e+01
  endloop
 endfacet
 facet normal 8.02387357e-01 4.65302736e-01 -3.73721719e-01
  outer loop
   vertex 6.97045898e+01 1.14126030e+02 4.14144783e+01
   vertex 7.23467102e+01 1.12282555e+02 4.47609711e+01
   vertex 7.14145050e+01 1.11367203e+02 4.16231651e+01
  endloop
 endfacet
 facet normal 7.89901972e-01 4.85577971e-01 -3.74524862e-01
  outer loop
   vertex 6.88649216e+01 1.17782745e+02 4.43729019e+01
   vertex 7.06344757e+01 1.15040115e+02 4.45541801e+01
   vertex 6.79363632e+01 1.16869316e+02 4.12269440e+01
  endloop
 endfacet
 facet normal 7.92966723e-01 4.80672061e-01 -3.74377012e-01
  outer loop
   vertex 6.79363632e+01 1.16869316e+02 4.12269440e+01
   vertex 7.06344757e+01 1.15040115e+02 4.45541801e+01
   vertex 6.97045898e+01 1.14126030e+02 4.14144783e+01
  endloop
 endfacet
 facet normal 7.83588469e-01 4.95689422e-01 -3.74541163e-01
  outer loop
   vertex 6.70500488e+01 1.20512405e+02 4.41914978e+01
   vertex 6.88649216e+01 1.17782745e+02 4.43729019e+01
   vertex 6.61224289e+01 1.19599426e+02 4.10388794e+01
  endloop
 endfacet
 facet normal 7.85574317e-01 4.92528021e-01 -3.74551952e-01
  outer loop
   vertex 6.61224289e+01 1.19599426e+02 4.10388794e+01
   vertex 6.88649216e+01 1.17782745e+02 4.43729019e+01
   vertex 6.79363632e+01 1.16869316e+02 4.12269440e+01
  endloop
 endfacet
 facet normal 7.81153500e-01 4.99647230e-01 -3.74368578e-01
  outer loop
   vertex 6.61224289e+01 1.19599426e+02 4.10388794e+01
   vertex 6.42752914e+01 1.22318611e+02 4.08282204e+01
   vertex 6.70500488e+01 1.20512405e+02 4.41914978e+01
  endloop
 endfacet
 facet normal 7.80069709e-01 5.01392663e-01 -3.74294877e-01
  outer loop
   vertex 6.70500488e+01 1.20512405e+02 4.41914978e+01
   vertex 6.42752914e+01 1.22318611e+02 4.08282204e+01
   vertex 6.52017746e+01 1.23230957e+02 4.39838219e+01
  endloop
 endfacet
 facet normal 1.68730378e-01 9.32533920e-01 -3.19234282e-01
  outer loop
   vertex 6.33367996e+01 1.25943954e+02 4.37629623e+01
   vertex 6.52017746e+01 1.23230957e+02 4.39838219e+01
   vertex 6.24115639e+01 1.25032349e+02 4.06062050e+01
  endloop
 endfacet
 facet normal 5.34826875e-01 7.56751060e-01 -3.75883013e-01
  outer loop
   vertex 6.24115639e+01 1.25032349e+02 4.06062050e+01
   vertex 6.52017746e+01 1.23230957e+02 4.39838219e+01
   vertex 6.42752914e+01 1.22318611e+02 4.08282204e+01
  endloop
 endfacet
 facet normal 6.60655439e-01 -7.49882638e-01 -3.47915329e-02
  outer loop
   vertex 6.70016556e+01 1.14841528e+01 5.44952469e+01
   vertex 6.82969055e+01 1.24591513e+01 5.85761909e+01
   vertex 6.74125977e+01 1.14831295e+01 5.81469727e+01
  endloop
 endfacet
 facet normal 4.68010336e-01 -8.82122457e-01 5.31623624e-02
  outer loop
   vertex 6.74125977e+01 1.14831295e+01 5.81469727e+01
   vertex 6.82969055e+01 1.24591513e+01 5.85761909e+01
   vertex 6.87867050e+01 1.24932785e+01 6.26912308e+01
  endloop
 endfacet
 facet normal 7.74258435e-01 -6.25830889e-01 -9.41257477e-02
  outer loop
   vertex 6.70690155e+01 1.20681581e+01 5.22652321e+01
   vertex 6.82416153e+01 1.29737225e+01 5.58884201e+01
   vertex 6.69181900e+01 1.17981691e+01 5.26661797e+01
  endloop
 endfacet
 facet normal 7.88567245e-01 -6.06116414e-01 -1.03848867e-01
  outer loop
   vertex 6.69181900e+01 1.17981691e+01 5.26661797e+01
   vertex 6.82416153e+01 1.29737225e+01 5.58884201e+01
   vertex 6.81627655e+01 1.27558098e+01 5.65304871e+01
  endloop
 endfacet
 facet normal 7.36271143e-01 -6.73504293e-01 -6.55497313e-02
  outer loop
   vertex 6.97385330e+01 1.47554922e+01 5.43516693e+01
   vertex 6.88439941e+01 1.40718889e+01 5.13316650e+01
   vertex 7.03492508e+01 1.54677725e+01 5.38953590e+01
  endloop
 endfacet
 facet normal 7.36575902e-01 -6.73172891e-01 -6.55300096e-02
  outer loop
   vertex 7.03492508e+01 1.54677725e+01 5.38953590e+01
   vertex 6.88439941e+01 1.40718889e+01 5.13316650e+01
   vertex 6.95163193e+01 1.48401299e+01 5.09686432e+01
  endloop
 endfacet
 facet normal 7.38774776e-01 -6.70664847e-01 -6.64865226e-02
  outer loop
   vertex 7.03492508e+01 1.54677725e+01 5.38953590e+01
   vertex 6.95163193e+01 1.48401299e+01 5.09686432e+01
   vertex 7.10509262e+01 1.62855930e+01 5.34519272e+01
  endloop
 endfacet
 facet normal 7.39958584e-01 -6.69300795e-01 -6.70647547e-02
  outer loop
   vertex 7.10509262e+01 1.62855930e+01 5.34519272e+01
   vertex 6.95163193e+01 1.48401299e+01 5.09686432e+01
   vertex 7.02699890e+01 1.57075624e+01 5.05981445e+01
  endloop
 endfacet
 facet normal 7.44747460e-01 -6.63692176e-01 -6.97419494e-02
  outer loop
   vertex 7.18338318e+01 1.72012463e+01 5.30555267e+01
   vertex 7.10509262e+01 1.62855930e+01 5.34519272e+01
   vertex 7.10913162e+01 1.66621094e+01 5.02572517e+01
  endloop
 endfacet
 facet normal 7.43245840e-01 -6.65466785e-01 -6.88444972e-02
  outer loop
   vertex 7.10913162e+01 1.66621094e+01 5.02572517e+01
   vertex 7.10509262e+01 1.62855930e+01 5.34519272e+01
   vertex 7.02699890e+01 1.57075624e+01 5.05981445e+01
  endloop
 endfacet
 facet normal 8.79480004e-01 -4.41223264e-01 -1.78429231e-01
  outer loop
   vertex 8.21176300e+01 3.28854828e+01 4.90435638e+01
   vertex 8.28829498e+01 3.44500046e+01 4.89934769e+01
   vertex 8.29470596e+01 3.34562798e+01 5.17225380e+01
  endloop
 endfacet
 facet normal 8.82282257e-01 -4.34506327e-01 -1.81058839e-01
  outer loop
   vertex 8.29470596e+01 3.34562798e+01 5.17225380e+01
   vertex 8.28829498e+01 3.44500046e+01 4.89934769e+01
   vertex 8.37180862e+01 3.50268478e+01 5.16722031e+01
  endloop
 endfacet
 facet normal 8.91068041e-01 -4.12591308e-01 -1.89119503e-01
  outer loop
   vertex 8.44461136e+01 3.66066780e+01 5.16208496e+01
   vertex 8.37180862e+01 3.50268478e+01 5.16722031e+01
   vertex 8.36070786e+01 3.60237083e+01 4.89423866e+01
  endloop
 endfacet
 facet normal 8.88333023e-01 -4.19569790e-01 -1.86616167e-01
  outer loop
   vertex 8.36070786e+01 3.60237083e+01 4.89423866e+01
   vertex 8.37180862e+01 3.50268478e+01 5.16722031e+01
   vertex 8.28829498e+01 3.44500046e+01 4.89934769e+01
  endloop
 endfacet
 facet normal 8.97202909e-01 -3.96367759e-01 -1.94729418e-01
  outer loop
   vertex 8.51315994e+01 3.81940193e+01 5.15676689e+01
   vertex 8.44461136e+01 3.66066780e+01 5.16208496e+01
   vertex 8.42898331e+01 3.76048126e+01 4.88896065e+01
  endloop
 endfacet
 facet normal 8.95568073e-01 -4.00767416e-01 -1.93244115e-01
  outer loop
   vertex 8.42898331e+01 3.76048126e+01 4.88896065e+01
   vertex 8.44461136e+01 3.66066780e+01 5.16208496e+01
   vertex 8.36070786e+01 3.60237083e+01 4.89423866e+01
  endloop
 endfacet
 facet normal 9.04763639e-01 -3.75100017e-01 -2.01749250e-01
  outer loop
   vertex 8.58083572e+01 3.97829323e+01 5.15193787e+01
   vertex 8.51315994e+01 3.81940193e+01 5.15676689e+01
   vertex 8.49641800e+01 3.91869850e+01 4.88402481e+01
  endloop
 endfacet
 facet normal 9.01824653e-01 -3.83559525e-01 -1.98983327e-01
  outer loop
   vertex 8.49641800e+01 3.91869850e+01 4.88402481e+01
   vertex 8.51315994e+01 3.81940193e+01 5.15676689e+01
   vertex 8.42898331e+01 3.76048126e+01 4.88896065e+01
  endloop
 endfacet
 facet normal 9.17186022e-01 -3.35736394e-01 -2.14594632e-01
  outer loop
   vertex 8.69867935e+01 4.29821548e+01 5.14157295e+01
   vertex 8.58083572e+01 3.97829323e+01 5.15193787e+01
   vertex 8.61373367e+01 4.23725243e+01 4.87359467e+01
  endloop
 endfacet
 facet normal 9.12535667e-01 -3.51221055e-01 -2.09576815e-01
  outer loop
   vertex 8.61373367e+01 4.23725243e+01 4.87359467e+01
   vertex 8.58083572e+01 3.97829323e+01 5.15193787e+01
   vertex 8.49641800e+01 3.91869850e+01 4.88402481e+01
  endloop
 endfacet
 facet normal 9.29154932e-01 -2.89662480e-01 -2.29710281e-01
  outer loop
   vertex 8.80032272e+01 4.62394104e+01 5.13122330e+01
   vertex 8.69867935e+01 4.29821548e+01 5.14157295e+01
   vertex 8.71465454e+01 4.56170769e+01 4.86316109e+01
  endloop
 endfacet
 facet normal 9.25565422e-01 -3.04654121e-01 -2.24754244e-01
  outer loop
   vertex 8.71465454e+01 4.56170769e+01 4.86316109e+01
   vertex 8.69867935e+01 4.29821548e+01 5.14157295e+01
   vertex 8.61373367e+01 4.23725243e+01 4.87359467e+01
  endloop
 endfacet
 facet normal 9.50761616e-01 -1.35037243e-01 -2.78957516e-01
  outer loop
   vertex 9.01024551e+01 5.66880417e+01 5.09814148e+01
   vertex 8.95939407e+01 5.30628929e+01 5.11175003e+01
   vertex 8.92180710e+01 5.60476685e+01 4.82857552e+01
  endloop
 endfacet
 facet normal 9.49533880e-01 -1.53138265e-01 -2.73740977e-01
  outer loop
   vertex 8.92180710e+01 5.60476685e+01 4.82857552e+01
   vertex 8.95939407e+01 5.30628929e+01 5.11175003e+01
   vertex 8.87158813e+01 5.24229164e+01 4.84271812e+01
  endloop
 endfacet
 facet normal 9.52656806e-01 -8.04054439e-02 -2.93223441e-01
  outer loop
   vertex 9.04018555e+01 6.04343452e+01 5.08177795e+01
   vertex 9.01024551e+01 5.66880417e+01 5.09814148e+01
   vertex 8.95151596e+01 5.97898827e+01 4.81173058e+01
  endloop
 endfacet
 facet normal 9.52333808e-01 -9.82644185e-02 -2.88798302e-01
  outer loop
   vertex 8.95151596e+01 5.97898827e+01 4.81173058e+01
   vertex 9.01024551e+01 5.66880417e+01 5.09814148e+01
   vertex 8.92180710e+01 5.60476685e+01 4.82857552e+01
  endloop
 endfacet
 facet normal 9.52438354e-01 -4.47862223e-02 -3.01422209e-01
  outer loop
   vertex 8.95151596e+01 5.97898827e+01 4.81173058e+01
   vertex 8.96006699e+01 6.36091080e+01 4.79300346e+01
   vertex 9.04018555e+01 6.04343452e+01 5.08177795e+01
  endloop
 endfacet
 facet normal 9.51890349e-01 -2.67125480e-02 -3.05272430e-01
  outer loop
   vertex 9.04018555e+01 6.04343452e+01 5.08177795e+01
   vertex 8.96006699e+01 6.36091080e+01 4.79300346e+01
   vertex 9.04860382e+01 6.42715759e+01 5.06347656e+01
  endloop
 endfacet
 facet normal 9.48110044e-01 3.03626321e-02 -3.16489339e-01
  outer loop
   vertex 9.03524857e+01 6.79725494e+01 5.04469109e+01
   vertex 9.04860382e+01 6.42715759e+01 5.06347656e+01
   vertex 8.94713821e+01 6.72908325e+01 4.77377396e+01
  endloop
 endfacet
 facet normal 9.49807405e-01 1.02022598e-02 -3.12668800e-01
  outer loop
   vertex 8.94713821e+01 6.72908325e+01 4.77377396e+01
   vertex 9.04860382e+01 6.42715759e+01 5.06347656e+01
   vertex 8.96006699e+01 6.36091080e+01 4.79300346e+01
  endloop
 endfacet
 facet normal 9.25529420e-01 1.68317363e-01 -3.39211702e-01
  outer loop
   vertex 8.86060791e+01 7.37424240e+01 4.73749313e+01
   vertex 8.79677353e+01 7.68032150e+01 4.72030487e+01
   vertex 8.94754257e+01 7.44375381e+01 5.00952682e+01
  endloop
 endfacet
 facet normal 9.22230184e-01 1.81495667e-01 -3.41395408e-01
  outer loop
   vertex 8.94754257e+01 7.44375381e+01 5.00952682e+01
   vertex 8.79677353e+01 7.68032150e+01 4.72030487e+01
   vertex 8.88372040e+01 7.75110626e+01 4.99301758e+01
  endloop
 endfacet
 facet normal 9.10849452e-01 2.21820727e-01 -3.48064423e-01
  outer loop
   vertex 8.80420990e+01 8.06116333e+01 4.97563286e+01
   vertex 8.88372040e+01 7.75110626e+01 4.99301758e+01
   vertex 8.71743469e+01 7.98829880e+01 4.70232506e+01
  endloop
 endfacet
 facet normal 9.14964437e-01 2.08018869e-01 -3.45786333e-01
  outer loop
   vertex 8.71743469e+01 7.98829880e+01 4.70232506e+01
   vertex 8.88372040e+01 7.75110626e+01 4.99301758e+01
   vertex 8.79677353e+01 7.68032150e+01 4.72030487e+01
  endloop
 endfacet
 facet normal 8.98540974e-01 2.59819925e-01 -3.53719771e-01
  outer loop
   vertex 8.70480042e+01 8.38199844e+01 4.95558929e+01
   vertex 8.80420990e+01 8.06116333e+01 4.97563286e+01
   vertex 8.61909714e+01 8.30616074e+01 4.68196373e+01
  endloop
 endfacet
 facet normal 9.02703404e-01 2.47461200e-01 -3.51979434e-01
  outer loop
   vertex 8.61909714e+01 8.30616074e+01 4.68196373e+01
   vertex 8.80420990e+01 8.06116333e+01 4.97563286e+01
   vertex 8.71743469e+01 7.98829880e+01 4.70232506e+01
  endloop
 endfacet
 facet normal 8.87567401e-01 2.90487945e-01 -3.57548416e-01
  outer loop
   vertex 8.59259720e+01 8.70221481e+01 4.93441505e+01
   vertex 8.70480042e+01 8.38199844e+01 4.95558929e+01
   vertex 8.50817413e+01 8.62365799e+01 4.66057892e+01
  endloop
 endfacet
 facet normal 8.91132534e-01 2.80813247e-01 -3.56408060e-01
  outer loop
   vertex 8.50817413e+01 8.62365799e+01 4.66057892e+01
   vertex 8.70480042e+01 8.38199844e+01 4.95558929e+01
   vertex 8.61909714e+01 8.30616074e+01 4.68196373e+01
  endloop
 endfacet
 facet normal 8.81139040e-01 3.07288051e-01 -3.59399557e-01
  outer loop
   vertex 8.50817413e+01 8.62365799e+01 4.66057892e+01
   vertex 8.39107819e+01 8.93054047e+01 4.63958054e+01
   vertex 8.59259720e+01 8.70221481e+01 4.93441505e+01
  endloop
 endfacet
 facet normal 8.77761364e-01 3.15747708e-01 -3.60330880e-01
  outer loop
   vertex 8.59259720e+01 8.70221481e+01 4.93441505e+01
   vertex 8.39107819e+01 8.93054047e+01 4.63958054e+01
   vertex 8.47471619e+01 9.01042023e+01 4.91369476e+01
  endloop
 endfacet
 facet normal 8.68039131e-01 3.39019835e-01 -3.62730771e-01
  outer loop
   vertex 8.35047989e+01 9.31010590e+01 4.89327240e+01
   vertex 8.47471619e+01 9.01042023e+01 4.91369476e+01
   vertex 8.26734085e+01 9.22973328e+01 4.61884270e+01
  endloop
 endfacet
 facet normal 8.71501565e-01 3.30939084e-01 -3.61889988e-01
  outer loop
   vertex 8.26734085e+01 9.22973328e+01 4.61884270e+01
   vertex 8.47471619e+01 9.01042023e+01 4.91369476e+01
   vertex 8.39107819e+01 8.93054047e+01 4.63958054e+01
  endloop
 endfacet
 facet normal 8.58558238e-01 3.60351562e-01 -3.64725202e-01
  outer loop
   vertex 8.21919556e+01 9.60475769e+01 4.87299118e+01
   vertex 8.35047989e+01 9.31010590e+01 4.89327240e+01
   vertex 8.13647385e+01 9.52414932e+01 4.59823990e+01
  endloop
 endfacet
 facet normal 8.61864448e-01 3.53071570e-01 -3.64046931e-01
  outer loop
   vertex 8.13647385e+01 9.52414932e+01 4.59823990e+01
   vertex 8.35047989e+01 9.31010590e+01 4.89327240e+01
   vertex 8.26734085e+01 9.22973328e+01 4.61884270e+01
  endloop
 endfacet
 facet normal 8.49978864e-01 3.78655970e-01 -3.66272569e-01
  outer loop
   vertex 8.08164597e+01 9.89506073e+01 4.85205841e+01
   vertex 8.21919556e+01 9.60475769e+01 4.87299118e+01
   vertex 7.99924164e+01 9.81441116e+01 4.57707939e+01
  endloop
 endfacet
 facet normal 8.52898180e-01 3.72548997e-01 -3.65748405e-01
  outer loop
   vertex 7.99924164e+01 9.81441116e+01 4.57707939e+01
   vertex 8.21919556e+01 9.60475769e+01 4.87299118e+01
   vertex 8.13647385e+01 9.52414932e+01 4.59823990e+01
  endloop
 endfacet
 facet normal 8.44871521e-01 3.89104754e-01 -3.67137074e-01
  outer loop
   vertex 7.99924164e+01 9.81441116e+01 4.57707939e+01
   vertex 7.85640030e+01 1.01011292e+02 4.55463371e+01
   vertex 8.08164597e+01 9.89506073e+01 4.85205841e+01
  endloop
 endfacet
 facet normal 8.42210710e-01 3.94388109e-01 -3.67612749e-01
  outer loop
   vertex 8.08164597e+01 9.89506073e+01 4.85205841e+01
   vertex 7.85640030e+01 1.01011292e+02 4.55463371e+01
   vertex 7.93859787e+01 1.01816895e+02 4.82964363e+01
  endloop
 endfacet
 facet normal 8.34738076e-01 4.08759326e-01 -3.68955523e-01
  outer loop
   vertex 7.79080658e+01 1.04660217e+02 4.80821762e+01
   vertex 7.93859787e+01 1.01816895e+02 4.82964363e+01
   vertex 7.70868683e+01 1.03855377e+02 4.53309975e+01
  endloop
 endfacet
 facet normal 8.37315083e-01 4.03890550e-01 -3.68477821e-01
  outer loop
   vertex 7.70868683e+01 1.03855377e+02 4.53309975e+01
   vertex 7.93859787e+01 1.01816895e+02 4.82964363e+01
   vertex 7.85640030e+01 1.01011292e+02 4.55463371e+01
  endloop
 endfacet
 facet normal 8.26933503e-01 4.23088551e-01 -3.70374203e-01
  outer loop
   vertex 7.63904953e+01 1.07494553e+02 4.79033012e+01
   vertex 7.79080658e+01 1.04660217e+02 4.80821762e+01
   vertex 7.55687103e+01 1.06688957e+02 4.51473999e+01
  endloop
 endfacet
 facet normal 8.29671323e-01 4.18135524e-01 -3.69875818e-01
  outer loop
   vertex 7.55687103e+01 1.06688957e+02 4.51473999e+01
   vertex 7.79080658e+01 1.04660217e+02 4.80821762e+01
   vertex 7.70868683e+01 1.03855377e+02 4.53309975e+01
  endloop
 endfacet
 facet normal 8.18080366e-01 4.38717574e-01 -3.71848702e-01
  outer loop
   vertex 7.48160858e+01 1.10307999e+02 4.77280312e+01
   vertex 7.63904953e+01 1.07494553e+02 4.79033012e+01
   vertex 7.39939270e+01 1.09501572e+02 4.49672203e+01
  endloop
 endfacet
 facet normal 8.21262836e-01 4.33170050e-01 -3.71336877e-01
  outer loop
   vertex 7.39939270e+01 1.09501572e+02 4.49672203e+01
   vertex 7.63904953e+01 1.07494553e+02 4.79033012e+01
   vertex 7.55687103e+01 1.06688957e+02 4.51473999e+01
  endloop
 endfacet
 facet normal 8.11771452e-01 4.49554056e-01 -3.72730851e-01
  outer loop
   vertex 7.39939270e+01 1.09501572e+02 4.49672203e+01
   vertex 7.23467102e+01 1.12282555e+02 4.47609711e+01
   vertex 7.48160858e+01 1.10307999e+02 4.77280312e+01
  endloop
 endfacet
 facet normal 8.08308721e-01 4.55397129e-01 -3.73162806e-01
  outer loop
   vertex 7.48160858e+01 1.10307999e+02 4.77280312e+01
   vertex 7.23467102e+01 1.12282555e+02 4.47609711e+01
   vertex 7.31673355e+01 1.13088348e+02 4.75232735e+01
  endloop
 endfacet
 facet normal 7.98236370e-01 4.72063869e-01 -3.74131531e-01
  outer loop
   vertex 7.14530716e+01 1.15844810e+02 4.73181419e+01
   vertex 7.31673355e+01 1.13088348e+02 4.75232735e+01
   vertex 7.06344757e+01 1.15040115e+02 4.45541801e+01
  endloop
 endfacet
 facet normal 8.01778197e-01 4.66270983e-01 -3.73822242e-01
  outer loop
   vertex 7.06344757e+01 1.15040115e+02 4.45541801e+01
   vertex 7.31673355e+01 1.13088348e+02 4.75232735e+01
   vertex 7.23467102e+01 1.12282555e+02 4.47609711e+01
  endloop
 endfacet
 facet normal 7.89206028e-01 4.86631274e-01 -3.74624968e-01
  outer loop
   vertex 6.96823425e+01 1.18586861e+02 4.71423874e+01
   vertex 7.14530716e+01 1.15844810e+02 4.73181419e+01
   vertex 6.88649216e+01 1.17782745e+02 4.43729019e+01
  endloop
 endfacet
 facet normal 7.92240918e-01 4.81783628e-01 -3.74484777e-01
  outer loop
   vertex 6.88649216e+01 1.17782745e+02 4.43729019e+01
   vertex 7.14530716e+01 1.15844810e+02 4.73181419e+01
   vertex 7.06344757e+01 1.15040115e+02 4.45541801e+01
  endloop
 endfacet
 facet normal 7.82969892e-01 4.96603549e-01 -3.74623865e-01
  outer loop
   vertex 6.78666611e+01 1.21316124e+02 4.69668312e+01
   vertex 6.96823425e+01 1.18586861e+02 4.71423874e+01
   vertex 6.70500488e+01 1.20512405e+02 4.41914978e+01
  endloop
 endfacet
 facet normal 7.84868419e-01 4.93579030e-01 -3.74648184e-01
  outer loop
   vertex 6.70500488e+01 1.20512405e+02 4.41914978e+01
   vertex 6.96823425e+01 1.18586861e+02 4.71423874e+01
   vertex 6.88649216e+01 1.17782745e+02 4.43729019e+01
  endloop
 endfacet
 facet normal 7.80600965e-01 5.00456095e-01 -3.74440670e-01
  outer loop
   vertex 6.70500488e+01 1.20512405e+02 4.41914978e+01
   vertex 6.52017746e+01 1.23230957e+02 4.39838219e+01
   vertex 6.78666611e+01 1.21316124e+02 4.69668312e+01
  endloop
 endfacet
 facet normal 7.79606581e-01 5.02067924e-01 -3.74354661e-01
  outer loop
   vertex 6.78666611e+01 1.21316124e+02 4.69668312e+01
   vertex 6.52017746e+01 1.23230957e+02 4.39838219e+01
   vertex 6.60173950e+01 1.24034126e+02 4.67617874e+01
  endloop
 endfacet
 facet normal 1.55070364e-01 9.37105834e-01 -3.12707186e-01
  outer loop
   vertex 6.41513138e+01 1.26746475e+02 4.65419388e+01
   vertex 6.60173950e+01 1.24034126e+02 4.67617874e+01
   vertex 6.33367996e+01 1.25943954e+02 4.37629623e+01
  endloop
 endfacet
 facet normal 5.34313262e-01 7.57134020e-01 -3.75842333e-01
  outer loop
   vertex 6.33367996e+01 1.25943954e+02 4.37629623e+01
   vertex 6.60173950e+01 1.24034126e+02 4.67617874e+01
   vertex 6.52017746e+01 1.23230957e+02 4.39838219e+01
  endloop
 endfacet
 facet normal 8.88260603e-01 -2.95105726e-01 -3.52002412e-01
  outer loop
   vertex 5.78722305e+01 4.75393200e+00 2.51313362e+01
   vertex 5.78744431e+01 4.94311762e+00 2.50069580e+01
   vertex 5.88602486e+01 5.69204283e+00 2.66562672e+01
  endloop
 endfacet
 facet normal 3.70472461e-01 6.59960136e-02 -9.26495910e-01
  outer loop
   vertex 7.78837967e+01 8.00154495e+01 2.60208130e+01
   vertex 7.67838516e+01 8.29552917e+01 2.57950554e+01
   vertex 7.89266739e+01 8.05092239e+01 2.66413593e+01
  endloop
 endfacet
 facet normal 5.65397322e-01 1.51113600e-01 -8.10857952e-01
  outer loop
   vertex 7.89266739e+01 8.05092239e+01 2.66413593e+01
   vertex 7.67838516e+01 8.29552917e+01 2.57950554e+01
   vertex 7.78126450e+01 8.34812927e+01 2.64097252e+01
  endloop
 endfacet
 facet normal 3.64712507e-01 7.38533586e-02 -9.28186655e-01
  outer loop
   vertex 7.67838516e+01 8.29552917e+01 2.57950554e+01
   vertex 7.55955429e+01 8.58832550e+01 2.55675106e+01
   vertex 7.78126450e+01 8.34812927e+01 2.64097252e+01
  endloop
 endfacet
 facet normal 5.58157563e-01 1.65426716e-01 -8.13076973e-01
  outer loop
   vertex 7.78126450e+01 8.34812927e+01 2.64097252e+01
   vertex 7.55955429e+01 8.58832550e+01 2.55675106e+01
   vertex 7.66112289e+01 8.64368515e+01 2.61781387e+01
  endloop
 endfacet
 facet normal 3.59057099e-01 8.23560506e-02 -9.29674923e-01
  outer loop
   vertex 7.55955429e+01 8.58832550e+01 2.55675106e+01
   vertex 7.43271637e+01 8.87918091e+01 2.53413410e+01
   vertex 7.66112289e+01 8.64368515e+01 2.61781387e+01
  endloop
 endfacet
 facet normal 5.50997615e-01 1.78909644e-01 -8.15103054e-01
  outer loop
   vertex 7.66112289e+01 8.64368515e+01 2.61781387e+01
   vertex 7.43271637e+01 8.87918091e+01 2.53413410e+01
   vertex 7.53326797e+01 8.93636017e+01 2.59475899e+01
  endloop
 endfacet
 facet normal 3.53678823e-01 8.98591280e-02 -9.31040645e-01
  outer loop
   vertex 7.43271637e+01 8.87918091e+01 2.53413410e+01
   vertex 7.29860077e+01 9.16779175e+01 2.51161327e+01
   vertex 7.53326797e+01 8.93636017e+01 2.59475899e+01
  endloop
 endfacet
 facet normal 5.44355273e-01 1.90690130e-01 -8.16893280e-01
  outer loop
   vertex 7.53326797e+01 8.93636017e+01 2.59475899e+01
   vertex 7.29860077e+01 9.16779175e+01 2.51161327e+01
   vertex 7.39833908e+01 9.22630005e+01 2.57186394e+01
  endloop
 endfacet
 facet normal 3.48963469e-01 9.62906331e-02 -9.32176292e-01
  outer loop
   vertex 7.29860077e+01 9.16779175e+01 2.51161327e+01
   vertex 7.15797119e+01 9.45389175e+01 2.48913460e+01
   vertex 7.39833908e+01 9.22630005e+01 2.57186394e+01
  endloop
 endfacet
 facet normal 5.38179100e-01 2.01463774e-01 -8.18398178e-01
  outer loop
   vertex 7.39833908e+01 9.22630005e+01 2.57186394e+01
   vertex 7.15797119e+01 9.45389175e+01 2.48913460e+01
   vertex 7.25698471e+01 9.51365433e+01 2.54918365e+01
  endloop
 endfacet
 facet normal 3.44257176e-01 1.02914624e-01 -9.33217883e-01
  outer loop
   vertex 7.15797119e+01 9.45389175e+01 2.48913460e+01
   vertex 7.01156235e+01 9.73757324e+01 2.46697941e+01
   vertex 7.25698471e+01 9.51365433e+01 2.54918365e+01
  endloop
 endfacet
 facet normal 5.31903028e-01 2.11904570e-01 -8.19863141e-01
  outer loop
   vertex 7.25698471e+01 9.51365433e+01 2.54918365e+01
   vertex 7.01156235e+01 9.73757324e+01 2.46697941e+01
   vertex 7.10983810e+01 9.79861450e+01 2.52682133e+01
  endloop
 endfacet
 facet normal 3.39207053e-01 1.09489776e-01 -9.34318244e-01
  outer loop
   vertex 7.01156235e+01 9.73757324e+01 2.46697941e+01
   vertex 6.86012573e+01 1.00189331e+02 2.44542656e+01
   vertex 7.10983810e+01 9.79861450e+01 2.52682133e+01
  endloop
 endfacet
 facet normal 5.25658071e-01 2.21529961e-01 -8.21345270e-01
  outer loop
   vertex 7.10983810e+01 9.79861450e+01 2.52682133e+01
   vertex 6.86012573e+01 1.00189331e+02 2.44542656e+01
   vertex 6.95754013e+01 1.00813690e+02 2.50487289e+01
  endloop
 endfacet
 facet normal 3.34563881e-01 1.14840485e-01 -9.35349524e-01
  outer loop
   vertex 6.86012573e+01 1.00189331e+02 2.44542656e+01
   vertex 6.70324631e+01 1.02981476e+02 2.42406654e+01
   vertex 6.95754013e+01 1.00813690e+02 2.50487289e+01
  endloop
 endfacet
 facet normal 5.19810855e-01 2.30171397e-01 -8.22689414e-01
  outer loop
   vertex 6.95754013e+01 1.00813690e+02 2.50487289e+01
   vertex 6.70324631e+01 1.02981476e+02 2.42406654e+01
   vertex 6.79974823e+01 1.03619858e+02 2.48312874e+01
  endloop
 endfacet
 facet normal 3.30829620e-01 1.19272240e-01 -9.36122775e-01
  outer loop
   vertex 6.70324631e+01 1.02981476e+02 2.42406654e+01
   vertex 6.54048462e+01 1.05753906e+02 2.40248756e+01
   vertex 6.79974823e+01 1.03619858e+02 2.48312874e+01
  endloop
 endfacet
 facet normal 5.14371812e-01 2.38760918e-01 -8.23659420e-01
  outer loop
   vertex 6.79974823e+01 1.03619858e+02 2.48312874e+01
   vertex 6.54048462e+01 1.05753906e+02 2.40248756e+01
   vertex 6.63612366e+01 1.06405304e+02 2.46137943e+01
  endloop
 endfacet
 facet normal 3.27844381e-01 1.23995446e-01 -9.36559200e-01
  outer loop
   vertex 6.54048462e+01 1.05753906e+02 2.40248756e+01
   vertex 6.37154160e+01 1.08507828e+02 2.38060093e+01
   vertex 6.63612366e+01 1.06405304e+02 2.46137943e+01
  endloop
 endfacet
 facet normal 5.09161234e-01 2.47788087e-01 -8.24230492e-01
  outer loop
   vertex 6.63612366e+01 1.06405304e+02 2.46137943e+01
   vertex 6.37154160e+01 1.08507828e+02 2.38060093e+01
   vertex 6.46638107e+01 1.09170860e+02 2.43945122e+01
  endloop
 endfacet
 facet normal 3.25019181e-01 1.29129305e-01 -9.36850131e-01
  outer loop
   vertex 6.37154160e+01 1.08507828e+02 2.38060093e+01
   vertex 6.19612350e+01 1.11244415e+02 2.35831680e+01
   vertex 6.46638107e+01 1.09170860e+02 2.43945122e+01
  endloop
 endfacet
 facet normal 5.04179180e-01 2.56243646e-01 -8.24707568e-01
  outer loop
   vertex 6.46638107e+01 1.09170860e+02 2.43945122e+01
   vertex 6.19612350e+01 1.11244415e+02 2.35831680e+01
   vertex 6.29023933e+01 1.11917351e+02 2.41716976e+01
  endloop
 endfacet
 facet normal 3.22403014e-01 1.33588478e-01 -9.37128842e-01
  outer loop
   vertex 6.19612350e+01 1.11244415e+02 2.35831680e+01
   vertex 6.01592636e+01 1.13966660e+02 2.33576012e+01
   vertex 6.29023933e+01 1.11917351e+02 2.41716976e+01
  endloop
 endfacet
 facet normal 5.00192344e-01 2.62866169e-01 -8.25050890e-01
  outer loop
   vertex 6.29023933e+01 1.11917351e+02 2.41716976e+01
   vertex 6.01592636e+01 1.13966660e+02 2.33576012e+01
   vertex 6.10930824e+01 1.14649490e+02 2.39461880e+01
  endloop
 endfacet
 facet normal 3.20568115e-01 1.36725947e-01 -9.37305748e-01
  outer loop
   vertex 6.01592636e+01 1.13966660e+02 2.33576012e+01
   vertex 5.83264923e+01 1.16677605e+02 2.31305237e+01
   vertex 6.10930824e+01 1.14649490e+02 2.39461880e+01
  endloop
 endfacet
 facet normal 4.97594327e-01 2.67152250e-01 -8.25245142e-01
  outer loop
   vertex 6.10930824e+01 1.14649490e+02 2.39461880e+01
   vertex 5.83264923e+01 1.16677605e+02 2.31305237e+01
   vertex 5.92519608e+01 1.17371964e+02 2.37187767e+01
  endloop
 endfacet
 facet normal 1.37415454e-01 4.12273437e-01 -9.00637329e-01
  outer loop
   vertex 5.83264923e+01 1.16677605e+02 2.31305237e+01
   vertex 5.64785728e+01 1.19383095e+02 2.29026012e+01
   vertex 5.92519608e+01 1.17371964e+02 2.37187767e+01
  endloop
 endfacet
 facet normal 3.97011861e-02 7.38189399e-01 -6.73424244e-01
  outer loop
   vertex 5.92519608e+01 1.17371964e+02 2.37187767e+01
   vertex 5.64785728e+01 1.19383095e+02 2.29026012e+01
   vertex 5.73949509e+01 1.20089622e+02 2.34903908e+01
  endloop
 endfacet
 facet normal 3.31628501e-01 -9.24579442e-01 -1.87551111e-01
  outer loop
   vertex 5.69957886e+01 3.82546353e+00 2.36979980e+01
   vertex 6.21414833e+01 7.89491940e+00 3.96118546e+01
   vertex 6.20764618e+01 7.56040764e+00 4.05000725e+01
  endloop
 endfacet
 facet normal 8.34125578e-01 -5.19076824e-01 -1.86530873e-01
  outer loop
   vertex 5.76223831e+01 4.38461065e+00 2.53073578e+01
   vertex 5.77909050e+01 4.55594349e+00 2.52353420e+01
   vertex 5.88602486e+01 5.69204283e+00 2.66562672e+01
  endloop
 endfacet
 facet normal 8.96434307e-01 -1.54032677e-01 -4.15547132e-01
  outer loop
   vertex 5.78744431e+01 4.94311762e+00 2.50069580e+01
   vertex 5.78203430e+01 5.15175486e+00 2.49210300e+01
   vertex 5.88602486e+01 5.69204283e+00 2.66562672e+01
  endloop
 endfacet
 facet normal 8.90820563e-01 -3.93955559e-02 -4.52644080e-01
  outer loop
   vertex 5.78203430e+01 5.15175486e+00 2.49210300e+01
   vertex 5.77555008e+01 5.34654188e+00 2.48537102e+01
   vertex 5.88602486e+01 5.69204283e+00 2.66562672e+01
  endloop
 endfacet
 facet normal 8.79598975e-01 3.55488546e-02 -4.74385887e-01
  outer loop
   vertex 5.77555008e+01 5.34654188e+00 2.48537102e+01
   vertex 5.76659279e+01 5.52039337e+00 2.48194847e+01
   vertex 5.88602486e+01 5.69204283e+00 2.66562672e+01
  endloop
 endfacet
 facet normal 8.68547201e-01 7.30367824e-02 -4.90195304e-01
  outer loop
   vertex 5.76659279e+01 5.52039337e+00 2.48194847e+01
   vertex 5.76030121e+01 5.66741037e+00 2.47766228e+01
   vertex 5.88602486e+01 5.69204283e+00 2.66562672e+01
  endloop
 endfacet
 facet normal 8.33407819e-01 1.31281748e-01 -5.36839366e-01
  outer loop
   vertex 5.76030121e+01 5.66741037e+00 2.47766228e+01
   vertex 5.75418053e+01 5.78275776e+00 2.47446518e+01
   vertex 5.88602486e+01 5.69204283e+00 2.66562672e+01
  endloop
 endfacet
 facet normal 8.55915666e-01 -4.51715052e-01 -2.51717955e-01
  outer loop
   vertex 5.88602486e+01 5.69204283e+00 2.66562672e+01
   vertex 5.77909050e+01 4.55594349e+00 2.52353420e+01
   vertex 5.78722305e+01 4.75393200e+00 2.51313362e+01
  endloop
 endfacet
 facet normal -8.40134323e-01 -5.39152086e-01 5.90710230e-02
  outer loop
   vertex 6.31802025e+01 1.15362579e+02 5.33433533e+01
   vertex 6.37922401e+01 1.15990501e+02 5.53630829e+01
   vertex 6.16305084e+01 1.17755219e+02 5.31671562e+01
  endloop
 endfacet
 facet normal -6.81409776e-01 -4.04136509e-01 6.10208511e-01
  outer loop
   vertex 6.16305084e+01 1.17755219e+02 5.31671562e+01
   vertex 6.37922401e+01 1.15990501e+02 5.53630829e+01
   vertex 6.22542839e+01 1.18365685e+02 5.51908112e+01
  endloop
 endfacet
 facet normal -8.30153227e-01 -5.54243386e-01 6.04973771e-02
  outer loop
   vertex 6.16305084e+01 1.17755219e+02 5.31671562e+01
   vertex 6.22542839e+01 1.18365685e+02 5.51908112e+01
   vertex 5.99136009e+01 1.20280098e+02 5.29672394e+01
  endloop
 endfacet
 facet normal -6.77162528e-01 -4.13058549e-01 6.08961046e-01
  outer loop
   vertex 5.99136009e+01 1.20280098e+02 5.29672394e+01
   vertex 6.22542839e+01 1.18365685e+02 5.51908112e+01
   vertex 6.05393448e+01 1.20885292e+02 5.49926758e+01
  endloop
 endfacet
 facet normal -8.61109495e-01 -5.05430758e-01 5.50470427e-02
  outer loop
   vertex 6.64007263e+01 1.10033798e+02 5.37167816e+01
   vertex 6.70105591e+01 1.10659126e+02 5.57310333e+01
   vertex 6.47183914e+01 1.12867134e+02 5.35188751e+01
  endloop
 endfacet
 facet normal -6.99921846e-01 -3.76782417e-01 6.06748998e-01
  outer loop
   vertex 6.47183914e+01 1.12867134e+02 5.35188751e+01
   vertex 6.70105591e+01 1.10659126e+02 5.57310333e+01
   vertex 6.53215714e+01 1.13506180e+02 5.55347328e+01
  endloop
 endfacet
 facet normal -8.51666927e-01 -5.20982563e-01 5.69259524e-02
  outer loop
   vertex 6.47183914e+01 1.12867134e+02 5.35188751e+01
   vertex 6.53215714e+01 1.13506180e+02 5.55347328e+01
   vertex 6.31802025e+01 1.15362579e+02 5.33433533e+01
  endloop
 endfacet
 facet normal -6.90848768e-01 -3.90050948e-01 6.08759582e-01
  outer loop
   vertex 6.31802025e+01 1.15362579e+02 5.33433533e+01
   vertex 6.53215714e+01 1.13506180e+02 5.55347328e+01
   vertex 6.37922401e+01 1.15990501e+02 5.53630829e+01
  endloop
 endfacet
 facet normal -8.78428221e-01 -4.75069612e-01 5.16986996e-02
  outer loop
   vertex 6.95962448e+01 1.04322006e+02 5.40992699e+01
   vertex 7.02229614e+01 1.04918411e+02 5.61130371e+01
   vertex 6.80768433e+01 1.07104736e+02 5.39169350e+01
  endloop
 endfacet
 facet normal -7.13315427e-01 -3.55020076e-01 6.04269683e-01
  outer loop
   vertex 6.80768433e+01 1.07104736e+02 5.39169350e+01
   vertex 7.02229614e+01 1.04918411e+02 5.61130371e+01
   vertex 6.86980972e+01 1.07709755e+02 5.59308357e+01
  endloop
 endfacet
 facet normal -8.69355738e-01 -4.91286367e-01 5.34627736e-02
  outer loop
   vertex 6.80768433e+01 1.07104736e+02 5.39169350e+01
   vertex 6.86980972e+01 1.07709755e+02 5.59308357e+01
   vertex 6.64007263e+01 1.10033798e+02 5.37167816e+01
  endloop
 endfacet
 facet normal -7.06819773e-01 -3.66034895e-01 6.05329871e-01
  outer loop
   vertex 6.64007263e+01 1.10033798e+02 5.37167816e+01
   vertex 6.86980972e+01 1.07709755e+02 5.59308357e+01
   vertex 6.70105591e+01 1.10659126e+02 5.57310333e+01
  endloop
 endfacet
 facet normal -8.98623049e-01 -4.36238676e-01 4.66095135e-02
  outer loop
   vertex 7.21590805e+01 9.92674789e+01 5.44204674e+01
   vertex 7.27714691e+01 9.98890305e+01 5.64290504e+01
   vertex 7.09574966e+01 1.01703613e+02 5.42662697e+01
  endloop
 endfacet
 facet normal -7.30653763e-01 -3.24635059e-01 6.00630641e-01
  outer loop
   vertex 7.09574966e+01 1.01703613e+02 5.42662697e+01
   vertex 7.27714691e+01 9.98890305e+01 5.64290504e+01
   vertex 7.15818634e+01 1.02304916e+02 5.62787361e+01
  endloop
 endfacet
 facet normal -8.88544798e-01 -4.56114352e-01 4.94761057e-02
  outer loop
   vertex 7.09574966e+01 1.01703613e+02 5.42662697e+01
   vertex 7.15818634e+01 1.02304916e+02 5.62787361e+01
   vertex 6.95962448e+01 1.04322006e+02 5.40992699e+01
  endloop
 endfacet
 facet normal -7.21311569e-01 -3.40840608e-01 6.02940559e-01
  outer loop
   vertex 6.95962448e+01 1.04322006e+02 5.40992699e+01
   vertex 7.15818634e+01 1.02304916e+02 5.62787361e+01
   vertex 7.02229614e+01 1.04918411e+02 5.61130371e+01
  endloop
 endfacet
 facet normal -9.14604783e-01 -4.02317166e-01 4.04837653e-02
  outer loop
   vertex 7.46278000e+01 9.38341217e+01 5.47370567e+01
   vertex 7.52337875e+01 9.44603119e+01 5.67392883e+01
   vertex 7.33371353e+01 9.67366333e+01 5.45735092e+01
  endloop
 endfacet
 facet normal -7.47500896e-01 -2.99197763e-01 5.93062460e-01
  outer loop
   vertex 7.33371353e+01 9.67366333e+01 5.45735092e+01
   vertex 7.52337875e+01 9.44603119e+01 5.67392883e+01
   vertex 7.39395218e+01 9.73733063e+01 5.65779190e+01
  endloop
 endfacet
 facet normal -9.07349050e-01 -4.18135792e-01 4.33605574e-02
  outer loop
   vertex 7.33371353e+01 9.67366333e+01 5.45735092e+01
   vertex 7.39395218e+01 9.73733063e+01 5.65779190e+01
   vertex 7.21590805e+01 9.92674789e+01 5.44204674e+01
  endloop
 endfacet
 facet normal -7.39960194e-01 -3.10058177e-01 5.96927822e-01
  outer loop
   vertex 7.21590805e+01 9.92674789e+01 5.44204674e+01
   vertex 7.39395218e+01 9.73733063e+01 5.65779190e+01
   vertex 7.27714691e+01 9.98890305e+01 5.64290504e+01
  endloop
 endfacet
 facet normal -9.29550350e-01 -3.67143005e-01 3.37959975e-02
  outer loop
   vertex 7.71434631e+01 8.77397842e+01 5.50356064e+01
   vertex 7.77675476e+01 8.83128510e+01 5.70329285e+01
   vertex 7.59302292e+01 9.07663879e+01 5.48960800e+01
  endloop
 endfacet
 facet normal -7.60873377e-01 -2.77812481e-01 5.86422980e-01
  outer loop
   vertex 7.59302292e+01 9.07663879e+01 5.48960800e+01
   vertex 7.77675476e+01 8.83128510e+01 5.70329285e+01
   vertex 7.65459366e+01 9.13676376e+01 5.68964958e+01
  endloop
 endfacet
 facet normal -9.21713650e-01 -3.86047661e-01 3.75652425e-02
  outer loop
   vertex 7.59302292e+01 9.07663879e+01 5.48960800e+01
   vertex 7.65459366e+01 9.13676376e+01 5.68964958e+01
   vertex 7.46278000e+01 9.38341217e+01 5.47370567e+01
  endloop
 endfacet
 facet normal -7.53773928e-01 -2.89586931e-01 5.89884996e-01
  outer loop
   vertex 7.46278000e+01 9.38341217e+01 5.47370567e+01
   vertex 7.65459366e+01 9.13676376e+01 5.68964958e+01
   vertex 7.52337875e+01 9.44603119e+01 5.67392883e+01
  endloop
 endfacet
 facet normal -9.47283447e-01 -3.19447577e-01 2.46442221e-02
  outer loop
   vertex 7.92772751e+01 8.18014145e+01 5.52837372e+01
   vertex 7.99145203e+01 8.23289261e+01 5.72783127e+01
   vertex 7.82612457e+01 8.47522049e+01 5.51625175e+01
  endloop
 endfacet
 facet normal -7.78592944e-01 -2.44773477e-01 5.77822566e-01
  outer loop
   vertex 7.82612457e+01 8.47522049e+01 5.51625175e+01
   vertex 7.99145203e+01 8.23289261e+01 5.72783127e+01
   vertex 7.88924789e+01 8.52989578e+01 5.71572876e+01
  endloop
 endfacet
 facet normal -9.38111067e-01 -3.45098794e-01 2.92301700e-02
  outer loop
   vertex 7.82612457e+01 8.47522049e+01 5.51625175e+01
   vertex 7.88924789e+01 8.52989578e+01 5.71572876e+01
   vertex 7.71434631e+01 8.77397842e+01 5.50356064e+01
  endloop
 endfacet
 facet normal -7.69441187e-01 -2.62893707e-01 5.82105815e-01
  outer loop
   vertex 7.71434631e+01 8.77397842e+01 5.50356064e+01
   vertex 7.88924789e+01 8.52989578e+01 5.71572876e+01
   vertex 7.77675476e+01 8.83128510e+01 5.70329285e+01
  endloop
 endfacet
 facet normal -9.69972491e-01 -2.42894694e-01 1.24723669e-02
  outer loop
   vertex 8.07754517e+01 7.65293274e+01 5.54716415e+01
   vertex 8.14145432e+01 7.70601044e+01 5.74648514e+01
   vertex 8.01344299e+01 7.90172272e+01 5.53898888e+01
  endloop
 endfacet
 facet normal -7.98634171e-01 -1.92407295e-01 5.70230544e-01
  outer loop
   vertex 8.01344299e+01 7.90172272e+01 5.53898888e+01
   vertex 8.14145432e+01 7.70601044e+01 5.74648514e+01
   vertex 8.07748337e+01 7.95376816e+01 5.73846169e+01
  endloop
 endfacet
 facet normal -9.57733154e-01 -2.86988080e-01 1.96240265e-02
  outer loop
   vertex 8.01344299e+01 7.90172272e+01 5.53898888e+01
   vertex 8.07748337e+01 7.95376816e+01 5.73846169e+01
   vertex 7.92772751e+01 8.18014145e+01 5.52837372e+01
  endloop
 endfacet
 facet normal -7.87868679e-01 -2.22506836e-01 5.74241757e-01
  outer loop
   vertex 7.92772751e+01 8.18014145e+01 5.52837372e+01
   vertex 8.07748337e+01 7.95376816e+01 5.73846169e+01
   vertex 7.99145203e+01 8.23289261e+01 5.72783127e+01
  endloop
 endfacet
 facet normal -9.91057336e-01 -1.33190393e-01 -8.10666755e-03
  outer loop
   vertex 8.15943756e+01 7.15833817e+01 5.56042023e+01
   vertex 8.22291260e+01 7.21295624e+01 5.75901985e+01
   vertex 8.12467041e+01 7.41230011e+01 5.55395470e+01
  endloop
 endfacet
 facet normal -8.25098813e-01 -1.07283629e-01 5.54709136e-01
  outer loop
   vertex 8.12467041e+01 7.41230011e+01 5.55395470e+01
   vertex 8.22291260e+01 7.21295624e+01 5.75901985e+01
   vertex 8.18828964e+01 7.46671143e+01 5.75297852e+01
  endloop
 endfacet
 facet normal -9.81967032e-01 -1.89032853e-01 2.71126325e-03
  outer loop
   vertex 8.12467041e+01 7.41230011e+01 5.55395470e+01
   vertex 8.18828964e+01 7.46671143e+01 5.75297852e+01
   vertex 8.07754517e+01 7.65293274e+01 5.54716415e+01
  endloop
 endfacet
 facet normal -8.11875522e-01 -1.52224720e-01 5.63636243e-01
  outer loop
   vertex 8.07754517e+01 7.65293274e+01 5.54716415e+01
   vertex 8.18828964e+01 7.46671143e+01 5.75297852e+01
   vertex 8.14145432e+01 7.70601044e+01 5.74648514e+01
  endloop
 endfacet
 facet normal -9.96709466e-01 -7.87056088e-02 -1.93822887e-02
  outer loop
   vertex 8.18092117e+01 6.89215698e+01 5.56633148e+01
   vertex 8.24450912e+01 6.94722214e+01 5.76455307e+01
   vertex 8.15943756e+01 7.15833817e+01 5.56042023e+01
  endloop
 endfacet
 facet normal -8.36047590e-01 -6.30066544e-02 5.45027137e-01
  outer loop
   vertex 8.15943756e+01 7.15833817e+01 5.56042023e+01
   vertex 8.24450912e+01 6.94722214e+01 5.76455307e+01
   vertex 8.22291260e+01 7.21295624e+01 5.75901985e+01
  endloop
 endfacet
 facet normal -9.92425799e-01 1.05413601e-01 -6.30795956e-02
  outer loop
   vertex 8.13811951e+01 5.95693359e+01 5.57963448e+01
   vertex 8.20263977e+01 6.01282883e+01 5.77771645e+01
   vertex 8.17575531e+01 6.30895958e+01 5.57587700e+01
  endloop
 endfacet
 facet normal -8.55635524e-01 8.56654495e-02 5.10440290e-01
  outer loop
   vertex 8.17575531e+01 6.30895958e+01 5.57587700e+01
   vertex 8.20263977e+01 6.01282883e+01 5.77771645e+01
   vertex 8.24027786e+01 6.36720428e+01 5.77392044e+01
  endloop
 endfacet
 facet normal -9.97936308e-01 4.34770323e-02 -4.72527519e-02
  outer loop
   vertex 8.17575531e+01 6.30895958e+01 5.57587700e+01
   vertex 8.24027786e+01 6.36720428e+01 5.77392044e+01
   vertex 8.18819046e+01 6.61486511e+01 5.57146378e+01
  endloop
 endfacet
 facet normal -8.50775898e-01 3.21148261e-02 5.24546504e-01
  outer loop
   vertex 8.18819046e+01 6.61486511e+01 5.57146378e+01
   vertex 8.24027786e+01 6.36720428e+01 5.77392044e+01
   vertex 8.25226593e+01 6.67198715e+01 5.76952705e+01
  endloop
 endfacet
 facet normal -9.71307635e-01 2.18362883e-01 -9.42292437e-02
  outer loop
   vertex 8.01010132e+01 5.28452301e+01 5.58468475e+01
   vertex 8.07377396e+01 5.33413353e+01 5.78260803e+01
   vertex 8.08099442e+01 5.60128708e+01 5.58261223e+01
  endloop
 endfacet
 facet normal -8.54930341e-01 1.82434559e-01 4.85604525e-01
  outer loop
   vertex 8.08099442e+01 5.60128708e+01 5.58261223e+01
   vertex 8.07377396e+01 5.33413353e+01 5.78260803e+01
   vertex 8.14518967e+01 5.65356789e+01 5.78068886e+01
  endloop
 endfacet
 facet normal -9.83770669e-01 1.61541387e-01 -7.81002194e-02
  outer loop
   vertex 8.08099442e+01 5.60128708e+01 5.58261223e+01
   vertex 8.14518967e+01 5.65356789e+01 5.78068886e+01
   vertex 8.13811951e+01 5.95693359e+01 5.57963448e+01
  endloop
 endfacet
 facet normal -8.56972933e-01 1.34204581e-01 4.97580647e-01
  outer loop
   vertex 8.13811951e+01 5.95693359e+01 5.57963448e+01
   vertex 8.14518967e+01 5.65356789e+01 5.78068886e+01
   vertex 8.20263977e+01 6.01282883e+01 5.77771645e+01
  endloop
 endfacet
 facet normal -9.39067841e-01 3.20739567e-01 -1.23603046e-01
  outer loop
   vertex 7.82319031e+01 4.68828735e+01 5.58578415e+01
   vertex 7.88519135e+01 4.73304977e+01 5.78340721e+01
   vertex 7.92448730e+01 4.98680115e+01 5.58576851e+01
  endloop
 endfacet
 facet normal -8.42754662e-01 2.78745204e-01 4.60505933e-01
  outer loop
   vertex 7.92448730e+01 4.98680115e+01 5.58576851e+01
   vertex 7.88519135e+01 4.73304977e+01 5.78340721e+01
   vertex 7.98743057e+01 5.03410110e+01 5.78350296e+01
  endloop
 endfacet
 facet normal -9.55828011e-01 2.72759646e-01 -1.09521739e-01
  outer loop
   vertex 7.92448730e+01 4.98680115e+01 5.58576851e+01
   vertex 7.98743057e+01 5.03410110e+01 5.78350296e+01
   vertex 8.01010132e+01 5.28452301e+01 5.58468475e+01
  endloop
 endfacet
 facet normal -8.49916935e-01 2.32867286e-01 4.72666949e-01
  outer loop
   vertex 8.01010132e+01 5.28452301e+01 5.58468475e+01
   vertex 7.98743057e+01 5.03410110e+01 5.78350296e+01
   vertex 8.07377396e+01 5.33413353e+01 5.78260803e+01
  endloop
 endfacet
 facet normal -8.93186569e-01 4.21929926e-01 -1.55540496e-01
  outer loop
   vertex 7.57730560e+01 4.11335030e+01 5.58271103e+01
   vertex 7.63749619e+01 4.15488167e+01 5.78016243e+01
   vertex 7.64292755e+01 4.25308571e+01 5.58377953e+01
  endloop
 endfacet
 facet normal -8.17687511e-01 3.85163963e-01 4.27826941e-01
  outer loop
   vertex 7.64292755e+01 4.25308571e+01 5.58377953e+01
   vertex 7.63749619e+01 4.15488167e+01 5.78016243e+01
   vertex 7.70350723e+01 4.29508667e+01 5.78128090e+01
  endloop
 endfacet
 facet normal -9.20278549e-01 3.66101682e-01 -1.38047040e-01
  outer loop
   vertex 7.70743332e+01 4.39464417e+01 5.58477364e+01
   vertex 7.76844330e+01 4.43724174e+01 5.78231926e+01
   vertex 7.82319031e+01 4.68828735e+01 5.58578415e+01
  endloop
 endfacet
 facet normal -8.33787680e-01 3.21130782e-01 4.49080348e-01
  outer loop
   vertex 7.82319031e+01 4.68828735e+01 5.58578415e+01
   vertex 7.76844330e+01 4.43724174e+01 5.78231926e+01
   vertex 7.88519135e+01 4.73304977e+01 5.78340721e+01
  endloop
 endfacet
 facet normal -9.03653204e-01 4.01323795e-01 -1.49499625e-01
  outer loop
   vertex 7.64292755e+01 4.25308571e+01 5.58377953e+01
   vertex 7.70350723e+01 4.29508667e+01 5.78128090e+01
   vertex 7.70743332e+01 4.39464417e+01 5.58477364e+01
  endloop
 endfacet
 facet normal -8.24474156e-01 3.60713363e-01 4.36036974e-01
  outer loop
   vertex 7.70743332e+01 4.39464417e+01 5.58477364e+01
   vertex 7.70350723e+01 4.29508667e+01 5.78128090e+01
   vertex 7.76844330e+01 4.43724174e+01 5.78231926e+01
  endloop
 endfacet
 facet normal -8.59967649e-01 4.78083104e-01 -1.78583696e-01
  outer loop
   vertex 7.36916962e+01 3.71806564e+01 5.57881088e+01
   vertex 7.42882538e+01 3.75967712e+01 5.77602043e+01
   vertex 7.43988953e+01 3.84533272e+01 5.58017769e+01
  endloop
 endfacet
 facet normal -7.98971832e-01 4.40839916e-01 4.09028381e-01
  outer loop
   vertex 7.43988953e+01 3.84533272e+01 5.58017769e+01
   vertex 7.42882538e+01 3.75967712e+01 5.77602043e+01
   vertex 7.49958954e+01 3.88666573e+01 5.77748833e+01
  endloop
 endfacet
 facet normal -8.82748008e-01 4.40554380e-01 -1.63302749e-01
  outer loop
   vertex 7.50944595e+01 3.97726364e+01 5.58149414e+01
   vertex 7.56933441e+01 4.01857033e+01 5.77888336e+01
   vertex 7.57730560e+01 4.11335030e+01 5.58271103e+01
  endloop
 endfacet
 facet normal -8.12204301e-01 4.02599752e-01 4.22181994e-01
  outer loop
   vertex 7.57730560e+01 4.11335030e+01 5.58271103e+01
   vertex 7.56933441e+01 4.01857033e+01 5.77888336e+01
   vertex 7.63749619e+01 4.15488167e+01 5.78016243e+01
  endloop
 endfacet
 facet normal -8.71741593e-01 4.59224671e-01 -1.70819432e-01
  outer loop
   vertex 7.43988953e+01 3.84533272e+01 5.58017769e+01
   vertex 7.49958954e+01 3.88666573e+01 5.77748833e+01
   vertex 7.50944595e+01 3.97726364e+01 5.58149414e+01
  endloop
 endfacet
 facet normal -8.05886507e-01 4.21763510e-01 4.15526718e-01
  outer loop
   vertex 7.50944595e+01 3.97726364e+01 5.58149414e+01
   vertex 7.49958954e+01 3.88666573e+01 5.77748833e+01
   vertex 7.56933441e+01 4.01857033e+01 5.77888336e+01
  endloop
 endfacet
 facet normal -8.17604005e-01 5.38272023e-01 -2.04418525e-01
  outer loop
   vertex 7.13477554e+01 3.34236183e+01 5.57351685e+01
   vertex 7.19350739e+01 3.38393326e+01 5.77041283e+01
   vertex 7.21814194e+01 3.46876831e+01 5.57556915e+01
  endloop
 endfacet
 facet normal -7.73328364e-01 5.01693189e-01 3.87643099e-01
  outer loop
   vertex 7.21814194e+01 3.46876831e+01 5.57556915e+01
   vertex 7.19350739e+01 3.38393326e+01 5.77041283e+01
   vertex 7.27747650e+01 3.51073837e+01 5.77255898e+01
  endloop
 endfacet
 facet normal -8.46873224e-01 4.97854680e-01 -1.86939567e-01
  outer loop
   vertex 7.29576416e+01 3.59327469e+01 5.57730370e+01
   vertex 7.35535355e+01 3.63517647e+01 5.77440262e+01
   vertex 7.36916962e+01 3.71806564e+01 5.57881088e+01
  endloop
 endfacet
 facet normal -7.91226149e-01 4.60535318e-01 4.02328730e-01
  outer loop
   vertex 7.36916962e+01 3.71806564e+01 5.57881088e+01
   vertex 7.35535355e+01 3.63517647e+01 5.77440262e+01
   vertex 7.42882538e+01 3.75967712e+01 5.77602043e+01
  endloop
 endfacet
 facet normal -8.32564414e-01 5.18218815e-01 -1.95667416e-01
  outer loop
   vertex 7.21814194e+01 3.46876831e+01 5.57556915e+01
   vertex 7.27747650e+01 3.51073837e+01 5.77255898e+01
   vertex 7.29576416e+01 3.59327469e+01 5.57730370e+01
  endloop
 endfacet
 facet normal -7.82529235e-01 4.81172532e-01 3.95121515e-01
  outer loop
   vertex 7.29576416e+01 3.59327469e+01 5.57730370e+01
   vertex 7.27747650e+01 3.51073837e+01 5.77255898e+01
   vertex 7.35535355e+01 3.63517647e+01 5.77440262e+01
  endloop
 endfacet
 facet normal -8.02826285e-01 5.56745470e-01 -2.13317752e-01
  outer loop
   vertex 7.04413910e+01 3.21186295e+01 5.57105827e+01
   vertex 7.10175018e+01 3.25233765e+01 5.76788559e+01
   vertex 7.13477554e+01 3.34236183e+01 5.57351685e+01
  endloop
 endfacet
 facet normal -7.63610840e-01 5.22250652e-01 3.79674554e-01
  outer loop
   vertex 7.13477554e+01 3.34236183e+01 5.57351685e+01
   vertex 7.10175018e+01 3.25233765e+01 5.76788559e+01
   vertex 7.19350739e+01 3.38393326e+01 5.77041283e+01
  endloop
 endfacet
 facet normal -7.71715224e-01 5.89678645e-01 -2.38190427e-01
  outer loop
   vertex 6.76643524e+01 2.83873253e+01 5.57371597e+01
   vertex 6.82048035e+01 2.87548676e+01 5.77144737e+01
   vertex 6.85618591e+01 2.95575809e+01 5.56991081e+01
  endloop
 endfacet
 facet normal -7.29813337e-01 5.84352255e-01 3.54830891e-01
  outer loop
   vertex 6.85618591e+01 2.95575809e+01 5.56991081e+01
   vertex 6.82048035e+01 2.87548676e+01 5.77144737e+01
   vertex 6.91116486e+01 2.99344444e+01 5.76706085e+01
  endloop
 endfacet
 facet normal -7.89997101e-01 5.71613073e-01 -2.21727431e-01
  outer loop
   vertex 6.95001450e+01 3.08156376e+01 5.56944122e+01
   vertex 7.00627823e+01 3.12061806e+01 5.76632156e+01
   vertex 7.04413910e+01 3.21186295e+01 5.57105827e+01
  endloop
 endfacet
 facet normal -7.53427565e-01 5.42546511e-01 3.71470243e-01
  outer loop
   vertex 7.04413910e+01 3.21186295e+01 5.57105827e+01
   vertex 7.00627823e+01 3.12061806e+01 5.76632156e+01
   vertex 7.10175018e+01 3.25233765e+01 5.76788559e+01
  endloop
 endfacet
 facet normal -7.79737949e-01 5.82416654e-01 -2.29781523e-01
  outer loop
   vertex 6.85618591e+01 2.95575809e+01 5.56991081e+01
   vertex 6.91116486e+01 2.99344444e+01 5.76706085e+01
   vertex 6.95001450e+01 3.08156376e+01 5.56944122e+01
  endloop
 endfacet
 facet normal -7.42502451e-01 5.62630713e-01 3.63506198e-01
  outer loop
   vertex 6.95001450e+01 3.08156376e+01 5.56944122e+01
   vertex 6.91116486e+01 2.99344444e+01 5.76706085e+01
   vertex 7.00627823e+01 3.12061806e+01 5.76632156e+01
  endloop
 endfacet
 facet normal -7.66313076e-01 5.92892230e-01 -2.47473419e-01
  outer loop
   vertex 6.68454666e+01 2.73478184e+01 5.58210106e+01
   vertex 6.73829880e+01 2.77141590e+01 5.78082161e+01
   vertex 6.76643524e+01 2.83873253e+01 5.57371597e+01
  endloop
 endfacet
 facet normal -7.14278400e-01 6.09352648e-01 3.44232053e-01
  outer loop
   vertex 6.76643524e+01 2.83873253e+01 5.57371597e+01
   vertex 6.73829880e+01 2.77141590e+01 5.78082161e+01
   vertex 6.82048035e+01 2.87548676e+01 5.77144737e+01
  endloop
 endfacet
 facet normal -6.00414693e-01 7.57074058e-01 2.57567734e-01
  outer loop
   vertex 6.42435379e+01 2.39605026e+01 5.96669388e+01
   vertex 6.47545166e+01 2.45578976e+01 5.90579224e+01
   vertex 6.36094589e+01 2.34900894e+01 5.75133743e+01
  endloop
 endfacet
 facet normal -8.32890689e-01 5.04690826e-01 -2.27112815e-01
  outer loop
   vertex 6.36094589e+01 2.34900894e+01 5.75133743e+01
   vertex 6.47545166e+01 2.45578976e+01 5.90579224e+01
   vertex 6.41552124e+01 2.41213303e+01 5.69600716e+01
  endloop
 endfacet
 facet normal -6.32579505e-01 7.20468640e-01 2.84197330e-01
  outer loop
   vertex 6.47545166e+01 2.45578976e+01 5.90579224e+01
   vertex 6.53319473e+01 2.52341709e+01 5.85767021e+01
   vertex 6.41552124e+01 2.41213303e+01 5.69600716e+01
  endloop
 endfacet
 facet normal -8.14812601e-01 5.25606811e-01 -2.44577050e-01
  outer loop
   vertex 6.41552124e+01 2.41213303e+01 5.69600716e+01
   vertex 6.53319473e+01 2.52341709e+01 5.85767021e+01
   vertex 6.47600708e+01 2.48258057e+01 5.65202103e+01
  endloop
 endfacet
 facet normal -5.37595570e-01 8.24161232e-01 1.78183302e-01
  outer loop
   vertex 6.34998360e+01 2.30679607e+01 6.12793083e+01
   vertex 6.38187408e+01 2.34583759e+01 6.04064865e+01
   vertex 6.27779694e+01 2.25178890e+01 5.89543610e+01
  endloop
 endfacet
 facet normal -8.75038624e-01 4.58198637e-01 -1.56081304e-01
  outer loop
   vertex 6.27779694e+01 2.25178890e+01 5.89543610e+01
   vertex 6.38187408e+01 2.34583759e+01 6.04064865e+01
   vertex 6.31434975e+01 2.29497108e+01 5.81786270e+01
  endloop
 endfacet
 facet normal -5.67754567e-01 7.92932212e-01 2.21163392e-01
  outer loop
   vertex 6.38187408e+01 2.34583759e+01 6.04064865e+01
   vertex 6.42435379e+01 2.39605026e+01 5.96669388e+01
   vertex 6.31434975e+01 2.29497108e+01 5.81786270e+01
  endloop
 endfacet
 facet normal -8.53354931e-01 4.81587440e-01 -1.99646905e-01
  outer loop
   vertex 6.31434975e+01 2.29497108e+01 5.81786270e+01
   vertex 6.42435379e+01 2.39605026e+01 5.96669388e+01
   vertex 6.36094589e+01 2.34900894e+01 5.75133743e+01
  endloop
 endfacet
 facet normal -4.94469285e-01 8.61528814e-01 1.15187630e-01
  outer loop
   vertex 6.33065491e+01 2.28056259e+01 6.22881432e+01
   vertex 6.34998360e+01 2.30679607e+01 6.12793083e+01
   vertex 6.25335350e+01 2.22122440e+01 5.98391037e+01
  endloop
 endfacet
 facet normal -8.85386467e-01 4.51281995e-01 -1.11513861e-01
  outer loop
   vertex 6.25335350e+01 2.22122440e+01 5.98391037e+01
   vertex 6.34998360e+01 2.30679607e+01 6.12793083e+01
   vertex 6.27779694e+01 2.25178890e+01 5.89543610e+01
  endloop
 endfacet
 facet normal -7.46842921e-01 5.97239494e-01 -2.92456269e-01
  outer loop
   vertex 6.15633240e+01 2.13707275e+01 6.39660721e+01
   vertex 6.12457085e+01 2.11780796e+01 6.48033524e+01
   vertex 6.32812462e+01 2.26530933e+01 6.73327942e+01
  endloop
 endfacet
 facet normal -3.12888414e-01 9.30950284e-01 -1.88234895e-01
  outer loop
   vertex 6.32812462e+01 2.26530933e+01 6.73327942e+01
   vertex 6.12457085e+01 2.11780796e+01 6.48033524e+01
   vertex 6.33542366e+01 2.27494984e+01 6.87596664e+01
  endloop
 endfacet
 facet normal -6.68539464e-01 -3.53349984e-01 6.54368997e-01
  outer loop
   vertex 6.28549881e+01 1.08139748e+02 2.56903496e+01
   vertex 7.03692017e+01 1.16100777e+02 5.08027649e+01
   vertex 6.11432076e+01 1.10872101e+02 2.54544964e+01
  endloop
 endfacet
 facet normal -8.51428628e-01 -5.19017577e-01 7.54325390e-02
  outer loop
   vertex 6.11432076e+01 1.10872101e+02 2.54544964e+01
   vertex 7.03692017e+01 1.16100777e+02 5.08027649e+01
   vertex 6.87677231e+01 1.18694489e+02 5.06151886e+01
  endloop
 endfacet
 facet normal -6.75275207e-01 -3.43581349e-01 6.52652502e-01
  outer loop
   vertex 6.45131531e+01 1.05383148e+02 2.59204044e+01
   vertex 7.21102448e+01 1.13173172e+02 5.10128555e+01
   vertex 6.28549881e+01 1.08139748e+02 2.56903496e+01
  endloop
 endfacet
 facet normal -8.60650957e-01 -5.03893137e-01 7.32913539e-02
  outer loop
   vertex 6.28549881e+01 1.08139748e+02 2.56903496e+01
   vertex 7.21102448e+01 1.13173172e+02 5.10128555e+01
   vertex 7.03692017e+01 1.16100777e+02 5.08027649e+01
  endloop
 endfacet
 facet normal -7.17851400e-01 -2.69183964e-01 6.42050922e-01
  outer loop
   vertex 7.31402740e+01 8.85224304e+01 2.71810894e+01
   vertex 8.06893387e+01 9.63230743e+01 5.21238289e+01
   vertex 7.18435822e+01 9.13966370e+01 2.69729385e+01
  endloop
 endfacet
 facet normal -9.14192855e-01 -4.00971144e-01 5.89366257e-02
  outer loop
   vertex 7.18435822e+01 9.13966370e+01 2.69729385e+01
   vertex 8.06893387e+01 9.63230743e+01 5.21238289e+01
   vertex 7.93479004e+01 9.93279190e+01 5.19427948e+01
  endloop
 endfacet
 facet normal -7.22735524e-01 -2.57822096e-01 6.41234040e-01
  outer loop
   vertex 7.43653488e+01 8.56725540e+01 2.73778477e+01
   vertex 8.20354538e+01 9.31626587e+01 5.22979698e+01
   vertex 7.31402740e+01 8.85224304e+01 2.71810894e+01
  endloop
 endfacet
 facet normal -9.21336412e-01 -3.84595841e-01 5.67910559e-02
  outer loop
   vertex 7.31402740e+01 8.85224304e+01 2.71810894e+01
   vertex 8.20354538e+01 9.31626587e+01 5.22979698e+01
   vertex 8.06893387e+01 9.63230743e+01 5.21238289e+01
  endloop
 endfacet
 facet normal -7.45047927e-01 -2.16645554e-01 6.30847335e-01
  outer loop
   vertex 7.76312180e+01 7.71750488e+01 2.79106274e+01
   vertex 8.55695724e+01 8.37464905e+01 5.27579956e+01
   vertex 7.66164398e+01 8.00772018e+01 2.77585278e+01
  endloop
 endfacet
 facet normal -9.45373952e-01 -3.22503954e-01 4.75321636e-02
  outer loop
   vertex 7.66164398e+01 8.00772018e+01 2.77585278e+01
   vertex 8.55695724e+01 8.37464905e+01 5.27579956e+01
   vertex 8.44799957e+01 8.68884277e+01 5.26083298e+01
  endloop
 endfacet
 facet normal -7.94280171e-01 -6.51916489e-02 6.04043901e-01
  outer loop
   vertex 8.03223419e+01 6.54217834e+01 2.85642948e+01
   vertex 8.82296677e+01 7.22258148e+01 5.33047905e+01
   vertex 7.98827667e+01 6.83631287e+01 2.83706322e+01
  endloop
 endfacet
 facet normal -9.90086794e-01 -1.39091253e-01 1.95397064e-02
  outer loop
   vertex 7.98827667e+01 6.83631287e+01 2.83706322e+01
   vertex 8.82296677e+01 7.22258148e+01 5.33047905e+01
   vertex 8.78081741e+01 7.51414261e+01 5.31639709e+01
  endloop
 endfacet
 facet normal -8.14001918e-01 2.56423235e-01 5.21198630e-01
  outer loop
   vertex 7.79599380e+01 4.19235382e+01 2.96291561e+01
   vertex 8.58011169e+01 4.78159676e+01 5.42619057e+01
   vertex 7.87954865e+01 4.49558640e+01 2.94884720e+01
  endloop
 endfacet
 facet normal -9.61268723e-01 2.63342023e-01 -8.13228786e-02
  outer loop
   vertex 7.87954865e+01 4.49558640e+01 2.94884720e+01
   vertex 8.58011169e+01 4.78159676e+01 5.42619057e+01
   vertex 8.67274475e+01 5.11361465e+01 5.41446953e+01
  endloop
 endfacet
 facet normal -8.33289206e-01 -5.52661479e-01 1.39424466e-02
  outer loop
   vertex 5.30815964e+01 1.09388680e+02 2.54325466e+01
   vertex 5.38598785e+01 1.10150360e+02 2.79574776e+01
   vertex 5.13376884e+01 1.11985832e+02 2.52082596e+01
  endloop
 endfacet
 facet normal -6.57631099e-01 -3.83911490e-01 6.48176908e-01
  outer loop
   vertex 5.13376884e+01 1.11985832e+02 2.52082596e+01
   vertex 5.38598785e+01 1.10150360e+02 2.79574776e+01
   vertex 5.21184349e+01 1.12740936e+02 2.77354088e+01
  endloop
 endfacet
 facet normal -8.40120316e-01 -5.42264104e-01 1.21445814e-02
  outer loop
   vertex 5.47920494e+01 1.06756729e+02 2.56626358e+01
   vertex 5.55556908e+01 1.07540192e+02 2.81826630e+01
   vertex 5.30815964e+01 1.09388680e+02 2.54325466e+01
  endloop
 endfacet
 facet normal -6.60957277e-01 -3.77195030e-01 6.48736715e-01
  outer loop
   vertex 5.30815964e+01 1.09388680e+02 2.54325466e+01
   vertex 5.55556908e+01 1.07540192e+02 2.81826630e+01
   vertex 5.38598785e+01 1.10150360e+02 2.79574776e+01
  endloop
 endfacet
 facet normal -8.48958015e-01 -5.28339505e-01 1.12989806e-02
  outer loop
   vertex 5.64515724e+01 1.04108742e+02 2.58912735e+01
   vertex 5.72041664e+01 1.04906097e+02 2.84064655e+01
   vertex 5.47920494e+01 1.06756729e+02 2.56626358e+01
  endloop
 endfacet
 facet normal -6.67462289e-01 -3.66805732e-01 6.48033679e-01
  outer loop
   vertex 5.47920494e+01 1.06756729e+02 2.56626358e+01
   vertex 5.72041664e+01 1.04906097e+02 2.84064655e+01
   vertex 5.55556908e+01 1.07540192e+02 2.81826630e+01
  endloop
 endfacet
 facet normal -8.58234763e-01 -5.13157427e-01 1.01269800e-02
  outer loop
   vertex 5.80427284e+01 1.01463547e+02 2.61111431e+01
   vertex 5.88036385e+01 1.02243782e+02 2.86243305e+01
   vertex 5.64515724e+01 1.04108742e+02 2.58912735e+01
  endloop
 endfacet
 facet normal -6.73868656e-01 -3.56481075e-01 6.47164822e-01
  outer loop
   vertex 5.64515724e+01 1.04108742e+02 2.58912735e+01
   vertex 5.88036385e+01 1.02243782e+02 2.86243305e+01
   vertex 5.72041664e+01 1.04906097e+02 2.84064655e+01
  endloop
 endfacet
 facet normal -8.67988050e-01 -4.96511489e-01 8.54943320e-03
  outer loop
   vertex 5.95623055e+01 9.88128357e+01 2.63161507e+01
   vertex 6.03374557e+01 9.95677109e+01 2.88289013e+01
   vertex 5.80427284e+01 1.01463547e+02 2.61111431e+01
  endloop
 endfacet
 facet normal -6.80081010e-01 -3.45989913e-01 6.46359682e-01
  outer loop
   vertex 5.80427284e+01 1.01463547e+02 2.61111431e+01
   vertex 6.03374557e+01 9.95677109e+01 2.88289013e+01
   vertex 5.88036385e+01 1.02243782e+02 2.86243305e+01
  endloop
 endfacet
 facet normal -8.77881169e-01 -4.78846014e-01 5.58441225e-03
  outer loop
   vertex 6.10070724e+01 9.61483078e+01 2.65002060e+01
   vertex 6.17890282e+01 9.68924332e+01 2.90127964e+01
   vertex 5.95623055e+01 9.88128357e+01 2.63161507e+01
  endloop
 endfacet
 facet normal -6.87272966e-01 -3.34533542e-01 6.44781530e-01
  outer loop
   vertex 5.95623055e+01 9.88128357e+01 2.63161507e+01
   vertex 6.17890282e+01 9.68924332e+01 2.90127964e+01
   vertex 6.03374557e+01 9.95677109e+01 2.88289013e+01
  endloop
 endfacet
 facet normal -8.86746705e-01 -4.62251782e-01 1.90200948e-03
  outer loop
   vertex 6.24005508e+01 9.34627914e+01 2.66850548e+01
   vertex 6.31795731e+01 9.42130356e+01 2.91960182e+01
   vertex 6.10070724e+01 9.61483078e+01 2.65002060e+01
  endloop
 endfacet
 facet normal -6.95853233e-01 -3.21754217e-01 6.42076671e-01
  outer loop
   vertex 6.10070724e+01 9.61483078e+01 2.65002060e+01
   vertex 6.31795731e+01 9.42130356e+01 2.91960182e+01
   vertex 6.17890282e+01 9.68924332e+01 2.90127964e+01
  endloop
 endfacet
 facet normal -8.94298553e-01 -4.47470456e-01 -5.12141502e-04
  outer loop
   vertex 6.37661858e+01 9.07490768e+01 2.68924789e+01
   vertex 6.45302658e+01 9.15245819e+01 2.93985996e+01
   vertex 6.24005508e+01 9.34627914e+01 2.66850548e+01
  endloop
 endfacet
 facet normal -7.03375638e-01 -3.08963716e-01 6.40159428e-01
  outer loop
   vertex 6.24005508e+01 9.34627914e+01 2.66850548e+01
   vertex 6.45302658e+01 9.15245819e+01 2.93985996e+01
   vertex 6.31795731e+01 9.42130356e+01 2.91960182e+01
  endloop
 endfacet
 facet normal -9.02121961e-01 -4.31473523e-01 -2.55625183e-03
  outer loop
   vertex 6.50811920e+01 8.80109711e+01 2.71027470e+01
   vertex 6.58328018e+01 8.88053436e+01 2.96036606e+01
   vertex 6.37661858e+01 9.07490768e+01 2.68924789e+01
  endloop
 endfacet
 facet normal -7.09386945e-01 -2.96872497e-01 6.39247119e-01
  outer loop
   vertex 6.37661858e+01 9.07490768e+01 2.68924789e+01
   vertex 6.58328018e+01 8.88053436e+01 2.96036606e+01
   vertex 6.45302658e+01 9.15245819e+01 2.93985996e+01
  endloop
 endfacet
 facet normal -9.10398185e-01 -4.13692445e-01 -5.80546586e-03
  outer loop
   vertex 6.63226547e+01 8.52522049e+01 2.72961159e+01
   vertex 6.70787506e+01 8.60334930e+01 2.97943134e+01
   vertex 6.50811920e+01 8.80109711e+01 2.71027470e+01
  endloop
 endfacet
 facet normal -7.16243505e-01 -2.84804881e-01 6.37088239e-01
  outer loop
   vertex 6.50811920e+01 8.80109711e+01 2.71027470e+01
   vertex 6.70787506e+01 8.60334930e+01 2.97943134e+01
   vertex 6.58328018e+01 8.88053436e+01 2.96036606e+01
  endloop
 endfacet
 facet normal -9.17326868e-01 -3.98029208e-01 -9.17607173e-03
  outer loop
   vertex 6.74919052e+01 8.25260925e+01 2.74800301e+01
   vertex 6.82601242e+01 8.32762833e+01 2.99759598e+01
   vertex 6.63226547e+01 8.52522049e+01 2.72961159e+01
  endloop
 endfacet
 facet normal -7.23351717e-01 -2.73499191e-01 6.34003580e-01
  outer loop
   vertex 6.63226547e+01 8.52522049e+01 2.72961159e+01
   vertex 6.82601242e+01 8.32762833e+01 2.99759598e+01
   vertex 6.70787506e+01 8.60334930e+01 2.97943134e+01
  endloop
 endfacet
 facet normal -9.23509419e-01 -3.83397013e-01 -1.17072510e-02
  outer loop
   vertex 6.85902634e+01 7.98859253e+01 2.76619263e+01
   vertex 6.93689423e+01 8.06009369e+01 3.01539955e+01
   vertex 6.74919052e+01 8.25260925e+01 2.74800301e+01
  endloop
 endfacet
 facet normal -7.28185475e-01 -2.63814658e-01 6.32572293e-01
  outer loop
   vertex 6.74919052e+01 8.25260925e+01 2.74800301e+01
   vertex 6.93689423e+01 8.06009369e+01 3.01539955e+01
   vertex 6.82601242e+01 8.32762833e+01 2.99759598e+01
  endloop
 endfacet
 facet normal -9.31563914e-01 -3.63258123e-01 -1.52391056e-02
  outer loop
   vertex 6.96100998e+01 7.72587891e+01 2.78238277e+01
   vertex 7.03976898e+01 7.79409790e+01 3.03127155e+01
   vertex 6.85902634e+01 7.98859253e+01 2.76619263e+01
  endloop
 endfacet
 facet normal -7.32357562e-01 -2.53054529e-01 6.32151723e-01
  outer loop
   vertex 6.85902634e+01 7.98859253e+01 2.76619263e+01
   vertex 7.03976898e+01 7.79409790e+01 3.03127155e+01
   vertex 6.93689423e+01 8.06009369e+01 3.01539955e+01
  endloop
 endfacet
 facet normal -9.42349613e-01 -3.33901703e-01 -2.20638495e-02
  outer loop
   vertex 7.05438385e+01 7.45718002e+01 2.79477272e+01
   vertex 7.13389206e+01 7.52299805e+01 3.04363708e+01
   vertex 6.96100998e+01 7.72587891e+01 2.78238277e+01
  endloop
 endfacet
 facet normal -7.39444137e-01 -2.37154454e-01 6.30063593e-01
  outer loop
   vertex 6.96100998e+01 7.72587891e+01 2.78238277e+01
   vertex 7.13389206e+01 7.52299805e+01 3.04363708e+01
   vertex 7.03976898e+01 7.79409790e+01 3.03127155e+01
  endloop
 endfacet
 facet normal -9.54883039e-01 -2.95263976e-01 -3.19001488e-02
  outer loop
   vertex 7.13574219e+01 7.18841553e+01 2.80518017e+01
   vertex 7.21564636e+01 7.25335312e+01 3.05406361e+01
   vertex 7.05438385e+01 7.45718002e+01 2.79477272e+01
  endloop
 endfacet
 facet normal -7.50086963e-01 -2.13029116e-01 6.26089573e-01
  outer loop
   vertex 7.05438385e+01 7.45718002e+01 2.79477272e+01
   vertex 7.21564636e+01 7.25335312e+01 3.05406361e+01
   vertex 7.13389206e+01 7.52299805e+01 3.04363708e+01
  endloop
 endfacet
 facet normal -9.67544317e-01 -2.49019563e-01 -4.29789834e-02
  outer loop
   vertex 7.20167847e+01 6.92550125e+01 2.81542892e+01
   vertex 7.28141632e+01 6.99172592e+01 3.06412354e+01
   vertex 7.13574219e+01 7.18841553e+01 2.80518017e+01
  endloop
 endfacet
 facet normal -7.63170063e-01 -1.79490328e-01 6.20769441e-01
  outer loop
   vertex 7.13574219e+01 7.18841553e+01 2.80518017e+01
   vertex 7.28141632e+01 6.99172592e+01 3.06412354e+01
   vertex 7.21564636e+01 7.25335312e+01 3.05406361e+01
  endloop
 endfacet
 facet normal -9.78772998e-01 -1.97568223e-01 -5.44996671e-02
  outer loop
   vertex 7.25274963e+01 6.66658020e+01 2.82629795e+01
   vertex 7.33212891e+01 6.73447037e+01 3.07462063e+01
   vertex 7.20167847e+01 6.92550125e+01 2.81542892e+01
  endloop
 endfacet
 facet normal -7.77160227e-01 -1.38900563e-01 6.13782227e-01
  outer loop
   vertex 7.20167847e+01 6.92550125e+01 2.81542892e+01
   vertex 7.33212891e+01 6.73447037e+01 3.07462063e+01
   vertex 7.28141632e+01 6.99172592e+01 3.06412354e+01
  endloop
 endfacet
 facet normal -9.87863779e-01 -1.40758738e-01 -6.56665117e-02
  outer loop
   vertex 7.28950653e+01 6.40978699e+01 2.83857651e+01
   vertex 7.36870422e+01 6.47793427e+01 3.08637047e+01
   vertex 7.25274963e+01 6.66658020e+01 2.82629795e+01
  endloop
 endfacet
 facet normal -7.89290547e-01 -9.53918770e-02 6.06564760e-01
  outer loop
   vertex 7.25274963e+01 6.66658020e+01 2.82629795e+01
   vertex 7.36870422e+01 6.47793427e+01 3.08637047e+01
   vertex 7.33212891e+01 6.73447037e+01 3.07462063e+01
  endloop
 endfacet
 facet normal -9.93978143e-01 -7.74507970e-02 -7.75163323e-02
  outer loop
   vertex 7.30943985e+01 6.13747864e+01 2.84966660e+01
   vertex 7.38877716e+01 6.20618324e+01 3.09698925e+01
   vertex 7.28950653e+01 6.40978699e+01 2.83857651e+01
  endloop
 endfacet
 facet normal -7.99499333e-01 -4.98921908e-02 5.98591328e-01
  outer loop
   vertex 7.28950653e+01 6.40978699e+01 2.83857651e+01
   vertex 7.38877716e+01 6.20618324e+01 3.09698925e+01
   vertex 7.36870422e+01 6.47793427e+01 3.08637047e+01
  endloop
 endfacet
 facet normal -9.92938459e-01 4.98868823e-02 -1.07631654e-01
  outer loop
   vertex 7.29146347e+01 5.51070061e+01 2.86165848e+01
   vertex 7.37196884e+01 5.58337364e+01 3.10875816e+01
   vertex 7.31004181e+01 5.83200684e+01 2.85697250e+01
  endloop
 endfacet
 facet normal -8.16964269e-01 4.35417630e-02 5.75042188e-01
  outer loop
   vertex 7.31004181e+01 5.83200684e+01 2.85697250e+01
   vertex 7.37196884e+01 5.58337364e+01 3.10875816e+01
   vertex 7.38998795e+01 5.90327682e+01 3.10409718e+01
  endloop
 endfacet
 facet normal -9.86260056e-01 1.08371891e-01 -1.24686085e-01
  outer loop
   vertex 7.25385056e+01 5.19088440e+01 2.86488609e+01
   vertex 7.33435287e+01 5.26062508e+01 3.11203403e+01
   vertex 7.29146347e+01 5.51070061e+01 2.86165848e+01
  endloop
 endfacet
 facet normal -8.22452307e-01 9.05967131e-02 5.61573207e-01
  outer loop
   vertex 7.29146347e+01 5.51070061e+01 2.86165848e+01
   vertex 7.33435287e+01 5.26062508e+01 3.11203403e+01
   vertex 7.37196884e+01 5.58337364e+01 3.10875816e+01
  endloop
 endfacet
 facet normal -9.76248145e-01 1.64532870e-01 -1.40955627e-01
  outer loop
   vertex 7.20118790e+01 4.88477821e+01 2.86794014e+01
   vertex 7.28128433e+01 4.95000801e+01 3.11508141e+01
   vertex 7.25385056e+01 5.19088440e+01 2.86488609e+01
  endloop
 endfacet
 facet normal -8.24976146e-01 1.38875037e-01 5.47839463e-01
  outer loop
   vertex 7.25385056e+01 5.19088440e+01 2.86488609e+01
   vertex 7.28128433e+01 4.95000801e+01 3.11508141e+01
   vertex 7.33435287e+01 5.26062508e+01 3.11203403e+01
  endloop
 endfacet
 facet normal -9.63302314e-01 2.18792081e-01 -1.55494884e-01
  outer loop
   vertex 7.13746185e+01 4.60459518e+01 2.87211170e+01
   vertex 7.21690521e+01 4.66649475e+01 3.11906185e+01
   vertex 7.20118790e+01 4.88477821e+01 2.86794014e+01
  endloop
 endfacet
 facet normal -8.24060023e-01 1.87497079e-01 5.34574568e-01
  outer loop
   vertex 7.20118790e+01 4.88477821e+01 2.86794014e+01
   vertex 7.21690521e+01 4.66649475e+01 3.11906185e+01
   vertex 7.28128433e+01 4.95000801e+01 3.11508141e+01
  endloop
 endfacet
 facet normal -9.48759496e-01 2.67996311e-01 -1.67431712e-01
  outer loop
   vertex 7.06183548e+01 4.33854065e+01 2.87577896e+01
   vertex 7.14037018e+01 4.39755898e+01 3.12249336e+01
   vertex 7.13746185e+01 4.60459518e+01 2.87211170e+01
  endloop
 endfacet
 facet normal -8.20838451e-01 2.32825845e-01 5.21551907e-01
  outer loop
   vertex 7.13746185e+01 4.60459518e+01 2.87211170e+01
   vertex 7.14037018e+01 4.39755898e+01 3.12249336e+01
   vertex 7.21690521e+01 4.66649475e+01 3.11906185e+01
  endloop
 endfacet
 facet normal -9.32960033e-01 3.12371045e-01 -1.78913072e-01
  outer loop
   vertex 6.97347031e+01 4.07481079e+01 2.87732048e+01
   vertex 7.05082703e+01 4.13066101e+01 3.12389660e+01
   vertex 7.06183548e+01 4.33854065e+01 2.87577896e+01
  endloop
 endfacet
 facet normal -8.16514373e-01 2.72142231e-01 5.09158969e-01
  outer loop
   vertex 7.06183548e+01 4.33854065e+01 2.87577896e+01
   vertex 7.05082703e+01 4.13066101e+01 3.12389660e+01
   vertex 7.14037018e+01 4.39755898e+01 3.12249336e+01
  endloop
 endfacet
 facet normal -9.15086448e-01 3.55060577e-01 -1.91177294e-01
  outer loop
   vertex 6.87126389e+01 3.81083488e+01 2.87737942e+01
   vertex 6.94738770e+01 3.86398392e+01 3.12385788e+01
   vertex 6.97347031e+01 4.07481079e+01 2.87732048e+01
  endloop
 endfacet
 facet normal -8.10418308e-01 3.10241759e-01 4.96963054e-01
  outer loop
   vertex 6.97347031e+01 4.07481079e+01 2.87732048e+01
   vertex 6.94738770e+01 3.86398392e+01 3.12385788e+01
   vertex 7.05082703e+01 4.13066101e+01 3.12389660e+01
  endloop
 endfacet
 facet normal -9.00746107e-01 3.85529757e-01 -2.00058103e-01
  outer loop
   vertex 6.81268463e+01 3.67743683e+01 2.87698593e+01
   vertex 6.88826828e+01 3.72984352e+01 3.12340965e+01
   vertex 6.87126389e+01 3.81083488e+01 2.87737942e+01
  endloop
 endfacet
 facet normal -8.04189682e-01 3.45266402e-01 4.83807921e-01
  outer loop
   vertex 6.87126389e+01 3.81083488e+01 2.87737942e+01
   vertex 6.88826828e+01 3.72984352e+01 3.12340965e+01
   vertex 6.94738770e+01 3.86398392e+01 3.12385788e+01
  endloop
 endfacet
 facet normal -8.91978383e-01 4.02951419e-01 -2.04950437e-01
  outer loop
   vertex 6.75239105e+01 3.54416542e+01 2.87660141e+01
   vertex 6.82749023e+01 3.59598389e+01 3.12296295e+01
   vertex 6.81268463e+01 3.67743683e+01 2.87698593e+01
  endloop
 endfacet
 facet normal -8.00324678e-01 3.65020365e-01 4.75647509e-01
  outer loop
   vertex 6.81268463e+01 3.67743683e+01 2.87698593e+01
   vertex 6.82749023e+01 3.59598389e+01 3.12296295e+01
   vertex 6.88826828e+01 3.72984352e+01 3.12340965e+01
  endloop
 endfacet
 facet normal -8.81677449e-01 4.21595722e-01 -2.11900726e-01
  outer loop
   vertex 6.68867188e+01 3.41114693e+01 2.87623520e+01
   vertex 6.76339493e+01 3.46268578e+01 3.12251911e+01
   vertex 6.75239105e+01 3.54416542e+01 2.87660141e+01
  endloop
 endfacet
 facet normal -7.95974910e-01 3.81262600e-01 4.70173120e-01
  outer loop
   vertex 6.75239105e+01 3.54416542e+01 2.87660141e+01
   vertex 6.76339493e+01 3.46268578e+01 3.12251911e+01
   vertex 6.82749023e+01 3.59598389e+01 3.12296295e+01
  endloop
 endfacet
 facet normal -8.70557129e-01 4.40867424e-01 -2.18554735e-01
  outer loop
   vertex 6.62168198e+01 3.27885895e+01 2.87600155e+01
   vertex 6.69617004e+01 3.33043022e+01 3.12218704e+01
   vertex 6.68867188e+01 3.41114693e+01 2.87623520e+01
  endloop
 endfacet
 facet normal -7.89893031e-01 4.01551217e-01 4.63492870e-01
  outer loop
   vertex 6.68867188e+01 3.41114693e+01 2.87623520e+01
   vertex 6.69617004e+01 3.33043022e+01 3.12218704e+01
   vertex 6.76339493e+01 3.46268578e+01 3.12251911e+01
  endloop
 endfacet
 facet normal -8.59031200e-01 4.59878474e-01 -2.24893808e-01
  outer loop
   vertex 6.55157776e+01 3.14778252e+01 2.87601757e+01
   vertex 6.62601166e+01 3.19970036e+01 3.12207699e+01
   vertex 6.62168198e+01 3.27885895e+01 2.87600155e+01
  endloop
 endfacet
 facet normal -7.83414900e-01 4.21560377e-01 4.56670493e-01
  outer loop
   vertex 6.62168198e+01 3.27885895e+01 2.87600155e+01
   vertex 6.62601166e+01 3.19970036e+01 3.12207699e+01
   vertex 6.69617004e+01 3.33043022e+01 3.12218704e+01
  endloop
 endfacet
 facet normal -8.47361922e-01 4.78179753e-01 -2.30915308e-01
  outer loop
   vertex 6.47908478e+01 3.01899586e+01 2.87602787e+01
   vertex 6.55343399e+01 3.07127781e+01 3.12194958e+01
   vertex 6.55157776e+01 3.14778252e+01 2.87601757e+01
  endloop
 endfacet
 facet normal -7.76656926e-01 4.40902293e-01 4.49899137e-01
  outer loop
   vertex 6.55157776e+01 3.14778252e+01 2.87601757e+01
   vertex 6.55343399e+01 3.07127781e+01 3.12194958e+01
   vertex 6.62601166e+01 3.19970036e+01 3.12207699e+01
  endloop
 endfacet
 facet normal -8.35344374e-01 4.96005118e-01 -2.37020582e-01
  outer loop
   vertex 6.40493546e+01 2.89357338e+01 2.87578163e+01
   vertex 6.47896881e+01 2.94593906e+01 3.12156754e+01
   vertex 6.47908478e+01 3.01899586e+01 2.87602787e+01
  endloop
 endfacet
 facet normal -7.70014405e-01 4.59176719e-01 4.42983747e-01
  outer loop
   vertex 6.47908478e+01 3.01899586e+01 2.87602787e+01
   vertex 6.47896881e+01 2.94593906e+01 3.12156754e+01
   vertex 6.55343399e+01 3.07127781e+01 3.12194958e+01
  endloop
 endfacet
 facet normal -7.09414184e-01 6.41125560e-01 -2.92727679e-01
  outer loop
   vertex 5.69222412e+01 1.92290974e+01 2.83356171e+01
   vertex 5.76357880e+01 1.97386227e+01 3.09015141e+01
   vertex 5.78275833e+01 2.02812080e+01 2.84384842e+01
  endloop
 endfacet
 facet normal -7.08456337e-01 5.92142403e-01 3.84001285e-01
  outer loop
   vertex 5.78275833e+01 2.02812080e+01 2.84384842e+01
   vertex 5.76357880e+01 1.97386227e+01 3.09015141e+01
   vertex 5.85172844e+01 2.07641258e+01 3.09654312e+01
  endloop
 endfacet
 facet normal -6.89841151e-01 6.61888421e-01 -2.93296605e-01
  outer loop
   vertex 5.59416504e+01 1.81381092e+01 2.82086525e+01
   vertex 5.66893959e+01 1.86828194e+01 3.08261547e+01
   vertex 5.69222412e+01 1.92290974e+01 2.83356171e+01
  endloop
 endfacet
 facet normal -7.01256931e-01 6.03547573e-01 3.79432529e-01
  outer loop
   vertex 5.69222412e+01 1.92290974e+01 2.83356171e+01
   vertex 5.66893959e+01 1.86828194e+01 3.08261547e+01
   vertex 5.76357880e+01 1.97386227e+01 3.09015141e+01
  endloop
 endfacet
 facet normal -6.68685913e-01 6.85838819e-01 -2.87200868e-01
  outer loop
   vertex 5.49194145e+01 1.70429611e+01 2.79983387e+01
   vertex 5.57105484e+01 1.76299076e+01 3.06853561e+01
   vertex 5.59416504e+01 1.81381092e+01 2.82086525e+01
  endloop
 endfacet
 facet normal -7.02876329e-01 6.02543294e-01 3.78029644e-01
  outer loop
   vertex 5.59416504e+01 1.81381092e+01 2.82086525e+01
   vertex 5.57105484e+01 1.76299076e+01 3.06853561e+01
   vertex 5.66893959e+01 1.86828194e+01 3.08261547e+01
  endloop
 endfacet
 facet normal -6.47065699e-01 7.10691631e-01 -2.76085913e-01
  outer loop
   vertex 5.38891716e+01 1.59783993e+01 2.76454010e+01
   vertex 5.47316742e+01 1.66130600e+01 3.04251137e+01
   vertex 5.49194145e+01 1.70429611e+01 2.79983387e+01
  endloop
 endfacet
 facet normal -7.21468031e-01 5.83053231e-01 3.73540938e-01
  outer loop
   vertex 5.49194145e+01 1.70429611e+01 2.79983387e+01
   vertex 5.47316742e+01 1.66130600e+01 3.04251137e+01
   vertex 5.57105484e+01 1.76299076e+01 3.06853561e+01
  endloop
 endfacet
 facet normal -5.92159092e-01 7.66141713e-01 -2.49748901e-01
  outer loop
   vertex 5.28845215e+01 1.49791441e+01 2.70905800e+01
   vertex 5.37852058e+01 1.56654663e+01 2.99914284e+01
   vertex 5.38891716e+01 1.59783993e+01 2.76454010e+01
  endloop
 endfacet
 facet normal -7.35235572e-01 5.72915733e-01 3.62210244e-01
  outer loop
   vertex 5.38891716e+01 1.59783993e+01 2.76454010e+01
   vertex 5.37852058e+01 1.56654663e+01 2.99914284e+01
   vertex 5.47316742e+01 1.66130600e+01 3.04251137e+01
  endloop
 endfacet
 facet normal -7.33877003e-01 6.73803627e-01 -8.60997960e-02
  outer loop
   vertex 6.06732178e+01 1.12538710e+01 3.72155800e+01
   vertex 6.00405121e+01 1.07018595e+01 3.51378517e+01
   vertex 6.05126152e+01 1.11019211e+01 3.73132095e+01
  endloop
 endfacet
 facet normal -6.75360441e-01 7.29719341e-01 1.06761508e-01
  outer loop
   vertex 6.05126152e+01 1.11019211e+01 3.73132095e+01
   vertex 6.00405121e+01 1.07018595e+01 3.51378517e+01
   vertex 5.99122086e+01 1.05810127e+01 3.51873169e+01
  endloop
 endfacet
 facet normal -7.46808171e-01 6.60828829e-01 -7.47184232e-02
  outer loop
   vertex 6.12739868e+01 1.19381495e+01 3.69380455e+01
   vertex 6.06684494e+01 1.14255228e+01 3.47292938e+01
   vertex 6.06732178e+01 1.12538710e+01 3.72155800e+01
  endloop
 endfacet
 facet normal -6.90546334e-01 7.13181317e-01 1.20491400e-01
  outer loop
   vertex 6.06732178e+01 1.12538710e+01 3.72155800e+01
   vertex 6.06684494e+01 1.14255228e+01 3.47292938e+01
   vertex 6.00405121e+01 1.07018595e+01 3.51378517e+01
  endloop
 endfacet
 facet normal -5.92198074e-01 6.13614202e-01 -5.22282481e-01
  outer loop
   vertex 6.75412827e+01 1.72713890e+01 5.92815628e+01
   vertex 6.78033600e+01 1.75825081e+01 5.85615692e+01
   vertex 6.73295212e+01 1.70910664e+01 5.85287018e+01
  endloop
 endfacet
 facet normal -6.04787707e-01 7.89026797e-01 1.08021043e-01
  outer loop
   vertex 6.78033600e+01 1.75825081e+01 5.85615692e+01
   vertex 6.22647324e+01 1.28185701e+01 3.97691956e+01
   vertex 6.73295212e+01 1.70910664e+01 5.85287018e+01
  endloop
 endfacet
 facet normal -1.77994832e-01 9.73453164e-01 1.43898472e-01
  outer loop
   vertex 6.73295212e+01 1.70910664e+01 5.85287018e+01
   vertex 6.22647324e+01 1.28185701e+01 3.97691956e+01
   vertex 6.70636368e+01 1.68646698e+01 5.75834885e+01
  endloop
 endfacet
 facet normal -1.78062186e-01 9.73438859e-01 1.43911928e-01
  outer loop
   vertex 6.70636368e+01 1.68646698e+01 5.75834885e+01
   vertex 6.22647324e+01 1.28185701e+01 3.97691956e+01
   vertex 6.68783722e+01 1.67069168e+01 5.69248734e+01
  endloop
 endfacet
 facet normal -4.17268544e-01 8.78504634e-01 2.32629627e-01
  outer loop
   vertex 6.68783722e+01 1.67069168e+01 5.69248734e+01
   vertex 6.22647324e+01 1.28185701e+01 3.97691956e+01
   vertex 6.67243881e+01 1.65757980e+01 5.63774490e+01
  endloop
 endfacet
 facet normal -5.56192636e-01 7.23249853e-01 4.09340203e-01
  outer loop
   vertex 6.20772285e+01 1.26181479e+01 3.98679619e+01
   vertex 6.56058044e+01 1.56053286e+01 5.27387962e+01
   vertex 6.22647324e+01 1.28185701e+01 3.97691956e+01
  endloop
 endfacet
 facet normal -4.62710500e-01 8.16046894e-01 -3.46361697e-01
  outer loop
   vertex 6.56058044e+01 1.56053286e+01 5.27387962e+01
   vertex 6.56899643e+01 1.56949911e+01 5.26999741e+01
   vertex 6.22647324e+01 1.28185701e+01 3.97691956e+01
  endloop
 endfacet
 facet normal -7.82628953e-01 6.22483432e-01 2.49767210e-03
  outer loop
   vertex 6.67710190e+01 1.65917568e+01 5.69890289e+01
   vertex 6.67856293e+01 1.66079292e+01 5.69709396e+01
   vertex 6.65898132e+01 1.64383545e+01 5.63280602e+01
  endloop
 endfacet
 facet normal -7.55599678e-01 6.53574884e-01 4.36924696e-02
  outer loop
   vertex 6.67856293e+01 1.66079292e+01 5.69709396e+01
   vertex 6.67243881e+01 1.65757980e+01 5.63774490e+01
   vertex 6.65898132e+01 1.64383545e+01 5.63280602e+01
  endloop
 endfacet
 facet normal -6.96720839e-01 7.07159758e-01 1.20437630e-01
  outer loop
   vertex 6.65898132e+01 1.64383545e+01 5.63280602e+01
   vertex 6.67243881e+01 1.65757980e+01 5.63774490e+01
   vertex 6.67136612e+01 1.65666695e+01 5.63393326e+01
  endloop
 endfacet
 facet normal -5.77873409e-01 7.40899801e-01 3.42242271e-01
  outer loop
   vertex 6.67243881e+01 1.65757980e+01 5.63774490e+01
   vertex 6.22647324e+01 1.28185701e+01 3.97691956e+01
   vertex 6.67136612e+01 1.65666695e+01 5.63393326e+01
  endloop
 endfacet
 facet normal -3.75030965e-01 8.85429859e-01 2.74528265e-01
  outer loop
   vertex 6.67136612e+01 1.65666695e+01 5.63393326e+01
   vertex 6.22647324e+01 1.28185701e+01 3.97691956e+01
   vertex 6.65371552e+01 1.64163685e+01 5.57118301e+01
  endloop
 endfacet
 facet normal -1.77988321e-01 9.73453820e-01 1.43902153e-01
  outer loop
   vertex 6.65371552e+01 1.64163685e+01 5.57118301e+01
   vertex 6.22647324e+01 1.28185701e+01 3.97691956e+01
   vertex 6.62954788e+01 1.62105904e+01 5.48526268e+01
  endloop
 endfacet
 facet normal -1.77997068e-01 9.73452449e-01 1.43900514e-01
  outer loop
   vertex 6.62954788e+01 1.62105904e+01 5.48526268e+01
   vertex 6.22647324e+01 1.28185701e+01 3.97691956e+01
   vertex 6.58416672e+01 1.58241634e+01 5.32392883e+01
  endloop
 endfacet
 facet normal -1.63273484e-01 9.85393226e-01 -4.83941138e-02
  outer loop
   vertex 6.56899643e+01 1.56949911e+01 5.26999741e+01
   vertex 6.58416672e+01 1.58241634e+01 5.32392883e+01
   vertex 6.22647324e+01 1.28185701e+01 3.97691956e+01
  endloop
 endfacet
 facet normal -5.39815962e-01 6.62623703e-01 5.19161344e-01
  outer loop
   vertex 6.60202026e+01 1.58629818e+01 6.15863419e+01
   vertex 6.59947052e+01 1.58418570e+01 6.16013184e+01
   vertex 6.63339539e+01 1.61345062e+01 6.28858337e+01
  endloop
 endfacet
 facet normal -5.55431724e-01 6.40200973e-01 5.30696034e-01
  outer loop
   vertex 6.65166168e+01 1.62846794e+01 6.12941475e+01
   vertex 6.60202026e+01 1.58629818e+01 6.15863419e+01
   vertex 6.66765518e+01 1.64229393e+01 6.19120369e+01
  endloop
 endfacet
 facet normal -9.07723665e-01 4.08566296e-01 9.54532102e-02
  outer loop
   vertex 6.66765518e+01 1.64229393e+01 6.19120369e+01
   vertex 6.60202026e+01 1.58629818e+01 6.15863419e+01
   vertex 6.63339539e+01 1.61345062e+01 6.28858337e+01
  endloop
 endfacet
 facet normal -8.00675571e-01 2.85597116e-01 5.26643038e-01
  outer loop
   vertex 6.70034637e+01 1.67264805e+01 6.10060158e+01
   vertex 6.65166168e+01 1.62846794e+01 6.12941475e+01
   vertex 6.66765518e+01 1.64229393e+01 6.19120369e+01
  endloop
 endfacet
 facet normal -5.75164557e-01 6.43190980e-01 5.05461335e-01
  outer loop
   vertex 6.53017807e+01 1.52701168e+01 6.20082397e+01
   vertex 6.52667618e+01 1.52406683e+01 6.20288353e+01
   vertex 6.58301849e+01 1.57276192e+01 6.42043076e+01
  endloop
 endfacet
 facet normal -5.61091661e-01 6.46980882e-01 5.16325355e-01
  outer loop
   vertex 6.56141434e+01 1.55535774e+01 6.18233719e+01
   vertex 6.53017807e+01 1.52701168e+01 6.20082397e+01
   vertex 6.60685425e+01 1.59476910e+01 6.36326447e+01
  endloop
 endfacet
 facet normal -9.19927001e-01 3.88175696e-01 5.52621000e-02
  outer loop
   vertex 6.60685425e+01 1.59476910e+01 6.36326447e+01
   vertex 6.53017807e+01 1.52701168e+01 6.20082397e+01
   vertex 6.58301849e+01 1.57276192e+01 6.42043076e+01
  endloop
 endfacet
 facet normal -5.42478919e-01 6.66372418e-01 5.11531413e-01
  outer loop
   vertex 6.59947052e+01 1.58418570e+01 6.16013184e+01
   vertex 6.56141434e+01 1.55535774e+01 6.18233719e+01
   vertex 6.63339539e+01 1.61345062e+01 6.28858337e+01
  endloop
 endfacet
 facet normal -9.08978999e-01 4.09575403e-01 7.74932131e-02
  outer loop
   vertex 6.63339539e+01 1.61345062e+01 6.28858337e+01
   vertex 6.56141434e+01 1.55535774e+01 6.18233719e+01
   vertex 6.60685425e+01 1.59476910e+01 6.36326447e+01
  endloop
 endfacet
 facet normal -9.45167065e-01 3.74798030e-02 3.24429482e-01
  outer loop
   vertex 6.35169334e+01 1.34298115e+01 5.66713829e+01
   vertex 6.35409012e+01 1.33724289e+01 5.67194023e+01
   vertex 6.42313385e+01 1.41318455e+01 5.95461044e+01
  endloop
 endfacet
 facet normal -9.71339703e-01 -2.06971183e-01 1.16885103e-01
  outer loop
   vertex 6.42313385e+01 1.41318455e+01 5.95461044e+01
   vertex 6.35409012e+01 1.33724289e+01 5.67194023e+01
   vertex 6.42322617e+01 1.41215467e+01 5.95431328e+01
  endloop
 endfacet
 facet normal -7.95406759e-01 -6.00691676e-01 -8.06077942e-02
  outer loop
   vertex 6.28442268e+01 1.27687492e+01 5.39644394e+01
   vertex 5.56491165e+01 5.69817972e+00 2.50116539e+01
   vertex 6.28792229e+01 1.26554556e+01 5.40168686e+01
  endloop
 endfacet
 facet normal -6.36599600e-01 -6.83486938e-01 3.57192665e-01
  outer loop
   vertex 5.56491165e+01 5.69817972e+00 2.50116539e+01
   vertex 6.73815918e+01 1.59640694e+01 7.14664307e+01
   vertex 6.28792229e+01 1.26554556e+01 5.40168686e+01
  endloop
 endfacet
 facet normal -6.75349474e-01 -5.99738836e-01 4.29204315e-01
  outer loop
   vertex 6.28792229e+01 1.26554556e+01 5.40168686e+01
   vertex 6.73815918e+01 1.59640694e+01 7.14664307e+01
   vertex 6.33082237e+01 1.31203032e+01 5.57690544e+01
  endloop
 endfacet
 facet normal -6.75119877e-01 -4.76868361e-01 5.62858522e-01
  outer loop
   vertex 6.33082237e+01 1.31203032e+01 5.57690544e+01
   vertex 6.73815918e+01 1.59640694e+01 7.14664307e+01
   vertex 6.35409012e+01 1.33724289e+01 5.67194023e+01
  endloop
 endfacet
 facet normal -7.46583104e-01 -4.50552493e-01 4.89506006e-01
  outer loop
   vertex 6.35409012e+01 1.33724289e+01 5.67194023e+01
   vertex 6.73815918e+01 1.59640694e+01 7.14664307e+01
   vertex 6.42322617e+01 1.41215467e+01 5.95431328e+01
  endloop
 endfacet
 facet normal -7.37928212e-01 -5.33574998e-01 4.13230866e-01
  outer loop
   vertex 6.42322617e+01 1.41215467e+01 5.95431328e+01
   vertex 6.73815918e+01 1.59640694e+01 7.14664307e+01
   vertex 6.43435287e+01 1.42420998e+01 5.99975777e+01
  endloop
 endfacet
 facet normal -7.59610534e-01 -5.11319280e-01 4.01925951e-01
  outer loop
   vertex 6.73815918e+01 1.59640694e+01 7.14664307e+01
   vertex 6.55243988e+01 1.54025307e+01 6.47493362e+01
   vertex 6.43435287e+01 1.42420998e+01 5.99975777e+01
  endloop
 endfacet
 facet normal -8.83539677e-01 -4.09543186e-01 2.27226779e-01
  outer loop
   vertex 6.43435287e+01 1.42420998e+01 5.99975777e+01
   vertex 6.55243988e+01 1.54025307e+01 6.47493362e+01
   vertex 6.44396515e+01 1.43432236e+01 6.03832703e+01
  endloop
 endfacet
 facet normal -8.66646171e-01 -3.86318326e-01 3.15725446e-01
  outer loop
   vertex 6.44396515e+01 1.43432236e+01 6.03832703e+01
   vertex 6.55243988e+01 1.54025307e+01 6.47493362e+01
   vertex 6.49043427e+01 1.48320751e+01 6.22477493e+01
  endloop
 endfacet
 facet normal -8.44483972e-01 -1.17619529e-01 5.22505939e-01
  outer loop
   vertex 6.49052734e+01 1.48714504e+01 6.22450562e+01
   vertex 6.49043427e+01 1.48320751e+01 6.22477493e+01
   vertex 6.55243988e+01 1.54025307e+01 6.47493362e+01
  endloop
 endfacet
 facet normal -7.07601607e-01 5.03914893e-01 4.95348066e-01
  outer loop
   vertex 6.52667618e+01 1.52406683e+01 6.20288353e+01
   vertex 6.49052734e+01 1.48714504e+01 6.22450562e+01
   vertex 6.58301849e+01 1.57276192e+01 6.42043076e+01
  endloop
 endfacet
 facet normal -9.79890049e-01 8.40224773e-02 1.80985346e-01
  outer loop
   vertex 6.58301849e+01 1.57276192e+01 6.42043076e+01
   vertex 6.49052734e+01 1.48714504e+01 6.22450562e+01
   vertex 6.55243988e+01 1.54025307e+01 6.47493362e+01
  endloop
 endfacet
 facet normal -8.97801697e-01 -3.60002309e-01 -2.53673851e-01
  outer loop
   vertex 6.03357048e+01 1.20550705e+02 5.27560005e+01
   vertex 5.99136009e+01 1.20280098e+02 5.29672394e+01
   vertex 5.94379044e+01 1.21817749e+02 5.26630135e+01
  endloop
 endfacet
 facet normal -8.91040862e-01 -2.20293105e-01 -3.96884263e-01
  outer loop
   vertex 5.94379044e+01 1.21817749e+02 5.26630135e+01
   vertex 5.99136009e+01 1.20280098e+02 5.29672394e+01
   vertex 5.90528145e+01 1.21568474e+02 5.28562012e+01
  endloop
 endfacet
 facet normal -5.79621971e-01 -1.19886259e-02 8.14797282e-01
  outer loop
   vertex 5.31400261e+01 1.13395874e+02 2.72241611e+01
   vertex 5.22344398e+01 1.14627937e+02 2.71437855e+01
   vertex 5.21184349e+01 1.12740936e+02 2.77354088e+01
  endloop
 endfacet
 facet normal -4.64619517e-01 2.10246310e-01 8.60189021e-01
  outer loop
   vertex 5.21184349e+01 1.12740936e+02 2.77354088e+01
   vertex 5.22344398e+01 1.14627937e+02 2.71437855e+01
   vertex 5.12938690e+01 1.14019066e+02 2.76156597e+01
  endloop
 endfacet
 facet normal 3.86855751e-01 -4.29290354e-01 -8.16120327e-01
  outer loop
   vertex 6.51555176e+01 1.23640640e+02 5.03439598e+01
   vertex 6.53866882e+01 1.23788849e+02 5.02282753e+01
   vertex 6.57920685e+01 1.22768158e+02 5.03976402e+01
  endloop
 endfacet
 facet normal -3.52499336e-01 -7.95503438e-01 -4.92867649e-01
  outer loop
   vertex 6.53866882e+01 1.23788849e+02 5.02282753e+01
   vertex 6.71515884e+01 1.21189255e+02 5.04303703e+01
   vertex 6.57920685e+01 1.22768158e+02 5.03976402e+01
  endloop
 endfacet
 facet normal -3.55283827e-01 -7.93880522e-01 -4.93484706e-01
  outer loop
   vertex 6.71515884e+01 1.21189255e+02 5.04303703e+01
   vertex 6.16305084e+01 1.17755219e+02 5.31671562e+01
   vertex 6.57920685e+01 1.22768158e+02 5.03976402e+01
  endloop
 endfacet
 facet normal 1.09971054e-01 -8.25966179e-01 -5.52889049e-01
  outer loop
   vertex 6.57920685e+01 1.22768158e+02 5.03976402e+01
   vertex 6.16305084e+01 1.17755219e+02 5.31671562e+01
   vertex 6.51932678e+01 1.22360497e+02 5.07044868e+01
  endloop
 endfacet
 facet normal -1.29004613e-01 -7.84930587e-01 -6.06004834e-01
  outer loop
   vertex 6.51932678e+01 1.22360497e+02 5.07044868e+01
   vertex 6.16305084e+01 1.17755219e+02 5.31671562e+01
   vertex 6.41964798e+01 1.21681892e+02 5.12152786e+01
  endloop
 endfacet
 facet normal -1.29004285e-01 -7.84930527e-01 -6.06004894e-01
  outer loop
   vertex 6.41964798e+01 1.21681892e+02 5.12152786e+01
   vertex 6.16305084e+01 1.17755219e+02 5.31671562e+01
   vertex 6.33801880e+01 1.21126152e+02 5.16335831e+01
  endloop
 endfacet
 facet normal -1.29004180e-01 -7.84930348e-01 -6.06005132e-01
  outer loop
   vertex 6.33801880e+01 1.21126152e+02 5.16335831e+01
   vertex 6.16305084e+01 1.17755219e+02 5.31671562e+01
   vertex 6.25548973e+01 1.20564301e+02 5.20564919e+01
  endloop
 endfacet
 facet normal -1.29004061e-01 -7.84930527e-01 -6.06004953e-01
  outer loop
   vertex 6.25548973e+01 1.20564301e+02 5.20564919e+01
   vertex 6.16305084e+01 1.17755219e+02 5.31671562e+01
   vertex 6.15221596e+01 1.19861221e+02 5.25857086e+01
  endloop
 endfacet
 facet normal -1.64827064e-01 -9.14781272e-01 -3.68791670e-01
  outer loop
   vertex 6.15221596e+01 1.19861221e+02 5.25857086e+01
   vertex 6.16305084e+01 1.17755219e+02 5.31671562e+01
   vertex 6.10482941e+01 1.19538605e+02 5.28285370e+01
  endloop
 endfacet
 facet normal -5.33685446e-01 -8.02131772e-01 -2.67888844e-01
  outer loop
   vertex 6.16305084e+01 1.17755219e+02 5.31671562e+01
   vertex 5.99136009e+01 1.20280098e+02 5.29672394e+01
   vertex 6.10482941e+01 1.19538605e+02 5.28285370e+01
  endloop
 endfacet
 facet normal -5.57613134e-01 -8.21102202e-01 -1.21896327e-01
  outer loop
   vertex 5.99136009e+01 1.20280098e+02 5.29672394e+01
   vertex 6.03357048e+01 1.20550705e+02 5.27560005e+01
   vertex 6.10482941e+01 1.19538605e+02 5.28285370e+01
  endloop
 endfacet
 facet normal 8.34395289e-01 -1.42051861e-01 5.32546461e-01
  outer loop
   vertex 5.68782234e+01 1.15792404e+02 2.53534107e+01
   vertex 5.75233459e+01 1.14868744e+02 2.54232693e+01
   vertex 5.75915222e+01 1.16249695e+02 2.49964466e+01
  endloop
 endfacet
 facet normal 3.84944752e-02 -4.42049831e-01 8.96164119e-01
  outer loop
   vertex 5.75915222e+01 1.16249695e+02 2.49964466e+01
   vertex 5.75233459e+01 1.14868744e+02 2.54232693e+01
   vertex 5.93809662e+01 1.13584404e+02 2.52206879e+01
  endloop
 endfacet
 facet normal 3.93285751e-02 -4.42579925e-01 8.95866215e-01
  outer loop
   vertex 5.93809662e+01 1.13584404e+02 2.52206879e+01
   vertex 5.75233459e+01 1.14868744e+02 2.54232693e+01
   vertex 5.38598785e+01 1.10150360e+02 2.79574776e+01
  endloop
 endfacet
 facet normal 4.62810397e-01 -5.08434296e-01 7.26155043e-01
  outer loop
   vertex 5.75233459e+01 1.14868744e+02 2.54232693e+01
   vertex 5.67288704e+01 1.14327888e+02 2.58304958e+01
   vertex 5.38598785e+01 1.10150360e+02 2.79574776e+01
  endloop
 endfacet
 facet normal 3.33652079e-01 -3.45713943e-01 8.77016604e-01
  outer loop
   vertex 5.67288704e+01 1.14327888e+02 2.58304958e+01
   vertex 5.57620926e+01 1.13669708e+02 2.63260479e+01
   vertex 5.38598785e+01 1.10150360e+02 2.79574776e+01
  endloop
 endfacet
 facet normal 3.33653867e-01 -3.45712870e-01 8.77016366e-01
  outer loop
   vertex 5.57620926e+01 1.13669708e+02 2.63260479e+01
   vertex 5.48058968e+01 1.13018745e+02 2.68161736e+01
   vertex 5.38598785e+01 1.10150360e+02 2.79574776e+01
  endloop
 endfacet
 facet normal 2.74103433e-01 -5.89385331e-01 7.59929121e-01
  outer loop
   vertex 5.48058968e+01 1.13018745e+02 2.68161736e+01
   vertex 5.38795471e+01 1.12388100e+02 2.72909966e+01
   vertex 5.38598785e+01 1.10150360e+02 2.79574776e+01
  endloop
 endfacet
 facet normal -1.25397414e-01 -4.97809023e-01 8.58173430e-01
  outer loop
   vertex 5.38598785e+01 1.10150360e+02 2.79574776e+01
   vertex 5.38795471e+01 1.12388100e+02 2.72909966e+01
   vertex 5.21184349e+01 1.12740936e+02 2.77354088e+01
  endloop
 endfacet
 facet normal -2.62719929e-01 -6.32750571e-01 7.28426397e-01
  outer loop
   vertex 5.38795471e+01 1.12388100e+02 2.72909966e+01
   vertex 5.31400261e+01 1.13395874e+02 2.72241611e+01
   vertex 5.21184349e+01 1.12740936e+02 2.77354088e+01
  endloop
 endfacet
 facet normal -7.62557745e-01 -5.25969923e-01 -3.76644909e-01
  outer loop
   vertex 6.16305084e+01 1.17755219e+02 5.31671562e+01
   vertex 6.71515884e+01 1.21189255e+02 5.04303703e+01
   vertex 6.31802025e+01 1.15362579e+02 5.33433533e+01
  endloop
 endfacet
 facet normal -7.66726553e-01 -5.20147860e-01 -3.76266688e-01
  outer loop
   vertex 6.31802025e+01 1.15362579e+02 5.33433533e+01
   vertex 6.71515884e+01 1.21189255e+02 5.04303703e+01
   vertex 6.87677231e+01 1.18694489e+02 5.06151886e+01
  endloop
 endfacet
 facet normal -3.52297217e-01 -1.48068100e-01 9.24100935e-01
  outer loop
   vertex 5.55556908e+01 1.07540192e+02 2.81826630e+01
   vertex 6.11432076e+01 1.10872101e+02 2.54544964e+01
   vertex 5.38598785e+01 1.10150360e+02 2.79574776e+01
  endloop
 endfacet
 facet normal -3.52603316e-01 -1.51328653e-01 9.23455775e-01
  outer loop
   vertex 5.38598785e+01 1.10150360e+02 2.79574776e+01
   vertex 6.11432076e+01 1.10872101e+02 2.54544964e+01
   vertex 5.93809662e+01 1.13584404e+02 2.52206879e+01
  endloop
 endfacet
 facet normal -7.76136637e-01 -5.04044473e-01 -3.78881365e-01
  outer loop
   vertex 6.47183914e+01 1.12867134e+02 5.35188751e+01
   vertex 6.31802025e+01 1.15362579e+02 5.33433533e+01
   vertex 7.03692017e+01 1.16100777e+02 5.08027649e+01
  endloop
 endfacet
 facet normal -7.73404717e-01 -5.09388745e-01 -3.77317160e-01
  outer loop
   vertex 7.03692017e+01 1.16100777e+02 5.08027649e+01
   vertex 6.31802025e+01 1.15362579e+02 5.33433533e+01
   vertex 6.87677231e+01 1.18694489e+02 5.06151886e+01
  endloop
 endfacet
 facet normal -3.54450494e-01 -1.44512296e-01 9.23840344e-01
  outer loop
   vertex 5.55556908e+01 1.07540192e+02 2.81826630e+01
   vertex 5.72041664e+01 1.04906097e+02 2.84064655e+01
   vertex 6.11432076e+01 1.10872101e+02 2.54544964e+01
  endloop
 endfacet
 facet normal -3.57645899e-01 -1.44035384e-01 9.22682643e-01
  outer loop
   vertex 6.11432076e+01 1.10872101e+02 2.54544964e+01
   vertex 5.72041664e+01 1.04906097e+02 2.84064655e+01
   vertex 6.28549881e+01 1.08139748e+02 2.56903496e+01
  endloop
 endfacet
 facet normal -7.84319282e-01 -4.89898860e-01 -3.80581647e-01
  outer loop
   vertex 6.64007263e+01 1.10033798e+02 5.37167816e+01
   vertex 6.47183914e+01 1.12867134e+02 5.35188751e+01
   vertex 7.21102448e+01 1.13173172e+02 5.10128555e+01
  endloop
 endfacet
 facet normal -7.82004595e-01 -4.94657457e-01 -3.79187018e-01
  outer loop
   vertex 7.21102448e+01 1.13173172e+02 5.10128555e+01
   vertex 6.47183914e+01 1.12867134e+02 5.35188751e+01
   vertex 7.03692017e+01 1.16100777e+02 5.08027649e+01
  endloop
 endfacet
 facet normal -3.57727498e-01 -1.39895782e-01 9.23287690e-01
  outer loop
   vertex 5.72041664e+01 1.04906097e+02 2.84064655e+01
   vertex 5.88036385e+01 1.02243782e+02 2.86243305e+01
   vertex 6.28549881e+01 1.08139748e+02 2.56903496e+01
  endloop
 endfacet
 facet normal -3.60959172e-01 -1.40046999e-01 9.22006130e-01
  outer loop
   vertex 6.28549881e+01 1.08139748e+02 2.56903496e+01
   vertex 5.88036385e+01 1.02243782e+02 2.86243305e+01
   vertex 6.45131531e+01 1.05383148e+02 2.59204044e+01
  endloop
 endfacet
 facet normal -7.89579809e-01 -4.80538130e-01 -3.81637067e-01
  outer loop
   vertex 6.64007263e+01 1.10033798e+02 5.37167816e+01
   vertex 7.21102448e+01 1.13173172e+02 5.10128555e+01
   vertex 6.80768433e+01 1.07104736e+02 5.39169350e+01
  endloop
 endfacet
 facet normal -7.92745233e-01 -4.75479335e-01 -3.81411076e-01
  outer loop
   vertex 6.80768433e+01 1.07104736e+02 5.39169350e+01
   vertex 7.21102448e+01 1.13173172e+02 5.10128555e+01
   vertex 7.38477783e+01 1.10139824e+02 5.12245483e+01
  endloop
 endfacet
 facet normal -3.60185146e-01 -1.36473775e-01 9.22844291e-01
  outer loop
   vertex 5.88036385e+01 1.02243782e+02 2.86243305e+01
   vertex 6.03374557e+01 9.95677109e+01 2.88289013e+01
   vertex 6.45131531e+01 1.05383148e+02 2.59204044e+01
  endloop
 endfacet
 facet normal -3.63465935e-01 -1.37234569e-01 9.21444058e-01
  outer loop
   vertex 6.45131531e+01 1.05383148e+02 2.59204044e+01
   vertex 6.03374557e+01 9.95677109e+01 2.88289013e+01
   vertex 6.61084061e+01 1.02602806e+02 2.61365070e+01
  endloop
 endfacet
 facet normal -7.98147321e-01 -4.64752495e-01 -3.83361340e-01
  outer loop
   vertex 6.80768433e+01 1.07104736e+02 5.39169350e+01
   vertex 7.38477783e+01 1.10139824e+02 5.12245483e+01
   vertex 6.95962448e+01 1.04322006e+02 5.40992699e+01
  endloop
 endfacet
 facet normal -8.01567018e-01 -4.59114492e-01 -3.83019865e-01
  outer loop
   vertex 6.95962448e+01 1.04322006e+02 5.40992699e+01
   vertex 7.38477783e+01 1.10139824e+02 5.12245483e+01
   vertex 7.54296646e+01 1.07245728e+02 5.14182663e+01
  endloop
 endfacet
 facet normal -3.63654137e-01 -1.31566569e-01 9.22196269e-01
  outer loop
   vertex 6.17890282e+01 9.68924332e+01 2.90127964e+01
   vertex 6.76224518e+01 9.98161469e+01 2.63317947e+01
   vertex 6.03374557e+01 9.95677109e+01 2.88289013e+01
  endloop
 endfacet
 facet normal -3.64930332e-01 -1.34714693e-01 9.21237111e-01
  outer loop
   vertex 6.03374557e+01 9.95677109e+01 2.88289013e+01
   vertex 6.76224518e+01 9.98161469e+01 2.63317947e+01
   vertex 6.61084061e+01 1.02602806e+02 2.61365070e+01
  endloop
 endfacet
 facet normal -3.68573666e-01 -1.24578126e-01 9.21213210e-01
  outer loop
   vertex 6.31795731e+01 9.42130356e+01 2.91960182e+01
   vertex 6.90715027e+01 9.70290985e+01 2.65277138e+01
   vertex 6.17890282e+01 9.68924332e+01 2.90127964e+01
  endloop
 endfacet
 facet normal -3.68368357e-01 -1.28349483e-01 9.20777500e-01
  outer loop
   vertex 6.17890282e+01 9.68924332e+01 2.90127964e+01
   vertex 6.90715027e+01 9.70290985e+01 2.65277138e+01
   vertex 6.76224518e+01 9.98161469e+01 2.63317947e+01
  endloop
 endfacet
 facet normal -3.95555347e-02 4.08255100e-01 9.12010491e-01
  outer loop
   vertex 6.35301590e+01 2.30064182e+01 7.16957321e+01
   vertex 6.21573753e+01 1.90957222e+01 7.19728546e+01
   vertex 7.09172974e+01 1.56139994e+01 7.12974548e+01
  endloop
 endfacet
 facet normal -1.45108119e-01 -2.27069691e-01 9.63007271e-01
  outer loop
   vertex 6.21573753e+01 1.90957222e+01 7.19728546e+01
   vertex 6.73815918e+01 1.59640694e+01 7.14664307e+01
   vertex 7.09172974e+01 1.56139994e+01 7.12974548e+01
  endloop
 endfacet
 facet normal 4.16646123e-01 -3.33568126e-01 8.45658481e-01
  outer loop
   vertex 6.73815918e+01 1.59640694e+01 7.14664307e+01
   vertex 7.13106232e+01 1.43486748e+01 7.10379486e+01
   vertex 7.09172974e+01 1.56139994e+01 7.12974548e+01
  endloop
 endfacet
 facet normal -3.64851356e-01 -9.15246427e-01 -1.70901790e-01
  outer loop
   vertex 5.56491165e+01 5.69817972e+00 2.50116539e+01
   vertex 5.69957886e+01 3.82546353e+00 2.36979980e+01
   vertex 5.98229256e+01 6.90747738e+00 3.50695724e+01
  endloop
 endfacet
 facet normal -1.26440376e-01 -9.64465320e-01 -2.31990233e-01
  outer loop
   vertex 5.98229256e+01 6.90747738e+00 3.50695724e+01
   vertex 5.69957886e+01 3.82546353e+00 2.36979980e+01
   vertex 5.99115181e+01 6.87972784e+00 3.51754341e+01
  endloop
 endfacet
 facet normal 1.15580261e-01 -9.79647398e-01 1.64110109e-01
  outer loop
   vertex 6.08543968e+01 7.20633173e+00 3.75551758e+01
   vertex 6.05713272e+01 6.91730356e+00 3.64559898e+01
   vertex 6.20764618e+01 7.56040764e+00 4.05000725e+01
  endloop
 endfacet
 facet normal 2.16080118e-02 -9.97211814e-01 -7.14264810e-02
  outer loop
   vertex 6.20764618e+01 7.56040764e+00 4.05000725e+01
   vertex 6.05713272e+01 6.91730356e+00 3.64559898e+01
   vertex 5.69957886e+01 3.82546353e+00 2.36979980e+01
  endloop
 endfacet
 facet normal -5.95290512e-02 -9.87508237e-01 -1.45889506e-01
  outer loop
   vertex 6.05713272e+01 6.91730356e+00 3.64559898e+01
   vertex 5.99115181e+01 6.87972784e+00 3.51754341e+01
   vertex 5.69957886e+01 3.82546353e+00 2.36979980e+01
  endloop
 endfacet
 facet normal 1.55077696e-01 -9.63388860e-01 2.18707040e-01
  outer loop
   vertex 6.08543968e+01 7.20633173e+00 3.75551758e+01
   vertex 6.20764618e+01 7.56040764e+00 4.05000725e+01
   vertex 6.09134903e+01 7.26646900e+00 3.78114929e+01
  endloop
 endfacet
 facet normal -4.66786683e-01 -8.80202055e-01 8.57587829e-02
  outer loop
   vertex 5.98229256e+01 6.90747738e+00 3.50695724e+01
   vertex 5.94815674e+01 6.98106241e+00 3.47037010e+01
   vertex 5.56491165e+01 5.69817972e+00 2.50116539e+01
  endloop
 endfacet
 facet normal -5.33663392e-01 -7.46497810e-01 3.97422254e-01
  outer loop
   vertex 5.56491165e+01 5.69817972e+00 2.50116539e+01
   vertex 5.94815674e+01 6.98106241e+00 3.47037010e+01
   vertex 6.73815918e+01 1.59640694e+01 7.14664307e+01
  endloop
 endfacet
 facet normal -4.88480657e-01 -7.40991354e-01 4.60780293e-01
  outer loop
   vertex 5.94815674e+01 6.98106241e+00 3.47037010e+01
   vertex 5.97125931e+01 7.07297659e+00 3.53265800e+01
   vertex 6.73815918e+01 1.59640694e+01 7.14664307e+01
  endloop
 endfacet
 facet normal -5.03960013e-01 -7.18939781e-01 4.78696048e-01
  outer loop
   vertex 5.97125931e+01 7.07297659e+00 3.53265800e+01
   vertex 6.01697235e+01 7.25476456e+00 3.65587883e+01
   vertex 6.73815918e+01 1.59640694e+01 7.14664307e+01
  endloop
 endfacet
 facet normal -5.03957331e-01 -7.18941450e-01 4.78696287e-01
  outer loop
   vertex 6.01697235e+01 7.25476456e+00 3.65587883e+01
   vertex 6.06249428e+01 7.43583393e+00 3.77859879e+01
   vertex 6.73815918e+01 1.59640694e+01 7.14664307e+01
  endloop
 endfacet
 facet normal -4.75715190e-01 -7.33383179e-01 4.85637903e-01
  outer loop
   vertex 6.06249428e+01 7.43583393e+00 3.77859879e+01
   vertex 6.08751488e+01 7.53533411e+00 3.84604416e+01
   vertex 6.73815918e+01 1.59640694e+01 7.14664307e+01
  endloop
 endfacet
 facet normal -3.53566557e-02 -9.61693585e-01 2.71836966e-01
  outer loop
   vertex 6.09134903e+01 7.26646900e+00 3.78114929e+01
   vertex 6.20764618e+01 7.56040764e+00 4.05000725e+01
   vertex 6.08751488e+01 7.53533411e+00 3.84604416e+01
  endloop
 endfacet
 facet normal -2.21526489e-01 -8.65324736e-01 4.49598789e-01
  outer loop
   vertex 6.08751488e+01 7.53533411e+00 3.84604416e+01
   vertex 6.20764618e+01 7.56040764e+00 4.05000725e+01
   vertex 6.73815918e+01 1.59640694e+01 7.14664307e+01
  endloop
 endfacet
 facet normal 5.86127900e-02 -9.26611423e-01 3.71424079e-01
  outer loop
   vertex 6.20764618e+01 7.56040764e+00 4.05000725e+01
   vertex 6.58516922e+01 1.03356705e+01 5.29849625e+01
   vertex 6.73815918e+01 1.59640694e+01 7.14664307e+01
  endloop
 endfacet
 facet normal 7.96921179e-02 -9.24722373e-01 3.72206599e-01
  outer loop
   vertex 6.58516922e+01 1.03356705e+01 5.29849625e+01
   vertex 6.74125977e+01 1.14831295e+01 5.81469727e+01
   vertex 6.73815918e+01 1.59640694e+01 7.14664307e+01
  endloop
 endfacet
 facet normal 7.79041648e-02 -9.24835384e-01 3.72304201e-01
  outer loop
   vertex 6.74125977e+01 1.14831295e+01 5.81469727e+01
   vertex 6.87867050e+01 1.24932785e+01 6.26912308e+01
   vertex 6.73815918e+01 1.59640694e+01 7.14664307e+01
  endloop
 endfacet
 facet normal 2.19936654e-01 -7.99612463e-01 5.58791339e-01
  outer loop
   vertex 6.87867050e+01 1.24932785e+01 6.26912308e+01
   vertex 7.13106232e+01 1.43486748e+01 7.10379486e+01
   vertex 6.73815918e+01 1.59640694e+01 7.14664307e+01
  endloop
 endfacet
 facet normal -5.00184178e-01 -1.38043806e-01 -8.54844868e-01
  outer loop
   vertex 5.68460007e+01 5.13016510e+00 2.33516808e+01
   vertex 5.56491165e+01 5.69817972e+00 2.50116539e+01
   vertex 4.93835335e+01 1.17722702e+01 2.28982658e+01
  endloop
 endfacet
 facet normal -2.84960985e-01 -8.37219179e-01 -4.66756165e-01
  outer loop
   vertex 5.69957886e+01 3.82546353e+00 2.36979980e+01
   vertex 5.56491165e+01 5.69817972e+00 2.50116539e+01
   vertex 5.70824585e+01 3.94903827e+00 2.36413326e+01
  endloop
 endfacet
 facet normal -1.19929977e-01 -7.01074183e-01 -7.02930868e-01
  outer loop
   vertex 5.70824585e+01 3.94903827e+00 2.36413326e+01
   vertex 5.56491165e+01 5.69817972e+00 2.50116539e+01
   vertex 5.71511879e+01 4.11607838e+00 2.35807934e+01
  endloop
 endfacet
 facet normal -1.13176882e-01 -6.09235227e-01 -7.84871578e-01
  outer loop
   vertex 5.71511879e+01 4.11607838e+00 2.35807934e+01
   vertex 5.56491165e+01 5.69817972e+00 2.50116539e+01
   vertex 5.71857109e+01 4.29446173e+00 2.35235825e+01
  endloop
 endfacet
 facet normal -1.37107536e-01 -5.28230011e-01 -8.37958574e-01
  outer loop
   vertex 5.71857109e+01 4.29446173e+00 2.35235825e+01
   vertex 5.56491165e+01 5.69817972e+00 2.50116539e+01
   vertex 5.71847687e+01 4.47778463e+00 2.34717712e+01
  endloop
 endfacet
 facet normal -1.75909519e-01 -4.76898581e-01 -8.61175716e-01
  outer loop
   vertex 5.71847687e+01 4.47778463e+00 2.34717712e+01
   vertex 5.56491165e+01 5.69817972e+00 2.50116539e+01
   vertex 5.71484070e+01 4.65939999e+00 2.34272308e+01
  endloop
 endfacet
 facet normal -2.12508976e-01 -4.62297261e-01 -8.60883951e-01
  outer loop
   vertex 5.71484070e+01 4.65939999e+00 2.34272308e+01
   vertex 5.56491165e+01 5.69817972e+00 2.50116539e+01
   vertex 5.70779457e+01 4.83274841e+00 2.33915749e+01
  endloop
 endfacet
 facet normal -2.33140409e-01 -4.87061024e-01 -8.41675162e-01
  outer loop
   vertex 5.70779457e+01 4.83274841e+00 2.33915749e+01
   vertex 5.56491165e+01 5.69817972e+00 2.50116539e+01
   vertex 5.69759064e+01 4.99158907e+00 2.33660870e+01
  endloop
 endfacet
 facet normal -2.83558756e-01 -5.02285004e-01 -8.16886902e-01
  outer loop
   vertex 5.56491165e+01 5.69817972e+00 2.50116539e+01
   vertex 5.68460007e+01 5.13016510e+00 2.33516808e+01
   vertex 5.69759064e+01 4.99158907e+00 2.33660870e+01
  endloop
 endfacet
 facet normal -8.65200460e-01 -4.24989462e-01 -2.66105384e-01
  outer loop
   vertex 4.90425148e+01 1.04383554e+01 2.36140976e+01
   vertex 5.48287888e+01 5.60649204e+00 2.38449898e+01
   vertex 5.00138550e+01 1.21013956e+01 2.76519165e+01
  endloop
 endfacet
 facet normal -6.28726959e-01 7.76815474e-01 -3.54985371e-02
  outer loop
   vertex 6.45106659e+01 1.25101585e+02 5.01180382e+01
   vertex 6.50382996e+01 1.27884201e+02 5.29792137e+01
   vertex 6.56473923e+01 1.28220505e+02 5.16462593e+01
  endloop
 endfacet
 facet normal -5.05432069e-01 8.45702231e-01 -1.71249002e-01
  outer loop
   vertex 5.67517319e+01 1.17552185e+02 2.48774929e+01
   vertex 5.73949509e+01 1.20089622e+02 2.34903908e+01
   vertex 5.64785728e+01 1.19383095e+02 2.29026012e+01
  endloop
 endfacet
 facet normal -4.84628737e-01 8.05047691e-01 -3.42101216e-01
  outer loop
   vertex 6.56473923e+01 1.28220505e+02 5.16462593e+01
   vertex 6.41513138e+01 1.26746475e+02 4.65419388e+01
   vertex 6.45106659e+01 1.25101585e+02 5.01180382e+01
  endloop
 endfacet
 facet normal -9.03623343e-01 4.02208358e-01 -1.47286370e-01
  outer loop
   vertex 5.69872704e+01 1.17781364e+02 2.56437111e+01
   vertex 5.70259895e+01 1.17892952e+02 2.56804485e+01
   vertex 5.67517319e+01 1.17552185e+02 2.48774929e+01
  endloop
 endfacet
 facet normal -7.56068408e-01 5.82057059e-01 -2.99282640e-01
  outer loop
   vertex 5.70259895e+01 1.17892952e+02 2.56804485e+01
   vertex 5.70340996e+01 1.17912018e+02 2.56872940e+01
   vertex 5.67517319e+01 1.17552185e+02 2.48774929e+01
  endloop
 endfacet
 facet normal -7.46798873e-01 5.89368045e-01 -3.08117956e-01
  outer loop
   vertex 5.70340996e+01 1.17912018e+02 2.56872940e+01
   vertex 5.70470772e+01 1.17942513e+02 2.56982479e+01
   vertex 5.67517319e+01 1.17552185e+02 2.48774929e+01
  endloop
 endfacet
 facet normal -7.46664762e-01 5.89507997e-01 -3.08175325e-01
  outer loop
   vertex 5.70470772e+01 1.17942513e+02 2.56982479e+01
   vertex 5.71274147e+01 1.18131325e+02 2.57660618e+01
   vertex 5.67517319e+01 1.17552185e+02 2.48774929e+01
  endloop
 endfacet
 facet normal -1.43242657e-01 9.57471788e-01 -2.50458241e-01
  outer loop
   vertex 6.01737633e+01 1.22827507e+02 3.29712410e+01
   vertex 5.73949509e+01 1.20089622e+02 2.34903908e+01
   vertex 5.84151840e+01 1.20116516e+02 2.88118591e+01
  endloop
 endfacet
 facet normal -8.52652118e-02 9.59748149e-01 -2.67606646e-01
  outer loop
   vertex 5.84151840e+01 1.20116516e+02 2.88118591e+01
   vertex 5.73949509e+01 1.20089622e+02 2.34903908e+01
   vertex 5.82288017e+01 1.20043045e+02 2.79687061e+01
  endloop
 endfacet
 facet normal -9.16311741e-02 8.89364421e-01 -4.47922647e-01
  outer loop
   vertex 5.82288017e+01 1.20043045e+02 2.79687061e+01
   vertex 5.73949509e+01 1.20089622e+02 2.34903908e+01
   vertex 5.77701569e+01 1.19408661e+02 2.67472191e+01
  endloop
 endfacet
 facet normal -2.22592875e-01 7.59004653e-01 -6.11853182e-01
  outer loop
   vertex 5.77701569e+01 1.19408661e+02 2.67472191e+01
   vertex 5.73949509e+01 1.20089622e+02 2.34903908e+01
   vertex 5.72098579e+01 1.18325066e+02 2.58356304e+01
  endloop
 endfacet
 facet normal -5.75002253e-01 7.90633500e-01 -2.10407093e-01
  outer loop
   vertex 5.67517319e+01 1.17552185e+02 2.48774929e+01
   vertex 5.71274147e+01 1.18131325e+02 2.57660618e+01
   vertex 5.73949509e+01 1.20089622e+02 2.34903908e+01
  endloop
 endfacet
 facet normal -3.56809139e-01 6.63465023e-01 -6.57648385e-01
  outer loop
   vertex 5.72098579e+01 1.18325066e+02 2.58356304e+01
   vertex 5.73949509e+01 1.20089622e+02 2.34903908e+01
   vertex 5.71274147e+01 1.18131325e+02 2.57660618e+01
  endloop
 endfacet
 facet normal 7.44799674e-01 -6.63647652e-01 -6.96074590e-02
  outer loop
   vertex 6.72372971e+01 1.34628868e+01 3.95159492e+01
   vertex 6.82079010e+01 1.45684252e+01 3.93906021e+01
   vertex 6.93828735e+01 1.50509672e+01 4.73564186e+01
  endloop
 endfacet
 facet normal 7.46878207e-01 -6.61182165e-01 -7.07890242e-02
  outer loop
   vertex 6.93828735e+01 1.50509672e+01 4.73564186e+01
   vertex 6.82079010e+01 1.45684252e+01 3.93906021e+01
   vertex 7.02478790e+01 1.60496597e+01 4.70785789e+01
  endloop
 endfacet
 facet normal -9.85265851e-01 3.10650710e-02 -1.68184757e-01
  outer loop
   vertex 5.69872704e+01 1.17781364e+02 2.56437111e+01
   vertex 5.67517319e+01 1.17552185e+02 2.48774929e+01
   vertex 5.77837563e+01 1.16495613e+02 2.56943741e+01
  endloop
 endfacet
 facet normal -8.58108461e-01 -9.58509967e-02 5.04442751e-01
  outer loop
   vertex 5.77837563e+01 1.16495613e+02 2.56943741e+01
   vertex 5.67517319e+01 1.17552185e+02 2.48774929e+01
   vertex 5.75915222e+01 1.16249695e+02 2.49964466e+01
  endloop
 endfacet
 facet normal -8.14505816e-01 -5.20007670e-01 -2.57239759e-01
  outer loop
   vertex 5.78077240e+01 1.16458794e+02 2.56962700e+01
   vertex 5.77837563e+01 1.16495613e+02 2.56943741e+01
   vertex 5.75915222e+01 1.16249695e+02 2.49964466e+01
  endloop
 endfacet
 facet normal -3.95498067e-01 -9.17551398e-01 -4.09967564e-02
  outer loop
   vertex 5.78077240e+01 1.16458794e+02 2.56962700e+01
   vertex 5.75915222e+01 1.16249695e+02 2.49964466e+01
   vertex 5.84134979e+01 1.15535500e+02 2.57455444e+01
  endloop
 endfacet
 facet normal -2.04340875e-01 -6.01624191e-01 7.72200227e-01
  outer loop
   vertex 5.75915222e+01 1.16249695e+02 2.49964466e+01
   vertex 5.93809662e+01 1.13584404e+02 2.52206879e+01
   vertex 5.84134979e+01 1.15535500e+02 2.57455444e+01
  endloop
 endfacet
 facet normal -8.17800581e-01 -5.02926409e-01 -2.79762745e-01
  outer loop
   vertex 6.35823059e+01 1.22043724e+02 4.43877487e+01
   vertex 5.95792503e+01 1.18172134e+02 3.14304256e+01
   vertex 6.39920502e+01 1.21419197e+02 4.44210815e+01
  endloop
 endfacet
 facet normal -9.14500952e-02 -7.71674037e-01 6.29409313e-01
  outer loop
   vertex 5.95792503e+01 1.18172134e+02 3.14304256e+01
   vertex 6.02006569e+01 1.17276337e+02 3.15460052e+01
   vertex 6.39920502e+01 1.21419197e+02 4.44210815e+01
  endloop
 endfacet
 facet normal -2.70302147e-01 -8.25322986e-01 4.95760769e-01
  outer loop
   vertex 6.39920502e+01 1.21419197e+02 4.44210815e+01
   vertex 6.02006569e+01 1.17276337e+02 3.15460052e+01
   vertex 5.93809662e+01 1.13584404e+02 2.52206879e+01
  endloop
 endfacet
 facet normal 1.00264857e-02 -7.04329073e-01 7.09802806e-01
  outer loop
   vertex 6.02006569e+01 1.17276337e+02 3.15460052e+01
   vertex 6.00045395e+01 1.17085304e+02 3.09094696e+01
   vertex 5.93809662e+01 1.13584404e+02 2.52206879e+01
  endloop
 endfacet
 facet normal -2.40506753e-01 -7.66893744e-01 5.95004618e-01
  outer loop
   vertex 6.00045395e+01 1.17085304e+02 3.09094696e+01
   vertex 5.96252403e+01 1.16715843e+02 2.96784019e+01
   vertex 5.93809662e+01 1.13584404e+02 2.52206879e+01
  endloop
 endfacet
 facet normal -2.40504846e-01 -7.66893804e-01 5.95005333e-01
  outer loop
   vertex 5.96252403e+01 1.16715843e+02 2.96784019e+01
   vertex 5.93221283e+01 1.16420586e+02 2.86946392e+01
   vertex 5.93809662e+01 1.13584404e+02 2.52206879e+01
  endloop
 endfacet
 facet normal -2.40502477e-01 -7.66894579e-01 5.95005274e-01
  outer loop
   vertex 5.93221283e+01 1.16420586e+02 2.86946392e+01
   vertex 5.90223312e+01 1.16128571e+02 2.77216187e+01
   vertex 5.93809662e+01 1.13584404e+02 2.52206879e+01
  endloop
 endfacet
 facet normal -2.40503848e-01 -7.66893923e-01 5.95005572e-01
  outer loop
   vertex 5.90223312e+01 1.16128571e+02 2.77216187e+01
   vertex 5.86562538e+01 1.15771973e+02 2.65334339e+01
   vertex 5.93809662e+01 1.13584404e+02 2.52206879e+01
  endloop
 endfacet
 facet normal -9.17593762e-02 -8.97588074e-01 4.31179613e-01
  outer loop
   vertex 5.86562538e+01 1.15771973e+02 2.65334339e+01
   vertex 5.84134979e+01 1.15535500e+02 2.57455444e+01
   vertex 5.93809662e+01 1.13584404e+02 2.52206879e+01
  endloop
 endfacet
 facet normal -3.94171894e-01 -9.18336809e-01 -3.58616598e-02
  outer loop
   vertex 6.39920502e+01 1.21419197e+02 4.44210815e+01
   vertex 5.93809662e+01 1.13584404e+02 2.52206879e+01
   vertex 6.41787720e+01 1.21140175e+02 4.44373665e+01
  endloop
 endfacet
 facet normal -8.39512587e-01 -5.27675748e-01 1.29525959e-01
  outer loop
   vertex 6.53866882e+01 1.23788849e+02 5.02282753e+01
   vertex 6.53239899e+01 1.23682320e+02 4.99671974e+01
   vertex 6.71515884e+01 1.21189255e+02 5.04303703e+01
  endloop
 endfacet
 facet normal -1.87747270e-01 -6.88854754e-01 7.00164318e-01
  outer loop
   vertex 6.53239899e+01 1.23682320e+02 4.99671974e+01
   vertex 6.59178619e+01 1.22833084e+02 5.00677948e+01
   vertex 6.71515884e+01 1.21189255e+02 5.04303703e+01
  endloop
 endfacet
 facet normal -1.71582937e-01 -9.61692095e-01 2.13793427e-01
  outer loop
   vertex 6.59178619e+01 1.22833084e+02 5.00677948e+01
   vertex 6.57670746e+01 1.22686310e+02 4.95795860e+01
   vertex 6.71515884e+01 1.21189255e+02 5.04303703e+01
  endloop
 endfacet
 facet normal -3.93407971e-01 -9.13467646e-01 1.03957042e-01
  outer loop
   vertex 6.57670746e+01 1.22686310e+02 4.95795860e+01
   vertex 6.53759995e+01 1.22305618e+02 4.83134499e+01
   vertex 6.71515884e+01 1.21189255e+02 5.04303703e+01
  endloop
 endfacet
 facet normal -4.52483028e-01 -8.79364073e-01 1.48249447e-01
  outer loop
   vertex 5.93809662e+01 1.13584404e+02 2.52206879e+01
   vertex 6.71515884e+01 1.21189255e+02 5.04303703e+01
   vertex 6.41787720e+01 1.21140175e+02 4.44373665e+01
  endloop
 endfacet
 facet normal -2.45738164e-01 -9.60258126e-01 -1.32352024e-01
  outer loop
   vertex 6.41787720e+01 1.21140175e+02 4.44373665e+01
   vertex 6.71515884e+01 1.21189255e+02 5.04303703e+01
   vertex 6.43780899e+01 1.21334198e+02 4.50826530e+01
  endloop
 endfacet
 facet normal -3.93405557e-01 -9.13468480e-01 1.03958480e-01
  outer loop
   vertex 6.43780899e+01 1.21334198e+02 4.50826530e+01
   vertex 6.71515884e+01 1.21189255e+02 5.04303703e+01
   vertex 6.47549057e+01 1.21701019e+02 4.63026237e+01
  endloop
 endfacet
 facet normal -3.93404573e-01 -9.13468897e-01 1.03958540e-01
  outer loop
   vertex 6.47549057e+01 1.21701019e+02 4.63026237e+01
   vertex 6.71515884e+01 1.21189255e+02 5.04303703e+01
   vertex 6.50636673e+01 1.22001579e+02 4.73022575e+01
  endloop
 endfacet
 facet normal -3.93405527e-01 -9.13468599e-01 1.03957705e-01
  outer loop
   vertex 6.71515884e+01 1.21189255e+02 5.04303703e+01
   vertex 6.53759995e+01 1.22305618e+02 4.83134499e+01
   vertex 6.50636673e+01 1.22001579e+02 4.73022575e+01
  endloop
 endfacet
 facet normal -9.45554614e-01 3.10775757e-01 -9.66693237e-02
  outer loop
   vertex 8.58011169e+01 4.78159676e+01 5.42619057e+01
   vertex 7.79599380e+01 4.19235382e+01 2.96291561e+01
   vertex 8.47076645e+01 4.45239677e+01 5.43610497e+01
  endloop
 endfacet
 facet normal -8.08646202e-01 2.94852048e-01 5.09071350e-01
  outer loop
   vertex 8.47076645e+01 4.45239677e+01 5.43610497e+01
   vertex 7.79599380e+01 4.19235382e+01 2.96291561e+01
   vertex 7.69840317e+01 3.89476967e+01 2.97421722e+01
  endloop
 endfacet
 facet normal -8.09977412e-01 -4.42647159e-01 -3.84707838e-01
  outer loop
   vertex 7.68494339e+01 1.04519684e+02 5.15979652e+01
   vertex 7.09574966e+01 1.01703613e+02 5.42662697e+01
   vertex 7.54296646e+01 1.07245728e+02 5.14182663e+01
  endloop
 endfacet
 facet normal -8.06821227e-01 -4.47938472e-01 -3.85215074e-01
  outer loop
   vertex 7.54296646e+01 1.07245728e+02 5.14182663e+01
   vertex 7.09574966e+01 1.01703613e+02 5.42662697e+01
   vertex 6.95962448e+01 1.04322006e+02 5.40992699e+01
  endloop
 endfacet
 facet normal -4.28230405e-01 7.70878553e-01 -4.71555889e-01
  outer loop
   vertex 6.42264328e+01 1.24917580e+02 5.02606354e+01
   vertex 6.40666046e+01 1.24976662e+02 5.04766579e+01
   vertex 6.45106659e+01 1.25101585e+02 5.01180382e+01
  endloop
 endfacet
 facet normal -5.76439977e-01 6.49463534e-01 4.95897263e-01
  outer loop
   vertex 5.87359428e+01 1.23477119e+02 5.47815895e+01
   vertex 6.50382996e+01 1.27884201e+02 5.29792137e+01
   vertex 6.13490829e+01 1.24212212e+02 5.26712723e+01
  endloop
 endfacet
 facet normal -3.74411702e-01 7.84924746e-01 4.93668914e-01
  outer loop
   vertex 6.13490829e+01 1.24212212e+02 5.26712723e+01
   vertex 6.50382996e+01 1.27884201e+02 5.29792137e+01
   vertex 6.16161575e+01 1.24399704e+02 5.25958061e+01
  endloop
 endfacet
 facet normal -2.24268243e-01 8.54755521e-01 4.68077779e-01
  outer loop
   vertex 6.16161575e+01 1.24399704e+02 5.25958061e+01
   vertex 6.50382996e+01 1.27884201e+02 5.29792137e+01
   vertex 6.27794609e+01 1.24897217e+02 5.18688202e+01
  endloop
 endfacet
 facet normal -9.67502519e-02 9.41098452e-01 3.23995560e-01
  outer loop
   vertex 6.27794609e+01 1.24897217e+02 5.18688202e+01
   vertex 6.50382996e+01 1.27884201e+02 5.29792137e+01
   vertex 6.38431702e+01 1.25036896e+02 5.08106995e+01
  endloop
 endfacet
 facet normal -5.76422572e-01 8.12820494e-01 8.40228871e-02
  outer loop
   vertex 6.45106659e+01 1.25101585e+02 5.01180382e+01
   vertex 6.40666046e+01 1.24976662e+02 5.04766579e+01
   vertex 6.50382996e+01 1.27884201e+02 5.29792137e+01
  endloop
 endfacet
 facet normal -6.36528805e-02 9.82219398e-01 1.76616520e-01
  outer loop
   vertex 6.50382996e+01 1.27884201e+02 5.29792137e+01
   vertex 6.40666046e+01 1.24976662e+02 5.04766579e+01
   vertex 6.38431702e+01 1.25036896e+02 5.08106995e+01
  endloop
 endfacet
 facet normal -2.35624999e-01 5.61207354e-01 -7.93427467e-01
  outer loop
   vertex 6.42264328e+01 1.24917580e+02 5.02606354e+01
   vertex 6.45106659e+01 1.25101585e+02 5.01180382e+01
   vertex 6.51555176e+01 1.23640640e+02 5.03439598e+01
  endloop
 endfacet
 facet normal -6.44400001e-01 -2.11450122e-02 -7.64396191e-01
  outer loop
   vertex 6.51555176e+01 1.23640640e+02 5.03439598e+01
   vertex 6.45106659e+01 1.25101585e+02 5.01180382e+01
   vertex 6.53866882e+01 1.23788849e+02 5.02282753e+01
  endloop
 endfacet
 facet normal -6.31144226e-01 5.97459912e-01 4.94670242e-01
  outer loop
   vertex 6.13490829e+01 1.24212212e+02 5.26712723e+01
   vertex 6.05333481e+01 1.23501190e+02 5.29276314e+01
   vertex 5.87359428e+01 1.23477119e+02 5.47815895e+01
  endloop
 endfacet
 facet normal -7.46188998e-01 4.33695078e-01 5.05084693e-01
  outer loop
   vertex 6.05333481e+01 1.23501190e+02 5.29276314e+01
   vertex 5.96447563e+01 1.22278885e+02 5.28326797e+01
   vertex 5.87359428e+01 1.23477119e+02 5.47815895e+01
  endloop
 endfacet
 facet normal -9.87590730e-01 1.11090943e-01 -1.11010693e-01
  outer loop
   vertex 5.90528145e+01 1.21568474e+02 5.28562012e+01
   vertex 5.87359428e+01 1.23477119e+02 5.47815895e+01
   vertex 5.94379044e+01 1.21817749e+02 5.26630135e+01
  endloop
 endfacet
 facet normal -9.28376853e-01 3.01065475e-01 2.17889965e-01
  outer loop
   vertex 5.96447563e+01 1.22278885e+02 5.28326797e+01
   vertex 5.94379044e+01 1.21817749e+02 5.26630135e+01
   vertex 5.87359428e+01 1.23477119e+02 5.47815895e+01
  endloop
 endfacet
 facet normal -4.69852120e-01 -1.98842093e-01 8.60058606e-01
  outer loop
   vertex 6.53049316e+01 1.23709778e+02 4.99636536e+01
   vertex 6.53239899e+01 1.23682320e+02 4.99671974e+01
   vertex 6.53866882e+01 1.23788849e+02 5.02282753e+01
  endloop
 endfacet
 facet normal -4.78359818e-01 -1.92913502e-01 8.56712461e-01
  outer loop
   vertex 6.53049316e+01 1.23709778e+02 4.99636536e+01
   vertex 6.53866882e+01 1.23788849e+02 5.02282753e+01
   vertex 6.44213638e+01 1.24987328e+02 4.97938042e+01
  endloop
 endfacet
 facet normal -9.63901937e-01 -1.79098129e-01 1.97020054e-01
  outer loop
   vertex 6.44213638e+01 1.24987328e+02 4.97938042e+01
   vertex 6.53866882e+01 1.23788849e+02 5.02282753e+01
   vertex 6.45106659e+01 1.25101585e+02 5.01180382e+01
  endloop
 endfacet
 facet normal -7.25106537e-01 2.63536274e-01 6.36214733e-01
  outer loop
   vertex 6.44101944e+01 1.25003822e+02 4.97911835e+01
   vertex 6.44213638e+01 1.24987328e+02 4.97938042e+01
   vertex 6.45106659e+01 1.25101585e+02 5.01180382e+01
  endloop
 endfacet
 facet normal 6.99290037e-01 1.42237181e-02 -7.14696527e-01
  outer loop
   vertex 6.15749855e+01 1.19715752e+02 5.02338676e+01
   vertex 6.12119370e+01 1.19422562e+02 4.98301659e+01
   vertex 5.90608635e+01 1.23203804e+02 4.99616585e+01
  endloop
 endfacet
 facet normal 3.47242087e-01 6.30133510e-01 -6.94517612e-01
  outer loop
   vertex 5.90608635e+01 1.23203804e+02 4.99616585e+01
   vertex 6.12119370e+01 1.19422562e+02 4.98301659e+01
   vertex 5.86977882e+01 1.22910599e+02 4.95579720e+01
  endloop
 endfacet
 facet normal 4.96569604e-01 -1.42937407e-01 -8.56146932e-01
  outer loop
   vertex 6.20269966e+01 1.20060310e+02 5.04740677e+01
   vertex 6.15749855e+01 1.19715752e+02 5.02338676e+01
   vertex 5.95128593e+01 1.23548325e+02 5.02018700e+01
  endloop
 endfacet
 facet normal 1.58760488e-01 4.81187314e-01 -8.62121701e-01
  outer loop
   vertex 5.95128593e+01 1.23548325e+02 5.02018700e+01
   vertex 6.15749855e+01 1.19715752e+02 5.02338676e+01
   vertex 5.90608635e+01 1.23203804e+02 4.99616585e+01
  endloop
 endfacet
 facet normal 2.65319824e-01 -3.13939333e-01 -9.11618054e-01
  outer loop
   vertex 6.25237236e+01 1.20422501e+02 5.05273209e+01
   vertex 6.20269966e+01 1.20060310e+02 5.04740677e+01
   vertex 6.00095825e+01 1.23910530e+02 5.02551193e+01
  endloop
 endfacet
 facet normal -6.53411373e-02 3.12998682e-01 -9.47503209e-01
  outer loop
   vertex 6.00095825e+01 1.23910530e+02 5.02551193e+01
   vertex 6.20269966e+01 1.20060310e+02 5.04740677e+01
   vertex 5.95128593e+01 1.23548325e+02 5.02018700e+01
  endloop
 endfacet
 facet normal 2.81716213e-02 -4.82070744e-01 -8.75679255e-01
  outer loop
   vertex 6.30165215e+01 1.20766861e+02 5.03883781e+01
   vertex 6.25237236e+01 1.20422501e+02 5.05273209e+01
   vertex 6.05023918e+01 1.24254898e+02 5.01161804e+01
  endloop
 endfacet
 facet normal -3.03116232e-01 1.42024353e-01 -9.42310810e-01
  outer loop
   vertex 6.05023918e+01 1.24254898e+02 5.01161804e+01
   vertex 6.25237236e+01 1.20422501e+02 5.05273209e+01
   vertex 6.00095825e+01 1.23910530e+02 5.02551193e+01
  endloop
 endfacet
 facet normal -1.91667870e-01 -6.30863070e-01 -7.51847863e-01
  outer loop
   vertex 6.34571609e+01 1.21059685e+02 5.00708542e+01
   vertex 6.30165215e+01 1.20766861e+02 5.03883781e+01
   vertex 6.09430428e+01 1.24547737e+02 4.97986450e+01
  endloop
 endfacet
 facet normal -5.31298578e-01 -1.50110070e-02 -8.47051680e-01
  outer loop
   vertex 6.09430428e+01 1.24547737e+02 4.97986450e+01
   vertex 6.30165215e+01 1.20766861e+02 5.03883781e+01
   vertex 6.05023918e+01 1.24254898e+02 5.01161804e+01
  endloop
 endfacet
 facet normal -3.72663051e-01 -7.45750546e-01 -5.52248418e-01
  outer loop
   vertex 6.38025284e+01 1.21272331e+02 4.96058083e+01
   vertex 6.34571609e+01 1.21059685e+02 5.00708542e+01
   vertex 6.12883835e+01 1.24760361e+02 4.93335991e+01
  endloop
 endfacet
 facet normal -7.27542996e-01 -1.42732203e-01 -6.71050429e-01
  outer loop
   vertex 6.12883835e+01 1.24760361e+02 4.93335991e+01
   vertex 6.34571609e+01 1.21059685e+02 5.00708542e+01
   vertex 6.09430428e+01 1.24547737e+02 4.97986450e+01
  endloop
 endfacet
 facet normal -4.97112036e-01 -8.15484881e-01 -2.96418726e-01
  outer loop
   vertex 6.40187836e+01 1.21383965e+02 4.90387840e+01
   vertex 6.38025284e+01 1.21272331e+02 4.96058083e+01
   vertex 6.15046463e+01 1.24871986e+02 4.87665901e+01
  endloop
 endfacet
 facet normal -8.72641027e-01 -2.28627354e-01 -4.31540430e-01
  outer loop
   vertex 6.15046463e+01 1.24871986e+02 4.87665901e+01
   vertex 6.38025284e+01 1.21272331e+02 4.96058083e+01
   vertex 6.12883835e+01 1.24760361e+02 4.93335991e+01
  endloop
 endfacet
 facet normal -5.52823126e-01 -8.33245635e-01 -9.39540286e-03
  outer loop
   vertex 6.40847778e+01 1.21383644e+02 4.84252930e+01
   vertex 6.40187836e+01 1.21383965e+02 4.90387840e+01
   vertex 6.15706291e+01 1.24871666e+02 4.81530762e+01
  endloop
 endfacet
 facet normal -9.52396452e-01 -2.64293730e-01 -1.51953414e-01
  outer loop
   vertex 6.15706291e+01 1.24871666e+02 4.81530762e+01
   vertex 6.40187836e+01 1.21383965e+02 4.90387840e+01
   vertex 6.15046463e+01 1.24871986e+02 4.87665901e+01
  endloop
 endfacet
 facet normal -5.34348667e-01 -7.97288537e-01 2.80717880e-01
  outer loop
   vertex 6.39940300e+01 1.21271416e+02 4.78253288e+01
   vertex 6.40847778e+01 1.21383644e+02 4.84252930e+01
   vertex 6.14799042e+01 1.24759453e+02 4.75531387e+01
  endloop
 endfacet
 facet normal -9.58994687e-01 -2.46243805e-01 1.40332252e-01
  outer loop
   vertex 6.14799042e+01 1.24759453e+02 4.75531387e+01
   vertex 6.40847778e+01 1.21383644e+02 4.84252930e+01
   vertex 6.15706291e+01 1.24871666e+02 4.81530762e+01
  endloop
 endfacet
 facet normal -4.43494886e-01 -7.11135507e-01 5.45525968e-01
  outer loop
   vertex 6.37554626e+01 1.21058273e+02 4.72977180e+01
   vertex 6.39940300e+01 1.21271416e+02 4.78253288e+01
   vertex 6.12413292e+01 1.24546310e+02 4.70255051e+01
  endloop
 endfacet
 facet normal -8.91793847e-01 -1.76235750e-01 4.16706920e-01
  outer loop
   vertex 6.12413292e+01 1.24546310e+02 4.70255051e+01
   vertex 6.39940300e+01 1.21271416e+02 4.78253288e+01
   vertex 6.14799042e+01 1.24759453e+02 4.75531387e+01
  endloop
 endfacet
 facet normal -2.89157778e-01 -5.83224118e-01 7.59103060e-01
  outer loop
   vertex 6.33924065e+01 1.20765083e+02 4.68940353e+01
   vertex 6.37554626e+01 1.21058273e+02 4.72977180e+01
   vertex 6.08782654e+01 1.24253120e+02 4.66218147e+01
  endloop
 endfacet
 facet normal -7.57371306e-01 -6.11304604e-02 6.50116682e-01
  outer loop
   vertex 6.08782654e+01 1.24253120e+02 4.66218147e+01
   vertex 6.37554626e+01 1.21058273e+02 4.72977180e+01
   vertex 6.12413292e+01 1.24546310e+02 4.70255051e+01
  endloop
 endfacet
 facet normal -8.64439309e-02 -4.26070273e-01 9.00550723e-01
  outer loop
   vertex 6.29403801e+01 1.20420532e+02 4.66538048e+01
   vertex 6.33924065e+01 1.20765083e+02 4.68940353e+01
   vertex 6.04262466e+01 1.23908569e+02 4.63815994e+01
  endloop
 endfacet
 facet normal -5.68888843e-01 8.78082439e-02 8.17713380e-01
  outer loop
   vertex 6.04262466e+01 1.23908569e+02 4.63815994e+01
   vertex 6.33924065e+01 1.20765083e+02 4.68940353e+01
   vertex 6.08782654e+01 1.24253120e+02 4.66218147e+01
  endloop
 endfacet
 facet normal 1.44809917e-01 -2.55057871e-01 9.56020713e-01
  outer loop
   vertex 6.24436531e+01 1.20058342e+02 4.66005592e+01
   vertex 6.29403801e+01 1.20420532e+02 4.66538048e+01
   vertex 5.99295235e+01 1.23546371e+02 4.63283539e+01
  endloop
 endfacet
 facet normal -3.44787180e-01 2.55999118e-01 9.03098166e-01
  outer loop
   vertex 5.99295235e+01 1.23546371e+02 4.63283539e+01
   vertex 6.29403801e+01 1.20420532e+02 4.66538048e+01
   vertex 6.04262466e+01 1.23908569e+02 4.63815994e+01
  endloop
 endfacet
 facet normal 3.81960750e-01 -8.69222507e-02 9.20081794e-01
  outer loop
   vertex 6.19508629e+01 1.19713997e+02 4.67395058e+01
   vertex 6.24436531e+01 1.20058342e+02 4.66005592e+01
   vertex 5.94367218e+01 1.23202019e+02 4.64672966e+01
  endloop
 endfacet
 facet normal -1.07007772e-01 4.26981986e-01 8.97906303e-01
  outer loop
   vertex 5.94367218e+01 1.23202019e+02 4.64672966e+01
   vertex 6.24436531e+01 1.20058342e+02 4.66005592e+01
   vertex 5.99295235e+01 1.23546371e+02 4.63283539e+01
  endloop
 endfacet
 facet normal 6.01788580e-01 6.18616380e-02 7.96256065e-01
  outer loop
   vertex 6.15102158e+01 1.19421158e+02 4.70570335e+01
   vertex 6.19508629e+01 1.19713997e+02 4.67395058e+01
   vertex 5.89960861e+01 1.22909195e+02 4.67848358e+01
  endloop
 endfacet
 facet normal 1.21170349e-01 5.84013522e-01 8.02649319e-01
  outer loop
   vertex 5.89960861e+01 1.22909195e+02 4.67848358e+01
   vertex 6.19508629e+01 1.19713997e+02 4.67395058e+01
   vertex 5.94367218e+01 1.23202019e+02 4.64672966e+01
  endloop
 endfacet
 facet normal 7.82787144e-01 1.76748484e-01 5.96660972e-01
  outer loop
   vertex 6.11648560e+01 1.19208504e+02 4.75220871e+01
   vertex 6.15102158e+01 1.19421158e+02 4.70570335e+01
   vertex 5.86506996e+01 1.22696541e+02 4.72498627e+01
  endloop
 endfacet
 facet normal 3.17402571e-01 7.11728871e-01 6.26655877e-01
  outer loop
   vertex 5.86506996e+01 1.22696541e+02 4.72498627e+01
   vertex 6.15102158e+01 1.19421158e+02 4.70570335e+01
   vertex 5.89960861e+01 1.22909195e+02 4.67848358e+01
  endloop
 endfacet
 facet normal 9.07245159e-01 2.46481985e-01 3.40812057e-01
  outer loop
   vertex 6.09485893e+01 1.19096886e+02 4.80890961e+01
   vertex 6.11648560e+01 1.19208504e+02 4.75220871e+01
   vertex 5.84344711e+01 1.22584930e+02 4.78168869e+01
  endloop
 endfacet
 facet normal 4.62507844e-01 7.97631860e-01 3.87130350e-01
  outer loop
   vertex 5.84344711e+01 1.22584930e+02 4.78168869e+01
   vertex 6.11648560e+01 1.19208504e+02 4.75220871e+01
   vertex 5.86506996e+01 1.22696541e+02 4.72498627e+01
  endloop
 endfacet
 facet normal 9.62954581e-01 2.64244229e-01 5.37914112e-02
  outer loop
   vertex 6.08826180e+01 1.19097206e+02 4.87025986e+01
   vertex 6.09485893e+01 1.19096886e+02 4.80890961e+01
   vertex 5.83684883e+01 1.22585243e+02 4.84304008e+01
  endloop
 endfacet
 facet normal 5.42274058e-01 8.33291411e-01 1.07537322e-01
  outer loop
   vertex 5.83684883e+01 1.22585243e+02 4.84304008e+01
   vertex 6.09485893e+01 1.19096886e+02 4.80890961e+01
   vertex 5.84344711e+01 1.22584930e+02 4.78168869e+01
  endloop
 endfacet
 facet normal 9.44479406e-01 2.28287175e-01 -2.36312434e-01
  outer loop
   vertex 6.09733467e+01 1.19209412e+02 4.93025360e+01
   vertex 6.08826180e+01 1.19097206e+02 4.87025986e+01
   vertex 5.84592171e+01 1.22697456e+02 4.90303383e+01
  endloop
 endfacet
 facet normal 5.48867643e-01 8.15240026e-01 -1.84737757e-01
  outer loop
   vertex 5.84592171e+01 1.22697456e+02 4.90303383e+01
   vertex 6.08826180e+01 1.19097206e+02 4.87025986e+01
   vertex 5.83684883e+01 1.22585243e+02 4.84304008e+01
  endloop
 endfacet
 facet normal 8.53626370e-01 1.42137304e-01 -5.01117766e-01
  outer loop
   vertex 6.12119370e+01 1.19422562e+02 4.98301659e+01
   vertex 6.09733467e+01 1.19209412e+02 4.93025360e+01
   vertex 5.86977882e+01 1.22910599e+02 4.95579720e+01
  endloop
 endfacet
 facet normal 4.81665999e-01 7.45235562e-01 -4.61109310e-01
  outer loop
   vertex 5.86977882e+01 1.22910599e+02 4.95579720e+01
   vertex 6.09733467e+01 1.19209412e+02 4.93025360e+01
   vertex 5.84592171e+01 1.22697456e+02 4.90303383e+01
  endloop
 endfacet
 facet normal -3.84812176e-01 8.95091116e-01 -2.25236535e-01
  outer loop
   vertex 5.90608635e+01 1.23203804e+02 4.99616585e+01
   vertex 5.86977882e+01 1.22910599e+02 4.95579720e+01
   vertex 5.78474998e+01 1.22503227e+02 5.21913948e+01
  endloop
 endfacet
 facet normal -7.16803193e-01 6.54439747e-01 2.40627915e-01
  outer loop
   vertex 5.78474998e+01 1.22503227e+02 5.21913948e+01
   vertex 5.86977882e+01 1.22910599e+02 4.95579720e+01
   vertex 5.69996605e+01 1.21818558e+02 5.12486992e+01
  endloop
 endfacet
 facet normal -4.32368755e-01 8.56354833e-01 -2.82336175e-01
  outer loop
   vertex 5.95128593e+01 1.23548325e+02 5.02018700e+01
   vertex 5.90608635e+01 1.23203804e+02 4.99616585e+01
   vertex 5.89030724e+01 1.23307861e+02 5.27523727e+01
  endloop
 endfacet
 facet normal -6.35386109e-01 7.16765642e-01 2.87282944e-01
  outer loop
   vertex 5.89030724e+01 1.23307861e+02 5.27523727e+01
   vertex 5.90608635e+01 1.23203804e+02 4.99616585e+01
   vertex 5.78474998e+01 1.22503227e+02 5.21913948e+01
  endloop
 endfacet
 facet normal -4.92640972e-01 8.10148060e-01 -3.17749888e-01
  outer loop
   vertex 6.00095825e+01 1.23910530e+02 5.02551193e+01
   vertex 5.95128593e+01 1.23548325e+02 5.02018700e+01
   vertex 6.00630531e+01 1.24153656e+02 5.28767128e+01
  endloop
 endfacet
 facet normal -5.45068741e-01 7.82862663e-01 3.00043434e-01
  outer loop
   vertex 6.00630531e+01 1.24153656e+02 5.28767128e+01
   vertex 5.95128593e+01 1.23548325e+02 5.02018700e+01
   vertex 5.89030724e+01 1.23307861e+02 5.27523727e+01
  endloop
 endfacet
 facet normal -5.59722841e-01 7.60996699e-01 -3.28015834e-01
  outer loop
   vertex 6.05023918e+01 1.24254898e+02 5.01161804e+01
   vertex 6.00095825e+01 1.23910530e+02 5.02551193e+01
   vertex 6.12138596e+01 1.24957832e+02 5.25522537e+01
  endloop
 endfacet
 facet normal -4.54683602e-01 8.46263349e-01 2.77670950e-01
  outer loop
   vertex 6.12138596e+01 1.24957832e+02 5.25522537e+01
   vertex 6.00095825e+01 1.23910530e+02 5.02551193e+01
   vertex 6.00630531e+01 1.24153656e+02 5.28767128e+01
  endloop
 endfacet
 facet normal -6.27053678e-01 7.13705480e-01 -3.12134802e-01
  outer loop
   vertex 6.09430428e+01 1.24547737e+02 4.97986450e+01
   vertex 6.05023918e+01 1.24254898e+02 5.01161804e+01
   vertex 6.22428780e+01 1.25641655e+02 5.18107262e+01
  endloop
 endfacet
 facet normal -3.73083025e-01 9.00762022e-01 2.22343907e-01
  outer loop
   vertex 6.22428780e+01 1.25641655e+02 5.18107262e+01
   vertex 6.05023918e+01 1.24254898e+02 5.01161804e+01
   vertex 6.12138596e+01 1.24957832e+02 5.25522537e+01
  endloop
 endfacet
 facet normal -6.88040733e-01 6.72903121e-01 -2.71663934e-01
  outer loop
   vertex 6.12883835e+01 1.24760361e+02 4.93335991e+01
   vertex 6.09430428e+01 1.24547737e+02 4.97986450e+01
   vertex 6.30493393e+01 1.26138214e+02 5.07247581e+01
  endloop
 endfacet
 facet normal -3.08257759e-01 9.41021562e-01 1.39483437e-01
  outer loop
   vertex 6.30493393e+01 1.26138214e+02 5.07247581e+01
   vertex 6.09430428e+01 1.24547737e+02 4.97986450e+01
   vertex 6.22428780e+01 1.25641655e+02 5.18107262e+01
  endloop
 endfacet
 facet normal -7.36709416e-01 6.42592013e-01 -2.10558072e-01
  outer loop
   vertex 6.15046463e+01 1.24871986e+02 4.87665901e+01
   vertex 6.12883835e+01 1.24760361e+02 4.93335991e+01
   vertex 6.35543556e+01 1.26398865e+02 4.94006004e+01
  endloop
 endfacet
 facet normal -2.66548246e-01 9.63103652e-01 3.71941924e-02
  outer loop
   vertex 6.35543556e+01 1.26398865e+02 4.94006004e+01
   vertex 6.12883835e+01 1.24760361e+02 4.93335991e+01
   vertex 6.30493393e+01 1.26138214e+02 5.07247581e+01
  endloop
 endfacet
 facet normal -7.68302560e-01 6.25733137e-01 -1.34793252e-01
  outer loop
   vertex 6.15706291e+01 1.24871666e+02 4.81530762e+01
   vertex 6.15046463e+01 1.24871986e+02 4.87665901e+01
   vertex 6.37084656e+01 1.26398155e+02 4.79679184e+01
  endloop
 endfacet
 facet normal -2.52035588e-01 9.64846134e-01 -7.44981691e-02
  outer loop
   vertex 6.37084656e+01 1.26398155e+02 4.79679184e+01
   vertex 6.15046463e+01 1.24871986e+02 4.87665901e+01
   vertex 6.35543556e+01 1.26398865e+02 4.94006004e+01
  endloop
 endfacet
 facet normal -7.79724360e-01 6.23976588e-01 -5.17986231e-02
  outer loop
   vertex 6.14799042e+01 1.24759453e+02 4.75531387e+01
   vertex 6.15706291e+01 1.24871666e+02 4.81530762e+01
   vertex 6.34965820e+01 1.26136086e+02 4.65669327e+01
  endloop
 endfacet
 facet normal -2.66148597e-01 9.46076930e-01 -1.84671044e-01
  outer loop
   vertex 6.34965820e+01 1.26136086e+02 4.65669327e+01
   vertex 6.15706291e+01 1.24871666e+02 4.81530762e+01
   vertex 6.37084656e+01 1.26398155e+02 4.79679184e+01
  endloop
 endfacet
 facet normal -7.69854069e-01 6.37499630e-01 3.03136222e-02
  outer loop
   vertex 6.12413292e+01 1.24546310e+02 4.70255051e+01
   vertex 6.14799042e+01 1.24759453e+02 4.75531387e+01
   vertex 6.29394417e+01 1.25638359e+02 4.53347816e+01
  endloop
 endfacet
 facet normal -3.07495505e-01 9.08636212e-01 -2.82536298e-01
  outer loop
   vertex 6.29394417e+01 1.25638359e+02 4.53347816e+01
   vertex 6.14799042e+01 1.24759453e+02 4.75531387e+01
   vertex 6.34965820e+01 1.26136086e+02 4.65669327e+01
  endloop
 endfacet
 facet normal -7.39663422e-01 6.64971471e-01 1.03493899e-01
  outer loop
   vertex 6.08782654e+01 1.24253120e+02 4.66218147e+01
   vertex 6.12413292e+01 1.24546310e+02 4.70255051e+01
   vertex 6.20915985e+01 1.24953682e+02 4.43920555e+01
  endloop
 endfacet
 facet normal -3.72037232e-01 8.56187701e-01 -3.58512133e-01
  outer loop
   vertex 6.20915985e+01 1.24953682e+02 4.43920555e+01
   vertex 6.12413292e+01 1.24546310e+02 4.70255051e+01
   vertex 6.29394417e+01 1.25638359e+02 4.53347816e+01
  endloop
 endfacet
 facet normal -6.92106307e-01 7.03706145e-01 1.60581902e-01
  outer loop
   vertex 6.04262466e+01 1.23908569e+02 4.63815994e+01
   vertex 6.08782654e+01 1.24253120e+02 4.66218147e+01
   vertex 6.10360374e+01 1.24149055e+02 4.38310890e+01
  endloop
 endfacet
 facet normal -4.53454196e-01 7.93860435e-01 -4.05172735e-01
  outer loop
   vertex 6.10360374e+01 1.24149055e+02 4.38310890e+01
   vertex 6.08782654e+01 1.24253120e+02 4.66218147e+01
   vertex 6.20915985e+01 1.24953682e+02 4.43920555e+01
  endloop
 endfacet
 facet normal -6.31833553e-01 7.49912918e-01 1.96002632e-01
  outer loop
   vertex 5.99295235e+01 1.23546371e+02 4.63283539e+01
   vertex 6.04262466e+01 1.23908569e+02 4.63815994e+01
   vertex 5.98760605e+01 1.23303268e+02 4.37067642e+01
  endloop
 endfacet
 facet normal -5.43776453e-01 7.27761805e-01 -4.17935342e-01
  outer loop
   vertex 5.98760605e+01 1.23303268e+02 4.37067642e+01
   vertex 6.04262466e+01 1.23908569e+02 4.63815994e+01
   vertex 6.10360374e+01 1.24149055e+02 4.38310890e+01
  endloop
 endfacet
 facet normal -5.64746797e-01 7.99070358e-01 2.06270874e-01
  outer loop
   vertex 5.94367218e+01 1.23202019e+02 4.64672966e+01
   vertex 5.99295235e+01 1.23546371e+02 4.63283539e+01
   vertex 5.87252579e+01 1.22499092e+02 4.40312386e+01
  endloop
 endfacet
 facet normal -6.34157240e-01 6.64364398e-01 -3.95555913e-01
  outer loop
   vertex 5.87252579e+01 1.22499092e+02 4.40312386e+01
   vertex 5.99295235e+01 1.23546371e+02 4.63283539e+01
   vertex 5.98760605e+01 1.23303268e+02 4.37067642e+01
  endloop
 endfacet
 facet normal -4.97417718e-01 8.46359968e-01 1.90395445e-01
  outer loop
   vertex 5.89960861e+01 1.22909195e+02 4.67848358e+01
   vertex 5.94367218e+01 1.23202019e+02 4.64672966e+01
   vertex 5.76962318e+01 1.21815262e+02 4.47727318e+01
  endloop
 endfacet
 facet normal -7.15753257e-01 6.09866560e-01 -3.40235353e-01
  outer loop
   vertex 5.76962318e+01 1.21815262e+02 4.47727318e+01
   vertex 5.94367218e+01 1.23202019e+02 4.64672966e+01
   vertex 5.87252579e+01 1.22499092e+02 4.40312386e+01
  endloop
 endfacet
 facet normal -4.36443090e-01 8.87153208e-01 1.49922162e-01
  outer loop
   vertex 5.86506996e+01 1.22696541e+02 4.72498627e+01
   vertex 5.89960861e+01 1.22909195e+02 4.67848358e+01
   vertex 5.68897705e+01 1.21318710e+02 4.58587151e+01
  endloop
 endfacet
 facet normal -7.80585945e-01 5.69603443e-01 -2.57366538e-01
  outer loop
   vertex 5.68897705e+01 1.21318710e+02 4.58587151e+01
   vertex 5.89960861e+01 1.22909195e+02 4.67848358e+01
   vertex 5.76962318e+01 1.21815262e+02 4.47727318e+01
  endloop
 endfacet
 facet normal -3.87769908e-01 9.17468727e-01 8.88009742e-02
  outer loop
   vertex 5.84344711e+01 1.22584930e+02 4.78168869e+01
   vertex 5.86506996e+01 1.22696541e+02 4.72498627e+01
   vertex 5.63847618e+01 1.21058044e+02 4.71828613e+01
  endloop
 endfacet
 facet normal -8.22296798e-01 5.47518253e-01 -1.55086368e-01
  outer loop
   vertex 5.63847618e+01 1.21058044e+02 4.71828613e+01
   vertex 5.86506996e+01 1.22696541e+02 4.72498627e+01
   vertex 5.68897705e+01 1.21318710e+02 4.58587151e+01
  endloop
 endfacet
 facet normal -3.56168479e-01 9.34330761e-01 1.30423130e-02
  outer loop
   vertex 5.83684883e+01 1.22585243e+02 4.84304008e+01
   vertex 5.84344711e+01 1.22584930e+02 4.78168869e+01
   vertex 5.62306328e+01 1.21058754e+02 4.86155472e+01
  endloop
 endfacet
 facet normal -8.36803019e-01 5.45781434e-01 -4.33966145e-02
  outer loop
   vertex 5.62306328e+01 1.21058754e+02 4.86155472e+01
   vertex 5.84344711e+01 1.22584930e+02 4.78168869e+01
   vertex 5.63847618e+01 1.21058044e+02 4.71828613e+01
  endloop
 endfacet
 facet normal -3.44750077e-01 9.36084628e-01 -6.99499771e-02
  outer loop
   vertex 5.84592171e+01 1.22697456e+02 4.90303383e+01
   vertex 5.83684883e+01 1.22585243e+02 4.84304008e+01
   vertex 5.64425240e+01 1.21320816e+02 5.00165482e+01
  endloop
 endfacet
 facet normal -8.22694480e-01 5.64547658e-01 6.67811483e-02
  outer loop
   vertex 5.64425240e+01 1.21320816e+02 5.00165482e+01
   vertex 5.83684883e+01 1.22585243e+02 4.84304008e+01
   vertex 5.62306328e+01 1.21058754e+02 4.86155472e+01
  endloop
 endfacet
 facet normal -3.54621798e-01 9.22562659e-01 -1.52057469e-01
  outer loop
   vertex 5.86977882e+01 1.22910599e+02 4.95579720e+01
   vertex 5.84592171e+01 1.22697456e+02 4.90303383e+01
   vertex 5.69996605e+01 1.21818558e+02 5.12486992e+01
  endloop
 endfacet
 facet normal -7.81344950e-01 6.01989686e-01 1.64646387e-01
  outer loop
   vertex 5.69996605e+01 1.21818558e+02 5.12486992e+01
   vertex 5.84592171e+01 1.22697456e+02 4.90303383e+01
   vertex 5.64425240e+01 1.21320816e+02 5.00165482e+01
  endloop
 endfacet
 facet normal -6.75942957e-01 -6.73368573e-02 7.33871102e-01
  outer loop
   vertex 5.78474998e+01 1.22503227e+02 5.21913948e+01
   vertex 5.69996605e+01 1.21818558e+02 5.12486992e+01
   vertex 6.03616295e+01 1.19015198e+02 5.24636154e+01
  endloop
 endfacet
 facet normal -3.92625839e-01 -5.90581715e-01 7.05023527e-01
  outer loop
   vertex 6.03616295e+01 1.19015198e+02 5.24636154e+01
   vertex 5.69996605e+01 1.21818558e+02 5.12486992e+01
   vertex 5.95137978e+01 1.18330513e+02 5.15209045e+01
  endloop
 endfacet
 facet normal -2.74428070e-01 -6.96618140e-01 6.62881911e-01
  outer loop
   vertex 6.03616295e+01 1.19015198e+02 5.24636154e+01
   vertex 6.10482941e+01 1.19538605e+02 5.28285370e+01
   vertex 5.78474998e+01 1.22503227e+02 5.21913948e+01
  endloop
 endfacet
 facet normal -7.16295898e-01 -6.16321504e-01 3.27212483e-01
  outer loop
   vertex 6.10482941e+01 1.19538605e+02 5.28285370e+01
   vertex 6.03357048e+01 1.20550705e+02 5.27560005e+01
   vertex 5.78474998e+01 1.22503227e+02 5.21913948e+01
  endloop
 endfacet
 facet normal -9.93928075e-01 -4.51218598e-02 1.00354351e-01
  outer loop
   vertex 6.03357048e+01 1.20550705e+02 5.27560005e+01
   vertex 5.94379044e+01 1.21817749e+02 5.26630135e+01
   vertex 5.78474998e+01 1.22503227e+02 5.21913948e+01
  endloop
 endfacet
 facet normal -8.85594547e-01 3.50977212e-01 3.04199427e-01
  outer loop
   vertex 5.96447563e+01 1.22278885e+02 5.28326797e+01
   vertex 5.89030724e+01 1.23307861e+02 5.27523727e+01
   vertex 5.94379044e+01 1.21817749e+02 5.26630135e+01
  endloop
 endfacet
 facet normal -8.60974729e-01 3.62817943e-01 3.56490791e-01
  outer loop
   vertex 5.89030724e+01 1.23307861e+02 5.27523727e+01
   vertex 5.78474998e+01 1.22503227e+02 5.21913948e+01
   vertex 5.94379044e+01 1.21817749e+02 5.26630135e+01
  endloop
 endfacet
 facet normal -5.15914381e-01 5.58826566e-01 6.49265170e-01
  outer loop
   vertex 6.00630531e+01 1.24153656e+02 5.28767128e+01
   vertex 5.89030724e+01 1.23307861e+02 5.27523727e+01
   vertex 6.05333481e+01 1.23501190e+02 5.29276314e+01
  endloop
 endfacet
 facet normal -6.71912491e-01 4.67144161e-01 5.74725986e-01
  outer loop
   vertex 6.05333481e+01 1.23501190e+02 5.29276314e+01
   vertex 5.89030724e+01 1.23307861e+02 5.27523727e+01
   vertex 5.96447563e+01 1.22278885e+02 5.28326797e+01
  endloop
 endfacet
 facet normal -4.84334558e-01 6.68920934e-01 5.63883722e-01
  outer loop
   vertex 6.05333481e+01 1.23501190e+02 5.29276314e+01
   vertex 6.13490829e+01 1.24212212e+02 5.26712723e+01
   vertex 6.00630531e+01 1.24153656e+02 5.28767128e+01
  endloop
 endfacet
 facet normal -2.98471183e-01 7.98408210e-01 5.22933364e-01
  outer loop
   vertex 6.16161575e+01 1.24399704e+02 5.25958061e+01
   vertex 6.12138596e+01 1.24957832e+02 5.25522537e+01
   vertex 6.13490829e+01 1.24212212e+02 5.26712723e+01
  endloop
 endfacet
 facet normal -3.49385977e-01 7.27722645e-01 5.90211153e-01
  outer loop
   vertex 6.13490829e+01 1.24212212e+02 5.26712723e+01
   vertex 6.12138596e+01 1.24957832e+02 5.25522537e+01
   vertex 6.00630531e+01 1.24153656e+02 5.28767128e+01
  endloop
 endfacet
 facet normal -8.78860280e-02 8.89536858e-01 4.48330432e-01
  outer loop
   vertex 6.27794609e+01 1.24897217e+02 5.18688202e+01
   vertex 6.22428780e+01 1.25641655e+02 5.18107262e+01
   vertex 6.16161575e+01 1.24399704e+02 5.25958061e+01
  endloop
 endfacet
 facet normal -1.52249038e-01 8.15018237e-01 5.59075594e-01
  outer loop
   vertex 6.16161575e+01 1.24399704e+02 5.25958061e+01
   vertex 6.22428780e+01 1.25641655e+02 5.18107262e+01
   vertex 6.12138596e+01 1.24957832e+02 5.25522537e+01
  endloop
 endfacet
 facet normal 8.47680122e-02 9.68023479e-01 2.36103669e-01
  outer loop
   vertex 6.38431702e+01 1.25036896e+02 5.08106995e+01
   vertex 6.30493393e+01 1.26138214e+02 5.07247581e+01
   vertex 6.27794609e+01 1.24897217e+02 5.18688202e+01
  endloop
 endfacet
 facet normal 2.43829731e-02 9.18585360e-01 3.94469798e-01
  outer loop
   vertex 6.27794609e+01 1.24897217e+02 5.18688202e+01
   vertex 6.30493393e+01 1.26138214e+02 5.07247581e+01
   vertex 6.22428780e+01 1.25641655e+02 5.18107262e+01
  endloop
 endfacet
 facet normal 8.95394146e-01 -3.95985842e-01 -2.03628421e-01
  outer loop
   vertex 6.57920685e+01 1.22768158e+02 5.03976402e+01
   vertex 6.59178619e+01 1.22833084e+02 5.00677948e+01
   vertex 6.51555176e+01 1.23640640e+02 5.03439598e+01
  endloop
 endfacet
 facet normal 7.78551459e-01 -1.57144904e-01 6.07587993e-01
  outer loop
   vertex 6.59178619e+01 1.22833084e+02 5.00677948e+01
   vertex 6.53239899e+01 1.23682320e+02 4.99671974e+01
   vertex 6.51555176e+01 1.23640640e+02 5.03439598e+01
  endloop
 endfacet
 facet normal 3.16601217e-01 3.74817520e-01 8.71364176e-01
  outer loop
   vertex 6.53239899e+01 1.23682320e+02 4.99671974e+01
   vertex 6.53049316e+01 1.23709778e+02 4.99636536e+01
   vertex 6.51555176e+01 1.23640640e+02 5.03439598e+01
  endloop
 endfacet
 facet normal 3.09168220e-01 8.90865982e-01 -3.32825571e-01
  outer loop
   vertex 6.51555176e+01 1.23640640e+02 5.03439598e+01
   vertex 6.53049316e+01 1.23709778e+02 4.99636536e+01
   vertex 6.42264328e+01 1.24917580e+02 5.02606354e+01
  endloop
 endfacet
 facet normal -1.75469488e-01 5.52009642e-01 8.15166116e-01
  outer loop
   vertex 6.53049316e+01 1.23709778e+02 4.99636536e+01
   vertex 6.44213638e+01 1.24987328e+02 4.97938042e+01
   vertex 6.42264328e+01 1.24917580e+02 5.02606354e+01
  endloop
 endfacet
 facet normal -4.70676541e-01 6.77939296e-01 5.64678550e-01
  outer loop
   vertex 6.44213638e+01 1.24987328e+02 4.97938042e+01
   vertex 6.44101944e+01 1.25003822e+02 4.97911835e+01
   vertex 6.42264328e+01 1.24917580e+02 5.02606354e+01
  endloop
 endfacet
 facet normal 1.19029880e-01 9.88615870e-01 9.20358151e-02
  outer loop
   vertex 6.38431702e+01 1.25036896e+02 5.08106995e+01
   vertex 6.40666046e+01 1.24976662e+02 5.04766579e+01
   vertex 6.30493393e+01 1.26138214e+02 5.07247581e+01
  endloop
 endfacet
 facet normal 1.29794374e-01 9.84011710e-01 1.21960677e-01
  outer loop
   vertex 6.30493393e+01 1.26138214e+02 5.07247581e+01
   vertex 6.40666046e+01 1.24976662e+02 5.04766579e+01
   vertex 6.35543556e+01 1.26398865e+02 4.94006004e+01
  endloop
 endfacet
 facet normal 5.56103140e-02 9.64435697e-01 -2.58401334e-01
  outer loop
   vertex 6.40666046e+01 1.24976662e+02 5.04766579e+01
   vertex 6.42264328e+01 1.24917580e+02 5.02606354e+01
   vertex 6.35543556e+01 1.26398865e+02 4.94006004e+01
  endloop
 endfacet
 facet normal -2.56765962e-01 9.65001643e-01 5.33209406e-02
  outer loop
   vertex 6.42264328e+01 1.24917580e+02 5.02606354e+01
   vertex 6.44101944e+01 1.25003822e+02 4.97911835e+01
   vertex 6.35543556e+01 1.26398865e+02 4.94006004e+01
  endloop
 endfacet
 facet normal -1.75442249e-01 8.43816757e-01 5.07142305e-01
  outer loop
   vertex 6.44101944e+01 1.25003822e+02 4.97911835e+01
   vertex 6.44023056e+01 1.25222450e+02 4.94924164e+01
   vertex 6.35543556e+01 1.26398865e+02 4.94006004e+01
  endloop
 endfacet
 facet normal 1.46037027e-01 9.86913919e-01 6.83673993e-02
  outer loop
   vertex 6.37084656e+01 1.26398155e+02 4.79679184e+01
   vertex 6.35543556e+01 1.26398865e+02 4.94006004e+01
   vertex 6.42033844e+01 1.25711517e+02 4.80215034e+01
  endloop
 endfacet
 facet normal 6.17067590e-02 9.59833443e-01 2.73700565e-01
  outer loop
   vertex 6.42033844e+01 1.25711517e+02 4.80215034e+01
   vertex 6.35543556e+01 1.26398865e+02 4.94006004e+01
   vertex 6.44023056e+01 1.25222450e+02 4.94924164e+01
  endloop
 endfacet
 facet normal 1.30608156e-01 9.64704573e-01 -2.28662595e-01
  outer loop
   vertex 6.34965820e+01 1.26136086e+02 4.65669327e+01
   vertex 6.37084656e+01 1.26398155e+02 4.79679184e+01
   vertex 6.38614960e+01 1.25629814e+02 4.66064453e+01
  endloop
 endfacet
 facet normal 8.84620100e-02 9.93793011e-01 -6.74528927e-02
  outer loop
   vertex 6.38614960e+01 1.25629814e+02 4.66064453e+01
   vertex 6.37084656e+01 1.26398155e+02 4.79679184e+01
   vertex 6.42033844e+01 1.25711517e+02 4.80215034e+01
  endloop
 endfacet
 facet normal -2.85284035e-02 8.80325377e-01 -4.73511726e-01
  outer loop
   vertex 6.34101143e+01 1.24985367e+02 4.53857384e+01
   vertex 6.29394417e+01 1.25638359e+02 4.53347816e+01
   vertex 6.38614960e+01 1.25629814e+02 4.66064453e+01
  endloop
 endfacet
 facet normal 8.91749337e-02 9.24342453e-01 -3.70997131e-01
  outer loop
   vertex 6.38614960e+01 1.25629814e+02 4.66064453e+01
   vertex 6.29394417e+01 1.25638359e+02 4.53347816e+01
   vertex 6.34965820e+01 1.26136086e+02 4.65669327e+01
  endloop
 endfacet
 facet normal -2.17958406e-01 6.88355148e-01 -6.91853523e-01
  outer loop
   vertex 6.28934097e+01 1.23841278e+02 4.44788742e+01
   vertex 6.20915985e+01 1.24953682e+02 4.43920555e+01
   vertex 6.34101143e+01 1.24985367e+02 4.53857384e+01
  endloop
 endfacet
 facet normal -4.86948639e-02 7.95894921e-01 -6.03473365e-01
  outer loop
   vertex 6.34101143e+01 1.24985367e+02 4.53857384e+01
   vertex 6.20915985e+01 1.24953682e+02 4.43920555e+01
   vertex 6.29394417e+01 1.25638359e+02 4.53347816e+01
  endloop
 endfacet
 facet normal 3.17497671e-01 -3.94193739e-01 -8.62442195e-01
  outer loop
   vertex 6.35501747e+01 1.20661011e+02 4.41032944e+01
   vertex 6.10360374e+01 1.24149055e+02 4.38310890e+01
   vertex 6.41787720e+01 1.21140175e+02 4.44373665e+01
  endloop
 endfacet
 facet normal -2.60899365e-01 -3.70584935e-01 -8.91402483e-01
  outer loop
   vertex 6.41787720e+01 1.21140175e+02 4.44373665e+01
   vertex 6.10360374e+01 1.24149055e+02 4.38310890e+01
   vertex 6.39920502e+01 1.21419197e+02 4.44210815e+01
  endloop
 endfacet
 facet normal -5.32692492e-01 -8.52489769e-02 -8.42004359e-01
  outer loop
   vertex 6.39920502e+01 1.21419197e+02 4.44210815e+01
   vertex 6.10360374e+01 1.24149055e+02 4.38310890e+01
   vertex 6.35823059e+01 1.22043724e+02 4.43877487e+01
  endloop
 endfacet
 facet normal -5.38431346e-01 -7.99613148e-02 -8.38867009e-01
  outer loop
   vertex 6.35823059e+01 1.22043724e+02 4.43877487e+01
   vertex 6.10360374e+01 1.24149055e+02 4.38310890e+01
   vertex 6.29179230e+01 1.23063927e+02 4.43351936e+01
  endloop
 endfacet
 facet normal -6.88366592e-01 1.18088707e-01 -7.15686023e-01
  outer loop
   vertex 6.29179230e+01 1.23063927e+02 4.43351936e+01
   vertex 6.10360374e+01 1.24149055e+02 4.38310890e+01
   vertex 6.27293358e+01 1.23368355e+02 4.43232002e+01
  endloop
 endfacet
 facet normal -2.32692361e-01 6.31341457e-01 -7.39771724e-01
  outer loop
   vertex 6.20915985e+01 1.24953682e+02 4.43920555e+01
   vertex 6.28934097e+01 1.23841278e+02 4.44788742e+01
   vertex 6.10360374e+01 1.24149055e+02 4.38310890e+01
  endloop
 endfacet
 facet normal -5.74291170e-01 4.45469648e-01 -6.86837971e-01
  outer loop
   vertex 6.10360374e+01 1.24149055e+02 4.38310890e+01
   vertex 6.28934097e+01 1.23841278e+02 4.44788742e+01
   vertex 6.27293358e+01 1.23368355e+02 4.43232002e+01
  endloop
 endfacet
 facet normal -1.09796539e-01 2.07609102e-01 -9.72030461e-01
  outer loop
   vertex 5.98760605e+01 1.23303268e+02 4.37067642e+01
   vertex 6.10360374e+01 1.24149055e+02 4.38310890e+01
   vertex 6.23902016e+01 1.19815231e+02 4.39789505e+01
  endloop
 endfacet
 facet normal 3.13971221e-01 -2.08578542e-01 -9.26238120e-01
  outer loop
   vertex 6.23902016e+01 1.19815231e+02 4.39789505e+01
   vertex 6.10360374e+01 1.24149055e+02 4.38310890e+01
   vertex 6.35501747e+01 1.20661011e+02 4.41032944e+01
  endloop
 endfacet
 facet normal -3.51934791e-01 3.59422825e-02 -9.35334206e-01
  outer loop
   vertex 5.87252579e+01 1.22499092e+02 4.40312386e+01
   vertex 5.98760605e+01 1.23303268e+02 4.37067642e+01
   vertex 6.12393990e+01 1.19011055e+02 4.43034248e+01
  endloop
 endfacet
 facet normal 7.11892545e-02 -3.83155942e-01 -9.20936286e-01
  outer loop
   vertex 6.12393990e+01 1.19011055e+02 4.43034248e+01
   vertex 5.98760605e+01 1.23303268e+02 4.37067642e+01
   vertex 6.23902016e+01 1.19815231e+02 4.39789505e+01
  endloop
 endfacet
 facet normal -5.76394558e-01 -1.15981221e-01 -8.08899045e-01
  outer loop
   vertex 5.76962318e+01 1.21815262e+02 4.47727318e+01
   vertex 5.87252579e+01 1.22499092e+02 4.40312386e+01
   vertex 6.02103844e+01 1.18327232e+02 4.50449371e+01
  endloop
 endfacet
 facet normal -1.61786973e-01 -5.43495834e-01 -8.23673010e-01
  outer loop
   vertex 6.02103844e+01 1.18327232e+02 4.50449371e+01
   vertex 5.87252579e+01 1.22499092e+02 4.40312386e+01
   vertex 6.12393990e+01 1.19011055e+02 4.43034248e+01
  endloop
 endfacet
 facet normal -7.61208355e-01 -2.33289406e-01 -6.05093241e-01
  outer loop
   vertex 5.68897705e+01 1.21318710e+02 4.58587151e+01
   vertex 5.76962318e+01 1.21815262e+02 4.47727318e+01
   vertex 5.94039001e+01 1.17830673e+02 4.61309204e+01
  endloop
 endfacet
 facet normal -3.62165421e-01 -6.73902452e-01 -6.43965602e-01
  outer loop
   vertex 5.94039001e+01 1.17830673e+02 4.61309204e+01
   vertex 5.76962318e+01 1.21815262e+02 4.47727318e+01
   vertex 6.02103844e+01 1.18327232e+02 4.50449371e+01
  endloop
 endfacet
 facet normal -8.88276339e-01 -3.04489821e-01 -3.43876630e-01
  outer loop
   vertex 5.63847618e+01 1.21058044e+02 4.71828613e+01
   vertex 5.68897705e+01 1.21318710e+02 4.58587151e+01
   vertex 5.88988800e+01 1.17570000e+02 4.74550705e+01
  endloop
 endfacet
 facet normal -5.10324538e-01 -7.61606574e-01 -3.99404943e-01
  outer loop
   vertex 5.88988800e+01 1.17570000e+02 4.74550705e+01
   vertex 5.68897705e+01 1.21318710e+02 4.58587151e+01
   vertex 5.94039001e+01 1.17830673e+02 4.61309204e+01
  endloop
 endfacet
 facet normal -9.45161819e-01 -3.22625011e-01 -5.08161709e-02
  outer loop
   vertex 5.62306328e+01 1.21058754e+02 4.86155472e+01
   vertex 5.63847618e+01 1.21058044e+02 4.71828613e+01
   vertex 5.87447815e+01 1.17570717e+02 4.88877487e+01
  endloop
 endfacet
 facet normal -5.91756046e-01 -7.98024058e-01 -1.13940097e-01
  outer loop
   vertex 5.87447815e+01 1.17570717e+02 4.88877487e+01
   vertex 5.63847618e+01 1.21058044e+02 4.71828613e+01
   vertex 5.88988800e+01 1.17570000e+02 4.74550705e+01
  endloop
 endfacet
 facet normal -9.26298499e-01 -2.85912693e-01 2.45407850e-01
  outer loop
   vertex 5.64425240e+01 1.21320816e+02 5.00165482e+01
   vertex 5.62306328e+01 1.21058754e+02 4.86155472e+01
   vertex 5.89566536e+01 1.17832771e+02 5.02887383e+01
  endloop
 endfacet
 facet normal -5.98492980e-01 -7.79593289e-01 1.84500456e-01
  outer loop
   vertex 5.89566536e+01 1.17832771e+02 5.02887383e+01
   vertex 5.62306328e+01 1.21058754e+02 4.86155472e+01
   vertex 5.87447815e+01 1.17570717e+02 4.88877487e+01
  endloop
 endfacet
 facet normal -8.33532751e-01 -1.97945893e-01 5.15791237e-01
  outer loop
   vertex 5.69996605e+01 1.21818558e+02 5.12486992e+01
   vertex 5.64425240e+01 1.21320816e+02 5.00165482e+01
   vertex 5.95137978e+01 1.18330513e+02 5.15209045e+01
  endloop
 endfacet
 facet normal -5.29878020e-01 -7.08112538e-01 4.66696799e-01
  outer loop
   vertex 5.95137978e+01 1.18330513e+02 5.15209045e+01
   vertex 5.64425240e+01 1.21320816e+02 5.00165482e+01
   vertex 5.89566536e+01 1.17832771e+02 5.02887383e+01
  endloop
 endfacet
 facet normal 3.17166865e-01 -9.00495946e-01 2.97510117e-01
  outer loop
   vertex 6.03616295e+01 1.19015198e+02 5.24636154e+01
   vertex 5.95137978e+01 1.18330513e+02 5.15209045e+01
   vertex 6.15749855e+01 1.19715752e+02 5.02338676e+01
  endloop
 endfacet
 facet normal 6.79017544e-01 -7.13947177e-01 -1.70922920e-01
  outer loop
   vertex 6.15749855e+01 1.19715752e+02 5.02338676e+01
   vertex 5.95137978e+01 1.18330513e+02 5.15209045e+01
   vertex 6.12119370e+01 1.19422562e+02 4.98301659e+01
  endloop
 endfacet
 facet normal 3.95038635e-01 -9.14212525e-01 9.03325081e-02
  outer loop
   vertex 6.03616295e+01 1.19015198e+02 5.24636154e+01
   vertex 6.15749855e+01 1.19715752e+02 5.02338676e+01
   vertex 6.10482941e+01 1.19538605e+02 5.28285370e+01
  endloop
 endfacet
 facet normal 4.09518510e-01 -8.19849610e-01 -4.00176436e-01
  outer loop
   vertex 6.10482941e+01 1.19538605e+02 5.28285370e+01
   vertex 6.15749855e+01 1.19715752e+02 5.02338676e+01
   vertex 6.15221596e+01 1.19861221e+02 5.25857086e+01
  endloop
 endfacet
 facet normal 5.32990813e-01 -5.99147916e-01 -5.97446680e-01
  outer loop
   vertex 6.15749855e+01 1.19715752e+02 5.02338676e+01
   vertex 6.20269966e+01 1.20060310e+02 5.04740677e+01
   vertex 6.15221596e+01 1.19861221e+02 5.25857086e+01
  endloop
 endfacet
 facet normal 3.43528718e-01 -7.06336617e-01 -6.18931830e-01
  outer loop
   vertex 6.15221596e+01 1.19861221e+02 5.25857086e+01
   vertex 6.20269966e+01 1.20060310e+02 5.04740677e+01
   vertex 6.25548973e+01 1.20564301e+02 5.20564919e+01
  endloop
 endfacet
 facet normal 4.13164049e-01 -6.68015063e-01 -6.18911386e-01
  outer loop
   vertex 6.25548973e+01 1.20564301e+02 5.20564919e+01
   vertex 6.20269966e+01 1.20060310e+02 5.04740677e+01
   vertex 6.25237236e+01 1.20422501e+02 5.05273209e+01
  endloop
 endfacet
 facet normal 2.81671286e-01 -7.36331165e-01 -6.15205407e-01
  outer loop
   vertex 6.25548973e+01 1.20564301e+02 5.20564919e+01
   vertex 6.25237236e+01 1.20422501e+02 5.05273209e+01
   vertex 6.33801880e+01 1.21126152e+02 5.16335831e+01
  endloop
 endfacet
 facet normal 2.96338290e-01 -7.41057158e-01 -6.02509677e-01
  outer loop
   vertex 6.33801880e+01 1.21126152e+02 5.16335831e+01
   vertex 6.25237236e+01 1.20422501e+02 5.05273209e+01
   vertex 6.30165215e+01 1.20766861e+02 5.03883781e+01
  endloop
 endfacet
 facet normal 1.90222219e-01 -8.12967837e-01 -5.50362468e-01
  outer loop
   vertex 6.30165215e+01 1.20766861e+02 5.03883781e+01
   vertex 6.34571609e+01 1.21059685e+02 5.00708542e+01
   vertex 6.33801880e+01 1.21126152e+02 5.16335831e+01
  endloop
 endfacet
 facet normal 1.75419271e-01 -8.07824850e-01 -5.62714100e-01
  outer loop
   vertex 6.33801880e+01 1.21126152e+02 5.16335831e+01
   vertex 6.34571609e+01 1.21059685e+02 5.00708542e+01
   vertex 6.41964798e+01 1.21681892e+02 5.12152786e+01
  endloop
 endfacet
 facet normal 1.01999022e-01 -8.78857017e-01 -4.66054231e-01
  outer loop
   vertex 6.34571609e+01 1.21059685e+02 5.00708542e+01
   vertex 6.38025284e+01 1.21272331e+02 4.96058083e+01
   vertex 6.41964798e+01 1.21681892e+02 5.12152786e+01
  endloop
 endfacet
 facet normal 1.38265222e-01 -8.44399154e-01 -5.17564297e-01
  outer loop
   vertex 6.41964798e+01 1.21681892e+02 5.12152786e+01
   vertex 6.38025284e+01 1.21272331e+02 4.96058083e+01
   vertex 6.51932678e+01 1.22360497e+02 5.07044868e+01
  endloop
 endfacet
 facet normal 3.83784175e-02 -9.34203744e-01 -3.54669601e-01
  outer loop
   vertex 6.38025284e+01 1.21272331e+02 4.96058083e+01
   vertex 6.40187836e+01 1.21383965e+02 4.90387840e+01
   vertex 6.51932678e+01 1.22360497e+02 5.07044868e+01
  endloop
 endfacet
 facet normal 3.44378024e-01 -8.64791155e-01 -3.65431279e-01
  outer loop
   vertex 6.51932678e+01 1.22360497e+02 5.07044868e+01
   vertex 6.40187836e+01 1.21383965e+02 4.90387840e+01
   vertex 6.57920685e+01 1.22768158e+02 5.03976402e+01
  endloop
 endfacet
 facet normal 4.82290596e-01 -8.73730838e-01 6.31676540e-02
  outer loop
   vertex 6.57920685e+01 1.22768158e+02 5.03976402e+01
   vertex 6.40187836e+01 1.21383965e+02 4.90387840e+01
   vertex 6.59178619e+01 1.22833084e+02 5.00677948e+01
  endloop
 endfacet
 facet normal 1.07063413e-01 -9.56594884e-01 2.71041781e-01
  outer loop
   vertex 6.59178619e+01 1.22833084e+02 5.00677948e+01
   vertex 6.40187836e+01 1.21383965e+02 4.90387840e+01
   vertex 6.57670746e+01 1.22686310e+02 4.95795860e+01
  endloop
 endfacet
 facet normal -1.23245656e-01 -9.75527942e-01 1.82087272e-01
  outer loop
   vertex 6.57670746e+01 1.22686310e+02 4.95795860e+01
   vertex 6.40187836e+01 1.21383965e+02 4.90387840e+01
   vertex 6.53759995e+01 1.22305618e+02 4.83134499e+01
  endloop
 endfacet
 facet normal -1.12488575e-01 -9.88289833e-01 1.03099860e-01
  outer loop
   vertex 6.53759995e+01 1.22305618e+02 4.83134499e+01
   vertex 6.40187836e+01 1.21383965e+02 4.90387840e+01
   vertex 6.40847778e+01 1.21383644e+02 4.84252930e+01
  endloop
 endfacet
 facet normal -1.28773049e-01 -9.59930182e-01 2.48900682e-01
  outer loop
   vertex 6.53759995e+01 1.22305618e+02 4.83134499e+01
   vertex 6.40847778e+01 1.21383644e+02 4.84252930e+01
   vertex 6.50636673e+01 1.22001579e+02 4.73022575e+01
  endloop
 endfacet
 facet normal -1.08450800e-01 -9.64744687e-01 2.39804327e-01
  outer loop
   vertex 6.50636673e+01 1.22001579e+02 4.73022575e+01
   vertex 6.40847778e+01 1.21383644e+02 4.84252930e+01
   vertex 6.39940300e+01 1.21271416e+02 4.78253288e+01
  endloop
 endfacet
 facet normal -7.10061789e-02 -9.27245021e-01 3.67661268e-01
  outer loop
   vertex 6.39940300e+01 1.21271416e+02 4.78253288e+01
   vertex 6.37554626e+01 1.21058273e+02 4.72977180e+01
   vertex 6.50636673e+01 1.22001579e+02 4.73022575e+01
  endloop
 endfacet
 facet normal -9.12443772e-02 -9.21874642e-01 3.76592100e-01
  outer loop
   vertex 6.50636673e+01 1.22001579e+02 4.73022575e+01
   vertex 6.37554626e+01 1.21058273e+02 4.72977180e+01
   vertex 6.47549057e+01 1.21701019e+02 4.63026237e+01
  endloop
 endfacet
 facet normal -2.73657287e-03 -8.78332973e-01 4.78041470e-01
  outer loop
   vertex 6.37554626e+01 1.21058273e+02 4.72977180e+01
   vertex 6.33924065e+01 1.20765083e+02 4.68940353e+01
   vertex 6.47549057e+01 1.21701019e+02 4.63026237e+01
  endloop
 endfacet
 facet normal -5.07905781e-02 -9.01983321e-01 4.28773195e-01
  outer loop
   vertex 6.47549057e+01 1.21701019e+02 4.63026237e+01
   vertex 6.33924065e+01 1.20765083e+02 4.68940353e+01
   vertex 6.43780899e+01 1.21334198e+02 4.50826530e+01
  endloop
 endfacet
 facet normal 4.78757620e-01 -8.71155083e-01 -1.08995281e-01
  outer loop
   vertex 6.35501747e+01 1.20661011e+02 4.41032944e+01
   vertex 6.41787720e+01 1.21140175e+02 4.44373665e+01
   vertex 6.29403801e+01 1.20420532e+02 4.66538048e+01
  endloop
 endfacet
 facet normal 1.61380097e-01 -9.46802378e-01 2.78427273e-01
  outer loop
   vertex 6.41787720e+01 1.21140175e+02 4.44373665e+01
   vertex 6.43780899e+01 1.21334198e+02 4.50826530e+01
   vertex 6.29403801e+01 1.20420532e+02 4.66538048e+01
  endloop
 endfacet
 facet normal 9.25111920e-02 -8.21335196e-01 5.62894523e-01
  outer loop
   vertex 6.43780899e+01 1.21334198e+02 4.50826530e+01
   vertex 6.33924065e+01 1.20765083e+02 4.68940353e+01
   vertex 6.29403801e+01 1.20420532e+02 4.66538048e+01
  endloop
 endfacet
 facet normal 6.20132744e-01 -7.28127718e-01 -2.92002410e-01
  outer loop
   vertex 6.23902016e+01 1.19815231e+02 4.39789505e+01
   vertex 6.35501747e+01 1.20661011e+02 4.41032944e+01
   vertex 6.24436531e+01 1.20058342e+02 4.66005592e+01
  endloop
 endfacet
 facet normal 5.75610936e-01 -7.49651849e-01 3.26640606e-01
  outer loop
   vertex 6.24436531e+01 1.20058342e+02 4.66005592e+01
   vertex 6.35501747e+01 1.20661011e+02 4.41032944e+01
   vertex 6.29403801e+01 1.20420532e+02 4.66538048e+01
  endloop
 endfacet
 facet normal 5.29162407e-01 -7.94218481e-01 -2.98670650e-01
  outer loop
   vertex 6.12393990e+01 1.19011055e+02 4.43034248e+01
   vertex 6.23902016e+01 1.19815231e+02 4.39789505e+01
   vertex 6.19508629e+01 1.19713997e+02 4.67395058e+01
  endloop
 endfacet
 facet normal 6.42043591e-01 -7.03471363e-01 3.04808259e-01
  outer loop
   vertex 6.19508629e+01 1.19713997e+02 4.67395058e+01
   vertex 6.23902016e+01 1.19815231e+02 4.39789505e+01
   vertex 6.24436531e+01 1.20058342e+02 4.66005592e+01
  endloop
 endfacet
 facet normal 4.39680070e-01 -8.56505573e-01 -2.70332396e-01
  outer loop
   vertex 6.02103844e+01 1.18327232e+02 4.50449371e+01
   vertex 6.12393990e+01 1.19011055e+02 4.43034248e+01
   vertex 6.15102158e+01 1.19421158e+02 4.70570335e+01
  endloop
 endfacet
 facet normal 7.00660825e-01 -6.64786518e-01 2.59100914e-01
  outer loop
   vertex 6.15102158e+01 1.19421158e+02 4.70570335e+01
   vertex 6.12393990e+01 1.19011055e+02 4.43034248e+01
   vertex 6.19508629e+01 1.19713997e+02 4.67395058e+01
  endloop
 endfacet
 facet normal 3.60449970e-01 -9.08886671e-01 -2.09763825e-01
  outer loop
   vertex 5.94039001e+01 1.17830673e+02 4.61309204e+01
   vertex 6.02103844e+01 1.18327232e+02 4.50449371e+01
   vertex 6.11648560e+01 1.19208504e+02 4.75220871e+01
  endloop
 endfacet
 facet normal 7.45725393e-01 -6.37388289e-01 1.93984121e-01
  outer loop
   vertex 6.11648560e+01 1.19208504e+02 4.75220871e+01
   vertex 6.02103844e+01 1.18327232e+02 4.50449371e+01
   vertex 6.15102158e+01 1.19421158e+02 4.70570335e+01
  endloop
 endfacet
 facet normal 2.99229115e-01 -9.46233213e-01 -1.22901030e-01
  outer loop
   vertex 5.88988800e+01 1.17570000e+02 4.74550705e+01
   vertex 5.94039001e+01 1.17830673e+02 4.61309204e+01
   vertex 6.09485893e+01 1.19096886e+02 4.80890961e+01
  endloop
 endfacet
 facet normal 7.72832632e-01 -6.23949111e-01 1.15832917e-01
  outer loop
   vertex 6.09485893e+01 1.19096886e+02 4.80890961e+01
   vertex 5.94039001e+01 1.17830673e+02 4.61309204e+01
   vertex 6.11648560e+01 1.19208504e+02 4.75220871e+01
  endloop
 endfacet
 facet normal 2.62012094e-01 -9.64892387e-01 -1.82301514e-02
  outer loop
   vertex 5.87447815e+01 1.17570717e+02 4.88877487e+01
   vertex 5.88988800e+01 1.17570000e+02 4.74550705e+01
   vertex 6.08826180e+01 1.19097206e+02 4.87025986e+01
  endloop
 endfacet
 facet normal 7.79327273e-01 -6.25784039e-01 3.23011354e-02
  outer loop
   vertex 6.08826180e+01 1.19097206e+02 4.87025986e+01
   vertex 5.88988800e+01 1.17570000e+02 4.74550705e+01
   vertex 6.09485893e+01 1.19096886e+02 4.80890961e+01
  endloop
 endfacet
 facet normal 2.52433985e-01 -9.63037372e-01 9.40006375e-02
  outer loop
   vertex 5.89566536e+01 1.17832771e+02 5.02887383e+01
   vertex 5.87447815e+01 1.17570717e+02 4.88877487e+01
   vertex 6.09733467e+01 1.19209412e+02 4.93025360e+01
  endloop
 endfacet
 facet normal 7.64566779e-01 -6.42723203e-01 -4.84202504e-02
  outer loop
   vertex 6.09733467e+01 1.19209412e+02 4.93025360e+01
   vertex 5.87447815e+01 1.17570717e+02 4.88877487e+01
   vertex 6.08826180e+01 1.19097206e+02 4.87025986e+01
  endloop
 endfacet
 facet normal 2.71442771e-01 -9.40847218e-01 2.02793792e-01
  outer loop
   vertex 5.95137978e+01 1.18330513e+02 5.15209045e+01
   vertex 5.89566536e+01 1.17832771e+02 5.02887383e+01
   vertex 6.12119370e+01 1.19422562e+02 4.98301659e+01
  endloop
 endfacet
 facet normal 7.30002522e-01 -6.73102200e-01 -1.18447229e-01
  outer loop
   vertex 6.12119370e+01 1.19422562e+02 4.98301659e+01
   vertex 5.89566536e+01 1.17832771e+02 5.02887383e+01
   vertex 6.09733467e+01 1.19209412e+02 4.93025360e+01
  endloop
 endfacet
 facet normal -8.30271304e-01 5.48685551e-01 9.79474038e-02
  outer loop
   vertex 6.82214890e+01 1.80711956e+01 5.77532959e+01
   vertex 5.98096771e+01 1.17345333e+01 2.99997864e+01
   vertex 6.20525322e+01 1.26769428e+01 3.83435326e+01
  endloop
 endfacet
 facet normal -5.06389201e-01 8.34934473e-01 2.15532675e-01
  outer loop
   vertex 6.20525322e+01 1.26769428e+01 3.83435326e+01
   vertex 5.98096771e+01 1.17345333e+01 2.99997864e+01
   vertex 6.17028427e+01 1.24251146e+01 3.71751328e+01
  endloop
 endfacet
 facet normal -7.35156953e-01 6.59358740e-01 1.57449409e-01
  outer loop
   vertex 6.17028427e+01 1.24251146e+01 3.71751328e+01
   vertex 5.98096771e+01 1.17345333e+01 2.99997864e+01
   vertex 6.15969276e+01 1.23488340e+01 3.68212662e+01
  endloop
 endfacet
 facet normal -9.18241501e-01 1.83252022e-01 3.51071537e-01
  outer loop
   vertex 5.91909332e+01 1.01747036e+01 2.93399010e+01
   vertex 5.99610405e+01 1.08481026e+01 3.17629299e+01
   vertex 5.98096771e+01 1.17345333e+01 2.99997864e+01
  endloop
 endfacet
 facet normal -8.98036480e-01 4.18647170e-01 1.35148168e-01
  outer loop
   vertex 6.15969276e+01 1.23488340e+01 3.68212662e+01
   vertex 5.98096771e+01 1.17345333e+01 2.99997864e+01
   vertex 6.15596581e+01 1.22459679e+01 3.67927780e+01
  endloop
 endfacet
 facet normal -8.31852794e-01 2.98254818e-01 -4.68043774e-01
  outer loop
   vertex 5.99610405e+01 1.08481026e+01 3.17629299e+01
   vertex 6.00278625e+01 1.12188282e+01 3.15786915e+01
   vertex 5.98096771e+01 1.17345333e+01 2.99997864e+01
  endloop
 endfacet
 facet normal -3.64327431e-01 8.96584570e-01 -2.51796871e-01
  outer loop
   vertex 6.05336075e+01 1.15830574e+01 3.32684822e+01
   vertex 6.08692741e+01 1.18248034e+01 3.43900032e+01
   vertex 6.00278625e+01 1.12188282e+01 3.15786915e+01
  endloop
 endfacet
 facet normal -7.04508305e-01 6.82194829e-01 1.95648372e-01
  outer loop
   vertex 6.00278625e+01 1.12188282e+01 3.15786915e+01
   vertex 6.08692741e+01 1.18248034e+01 3.43900032e+01
   vertex 5.98096771e+01 1.17345333e+01 2.99997864e+01
  endloop
 endfacet
 facet normal -7.64494121e-01 4.82821554e-01 4.27120715e-01
  outer loop
   vertex 5.98096771e+01 1.17345333e+01 2.99997864e+01
   vertex 6.08692741e+01 1.18248034e+01 3.43900032e+01
   vertex 6.15596581e+01 1.22459679e+01 3.67927780e+01
  endloop
 endfacet
 facet normal -7.25822210e-01 6.05392218e-01 3.26622665e-01
  outer loop
   vertex 6.08692741e+01 1.18248034e+01 3.43900032e+01
   vertex 6.08684807e+01 1.18182049e+01 3.43949623e+01
   vertex 6.15596581e+01 1.22459679e+01 3.67927780e+01
  endloop
 endfacet
 facet normal -7.93932855e-01 5.52536368e-01 2.53720671e-01
  outer loop
   vertex 6.08684807e+01 1.18182049e+01 3.43949623e+01
   vertex 6.08682709e+01 1.16414070e+01 3.46174202e+01
   vertex 6.15596581e+01 1.22459679e+01 3.67927780e+01
  endloop
 endfacet
 facet normal -9.24054742e-01 2.34184012e-01 -3.02126855e-01
  outer loop
   vertex 5.99127922e+01 1.07955971e+01 3.17891483e+01
   vertex 5.99610405e+01 1.08481026e+01 3.17629299e+01
   vertex 5.91909332e+01 1.01747036e+01 2.93399010e+01
  endloop
 endfacet
 facet normal -7.14136124e-01 6.93267524e-01 -9.69005674e-02
  outer loop
   vertex 6.03381767e+01 1.09435472e+01 3.74242973e+01
   vertex 6.05126152e+01 1.11019211e+01 3.73132095e+01
   vertex 5.97715111e+01 1.04536734e+01 3.52350273e+01
  endloop
 endfacet
 facet normal -6.64574683e-01 7.39853024e-01 1.04680732e-01
  outer loop
   vertex 5.97715111e+01 1.04536734e+01 3.52350273e+01
   vertex 6.05126152e+01 1.11019211e+01 3.73132095e+01
   vertex 5.99122086e+01 1.05810127e+01 3.51873169e+01
  endloop
 endfacet
 facet normal -8.28175724e-01 3.99888188e-01 -3.92701417e-01
  outer loop
   vertex 5.90089912e+01 9.79449177e+00 3.22891006e+01
   vertex 5.90840683e+01 9.86252499e+00 3.22550774e+01
   vertex 5.80796509e+01 8.99110031e+00 2.86986942e+01
  endloop
 endfacet
 facet normal -8.45213234e-01 3.79352033e-01 -3.76439363e-01
  outer loop
   vertex 5.90840683e+01 9.86252499e+00 3.22550774e+01
   vertex 5.91527786e+01 9.92735386e+00 3.22226677e+01
   vertex 5.80796509e+01 8.99110031e+00 2.86986942e+01
  endloop
 endfacet
 facet normal -7.13542223e-01 5.82022548e-01 -3.90009314e-01
  outer loop
   vertex 6.54273148e+01 1.54015951e+01 5.28272972e+01
   vertex 6.15635643e+01 1.20306501e+01 4.01393242e+01
   vertex 6.49489441e+01 1.49508400e+01 5.30211182e+01
  endloop
 endfacet
 facet normal -5.04131854e-01 7.76462376e-01 3.78096908e-01
  outer loop
   vertex 6.49489441e+01 1.49508400e+01 5.30211182e+01
   vertex 6.15635643e+01 1.20306501e+01 4.01393242e+01
   vertex 6.13433838e+01 1.18226843e+01 4.02547340e+01
  endloop
 endfacet
 facet normal -8.82752001e-01 3.02375168e-01 -3.59608263e-01
  outer loop
   vertex 5.98688354e+01 1.07485952e+01 3.18126259e+01
   vertex 5.91909332e+01 1.01747036e+01 2.93399010e+01
   vertex 5.91527786e+01 9.92735386e+00 3.22226677e+01
  endloop
 endfacet
 facet normal -8.89065623e-01 3.65774632e-01 2.75265723e-01
  outer loop
   vertex 5.91527786e+01 9.92735386e+00 3.22226677e+01
   vertex 5.91909332e+01 1.01747036e+01 2.93399010e+01
   vertex 5.80796509e+01 8.99110031e+00 2.86986942e+01
  endloop
 endfacet
 facet normal -7.75352120e-01 6.31524980e-01 -2.29578279e-03
  outer loop
   vertex 6.67710190e+01 1.65917568e+01 5.69890289e+01
   vertex 6.65898132e+01 1.64383545e+01 5.63280602e+01
   vertex 6.67136078e+01 1.65238228e+01 5.70512848e+01
  endloop
 endfacet
 facet normal -7.44002879e-01 6.62135184e-01 8.96479189e-02
  outer loop
   vertex 6.67136078e+01 1.65238228e+01 5.70512848e+01
   vertex 6.65898132e+01 1.64383545e+01 5.63280602e+01
   vertex 6.64947357e+01 1.63328724e+01 5.63325577e+01
  endloop
 endfacet
 facet normal -4.87669230e-01 8.20390522e-01 -2.98560113e-01
  outer loop
   vertex 6.20525322e+01 1.26769428e+01 3.83435326e+01
   vertex 6.21663132e+01 1.27734537e+01 3.87528687e+01
   vertex 6.82214890e+01 1.80711956e+01 5.77532959e+01
  endloop
 endfacet
 facet normal -3.04051816e-01 9.41378832e-01 -1.46145016e-01
  outer loop
   vertex 6.21663132e+01 1.27734537e+01 3.87528687e+01
   vertex 6.24252853e+01 1.29931393e+01 3.96845627e+01
   vertex 6.82214890e+01 1.80711956e+01 5.77532959e+01
  endloop
 endfacet
 facet normal -9.24544334e-01 3.81064057e-01 2.81195203e-03
  outer loop
   vertex 6.78033600e+01 1.75825081e+01 5.85615692e+01
   vertex 6.82214890e+01 1.80711956e+01 5.77532959e+01
   vertex 6.22647324e+01 1.28185701e+01 3.97691956e+01
  endloop
 endfacet
 facet normal -4.22195822e-01 8.38549316e-01 3.44362825e-01
  outer loop
   vertex 6.24252853e+01 1.29931393e+01 3.96845627e+01
   vertex 6.22647324e+01 1.28185701e+01 3.97691956e+01
   vertex 6.82214890e+01 1.80711956e+01 5.77532959e+01
  endloop
 endfacet
 facet normal -8.22444975e-01 5.68053365e-01 -2.99936850e-02
  outer loop
   vertex 6.15596581e+01 1.22459679e+01 3.67927780e+01
   vertex 6.08682709e+01 1.16414070e+01 3.46174202e+01
   vertex 6.14096985e+01 1.20831261e+01 3.68680916e+01
  endloop
 endfacet
 facet normal -7.38763273e-01 6.61765754e-01 1.27651557e-01
  outer loop
   vertex 6.14096985e+01 1.20831261e+01 3.68680916e+01
   vertex 6.08682709e+01 1.16414070e+01 3.46174202e+01
   vertex 6.07639427e+01 1.15277014e+01 3.46770782e+01
  endloop
 endfacet
 facet normal -7.48189747e-01 6.58827245e-01 -7.84774050e-02
  outer loop
   vertex 6.14096985e+01 1.20831261e+01 3.68680916e+01
   vertex 6.07639427e+01 1.15277014e+01 3.46770782e+01
   vertex 6.12739868e+01 1.19381495e+01 3.69380455e+01
  endloop
 endfacet
 facet normal -6.95912123e-01 7.07333028e-01 1.24041378e-01
  outer loop
   vertex 6.12739868e+01 1.19381495e+01 3.69380455e+01
   vertex 6.07639427e+01 1.15277014e+01 3.46770782e+01
   vertex 6.06684494e+01 1.14255228e+01 3.47292938e+01
  endloop
 endfacet
 facet normal -8.84974301e-01 2.94518292e-01 -3.60665232e-01
  outer loop
   vertex 5.98688354e+01 1.07485952e+01 3.18126259e+01
   vertex 5.99127922e+01 1.07955971e+01 3.17891483e+01
   vertex 5.91909332e+01 1.01747036e+01 2.93399010e+01
  endloop
 endfacet
 facet normal -7.95386612e-01 6.06016576e-01 -1.02013210e-02
  outer loop
   vertex 5.89949341e+01 9.80157185e+00 3.83383484e+01
   vertex 5.91141205e+01 9.92311573e+00 3.82725372e+01
   vertex 5.83329659e+01 9.23373985e+00 3.56607666e+01
  endloop
 endfacet
 facet normal -6.77256525e-01 7.00743556e-01 2.24236608e-01
  outer loop
   vertex 5.83329659e+01 9.23373985e+00 3.56607666e+01
   vertex 5.91141205e+01 9.92311573e+00 3.82725372e+01
   vertex 5.84257278e+01 9.32816219e+00 3.56145592e+01
  endloop
 endfacet
 facet normal -9.62826550e-01 1.67127736e-02 -2.69602835e-01
  outer loop
   vertex 5.76420784e+01 8.64109898e+00 3.28662071e+01
   vertex 5.77055664e+01 8.70575047e+00 3.28339081e+01
   vertex 5.61321030e+01 7.34584379e+00 2.67584991e+01
  endloop
 endfacet
 facet normal -7.07261860e-01 7.05219686e-01 -4.94552366e-02
  outer loop
   vertex 5.91141205e+01 9.92311573e+00 3.82725372e+01
   vertex 5.95229454e+01 1.02667236e+01 3.79913445e+01
   vertex 5.84257278e+01 9.32816219e+00 3.56145592e+01
  endloop
 endfacet
 facet normal -6.35527432e-01 7.57276714e-01 1.50455445e-01
  outer loop
   vertex 5.89111519e+01 9.73702145e+00 3.54487114e+01
   vertex 5.88233261e+01 9.66301250e+00 3.54716034e+01
   vertex 5.95229454e+01 1.02667236e+01 3.79913445e+01
  endloop
 endfacet
 facet normal -6.17497027e-01 7.59988368e-01 2.02768698e-01
  outer loop
   vertex 5.95229454e+01 1.02667236e+01 3.79913445e+01
   vertex 5.88233261e+01 9.66301250e+00 3.54716034e+01
   vertex 5.84257278e+01 9.32816219e+00 3.56145592e+01
  endloop
 endfacet
 facet normal -8.41535807e-01 3.74700248e-01 -3.89123619e-01
  outer loop
   vertex 5.82289429e+01 9.14636040e+00 3.26134377e+01
   vertex 5.71032906e+01 8.17175770e+00 2.79352303e+01
   vertex 5.77055664e+01 8.70575047e+00 3.28339081e+01
  endloop
 endfacet
 facet normal -9.56935942e-01 1.37746826e-01 2.55537450e-01
  outer loop
   vertex 5.77055664e+01 8.70575047e+00 3.28339081e+01
   vertex 5.71032906e+01 8.17175770e+00 2.79352303e+01
   vertex 5.61321030e+01 7.34584379e+00 2.67584991e+01
  endloop
 endfacet
 facet normal -6.99682057e-01 7.06990182e-01 -1.03004500e-01
  outer loop
   vertex 5.96142387e+01 1.03496065e+01 3.79332047e+01
   vertex 5.97223053e+01 1.04310303e+01 3.78517609e+01
   vertex 5.89840546e+01 9.80301857e+00 3.54239731e+01
  endloop
 endfacet
 facet normal -6.42930925e-01 7.59929657e-01 9.56386402e-02
  outer loop
   vertex 5.89840546e+01 9.80301857e+00 3.54239731e+01
   vertex 5.97223053e+01 1.04310303e+01 3.78517609e+01
   vertex 5.90770416e+01 9.87438965e+00 3.54085312e+01
  endloop
 endfacet
 facet normal -8.21886778e-01 4.00576204e-01 -4.05019581e-01
  outer loop
   vertex 5.82731705e+01 9.18644428e+00 3.25933914e+01
   vertex 5.83280106e+01 9.22825146e+00 3.25724525e+01
   vertex 5.71032906e+01 8.17175770e+00 2.79352303e+01
  endloop
 endfacet
 facet normal -6.96216643e-01 7.09983647e-01 -1.05856776e-01
  outer loop
   vertex 5.97223053e+01 1.04310303e+01 3.78517609e+01
   vertex 6.02078400e+01 1.08328638e+01 3.75130882e+01
   vertex 5.90770416e+01 9.87438965e+00 3.54085312e+01
  endloop
 endfacet
 facet normal -6.47160709e-01 7.56274104e-01 9.60860699e-02
  outer loop
   vertex 5.90770416e+01 9.87438965e+00 3.54085312e+01
   vertex 6.02078400e+01 1.08328638e+01 3.75130882e+01
   vertex 5.96647873e+01 1.03629007e+01 3.52638969e+01
  endloop
 endfacet
 facet normal -8.08190465e-01 4.25475955e-01 -4.07183528e-01
  outer loop
   vertex 5.89523468e+01 9.74634933e+00 3.23131866e+01
   vertex 5.80796509e+01 8.99110031e+00 2.86986942e+01
   vertex 5.83280106e+01 9.22825146e+00 3.25724525e+01
  endloop
 endfacet
 facet normal -8.67071927e-01 4.28396940e-01 2.54287988e-01
  outer loop
   vertex 5.83280106e+01 9.22825146e+00 3.25724525e+01
   vertex 5.80796509e+01 8.99110031e+00 2.86986942e+01
   vertex 5.71032906e+01 8.17175770e+00 2.79352303e+01
  endloop
 endfacet
 facet normal -7.07960725e-01 6.99036777e-01 -1.00693531e-01
  outer loop
   vertex 5.95229454e+01 1.02667236e+01 3.79913445e+01
   vertex 5.96142387e+01 1.03496065e+01 3.79332047e+01
   vertex 5.89111519e+01 9.73702145e+00 3.54487114e+01
  endloop
 endfacet
 facet normal -6.53008640e-01 7.50882208e-01 9.87706557e-02
  outer loop
   vertex 5.89111519e+01 9.73702145e+00 3.54487114e+01
   vertex 5.96142387e+01 1.03496065e+01 3.79332047e+01
   vertex 5.89840546e+01 9.80301857e+00 3.54239731e+01
  endloop
 endfacet
 facet normal -8.30972254e-01 3.88357520e-01 -3.98325950e-01
  outer loop
   vertex 5.82289429e+01 9.14636040e+00 3.26134377e+01
   vertex 5.82731705e+01 9.18644428e+00 3.25933914e+01
   vertex 5.71032906e+01 8.17175770e+00 2.79352303e+01
  endloop
 endfacet
 facet normal -7.05896318e-01 7.01170921e-01 -1.00347809e-01
  outer loop
   vertex 6.02078400e+01 1.08328638e+01 3.75130882e+01
   vertex 6.03381767e+01 1.09435472e+01 3.74242973e+01
   vertex 5.96647873e+01 1.03629007e+01 3.52638969e+01
  endloop
 endfacet
 facet normal -6.55380964e-01 7.48469651e-01 1.01335861e-01
  outer loop
   vertex 5.96647873e+01 1.03629007e+01 3.52638969e+01
   vertex 6.03381767e+01 1.09435472e+01 3.74242973e+01
   vertex 5.97715111e+01 1.04536734e+01 3.52350273e+01
  endloop
 endfacet
 facet normal -8.18337977e-01 4.12353963e-01 -4.00358766e-01
  outer loop
   vertex 5.89523468e+01 9.74634933e+00 3.23131866e+01
   vertex 5.90089912e+01 9.79449177e+00 3.22891006e+01
   vertex 5.80796509e+01 8.99110031e+00 2.86986942e+01
  endloop
 endfacet
 facet normal 1.26419842e-01 -9.50106084e-01 2.85160333e-01
  outer loop
   vertex 6.09134903e+01 7.26646900e+00 3.78114929e+01
   vertex 6.08730125e+01 7.22381544e+00 3.78328018e+01
   vertex 6.08543968e+01 7.20633173e+00 3.75551758e+01
  endloop
 endfacet
 facet normal 8.39488506e-02 -9.69475329e-01 2.30369657e-01
  outer loop
   vertex 6.08730125e+01 7.22381544e+00 3.78328018e+01
   vertex 6.05293999e+01 6.87311745e+00 3.64780617e+01
   vertex 6.08543968e+01 7.20633173e+00 3.75551758e+01
  endloop
 endfacet
 facet normal 6.85919523e-02 -9.85053360e-01 1.58003405e-01
  outer loop
   vertex 6.05293999e+01 6.87311745e+00 3.64780617e+01
   vertex 6.05713272e+01 6.91730356e+00 3.64559898e+01
   vertex 6.08543968e+01 7.20633173e+00 3.75551758e+01
  endloop
 endfacet
 facet normal 3.77718620e-02 -9.97978628e-01 5.11071831e-02
  outer loop
   vertex 6.05713272e+01 6.91730356e+00 3.64559898e+01
   vertex 6.05293999e+01 6.87311745e+00 3.64780617e+01
   vertex 5.99115181e+01 6.87972784e+00 3.51754341e+01
  endloop
 endfacet
 facet normal -4.77998023e-04 -9.99819577e-01 -1.89894903e-02
  outer loop
   vertex 5.99115181e+01 6.87972784e+00 3.51754341e+01
   vertex 6.05293999e+01 6.87311745e+00 3.64780617e+01
   vertex 5.98801727e+01 6.84669447e+00 3.51919365e+01
  endloop
 endfacet
 facet normal -6.41468540e-02 -9.92340922e-01 -1.05568267e-01
  outer loop
   vertex 5.99115181e+01 6.87972784e+00 3.51754341e+01
   vertex 5.98801727e+01 6.84669447e+00 3.51919365e+01
   vertex 5.98229256e+01 6.90747738e+00 3.50695724e+01
  endloop
 endfacet
 facet normal -2.41332248e-01 -9.70360816e-01 1.25942519e-02
  outer loop
   vertex 5.98229256e+01 6.90747738e+00 3.50695724e+01
   vertex 5.98801727e+01 6.84669447e+00 3.51919365e+01
   vertex 5.94815674e+01 6.98106241e+00 3.47037010e+01
  endloop
 endfacet
 facet normal -6.48290887e-02 -9.38522220e-01 3.39076996e-01
  outer loop
   vertex 6.08751488e+01 7.53533411e+00 3.84604416e+01
   vertex 6.08730125e+01 7.22381544e+00 3.78328018e+01
   vertex 6.09134903e+01 7.26646900e+00 3.78114929e+01
  endloop
 endfacet
 facet normal -3.85885417e-01 -8.81705463e-01 2.71455258e-01
  outer loop
   vertex 6.01697235e+01 7.25476456e+00 3.65587883e+01
   vertex 6.05293999e+01 6.87311745e+00 3.64780617e+01
   vertex 6.06249428e+01 7.43583393e+00 3.77859879e+01
  endloop
 endfacet
 facet normal -1.39311850e-01 -9.51021492e-01 2.75953442e-01
  outer loop
   vertex 6.06249428e+01 7.43583393e+00 3.77859879e+01
   vertex 6.05293999e+01 6.87311745e+00 3.64780617e+01
   vertex 6.08730125e+01 7.22381544e+00 3.78328018e+01
  endloop
 endfacet
 facet normal -1.95977002e-01 -9.72572982e-01 1.25278801e-01
  outer loop
   vertex 5.98801727e+01 6.84669447e+00 3.51919365e+01
   vertex 6.05293999e+01 6.87311745e+00 3.64780617e+01
   vertex 5.97125931e+01 7.07297659e+00 3.53265800e+01
  endloop
 endfacet
 facet normal -3.85888338e-01 -8.81704211e-01 2.71455109e-01
  outer loop
   vertex 5.97125931e+01 7.07297659e+00 3.53265800e+01
   vertex 6.05293999e+01 6.87311745e+00 3.64780617e+01
   vertex 6.01697235e+01 7.25476456e+00 3.65587883e+01
  endloop
 endfacet
 facet normal -4.02753502e-01 -8.97981405e-01 1.77254140e-01
  outer loop
   vertex 5.94815674e+01 6.98106241e+00 3.47037010e+01
   vertex 5.98801727e+01 6.84669447e+00 3.51919365e+01
   vertex 5.97125931e+01 7.07297659e+00 3.53265800e+01
  endloop
 endfacet
 facet normal -3.36064249e-01 -8.72646034e-01 3.54330033e-01
  outer loop
   vertex 6.06249428e+01 7.43583393e+00 3.77859879e+01
   vertex 6.08730125e+01 7.22381544e+00 3.78328018e+01
   vertex 6.08751488e+01 7.53533411e+00 3.84604416e+01
  endloop
 endfacet
 facet normal -5.84295034e-01 6.91750765e-01 4.24358577e-01
  outer loop
   vertex 5.88233261e+01 9.66301250e+00 3.54716034e+01
   vertex 5.89111519e+01 9.73702145e+00 3.54487114e+01
   vertex 6.08684807e+01 1.18182049e+01 3.43949623e+01
  endloop
 endfacet
 facet normal -6.11829102e-01 6.94551826e-01 3.78500909e-01
  outer loop
   vertex 5.89111519e+01 9.73702145e+00 3.54487114e+01
   vertex 5.89840546e+01 9.80301857e+00 3.54239731e+01
   vertex 6.08684807e+01 1.18182049e+01 3.43949623e+01
  endloop
 endfacet
 facet normal -6.06645048e-01 7.00359523e-01 3.76136065e-01
  outer loop
   vertex 5.89840546e+01 9.80301857e+00 3.54239731e+01
   vertex 5.90770416e+01 9.87438965e+00 3.54085312e+01
   vertex 6.08684807e+01 1.18182049e+01 3.43949623e+01
  endloop
 endfacet
 facet normal -6.06773913e-01 7.00284421e-01 3.76068026e-01
  outer loop
   vertex 5.90770416e+01 9.87438965e+00 3.54085312e+01
   vertex 5.96647873e+01 1.03629007e+01 3.52638969e+01
   vertex 6.08684807e+01 1.18182049e+01 3.43949623e+01
  endloop
 endfacet
 facet normal -6.12084329e-01 6.94157004e-01 3.78812462e-01
  outer loop
   vertex 5.96647873e+01 1.03629007e+01 3.52638969e+01
   vertex 5.97715111e+01 1.04536734e+01 3.52350273e+01
   vertex 6.08684807e+01 1.18182049e+01 3.43949623e+01
  endloop
 endfacet
 facet normal -6.17331862e-01 6.88461065e-01 3.80687237e-01
  outer loop
   vertex 5.97715111e+01 1.04536734e+01 3.52350273e+01
   vertex 5.99122086e+01 1.05810127e+01 3.51873169e+01
   vertex 6.08684807e+01 1.18182049e+01 3.43949623e+01
  endloop
 endfacet
 facet normal -6.27490282e-01 6.78279817e-01 3.82351190e-01
  outer loop
   vertex 5.99122086e+01 1.05810127e+01 3.51873169e+01
   vertex 6.00405121e+01 1.07018595e+01 3.51378517e+01
   vertex 6.08684807e+01 1.18182049e+01 3.43949623e+01
  endloop
 endfacet
 facet normal -6.35756791e-01 6.67214215e-01 3.88121814e-01
  outer loop
   vertex 6.00405121e+01 1.07018595e+01 3.51378517e+01
   vertex 6.06684494e+01 1.14255228e+01 3.47292938e+01
   vertex 6.08684807e+01 1.18182049e+01 3.43949623e+01
  endloop
 endfacet
 facet normal -6.35369360e-01 6.64607167e-01 3.93195957e-01
  outer loop
   vertex 6.06684494e+01 1.14255228e+01 3.47292938e+01
   vertex 6.07639427e+01 1.15277014e+01 3.46770782e+01
   vertex 6.08684807e+01 1.18182049e+01 3.43949623e+01
  endloop
 endfacet
 facet normal -6.77862048e-01 6.18715286e-01 3.97107601e-01
  outer loop
   vertex 6.07639427e+01 1.15277014e+01 3.46770782e+01
   vertex 6.08682709e+01 1.16414070e+01 3.46174202e+01
   vertex 6.08684807e+01 1.18182049e+01 3.43949623e+01
  endloop
 endfacet
 facet normal -2.90698260e-01 6.24296546e-01 7.25085020e-01
  outer loop
   vertex 6.04248543e+01 1.20787868e+01 3.40542488e+01
   vertex 5.76366768e+01 9.14059830e+00 3.55220680e+01
   vertex 6.08692741e+01 1.18248034e+01 3.43900032e+01
  endloop
 endfacet
 facet normal -6.23430789e-01 3.87448162e-01 6.79130316e-01
  outer loop
   vertex 6.08692741e+01 1.18248034e+01 3.43900032e+01
   vertex 5.76366768e+01 9.14059830e+00 3.55220680e+01
   vertex 6.08684807e+01 1.18182049e+01 3.43949623e+01
  endloop
 endfacet
 facet normal -6.88583374e-01 6.83636516e-02 7.21927524e-01
  outer loop
   vertex 5.80846252e+01 8.88456917e+00 3.58604813e+01
   vertex 5.83449364e+01 9.15888214e+00 3.57234459e+01
   vertex 5.76366768e+01 9.14059830e+00 3.55220680e+01
  endloop
 endfacet
 facet normal -6.81961894e-01 3.08612764e-01 6.63088322e-01
  outer loop
   vertex 5.83449364e+01 9.15888214e+00 3.57234459e+01
   vertex 5.83329659e+01 9.23373985e+00 3.56607666e+01
   vertex 5.76366768e+01 9.14059830e+00 3.55220680e+01
  endloop
 endfacet
 facet normal -6.29029036e-01 4.16067362e-01 6.56666100e-01
  outer loop
   vertex 6.08684807e+01 1.18182049e+01 3.43949623e+01
   vertex 5.76366768e+01 9.14059830e+00 3.55220680e+01
   vertex 5.88233261e+01 9.66301250e+00 3.54716034e+01
  endloop
 endfacet
 facet normal -5.87247849e-01 5.10264456e-01 6.28307343e-01
  outer loop
   vertex 5.88233261e+01 9.66301250e+00 3.54716034e+01
   vertex 5.76366768e+01 9.14059830e+00 3.55220680e+01
   vertex 5.84257278e+01 9.32816219e+00 3.56145592e+01
  endloop
 endfacet
 facet normal -6.31477296e-01 4.41747367e-01 6.37256384e-01
  outer loop
   vertex 5.76366768e+01 9.14059830e+00 3.55220680e+01
   vertex 5.83329659e+01 9.23373985e+00 3.56607666e+01
   vertex 5.84257278e+01 9.32816219e+00 3.56145592e+01
  endloop
 endfacet
 facet normal -8.13309669e-01 1.26340300e-01 5.67948520e-01
  outer loop
   vertex 5.84662819e+01 8.75591660e+00 3.63279572e+01
   vertex 5.84725990e+01 8.76257229e+00 3.63246346e+01
   vertex 5.80846252e+01 8.88456917e+00 3.58604813e+01
  endloop
 endfacet
 facet normal -7.68898606e-01 2.78677583e-01 5.75442255e-01
  outer loop
   vertex 5.83449364e+01 9.15888214e+00 3.57234459e+01
   vertex 5.80846252e+01 8.88456917e+00 3.58604813e+01
   vertex 5.84725990e+01 8.76257229e+00 3.63246346e+01
  endloop
 endfacet
 facet normal -8.83167446e-01 1.62158504e-01 4.40136194e-01
  outer loop
   vertex 5.84725990e+01 8.76257229e+00 3.63246346e+01
   vertex 5.84662819e+01 8.75591660e+00 3.63279572e+01
   vertex 5.84793091e+01 8.75644398e+00 3.63537712e+01
  endloop
 endfacet
 facet normal -9.05997992e-01 -1.13212898e-01 4.07860875e-01
  outer loop
   vertex 5.84793091e+01 8.75644398e+00 3.63537712e+01
   vertex 5.84662819e+01 8.75591660e+00 3.63279572e+01
   vertex 5.84717751e+01 8.74849987e+00 3.63235435e+01
  endloop
 endfacet
 facet normal -8.33171725e-01 -1.50830463e-01 5.32047987e-01
  outer loop
   vertex 5.84662819e+01 8.75591660e+00 3.63279572e+01
   vertex 5.80846252e+01 8.88456917e+00 3.58604813e+01
   vertex 5.84717751e+01 8.74849987e+00 3.63235435e+01
  endloop
 endfacet
 facet normal -8.50563586e-01 -2.63781190e-01 4.54929709e-01
  outer loop
   vertex 5.84717751e+01 8.74849987e+00 3.63235435e+01
   vertex 5.80846252e+01 8.88456917e+00 3.58604813e+01
   vertex 5.82675781e+01 8.53304863e+00 3.55043526e+01
  endloop
 endfacet
 facet normal -7.47356415e-01 -1.98096439e-01 6.34205163e-01
  outer loop
   vertex 5.80846252e+01 8.88456917e+00 3.58604813e+01
   vertex 5.76366768e+01 9.14059830e+00 3.55220680e+01
   vertex 5.82675781e+01 8.53304863e+00 3.55043526e+01
  endloop
 endfacet
 facet normal -8.11535835e-01 -2.98339695e-01 5.02397299e-01
  outer loop
   vertex 5.82675781e+01 8.53304863e+00 3.55043526e+01
   vertex 5.76366768e+01 9.14059830e+00 3.55220680e+01
   vertex 5.78634834e+01 8.10665131e+00 3.38831978e+01
  endloop
 endfacet
 facet normal -7.59257257e-01 -6.13185346e-01 2.18018740e-01
  outer loop
   vertex 5.68443336e+01 8.58179474e+00 3.28983383e+01
   vertex 5.76977005e+01 7.93171692e+00 3.32181168e+01
   vertex 5.71662636e+01 9.49891853e+00 3.53457947e+01
  endloop
 endfacet
 facet normal -7.88077891e-01 -3.97987187e-01 4.69616264e-01
  outer loop
   vertex 5.76977005e+01 7.93171692e+00 3.32181168e+01
   vertex 5.78634834e+01 8.10665131e+00 3.38831978e+01
   vertex 5.71662636e+01 9.49891853e+00 3.53457947e+01
  endloop
 endfacet
 facet normal -6.51022077e-01 -2.75263727e-01 7.07389653e-01
  outer loop
   vertex 5.78634834e+01 8.10665131e+00 3.38831978e+01
   vertex 5.76366768e+01 9.14059830e+00 3.55220680e+01
   vertex 5.71662636e+01 9.49891853e+00 3.53457947e+01
  endloop
 endfacet
 facet normal -8.46564829e-01 -4.27516818e-01 -3.17107707e-01
  outer loop
   vertex 5.76977005e+01 7.93171692e+00 3.32181168e+01
   vertex 5.68443336e+01 8.58179474e+00 3.28983383e+01
   vertex 5.76420784e+01 8.64109898e+00 3.28662071e+01
  endloop
 endfacet
 facet normal -4.77472037e-01 -2.18455821e-01 -8.51056695e-01
  outer loop
   vertex 5.68443336e+01 8.58179474e+00 3.28983383e+01
   vertex 5.96325150e+01 1.15199890e+01 3.14305515e+01
   vertex 5.76420784e+01 8.64109898e+00 3.28662071e+01
  endloop
 endfacet
 facet normal -4.50968742e-01 2.04784244e-01 -8.68729293e-01
  outer loop
   vertex 5.76420784e+01 8.64109898e+00 3.28662071e+01
   vertex 5.96325150e+01 1.15199890e+01 3.14305515e+01
   vertex 5.77055664e+01 8.70575047e+00 3.28339081e+01
  endloop
 endfacet
 facet normal -3.09158891e-01 2.78248310e-01 -9.09394681e-01
  outer loop
   vertex 5.77055664e+01 8.70575047e+00 3.28339081e+01
   vertex 5.96325150e+01 1.15199890e+01 3.14305515e+01
   vertex 5.82289429e+01 9.14636040e+00 3.26134377e+01
  endloop
 endfacet
 facet normal -2.95511514e-01 2.86624283e-01 -9.11328435e-01
  outer loop
   vertex 5.82289429e+01 9.14636040e+00 3.26134377e+01
   vertex 5.96325150e+01 1.15199890e+01 3.14305515e+01
   vertex 5.82731705e+01 9.18644428e+00 3.25933914e+01
  endloop
 endfacet
 facet normal -2.84392744e-01 2.94334024e-01 -9.12407935e-01
  outer loop
   vertex 5.82731705e+01 9.18644428e+00 3.25933914e+01
   vertex 5.96325150e+01 1.15199890e+01 3.14305515e+01
   vertex 5.83280106e+01 9.22825146e+00 3.25724525e+01
  endloop
 endfacet
 facet normal -2.81914890e-01 2.86621720e-01 -9.15626526e-01
  outer loop
   vertex 5.83280106e+01 9.22825146e+00 3.25724525e+01
   vertex 5.96325150e+01 1.15199890e+01 3.14305515e+01
   vertex 5.89523468e+01 9.74634933e+00 3.23131866e+01
  endloop
 endfacet
 facet normal -2.93531984e-01 2.78302610e-01 -9.14541781e-01
  outer loop
   vertex 5.89523468e+01 9.74634933e+00 3.23131866e+01
   vertex 5.96325150e+01 1.15199890e+01 3.14305515e+01
   vertex 5.90089912e+01 9.79449177e+00 3.22891006e+01
  endloop
 endfacet
 facet normal -3.05309951e-01 2.70535380e-01 -9.13015008e-01
  outer loop
   vertex 5.90089912e+01 9.79449177e+00 3.22891006e+01
   vertex 5.96325150e+01 1.15199890e+01 3.14305515e+01
   vertex 5.90840683e+01 9.86252499e+00 3.22550774e+01
  endloop
 endfacet
 facet normal -3.27187568e-01 2.58231342e-01 -9.08991098e-01
  outer loop
   vertex 5.90840683e+01 9.86252499e+00 3.22550774e+01
   vertex 5.96325150e+01 1.15199890e+01 3.14305515e+01
   vertex 5.91527786e+01 9.92735386e+00 3.22226677e+01
  endloop
 endfacet
 facet normal -3.49444628e-01 2.44114891e-01 -9.04597342e-01
  outer loop
   vertex 5.91527786e+01 9.92735386e+00 3.22226677e+01
   vertex 5.96325150e+01 1.15199890e+01 3.14305515e+01
   vertex 5.98688354e+01 1.07485952e+01 3.18126259e+01
  endloop
 endfacet
 facet normal -3.51102322e-01 2.37469912e-01 -9.05723572e-01
  outer loop
   vertex 5.98688354e+01 1.07485952e+01 3.18126259e+01
   vertex 5.96325150e+01 1.15199890e+01 3.14305515e+01
   vertex 5.99127922e+01 1.07955971e+01 3.17891483e+01
  endloop
 endfacet
 facet normal -4.14541572e-01 1.97032452e-01 -8.88444424e-01
  outer loop
   vertex 5.99127922e+01 1.07955971e+01 3.17891483e+01
   vertex 5.96325150e+01 1.15199890e+01 3.14305515e+01
   vertex 5.99610405e+01 1.08481026e+01 3.17629299e+01
  endloop
 endfacet
 facet normal -1.73017964e-01 2.36887619e-01 -9.56006825e-01
  outer loop
   vertex 5.96325150e+01 1.15199890e+01 3.14305515e+01
   vertex 6.00278625e+01 1.12188282e+01 3.15786915e+01
   vertex 5.99610405e+01 1.08481026e+01 3.17629299e+01
  endloop
 endfacet
 facet normal 4.14484680e-01 5.87860107e-01 -6.94710732e-01
  outer loop
   vertex 5.96325150e+01 1.15199890e+01 3.14305515e+01
   vertex 5.99544411e+01 1.24371090e+01 3.38779869e+01
   vertex 6.00278625e+01 1.12188282e+01 3.15786915e+01
  endloop
 endfacet
 facet normal 4.39252019e-01 8.89586627e-01 -1.25272959e-01
  outer loop
   vertex 5.99544411e+01 1.24371090e+01 3.38779869e+01
   vertex 6.04248543e+01 1.20787868e+01 3.40542488e+01
   vertex 6.00278625e+01 1.12188282e+01 3.15786915e+01
  endloop
 endfacet
 facet normal 4.49406467e-02 9.41438735e-01 -3.34175706e-01
  outer loop
   vertex 6.00278625e+01 1.12188282e+01 3.15786915e+01
   vertex 6.04248543e+01 1.20787868e+01 3.40542488e+01
   vertex 6.05336075e+01 1.15830574e+01 3.32684822e+01
  endloop
 endfacet
 facet normal -1.44682303e-01 9.53161299e-01 2.65613556e-01
  outer loop
   vertex 6.05336075e+01 1.15830574e+01 3.32684822e+01
   vertex 6.04248543e+01 1.20787868e+01 3.40542488e+01
   vertex 6.08692741e+01 1.18248034e+01 3.43900032e+01
  endloop
 endfacet
 facet normal -9.91373539e-01 3.20256613e-02 -1.27093822e-01
  outer loop
   vertex 5.88928795e+01 9.19286060e+00 3.80129433e+01
   vertex 5.87497253e+01 9.56337833e+00 3.84827156e+01
   vertex 5.89949341e+01 9.80157185e+00 3.83383484e+01
  endloop
 endfacet
 facet normal -7.74295032e-01 4.00893271e-01 -4.89644557e-01
  outer loop
   vertex 5.87497253e+01 9.56337833e+00 3.84827156e+01
   vertex 6.15379219e+01 1.25015812e+01 3.70149269e+01
   vertex 5.89949341e+01 9.80157185e+00 3.83383484e+01
  endloop
 endfacet
 facet normal -5.82592726e-01 6.77157044e-01 -4.49493110e-01
  outer loop
   vertex 5.89949341e+01 9.80157185e+00 3.83383484e+01
   vertex 6.15379219e+01 1.25015812e+01 3.70149269e+01
   vertex 5.91141205e+01 9.92311573e+00 3.82725372e+01
  endloop
 endfacet
 facet normal -5.28651893e-01 7.12226987e-01 -4.61800754e-01
  outer loop
   vertex 5.91141205e+01 9.92311573e+00 3.82725372e+01
   vertex 6.15379219e+01 1.25015812e+01 3.70149269e+01
   vertex 5.95229454e+01 1.02667236e+01 3.79913445e+01
  endloop
 endfacet
 facet normal -5.20903468e-01 7.16541409e-01 -4.63926762e-01
  outer loop
   vertex 5.95229454e+01 1.02667236e+01 3.79913445e+01
   vertex 6.15379219e+01 1.25015812e+01 3.70149269e+01
   vertex 5.96142387e+01 1.03496065e+01 3.79332047e+01
  endloop
 endfacet
 facet normal -5.13700366e-01 7.20661521e-01 -4.65573698e-01
  outer loop
   vertex 5.96142387e+01 1.03496065e+01 3.79332047e+01
   vertex 6.15379219e+01 1.25015812e+01 3.70149269e+01
   vertex 5.97223053e+01 1.04310303e+01 3.78517609e+01
  endloop
 endfacet
 facet normal -5.13624787e-01 7.20820308e-01 -4.65411246e-01
  outer loop
   vertex 5.97223053e+01 1.04310303e+01 3.78517609e+01
   vertex 6.15379219e+01 1.25015812e+01 3.70149269e+01
   vertex 6.02078400e+01 1.08328638e+01 3.75130882e+01
  endloop
 endfacet
 facet normal -5.21281242e-01 7.16340125e-01 -4.63813186e-01
  outer loop
   vertex 6.02078400e+01 1.08328638e+01 3.75130882e+01
   vertex 6.15379219e+01 1.25015812e+01 3.70149269e+01
   vertex 6.03381767e+01 1.09435472e+01 3.74242973e+01
  endloop
 endfacet
 facet normal -5.28479934e-01 7.12531328e-01 -4.61527944e-01
  outer loop
   vertex 6.03381767e+01 1.09435472e+01 3.74242973e+01
   vertex 6.15379219e+01 1.25015812e+01 3.70149269e+01
   vertex 6.05126152e+01 1.11019211e+01 3.73132095e+01
  endloop
 endfacet
 facet normal -5.41562438e-01 7.07031548e-01 -4.54770803e-01
  outer loop
   vertex 6.05126152e+01 1.11019211e+01 3.73132095e+01
   vertex 6.15379219e+01 1.25015812e+01 3.70149269e+01
   vertex 6.06732178e+01 1.12538710e+01 3.72155800e+01
  endloop
 endfacet
 facet normal -5.54789662e-01 6.98916018e-01 -4.51358885e-01
  outer loop
   vertex 6.06732178e+01 1.12538710e+01 3.72155800e+01
   vertex 6.15379219e+01 1.25015812e+01 3.70149269e+01
   vertex 6.12739868e+01 1.19381495e+01 3.69380455e+01
  endloop
 endfacet
 facet normal -5.57197154e-01 6.94995463e-01 -4.54436600e-01
  outer loop
   vertex 6.12739868e+01 1.19381495e+01 3.69380455e+01
   vertex 6.15379219e+01 1.25015812e+01 3.70149269e+01
   vertex 6.14096985e+01 1.20831261e+01 3.68680916e+01
  endloop
 endfacet
 facet normal -5.78912497e-01 6.75622582e-01 -4.56502408e-01
  outer loop
   vertex 6.15379219e+01 1.25015812e+01 3.70149269e+01
   vertex 6.15969276e+01 1.23488340e+01 3.68212662e+01
   vertex 6.14096985e+01 1.20831261e+01 3.68680916e+01
  endloop
 endfacet
 facet normal -8.20739686e-01 5.24844050e-01 -2.25665912e-01
  outer loop
   vertex 6.15969276e+01 1.23488340e+01 3.68212662e+01
   vertex 6.15596581e+01 1.22459679e+01 3.67927780e+01
   vertex 6.14096985e+01 1.20831261e+01 3.68680916e+01
  endloop
 endfacet
 facet normal -4.04053926e-01 8.20136368e-01 -4.05113250e-01
  outer loop
   vertex 6.15969276e+01 1.23488340e+01 3.68212662e+01
   vertex 6.15379219e+01 1.25015812e+01 3.70149269e+01
   vertex 6.17028427e+01 1.24251146e+01 3.71751328e+01
  endloop
 endfacet
 facet normal -8.03180635e-02 9.05969918e-01 -4.15653199e-01
  outer loop
   vertex 6.21663132e+01 1.27734537e+01 3.87528687e+01
   vertex 6.20525322e+01 1.26769428e+01 3.83435326e+01
   vertex 6.12629280e+01 1.29341345e+01 3.73584671e+01
  endloop
 endfacet
 facet normal -4.99622598e-02 8.08309972e-01 -5.86633384e-01
  outer loop
   vertex 6.15379219e+01 1.25015812e+01 3.70149269e+01
   vertex 6.12629280e+01 1.29341345e+01 3.73584671e+01
   vertex 6.17028427e+01 1.24251146e+01 3.71751328e+01
  endloop
 endfacet
 facet normal -1.65384993e-01 9.07667339e-01 -3.85730267e-01
  outer loop
   vertex 6.17028427e+01 1.24251146e+01 3.71751328e+01
   vertex 6.12629280e+01 1.29341345e+01 3.73584671e+01
   vertex 6.20525322e+01 1.26769428e+01 3.83435326e+01
  endloop
 endfacet
 facet normal 5.50139070e-01 8.33993733e-01 -4.24430519e-02
  outer loop
   vertex 6.18020020e+01 1.37341738e+01 3.99839630e+01
   vertex 6.24252853e+01 1.29931393e+01 3.96845627e+01
   vertex 6.08834763e+01 1.33852758e+01 3.75407410e+01
  endloop
 endfacet
 facet normal 1.97693542e-01 9.29771185e-01 -3.10552388e-01
  outer loop
   vertex 6.24252853e+01 1.29931393e+01 3.96845627e+01
   vertex 6.21663132e+01 1.27734537e+01 3.87528687e+01
   vertex 6.08834763e+01 1.33852758e+01 3.75407410e+01
  endloop
 endfacet
 facet normal 1.13565527e-01 7.14518666e-01 -6.90337539e-01
  outer loop
   vertex 6.21663132e+01 1.27734537e+01 3.87528687e+01
   vertex 6.12629280e+01 1.29341345e+01 3.73584671e+01
   vertex 6.08834763e+01 1.33852758e+01 3.75407410e+01
  endloop
 endfacet
 facet normal -5.54121852e-01 -1.28978863e-01 8.22382808e-01
  outer loop
   vertex 5.96713333e+01 1.00142431e+01 4.11359177e+01
   vertex 5.96831627e+01 1.03919382e+01 4.11221848e+01
   vertex 5.90138245e+01 1.07959747e+01 4.14517593e+01
  endloop
 endfacet
 facet normal -7.15019926e-03 2.58027971e-01 9.66111004e-01
  outer loop
   vertex 5.90138245e+01 1.07959747e+01 4.14517593e+01
   vertex 5.96831627e+01 1.03919382e+01 4.11221848e+01
   vertex 6.18020020e+01 1.37341738e+01 3.99839630e+01
  endloop
 endfacet
 facet normal -1.72534063e-02 6.26369476e-01 7.79335320e-01
  outer loop
   vertex 5.96831627e+01 1.03919382e+01 4.11221848e+01
   vertex 5.98318977e+01 1.05434742e+01 4.10439911e+01
   vertex 6.18020020e+01 1.37341738e+01 3.99839630e+01
  endloop
 endfacet
 facet normal 1.15548380e-01 6.84711337e-01 7.19596386e-01
  outer loop
   vertex 5.98318977e+01 1.05434742e+01 4.10439911e+01
   vertex 6.02099686e+01 1.08615561e+01 4.08466148e+01
   vertex 6.18020020e+01 1.37341738e+01 3.99839630e+01
  endloop
 endfacet
 facet normal 1.27125069e-01 6.91126227e-01 7.11465955e-01
  outer loop
   vertex 6.02099686e+01 1.08615561e+01 4.08466148e+01
   vertex 6.03301315e+01 1.09705315e+01 4.07837181e+01
   vertex 6.18020020e+01 1.37341738e+01 3.99839630e+01
  endloop
 endfacet
 facet normal 1.36502892e-01 6.96773946e-01 7.04182565e-01
  outer loop
   vertex 6.03301315e+01 1.09705315e+01 4.07837181e+01
   vertex 6.04765358e+01 1.10816517e+01 4.07075348e+01
   vertex 6.18020020e+01 1.37341738e+01 3.99839630e+01
  endloop
 endfacet
 facet normal 1.40156209e-01 6.91434383e-01 7.08713412e-01
  outer loop
   vertex 6.04765358e+01 1.10816517e+01 4.07075348e+01
   vertex 6.09228859e+01 1.14516811e+01 4.04746208e+01
   vertex 6.18020020e+01 1.37341738e+01 3.99839630e+01
  endloop
 endfacet
 facet normal 1.30605444e-01 6.85309231e-01 7.16445029e-01
  outer loop
   vertex 6.09228859e+01 1.14516811e+01 4.04746208e+01
   vertex 6.11033287e+01 1.16050005e+01 4.03803902e+01
   vertex 6.18020020e+01 1.37341738e+01 3.99839630e+01
  endloop
 endfacet
 facet normal 1.20795086e-01 6.79529905e-01 7.23635018e-01
  outer loop
   vertex 6.11033287e+01 1.16050005e+01 4.03803902e+01
   vertex 6.13433838e+01 1.18226843e+01 4.02547340e+01
   vertex 6.18020020e+01 1.37341738e+01 3.99839630e+01
  endloop
 endfacet
 facet normal 1.02693878e-01 6.69862151e-01 7.35349357e-01
  outer loop
   vertex 6.13433838e+01 1.18226843e+01 4.02547340e+01
   vertex 6.15635643e+01 1.20306501e+01 4.01393242e+01
   vertex 6.18020020e+01 1.37341738e+01 3.99839630e+01
  endloop
 endfacet
 facet normal 8.47280100e-02 6.57570601e-01 7.48613417e-01
  outer loop
   vertex 6.15635643e+01 1.20306501e+01 4.01393242e+01
   vertex 6.20772285e+01 1.26181479e+01 3.98679619e+01
   vertex 6.18020020e+01 1.37341738e+01 3.99839630e+01
  endloop
 endfacet
 facet normal 8.48253518e-02 6.51795566e-01 7.53636003e-01
  outer loop
   vertex 6.20772285e+01 1.26181479e+01 3.98679619e+01
   vertex 6.22647324e+01 1.28185701e+01 3.97691956e+01
   vertex 6.18020020e+01 1.37341738e+01 3.99839630e+01
  endloop
 endfacet
 facet normal 2.84001470e-01 7.63986945e-01 5.79367816e-01
  outer loop
   vertex 6.22647324e+01 1.28185701e+01 3.97691956e+01
   vertex 6.24252853e+01 1.29931393e+01 3.96845627e+01
   vertex 6.18020020e+01 1.37341738e+01 3.99839630e+01
  endloop
 endfacet
 facet normal -7.00441957e-01 -5.52822232e-01 4.51407403e-01
  outer loop
   vertex 5.90138245e+01 1.07959747e+01 4.14517593e+01
   vertex 5.80952835e+01 1.04470758e+01 3.90085487e+01
   vertex 5.96713333e+01 1.00142431e+01 4.11359177e+01
  endloop
 endfacet
 facet normal -8.63246143e-01 -4.74819660e-01 1.71325535e-01
  outer loop
   vertex 5.96713333e+01 1.00142431e+01 4.11359177e+01
   vertex 5.80952835e+01 1.04470758e+01 3.90085487e+01
   vertex 5.94838791e+01 9.81644344e+00 4.03838997e+01
  endloop
 endfacet
 facet normal -8.61986578e-01 -4.90849942e-01 -1.26670569e-01
  outer loop
   vertex 5.80952835e+01 1.04470758e+01 3.90085487e+01
   vertex 5.84747505e+01 9.99593449e+00 3.88262558e+01
   vertex 5.94838791e+01 9.81644344e+00 4.03838997e+01
  endloop
 endfacet
 facet normal -9.10035253e-01 -3.99219424e-01 1.11623079e-01
  outer loop
   vertex 5.94838791e+01 9.81644344e+00 4.03838997e+01
   vertex 5.84747505e+01 9.99593449e+00 3.88262558e+01
   vertex 5.90931320e+01 9.40414810e+00 3.88163071e+01
  endloop
 endfacet
 facet normal -9.23571467e-01 -3.78276289e-01 -6.26324266e-02
  outer loop
   vertex 5.90931320e+01 9.40414810e+00 3.88163071e+01
   vertex 5.84747505e+01 9.99593449e+00 3.88262558e+01
   vertex 5.87497253e+01 9.56337833e+00 3.84827156e+01
  endloop
 endfacet
 facet normal -9.64570224e-01 -2.56317079e-01 6.24963604e-02
  outer loop
   vertex 5.90931320e+01 9.40414810e+00 3.88163071e+01
   vertex 5.87497253e+01 9.56337833e+00 3.84827156e+01
   vertex 5.88928795e+01 9.19286060e+00 3.80129433e+01
  endloop
 endfacet
 facet normal -1.86953351e-01 1.47345647e-01 9.71255720e-01
  outer loop
   vertex 5.71662636e+01 9.49891853e+00 3.53457947e+01
   vertex 5.76366768e+01 9.14059830e+00 3.55220680e+01
   vertex 5.99544411e+01 1.24371090e+01 3.38779869e+01
  endloop
 endfacet
 facet normal 1.92622840e-01 6.83978915e-01 7.03611612e-01
  outer loop
   vertex 5.99544411e+01 1.24371090e+01 3.38779869e+01
   vertex 5.76366768e+01 9.14059830e+00 3.55220680e+01
   vertex 6.04248543e+01 1.20787868e+01 3.40542488e+01
  endloop
 endfacet
 facet normal -6.55136406e-01 -7.55294859e-01 -1.80549677e-02
  outer loop
   vertex 5.58009453e+01 9.57558632e+00 3.29057350e+01
   vertex 5.68443336e+01 8.58179474e+00 3.28983383e+01
   vertex 5.67194557e+01 9.92448330e+00 3.53489609e+01
  endloop
 endfacet
 facet normal -5.23531795e-01 -6.28653407e-01 5.75073302e-01
  outer loop
   vertex 5.67194557e+01 9.92448330e+00 3.53489609e+01
   vertex 5.68443336e+01 8.58179474e+00 3.28983383e+01
   vertex 5.71662636e+01 9.49891853e+00 3.53457947e+01
  endloop
 endfacet
 facet normal -7.41463527e-02 2.64410791e-03 -9.97243881e-01
  outer loop
   vertex 5.85891380e+01 1.25137959e+01 3.14379425e+01
   vertex 5.96325150e+01 1.15199890e+01 3.14305515e+01
   vertex 5.58009453e+01 9.57558632e+00 3.29057350e+01
  endloop
 endfacet
 facet normal -3.81134540e-01 -4.67290521e-01 -7.97731817e-01
  outer loop
   vertex 5.58009453e+01 9.57558632e+00 3.29057350e+01
   vertex 5.96325150e+01 1.15199890e+01 3.14305515e+01
   vertex 5.68443336e+01 8.58179474e+00 3.28983383e+01
  endloop
 endfacet
 facet normal 6.48885489e-01 7.56575823e-01 -8.08744058e-02
  outer loop
   vertex 5.95076370e+01 1.28626757e+01 3.38811646e+01
   vertex 5.99544411e+01 1.24371090e+01 3.38779869e+01
   vertex 5.85891380e+01 1.25137959e+01 3.14379425e+01
  endloop
 endfacet
 facet normal 4.84864414e-01 5.81520498e-01 -6.53253675e-01
  outer loop
   vertex 5.85891380e+01 1.25137959e+01 3.14379425e+01
   vertex 5.99544411e+01 1.24371090e+01 3.38779869e+01
   vertex 5.96325150e+01 1.15199890e+01 3.14305515e+01
  endloop
 endfacet
 facet normal -8.27691615e-01 -1.01256426e-02 -5.61091840e-01
  outer loop
   vertex 5.87497253e+01 9.56337833e+00 3.84827156e+01
   vertex 5.84747505e+01 9.99593449e+00 3.88262558e+01
   vertex 6.15379219e+01 1.25015812e+01 3.70149269e+01
  endloop
 endfacet
 facet normal -3.28874290e-01 3.99979502e-01 -8.55487049e-01
  outer loop
   vertex 6.15379219e+01 1.25015812e+01 3.70149269e+01
   vertex 5.84747505e+01 9.99593449e+00 3.88262558e+01
   vertex 6.12629280e+01 1.29341345e+01 3.73584671e+01
  endloop
 endfacet
 facet normal -6.79008543e-01 -2.20703676e-01 -7.00169444e-01
  outer loop
   vertex 5.84747505e+01 9.99593449e+00 3.88262558e+01
   vertex 5.80952835e+01 1.04470758e+01 3.90085487e+01
   vertex 6.12629280e+01 1.29341345e+01 3.73584671e+01
  endloop
 endfacet
 facet normal -1.63467914e-01 1.86423570e-01 -9.68774736e-01
  outer loop
   vertex 6.12629280e+01 1.29341345e+01 3.73584671e+01
   vertex 5.80952835e+01 1.04470758e+01 3.90085487e+01
   vertex 6.08834763e+01 1.33852758e+01 3.75407410e+01
  endloop
 endfacet
 facet normal 5.98165035e-01 5.57559371e-01 -5.75609326e-01
  outer loop
   vertex 6.08834763e+01 1.33852758e+01 3.75407410e+01
   vertex 6.04366684e+01 1.38108406e+01 3.75439148e+01
   vertex 6.18020020e+01 1.37341738e+01 3.99839630e+01
  endloop
 endfacet
 facet normal 7.22662866e-01 6.90977335e-01 1.75710227e-02
  outer loop
   vertex 6.18020020e+01 1.37341738e+01 3.99839630e+01
   vertex 6.04366684e+01 1.38108406e+01 3.75439148e+01
   vertex 6.07586250e+01 1.47279806e+01 3.99913559e+01
  endloop
 endfacet
 facet normal 4.54120815e-01 3.97777051e-01 7.97212481e-01
  outer loop
   vertex 6.18020020e+01 1.37341738e+01 3.99839630e+01
   vertex 6.07586250e+01 1.47279806e+01 3.99913559e+01
   vertex 5.90138245e+01 1.07959747e+01 4.14517593e+01
  endloop
 endfacet
 facet normal 1.16133865e-03 6.68798313e-02 9.97760355e-01
  outer loop
   vertex 5.90138245e+01 1.07959747e+01 4.14517593e+01
   vertex 6.07586250e+01 1.47279806e+01 3.99913559e+01
   vertex 5.79704437e+01 1.17897787e+01 4.14591370e+01
  endloop
 endfacet
 facet normal -5.52389741e-01 -5.17197967e-01 6.53736830e-01
  outer loop
   vertex 5.90138245e+01 1.07959747e+01 4.14517593e+01
   vertex 5.79704437e+01 1.17897787e+01 4.14591370e+01
   vertex 5.80952835e+01 1.04470758e+01 3.90085487e+01
  endloop
 endfacet
 facet normal -7.23515630e-01 -6.85490668e-01 8.14105943e-02
  outer loop
   vertex 5.80952835e+01 1.04470758e+01 3.90085487e+01
   vertex 5.79704437e+01 1.17897787e+01 4.14591370e+01
   vertex 5.76484909e+01 1.08726406e+01 3.90116997e+01
  endloop
 endfacet
 facet normal 3.12695056e-02 -4.61728983e-02 9.98443902e-01
  outer loop
   vertex 5.67194557e+01 9.92448330e+00 3.53489609e+01
   vertex 5.71662636e+01 9.49891853e+00 3.53457947e+01
   vertex 5.95076370e+01 1.28626757e+01 3.38811646e+01
  endloop
 endfacet
 facet normal 4.14623529e-01 5.01224339e-01 7.59513974e-01
  outer loop
   vertex 5.95076370e+01 1.28626757e+01 3.38811646e+01
   vertex 5.71662636e+01 9.49891853e+00 3.53457947e+01
   vertex 5.99544411e+01 1.24371090e+01 3.38779869e+01
  endloop
 endfacet
 facet normal -7.35944390e-01 -6.76884830e-01 -1.45880077e-02
  outer loop
   vertex 5.49148178e+01 1.06291218e+01 3.33313942e+01
   vertex 5.58009453e+01 9.57558632e+00 3.29057350e+01
   vertex 5.63400192e+01 1.03756275e+01 3.55312386e+01
  endloop
 endfacet
 facet normal -4.73412186e-01 -6.89930379e-01 5.47610223e-01
  outer loop
   vertex 5.63400192e+01 1.03756275e+01 3.55312386e+01
   vertex 5.58009453e+01 9.57558632e+00 3.29057350e+01
   vertex 5.67194557e+01 9.92448330e+00 3.53489609e+01
  endloop
 endfacet
 facet normal -2.71102488e-01 2.19550163e-01 -9.37177241e-01
  outer loop
   vertex 5.77029991e+01 1.35673151e+01 3.18635998e+01
   vertex 5.85891380e+01 1.25137959e+01 3.14379425e+01
   vertex 5.49148178e+01 1.06291218e+01 3.33313942e+01
  endloop
 endfacet
 facet normal -5.89092791e-01 -2.54561484e-01 -7.66921163e-01
  outer loop
   vertex 5.49148178e+01 1.06291218e+01 3.33313942e+01
   vertex 5.85891380e+01 1.25137959e+01 3.14379425e+01
   vertex 5.58009453e+01 9.57558632e+00 3.29057350e+01
  endloop
 endfacet
 facet normal 7.10252762e-01 6.99564219e-01 -7.84280002e-02
  outer loop
   vertex 5.91282082e+01 1.33138332e+01 3.40634308e+01
   vertex 5.95076370e+01 1.28626757e+01 3.38811646e+01
   vertex 5.77029991e+01 1.35673151e+01 3.18635998e+01
  endloop
 endfacet
 facet normal 4.14245009e-01 6.63788021e-01 -6.22725070e-01
  outer loop
   vertex 5.77029991e+01 1.35673151e+01 3.18635998e+01
   vertex 5.95076370e+01 1.28626757e+01 3.38811646e+01
   vertex 5.85891380e+01 1.25137959e+01 3.14379425e+01
  endloop
 endfacet
 facet normal -4.86105949e-01 -4.33147222e-01 -7.59002328e-01
  outer loop
   vertex 5.80952835e+01 1.04470758e+01 3.90085487e+01
   vertex 5.76484909e+01 1.08726406e+01 3.90116997e+01
   vertex 6.08834763e+01 1.33852758e+01 3.75407410e+01
  endloop
 endfacet
 facet normal 4.02123295e-02 -2.19259746e-02 -9.98950541e-01
  outer loop
   vertex 6.08834763e+01 1.33852758e+01 3.75407410e+01
   vertex 5.76484909e+01 1.08726406e+01 3.90116997e+01
   vertex 6.04366684e+01 1.38108406e+01 3.75439148e+01
  endloop
 endfacet
 facet normal 6.62012577e-01 5.10293007e-01 -5.48944771e-01
  outer loop
   vertex 6.04366684e+01 1.38108406e+01 3.75439148e+01
   vertex 5.99662781e+01 1.41691847e+01 3.73676338e+01
   vertex 6.07586250e+01 1.47279806e+01 3.99913559e+01
  endloop
 endfacet
 facet normal 6.40392184e-01 7.67896295e-01 1.52692460e-02
  outer loop
   vertex 6.07586250e+01 1.47279806e+01 3.99913559e+01
   vertex 5.99662781e+01 1.41691847e+01 3.73676338e+01
   vertex 5.96601181e+01 1.55647583e+01 3.95797386e+01
  endloop
 endfacet
 facet normal 2.31304824e-01 5.95347703e-01 7.69453824e-01
  outer loop
   vertex 6.07586250e+01 1.47279806e+01 3.99913559e+01
   vertex 5.96601181e+01 1.55647583e+01 3.95797386e+01
   vertex 5.79704437e+01 1.17897787e+01 4.14591370e+01
  endloop
 endfacet
 facet normal -2.25507885e-01 2.53464222e-01 9.40692365e-01
  outer loop
   vertex 5.79704437e+01 1.17897787e+01 4.14591370e+01
   vertex 5.96601181e+01 1.55647583e+01 3.95797386e+01
   vertex 5.68719368e+01 1.26265583e+01 4.10475273e+01
  endloop
 endfacet
 facet normal -6.38224542e-01 -4.50447291e-01 6.24312997e-01
  outer loop
   vertex 5.79704437e+01 1.17897787e+01 4.14591370e+01
   vertex 5.68719368e+01 1.26265583e+01 4.10475273e+01
   vertex 5.76484909e+01 1.08726406e+01 3.90116997e+01
  endloop
 endfacet
 facet normal -6.63606107e-01 -7.43994236e-01 7.80993924e-02
  outer loop
   vertex 5.76484909e+01 1.08726406e+01 3.90116997e+01
   vertex 5.68719368e+01 1.26265583e+01 4.10475273e+01
   vertex 5.71780891e+01 1.12309799e+01 3.88354492e+01
  endloop
 endfacet
 facet normal 2.24168479e-01 -2.58596838e-01 9.39614892e-01
  outer loop
   vertex 5.63400192e+01 1.03756275e+01 3.55312386e+01
   vertex 5.67194557e+01 9.92448330e+00 3.53489609e+01
   vertex 5.91282082e+01 1.33138332e+01 3.40634308e+01
  endloop
 endfacet
 facet normal 6.18295968e-01 2.92875856e-01 7.29337931e-01
  outer loop
   vertex 5.91282082e+01 1.33138332e+01 3.40634308e+01
   vertex 5.67194557e+01 9.92448330e+00 3.53489609e+01
   vertex 5.95076370e+01 1.28626757e+01 3.38811646e+01
  endloop
 endfacet
 facet normal -8.03809345e-01 -5.94501674e-01 2.14084536e-02
  outer loop
   vertex 5.42726669e+01 1.16392584e+01 3.41336517e+01
   vertex 5.49148178e+01 1.06291218e+01 3.33313942e+01
   vertex 5.60650406e+01 1.08081894e+01 3.58747787e+01
  endloop
 endfacet
 facet normal -4.37983721e-01 -7.47993827e-01 4.98673737e-01
  outer loop
   vertex 5.60650406e+01 1.08081894e+01 3.58747787e+01
   vertex 5.49148178e+01 1.06291218e+01 3.33313942e+01
   vertex 5.63400192e+01 1.03756275e+01 3.55312386e+01
  endloop
 endfacet
 facet normal -4.22926664e-01 4.34564292e-01 -7.95164704e-01
  outer loop
   vertex 5.70608521e+01 1.45774527e+01 3.26658630e+01
   vertex 5.77029991e+01 1.35673151e+01 3.18635998e+01
   vertex 5.42726669e+01 1.16392584e+01 3.41336517e+01
  endloop
 endfacet
 facet normal -7.57981837e-01 -3.65127660e-02 -6.51252866e-01
  outer loop
   vertex 5.42726669e+01 1.16392584e+01 3.41336517e+01
   vertex 5.77029991e+01 1.35673151e+01 3.18635998e+01
   vertex 5.49148178e+01 1.06291218e+01 3.33313942e+01
  endloop
 endfacet
 facet normal 7.63122499e-01 6.38402164e-01 -1.00432895e-01
  outer loop
   vertex 5.88532028e+01 1.37463770e+01 3.44069710e+01
   vertex 5.91282082e+01 1.33138332e+01 3.40634308e+01
   vertex 5.70608521e+01 1.45774527e+01 3.26658630e+01
  endloop
 endfacet
 facet normal 3.62160295e-01 7.43367136e-01 -5.62356889e-01
  outer loop
   vertex 5.70608521e+01 1.45774527e+01 3.26658630e+01
   vertex 5.91282082e+01 1.33138332e+01 3.40634308e+01
   vertex 5.77029991e+01 1.35673151e+01 3.18635998e+01
  endloop
 endfacet
 facet normal -2.67882168e-01 -6.26644194e-01 -7.31817007e-01
  outer loop
   vertex 5.76484909e+01 1.08726406e+01 3.90116997e+01
   vertex 5.71780891e+01 1.12309799e+01 3.88354492e+01
   vertex 6.04366684e+01 1.38108406e+01 3.75439148e+01
  endloop
 endfacet
 facet normal 2.62208253e-01 -2.04664975e-01 -9.43058372e-01
  outer loop
   vertex 6.04366684e+01 1.38108406e+01 3.75439148e+01
   vertex 5.71780891e+01 1.12309799e+01 3.88354492e+01
   vertex 5.99662781e+01 1.41691847e+01 3.73676338e+01
  endloop
 endfacet
 facet normal 7.22093582e-01 4.77393121e-01 -5.00676215e-01
  outer loop
   vertex 5.99662781e+01 1.41691847e+01 3.73676338e+01
   vertex 5.95183220e+01 1.44251909e+01 3.70292168e+01
   vertex 5.96601181e+01 1.55647583e+01 3.95797386e+01
  endloop
 endfacet
 facet normal 5.54538965e-01 8.31925929e-01 -1.96424555e-02
  outer loop
   vertex 5.96601181e+01 1.55647583e+01 3.95797386e+01
   vertex 5.95183220e+01 1.44251909e+01 3.70292168e+01
   vertex 5.86140366e+01 1.61626377e+01 3.87894325e+01
  endloop
 endfacet
 facet normal 4.44646692e-03 7.54237711e-01 6.56586409e-01
  outer loop
   vertex 5.96601181e+01 1.55647583e+01 3.95797386e+01
   vertex 5.86140366e+01 1.61626377e+01 3.87894325e+01
   vertex 5.68719368e+01 1.26265583e+01 4.10475273e+01
  endloop
 endfacet
 facet normal -4.48701710e-01 3.95642132e-01 8.01332712e-01
  outer loop
   vertex 5.68719368e+01 1.26265583e+01 4.10475273e+01
   vertex 5.86140366e+01 1.61626377e+01 3.87894325e+01
   vertex 5.58258438e+01 1.32244291e+01 4.02572250e+01
  endloop
 endfacet
 facet normal -7.20684767e-01 -4.01881188e-01 5.64893782e-01
  outer loop
   vertex 5.68719368e+01 1.26265583e+01 4.10475273e+01
   vertex 5.58258438e+01 1.32244291e+01 4.02572250e+01
   vertex 5.71780891e+01 1.12309799e+01 3.88354492e+01
  endloop
 endfacet
 facet normal -5.99778593e-01 -7.93982744e-01 9.92824435e-02
  outer loop
   vertex 5.71780891e+01 1.12309799e+01 3.88354492e+01
   vertex 5.58258438e+01 1.32244291e+01 4.02572250e+01
   vertex 5.67301292e+01 1.14869909e+01 3.84970245e+01
  endloop
 endfacet
 facet normal 3.72862130e-01 -4.69168246e-01 8.00534189e-01
  outer loop
   vertex 5.60650406e+01 1.08081894e+01 3.58747787e+01
   vertex 5.63400192e+01 1.03756275e+01 3.55312386e+01
   vertex 5.88532028e+01 1.37463770e+01 3.44069710e+01
  endloop
 endfacet
 facet normal 7.83699393e-01 7.93368146e-02 6.16052747e-01
  outer loop
   vertex 5.88532028e+01 1.37463770e+01 3.44069710e+01
   vertex 5.63400192e+01 1.03756275e+01 3.55312386e+01
   vertex 5.91282082e+01 1.33138332e+01 3.40634308e+01
  endloop
 endfacet
 facet normal -8.52095842e-01 -5.16202509e-01 8.64151940e-02
  outer loop
   vertex 5.39373779e+01 1.25071163e+01 3.52339935e+01
   vertex 5.42726669e+01 1.16392584e+01 3.41336517e+01
   vertex 5.59214363e+01 1.11798124e+01 3.63459549e+01
  endloop
 endfacet
 facet normal -4.20726836e-01 -7.97163129e-01 4.33035642e-01
  outer loop
   vertex 5.59214363e+01 1.11798124e+01 3.63459549e+01
   vertex 5.42726669e+01 1.16392584e+01 3.41336517e+01
   vertex 5.60650406e+01 1.08081894e+01 3.58747787e+01
  endloop
 endfacet
 facet normal -5.14755964e-01 6.26641035e-01 -5.85104525e-01
  outer loop
   vertex 5.67255554e+01 1.54453154e+01 3.37661972e+01
   vertex 5.70608521e+01 1.45774527e+01 3.26658630e+01
   vertex 5.39373779e+01 1.25071163e+01 3.52339935e+01
  endloop
 endfacet
 facet normal -8.71274412e-01 1.65515900e-01 -4.62044775e-01
  outer loop
   vertex 5.39373779e+01 1.25071163e+01 3.52339935e+01
   vertex 5.70608521e+01 1.45774527e+01 3.26658630e+01
   vertex 5.42726669e+01 1.16392584e+01 3.41336517e+01
  endloop
 endfacet
 facet normal 8.02335799e-01 5.79057217e-01 -1.44741178e-01
  outer loop
   vertex 5.87096291e+01 1.41180229e+01 3.48781700e+01
   vertex 5.88532028e+01 1.37463770e+01 3.44069710e+01
   vertex 5.67255554e+01 1.54453154e+01 3.37661972e+01
  endloop
 endfacet
 facet normal 3.33731353e-01 8.12462628e-01 -4.78045821e-01
  outer loop
   vertex 5.67255554e+01 1.54453154e+01 3.37661972e+01
   vertex 5.88532028e+01 1.37463770e+01 3.44069710e+01
   vertex 5.70608521e+01 1.45774527e+01 3.26658630e+01
  endloop
 endfacet
 facet normal -4.57049273e-02 -7.82260418e-01 -6.21272624e-01
  outer loop
   vertex 5.71780891e+01 1.12309799e+01 3.88354492e+01
   vertex 5.67301292e+01 1.14869909e+01 3.84970245e+01
   vertex 5.99662781e+01 1.41691847e+01 3.73676338e+01
  endloop
 endfacet
 facet normal 4.80797917e-01 -3.43911320e-01 -8.06571960e-01
  outer loop
   vertex 5.99662781e+01 1.41691847e+01 3.73676338e+01
   vertex 5.67301292e+01 1.14869909e+01 3.84970245e+01
   vertex 5.95183220e+01 1.44251909e+01 3.70292168e+01
  endloop
 endfacet
 facet normal 7.72527158e-01 4.62076545e-01 -4.35530782e-01
  outer loop
   vertex 5.95183220e+01 1.44251909e+01 3.70292168e+01
   vertex 5.91366539e+01 1.45538359e+01 3.65617447e+01
   vertex 5.86140366e+01 1.61626377e+01 3.87894325e+01
  endloop
 endfacet
 facet normal 4.73505735e-01 8.76800537e-01 -8.37444887e-02
  outer loop
   vertex 5.86140366e+01 1.61626377e+01 3.87894325e+01
   vertex 5.91366539e+01 1.45538359e+01 3.65617447e+01
   vertex 5.77227631e+01 1.64630585e+01 3.76977692e+01
  endloop
 endfacet
 facet normal -2.04250917e-01 8.58898759e-01 4.69653577e-01
  outer loop
   vertex 5.86140366e+01 1.61626377e+01 3.87894325e+01
   vertex 5.77227631e+01 1.64630585e+01 3.76977692e+01
   vertex 5.58258438e+01 1.32244291e+01 4.02572250e+01
  endloop
 endfacet
 facet normal -6.46571517e-01 4.79496628e-01 5.93319714e-01
  outer loop
   vertex 5.58258438e+01 1.32244291e+01 4.02572250e+01
   vertex 5.77227631e+01 1.64630585e+01 3.76977692e+01
   vertex 5.49345665e+01 1.35248547e+01 3.91655579e+01
  endloop
 endfacet
 facet normal -7.91703761e-01 -3.76252323e-01 4.81289297e-01
  outer loop
   vertex 5.58258438e+01 1.32244291e+01 4.02572250e+01
   vertex 5.49345665e+01 1.35248547e+01 3.91655579e+01
   vertex 5.67301292e+01 1.14869909e+01 3.84970245e+01
  endloop
 endfacet
 facet normal -5.38272917e-01 -8.30572784e-01 1.42867446e-01
  outer loop
   vertex 5.67301292e+01 1.14869909e+01 3.84970245e+01
   vertex 5.49345665e+01 1.35248547e+01 3.91655579e+01
   vertex 5.63484726e+01 1.16156397e+01 3.80295258e+01
  endloop
 endfacet
 facet normal 4.62792456e-01 -6.57300174e-01 5.94793797e-01
  outer loop
   vertex 5.59214363e+01 1.11798124e+01 3.63459549e+01
   vertex 5.60650406e+01 1.08081894e+01 3.58747787e+01
   vertex 5.87096291e+01 1.41180229e+01 3.48781700e+01
  endloop
 endfacet
 facet normal 8.94656956e-01 -1.18529923e-01 4.30743068e-01
  outer loop
   vertex 5.87096291e+01 1.41180229e+01 3.48781700e+01
   vertex 5.60650406e+01 1.08081894e+01 3.58747787e+01
   vertex 5.88532028e+01 1.37463770e+01 3.44069710e+01
  endloop
 endfacet
 facet normal -8.76072645e-01 -4.49654400e-01 1.74090892e-01
  outer loop
   vertex 5.39417458e+01 1.31477356e+01 3.65246887e+01
   vertex 5.39373779e+01 1.25071163e+01 3.52339935e+01
   vertex 5.59233246e+01 1.14541388e+01 3.68986549e+01
  endloop
 endfacet
 facet normal -4.23316330e-01 -8.32615435e-01 3.57148200e-01
  outer loop
   vertex 5.59233246e+01 1.14541388e+01 3.68986549e+01
   vertex 5.39373779e+01 1.25071163e+01 3.52339935e+01
   vertex 5.59214363e+01 1.11798124e+01 3.63459549e+01
  endloop
 endfacet
 facet normal -5.37598431e-01 7.76976168e-01 -3.27560693e-01
  outer loop
   vertex 5.67299347e+01 1.60859451e+01 3.50568962e+01
   vertex 5.67255554e+01 1.54453154e+01 3.37661972e+01
   vertex 5.39417458e+01 1.31477356e+01 3.65246887e+01
  endloop
 endfacet
 facet normal -9.17878807e-01 3.31744552e-01 -2.17816472e-01
  outer loop
   vertex 5.39417458e+01 1.31477356e+01 3.65246887e+01
   vertex 5.67255554e+01 1.54453154e+01 3.37661972e+01
   vertex 5.39373779e+01 1.25071163e+01 3.52339935e+01
  endloop
 endfacet
 facet normal 8.24046016e-01 5.27346134e-01 -2.07012534e-01
  outer loop
   vertex 5.87115173e+01 1.43923502e+01 3.54308777e+01
   vertex 5.87096291e+01 1.41180229e+01 3.48781700e+01
   vertex 5.67299347e+01 1.60859451e+01 3.50568962e+01
  endloop
 endfacet
 facet normal 3.31739157e-01 8.64300191e-01 -3.78066570e-01
  outer loop
   vertex 5.67299347e+01 1.60859451e+01 3.50568962e+01
   vertex 5.87096291e+01 1.41180229e+01 3.48781700e+01
   vertex 5.67255554e+01 1.54453154e+01 3.37661972e+01
  endloop
 endfacet
 facet normal 1.58690751e-01 -8.84759486e-01 -4.38198477e-01
  outer loop
   vertex 5.67301292e+01 1.14869909e+01 3.84970245e+01
   vertex 5.63484726e+01 1.16156397e+01 3.80295258e+01
   vertex 5.95183220e+01 1.44251909e+01 3.70292168e+01
  endloop
 endfacet
 facet normal 6.74584806e-01 -4.26035941e-01 -6.02850497e-01
  outer loop
   vertex 5.95183220e+01 1.44251909e+01 3.70292168e+01
   vertex 5.63484726e+01 1.16156397e+01 3.80295258e+01
   vertex 5.91366539e+01 1.45538359e+01 3.65617447e+01
  endloop
 endfacet
 facet normal 8.08373630e-01 4.65852499e-01 -3.59879941e-01
  outer loop
   vertex 5.91366539e+01 1.45538359e+01 3.65617447e+01
   vertex 5.88586502e+01 1.45425291e+01 3.60109978e+01
   vertex 5.77227631e+01 1.64630585e+01 3.76977692e+01
  endloop
 endfacet
 facet normal 4.05218929e-01 8.98131073e-01 -1.70757756e-01
  outer loop
   vertex 5.77227631e+01 1.64630585e+01 3.76977692e+01
   vertex 5.88586502e+01 1.45425291e+01 3.60109978e+01
   vertex 5.70735359e+01 1.64366322e+01 3.64116287e+01
  endloop
 endfacet
 facet normal -3.74358743e-01 8.99080396e-01 2.26958171e-01
  outer loop
   vertex 5.77227631e+01 1.64630585e+01 3.76977692e+01
   vertex 5.70735359e+01 1.64366322e+01 3.64116287e+01
   vertex 5.49345665e+01 1.35248547e+01 3.91655579e+01
  endloop
 endfacet
 facet normal -7.99745679e-01 4.96813476e-01 3.37021142e-01
  outer loop
   vertex 5.49345665e+01 1.35248547e+01 3.91655579e+01
   vertex 5.70735359e+01 1.64366322e+01 3.64116287e+01
   vertex 5.42853546e+01 1.34984312e+01 3.78794174e+01
  endloop
 endfacet
 facet normal -8.44324291e-01 -3.76079112e-01 3.81681800e-01
  outer loop
   vertex 5.49345665e+01 1.35248547e+01 3.91655579e+01
   vertex 5.42853546e+01 1.34984312e+01 3.78794174e+01
   vertex 5.63484726e+01 1.16156397e+01 3.80295258e+01
  endloop
 endfacet
 facet normal -4.85109180e-01 -8.50180566e-01 2.04602316e-01
  outer loop
   vertex 5.63484726e+01 1.16156397e+01 3.80295258e+01
   vertex 5.42853546e+01 1.34984312e+01 3.78794174e+01
   vertex 5.60704727e+01 1.16043301e+01 3.74787941e+01
  endloop
 endfacet
 facet normal 4.85159308e-01 -8.04533303e-01 3.42558980e-01
  outer loop
   vertex 5.59233246e+01 1.14541388e+01 3.68986549e+01
   vertex 5.59214363e+01 1.11798124e+01 3.63459549e+01
   vertex 5.87115173e+01 1.43923502e+01 3.54308777e+01
  endloop
 endfacet
 facet normal 9.40296710e-01 -2.81343699e-01 1.91540554e-01
  outer loop
   vertex 5.87115173e+01 1.43923502e+01 3.54308777e+01
   vertex 5.59214363e+01 1.11798124e+01 3.63459549e+01
   vertex 5.87096291e+01 1.41180229e+01 3.48781700e+01
  endloop
 endfacet
 facet normal -8.73394608e-01 -4.01369423e-01 2.75834024e-01
  outer loop
   vertex 5.42853546e+01 1.34984312e+01 3.78794174e+01
   vertex 5.39417458e+01 1.31477356e+01 3.65246887e+01
   vertex 5.60704727e+01 1.16043301e+01 3.74787941e+01
  endloop
 endfacet
 facet normal -4.45496768e-01 -8.50883186e-01 2.78442949e-01
  outer loop
   vertex 5.60704727e+01 1.16043301e+01 3.74787941e+01
   vertex 5.39417458e+01 1.31477356e+01 3.65246887e+01
   vertex 5.59233246e+01 1.14541388e+01 3.68986549e+01
  endloop
 endfacet
 facet normal -4.89220887e-01 8.70852292e-01 -4.77410518e-02
  outer loop
   vertex 5.70735359e+01 1.64366322e+01 3.64116287e+01
   vertex 5.67299347e+01 1.60859451e+01 3.50568962e+01
   vertex 5.42853546e+01 1.34984312e+01 3.78794174e+01
  endloop
 endfacet
 facet normal -8.93230677e-01 4.45903629e-01 5.75233512e-02
  outer loop
   vertex 5.42853546e+01 1.34984312e+01 3.78794174e+01
   vertex 5.67299347e+01 1.60859451e+01 3.50568962e+01
   vertex 5.39417458e+01 1.31477356e+01 3.65246887e+01
  endloop
 endfacet
 facet normal 8.26124549e-01 4.88344848e-01 -2.81136096e-01
  outer loop
   vertex 5.88586502e+01 1.45425291e+01 3.60109978e+01
   vertex 5.87115173e+01 1.43923502e+01 3.54308777e+01
   vertex 5.70735359e+01 1.64366322e+01 3.64116287e+01
  endloop
 endfacet
 facet normal 3.56371373e-01 8.93822730e-01 -2.72177041e-01
  outer loop
   vertex 5.70735359e+01 1.64366322e+01 3.64116287e+01
   vertex 5.87115173e+01 1.43923502e+01 3.54308777e+01
   vertex 5.67299347e+01 1.60859451e+01 3.50568962e+01
  endloop
 endfacet
 facet normal 3.25291723e-01 -9.24110651e-01 -2.00511456e-01
  outer loop
   vertex 5.63484726e+01 1.16156397e+01 3.80295258e+01
   vertex 5.60704727e+01 1.16043301e+01 3.74787941e+01
   vertex 5.91366539e+01 1.45538359e+01 3.65617447e+01
  endloop
 endfacet
 facet normal 8.24601650e-01 -4.42995131e-01 -3.51834446e-01
  outer loop
   vertex 5.91366539e+01 1.45538359e+01 3.65617447e+01
   vertex 5.60704727e+01 1.16043301e+01 3.74787941e+01
   vertex 5.88586502e+01 1.45425291e+01 3.60109978e+01
  endloop
 endfacet
 facet normal 4.37788039e-01 -8.96463037e-01 6.85249120e-02
  outer loop
   vertex 5.60704727e+01 1.16043301e+01 3.74787941e+01
   vertex 5.59233246e+01 1.14541388e+01 3.68986549e+01
   vertex 5.88586502e+01 1.45425291e+01 3.60109978e+01
  endloop
 endfacet
 facet normal 9.16157603e-01 -3.93134236e-01 -7.81069323e-02
  outer loop
   vertex 5.88586502e+01 1.45425291e+01 3.60109978e+01
   vertex 5.59233246e+01 1.14541388e+01 3.68986549e+01
   vertex 5.87115173e+01 1.43923502e+01 3.54308777e+01
  endloop
 endfacet
endsolid
