solid polySurfaceShape289
 facet normal -8.20819318e-01 4.73389804e-01 -3.19621295e-01
  outer loop
   vertex 8.47343063e+01 5.20408173e+01 4.76837158e-07
   vertex 8.47343063e+01 5.20408173e+01 3.00000048e+00
   vertex 8.60656052e+01 5.43815308e+01 4.76837158e-07
  endloop
 endfacet
 facet normal -8.26501727e-01 4.63382781e-01 3.19642484e-01
  outer loop
   vertex 8.60656052e+01 5.43815308e+01 4.76837158e-07
   vertex 8.47343063e+01 5.20408173e+01 3.00000048e+00
   vertex 8.60656052e+01 5.43815308e+01 3.00000048e+00
  endloop
 endfacet
 facet normal -8.00395727e-01 5.08559942e-01 -3.17385375e-01
  outer loop
   vertex 8.33193436e+01 4.97528839e+01 2.38418579e-06
   vertex 8.33193436e+01 4.97528839e+01 3.00000048e+00
   vertex 8.47208862e+01 5.20191040e+01 4.76837158e-07
  endloop
 endfacet
 facet normal -8.12637389e-01 4.88768786e-01 3.17372829e-01
  outer loop
   vertex 8.47343063e+01 5.20408173e+01 3.00000048e+00
   vertex 8.47343063e+01 5.20408173e+01 4.76837158e-07
   vertex 8.47208862e+01 5.20191193e+01 3.00000048e+00
  endloop
 endfacet
 facet normal -8.09347570e-01 4.93486911e-01 -3.18476319e-01
  outer loop
   vertex 8.47343063e+01 5.20408173e+01 4.76837158e-07
   vertex 8.47208862e+01 5.20191040e+01 4.76837158e-07
   vertex 8.47208862e+01 5.20191193e+01 3.00000048e+00
  endloop
 endfacet
 facet normal -8.03210795e-01 5.03417253e-01 3.18470538e-01
  outer loop
   vertex 8.47208862e+01 5.20191040e+01 4.76837158e-07
   vertex 8.33193436e+01 4.97528839e+01 3.00000048e+00
   vertex 8.47208862e+01 5.20191193e+01 3.00000048e+00
  endloop
 endfacet
 facet normal -7.81075180e-01 5.37772775e-01 -3.17367315e-01
  outer loop
   vertex 8.18214035e+01 4.75191345e+01 9.53674316e-07
   vertex 8.18214035e+01 4.75191345e+01 3.00000048e+00
   vertex 8.24608612e+01 4.84727020e+01 4.76837158e-07
  endloop
 endfacet
 facet normal -7.84053802e-01 5.32757044e-01 3.18480134e-01
  outer loop
   vertex 8.18214035e+01 4.75191345e+01 3.00000048e+00
   vertex 8.24608612e+01 4.84727020e+01 3.00000048e+00
   vertex 8.24608612e+01 4.84727020e+01 4.76837158e-07
  endloop
 endfacet
 facet normal -7.90508747e-01 5.23130596e-01 -3.18481237e-01
  outer loop
   vertex 8.24608612e+01 4.84727020e+01 4.76837158e-07
   vertex 8.24608612e+01 4.84727020e+01 3.00000048e+00
   vertex 8.33193436e+01 4.97528839e+01 2.38418579e-06
  endloop
 endfacet
 facet normal -7.94018865e-01 5.18470407e-01 3.17368031e-01
  outer loop
   vertex 8.24608612e+01 4.84727020e+01 3.00000048e+00
   vertex 8.33193436e+01 4.97528839e+01 3.00000048e+00
   vertex 8.33193436e+01 4.97528839e+01 2.38418579e-06
  endloop
 endfacet
 facet normal -7.63590157e-01 5.61030924e-01 -3.19647253e-01
  outer loop
   vertex 8.02413712e+01 4.53408508e+01 4.76837158e-07
   vertex 8.02413712e+01 4.53408508e+01 3.00000048e+00
   vertex 8.18214035e+01 4.75191345e+01 9.53674316e-07
  endloop
 endfacet
 facet normal -7.70410955e-01 5.51628351e-01 3.19645375e-01
  outer loop
   vertex 8.18214035e+01 4.75191345e+01 9.53674316e-07
   vertex 8.02413712e+01 4.53408508e+01 3.00000048e+00
   vertex 8.18214035e+01 4.75191345e+01 3.00000048e+00
  endloop
 endfacet
 facet normal -7.39012003e-01 5.94220400e-01 -3.17432463e-01
  outer loop
   vertex 7.85801010e+01 4.32192230e+01 1.50990331e-14
   vertex 7.85801010e+01 4.32192230e+01 3.00000048e+00
   vertex 8.00130615e+01 4.50492706e+01 4.76837158e-07
  endloop
 endfacet
 facet normal -7.53739059e-01 5.75462043e-01 3.17365438e-01
  outer loop
   vertex 8.02413712e+01 4.53408508e+01 3.00000048e+00
   vertex 8.02413712e+01 4.53408508e+01 4.76837158e-07
   vertex 8.00130615e+01 4.50492706e+01 3.00000048e+00
  endloop
 endfacet
 facet normal -7.49911368e-01 5.79832792e-01 -3.18475783e-01
  outer loop
   vertex 8.02413712e+01 4.53408508e+01 4.76837158e-07
   vertex 8.00130615e+01 4.50492706e+01 4.76837158e-07
   vertex 8.00130615e+01 4.50492706e+01 3.00000048e+00
  endloop
 endfacet
 facet normal -7.42535532e-01 5.89177907e-01 3.18606883e-01
  outer loop
   vertex 8.00130615e+01 4.50492706e+01 4.76837158e-07
   vertex 7.85801010e+01 4.32192230e+01 3.00000048e+00
   vertex 8.00130615e+01 4.50492706e+01 3.00000048e+00
  endloop
 endfacet
 facet normal -3.89566988e-01 8.13826025e-01 -4.31189954e-01
  outer loop
   vertex 7.66190109e+01 4.09058380e+01 1.43051147e-06
   vertex 7.66190109e+01 4.09058380e+01 3.00000048e+00
   vertex 7.73606186e+01 4.17806702e+01 4.76837158e-07
  endloop
 endfacet
 facet normal -5.70730448e-01 6.84355080e-01 4.53789443e-01
  outer loop
   vertex 7.66190109e+01 4.09058380e+01 3.00000048e+00
   vertex 7.73606186e+01 4.17806702e+01 3.00000048e+00
   vertex 7.73606186e+01 4.17806702e+01 4.76837158e-07
  endloop
 endfacet
 facet normal -7.26985276e-01 6.08261585e-01 -3.18606704e-01
  outer loop
   vertex 7.73606186e+01 4.17806702e+01 4.76837158e-07
   vertex 7.73606186e+01 4.17806702e+01 3.00000048e+00
   vertex 7.85801010e+01 4.32192230e+01 1.50990331e-14
  endloop
 endfacet
 facet normal -7.31213689e-01 6.03790939e-01 3.17431957e-01
  outer loop
   vertex 7.73606186e+01 4.17806702e+01 3.00000048e+00
   vertex 7.85801010e+01 4.32192230e+01 3.00000048e+00
   vertex 7.85801010e+01 4.32192230e+01 1.50990331e-14
  endloop
 endfacet
 facet normal 5.92560053e-01 4.10404384e-01 -6.93138361e-01
  outer loop
   vertex 7.46410294e+01 4.23842316e+01 4.76837158e-07
   vertex 7.46410294e+01 4.23842316e+01 3.00000048e+00
   vertex 7.66190109e+01 4.09058380e+01 1.43051147e-06
  endloop
 endfacet
 facet normal 2.31579706e-01 6.92377329e-01 6.83362603e-01
  outer loop
   vertex 7.66190109e+01 4.09058380e+01 1.43051147e-06
   vertex 7.46410294e+01 4.23842316e+01 3.00000048e+00
   vertex 7.66190109e+01 4.09058380e+01 3.00000048e+00
  endloop
 endfacet
 facet normal 7.31849611e-01 -6.04250312e-01 -3.15083623e-01
  outer loop
   vertex 7.65744553e+01 4.46649475e+01 4.76837158e-07
   vertex 7.65744553e+01 4.46649475e+01 3.00000048e+00
   vertex 7.54795609e+01 4.33733826e+01 4.76837158e-07
  endloop
 endfacet
 facet normal 7.28215754e-01 -6.09230340e-01 3.13911140e-01
  outer loop
   vertex 7.65744553e+01 4.46649475e+01 3.00000048e+00
   vertex 7.54795609e+01 4.33733826e+01 3.00000048e+00
   vertex 7.54795609e+01 4.33733826e+01 4.76837158e-07
  endloop
 endfacet
 facet normal 7.63251603e-01 -4.45580244e-01 4.67873096e-01
  outer loop
   vertex 7.54795609e+01 4.33733826e+01 3.00000048e+00
   vertex 7.46410294e+01 4.23842316e+01 3.00000048e+00
   vertex 7.54795609e+01 4.33733826e+01 4.76837158e-07
  endloop
 endfacet
 facet normal 8.62534642e-01 -2.31916934e-01 -4.49720532e-01
  outer loop
   vertex 7.46410294e+01 4.23842316e+01 3.00000048e+00
   vertex 7.46410294e+01 4.23842316e+01 4.76837158e-07
   vertex 7.54795609e+01 4.33733826e+01 4.76837158e-07
  endloop
 endfacet
 facet normal 7.54360318e-01 -5.75868249e-01 -3.15144897e-01
  outer loop
   vertex 7.82122726e+01 4.67566528e+01 4.76837158e-07
   vertex 7.82122726e+01 4.67566528e+01 3.00000048e+00
   vertex 7.80632858e+01 4.65663757e+01 4.76837158e-07
  endloop
 endfacet
 facet normal 7.51104653e-01 -5.80708802e-01 3.14036697e-01
  outer loop
   vertex 7.82122726e+01 4.67566528e+01 3.00000048e+00
   vertex 7.80632858e+01 4.65663757e+01 3.00000048e+00
   vertex 7.80632858e+01 4.65663757e+01 4.76837158e-07
  endloop
 endfacet
 facet normal 7.43730724e-01 -5.90190291e-01 3.13910931e-01
  outer loop
   vertex 7.80632858e+01 4.65663757e+01 3.00000048e+00
   vertex 7.65744553e+01 4.46649475e+01 3.00000048e+00
   vertex 7.80632858e+01 4.65663757e+01 4.76837158e-07
  endloop
 endfacet
 facet normal 7.39589930e-01 -5.94751358e-01 -3.15083504e-01
  outer loop
   vertex 7.65744553e+01 4.46649475e+01 3.00000048e+00
   vertex 7.65744553e+01 4.46649475e+01 4.76837158e-07
   vertex 7.80632858e+01 4.65663757e+01 4.76837158e-07
  endloop
 endfacet
 facet normal 7.72219539e-01 -5.52919269e-01 -3.12981248e-01
  outer loop
   vertex 7.97700272e+01 4.89042053e+01 4.76837158e-07
   vertex 7.97700272e+01 4.89042053e+01 3.00000048e+00
   vertex 7.82122726e+01 4.67566528e+01 4.76837158e-07
  endloop
 endfacet
 facet normal 7.65381038e-01 -5.62348604e-01 3.12979013e-01
  outer loop
   vertex 7.82122726e+01 4.67566528e+01 4.76837158e-07
   vertex 7.97700272e+01 4.89042053e+01 3.00000048e+00
   vertex 7.82122726e+01 4.67566528e+01 3.00000048e+00
  endloop
 endfacet
 facet normal 7.94661939e-01 -5.18842697e-01 -3.15142304e-01
  outer loop
   vertex 8.12468491e+01 5.11064148e+01 2.38418579e-06
   vertex 8.12468491e+01 5.11064148e+01 3.00000048e+00
   vertex 8.04453659e+01 4.99112549e+01 4.76837158e-07
  endloop
 endfacet
 facet normal 7.91767955e-01 -5.23916423e-01 3.14030409e-01
  outer loop
   vertex 8.12468491e+01 5.11064148e+01 3.00000048e+00
   vertex 8.04453659e+01 4.99112549e+01 3.00000048e+00
   vertex 8.04453659e+01 4.99112549e+01 4.76837158e-07
  endloop
 endfacet
 facet normal 7.85249412e-01 -5.33635557e-01 3.14032495e-01
  outer loop
   vertex 8.04453659e+01 4.99112549e+01 3.00000048e+00
   vertex 7.97700272e+01 4.89042053e+01 3.00000048e+00
   vertex 8.04453659e+01 4.99112549e+01 4.76837158e-07
  endloop
 endfacet
 facet normal 7.81655431e-01 -5.38237333e-01 -3.15143317e-01
  outer loop
   vertex 7.97700272e+01 4.89042053e+01 3.00000048e+00
   vertex 7.97700272e+01 4.89042053e+01 4.76837158e-07
   vertex 8.04453659e+01 4.99112549e+01 4.76837158e-07
  endloop
 endfacet
 facet normal 8.10775697e-01 -4.94663239e-01 -3.12971294e-01
  outer loop
   vertex 8.26418533e+01 5.33620758e+01 3.33786011e-06
   vertex 8.26418533e+01 5.33620758e+01 3.00000048e+00
   vertex 8.12468491e+01 5.11064148e+01 2.38418579e-06
  endloop
 endfacet
 facet normal 8.04727852e-01 -5.04425585e-01 3.12998176e-01
  outer loop
   vertex 8.12468491e+01 5.11064148e+01 2.38418579e-06
   vertex 8.26418533e+01 5.33620758e+01 3.00000048e+00
   vertex 8.12468491e+01 5.11064148e+01 3.00000048e+00
  endloop
 endfacet
 facet normal 8.30560982e-01 -4.59184945e-01 -3.15147072e-01
  outer loop
   vertex 8.39543533e+01 5.56697998e+01 4.76837158e-07
   vertex 8.39543533e+01 5.56697998e+01 3.00000048e+00
   vertex 8.26480103e+01 5.33728943e+01 4.76837158e-07
  endloop
 endfacet
 facet normal 8.19162488e-01 -4.79226053e-01 3.15143168e-01
  outer loop
   vertex 8.26418533e+01 5.33620758e+01 3.00000048e+00
   vertex 8.26418533e+01 5.33620758e+01 3.33786011e-06
   vertex 8.26480103e+01 5.33728943e+01 3.00000048e+00
  endloop
 endfacet
 facet normal 8.22253942e-01 -4.74627316e-01 -3.14049929e-01
  outer loop
   vertex 8.26418533e+01 5.33620758e+01 3.33786011e-06
   vertex 8.26480103e+01 5.33728943e+01 4.76837158e-07
   vertex 8.26480103e+01 5.33728943e+01 3.00000048e+00
  endloop
 endfacet
 facet normal 8.28116655e-01 -4.64342296e-01 3.14020723e-01
  outer loop
   vertex 8.39543533e+01 5.56697998e+01 3.00000048e+00
   vertex 8.26480103e+01 5.33728943e+01 3.00000048e+00
   vertex 8.26480103e+01 5.33728943e+01 4.76837158e-07
  endloop
 endfacet
 facet normal -3.52921933e-01 1.54521078e-01 9.22805130e-01
  outer loop
   vertex 8.45322266e+01 5.67786865e+01 3.00000191e+00
   vertex 8.46280136e+01 5.69624786e+01 3.00000048e+00
   vertex 8.46280136e+01 5.69624786e+01 3.00000048e+00
  endloop
 endfacet
 facet normal 2.04350829e-01 -5.83230913e-01 7.86182165e-01
  outer loop
   vertex 8.46280136e+01 5.69624786e+01 3.00000048e+00
   vertex 8.45322266e+01 5.67786865e+01 3.00000191e+00
   vertex 8.46280136e+01 5.69624786e+01 3.00000048e+00
  endloop
 endfacet
 facet normal 8.46516415e-02 -3.67778659e-01 -9.26052332e-01
  outer loop
   vertex 8.46280136e+01 5.69624786e+01 4.76837158e-07
   vertex 8.45322266e+01 5.67786865e+01 2.38418579e-06
   vertex 8.45322266e+01 5.67786865e+01 2.38418579e-06
  endloop
 endfacet
 facet normal 5.96837699e-01 1.82965949e-01 -7.81222224e-01
  outer loop
   vertex 8.45322266e+01 5.67786865e+01 2.38418579e-06
   vertex 8.46280136e+01 5.69624786e+01 4.76837158e-07
   vertex 8.45322266e+01 5.67786865e+01 2.38418579e-06
  endloop
 endfacet
 facet normal 8.36171627e-01 -4.48886007e-01 3.15148205e-01
  outer loop
   vertex 8.39543533e+01 5.56697998e+01 3.00000048e+00
   vertex 8.39543533e+01 5.56697998e+01 4.76837158e-07
   vertex 8.45322266e+01 5.67786865e+01 3.00000191e+00
  endloop
 endfacet
 facet normal 8.39224935e-01 -4.43938136e-01 -3.14038903e-01
  outer loop
   vertex 8.39543533e+01 5.56697998e+01 4.76837158e-07
   vertex 8.45322266e+01 5.67786865e+01 2.38418579e-06
   vertex 8.45322266e+01 5.67786865e+01 3.00000191e+00
  endloop
 endfacet
 facet normal 8.41286480e-01 -4.38448936e-01 3.16227108e-01
  outer loop
   vertex 8.45322266e+01 5.67786865e+01 3.00000191e+00
   vertex 8.45322266e+01 5.67786865e+01 2.38418579e-06
   vertex 8.46280136e+01 5.69624786e+01 3.00000048e+00
  endloop
 endfacet
 facet normal 8.41289163e-01 -4.38442498e-01 -3.16228926e-01
  outer loop
   vertex 8.45322266e+01 5.67786865e+01 2.38418579e-06
   vertex 8.46280136e+01 5.69624786e+01 4.76837158e-07
   vertex 8.46280136e+01 5.69624786e+01 3.00000048e+00
  endloop
 endfacet
 facet normal 8.41292977e-01 -4.38436478e-01 3.16227049e-01
  outer loop
   vertex 8.46280136e+01 5.69624786e+01 3.00000048e+00
   vertex 8.46280136e+01 5.69624786e+01 4.76837158e-07
   vertex 8.50006027e+01 5.76774445e+01 3.00000048e+00
  endloop
 endfacet
 facet normal 8.41295481e-01 -4.38431740e-01 -3.16227049e-01
  outer loop
   vertex 8.46280136e+01 5.69624786e+01 4.76837158e-07
   vertex 8.50006027e+01 5.76774445e+01 4.76837158e-07
   vertex 8.50006027e+01 5.76774445e+01 3.00000048e+00
  endloop
 endfacet
 facet normal 7.01287091e-01 -5.38775921e-01 4.66815650e-01
  outer loop
   vertex 8.50006027e+01 5.76774445e+01 3.00000048e+00
   vertex 8.50006027e+01 5.76774445e+01 4.76837158e-07
   vertex 8.51835098e+01 5.80284119e+01 3.00000048e+00
  endloop
 endfacet
 facet normal 5.41808069e-01 -7.10989535e-01 -4.48260963e-01
  outer loop
   vertex 8.50006027e+01 5.76774445e+01 4.76837158e-07
   vertex 8.51835098e+01 5.80284119e+01 4.76837158e-07
   vertex 8.51835098e+01 5.80284119e+01 3.00000048e+00
  endloop
 endfacet
 facet normal -1.50025755e-01 -7.05742896e-01 6.92401052e-01
  outer loop
   vertex 8.51835098e+01 5.80284119e+01 3.00000048e+00
   vertex 8.51835098e+01 5.80284119e+01 4.76837158e-07
   vertex 8.73123398e+01 5.67738647e+01 3.00000048e+00
  endloop
 endfacet
 facet normal -5.48978984e-01 -4.80252087e-01 -6.84090674e-01
  outer loop
   vertex 8.73123398e+01 5.67738647e+01 3.00000048e+00
   vertex 8.51835098e+01 5.80284119e+01 4.76837158e-07
   vertex 8.73123398e+01 5.67738647e+01 4.76837158e-07
  endloop
 endfacet
 facet normal -6.80550337e-01 -3.97529364e-01 -6.15484834e-01
  outer loop
   vertex 8.67514877e+01 5.56976624e+01 4.76837158e-07
   vertex 8.66830139e+01 5.55662537e+01 1.43051147e-06
   vertex 8.66830139e+01 5.55662537e+01 1.43051147e-06
  endloop
 endfacet
 facet normal -6.23035550e-01 3.30703497e-01 -7.08845437e-01
  outer loop
   vertex 8.66830139e+01 5.55662537e+01 1.43051147e-06
   vertex 8.60656052e+01 5.43815308e+01 4.76837158e-07
   vertex 8.66830139e+01 5.55662537e+01 1.43051147e-06
  endloop
 endfacet
 facet normal -8.35608006e-01 -1.40597776e-01 5.31028748e-01
  outer loop
   vertex 8.66830139e+01 5.55662537e+01 3.00000143e+00
   vertex 8.67514877e+01 5.56976624e+01 3.00000048e+00
   vertex 8.67514877e+01 5.56976624e+01 3.00000048e+00
  endloop
 endfacet
 facet normal -6.27069235e-01 3.26779217e-01 7.07106471e-01
  outer loop
   vertex 8.67514877e+01 5.56976624e+01 3.00000048e+00
   vertex 8.70178604e+01 5.62088013e+01 3.00000048e+00
   vertex 8.67514877e+01 5.56976624e+01 3.00000048e+00
  endloop
 endfacet
 facet normal -9.00129199e-01 5.19434735e-02 4.32515055e-01
  outer loop
   vertex 8.73123398e+01 5.67738647e+01 3.00000048e+00
   vertex 8.73123398e+01 5.67738647e+01 4.76837158e-07
   vertex 8.70178604e+01 5.62088013e+01 3.00000048e+00
  endloop
 endfacet
 facet normal -8.48758101e-01 2.69677877e-01 -4.54844475e-01
  outer loop
   vertex 8.73123398e+01 5.67738647e+01 4.76837158e-07
   vertex 8.70178604e+01 5.62088013e+01 4.76837158e-07
   vertex 8.70178604e+01 5.62088013e+01 3.00000048e+00
  endloop
 endfacet
 facet normal -8.41298223e-01 4.38425839e-01 -3.16227853e-01
  outer loop
   vertex 8.70178604e+01 5.62088013e+01 4.76837158e-07
   vertex 8.67514877e+01 5.56976624e+01 4.76837158e-07
   vertex 8.70178604e+01 5.62088013e+01 3.00000048e+00
  endloop
 endfacet
 facet normal -8.86811018e-01 4.62132275e-01 -5.52188737e-07
  outer loop
   vertex 8.70178604e+01 5.62088013e+01 3.00000048e+00
   vertex 8.67514877e+01 5.56976624e+01 4.76837158e-07
   vertex 8.67514877e+01 5.56976624e+01 3.00000048e+00
  endloop
 endfacet
 facet normal -8.58025968e-01 4.47125882e-01 -2.52725005e-01
  outer loop
   vertex 8.67514877e+01 5.56976624e+01 4.76837158e-07
   vertex 8.66830139e+01 5.55662537e+01 1.43051147e-06
   vertex 8.67514877e+01 5.56976624e+01 3.00000048e+00
  endloop
 endfacet
 facet normal -8.58024180e-01 4.47127759e-01 2.52727628e-01
  outer loop
   vertex 8.67514877e+01 5.56976624e+01 3.00000048e+00
   vertex 8.66830139e+01 5.55662537e+01 1.43051147e-06
   vertex 8.66830139e+01 5.55662537e+01 3.00000143e+00
  endloop
 endfacet
 facet normal -8.84320438e-01 4.66877311e-01 -1.72130810e-03
  outer loop
   vertex 8.66830139e+01 5.55662537e+01 1.43051147e-06
   vertex 8.60656052e+01 5.43815308e+01 4.76837158e-07
   vertex 8.66830139e+01 5.55662537e+01 3.00000143e+00
  endloop
 endfacet
 facet normal -8.35543633e-01 4.48491722e-01 3.17367256e-01
  outer loop
   vertex 8.60656052e+01 5.43815308e+01 4.76837158e-07
   vertex 8.60656052e+01 5.43815308e+01 3.00000048e+00
   vertex 8.66830139e+01 5.55662537e+01 3.00000143e+00
  endloop
 endfacet
 facet normal -7.14197338e-01 -4.66896951e-01 5.21468520e-01
  outer loop
   vertex 8.66830139e+01 5.55662537e+01 3.00000143e+00
   vertex 8.67514877e+01 5.56976624e+01 3.00000048e+00
   vertex 9.20766602e+01 5.25257874e+01 3.00000048e+00
  endloop
 endfacet
 facet normal -2.73275703e-01 1.52741715e-01 -9.49731708e-01
  outer loop
   vertex 8.47208862e+01 5.20191040e+01 4.76837158e-07
   vertex 8.47343063e+01 5.20408173e+01 4.76837158e-07
   vertex 8.97222824e+01 4.87527161e+01 4.76837158e-07
  endloop
 endfacet
 facet normal -2.79962778e-01 1.36656910e-01 -9.50234592e-01
  outer loop
   vertex 8.47343063e+01 5.20408173e+01 4.76837158e-07
   vertex 8.60656052e+01 5.43815308e+01 4.76837158e-07
   vertex 8.97222824e+01 4.87527161e+01 4.76837158e-07
  endloop
 endfacet
 facet normal -8.86973180e-03 -2.19200477e-02 -9.99720395e-01
  outer loop
   vertex 8.60656052e+01 5.43815308e+01 4.76837158e-07
   vertex 8.66830139e+01 5.55662537e+01 1.43051147e-06
   vertex 8.97222824e+01 4.87527161e+01 4.76837158e-07
  endloop
 endfacet
 facet normal 2.89929032e-01 -6.37671173e-01 -7.13664234e-01
  outer loop
   vertex 8.67514877e+01 5.56976624e+01 4.76837158e-07
   vertex 9.20766602e+01 5.25257874e+01 4.76837158e-07
   vertex 8.66830139e+01 5.55662537e+01 1.43051147e-06
  endloop
 endfacet
 facet normal 4.32040572e-01 -2.69593596e-01 -8.60616207e-01
  outer loop
   vertex 8.66830139e+01 5.55662537e+01 1.43051147e-06
   vertex 9.20766602e+01 5.25257874e+01 4.76837158e-07
   vertex 8.97222824e+01 4.87527161e+01 4.76837158e-07
  endloop
 endfacet
 facet normal -2.54123032e-01 -4.16782469e-01 8.72762203e-01
  outer loop
   vertex 6.81310425e+01 6.51265106e+01 3.00000048e+00
   vertex 6.83866653e+01 6.49962769e+01 3.00000048e+00
   vertex 6.88871918e+01 6.63382874e+01 3.00000048e+00
  endloop
 endfacet
 facet normal 2.72780299e-01 -1.64989769e-01 9.47823465e-01
  outer loop
   vertex 8.26480103e+01 5.33728943e+01 3.00000048e+00
   vertex 8.39543533e+01 5.56697998e+01 3.00000048e+00
   vertex 6.89037933e+01 6.23491974e+01 3.00000048e+00
  endloop
 endfacet
 facet normal -2.84173876e-01 8.30432028e-02 9.55169618e-01
  outer loop
   vertex 6.89037933e+01 6.23491974e+01 3.00000048e+00
   vertex 8.39543533e+01 5.56697998e+01 3.00000048e+00
   vertex 6.91132050e+01 6.27601929e+01 3.00000048e+00
  endloop
 endfacet
 facet normal -1.06963992e-01 -4.07611817e-01 9.06868935e-01
  outer loop
   vertex 8.46280136e+01 5.69624786e+01 3.00000048e+00
   vertex 6.88871918e+01 6.63382874e+01 3.00000048e+00
   vertex 8.45322266e+01 5.67786865e+01 3.00000191e+00
  endloop
 endfacet
 facet normal 8.97696242e-02 -3.32220584e-01 9.38920081e-01
  outer loop
   vertex 6.88871918e+01 6.63382874e+01 3.00000048e+00
   vertex 6.83866653e+01 6.49962769e+01 3.00000048e+00
   vertex 8.45322266e+01 5.67786865e+01 3.00000191e+00
  endloop
 endfacet
 facet normal -1.20074853e-01 -4.94196594e-01 8.61017883e-01
  outer loop
   vertex 6.83866653e+01 6.49962769e+01 3.00000048e+00
   vertex 6.88291245e+01 6.45538330e+01 3.00000048e+00
   vertex 8.45322266e+01 5.67786865e+01 3.00000191e+00
  endloop
 endfacet
 facet normal -2.24484265e-01 -3.78720582e-01 8.97873878e-01
  outer loop
   vertex 6.88291245e+01 6.45538330e+01 3.00000048e+00
   vertex 6.91132050e+01 6.39962769e+01 3.00000048e+00
   vertex 8.45322266e+01 5.67786865e+01 3.00000191e+00
  endloop
 endfacet
 facet normal -2.86852598e-01 -2.26127997e-01 9.30903733e-01
  outer loop
   vertex 6.91132050e+01 6.39962769e+01 3.00000048e+00
   vertex 6.92110901e+01 6.33782349e+01 3.00000048e+00
   vertex 8.45322266e+01 5.67786865e+01 3.00000191e+00
  endloop
 endfacet
 facet normal -2.94075698e-01 -5.23200035e-02 9.54349041e-01
  outer loop
   vertex 6.92110901e+01 6.33782349e+01 3.00000048e+00
   vertex 6.91132050e+01 6.27601929e+01 3.00000048e+00
   vertex 8.45322266e+01 5.67786865e+01 3.00000191e+00
  endloop
 endfacet
 facet normal 2.69386709e-01 -2.01335773e-01 9.41750884e-01
  outer loop
   vertex 8.45322266e+01 5.67786865e+01 3.00000191e+00
   vertex 6.91132050e+01 6.27601929e+01 3.00000048e+00
   vertex 8.39543533e+01 5.56697998e+01 3.00000048e+00
  endloop
 endfacet
 facet normal -2.67140716e-01 1.62674710e-01 -9.49827731e-01
  outer loop
   vertex 8.47208862e+01 5.20191040e+01 4.76837158e-07
   vertex 8.97222824e+01 4.87527161e+01 4.76837158e-07
   vertex 8.33193436e+01 4.97528839e+01 2.38418579e-06
  endloop
 endfacet
 facet normal 2.61338949e-01 -1.88742414e-01 -9.46614087e-01
  outer loop
   vertex 8.97222824e+01 4.87527161e+01 4.76837158e-07
   vertex 8.72139664e+01 4.50801849e+01 4.76837158e-07
   vertex 8.33193436e+01 4.97528839e+01 2.38418579e-06
  endloop
 endfacet
 facet normal -2.68185675e-01 1.61671385e-01 -9.49704587e-01
  outer loop
   vertex 8.33193436e+01 4.97528839e+01 2.38418579e-06
   vertex 8.72139664e+01 4.50801849e+01 4.76837158e-07
   vertex 8.24608612e+01 4.84727020e+01 4.76837158e-07
  endloop
 endfacet
 facet normal 3.17826390e-01 3.70504260e-01 8.72761726e-01
  outer loop
   vertex 6.59711075e+01 6.18246002e+01 3.00000048e+00
   vertex 6.52445450e+01 6.07608032e+01 3.00000048e+00
   vertex 6.60355148e+01 6.17601929e+01 3.00000048e+00
  endloop
 endfacet
 facet normal -2.46089756e-01 1.61342025e-01 9.55724120e-01
  outer loop
   vertex 6.89037933e+01 6.23491974e+01 3.00000048e+00
   vertex 6.88291245e+01 6.22026367e+01 3.00000048e+00
   vertex 8.26480103e+01 5.33728943e+01 3.00000048e+00
  endloop
 endfacet
 facet normal 3.70644212e-01 5.54878265e-02 9.27115917e-01
  outer loop
   vertex 6.52445450e+01 6.07608032e+01 3.00000048e+00
   vertex 8.04453659e+01 4.99112549e+01 3.00000048e+00
   vertex 6.60355148e+01 6.17601929e+01 3.00000048e+00
  endloop
 endfacet
 facet normal 4.53683496e-01 2.99085021e-01 8.39475691e-01
  outer loop
   vertex 6.60355148e+01 6.17601929e+01 3.00000048e+00
   vertex 8.04453659e+01 4.99112549e+01 3.00000048e+00
   vertex 6.65930557e+01 6.14761353e+01 3.00000048e+00
  endloop
 endfacet
 facet normal 3.16818565e-01 3.63096595e-01 8.76234472e-01
  outer loop
   vertex 6.65930557e+01 6.14761353e+01 3.00000048e+00
   vertex 8.04453659e+01 4.99112549e+01 3.00000048e+00
   vertex 6.72110901e+01 6.13782349e+01 3.00000048e+00
  endloop
 endfacet
 facet normal 1.58243269e-01 3.77993435e-01 9.12184179e-01
  outer loop
   vertex 6.72110901e+01 6.13782349e+01 3.00000048e+00
   vertex 8.04453659e+01 4.99112549e+01 3.00000048e+00
   vertex 6.78291245e+01 6.14761353e+01 3.00000048e+00
  endloop
 endfacet
 facet normal -5.08890022e-03 3.35599273e-01 9.41991091e-01
  outer loop
   vertex 6.78291245e+01 6.14761353e+01 3.00000048e+00
   vertex 8.04453659e+01 4.99112549e+01 3.00000048e+00
   vertex 6.83866653e+01 6.17601929e+01 3.00000048e+00
  endloop
 endfacet
 facet normal 3.43410343e-01 -1.03344299e-01 9.33482349e-01
  outer loop
   vertex 8.04453659e+01 4.99112549e+01 3.00000048e+00
   vertex 8.12468491e+01 5.11064148e+01 3.00000048e+00
   vertex 6.83866653e+01 6.17601929e+01 3.00000048e+00
  endloop
 endfacet
 facet normal -1.46842360e-01 2.40015164e-01 9.59598899e-01
  outer loop
   vertex 6.83866653e+01 6.17601929e+01 3.00000048e+00
   vertex 8.12468491e+01 5.11064148e+01 3.00000048e+00
   vertex 6.88291245e+01 6.22026367e+01 3.00000048e+00
  endloop
 endfacet
 facet normal 3.00474912e-01 -1.39861763e-01 9.43479478e-01
  outer loop
   vertex 8.26480103e+01 5.33728943e+01 3.00000048e+00
   vertex 6.88291245e+01 6.22026367e+01 3.00000048e+00
   vertex 8.26418533e+01 5.33620758e+01 3.00000048e+00
  endloop
 endfacet
 facet normal 2.93524802e-01 -1.55782968e-01 9.43172753e-01
  outer loop
   vertex 8.12468491e+01 5.11064148e+01 3.00000048e+00
   vertex 8.26418533e+01 5.33620758e+01 3.00000048e+00
   vertex 6.88291245e+01 6.22026367e+01 3.00000048e+00
  endloop
 endfacet
 facet normal -2.61757791e-01 1.71319067e-01 -9.49806631e-01
  outer loop
   vertex 8.24608612e+01 4.84727020e+01 4.76837158e-07
   vertex 8.72139664e+01 4.50801849e+01 4.76837158e-07
   vertex 8.18214035e+01 4.75191345e+01 9.53674316e-07
  endloop
 endfacet
 facet normal 2.52494067e-01 -2.00537875e-01 -9.46589291e-01
  outer loop
   vertex 8.72139664e+01 4.50801849e+01 4.76837158e-07
   vertex 8.45560074e+01 4.15144653e+01 4.76837158e-07
   vertex 8.18214035e+01 4.75191345e+01 9.53674316e-07
  endloop
 endfacet
 facet normal -2.49176785e-01 1.88984588e-01 -9.49839830e-01
  outer loop
   vertex 8.00130615e+01 4.50492706e+01 4.76837158e-07
   vertex 8.02413712e+01 4.53408508e+01 4.76837158e-07
   vertex 8.45560074e+01 4.15144653e+01 4.76837158e-07
  endloop
 endfacet
 facet normal -2.57690281e-01 1.73649877e-01 -9.50495362e-01
  outer loop
   vertex 8.02413712e+01 4.53408508e+01 4.76837158e-07
   vertex 8.18214035e+01 4.75191345e+01 9.53674316e-07
   vertex 8.45560074e+01 4.15144653e+01 4.76837158e-07
  endloop
 endfacet
 facet normal 4.18594182e-01 -2.86348611e-01 8.61848831e-01
  outer loop
   vertex 8.04453659e+01 4.99112549e+01 3.00000048e+00
   vertex 6.52445450e+01 6.07608032e+01 3.00000048e+00
   vertex 7.97700272e+01 4.89042053e+01 3.00000048e+00
  endloop
 endfacet
 facet normal 2.08690733e-01 -1.45589620e-01 9.67084169e-01
  outer loop
   vertex 6.52445450e+01 6.07608032e+01 3.00000048e+00
   vertex 6.32534637e+01 5.80897217e+01 3.00000048e+00
   vertex 7.97700272e+01 4.89042053e+01 3.00000048e+00
  endloop
 endfacet
 facet normal 4.02176291e-01 -3.08978617e-01 8.61850619e-01
  outer loop
   vertex 7.80632858e+01 4.65663757e+01 3.00000048e+00
   vertex 7.82122726e+01 4.67566528e+01 3.00000048e+00
   vertex 6.32534637e+01 5.80897217e+01 3.00000048e+00
  endloop
 endfacet
 facet normal 4.11900014e-01 -2.98768312e-01 8.60857666e-01
  outer loop
   vertex 7.82122726e+01 4.67566528e+01 3.00000048e+00
   vertex 7.97700272e+01 4.89042053e+01 3.00000048e+00
   vertex 6.32534637e+01 5.80897217e+01 3.00000048e+00
  endloop
 endfacet
 facet normal 2.45762825e-01 -2.06715986e-01 -9.47031736e-01
  outer loop
   vertex 8.45560074e+01 4.15144653e+01 4.76837158e-07
   vertex 8.17529373e+01 3.80616608e+01 4.76837158e-07
   vertex 8.00130615e+01 4.50492706e+01 4.76837158e-07
  endloop
 endfacet
 facet normal -2.50014275e-01 1.88030511e-01 -9.49809134e-01
  outer loop
   vertex 8.00130615e+01 4.50492706e+01 4.76837158e-07
   vertex 8.17529373e+01 3.80616608e+01 4.76837158e-07
   vertex 7.85801010e+01 4.32192230e+01 1.50990331e-14
  endloop
 endfacet
 facet normal -2.42254928e-01 1.97590381e-01 -9.49879229e-01
  outer loop
   vertex 7.85801010e+01 4.32192230e+01 1.50990331e-14
   vertex 8.17529373e+01 3.80616608e+01 4.76837158e-07
   vertex 7.73606186e+01 4.17806702e+01 4.76837158e-07
  endloop
 endfacet
 facet normal 3.96323025e-01 -3.16608161e-01 8.61793101e-01
  outer loop
   vertex 7.80632858e+01 4.65663757e+01 3.00000048e+00
   vertex 6.32534637e+01 5.80897217e+01 3.00000048e+00
   vertex 7.65744553e+01 4.46649475e+01 3.00000048e+00
  endloop
 endfacet
 facet normal 1.97334334e-01 -1.60798654e-01 9.67058897e-01
  outer loop
   vertex 6.32534637e+01 5.80897217e+01 3.00000048e+00
   vertex 6.11536827e+01 5.55032196e+01 3.00000048e+00
   vertex 7.65744553e+01 4.46649475e+01 3.00000048e+00
  endloop
 endfacet
 facet normal 3.90113711e-01 -3.24227870e-01 8.61793220e-01
  outer loop
   vertex 7.54795609e+01 4.33733826e+01 3.00000048e+00
   vertex 7.65744553e+01 4.46649475e+01 3.00000048e+00
   vertex 6.11536827e+01 5.55032196e+01 3.00000048e+00
  endloop
 endfacet
 facet normal -2.61632860e-01 -8.37799907e-01 -4.79207277e-01
  outer loop
   vertex 8.67514877e+01 5.56976624e+01 4.76837158e-07
   vertex 8.66830139e+01 5.55662537e+01 1.43051147e-06
   vertex 9.20766602e+01 5.25257874e+01 4.76837158e-07
  endloop
 endfacet
 facet normal -5.22616267e-01 2.45951071e-01 -8.16321194e-01
  outer loop
   vertex 8.66830139e+01 5.55662537e+01 1.43051147e-06
   vertex 8.67514877e+01 5.56976624e+01 4.76837158e-07
   vertex 9.20766602e+01 5.25257874e+01 4.76837158e-07
  endloop
 endfacet
 facet normal -2.88075268e-01 1.29702270e-01 -9.48783398e-01
  outer loop
   vertex 8.67514877e+01 5.56976624e+01 4.76837158e-07
   vertex 8.70178604e+01 5.62088013e+01 4.76837158e-07
   vertex 9.20766602e+01 5.25257874e+01 4.76837158e-07
  endloop
 endfacet
 facet normal -3.72121222e-02 -5.39207697e-01 8.41350317e-01
  outer loop
   vertex 8.66830139e+01 5.55662537e+01 3.00000143e+00
   vertex 9.20766602e+01 5.25257874e+01 3.00000048e+00
   vertex 8.67514877e+01 5.56976624e+01 3.00000048e+00
  endloop
 endfacet
 facet normal -6.47893082e-03 -1.55250998e-02 9.99858499e-01
  outer loop
   vertex 8.67514877e+01 5.56976624e+01 3.00000048e+00
   vertex 9.20766602e+01 5.25257874e+01 3.00000048e+00
   vertex 8.70178604e+01 5.62088013e+01 3.00000048e+00
  endloop
 endfacet
 facet normal 1.18661955e-01 9.42462385e-01 3.12544376e-01
  outer loop
   vertex 7.76086884e+01 8.78255234e+01 3.00000048e+00
   vertex 7.77769318e+01 8.78119583e+01 3.00000048e+00
   vertex 7.77769318e+01 8.78119583e+01 4.76837158e-07
  endloop
 endfacet
 facet normal 6.69711471e-01 6.77253067e-01 3.04655284e-01
  outer loop
   vertex 8.21269684e+01 8.68666000e+01 3.00000429e+00
   vertex 8.21269531e+01 8.68666000e+01 4.29153442e-06
   vertex 7.77769318e+01 8.78119583e+01 3.00000048e+00
  endloop
 endfacet
 facet normal 4.30706590e-01 8.61697376e-01 -2.68271208e-01
  outer loop
   vertex 8.21269531e+01 8.68666000e+01 4.29153442e-06
   vertex 7.77769318e+01 8.78119583e+01 4.76837158e-07
   vertex 7.77769318e+01 8.78119583e+01 3.00000048e+00
  endloop
 endfacet
 facet normal 8.81306052e-01 -3.40311348e-01 3.27853382e-01
  outer loop
   vertex 6.53089752e+01 6.39962769e+01 3.00000048e+00
   vertex 6.53089752e+01 6.39962769e+01 4.76837158e-07
   vertex 6.55768433e+01 6.45220184e+01 3.00000048e+00
  endloop
 endfacet
 facet normal 7.93298781e-01 -5.13019919e-01 -3.27852964e-01
  outer loop
   vertex 6.55930557e+01 6.45538330e+01 4.76837158e-07
   vertex 6.55930557e+01 6.45538330e+01 3.00000048e+00
   vertex 6.55768433e+01 6.45220184e+01 4.76837158e-07
  endloop
 endfacet
 facet normal 8.16184998e-01 -4.69121903e-01 3.37293178e-01
  outer loop
   vertex 6.55930557e+01 6.45538330e+01 3.00000048e+00
   vertex 6.55768433e+01 6.45220184e+01 3.00000048e+00
   vertex 6.55768433e+01 6.45220184e+01 4.76837158e-07
  endloop
 endfacet
 facet normal 8.59226644e-01 -3.84656280e-01 -3.37296844e-01
  outer loop
   vertex 6.53089752e+01 6.39962769e+01 4.76837158e-07
   vertex 6.55768433e+01 6.45220184e+01 4.76837158e-07
   vertex 6.55768433e+01 6.45220184e+01 3.00000048e+00
  endloop
 endfacet
 facet normal 6.26174569e-01 -6.96003914e-01 -3.51402879e-01
  outer loop
   vertex 6.60355148e+01 6.49962769e+01 4.76837158e-07
   vertex 6.60355148e+01 6.49962769e+01 3.00000048e+00
   vertex 6.55930557e+01 6.45538330e+01 4.76837158e-07
  endloop
 endfacet
 facet normal 6.95959032e-01 -6.26226187e-01 3.51399750e-01
  outer loop
   vertex 6.55930557e+01 6.45538330e+01 4.76837158e-07
   vertex 6.60355148e+01 6.49962769e+01 3.00000048e+00
   vertex 6.55930557e+01 6.45538330e+01 3.00000048e+00
  endloop
 endfacet
 facet normal 3.80455017e-01 -8.55435729e-01 -3.51402491e-01
  outer loop
   vertex 6.65930557e+01 6.52803345e+01 4.76837158e-07
   vertex 6.65930557e+01 6.52803345e+01 3.00000048e+00
   vertex 6.60355148e+01 6.49962769e+01 4.76837158e-07
  endloop
 endfacet
 facet normal 4.68409181e-01 -8.10623527e-01 3.51400524e-01
  outer loop
   vertex 6.60355148e+01 6.49962769e+01 4.76837158e-07
   vertex 6.65930557e+01 6.52803345e+01 3.00000048e+00
   vertex 6.60355148e+01 6.49962769e+01 3.00000048e+00
  endloop
 endfacet
 facet normal 9.75021273e-02 -9.31133747e-01 -3.51401806e-01
  outer loop
   vertex 6.72110901e+01 6.53782349e+01 4.76837158e-07
   vertex 6.72110901e+01 6.53782349e+01 3.00000048e+00
   vertex 6.65930557e+01 6.52803345e+01 4.76837158e-07
  endloop
 endfacet
 facet normal 1.95002735e-01 -9.15690243e-01 3.51404816e-01
  outer loop
   vertex 6.65930557e+01 6.52803345e+01 4.76837158e-07
   vertex 6.72110901e+01 6.53782349e+01 3.00000048e+00
   vertex 6.65930557e+01 6.52803345e+01 3.00000048e+00
  endloop
 endfacet
 facet normal -1.95001751e-01 -9.15689230e-01 -3.51407945e-01
  outer loop
   vertex 6.78291245e+01 6.52803345e+01 4.76837158e-07
   vertex 6.78291245e+01 6.52803345e+01 3.00000048e+00
   vertex 6.72110901e+01 6.53782349e+01 4.76837158e-07
  endloop
 endfacet
 facet normal -9.75046903e-02 -9.31133270e-01 3.51402462e-01
  outer loop
   vertex 6.72110901e+01 6.53782349e+01 4.76837158e-07
   vertex 6.78291245e+01 6.52803345e+01 3.00000048e+00
   vertex 6.72110901e+01 6.53782349e+01 3.00000048e+00
  endloop
 endfacet
 facet normal -3.40278476e-01 -8.81322265e-01 3.27843964e-01
  outer loop
   vertex 6.78291245e+01 6.52803345e+01 3.00000048e+00
   vertex 6.78291245e+01 6.52803345e+01 4.76837158e-07
   vertex 6.81310425e+01 6.51265106e+01 3.00000048e+00
  endloop
 endfacet
 facet normal -3.84607613e-01 -8.59249353e-01 -3.37294430e-01
  outer loop
   vertex 6.78291245e+01 6.52803345e+01 4.76837158e-07
   vertex 6.81310425e+01 6.51265106e+01 4.76837158e-07
   vertex 6.81310425e+01 6.51265106e+01 3.00000048e+00
  endloop
 endfacet
 facet normal -4.69037861e-01 -8.16232204e-01 3.37295800e-01
  outer loop
   vertex 6.81310425e+01 6.51265106e+01 3.00000048e+00
   vertex 6.81310425e+01 6.51265106e+01 4.76837158e-07
   vertex 6.83866653e+01 6.49962769e+01 3.00000048e+00
  endloop
 endfacet
 facet normal -5.12960017e-01 -7.93339074e-01 -3.27849209e-01
  outer loop
   vertex 6.81310425e+01 6.51265106e+01 4.76837158e-07
   vertex 6.83866653e+01 6.49962769e+01 4.76837158e-07
   vertex 6.83866653e+01 6.49962769e+01 3.00000048e+00
  endloop
 endfacet
 facet normal -6.26176059e-01 -6.96000636e-01 3.51406723e-01
  outer loop
   vertex 6.83866653e+01 6.49962769e+01 3.00000048e+00
   vertex 6.83866653e+01 6.49962769e+01 4.76837158e-07
   vertex 6.88291245e+01 6.45538330e+01 3.00000048e+00
  endloop
 endfacet
 facet normal -6.95981860e-01 -6.26196265e-01 -3.51407826e-01
  outer loop
   vertex 6.88291245e+01 6.45538330e+01 3.00000048e+00
   vertex 6.83866653e+01 6.49962769e+01 4.76837158e-07
   vertex 6.88291245e+01 6.45538330e+01 4.76837158e-07
  endloop
 endfacet
 facet normal -8.10613096e-01 -4.68424022e-01 3.51404846e-01
  outer loop
   vertex 6.88291245e+01 6.45538330e+01 3.00000048e+00
   vertex 6.88291245e+01 6.45538330e+01 4.76837158e-07
   vertex 6.91132050e+01 6.39962769e+01 3.00000048e+00
  endloop
 endfacet
 facet normal -8.55431139e-01 -3.80461782e-01 -3.51406306e-01
  outer loop
   vertex 6.91132050e+01 6.39962769e+01 3.00000048e+00
   vertex 6.88291245e+01 6.45538330e+01 4.76837158e-07
   vertex 6.91132050e+01 6.39962769e+01 4.76837158e-07
  endloop
 endfacet
 facet normal -9.15691495e-01 -1.95000395e-01 3.51402789e-01
  outer loop
   vertex 6.91132050e+01 6.39962769e+01 3.00000048e+00
   vertex 6.91132050e+01 6.39962769e+01 4.76837158e-07
   vertex 6.92110901e+01 6.33782349e+01 3.00000048e+00
  endloop
 endfacet
 facet normal -9.31133568e-01 -9.74997431e-02 -3.51403087e-01
  outer loop
   vertex 6.92110901e+01 6.33782349e+01 3.00000048e+00
   vertex 6.91132050e+01 6.39962769e+01 4.76837158e-07
   vertex 6.92110901e+01 6.33782349e+01 4.76837158e-07
  endloop
 endfacet
 facet normal -9.31132972e-01 9.75020826e-02 3.51403981e-01
  outer loop
   vertex 6.92110901e+01 6.33782349e+01 3.00000048e+00
   vertex 6.92110901e+01 6.33782349e+01 4.76837158e-07
   vertex 6.91132050e+01 6.27601929e+01 3.00000048e+00
  endloop
 endfacet
 facet normal -9.15691018e-01 1.95001781e-01 -3.51403207e-01
  outer loop
   vertex 6.91132050e+01 6.27601929e+01 3.00000048e+00
   vertex 6.92110901e+01 6.33782349e+01 4.76837158e-07
   vertex 6.91132050e+01 6.27601929e+01 4.76837158e-07
  endloop
 endfacet
 facet normal -8.81320417e-01 3.40281308e-01 3.27845901e-01
  outer loop
   vertex 6.91132050e+01 6.27601929e+01 3.00000048e+00
   vertex 6.91132050e+01 6.27601929e+01 4.76837158e-07
   vertex 6.89037933e+01 6.23491974e+01 3.00000048e+00
  endloop
 endfacet
 facet normal -8.59246790e-01 3.84611726e-01 -3.37296247e-01
  outer loop
   vertex 6.91132050e+01 6.27601929e+01 4.76837158e-07
   vertex 6.89037933e+01 6.23491974e+01 4.76837158e-07
   vertex 6.89037933e+01 6.23491974e+01 3.00000048e+00
  endloop
 endfacet
 facet normal -8.16235960e-01 4.69029337e-01 -3.37298632e-01
  outer loop
   vertex 6.89037933e+01 6.23491974e+01 4.76837158e-07
   vertex 6.88291245e+01 6.22026367e+01 8.10623169e-06
   vertex 6.89037933e+01 6.23491974e+01 3.00000048e+00
  endloop
 endfacet
 facet normal -7.93327749e-01 5.12978137e-01 3.27848315e-01
  outer loop
   vertex 6.88291245e+01 6.22026367e+01 8.10623169e-06
   vertex 6.88291245e+01 6.22026367e+01 3.00000048e+00
   vertex 6.89037933e+01 6.23491974e+01 3.00000048e+00
  endloop
 endfacet
 facet normal -6.95992589e-01 6.26183510e-01 3.51409316e-01
  outer loop
   vertex 6.88291245e+01 6.22026367e+01 3.00000048e+00
   vertex 6.88291245e+01 6.22026367e+01 8.10623169e-06
   vertex 6.83866653e+01 6.17601929e+01 3.00000048e+00
  endloop
 endfacet
 facet normal -6.26185358e-01 6.95991218e-01 -3.51408809e-01
  outer loop
   vertex 6.83866653e+01 6.17601929e+01 3.00000048e+00
   vertex 6.88291245e+01 6.22026367e+01 8.10623169e-06
   vertex 6.83866653e+01 6.17601929e+01 8.10623169e-06
  endloop
 endfacet
 facet normal -4.68410015e-01 8.10623050e-01 3.51400495e-01
  outer loop
   vertex 6.83866653e+01 6.17601929e+01 3.00000048e+00
   vertex 6.83866653e+01 6.17601929e+01 8.10623169e-06
   vertex 6.78291245e+01 6.14761353e+01 3.00000048e+00
  endloop
 endfacet
 facet normal -3.80455822e-01 8.55435312e-01 -3.51402551e-01
  outer loop
   vertex 6.78291245e+01 6.14761353e+01 3.00000048e+00
   vertex 6.83866653e+01 6.17601929e+01 8.10623169e-06
   vertex 6.78291245e+01 6.14761353e+01 8.10623169e-06
  endloop
 endfacet
 facet normal -1.95003152e-01 9.15690184e-01 3.51404756e-01
  outer loop
   vertex 6.78291245e+01 6.14761353e+01 3.00000048e+00
   vertex 6.78291245e+01 6.14761353e+01 8.10623169e-06
   vertex 6.72110901e+01 6.13782349e+01 3.00000048e+00
  endloop
 endfacet
 facet normal -9.75023434e-02 9.31133747e-01 -3.51401865e-01
  outer loop
   vertex 6.72110901e+01 6.13782349e+01 3.00000048e+00
   vertex 6.78291245e+01 6.14761353e+01 8.10623169e-06
   vertex 6.72110901e+01 6.13782349e+01 8.10623169e-06
  endloop
 endfacet
 facet normal 9.75023210e-02 9.31133747e-01 3.51401806e-01
  outer loop
   vertex 6.72110901e+01 6.13782349e+01 3.00000048e+00
   vertex 6.72110901e+01 6.13782349e+01 8.10623169e-06
   vertex 6.65930557e+01 6.14761353e+01 3.00000048e+00
  endloop
 endfacet
 facet normal 1.95003346e-01 9.15690124e-01 -3.51404756e-01
  outer loop
   vertex 6.65930557e+01 6.14761353e+01 3.00000048e+00
   vertex 6.72110901e+01 6.13782349e+01 8.10623169e-06
   vertex 6.65930557e+01 6.14761353e+01 8.10623169e-06
  endloop
 endfacet
 facet normal 3.80441815e-01 8.55442405e-01 3.51400554e-01
  outer loop
   vertex 6.65930557e+01 6.14761353e+01 3.00000048e+00
   vertex 6.65930557e+01 6.14761353e+01 8.10623169e-06
   vertex 6.60355148e+01 6.17601929e+01 3.00000048e+00
  endloop
 endfacet
 facet normal 4.68418300e-01 8.10619831e-01 -3.51396948e-01
  outer loop
   vertex 6.60355148e+01 6.17601929e+01 3.00000048e+00
   vertex 6.65930557e+01 6.14761353e+01 8.10623169e-06
   vertex 6.60355148e+01 6.17601929e+01 8.10623169e-06
  endloop
 endfacet
 facet normal 5.95948160e-01 7.33049631e-01 3.27847540e-01
  outer loop
   vertex 6.60355148e+01 6.17601929e+01 3.00000048e+00
   vertex 6.60355148e+01 6.17601929e+01 8.10623169e-06
   vertex 6.59711075e+01 6.18246002e+01 3.00000048e+00
  endloop
 endfacet
 facet normal 6.31333113e-01 6.98319793e-01 -3.37295085e-01
  outer loop
   vertex 6.60355148e+01 6.17601929e+01 8.10623169e-06
   vertex 6.59711075e+01 6.18246002e+01 4.76837158e-07
   vertex 6.59711075e+01 6.18246002e+01 3.00000048e+00
  endloop
 endfacet
 facet normal 6.98322237e-01 6.31330490e-01 3.37294847e-01
  outer loop
   vertex 6.59711075e+01 6.18246002e+01 3.00000048e+00
   vertex 6.59711075e+01 6.18246002e+01 4.76837158e-07
   vertex 6.55930557e+01 6.22026367e+01 3.00000048e+00
  endloop
 endfacet
 facet normal 7.33041167e-01 5.95956624e-01 -3.27851117e-01
  outer loop
   vertex 6.59711075e+01 6.18246002e+01 4.76837158e-07
   vertex 6.55930557e+01 6.22026367e+01 4.76837158e-07
   vertex 6.55930557e+01 6.22026367e+01 3.00000048e+00
  endloop
 endfacet
 facet normal 8.10614407e-01 4.68421221e-01 3.51405472e-01
  outer loop
   vertex 6.55930557e+01 6.22026367e+01 3.00000048e+00
   vertex 6.55930557e+01 6.22026367e+01 4.76837158e-07
   vertex 6.53089752e+01 6.27601929e+01 3.00000048e+00
  endloop
 endfacet
 facet normal 8.55432928e-01 3.80457997e-01 -3.51406068e-01
  outer loop
   vertex 6.53089752e+01 6.27601929e+01 3.00000048e+00
   vertex 6.55930557e+01 6.22026367e+01 4.76837158e-07
   vertex 6.53089752e+01 6.27601929e+01 4.76837158e-07
  endloop
 endfacet
 facet normal 9.15691733e-01 1.94999084e-01 3.51402968e-01
  outer loop
   vertex 6.53089752e+01 6.27601929e+01 3.00000048e+00
   vertex 6.53089752e+01 6.27601929e+01 4.76837158e-07
   vertex 6.52110901e+01 6.33782349e+01 3.00000048e+00
  endloop
 endfacet
 facet normal 9.31133568e-01 9.74994525e-02 -3.51403117e-01
  outer loop
   vertex 6.52110901e+01 6.33782349e+01 3.00000048e+00
   vertex 6.53089752e+01 6.27601929e+01 4.76837158e-07
   vertex 6.52110901e+01 6.33782349e+01 4.76837158e-07
  endloop
 endfacet
 facet normal 9.31133628e-01 -9.75000933e-02 3.51402819e-01
  outer loop
   vertex 6.52110901e+01 6.33782349e+01 3.00000048e+00
   vertex 6.52110901e+01 6.33782349e+01 4.76837158e-07
   vertex 6.53089752e+01 6.39962769e+01 3.00000048e+00
  endloop
 endfacet
 facet normal 9.15692091e-01 -1.94998160e-01 -3.51402551e-01
  outer loop
   vertex 6.53089752e+01 6.39962769e+01 3.00000048e+00
   vertex 6.52110901e+01 6.33782349e+01 4.76837158e-07
   vertex 6.53089752e+01 6.39962769e+01 4.76837158e-07
  endloop
 endfacet
 facet normal 6.60711586e-01 5.82197547e-01 -4.73820925e-01
  outer loop
   vertex 7.44598618e+01 6.24566040e+01 4.29153442e-06
   vertex 7.44598618e+01 6.24566040e+01 3.00000429e+00
   vertex 8.15947266e+01 6.01570587e+01 4.76837158e-07
  endloop
 endfacet
 facet normal 2.59461045e-01 8.58708024e-01 -4.41928148e-01
  outer loop
   vertex 8.15947266e+01 6.01570587e+01 4.76837158e-07
   vertex 7.44598618e+01 6.24566040e+01 3.00000429e+00
   vertex 8.15947266e+01 6.01570587e+01 3.00000048e+00
  endloop
 endfacet
 facet normal -7.88481832e-01 4.05990392e-01 4.62026179e-01
  outer loop
   vertex 8.22819138e+01 6.23678589e+01 3.00000048e+00
   vertex 8.22818909e+01 6.23678741e+01 4.76837158e-07
   vertex 8.15947266e+01 6.01570587e+01 3.00000048e+00
  endloop
 endfacet
 facet normal -6.65894091e-01 6.01163924e-01 -4.41799670e-01
  outer loop
   vertex 8.15947266e+01 6.01570587e+01 3.00000048e+00
   vertex 8.22818909e+01 6.23678741e+01 4.76837158e-07
   vertex 8.15947266e+01 6.01570587e+01 4.76837158e-07
  endloop
 endfacet
 facet normal -8.04490685e-01 -5.08180797e-01 3.07485044e-01
  outer loop
   vertex 0.00000000e+00 0.00000000e+00 3.00000048e+00
   vertex 0.00000000e+00 2.69914246e+01 3.00000048e+00
   vertex 0.00000000e+00 0.00000000e+00 4.76837158e-07
  endloop
 endfacet
 facet normal -9.24187362e-01 -2.71956623e-01 -2.68174052e-01
  outer loop
   vertex 0.00000000e+00 0.00000000e+00 4.76837158e-07
   vertex 0.00000000e+00 2.69914246e+01 3.00000048e+00
   vertex 0.00000000e+00 2.69914246e+01 4.76837158e-07
  endloop
 endfacet
 facet normal -5.18350184e-01 7.97730446e-01 3.08122098e-01
  outer loop
   vertex 0.00000000e+00 3.80704956e+01 3.00000048e+00
   vertex 2.50994873e+00 3.81293945e+01 3.00000048e+00
   vertex 0.00000000e+00 3.80704956e+01 4.76837158e-07
  endloop
 endfacet
 facet normal -2.98485458e-01 9.15886581e-01 -2.68436551e-01
  outer loop
   vertex 0.00000000e+00 3.80704956e+01 4.76837158e-07
   vertex 2.50994873e+00 3.81293945e+01 3.00000048e+00
   vertex 2.50994873e+00 3.81293945e+01 4.76837158e-07
  endloop
 endfacet
 facet normal -4.85044897e-01 -8.19120049e-01 -3.06225002e-01
  outer loop
   vertex 0.00000000e+00 0.00000000e+00 4.76837158e-07
   vertex 4.09781647e+00 9.11102295e-02 4.76837158e-07
   vertex 0.00000000e+00 0.00000000e+00 3.00000048e+00
  endloop
 endfacet
 facet normal -2.38037154e-01 -9.33514357e-01 2.68121719e-01
  outer loop
   vertex 0.00000000e+00 0.00000000e+00 3.00000048e+00
   vertex 4.09781647e+00 9.11102295e-02 4.76837158e-07
   vertex 4.09781647e+00 9.11102295e-02 3.00000048e+00
  endloop
 endfacet
 facet normal -4.65957046e-01 -4.83349055e-01 7.41119206e-01
  outer loop
   vertex 0.00000000e+00 0.00000000e+00 3.00000048e+00
   vertex 4.09781647e+00 9.11102295e-02 3.00000048e+00
   vertex 0.00000000e+00 2.69914246e+01 3.00000048e+00
  endloop
 endfacet
 facet normal -2.60230422e-01 -2.73202896e-01 9.26088691e-01
  outer loop
   vertex 0.00000000e+00 2.69914246e+01 3.00000048e+00
   vertex 4.09781647e+00 9.11102295e-02 3.00000048e+00
   vertex 2.98222351e+00 2.70594788e+01 3.00000048e+00
  endloop
 endfacet
 facet normal -4.76840377e-01 -2.17919454e-01 -8.51548195e-01
  outer loop
   vertex 0.00000000e+00 2.69914246e+01 4.76837158e-07
   vertex 2.98222351e+00 2.70594788e+01 4.76837158e-07
   vertex 0.00000000e+00 0.00000000e+00 4.76837158e-07
  endloop
 endfacet
 facet normal -2.02313647e-01 -4.83911157e-01 -8.51410091e-01
  outer loop
   vertex 0.00000000e+00 0.00000000e+00 4.76837158e-07
   vertex 2.98222351e+00 2.70594788e+01 4.76837158e-07
   vertex 4.09781647e+00 9.11102295e-02 4.76837158e-07
  endloop
 endfacet
 facet normal -5.29794693e-02 9.45936203e-01 3.19996625e-01
  outer loop
   vertex 2.50994873e+00 3.81293945e+01 3.00000048e+00
   vertex 5.39224243e+00 3.83077850e+01 3.00000048e+00
   vertex 2.50994873e+00 3.81293945e+01 4.76837158e-07
  endloop
 endfacet
 facet normal -6.55743405e-02 9.45179403e-01 -3.19899887e-01
  outer loop
   vertex 2.50994873e+00 3.81293945e+01 4.76837158e-07
   vertex 5.39224243e+00 3.83077850e+01 3.00000048e+00
   vertex 5.39224243e+00 3.83077850e+01 4.76837158e-07
  endloop
 endfacet
 facet normal 5.28303087e-02 -9.48403955e-01 -3.12632143e-01
  outer loop
   vertex 4.09781647e+00 9.11102295e-02 4.76837158e-07
   vertex 8.53663635e+00 3.66744995e-01 4.76837158e-07
   vertex 4.09781647e+00 9.11102295e-02 3.00000048e+00
  endloop
 endfacet
 facet normal 6.56482503e-02 -9.47587609e-01 3.12678874e-01
  outer loop
   vertex 4.09781647e+00 9.11102295e-02 3.00000048e+00
   vertex 8.53663635e+00 3.66744995e-01 4.76837158e-07
   vertex 8.53663635e+00 3.66744995e-01 3.00000048e+00
  endloop
 endfacet
 facet normal 3.17566283e-02 -5.08193135e-01 8.60657454e-01
  outer loop
   vertex 4.09781647e+00 9.11102295e-02 3.00000048e+00
   vertex 8.53663635e+00 3.66744995e-01 3.00000048e+00
   vertex 2.98222351e+00 2.70594788e+01 3.00000048e+00
  endloop
 endfacet
 facet normal 2.10334398e-02 -2.53796995e-01 9.67028797e-01
  outer loop
   vertex 2.98222351e+00 2.70594788e+01 3.00000048e+00
   vertex 8.53663635e+00 3.66744995e-01 3.00000048e+00
   vertex 6.30734253e+00 2.72659454e+01 3.00000048e+00
  endloop
 endfacet
 facet normal 1.07217235e-02 -2.54368991e-01 -9.67047811e-01
  outer loop
   vertex 2.98222351e+00 2.70594788e+01 4.76837158e-07
   vertex 6.30734253e+00 2.72659454e+01 4.76837158e-07
   vertex 4.09781647e+00 9.11102295e-02 4.76837158e-07
  endloop
 endfacet
 facet normal 3.17566283e-02 -5.08193076e-01 -8.60657454e-01
  outer loop
   vertex 4.09781647e+00 9.11102295e-02 4.76837158e-07
   vertex 6.30734253e+00 2.72659454e+01 4.76837158e-07
   vertex 8.53663635e+00 3.66744995e-01 4.76837158e-07
  endloop
 endfacet
 facet normal -9.11876634e-02 9.42989051e-01 3.20088238e-01
  outer loop
   vertex 5.39224243e+00 3.83077850e+01 3.00000048e+00
   vertex 8.25036621e+00 3.86042633e+01 3.00000048e+00
   vertex 5.39224243e+00 3.83077850e+01 4.76837158e-07
  endloop
 endfacet
 facet normal -1.04207195e-01 9.41637099e-01 -3.20094496e-01
  outer loop
   vertex 5.39224243e+00 3.83077850e+01 4.76837158e-07
   vertex 8.25036621e+00 3.86042633e+01 3.00000048e+00
   vertex 8.25036621e+00 3.86042633e+01 4.76837158e-07
  endloop
 endfacet
 facet normal 9.14905742e-02 -9.45472240e-01 -3.12588662e-01
  outer loop
   vertex 8.53663635e+00 3.66744995e-01 4.76837158e-07
   vertex 1.29602737e+01 8.25592041e-01 4.76837158e-07
   vertex 8.53663635e+00 3.66744995e-01 3.00000048e+00
  endloop
 endfacet
 facet normal 1.04513116e-01 -9.44121420e-01 3.12588841e-01
  outer loop
   vertex 8.53663635e+00 3.66744995e-01 3.00000048e+00
   vertex 1.29602737e+01 8.25592041e-01 4.76837158e-07
   vertex 1.29602737e+01 8.25592041e-01 3.00000048e+00
  endloop
 endfacet
 facet normal 5.25419675e-02 -5.06536186e-01 8.60616326e-01
  outer loop
   vertex 8.53663635e+00 3.66744995e-01 3.00000048e+00
   vertex 1.29602737e+01 8.25592041e-01 3.00000048e+00
   vertex 6.30734253e+00 2.72659454e+01 3.00000048e+00
  endloop
 endfacet
 facet normal 3.15056145e-02 -2.52711147e-01 9.67028677e-01
  outer loop
   vertex 6.30734253e+00 2.72659454e+01 3.00000048e+00
   vertex 1.29602737e+01 8.25592041e-01 3.00000048e+00
   vertex 9.62109375e+00 2.76096802e+01 3.00000048e+00
  endloop
 endfacet
 facet normal 2.10334398e-02 -2.53796965e-01 -9.67028797e-01
  outer loop
   vertex 6.30734253e+00 2.72659454e+01 4.76837158e-07
   vertex 9.62109375e+00 2.76096802e+01 4.76837158e-07
   vertex 8.53663635e+00 3.66744995e-01 4.76837158e-07
  endloop
 endfacet
 facet normal 5.25419638e-02 -5.06536186e-01 -8.60616326e-01
  outer loop
   vertex 8.53663635e+00 3.66744995e-01 4.76837158e-07
   vertex 9.62109375e+00 2.76096802e+01 4.76837158e-07
   vertex 1.29602737e+01 8.25592041e-01 4.76837158e-07
  endloop
 endfacet
 facet normal -1.30147129e-01 9.38408077e-01 3.20081234e-01
  outer loop
   vertex 8.25036621e+00 3.86042633e+01 3.00000048e+00
   vertex 1.10938416e+01 3.90186157e+01 3.00000048e+00
   vertex 8.25036621e+00 3.86042633e+01 4.76837158e-07
  endloop
 endfacet
 facet normal -1.43067166e-01 9.36525345e-01 -3.20081294e-01
  outer loop
   vertex 8.25036621e+00 3.86042633e+01 4.76837158e-07
   vertex 1.10938416e+01 3.90186157e+01 3.00000048e+00
   vertex 1.10938416e+01 3.90186157e+01 4.76837158e-07
  endloop
 endfacet
 facet normal 1.30490869e-01 -9.40882742e-01 -3.12588811e-01
  outer loop
   vertex 1.29602737e+01 8.25592041e-01 4.76837158e-07
   vertex 1.73611679e+01 1.46690369e+00 4.76837158e-07
   vertex 1.29602737e+01 8.25592041e-01 3.00000048e+00
  endloop
 endfacet
 facet normal 1.43446118e-01 -9.38995004e-01 3.12588573e-01
  outer loop
   vertex 1.29602737e+01 8.25592041e-01 3.00000048e+00
   vertex 1.73611679e+01 1.46690369e+00 4.76837158e-07
   vertex 1.73611679e+01 1.46690369e+00 3.00000048e+00
  endloop
 endfacet
 facet normal 7.34332576e-02 -5.03931761e-01 8.60616267e-01
  outer loop
   vertex 1.29602737e+01 8.25592041e-01 3.00000048e+00
   vertex 1.73611679e+01 1.46690369e+00 3.00000048e+00
   vertex 9.62109375e+00 2.76096802e+01 3.00000048e+00
  endloop
 endfacet
 facet normal 4.19235714e-02 -2.51192689e-01 9.67028797e-01
  outer loop
   vertex 9.62109375e+00 2.76096802e+01 3.00000048e+00
   vertex 1.73611679e+01 1.46690369e+00 3.00000048e+00
   vertex 1.29178009e+01 2.80900879e+01 3.00000048e+00
  endloop
 endfacet
 facet normal 3.15056108e-02 -2.52711117e-01 -9.67028677e-01
  outer loop
   vertex 9.62109375e+00 2.76096802e+01 4.76837158e-07
   vertex 1.29178009e+01 2.80900879e+01 4.76837158e-07
   vertex 1.29602737e+01 8.25592041e-01 4.76837158e-07
  endloop
 endfacet
 facet normal 7.34332502e-02 -5.03931701e-01 -8.60616267e-01
  outer loop
   vertex 1.29602737e+01 8.25592041e-01 4.76837158e-07
   vertex 1.29178009e+01 2.80900879e+01 4.76837158e-07
   vertex 1.73611679e+01 1.46690369e+00 4.76837158e-07
  endloop
 endfacet
 facet normal -1.68819591e-01 9.32227194e-01 3.20081919e-01
  outer loop
   vertex 1.10938416e+01 3.90186157e+01 3.00000048e+00
   vertex 1.39177704e+01 3.95501251e+01 3.00000048e+00
   vertex 1.10938416e+01 3.90186157e+01 4.76837158e-07
  endloop
 endfacet
 facet normal -1.81652039e-01 9.29812014e-01 -3.20081532e-01
  outer loop
   vertex 1.10938416e+01 3.90186157e+01 4.76837158e-07
   vertex 1.39177704e+01 3.95501251e+01 3.00000048e+00
   vertex 1.39177704e+01 3.95501251e+01 4.76837158e-07
  endloop
 endfacet
 facet normal 1.69267416e-01 -9.34685409e-01 -3.12588781e-01
  outer loop
   vertex 1.73611679e+01 1.46690369e+00 4.76837158e-07
   vertex 2.17317886e+01 2.28955078e+00 4.76837158e-07
   vertex 1.73611679e+01 1.46690369e+00 3.00000048e+00
  endloop
 endfacet
 facet normal 1.82133466e-01 -9.32263672e-01 3.12588871e-01
  outer loop
   vertex 1.73611679e+01 1.46690369e+00 3.00000048e+00
   vertex 2.17317886e+01 2.28955078e+00 4.76837158e-07
   vertex 2.17317886e+01 2.28955078e+00 3.00000048e+00
  endloop
 endfacet
 facet normal 9.41986814e-02 -5.00465870e-01 8.60616386e-01
  outer loop
   vertex 1.73611679e+01 1.46690369e+00 3.00000048e+00
   vertex 2.17317886e+01 2.28955078e+00 3.00000048e+00
   vertex 1.29178009e+01 2.80900879e+01 3.00000048e+00
  endloop
 endfacet
 facet normal 5.22698946e-02 -2.49245450e-01 9.67028737e-01
  outer loop
   vertex 1.29178009e+01 2.80900879e+01 3.00000048e+00
   vertex 2.17317886e+01 2.28955078e+00 3.00000048e+00
   vertex 1.61918411e+01 2.87063293e+01 3.00000048e+00
  endloop
 endfacet
 facet normal 4.19235714e-02 -2.51192689e-01 -9.67028797e-01
  outer loop
   vertex 1.29178009e+01 2.80900879e+01 4.76837158e-07
   vertex 1.61918411e+01 2.87063293e+01 4.76837158e-07
   vertex 1.73611679e+01 1.46690369e+00 4.76837158e-07
  endloop
 endfacet
 facet normal 9.41986814e-02 -5.00465870e-01 -8.60616386e-01
  outer loop
   vertex 1.73611679e+01 1.46690369e+00 4.76837158e-07
   vertex 1.61918411e+01 2.87063293e+01 4.76837158e-07
   vertex 2.17317886e+01 2.28955078e+00 4.76837158e-07
  endloop
 endfacet
 facet normal -2.07206666e-01 9.24452841e-01 3.20081741e-01
  outer loop
   vertex 1.39177704e+01 3.95501251e+01 3.00000048e+00
   vertex 1.67172775e+01 4.01979065e+01 3.00000048e+00
   vertex 1.39177704e+01 3.95501251e+01 4.76837158e-07
  endloop
 endfacet
 facet normal -2.19928861e-01 9.21508968e-01 -3.20081979e-01
  outer loop
   vertex 1.39177704e+01 3.95501251e+01 4.76837158e-07
   vertex 1.67172775e+01 4.01979065e+01 3.00000048e+00
   vertex 1.67172775e+01 4.01979065e+01 4.76837158e-07
  endloop
 endfacet
 facet normal 2.07755372e-01 -9.26890433e-01 -3.12588841e-01
  outer loop
   vertex 2.17317886e+01 2.28955078e+00 4.76837158e-07
   vertex 2.60646820e+01 3.29214478e+00 4.76837158e-07
   vertex 2.17317886e+01 2.28955078e+00 3.00000048e+00
  endloop
 endfacet
 facet normal 2.20511213e-01 -9.23938870e-01 3.12588781e-01
  outer loop
   vertex 2.17317886e+01 2.28955078e+00 3.00000048e+00
   vertex 2.60646820e+01 3.29214478e+00 4.76837158e-07
   vertex 2.60646820e+01 3.29214478e+00 3.00000048e+00
  endloop
 endfacet
 facet normal 6.57253116e-02 -3.14387083e-01 9.47016835e-01
  outer loop
   vertex 2.60646820e+01 3.29214478e+00 3.00000048e+00
   vertex 2.49225082e+01 7.80171204e+00 3.00000048e+00
   vertex 2.17317886e+01 2.28955078e+00 3.00000048e+00
  endloop
 endfacet
 facet normal -8.53126496e-02 3.01513612e-01 9.49637473e-01
  outer loop
   vertex 2.49225082e+01 7.80171204e+00 3.00000048e+00
   vertex 2.45186996e+01 7.69905090e+00 3.00000048e+00
   vertex 2.17317886e+01 2.28955078e+00 3.00000048e+00
  endloop
 endfacet
 facet normal 8.95064548e-02 1.55587092e-01 9.83758748e-01
  outer loop
   vertex 2.45186996e+01 7.69905090e+00 3.00000048e+00
   vertex 2.25517273e+01 7.26588440e+00 3.00000048e+00
   vertex 2.17317886e+01 2.28955078e+00 3.00000048e+00
  endloop
 endfacet
 facet normal 1.40806451e-01 -1.20533638e-01 9.82672453e-01
  outer loop
   vertex 2.17317886e+01 2.28955078e+00 3.00000048e+00
   vertex 2.25517273e+01 7.26588440e+00 3.00000048e+00
   vertex 1.61918411e+01 2.87063293e+01 3.00000048e+00
  endloop
 endfacet
 facet normal 2.01884255e-01 5.76166473e-02 9.77713168e-01
  outer loop
   vertex 2.25517273e+01 7.26588440e+00 3.00000048e+00
   vertex 2.18801956e+01 9.66123962e+00 3.00000048e+00
   vertex 1.61918411e+01 2.87063293e+01 3.00000048e+00
  endloop
 endfacet
 facet normal 1.20226286e-01 -7.21279457e-02 9.90122795e-01
  outer loop
   vertex 1.61918411e+01 2.87063293e+01 3.00000048e+00
   vertex 2.18801956e+01 9.66123962e+00 3.00000048e+00
   vertex 1.94376068e+01 2.94573669e+01 3.00000048e+00
  endloop
 endfacet
 facet normal 1.20963760e-01 -4.92313415e-01 8.61971736e-01
  outer loop
   vertex 2.43116760e+01 1.02134094e+01 3.00000048e+00
   vertex 1.94376068e+01 2.94573669e+01 3.00000048e+00
   vertex 2.38194199e+01 1.00882416e+01 3.00000429e+00
  endloop
 endfacet
 facet normal 1.83882728e-01 -3.21066707e-01 9.29033518e-01
  outer loop
   vertex 2.18801956e+01 9.66123962e+00 3.00000048e+00
   vertex 2.38194199e+01 1.00882416e+01 3.00000429e+00
   vertex 1.94376068e+01 2.94573669e+01 3.00000048e+00
  endloop
 endfacet
 facet normal -7.24820569e-02 3.04518729e-01 -9.49744523e-01
  outer loop
   vertex 2.49225082e+01 7.80171204e+00 4.76837158e-07
   vertex 2.60646820e+01 3.29214478e+00 4.76837158e-07
   vertex 2.45186996e+01 7.69905090e+00 4.76837158e-07
  endloop
 endfacet
 facet normal 7.09194690e-02 -3.14127445e-01 -9.46728230e-01
  outer loop
   vertex 2.60646820e+01 3.29214478e+00 4.76837158e-07
   vertex 2.17317886e+01 2.28955078e+00 4.76837158e-07
   vertex 2.45186996e+01 7.69905090e+00 4.76837158e-07
  endloop
 endfacet
 facet normal 8.95064399e-02 1.55587077e-01 -9.83758748e-01
  outer loop
   vertex 2.45186996e+01 7.69905090e+00 4.76837158e-07
   vertex 2.17317886e+01 2.28955078e+00 4.76837158e-07
   vertex 2.25517273e+01 7.26588440e+00 4.76837158e-07
  endloop
 endfacet
 facet normal 1.40806466e-01 -1.20533548e-01 -9.82672453e-01
  outer loop
   vertex 2.17317886e+01 2.28955078e+00 4.76837158e-07
   vertex 1.61918411e+01 2.87063293e+01 4.76837158e-07
   vertex 2.25517273e+01 7.26588440e+00 4.76837158e-07
  endloop
 endfacet
 facet normal 2.01884419e-01 5.76166436e-02 -9.77713168e-01
  outer loop
   vertex 2.25517273e+01 7.26588440e+00 4.76837158e-07
   vertex 1.61918411e+01 2.87063293e+01 4.76837158e-07
   vertex 2.18801956e+01 9.66123962e+00 4.76837158e-07
  endloop
 endfacet
 facet normal 1.20226435e-01 -7.21280202e-02 -9.90122795e-01
  outer loop
   vertex 1.61918411e+01 2.87063293e+01 4.76837158e-07
   vertex 1.94376068e+01 2.94573669e+01 4.76837158e-07
   vertex 2.18801956e+01 9.66123962e+00 4.76837158e-07
  endloop
 endfacet
 facet normal 1.20949768e-01 -4.92316991e-01 -8.61971676e-01
  outer loop
   vertex 2.43116760e+01 1.02134094e+01 4.76837158e-07
   vertex 2.38194199e+01 1.00882416e+01 4.76837158e-07
   vertex 1.94376068e+01 2.94573669e+01 4.76837158e-07
  endloop
 endfacet
 facet normal 1.83876291e-01 -3.21069211e-01 -9.29033935e-01
  outer loop
   vertex 2.18801956e+01 9.66123962e+00 4.76837158e-07
   vertex 1.94376068e+01 2.94573669e+01 4.76837158e-07
   vertex 2.38194199e+01 1.00882416e+01 4.76837158e-07
  endloop
 endfacet
 facet normal -2.45241269e-01 9.15097892e-01 3.20082217e-01
  outer loop
   vertex 1.67172775e+01 4.01979065e+01 3.00000048e+00
   vertex 1.94875946e+01 4.09608307e+01 3.00000048e+00
   vertex 1.67172775e+01 4.01979065e+01 4.76837158e-07
  endloop
 endfacet
 facet normal -2.57831544e-01 9.11630690e-01 -3.20081830e-01
  outer loop
   vertex 1.67172775e+01 4.01979065e+01 4.76837158e-07
   vertex 1.94875946e+01 4.09608307e+01 3.00000048e+00
   vertex 1.94875946e+01 4.09608307e+01 4.76837158e-07
  endloop
 endfacet
 facet normal 2.45889053e-01 -9.17511284e-01 -3.12588632e-01
  outer loop
   vertex 2.60646820e+01 3.29214478e+00 4.76837158e-07
   vertex 3.03524323e+01 4.47296143e+00 4.76837158e-07
   vertex 2.60646820e+01 3.29214478e+00 3.00000048e+00
  endloop
 endfacet
 facet normal 2.58511037e-01 -9.14035201e-01 3.12588751e-01
  outer loop
   vertex 2.60646820e+01 3.29214478e+00 3.00000048e+00
   vertex 3.03524323e+01 4.47296143e+00 4.76837158e-07
   vertex 3.03524323e+01 4.47296143e+00 3.00000048e+00
  endloop
 endfacet
 facet normal 1.38550282e-01 -4.87882137e-01 8.61843824e-01
  outer loop
   vertex 2.83170700e+01 1.13084106e+01 3.00000048e+00
   vertex 2.26495590e+01 3.03419189e+01 3.00000048e+00
   vertex 2.63920670e+01 1.07423859e+01 3.00000048e+00
  endloop
 endfacet
 facet normal 6.72548860e-02 -2.45415941e-01 9.67082083e-01
  outer loop
   vertex 2.26495590e+01 3.03419189e+01 3.00000048e+00
   vertex 1.94376068e+01 2.94573669e+01 3.00000048e+00
   vertex 2.63920670e+01 1.07423859e+01 3.00000048e+00
  endloop
 endfacet
 facet normal 1.29538372e-01 -4.90351647e-01 8.61844003e-01
  outer loop
   vertex 2.63920670e+01 1.07423859e+01 3.00000048e+00
   vertex 1.94376068e+01 2.94573669e+01 3.00000048e+00
   vertex 2.43116760e+01 1.02134094e+01 3.00000048e+00
  endloop
 endfacet
 facet normal 7.99682438e-02 -3.11020166e-01 -9.47032988e-01
  outer loop
   vertex 3.03524323e+01 4.47296143e+00 4.76837158e-07
   vertex 2.60646820e+01 3.29214478e+00 4.76837158e-07
   vertex 2.90279007e+01 8.92120361e+00 4.76837158e-07
  endloop
 endfacet
 facet normal -9.42904130e-02 2.98404425e-01 -9.49770570e-01
  outer loop
   vertex 2.90279007e+01 8.92120361e+00 4.76837158e-07
   vertex 2.60646820e+01 3.29214478e+00 4.76837158e-07
   vertex 2.71281662e+01 8.36250305e+00 4.76837158e-07
  endloop
 endfacet
 facet normal -8.29800442e-02 3.01526308e-01 -9.49840069e-01
  outer loop
   vertex 2.49225082e+01 7.80171204e+00 4.76837158e-07
   vertex 2.71281662e+01 8.36250305e+00 4.76837158e-07
   vertex 2.60646820e+01 3.29214478e+00 4.76837158e-07
  endloop
 endfacet
 facet normal -2.82856733e-01 9.04179215e-01 3.20081234e-01
  outer loop
   vertex 1.94875946e+01 4.09608307e+01 3.00000048e+00
   vertex 2.22240486e+01 4.18376465e+01 3.00000048e+00
   vertex 1.94875946e+01 4.09608307e+01 4.76837158e-07
  endloop
 endfacet
 facet normal -2.95291513e-01 9.00194705e-01 -3.20081860e-01
  outer loop
   vertex 1.94875946e+01 4.09608307e+01 4.76837158e-07
   vertex 2.22240486e+01 4.18376465e+01 3.00000048e+00
   vertex 2.22240486e+01 4.18376465e+01 4.76837158e-07
  endloop
 endfacet
 facet normal 2.83600688e-01 -9.06564355e-01 -3.12588692e-01
  outer loop
   vertex 3.03524323e+01 4.47296143e+00 4.76837158e-07
   vertex 3.45877075e+01 5.83000183e+00 4.76837158e-07
   vertex 3.03524323e+01 4.47296143e+00 3.00000048e+00
  endloop
 endfacet
 facet normal 2.96068341e-01 -9.02569592e-01 3.12588573e-01
  outer loop
   vertex 3.03524323e+01 4.47296143e+00 3.00000048e+00
   vertex 3.45877075e+01 5.83000183e+00 4.76837158e-07
   vertex 3.45877075e+01 5.83000183e+00 3.00000048e+00
  endloop
 endfacet
 facet normal 1.47595271e-01 -4.85229045e-01 8.61840129e-01
  outer loop
   vertex 2.83170700e+01 1.13084106e+01 3.00000048e+00
   vertex 2.89356766e+01 1.14903107e+01 3.00000048e+00
   vertex 2.26495590e+01 3.03419189e+01 3.00000048e+00
  endloop
 endfacet
 facet normal 1.61571160e-01 -4.82544035e-01 8.60840321e-01
  outer loop
   vertex 2.89356766e+01 1.14903107e+01 3.00000048e+00
   vertex 3.14488144e+01 1.23318329e+01 3.00000048e+00
   vertex 2.26495590e+01 3.03419189e+01 3.00000048e+00
  endloop
 endfacet
 facet normal 1.74339488e-01 -4.76272017e-01 8.61841440e-01
  outer loop
   vertex 3.22514343e+01 1.26341248e+01 3.00000048e+00
   vertex 2.58222046e+01 3.13584900e+01 3.00000048e+00
   vertex 3.14488144e+01 1.23318329e+01 3.00000048e+00
  endloop
 endfacet
 facet normal 8.52594003e-02 -2.39761099e-01 9.67080891e-01
  outer loop
   vertex 3.14488144e+01 1.23318329e+01 3.00000048e+00
   vertex 2.58222046e+01 3.13584900e+01 3.00000048e+00
   vertex 2.26495590e+01 3.03419189e+01 3.00000048e+00
  endloop
 endfacet
 facet normal 1.47598237e-01 -4.85228121e-01 -8.61840129e-01
  outer loop
   vertex 2.83170700e+01 1.13084106e+01 4.76837158e-07
   vertex 2.26495590e+01 3.03419189e+01 4.76837158e-07
   vertex 2.89356766e+01 1.14903107e+01 4.76837158e-07
  endloop
 endfacet
 facet normal 1.61571145e-01 -4.82544065e-01 -8.60840261e-01
  outer loop
   vertex 2.89356766e+01 1.14903107e+01 4.76837158e-07
   vertex 2.26495590e+01 3.03419189e+01 4.76837158e-07
   vertex 3.14488144e+01 1.23318329e+01 4.76837158e-07
  endloop
 endfacet
 facet normal 8.90741125e-02 -2.36507103e-01 -9.67538238e-01
  outer loop
   vertex 2.58222046e+01 3.13584900e+01 4.76837158e-07
   vertex 3.22514343e+01 1.26341248e+01 4.76837158e-07
   vertex 2.26495590e+01 3.03419189e+01 4.76837158e-07
  endloop
 endfacet
 facet normal 1.74337804e-01 -4.76272762e-01 -8.61841381e-01
  outer loop
   vertex 3.14488144e+01 1.23318329e+01 4.76837158e-07
   vertex 2.26495590e+01 3.03419189e+01 4.76837158e-07
   vertex 3.22514343e+01 1.26341248e+01 4.76837158e-07
  endloop
 endfacet
 facet normal -3.19984794e-01 8.91716003e-01 3.20081770e-01
  outer loop
   vertex 2.22240486e+01 4.18376465e+01 3.00000048e+00
   vertex 2.49219360e+01 4.28267822e+01 3.00000048e+00
   vertex 2.22240486e+01 4.18376465e+01 4.76837158e-07
  endloop
 endfacet
 facet normal -3.32243353e-01 8.87221754e-01 -3.20081115e-01
  outer loop
   vertex 2.22240486e+01 4.18376465e+01 4.76837158e-07
   vertex 2.49219360e+01 4.28267822e+01 3.00000048e+00
   vertex 2.49219360e+01 4.28267822e+01 4.76837158e-07
  endloop
 endfacet
 facet normal 3.20828199e-01 -8.94068003e-01 -3.12588751e-01
  outer loop
   vertex 3.45877075e+01 5.83000183e+00 4.76837158e-07
   vertex 3.87632751e+01 7.36093140e+00 4.76837158e-07
   vertex 3.45877075e+01 5.83000183e+00 3.00000048e+00
  endloop
 endfacet
 facet normal 3.33120406e-01 -8.89561176e-01 3.12588751e-01
  outer loop
   vertex 3.45877075e+01 5.83000183e+00 3.00000048e+00
   vertex 3.87632751e+01 7.36093140e+00 4.76837158e-07
   vertex 3.87632751e+01 7.36093140e+00 3.00000048e+00
  endloop
 endfacet
 facet normal 1.83162719e-01 -4.72947299e-01 8.61842394e-01
  outer loop
   vertex 3.22514343e+01 1.26341248e+01 3.00000048e+00
   vertex 3.39300461e+01 1.32663422e+01 3.00000048e+00
   vertex 2.58222046e+01 3.13584900e+01 3.00000048e+00
  endloop
 endfacet
 facet normal 9.40872058e-02 -2.36434683e-01 9.67081308e-01
  outer loop
   vertex 2.58222046e+01 3.13584900e+01 3.00000048e+00
   vertex 3.39300461e+01 1.32663422e+01 3.00000048e+00
   vertex 2.89501266e+01 3.25052948e+01 3.00000048e+00
  endloop
 endfacet
 facet normal 1.91877887e-01 -4.69479084e-01 8.61842334e-01
  outer loop
   vertex 3.39300461e+01 1.32663422e+01 3.00000048e+00
   vertex 3.61027870e+01 1.41779327e+01 3.00000048e+00
   vertex 2.89501266e+01 3.25052948e+01 3.00000048e+00
  endloop
 endfacet
 facet normal -1.23001419e-01 2.87583649e-01 -9.49824333e-01
  outer loop
   vertex 3.70075684e+01 1.18596039e+01 4.76837158e-07
   vertex 3.87632751e+01 7.36093140e+00 4.76837158e-07
   vertex 3.47739944e+01 1.09226227e+01 4.76837158e-07
  endloop
 endfacet
 facet normal 1.02883875e-01 -3.05521339e-01 -9.46610570e-01
  outer loop
   vertex 3.87632751e+01 7.36093140e+00 4.76837158e-07
   vertex 3.45877075e+01 5.83000183e+00 4.76837158e-07
   vertex 3.47739944e+01 1.09226227e+01 4.76837158e-07
  endloop
 endfacet
 facet normal -1.24470837e-01 2.87343085e-01 -9.49705720e-01
  outer loop
   vertex 3.30606651e+01 1.02773285e+01 4.76837158e-07
   vertex 3.47739944e+01 1.09226227e+01 4.76837158e-07
   vertex 3.45877075e+01 5.83000183e+00 4.76837158e-07
  endloop
 endfacet
 facet normal -3.56566221e-01 8.77728999e-01 3.20081800e-01
  outer loop
   vertex 2.49219360e+01 4.28267822e+01 3.00000048e+00
   vertex 2.75765991e+01 4.39265900e+01 3.00000048e+00
   vertex 2.49219360e+01 4.28267822e+01 4.76837158e-07
  endloop
 endfacet
 facet normal -3.68630558e-01 8.72730732e-01 -3.20082068e-01
  outer loop
   vertex 2.49219360e+01 4.28267822e+01 4.76837158e-07
   vertex 2.75765991e+01 4.39265900e+01 3.00000048e+00
   vertex 2.75765991e+01 4.39265900e+01 4.76837158e-07
  endloop
 endfacet
 facet normal 3.57507825e-01 -8.80043447e-01 -3.12588751e-01
  outer loop
   vertex 3.87632751e+01 7.36093140e+00 4.76837158e-07
   vertex 4.28720016e+01 9.06314087e+00 4.76837158e-07
   vertex 3.87632751e+01 7.36093140e+00 3.00000048e+00
  endloop
 endfacet
 facet normal 3.69603068e-01 -8.75032485e-01 3.12588692e-01
  outer loop
   vertex 3.87632751e+01 7.36093140e+00 3.00000048e+00
   vertex 4.28720016e+01 9.06314087e+00 4.76837158e-07
   vertex 4.28720016e+01 9.06314087e+00 3.00000048e+00
  endloop
 endfacet
 facet normal 1.21580712e-01 -2.97146350e-01 9.47059751e-01
  outer loop
   vertex 3.87632751e+01 7.36093140e+00 3.00000048e+00
   vertex 4.28720016e+01 9.06314087e+00 3.00000048e+00
   vertex 3.70075684e+01 1.18596039e+01 3.00000048e+00
  endloop
 endfacet
 facet normal -1.22392125e-01 2.87299961e-01 9.49988902e-01
  outer loop
   vertex 3.70075684e+01 1.18596039e+01 3.00000048e+00
   vertex 4.28720016e+01 9.06314087e+00 3.00000048e+00
   vertex 3.72569504e+01 1.19642181e+01 3.00000048e+00
  endloop
 endfacet
 facet normal -1.74374267e-01 6.40274733e-02 9.82595563e-01
  outer loop
   vertex 3.72569504e+01 1.19642181e+01 3.00000048e+00
   vertex 4.28720016e+01 9.06314087e+00 3.00000048e+00
   vertex 4.06150589e+01 1.35496063e+01 3.00000048e+00
  endloop
 endfacet
 facet normal 2.01490238e-01 -4.65770334e-01 8.61661017e-01
  outer loop
   vertex 3.61027870e+01 1.41779327e+01 3.00000048e+00
   vertex 3.63779526e+01 1.42933807e+01 3.00000048e+00
   vertex 2.89501266e+01 3.25052948e+01 3.00000048e+00
  endloop
 endfacet
 facet normal 4.95608598e-02 -3.67258817e-01 9.28797424e-01
  outer loop
   vertex 3.63779526e+01 1.42933807e+01 3.00000048e+00
   vertex 3.96886826e+01 1.58563080e+01 3.00000048e+00
   vertex 2.89501266e+01 3.25052948e+01 3.00000048e+00
  endloop
 endfacet
 facet normal -5.11275753e-02 -1.30299926e-01 9.90155518e-01
  outer loop
   vertex 2.89501266e+01 3.25052948e+01 3.00000048e+00
   vertex 3.96886826e+01 1.58563080e+01 3.00000048e+00
   vertex 3.20279694e+01 3.37804260e+01 3.00000048e+00
  endloop
 endfacet
 facet normal 4.81783338e-02 -3.67684186e-01 9.28701878e-01
  outer loop
   vertex 3.20279694e+01 3.37804260e+01 3.00000048e+00
   vertex 3.96886826e+01 1.58563080e+01 3.00000048e+00
   vertex 4.28720016e+01 9.06314087e+00 3.00000048e+00
  endloop
 endfacet
 facet normal -1.02835640e-01 -3.26867253e-01 9.39458668e-01
  outer loop
   vertex 3.96886826e+01 1.58563080e+01 3.00000048e+00
   vertex 4.06150589e+01 1.35496063e+01 3.00000048e+00
   vertex 4.28720016e+01 9.06314087e+00 3.00000048e+00
  endloop
 endfacet
 facet normal 2.01462716e-01 -4.65782046e-01 -8.61661077e-01
  outer loop
   vertex 3.61027870e+01 1.41779327e+01 4.76837158e-07
   vertex 2.89501266e+01 3.25052948e+01 4.76837158e-07
   vertex 3.63779526e+01 1.42933807e+01 4.76837158e-07
  endloop
 endfacet
 facet normal 4.95470986e-02 -3.67264152e-01 -9.28796053e-01
  outer loop
   vertex 3.63779526e+01 1.42933807e+01 4.76837158e-07
   vertex 2.89501266e+01 3.25052948e+01 4.76837158e-07
   vertex 3.96886826e+01 1.58563080e+01 4.76837158e-07
  endloop
 endfacet
 facet normal -5.11275753e-02 -1.30299956e-01 -9.90155518e-01
  outer loop
   vertex 2.89501266e+01 3.25052948e+01 4.76837158e-07
   vertex 3.20279694e+01 3.37804260e+01 4.76837158e-07
   vertex 3.96886826e+01 1.58563080e+01 4.76837158e-07
  endloop
 endfacet
 facet normal 4.81783189e-02 -3.67684186e-01 -9.28701878e-01
  outer loop
   vertex 3.20279694e+01 3.37804260e+01 4.76837158e-07
   vertex 4.28720016e+01 9.06314087e+00 4.76837158e-07
   vertex 3.96886826e+01 1.58563080e+01 4.76837158e-07
  endloop
 endfacet
 facet normal -1.02835655e-01 -3.26867372e-01 -9.39458668e-01
  outer loop
   vertex 3.96886826e+01 1.58563080e+01 4.76837158e-07
   vertex 4.28720016e+01 9.06314087e+00 4.76837158e-07
   vertex 4.06150589e+01 1.35496063e+01 4.76837158e-07
  endloop
 endfacet
 facet normal 5.20306304e-02 -4.47358131e-01 -8.92840147e-01
  outer loop
   vertex 4.28720016e+01 9.06314087e+00 4.76837158e-07
   vertex 3.87632751e+01 7.36093140e+00 4.76837158e-07
   vertex 4.06150589e+01 1.35496063e+01 4.76837158e-07
  endloop
 endfacet
 facet normal -1.34544551e-01 2.82221764e-01 -9.49867666e-01
  outer loop
   vertex 3.70075684e+01 1.18596039e+01 4.76837158e-07
   vertex 3.72569504e+01 1.19642181e+01 4.76837158e-07
   vertex 3.87632751e+01 7.36093140e+00 4.76837158e-07
  endloop
 endfacet
 facet normal -1.85594931e-01 5.91357574e-02 -9.80845273e-01
  outer loop
   vertex 3.87632751e+01 7.36093140e+00 4.76837158e-07
   vertex 3.72569504e+01 1.19642181e+01 4.76837158e-07
   vertex 4.06150589e+01 1.35496063e+01 4.76837158e-07
  endloop
 endfacet
 facet normal -3.92541558e-01 8.62240672e-01 3.20081443e-01
  outer loop
   vertex 2.75765991e+01 4.39265900e+01 3.00000048e+00
   vertex 3.01835823e+01 4.51351929e+01 3.00000048e+00
   vertex 2.75765991e+01 4.39265900e+01 4.76837158e-07
  endloop
 endfacet
 facet normal -4.04388011e-01 8.56748581e-01 -3.20081562e-01
  outer loop
   vertex 2.75765991e+01 4.39265900e+01 4.76837158e-07
   vertex 3.01835823e+01 4.51351929e+01 3.00000048e+00
   vertex 3.01835823e+01 4.51351929e+01 4.76837158e-07
  endloop
 endfacet
 facet normal 3.93575609e-01 -8.64515364e-01 -3.12588215e-01
  outer loop
   vertex 4.28720016e+01 9.06314087e+00 4.76837158e-07
   vertex 4.69068565e+01 1.09337006e+01 4.76837158e-07
   vertex 4.28720016e+01 9.06314087e+00 3.00000048e+00
  endloop
 endfacet
 facet normal 4.05452788e-01 -8.59008968e-01 3.12588513e-01
  outer loop
   vertex 4.28720016e+01 9.06314087e+00 3.00000048e+00
   vertex 4.69068565e+01 1.09337006e+01 4.76837158e-07
   vertex 4.69068565e+01 1.09337006e+01 3.00000048e+00
  endloop
 endfacet
 facet normal 2.14192644e-01 -4.62018907e-01 8.60616088e-01
  outer loop
   vertex 4.28720016e+01 9.06314087e+00 3.00000048e+00
   vertex 4.69068565e+01 1.09337006e+01 3.00000048e+00
   vertex 3.20279694e+01 3.37804260e+01 3.00000048e+00
  endloop
 endfacet
 facet normal 2.49613255e-01 -3.95279117e-02 9.67538536e-01
  outer loop
   vertex 3.50504837e+01 3.51816711e+01 3.00000048e+00
   vertex 3.20279694e+01 3.37804260e+01 3.00000048e+00
   vertex 3.52552223e+01 3.47629547e+01 3.00000048e+00
  endloop
 endfacet
 facet normal 4.86556172e-01 -3.93728167e-02 8.72761607e-01
  outer loop
   vertex 3.52552223e+01 3.47629547e+01 3.00000048e+00
   vertex 3.20279694e+01 3.37804260e+01 3.00000048e+00
   vertex 3.52432976e+01 3.46876526e+01 3.00000048e+00
  endloop
 endfacet
 facet normal 4.62814152e-01 7.33062848e-02 8.83419096e-01
  outer loop
   vertex 3.52432976e+01 3.46876526e+01 3.00000048e+00
   vertex 3.20279694e+01 3.37804260e+01 3.00000048e+00
   vertex 3.53411827e+01 3.40696106e+01 3.00000048e+00
  endloop
 endfacet
 facet normal 4.17506993e-01 2.12729439e-01 8.83421838e-01
  outer loop
   vertex 3.53411827e+01 3.40696106e+01 3.00000048e+00
   vertex 3.20279694e+01 3.37804260e+01 3.00000048e+00
   vertex 3.56252632e+01 3.35120544e+01 3.00000048e+00
  endloop
 endfacet
 facet normal 2.54296839e-01 -3.72192217e-03 9.67119038e-01
  outer loop
   vertex 4.69068565e+01 1.09337006e+01 3.00000048e+00
   vertex 3.60883408e+01 3.30591125e+01 3.00000048e+00
   vertex 3.20279694e+01 3.37804260e+01 3.00000048e+00
  endloop
 endfacet
 facet normal 2.54079610e-01 4.16785628e-01 8.72773349e-01
  outer loop
   vertex 3.60883408e+01 3.30591125e+01 3.00000048e+00
   vertex 3.60677261e+01 3.30696106e+01 3.00000048e+00
   vertex 3.20279694e+01 3.37804260e+01 3.00000048e+00
  endloop
 endfacet
 facet normal 3.31309617e-01 3.31321836e-01 8.83436322e-01
  outer loop
   vertex 3.60677261e+01 3.30696106e+01 3.00000048e+00
   vertex 3.56252632e+01 3.35120544e+01 3.00000048e+00
   vertex 3.20279694e+01 3.37804260e+01 3.00000048e+00
  endloop
 endfacet
 facet normal 3.83689076e-01 -2.75820255e-01 -8.81309211e-01
  outer loop
   vertex 4.69068565e+01 1.09337006e+01 4.76837158e-07
   vertex 4.28720016e+01 9.06314087e+00 4.76837158e-07
   vertex 3.60883408e+01 3.30591125e+01 4.76837158e-07
  endloop
 endfacet
 facet normal 2.49611765e-01 -3.95380892e-02 -9.67538476e-01
  outer loop
   vertex 3.50504837e+01 3.51816711e+01 4.76837158e-07
   vertex 3.52552223e+01 3.47629547e+01 4.76837158e-07
   vertex 3.20279694e+01 3.37804260e+01 4.76837158e-07
  endloop
 endfacet
 facet normal 4.86553669e-01 -3.93953398e-02 -8.72762024e-01
  outer loop
   vertex 3.52552223e+01 3.47629547e+01 4.76837158e-07
   vertex 3.52432976e+01 3.46876526e+01 4.76837158e-07
   vertex 3.20279694e+01 3.37804260e+01 4.76837158e-07
  endloop
 endfacet
 facet normal 4.62813556e-01 7.32941851e-02 -8.83420408e-01
  outer loop
   vertex 3.52432976e+01 3.46876526e+01 4.76837158e-07
   vertex 3.53411827e+01 3.40696106e+01 4.76837158e-07
   vertex 3.20279694e+01 3.37804260e+01 4.76837158e-07
  endloop
 endfacet
 facet normal 4.17507142e-01 2.12728679e-01 -8.83421957e-01
  outer loop
   vertex 3.53411827e+01 3.40696106e+01 4.76837158e-07
   vertex 3.56252632e+01 3.35120544e+01 4.76837158e-07
   vertex 3.20279694e+01 3.37804260e+01 4.76837158e-07
  endloop
 endfacet
 facet normal 2.44227439e-01 -8.70786421e-03 -9.69678879e-01
  outer loop
   vertex 4.28720016e+01 9.06314087e+00 4.76837158e-07
   vertex 3.20279694e+01 3.37804260e+01 4.76837158e-07
   vertex 3.60883408e+01 3.30591125e+01 4.76837158e-07
  endloop
 endfacet
 facet normal 2.54069477e-01 4.16827261e-01 -8.72756422e-01
  outer loop
   vertex 3.60883408e+01 3.30591125e+01 4.76837158e-07
   vertex 3.20279694e+01 3.37804260e+01 4.76837158e-07
   vertex 3.60677261e+01 3.30696106e+01 4.76837158e-07
  endloop
 endfacet
 facet normal 3.31302434e-01 3.31360042e-01 -8.83424699e-01
  outer loop
   vertex 3.56252632e+01 3.35120544e+01 4.76837158e-07
   vertex 3.60677261e+01 3.30696106e+01 4.76837158e-07
   vertex 3.20279694e+01 3.37804260e+01 4.76837158e-07
  endloop
 endfacet
 facet normal -4.27844465e-01 8.45279157e-01 3.20081711e-01
  outer loop
   vertex 3.01835823e+01 4.51351929e+01 3.00000048e+00
   vertex 3.27383537e+01 4.64505005e+01 3.00000048e+00
   vertex 3.01835823e+01 4.51351929e+01 4.76837158e-07
  endloop
 endfacet
 facet normal -4.39454466e-01 8.39301765e-01 -3.20081711e-01
  outer loop
   vertex 3.01835823e+01 4.51351929e+01 4.76837158e-07
   vertex 3.27383537e+01 4.64505005e+01 3.00000048e+00
   vertex 3.27383537e+01 4.64505005e+01 4.76837158e-07
  endloop
 endfacet
 facet normal 4.28970248e-01 -8.47510099e-01 -3.12587857e-01
  outer loop
   vertex 4.69068565e+01 1.09337006e+01 4.76837158e-07
   vertex 5.08609543e+01 1.29694366e+01 4.76837158e-07
   vertex 4.69068565e+01 1.09337006e+01 3.00000048e+00
  endloop
 endfacet
 facet normal 4.40610379e-01 -8.41517270e-01 3.12587827e-01
  outer loop
   vertex 4.69068565e+01 1.09337006e+01 3.00000048e+00
   vertex 5.08609543e+01 1.29694366e+01 4.76837158e-07
   vertex 5.08609543e+01 1.29694366e+01 3.00000048e+00
  endloop
 endfacet
 facet normal 4.78937954e-01 -1.97419479e-01 8.55361938e-01
  outer loop
   vertex 3.53588905e+01 3.53404541e+01 3.00000048e+00
   vertex 3.50504837e+01 3.51816711e+01 3.00000048e+00
   vertex 3.53411827e+01 3.53056946e+01 3.00000048e+00
  endloop
 endfacet
 facet normal 5.03506839e-01 -1.21810377e-01 8.55361402e-01
  outer loop
   vertex 3.52552223e+01 3.47629547e+01 3.00000048e+00
   vertex 3.53411827e+01 3.53056946e+01 3.00000048e+00
   vertex 3.50504837e+01 3.51816711e+01 3.00000048e+00
  endloop
 endfacet
 facet normal -1.97423801e-01 -4.78945076e-01 -8.55356932e-01
  outer loop
   vertex 3.81574173e+01 3.64389038e+01 4.76837158e-07
   vertex 3.78613319e+01 3.65897522e+01 4.76837158e-07
   vertex 3.80124969e+01 3.67066345e+01 4.76837158e-07
  endloop
 endfacet
 facet normal -1.21850006e-01 -5.03508389e-01 -8.55354846e-01
  outer loop
   vertex 3.80124969e+01 3.67066345e+01 4.76837158e-07
   vertex 3.78613319e+01 3.65897522e+01 4.76837158e-07
   vertex 3.78033218e+01 3.65989380e+01 4.76837158e-07
  endloop
 endfacet
 facet normal -4.62416321e-01 8.26873064e-01 3.20081353e-01
  outer loop
   vertex 3.27383537e+01 4.64505005e+01 3.00000048e+00
   vertex 3.52365685e+01 4.78702850e+01 3.00000048e+00
   vertex 3.27383537e+01 4.64505005e+01 4.76837158e-07
  endloop
 endfacet
 facet normal -4.73768085e-01 8.20421576e-01 -3.20081651e-01
  outer loop
   vertex 3.27383537e+01 4.64505005e+01 4.76837158e-07
   vertex 3.52365685e+01 4.78702850e+01 3.00000048e+00
   vertex 3.52365685e+01 4.78702850e+01 4.76837158e-07
  endloop
 endfacet
 facet normal 4.63633299e-01 -8.29055190e-01 -3.12588632e-01
  outer loop
   vertex 5.08609543e+01 1.29694366e+01 4.76837158e-07
   vertex 5.47275314e+01 1.51668701e+01 4.76837158e-07
   vertex 5.08609543e+01 1.29694366e+01 3.00000048e+00
  endloop
 endfacet
 facet normal 4.75016296e-01 -8.22586298e-01 3.12588066e-01
  outer loop
   vertex 5.08609543e+01 1.29694366e+01 3.00000048e+00
   vertex 5.47275314e+01 1.51668701e+01 4.76837158e-07
   vertex 5.47275314e+01 1.51668701e+01 3.00000048e+00
  endloop
 endfacet
 facet normal 1.98171684e-03 -4.70652968e-01 8.82316172e-01
  outer loop
   vertex 5.08609543e+01 1.29694366e+01 3.00000048e+00
   vertex 5.47275314e+01 1.51668701e+01 3.00000048e+00
   vertex 3.92120667e+01 3.44904633e+01 3.00000048e+00
  endloop
 endfacet
 facet normal -1.14721440e-01 -2.25185826e-01 9.67538297e-01
  outer loop
   vertex 3.80124969e+01 3.67066345e+01 3.00000048e+00
   vertex 3.81574135e+01 3.64389038e+01 3.00000048e+00
   vertex 4.09089508e+01 3.83527374e+01 3.00000048e+00
  endloop
 endfacet
 facet normal -2.54104942e-01 -4.16792274e-01 8.72762799e-01
  outer loop
   vertex 3.81574135e+01 3.64389038e+01 3.00000048e+00
   vertex 3.84188690e+01 3.63056946e+01 3.00000048e+00
   vertex 4.09089508e+01 3.83527374e+01 3.00000048e+00
  endloop
 endfacet
 facet normal -3.31326783e-01 -3.31341147e-01 8.83422673e-01
  outer loop
   vertex 3.84188690e+01 3.63056946e+01 3.00000048e+00
   vertex 3.88613319e+01 3.58632507e+01 3.00000048e+00
   vertex 4.09089508e+01 3.83527374e+01 3.00000048e+00
  endloop
 endfacet
 facet normal -4.17507112e-01 -2.12728888e-01 8.83421898e-01
  outer loop
   vertex 3.88613319e+01 3.58632507e+01 3.00000048e+00
   vertex 3.91454124e+01 3.53056946e+01 3.00000048e+00
   vertex 4.09089508e+01 3.83527374e+01 3.00000048e+00
  endloop
 endfacet
 facet normal -1.34495899e-01 -2.01617867e-01 9.70186114e-01
  outer loop
   vertex 5.47275314e+01 1.51668701e+01 3.00000048e+00
   vertex 4.09089508e+01 3.83527374e+01 3.00000048e+00
   vertex 3.92120667e+01 3.44904633e+01 3.00000048e+00
  endloop
 endfacet
 facet normal -4.86555159e-01 3.93817239e-02 8.72761786e-01
  outer loop
   vertex 3.92120667e+01 3.44904633e+01 3.00000048e+00
   vertex 4.09089508e+01 3.83527374e+01 3.00000048e+00
   vertex 3.92432976e+01 3.46876526e+01 3.00000048e+00
  endloop
 endfacet
 facet normal -4.62812901e-01 -7.33019710e-02 8.83420110e-01
  outer loop
   vertex 3.91454124e+01 3.53056946e+01 3.00000048e+00
   vertex 3.92432976e+01 3.46876526e+01 3.00000048e+00
   vertex 4.09089508e+01 3.83527374e+01 3.00000048e+00
  endloop
 endfacet
 facet normal 2.51620382e-01 -4.42749530e-01 -8.60616088e-01
  outer loop
   vertex 5.47275314e+01 1.51668701e+01 4.76837158e-07
   vertex 5.08609543e+01 1.29694366e+01 4.76837158e-07
   vertex 4.09089508e+01 3.83527374e+01 4.76837158e-07
  endloop
 endfacet
 facet normal -1.14733480e-01 -2.25178912e-01 -9.67538476e-01
  outer loop
   vertex 3.80124969e+01 3.67066345e+01 4.76837158e-07
   vertex 4.09089508e+01 3.83527374e+01 4.76837158e-07
   vertex 3.81574173e+01 3.64389038e+01 4.76837158e-07
  endloop
 endfacet
 facet normal -2.54123598e-01 -4.16781336e-01 -8.72762561e-01
  outer loop
   vertex 3.81574173e+01 3.64389038e+01 4.76837158e-07
   vertex 4.09089508e+01 3.83527374e+01 4.76837158e-07
   vertex 3.84188690e+01 3.63056946e+01 4.76837158e-07
  endloop
 endfacet
 facet normal -3.31333309e-01 -3.31337124e-01 -8.83421719e-01
  outer loop
   vertex 3.84188690e+01 3.63056946e+01 4.76837158e-07
   vertex 4.09089508e+01 3.83527374e+01 4.76837158e-07
   vertex 3.88613319e+01 3.58632507e+01 4.76837158e-07
  endloop
 endfacet
 facet normal -4.17507052e-01 -2.12729409e-01 -8.83421779e-01
  outer loop
   vertex 3.88613319e+01 3.58632507e+01 4.76837158e-07
   vertex 4.09089508e+01 3.83527374e+01 4.76837158e-07
   vertex 3.91454124e+01 3.53056946e+01 4.76837158e-07
  endloop
 endfacet
 facet normal -1.44415110e-01 -2.06924886e-01 -9.67639565e-01
  outer loop
   vertex 5.08609543e+01 1.29694366e+01 4.76837158e-07
   vertex 3.92120667e+01 3.44904633e+01 4.76837158e-07
   vertex 4.09089508e+01 3.83527374e+01 4.76837158e-07
  endloop
 endfacet
 facet normal -4.86554414e-01 3.93880717e-02 -8.72761905e-01
  outer loop
   vertex 3.92120667e+01 3.44904633e+01 4.76837158e-07
   vertex 3.92432976e+01 3.46876526e+01 4.76837158e-07
   vertex 4.09089508e+01 3.83527374e+01 4.76837158e-07
  endloop
 endfacet
 facet normal -4.62812603e-01 -7.32983053e-02 -8.83420527e-01
  outer loop
   vertex 4.09089508e+01 3.83527374e+01 4.76837158e-07
   vertex 3.92432976e+01 3.46876526e+01 4.76837158e-07
   vertex 3.91454124e+01 3.53056946e+01 4.76837158e-07
  endloop
 endfacet
 facet normal -4.96195227e-01 8.07055235e-01 3.20081443e-01
  outer loop
   vertex 3.52365685e+01 4.78702850e+01 3.00000048e+00
   vertex 3.76739883e+01 4.93921051e+01 3.00000048e+00
   vertex 3.52365685e+01 4.78702850e+01 4.76837158e-07
  endloop
 endfacet
 facet normal -5.07270634e-01 8.00140321e-01 -3.20081234e-01
  outer loop
   vertex 3.52365685e+01 4.78702850e+01 4.76837158e-07
   vertex 3.76739883e+01 4.93921051e+01 3.00000048e+00
   vertex 3.76739883e+01 4.93921051e+01 4.76837158e-07
  endloop
 endfacet
 facet normal 4.97504562e-01 -8.09183240e-01 -3.12588781e-01
  outer loop
   vertex 5.47275314e+01 1.51668701e+01 4.76837158e-07
   vertex 5.84999771e+01 1.75222321e+01 4.76837158e-07
   vertex 5.47275314e+01 1.51668701e+01 3.00000048e+00
  endloop
 endfacet
 facet normal 5.08609951e-01 -8.02249432e-01 3.12588811e-01
  outer loop
   vertex 5.47275314e+01 1.51668701e+01 3.00000048e+00
   vertex 5.84999771e+01 1.75222321e+01 4.76837158e-07
   vertex 5.84999771e+01 1.75222321e+01 3.00000048e+00
  endloop
 endfacet
 facet normal 2.69705266e-01 -4.31970567e-01 8.60616326e-01
  outer loop
   vertex 5.47275314e+01 1.51668701e+01 3.00000048e+00
   vertex 5.84999771e+01 1.75222321e+01 3.00000048e+00
   vertex 4.09089508e+01 3.83527374e+01 3.00000048e+00
  endloop
 endfacet
 facet normal 1.39310420e-01 -2.13185430e-01 9.67028737e-01
  outer loop
   vertex 4.09089508e+01 3.83527374e+01 3.00000048e+00
   vertex 5.84999771e+01 1.75222321e+01 3.00000048e+00
   vertex 4.37348900e+01 4.01171417e+01 3.00000048e+00
  endloop
 endfacet
 facet normal 1.30379900e-01 -2.18761191e-01 -9.67028737e-01
  outer loop
   vertex 4.09089508e+01 3.83527374e+01 4.76837158e-07
   vertex 4.37348900e+01 4.01171417e+01 4.76837158e-07
   vertex 5.47275314e+01 1.51668701e+01 4.76837158e-07
  endloop
 endfacet
 facet normal 2.69705266e-01 -4.31970567e-01 -8.60616326e-01
  outer loop
   vertex 5.47275314e+01 1.51668701e+01 4.76837158e-07
   vertex 4.37348900e+01 4.01171417e+01 4.76837158e-07
   vertex 5.84999771e+01 1.75222321e+01 4.76837158e-07
  endloop
 endfacet
 facet normal -5.29127300e-01 7.85857320e-01 3.20082188e-01
  outer loop
   vertex 3.76739883e+01 4.93921051e+01 3.00000048e+00
   vertex 4.00464058e+01 5.10133514e+01 3.00000048e+00
   vertex 3.76739883e+01 4.93921051e+01 4.76837158e-07
  endloop
 endfacet
 facet normal -5.39909542e-01 7.78489053e-01 -3.20081919e-01
  outer loop
   vertex 3.76739883e+01 4.93921051e+01 4.76837158e-07
   vertex 4.00464058e+01 5.10133514e+01 3.00000048e+00
   vertex 4.00464058e+01 5.10133514e+01 4.76837158e-07
  endloop
 endfacet
 facet normal 5.30525148e-01 -7.87928522e-01 -3.12588692e-01
  outer loop
   vertex 5.84999771e+01 1.75222321e+01 4.76837158e-07
   vertex 6.21718521e+01 2.00315094e+01 4.76837158e-07
   vertex 5.84999771e+01 1.75222321e+01 3.00000048e+00
  endloop
 endfacet
 facet normal 5.41334867e-01 -7.80541420e-01 3.12588722e-01
  outer loop
   vertex 5.84999771e+01 1.75222321e+01 3.00000048e+00
   vertex 6.21718521e+01 2.00315094e+01 4.76837158e-07
   vertex 6.21718521e+01 2.00315094e+01 3.00000048e+00
  endloop
 endfacet
 facet normal 2.87329465e-01 -4.20453817e-01 8.60616267e-01
  outer loop
   vertex 5.84999771e+01 1.75222321e+01 3.00000048e+00
   vertex 6.21718521e+01 2.00315094e+01 3.00000048e+00
   vertex 4.37348900e+01 4.01171417e+01 3.00000048e+00
  endloop
 endfacet
 facet normal 1.48003101e-01 -2.07245067e-01 9.67028737e-01
  outer loop
   vertex 4.37348900e+01 4.01171417e+01 3.00000048e+00
   vertex 6.21718521e+01 2.00315094e+01 3.00000048e+00
   vertex 4.64854889e+01 4.19968262e+01 3.00000048e+00
  endloop
 endfacet
 facet normal 1.39310420e-01 -2.13185400e-01 -9.67028737e-01
  outer loop
   vertex 4.37348900e+01 4.01171417e+01 4.76837158e-07
   vertex 4.64854889e+01 4.19968262e+01 4.76837158e-07
   vertex 5.84999771e+01 1.75222321e+01 4.76837158e-07
  endloop
 endfacet
 facet normal 2.87329465e-01 -4.20453817e-01 -8.60616267e-01
  outer loop
   vertex 5.84999771e+01 1.75222321e+01 4.76837158e-07
   vertex 4.64854889e+01 4.19968262e+01 4.76837158e-07
   vertex 6.21718521e+01 2.00315094e+01 4.76837158e-07
  endloop
 endfacet
 facet normal -5.61158419e-01 7.63314545e-01 3.20081502e-01
  outer loop
   vertex 4.00464058e+01 5.10133514e+01 3.00000048e+00
   vertex 4.23498001e+01 5.27313080e+01 3.00000048e+00
   vertex 4.00464058e+01 5.10133514e+01 4.76837158e-07
  endloop
 endfacet
 facet normal -5.71626365e-01 7.55506992e-01 -3.20081979e-01
  outer loop
   vertex 4.00464058e+01 5.10133514e+01 4.76837158e-07
   vertex 4.23498001e+01 5.27313080e+01 3.00000048e+00
   vertex 4.23498001e+01 5.27313080e+01 4.76837158e-07
  endloop
 endfacet
 facet normal 5.62638998e-01 -7.65327096e-01 -3.12588900e-01
  outer loop
   vertex 6.21718521e+01 2.00315094e+01 4.76837158e-07
   vertex 6.57368698e+01 2.26904144e+01 4.76837158e-07
   vertex 6.21718521e+01 2.00315094e+01 3.00000048e+00
  endloop
 endfacet
 facet normal 5.73133469e-01 -7.57499993e-01 3.12588751e-01
  outer loop
   vertex 6.21718521e+01 2.00315094e+01 3.00000048e+00
   vertex 6.57368698e+01 2.26904144e+01 4.76837158e-07
   vertex 6.57368698e+01 2.26904144e+01 3.00000048e+00
  endloop
 endfacet
 facet normal 3.04462165e-01 -4.08218414e-01 8.60616386e-01
  outer loop
   vertex 6.21718521e+01 2.00315094e+01 3.00000048e+00
   vertex 6.57368698e+01 2.26904144e+01 3.00000048e+00
   vertex 4.64854889e+01 4.19968262e+01 3.00000048e+00
  endloop
 endfacet
 facet normal 1.56442165e-01 -2.00950712e-01 9.67028797e-01
  outer loop
   vertex 4.64854889e+01 4.19968262e+01 3.00000048e+00
   vertex 6.57368698e+01 2.26904144e+01 3.00000048e+00
   vertex 4.91560478e+01 4.39886169e+01 3.00000048e+00
  endloop
 endfacet
 facet normal 1.48003116e-01 -2.07245097e-01 -9.67028737e-01
  outer loop
   vertex 4.64854889e+01 4.19968262e+01 4.76837158e-07
   vertex 4.91560478e+01 4.39886169e+01 4.76837158e-07
   vertex 6.21718521e+01 2.00315094e+01 4.76837158e-07
  endloop
 endfacet
 facet normal 3.04462165e-01 -4.08218414e-01 -8.60616386e-01
  outer loop
   vertex 6.21718521e+01 2.00315094e+01 4.76837158e-07
   vertex 4.91560478e+01 4.39886169e+01 4.76837158e-07
   vertex 6.57368698e+01 2.26904144e+01 4.76837158e-07
  endloop
 endfacet
 facet normal -5.92228174e-01 7.39468396e-01 3.20081770e-01
  outer loop
   vertex 4.23498001e+01 5.27313080e+01 3.00000048e+00
   vertex 4.45802155e+01 5.45429688e+01 3.00000048e+00
   vertex 4.23498001e+01 5.27313080e+01 4.76837158e-07
  endloop
 endfacet
 facet normal -6.02363408e-01 7.31236100e-01 -3.20081383e-01
  outer loop
   vertex 4.23498001e+01 5.27313080e+01 4.76837158e-07
   vertex 4.45802155e+01 5.45429688e+01 3.00000048e+00
   vertex 4.45802155e+01 5.45429688e+01 4.76837158e-07
  endloop
 endfacet
 facet normal 5.93789816e-01 -7.41418839e-01 -3.12588781e-01
  outer loop
   vertex 6.57368698e+01 2.26904144e+01 4.76837158e-07
   vertex 6.91889496e+01 2.54943848e+01 4.76837158e-07
   vertex 6.57368698e+01 2.26904144e+01 3.00000048e+00
  endloop
 endfacet
 facet normal 6.03951573e-01 -7.33164847e-01 3.12588900e-01
  outer loop
   vertex 6.57368698e+01 2.26904144e+01 3.00000048e+00
   vertex 6.91889496e+01 2.54943848e+01 4.76837158e-07
   vertex 6.91889496e+01 2.54943848e+01 3.00000048e+00
  endloop
 endfacet
 facet normal 3.21073920e-01 -3.95285994e-01 8.60616386e-01
  outer loop
   vertex 6.57368698e+01 2.26904144e+01 3.00000048e+00
   vertex 6.91889496e+01 2.54943848e+01 3.00000048e+00
   vertex 4.91560478e+01 4.39886169e+01 3.00000048e+00
  endloop
 endfacet
 facet normal 1.64613962e-01 -1.94313377e-01 9.67028737e-01
  outer loop
   vertex 4.91560478e+01 4.39886169e+01 3.00000048e+00
   vertex 6.91889496e+01 2.54943848e+01 3.00000048e+00
   vertex 5.17420006e+01 4.60890656e+01 3.00000048e+00
  endloop
 endfacet
 facet normal 1.56442165e-01 -2.00950712e-01 -9.67028797e-01
  outer loop
   vertex 4.91560478e+01 4.39886169e+01 4.76837158e-07
   vertex 5.17420006e+01 4.60890656e+01 4.76837158e-07
   vertex 6.57368698e+01 2.26904144e+01 4.76837158e-07
  endloop
 endfacet
 facet normal 3.21073920e-01 -3.95285964e-01 -8.60616386e-01
  outer loop
   vertex 6.57368698e+01 2.26904144e+01 4.76837158e-07
   vertex 5.17420006e+01 4.60890656e+01 4.76837158e-07
   vertex 6.91889496e+01 2.54943848e+01 4.76837158e-07
  endloop
 endfacet
 facet normal -6.22284591e-01 7.14359641e-01 3.20081532e-01
  outer loop
   vertex 4.45802155e+01 5.45429688e+01 3.00000048e+00
   vertex 4.67338409e+01 5.64452820e+01 3.00000048e+00
   vertex 4.45802155e+01 5.45429688e+01 4.76837158e-07
  endloop
 endfacet
 facet normal -6.32071316e-01 7.05714881e-01 -3.20081830e-01
  outer loop
   vertex 4.45802155e+01 5.45429688e+01 4.76837158e-07
   vertex 4.67338409e+01 5.64452820e+01 3.00000048e+00
   vertex 4.67338409e+01 5.64452820e+01 4.76837158e-07
  endloop
 endfacet
 facet normal 6.23926044e-01 -7.16243446e-01 -3.12588692e-01
  outer loop
   vertex 6.91889496e+01 2.54943848e+01 4.76837158e-07
   vertex 7.25221863e+01 2.84386444e+01 4.76837158e-07
   vertex 6.91889496e+01 2.54943848e+01 3.00000048e+00
  endloop
 endfacet
 facet normal 6.33738577e-01 -7.07575977e-01 3.12588662e-01
  outer loop
   vertex 6.91889496e+01 2.54943848e+01 3.00000048e+00
   vertex 7.25221863e+01 2.84386444e+01 4.76837158e-07
   vertex 7.25221863e+01 2.84386444e+01 3.00000048e+00
  endloop
 endfacet
 facet normal 3.37137401e-01 -3.81677896e-01 8.60616267e-01
  outer loop
   vertex 6.91889496e+01 2.54943848e+01 3.00000048e+00
   vertex 7.25221863e+01 2.84386444e+01 3.00000048e+00
   vertex 5.17420006e+01 4.60890656e+01 3.00000048e+00
  endloop
 endfacet
 facet normal 1.72504753e-01 -1.87343404e-01 9.67028737e-01
  outer loop
   vertex 5.17420006e+01 4.60890656e+01 3.00000048e+00
   vertex 7.25221863e+01 2.84386444e+01 3.00000048e+00
   vertex 5.42389259e+01 4.82946167e+01 3.00000048e+00
  endloop
 endfacet
 facet normal 1.64613962e-01 -1.94313347e-01 -9.67028737e-01
  outer loop
   vertex 5.17420006e+01 4.60890656e+01 4.76837158e-07
   vertex 5.42389259e+01 4.82946167e+01 4.76837158e-07
   vertex 6.91889496e+01 2.54943848e+01 4.76837158e-07
  endloop
 endfacet
 facet normal 3.37137401e-01 -3.81677896e-01 -8.60616267e-01
  outer loop
   vertex 6.91889496e+01 2.54943848e+01 4.76837158e-07
   vertex 5.42389259e+01 4.82946167e+01 4.76837158e-07
   vertex 7.25221863e+01 2.84386444e+01 4.76837158e-07
  endloop
 endfacet
 facet normal -6.51278436e-01 6.88029170e-01 3.20081621e-01
  outer loop
   vertex 4.67338409e+01 5.64452820e+01 3.00000048e+00
   vertex 4.88070221e+01 5.84349823e+01 3.00000048e+00
   vertex 4.67338409e+01 5.64452820e+01 4.76837158e-07
  endloop
 endfacet
 facet normal -6.60698831e-01 6.78988159e-01 -3.20081413e-01
  outer loop
   vertex 4.67338409e+01 5.64452820e+01 4.76837158e-07
   vertex 4.88070221e+01 5.84349823e+01 3.00000048e+00
   vertex 4.88070221e+01 5.84349823e+01 4.76837158e-07
  endloop
 endfacet
 facet normal 6.52996659e-01 -6.89843178e-01 -3.12588841e-01
  outer loop
   vertex 7.25221863e+01 2.84386444e+01 4.76837158e-07
   vertex 7.57308807e+01 3.15181580e+01 4.76837158e-07
   vertex 7.25221863e+01 2.84386444e+01 3.00000048e+00
  endloop
 endfacet
 facet normal 6.62442267e-01 -6.80777907e-01 3.12588751e-01
  outer loop
   vertex 7.25221863e+01 2.84386444e+01 3.00000048e+00
   vertex 7.57308807e+01 3.15181580e+01 4.76837158e-07
   vertex 7.57308807e+01 3.15181580e+01 3.00000048e+00
  endloop
 endfacet
 facet normal 3.52624655e-01 -3.67417157e-01 8.60616326e-01
  outer loop
   vertex 7.25221863e+01 2.84386444e+01 3.00000048e+00
   vertex 7.57308807e+01 3.15181580e+01 3.00000048e+00
   vertex 5.42389259e+01 4.82946167e+01 3.00000048e+00
  endloop
 endfacet
 facet normal 1.80100381e-01 -1.80053398e-01 9.67028737e-01
  outer loop
   vertex 5.42389259e+01 4.82946167e+01 3.00000048e+00
   vertex 7.57308807e+01 3.15181580e+01 3.00000048e+00
   vertex 5.66425629e+01 5.06014709e+01 3.00000048e+00
  endloop
 endfacet
 facet normal 1.72504753e-01 -1.87343404e-01 -9.67028737e-01
  outer loop
   vertex 5.42389259e+01 4.82946167e+01 4.76837158e-07
   vertex 5.66425629e+01 5.06014709e+01 4.76837158e-07
   vertex 7.25221863e+01 2.84386444e+01 4.76837158e-07
  endloop
 endfacet
 facet normal 3.52624655e-01 -3.67417157e-01 -8.60616326e-01
  outer loop
   vertex 7.25221863e+01 2.84386444e+01 4.76837158e-07
   vertex 5.66425629e+01 5.06014709e+01 4.76837158e-07
   vertex 7.57308807e+01 3.15181580e+01 4.76837158e-07
  endloop
 endfacet
 facet normal -6.79158568e-01 6.60523474e-01 3.20081919e-01
  outer loop
   vertex 4.88070221e+01 5.84349823e+01 3.00000048e+00
   vertex 5.07961540e+01 6.05086365e+01 3.00000048e+00
   vertex 4.88070221e+01 5.84349823e+01 4.76837158e-07
  endloop
 endfacet
 facet normal -6.88197970e-01 6.51099920e-01 -3.20081949e-01
  outer loop
   vertex 4.88070221e+01 5.84349823e+01 4.76837158e-07
   vertex 5.07961540e+01 6.05086365e+01 3.00000048e+00
   vertex 5.07961540e+01 6.05086365e+01 4.76837158e-07
  endloop
 endfacet
 facet normal 6.80950820e-01 -6.62264526e-01 -3.12588751e-01
  outer loop
   vertex 7.57308807e+01 3.15181580e+01 4.76837158e-07
   vertex 7.88095474e+01 3.47276459e+01 4.76837158e-07
   vertex 7.57308807e+01 3.15181580e+01 3.00000048e+00
  endloop
 endfacet
 facet normal 6.90013766e-01 -6.52816415e-01 3.12588781e-01
  outer loop
   vertex 7.57308807e+01 3.15181580e+01 3.00000048e+00
   vertex 7.88095474e+01 3.47276459e+01 4.76837158e-07
   vertex 7.88095474e+01 3.47276459e+01 3.00000048e+00
  endloop
 endfacet
 facet normal 3.67509246e-01 -3.52528751e-01 8.60616326e-01
  outer loop
   vertex 7.57308807e+01 3.15181580e+01 3.00000048e+00
   vertex 7.88095474e+01 3.47276459e+01 3.00000048e+00
   vertex 5.66425629e+01 5.06014709e+01 3.00000048e+00
  endloop
 endfacet
 facet normal 1.87388510e-01 -1.72455803e-01 9.67028737e-01
  outer loop
   vertex 5.66425629e+01 5.06014709e+01 3.00000048e+00
   vertex 7.88095474e+01 3.47276459e+01 3.00000048e+00
   vertex 5.89487953e+01 5.30057068e+01 3.00000048e+00
  endloop
 endfacet
 facet normal 1.80100381e-01 -1.80053428e-01 -9.67028737e-01
  outer loop
   vertex 5.66425629e+01 5.06014709e+01 4.76837158e-07
   vertex 5.89487953e+01 5.30057068e+01 4.76837158e-07
   vertex 7.57308807e+01 3.15181580e+01 4.76837158e-07
  endloop
 endfacet
 facet normal 3.67509216e-01 -3.52528721e-01 -8.60616326e-01
  outer loop
   vertex 7.57308807e+01 3.15181580e+01 4.76837158e-07
   vertex 5.89487953e+01 5.30057068e+01 4.76837158e-07
   vertex 7.88095474e+01 3.47276459e+01 4.76837158e-07
  endloop
 endfacet
 facet normal -7.05879807e-01 6.31887078e-01 3.20081830e-01
  outer loop
   vertex 5.07961540e+01 6.05086365e+01 3.00000048e+00
   vertex 5.26979027e+01 6.26627731e+01 3.00000048e+00
   vertex 5.07961540e+01 6.05086365e+01 4.76837158e-07
  endloop
 endfacet
 facet normal -7.14522183e-01 6.22097790e-01 -3.20081919e-01
  outer loop
   vertex 5.07961540e+01 6.05086365e+01 4.76837158e-07
   vertex 5.26979027e+01 6.26627731e+01 3.00000048e+00
   vertex 5.26979027e+01 6.26627731e+01 4.76837158e-07
  endloop
 endfacet
 facet normal 7.07741261e-01 -6.33553922e-01 -3.12588841e-01
  outer loop
   vertex 7.88095474e+01 3.47276459e+01 4.76837158e-07
   vertex 8.17529373e+01 3.80616608e+01 4.76837158e-07
   vertex 7.88095474e+01 3.47276459e+01 3.00000048e+00
  endloop
 endfacet
 facet normal 7.16405988e-01 -6.23739362e-01 3.12588692e-01
  outer loop
   vertex 7.88095474e+01 3.47276459e+01 3.00000048e+00
   vertex 8.17529373e+01 3.80616608e+01 4.76837158e-07
   vertex 8.17529373e+01 3.80616608e+01 3.00000048e+00
  endloop
 endfacet
 facet normal 3.36673647e-01 -1.45978391e-01 9.30237174e-01
  outer loop
   vertex 7.54795609e+01 4.33733826e+01 3.00000048e+00
   vertex 6.11536827e+01 5.55032196e+01 3.00000048e+00
   vertex 7.46410294e+01 4.23842316e+01 3.00000048e+00
  endloop
 endfacet
 facet normal 1.38889283e-01 1.57454610e-02 9.90182757e-01
  outer loop
   vertex 6.11536827e+01 5.55032196e+01 3.00000048e+00
   vertex 5.89487953e+01 5.30057068e+01 3.00000048e+00
   vertex 7.46410294e+01 4.23842316e+01 3.00000048e+00
  endloop
 endfacet
 facet normal 3.31785589e-01 -1.55074492e-01 9.30521488e-01
  outer loop
   vertex 5.89487953e+01 5.30057068e+01 3.00000048e+00
   vertex 7.88095474e+01 3.47276459e+01 3.00000048e+00
   vertex 7.46410294e+01 4.23842316e+01 3.00000048e+00
  endloop
 endfacet
 facet normal 3.31477523e-01 1.13723264e-03 9.43462431e-01
  outer loop
   vertex 7.46410294e+01 4.23842316e+01 3.00000048e+00
   vertex 7.88095474e+01 3.47276459e+01 3.00000048e+00
   vertex 7.66190109e+01 4.09058380e+01 3.00000048e+00
  endloop
 endfacet
 facet normal 2.36503109e-01 -2.17287257e-01 9.47022974e-01
  outer loop
   vertex 8.17529373e+01 3.80616608e+01 3.00000048e+00
   vertex 7.73606186e+01 4.17806702e+01 3.00000048e+00
   vertex 7.88095474e+01 3.47276459e+01 3.00000048e+00
  endloop
 endfacet
 facet normal -2.79065557e-02 1.76561892e-01 9.83893871e-01
  outer loop
   vertex 7.88095474e+01 3.47276459e+01 3.00000048e+00
   vertex 7.73606186e+01 4.17806702e+01 3.00000048e+00
   vertex 7.66190109e+01 4.09058380e+01 3.00000048e+00
  endloop
 endfacet
 facet normal 2.36501694e-01 -2.17288837e-01 -9.47022974e-01
  outer loop
   vertex 8.17529373e+01 3.80616608e+01 4.76837158e-07
   vertex 7.88095474e+01 3.47276459e+01 4.76837158e-07
   vertex 7.73606186e+01 4.17806702e+01 4.76837158e-07
  endloop
 endfacet
 facet normal -2.79093664e-02 1.76559523e-01 -9.83894229e-01
  outer loop
   vertex 7.73606186e+01 4.17806702e+01 4.76837158e-07
   vertex 7.88095474e+01 3.47276459e+01 4.76837158e-07
   vertex 7.66190109e+01 4.09058380e+01 1.43051147e-06
  endloop
 endfacet
 facet normal 1.79323703e-01 -1.63735170e-02 -9.83653843e-01
  outer loop
   vertex 7.88095474e+01 3.47276459e+01 4.76837158e-07
   vertex 5.89487953e+01 5.30057068e+01 4.76837158e-07
   vertex 7.66190109e+01 4.09058380e+01 1.43051147e-06
  endloop
 endfacet
 facet normal 1.24843508e-01 1.68806612e-01 -9.77710783e-01
  outer loop
   vertex 7.66190109e+01 4.09058380e+01 1.43051147e-06
   vertex 5.89487953e+01 5.30057068e+01 4.76837158e-07
   vertex 7.46410294e+01 4.23842316e+01 4.76837158e-07
  endloop
 endfacet
 facet normal 1.38889268e-01 1.57438740e-02 -9.90182757e-01
  outer loop
   vertex 5.89487953e+01 5.30057068e+01 4.76837158e-07
   vertex 6.11536827e+01 5.55032196e+01 4.76837158e-07
   vertex 7.46410294e+01 4.23842316e+01 4.76837158e-07
  endloop
 endfacet
 facet normal 3.36674690e-01 -1.45978585e-01 -9.30236757e-01
  outer loop
   vertex 6.11536827e+01 5.55032196e+01 4.76837158e-07
   vertex 7.54795609e+01 4.33733826e+01 4.76837158e-07
   vertex 7.46410294e+01 4.23842316e+01 4.76837158e-07
  endloop
 endfacet
 facet normal -7.31394470e-01 6.02170944e-01 3.20081711e-01
  outer loop
   vertex 5.26979027e+01 6.26627731e+01 3.00000048e+00
   vertex 5.45090065e+01 6.48936920e+01 3.00000048e+00
   vertex 5.26979027e+01 6.26627731e+01 4.76837158e-07
  endloop
 endfacet
 facet normal -7.39624381e-01 5.92033327e-01 -3.20081681e-01
  outer loop
   vertex 5.26979027e+01 6.26627731e+01 4.76837158e-07
   vertex 5.45090065e+01 6.48936920e+01 3.00000048e+00
   vertex 5.45090065e+01 6.48936920e+01 4.76837158e-07
  endloop
 endfacet
 facet normal 7.33322918e-01 -6.03759766e-01 -3.12588632e-01
  outer loop
   vertex 8.17529373e+01 3.80616608e+01 4.76837158e-07
   vertex 8.45560074e+01 4.15144653e+01 4.76837158e-07
   vertex 8.17529373e+01 3.80616608e+01 3.00000048e+00
  endloop
 endfacet
 facet normal 7.41575181e-01 -5.93594611e-01 3.12588781e-01
  outer loop
   vertex 8.17529373e+01 3.80616608e+01 3.00000048e+00
   vertex 8.45560074e+01 4.15144653e+01 4.76837158e-07
   vertex 8.45560074e+01 4.15144653e+01 3.00000048e+00
  endloop
 endfacet
 facet normal -2.42253721e-01 1.97591901e-01 9.49879229e-01
  outer loop
   vertex 7.73606186e+01 4.17806702e+01 3.00000048e+00
   vertex 8.17529373e+01 3.80616608e+01 3.00000048e+00
   vertex 7.85801010e+01 4.32192230e+01 3.00000048e+00
  endloop
 endfacet
 facet normal 2.50531644e-01 -2.02648267e-01 9.46661294e-01
  outer loop
   vertex 8.17529373e+01 3.80616608e+01 3.00000048e+00
   vertex 8.45560074e+01 4.15144653e+01 3.00000048e+00
   vertex 7.85801010e+01 4.32192230e+01 3.00000048e+00
  endloop
 endfacet
 facet normal -2.41719514e-01 1.98280841e-01 9.49871778e-01
  outer loop
   vertex 8.00130615e+01 4.50492706e+01 3.00000048e+00
   vertex 7.85801010e+01 4.32192230e+01 3.00000048e+00
   vertex 8.45560074e+01 4.15144653e+01 3.00000048e+00
  endloop
 endfacet
 facet normal 3.96326900e-01 -3.16603243e-01 -8.61793101e-01
  outer loop
   vertex 7.80632858e+01 4.65663757e+01 4.76837158e-07
   vertex 7.65744553e+01 4.46649475e+01 4.76837158e-07
   vertex 6.32534637e+01 5.80897217e+01 4.76837158e-07
  endloop
 endfacet
 facet normal 1.97334334e-01 -1.60798743e-01 -9.67058897e-01
  outer loop
   vertex 6.32534637e+01 5.80897217e+01 4.76837158e-07
   vertex 7.65744553e+01 4.46649475e+01 4.76837158e-07
   vertex 6.11536827e+01 5.55032196e+01 4.76837158e-07
  endloop
 endfacet
 facet normal 3.90114933e-01 -3.24226588e-01 -8.61793160e-01
  outer loop
   vertex 7.65744553e+01 4.46649475e+01 4.76837158e-07
   vertex 7.54795609e+01 4.33733826e+01 4.76837158e-07
   vertex 6.11536827e+01 5.55032196e+01 4.76837158e-07
  endloop
 endfacet
 facet normal -7.55658329e-01 5.71426690e-01 3.20081383e-01
  outer loop
   vertex 5.45090065e+01 6.48936920e+01 3.00000048e+00
   vertex 5.62263336e+01 6.71975250e+01 3.00000048e+00
   vertex 5.45090065e+01 6.48936920e+01 4.76837158e-07
  endloop
 endfacet
 facet normal -7.63462186e-01 5.60957551e-01 -3.20081443e-01
  outer loop
   vertex 5.45090065e+01 6.48936920e+01 4.76837158e-07
   vertex 5.62263336e+01 6.71975250e+01 3.00000048e+00
   vertex 5.62263336e+01 6.71975250e+01 4.76837158e-07
  endloop
 endfacet
 facet normal 7.57651567e-01 -5.72933137e-01 -3.12588751e-01
  outer loop
   vertex 8.45560074e+01 4.15144653e+01 4.76837158e-07
   vertex 8.72139664e+01 4.50801849e+01 4.76837158e-07
   vertex 8.45560074e+01 4.15144653e+01 3.00000048e+00
  endloop
 endfacet
 facet normal 7.65475750e-01 -5.62436879e-01 3.12588602e-01
  outer loop
   vertex 8.45560074e+01 4.15144653e+01 3.00000048e+00
   vertex 8.72139664e+01 4.50801849e+01 4.76837158e-07
   vertex 8.72139664e+01 4.50801849e+01 3.00000048e+00
  endloop
 endfacet
 facet normal -2.61760384e-01 1.71315312e-01 9.49806571e-01
  outer loop
   vertex 8.24608612e+01 4.84727020e+01 3.00000048e+00
   vertex 8.18214035e+01 4.75191345e+01 3.00000048e+00
   vertex 8.72139664e+01 4.50801849e+01 3.00000048e+00
  endloop
 endfacet
 facet normal 2.52492756e-01 -2.00539827e-01 9.46589231e-01
  outer loop
   vertex 8.72139664e+01 4.50801849e+01 3.00000048e+00
   vertex 8.18214035e+01 4.75191345e+01 3.00000048e+00
   vertex 8.45560074e+01 4.15144653e+01 3.00000048e+00
  endloop
 endfacet
 facet normal -2.49164566e-01 1.89000264e-01 9.49839950e-01
  outer loop
   vertex 8.00130615e+01 4.50492706e+01 3.00000048e+00
   vertex 8.45560074e+01 4.15144653e+01 3.00000048e+00
   vertex 8.02413712e+01 4.53408508e+01 3.00000048e+00
  endloop
 endfacet
 facet normal -2.57685542e-01 1.73655778e-01 9.50495601e-01
  outer loop
   vertex 8.18214035e+01 4.75191345e+01 3.00000048e+00
   vertex 8.02413712e+01 4.53408508e+01 3.00000048e+00
   vertex 8.45560074e+01 4.15144653e+01 3.00000048e+00
  endloop
 endfacet
 facet normal 4.18593466e-01 -2.86350071e-01 -8.61848712e-01
  outer loop
   vertex 8.04453659e+01 4.99112549e+01 4.76837158e-07
   vertex 7.97700272e+01 4.89042053e+01 4.76837158e-07
   vertex 6.52445450e+01 6.07608032e+01 4.76837158e-07
  endloop
 endfacet
 facet normal 2.08690777e-01 -1.45590141e-01 -9.67084110e-01
  outer loop
   vertex 6.52445450e+01 6.07608032e+01 4.76837158e-07
   vertex 7.97700272e+01 4.89042053e+01 4.76837158e-07
   vertex 6.32534637e+01 5.80897217e+01 4.76837158e-07
  endloop
 endfacet
 facet normal 4.02183980e-01 -3.08968514e-01 -8.61850619e-01
  outer loop
   vertex 7.80632858e+01 4.65663757e+01 4.76837158e-07
   vertex 6.32534637e+01 5.80897217e+01 4.76837158e-07
   vertex 7.82122726e+01 4.67566528e+01 4.76837158e-07
  endloop
 endfacet
 facet normal 4.11903322e-01 -2.98763931e-01 -8.60857606e-01
  outer loop
   vertex 7.97700272e+01 4.89042053e+01 4.76837158e-07
   vertex 7.82122726e+01 4.67566528e+01 4.76837158e-07
   vertex 6.32534637e+01 5.80897217e+01 4.76837158e-07
  endloop
 endfacet
 facet normal -7.78630853e-01 5.39705932e-01 3.20080519e-01
  outer loop
   vertex 5.62263336e+01 6.71975250e+01 3.00000048e+00
   vertex 5.78469810e+01 6.95703812e+01 3.00000048e+00
   vertex 5.62263336e+01 6.71975250e+01 4.76837158e-07
  endloop
 endfacet
 facet normal -7.85995185e-01 5.28923333e-01 -3.20080787e-01
  outer loop
   vertex 5.62263336e+01 6.71975250e+01 4.76837158e-07
   vertex 5.78469810e+01 6.95703812e+01 3.00000048e+00
   vertex 5.78469810e+01 6.95703812e+01 4.76837158e-07
  endloop
 endfacet
 facet normal 7.80683875e-01 -5.41129291e-01 -3.12588781e-01
  outer loop
   vertex 8.72139664e+01 4.50801849e+01 4.76837158e-07
   vertex 8.97222824e+01 4.87527161e+01 4.76837158e-07
   vertex 8.72139664e+01 4.50801849e+01 3.00000048e+00
  endloop
 endfacet
 facet normal 7.88067758e-01 -5.30318141e-01 3.12588871e-01
  outer loop
   vertex 8.72139664e+01 4.50801849e+01 3.00000048e+00
   vertex 8.97222824e+01 4.87527161e+01 4.76837158e-07
   vertex 8.97222824e+01 4.87527161e+01 3.00000048e+00
  endloop
 endfacet
 facet normal -2.67123193e-01 1.62740439e-01 9.49821413e-01
  outer loop
   vertex 8.47208862e+01 5.20191193e+01 3.00000048e+00
   vertex 8.33193436e+01 4.97528839e+01 3.00000048e+00
   vertex 8.97222824e+01 4.87527161e+01 3.00000048e+00
  endloop
 endfacet
 facet normal 2.61338741e-01 -1.88742906e-01 9.46614087e-01
  outer loop
   vertex 8.97222824e+01 4.87527161e+01 3.00000048e+00
   vertex 8.33193436e+01 4.97528839e+01 3.00000048e+00
   vertex 8.72139664e+01 4.50801849e+01 3.00000048e+00
  endloop
 endfacet
 facet normal -2.68187076e-01 1.61668956e-01 9.49704587e-01
  outer loop
   vertex 8.33193436e+01 4.97528839e+01 3.00000048e+00
   vertex 8.24608612e+01 4.84727020e+01 3.00000048e+00
   vertex 8.72139664e+01 4.50801849e+01 3.00000048e+00
  endloop
 endfacet
 facet normal 3.17873627e-01 3.70463461e-01 -8.72761786e-01
  outer loop
   vertex 6.59711075e+01 6.18246002e+01 4.76837158e-07
   vertex 6.60355148e+01 6.17601929e+01 8.10623169e-06
   vertex 6.52445450e+01 6.07608032e+01 4.76837158e-07
  endloop
 endfacet
 facet normal -2.46256188e-01 1.61072418e-01 -9.55726743e-01
  outer loop
   vertex 6.89037933e+01 6.23491974e+01 4.76837158e-07
   vertex 8.26480103e+01 5.33728943e+01 4.76837158e-07
   vertex 6.88291245e+01 6.22026367e+01 8.10623169e-06
  endloop
 endfacet
 facet normal 3.70669127e-01 5.54693900e-02 -9.27107096e-01
  outer loop
   vertex 6.52445450e+01 6.07608032e+01 4.76837158e-07
   vertex 6.60355148e+01 6.17601929e+01 8.10623169e-06
   vertex 8.04453659e+01 4.99112549e+01 4.76837158e-07
  endloop
 endfacet
 facet normal 4.53708678e-01 2.99064904e-01 -8.39469254e-01
  outer loop
   vertex 6.60355148e+01 6.17601929e+01 8.10623169e-06
   vertex 6.65930557e+01 6.14761353e+01 8.10623169e-06
   vertex 8.04453659e+01 4.99112549e+01 4.76837158e-07
  endloop
 endfacet
 facet normal 3.16818208e-01 3.63095611e-01 -8.76235008e-01
  outer loop
   vertex 6.65930557e+01 6.14761353e+01 8.10623169e-06
   vertex 6.72110901e+01 6.13782349e+01 8.10623169e-06
   vertex 8.04453659e+01 4.99112549e+01 4.76837158e-07
  endloop
 endfacet
 facet normal 1.58242524e-01 3.77992541e-01 -9.12184715e-01
  outer loop
   vertex 6.72110901e+01 6.13782349e+01 8.10623169e-06
   vertex 6.78291245e+01 6.14761353e+01 8.10623169e-06
   vertex 8.04453659e+01 4.99112549e+01 4.76837158e-07
  endloop
 endfacet
 facet normal -5.08983899e-03 3.35598201e-01 -9.41991448e-01
  outer loop
   vertex 6.78291245e+01 6.14761353e+01 8.10623169e-06
   vertex 6.83866653e+01 6.17601929e+01 8.10623169e-06
   vertex 8.04453659e+01 4.99112549e+01 4.76837158e-07
  endloop
 endfacet
 facet normal 3.43409300e-01 -1.03345759e-01 -9.33482587e-01
  outer loop
   vertex 8.04453659e+01 4.99112549e+01 4.76837158e-07
   vertex 6.83866653e+01 6.17601929e+01 8.10623169e-06
   vertex 8.12468491e+01 5.11064148e+01 2.38418579e-06
  endloop
 endfacet
 facet normal -1.46853641e-01 2.40003169e-01 -9.59600151e-01
  outer loop
   vertex 6.83866653e+01 6.17601929e+01 8.10623169e-06
   vertex 6.88291245e+01 6.22026367e+01 8.10623169e-06
   vertex 8.12468491e+01 5.11064148e+01 2.38418579e-06
  endloop
 endfacet
 facet normal 3.00186276e-01 -1.40356481e-01 -9.43497896e-01
  outer loop
   vertex 8.26480103e+01 5.33728943e+01 4.76837158e-07
   vertex 8.26418533e+01 5.33620758e+01 3.33786011e-06
   vertex 6.88291245e+01 6.22026367e+01 8.10623169e-06
  endloop
 endfacet
 facet normal 2.93385565e-01 -1.56042963e-01 -9.43173110e-01
  outer loop
   vertex 8.26418533e+01 5.33620758e+01 3.33786011e-06
   vertex 8.12468491e+01 5.11064148e+01 2.38418579e-06
   vertex 6.88291245e+01 6.22026367e+01 8.10623169e-06
  endloop
 endfacet
 facet normal -8.00272167e-01 5.07062793e-01 3.20080936e-01
  outer loop
   vertex 5.78469810e+01 6.95703812e+01 3.00000048e+00
   vertex 5.93681602e+01 7.20081787e+01 3.00000048e+00
   vertex 5.78469810e+01 6.95703812e+01 4.76837158e-07
  endloop
 endfacet
 facet normal -8.07184815e-01 4.95985001e-01 -3.20080489e-01
  outer loop
   vertex 5.78469810e+01 6.95703812e+01 4.76837158e-07
   vertex 5.93681602e+01 7.20081787e+01 3.00000048e+00
   vertex 5.93681602e+01 7.20081787e+01 4.76837158e-07
  endloop
 endfacet
 facet normal 8.02382648e-01 -5.08399725e-01 -3.12588841e-01
  outer loop
   vertex 8.97222824e+01 4.87527161e+01 4.76837158e-07
   vertex 9.20766602e+01 5.25257874e+01 4.76837158e-07
   vertex 8.97222824e+01 4.87527161e+01 3.00000048e+00
  endloop
 endfacet
 facet normal 8.09313536e-01 -4.97292489e-01 3.12588811e-01
  outer loop
   vertex 8.97222824e+01 4.87527161e+01 3.00000048e+00
   vertex 9.20766602e+01 5.25257874e+01 4.76837158e-07
   vertex 9.20766602e+01 5.25257874e+01 3.00000048e+00
  endloop
 endfacet
 facet normal -2.73208469e-01 1.52854368e-01 9.49732959e-01
  outer loop
   vertex 8.47208862e+01 5.20191193e+01 3.00000048e+00
   vertex 8.97222824e+01 4.87527161e+01 3.00000048e+00
   vertex 8.47343063e+01 5.20408173e+01 3.00000048e+00
  endloop
 endfacet
 facet normal -2.79913008e-01 1.36704281e-01 9.50242400e-01
  outer loop
   vertex 8.47343063e+01 5.20408173e+01 3.00000048e+00
   vertex 8.97222824e+01 4.87527161e+01 3.00000048e+00
   vertex 8.60656052e+01 5.43815308e+01 3.00000048e+00
  endloop
 endfacet
 facet normal -2.90194333e-01 1.22551754e-01 9.49088156e-01
  outer loop
   vertex 8.60656052e+01 5.43815308e+01 3.00000048e+00
   vertex 8.97222824e+01 4.87527161e+01 3.00000048e+00
   vertex 8.66830139e+01 5.55662537e+01 3.00000143e+00
  endloop
 endfacet
 facet normal -5.22611499e-01 2.45951280e-01 8.16324174e-01
  outer loop
   vertex 8.67514877e+01 5.56976624e+01 3.00000048e+00
   vertex 8.66830139e+01 5.55662537e+01 3.00000143e+00
   vertex 9.20766602e+01 5.25257874e+01 3.00000048e+00
  endloop
 endfacet
 facet normal 2.60033578e-01 -1.91168308e-01 9.46486771e-01
  outer loop
   vertex 8.66830139e+01 5.55662537e+01 3.00000143e+00
   vertex 8.97222824e+01 4.87527161e+01 3.00000048e+00
   vertex 9.20766602e+01 5.25257874e+01 3.00000048e+00
  endloop
 endfacet
 facet normal -3.62023145e-01 8.86053085e-01 2.89567322e-01
  outer loop
   vertex 6.81014786e+01 8.67968445e+01 3.00000048e+00
   vertex 7.27121277e+01 8.82204208e+01 3.00000048e+00
   vertex 6.81014786e+01 8.67968445e+01 4.76837158e-07
  endloop
 endfacet
 facet normal -2.34840050e-01 9.28516984e-01 -2.87587047e-01
  outer loop
   vertex 6.81014786e+01 8.67968445e+01 4.76837158e-07
   vertex 7.27121277e+01 8.82204208e+01 3.00000048e+00
   vertex 7.27121277e+01 8.82204208e+01 4.76837158e-07
  endloop
 endfacet
 facet normal -6.65693343e-01 6.88184202e-01 2.88539201e-01
  outer loop
   vertex 6.57822266e+01 8.46374283e+01 3.00000048e+00
   vertex 6.81014786e+01 8.67968445e+01 3.00000048e+00
   vertex 6.57822266e+01 8.46374283e+01 4.76837158e-07
  endloop
 endfacet
 facet normal -5.74737251e-01 7.63995349e-01 -2.93237537e-01
  outer loop
   vertex 6.57822266e+01 8.46374283e+01 4.76837158e-07
   vertex 6.81014786e+01 8.67968445e+01 3.00000048e+00
   vertex 6.81014786e+01 8.67968445e+01 4.76837158e-07
  endloop
 endfacet
 facet normal -8.20645809e-01 4.87847030e-01 2.97566354e-01
  outer loop
   vertex 6.44089432e+01 8.23241272e+01 3.00000048e+00
   vertex 6.57822266e+01 8.46374283e+01 3.00000048e+00
   vertex 6.44089432e+01 8.23241272e+01 4.76837158e-07
  endloop
 endfacet
 facet normal -7.82529235e-01 5.44606805e-01 -3.01747203e-01
  outer loop
   vertex 6.44089432e+01 8.23241272e+01 4.76837158e-07
   vertex 6.57822266e+01 8.46374283e+01 3.00000048e+00
   vertex 6.57822266e+01 8.46374283e+01 4.76837158e-07
  endloop
 endfacet
 facet normal -8.64247620e-01 3.96859616e-01 3.09157699e-01
  outer loop
   vertex 6.33098297e+01 7.96691589e+01 3.00000048e+00
   vertex 6.44089432e+01 8.23241272e+01 3.00000048e+00
   vertex 6.33098297e+01 7.96691589e+01 4.76837158e-07
  endloop
 endfacet
 facet normal -8.55741024e-01 4.10689622e-01 -3.14708263e-01
  outer loop
   vertex 6.33098297e+01 7.96691589e+01 4.76837158e-07
   vertex 6.44089432e+01 8.23241272e+01 3.00000048e+00
   vertex 6.44089432e+01 8.23241272e+01 4.76837158e-07
  endloop
 endfacet
 facet normal -8.56854618e-01 4.04163212e-01 3.20081741e-01
  outer loop
   vertex 6.21019287e+01 7.70618973e+01 3.00000048e+00
   vertex 6.33098297e+01 7.96691589e+01 3.00000048e+00
   vertex 6.21019287e+01 7.70618973e+01 4.76837158e-07
  endloop
 endfacet
 facet normal -8.62343609e-01 3.92315030e-01 -3.20081890e-01
  outer loop
   vertex 6.21019287e+01 7.70618973e+01 4.76837158e-07
   vertex 6.33098297e+01 7.96691589e+01 3.00000048e+00
   vertex 6.33098297e+01 7.96691589e+01 4.76837158e-07
  endloop
 endfacet
 facet normal -8.39417458e-01 4.39233392e-01 3.20081800e-01
  outer loop
   vertex 6.07872810e+01 7.45067749e+01 3.00000048e+00
   vertex 6.21019287e+01 7.70618973e+01 3.00000048e+00
   vertex 6.07872810e+01 7.45067749e+01 4.76837158e-07
  endloop
 endfacet
 facet normal -8.45391512e-01 4.27622408e-01 -3.20081681e-01
  outer loop
   vertex 6.07872810e+01 7.45067749e+01 4.76837158e-07
   vertex 6.21019287e+01 7.70618973e+01 3.00000048e+00
   vertex 6.21019287e+01 7.70618973e+01 4.76837158e-07
  endloop
 endfacet
 facet normal -8.20545971e-01 4.73552734e-01 3.20081413e-01
  outer loop
   vertex 5.93681602e+01 7.20081787e+01 3.00000048e+00
   vertex 6.07872810e+01 7.45067749e+01 3.00000048e+00
   vertex 5.93681602e+01 7.20081787e+01 4.76837158e-07
  endloop
 endfacet
 facet normal -8.26994777e-01 4.62198615e-01 -3.20081383e-01
  outer loop
   vertex 5.93681602e+01 7.20081787e+01 4.76837158e-07
   vertex 6.07872810e+01 7.45067749e+01 3.00000048e+00
   vertex 6.07872810e+01 7.45067749e+01 4.76837158e-07
  endloop
 endfacet
 facet normal -2.54104584e-01 -4.16792333e-01 -8.72762859e-01
  outer loop
   vertex 6.81310425e+01 6.51265106e+01 4.76837158e-07
   vertex 6.88871918e+01 6.63382874e+01 4.76837158e-07
   vertex 6.83866653e+01 6.49962769e+01 4.76837158e-07
  endloop
 endfacet
 facet normal 2.72615105e-01 -1.65245086e-01 -9.47826505e-01
  outer loop
   vertex 8.26480103e+01 5.33728943e+01 4.76837158e-07
   vertex 6.89037933e+01 6.23491974e+01 4.76837158e-07
   vertex 8.39543533e+01 5.56697998e+01 4.76837158e-07
  endloop
 endfacet
 facet normal -2.84180939e-01 8.30233172e-02 -9.55169261e-01
  outer loop
   vertex 6.89037933e+01 6.23491974e+01 4.76837158e-07
   vertex 6.91132050e+01 6.27601929e+01 4.76837158e-07
   vertex 8.39543533e+01 5.56697998e+01 4.76837158e-07
  endloop
 endfacet
 facet normal 2.69389302e-01 -2.01333418e-01 -9.41750646e-01
  outer loop
   vertex 8.39543533e+01 5.56697998e+01 4.76837158e-07
   vertex 6.91132050e+01 6.27601929e+01 4.76837158e-07
   vertex 8.45322266e+01 5.67786865e+01 2.38418579e-06
  endloop
 endfacet
 facet normal 1.12084024e-01 -5.97453535e-01 -7.94031799e-01
  outer loop
   vertex 8.46280136e+01 5.69624786e+01 4.76837158e-07
   vertex 8.45322266e+01 5.67786865e+01 2.38418579e-06
   vertex 6.88871918e+01 6.63382874e+01 4.76837158e-07
  endloop
 endfacet
 facet normal 8.97794515e-02 -3.32220227e-01 -9.38919246e-01
  outer loop
   vertex 6.88871918e+01 6.63382874e+01 4.76837158e-07
   vertex 8.45322266e+01 5.67786865e+01 2.38418579e-06
   vertex 6.83866653e+01 6.49962769e+01 4.76837158e-07
  endloop
 endfacet
 facet normal -1.20065026e-01 -4.94196981e-01 -8.61019015e-01
  outer loop
   vertex 6.83866653e+01 6.49962769e+01 4.76837158e-07
   vertex 8.45322266e+01 5.67786865e+01 2.38418579e-06
   vertex 6.88291245e+01 6.45538330e+01 4.76837158e-07
  endloop
 endfacet
 facet normal -2.24481687e-01 -3.78716409e-01 -8.97876322e-01
  outer loop
   vertex 6.88291245e+01 6.45538330e+01 4.76837158e-07
   vertex 8.45322266e+01 5.67786865e+01 2.38418579e-06
   vertex 6.91132050e+01 6.39962769e+01 4.76837158e-07
  endloop
 endfacet
 facet normal -2.86850005e-01 -2.26123065e-01 -9.30905700e-01
  outer loop
   vertex 6.91132050e+01 6.39962769e+01 4.76837158e-07
   vertex 8.45322266e+01 5.67786865e+01 2.38418579e-06
   vertex 6.92110901e+01 6.33782349e+01 4.76837158e-07
  endloop
 endfacet
 facet normal -2.94073671e-01 -5.23175262e-02 -9.54349816e-01
  outer loop
   vertex 8.45322266e+01 5.67786865e+01 2.38418579e-06
   vertex 6.91132050e+01 6.27601929e+01 4.76837158e-07
   vertex 6.92110901e+01 6.33782349e+01 4.76837158e-07
  endloop
 endfacet
 facet normal 8.22710156e-01 -4.74801362e-01 -3.12588722e-01
  outer loop
   vertex 9.20766602e+01 5.25257874e+01 4.76837158e-07
   vertex 9.42730789e+01 5.63929291e+01 4.76837158e-07
   vertex 9.20766602e+01 5.25257874e+01 3.00000048e+00
  endloop
 endfacet
 facet normal 8.29175830e-01 -4.63417351e-01 3.12588811e-01
  outer loop
   vertex 9.20766602e+01 5.25257874e+01 3.00000048e+00
   vertex 9.42730789e+01 5.63929291e+01 4.76837158e-07
   vertex 9.42730789e+01 5.63929291e+01 3.00000048e+00
  endloop
 endfacet
 facet normal 9.59251702e-01 9.35155060e-03 -2.82398134e-01
  outer loop
   vertex 1.06407005e+02 9.42967758e+01 4.76837158e-07
   vertex 1.06864708e+02 9.87205353e+01 4.76837158e-07
   vertex 1.06407005e+02 9.42967758e+01 3.00000048e+00
  endloop
 endfacet
 facet normal 9.44344580e-01 1.31255507e-01 3.01637650e-01
  outer loop
   vertex 1.06407005e+02 9.42967758e+01 3.00000048e+00
   vertex 1.06864708e+02 9.87205353e+01 4.76837158e-07
   vertex 1.06864708e+02 9.87205353e+01 3.00000048e+00
  endloop
 endfacet
 facet normal 9.39032376e-01 -1.43200755e-01 -3.12588841e-01
  outer loop
   vertex 1.05766853e+02 8.98957138e+01 4.76837158e-07
   vertex 1.06407005e+02 9.42967758e+01 4.76837158e-07
   vertex 1.05766853e+02 8.98957138e+01 3.00000048e+00
  endloop
 endfacet
 facet normal 9.40916777e-01 -1.30245119e-01 3.12588871e-01
  outer loop
   vertex 1.05766853e+02 8.98957138e+01 3.00000048e+00
   vertex 1.06407005e+02 9.42967758e+01 4.76837158e-07
   vertex 1.06407005e+02 9.42967758e+01 3.00000048e+00
  endloop
 endfacet
 facet normal 9.32311177e-01 -1.81890219e-01 -3.12588841e-01
  outer loop
   vertex 1.04945351e+02 8.55248795e+01 4.76837158e-07
   vertex 1.05766853e+02 8.98957138e+01 4.76837158e-07
   vertex 1.04945351e+02 8.55248795e+01 3.00000048e+00
  endloop
 endfacet
 facet normal 9.34729576e-01 -1.69023305e-01 3.12588692e-01
  outer loop
   vertex 1.04945351e+02 8.55248795e+01 3.00000048e+00
   vertex 1.05766853e+02 8.98957138e+01 4.76837158e-07
   vertex 1.05766853e+02 8.98957138e+01 3.00000048e+00
  endloop
 endfacet
 facet normal 9.23996568e-01 -2.20269427e-01 -3.12588751e-01
  outer loop
   vertex 1.03943886e+02 8.11917267e+01 4.76837158e-07
   vertex 1.04945351e+02 8.55248795e+01 4.76837158e-07
   vertex 1.03943886e+02 8.11917267e+01 3.00000048e+00
  endloop
 endfacet
 facet normal 9.26944733e-01 -2.07513288e-01 3.12588722e-01
  outer loop
   vertex 1.03943886e+02 8.11917267e+01 3.00000048e+00
   vertex 1.04945351e+02 8.55248795e+01 4.76837158e-07
   vertex 1.04945351e+02 8.55248795e+01 3.00000048e+00
  endloop
 endfacet
 facet normal 9.14102852e-01 -2.58271635e-01 -3.12588841e-01
  outer loop
   vertex 1.02764183e+02 7.69036713e+01 4.76837158e-07
   vertex 1.03943886e+02 8.11917267e+01 4.76837158e-07
   vertex 1.02764183e+02 7.69036713e+01 3.00000048e+00
  endloop
 endfacet
 facet normal 9.17575598e-01 -2.45648623e-01 3.12588751e-01
  outer loop
   vertex 1.02764183e+02 7.69036713e+01 3.00000048e+00
   vertex 1.03943886e+02 8.11917267e+01 4.76837158e-07
   vertex 1.03943886e+02 8.11917267e+01 3.00000048e+00
  endloop
 endfacet
 facet normal 9.02647018e-01 -2.95832008e-01 -3.12588811e-01
  outer loop
   vertex 1.01408257e+02 7.26680450e+01 4.76837158e-07
   vertex 1.02764183e+02 7.69036713e+01 4.76837158e-07
   vertex 1.01408257e+02 7.26680450e+01 3.00000048e+00
  endloop
 endfacet
 facet normal 9.06638563e-01 -2.83363342e-01 3.12588871e-01
  outer loop
   vertex 1.01408257e+02 7.26680450e+01 3.00000048e+00
   vertex 1.02764183e+02 7.69036713e+01 4.76837158e-07
   vertex 1.02764183e+02 7.69036713e+01 3.00000048e+00
  endloop
 endfacet
 facet normal 8.89648497e-01 -3.32887053e-01 -3.12588841e-01
  outer loop
   vertex 9.98784256e+01 6.84920731e+01 4.76837158e-07
   vertex 1.01408257e+02 7.26680450e+01 4.76837158e-07
   vertex 9.98784256e+01 6.84920731e+01 3.00000048e+00
  endloop
 endfacet
 facet normal 8.94151986e-01 -3.20593864e-01 3.12588781e-01
  outer loop
   vertex 9.98784256e+01 6.84920731e+01 3.00000048e+00
   vertex 1.01408257e+02 7.26680450e+01 4.76837158e-07
   vertex 1.01408257e+02 7.26680450e+01 3.00000048e+00
  endloop
 endfacet
 facet normal 8.75129342e-01 -3.69373769e-01 -3.12588692e-01
  outer loop
   vertex 9.81772995e+01 6.43829041e+01 4.76837158e-07
   vertex 9.98784256e+01 6.84920731e+01 4.76837158e-07
   vertex 9.81772995e+01 6.43829041e+01 3.00000048e+00
  endloop
 endfacet
 facet normal 8.80137205e-01 -3.57277006e-01 3.12588662e-01
  outer loop
   vertex 9.81772995e+01 6.43829041e+01 3.00000048e+00
   vertex 9.98784256e+01 6.84920731e+01 4.76837158e-07
   vertex 9.98784256e+01 6.84920731e+01 3.00000048e+00
  endloop
 endfacet
 facet normal 8.59114408e-01 -4.05229211e-01 -3.12588722e-01
  outer loop
   vertex 9.63077850e+01 6.03475647e+01 4.76837158e-07
   vertex 9.81772995e+01 6.43829041e+01 4.76837158e-07
   vertex 9.63077850e+01 6.03475647e+01 3.00000048e+00
  endloop
 endfacet
 facet normal 8.64617944e-01 -3.93349826e-01 3.12588781e-01
  outer loop
   vertex 9.63077850e+01 6.03475647e+01 3.00000048e+00
   vertex 9.81772995e+01 6.43829041e+01 4.76837158e-07
   vertex 9.81772995e+01 6.43829041e+01 3.00000048e+00
  endloop
 endfacet
 facet normal 8.41631353e-01 -4.40391779e-01 -3.12588781e-01
  outer loop
   vertex 9.42730789e+01 5.63929291e+01 4.76837158e-07
   vertex 9.63077850e+01 6.03475647e+01 4.76837158e-07
   vertex 9.42730789e+01 5.63929291e+01 3.00000048e+00
  endloop
 endfacet
 facet normal 8.47621143e-01 -4.28750187e-01 3.12588692e-01
  outer loop
   vertex 9.42730789e+01 5.63929291e+01 3.00000048e+00
   vertex 9.63077850e+01 6.03475647e+01 4.76837158e-07
   vertex 9.63077850e+01 6.03475647e+01 3.00000048e+00
  endloop
 endfacet
 facet normal -1.04435697e-01 1.05668314e-01 9.88902092e-01
  outer loop
   vertex 8.22819138e+01 6.23678589e+01 3.00000048e+00
   vertex 8.15947266e+01 6.01570587e+01 3.00000048e+00
   vertex 9.42730789e+01 5.63929291e+01 3.00000048e+00
  endloop
 endfacet
 facet normal 2.09440514e-01 -1.33585662e-01 9.68653440e-01
  outer loop
   vertex 8.50006027e+01 5.76774445e+01 3.00000048e+00
   vertex 8.51835098e+01 5.80284119e+01 3.00000048e+00
   vertex 8.15947266e+01 6.01570587e+01 3.00000048e+00
  endloop
 endfacet
 facet normal 2.09272623e-01 -1.38295725e-01 9.68028545e-01
  outer loop
   vertex 8.15947266e+01 6.01570587e+01 3.00000048e+00
   vertex 8.51835098e+01 5.80284119e+01 3.00000048e+00
   vertex 9.42730789e+01 5.63929291e+01 3.00000048e+00
  endloop
 endfacet
 facet normal 1.18810996e-01 -3.20641339e-01 9.39719677e-01
  outer loop
   vertex 8.51835098e+01 5.80284119e+01 3.00000048e+00
   vertex 8.73123398e+01 5.67738647e+01 3.00000048e+00
   vertex 9.42730789e+01 5.63929291e+01 3.00000048e+00
  endloop
 endfacet
 facet normal 2.73654997e-01 -1.68593511e-01 9.46936727e-01
  outer loop
   vertex 9.20766602e+01 5.25257874e+01 3.00000048e+00
   vertex 9.42730789e+01 5.63929291e+01 3.00000048e+00
   vertex 8.70178604e+01 5.62088013e+01 3.00000048e+00
  endloop
 endfacet
 facet normal -1.80131376e-01 -5.64907454e-02 9.82019067e-01
  outer loop
   vertex 8.73123398e+01 5.67738647e+01 3.00000048e+00
   vertex 8.70178604e+01 5.62088013e+01 3.00000048e+00
   vertex 9.42730789e+01 5.63929291e+01 3.00000048e+00
  endloop
 endfacet
 facet normal 4.82824206e-01 -1.52992323e-01 8.62249434e-01
  outer loop
   vertex 7.55633545e+01 6.57495651e+01 3.00000429e+00
   vertex 7.66797562e+01 6.93413696e+01 3.00000429e+00
   vertex 7.05325241e+01 6.92351761e+01 3.00000048e+00
  endloop
 endfacet
 facet normal 2.41336361e-01 -7.50123709e-02 9.67538059e-01
  outer loop
   vertex 7.05325241e+01 6.92351761e+01 3.00000048e+00
   vertex 7.66797562e+01 6.93413696e+01 3.00000429e+00
   vertex 7.20567245e+01 7.21975861e+01 3.00000048e+00
  endloop
 endfacet
 facet normal 4.82673347e-01 -1.50025010e-01 8.62855077e-01
  outer loop
   vertex 7.66797562e+01 6.93413696e+01 3.00000429e+00
   vertex 7.77819977e+01 7.28875809e+01 3.00000429e+00
   vertex 7.20567245e+01 7.21975861e+01 3.00000048e+00
  endloop
 endfacet
 facet normal 2.41336629e-01 -7.50124827e-02 9.67537999e-01
  outer loop
   vertex 7.20567245e+01 7.21975861e+01 3.00000048e+00
   vertex 7.77819977e+01 7.28875809e+01 3.00000429e+00
   vertex 7.34571762e+01 7.52204666e+01 3.00000048e+00
  endloop
 endfacet
 facet normal 4.82673824e-01 -1.50025234e-01 8.62854838e-01
  outer loop
   vertex 7.77819977e+01 7.28875809e+01 3.00000429e+00
   vertex 7.88740463e+01 7.64010086e+01 3.00000429e+00
   vertex 7.34571762e+01 7.52204666e+01 3.00000048e+00
  endloop
 endfacet
 facet normal 2.41336793e-01 -7.50125870e-02 9.67537940e-01
  outer loop
   vertex 7.34571762e+01 7.52204666e+01 3.00000048e+00
   vertex 7.88740463e+01 7.64010086e+01 3.00000429e+00
   vertex 7.47314911e+01 7.82986450e+01 3.00000048e+00
  endloop
 endfacet
 facet normal 4.82673407e-01 -1.50025085e-01 8.62855077e-01
  outer loop
   vertex 7.88740463e+01 7.64010086e+01 3.00000429e+00
   vertex 7.99597321e+01 7.98939743e+01 3.00000429e+00
   vertex 7.47314911e+01 7.82986450e+01 3.00000048e+00
  endloop
 endfacet
 facet normal 2.41336212e-01 -7.50123337e-02 9.67538118e-01
  outer loop
   vertex 7.47314911e+01 7.82986450e+01 3.00000048e+00
   vertex 7.99597321e+01 7.98939743e+01 3.00000429e+00
   vertex 7.58774872e+01 8.14268646e+01 3.00000048e+00
  endloop
 endfacet
 facet normal 4.82672542e-01 -1.50024787e-01 8.62855613e-01
  outer loop
   vertex 7.99597321e+01 7.98939743e+01 3.00000429e+00
   vertex 8.10428009e+01 8.33785248e+01 3.00000429e+00
   vertex 7.58774872e+01 8.14268646e+01 3.00000048e+00
  endloop
 endfacet
 facet normal 2.41335899e-01 -7.50123113e-02 9.67538178e-01
  outer loop
   vertex 7.58774872e+01 8.14268646e+01 3.00000048e+00
   vertex 8.10428009e+01 8.33785248e+01 3.00000429e+00
   vertex 7.68932190e+01 8.45997772e+01 3.00000048e+00
  endloop
 endfacet
 facet normal 5.64954162e-01 3.47725391e-01 7.48273909e-01
  outer loop
   vertex 8.21269684e+01 8.68666000e+01 3.00000429e+00
   vertex 7.77769318e+01 8.78119583e+01 3.00000048e+00
   vertex 8.10428009e+01 8.33785248e+01 3.00000429e+00
  endloop
 endfacet
 facet normal 3.03530127e-01 1.95800602e-01 9.32486773e-01
  outer loop
   vertex 8.10428009e+01 8.33785248e+01 3.00000429e+00
   vertex 7.77769318e+01 8.78119583e+01 3.00000048e+00
   vertex 7.68932190e+01 8.45997772e+01 3.00000048e+00
  endloop
 endfacet
 facet normal 5.64962506e-01 3.47720057e-01 -7.48270094e-01
  outer loop
   vertex 8.21269531e+01 8.68666000e+01 4.29153442e-06
   vertex 8.10427856e+01 8.33785324e+01 4.29153442e-06
   vertex 7.77769318e+01 8.78119583e+01 4.76837158e-07
  endloop
 endfacet
 facet normal 3.03543150e-01 1.95797071e-01 -9.32483256e-01
  outer loop
   vertex 7.77769318e+01 8.78119583e+01 4.76837158e-07
   vertex 8.10427856e+01 8.33785324e+01 4.29153442e-06
   vertex 7.68932190e+01 8.45997772e+01 4.76837158e-07
  endloop
 endfacet
 facet normal 4.82670546e-01 -1.50024131e-01 -8.62856805e-01
  outer loop
   vertex 7.99597168e+01 7.98939819e+01 4.29153442e-06
   vertex 7.58774872e+01 8.14268646e+01 4.76837158e-07
   vertex 8.10427856e+01 8.33785324e+01 4.29153442e-06
  endloop
 endfacet
 facet normal 2.41335496e-01 -7.50121474e-02 -9.67538297e-01
  outer loop
   vertex 8.10427856e+01 8.33785324e+01 4.29153442e-06
   vertex 7.58774872e+01 8.14268646e+01 4.76837158e-07
   vertex 7.68932190e+01 8.45997772e+01 4.76837158e-07
  endloop
 endfacet
 facet normal 4.82669771e-01 -1.50023952e-01 -8.62857282e-01
  outer loop
   vertex 7.88740234e+01 7.64010162e+01 4.29153442e-06
   vertex 7.47314911e+01 7.82986450e+01 4.76837158e-07
   vertex 7.99597168e+01 7.98939819e+01 4.29153442e-06
  endloop
 endfacet
 facet normal 2.41335481e-01 -7.50121027e-02 -9.67538297e-01
  outer loop
   vertex 7.99597168e+01 7.98939819e+01 4.29153442e-06
   vertex 7.47314911e+01 7.82986450e+01 4.76837158e-07
   vertex 7.58774872e+01 8.14268646e+01 4.76837158e-07
  endloop
 endfacet
 facet normal 4.82669175e-01 -1.50023818e-01 -8.62857640e-01
  outer loop
   vertex 7.77819748e+01 7.28875961e+01 4.29153442e-06
   vertex 7.34571762e+01 7.52204666e+01 4.76837158e-07
   vertex 7.88740234e+01 7.64010162e+01 4.29153442e-06
  endloop
 endfacet
 facet normal 2.41334721e-01 -7.50119537e-02 -9.67538476e-01
  outer loop
   vertex 7.88740234e+01 7.64010162e+01 4.29153442e-06
   vertex 7.34571762e+01 7.52204666e+01 4.76837158e-07
   vertex 7.47314911e+01 7.82986450e+01 4.76837158e-07
  endloop
 endfacet
 facet normal 4.82669652e-01 -1.50023893e-01 -8.62857342e-01
  outer loop
   vertex 7.66797409e+01 6.93413773e+01 4.29153442e-06
   vertex 7.20567245e+01 7.21975861e+01 4.76837158e-07
   vertex 7.77819748e+01 7.28875961e+01 4.29153442e-06
  endloop
 endfacet
 facet normal 2.41334841e-01 -7.50119537e-02 -9.67538476e-01
  outer loop
   vertex 7.77819748e+01 7.28875961e+01 4.29153442e-06
   vertex 7.20567245e+01 7.21975861e+01 4.76837158e-07
   vertex 7.34571762e+01 7.52204666e+01 4.76837158e-07
  endloop
 endfacet
 facet normal 4.82820809e-01 -1.52991250e-01 -8.62251580e-01
  outer loop
   vertex 7.55633316e+01 6.57495804e+01 4.29153442e-06
   vertex 7.05325241e+01 6.92351761e+01 4.76837158e-07
   vertex 7.66797409e+01 6.93413773e+01 4.29153442e-06
  endloop
 endfacet
 facet normal 2.41335183e-01 -7.50120208e-02 -9.67538357e-01
  outer loop
   vertex 7.66797409e+01 6.93413773e+01 4.29153442e-06
   vertex 7.05325241e+01 6.92351761e+01 4.76837158e-07
   vertex 7.20567245e+01 7.21975861e+01 4.76837158e-07
  endloop
 endfacet
 facet normal 7.76972592e-01 8.31851363e-02 -6.24014318e-01
  outer loop
   vertex 7.44598618e+01 6.24566040e+01 4.29153442e-06
   vertex 6.88871918e+01 6.63382874e+01 4.76837158e-07
   vertex 7.55633316e+01 6.57495804e+01 4.29153442e-06
  endloop
 endfacet
 facet normal 2.41483748e-01 -7.79796615e-02 -9.67266619e-01
  outer loop
   vertex 7.55633316e+01 6.57495804e+01 4.29153442e-06
   vertex 6.88871918e+01 6.63382874e+01 4.76837158e-07
   vertex 7.05325241e+01 6.92351761e+01 4.76837158e-07
  endloop
 endfacet
 facet normal -3.18068653e-01 4.79997136e-02 -9.46851790e-01
  outer loop
   vertex 8.34828339e+01 6.62316360e+01 4.76837158e-07
   vertex 9.63077850e+01 6.03475647e+01 4.76837158e-07
   vertex 8.22818909e+01 6.23678741e+01 4.76837158e-07
  endloop
 endfacet
 facet normal 2.63836533e-01 -1.97233528e-01 -9.44187045e-01
  outer loop
   vertex 8.22818909e+01 6.23678741e+01 4.76837158e-07
   vertex 9.63077850e+01 6.03475647e+01 4.76837158e-07
   vertex 9.42730789e+01 5.63929291e+01 4.76837158e-07
  endloop
 endfacet
 facet normal -3.12880695e-01 6.00073077e-02 -9.47894931e-01
  outer loop
   vertex 8.46685257e+01 7.00463562e+01 4.76837158e-07
   vertex 9.81772995e+01 6.43829041e+01 4.76837158e-07
   vertex 8.34828339e+01 6.62316360e+01 4.76837158e-07
  endloop
 endfacet
 facet normal 2.75732815e-01 -1.73824638e-01 -9.45386887e-01
  outer loop
   vertex 8.34828339e+01 6.62316360e+01 4.76837158e-07
   vertex 9.81772995e+01 6.43829041e+01 4.76837158e-07
   vertex 9.63077850e+01 6.03475647e+01 4.76837158e-07
  endloop
 endfacet
 facet normal -3.08075130e-01 7.22367838e-02 -9.48615611e-01
  outer loop
   vertex 8.58432617e+01 7.38258057e+01 4.76837158e-07
   vertex 9.98784256e+01 6.84920731e+01 4.76837158e-07
   vertex 8.46685257e+01 7.00463562e+01 4.76837158e-07
  endloop
 endfacet
 facet normal 2.86573201e-01 -1.49845839e-01 -9.46267426e-01
  outer loop
   vertex 8.46685257e+01 7.00463562e+01 4.76837158e-07
   vertex 9.98784256e+01 6.84920731e+01 4.76837158e-07
   vertex 9.81772995e+01 6.43829041e+01 4.76837158e-07
  endloop
 endfacet
 facet normal -3.03666145e-01 8.46533254e-02 -9.49010372e-01
  outer loop
   vertex 8.70111618e+01 7.75832520e+01 4.76837158e-07
   vertex 1.01408257e+02 7.26680450e+01 4.76837158e-07
   vertex 8.58432617e+01 7.38258057e+01 4.76837158e-07
  endloop
 endfacet
 facet normal 2.96323925e-01 -1.25362054e-01 -9.46824431e-01
  outer loop
   vertex 8.58432617e+01 7.38258057e+01 4.76837158e-07
   vertex 1.01408257e+02 7.26680450e+01 4.76837158e-07
   vertex 9.98784256e+01 6.84920731e+01 4.76837158e-07
  endloop
 endfacet
 facet normal -2.99665749e-01 9.72230881e-02 -9.49077487e-01
  outer loop
   vertex 8.81762390e+01 8.13316422e+01 4.76837158e-07
   vertex 1.02764183e+02 7.69036713e+01 4.76837158e-07
   vertex 8.70111618e+01 7.75832520e+01 4.76837158e-07
  endloop
 endfacet
 facet normal 3.04956347e-01 -1.00440308e-01 -9.47055101e-01
  outer loop
   vertex 8.70111618e+01 7.75832520e+01 4.76837158e-07
   vertex 1.02764183e+02 7.69036713e+01 4.76837158e-07
   vertex 1.01408257e+02 7.26680450e+01 4.76837158e-07
  endloop
 endfacet
 facet normal -2.99665600e-01 9.72232223e-02 -9.49077547e-01
  outer loop
   vertex 8.81762390e+01 8.13316422e+01 4.76837158e-07
   vertex 8.93424988e+01 8.50838242e+01 4.76837158e-07
   vertex 1.02764183e+02 7.69036713e+01 4.76837158e-07
  endloop
 endfacet
 facet normal 3.12446326e-01 -7.51476437e-02 -9.46958363e-01
  outer loop
   vertex 1.02764183e+02 7.69036713e+01 4.76837158e-07
   vertex 8.93424988e+01 8.50838242e+01 4.76837158e-07
   vertex 1.03943886e+02 8.11917267e+01 4.76837158e-07
  endloop
 endfacet
 facet normal -2.96084464e-01 1.09912477e-01 -9.48816776e-01
  outer loop
   vertex 8.93424988e+01 8.50838242e+01 4.76837158e-07
   vertex 9.05139465e+01 8.88526917e+01 4.76837158e-07
   vertex 1.03943886e+02 8.11917267e+01 4.76837158e-07
  endloop
 endfacet
 facet normal 3.18773508e-01 -4.95538302e-02 -9.46534693e-01
  outer loop
   vertex 1.03943886e+02 8.11917267e+01 4.76837158e-07
   vertex 9.05139465e+01 8.88526917e+01 4.76837158e-07
   vertex 1.04945351e+02 8.55248795e+01 4.76837158e-07
  endloop
 endfacet
 facet normal -2.92932302e-01 1.22686148e-01 -9.48229253e-01
  outer loop
   vertex 9.05139465e+01 8.88526917e+01 4.76837158e-07
   vertex 9.16946487e+01 9.26513443e+01 4.76837158e-07
   vertex 1.04945351e+02 8.55248795e+01 4.76837158e-07
  endloop
 endfacet
 facet normal 3.23922127e-01 -2.37290822e-02 -9.45786119e-01
  outer loop
   vertex 1.04945351e+02 8.55248795e+01 4.76837158e-07
   vertex 9.16946487e+01 9.26513443e+01 4.76837158e-07
   vertex 1.05766853e+02 8.98957138e+01 4.76837158e-07
  endloop
 endfacet
 facet normal -2.90218025e-01 1.35509461e-01 -9.47317600e-01
  outer loop
   vertex 9.16946487e+01 9.26513443e+01 4.76837158e-07
   vertex 9.28888245e+01 9.64933395e+01 4.76837158e-07
   vertex 1.05766853e+02 8.98957138e+01 4.76837158e-07
  endloop
 endfacet
 facet normal 3.27880889e-01 2.25494872e-03 -9.44716394e-01
  outer loop
   vertex 1.05766853e+02 8.98957138e+01 4.76837158e-07
   vertex 9.28888245e+01 9.64933395e+01 4.76837158e-07
   vertex 1.06407005e+02 9.42967758e+01 4.76837158e-07
  endloop
 endfacet
 facet normal -2.87947893e-01 1.48346901e-01 -9.46086287e-01
  outer loop
   vertex 9.28888245e+01 9.64933395e+01 4.76837158e-07
   vertex 9.41008682e+01 1.00392807e+02 4.76837158e-07
   vertex 1.06407005e+02 9.42967758e+01 4.76837158e-07
  endloop
 endfacet
 facet normal 3.51646900e-01 1.44176677e-01 -9.24963534e-01
  outer loop
   vertex 1.06407005e+02 9.42967758e+01 4.76837158e-07
   vertex 9.41008682e+01 1.00392807e+02 4.76837158e-07
   vertex 1.06864708e+02 9.87205353e+01 4.76837158e-07
  endloop
 endfacet
 facet normal -2.68080477e-02 5.44873595e-01 -8.38089585e-01
  outer loop
   vertex 9.41008682e+01 1.00392807e+02 4.76837158e-07
   vertex 9.76189117e+01 1.11711349e+02 4.76837158e-07
   vertex 1.06864708e+02 9.87205353e+01 4.76837158e-07
  endloop
 endfacet
 facet normal 2.40156978e-01 9.17816043e-01 -3.16130251e-01
  outer loop
   vertex 9.76189117e+01 1.11711349e+02 4.76837158e-07
   vertex 9.76189270e+01 1.11711319e+02 3.00000048e+00
   vertex 1.06864708e+02 9.87205353e+01 4.76837158e-07
  endloop
 endfacet
 facet normal 7.13547349e-01 6.38384163e-01 2.88644820e-01
  outer loop
   vertex 1.06864708e+02 9.87205353e+01 4.76837158e-07
   vertex 9.76189270e+01 1.11711319e+02 3.00000048e+00
   vertex 1.06864708e+02 9.87205353e+01 3.00000048e+00
  endloop
 endfacet
 facet normal -2.68048104e-02 5.44869125e-01 8.38092566e-01
  outer loop
   vertex 9.76189270e+01 1.11711319e+02 3.00000048e+00
   vertex 9.41008911e+01 1.00392807e+02 3.00000048e+00
   vertex 1.06864708e+02 9.87205353e+01 3.00000048e+00
  endloop
 endfacet
 facet normal -2.87943989e-01 1.48345590e-01 9.46087658e-01
  outer loop
   vertex 9.28888474e+01 9.64933395e+01 3.00000048e+00
   vertex 1.06407005e+02 9.42967758e+01 3.00000048e+00
   vertex 9.41008911e+01 1.00392807e+02 3.00000048e+00
  endloop
 endfacet
 facet normal 3.51647317e-01 1.44175664e-01 9.24963534e-01
  outer loop
   vertex 9.41008911e+01 1.00392807e+02 3.00000048e+00
   vertex 1.06407005e+02 9.42967758e+01 3.00000048e+00
   vertex 1.06864708e+02 9.87205353e+01 3.00000048e+00
  endloop
 endfacet
 facet normal -2.90214390e-01 1.35508254e-01 9.47318912e-01
  outer loop
   vertex 9.16946716e+01 9.26513443e+01 3.00000048e+00
   vertex 1.05766853e+02 8.98957138e+01 3.00000048e+00
   vertex 9.28888474e+01 9.64933395e+01 3.00000048e+00
  endloop
 endfacet
 facet normal 3.27881783e-01 2.25448841e-03 9.44716096e-01
  outer loop
   vertex 9.28888474e+01 9.64933395e+01 3.00000048e+00
   vertex 1.05766853e+02 8.98957138e+01 3.00000048e+00
   vertex 1.06407005e+02 9.42967758e+01 3.00000048e+00
  endloop
 endfacet
 facet normal -2.92927653e-01 1.22684628e-01 9.48230922e-01
  outer loop
   vertex 9.05139694e+01 8.88526840e+01 3.00000048e+00
   vertex 1.04945351e+02 8.55248795e+01 3.00000048e+00
   vertex 9.16946716e+01 9.26513443e+01 3.00000048e+00
  endloop
 endfacet
 facet normal 3.23923051e-01 -2.37295050e-02 9.45785820e-01
  outer loop
   vertex 9.16946716e+01 9.26513443e+01 3.00000048e+00
   vertex 1.04945351e+02 8.55248795e+01 3.00000048e+00
   vertex 1.05766853e+02 8.98957138e+01 3.00000048e+00
  endloop
 endfacet
 facet normal -2.96078414e-01 1.09910458e-01 9.48818862e-01
  outer loop
   vertex 8.93425217e+01 8.50838242e+01 3.00000048e+00
   vertex 1.03943886e+02 8.11917267e+01 3.00000048e+00
   vertex 9.05139694e+01 8.88526840e+01 3.00000048e+00
  endloop
 endfacet
 facet normal 3.18774939e-01 -4.95544598e-02 9.46534157e-01
  outer loop
   vertex 9.05139694e+01 8.88526840e+01 3.00000048e+00
   vertex 1.03943886e+02 8.11917267e+01 3.00000048e+00
   vertex 1.04945351e+02 8.55248795e+01 3.00000048e+00
  endloop
 endfacet
 facet normal -2.99659133e-01 9.72210914e-02 9.49079812e-01
  outer loop
   vertex 8.81762619e+01 8.13316422e+01 3.00000048e+00
   vertex 1.02764183e+02 7.69036713e+01 3.00000048e+00
   vertex 8.93425217e+01 8.50838242e+01 3.00000048e+00
  endloop
 endfacet
 facet normal 3.12447906e-01 -7.51483291e-02 9.46957767e-01
  outer loop
   vertex 8.93425217e+01 8.50838242e+01 3.00000048e+00
   vertex 1.02764183e+02 7.69036713e+01 3.00000048e+00
   vertex 1.03943886e+02 8.11917267e+01 3.00000048e+00
  endloop
 endfacet
 facet normal -2.99658686e-01 9.72208306e-02 9.49079990e-01
  outer loop
   vertex 8.81762619e+01 8.13316422e+01 3.00000048e+00
   vertex 8.70111847e+01 7.75832443e+01 3.00000048e+00
   vertex 1.02764183e+02 7.69036713e+01 3.00000048e+00
  endloop
 endfacet
 facet normal 3.04958224e-01 -1.00440867e-01 9.47054446e-01
  outer loop
   vertex 1.02764183e+02 7.69036713e+01 3.00000048e+00
   vertex 8.70111847e+01 7.75832443e+01 3.00000048e+00
   vertex 1.01408257e+02 7.26680450e+01 3.00000048e+00
  endloop
 endfacet
 facet normal -3.03659171e-01 8.46512616e-02 9.49012756e-01
  outer loop
   vertex 8.70111847e+01 7.75832443e+01 3.00000048e+00
   vertex 8.58432846e+01 7.38257980e+01 3.00000048e+00
   vertex 1.01408257e+02 7.26680450e+01 3.00000048e+00
  endloop
 endfacet
 facet normal 2.96325535e-01 -1.25362366e-01 9.46823895e-01
  outer loop
   vertex 1.01408257e+02 7.26680450e+01 3.00000048e+00
   vertex 8.58432846e+01 7.38257980e+01 3.00000048e+00
   vertex 9.98784256e+01 6.84920731e+01 3.00000048e+00
  endloop
 endfacet
 facet normal -3.08069199e-01 7.22350478e-02 9.48617637e-01
  outer loop
   vertex 8.58432846e+01 7.38257980e+01 3.00000048e+00
   vertex 8.46685486e+01 7.00463486e+01 3.00000048e+00
   vertex 9.98784256e+01 6.84920731e+01 3.00000048e+00
  endloop
 endfacet
 facet normal 2.86574662e-01 -1.49846122e-01 9.46266949e-01
  outer loop
   vertex 9.98784256e+01 6.84920731e+01 3.00000048e+00
   vertex 8.46685486e+01 7.00463486e+01 3.00000048e+00
   vertex 9.81772995e+01 6.43829041e+01 3.00000048e+00
  endloop
 endfacet
 facet normal -3.12875360e-01 6.00057244e-02 9.47896779e-01
  outer loop
   vertex 8.46685486e+01 7.00463486e+01 3.00000048e+00
   vertex 8.34828491e+01 6.62316284e+01 3.00000048e+00
   vertex 9.81772995e+01 6.43829041e+01 3.00000048e+00
  endloop
 endfacet
 facet normal 2.75734186e-01 -1.73824832e-01 9.45386469e-01
  outer loop
   vertex 9.81772995e+01 6.43829041e+01 3.00000048e+00
   vertex 8.34828491e+01 6.62316284e+01 3.00000048e+00
   vertex 9.63077850e+01 6.03475647e+01 3.00000048e+00
  endloop
 endfacet
 facet normal -3.18063140e-01 4.79981489e-02 9.46853757e-01
  outer loop
   vertex 8.34828491e+01 6.62316284e+01 3.00000048e+00
   vertex 8.22819138e+01 6.23678589e+01 3.00000048e+00
   vertex 9.63077850e+01 6.03475647e+01 3.00000048e+00
  endloop
 endfacet
 facet normal 2.63838142e-01 -1.97233647e-01 9.44186568e-01
  outer loop
   vertex 9.63077850e+01 6.03475647e+01 3.00000048e+00
   vertex 8.22819138e+01 6.23678589e+01 3.00000048e+00
   vertex 9.42730789e+01 5.63929291e+01 3.00000048e+00
  endloop
 endfacet
 facet normal -9.05929863e-01 2.81582475e-01 3.16231519e-01
  outer loop
   vertex 8.34828491e+01 6.62316284e+01 3.00000048e+00
   vertex 8.34828339e+01 6.62316360e+01 4.76837158e-07
   vertex 8.22819138e+01 6.23678589e+01 3.00000048e+00
  endloop
 endfacet
 facet normal -9.05931950e-01 2.81583965e-01 -3.16224217e-01
  outer loop
   vertex 8.22819138e+01 6.23678589e+01 3.00000048e+00
   vertex 8.34828339e+01 6.62316360e+01 4.76837158e-07
   vertex 8.22818909e+01 6.23678741e+01 4.76837158e-07
  endloop
 endfacet
 facet normal -9.05930102e-01 2.81582147e-01 3.16231191e-01
  outer loop
   vertex 8.46685486e+01 7.00463486e+01 3.00000048e+00
   vertex 8.46685257e+01 7.00463562e+01 4.76837158e-07
   vertex 8.34828491e+01 6.62316284e+01 3.00000048e+00
  endloop
 endfacet
 facet normal -9.05932367e-01 2.81582624e-01 -3.16224277e-01
  outer loop
   vertex 8.34828491e+01 6.62316284e+01 3.00000048e+00
   vertex 8.46685257e+01 7.00463562e+01 4.76837158e-07
   vertex 8.34828339e+01 6.62316360e+01 4.76837158e-07
  endloop
 endfacet
 facet normal -9.05929804e-01 2.81582624e-01 3.16231519e-01
  outer loop
   vertex 8.46685486e+01 7.00463486e+01 3.00000048e+00
   vertex 8.58432846e+01 7.38257980e+01 3.00000048e+00
   vertex 8.46685257e+01 7.00463562e+01 4.76837158e-07
  endloop
 endfacet
 facet normal -9.05932188e-01 2.81583667e-01 -3.16223800e-01
  outer loop
   vertex 8.46685257e+01 7.00463562e+01 4.76837158e-07
   vertex 8.58432846e+01 7.38257980e+01 3.00000048e+00
   vertex 8.58432617e+01 7.38258057e+01 4.76837158e-07
  endloop
 endfacet
 facet normal -9.05932307e-01 2.81583786e-01 -3.16223443e-01
  outer loop
   vertex 8.58432617e+01 7.38258057e+01 4.76837158e-07
   vertex 8.58432846e+01 7.38257980e+01 3.00000048e+00
   vertex 8.70111618e+01 7.75832520e+01 4.76837158e-07
  endloop
 endfacet
 facet normal -9.05929506e-01 2.81582683e-01 3.16232413e-01
  outer loop
   vertex 8.70111618e+01 7.75832520e+01 4.76837158e-07
   vertex 8.58432846e+01 7.38257980e+01 3.00000048e+00
   vertex 8.70111847e+01 7.75832443e+01 3.00000048e+00
  endloop
 endfacet
 facet normal -9.05932546e-01 2.81583339e-01 -3.16223055e-01
  outer loop
   vertex 8.70111618e+01 7.75832520e+01 4.76837158e-07
   vertex 8.70111847e+01 7.75832443e+01 3.00000048e+00
   vertex 8.81762390e+01 8.13316422e+01 4.76837158e-07
  endloop
 endfacet
 facet normal -9.05929625e-01 2.81582326e-01 3.16232413e-01
  outer loop
   vertex 8.81762390e+01 8.13316422e+01 4.76837158e-07
   vertex 8.70111847e+01 7.75832443e+01 3.00000048e+00
   vertex 8.81762619e+01 8.13316422e+01 3.00000048e+00
  endloop
 endfacet
 facet normal -9.05932426e-01 2.81583369e-01 -3.16223413e-01
  outer loop
   vertex 8.81762390e+01 8.13316422e+01 4.76837158e-07
   vertex 8.81762619e+01 8.13316422e+01 3.00000048e+00
   vertex 8.93424988e+01 8.50838242e+01 4.76837158e-07
  endloop
 endfacet
 facet normal -9.05929685e-01 2.81582713e-01 3.16231877e-01
  outer loop
   vertex 8.93424988e+01 8.50838242e+01 4.76837158e-07
   vertex 8.81762619e+01 8.13316422e+01 3.00000048e+00
   vertex 8.93425217e+01 8.50838242e+01 3.00000048e+00
  endloop
 endfacet
 facet normal -9.05932188e-01 2.81583607e-01 -3.16223830e-01
  outer loop
   vertex 8.93424988e+01 8.50838242e+01 4.76837158e-07
   vertex 8.93425217e+01 8.50838242e+01 3.00000048e+00
   vertex 9.05139465e+01 8.88526917e+01 4.76837158e-07
  endloop
 endfacet
 facet normal -9.05929744e-01 2.81582683e-01 3.16231668e-01
  outer loop
   vertex 9.05139465e+01 8.88526917e+01 4.76837158e-07
   vertex 8.93425217e+01 8.50838242e+01 3.00000048e+00
   vertex 9.05139694e+01 8.88526840e+01 3.00000048e+00
  endloop
 endfacet
 facet normal -9.05932069e-01 2.81583250e-01 -3.16224575e-01
  outer loop
   vertex 9.05139465e+01 8.88526917e+01 4.76837158e-07
   vertex 9.05139694e+01 8.88526840e+01 3.00000048e+00
   vertex 9.16946487e+01 9.26513443e+01 4.76837158e-07
  endloop
 endfacet
 facet normal -9.05930102e-01 2.81582654e-01 3.16230744e-01
  outer loop
   vertex 9.16946487e+01 9.26513443e+01 4.76837158e-07
   vertex 9.05139694e+01 8.88526840e+01 3.00000048e+00
   vertex 9.16946716e+01 9.26513443e+01 3.00000048e+00
  endloop
 endfacet
 facet normal -9.05931771e-01 2.81583369e-01 -3.16225290e-01
  outer loop
   vertex 9.16946487e+01 9.26513443e+01 4.76837158e-07
   vertex 9.16946716e+01 9.26513443e+01 3.00000048e+00
   vertex 9.28888245e+01 9.64933395e+01 4.76837158e-07
  endloop
 endfacet
 facet normal -9.05930161e-01 2.81583071e-01 3.16230088e-01
  outer loop
   vertex 9.28888245e+01 9.64933395e+01 4.76837158e-07
   vertex 9.16946716e+01 9.26513443e+01 3.00000048e+00
   vertex 9.28888474e+01 9.64933395e+01 3.00000048e+00
  endloop
 endfacet
 facet normal -9.05931711e-01 2.81583637e-01 -3.16225260e-01
  outer loop
   vertex 9.28888245e+01 9.64933395e+01 4.76837158e-07
   vertex 9.28888474e+01 9.64933395e+01 3.00000048e+00
   vertex 9.41008682e+01 1.00392807e+02 4.76837158e-07
  endloop
 endfacet
 facet normal -9.05930102e-01 2.81583041e-01 3.16230357e-01
  outer loop
   vertex 9.41008682e+01 1.00392807e+02 4.76837158e-07
   vertex 9.28888474e+01 9.64933395e+01 3.00000048e+00
   vertex 9.41008911e+01 1.00392807e+02 3.00000048e+00
  endloop
 endfacet
 facet normal -7.36744821e-01 6.18313313e-01 -2.73670793e-01
  outer loop
   vertex 9.41008682e+01 1.00392807e+02 4.76837158e-07
   vertex 9.41008911e+01 1.00392807e+02 3.00000048e+00
   vertex 9.76189117e+01 1.11711349e+02 4.76837158e-07
  endloop
 endfacet
 facet normal -4.26982641e-01 8.45149040e-01 3.21572542e-01
  outer loop
   vertex 9.76189117e+01 1.11711349e+02 4.76837158e-07
   vertex 9.41008911e+01 1.00392807e+02 3.00000048e+00
   vertex 9.76189270e+01 1.11711319e+02 3.00000048e+00
  endloop
 endfacet
 facet normal 9.63385165e-01 -3.28512094e-03 2.68101215e-01
  outer loop
   vertex 8.10428009e+01 8.33785248e+01 3.00000429e+00
   vertex 8.10427856e+01 8.33785324e+01 4.29153442e-06
   vertex 8.21269684e+01 8.68666000e+01 3.00000429e+00
  endloop
 endfacet
 facet normal 9.12514269e-01 2.68585175e-01 -3.08512151e-01
  outer loop
   vertex 8.21269684e+01 8.68666000e+01 3.00000429e+00
   vertex 8.10427856e+01 8.33785324e+01 4.29153442e-06
   vertex 8.21269531e+01 8.68666000e+01 4.29153442e-06
  endloop
 endfacet
 facet normal 9.05931771e-01 -2.81582624e-01 3.16225886e-01
  outer loop
   vertex 7.99597321e+01 7.98939743e+01 3.00000429e+00
   vertex 7.99597168e+01 7.98939819e+01 4.29153442e-06
   vertex 8.10428009e+01 8.33785248e+01 3.00000429e+00
  endloop
 endfacet
 facet normal 9.05930638e-01 -2.81582296e-01 -3.16229552e-01
  outer loop
   vertex 8.10428009e+01 8.33785248e+01 3.00000429e+00
   vertex 7.99597168e+01 7.98939819e+01 4.29153442e-06
   vertex 8.10427856e+01 8.33785324e+01 4.29153442e-06
  endloop
 endfacet
 facet normal 9.05932248e-01 -2.81582952e-01 3.16224247e-01
  outer loop
   vertex 7.88740463e+01 7.64010086e+01 3.00000429e+00
   vertex 7.88740234e+01 7.64010162e+01 4.29153442e-06
   vertex 7.99597321e+01 7.98939743e+01 3.00000429e+00
  endloop
 endfacet
 facet normal 9.05930221e-01 -2.81582206e-01 -3.16230714e-01
  outer loop
   vertex 7.99597321e+01 7.98939743e+01 3.00000429e+00
   vertex 7.88740234e+01 7.64010162e+01 4.29153442e-06
   vertex 7.99597168e+01 7.98939819e+01 4.29153442e-06
  endloop
 endfacet
 facet normal 9.05932426e-01 -2.81582981e-01 3.16223800e-01
  outer loop
   vertex 7.77819977e+01 7.28875809e+01 3.00000429e+00
   vertex 7.77819748e+01 7.28875961e+01 4.29153442e-06
   vertex 7.88740463e+01 7.64010086e+01 3.00000429e+00
  endloop
 endfacet
 facet normal 9.05929804e-01 -2.81582266e-01 -3.16231877e-01
  outer loop
   vertex 7.88740463e+01 7.64010086e+01 3.00000429e+00
   vertex 7.77819748e+01 7.28875961e+01 4.29153442e-06
   vertex 7.88740234e+01 7.64010162e+01 4.29153442e-06
  endloop
 endfacet
 facet normal 9.05932188e-01 -2.81582713e-01 3.16224694e-01
  outer loop
   vertex 7.66797562e+01 6.93413696e+01 3.00000429e+00
   vertex 7.66797409e+01 6.93413773e+01 4.29153442e-06
   vertex 7.77819977e+01 7.28875809e+01 3.00000429e+00
  endloop
 endfacet
 facet normal 9.05930102e-01 -2.81582147e-01 -3.16231132e-01
  outer loop
   vertex 7.77819977e+01 7.28875809e+01 3.00000429e+00
   vertex 7.66797409e+01 6.93413773e+01 4.29153442e-06
   vertex 7.77819748e+01 7.28875961e+01 4.29153442e-06
  endloop
 endfacet
 facet normal 9.05309796e-01 -2.85039872e-01 3.14907014e-01
  outer loop
   vertex 7.66797562e+01 6.93413696e+01 3.00000429e+00
   vertex 7.55633545e+01 6.57495651e+01 3.00000429e+00
   vertex 7.66797409e+01 6.93413773e+01 4.29153442e-06
  endloop
 endfacet
 facet normal 9.04047310e-01 -2.88287938e-01 -3.15576524e-01
  outer loop
   vertex 7.66797409e+01 6.93413773e+01 4.29153442e-06
   vertex 7.55633545e+01 6.57495651e+01 3.00000429e+00
   vertex 7.55633316e+01 6.57495804e+01 4.29153442e-06
  endloop
 endfacet
 facet normal 9.63155627e-01 -3.13494802e-02 2.67111391e-01
  outer loop
   vertex 7.55633316e+01 6.57495804e+01 4.29153442e-06
   vertex 7.55633545e+01 6.57495651e+01 3.00000429e+00
   vertex 7.44598618e+01 6.24566040e+01 4.29153442e-06
  endloop
 endfacet
 facet normal 9.25214887e-01 2.24957407e-01 3.05567622e-01
  outer loop
   vertex 7.44598618e+01 6.24566040e+01 4.29153442e-06
   vertex 7.55633545e+01 6.57495651e+01 3.00000429e+00
   vertex 7.44598618e+01 6.24566040e+01 3.00000429e+00
  endloop
 endfacet
 facet normal 7.76977122e-01 8.31788331e-02 6.24009430e-01
  outer loop
   vertex 7.44598618e+01 6.24566040e+01 3.00000429e+00
   vertex 7.55633545e+01 6.57495651e+01 3.00000429e+00
   vertex 6.88871918e+01 6.63382874e+01 3.00000048e+00
  endloop
 endfacet
 facet normal 2.41485372e-01 -7.79800937e-02 9.67266202e-01
  outer loop
   vertex 6.88871918e+01 6.63382874e+01 3.00000048e+00
   vertex 7.55633545e+01 6.57495651e+01 3.00000429e+00
   vertex 7.05325241e+01 6.92351761e+01 3.00000048e+00
  endloop
 endfacet
 facet normal 7.59938002e-01 6.39711320e-01 1.15168072e-01
  outer loop
   vertex 8.45322266e+01 5.67786865e+01 3.00000191e+00
   vertex 8.46280136e+01 5.69624786e+01 3.00000048e+00
   vertex 7.44598618e+01 6.24566040e+01 3.00000429e+00
  endloop
 endfacet
 facet normal 9.13257420e-01 -1.31325856e-01 3.85635108e-01
  outer loop
   vertex 8.46280136e+01 5.69624786e+01 3.00000048e+00
   vertex 8.50006027e+01 5.76774445e+01 3.00000048e+00
   vertex 7.44598618e+01 6.24566040e+01 3.00000429e+00
  endloop
 endfacet
 facet normal 7.20564485e-01 2.59288996e-01 6.43083274e-01
  outer loop
   vertex 8.50006027e+01 5.76774445e+01 3.00000048e+00
   vertex 8.15947266e+01 6.01570587e+01 3.00000048e+00
   vertex 7.44598618e+01 6.24566040e+01 3.00000429e+00
  endloop
 endfacet
 facet normal -2.59325922e-01 8.86209667e-01 -3.83904278e-01
  outer loop
   vertex 8.45322266e+01 5.67786865e+01 3.00000191e+00
   vertex 7.44598618e+01 6.24566040e+01 3.00000429e+00
   vertex 8.46280136e+01 5.69624786e+01 3.00000048e+00
  endloop
 endfacet
 facet normal -1.93868071e-01 -2.33220637e-01 9.52902555e-01
  outer loop
   vertex 8.46280136e+01 5.69624786e+01 3.00000048e+00
   vertex 7.44598618e+01 6.24566040e+01 3.00000429e+00
   vertex 6.88871918e+01 6.63382874e+01 3.00000048e+00
  endloop
 endfacet
 facet normal -1.04438797e-01 1.05668552e-01 -9.88901734e-01
  outer loop
   vertex 8.22818909e+01 6.23678741e+01 4.76837158e-07
   vertex 9.42730789e+01 5.63929291e+01 4.76837158e-07
   vertex 8.15947266e+01 6.01570587e+01 4.76837158e-07
  endloop
 endfacet
 facet normal 2.09434941e-01 -1.33596063e-01 -9.68653262e-01
  outer loop
   vertex 8.50006027e+01 5.76774445e+01 4.76837158e-07
   vertex 8.15947266e+01 6.01570587e+01 4.76837158e-07
   vertex 8.51835098e+01 5.80284119e+01 4.76837158e-07
  endloop
 endfacet
 facet normal 2.09269896e-01 -1.38300687e-01 -9.68028426e-01
  outer loop
   vertex 8.15947266e+01 6.01570587e+01 4.76837158e-07
   vertex 9.42730789e+01 5.63929291e+01 4.76837158e-07
   vertex 8.51835098e+01 5.80284119e+01 4.76837158e-07
  endloop
 endfacet
 facet normal 1.18808627e-01 -3.20645690e-01 -9.39718485e-01
  outer loop
   vertex 8.51835098e+01 5.80284119e+01 4.76837158e-07
   vertex 9.42730789e+01 5.63929291e+01 4.76837158e-07
   vertex 8.73123398e+01 5.67738647e+01 4.76837158e-07
  endloop
 endfacet
 facet normal 2.73655832e-01 -1.68591902e-01 -9.46936786e-01
  outer loop
   vertex 9.20766602e+01 5.25257874e+01 4.76837158e-07
   vertex 8.70178604e+01 5.62088013e+01 4.76837158e-07
   vertex 9.42730789e+01 5.63929291e+01 4.76837158e-07
  endloop
 endfacet
 facet normal -1.80130601e-01 -5.64894192e-02 -9.82019305e-01
  outer loop
   vertex 8.73123398e+01 5.67738647e+01 4.76837158e-07
   vertex 9.42730789e+01 5.63929291e+01 4.76837158e-07
   vertex 8.70178604e+01 5.62088013e+01 4.76837158e-07
  endloop
 endfacet
 facet normal 2.06835076e-01 5.56400776e-01 8.04759204e-01
  outer loop
   vertex 8.45322266e+01 5.67786865e+01 2.38418579e-06
   vertex 8.46280136e+01 5.69624786e+01 4.76837158e-07
   vertex 7.44598618e+01 6.24566040e+01 4.29153442e-06
  endloop
 endfacet
 facet normal 4.51885372e-01 -7.39786565e-01 -4.98513222e-01
  outer loop
   vertex 7.44598618e+01 6.24566040e+01 4.29153442e-06
   vertex 8.46280136e+01 5.69624786e+01 4.76837158e-07
   vertex 6.88871918e+01 6.63382874e+01 4.76837158e-07
  endloop
 endfacet
 facet normal 7.52591133e-01 6.53240383e-01 -8.29676464e-02
  outer loop
   vertex 8.45322266e+01 5.67786865e+01 2.38418579e-06
   vertex 7.44598618e+01 6.24566040e+01 4.29153442e-06
   vertex 8.46280136e+01 5.69624786e+01 4.76837158e-07
  endloop
 endfacet
 facet normal 9.13256168e-01 -1.31321386e-01 -3.85639548e-01
  outer loop
   vertex 8.46280136e+01 5.69624786e+01 4.76837158e-07
   vertex 7.44598618e+01 6.24566040e+01 4.29153442e-06
   vertex 8.50006027e+01 5.76774445e+01 4.76837158e-07
  endloop
 endfacet
 facet normal 7.20560372e-01 2.59286106e-01 -6.43088996e-01
  outer loop
   vertex 7.44598618e+01 6.24566040e+01 4.29153442e-06
   vertex 8.15947266e+01 6.01570587e+01 4.76837158e-07
   vertex 8.50006027e+01 5.76774445e+01 4.76837158e-07
  endloop
 endfacet
 facet normal -4.80470210e-01 2.12179765e-01 8.50957155e-01
  outer loop
   vertex 0.00000000e+00 2.69914246e+01 3.00000048e+00
   vertex 2.98222351e+00 2.70594788e+01 3.00000048e+00
   vertex 0.00000000e+00 3.80704956e+01 3.00000048e+00
  endloop
 endfacet
 facet normal -2.27993160e-01 4.72788960e-01 8.51169586e-01
  outer loop
   vertex 0.00000000e+00 3.80704956e+01 3.00000048e+00
   vertex 2.98222351e+00 2.70594788e+01 3.00000048e+00
   vertex 2.50994873e+00 3.81293945e+01 3.00000048e+00
  endloop
 endfacet
 facet normal -4.80470240e-01 2.12179765e-01 -8.50957155e-01
  outer loop
   vertex 0.00000000e+00 2.69914246e+01 4.76837158e-07
   vertex 0.00000000e+00 3.80704956e+01 4.76837158e-07
   vertex 2.98222351e+00 2.70594788e+01 4.76837158e-07
  endloop
 endfacet
 facet normal -2.27993160e-01 4.72788960e-01 -8.51169586e-01
  outer loop
   vertex 2.98222351e+00 2.70594788e+01 4.76837158e-07
   vertex 0.00000000e+00 3.80704956e+01 4.76837158e-07
   vertex 2.50994873e+00 3.81293945e+01 4.76837158e-07
  endloop
 endfacet
 facet normal -9.26370382e-01 2.64287889e-01 -2.68309206e-01
  outer loop
   vertex 0.00000000e+00 2.69914246e+01 4.76837158e-07
   vertex 0.00000000e+00 2.69914246e+01 3.00000048e+00
   vertex 0.00000000e+00 3.80704956e+01 4.76837158e-07
  endloop
 endfacet
 facet normal -8.13162744e-01 4.94595915e-01 3.06824416e-01
  outer loop
   vertex 0.00000000e+00 3.80704956e+01 4.76837158e-07
   vertex 0.00000000e+00 2.69914246e+01 3.00000048e+00
   vertex 0.00000000e+00 3.80704956e+01 3.00000048e+00
  endloop
 endfacet
 facet normal -1.06940931e-02 2.50657409e-01 9.68016803e-01
  outer loop
   vertex 2.98222351e+00 2.70594788e+01 3.00000048e+00
   vertex 6.30734253e+00 2.72659454e+01 3.00000048e+00
   vertex 2.50994873e+00 3.81293945e+01 3.00000048e+00
  endloop
 endfacet
 facet normal -3.13795917e-02 5.00558317e-01 8.65133882e-01
  outer loop
   vertex 2.50994873e+00 3.81293945e+01 3.00000048e+00
   vertex 6.30734253e+00 2.72659454e+01 3.00000048e+00
   vertex 5.39224243e+00 3.83077850e+01 3.00000048e+00
  endloop
 endfacet
 facet normal -2.06834599e-02 2.49875858e-01 -9.68056917e-01
  outer loop
   vertex 6.30734253e+00 2.72659454e+01 4.76837158e-07
   vertex 2.98222351e+00 2.70594788e+01 4.76837158e-07
   vertex 5.39224243e+00 3.83077850e+01 4.76837158e-07
  endloop
 endfacet
 facet normal -3.13795917e-02 5.00558376e-01 -8.65133882e-01
  outer loop
   vertex 5.39224243e+00 3.83077850e+01 4.76837158e-07
   vertex 2.98222351e+00 2.70594788e+01 4.76837158e-07
   vertex 2.50994873e+00 3.81293945e+01 4.76837158e-07
  endloop
 endfacet
 facet normal -2.06834599e-02 2.49875844e-01 9.68056977e-01
  outer loop
   vertex 6.30734253e+00 2.72659454e+01 3.00000048e+00
   vertex 9.62109375e+00 2.76096802e+01 3.00000048e+00
   vertex 5.39224243e+00 3.83077850e+01 3.00000048e+00
  endloop
 endfacet
 facet normal -5.17061763e-02 4.98717129e-01 8.65221202e-01
  outer loop
   vertex 5.39224243e+00 3.83077850e+01 3.00000048e+00
   vertex 9.62109375e+00 2.76096802e+01 3.00000048e+00
   vertex 8.25036621e+00 3.86042633e+01 3.00000048e+00
  endloop
 endfacet
 facet normal -3.10199559e-02 2.48814359e-01 -9.68054354e-01
  outer loop
   vertex 9.62109375e+00 2.76096802e+01 4.76837158e-07
   vertex 6.30734253e+00 2.72659454e+01 4.76837158e-07
   vertex 8.25036621e+00 3.86042633e+01 4.76837158e-07
  endloop
 endfacet
 facet normal -5.17061763e-02 4.98717159e-01 -8.65221143e-01
  outer loop
   vertex 8.25036621e+00 3.86042633e+01 4.76837158e-07
   vertex 6.30734253e+00 2.72659454e+01 4.76837158e-07
   vertex 5.39224243e+00 3.83077850e+01 4.76837158e-07
  endloop
 endfacet
 facet normal -3.10199540e-02 2.48814359e-01 9.68054354e-01
  outer loop
   vertex 9.62109375e+00 2.76096802e+01 3.00000048e+00
   vertex 1.29178009e+01 2.80900879e+01 3.00000048e+00
   vertex 8.25036621e+00 3.86042633e+01 3.00000048e+00
  endloop
 endfacet
 facet normal -7.23003000e-02 4.96160895e-01 8.65215003e-01
  outer loop
   vertex 8.25036621e+00 3.86042633e+01 3.00000048e+00
   vertex 1.29178009e+01 2.80900879e+01 3.00000048e+00
   vertex 1.10938416e+01 3.90186157e+01 3.00000048e+00
  endloop
 endfacet
 facet normal -4.12764624e-02 2.47319877e-01 -9.68054295e-01
  outer loop
   vertex 1.29178009e+01 2.80900879e+01 4.76837158e-07
   vertex 9.62109375e+00 2.76096802e+01 4.76837158e-07
   vertex 1.10938416e+01 3.90186157e+01 4.76837158e-07
  endloop
 endfacet
 facet normal -7.23003000e-02 4.96160895e-01 -8.65215003e-01
  outer loop
   vertex 1.10938416e+01 3.90186157e+01 4.76837158e-07
   vertex 9.62109375e+00 2.76096802e+01 4.76837158e-07
   vertex 8.25036621e+00 3.86042633e+01 4.76837158e-07
  endloop
 endfacet
 facet normal -4.12764587e-02 2.47319877e-01 9.68054295e-01
  outer loop
   vertex 1.29178009e+01 2.80900879e+01 3.00000048e+00
   vertex 1.61918411e+01 2.87063293e+01 3.00000048e+00
   vertex 1.10938416e+01 3.90186157e+01 3.00000048e+00
  endloop
 endfacet
 facet normal -9.27447155e-02 4.92748290e-01 8.65215302e-01
  outer loop
   vertex 1.10938416e+01 3.90186157e+01 3.00000048e+00
   vertex 1.61918411e+01 2.87063293e+01 3.00000048e+00
   vertex 1.39177704e+01 3.95501251e+01 3.00000048e+00
  endloop
 endfacet
 facet normal -5.14632724e-02 2.45401978e-01 -9.68054414e-01
  outer loop
   vertex 1.61918411e+01 2.87063293e+01 4.76837158e-07
   vertex 1.29178009e+01 2.80900879e+01 4.76837158e-07
   vertex 1.39177704e+01 3.95501251e+01 4.76837158e-07
  endloop
 endfacet
 facet normal -9.27447155e-02 4.92748320e-01 -8.65215302e-01
  outer loop
   vertex 1.39177704e+01 3.95501251e+01 4.76837158e-07
   vertex 1.29178009e+01 2.80900879e+01 4.76837158e-07
   vertex 1.10938416e+01 3.90186157e+01 4.76837158e-07
  endloop
 endfacet
 facet normal -5.14632724e-02 2.45401949e-01 9.68054473e-01
  outer loop
   vertex 1.61918411e+01 2.87063293e+01 3.00000048e+00
   vertex 1.94376068e+01 2.94573669e+01 3.00000048e+00
   vertex 1.39177704e+01 3.95501251e+01 3.00000048e+00
  endloop
 endfacet
 facet normal -1.13032132e-01 4.88493681e-01 8.65215421e-01
  outer loop
   vertex 1.39177704e+01 3.95501251e+01 3.00000048e+00
   vertex 1.94376068e+01 2.94573669e+01 3.00000048e+00
   vertex 1.67172775e+01 4.01979065e+01 3.00000048e+00
  endloop
 endfacet
 facet normal -6.15627915e-02 2.43065476e-01 -9.68054354e-01
  outer loop
   vertex 1.94376068e+01 2.94573669e+01 4.76837158e-07
   vertex 1.61918411e+01 2.87063293e+01 4.76837158e-07
   vertex 1.67172775e+01 4.01979065e+01 4.76837158e-07
  endloop
 endfacet
 facet normal -1.13032140e-01 4.88493711e-01 -8.65215361e-01
  outer loop
   vertex 1.67172775e+01 4.01979065e+01 4.76837158e-07
   vertex 1.61918411e+01 2.87063293e+01 4.76837158e-07
   vertex 1.39177704e+01 3.95501251e+01 4.76837158e-07
  endloop
 endfacet
 facet normal -6.15627915e-02 2.43065476e-01 9.68054354e-01
  outer loop
   vertex 1.94376068e+01 2.94573669e+01 3.00000048e+00
   vertex 2.26495590e+01 3.03419189e+01 3.00000048e+00
   vertex 1.67172775e+01 4.01979065e+01 3.00000048e+00
  endloop
 endfacet
 facet normal -1.33127242e-01 4.83403862e-01 8.65215480e-01
  outer loop
   vertex 1.67172775e+01 4.01979065e+01 3.00000048e+00
   vertex 2.26495590e+01 3.03419189e+01 3.00000048e+00
   vertex 1.94875946e+01 4.09608307e+01 3.00000048e+00
  endloop
 endfacet
 facet normal -7.15572983e-02 2.40312427e-01 -9.68054473e-01
  outer loop
   vertex 2.26495590e+01 3.03419189e+01 4.76837158e-07
   vertex 1.94376068e+01 2.94573669e+01 4.76837158e-07
   vertex 1.94875946e+01 4.09608307e+01 4.76837158e-07
  endloop
 endfacet
 facet normal -1.33127242e-01 4.83403862e-01 -8.65215480e-01
  outer loop
   vertex 1.94875946e+01 4.09608307e+01 4.76837158e-07
   vertex 1.94376068e+01 2.94573669e+01 4.76837158e-07
   vertex 1.67172775e+01 4.01979065e+01 4.76837158e-07
  endloop
 endfacet
 facet normal -7.15572983e-02 2.40312412e-01 9.68054473e-01
  outer loop
   vertex 2.26495590e+01 3.03419189e+01 3.00000048e+00
   vertex 2.58222046e+01 3.13584900e+01 3.00000048e+00
   vertex 1.94875946e+01 4.09608307e+01 3.00000048e+00
  endloop
 endfacet
 facet normal -1.52994454e-01 4.77488577e-01 8.65215182e-01
  outer loop
   vertex 1.94875946e+01 4.09608307e+01 3.00000048e+00
   vertex 2.58222046e+01 3.13584900e+01 3.00000048e+00
   vertex 2.22240486e+01 4.18376465e+01 3.00000048e+00
  endloop
 endfacet
 facet normal -8.14289376e-02 2.37150550e-01 -9.68054235e-01
  outer loop
   vertex 2.58222046e+01 3.13584900e+01 4.76837158e-07
   vertex 2.26495590e+01 3.03419189e+01 4.76837158e-07
   vertex 2.22240486e+01 4.18376465e+01 4.76837158e-07
  endloop
 endfacet
 facet normal -1.52994454e-01 4.77488607e-01 -8.65215182e-01
  outer loop
   vertex 2.22240486e+01 4.18376465e+01 4.76837158e-07
   vertex 2.26495590e+01 3.03419189e+01 4.76837158e-07
   vertex 1.94875946e+01 4.09608307e+01 4.76837158e-07
  endloop
 endfacet
 facet normal -8.14289451e-02 2.37150505e-01 9.68054235e-01
  outer loop
   vertex 2.58222046e+01 3.13584900e+01 3.00000048e+00
   vertex 2.89501266e+01 3.25052948e+01 3.00000048e+00
   vertex 2.22240486e+01 4.18376465e+01 3.00000048e+00
  endloop
 endfacet
 facet normal -1.72598124e-01 4.70757514e-01 8.65215123e-01
  outer loop
   vertex 2.22240486e+01 4.18376465e+01 3.00000048e+00
   vertex 2.89501266e+01 3.25052948e+01 3.00000048e+00
   vertex 2.49219360e+01 4.28267822e+01 3.00000048e+00
  endloop
 endfacet
 facet normal -9.11599174e-02 2.33581752e-01 -9.68054473e-01
  outer loop
   vertex 2.89501266e+01 3.25052948e+01 4.76837158e-07
   vertex 2.58222046e+01 3.13584900e+01 4.76837158e-07
   vertex 2.49219360e+01 4.28267822e+01 4.76837158e-07
  endloop
 endfacet
 facet normal -1.72598124e-01 4.70757574e-01 -8.65215123e-01
  outer loop
   vertex 2.49219360e+01 4.28267822e+01 4.76837158e-07
   vertex 2.58222046e+01 3.13584900e+01 4.76837158e-07
   vertex 2.22240486e+01 4.18376465e+01 4.76837158e-07
  endloop
 endfacet
 facet normal -9.11599100e-02 2.33581722e-01 9.68054473e-01
  outer loop
   vertex 2.89501266e+01 3.25052948e+01 3.00000048e+00
   vertex 3.20279694e+01 3.37804260e+01 3.00000048e+00
   vertex 2.49219360e+01 4.28267822e+01 3.00000048e+00
  endloop
 endfacet
 facet normal -1.91907540e-01 4.63221043e-01 8.65215421e-01
  outer loop
   vertex 2.49219360e+01 4.28267822e+01 3.00000048e+00
   vertex 3.20279694e+01 3.37804260e+01 3.00000048e+00
   vertex 2.75765991e+01 4.39265900e+01 3.00000048e+00
  endloop
 endfacet
 facet normal -1.00737318e-01 2.29614422e-01 -9.68054354e-01
  outer loop
   vertex 3.20279694e+01 3.37804260e+01 4.76837158e-07
   vertex 2.89501266e+01 3.25052948e+01 4.76837158e-07
   vertex 2.75765991e+01 4.39265900e+01 4.76837158e-07
  endloop
 endfacet
 facet normal -1.91907540e-01 4.63221073e-01 -8.65215421e-01
  outer loop
   vertex 2.75765991e+01 4.39265900e+01 4.76837158e-07
   vertex 2.89501266e+01 3.25052948e+01 4.76837158e-07
   vertex 2.49219360e+01 4.28267822e+01 4.76837158e-07
  endloop
 endfacet
 facet normal -1.00737318e-01 2.29614496e-01 9.68054295e-01
  outer loop
   vertex 3.20279694e+01 3.37804260e+01 3.00000048e+00
   vertex 3.50504837e+01 3.51816711e+01 3.00000048e+00
   vertex 2.75765991e+01 4.39265900e+01 3.00000048e+00
  endloop
 endfacet
 facet normal -2.10890263e-01 4.54893529e-01 8.65215123e-01
  outer loop
   vertex 2.75765991e+01 4.39265900e+01 3.00000048e+00
   vertex 3.50504837e+01 3.51816711e+01 3.00000048e+00
   vertex 3.01835823e+01 4.51351929e+01 3.00000048e+00
  endloop
 endfacet
 facet normal -1.10141531e-01 2.25254744e-01 -9.68054295e-01
  outer loop
   vertex 3.50504837e+01 3.51816711e+01 4.76837158e-07
   vertex 3.20279694e+01 3.37804260e+01 4.76837158e-07
   vertex 3.01835823e+01 4.51351929e+01 4.76837158e-07
  endloop
 endfacet
 facet normal -2.10890189e-01 4.54893410e-01 -8.65215182e-01
  outer loop
   vertex 3.01835823e+01 4.51351929e+01 4.76837158e-07
   vertex 3.20279694e+01 3.37804260e+01 4.76837158e-07
   vertex 2.75765991e+01 4.39265900e+01 4.76837158e-07
  endloop
 endfacet
 facet normal -1.80797219e-01 -3.27995494e-02 9.82973337e-01
  outer loop
   vertex 3.80124969e+01 3.67066345e+01 3.00000048e+00
   vertex 3.27383537e+01 4.64505005e+01 3.00000048e+00
   vertex 3.78033180e+01 3.65989380e+01 3.00000048e+00
  endloop
 endfacet
 facet normal -1.90799743e-01 -3.21133167e-01 9.27614629e-01
  outer loop
   vertex 3.78033180e+01 3.65989380e+01 3.00000048e+00
   vertex 3.27383537e+01 4.64505005e+01 3.00000048e+00
   vertex 3.72432976e+01 3.66876526e+01 3.00000811e+00
  endloop
 endfacet
 facet normal -5.54149002e-02 -2.97149360e-01 9.53221619e-01
  outer loop
   vertex 3.72432976e+01 3.66876526e+01 3.00000811e+00
   vertex 3.27383537e+01 4.64505005e+01 3.00000048e+00
   vertex 3.66252632e+01 3.65897522e+01 3.00000811e+00
  endloop
 endfacet
 facet normal -1.90198883e-01 2.67277747e-01 9.44662392e-01
  outer loop
   vertex 3.27383537e+01 4.64505005e+01 3.00000048e+00
   vertex 3.01835823e+01 4.51351929e+01 3.00000048e+00
   vertex 3.66252632e+01 3.65897522e+01 3.00000811e+00
  endloop
 endfacet
 facet normal 1.27182752e-01 -2.38479808e-01 9.62783456e-01
  outer loop
   vertex 3.66252632e+01 3.65897522e+01 3.00000811e+00
   vertex 3.01835823e+01 4.51351929e+01 3.00000048e+00
   vertex 3.60677261e+01 3.63056946e+01 3.00000811e+00
  endloop
 endfacet
 facet normal 1.30696714e-01 1.26014203e-01 9.83381331e-01
  outer loop
   vertex 3.50504837e+01 3.51816711e+01 3.00000048e+00
   vertex 3.53588905e+01 3.53404541e+01 3.00000048e+00
   vertex 3.01835823e+01 4.51351929e+01 3.00000048e+00
  endloop
 endfacet
 facet normal 3.69965911e-01 -3.55127193e-02 9.28366363e-01
  outer loop
   vertex 3.53588905e+01 3.53404541e+01 3.00000048e+00
   vertex 3.56252632e+01 3.58632507e+01 3.00000811e+00
   vertex 3.01835823e+01 4.51351929e+01 3.00000048e+00
  endloop
 endfacet
 facet normal 2.70784497e-01 -1.31012991e-01 9.53683019e-01
  outer loop
   vertex 3.60677261e+01 3.63056946e+01 3.00000811e+00
   vertex 3.01835823e+01 4.51351929e+01 3.00000048e+00
   vertex 3.56252632e+01 3.58632507e+01 3.00000811e+00
  endloop
 endfacet
 facet normal 1.30712628e-01 1.26046658e-01 -9.83375013e-01
  outer loop
   vertex 3.50504837e+01 3.51816711e+01 4.76837158e-07
   vertex 3.01835823e+01 4.51351929e+01 4.76837158e-07
   vertex 3.53588905e+01 3.53404541e+01 4.76837158e-07
  endloop
 endfacet
 facet normal 3.69985491e-01 -3.54742669e-02 -9.28360045e-01
  outer loop
   vertex 3.53588905e+01 3.53404541e+01 4.76837158e-07
   vertex 3.01835823e+01 4.51351929e+01 4.76837158e-07
   vertex 3.56252632e+01 3.58632507e+01 4.76837158e-07
  endloop
 endfacet
 facet normal 2.70788878e-01 -1.31009787e-01 -9.53682244e-01
  outer loop
   vertex 3.56252632e+01 3.58632507e+01 4.76837158e-07
   vertex 3.01835823e+01 4.51351929e+01 4.76837158e-07
   vertex 3.60677261e+01 3.63056946e+01 4.76837158e-07
  endloop
 endfacet
 facet normal -1.09064445e-01 3.08704674e-01 -9.44884300e-01
  outer loop
   vertex 3.01835823e+01 4.51351929e+01 4.76837158e-07
   vertex 3.27383537e+01 4.64505005e+01 4.76837158e-07
   vertex 3.60677261e+01 3.63056946e+01 4.76837158e-07
  endloop
 endfacet
 facet normal 1.15880333e-01 -2.44289860e-01 -9.62753475e-01
  outer loop
   vertex 3.60677261e+01 3.63056946e+01 4.76837158e-07
   vertex 3.27383537e+01 4.64505005e+01 4.76837158e-07
   vertex 3.66252632e+01 3.65897522e+01 4.76837158e-07
  endloop
 endfacet
 facet normal -1.80848271e-01 -3.27903666e-02 -9.82964218e-01
  outer loop
   vertex 3.80124969e+01 3.67066345e+01 4.76837158e-07
   vertex 3.78033218e+01 3.65989380e+01 4.76837158e-07
   vertex 3.27383537e+01 4.64505005e+01 4.76837158e-07
  endloop
 endfacet
 facet normal -1.90859377e-01 -3.21122348e-01 -9.27606165e-01
  outer loop
   vertex 3.78033218e+01 3.65989380e+01 4.76837158e-07
   vertex 3.72432976e+01 3.66876526e+01 4.76837158e-07
   vertex 3.27383537e+01 4.64505005e+01 4.76837158e-07
  endloop
 endfacet
 facet normal -5.54205552e-02 -2.97151059e-01 -9.53220785e-01
  outer loop
   vertex 3.27383537e+01 4.64505005e+01 4.76837158e-07
   vertex 3.72432976e+01 3.66876526e+01 4.76837158e-07
   vertex 3.66252632e+01 3.65897522e+01 4.76837158e-07
  endloop
 endfacet
 facet normal -1.19357936e-01 2.20509335e-01 9.68054414e-01
  outer loop
   vertex 3.80124969e+01 3.67066345e+01 3.00000048e+00
   vertex 4.09089508e+01 3.83527374e+01 3.00000048e+00
   vertex 3.27383537e+01 4.64505005e+01 3.00000048e+00
  endloop
 endfacet
 facet normal -2.47740969e-01 4.35921013e-01 8.65215182e-01
  outer loop
   vertex 3.27383537e+01 4.64505005e+01 3.00000048e+00
   vertex 4.09089508e+01 3.83527374e+01 3.00000048e+00
   vertex 3.52365685e+01 4.78702850e+01 3.00000048e+00
  endloop
 endfacet
 facet normal -1.28369719e-01 2.15388238e-01 -9.68054295e-01
  outer loop
   vertex 4.09089508e+01 3.83527374e+01 4.76837158e-07
   vertex 3.80124969e+01 3.67066345e+01 4.76837158e-07
   vertex 3.52365685e+01 4.78702850e+01 4.76837158e-07
  endloop
 endfacet
 facet normal -2.47741044e-01 4.35920924e-01 -8.65215182e-01
  outer loop
   vertex 3.52365685e+01 4.78702850e+01 4.76837158e-07
   vertex 3.80124969e+01 3.67066345e+01 4.76837158e-07
   vertex 3.27383537e+01 4.64505005e+01 4.76837158e-07
  endloop
 endfacet
 facet normal -1.28369719e-01 2.15388298e-01 9.68054295e-01
  outer loop
   vertex 4.09089508e+01 3.83527374e+01 3.00000048e+00
   vertex 4.37348900e+01 4.01171417e+01 3.00000048e+00
   vertex 3.52365685e+01 4.78702850e+01 3.00000048e+00
  endloop
 endfacet
 facet normal -2.65545666e-01 4.25309747e-01 8.65215063e-01
  outer loop
   vertex 3.52365685e+01 4.78702850e+01 3.00000048e+00
   vertex 4.37348900e+01 4.01171417e+01 3.00000048e+00
   vertex 3.76739883e+01 4.93921051e+01 3.00000048e+00
  endloop
 endfacet
 facet normal -1.37161672e-01 2.09898636e-01 -9.68054354e-01
  outer loop
   vertex 4.37348900e+01 4.01171417e+01 4.76837158e-07
   vertex 4.09089508e+01 3.83527374e+01 4.76837158e-07
   vertex 3.76739883e+01 4.93921051e+01 4.76837158e-07
  endloop
 endfacet
 facet normal -2.65545666e-01 4.25309747e-01 -8.65215063e-01
  outer loop
   vertex 3.76739883e+01 4.93921051e+01 4.76837158e-07
   vertex 4.09089508e+01 3.83527374e+01 4.76837158e-07
   vertex 3.52365685e+01 4.78702850e+01 4.76837158e-07
  endloop
 endfacet
 facet normal -1.37161672e-01 2.09898621e-01 9.68054354e-01
  outer loop
   vertex 4.37348900e+01 4.01171417e+01 3.00000048e+00
   vertex 4.64854889e+01 4.19968262e+01 3.00000048e+00
   vertex 3.76739883e+01 4.93921051e+01 3.00000048e+00
  endloop
 endfacet
 facet normal -2.82897085e-01 4.13970262e-01 8.65215480e-01
  outer loop
   vertex 3.76739883e+01 4.93921051e+01 3.00000048e+00
   vertex 4.64854889e+01 4.19968262e+01 3.00000048e+00
   vertex 4.00464058e+01 5.10133514e+01 3.00000048e+00
  endloop
 endfacet
 facet normal -1.45720780e-01 2.04049006e-01 -9.68054473e-01
  outer loop
   vertex 4.64854889e+01 4.19968262e+01 4.76837158e-07
   vertex 4.37348900e+01 4.01171417e+01 4.76837158e-07
   vertex 4.00464058e+01 5.10133514e+01 4.76837158e-07
  endloop
 endfacet
 facet normal -2.82897651e-01 4.13969874e-01 -8.65215480e-01
  outer loop
   vertex 4.00464058e+01 5.10133514e+01 4.76837158e-07
   vertex 4.37348900e+01 4.01171417e+01 4.76837158e-07
   vertex 3.76739883e+01 4.93921051e+01 4.76837158e-07
  endloop
 endfacet
 facet normal -1.45720199e-01 2.04049408e-01 9.68054473e-01
  outer loop
   vertex 4.64854889e+01 4.19968262e+01 3.00000048e+00
   vertex 4.91560478e+01 4.39886169e+01 3.00000048e+00
   vertex 4.00464058e+01 5.10133514e+01 3.00000048e+00
  endloop
 endfacet
 facet normal -2.99766362e-01 4.01923627e-01 8.65215302e-01
  outer loop
   vertex 4.00464058e+01 5.10133514e+01 3.00000048e+00
   vertex 4.91560478e+01 4.39886169e+01 3.00000048e+00
   vertex 4.23498001e+01 5.27313080e+01 3.00000048e+00
  endloop
 endfacet
 facet normal -1.54030636e-01 1.97852120e-01 -9.68054295e-01
  outer loop
   vertex 4.91560478e+01 4.39886169e+01 4.76837158e-07
   vertex 4.64854889e+01 4.19968262e+01 4.76837158e-07
   vertex 4.23498001e+01 5.27313080e+01 4.76837158e-07
  endloop
 endfacet
 facet normal -2.99767524e-01 4.01922733e-01 -8.65215302e-01
  outer loop
   vertex 4.23498001e+01 5.27313080e+01 4.76837158e-07
   vertex 4.64854889e+01 4.19968262e+01 4.76837158e-07
   vertex 4.00464058e+01 5.10133514e+01 4.76837158e-07
  endloop
 endfacet
 facet normal -1.54030040e-01 1.97852597e-01 9.68054295e-01
  outer loop
   vertex 4.91560478e+01 4.39886169e+01 3.00000048e+00
   vertex 5.17420006e+01 4.60890656e+01 3.00000048e+00
   vertex 4.23498001e+01 5.27313080e+01 3.00000048e+00
  endloop
 endfacet
 facet normal -3.16122442e-01 3.89190435e-01 8.65215242e-01
  outer loop
   vertex 4.23498001e+01 5.27313080e+01 3.00000048e+00
   vertex 5.17420006e+01 4.60890656e+01 3.00000048e+00
   vertex 4.45802155e+01 5.45429688e+01 3.00000048e+00
  endloop
 endfacet
 facet normal -1.62075400e-01 1.91316947e-01 -9.68054414e-01
  outer loop
   vertex 5.17420006e+01 4.60890656e+01 4.76837158e-07
   vertex 4.91560478e+01 4.39886169e+01 4.76837158e-07
   vertex 4.45802155e+01 5.45429688e+01 4.76837158e-07
  endloop
 endfacet
 facet normal -3.16123039e-01 3.89189988e-01 -8.65215242e-01
  outer loop
   vertex 4.45802155e+01 5.45429688e+01 4.76837158e-07
   vertex 4.91560478e+01 4.39886169e+01 4.76837158e-07
   vertex 4.23498001e+01 5.27313080e+01 4.76837158e-07
  endloop
 endfacet
 facet normal -1.62075415e-01 1.91316918e-01 9.68054414e-01
  outer loop
   vertex 5.17420006e+01 4.60890656e+01 3.00000048e+00
   vertex 5.42389259e+01 4.82946167e+01 3.00000048e+00
   vertex 4.45802155e+01 5.45429688e+01 3.00000048e+00
  endloop
 endfacet
 facet normal -3.31938148e-01 3.75791937e-01 8.65215302e-01
  outer loop
   vertex 4.45802155e+01 5.45429688e+01 3.00000048e+00
   vertex 5.42389259e+01 4.82946167e+01 3.00000048e+00
   vertex 4.67338409e+01 5.64452820e+01 3.00000048e+00
  endloop
 endfacet
 facet normal -1.69844896e-01 1.84454814e-01 -9.68054295e-01
  outer loop
   vertex 5.42389259e+01 4.82946167e+01 4.76837158e-07
   vertex 5.17420006e+01 4.60890656e+01 4.76837158e-07
   vertex 4.67338409e+01 5.64452820e+01 4.76837158e-07
  endloop
 endfacet
 facet normal -3.31938148e-01 3.75791967e-01 -8.65215302e-01
  outer loop
   vertex 4.67338409e+01 5.64452820e+01 4.76837158e-07
   vertex 5.17420006e+01 4.60890656e+01 4.76837158e-07
   vertex 4.45802155e+01 5.45429688e+01 4.76837158e-07
  endloop
 endfacet
 facet normal -1.69844896e-01 1.84454799e-01 9.68054295e-01
  outer loop
   vertex 5.42389259e+01 4.82946167e+01 3.00000048e+00
   vertex 5.66425629e+01 5.06014709e+01 3.00000048e+00
   vertex 4.67338409e+01 5.64452820e+01 3.00000048e+00
  endloop
 endfacet
 facet normal -3.47186476e-01 3.61751646e-01 8.65215182e-01
  outer loop
   vertex 4.67338409e+01 5.64452820e+01 3.00000048e+00
   vertex 5.66425629e+01 5.06014709e+01 3.00000048e+00
   vertex 4.88070221e+01 5.84349823e+01 3.00000048e+00
  endloop
 endfacet
 facet normal -1.77322939e-01 1.77277371e-01 -9.68054414e-01
  outer loop
   vertex 5.66425629e+01 5.06014709e+01 4.76837158e-07
   vertex 5.42389259e+01 4.82946167e+01 4.76837158e-07
   vertex 4.88070221e+01 5.84349823e+01 4.76837158e-07
  endloop
 endfacet
 facet normal -3.47186476e-01 3.61751616e-01 -8.65215182e-01
  outer loop
   vertex 4.88070221e+01 5.84349823e+01 4.76837158e-07
   vertex 5.42389259e+01 4.82946167e+01 4.76837158e-07
   vertex 4.67338409e+01 5.64452820e+01 4.76837158e-07
  endloop
 endfacet
 facet normal -1.77322924e-01 1.77277416e-01 9.68054414e-01
  outer loop
   vertex 5.66425629e+01 5.06014709e+01 3.00000048e+00
   vertex 5.89487953e+01 5.30057068e+01 3.00000048e+00
   vertex 4.88070221e+01 5.84349823e+01 3.00000048e+00
  endloop
 endfacet
 facet normal -3.61841172e-01 3.47092599e-01 8.65215421e-01
  outer loop
   vertex 4.88070221e+01 5.84349823e+01 3.00000048e+00
   vertex 5.89487953e+01 5.30057068e+01 3.00000048e+00
   vertex 5.07961540e+01 6.05086365e+01 3.00000048e+00
  endloop
 endfacet
 facet normal -1.84498757e-01 1.69796497e-01 -9.68054414e-01
  outer loop
   vertex 5.89487953e+01 5.30057068e+01 4.76837158e-07
   vertex 5.66425629e+01 5.06014709e+01 4.76837158e-07
   vertex 5.07961540e+01 6.05086365e+01 4.76837158e-07
  endloop
 endfacet
 facet normal -3.61841142e-01 3.47092539e-01 -8.65215421e-01
  outer loop
   vertex 5.07961540e+01 6.05086365e+01 4.76837158e-07
   vertex 5.66425629e+01 5.06014709e+01 4.76837158e-07
   vertex 4.88070221e+01 5.84349823e+01 4.76837158e-07
  endloop
 endfacet
 facet normal -1.84498787e-01 1.69796571e-01 9.68054414e-01
  outer loop
   vertex 5.89487953e+01 5.30057068e+01 3.00000048e+00
   vertex 6.11536827e+01 5.55032196e+01 3.00000048e+00
   vertex 5.07961540e+01 6.05086365e+01 3.00000048e+00
  endloop
 endfacet
 facet normal -3.75878483e-01 3.31839859e-01 8.65215421e-01
  outer loop
   vertex 5.07961540e+01 6.05086365e+01 3.00000048e+00
   vertex 6.11536827e+01 5.55032196e+01 3.00000048e+00
   vertex 5.26979027e+01 6.26627731e+01 3.00000048e+00
  endloop
 endfacet
 facet normal -1.91359550e-01 1.62025467e-01 -9.68054354e-01
  outer loop
   vertex 6.11536827e+01 5.55032196e+01 4.76837158e-07
   vertex 5.89487953e+01 5.30057068e+01 4.76837158e-07
   vertex 5.26979027e+01 6.26627731e+01 4.76837158e-07
  endloop
 endfacet
 facet normal -3.75878513e-01 3.31839800e-01 -8.65215421e-01
  outer loop
   vertex 5.26979027e+01 6.26627731e+01 4.76837158e-07
   vertex 5.89487953e+01 5.30057068e+01 4.76837158e-07
   vertex 5.07961540e+01 6.05086365e+01 4.76837158e-07
  endloop
 endfacet
 facet normal -1.91359505e-01 1.62025467e-01 9.68054354e-01
  outer loop
   vertex 6.11536827e+01 5.55032196e+01 3.00000048e+00
   vertex 6.32534637e+01 5.80897217e+01 3.00000048e+00
   vertex 5.26979027e+01 6.26627731e+01 3.00000048e+00
  endloop
 endfacet
 facet normal -3.89273256e-01 3.16020280e-01 8.65215302e-01
  outer loop
   vertex 5.26979027e+01 6.26627731e+01 3.00000048e+00
   vertex 6.32534637e+01 5.80897217e+01 3.00000048e+00
   vertex 5.45090065e+01 6.48936920e+01 3.00000048e+00
  endloop
 endfacet
 facet normal -1.97892845e-01 1.53977916e-01 -9.68054354e-01
  outer loop
   vertex 6.32534637e+01 5.80897217e+01 4.76837158e-07
   vertex 6.11536827e+01 5.55032196e+01 4.76837158e-07
   vertex 5.45090065e+01 6.48936920e+01 4.76837158e-07
  endloop
 endfacet
 facet normal -3.89273286e-01 3.16020340e-01 -8.65215242e-01
  outer loop
   vertex 5.45090065e+01 6.48936920e+01 4.76837158e-07
   vertex 6.11536827e+01 5.55032196e+01 4.76837158e-07
   vertex 5.26979027e+01 6.26627731e+01 4.76837158e-07
  endloop
 endfacet
 facet normal -1.97892830e-01 1.53977901e-01 9.68054354e-01
  outer loop
   vertex 6.32534637e+01 5.80897217e+01 3.00000048e+00
   vertex 6.52445450e+01 6.07608032e+01 3.00000048e+00
   vertex 5.45090065e+01 6.48936920e+01 3.00000048e+00
  endloop
 endfacet
 facet normal -4.02002513e-01 2.99661100e-01 8.65215123e-01
  outer loop
   vertex 5.45090065e+01 6.48936920e+01 3.00000048e+00
   vertex 6.52445450e+01 6.07608032e+01 3.00000048e+00
   vertex 5.62263336e+01 6.71975250e+01 3.00000048e+00
  endloop
 endfacet
 facet normal -2.04087511e-01 1.45667419e-01 -9.68054414e-01
  outer loop
   vertex 6.52445450e+01 6.07608032e+01 4.76837158e-07
   vertex 6.32534637e+01 5.80897217e+01 4.76837158e-07
   vertex 5.62263336e+01 6.71975250e+01 4.76837158e-07
  endloop
 endfacet
 facet normal -4.02002513e-01 2.99661160e-01 -8.65215123e-01
  outer loop
   vertex 5.62263336e+01 6.71975250e+01 4.76837158e-07
   vertex 6.32534637e+01 5.80897217e+01 4.76837158e-07
   vertex 5.45090065e+01 6.48936920e+01 4.76837158e-07
  endloop
 endfacet
 facet normal -2.77557839e-02 3.51329744e-01 9.35840249e-01
  outer loop
   vertex 6.52445450e+01 6.07608032e+01 3.00000048e+00
   vertex 6.59711075e+01 6.18246002e+01 3.00000048e+00
   vertex 5.62263336e+01 6.71975250e+01 3.00000048e+00
  endloop
 endfacet
 facet normal 1.82598934e-01 5.06707907e-01 8.42558444e-01
  outer loop
   vertex 6.59711075e+01 6.18246002e+01 3.00000048e+00
   vertex 6.55930557e+01 6.22026367e+01 3.00000048e+00
   vertex 5.62263336e+01 6.71975250e+01 3.00000048e+00
  endloop
 endfacet
 facet normal 2.42275521e-01 4.03876632e-01 8.82148623e-01
  outer loop
   vertex 6.55930557e+01 6.22026367e+01 3.00000048e+00
   vertex 6.53089752e+01 6.27601929e+01 3.00000048e+00
   vertex 5.62263336e+01 6.71975250e+01 3.00000048e+00
  endloop
 endfacet
 facet normal 3.05106014e-01 2.56202132e-01 9.17208135e-01
  outer loop
   vertex 6.53089752e+01 6.27601929e+01 3.00000048e+00
   vertex 6.52110901e+01 6.33782349e+01 3.00000048e+00
   vertex 5.62263336e+01 6.71975250e+01 3.00000048e+00
  endloop
 endfacet
 facet normal 3.14454615e-01 8.66296813e-02 9.45311368e-01
  outer loop
   vertex 6.52110901e+01 6.33782349e+01 3.00000048e+00
   vertex 6.53089752e+01 6.39962769e+01 3.00000048e+00
   vertex 5.62263336e+01 6.71975250e+01 3.00000048e+00
  endloop
 endfacet
 facet normal -2.35935435e-01 2.09768206e-01 9.48858142e-01
  outer loop
   vertex 5.78469810e+01 6.95703812e+01 3.00000048e+00
   vertex 5.62263336e+01 6.71975250e+01 3.00000048e+00
   vertex 6.55768433e+01 6.45220184e+01 3.00000048e+00
  endloop
 endfacet
 facet normal 3.04968268e-01 -5.25295101e-02 9.50912714e-01
  outer loop
   vertex 6.53089752e+01 6.39962769e+01 3.00000048e+00
   vertex 6.55768433e+01 6.45220184e+01 3.00000048e+00
   vertex 5.62263336e+01 6.71975250e+01 3.00000048e+00
  endloop
 endfacet
 facet normal -2.77328063e-02 3.51305872e-01 -9.35849905e-01
  outer loop
   vertex 6.52445450e+01 6.07608032e+01 4.76837158e-07
   vertex 5.62263336e+01 6.71975250e+01 4.76837158e-07
   vertex 6.59711075e+01 6.18246002e+01 4.76837158e-07
  endloop
 endfacet
 facet normal 1.82625160e-01 5.06682813e-01 -8.42567861e-01
  outer loop
   vertex 6.59711075e+01 6.18246002e+01 4.76837158e-07
   vertex 5.62263336e+01 6.71975250e+01 4.76837158e-07
   vertex 6.55930557e+01 6.22026367e+01 4.76837158e-07
  endloop
 endfacet
 facet normal 2.42277846e-01 4.03874367e-01 -8.82149041e-01
  outer loop
   vertex 6.55930557e+01 6.22026367e+01 4.76837158e-07
   vertex 5.62263336e+01 6.71975250e+01 4.76837158e-07
   vertex 6.53089752e+01 6.27601929e+01 4.76837158e-07
  endloop
 endfacet
 facet normal 3.05106014e-01 2.56202072e-01 -9.17208135e-01
  outer loop
   vertex 6.53089752e+01 6.27601929e+01 4.76837158e-07
   vertex 5.62263336e+01 6.71975250e+01 4.76837158e-07
   vertex 6.52110901e+01 6.33782349e+01 4.76837158e-07
  endloop
 endfacet
 facet normal 3.14455330e-01 8.66315290e-02 -9.45310950e-01
  outer loop
   vertex 6.52110901e+01 6.33782349e+01 4.76837158e-07
   vertex 5.62263336e+01 6.71975250e+01 4.76837158e-07
   vertex 6.53089752e+01 6.39962769e+01 4.76837158e-07
  endloop
 endfacet
 facet normal -2.35915765e-01 2.09804252e-01 -9.48855042e-01
  outer loop
   vertex 5.78469810e+01 6.95703812e+01 4.76837158e-07
   vertex 6.55768433e+01 6.45220184e+01 4.76837158e-07
   vertex 5.62263336e+01 6.71975250e+01 4.76837158e-07
  endloop
 endfacet
 facet normal 3.04986745e-01 -5.24913892e-02 -9.50908899e-01
  outer loop
   vertex 5.62263336e+01 6.71975250e+01 4.76837158e-07
   vertex 6.55768433e+01 6.45220184e+01 4.76837158e-07
   vertex 6.53089752e+01 6.39962769e+01 4.76837158e-07
  endloop
 endfacet
 facet normal 2.57214129e-01 -1.45657957e-01 9.55313921e-01
  outer loop
   vertex 6.55768433e+01 6.45220184e+01 3.00000048e+00
   vertex 6.55930557e+01 6.45538330e+01 3.00000048e+00
   vertex 5.78469810e+01 6.95703812e+01 3.00000048e+00
  endloop
 endfacet
 facet normal -3.55069935e-01 -1.03931122e-01 9.29044485e-01
  outer loop
   vertex 6.88871918e+01 6.63382874e+01 3.00000048e+00
   vertex 5.93681602e+01 7.20081787e+01 3.00000048e+00
   vertex 6.81310425e+01 6.51265106e+01 3.00000048e+00
  endloop
 endfacet
 facet normal -4.34387624e-01 -3.47994626e-01 8.30787063e-01
  outer loop
   vertex 6.81310425e+01 6.51265106e+01 3.00000048e+00
   vertex 5.93681602e+01 7.20081787e+01 3.00000048e+00
   vertex 6.78291245e+01 6.52803345e+01 3.00000048e+00
  endloop
 endfacet
 facet normal -3.20474714e-01 -3.73555154e-01 8.70489836e-01
  outer loop
   vertex 6.78291245e+01 6.52803345e+01 3.00000048e+00
   vertex 5.93681602e+01 7.20081787e+01 3.00000048e+00
   vertex 6.72110901e+01 6.53782349e+01 3.00000048e+00
  endloop
 endfacet
 facet normal -1.63602442e-01 -3.89042050e-01 9.06576276e-01
  outer loop
   vertex 6.72110901e+01 6.53782349e+01 3.00000048e+00
   vertex 5.93681602e+01 7.20081787e+01 3.00000048e+00
   vertex 6.65930557e+01 6.52803345e+01 3.00000048e+00
  endloop
 endfacet
 facet normal -1.84050924e-03 -3.47948432e-01 9.37511861e-01
  outer loop
   vertex 6.65930557e+01 6.52803345e+01 3.00000048e+00
   vertex 5.93681602e+01 7.20081787e+01 3.00000048e+00
   vertex 6.60355148e+01 6.49962769e+01 3.00000048e+00
  endloop
 endfacet
 facet normal -2.84274429e-01 1.53140441e-01 9.46433365e-01
  outer loop
   vertex 5.78469810e+01 6.95703812e+01 3.00000048e+00
   vertex 6.55930557e+01 6.45538330e+01 3.00000048e+00
   vertex 5.93681602e+01 7.20081787e+01 3.00000048e+00
  endloop
 endfacet
 facet normal 1.43510893e-01 -2.49790862e-01 9.57605958e-01
  outer loop
   vertex 5.93681602e+01 7.20081787e+01 3.00000048e+00
   vertex 6.55930557e+01 6.45538330e+01 3.00000048e+00
   vertex 6.60355148e+01 6.49962769e+01 3.00000048e+00
  endloop
 endfacet
 facet normal 2.57251710e-01 -1.45590276e-01 -9.55314100e-01
  outer loop
   vertex 6.55768433e+01 6.45220184e+01 4.76837158e-07
   vertex 5.78469810e+01 6.95703812e+01 4.76837158e-07
   vertex 6.55930557e+01 6.45538330e+01 4.76837158e-07
  endloop
 endfacet
 facet normal -3.55057985e-01 -1.03938133e-01 -9.29048300e-01
  outer loop
   vertex 6.88871918e+01 6.63382874e+01 4.76837158e-07
   vertex 6.81310425e+01 6.51265106e+01 4.76837158e-07
   vertex 5.93681602e+01 7.20081787e+01 4.76837158e-07
  endloop
 endfacet
 facet normal -4.34371054e-01 -3.48001868e-01 -8.30792665e-01
  outer loop
   vertex 6.81310425e+01 6.51265106e+01 4.76837158e-07
   vertex 6.78291245e+01 6.52803345e+01 4.76837158e-07
   vertex 5.93681602e+01 7.20081787e+01 4.76837158e-07
  endloop
 endfacet
 facet normal -3.20469409e-01 -3.73554558e-01 -8.70491982e-01
  outer loop
   vertex 6.78291245e+01 6.52803345e+01 4.76837158e-07
   vertex 6.72110901e+01 6.53782349e+01 4.76837158e-07
   vertex 5.93681602e+01 7.20081787e+01 4.76837158e-07
  endloop
 endfacet
 facet normal -1.63602442e-01 -3.89042169e-01 -9.06576216e-01
  outer loop
   vertex 6.72110901e+01 6.53782349e+01 4.76837158e-07
   vertex 6.65930557e+01 6.52803345e+01 4.76837158e-07
   vertex 5.93681602e+01 7.20081787e+01 4.76837158e-07
  endloop
 endfacet
 facet normal -1.84050947e-03 -3.47948521e-01 -9.37511861e-01
  outer loop
   vertex 6.65930557e+01 6.52803345e+01 4.76837158e-07
   vertex 6.60355148e+01 6.49962769e+01 4.76837158e-07
   vertex 5.93681602e+01 7.20081787e+01 4.76837158e-07
  endloop
 endfacet
 facet normal -2.84254909e-01 1.53171033e-01 -9.46434259e-01
  outer loop
   vertex 5.78469810e+01 6.95703812e+01 4.76837158e-07
   vertex 5.93681602e+01 7.20081787e+01 4.76837158e-07
   vertex 6.55930557e+01 6.45538330e+01 4.76837158e-07
  endloop
 endfacet
 facet normal 1.43530264e-01 -2.49760881e-01 -9.57610846e-01
  outer loop
   vertex 6.55930557e+01 6.45538330e+01 4.76837158e-07
   vertex 5.93681602e+01 7.20081787e+01 4.76837158e-07
   vertex 6.60355148e+01 6.49962769e+01 4.76837158e-07
  endloop
 endfacet
 facet normal -1.66453093e-01 5.05841553e-01 8.46414626e-01
  outer loop
   vertex 6.81014786e+01 8.67968445e+01 3.00000048e+00
   vertex 7.68932190e+01 8.45997772e+01 3.00000048e+00
   vertex 7.27121277e+01 8.82204208e+01 3.00000048e+00
  endloop
 endfacet
 facet normal 5.82389832e-02 5.08038282e-01 8.59363317e-01
  outer loop
   vertex 7.77769318e+01 8.78119583e+01 3.00000048e+00
   vertex 7.76086884e+01 8.78255234e+01 3.00000048e+00
   vertex 7.68932190e+01 8.45997772e+01 3.00000048e+00
  endloop
 endfacet
 facet normal -8.85697268e-03 5.20017684e-01 8.54109585e-01
  outer loop
   vertex 7.68932190e+01 8.45997772e+01 3.00000048e+00
   vertex 7.76086884e+01 8.78255234e+01 3.00000048e+00
   vertex 7.27121277e+01 8.82204208e+01 3.00000048e+00
  endloop
 endfacet
 facet normal 8.81286990e-03 5.24708748e-01 -8.51236165e-01
  outer loop
   vertex 7.77769318e+01 8.78119583e+01 4.76837158e-07
   vertex 7.68932190e+01 8.45997772e+01 4.76837158e-07
   vertex 7.27121277e+01 8.82204208e+01 4.76837158e-07
  endloop
 endfacet
 facet normal -1.66452810e-01 5.05841553e-01 -8.46414685e-01
  outer loop
   vertex 7.27121277e+01 8.82204208e+01 4.76837158e-07
   vertex 7.68932190e+01 8.45997772e+01 4.76837158e-07
   vertex 6.81014786e+01 8.67968445e+01 4.76837158e-07
  endloop
 endfacet
 facet normal -1.36106595e-01 2.35199928e-01 9.62369978e-01
  outer loop
   vertex 7.68932190e+01 8.45997772e+01 3.00000048e+00
   vertex 6.81014786e+01 8.67968445e+01 3.00000048e+00
   vertex 7.58774872e+01 8.14268646e+01 3.00000048e+00
  endloop
 endfacet
 facet normal -3.44493687e-01 4.03509945e-01 8.47646058e-01
  outer loop
   vertex 7.58774872e+01 8.14268646e+01 3.00000048e+00
   vertex 6.81014786e+01 8.67968445e+01 3.00000048e+00
   vertex 6.57822266e+01 8.46374283e+01 3.00000048e+00
  endloop
 endfacet
 facet normal -1.36106014e-01 2.35199764e-01 -9.62370098e-01
  outer loop
   vertex 7.68932190e+01 8.45997772e+01 4.76837158e-07
   vertex 7.58774872e+01 8.14268646e+01 4.76837158e-07
   vertex 6.81014786e+01 8.67968445e+01 4.76837158e-07
  endloop
 endfacet
 facet normal -3.44493419e-01 4.03509885e-01 -8.47646177e-01
  outer loop
   vertex 6.81014786e+01 8.67968445e+01 4.76837158e-07
   vertex 7.58774872e+01 8.14268646e+01 4.76837158e-07
   vertex 6.57822266e+01 8.46374283e+01 4.76837158e-07
  endloop
 endfacet
 facet normal -2.06562623e-01 1.66494206e-01 9.64163661e-01
  outer loop
   vertex 7.58774872e+01 8.14268646e+01 3.00000048e+00
   vertex 6.57822266e+01 8.46374283e+01 3.00000048e+00
   vertex 7.47314911e+01 7.82986450e+01 3.00000048e+00
  endloop
 endfacet
 facet normal -4.39165324e-01 2.82912016e-01 8.52698445e-01
  outer loop
   vertex 7.47314911e+01 7.82986450e+01 3.00000048e+00
   vertex 6.57822266e+01 8.46374283e+01 3.00000048e+00
   vertex 6.44089432e+01 8.23241272e+01 3.00000048e+00
  endloop
 endfacet
 facet normal -2.06562057e-01 1.66494042e-01 -9.64163780e-01
  outer loop
   vertex 7.58774872e+01 8.14268646e+01 4.76837158e-07
   vertex 7.47314911e+01 7.82986450e+01 4.76837158e-07
   vertex 6.57822266e+01 8.46374283e+01 4.76837158e-07
  endloop
 endfacet
 facet normal -4.39165115e-01 2.82911986e-01 -8.52698565e-01
  outer loop
   vertex 6.57822266e+01 8.46374283e+01 4.76837158e-07
   vertex 7.47314911e+01 7.82986450e+01 4.76837158e-07
   vertex 6.44089432e+01 8.23241272e+01 4.76837158e-07
  endloop
 endfacet
 facet normal -2.29641095e-01 1.00677028e-01 9.68054295e-01
  outer loop
   vertex 7.34571762e+01 7.52204666e+01 3.00000048e+00
   vertex 7.47314911e+01 7.82986450e+01 3.00000048e+00
   vertex 6.33098297e+01 7.96691589e+01 3.00000048e+00
  endloop
 endfacet
 facet normal -4.61548537e-01 2.16728017e-01 8.60233665e-01
  outer loop
   vertex 6.33098297e+01 7.96691589e+01 3.00000048e+00
   vertex 7.47314911e+01 7.82986450e+01 3.00000048e+00
   vertex 6.44089432e+01 8.23241272e+01 3.00000048e+00
  endloop
 endfacet
 facet normal -2.31851444e-01 1.16062358e-01 -9.65802491e-01
  outer loop
   vertex 7.47314911e+01 7.82986450e+01 4.76837158e-07
   vertex 7.34571762e+01 7.52204666e+01 4.76837158e-07
   vertex 6.44089432e+01 8.23241272e+01 4.76837158e-07
  endloop
 endfacet
 facet normal -4.61548299e-01 2.16728017e-01 -8.60233784e-01
  outer loop
   vertex 6.44089432e+01 8.23241272e+01 4.76837158e-07
   vertex 7.34571762e+01 7.52204666e+01 4.76837158e-07
   vertex 6.33098297e+01 7.96691589e+01 4.76837158e-07
  endloop
 endfacet
 facet normal -2.25283444e-01 1.10082522e-01 9.68054354e-01
  outer loop
   vertex 7.20567245e+01 7.21975861e+01 3.00000048e+00
   vertex 7.34571762e+01 7.52204666e+01 3.00000048e+00
   vertex 6.21019287e+01 7.70618973e+01 3.00000048e+00
  endloop
 endfacet
 facet normal -4.54948574e-01 2.10770711e-01 8.65215302e-01
  outer loop
   vertex 6.21019287e+01 7.70618973e+01 3.00000048e+00
   vertex 7.34571762e+01 7.52204666e+01 3.00000048e+00
   vertex 6.33098297e+01 7.96691589e+01 3.00000048e+00
  endloop
 endfacet
 facet normal -2.29640588e-01 1.00676879e-01 -9.68054414e-01
  outer loop
   vertex 7.34571762e+01 7.52204666e+01 4.76837158e-07
   vertex 7.20567245e+01 7.21975861e+01 4.76837158e-07
   vertex 6.33098297e+01 7.96691589e+01 4.76837158e-07
  endloop
 endfacet
 facet normal -4.54948366e-01 2.10770652e-01 -8.65215421e-01
  outer loop
   vertex 6.33098297e+01 7.96691589e+01 4.76837158e-07
   vertex 7.20567245e+01 7.21975861e+01 4.76837158e-07
   vertex 6.21019287e+01 7.70618973e+01 4.76837158e-07
  endloop
 endfacet
 facet normal -2.20541239e-01 1.19299941e-01 9.68054295e-01
  outer loop
   vertex 7.05325241e+01 6.92351761e+01 3.00000048e+00
   vertex 7.20567245e+01 7.21975861e+01 3.00000048e+00
   vertex 6.07872810e+01 7.45067749e+01 3.00000048e+00
  endloop
 endfacet
 facet normal -4.45848286e-01 2.29394644e-01 8.65215242e-01
  outer loop
   vertex 6.07872810e+01 7.45067749e+01 3.00000048e+00
   vertex 7.20567245e+01 7.21975861e+01 3.00000048e+00
   vertex 6.21019287e+01 7.70618973e+01 3.00000048e+00
  endloop
 endfacet
 facet normal -2.25282982e-01 1.10082351e-01 -9.68054473e-01
  outer loop
   vertex 7.20567245e+01 7.21975861e+01 4.76837158e-07
   vertex 7.05325241e+01 6.92351761e+01 4.76837158e-07
   vertex 6.21019287e+01 7.70618973e+01 4.76837158e-07
  endloop
 endfacet
 facet normal -4.45848078e-01 2.29394555e-01 -8.65215361e-01
  outer loop
   vertex 6.21019287e+01 7.70618973e+01 4.76837158e-07
   vertex 7.05325241e+01 6.92351761e+01 4.76837158e-07
   vertex 6.07872810e+01 7.45067749e+01 4.76837158e-07
  endloop
 endfacet
 facet normal -2.15421930e-01 1.28313333e-01 9.68054295e-01
  outer loop
   vertex 6.88871918e+01 6.63382874e+01 3.00000048e+00
   vertex 7.05325241e+01 6.92351761e+01 3.00000048e+00
   vertex 5.93681602e+01 7.20081787e+01 3.00000048e+00
  endloop
 endfacet
 facet normal -4.35986280e-01 2.47626483e-01 8.65215063e-01
  outer loop
   vertex 5.93681602e+01 7.20081787e+01 3.00000048e+00
   vertex 7.05325241e+01 6.92351761e+01 3.00000048e+00
   vertex 6.07872810e+01 7.45067749e+01 3.00000048e+00
  endloop
 endfacet
 facet normal -2.20540836e-01 1.19299687e-01 -9.68054414e-01
  outer loop
   vertex 7.05325241e+01 6.92351761e+01 4.76837158e-07
   vertex 6.88871918e+01 6.63382874e+01 4.76837158e-07
   vertex 6.07872810e+01 7.45067749e+01 4.76837158e-07
  endloop
 endfacet
 facet normal -4.35986131e-01 2.47626334e-01 -8.65215182e-01
  outer loop
   vertex 6.07872810e+01 7.45067749e+01 4.76837158e-07
   vertex 6.88871918e+01 6.63382874e+01 4.76837158e-07
   vertex 5.93681602e+01 7.20081787e+01 4.76837158e-07
  endloop
 endfacet
 facet normal 3.59908268e-02 9.56653714e-01 -2.88995355e-01
  outer loop
   vertex 7.77769318e+01 8.78119583e+01 4.76837158e-07
   vertex 7.27121277e+01 8.82204208e+01 4.76837158e-07
   vertex 7.76086884e+01 8.78255234e+01 3.00000048e+00
  endloop
 endfacet
 facet normal -4.61044535e-02 9.50451314e-01 3.07435662e-01
  outer loop
   vertex 7.76086884e+01 8.78255234e+01 3.00000048e+00
   vertex 7.27121277e+01 8.82204208e+01 4.76837158e-07
   vertex 7.27121277e+01 8.82204208e+01 3.00000048e+00
  endloop
 endfacet
 facet normal 4.78965193e-01 -1.97359383e-01 -8.55360508e-01
  outer loop
   vertex 3.53588905e+01 3.53404541e+01 4.76837158e-07
   vertex 3.53411827e+01 3.53056946e+01 4.76837158e-07
   vertex 3.50504837e+01 3.51816711e+01 4.76837158e-07
  endloop
 endfacet
 facet normal 5.03517032e-01 -1.21789679e-01 -8.55358303e-01
  outer loop
   vertex 3.53411827e+01 3.53056946e+01 4.76837158e-07
   vertex 3.52552223e+01 3.47629547e+01 4.76837158e-07
   vertex 3.50504837e+01 3.51816711e+01 4.76837158e-07
  endloop
 endfacet
 facet normal -4.15905595e-01 -1.29087791e-01 -9.00199354e-01
  outer loop
   vertex 3.92120667e+01 3.44904633e+01 4.76837158e-07
   vertex 5.08609543e+01 1.29694366e+01 4.76837158e-07
   vertex 3.91454124e+01 3.40696106e+01 4.76837158e-07
  endloop
 endfacet
 facet normal 3.50749612e-01 2.61441529e-01 -8.99234712e-01
  outer loop
   vertex 3.60883408e+01 3.30591125e+01 4.76837158e-07
   vertex 3.66252632e+01 3.27855530e+01 4.76837158e-07
   vertex 4.69068565e+01 1.09337006e+01 4.76837158e-07
  endloop
 endfacet
 facet normal -3.56938511e-01 -1.14056384e-02 -9.34058249e-01
  outer loop
   vertex 3.91454124e+01 3.40696106e+01 4.76837158e-07
   vertex 5.08609543e+01 1.29694366e+01 4.76837158e-07
   vertex 3.88613319e+01 3.35120544e+01 4.76837158e-07
  endloop
 endfacet
 facet normal 2.21147999e-01 2.82949269e-01 -9.33291614e-01
  outer loop
   vertex 3.66252632e+01 3.27855530e+01 4.76837158e-07
   vertex 3.72432976e+01 3.26876526e+01 4.76837158e-07
   vertex 4.69068565e+01 1.09337006e+01 4.76837158e-07
  endloop
 endfacet
 facet normal -2.59501398e-01 1.34168178e-01 -9.56377506e-01
  outer loop
   vertex 3.88613319e+01 3.35120544e+01 4.76837158e-07
   vertex 5.08609543e+01 1.29694366e+01 4.76837158e-07
   vertex 3.84188690e+01 3.30696106e+01 4.76837158e-07
  endloop
 endfacet
 facet normal 4.63312678e-02 2.89822280e-01 -9.55958426e-01
  outer loop
   vertex 3.72432976e+01 3.26876526e+01 4.76837158e-07
   vertex 3.78613319e+01 3.27855530e+01 4.76837158e-07
   vertex 4.69068565e+01 1.09337006e+01 4.76837158e-07
  endloop
 endfacet
 facet normal -1.26023442e-01 2.36006349e-01 -9.63545084e-01
  outer loop
   vertex 3.78613319e+01 3.27855530e+01 4.76837158e-07
   vertex 3.84188690e+01 3.30696106e+01 4.76837158e-07
   vertex 4.69068565e+01 1.09337006e+01 4.76837158e-07
  endloop
 endfacet
 facet normal 1.13342084e-01 -3.17499012e-01 -9.41460550e-01
  outer loop
   vertex 5.08609543e+01 1.29694366e+01 4.76837158e-07
   vertex 4.69068565e+01 1.09337006e+01 4.76837158e-07
   vertex 3.84188690e+01 3.30696106e+01 4.76837158e-07
  endloop
 endfacet
 facet normal -4.15905535e-01 -1.29088551e-01 9.00199294e-01
  outer loop
   vertex 3.92120667e+01 3.44904633e+01 3.00000048e+00
   vertex 3.91454124e+01 3.40696106e+01 3.00000048e+00
   vertex 5.08609543e+01 1.29694366e+01 3.00000048e+00
  endloop
 endfacet
 facet normal 3.50750297e-01 2.61437684e-01 8.99235547e-01
  outer loop
   vertex 3.60883408e+01 3.30591125e+01 3.00000048e+00
   vertex 4.69068565e+01 1.09337006e+01 3.00000048e+00
   vertex 3.66252632e+01 3.27855530e+01 3.00000048e+00
  endloop
 endfacet
 facet normal -3.56938154e-01 -1.14039006e-02 9.34058428e-01
  outer loop
   vertex 3.91454124e+01 3.40696106e+01 3.00000048e+00
   vertex 3.88613319e+01 3.35120544e+01 3.00000048e+00
   vertex 5.08609543e+01 1.29694366e+01 3.00000048e+00
  endloop
 endfacet
 facet normal 2.21147910e-01 2.82949299e-01 9.33291674e-01
  outer loop
   vertex 3.66252632e+01 3.27855530e+01 3.00000048e+00
   vertex 4.69068565e+01 1.09337006e+01 3.00000048e+00
   vertex 3.72432976e+01 3.26876526e+01 3.00000048e+00
  endloop
 endfacet
 facet normal -2.59501398e-01 1.34167910e-01 9.56377566e-01
  outer loop
   vertex 3.88613319e+01 3.35120544e+01 3.00000048e+00
   vertex 3.84188690e+01 3.30696106e+01 3.00000048e+00
   vertex 5.08609543e+01 1.29694366e+01 3.00000048e+00
  endloop
 endfacet
 facet normal 4.63312268e-02 2.89822131e-01 9.55958426e-01
  outer loop
   vertex 3.72432976e+01 3.26876526e+01 3.00000048e+00
   vertex 4.69068565e+01 1.09337006e+01 3.00000048e+00
   vertex 3.78613319e+01 3.27855530e+01 3.00000048e+00
  endloop
 endfacet
 facet normal -1.14513710e-01 2.41922319e-01 9.63514507e-01
  outer loop
   vertex 3.84188690e+01 3.30696106e+01 3.00000048e+00
   vertex 3.78613319e+01 3.27855530e+01 3.00000048e+00
   vertex 5.08609543e+01 1.29694366e+01 3.00000048e+00
  endloop
 endfacet
 facet normal 1.94880947e-01 -2.75861651e-01 9.41234171e-01
  outer loop
   vertex 3.78613319e+01 3.27855530e+01 3.00000048e+00
   vertex 4.69068565e+01 1.09337006e+01 3.00000048e+00
   vertex 5.08609543e+01 1.29694366e+01 3.00000048e+00
  endloop
 endfacet
 facet normal -1.97361380e-01 -4.78966653e-01 8.55359256e-01
  outer loop
   vertex 3.81574135e+01 3.64389038e+01 3.00000048e+00
   vertex 3.80124969e+01 3.67066345e+01 3.00000048e+00
   vertex 3.78613319e+01 3.65897522e+01 3.00000048e+00
  endloop
 endfacet
 facet normal -1.21752836e-01 -5.03530204e-01 8.55355799e-01
  outer loop
   vertex 3.78613319e+01 3.65897522e+01 3.00000048e+00
   vertex 3.80124969e+01 3.67066345e+01 3.00000048e+00
   vertex 3.78033180e+01 3.65989380e+01 3.00000048e+00
  endloop
 endfacet
 facet normal 8.10612798e-01 4.68424380e-01 3.51405054e-01
  outer loop
   vertex 3.56252632e+01 3.35120544e+01 3.00000048e+00
   vertex 3.56252632e+01 3.35120544e+01 4.76837158e-07
   vertex 3.53411827e+01 3.40696106e+01 3.00000048e+00
  endloop
 endfacet
 facet normal 8.55431139e-01 3.80461395e-01 -3.51406693e-01
  outer loop
   vertex 3.53411827e+01 3.40696106e+01 3.00000048e+00
   vertex 3.56252632e+01 3.35120544e+01 4.76837158e-07
   vertex 3.53411827e+01 3.40696106e+01 4.76837158e-07
  endloop
 endfacet
 facet normal 6.26128376e-01 6.96025431e-01 3.51442486e-01
  outer loop
   vertex 3.60677261e+01 3.30696106e+01 3.00000048e+00
   vertex 3.60677261e+01 3.30696106e+01 4.76837158e-07
   vertex 3.56252632e+01 3.35120544e+01 3.00000048e+00
  endloop
 endfacet
 facet normal 6.95952833e-01 6.26227438e-01 -3.51409882e-01
  outer loop
   vertex 3.56252632e+01 3.35120544e+01 3.00000048e+00
   vertex 3.60677261e+01 3.30696106e+01 4.76837158e-07
   vertex 3.56252632e+01 3.35120544e+01 4.76837158e-07
  endloop
 endfacet
 facet normal 3.40250462e-01 8.81336331e-01 3.27835202e-01
  outer loop
   vertex 3.66252632e+01 3.27855530e+01 3.00000048e+00
   vertex 3.66252632e+01 3.27855530e+01 4.76837158e-07
   vertex 3.60883408e+01 3.30591125e+01 3.00000048e+00
  endloop
 endfacet
 facet normal 5.12900949e-01 7.93389082e-01 -3.27820629e-01
  outer loop
   vertex 3.60677261e+01 3.30696106e+01 4.76837158e-07
   vertex 3.60677261e+01 3.30696106e+01 3.00000048e+00
   vertex 3.60883408e+01 3.30591125e+01 4.76837158e-07
  endloop
 endfacet
 facet normal 4.68971133e-01 8.16258430e-01 3.37325186e-01
  outer loop
   vertex 3.60677261e+01 3.30696106e+01 3.00000048e+00
   vertex 3.60883408e+01 3.30591125e+01 3.00000048e+00
   vertex 3.60883408e+01 3.30591125e+01 4.76837158e-07
  endloop
 endfacet
 facet normal 3.84563595e-01 8.59273672e-01 -3.37282717e-01
  outer loop
   vertex 3.60883408e+01 3.30591125e+01 3.00000048e+00
   vertex 3.66252632e+01 3.27855530e+01 4.76837158e-07
   vertex 3.60883408e+01 3.30591125e+01 4.76837158e-07
  endloop
 endfacet
 facet normal 9.75034535e-02 9.31133270e-01 3.51402789e-01
  outer loop
   vertex 3.72432976e+01 3.26876526e+01 3.00000048e+00
   vertex 3.72432976e+01 3.26876526e+01 4.76837158e-07
   vertex 3.66252632e+01 3.27855530e+01 3.00000048e+00
  endloop
 endfacet
 facet normal 1.95005625e-01 9.15689468e-01 -3.51405233e-01
  outer loop
   vertex 3.66252632e+01 3.27855530e+01 3.00000048e+00
   vertex 3.72432976e+01 3.26876526e+01 4.76837158e-07
   vertex 3.66252632e+01 3.27855530e+01 4.76837158e-07
  endloop
 endfacet
 facet normal -1.95003480e-01 9.15690064e-01 3.51404905e-01
  outer loop
   vertex 3.78613319e+01 3.27855530e+01 3.00000048e+00
   vertex 3.78613319e+01 3.27855530e+01 4.76837158e-07
   vertex 3.72432976e+01 3.26876526e+01 3.00000048e+00
  endloop
 endfacet
 facet normal -9.75024775e-02 9.31133687e-01 -3.51401925e-01
  outer loop
   vertex 3.72432976e+01 3.26876526e+01 3.00000048e+00
   vertex 3.78613319e+01 3.27855530e+01 4.76837158e-07
   vertex 3.72432976e+01 3.26876526e+01 4.76837158e-07
  endloop
 endfacet
 facet normal -4.68409181e-01 8.10623586e-01 3.51400375e-01
  outer loop
   vertex 3.84188690e+01 3.30696106e+01 3.00000048e+00
   vertex 3.84188690e+01 3.30696106e+01 4.76837158e-07
   vertex 3.78613319e+01 3.27855530e+01 3.00000048e+00
  endloop
 endfacet
 facet normal -3.80455703e-01 8.55435610e-01 -3.51402104e-01
  outer loop
   vertex 3.78613319e+01 3.27855530e+01 3.00000048e+00
   vertex 3.84188690e+01 3.30696106e+01 4.76837158e-07
   vertex 3.78613319e+01 3.27855530e+01 4.76837158e-07
  endloop
 endfacet
 facet normal -6.95983231e-01 6.26195431e-01 3.51406664e-01
  outer loop
   vertex 3.88613319e+01 3.35120544e+01 3.00000048e+00
   vertex 3.88613319e+01 3.35120544e+01 4.76837158e-07
   vertex 3.84188690e+01 3.30696106e+01 3.00000048e+00
  endloop
 endfacet
 facet normal -6.26172960e-01 6.96003139e-01 -3.51407260e-01
  outer loop
   vertex 3.84188690e+01 3.30696106e+01 3.00000048e+00
   vertex 3.88613319e+01 3.35120544e+01 4.76837158e-07
   vertex 3.84188690e+01 3.30696106e+01 4.76837158e-07
  endloop
 endfacet
 facet normal -8.55431437e-01 3.80460978e-01 3.51406455e-01
  outer loop
   vertex 3.91454124e+01 3.40696106e+01 3.00000048e+00
   vertex 3.91454124e+01 3.40696106e+01 4.76837158e-07
   vertex 3.88613319e+01 3.35120544e+01 3.00000048e+00
  endloop
 endfacet
 facet normal -8.10613275e-01 4.68423098e-01 -3.51405591e-01
  outer loop
   vertex 3.88613319e+01 3.35120544e+01 3.00000048e+00
   vertex 3.91454124e+01 3.40696106e+01 4.76837158e-07
   vertex 3.88613319e+01 3.35120544e+01 4.76837158e-07
  endloop
 endfacet
 facet normal -9.43337739e-01 5.12844287e-02 3.27847213e-01
  outer loop
   vertex 3.92432976e+01 3.46876526e+01 3.00000048e+00
   vertex 3.92432976e+01 3.46876526e+01 4.76837158e-07
   vertex 3.92120667e+01 3.44904633e+01 3.00000048e+00
  endloop
 endfacet
 facet normal -9.36042070e-01 1.00286990e-01 -3.37294757e-01
  outer loop
   vertex 3.92432976e+01 3.46876526e+01 4.76837158e-07
   vertex 3.92120667e+01 3.44904633e+01 4.76837158e-07
   vertex 3.92120667e+01 3.44904633e+01 3.00000048e+00
  endloop
 endfacet
 facet normal -9.21220601e-01 1.93868071e-01 -3.37294787e-01
  outer loop
   vertex 3.92120667e+01 3.44904633e+01 4.76837158e-07
   vertex 3.91454124e+01 3.40696106e+01 4.76837158e-07
   vertex 3.92120667e+01 3.44904633e+01 3.00000048e+00
  endloop
 endfacet
 facet normal -9.13018107e-01 2.42721945e-01 3.27847600e-01
  outer loop
   vertex 3.91454124e+01 3.40696106e+01 4.76837158e-07
   vertex 3.91454124e+01 3.40696106e+01 3.00000048e+00
   vertex 3.92120667e+01 3.44904633e+01 3.00000048e+00
  endloop
 endfacet
 facet normal -9.15691018e-01 -1.95002586e-01 3.51402760e-01
  outer loop
   vertex 3.91454124e+01 3.53056946e+01 3.00000048e+00
   vertex 3.91454124e+01 3.53056946e+01 4.76837158e-07
   vertex 3.92432976e+01 3.46876526e+01 3.00000048e+00
  endloop
 endfacet
 facet normal -9.31133389e-01 -9.74999443e-02 -3.51403445e-01
  outer loop
   vertex 3.92432976e+01 3.46876526e+01 3.00000048e+00
   vertex 3.91454124e+01 3.53056946e+01 4.76837158e-07
   vertex 3.92432976e+01 3.46876526e+01 4.76837158e-07
  endloop
 endfacet
 facet normal -8.10612738e-01 -4.68424201e-01 3.51405412e-01
  outer loop
   vertex 3.88613319e+01 3.58632507e+01 3.00000048e+00
   vertex 3.88613319e+01 3.58632507e+01 4.76837158e-07
   vertex 3.91454124e+01 3.53056946e+01 3.00000048e+00
  endloop
 endfacet
 facet normal -8.55430961e-01 -3.80462050e-01 -3.51406395e-01
  outer loop
   vertex 3.91454124e+01 3.53056946e+01 3.00000048e+00
   vertex 3.88613319e+01 3.58632507e+01 4.76837158e-07
   vertex 3.91454124e+01 3.53056946e+01 4.76837158e-07
  endloop
 endfacet
 facet normal -6.26175046e-01 -6.96000993e-01 3.51407737e-01
  outer loop
   vertex 3.84188690e+01 3.63056946e+01 3.00000048e+00
   vertex 3.84188690e+01 3.63056946e+01 4.76837158e-07
   vertex 3.88613319e+01 3.58632507e+01 3.00000048e+00
  endloop
 endfacet
 facet normal -6.95987880e-01 -6.26191080e-01 -3.51405233e-01
  outer loop
   vertex 3.88613319e+01 3.58632507e+01 3.00000048e+00
   vertex 3.84188690e+01 3.63056946e+01 4.76837158e-07
   vertex 3.88613319e+01 3.58632507e+01 4.76837158e-07
  endloop
 endfacet
 facet normal -3.39428276e-01 -8.88568938e-01 3.08599502e-01
  outer loop
   vertex 3.78613319e+01 3.65897522e+01 3.00000048e+00
   vertex 3.78613319e+01 3.65897522e+01 4.76837158e-07
   vertex 3.81574135e+01 3.64389038e+01 3.00000048e+00
  endloop
 endfacet
 facet normal -3.86775643e-01 -8.72260809e-01 -2.99275190e-01
  outer loop
   vertex 3.78613319e+01 3.65897522e+01 4.76837158e-07
   vertex 3.81574173e+01 3.64389038e+01 4.76837158e-07
   vertex 3.81574135e+01 3.64389038e+01 3.00000048e+00
  endloop
 endfacet
 facet normal -4.69031096e-01 -8.16236198e-01 3.37295532e-01
  outer loop
   vertex 3.81574135e+01 3.64389038e+01 3.00000048e+00
   vertex 3.81574173e+01 3.64389038e+01 4.76837158e-07
   vertex 3.84188690e+01 3.63056946e+01 3.00000048e+00
  endloop
 endfacet
 facet normal -5.12975812e-01 -7.93329179e-01 -3.27848524e-01
  outer loop
   vertex 3.81574173e+01 3.64389038e+01 4.76837158e-07
   vertex 3.84188690e+01 3.63056946e+01 4.76837158e-07
   vertex 3.84188690e+01 3.63056946e+01 3.00000048e+00
  endloop
 endfacet
 facet normal -5.12563772e-02 -9.43339765e-01 3.27845812e-01
  outer loop
   vertex 3.72432976e+01 3.66876526e+01 3.00000811e+00
   vertex 3.72432976e+01 3.66876526e+01 4.76837158e-07
   vertex 3.78033180e+01 3.65989380e+01 3.00000048e+00
  endloop
 endfacet
 facet normal -2.47645915e-01 -9.18392003e-01 -3.08589727e-01
  outer loop
   vertex 3.78613319e+01 3.65897522e+01 4.76837158e-07
   vertex 3.78613319e+01 3.65897522e+01 3.00000048e+00
   vertex 3.78033218e+01 3.65989380e+01 4.76837158e-07
  endloop
 endfacet
 facet normal -1.99746832e-01 -9.33025301e-01 2.99274176e-01
  outer loop
   vertex 3.78613319e+01 3.65897522e+01 3.00000048e+00
   vertex 3.78033180e+01 3.65989380e+01 3.00000048e+00
   vertex 3.78033218e+01 3.65989380e+01 4.76837158e-07
  endloop
 endfacet
 facet normal -1.00287266e-01 -9.36041296e-01 -3.37296903e-01
  outer loop
   vertex 3.78033180e+01 3.65989380e+01 3.00000048e+00
   vertex 3.72432976e+01 3.66876526e+01 4.76837158e-07
   vertex 3.78033218e+01 3.65989380e+01 4.76837158e-07
  endloop
 endfacet
 facet normal 1.95010215e-01 -9.15687621e-01 3.51407379e-01
  outer loop
   vertex 3.66252632e+01 3.65897522e+01 3.00000811e+00
   vertex 3.66252632e+01 3.65897522e+01 4.76837158e-07
   vertex 3.72432976e+01 3.66876526e+01 3.00000811e+00
  endloop
 endfacet
 facet normal 9.75039601e-02 -9.31133449e-01 -3.51402164e-01
  outer loop
   vertex 3.72432976e+01 3.66876526e+01 3.00000811e+00
   vertex 3.66252632e+01 3.65897522e+01 4.76837158e-07
   vertex 3.72432976e+01 3.66876526e+01 4.76837158e-07
  endloop
 endfacet
 facet normal 4.68414366e-01 -8.10620487e-01 3.51400703e-01
  outer loop
   vertex 3.60677261e+01 3.63056946e+01 3.00000811e+00
   vertex 3.60677261e+01 3.63056946e+01 4.76837158e-07
   vertex 3.66252632e+01 3.65897522e+01 3.00000811e+00
  endloop
 endfacet
 facet normal 3.80461365e-01 -8.55433106e-01 -3.51402044e-01
  outer loop
   vertex 3.66252632e+01 3.65897522e+01 3.00000811e+00
   vertex 3.60677261e+01 3.63056946e+01 4.76837158e-07
   vertex 3.66252632e+01 3.65897522e+01 4.76837158e-07
  endloop
 endfacet
 facet normal 6.95980489e-01 -6.26197815e-01 3.51407766e-01
  outer loop
   vertex 3.56252632e+01 3.58632507e+01 3.00000811e+00
   vertex 3.56252632e+01 3.58632507e+01 4.76837158e-07
   vertex 3.60677261e+01 3.63056946e+01 3.00000811e+00
  endloop
 endfacet
 facet normal 6.26176059e-01 -6.96000516e-01 -3.51406902e-01
  outer loop
   vertex 3.60677261e+01 3.63056946e+01 3.00000811e+00
   vertex 3.56252632e+01 3.58632507e+01 4.76837158e-07
   vertex 3.60677261e+01 3.63056946e+01 4.76837158e-07
  endloop
 endfacet
 facet normal 8.88557315e-01 -3.39453459e-01 3.08605283e-01
  outer loop
   vertex 3.53411827e+01 3.53056946e+01 3.00000048e+00
   vertex 3.53411827e+01 3.53056946e+01 4.76837158e-07
   vertex 3.53588905e+01 3.53404541e+01 3.00000048e+00
  endloop
 endfacet
 facet normal 8.72281849e-01 -3.86723429e-01 -2.99281359e-01
  outer loop
   vertex 3.53411827e+01 3.53056946e+01 4.76837158e-07
   vertex 3.53588905e+01 3.53404541e+01 4.76837158e-07
   vertex 3.53588905e+01 3.53404541e+01 3.00000048e+00
  endloop
 endfacet
 facet normal 8.16230774e-01 -4.69037414e-01 -3.37299883e-01
  outer loop
   vertex 3.53588905e+01 3.53404541e+01 4.76837158e-07
   vertex 3.56252632e+01 3.58632507e+01 4.76837158e-07
   vertex 3.53588905e+01 3.53404541e+01 3.00000048e+00
  endloop
 endfacet
 facet normal 7.93310463e-01 -5.13001084e-01 3.27854306e-01
  outer loop
   vertex 3.56252632e+01 3.58632507e+01 4.76837158e-07
   vertex 3.56252632e+01 3.58632507e+01 3.00000811e+00
   vertex 3.53588905e+01 3.53404541e+01 3.00000048e+00
  endloop
 endfacet
 facet normal 9.43338096e-01 -5.12778349e-02 3.27847183e-01
  outer loop
   vertex 3.52432976e+01 3.46876526e+01 3.00000048e+00
   vertex 3.52432976e+01 3.46876526e+01 4.76837158e-07
   vertex 3.52552223e+01 3.47629547e+01 3.00000048e+00
  endloop
 endfacet
 facet normal 9.36041951e-01 -1.00290261e-01 -3.37294161e-01
  outer loop
   vertex 3.52432976e+01 3.46876526e+01 4.76837158e-07
   vertex 3.52552223e+01 3.47629547e+01 4.76837158e-07
   vertex 3.52552223e+01 3.47629547e+01 3.00000048e+00
  endloop
 endfacet
 facet normal 9.33021367e-01 -1.99758783e-01 -2.99278468e-01
  outer loop
   vertex 3.52552223e+01 3.47629547e+01 4.76837158e-07
   vertex 3.53411827e+01 3.53056946e+01 4.76837158e-07
   vertex 3.52552223e+01 3.47629547e+01 3.00000048e+00
  endloop
 endfacet
 facet normal 9.18396711e-01 -2.47612566e-01 3.08602542e-01
  outer loop
   vertex 3.53411827e+01 3.53056946e+01 4.76837158e-07
   vertex 3.53411827e+01 3.53056946e+01 3.00000048e+00
   vertex 3.52552223e+01 3.47629547e+01 3.00000048e+00
  endloop
 endfacet
 facet normal 9.15690839e-01 1.95007592e-01 3.51400495e-01
  outer loop
   vertex 3.53411827e+01 3.40696106e+01 3.00000048e+00
   vertex 3.53411827e+01 3.40696106e+01 4.76837158e-07
   vertex 3.52432976e+01 3.46876526e+01 3.00000048e+00
  endloop
 endfacet
 facet normal 9.31133509e-01 9.74996686e-02 -3.51403177e-01
  outer loop
   vertex 3.52432976e+01 3.46876526e+01 3.00000048e+00
   vertex 3.53411827e+01 3.40696106e+01 4.76837158e-07
   vertex 3.52432976e+01 3.46876526e+01 4.76837158e-07
  endloop
 endfacet
 facet normal 1.29534170e-01 -4.90352243e-01 -8.61844301e-01
  outer loop
   vertex 2.43116760e+01 1.02134094e+01 4.76837158e-07
   vertex 1.94376068e+01 2.94573669e+01 4.76837158e-07
   vertex 2.63920670e+01 1.07423859e+01 4.76837158e-07
  endloop
 endfacet
 facet normal 6.72578737e-02 -2.45415077e-01 -9.67082143e-01
  outer loop
   vertex 1.94376068e+01 2.94573669e+01 4.76837158e-07
   vertex 2.26495590e+01 3.03419189e+01 4.76837158e-07
   vertex 2.63920670e+01 1.07423859e+01 4.76837158e-07
  endloop
 endfacet
 facet normal 1.38556227e-01 -4.87880379e-01 -8.61843884e-01
  outer loop
   vertex 2.63920670e+01 1.07423859e+01 4.76837158e-07
   vertex 2.26495590e+01 3.03419189e+01 4.76837158e-07
   vertex 2.83170700e+01 1.13084106e+01 4.76837158e-07
  endloop
 endfacet
 facet normal 9.12980959e-02 -3.07912707e-01 9.47023988e-01
  outer loop
   vertex 2.60646820e+01 3.29214478e+00 3.00000048e+00
   vertex 3.03524323e+01 4.47296143e+00 3.00000048e+00
   vertex 2.49225082e+01 7.80171204e+00 3.00000048e+00
  endloop
 endfacet
 facet normal -7.02666119e-02 3.04999024e-01 9.49756920e-01
  outer loop
   vertex 2.49225082e+01 7.80171204e+00 3.00000048e+00
   vertex 3.03524323e+01 4.47296143e+00 3.00000048e+00
   vertex 2.71281662e+01 8.36250305e+00 3.00000048e+00
  endloop
 endfacet
 facet normal -8.15928951e-02 3.01922917e-01 9.49834287e-01
  outer loop
   vertex 2.71281662e+01 8.36250305e+00 3.00000048e+00
   vertex 3.03524323e+01 4.47296143e+00 3.00000048e+00
   vertex 2.90279007e+01 8.92120361e+00 3.00000048e+00
  endloop
 endfacet
 facet normal 1.83159396e-01 -4.72948641e-01 -8.61842334e-01
  outer loop
   vertex 3.22514343e+01 1.26341248e+01 4.76837158e-07
   vertex 2.58222046e+01 3.13584900e+01 4.76837158e-07
   vertex 3.39300461e+01 1.32663422e+01 4.76837158e-07
  endloop
 endfacet
 facet normal 9.40855369e-02 -2.36435294e-01 -9.67081308e-01
  outer loop
   vertex 2.58222046e+01 3.13584900e+01 4.76837158e-07
   vertex 2.89501266e+01 3.25052948e+01 4.76837158e-07
   vertex 3.39300461e+01 1.32663422e+01 4.76837158e-07
  endloop
 endfacet
 facet normal 1.91862494e-01 -4.69485462e-01 -8.61842334e-01
  outer loop
   vertex 3.39300461e+01 1.32663422e+01 4.76837158e-07
   vertex 2.89501266e+01 3.25052948e+01 4.76837158e-07
   vertex 3.61027870e+01 1.41779327e+01 4.76837158e-07
  endloop
 endfacet
 facet normal 1.07909374e-01 -3.02397043e-01 9.47054148e-01
  outer loop
   vertex 3.45877075e+01 5.83000183e+00 3.00000048e+00
   vertex 3.87632751e+01 7.36093140e+00 3.00000048e+00
   vertex 3.30606651e+01 1.02773285e+01 3.00000048e+00
  endloop
 endfacet
 facet normal -1.12117670e-01 2.91922003e-01 9.49847996e-01
  outer loop
   vertex 3.30606651e+01 1.02773285e+01 3.00000048e+00
   vertex 3.87632751e+01 7.36093140e+00 3.00000048e+00
   vertex 3.47739944e+01 1.09226227e+01 3.00000048e+00
  endloop
 endfacet
 facet normal -1.23005956e-01 2.87582010e-01 9.49824274e-01
  outer loop
   vertex 3.47739944e+01 1.09226227e+01 3.00000048e+00
   vertex 3.87632751e+01 7.36093140e+00 3.00000048e+00
   vertex 3.70075684e+01 1.18596039e+01 3.00000048e+00
  endloop
 endfacet
 facet normal -9.27771404e-02 2.98637122e-01 -9.49846447e-01
  outer loop
   vertex 2.90279007e+01 8.92120361e+00 4.76837158e-07
   vertex 2.97081680e+01 9.12126160e+00 4.76837158e-07
   vertex 3.03524323e+01 4.47296143e+00 4.76837158e-07
  endloop
 endfacet
 facet normal 9.99645963e-02 -3.06282401e-01 -9.46677446e-01
  outer loop
   vertex 3.03524323e+01 4.47296143e+00 4.76837158e-07
   vertex 2.97081680e+01 9.12126160e+00 4.76837158e-07
   vertex 3.45877075e+01 5.83000183e+00 4.76837158e-07
  endloop
 endfacet
 facet normal -1.13571472e-01 2.91477531e-01 -9.49811757e-01
  outer loop
   vertex 3.30606651e+01 1.02773285e+01 4.76837158e-07
   vertex 3.45877075e+01 5.83000183e+00 4.76837158e-07
   vertex 3.22572556e+01 9.97474670e+00 4.76837158e-07
  endloop
 endfacet
 facet normal -9.62366462e-02 2.95090139e-01 -9.50610518e-01
  outer loop
   vertex 2.97081680e+01 9.12126160e+00 4.76837158e-07
   vertex 3.22572556e+01 9.97474670e+00 4.76837158e-07
   vertex 3.45877075e+01 5.83000183e+00 4.76837158e-07
  endloop
 endfacet
 facet normal -9.27875564e-02 2.98634082e-01 9.49846387e-01
  outer loop
   vertex 2.90279007e+01 8.92120361e+00 3.00000048e+00
   vertex 3.03524323e+01 4.47296143e+00 3.00000048e+00
   vertex 2.97081680e+01 9.12126160e+00 3.00000048e+00
  endloop
 endfacet
 facet normal 9.99575630e-02 -3.06284577e-01 9.46677446e-01
  outer loop
   vertex 3.03524323e+01 4.47296143e+00 3.00000048e+00
   vertex 3.45877075e+01 5.83000183e+00 3.00000048e+00
   vertex 2.97081680e+01 9.12126160e+00 3.00000048e+00
  endloop
 endfacet
 facet normal -1.13562703e-01 2.91480809e-01 9.49811816e-01
  outer loop
   vertex 3.30606651e+01 1.02773285e+01 3.00000048e+00
   vertex 3.22572556e+01 9.97474670e+00 3.00000048e+00
   vertex 3.45877075e+01 5.83000183e+00 3.00000048e+00
  endloop
 endfacet
 facet normal -9.62383077e-02 2.95090050e-01 9.50610340e-01
  outer loop
   vertex 3.22572556e+01 9.97474670e+00 3.00000048e+00
   vertex 2.97081680e+01 9.12126160e+00 3.00000048e+00
   vertex 3.45877075e+01 5.83000183e+00 3.00000048e+00
  endloop
 endfacet
 facet normal -2.78751284e-01 9.06405687e-01 3.17374349e-01
  outer loop
   vertex 2.97081680e+01 9.12126160e+00 3.00000048e+00
   vertex 2.97081680e+01 9.12126160e+00 4.76837158e-07
   vertex 2.90279007e+01 8.92120361e+00 3.00000048e+00
  endloop
 endfacet
 facet normal -2.73035735e-01 9.07751322e-01 -3.18494916e-01
  outer loop
   vertex 2.97081680e+01 9.12126160e+00 4.76837158e-07
   vertex 2.90279007e+01 8.92120361e+00 4.76837158e-07
   vertex 2.90279007e+01 8.92120361e+00 3.00000048e+00
  endloop
 endfacet
 facet normal -2.61855006e-01 9.11039710e-01 -3.18494231e-01
  outer loop
   vertex 2.90279007e+01 8.92120361e+00 4.76837158e-07
   vertex 2.71281662e+01 8.36250305e+00 4.76837158e-07
   vertex 2.90279007e+01 8.92120361e+00 3.00000048e+00
  endloop
 endfacet
 facet normal -2.56325394e-01 9.13001060e-01 3.17374080e-01
  outer loop
   vertex 2.71281662e+01 8.36250305e+00 4.76837158e-07
   vertex 2.71281662e+01 8.36250305e+00 3.00000048e+00
   vertex 2.90279007e+01 8.92120361e+00 3.00000048e+00
  endloop
 endfacet
 facet normal -3.06399375e-01 8.96620333e-01 3.19673836e-01
  outer loop
   vertex 3.22572556e+01 9.97474670e+00 3.00000048e+00
   vertex 3.22572556e+01 9.97474670e+00 4.76837158e-07
   vertex 2.97081680e+01 9.12126160e+00 3.00000048e+00
  endloop
 endfacet
 facet normal -2.95288026e-01 9.00340319e-01 -3.19675356e-01
  outer loop
   vertex 2.97081680e+01 9.12126160e+00 3.00000048e+00
   vertex 3.22572556e+01 9.97474670e+00 4.76837158e-07
   vertex 2.97081680e+01 9.12126160e+00 4.76837158e-07
  endloop
 endfacet
 facet normal -3.45134467e-01 8.83264601e-01 3.17373306e-01
  outer loop
   vertex 3.47739944e+01 1.09226227e+01 3.00000048e+00
   vertex 3.47739944e+01 1.09226227e+01 4.76837158e-07
   vertex 3.30606651e+01 1.02773285e+01 3.00000048e+00
  endloop
 endfacet
 facet normal -3.39545250e-01 8.85026693e-01 -3.18491340e-01
  outer loop
   vertex 3.47739944e+01 1.09226227e+01 4.76837158e-07
   vertex 3.30606651e+01 1.02773285e+01 4.76837158e-07
   vertex 3.30606651e+01 1.02773285e+01 3.00000048e+00
  endloop
 endfacet
 facet normal -3.28630209e-01 8.89135182e-01 3.18497717e-01
  outer loop
   vertex 3.30606651e+01 1.02773285e+01 3.00000048e+00
   vertex 3.30606651e+01 1.02773285e+01 4.76837158e-07
   vertex 3.22572556e+01 9.97474670e+00 3.00000048e+00
  endloop
 endfacet
 facet normal -3.23258698e-01 8.91502023e-01 -3.17376643e-01
  outer loop
   vertex 3.30606651e+01 1.02773285e+01 4.76837158e-07
   vertex 3.22572556e+01 9.97474670e+00 4.76837158e-07
   vertex 3.22572556e+01 9.97474670e+00 3.00000048e+00
  endloop
 endfacet
 facet normal -3.79532814e-01 8.68959367e-01 3.17591697e-01
  outer loop
   vertex 3.72569504e+01 1.19642181e+01 3.00000048e+00
   vertex 3.72569504e+01 1.19642181e+01 4.76837158e-07
   vertex 3.70075684e+01 1.18596039e+01 3.00000048e+00
  endloop
 endfacet
 facet normal -3.72992247e-01 8.71302247e-01 -3.18918824e-01
  outer loop
   vertex 3.72569504e+01 1.19642181e+01 4.76837158e-07
   vertex 3.70075684e+01 1.18596039e+01 4.76837158e-07
   vertex 3.70075684e+01 1.18596039e+01 3.00000048e+00
  endloop
 endfacet
 facet normal -3.61321658e-01 8.76361907e-01 3.18490863e-01
  outer loop
   vertex 3.70075684e+01 1.18596039e+01 3.00000048e+00
   vertex 3.70075684e+01 1.18596039e+01 4.76837158e-07
   vertex 3.47739944e+01 1.09226227e+01 3.00000048e+00
  endloop
 endfacet
 facet normal -3.56048197e-01 8.78922224e-01 -3.17372739e-01
  outer loop
   vertex 3.70075684e+01 1.18596039e+01 4.76837158e-07
   vertex 3.47739944e+01 1.09226227e+01 4.76837158e-07
   vertex 3.47739944e+01 1.09226227e+01 3.00000048e+00
  endloop
 endfacet
 facet normal -6.78562164e-01 5.90715826e-01 4.36587006e-01
  outer loop
   vertex 4.06150589e+01 1.35496063e+01 3.00000048e+00
   vertex 4.06150589e+01 1.35496063e+01 4.76837158e-07
   vertex 3.72569504e+01 1.19642181e+01 3.00000048e+00
  endloop
 endfacet
 facet normal -5.00193059e-01 7.35390961e-01 -4.57172871e-01
  outer loop
   vertex 3.72569504e+01 1.19642181e+01 3.00000048e+00
   vertex 4.06150589e+01 1.35496063e+01 4.76837158e-07
   vertex 3.72569504e+01 1.19642181e+01 4.76837158e-07
  endloop
 endfacet
 facet normal -5.49078405e-01 -4.67247337e-01 6.92959487e-01
  outer loop
   vertex 3.96886826e+01 1.58563080e+01 3.00000048e+00
   vertex 3.96886826e+01 1.58563080e+01 4.76837158e-07
   vertex 4.06150589e+01 1.35496063e+01 3.00000048e+00
  endloop
 endfacet
 facet normal -7.28491902e-01 -4.57377471e-02 -6.83525860e-01
  outer loop
   vertex 4.06150589e+01 1.35496063e+01 3.00000048e+00
   vertex 3.96886826e+01 1.58563080e+01 4.76837158e-07
   vertex 4.06150589e+01 1.35496063e+01 4.76837158e-07
  endloop
 endfacet
 facet normal 2.18749568e-01 -8.58139694e-01 4.64483410e-01
  outer loop
   vertex 3.63779526e+01 1.42933807e+01 3.00000048e+00
   vertex 3.63779526e+01 1.42933807e+01 4.76837158e-07
   vertex 3.96886826e+01 1.58563080e+01 3.00000048e+00
  endloop
 endfacet
 facet normal -6.89919200e-03 -8.95940006e-01 -4.44121540e-01
  outer loop
   vertex 3.96886826e+01 1.58563080e+01 3.00000048e+00
   vertex 3.63779526e+01 1.42933807e+01 4.76837158e-07
   vertex 3.96886826e+01 1.58563080e+01 4.76837158e-07
  endloop
 endfacet
 facet normal 3.56329143e-01 -8.79612803e-01 3.15136194e-01
  outer loop
   vertex 3.39300461e+01 1.32663422e+01 3.00000048e+00
   vertex 3.39300461e+01 1.32663422e+01 4.76837158e-07
   vertex 3.61027870e+01 1.41779327e+01 3.00000048e+00
  endloop
 endfacet
 facet normal 3.79972160e-01 -8.69731009e-01 -3.14943105e-01
  outer loop
   vertex 3.63779526e+01 1.42933807e+01 4.76837158e-07
   vertex 3.63779526e+01 1.42933807e+01 3.00000048e+00
   vertex 3.61027870e+01 1.41779327e+01 4.76837158e-07
  endloop
 endfacet
 facet normal 3.73801261e-01 -8.72876883e-01 3.13621670e-01
  outer loop
   vertex 3.63779526e+01 1.42933807e+01 3.00000048e+00
   vertex 3.61027870e+01 1.41779327e+01 3.00000048e+00
   vertex 3.61027870e+01 1.41779327e+01 4.76837158e-07
  endloop
 endfacet
 facet normal 3.61890197e-01 -8.77740145e-01 -3.14018577e-01
  outer loop
   vertex 3.39300461e+01 1.32663422e+01 4.76837158e-07
   vertex 3.61027870e+01 1.41779327e+01 4.76837158e-07
   vertex 3.61027870e+01 1.41779327e+01 3.00000048e+00
  endloop
 endfacet
 facet normal 3.23476017e-01 -8.92217994e-01 3.15135300e-01
  outer loop
   vertex 3.14488144e+01 1.23318329e+01 3.00000048e+00
   vertex 3.14488144e+01 1.23318329e+01 4.76837158e-07
   vertex 3.22514343e+01 1.26341248e+01 3.00000048e+00
  endloop
 endfacet
 facet normal 3.29111427e-01 -8.90550017e-01 -3.14016461e-01
  outer loop
   vertex 3.14488144e+01 1.23318329e+01 4.76837158e-07
   vertex 3.22514343e+01 1.26341248e+01 4.76837158e-07
   vertex 3.22514343e+01 1.26341248e+01 3.00000048e+00
  endloop
 endfacet
 facet normal 3.40131640e-01 -8.86398792e-01 -3.14018518e-01
  outer loop
   vertex 3.22514343e+01 1.26341248e+01 4.76837158e-07
   vertex 3.39300461e+01 1.32663422e+01 4.76837158e-07
   vertex 3.22514343e+01 1.26341248e+01 3.00000048e+00
  endloop
 endfacet
 facet normal 3.45467597e-01 -8.83935094e-01 3.15136224e-01
  outer loop
   vertex 3.39300461e+01 1.32663422e+01 4.76837158e-07
   vertex 3.39300461e+01 1.32663422e+01 3.00000048e+00
   vertex 3.22514343e+01 1.26341248e+01 3.00000048e+00
  endloop
 endfacet
 facet normal 2.95980304e-01 -9.02472317e-01 3.12952638e-01
  outer loop
   vertex 2.89356766e+01 1.14903107e+01 3.00000048e+00
   vertex 2.89356766e+01 1.14903107e+01 4.76837158e-07
   vertex 3.14488144e+01 1.23318329e+01 3.00000048e+00
  endloop
 endfacet
 facet normal 3.07123661e-01 -8.98741603e-01 -3.12951386e-01
  outer loop
   vertex 3.14488144e+01 1.23318329e+01 3.00000048e+00
   vertex 2.89356766e+01 1.14903107e+01 4.76837158e-07
   vertex 3.14488144e+01 1.23318329e+01 4.76837158e-07
  endloop
 endfacet
 facet normal 2.56452441e-01 -9.13739860e-01 3.15137506e-01
  outer loop
   vertex 2.63920670e+01 1.07423859e+01 3.00000048e+00
   vertex 2.63920670e+01 1.07423859e+01 4.76837158e-07
   vertex 2.83170700e+01 1.13084106e+01 3.00000048e+00
  endloop
 endfacet
 facet normal 2.62186676e-01 -9.12495613e-01 -3.14022213e-01
  outer loop
   vertex 2.63920670e+01 1.07423859e+01 4.76837158e-07
   vertex 2.83170700e+01 1.13084106e+01 4.76837158e-07
   vertex 2.83170700e+01 1.13084106e+01 3.00000048e+00
  endloop
 endfacet
 facet normal 2.73480296e-01 -9.09177482e-01 3.14013958e-01
  outer loop
   vertex 2.83170700e+01 1.13084106e+01 3.00000048e+00
   vertex 2.83170700e+01 1.13084106e+01 4.76837158e-07
   vertex 2.89356766e+01 1.14903107e+01 3.00000048e+00
  endloop
 endfacet
 facet normal 2.78993428e-01 -9.07112718e-01 -3.15133601e-01
  outer loop
   vertex 2.83170700e+01 1.13084106e+01 4.76837158e-07
   vertex 2.89356766e+01 1.14903107e+01 4.76837158e-07
   vertex 2.89356766e+01 1.14903107e+01 3.00000048e+00
  endloop
 endfacet
 facet normal 2.23954126e-01 -9.22196507e-01 3.15274805e-01
  outer loop
   vertex 2.38194199e+01 1.00882416e+01 3.00000429e+00
   vertex 2.38194199e+01 1.00882416e+01 4.76837158e-07
   vertex 2.43116760e+01 1.02134094e+01 3.00000048e+00
  endloop
 endfacet
 facet normal 2.28978068e-01 -9.21294570e-01 -3.14301342e-01
  outer loop
   vertex 2.38194199e+01 1.00882416e+01 4.76837158e-07
   vertex 2.43116760e+01 1.02134094e+01 4.76837158e-07
   vertex 2.43116760e+01 1.02134094e+01 3.00000048e+00
  endloop
 endfacet
 facet normal 2.39655495e-01 -9.18670416e-01 3.14022064e-01
  outer loop
   vertex 2.43116760e+01 1.02134094e+01 3.00000048e+00
   vertex 2.43116760e+01 1.02134094e+01 4.76837158e-07
   vertex 2.63920670e+01 1.07423859e+01 3.00000048e+00
  endloop
 endfacet
 facet normal 2.45212227e-01 -9.16819870e-01 -3.15138489e-01
  outer loop
   vertex 2.43116760e+01 1.02134094e+01 4.76837158e-07
   vertex 2.63920670e+01 1.07423859e+01 4.76837158e-07
   vertex 2.63920670e+01 1.07423859e+01 3.00000048e+00
  endloop
 endfacet
 facet normal 5.51058471e-01 -7.05852687e-01 4.45091635e-01
  outer loop
   vertex 2.18801956e+01 9.66123962e+00 3.00000048e+00
   vertex 2.18801956e+01 9.66123962e+00 4.76837158e-07
   vertex 2.38194199e+01 1.00882416e+01 3.00000429e+00
  endloop
 endfacet
 facet normal 3.47830087e-01 -8.14115763e-01 -4.65005070e-01
  outer loop
   vertex 2.38194199e+01 1.00882416e+01 3.00000429e+00
   vertex 2.18801956e+01 9.66123962e+00 4.76837158e-07
   vertex 2.38194199e+01 1.00882416e+01 4.76837158e-07
  endloop
 endfacet
 facet normal 6.05274439e-01 4.07599330e-01 6.83743834e-01
  outer loop
   vertex 2.25517273e+01 7.26588440e+00 3.00000048e+00
   vertex 2.25517273e+01 7.26588440e+00 4.76837158e-07
   vertex 2.18801956e+01 9.66123962e+00 3.00000048e+00
  endloop
 endfacet
 facet normal 7.20270336e-01 -3.59064825e-02 -6.92763567e-01
  outer loop
   vertex 2.18801956e+01 9.66123962e+00 3.00000048e+00
   vertex 2.25517273e+01 7.26588440e+00 4.76837158e-07
   vertex 2.18801956e+01 9.66123962e+00 4.76837158e-07
  endloop
 endfacet
 facet normal -4.99085858e-02 8.88256788e-01 4.56627905e-01
  outer loop
   vertex 2.45186996e+01 7.69905090e+00 3.00000048e+00
   vertex 2.45186996e+01 7.69905090e+00 4.76837158e-07
   vertex 2.25517273e+01 7.26588440e+00 3.00000048e+00
  endloop
 endfacet
 facet normal 1.78174928e-01 8.82329464e-01 -4.35601234e-01
  outer loop
   vertex 2.25517273e+01 7.26588440e+00 3.00000048e+00
   vertex 2.45186996e+01 7.69905090e+00 4.76837158e-07
   vertex 2.25517273e+01 7.26588440e+00 4.76837158e-07
  endloop
 endfacet
 facet normal -2.44980142e-01 9.16109979e-01 3.17375541e-01
  outer loop
   vertex 2.71281662e+01 8.36250305e+00 3.00000048e+00
   vertex 2.71281662e+01 8.36250305e+00 4.76837158e-07
   vertex 2.49225082e+01 7.80171204e+00 3.00000048e+00
  endloop
 endfacet
 facet normal -2.39222229e-01 9.17242467e-01 -3.18494946e-01
  outer loop
   vertex 2.71281662e+01 8.36250305e+00 4.76837158e-07
   vertex 2.49225082e+01 7.80171204e+00 4.76837158e-07
   vertex 2.49225082e+01 7.80171204e+00 3.00000048e+00
  endloop
 endfacet
 facet normal -2.28676528e-01 9.20032203e-01 -3.18194568e-01
  outer loop
   vertex 2.49225082e+01 7.80171204e+00 4.76837158e-07
   vertex 2.45186996e+01 7.69905090e+00 4.76837158e-07
   vertex 2.49225082e+01 7.80171204e+00 3.00000048e+00
  endloop
 endfacet
 facet normal -2.23810151e-01 9.21563447e-01 3.17221999e-01
  outer loop
   vertex 2.45186996e+01 7.69905090e+00 4.76837158e-07
   vertex 2.45186996e+01 7.69905090e+00 3.00000048e+00
   vertex 2.49225082e+01 7.80171204e+00 3.00000048e+00
  endloop
 endfacet
endsolid
