solid polySurfaceShape285
 facet normal -9.32967126e-01 -2.04980016e-01 -2.95897931e-01
  outer loop
   vertex 1.24444246e-01 3.72290039e+00 2.16491222e+00
   vertex 1.24955416e-01 2.32235718e+00 2.88536358e+00
   vertex 1.24970675e-01 4.62295532e+00 4.89898205e+00
  endloop
 endfacet
 facet normal -9.63413537e-01 7.41828158e-02 2.57548600e-01
  outer loop
   vertex 1.24970675e-01 4.62295532e+00 4.89898205e+00
   vertex 1.24955416e-01 2.32235718e+00 2.88536358e+00
   vertex 1.25188112e-01 4.02320862e+00 5.20749187e+00
  endloop
 endfacet
 facet normal -9.32923973e-01 -2.86482573e-01 -2.18129754e-01
  outer loop
   vertex 1.24955416e-01 2.32235718e+00 2.88536358e+00
   vertex 1.25497103e-01 1.21295166e+00 4.00338268e+00
   vertex 1.25188112e-01 4.02320862e+00 5.20749187e+00
  endloop
 endfacet
 facet normal -9.63440835e-01 1.50043905e-01 2.21965194e-01
  outer loop
   vertex 1.25188112e-01 4.02320862e+00 5.20749187e+00
   vertex 1.25497103e-01 1.21295166e+00 4.00338268e+00
   vertex 1.25428438e-01 3.54814148e+00 5.68625164e+00
  endloop
 endfacet
 facet normal -9.32888329e-01 -3.39946091e-01 -1.18979216e-01
  outer loop
   vertex 1.25497103e-01 1.21295166e+00 4.00338268e+00
   vertex 1.26034975e-01 5.03341675e-01 5.40947247e+00
   vertex 1.25428438e-01 3.54814148e+00 5.68625164e+00
  endloop
 endfacet
 facet normal -9.63466763e-01 2.11213112e-01 1.64684027e-01
  outer loop
   vertex 1.25428438e-01 3.54814148e+00 5.68625164e+00
   vertex 1.26034975e-01 5.03341675e-01 5.40947247e+00
   vertex 1.25657320e-01 3.24427795e+00 6.28835583e+00
  endloop
 endfacet
 facet normal -9.99595284e-01 2.69132499e-02 -9.21911560e-03
  outer loop
   vertex 1.26034975e-01 5.03341675e-01 5.40947247e+00
   vertex 1.26160145e-01 4.38705444e-01 5.82806206e+00
   vertex 1.25657320e-01 3.24427795e+00 6.28835583e+00
  endloop
 endfacet
 facet normal -8.63115191e-01 5.00140965e-01 6.99372366e-02
  outer loop
   vertex 1.25657320e-01 3.24427795e+00 6.28835583e+00
   vertex 1.26160145e-01 4.38705444e-01 5.82806206e+00
   vertex 1.25848055e-01 3.14132690e+00 6.95492077e+00
  endloop
 endfacet
 facet normal -9.46087897e-01 3.23908240e-01 -1.09431986e-03
  outer loop
   vertex 1.26160145e-01 4.38705444e-01 5.82806206e+00
   vertex 1.26239300e-01 4.38995361e-01 6.12681532e+00
   vertex 1.25848055e-01 3.14132690e+00 6.95492077e+00
  endloop
 endfacet
 facet normal -9.46104765e-01 3.23859990e-01 -7.35038368e-04
  outer loop
   vertex 1.26460314e-01 4.39804077e-01 6.96536779e+00
   vertex 1.25848055e-01 3.14132690e+00 6.95492077e+00
   vertex 1.26239300e-01 4.38995361e-01 6.12681532e+00
  endloop
 endfacet
 facet normal -9.99586165e-01 2.70145629e-02 9.88399982e-03
  outer loop
   vertex 1.26862764e-01 5.15380859e-01 8.52069378e+00
   vertex 1.26000643e-01 3.24942017e+00 7.62066174e+00
   vertex 1.26755714e-01 4.40887451e-01 8.06185913e+00
  endloop
 endfacet
 facet normal -9.47144151e-01 3.12618941e-01 -7.20236152e-02
  outer loop
   vertex 1.26755714e-01 4.40887451e-01 8.06185913e+00
   vertex 1.26000643e-01 3.24942017e+00 7.62066174e+00
   vertex 1.26460314e-01 4.39804077e-01 6.96536779e+00
  endloop
 endfacet
 facet normal -8.63173246e-01 4.99538332e-01 -7.34394416e-02
  outer loop
   vertex 1.26000643e-01 3.24942017e+00 7.62066174e+00
   vertex 1.25848055e-01 3.14132690e+00 6.95492077e+00
   vertex 1.26460314e-01 4.39804077e-01 6.96536779e+00
  endloop
 endfacet
 facet normal -9.32833254e-01 -2.96306670e-01 2.04998851e-01
  outer loop
   vertex 1.26862764e-01 5.15380859e-01 8.52069378e+00
   vertex 1.27068758e-01 1.23582458e+00 9.92127514e+00
   vertex 1.26000643e-01 3.24942017e+00 7.62066174e+00
  endloop
 endfacet
 facet normal -9.63539720e-01 2.57084548e-01 -7.41531551e-02
  outer loop
   vertex 1.26000643e-01 3.24942017e+00 7.62066174e+00
   vertex 1.27068758e-01 1.23582458e+00 9.92127514e+00
   vertex 1.26099825e-01 3.55793762e+00 8.22040081e+00
  endloop
 endfacet
 facet normal -9.32814360e-01 -2.18570516e-01 2.86503494e-01
  outer loop
   vertex 1.27068758e-01 1.23582458e+00 9.92127514e+00
   vertex 1.27118349e-01 2.35383606e+00 1.10306578e+01
   vertex 1.26099825e-01 3.55793762e+00 8.22040081e+00
  endloop
 endfacet
 facet normal -9.63553190e-01 2.21498355e-01 -1.50012463e-01
  outer loop
   vertex 1.26099825e-01 3.55793762e+00 8.22040081e+00
   vertex 1.27118349e-01 2.35383606e+00 1.10306578e+01
   vertex 1.26115084e-01 4.03669739e+00 8.69546795e+00
  endloop
 endfacet
 facet normal -9.32816982e-01 -1.19432613e-01 3.39982897e-01
  outer loop
   vertex 1.27118349e-01 2.35383606e+00 1.10306578e+01
   vertex 1.26996279e-01 3.75991821e+00 1.17402678e+01
   vertex 1.26115084e-01 4.03669739e+00 8.69546795e+00
  endloop
 endfacet
 facet normal -9.63557541e-01 1.64211437e-01 -2.11166888e-01
  outer loop
   vertex 1.26115084e-01 4.03669739e+00 8.69546795e+00
   vertex 1.26996279e-01 3.75991821e+00 1.17402678e+01
   vertex 1.26061678e-01 4.63880920e+00 8.99933910e+00
  endloop
 endfacet
 facet normal -9.32836294e-01 -8.61228071e-03 3.60197604e-01
  outer loop
   vertex 1.26996279e-01 3.75991821e+00 1.17402678e+01
   vertex 1.26702547e-01 5.31649780e+00 1.19806471e+01
   vertex 1.26061678e-01 4.63880920e+00 8.99933910e+00
  endloop
 endfacet
 facet normal -9.63553250e-01 9.08300951e-02 -2.51624703e-01
  outer loop
   vertex 1.26061678e-01 4.63880920e+00 8.99933910e+00
   vertex 1.26702547e-01 5.31649780e+00 1.19806471e+01
   vertex 1.25939608e-01 5.30535889e+00 9.10228252e+00
  endloop
 endfacet
 facet normal -9.32864845e-01 1.03027150e-01 3.45179141e-01
  outer loop
   vertex 1.26702547e-01 5.31649780e+00 1.19806471e+01
   vertex 1.26294374e-01 6.87115479e+00 1.17282362e+01
   vertex 1.25939608e-01 5.30535889e+00 9.10228252e+00
  endloop
 endfacet
 facet normal -9.63538706e-01 8.53427406e-03 -2.67432809e-01
  outer loop
   vertex 1.25939608e-01 5.30535889e+00 9.10228252e+00
   vertex 1.26294374e-01 6.87115479e+00 1.17282362e+01
   vertex 1.25760317e-01 5.97109985e+00 8.99418926e+00
  endloop
 endfacet
 facet normal -9.32901025e-01 2.04563960e-01 2.96393752e-01
  outer loop
   vertex 1.26294374e-01 6.87115479e+00 1.17282362e+01
   vertex 1.25783205e-01 8.27172852e+00 1.10077925e+01
   vertex 1.25760317e-01 5.97109985e+00 8.99418926e+00
  endloop
 endfacet
 facet normal -9.63517249e-01 -7.46122226e-02 -2.57036030e-01
  outer loop
   vertex 1.25760317e-01 5.97109985e+00 8.99418926e+00
   vertex 1.25783205e-01 8.27172852e+00 1.10077925e+01
   vertex 1.25542879e-01 6.57086182e+00 8.68567944e+00
  endloop
 endfacet
 facet normal -9.32939529e-01 2.86056846e-01 2.18621358e-01
  outer loop
   vertex 1.25783205e-01 8.27172852e+00 1.10077925e+01
   vertex 1.25241518e-01 9.38110352e+00 9.88978863e+00
   vertex 1.25542879e-01 6.57086182e+00 8.68567944e+00
  endloop
 endfacet
 facet normal -9.63490427e-01 -1.50478542e-01 -2.21455187e-01
  outer loop
   vertex 1.25542879e-01 6.57086182e+00 8.68567944e+00
   vertex 1.25241518e-01 9.38110352e+00 9.88978863e+00
   vertex 1.25310183e-01 7.04591370e+00 8.20692730e+00
  endloop
 endfacet
 facet normal -9.32978153e-01 3.39527190e-01 1.19469844e-01
  outer loop
   vertex 1.25241518e-01 9.38110352e+00 9.88978863e+00
   vertex 1.24711275e-01 1.00907288e+01 8.48367596e+00
   vertex 1.25310183e-01 7.04591370e+00 8.20692730e+00
  endloop
 endfacet
 facet normal -9.63461459e-01 -2.11637110e-01 -1.64169788e-01
  outer loop
   vertex 1.25310183e-01 7.04591370e+00 8.20692730e+00
   vertex 1.24711275e-01 1.00907288e+01 8.48367596e+00
   vertex 1.25081301e-01 7.34979248e+00 7.60480022e+00
  endloop
 endfacet
 facet normal -9.33012187e-01 3.59740704e-01 8.65340978e-03
  outer loop
   vertex 1.24711275e-01 1.00907288e+01 8.48367596e+00
   vertex 1.24234438e-01 1.03310852e+01 6.92712688e+00
   vertex 1.25081301e-01 7.34979248e+00 7.60480022e+00
  endloop
 endfacet
 facet normal -9.63433683e-01 -2.52098411e-01 -9.07853767e-02
  outer loop
   vertex 1.25081301e-01 7.34979248e+00 7.60480022e+00
   vertex 1.24234438e-01 1.03310852e+01 6.92712688e+00
   vertex 1.24879122e-01 7.45272827e+00 6.93825817e+00
  endloop
 endfacet
 facet normal -9.33038950e-01 3.44719887e-01 -1.02987967e-01
  outer loop
   vertex 1.24234438e-01 1.03310852e+01 6.92712688e+00
   vertex 1.23875856e-01 1.00786896e+01 5.37246227e+00
   vertex 1.24879122e-01 7.45272827e+00 6.93825817e+00
  endloop
 endfacet
 facet normal -9.63407516e-01 -2.67906278e-01 -8.49576201e-03
  outer loop
   vertex 1.24879122e-01 7.45272827e+00 6.93825817e+00
   vertex 1.23875856e-01 1.00786896e+01 5.37246227e+00
   vertex 1.24726534e-01 7.34463501e+00 6.27251720e+00
  endloop
 endfacet
 facet normal -9.33054686e-01 2.95934558e-01 -2.04528093e-01
  outer loop
   vertex 1.23875856e-01 1.00786896e+01 5.37246227e+00
   vertex 1.23666048e-01 9.35823059e+00 3.97190356e+00
   vertex 1.24726534e-01 7.34463501e+00 6.27251720e+00
  endloop
 endfacet
 facet normal -9.63387191e-01 -2.57511795e-01 7.46508539e-02
  outer loop
   vertex 1.24726534e-01 7.34463501e+00 6.27251720e+00
   vertex 1.23666048e-01 9.35823059e+00 3.97190356e+00
   vertex 1.24638796e-01 7.03611755e+00 5.67275524e+00
  endloop
 endfacet
 facet normal -9.33059037e-01 2.18162969e-01 -2.86017030e-01
  outer loop
   vertex 1.23666048e-01 9.35823059e+00 3.97190356e+00
   vertex 1.23616457e-01 8.24023438e+00 2.86250591e+00
   vertex 1.24638796e-01 7.03611755e+00 5.67275524e+00
  endloop
 endfacet
 facet normal -9.63375390e-01 -2.21925676e-01 1.50522083e-01
  outer loop
   vertex 1.24638796e-01 7.03611755e+00 5.67275524e+00
   vertex 1.23616457e-01 8.24023438e+00 2.86250591e+00
   vertex 1.24623537e-01 6.55737305e+00 5.19769573e+00
  endloop
 endfacet
 facet normal -9.33051884e-01 1.19017683e-01 -3.39483380e-01
  outer loop
   vertex 1.23616457e-01 8.24023438e+00 2.86250591e+00
   vertex 1.23742342e-01 6.83412170e+00 2.15288830e+00
   vertex 1.24623537e-01 6.55737305e+00 5.19769573e+00
  endloop
 endfacet
 facet normal -9.63371992e-01 -1.64638802e-01 2.11680099e-01
  outer loop
   vertex 1.24623537e-01 6.55737305e+00 5.19769573e+00
   vertex 1.23742342e-01 6.83412170e+00 2.15288830e+00
   vertex 1.24673128e-01 5.95526123e+00 4.89382458e+00
  endloop
 endfacet
 facet normal -9.33031738e-01 8.19828268e-03 -3.59700590e-01
  outer loop
   vertex 1.23742342e-01 6.83412170e+00 2.15288830e+00
   vertex 1.24032259e-01 5.27757263e+00 1.91251659e+00
   vertex 1.24673128e-01 5.95526123e+00 4.89382458e+00
  endloop
 endfacet
 facet normal -9.63378310e-01 -9.12563130e-02 2.52139807e-01
  outer loop
   vertex 1.24673128e-01 5.95526123e+00 4.89382458e+00
   vertex 1.24032259e-01 5.27757263e+00 1.91251659e+00
   vertex 1.24795198e-01 5.28869629e+00 4.79089642e+00
  endloop
 endfacet
 facet normal -9.33002889e-01 -1.03442028e-01 -3.44681561e-01
  outer loop
   vertex 1.24032259e-01 5.27757263e+00 1.91251659e+00
   vertex 1.24444246e-01 3.72290039e+00 2.16491222e+00
   vertex 1.24795198e-01 5.28869629e+00 4.79089642e+00
  endloop
 endfacet
 facet normal -9.63392198e-01 -8.96186847e-03 2.67946124e-01
  outer loop
   vertex 1.24795198e-01 5.28869629e+00 4.79089642e+00
   vertex 1.24444246e-01 3.72290039e+00 2.16491222e+00
   vertex 1.24970675e-01 4.62295532e+00 4.89898205e+00
  endloop
 endfacet
 facet normal -7.12189615e-01 -2.94493258e-01 -6.37228131e-01
  outer loop
   vertex 1.24955416e-01 2.32235718e+00 2.88536358e+00
   vertex 1.24444246e-01 3.72290039e+00 2.16491222e+00
   vertex 6.40304685e-01 2.32246399e+00 2.88522577e+00
  endloop
 endfacet
 facet normal -7.35274494e-01 -1.47372395e-01 -6.61553323e-01
  outer loop
   vertex 6.40304685e-01 2.32246399e+00 2.88522577e+00
   vertex 1.24444246e-01 3.72290039e+00 2.16491222e+00
   vertex 1.02258515e+00 3.72309875e+00 2.16467381e+00
  endloop
 endfacet
 facet normal -7.21937656e-01 -4.80142921e-01 -4.98265773e-01
  outer loop
   vertex 1.25497103e-01 1.21295166e+00 4.00338268e+00
   vertex 1.24955416e-01 2.32235718e+00 2.88536358e+00
   vertex 3.37491989e-01 1.21299744e+00 4.00332546e+00
  endloop
 endfacet
 facet normal -7.55566478e-01 -3.48678052e-01 -5.54565549e-01
  outer loop
   vertex 3.37491989e-01 1.21299744e+00 4.00332546e+00
   vertex 1.24955416e-01 2.32235718e+00 2.88536358e+00
   vertex 6.40304685e-01 2.32246399e+00 2.88522577e+00
  endloop
 endfacet
 facet normal -7.29333282e-01 -6.13124311e-01 -3.03564638e-01
  outer loop
   vertex 1.26034975e-01 5.03341675e-01 5.40947247e+00
   vertex 1.25497103e-01 1.21295166e+00 4.00338268e+00
   vertex 1.43803835e-01 5.03341675e-01 5.40946770e+00
  endloop
 endfacet
 facet normal -7.72508800e-01 -5.08227825e-01 -3.80702823e-01
  outer loop
   vertex 1.43803835e-01 5.03341675e-01 5.40946770e+00
   vertex 1.25497103e-01 1.21295166e+00 4.00338268e+00
   vertex 3.37491989e-01 1.21299744e+00 4.00332546e+00
  endloop
 endfacet
 facet normal -9.02399778e-01 -3.95515770e-01 -1.71002790e-01
  outer loop
   vertex 1.26160145e-01 4.38705444e-01 5.82806206e+00
   vertex 1.26034975e-01 5.03341675e-01 5.40947247e+00
   vertex 1.43803835e-01 5.03341675e-01 5.40946770e+00
  endloop
 endfacet
 facet normal -9.02229130e-01 -3.94019723e-01 1.75302655e-01
  outer loop
   vertex 1.47089005e-01 5.15380859e-01 8.52068806e+00
   vertex 1.26862764e-01 5.15380859e-01 8.52069378e+00
   vertex 1.26755714e-01 4.40887451e-01 8.06185913e+00
  endloop
 endfacet
 facet normal -7.29125023e-01 -6.10601485e-01 3.09099525e-01
  outer loop
   vertex 1.26862764e-01 5.15380859e-01 8.52069378e+00
   vertex 1.47089005e-01 5.15380859e-01 8.52068806e+00
   vertex 1.27068758e-01 1.23582458e+00 9.92127514e+00
  endloop
 endfacet
 facet normal -7.72089541e-01 -5.05015850e-01 3.85793686e-01
  outer loop
   vertex 3.43735218e-01 1.23587036e+00 9.92121792e+00
   vertex 1.27068758e-01 1.23582458e+00 9.92127514e+00
   vertex 1.47089005e-01 5.15380859e-01 8.52068806e+00
  endloop
 endfacet
 facet normal -7.54925787e-01 -3.44173610e-01 5.58239758e-01
  outer loop
   vertex 6.48897529e-01 2.35395813e+00 1.10305185e+01
   vertex 1.27118349e-01 2.35383606e+00 1.10306578e+01
   vertex 3.43735218e-01 1.23587036e+00 9.92121792e+00
  endloop
 endfacet
 facet normal -7.21533298e-01 -4.76139516e-01 5.02673686e-01
  outer loop
   vertex 3.43735218e-01 1.23587036e+00 9.92121792e+00
   vertex 1.27118349e-01 2.35383606e+00 1.10306578e+01
   vertex 1.27068758e-01 1.23582458e+00 9.92127514e+00
  endloop
 endfacet
 facet normal -7.34540939e-01 -1.42148450e-01 6.63508475e-01
  outer loop
   vertex 1.03268969e+00 3.76011658e+00 1.17400274e+01
   vertex 1.26996279e-01 3.75991821e+00 1.17402678e+01
   vertex 6.48897529e-01 2.35395813e+00 1.10305185e+01
  endloop
 endfacet
 facet normal -7.11655676e-01 -2.89472997e-01 6.40118420e-01
  outer loop
   vertex 6.48897529e-01 2.35395813e+00 1.10305185e+01
   vertex 1.26996279e-01 3.75991821e+00 1.17402678e+01
   vertex 1.27118349e-01 2.35383606e+00 1.10306578e+01
  endloop
 endfacet
 facet normal 1.56565472e-01 4.42697495e-01 8.82896483e-01
  outer loop
   vertex 4.83583164e+00 5.31755066e+00 1.19794035e+01
   vertex 1.26702547e-01 5.31649780e+00 1.19806471e+01
   vertex 4.83605957e+00 4.09751892e+00 1.17909889e+01
  endloop
 endfacet
 facet normal -1.55617177e-01 6.41185701e-01 7.51441419e-01
  outer loop
   vertex 4.83605957e+00 4.09751892e+00 1.17909889e+01
   vertex 1.26702547e-01 5.31649780e+00 1.19806471e+01
   vertex 3.19181824e+00 4.05041504e+00 1.17842093e+01
  endloop
 endfacet
 facet normal -3.75587404e-01 3.35368842e-01 8.63980234e-01
  outer loop
   vertex 3.19181824e+00 4.05041504e+00 1.17842093e+01
   vertex 1.26702547e-01 5.31649780e+00 1.19806471e+01
   vertex 1.09802663e+00 3.99951172e+00 1.17769747e+01
  endloop
 endfacet
 facet normal -6.13154233e-01 1.94278248e-02 7.89724290e-01
  outer loop
   vertex 1.03268969e+00 3.76011658e+00 1.17400274e+01
   vertex 1.09802663e+00 3.99951172e+00 1.17769747e+01
   vertex 1.26996279e-01 3.75991821e+00 1.17402678e+01
  endloop
 endfacet
 facet normal -5.86363494e-01 1.81367360e-02 8.09845030e-01
  outer loop
   vertex 1.09802663e+00 3.99951172e+00 1.17769747e+01
   vertex 1.26702547e-01 5.31649780e+00 1.19806471e+01
   vertex 1.26996279e-01 3.75991821e+00 1.17402678e+01
  endloop
 endfacet
 facet normal 2.93797135e-01 1.03296608e-01 9.50269997e-01
  outer loop
   vertex 4.83583164e+00 5.31755066e+00 1.19794035e+01
   vertex 4.83542347e+00 6.87220764e+00 1.17269850e+01
   vertex 1.26702547e-01 5.31649780e+00 1.19806471e+01
  endloop
 endfacet
 facet normal -2.93362379e-01 2.02659011e-01 9.34273958e-01
  outer loop
   vertex 1.26702547e-01 5.31649780e+00 1.19806471e+01
   vertex 4.83542347e+00 6.87220764e+00 1.17269850e+01
   vertex 1.26294374e-01 6.87115479e+00 1.17282362e+01
  endloop
 endfacet
 facet normal 2.93711454e-01 3.91917259e-01 8.71856928e-01
  outer loop
   vertex 4.83542347e+00 6.87220764e+00 1.17269850e+01
   vertex 4.83490849e+00 8.27279663e+00 1.10065413e+01
   vertex 1.26294374e-01 6.87115479e+00 1.17282362e+01
  endloop
 endfacet
 facet normal -2.93455601e-01 4.81417805e-01 8.25905979e-01
  outer loop
   vertex 1.26294374e-01 6.87115479e+00 1.17282362e+01
   vertex 4.83490849e+00 8.27279663e+00 1.10065413e+01
   vertex 1.25783205e-01 8.27172852e+00 1.10077925e+01
  endloop
 endfacet
 facet normal 2.93611079e-01 6.42180860e-01 7.08093405e-01
  outer loop
   vertex 4.83490849e+00 8.27279663e+00 1.10065413e+01
   vertex 4.83437061e+00 9.38217163e+00 9.88853741e+00
   vertex 1.25783205e-01 8.27172852e+00 1.10077925e+01
  endloop
 endfacet
 facet normal -2.93556660e-01 7.13048458e-01 6.36699557e-01
  outer loop
   vertex 1.25783205e-01 8.27172852e+00 1.10077925e+01
   vertex 4.83437061e+00 9.38217163e+00 9.88853741e+00
   vertex 1.25241518e-01 9.38110352e+00 9.88978863e+00
  endloop
 endfacet
 facet normal 2.93507338e-01 8.29592228e-01 4.75005418e-01
  outer loop
   vertex 4.83437061e+00 9.38217163e+00 9.88853741e+00
   vertex 4.83383274e+00 1.00917969e+01 8.48243237e+00
   vertex 1.25241518e-01 9.38110352e+00 9.88978863e+00
  endloop
 endfacet
 facet normal -2.93660432e-01 8.74873519e-01 3.85175169e-01
  outer loop
   vertex 1.25241518e-01 9.38110352e+00 9.88978863e+00
   vertex 4.83383274e+00 1.00917969e+01 8.48243237e+00
   vertex 1.24711275e-01 1.00907288e+01 8.48367596e+00
  endloop
 endfacet
 facet normal 2.93408632e-01 9.35801268e-01 1.95415884e-01
  outer loop
   vertex 4.83383274e+00 1.00917969e+01 8.48243237e+00
   vertex 4.83335972e+00 1.03321533e+01 6.92586803e+00
   vertex 1.24711275e-01 1.00907288e+01 8.48367596e+00
  endloop
 endfacet
 facet normal -2.93754697e-01 9.51052308e-01 9.59566757e-02
  outer loop
   vertex 1.24711275e-01 1.00907288e+01 8.48367596e+00
   vertex 4.83335972e+00 1.03321533e+01 6.92586803e+00
   vertex 1.24234438e-01 1.03310852e+01 6.92712688e+00
  endloop
 endfacet
 facet normal 2.93324441e-01 9.50414360e-01 -1.03311628e-01
  outer loop
   vertex 4.83335972e+00 1.03321533e+01 6.92586803e+00
   vertex 4.83300114e+00 1.00797577e+01 5.37120342e+00
   vertex 1.24234438e-01 1.03310852e+01 6.92712688e+00
  endloop
 endfacet
 facet normal -2.93831944e-01 9.34128523e-01 -2.02649221e-01
  outer loop
   vertex 1.24234438e-01 1.03310852e+01 6.92712688e+00
   vertex 4.83300114e+00 1.00797577e+01 5.37120342e+00
   vertex 1.23875856e-01 1.00786896e+01 5.37246227e+00
  endloop
 endfacet
 facet normal 2.93266743e-01 8.71999979e-01 -3.91931891e-01
  outer loop
   vertex 4.83300114e+00 1.00797577e+01 5.37120342e+00
   vertex 4.83278751e+00 9.35928345e+00 3.97065234e+00
   vertex 1.23875856e-01 1.00786896e+01 5.37246227e+00
  endloop
 endfacet
 facet normal -2.93879718e-01 8.25760961e-01 -4.81407911e-01
  outer loop
   vertex 1.23875856e-01 1.00786896e+01 5.37246227e+00
   vertex 4.83278751e+00 9.35928345e+00 3.97065234e+00
   vertex 1.23666048e-01 9.35823059e+00 3.97190356e+00
  endloop
 endfacet
 facet normal 2.93237209e-01 7.08236754e-01 -6.42193615e-01
  outer loop
   vertex 4.83278751e+00 9.35928345e+00 3.97065234e+00
   vertex 4.83274555e+00 8.24128723e+00 2.86124706e+00
   vertex 1.23666048e-01 9.35823059e+00 3.97190356e+00
  endloop
 endfacet
 facet normal -2.93900192e-01 6.36557221e-01 -7.13034034e-01
  outer loop
   vertex 1.23666048e-01 9.35823059e+00 3.97190356e+00
   vertex 4.83274555e+00 8.24128723e+00 2.86124706e+00
   vertex 1.23616457e-01 8.24023438e+00 2.86250591e+00
  endloop
 endfacet
 facet normal 2.93238342e-01 4.75154728e-01 -8.29601884e-01
  outer loop
   vertex 4.83274555e+00 8.24128723e+00 2.86124706e+00
   vertex 4.83286381e+00 6.83518982e+00 2.15163708e+00
   vertex 1.23616457e-01 8.24023438e+00 2.86250591e+00
  endloop
 endfacet
 facet normal -2.93887377e-01 3.85036290e-01 -8.74858439e-01
  outer loop
   vertex 1.23616457e-01 8.24023438e+00 2.86250591e+00
   vertex 4.83286381e+00 6.83518982e+00 2.15163708e+00
   vertex 1.23742342e-01 6.83412170e+00 2.15288830e+00
  endloop
 endfacet
 facet normal 2.93271422e-01 1.95563063e-01 -9.35813546e-01
  outer loop
   vertex 4.83286381e+00 6.83518982e+00 2.15163708e+00
   vertex 4.83315754e+00 5.27862549e+00 1.91124249e+00
   vertex 1.23742342e-01 6.83412170e+00 2.15288830e+00
  endloop
 endfacet
 facet normal -2.93843240e-01 9.58155915e-02 -9.51039195e-01
  outer loop
   vertex 1.23742342e-01 6.83412170e+00 2.15288830e+00
   vertex 4.83315754e+00 5.27862549e+00 1.91124249e+00
   vertex 1.24032259e-01 5.27757263e+00 1.91251659e+00
  endloop
 endfacet
 facet normal 1.62418500e-01 4.35528368e-01 -8.85401189e-01
  outer loop
   vertex 4.83315754e+00 5.27862549e+00 1.91124249e+00
   vertex 4.83347702e+00 4.08689880e+00 2.10473585e+00
   vertex 1.24032259e-01 5.27757263e+00 1.91251659e+00
  endloop
 endfacet
 facet normal -1.49463221e-01 6.36331558e-01 -7.56797791e-01
  outer loop
   vertex 4.83347702e+00 4.08689880e+00 2.10473585e+00
   vertex 4.06347370e+00 4.07530212e+00 2.10679150e+00
   vertex 1.24032259e-01 5.27757263e+00 1.91251659e+00
  endloop
 endfacet
 facet normal -2.62856692e-01 4.77596015e-01 -8.38336706e-01
  outer loop
   vertex 4.06347370e+00 4.07530212e+00 2.10679150e+00
   vertex 3.20145488e+00 4.05059814e+00 2.11100245e+00
   vertex 1.24032259e-01 5.27757263e+00 1.91251659e+00
  endloop
 endfacet
 facet normal -3.77010196e-01 3.30161005e-01 -8.65365267e-01
  outer loop
   vertex 3.20145488e+00 4.05059814e+00 2.11100245e+00
   vertex 1.09802663e+00 3.99951172e+00 2.11978388e+00
   vertex 1.24032259e-01 5.27757263e+00 1.91251659e+00
  endloop
 endfacet
 facet normal -6.14452481e-01 1.35902790e-02 -7.88836777e-01
  outer loop
   vertex 1.02258515e+00 3.72309875e+00 2.16467381e+00
   vertex 1.24444246e-01 3.72290039e+00 2.16491222e+00
   vertex 1.09802663e+00 3.99951172e+00 2.11978388e+00
  endloop
 endfacet
 facet normal -5.87475181e-01 1.21634901e-02 -8.09150755e-01
  outer loop
   vertex 1.09802663e+00 3.99951172e+00 2.11978388e+00
   vertex 1.24444246e-01 3.72290039e+00 2.16491222e+00
   vertex 1.24032259e-01 5.27757263e+00 1.91251659e+00
  endloop
 endfacet
 facet normal 7.75221050e-01 5.89835346e-01 2.26111785e-01
  outer loop
   vertex 4.83378792e+00 4.09365845e+00 3.28668404e+00
   vertex 4.83409595e+00 4.62402344e+00 4.89774609e+00
   vertex 4.83396053e+00 4.09739685e+00 3.93864918e+00
  endloop
 endfacet
 facet normal 6.14793241e-01 7.13828325e-01 3.35378021e-01
  outer loop
   vertex 4.83396053e+00 4.09739685e+00 3.93864918e+00
   vertex 4.83409595e+00 4.62402344e+00 4.89774609e+00
   vertex 4.83428764e+00 4.09742737e+00 5.16860199e+00
  endloop
 endfacet
 facet normal 6.13436043e-01 7.13652074e-01 -3.38226199e-01
  outer loop
   vertex 4.83523941e+00 4.09748840e+00 8.72436810e+00
   vertex 4.83519077e+00 4.63986206e+00 8.99808788e+00
   vertex 4.83576584e+00 4.09750366e+00 1.06895227e+01
  endloop
 endfacet
 facet normal 8.71925473e-01 4.49450195e-01 1.94269031e-01
  outer loop
   vertex 4.83583164e+00 5.31755066e+00 1.19794035e+01
   vertex 4.83605957e+00 4.09751892e+00 1.17909889e+01
   vertex 4.83506870e+00 5.30642700e+00 9.10102367e+00
  endloop
 endfacet
 facet normal 7.29886174e-01 6.67726815e-01 -1.46311447e-01
  outer loop
   vertex 4.83605957e+00 4.09751892e+00 1.17909889e+01
   vertex 4.83576584e+00 4.09750366e+00 1.06895227e+01
   vertex 4.83506870e+00 5.30642700e+00 9.10102367e+00
  endloop
 endfacet
 facet normal 8.07466984e-01 3.39670777e-01 -4.82307851e-01
  outer loop
   vertex 4.83576584e+00 4.09750366e+00 1.06895227e+01
   vertex 4.83519077e+00 4.63986206e+00 8.99808788e+00
   vertex 4.83506870e+00 5.30642700e+00 9.10102367e+00
  endloop
 endfacet
 facet normal 9.63418663e-01 -9.27745029e-02 -2.51430720e-01
  outer loop
   vertex 4.83506870e+00 5.30642700e+00 9.10102367e+00
   vertex 4.83488560e+00 5.97215271e+00 8.99293041e+00
   vertex 4.83583164e+00 5.31755066e+00 1.19794035e+01
  endloop
 endfacet
 facet normal 9.33028102e-01 1.13956537e-02 3.59622985e-01
  outer loop
   vertex 4.83583164e+00 5.31755066e+00 1.19794035e+01
   vertex 4.83488560e+00 5.97215271e+00 8.99293041e+00
   vertex 4.83542347e+00 6.87220764e+00 1.17269850e+01
  endloop
 endfacet
 facet normal 9.63446021e-01 -1.65837124e-01 -2.10403994e-01
  outer loop
   vertex 4.83488560e+00 5.97215271e+00 8.99293041e+00
   vertex 4.83467197e+00 6.57191467e+00 8.68442822e+00
   vertex 4.83542347e+00 6.87220764e+00 1.17269850e+01
  endloop
 endfacet
 facet normal 9.32996392e-01 1.22057736e-01 3.38555306e-01
  outer loop
   vertex 4.83542347e+00 6.87220764e+00 1.17269850e+01
   vertex 4.83467197e+00 6.57191467e+00 8.68442822e+00
   vertex 4.83490849e+00 8.27279663e+00 1.10065413e+01
  endloop
 endfacet
 facet normal 9.63475883e-01 -2.22648799e-01 -1.48800939e-01
  outer loop
   vertex 4.83467197e+00 6.57191467e+00 8.68442822e+00
   vertex 4.83443546e+00 7.04696655e+00 8.20567608e+00
   vertex 4.83490849e+00 8.27279663e+00 1.10065413e+01
  endloop
 endfacet
 facet normal 9.32960510e-01 2.20787331e-01 2.84319550e-01
  outer loop
   vertex 4.83490849e+00 8.27279663e+00 1.10065413e+01
   vertex 4.83443546e+00 7.04696655e+00 8.20567608e+00
   vertex 4.83437061e+00 9.38217163e+00 9.88853741e+00
  endloop
 endfacet
 facet normal 9.63503897e-01 -2.57643074e-01 -7.26652071e-02
  outer loop
   vertex 4.83443546e+00 7.04696655e+00 8.20567608e+00
   vertex 4.83420658e+00 7.35086060e+00 7.60354900e+00
   vertex 4.83437061e+00 9.38217163e+00 9.88853741e+00
  endloop
 endfacet
 facet normal 9.32920635e-01 2.97931641e-01 2.02227205e-01
  outer loop
   vertex 4.83437061e+00 9.38217163e+00 9.88853741e+00
   vertex 4.83420658e+00 7.35086060e+00 7.60354900e+00
   vertex 4.83383274e+00 1.00917969e+01 8.48243237e+00
  endloop
 endfacet
 facet normal 9.63528275e-01 -2.67397851e-01 1.05652781e-02
  outer loop
   vertex 4.83420658e+00 7.35086060e+00 7.60354900e+00
   vertex 4.83400822e+00 7.45376587e+00 6.93699932e+00
   vertex 4.83383274e+00 1.00917969e+01 8.48243237e+00
  endloop
 endfacet
 facet normal 9.32883382e-01 3.45925957e-01 1.00318678e-01
  outer loop
   vertex 4.83383274e+00 1.00917969e+01 8.48243237e+00
   vertex 4.83400822e+00 7.45376587e+00 6.93699932e+00
   vertex 4.83335972e+00 1.03321533e+01 6.92586803e+00
  endloop
 endfacet
 facet normal 9.63545799e-01 -2.50959337e-01 9.27301571e-02
  outer loop
   vertex 4.83400822e+00 7.45376587e+00 6.93699932e+00
   vertex 4.83385563e+00 7.34570312e+00 6.27126598e+00
   vertex 4.83335972e+00 1.03321533e+01 6.92586803e+00
  endloop
 endfacet
 facet normal 9.32849705e-01 3.60084116e-01 -1.14407521e-02
  outer loop
   vertex 4.83335972e+00 1.03321533e+01 6.92586803e+00
   vertex 4.83385563e+00 7.34570312e+00 6.27126598e+00
   vertex 4.83300114e+00 1.00797577e+01 5.37120342e+00
  endloop
 endfacet
 facet normal 9.63557363e-01 -2.09927902e-01 1.65793389e-01
  outer loop
   vertex 4.83385563e+00 7.34570312e+00 6.27126598e+00
   vertex 4.83376408e+00 7.03718567e+00 5.67150402e+00
   vertex 4.83300114e+00 1.00797577e+01 5.37120342e+00
  endloop
 endfacet
 facet normal 9.32825506e-01 3.39011610e-01 -1.22097321e-01
  outer loop
   vertex 4.83300114e+00 1.00797577e+01 5.37120342e+00
   vertex 4.83376408e+00 7.03718567e+00 5.67150402e+00
   vertex 4.83278751e+00 9.35928345e+00 3.97065234e+00
  endloop
 endfacet
 facet normal 9.63558733e-01 -1.48328081e-01 2.22605765e-01
  outer loop
   vertex 4.83376408e+00 7.03718567e+00 5.67150402e+00
   vertex 4.83374882e+00 6.55844116e+00 5.19643688e+00
   vertex 4.83278751e+00 9.35928345e+00 3.97065234e+00
  endloop
 endfacet
 facet normal 9.32810664e-01 2.84779340e-01 -2.20828086e-01
  outer loop
   vertex 4.83278751e+00 9.35928345e+00 3.97065234e+00
   vertex 4.83374882e+00 6.55844116e+00 5.19643688e+00
   vertex 4.83274555e+00 8.24128723e+00 2.86124706e+00
  endloop
 endfacet
 facet normal 9.63550091e-01 -7.21877292e-02 2.57604569e-01
  outer loop
   vertex 4.83374882e+00 6.55844116e+00 5.19643688e+00
   vertex 4.83380222e+00 5.95629883e+00 4.89258099e+00
   vertex 4.83274555e+00 8.24128723e+00 2.86124706e+00
  endloop
 endfacet
 facet normal 9.32809353e-01 2.02688560e-01 -2.97966629e-01
  outer loop
   vertex 4.83274555e+00 8.24128723e+00 2.86124706e+00
   vertex 4.83380222e+00 5.95629883e+00 4.89258099e+00
   vertex 4.83286381e+00 6.83518982e+00 2.15163708e+00
  endloop
 endfacet
 facet normal 9.63534474e-01 1.10392282e-02 2.67356515e-01
  outer loop
   vertex 4.83380222e+00 5.95629883e+00 4.89258099e+00
   vertex 4.83391666e+00 5.28976440e+00 4.78962994e+00
   vertex 4.83286381e+00 6.83518982e+00 2.15163708e+00
  endloop
 endfacet
 facet normal 9.32817519e-01 1.00778736e-01 -3.45969826e-01
  outer loop
   vertex 4.83286381e+00 6.83518982e+00 2.15163708e+00
   vertex 4.83391666e+00 5.28976440e+00 4.78962994e+00
   vertex 4.83315754e+00 5.27862549e+00 1.91124249e+00
  endloop
 endfacet
 facet normal 8.74227524e-01 4.44820136e-01 -1.94579646e-01
  outer loop
   vertex 4.83315754e+00 5.27862549e+00 1.91124249e+00
   vertex 4.83391666e+00 5.28976440e+00 4.78962994e+00
   vertex 4.83347702e+00 4.08689880e+00 2.10473585e+00
  endloop
 endfacet
 facet normal 7.34377503e-01 6.63474083e-01 1.43149495e-01
  outer loop
   vertex 4.83347702e+00 4.08689880e+00 2.10473585e+00
   vertex 4.83391666e+00 5.28976440e+00 4.78962994e+00
   vertex 4.83378792e+00 4.09365845e+00 3.28668404e+00
  endloop
 endfacet
 facet normal 8.08614075e-01 3.41268033e-01 4.79248822e-01
  outer loop
   vertex 4.83391666e+00 5.28976440e+00 4.78962994e+00
   vertex 4.83409595e+00 4.62402344e+00 4.89774609e+00
   vertex 4.83378792e+00 4.09365845e+00 3.28668404e+00
  endloop
 endfacet
 facet normal 8.23376998e-02 6.67688072e-01 7.39873767e-01
  outer loop
   vertex 4.83409595e+00 4.62402344e+00 4.89774609e+00
   vertex 1.24970675e-01 4.62295532e+00 4.89898205e+00
   vertex 4.83428764e+00 4.09742737e+00 5.16860199e+00
  endloop
 endfacet
 facet normal -2.33662382e-01 7.97644138e-01 5.56026757e-01
  outer loop
   vertex 4.83428764e+00 4.09742737e+00 5.16860199e+00
   vertex 1.24970675e-01 4.62295532e+00 4.89898205e+00
   vertex 3.19880557e+00 4.05055237e+00 5.19295931e+00
  endloop
 endfacet
 facet normal -2.90733278e-01 7.20189154e-01 6.29922032e-01
  outer loop
   vertex 3.19880557e+00 4.05055237e+00 5.19295931e+00
   vertex 1.24970675e-01 4.62295532e+00 4.89898205e+00
   vertex 2.09137201e+00 4.02365112e+00 5.20696592e+00
  endloop
 endfacet
 facet normal -5.57807982e-01 5.41026592e-01 6.29396915e-01
  outer loop
   vertex 1.24970675e-01 4.62295532e+00 4.89898205e+00
   vertex 1.25188112e-01 4.02320862e+00 5.20749187e+00
   vertex 2.09137201e+00 4.02365112e+00 5.20696592e+00
  endloop
 endfacet
 facet normal -3.22667867e-01 7.52620518e-01 5.73975444e-01
  outer loop
   vertex 2.09137201e+00 4.02365112e+00 5.20696592e+00
   vertex 1.25188112e-01 4.02320862e+00 5.20749187e+00
   vertex 1.09802663e+00 3.99951172e+00 5.23133183e+00
  endloop
 endfacet
 facet normal -5.77247739e-01 6.30399048e-01 5.19020259e-01
  outer loop
   vertex 1.25188112e-01 4.02320862e+00 5.20749187e+00
   vertex 1.25428438e-01 3.54814148e+00 5.68625164e+00
   vertex 1.09802663e+00 3.99951172e+00 5.23133183e+00
  endloop
 endfacet
 facet normal -5.09848118e-01 7.25616395e-01 4.62099254e-01
  outer loop
   vertex 1.09802663e+00 3.99951172e+00 5.23133183e+00
   vertex 1.25428438e-01 3.54814148e+00 5.68625164e+00
   vertex 9.74884152e-01 3.54832458e+00 5.68602419e+00
  endloop
 endfacet
 facet normal -6.41354501e-01 6.88018680e-01 3.39550674e-01
  outer loop
   vertex 9.74884152e-01 3.54832458e+00 5.68602419e+00
   vertex 1.25428438e-01 3.54814148e+00 5.68625164e+00
   vertex 8.91944408e-01 3.24444580e+00 6.28815222e+00
  endloop
 endfacet
 facet normal -6.95576668e-01 6.65120184e-01 2.71639913e-01
  outer loop
   vertex 8.91944408e-01 3.24444580e+00 6.28815222e+00
   vertex 1.25428438e-01 3.54814148e+00 5.68625164e+00
   vertex 1.25657320e-01 3.24427795e+00 6.28835583e+00
  endloop
 endfacet
 facet normal -6.35902286e-01 7.59198964e-01 1.38727158e-01
  outer loop
   vertex 8.91944408e-01 3.24444580e+00 6.28815222e+00
   vertex 1.25657320e-01 3.24427795e+00 6.28835583e+00
   vertex 8.63844395e-01 3.14149475e+00 6.95472336e+00
  endloop
 endfacet
 facet normal -6.93750024e-01 7.17076600e-01 6.71719834e-02
  outer loop
   vertex 8.63844395e-01 3.14149475e+00 6.95472336e+00
   vertex 1.25657320e-01 3.24427795e+00 6.28835583e+00
   vertex 1.25848055e-01 3.14132690e+00 6.95492077e+00
  endloop
 endfacet
 facet normal -6.46003485e-01 7.42763340e-01 -1.76017553e-01
  outer loop
   vertex 8.93348455e-01 3.24958801e+00 7.62045670e+00
   vertex 8.78763556e-01 3.19615173e+00 7.29135942e+00
   vertex 1.26000643e-01 3.24942017e+00 7.62066174e+00
  endloop
 endfacet
 facet normal -7.04273343e-01 7.02145696e-01 -1.04835592e-01
  outer loop
   vertex 1.26000643e-01 3.24942017e+00 7.62066174e+00
   vertex 8.78763556e-01 3.19615173e+00 7.29135942e+00
   vertex 1.25848055e-01 3.14132690e+00 6.95492077e+00
  endloop
 endfacet
 facet normal -6.44238234e-01 7.63998926e-01 -3.55355181e-02
  outer loop
   vertex 8.78763556e-01 3.19615173e+00 7.29135942e+00
   vertex 8.63844395e-01 3.14149475e+00 6.95472336e+00
   vertex 1.25848055e-01 3.14132690e+00 6.95492077e+00
  endloop
 endfacet
 facet normal -6.95777774e-01 6.63049698e-01 -2.76149124e-01
  outer loop
   vertex 1.26000643e-01 3.24942017e+00 7.62066174e+00
   vertex 1.26099825e-01 3.55793762e+00 8.22040081e+00
   vertex 8.93348455e-01 3.24958801e+00 7.62045670e+00
  endloop
 endfacet
 facet normal -6.41681850e-01 6.85488284e-01 -3.44020635e-01
  outer loop
   vertex 8.93348455e-01 3.24958801e+00 7.62045670e+00
   vertex 1.26099825e-01 3.55793762e+00 8.22040081e+00
   vertex 9.77557898e-01 3.55812073e+00 8.22017288e+00
  endloop
 endfacet
 facet normal -3.23518306e-01 7.49307275e-01 -5.77818692e-01
  outer loop
   vertex 2.65097904e+00 4.03726196e+00 8.69480133e+00
   vertex 1.09802663e+00 3.99951172e+00 8.65809822e+00
   vertex 1.26115084e-01 4.03669739e+00 8.69546795e+00
  endloop
 endfacet
 facet normal -5.77927709e-01 6.26604617e-01 -5.22844374e-01
  outer loop
   vertex 1.26115084e-01 4.03669739e+00 8.69546795e+00
   vertex 1.09802663e+00 3.99951172e+00 8.65809822e+00
   vertex 1.26099825e-01 3.55793762e+00 8.22040081e+00
  endloop
 endfacet
 facet normal -5.10591924e-01 7.22294271e-01 -4.66462106e-01
  outer loop
   vertex 9.77557898e-01 3.55812073e+00 8.22017288e+00
   vertex 1.26099825e-01 3.55793762e+00 8.22040081e+00
   vertex 1.09802663e+00 3.99951172e+00 8.65809822e+00
  endloop
 endfacet
 facet normal 8.28336403e-02 6.63727939e-01 -7.43373215e-01
  outer loop
   vertex 4.83519077e+00 4.63986206e+00 8.99808788e+00
   vertex 4.83523941e+00 4.09748840e+00 8.72436810e+00
   vertex 1.26061678e-01 4.63880920e+00 8.99933910e+00
  endloop
 endfacet
 facet normal -2.33635053e-01 7.95564950e-01 -5.59009016e-01
  outer loop
   vertex 4.83523941e+00 4.09748840e+00 8.72436810e+00
   vertex 3.19544840e+00 4.05049133e+00 8.70127392e+00
   vertex 1.26061678e-01 4.63880920e+00 8.99933910e+00
  endloop
 endfacet
 facet normal -2.91226536e-01 7.17156768e-01 -6.33145511e-01
  outer loop
   vertex 3.19544840e+00 4.05049133e+00 8.70127392e+00
   vertex 2.65097904e+00 4.03726196e+00 8.69480133e+00
   vertex 1.26061678e-01 4.63880920e+00 8.99933910e+00
  endloop
 endfacet
 facet normal -5.58351815e-01 5.37095845e-01 -6.32274687e-01
  outer loop
   vertex 2.65097904e+00 4.03726196e+00 8.69480133e+00
   vertex 1.26115084e-01 4.03669739e+00 8.69546795e+00
   vertex 1.26061678e-01 4.63880920e+00 8.99933910e+00
  endloop
 endfacet
 facet normal -3.51693630e-01 1.91388726e-01 -9.16341603e-01
  outer loop
   vertex 1.26061678e-01 4.63880920e+00 8.99933910e+00
   vertex 1.25939608e-01 5.30535889e+00 9.10228252e+00
   vertex 4.83519077e+00 4.63986206e+00 8.99808788e+00
  endloop
 endfacet
 facet normal 3.51135194e-01 9.39813405e-02 -9.31596279e-01
  outer loop
   vertex 4.83519077e+00 4.63986206e+00 8.99808788e+00
   vertex 1.25939608e-01 5.30535889e+00 9.10228252e+00
   vertex 4.83506870e+00 5.30642700e+00 9.10102367e+00
  endloop
 endfacet
 facet normal -3.51629347e-01 -1.01182818e-01 -9.30655062e-01
  outer loop
   vertex 1.25939608e-01 5.30535889e+00 9.10228252e+00
   vertex 1.25760317e-01 5.97109985e+00 8.99418926e+00
   vertex 4.83506870e+00 5.30642700e+00 9.10102367e+00
  endloop
 endfacet
 facet normal 3.51202905e-01 -1.98466033e-01 -9.15023386e-01
  outer loop
   vertex 4.83506870e+00 5.30642700e+00 9.10102367e+00
   vertex 1.25760317e-01 5.97109985e+00 8.99418926e+00
   vertex 4.83488560e+00 5.97215271e+00 8.99293041e+00
  endloop
 endfacet
 facet normal -3.51547718e-01 -3.83846551e-01 -8.53859484e-01
  outer loop
   vertex 1.25760317e-01 5.97109985e+00 8.99418926e+00
   vertex 1.25542879e-01 6.57086182e+00 8.68567944e+00
   vertex 4.83488560e+00 5.97215271e+00 8.99293041e+00
  endloop
 endfacet
 facet normal 3.51292461e-01 -4.71473575e-01 -8.08892012e-01
  outer loop
   vertex 4.83488560e+00 5.97215271e+00 8.99293041e+00
   vertex 1.25542879e-01 6.57086182e+00 8.68567944e+00
   vertex 4.83467197e+00 6.57191467e+00 8.68442822e+00
  endloop
 endfacet
 facet normal -3.51446807e-01 -6.28950834e-01 -6.93473876e-01
  outer loop
   vertex 1.25542879e-01 6.57086182e+00 8.68567944e+00
   vertex 1.25310183e-01 7.04591370e+00 8.20692730e+00
   vertex 4.83467197e+00 6.57191467e+00 8.68442822e+00
  endloop
 endfacet
 facet normal 3.51395398e-01 -6.98327005e-01 -6.23586953e-01
  outer loop
   vertex 4.83467197e+00 6.57191467e+00 8.68442822e+00
   vertex 1.25310183e-01 7.04591370e+00 8.20692730e+00
   vertex 4.83443546e+00 7.04696655e+00 8.20567608e+00
  endloop
 endfacet
 facet normal -3.51346195e-01 -8.12495112e-01 -4.65196252e-01
  outer loop
   vertex 1.25310183e-01 7.04591370e+00 8.20692730e+00
   vertex 1.25081301e-01 7.34979248e+00 7.60480022e+00
   vertex 4.83443546e+00 7.04696655e+00 8.20567608e+00
  endloop
 endfacet
 facet normal 3.51496190e-01 -8.56814444e-01 -3.77252549e-01
  outer loop
   vertex 4.83443546e+00 7.04696655e+00 8.20567608e+00
   vertex 1.25081301e-01 7.34979248e+00 7.60480022e+00
   vertex 4.83420658e+00 7.35086060e+00 7.60354900e+00
  endloop
 endfacet
 facet normal -3.51250619e-01 -9.16515648e-01 -1.91368967e-01
  outer loop
   vertex 1.25081301e-01 7.34979248e+00 7.60480022e+00
   vertex 1.24879122e-01 7.45272827e+00 6.93825817e+00
   vertex 4.83420658e+00 7.35086060e+00 7.60354900e+00
  endloop
 endfacet
 facet normal 3.51587266e-01 -9.31424618e-01 -9.39927176e-02
  outer loop
   vertex 4.83420658e+00 7.35086060e+00 7.60354900e+00
   vertex 1.24879122e-01 7.45272827e+00 6.93825817e+00
   vertex 4.83400822e+00 7.45376587e+00 6.93699932e+00
  endloop
 endfacet
 facet normal -3.51170629e-01 -9.30826783e-01 1.01196438e-01
  outer loop
   vertex 1.24879122e-01 7.45272827e+00 6.93825817e+00
   vertex 1.24726534e-01 7.34463501e+00 6.27251720e+00
   vertex 4.83400822e+00 7.45376587e+00 6.93699932e+00
  endloop
 endfacet
 facet normal 3.51660073e-01 -9.14851904e-01 1.98446840e-01
  outer loop
   vertex 4.83400822e+00 7.45376587e+00 6.93699932e+00
   vertex 1.24726534e-01 7.34463501e+00 6.27251720e+00
   vertex 4.83385563e+00 7.34570312e+00 6.27126598e+00
  endloop
 endfacet
 facet normal -3.51108640e-01 -8.54034424e-01 3.83859247e-01
  outer loop
   vertex 1.24726534e-01 7.34463501e+00 6.27251720e+00
   vertex 1.24638796e-01 7.03611755e+00 5.67275524e+00
   vertex 4.83385563e+00 7.34570312e+00 6.27126598e+00
  endloop
 endfacet
 facet normal 3.51712584e-01 -8.08719099e-01 4.71457005e-01
  outer loop
   vertex 4.83385563e+00 7.34570312e+00 6.27126598e+00
   vertex 1.24638796e-01 7.03611755e+00 5.67275524e+00
   vertex 4.83376408e+00 7.03718567e+00 5.67150402e+00
  endloop
 endfacet
 facet normal -3.51080149e-01 -6.93645835e-01 6.28965974e-01
  outer loop
   vertex 1.24638796e-01 7.03611755e+00 5.67275524e+00
   vertex 1.24623537e-01 6.55737305e+00 5.19769573e+00
   vertex 4.83376408e+00 7.03718567e+00 5.67150402e+00
  endloop
 endfacet
 facet normal 3.51733685e-01 -6.23411953e-01 6.98312938e-01
  outer loop
   vertex 4.83376408e+00 7.03718567e+00 5.67150402e+00
   vertex 1.24623537e-01 6.55737305e+00 5.19769573e+00
   vertex 4.83374882e+00 6.55844116e+00 5.19643688e+00
  endloop
 endfacet
 facet normal -3.51081461e-01 -4.65364844e-01 8.12512994e-01
  outer loop
   vertex 1.24623537e-01 6.55737305e+00 5.19769573e+00
   vertex 1.24673128e-01 5.95526123e+00 4.89382458e+00
   vertex 4.83374882e+00 6.55844116e+00 5.19643688e+00
  endloop
 endfacet
 facet normal 3.51716876e-01 -3.77076983e-01 8.56801152e-01
  outer loop
   vertex 4.83374882e+00 6.55844116e+00 5.19643688e+00
   vertex 1.24673128e-01 5.95526123e+00 4.89382458e+00
   vertex 4.83380222e+00 5.95629883e+00 4.89258099e+00
  endloop
 endfacet
 facet normal -3.51119459e-01 -1.91541106e-01 9.16529953e-01
  outer loop
   vertex 1.24673128e-01 5.95526123e+00 4.89382458e+00
   vertex 1.24795198e-01 5.28869629e+00 4.79089642e+00
   vertex 4.83380222e+00 5.95629883e+00 4.89258099e+00
  endloop
 endfacet
 facet normal 3.51674646e-01 -9.38202813e-02 9.31409001e-01
  outer loop
   vertex 4.83380222e+00 5.95629883e+00 4.89258099e+00
   vertex 1.24795198e-01 5.28869629e+00 4.79089642e+00
   vertex 4.83391666e+00 5.28976440e+00 4.78962994e+00
  endloop
 endfacet
 facet normal -3.51176739e-01 1.01031281e-01 9.30842400e-01
  outer loop
   vertex 1.24795198e-01 5.28869629e+00 4.79089642e+00
   vertex 1.24970675e-01 4.62295532e+00 4.89898205e+00
   vertex 4.83391666e+00 5.28976440e+00 4.78962994e+00
  endloop
 endfacet
 facet normal 3.51600975e-01 1.98627949e-01 9.14835334e-01
  outer loop
   vertex 4.83391666e+00 5.28976440e+00 4.78962994e+00
   vertex 1.24970675e-01 4.62295532e+00 4.89898205e+00
   vertex 4.83409595e+00 4.62402344e+00 4.89774609e+00
  endloop
 endfacet
 facet normal -4.70878869e-01 8.17185998e-01 -3.32385480e-01
  outer loop
   vertex 1.09802663e+00 3.99951172e+00 8.65809822e+00
   vertex 1.09802663e+00 3.99951172e+00 7.63067245e+00
   vertex 9.77557898e-01 3.55812073e+00 8.22017288e+00
  endloop
 endfacet
 facet normal -6.01462841e-01 7.91880786e-01 -1.05675481e-01
  outer loop
   vertex 8.78763556e-01 3.19615173e+00 7.29135942e+00
   vertex 8.93348455e-01 3.24958801e+00 7.62045670e+00
   vertex 1.09802663e+00 3.99951172e+00 7.63067245e+00
  endloop
 endfacet
 facet normal -6.00161195e-01 7.71441460e-01 -2.11387470e-01
  outer loop
   vertex 8.93348455e-01 3.24958801e+00 7.62045670e+00
   vertex 9.77557898e-01 3.55812073e+00 8.22017288e+00
   vertex 1.09802663e+00 3.99951172e+00 7.63067245e+00
  endloop
 endfacet
 facet normal 2.96156645e-01 9.51139450e-01 8.73213112e-02
  outer loop
   vertex 4.83396053e+00 4.09739685e+00 3.93864918e+00
   vertex 4.83428764e+00 4.09742737e+00 5.16860199e+00
   vertex 6.38404179e+00 4.14186096e+00 7.62401962e+00
  endloop
 endfacet
 facet normal 3.42735350e-02 9.95893061e-01 8.37992206e-02
  outer loop
   vertex 6.38404179e+00 4.14186096e+00 7.62401962e+00
   vertex 4.83428764e+00 4.09742737e+00 5.16860199e+00
   vertex 3.19671297e+00 4.05052185e+00 7.62734604e+00
  endloop
 endfacet
 facet normal 4.35634553e-02 9.63412166e-01 2.64460266e-01
  outer loop
   vertex 4.83428764e+00 4.09742737e+00 5.16860199e+00
   vertex 3.19880557e+00 4.05055237e+00 5.19295931e+00
   vertex 3.19671297e+00 4.05052185e+00 7.62734604e+00
  endloop
 endfacet
 facet normal -4.69939858e-01 8.19049835e-01 3.29110771e-01
  outer loop
   vertex 1.09802663e+00 3.99951172e+00 5.23133183e+00
   vertex 9.74884152e-01 3.54832458e+00 5.68602419e+00
   vertex 1.09802663e+00 3.99951172e+00 7.63067245e+00
  endloop
 endfacet
 facet normal -5.99699557e-01 7.72688150e-01 2.08118737e-01
  outer loop
   vertex 9.74884152e-01 3.54832458e+00 5.68602419e+00
   vertex 8.91944408e-01 3.24444580e+00 6.28815222e+00
   vertex 1.09802663e+00 3.99951172e+00 7.63067245e+00
  endloop
 endfacet
 facet normal -5.89092851e-01 8.05078328e-01 6.94151223e-02
  outer loop
   vertex 8.91944408e-01 3.24444580e+00 6.28815222e+00
   vertex 8.63844395e-01 3.14149475e+00 6.95472336e+00
   vertex 1.09802663e+00 3.99951172e+00 7.63067245e+00
  endloop
 endfacet
 facet normal -5.98607361e-01 8.00296128e-01 -3.45733911e-02
  outer loop
   vertex 8.63844395e-01 3.14149475e+00 6.95472336e+00
   vertex 8.78763556e-01 3.19615173e+00 7.29135942e+00
   vertex 1.09802663e+00 3.99951172e+00 7.63067245e+00
  endloop
 endfacet
 facet normal -1.93194337e-02 9.33172226e-01 3.58909994e-01
  outer loop
   vertex 3.19880557e+00 4.05055237e+00 5.19295931e+00
   vertex 2.09137201e+00 4.02365112e+00 5.20696592e+00
   vertex 3.19671297e+00 4.05052185e+00 7.62734604e+00
  endloop
 endfacet
 facet normal -2.37185329e-01 9.53097999e-01 1.88008860e-01
  outer loop
   vertex 3.19671297e+00 4.05052185e+00 7.62734604e+00
   vertex 2.09137201e+00 4.02365112e+00 5.20696592e+00
   vertex 1.09802663e+00 3.99951172e+00 7.63067245e+00
  endloop
 endfacet
 facet normal -2.73877680e-01 8.85408580e-01 3.75556439e-01
  outer loop
   vertex 2.09137201e+00 4.02365112e+00 5.20696592e+00
   vertex 1.09802663e+00 3.99951172e+00 5.23133183e+00
   vertex 1.09802663e+00 3.99951172e+00 7.63067245e+00
  endloop
 endfacet
 facet normal -1.95397846e-02 9.32222426e-01 -3.61357868e-01
  outer loop
   vertex 3.19544840e+00 4.05049133e+00 8.70127392e+00
   vertex 3.19671297e+00 4.05052185e+00 7.62734604e+00
   vertex 2.65097904e+00 4.03726196e+00 8.69480133e+00
  endloop
 endfacet
 facet normal -2.37399712e-01 9.52791989e-01 -1.89284936e-01
  outer loop
   vertex 3.19671297e+00 4.05052185e+00 7.62734604e+00
   vertex 1.09802663e+00 3.99951172e+00 7.63067245e+00
   vertex 2.65097904e+00 4.03726196e+00 8.69480133e+00
  endloop
 endfacet
 facet normal -2.74696380e-01 8.83895695e-01 -3.78510654e-01
  outer loop
   vertex 2.65097904e+00 4.03726196e+00 8.69480133e+00
   vertex 1.09802663e+00 3.99951172e+00 7.63067245e+00
   vertex 1.09802663e+00 3.99951172e+00 8.65809822e+00
  endloop
 endfacet
 facet normal 4.50182468e-01 7.96752095e-01 -4.03139919e-01
  outer loop
   vertex 1.12982895e+02 1.08400009e+02 1.98795929e+01
   vertex 1.09061066e+02 1.09186844e+02 2.05737305e+01
   vertex 1.13323311e+02 1.10131050e+02 2.37655907e+01
  endloop
 endfacet
 facet normal -1.68342739e-01 9.00897264e-01 -4.00056034e-01
  outer loop
   vertex 1.13323311e+02 1.10131050e+02 2.37655907e+01
   vertex 1.09061066e+02 1.09186844e+02 2.05737305e+01
   vertex 1.09397736e+02 1.10898979e+02 2.41814880e+01
  endloop
 endfacet
 facet normal 4.44552451e-01 7.99776673e-01 -4.03398514e-01
  outer loop
   vertex 1.12642471e+02 1.06668983e+02 1.59935951e+01
   vertex 1.08727707e+02 1.07489922e+02 1.69619789e+01
   vertex 1.12982895e+02 1.08400009e+02 1.98795929e+01
  endloop
 endfacet
 facet normal -1.76821589e-01 9.01105702e-01 -3.95907313e-01
  outer loop
   vertex 1.12982895e+02 1.08400009e+02 1.98795929e+01
   vertex 1.08727707e+02 1.07489922e+02 1.69619789e+01
   vertex 1.09061066e+02 1.09186844e+02 2.05737305e+01
  endloop
 endfacet
 facet normal 5.66669228e-03 -3.15306842e-01 -9.48972881e-01
  outer loop
   vertex 6.55159473e+00 1.02783203e-01 0.00000000e+00
   vertex 3.27900910e+00 5.13916016e-02 0.00000000e+00
   vertex 6.38489056e+00 4.09852600e+00 5.48515320e-02
  endloop
 endfacet
 facet normal -1.58144552e-02 3.19050878e-01 -9.47605610e-01
  outer loop
   vertex 6.38489056e+00 4.09852600e+00 5.48515320e-02
   vertex 3.27900910e+00 5.13916016e-02 0.00000000e+00
   vertex 3.20321655e+00 4.05062866e+00 6.15005493e-02
  endloop
 endfacet
 facet normal -5.03375590e-01 -2.50414580e-01 -8.26985836e-01
  outer loop
   vertex 6.42347336e-03 2.84217094e-14 0.00000000e+00
   vertex 1.09802663e+00 3.99951172e+00 6.81571960e-02
   vertex 3.27900910e+00 5.13916016e-02 0.00000000e+00
  endloop
 endfacet
 facet normal -2.32752025e-01 3.00053775e-01 -9.25091445e-01
  outer loop
   vertex 3.27900910e+00 5.13916016e-02 0.00000000e+00
   vertex 1.09802663e+00 3.99951172e+00 6.81571960e-02
   vertex 3.20321655e+00 4.05062866e+00 6.15005493e-02
  endloop
 endfacet
 facet normal 4.43338454e-01 6.09602213e-01 -6.57142460e-01
  outer loop
   vertex 1.11081642e+02 9.95585632e+01 4.44089210e-14
   vertex 1.07195999e+02 1.00508217e+02 6.52961731e-02
   vertex 1.11165146e+02 9.99118347e+01 7.96466827e-01
  endloop
 endfacet
 facet normal -1.24405749e-01 8.67170990e-01 -4.82221574e-01
  outer loop
   vertex 1.11165146e+02 9.99118347e+01 7.96466827e-01
   vertex 1.07195999e+02 1.00508217e+02 6.52961731e-02
   vertex 1.07278137e+02 1.00855827e+02 2.84658051e+00
  endloop
 endfacet
 facet normal 4.41728324e-01 8.24483037e-01 -3.53700161e-01
  outer loop
   vertex 1.11165146e+02 9.99118347e+01 7.96466827e-01
   vertex 1.07278137e+02 1.00855827e+02 2.84658051e+00
   vertex 1.11248642e+02 1.00265114e+02 1.59293747e+00
  endloop
 endfacet
 facet normal -2.13953748e-01 9.12556469e-01 -3.48517567e-01
  outer loop
   vertex 1.11248642e+02 1.00265114e+02 1.59293747e+00
   vertex 1.07278137e+02 1.00855827e+02 2.84658051e+00
   vertex 1.07353889e+02 1.01176231e+02 3.58542633e+00
  endloop
 endfacet
 facet normal 4.41385210e-01 8.00420403e-01 -4.05593723e-01
  outer loop
   vertex 1.12449783e+02 1.05753685e+02 1.39381943e+01
   vertex 1.08541061e+02 1.06603302e+02 1.50525627e+01
   vertex 1.12642471e+02 1.06668983e+02 1.59935951e+01
  endloop
 endfacet
 facet normal -1.80061087e-01 9.01053905e-01 -3.94562870e-01
  outer loop
   vertex 1.12642471e+02 1.06668983e+02 1.59935951e+01
   vertex 1.08541061e+02 1.06603302e+02 1.50525627e+01
   vertex 1.08727707e+02 1.07489922e+02 1.69619789e+01
  endloop
 endfacet
 facet normal 4.36048597e-01 8.01226079e-01 -4.09754038e-01
  outer loop
   vertex 1.12257088e+02 1.04838379e+02 1.18827934e+01
   vertex 1.08350441e+02 1.05697487e+02 1.31462135e+01
   vertex 1.12449783e+02 1.05753685e+02 1.39381943e+01
  endloop
 endfacet
 facet normal -1.84661180e-01 8.99226546e-01 -3.96600395e-01
  outer loop
   vertex 1.12449783e+02 1.05753685e+02 1.39381943e+01
   vertex 1.08350441e+02 1.05697487e+02 1.31462135e+01
   vertex 1.08541061e+02 1.06603302e+02 1.50525627e+01
  endloop
 endfacet
 facet normal 4.84893143e-01 7.80032456e-01 -3.95509839e-01
  outer loop
   vertex 1.14595100e+02 1.17511230e+02 4.02601891e+01
   vertex 1.14267525e+02 1.15449394e+02 3.56483765e+01
   vertex 1.10648415e+02 1.18162071e+02 3.95019569e+01
  endloop
 endfacet
 facet normal -1.41423851e-01 9.01659608e-01 -4.08667624e-01
  outer loop
   vertex 1.10648415e+02 1.18162071e+02 3.95019569e+01
   vertex 1.14267525e+02 1.15449394e+02 3.56483765e+01
   vertex 1.10323372e+02 1.16115334e+02 3.52192917e+01
  endloop
 endfacet
 facet normal 4.96396512e-01 7.76919246e-01 -3.87281507e-01
  outer loop
   vertex 1.14922668e+02 1.19573051e+02 4.48720016e+01
   vertex 1.14595100e+02 1.17511230e+02 4.02601891e+01
   vertex 1.10972893e+02 1.20204659e+02 4.37838669e+01
  endloop
 endfacet
 facet normal -1.27027512e-01 9.04369056e-01 -4.07407194e-01
  outer loop
   vertex 1.10972893e+02 1.20204659e+02 4.37838669e+01
   vertex 1.14595100e+02 1.17511230e+02 4.02601891e+01
   vertex 1.10648415e+02 1.18162071e+02 3.95019569e+01
  endloop
 endfacet
 facet normal 5.02110064e-01 7.73071349e-01 -3.87616009e-01
  outer loop
   vertex 1.15433319e+02 1.23414085e+02 5.34725723e+01
   vertex 1.15089684e+02 1.20761337e+02 4.75311737e+01
   vertex 1.11468437e+02 1.23942894e+02 5.17785378e+01
  endloop
 endfacet
 facet normal -1.23760946e-01 9.03928280e-01 -4.09385979e-01
  outer loop
   vertex 1.11468437e+02 1.23942894e+02 5.17785378e+01
   vertex 1.15089684e+02 1.20761337e+02 4.75311737e+01
   vertex 1.11127541e+02 1.21310089e+02 4.62580643e+01
  endloop
 endfacet
 facet normal -1.03180856e-01 9.80366826e-01 -1.68031484e-01
  outer loop
   vertex 1.11468437e+02 1.23942894e+02 5.17785378e+01
   vertex 1.11811378e+02 1.26590584e+02 5.72992477e+01
   vertex 1.15433319e+02 1.23414085e+02 5.34725723e+01
  endloop
 endfacet
 facet normal 3.89957547e-01 8.80077600e-01 2.70918041e-01
  outer loop
   vertex 1.15433319e+02 1.23414085e+02 5.34725723e+01
   vertex 1.11811378e+02 1.26590584e+02 5.72992477e+01
   vertex 1.15776947e+02 1.26066841e+02 5.94139709e+01
  endloop
 endfacet
 facet normal 4.66947436e-01 7.87946165e-01 -4.01373833e-01
  outer loop
   vertex 1.13596291e+02 1.11617996e+02 2.70895615e+01
   vertex 1.09667824e+02 1.12370972e+02 2.72664566e+01
   vertex 1.13869286e+02 1.13104958e+02 3.04135284e+01
  endloop
 endfacet
 facet normal -1.51416585e-01 9.01392817e-01 -4.05664891e-01
  outer loop
   vertex 1.13869286e+02 1.13104958e+02 3.04135284e+01
   vertex 1.09667824e+02 1.12370972e+02 2.72664566e+01
   vertex 1.09935722e+02 1.13830650e+02 3.03551636e+01
  endloop
 endfacet
 facet normal 4.59144264e-01 7.91804314e-01 -4.02780950e-01
  outer loop
   vertex 1.13323311e+02 1.10131050e+02 2.37655907e+01
   vertex 1.09397736e+02 1.10898979e+02 2.41814880e+01
   vertex 1.13596291e+02 1.11617996e+02 2.70895615e+01
  endloop
 endfacet
 facet normal -1.58968300e-01 9.01009321e-01 -4.03622687e-01
  outer loop
   vertex 1.13596291e+02 1.11617996e+02 2.70895615e+01
   vertex 1.09397736e+02 1.10898979e+02 2.41814880e+01
   vertex 1.09667824e+02 1.12370972e+02 2.72664566e+01
  endloop
 endfacet
 facet normal 4.25226301e-01 8.06674004e-01 -4.10438299e-01
  outer loop
   vertex 1.11752869e+02 1.02551758e+02 6.73786545e+00
   vertex 1.07849380e+02 1.03425041e+02 8.36748886e+00
   vertex 1.12257088e+02 1.04838379e+02 1.18827934e+01
  endloop
 endfacet
 facet normal -1.94110423e-01 8.98118556e-01 -3.94593775e-01
  outer loop
   vertex 1.12257088e+02 1.04838379e+02 1.18827934e+01
   vertex 1.07849380e+02 1.03425041e+02 8.36748886e+00
   vertex 1.08350441e+02 1.05697487e+02 1.31462135e+01
  endloop
 endfacet
 facet normal 4.18162704e-01 8.12419534e-01 -4.06342745e-01
  outer loop
   vertex 1.11248642e+02 1.00265114e+02 1.59293747e+00
   vertex 1.07353889e+02 1.01176231e+02 3.58542633e+00
   vertex 1.11752869e+02 1.02551758e+02 6.73786545e+00
  endloop
 endfacet
 facet normal -2.05996916e-01 8.99143517e-01 -3.86142731e-01
  outer loop
   vertex 1.11752869e+02 1.02551758e+02 6.73786545e+00
   vertex 1.07353889e+02 1.01176231e+02 3.58542633e+00
   vertex 1.07849380e+02 1.03425041e+02 8.36748886e+00
  endloop
 endfacet
 facet normal 4.76065606e-01 7.84020901e-01 -3.98337483e-01
  outer loop
   vertex 1.14267525e+02 1.15449394e+02 3.56483765e+01
   vertex 1.14068405e+02 1.14277184e+02 3.30309525e+01
   vertex 1.10323372e+02 1.16115334e+02 3.52192917e+01
  endloop
 endfacet
 facet normal -1.49531841e-01 9.01544094e-01 -4.06027675e-01
  outer loop
   vertex 1.10323372e+02 1.16115334e+02 3.52192917e+01
   vertex 1.14068405e+02 1.14277184e+02 3.30309525e+01
   vertex 1.10128517e+02 1.14967834e+02 3.27884254e+01
  endloop
 endfacet
 facet normal -1.50648803e-01 9.01394725e-01 -4.05946404e-01
  outer loop
   vertex 1.09935722e+02 1.13830650e+02 3.03551636e+01
   vertex 1.10128517e+02 1.14967834e+02 3.27884254e+01
   vertex 1.13869286e+02 1.13104958e+02 3.04135284e+01
  endloop
 endfacet
 facet normal 4.71776843e-01 7.86281288e-01 -3.98984164e-01
  outer loop
   vertex 1.13869286e+02 1.13104958e+02 3.04135284e+01
   vertex 1.10128517e+02 1.14967834e+02 3.27884254e+01
   vertex 1.14068405e+02 1.14277184e+02 3.30309525e+01
  endloop
 endfacet
 facet normal -2.44774267e-01 5.06025672e-01 8.27057183e-01
  outer loop
   vertex 3.20005774e+00 4.05062866e+00 5.73090172e+01
   vertex 1.09164941e+00 3.99951172e+00 5.73023567e+01
   vertex 3.27579737e+00 5.13916016e-02 5.94139709e+01
  endloop
 endfacet
 facet normal -4.97708708e-01 -6.80407509e-02 8.64671290e-01
  outer loop
   vertex 3.27579737e+00 5.13916016e-02 5.94139709e+01
   vertex 1.09164941e+00 3.99951172e+00 5.73023567e+01
   vertex 0.00000000e+00 0.00000000e+00 5.94139709e+01
  endloop
 endfacet
 facet normal 4.49451655e-01 -8.57741237e-01 -2.49546021e-01
  outer loop
   vertex 5.05516548e+01 1.16893158e+01 5.94139862e+00
   vertex 5.05757408e+01 1.16451569e+01 5.32907052e-15
   vertex 5.34436722e+01 1.32220306e+01 5.94139862e+00
  endloop
 endfacet
 facet normal 4.09407288e-01 -7.59940565e-01 -5.04852414e-01
  outer loop
   vertex 5.34436722e+01 1.32220306e+01 5.94139862e+00
   vertex 5.05757408e+01 1.16451569e+01 5.32907052e-15
   vertex 5.34436722e+01 1.32220306e+01 6.21724894e-15
  endloop
 endfacet
 facet normal 4.32832807e-01 -7.47115433e-01 -5.04454434e-01
  outer loop
   vertex 5.63116035e+01 1.47988892e+01 7.10542736e-15
   vertex 5.62867088e+01 1.48422699e+01 5.94139862e+00
   vertex 5.34436722e+01 1.32220306e+01 6.21724894e-15
  endloop
 endfacet
 facet normal 4.76550221e-01 -8.41852665e-01 -2.53345609e-01
  outer loop
   vertex 5.34436722e+01 1.32220306e+01 6.21724894e-15
   vertex 5.62867088e+01 1.48422699e+01 5.94139862e+00
   vertex 5.34436722e+01 1.32220306e+01 5.94139862e+00
  endloop
 endfacet
 facet normal 9.79300141e-01 -2.02411965e-01 7.97291286e-04
  outer loop
   vertex 1.12540550e+02 1.06225578e+02 1.95980492e+01
   vertex 1.12869415e+02 1.07823006e+02 2.11749268e+01
   vertex 1.12568054e+02 1.06378319e+02 2.42178841e+01
  endloop
 endfacet
 facet normal 9.79993641e-01 -1.99025080e-01 1.23617053e-03
  outer loop
   vertex 1.12568054e+02 1.06378319e+02 2.42178841e+01
   vertex 1.12869415e+02 1.07823006e+02 2.11749268e+01
   vertex 1.13026146e+02 1.08639702e+02 2.46385994e+01
  endloop
 endfacet
 facet normal 9.27362800e-01 3.01440030e-01 -2.21657753e-01
  outer loop
   vertex 1.12642471e+02 1.06668983e+02 1.59935951e+01
   vertex 1.12982895e+02 1.08400009e+02 1.98795929e+01
   vertex 1.12540550e+02 1.06225578e+02 1.95980492e+01
  endloop
 endfacet
 facet normal 9.93004322e-01 4.19839732e-02 -1.10362001e-01
  outer loop
   vertex 1.12540550e+02 1.06225578e+02 1.95980492e+01
   vertex 1.12982895e+02 1.08400009e+02 1.98795929e+01
   vertex 1.12869415e+02 1.07823006e+02 2.11749268e+01
  endloop
 endfacet
 facet normal 4.35203686e-02 -8.62113535e-01 -5.04842758e-01
  outer loop
   vertex 6.55159473e+00 1.02783203e-01 0.00000000e+00
   vertex 9.82096958e+00 3.24371338e-01 0.00000000e+00
   vertex 6.55079269e+00 1.45339966e-01 5.94139862e+00
  endloop
 endfacet
 facet normal 5.73370084e-02 -9.65743780e-01 -2.53083736e-01
  outer loop
   vertex 6.55079269e+00 1.45339966e-01 5.94139862e+00
   vertex 9.82096958e+00 3.24371338e-01 0.00000000e+00
   vertex 9.82096958e+00 3.24371338e-01 5.94139862e+00
  endloop
 endfacet
 facet normal 7.93074444e-02 -8.60353827e-01 -5.03489435e-01
  outer loop
   vertex 1.30903454e+01 5.45989990e-01 0.00000000e+00
   vertex 1.30839195e+01 6.01394653e-01 5.94139862e+00
   vertex 9.82096958e+00 3.24371338e-01 0.00000000e+00
  endloop
 endfacet
 facet normal 7.83789977e-02 -9.64185774e-01 -2.53382087e-01
  outer loop
   vertex 9.82096958e+00 3.24371338e-01 0.00000000e+00
   vertex 1.30839195e+01 6.01394653e-01 5.94139862e+00
   vertex 9.82096958e+00 3.24371338e-01 5.94139862e+00
  endloop
 endfacet
 facet normal 3.39313895e-02 -9.67545986e-01 -2.50406414e-01
  outer loop
   vertex 6.55079269e+00 1.45339966e-01 5.94139862e+00
   vertex 3.27900910e+00 5.13916016e-02 5.94139862e+00
   vertex 6.55159473e+00 1.02783203e-01 0.00000000e+00
  endloop
 endfacet
 facet normal 2.23796237e-02 -8.62050056e-01 -5.06328821e-01
  outer loop
   vertex 6.55159473e+00 1.02783203e-01 0.00000000e+00
   vertex 3.27900910e+00 5.13916016e-02 5.94139862e+00
   vertex 3.27900910e+00 5.13916016e-02 0.00000000e+00
  endloop
 endfacet
 facet normal 3.84825587e-01 -7.73207486e-01 -5.04043102e-01
  outer loop
   vertex 5.05757408e+01 1.16451569e+01 5.32907052e-15
   vertex 5.05516548e+01 1.16893158e+01 5.94139862e+00
   vertex 4.76114655e+01 1.02448883e+01 4.44089210e-15
  endloop
 endfacet
 facet normal 4.22728896e-01 -8.70250523e-01 -2.52911538e-01
  outer loop
   vertex 4.76114655e+01 1.02448883e+01 4.44089210e-15
   vertex 5.05516548e+01 1.16893158e+01 5.94139862e+00
   vertex 4.76114655e+01 1.02448883e+01 5.94139862e+00
  endloop
 endfacet
 facet normal 3.51800114e-01 -7.88815558e-01 -5.03990769e-01
  outer loop
   vertex 4.46471901e+01 8.84465027e+00 4.44089210e-15
   vertex 4.76114655e+01 1.02448883e+01 4.44089210e-15
   vertex 4.46279182e+01 8.89123535e+00 5.94139862e+00
  endloop
 endfacet
 facet normal 4.03199583e-01 -8.79330337e-01 -2.53393590e-01
  outer loop
   vertex 4.46279182e+01 8.89123535e+00 5.94139862e+00
   vertex 4.76114655e+01 1.02448883e+01 4.44089210e-15
   vertex 4.76114655e+01 1.02448883e+01 5.94139862e+00
  endloop
 endfacet
 facet normal 7.78448701e-01 2.21053392e-01 -5.87497294e-01
  outer loop
   vertex 1.11081642e+02 9.95585632e+01 4.44089210e-14
   vertex 1.11165146e+02 9.99118347e+01 7.96466827e-01
   vertex 1.10387939e+02 9.67291870e+01 4.26325641e-14
  endloop
 endfacet
 facet normal 9.29645300e-01 3.98121290e-02 -3.66298497e-01
  outer loop
   vertex 1.10387939e+02 9.67291870e+01 4.26325641e-14
   vertex 1.11165146e+02 9.99118347e+01 7.96466827e-01
   vertex 1.10593483e+02 9.75776672e+01 5.07170486e+00
  endloop
 endfacet
 facet normal 9.37976062e-01 -2.37393841e-01 -2.52675772e-01
  outer loop
   vertex 1.09705490e+02 9.40292130e+01 5.72397232e+00
   vertex 1.09694252e+02 9.38997955e+01 4.17443857e-14
   vertex 1.10593483e+02 9.75776672e+01 5.07170486e+00
  endloop
 endfacet
 facet normal 8.35812390e-01 -2.08058134e-01 -5.08064389e-01
  outer loop
   vertex 1.10593483e+02 9.75776672e+01 5.07170486e+00
   vertex 1.09694252e+02 9.38997955e+01 4.17443857e-14
   vertex 1.10387939e+02 9.67291870e+01 4.26325641e-14
  endloop
 endfacet
 facet normal 8.04675221e-01 -3.10194939e-01 -5.06237984e-01
  outer loop
   vertex 1.01787376e+02 6.89330826e+01 3.10862447e-14
   vertex 1.02921059e+02 7.20065384e+01 3.19744231e-14
   vertex 1.01756065e+02 6.89451141e+01 5.94139862e+00
  endloop
 endfacet
 facet normal 9.04731929e-01 -3.41903120e-01 -2.54091382e-01
  outer loop
   vertex 1.01756065e+02 6.89451141e+01 5.94139862e+00
   vertex 1.02921059e+02 7.20065384e+01 3.19744231e-14
   vertex 1.02921059e+02 7.20065384e+01 5.94139862e+00
  endloop
 endfacet
 facet normal 8.12111080e-01 -2.89137065e-01 -5.06828725e-01
  outer loop
   vertex 1.04054741e+02 7.50800095e+01 3.37507799e-14
   vertex 1.04028244e+02 7.50888367e+01 5.94139862e+00
   vertex 1.02921059e+02 7.20065384e+01 3.19744231e-14
  endloop
 endfacet
 facet normal 9.09363031e-01 -3.29557061e-01 -2.53872067e-01
  outer loop
   vertex 1.02921059e+02 7.20065384e+01 3.19744231e-14
   vertex 1.04028244e+02 7.50888367e+01 5.94139862e+00
   vertex 1.02921059e+02 7.20065384e+01 5.94139862e+00
  endloop
 endfacet
 facet normal 9.15289104e-01 -3.14359695e-01 -2.51840979e-01
  outer loop
   vertex 1.04028244e+02 7.50888367e+01 5.94139862e+00
   vertex 1.04054741e+02 7.50800095e+01 3.37507799e-14
   vertex 1.05082443e+02 7.81888123e+01 5.94139862e+00
  endloop
 endfacet
 facet normal 8.16619515e-01 -2.75041640e-01 -5.07429481e-01
  outer loop
   vertex 1.05082443e+02 7.81888123e+01 5.94139862e+00
   vertex 1.04054741e+02 7.50800095e+01 3.37507799e-14
   vertex 1.05082443e+02 7.81888046e+01 3.46389584e-14
  endloop
 endfacet
 facet normal 9.21606243e-01 -2.94964045e-01 -2.52265930e-01
  outer loop
   vertex 1.06087662e+02 8.13056412e+01 5.94139862e+00
   vertex 1.05082443e+02 7.81888123e+01 5.94139862e+00
   vertex 1.06110138e+02 8.12976074e+01 3.64153152e-14
  endloop
 endfacet
 facet normal 8.19142044e-01 -2.66774237e-01 -5.07777393e-01
  outer loop
   vertex 1.06110138e+02 8.12976074e+01 3.64153152e-14
   vertex 1.05082443e+02 7.81888123e+01 5.94139862e+00
   vertex 1.05082443e+02 7.81888046e+01 3.46389584e-14
  endloop
 endfacet
 facet normal 9.16710615e-01 -2.40052909e-01 3.19399804e-01
  outer loop
   vertex 1.09674980e+02 9.39054031e+01 5.34725723e+01
   vertex 1.09694252e+02 9.38997955e+01 5.94139709e+01
   vertex 1.08839973e+02 9.07396164e+01 5.34725723e+01
  endloop
 endfacet
 facet normal 7.40891159e-01 -1.97475865e-01 6.41937375e-01
  outer loop
   vertex 1.08839973e+02 9.07396164e+01 5.34725723e+01
   vertex 1.09694252e+02 9.38997955e+01 5.94139709e+01
   vertex 1.08839973e+02 9.07396164e+01 5.94139709e+01
  endloop
 endfacet
 facet normal 9.12683368e-01 -2.55133957e-01 3.19242507e-01
  outer loop
   vertex 1.07964828e+02 8.75842438e+01 5.34725723e+01
   vertex 1.08839973e+02 9.07396164e+01 5.34725723e+01
   vertex 1.07985695e+02 8.75794296e+01 5.94139709e+01
  endloop
 endfacet
 facet normal 7.39504397e-01 -2.03025922e-01 6.41804993e-01
  outer loop
   vertex 1.07985695e+02 8.75794296e+01 5.94139709e+01
   vertex 1.08839973e+02 9.07396164e+01 5.34725723e+01
   vertex 1.08839973e+02 9.07396164e+01 5.94139709e+01
  endloop
 endfacet
 facet normal 9.74728584e-01 -2.23390207e-01 9.74926632e-04
  outer loop
   vertex 1.11193459e+02 1.00098763e+02 1.20620804e+01
   vertex 1.11774597e+02 1.02658592e+02 1.24191284e+01
   vertex 1.11244148e+02 1.00338493e+02 1.77326622e+01
  endloop
 endfacet
 facet normal 9.75664496e-01 -2.19266355e-01 1.03489251e-03
  outer loop
   vertex 1.11244148e+02 1.00338493e+02 1.77326622e+01
   vertex 1.11774597e+02 1.02658592e+02 1.24191284e+01
   vertex 1.12007858e+02 1.03741318e+02 1.74580727e+01
  endloop
 endfacet
 facet normal 9.93170440e-01 3.28872241e-02 -1.11941412e-01
  outer loop
   vertex 1.12007858e+02 1.03741318e+02 1.74580727e+01
   vertex 1.11774597e+02 1.02658592e+02 1.24191284e+01
   vertex 1.12449783e+02 1.05753685e+02 1.39381943e+01
  endloop
 endfacet
 facet normal 9.25946355e-01 3.01586002e-01 -2.27308750e-01
  outer loop
   vertex 1.12449783e+02 1.05753685e+02 1.39381943e+01
   vertex 1.11774597e+02 1.02658592e+02 1.24191284e+01
   vertex 1.12257088e+02 1.04838379e+02 1.18827934e+01
  endloop
 endfacet
 facet normal 6.49379969e-01 -4.12858039e-01 6.38634384e-01
  outer loop
   vertex 9.14332809e+01 4.85203552e+01 5.94139709e+01
   vertex 9.14332809e+01 4.85203552e+01 5.34725723e+01
   vertex 9.32124863e+01 5.12694397e+01 5.94139709e+01
  endloop
 endfacet
 facet normal 8.06374907e-01 -5.00503838e-01 3.15048277e-01
  outer loop
   vertex 9.32124863e+01 5.12694397e+01 5.94139709e+01
   vertex 9.14332809e+01 4.85203552e+01 5.34725723e+01
   vertex 9.31691360e+01 5.12967377e+01 5.34725723e+01
  endloop
 endfacet
 facet normal 7.86823452e-01 -5.30725837e-01 3.15022081e-01
  outer loop
   vertex 8.96115189e+01 4.58001404e+01 5.34725723e+01
   vertex 9.14332809e+01 4.85203552e+01 5.34725723e+01
   vertex 8.96540756e+01 4.57712555e+01 5.94139709e+01
  endloop
 endfacet
 facet normal 6.42600060e-01 -4.23364162e-01 6.38614118e-01
  outer loop
   vertex 8.96540756e+01 4.57712555e+01 5.94139709e+01
   vertex 9.14332809e+01 4.85203552e+01 5.34725723e+01
   vertex 9.14332809e+01 4.85203552e+01 5.94139709e+01
  endloop
 endfacet
 facet normal 9.85454977e-01 -1.69927403e-01 1.77816418e-03
  outer loop
   vertex 1.14370285e+02 1.16161087e+02 4.22462234e+01
   vertex 1.13841179e+02 1.13064484e+02 4.17538834e+01
   vertex 1.14127289e+02 1.14650475e+02 3.68615990e+01
  endloop
 endfacet
 facet normal 9.84592915e-01 -1.74852833e-01 1.81796798e-03
  outer loop
   vertex 1.14127289e+02 1.14650475e+02 3.68615990e+01
   vertex 1.13841179e+02 1.13064484e+02 4.17538834e+01
   vertex 1.13781281e+02 1.12689888e+02 3.63760109e+01
  endloop
 endfacet
 facet normal 9.93671894e-01 5.36327586e-02 -9.86897722e-02
  outer loop
   vertex 1.14370285e+02 1.16161087e+02 4.22462234e+01
   vertex 1.14127289e+02 1.14650475e+02 3.68615990e+01
   vertex 1.14595100e+02 1.17511230e+02 4.02601891e+01
  endloop
 endfacet
 facet normal 9.36187387e-01 2.88005888e-01 -2.01508850e-01
  outer loop
   vertex 1.14595100e+02 1.17511230e+02 4.02601891e+01
   vertex 1.14127289e+02 1.14650475e+02 3.68615990e+01
   vertex 1.14267525e+02 1.15449394e+02 3.56483765e+01
  endloop
 endfacet
 facet normal 7.37046063e-01 -2.12894440e-01 6.41435146e-01
  outer loop
   vertex 1.07985695e+02 8.75794296e+01 5.94139709e+01
   vertex 1.07047913e+02 8.44385223e+01 5.94139709e+01
   vertex 1.07964828e+02 8.75842438e+01 5.34725723e+01
  endloop
 endfacet
 facet normal 9.08698440e-01 -2.66567975e-01 3.21261078e-01
  outer loop
   vertex 1.07964828e+02 8.75842438e+01 5.34725723e+01
   vertex 1.07047913e+02 8.44385223e+01 5.94139709e+01
   vertex 1.07047913e+02 8.44385147e+01 5.34725723e+01
  endloop
 endfacet
 facet normal 7.33086348e-01 -2.26932615e-01 6.41159892e-01
  outer loop
   vertex 1.06110138e+02 8.12976074e+01 5.94139709e+01
   vertex 1.06087662e+02 8.13056335e+01 5.34725723e+01
   vertex 1.07047913e+02 8.44385223e+01 5.94139709e+01
  endloop
 endfacet
 facet normal 9.05857027e-01 -2.76122510e-01 3.21215570e-01
  outer loop
   vertex 1.07047913e+02 8.44385223e+01 5.94139709e+01
   vertex 1.06087662e+02 8.13056335e+01 5.34725723e+01
   vertex 1.07047913e+02 8.44385147e+01 5.34725723e+01
  endloop
 endfacet
 facet normal 9.02626574e-01 -2.89132863e-01 3.18853408e-01
  outer loop
   vertex 1.06087662e+02 8.13056335e+01 5.34725723e+01
   vertex 1.06110138e+02 8.12976074e+01 5.94139709e+01
   vertex 1.05082443e+02 7.81888046e+01 5.34725723e+01
  endloop
 endfacet
 facet normal 7.29365826e-01 -2.37822950e-01 6.41455948e-01
  outer loop
   vertex 1.05082443e+02 7.81888046e+01 5.34725723e+01
   vertex 1.06110138e+02 8.12976074e+01 5.94139709e+01
   vertex 1.05082443e+02 7.81888046e+01 5.94139709e+01
  endloop
 endfacet
 facet normal 8.96640182e-01 -3.07694077e-01 3.18371981e-01
  outer loop
   vertex 1.04028244e+02 7.50888367e+01 5.34725723e+01
   vertex 1.05082443e+02 7.81888046e+01 5.34725723e+01
   vertex 1.04054741e+02 7.50800095e+01 5.94139709e+01
  endloop
 endfacet
 facet normal 7.27436066e-01 -2.44723991e-01 6.41051412e-01
  outer loop
   vertex 1.04054741e+02 7.50800095e+01 5.94139709e+01
   vertex 1.05082443e+02 7.81888046e+01 5.34725723e+01
   vertex 1.05082443e+02 7.81888046e+01 5.94139709e+01
  endloop
 endfacet
 facet normal 7.59202063e-01 -1.05345026e-01 6.42273068e-01
  outer loop
   vertex 1.15349808e+02 1.22819946e+02 5.94139709e+01
   vertex 1.14922668e+02 1.19573051e+02 5.94139709e+01
   vertex 1.15177986e+02 1.21493561e+02 5.34725723e+01
  endloop
 endfacet
 facet normal 9.37543333e-01 -1.36252046e-01 3.20074737e-01
  outer loop
   vertex 1.15177986e+02 1.21493561e+02 5.34725723e+01
   vertex 1.14922668e+02 1.19573051e+02 5.94139709e+01
   vertex 1.14854828e+02 1.19244675e+02 5.34725723e+01
  endloop
 endfacet
 facet normal 9.88834918e-01 -1.49007916e-01 1.45492307e-03
  outer loop
   vertex 1.14819267e+02 1.18972481e+02 4.84646149e+01
   vertex 1.15042168e+02 1.20449280e+02 4.87949257e+01
   vertex 1.14854828e+02 1.19244675e+02 5.34725723e+01
  endloop
 endfacet
 facet normal 9.89745677e-01 -1.42836958e-01 1.04562810e-03
  outer loop
   vertex 1.14854828e+02 1.19244675e+02 5.34725723e+01
   vertex 1.15042168e+02 1.20449280e+02 4.87949257e+01
   vertex 1.15177986e+02 1.21493561e+02 5.34725723e+01
  endloop
 endfacet
 facet normal 9.38736856e-01 2.87556976e-01 -1.89958230e-01
  outer loop
   vertex 1.15089684e+02 1.20761337e+02 4.75311737e+01
   vertex 1.15433319e+02 1.23414085e+02 5.34725723e+01
   vertex 1.15042168e+02 1.20449280e+02 4.87949257e+01
  endloop
 endfacet
 facet normal 9.93294299e-01 6.84915558e-02 -9.31412429e-02
  outer loop
   vertex 1.15042168e+02 1.20449280e+02 4.87949257e+01
   vertex 1.15433319e+02 1.23414085e+02 5.34725723e+01
   vertex 1.15177986e+02 1.21493561e+02 5.34725723e+01
  endloop
 endfacet
 facet normal 9.87138569e-01 -1.59865230e-01 7.78137124e-04
  outer loop
   vertex 1.14389557e+02 1.16294525e+02 4.76952820e+01
   vertex 1.14819267e+02 1.18972481e+02 4.84646149e+01
   vertex 1.14395973e+02 1.16339005e+02 5.34725723e+01
  endloop
 endfacet
 facet normal 9.87848401e-01 -1.55419186e-01 6.31775998e-04
  outer loop
   vertex 1.14395973e+02 1.16339005e+02 5.34725723e+01
   vertex 1.14819267e+02 1.18972481e+02 4.84646149e+01
   vertex 1.14854828e+02 1.19244675e+02 5.34725723e+01
  endloop
 endfacet
 facet normal 7.58025825e-01 -1.16612814e-01 6.41715169e-01
  outer loop
   vertex 1.14922668e+02 1.19573051e+02 5.94139709e+01
   vertex 1.14395973e+02 1.16339005e+02 5.94139709e+01
   vertex 1.14854828e+02 1.19244675e+02 5.34725723e+01
  endloop
 endfacet
 facet normal 9.35047507e-01 -1.48608908e-01 3.21871907e-01
  outer loop
   vertex 1.14854828e+02 1.19244675e+02 5.34725723e+01
   vertex 1.14395973e+02 1.16339005e+02 5.94139709e+01
   vertex 1.14395973e+02 1.16339005e+02 5.34725723e+01
  endloop
 endfacet
 facet normal 7.55978584e-01 -1.30410194e-01 6.41474485e-01
  outer loop
   vertex 1.13869286e+02 1.13104958e+02 5.94139709e+01
   vertex 1.13847603e+02 1.13108978e+02 5.34725723e+01
   vertex 1.14395973e+02 1.16339005e+02 5.94139709e+01
  endloop
 endfacet
 facet normal 9.33725655e-01 -1.57517359e-01 3.21472675e-01
  outer loop
   vertex 1.14395973e+02 1.16339005e+02 5.94139709e+01
   vertex 1.13847603e+02 1.13108978e+02 5.34725723e+01
   vertex 1.14395973e+02 1.16339005e+02 5.34725723e+01
  endloop
 endfacet
 facet normal 9.32459235e-01 -1.69264629e-01 3.19169611e-01
  outer loop
   vertex 1.13847603e+02 1.13108978e+02 5.34725723e+01
   vertex 1.13869286e+02 1.13104958e+02 5.94139709e+01
   vertex 1.13255875e+02 1.09886978e+02 5.34725723e+01
  endloop
 endfacet
 facet normal 7.53941357e-01 -1.40582770e-01 6.41723394e-01
  outer loop
   vertex 1.13255875e+02 1.09886978e+02 5.34725723e+01
   vertex 1.13869286e+02 1.13104958e+02 5.94139709e+01
   vertex 1.13255875e+02 1.09886978e+02 5.94139709e+01
  endloop
 endfacet
 facet normal 9.29387569e-01 -1.85261294e-01 3.19244355e-01
  outer loop
   vertex 1.12621597e+02 1.06672997e+02 5.34725723e+01
   vertex 1.13255875e+02 1.09886978e+02 5.34725723e+01
   vertex 1.12642471e+02 1.06668983e+02 5.94139709e+01
  endloop
 endfacet
 facet normal 7.52759099e-01 -1.46438345e-01 6.41801775e-01
  outer loop
   vertex 1.12642471e+02 1.06668983e+02 5.94139709e+01
   vertex 1.13255875e+02 1.09886978e+02 5.34725723e+01
   vertex 1.13255875e+02 1.09886978e+02 5.94139709e+01
  endloop
 endfacet
 facet normal 9.88133252e-01 -1.53593421e-01 1.31576974e-03
  outer loop
   vertex 1.14798500e+02 1.18819092e+02 4.53235435e+01
   vertex 1.14978348e+02 1.19969147e+02 4.66447792e+01
   vertex 1.14819267e+02 1.18972481e+02 4.84646149e+01
  endloop
 endfacet
 facet normal 9.88952041e-01 -1.48228362e-01 1.49887544e-03
  outer loop
   vertex 1.14819267e+02 1.18972481e+02 4.84646149e+01
   vertex 1.14978348e+02 1.19969147e+02 4.66447792e+01
   vertex 1.15042168e+02 1.20449280e+02 4.87949257e+01
  endloop
 endfacet
 facet normal 9.38588798e-01 2.86745816e-01 -1.91905886e-01
  outer loop
   vertex 1.14922668e+02 1.19573051e+02 4.48720016e+01
   vertex 1.15006172e+02 1.20167198e+02 4.62015877e+01
   vertex 1.14798500e+02 1.18819092e+02 4.53235435e+01
  endloop
 endfacet
 facet normal 9.93332505e-01 6.40555769e-02 -9.58509594e-02
  outer loop
   vertex 1.14798500e+02 1.18819092e+02 4.53235435e+01
   vertex 1.15006172e+02 1.20167198e+02 4.62015877e+01
   vertex 1.14978348e+02 1.19969147e+02 4.66447792e+01
  endloop
 endfacet
 facet normal 8.85431767e-01 -3.39116454e-01 3.17821592e-01
  outer loop
   vertex 1.01756065e+02 6.89451141e+01 5.34725723e+01
   vertex 1.02921059e+02 7.20065384e+01 5.34725723e+01
   vertex 1.01787376e+02 6.89330826e+01 5.94139709e+01
  endloop
 endfacet
 facet normal 7.19187438e-01 -2.69040644e-01 6.40614212e-01
  outer loop
   vertex 1.01787376e+02 6.89330826e+01 5.94139709e+01
   vertex 1.02921059e+02 7.20065384e+01 5.34725723e+01
   vertex 1.02921059e+02 7.20065384e+01 5.94139709e+01
  endloop
 endfacet
 facet normal 7.23540127e-01 -2.56708264e-01 6.40773356e-01
  outer loop
   vertex 1.04054741e+02 7.50800095e+01 5.94139709e+01
   vertex 1.02921059e+02 7.20065384e+01 5.94139709e+01
   vertex 1.04028244e+02 7.50888367e+01 5.34725723e+01
  endloop
 endfacet
 facet normal 8.90880466e-01 -3.21499765e-01 3.20889235e-01
  outer loop
   vertex 1.04028244e+02 7.50888367e+01 5.34725723e+01
   vertex 1.02921059e+02 7.20065384e+01 5.94139709e+01
   vertex 1.02921059e+02 7.20065384e+01 5.34725723e+01
  endloop
 endfacet
 facet normal 9.82671916e-01 -1.85351685e-01 7.80759379e-04
  outer loop
   vertex 1.13259247e+02 1.09899170e+02 3.56837044e+01
   vertex 1.13781281e+02 1.12689888e+02 3.63760109e+01
   vertex 1.13255875e+02 1.09886971e+02 4.15897751e+01
  endloop
 endfacet
 facet normal 9.83536661e-01 -1.80705845e-01 1.00866356e-03
  outer loop
   vertex 1.13255875e+02 1.09886971e+02 4.15897751e+01
   vertex 1.13781281e+02 1.12689888e+02 3.63760109e+01
   vertex 1.13841179e+02 1.13064484e+02 4.17538834e+01
  endloop
 endfacet
 facet normal 9.80720460e-01 -1.95409372e-01 1.61528750e-03
  outer loop
   vertex 1.13269356e+02 1.09935783e+02 2.98482895e+01
   vertex 1.12624962e+02 1.06685204e+02 2.97423096e+01
   vertex 1.13026146e+02 1.08639702e+02 2.46385994e+01
  endloop
 endfacet
 facet normal 9.79795873e-01 -1.99994445e-01 1.51225657e-03
  outer loop
   vertex 1.13026146e+02 1.08639702e+02 2.46385994e+01
   vertex 1.12624962e+02 1.06685204e+02 2.97423096e+01
   vertex 1.12568054e+02 1.06378319e+02 2.42178841e+01
  endloop
 endfacet
 facet normal 9.93451178e-01 4.34539840e-02 -1.05671659e-01
  outer loop
   vertex 1.13269356e+02 1.09935783e+02 2.98482895e+01
   vertex 1.13026146e+02 1.08639702e+02 2.46385994e+01
   vertex 1.13596291e+02 1.11617996e+02 2.70895615e+01
  endloop
 endfacet
 facet normal 9.30881441e-01 2.95596659e-01 -2.14668125e-01
  outer loop
   vertex 1.13596291e+02 1.11617996e+02 2.70895615e+01
   vertex 1.13026146e+02 1.08639702e+02 2.46385994e+01
   vertex 1.13323311e+02 1.10131050e+02 2.37655907e+01
  endloop
 endfacet
 facet normal 9.77634788e-01 -2.10309014e-01 5.77861792e-04
  outer loop
   vertex 1.11961136e+02 1.03535614e+02 2.36740608e+01
   vertex 1.12568054e+02 1.06378319e+02 2.42178841e+01
   vertex 1.11945564e+02 1.03467056e+02 2.97069817e+01
  endloop
 endfacet
 facet normal 9.78579581e-01 -2.05867335e-01 7.97069399e-04
  outer loop
   vertex 1.11945564e+02 1.03467056e+02 2.97069817e+01
   vertex 1.12568054e+02 1.06378319e+02 2.42178841e+01
   vertex 1.12624962e+02 1.06685204e+02 2.97423096e+01
  endloop
 endfacet
 facet normal 8.69512260e-01 -3.79608124e-01 3.15984428e-01
  outer loop
   vertex 9.92285461e+01 6.29017487e+01 5.34725723e+01
   vertex 1.00528427e+02 6.59077759e+01 5.34725723e+01
   vertex 9.92695007e+01 6.28824768e+01 5.94139709e+01
  endloop
 endfacet
 facet normal 7.07529485e-01 -3.00923854e-01 6.39411330e-01
  outer loop
   vertex 9.92695007e+01 6.28824768e+01 5.94139709e+01
   vertex 1.00528427e+02 6.59077759e+01 5.34725723e+01
   vertex 1.00528427e+02 6.59077759e+01 5.94139709e+01
  endloop
 endfacet
 facet normal 7.10390210e-01 -2.91772425e-01 6.40480042e-01
  outer loop
   vertex 1.00528427e+02 6.59077759e+01 5.94139709e+01
   vertex 1.00528427e+02 6.59077759e+01 5.34725723e+01
   vertex 1.01787376e+02 6.89330826e+01 5.94139709e+01
  endloop
 endfacet
 facet normal 8.79746854e-01 -3.53992224e-01 3.17387730e-01
  outer loop
   vertex 1.01787376e+02 6.89330826e+01 5.94139709e+01
   vertex 1.00528427e+02 6.59077759e+01 5.34725723e+01
   vertex 1.01756065e+02 6.89451141e+01 5.34725723e+01
  endloop
 endfacet
 facet normal 7.43335545e-01 -1.88549906e-01 6.41795278e-01
  outer loop
   vertex 1.09694252e+02 9.38997955e+01 5.94139709e+01
   vertex 1.09674980e+02 9.39054031e+01 5.34725723e+01
   vertex 1.10471443e+02 9.70824432e+01 5.94139709e+01
  endloop
 endfacet
 facet normal 9.18761671e-01 -2.29444012e-01 3.21298063e-01
  outer loop
   vertex 1.10471443e+02 9.70824432e+01 5.94139709e+01
   vertex 1.09674980e+02 9.39054031e+01 5.34725723e+01
   vertex 1.10471443e+02 9.70824432e+01 5.34725723e+01
  endloop
 endfacet
 facet normal 9.22302604e-01 -2.17387617e-01 3.19531769e-01
  outer loop
   vertex 1.11228569e+02 1.00269928e+02 5.34725723e+01
   vertex 1.11248642e+02 1.00265114e+02 5.94139709e+01
   vertex 1.10471443e+02 9.70824432e+01 5.34725723e+01
  endloop
 endfacet
 facet normal 7.45483756e-01 -1.79644093e-01 6.41858220e-01
  outer loop
   vertex 1.10471443e+02 9.70824432e+01 5.34725723e+01
   vertex 1.11248642e+02 1.00265114e+02 5.94139709e+01
   vertex 1.10471443e+02 9.70824432e+01 5.94139709e+01
  endloop
 endfacet
 facet normal 7.48087347e-01 -1.69619963e-01 6.41556263e-01
  outer loop
   vertex 1.11248642e+02 1.00265114e+02 5.94139709e+01
   vertex 1.11228569e+02 1.00269928e+02 5.34725723e+01
   vertex 1.11945564e+02 1.03467056e+02 5.94139709e+01
  endloop
 endfacet
 facet normal 9.24340904e-01 -2.05796838e-01 3.21312189e-01
  outer loop
   vertex 1.11945564e+02 1.03467056e+02 5.94139709e+01
   vertex 1.11228569e+02 1.00269928e+02 5.34725723e+01
   vertex 1.11945564e+02 1.03467056e+02 5.34725723e+01
  endloop
 endfacet
 facet normal 7.51014352e-01 -1.56434342e-01 6.41487122e-01
  outer loop
   vertex 1.12642471e+02 1.06668983e+02 5.94139709e+01
   vertex 1.11945564e+02 1.03467056e+02 5.94139709e+01
   vertex 1.12621597e+02 1.06672997e+02 5.34725723e+01
  endloop
 endfacet
 facet normal 9.26307321e-01 -1.96775243e-01 3.21300834e-01
  outer loop
   vertex 1.12621597e+02 1.06672997e+02 5.34725723e+01
   vertex 1.11945564e+02 1.03467056e+02 5.94139709e+01
   vertex 1.11945564e+02 1.03467056e+02 5.34725723e+01
  endloop
 endfacet
 facet normal 8.18493068e-01 -4.80427206e-01 3.15053701e-01
  outer loop
   vertex 9.31691360e+01 5.12967377e+01 5.34725723e+01
   vertex 9.48182678e+01 5.41277466e+01 5.34725723e+01
   vertex 9.32124863e+01 5.12694397e+01 5.94139709e+01
  endloop
 endfacet
 facet normal 6.67800844e-01 -3.82336378e-01 6.38639867e-01
  outer loop
   vertex 9.32124863e+01 5.12694397e+01 5.94139709e+01
   vertex 9.48182678e+01 5.41277466e+01 5.34725723e+01
   vertex 9.48182678e+01 5.41277466e+01 5.94139709e+01
  endloop
 endfacet
 facet normal 6.73880279e-01 -3.71477276e-01 6.38662696e-01
  outer loop
   vertex 9.48182678e+01 5.41277466e+01 5.94139709e+01
   vertex 9.48182678e+01 5.41277466e+01 5.34725723e+01
   vertex 9.64240494e+01 5.69860382e+01 5.94139709e+01
  endloop
 endfacet
 facet normal 8.36024344e-01 -4.49205309e-01 3.15084010e-01
  outer loop
   vertex 9.64240494e+01 5.69860382e+01 5.94139709e+01
   vertex 9.48182678e+01 5.41277466e+01 5.34725723e+01
   vertex 9.63782959e+01 5.70085297e+01 5.34725723e+01
  endloop
 endfacet
 facet normal 8.46682966e-01 -4.28737134e-01 3.15138787e-01
  outer loop
   vertex 9.63782959e+01 5.70085297e+01 5.34725723e+01
   vertex 9.78467789e+01 5.99342499e+01 5.34725723e+01
   vertex 9.64240494e+01 5.69860382e+01 5.94139709e+01
  endloop
 endfacet
 facet normal 6.90140963e-01 -3.40209365e-01 6.38719857e-01
  outer loop
   vertex 9.64240494e+01 5.69860382e+01 5.94139709e+01
   vertex 9.78467789e+01 5.99342499e+01 5.34725723e+01
   vertex 9.78467789e+01 5.99342499e+01 5.94139709e+01
  endloop
 endfacet
 facet normal 8.61181140e-01 -3.98277521e-01 3.15819710e-01
  outer loop
   vertex 9.92285461e+01 6.29017487e+01 5.34725723e+01
   vertex 9.92695007e+01 6.28824768e+01 5.94139709e+01
   vertex 9.78467789e+01 5.99342499e+01 5.34725723e+01
  endloop
 endfacet
 facet normal 6.94849014e-01 -3.29485565e-01 6.39237106e-01
  outer loop
   vertex 9.78467789e+01 5.99342499e+01 5.34725723e+01
   vertex 9.92695007e+01 6.28824768e+01 5.94139709e+01
   vertex 9.78467789e+01 5.99342499e+01 5.94139709e+01
  endloop
 endfacet
 facet normal 7.43510365e-01 -4.39649522e-01 -5.03885567e-01
  outer loop
   vertex 9.32124863e+01 5.12694397e+01 2.30926389e-14
   vertex 9.48182678e+01 5.41277466e+01 2.39808173e-14
   vertex 9.31691208e+01 5.12967682e+01 5.94139862e+00
  endloop
 endfacet
 facet normal 8.37849021e-01 -4.83544081e-01 -2.53365606e-01
  outer loop
   vertex 9.31691208e+01 5.12967682e+01 5.94139862e+00
   vertex 9.48182678e+01 5.41277466e+01 2.39808173e-14
   vertex 9.48182678e+01 5.41277466e+01 5.94139862e+00
  endloop
 endfacet
 facet normal 7.61660218e-01 -4.07314450e-01 -5.03953040e-01
  outer loop
   vertex 9.64240494e+01 5.69860382e+01 2.57571742e-14
   vertex 9.63782959e+01 5.70085297e+01 5.94139862e+00
   vertex 9.48182678e+01 5.41277466e+01 2.39808173e-14
  endloop
 endfacet
 facet normal 8.48672748e-01 -4.64550704e-01 -2.52877921e-01
  outer loop
   vertex 9.48182678e+01 5.41277466e+01 2.39808173e-14
   vertex 9.63782959e+01 5.70085297e+01 5.94139862e+00
   vertex 9.48182678e+01 5.41277466e+01 5.94139862e+00
  endloop
 endfacet
 facet normal 5.61143875e-01 -5.26527286e-01 6.38660014e-01
  outer loop
   vertex 7.92807159e+01 3.31240845e+01 5.94139709e+01
   vertex 7.92807159e+01 3.31240845e+01 5.34725723e+01
   vertex 8.15416565e+01 3.54942322e+01 5.94139709e+01
  endloop
 endfacet
 facet normal 6.99070513e-01 -6.41894221e-01 3.15074950e-01
  outer loop
   vertex 8.15416565e+01 3.54942322e+01 5.94139709e+01
   vertex 7.92807159e+01 3.31240845e+01 5.34725723e+01
   vertex 8.15031204e+01 3.55279388e+01 5.34725723e+01
  endloop
 endfacet
 facet normal 6.74811184e-01 -6.67216480e-01 3.15360218e-01
  outer loop
   vertex 7.69852448e+01 3.07884979e+01 5.34725723e+01
   vertex 7.92807159e+01 3.31240845e+01 5.34725723e+01
   vertex 7.70197754e+01 3.07539825e+01 5.94139709e+01
  endloop
 endfacet
 facet normal 5.52609503e-01 -5.35218239e-01 6.38877273e-01
  outer loop
   vertex 7.70197754e+01 3.07539825e+01 5.94139709e+01
   vertex 7.92807159e+01 3.31240845e+01 5.34725723e+01
   vertex 7.92807159e+01 3.31240845e+01 5.94139709e+01
  endloop
 endfacet
 facet normal 6.22227967e-01 -4.52767283e-01 6.38618946e-01
  outer loop
   vertex 8.77046509e+01 4.31377716e+01 5.94139709e+01
   vertex 8.77046509e+01 4.31377716e+01 5.34725723e+01
   vertex 8.96540756e+01 4.57712555e+01 5.94139709e+01
  endloop
 endfacet
 facet normal 7.73432374e-01 -5.50055027e-01 3.15026820e-01
  outer loop
   vertex 8.96540756e+01 4.57712555e+01 5.94139709e+01
   vertex 8.77046509e+01 4.31377716e+01 5.34725723e+01
   vertex 8.96115189e+01 4.58001404e+01 5.34725723e+01
  endloop
 endfacet
 facet normal 7.52097607e-01 -5.78842402e-01 3.15104157e-01
  outer loop
   vertex 8.57158890e+01 4.05363922e+01 5.34725723e+01
   vertex 8.77046509e+01 4.31377716e+01 5.34725723e+01
   vertex 8.57552338e+01 4.05042725e+01 5.94139709e+01
  endloop
 endfacet
 facet normal 6.14781380e-01 -4.62746739e-01 6.38677776e-01
  outer loop
   vertex 8.57552338e+01 4.05042725e+01 5.94139709e+01
   vertex 8.77046509e+01 4.31377716e+01 5.34725723e+01
   vertex 8.77046509e+01 4.31377716e+01 5.94139709e+01
  endloop
 endfacet
 facet normal 4.99136932e-02 -9.47404444e-01 3.16122502e-01
  outer loop
   vertex 6.55039024e+00 1.45339966e-01 5.34725723e+01
   vertex 9.82096958e+00 3.24371338e-01 5.34725723e+01
   vertex 6.55159473e+00 1.02783203e-01 5.94139709e+01
  endloop
 endfacet
 facet normal 4.74081449e-02 -7.67359436e-01 6.39462233e-01
  outer loop
   vertex 6.55159473e+00 1.02783203e-01 5.94139709e+01
   vertex 9.82096958e+00 3.24371338e-01 5.34725723e+01
   vertex 9.82096958e+00 3.24371338e-01 5.94139709e+01
  endloop
 endfacet
 facet normal 5.94132841e-02 -7.67517567e-01 6.38268590e-01
  outer loop
   vertex 9.82096958e+00 3.24371338e-01 5.94139709e+01
   vertex 9.82096958e+00 3.24371338e-01 5.34725723e+01
   vertex 1.30903454e+01 5.45989990e-01 5.94139709e+01
  endloop
 endfacet
 facet normal 8.43206793e-02 -9.45488214e-01 3.14550579e-01
  outer loop
   vertex 1.30903454e+01 5.45989990e-01 5.94139709e+01
   vertex 9.82096958e+00 3.24371338e-01 5.34725723e+01
   vertex 1.30839195e+01 6.01394653e-01 5.34725723e+01
  endloop
 endfacet
 facet normal 6.33273005e-01 -7.06859589e-01 3.15142602e-01
  outer loop
   vertex 7.21887817e+01 2.63284454e+01 5.34725723e+01
   vertex 7.46207352e+01 2.85219421e+01 5.34725723e+01
   vertex 7.22216949e+01 2.62899017e+01 5.94139709e+01
  endloop
 endfacet
 facet normal 5.19525886e-01 -5.67571163e-01 6.38714194e-01
  outer loop
   vertex 7.22216949e+01 2.62899017e+01 5.94139709e+01
   vertex 7.46207352e+01 2.85219421e+01 5.34725723e+01
   vertex 7.46207352e+01 2.85219421e+01 5.94139709e+01
  endloop
 endfacet
 facet normal 5.28298020e-01 -5.59222281e-01 6.38883173e-01
  outer loop
   vertex 7.46207352e+01 2.85219421e+01 5.94139709e+01
   vertex 7.46207352e+01 2.85219421e+01 5.34725723e+01
   vertex 7.70197754e+01 3.07539825e+01 5.94139709e+01
  endloop
 endfacet
 facet normal 6.58758998e-01 -6.83067560e-01 3.15365225e-01
  outer loop
   vertex 7.70197754e+01 3.07539825e+01 5.94139709e+01
   vertex 7.46207352e+01 2.85219421e+01 5.34725723e+01
   vertex 7.69852448e+01 3.07884979e+01 5.34725723e+01
  endloop
 endfacet
 facet normal 5.92843115e-01 -4.90535945e-01 6.38679504e-01
  outer loop
   vertex 8.36484451e+01 3.79992523e+01 5.94139709e+01
   vertex 8.36484451e+01 3.79992523e+01 5.34725723e+01
   vertex 8.57552338e+01 4.05042725e+01 5.94139709e+01
  endloop
 endfacet
 facet normal 7.37653196e-01 -5.97140014e-01 3.15105647e-01
  outer loop
   vertex 8.57552338e+01 4.05042725e+01 5.94139709e+01
   vertex 8.36484451e+01 3.79992523e+01 5.34725723e+01
   vertex 8.57158890e+01 4.05363922e+01 5.34725723e+01
  endloop
 endfacet
 facet normal 7.14639485e-01 -6.24523997e-01 3.15055907e-01
  outer loop
   vertex 8.15031204e+01 3.55279388e+01 5.34725723e+01
   vertex 8.36484451e+01 3.79992523e+01 5.34725723e+01
   vertex 8.15416565e+01 3.54942322e+01 5.94139709e+01
  endloop
 endfacet
 facet normal 5.84869981e-01 -5.00064492e-01 6.38641179e-01
  outer loop
   vertex 8.15416565e+01 3.54942322e+01 5.94139709e+01
   vertex 8.36484451e+01 3.79992523e+01 5.34725723e+01
   vertex 8.36484451e+01 3.79992523e+01 5.94139709e+01
  endloop
 endfacet
 facet normal 8.01031053e-01 -3.19878608e-01 -5.05991101e-01
  outer loop
   vertex 1.01787376e+02 6.89330826e+01 3.10862447e-14
   vertex 1.01756065e+02 6.89451141e+01 5.94139862e+00
   vertex 1.00528427e+02 6.59077759e+01 2.93098879e-14
  endloop
 endfacet
 facet normal 8.95525396e-01 -3.65508616e-01 -2.53845811e-01
  outer loop
   vertex 1.00528427e+02 6.59077759e+01 2.93098879e-14
   vertex 1.01756065e+02 6.89451141e+01 5.94139862e+00
   vertex 1.00528427e+02 6.59077759e+01 5.94139862e+00
  endloop
 endfacet
 facet normal 7.90666163e-01 -3.46367300e-01 -5.04853129e-01
  outer loop
   vertex 9.92695007e+01 6.28824768e+01 2.84217094e-14
   vertex 1.00528427e+02 6.59077759e+01 2.93098879e-14
   vertex 9.92285461e+01 6.29017487e+01 5.94139862e+00
  endloop
 endfacet
 facet normal 8.89167070e-01 -3.81070852e-01 -2.53311932e-01
  outer loop
   vertex 9.92285461e+01 6.29017487e+01 5.94139862e+00
   vertex 1.00528427e+02 6.59077759e+01 2.93098879e-14
   vertex 1.00528427e+02 6.59077759e+01 5.94139862e+00
  endloop
 endfacet
 facet normal 8.23213875e-01 -2.54546046e-01 -5.07469416e-01
  outer loop
   vertex 1.06110138e+02 8.12976074e+01 3.64153152e-14
   vertex 1.07047913e+02 8.44385223e+01 3.73034936e-14
   vertex 1.06087662e+02 8.13056412e+01 5.94139862e+00
  endloop
 endfacet
 facet normal 9.25246179e-01 -2.81625956e-01 -2.54177839e-01
  outer loop
   vertex 1.06087662e+02 8.13056412e+01 5.94139862e+00
   vertex 1.07047913e+02 8.44385223e+01 3.73034936e-14
   vertex 1.07047913e+02 8.44385223e+01 5.94139862e+00
  endloop
 endfacet
 facet normal 8.27627897e-01 -2.39286631e-01 -5.07714510e-01
  outer loop
   vertex 1.07985695e+02 8.75794296e+01 3.90798505e-14
   vertex 1.07964828e+02 8.75842514e+01 5.94139862e+00
   vertex 1.07047913e+02 8.44385223e+01 3.73034936e-14
  endloop
 endfacet
 facet normal 9.27952170e-01 -2.72535354e-01 -2.54222840e-01
  outer loop
   vertex 1.07047913e+02 8.44385223e+01 3.73034936e-14
   vertex 1.07964828e+02 8.75842514e+01 5.94139862e+00
   vertex 1.07047913e+02 8.44385223e+01 5.94139862e+00
  endloop
 endfacet
 facet normal 5.74321032e-01 -6.45105720e-01 -5.03978133e-01
  outer loop
   vertex 7.22216949e+01 2.62899017e+01 1.15463195e-14
   vertex 7.46207352e+01 2.85219421e+01 1.24344979e-14
   vertex 7.21887817e+01 2.63284454e+01 5.94139862e+00
  endloop
 endfacet
 facet normal 6.50702178e-01 -7.15801060e-01 -2.53407806e-01
  outer loop
   vertex 7.21887817e+01 2.63284454e+01 5.94139862e+00
   vertex 7.46207352e+01 2.85219421e+01 1.24344979e-14
   vertex 7.46207352e+01 2.85219421e+01 5.94139862e+00
  endloop
 endfacet
 facet normal 6.01469219e-01 -6.19719565e-01 -5.04165113e-01
  outer loop
   vertex 7.70197754e+01 3.07539825e+01 1.42108547e-14
   vertex 7.69852448e+01 3.07884979e+01 5.94139862e+00
   vertex 7.46207352e+01 2.85219421e+01 1.24344979e-14
  endloop
 endfacet
 facet normal 6.66609764e-01 -7.01005042e-01 -2.53423363e-01
  outer loop
   vertex 7.46207352e+01 2.85219421e+01 1.24344979e-14
   vertex 7.69852448e+01 3.07884979e+01 5.94139862e+00
   vertex 7.46207352e+01 2.85219421e+01 5.94139862e+00
  endloop
 endfacet
 facet normal 5.88334978e-01 -7.44700134e-01 3.15093011e-01
  outer loop
   vertex 6.71289597e+01 2.21742859e+01 5.34725723e+01
   vertex 6.96909866e+01 2.42120056e+01 5.34725723e+01
   vertex 6.71602707e+01 2.21341095e+01 5.94139709e+01
  endloop
 endfacet
 facet normal 4.83473569e-01 -5.98625898e-01 6.38670743e-01
  outer loop
   vertex 6.71602707e+01 2.21341095e+01 5.94139709e+01
   vertex 6.96909866e+01 2.42120056e+01 5.34725723e+01
   vertex 6.96909866e+01 2.42120056e+01 5.94139709e+01
  endloop
 endfacet
 facet normal 4.93025661e-01 -5.90759516e-01 6.38693094e-01
  outer loop
   vertex 6.96909866e+01 2.42120056e+01 5.94139709e+01
   vertex 6.96909866e+01 2.42120056e+01 5.34725723e+01
   vertex 7.22216949e+01 2.62899017e+01 5.94139709e+01
  endloop
 endfacet
 facet normal 6.15862131e-01 -7.22088516e-01 3.15122247e-01
  outer loop
   vertex 7.22216949e+01 2.62899017e+01 5.94139709e+01
   vertex 6.96909866e+01 2.42120056e+01 5.34725723e+01
   vertex 7.21887817e+01 2.63284454e+01 5.34725723e+01
  endloop
 endfacet
 facet normal 7.14537084e-01 -4.85349774e-01 -5.03857493e-01
  outer loop
   vertex 8.96540756e+01 4.57712555e+01 2.04281037e-14
   vertex 9.14332809e+01 4.85203552e+01 2.13162821e-14
   vertex 8.96115189e+01 4.58001404e+01 5.94139862e+00
  endloop
 endfacet
 facet normal 8.05960000e-01 -5.35013318e-01 -2.53355831e-01
  outer loop
   vertex 8.96115189e+01 4.58001404e+01 5.94139862e+00
   vertex 9.14332809e+01 4.85203552e+01 2.13162821e-14
   vertex 9.14332733e+01 4.85203552e+01 5.94139862e+00
  endloop
 endfacet
 facet normal 7.35376716e-01 -4.53132182e-01 -5.03877282e-01
  outer loop
   vertex 9.32124863e+01 5.12694397e+01 2.30926389e-14
   vertex 9.31691208e+01 5.12967682e+01 5.94139862e+00
   vertex 9.14332809e+01 4.85203552e+01 2.13162821e-14
  endloop
 endfacet
 facet normal 8.18146110e-01 -5.16185045e-01 -2.53357410e-01
  outer loop
   vertex 9.14332809e+01 4.85203552e+01 2.13162821e-14
   vertex 9.31691208e+01 5.12967682e+01 5.94139862e+00
   vertex 9.14332733e+01 4.85203552e+01 5.94139862e+00
  endloop
 endfacet
 facet normal 5.41104853e-01 -7.79663026e-01 3.15168381e-01
  outer loop
   vertex 6.18202400e+01 1.83412781e+01 5.34725723e+01
   vertex 6.45043030e+01 2.02168121e+01 5.34725723e+01
   vertex 6.18483391e+01 1.82995148e+01 5.94139709e+01
  endloop
 endfacet
 facet normal 4.45395589e-01 -6.27413690e-01 6.38729036e-01
  outer loop
   vertex 6.18483391e+01 1.82995148e+01 5.94139709e+01
   vertex 6.45043030e+01 2.02168121e+01 5.34725723e+01
   vertex 6.45043030e+01 2.02168121e+01 5.94139709e+01
  endloop
 endfacet
 facet normal 4.55416650e-01 -6.20234311e-01 6.38674498e-01
  outer loop
   vertex 6.45043030e+01 2.02168121e+01 5.94139709e+01
   vertex 6.45043030e+01 2.02168121e+01 5.34725723e+01
   vertex 6.71602707e+01 2.21341095e+01 5.94139709e+01
  endloop
 endfacet
 facet normal 5.69890559e-01 -7.58906364e-01 3.15096676e-01
  outer loop
   vertex 6.71602707e+01 2.21341095e+01 5.94139709e+01
   vertex 6.45043030e+01 2.02168121e+01 5.34725723e+01
   vertex 6.71289597e+01 2.21742859e+01 5.34725723e+01
  endloop
 endfacet
 facet normal 3.89312059e-01 -8.65508974e-01 3.15167218e-01
  outer loop
   vertex 4.46279221e+01 8.89123535e+00 5.34725723e+01
   vertex 4.76114655e+01 1.02449188e+01 5.34725723e+01
   vertex 4.46471901e+01 8.84465027e+00 5.94139709e+01
  endloop
 endfacet
 facet normal 3.23077291e-01 -6.98316991e-01 6.38728738e-01
  outer loop
   vertex 4.46471901e+01 8.84465027e+00 5.94139709e+01
   vertex 4.76114655e+01 1.02449188e+01 5.34725723e+01
   vertex 4.76114655e+01 1.02448883e+01 5.94139709e+01
  endloop
 endfacet
 facet normal 3.34156275e-01 -6.93074882e-01 6.38738453e-01
  outer loop
   vertex 4.76114655e+01 1.02448883e+01 5.94139709e+01
   vertex 4.76114655e+01 1.02449188e+01 5.34725723e+01
   vertex 5.05757408e+01 1.16451569e+01 5.94139709e+01
  endloop
 endfacet
 facet normal 4.21204567e-01 -8.50439847e-01 3.15180480e-01
  outer loop
   vertex 5.05757408e+01 1.16451569e+01 5.94139709e+01
   vertex 4.76114655e+01 1.02449188e+01 5.34725723e+01
   vertex 5.05516548e+01 1.16893158e+01 5.34725723e+01
  endloop
 endfacet
 facet normal 9.34893548e-01 -2.47628123e-01 -2.54272133e-01
  outer loop
   vertex 1.08839973e+02 9.07396164e+01 5.94139862e+00
   vertex 1.08839973e+02 9.07396164e+01 3.99680289e-14
   vertex 1.09705490e+02 9.40292130e+01 5.72397232e+00
  endloop
 endfacet
 facet normal 8.33449006e-01 -2.17602432e-01 -5.07948756e-01
  outer loop
   vertex 1.09705490e+02 9.40292130e+01 5.72397232e+00
   vertex 1.08839973e+02 9.07396164e+01 3.99680289e-14
   vertex 1.09694252e+02 9.38997955e+01 4.17443857e-14
  endloop
 endfacet
 facet normal 9.31808472e-01 -2.60407746e-01 -2.52825677e-01
  outer loop
   vertex 1.07964828e+02 8.75842514e+01 5.94139862e+00
   vertex 1.07985695e+02 8.75794296e+01 3.90798505e-14
   vertex 1.08839973e+02 9.07396164e+01 5.94139862e+00
  endloop
 endfacet
 facet normal 8.30661058e-01 -2.27747411e-01 -5.08068204e-01
  outer loop
   vertex 1.08839973e+02 9.07396164e+01 5.94139862e+00
   vertex 1.07985695e+02 8.75794296e+01 3.90798505e-14
   vertex 1.08839973e+02 9.07396164e+01 3.99680289e-14
  endloop
 endfacet
 facet normal 9.74369228e-01 -2.24953875e-01 5.77322149e-04
  outer loop
   vertex 1.11168892e+02 9.99743576e+01 6.75006866e+00
   vertex 1.11584801e+02 1.01789543e+02 8.45284271e+00
   vertex 1.11193459e+02 1.00098763e+02 1.20620804e+01
  endloop
 endfacet
 facet normal 9.75126803e-01 -2.21646413e-01 7.47877872e-04
  outer loop
   vertex 1.11193459e+02 1.00098763e+02 1.20620804e+01
   vertex 1.11584801e+02 1.01789543e+02 8.45284271e+00
   vertex 1.11774597e+02 1.02658592e+02 1.24191284e+01
  endloop
 endfacet
 facet normal 9.92544055e-01 3.28837857e-02 -1.17366910e-01
  outer loop
   vertex 1.11584801e+02 1.01789543e+02 8.45284271e+00
   vertex 1.11168892e+02 9.99743576e+01 6.75006866e+00
   vertex 1.11752869e+02 1.02551758e+02 6.73786545e+00
  endloop
 endfacet
 facet normal 9.21585619e-01 3.09664100e-01 -2.34068632e-01
  outer loop
   vertex 1.11752869e+02 1.02551758e+02 6.73786545e+00
   vertex 1.11168892e+02 9.99743576e+01 6.75006866e+00
   vertex 1.11248642e+02 1.00265114e+02 1.59293747e+00
  endloop
 endfacet
 facet normal 9.93413568e-01 5.37025295e-02 -1.01220019e-01
  outer loop
   vertex 1.14127289e+02 1.14650475e+02 3.68615990e+01
   vertex 1.14002037e+02 1.13886436e+02 3.39034271e+01
   vertex 1.14267525e+02 1.15449394e+02 3.56483765e+01
  endloop
 endfacet
 facet normal 9.33923006e-01 2.92213053e-01 -2.05911100e-01
  outer loop
   vertex 1.14267525e+02 1.15449394e+02 3.56483765e+01
   vertex 1.14002037e+02 1.13886436e+02 3.39034271e+01
   vertex 1.14068405e+02 1.14277184e+02 3.30309525e+01
  endloop
 endfacet
 facet normal 9.83997405e-01 -1.78179413e-01 1.11814588e-03
  outer loop
   vertex 1.13752487e+02 1.12508041e+02 3.24534035e+01
   vertex 1.14002037e+02 1.13886436e+02 3.39034271e+01
   vertex 1.13781281e+02 1.12689888e+02 3.63760109e+01
  endloop
 endfacet
 facet normal 9.84692276e-01 -1.74295112e-01 1.51241093e-03
  outer loop
   vertex 1.13781281e+02 1.12689888e+02 3.63760109e+01
   vertex 1.14002037e+02 1.13886436e+02 3.39034271e+01
   vertex 1.14127289e+02 1.14650475e+02 3.68615990e+01
  endloop
 endfacet
 facet normal 9.33489680e-01 2.91593432e-01 -2.08735064e-01
  outer loop
   vertex 1.13869286e+02 1.13104958e+02 3.04135284e+01
   vertex 1.14068405e+02 1.14277184e+02 3.30309525e+01
   vertex 1.13752487e+02 1.12508041e+02 3.24534035e+01
  endloop
 endfacet
 facet normal 9.93340909e-01 5.14142513e-02 -1.03103749e-01
  outer loop
   vertex 1.13752487e+02 1.12508041e+02 3.24534035e+01
   vertex 1.14068405e+02 1.14277184e+02 3.30309525e+01
   vertex 1.14002037e+02 1.13886436e+02 3.39034271e+01
  endloop
 endfacet
 facet normal 8.79609764e-01 -4.04938757e-01 -2.49622300e-01
  outer loop
   vertex 9.92285461e+01 6.29017487e+01 5.94139862e+00
   vertex 9.78467789e+01 5.99342499e+01 5.94139862e+00
   vertex 9.92695007e+01 6.28824768e+01 2.84217094e-14
  endloop
 endfacet
 facet normal 7.80315757e-01 -3.68387610e-01 -5.05369067e-01
  outer loop
   vertex 9.92695007e+01 6.28824768e+01 2.84217094e-14
   vertex 9.78467789e+01 5.99342499e+01 5.94139862e+00
   vertex 9.78467789e+01 5.99342499e+01 2.66453526e-14
  endloop
 endfacet
 facet normal 8.63193274e-01 -4.39181894e-01 -2.49031439e-01
  outer loop
   vertex 9.63782959e+01 5.70085297e+01 5.94139862e+00
   vertex 9.64240494e+01 5.69860382e+01 2.57571742e-14
   vertex 9.78467789e+01 5.99342499e+01 5.94139862e+00
  endloop
 endfacet
 facet normal 7.73538232e-01 -3.83048832e-01 -5.04888296e-01
  outer loop
   vertex 9.78467789e+01 5.99342499e+01 5.94139862e+00
   vertex 9.64240494e+01 5.69860382e+01 2.57571742e-14
   vertex 9.78467789e+01 5.99342499e+01 2.66453526e-14
  endloop
 endfacet
 facet normal 2.90920228e-01 -7.12316036e-01 6.38726294e-01
  outer loop
   vertex 4.16058350e+01 7.63069153e+00 5.94139709e+01
   vertex 4.16058388e+01 7.63070679e+00 5.34725723e+01
   vertex 4.46471901e+01 8.84465027e+00 5.94139709e+01
  endloop
 endfacet
 facet normal 3.68157297e-01 -8.74718428e-01 3.15163165e-01
  outer loop
   vertex 4.46471901e+01 8.84465027e+00 5.94139709e+01
   vertex 4.16058388e+01 7.63070679e+00 5.34725723e+01
   vertex 4.46279221e+01 8.89123535e+00 5.34725723e+01
  endloop
 endfacet
 facet normal 3.35293800e-01 -8.87842357e-01 3.15141290e-01
  outer loop
   vertex 3.85468216e+01 6.46409607e+00 5.34725723e+01
   vertex 4.16058388e+01 7.63070679e+00 5.34725723e+01
   vertex 3.85644836e+01 6.41670227e+00 5.94139709e+01
  endloop
 endfacet
 facet normal 2.79511511e-01 -7.16884553e-01 6.38709545e-01
  outer loop
   vertex 3.85644836e+01 6.41670227e+00 5.94139709e+01
   vertex 4.16058388e+01 7.63070679e+00 5.34725723e+01
   vertex 4.16058350e+01 7.63069153e+00 5.94139709e+01
  endloop
 endfacet
 facet normal 6.38060570e-01 -5.82189560e-01 -5.03918648e-01
  outer loop
   vertex 8.15416565e+01 3.54942322e+01 1.59872116e-14
   vertex 8.15031204e+01 3.55279388e+01 5.94139862e+00
   vertex 7.92807159e+01 3.31240845e+01 1.50990331e-14
  endloop
 endfacet
 facet normal 7.07735002e-01 -6.59470916e-01 -2.53395528e-01
  outer loop
   vertex 7.92807159e+01 3.31240845e+01 1.50990331e-14
   vertex 8.15031204e+01 3.55279388e+01 5.94139862e+00
   vertex 7.92807159e+01 3.31240845e+01 5.94139862e+00
  endloop
 endfacet
 facet normal 6.12171710e-01 -6.09156311e-01 -5.04157186e-01
  outer loop
   vertex 7.70197754e+01 3.07539825e+01 1.42108547e-14
   vertex 7.92807159e+01 3.31240845e+01 1.50990331e-14
   vertex 7.69852448e+01 3.07884979e+01 5.94139862e+00
  endloop
 endfacet
 facet normal 6.92655444e-01 -6.75284505e-01 -2.53415316e-01
  outer loop
   vertex 7.69852448e+01 3.07884979e+01 5.94139862e+00
   vertex 7.92807159e+01 3.31240845e+01 1.50990331e-14
   vertex 7.92807159e+01 3.31240845e+01 5.94139862e+00
  endloop
 endfacet
 facet normal 4.90172267e-01 -7.11145222e-01 -5.03987730e-01
  outer loop
   vertex 6.18483391e+01 1.82995148e+01 7.99360578e-15
   vertex 6.45043030e+01 2.02168121e+01 8.88178420e-15
   vertex 6.18202400e+01 1.83412781e+01 5.94139862e+00
  endloop
 endfacet
 facet normal 5.57289302e-01 -7.90711284e-01 -2.53385752e-01
  outer loop
   vertex 6.18202400e+01 1.83412781e+01 5.94139862e+00
   vertex 6.45043030e+01 2.02168121e+01 8.88178420e-15
   vertex 6.45043030e+01 2.02168121e+01 5.94139862e+00
  endloop
 endfacet
 facet normal 5.20865262e-01 -6.89024150e-01 -5.03929675e-01
  outer loop
   vertex 6.71602707e+01 2.21341095e+01 9.76996262e-15
   vertex 6.71289597e+01 2.21742859e+01 5.94139862e+00
   vertex 6.45043030e+01 2.02168121e+01 8.88178420e-15
  endloop
 endfacet
 facet normal 5.75217485e-01 -7.77767897e-01 -2.53380865e-01
  outer loop
   vertex 6.45043030e+01 2.02168121e+01 8.88178420e-15
   vertex 6.71289597e+01 2.21742859e+01 5.94139862e+00
   vertex 6.45043030e+01 2.02168121e+01 5.94139862e+00
  endloop
 endfacet
 facet normal 5.62610030e-01 -6.55367851e-01 -5.03947318e-01
  outer loop
   vertex 7.22216949e+01 2.62899017e+01 1.15463195e-14
   vertex 7.21887817e+01 2.63284454e+01 5.94139862e+00
   vertex 6.96909866e+01 2.42120056e+01 1.06581410e-14
  endloop
 endfacet
 facet normal 6.22372389e-01 -7.40575850e-01 -2.53377259e-01
  outer loop
   vertex 6.96909866e+01 2.42120056e+01 1.06581410e-14
   vertex 7.21887817e+01 2.63284454e+01 5.94139862e+00
   vertex 6.96909866e+01 2.42120056e+01 5.94139862e+00
  endloop
 endfacet
 facet normal 5.33267856e-01 -6.79474711e-01 -5.03924131e-01
  outer loop
   vertex 6.71602707e+01 2.21341095e+01 9.76996262e-15
   vertex 6.96909866e+01 2.42120056e+01 1.06581410e-14
   vertex 6.71289597e+01 2.21742859e+01 5.94139862e+00
  endloop
 endfacet
 facet normal 6.05217159e-01 -7.54660904e-01 -2.53375381e-01
  outer loop
   vertex 6.71289597e+01 2.21742859e+01 5.94139862e+00
   vertex 6.96909866e+01 2.42120056e+01 1.06581410e-14
   vertex 6.96909866e+01 2.42120056e+01 5.94139862e+00
  endloop
 endfacet
 facet normal 1.51260838e-01 -8.50263000e-01 -5.04155695e-01
  outer loop
   vertex 1.95777073e+01 1.43238831e+00 8.88178420e-16
   vertex 2.27924862e+01 2.07147217e+00 8.88178420e-16
   vertex 1.95704823e+01 1.48135376e+00 5.94139862e+00
  endloop
 endfacet
 facet normal 1.78418472e-01 -9.50883031e-01 -2.52959073e-01
  outer loop
   vertex 1.95704823e+01 1.48135376e+00 5.94139862e+00
   vertex 2.27924862e+01 2.07147217e+00 8.88178420e-16
   vertex 2.27924843e+01 2.07147217e+00 5.94139862e+00
  endloop
 endfacet
 facet normal 1.85225874e-01 -8.43479335e-01 -5.04216194e-01
  outer loop
   vertex 2.60072632e+01 2.71057129e+00 8.88178420e-16
   vertex 2.59952202e+01 2.75791931e+00 5.94139862e+00
   vertex 2.27924862e+01 2.07147217e+00 8.88178420e-16
  endloop
 endfacet
 facet normal 1.98636666e-01 -9.46862876e-01 -2.52970636e-01
  outer loop
   vertex 2.27924862e+01 2.07147217e+00 8.88178420e-16
   vertex 2.59952202e+01 2.75791931e+00 5.94139862e+00
   vertex 2.27924843e+01 2.07147217e+00 5.94139862e+00
  endloop
 endfacet
 facet normal 4.45652992e-01 -7.39828050e-01 -5.04031658e-01
  outer loop
   vertex 5.63116035e+01 1.47988892e+01 7.10542736e-15
   vertex 5.90799713e+01 1.65492096e+01 7.10542736e-15
   vertex 5.62867088e+01 1.48422699e+01 5.94139862e+00
  endloop
 endfacet
 facet normal 5.07711828e-01 -8.23417425e-01 -2.53401697e-01
  outer loop
   vertex 5.62867088e+01 1.48422699e+01 5.94139862e+00
   vertex 5.90799713e+01 1.65492096e+01 7.10542736e-15
   vertex 5.90799713e+01 1.65492096e+01 5.94139862e+00
  endloop
 endfacet
 facet normal 4.77348804e-01 -7.19806314e-01 -5.04001021e-01
  outer loop
   vertex 6.18483391e+01 1.82995148e+01 7.99360578e-15
   vertex 6.18202400e+01 1.83412781e+01 5.94139862e+00
   vertex 5.90799713e+01 1.65492096e+01 7.10542736e-15
  endloop
 endfacet
 facet normal 5.26234031e-01 -8.11706066e-01 -2.53398865e-01
  outer loop
   vertex 5.90799713e+01 1.65492096e+01 7.10542736e-15
   vertex 6.18202400e+01 1.83412781e+01 5.94139862e+00
   vertex 5.90799713e+01 1.65492096e+01 5.94139862e+00
  endloop
 endfacet
 facet normal 7.05529869e-01 -4.98344809e-01 -5.03865182e-01
  outer loop
   vertex 8.96540756e+01 4.57712555e+01 2.04281037e-14
   vertex 8.96115189e+01 4.58001404e+01 5.94139862e+00
   vertex 8.77046509e+01 4.31377716e+01 1.95399252e-14
  endloop
 endfacet
 facet normal 7.84177721e-01 -5.66455960e-01 -2.53363311e-01
  outer loop
   vertex 8.77046509e+01 4.31377716e+01 1.95399252e-14
   vertex 8.96115189e+01 4.58001404e+01 5.94139862e+00
   vertex 8.77046509e+01 4.31377716e+01 5.94139862e+00
  endloop
 endfacet
 facet normal 6.82779729e-01 -5.29026926e-01 -5.03926933e-01
  outer loop
   vertex 8.57552338e+01 4.05042725e+01 1.77635684e-14
   vertex 8.77046509e+01 4.31377716e+01 1.95399252e-14
   vertex 8.57158890e+01 4.05363922e+01 5.94139862e+00
  endloop
 endfacet
 facet normal 7.70897925e-01 -5.84397674e-01 -2.53368735e-01
  outer loop
   vertex 8.57158890e+01 4.05363922e+01 5.94139862e+00
   vertex 8.77046509e+01 4.31377716e+01 1.95399252e-14
   vertex 8.77046509e+01 4.31377716e+01 5.94139862e+00
  endloop
 endfacet
 facet normal 6.73097432e-01 -5.41290283e-01 -5.03929257e-01
  outer loop
   vertex 8.57552338e+01 4.05042725e+01 1.77635684e-14
   vertex 8.57158890e+01 4.05363922e+01 5.94139862e+00
   vertex 8.36484451e+01 3.79992523e+01 1.68753900e-14
  endloop
 endfacet
 facet normal 7.47423828e-01 -6.14134192e-01 -2.53370851e-01
  outer loop
   vertex 8.36484451e+01 3.79992523e+01 1.68753900e-14
   vertex 8.57158890e+01 4.05363922e+01 5.94139862e+00
   vertex 8.36484451e+01 3.79992523e+01 5.94139862e+00
  endloop
 endfacet
 facet normal 6.48570418e-01 -5.70483088e-01 -5.03890276e-01
  outer loop
   vertex 8.15416565e+01 3.54942322e+01 1.59872116e-14
   vertex 8.36484451e+01 3.79992523e+01 1.68753900e-14
   vertex 8.15031204e+01 3.55279388e+01 5.94139862e+00
  endloop
 endfacet
 facet normal 7.33076751e-01 -6.31192088e-01 -2.53367364e-01
  outer loop
   vertex 8.15031204e+01 3.55279388e+01 5.94139862e+00
   vertex 8.36484451e+01 3.79992523e+01 1.68753900e-14
   vertex 8.36484451e+01 3.79992523e+01 5.94139862e+00
  endloop
 endfacet
 facet normal 4.16362017e-01 -6.47036433e-01 6.38738215e-01
  outer loop
   vertex 5.90799713e+01 1.65492096e+01 5.94139709e+01
   vertex 5.90799713e+01 1.65492096e+01 5.34725723e+01
   vertex 6.18483391e+01 1.82995148e+01 5.94139709e+01
  endloop
 endfacet
 facet normal 5.22001505e-01 -7.92576671e-01 3.15177113e-01
  outer loop
   vertex 6.18483391e+01 1.82995148e+01 5.94139709e+01
   vertex 5.90799713e+01 1.65492096e+01 5.34725723e+01
   vertex 6.18202400e+01 1.83412781e+01 5.34725723e+01
  endloop
 endfacet
 facet normal 4.92268741e-01 -8.11364055e-01 3.15213978e-01
  outer loop
   vertex 5.62867088e+01 1.48422699e+01 5.34725723e+01
   vertex 5.90799713e+01 1.65492096e+01 5.34725723e+01
   vertex 5.63116035e+01 1.47988892e+01 5.94139709e+01
  endloop
 endfacet
 facet normal 4.06024426e-01 -6.53546274e-01 6.38765574e-01
  outer loop
   vertex 5.63116035e+01 1.47988892e+01 5.94139709e+01
   vertex 5.90799713e+01 1.65492096e+01 5.34725723e+01
   vertex 5.90799713e+01 1.65492096e+01 5.94139709e+01
  endloop
 endfacet
 facet normal 4.41705227e-01 -8.39973927e-01 3.15182954e-01
  outer loop
   vertex 5.05516548e+01 1.16893158e+01 5.34725723e+01
   vertex 5.34436722e+01 1.32220306e+01 5.34725723e+01
   vertex 5.05757408e+01 1.16451569e+01 5.94139709e+01
  endloop
 endfacet
 facet normal 3.65324289e-01 -6.77160323e-01 6.38742566e-01
  outer loop
   vertex 5.05757408e+01 1.16451569e+01 5.94139709e+01
   vertex 5.34436722e+01 1.32220306e+01 5.34725723e+01
   vertex 5.34436722e+01 1.32220306e+01 5.94139709e+01
  endloop
 endfacet
 facet normal 3.76014262e-01 -6.71261251e-01 6.38765693e-01
  outer loop
   vertex 5.34436722e+01 1.32220306e+01 5.94139709e+01
   vertex 5.34436722e+01 1.32220306e+01 5.34725723e+01
   vertex 5.63116035e+01 1.47988892e+01 5.94139709e+01
  endloop
 endfacet
 facet normal 4.72515672e-01 -8.23024392e-01 3.15213919e-01
  outer loop
   vertex 5.63116035e+01 1.47988892e+01 5.94139709e+01
   vertex 5.34436722e+01 1.32220306e+01 5.34725723e+01
   vertex 5.62867088e+01 1.48422699e+01 5.34725723e+01
  endloop
 endfacet
 facet normal 2.51977384e-01 -8.26168418e-01 -5.03937662e-01
  outer loop
   vertex 3.23404732e+01 4.36775208e+00 1.77635684e-15
   vertex 3.54524803e+01 5.39224243e+00 2.66453526e-15
   vertex 3.23268242e+01 4.41670227e+00 5.94139862e+00
  endloop
 endfacet
 facet normal 2.91911453e-01 -9.22272146e-01 -2.53380746e-01
  outer loop
   vertex 3.23268242e+01 4.41670227e+00 5.94139862e+00
   vertex 3.54524803e+01 5.39224243e+00 2.66453526e-15
   vertex 3.54524803e+01 5.39224243e+00 5.94139862e+00
  endloop
 endfacet
 facet normal 2.87961990e-01 -8.14309180e-01 -5.03962755e-01
  outer loop
   vertex 3.85644836e+01 6.41670227e+00 2.66453526e-15
   vertex 3.85468178e+01 6.46409607e+00 5.94139862e+00
   vertex 3.54524803e+01 5.39224243e+00 2.66453526e-15
  endloop
 endfacet
 facet normal 3.12943488e-01 -9.15348947e-01 -2.53382564e-01
  outer loop
   vertex 3.54524803e+01 5.39224243e+00 2.66453526e-15
   vertex 3.85468178e+01 6.46409607e+00 5.94139862e+00
   vertex 3.54524803e+01 5.39224243e+00 5.94139862e+00
  endloop
 endfacet
 facet normal 3.02569300e-01 -8.08992088e-01 -5.03967881e-01
  outer loop
   vertex 3.85644836e+01 6.41670227e+00 2.66453526e-15
   vertex 4.16058350e+01 7.63069153e+00 3.55271368e-15
   vertex 3.85468178e+01 6.46409607e+00 5.94139862e+00
  endloop
 endfacet
 facet normal 3.48325521e-01 -9.02476609e-01 -2.53387660e-01
  outer loop
   vertex 3.85468178e+01 6.46409607e+00 5.94139862e+00
   vertex 4.16058350e+01 7.63069153e+00 3.55271368e-15
   vertex 4.16058350e+01 7.63069153e+00 5.94139862e+00
  endloop
 endfacet
 facet normal 3.37598652e-01 -7.95000136e-01 -5.03986061e-01
  outer loop
   vertex 4.46471901e+01 8.84465027e+00 4.44089210e-15
   vertex 4.46279182e+01 8.89123535e+00 5.94139862e+00
   vertex 4.16058350e+01 7.63069153e+00 3.55271368e-15
  endloop
 endfacet
 facet normal 3.68806034e-01 -8.94302070e-01 -2.53388941e-01
  outer loop
   vertex 4.16058350e+01 7.63069153e+00 3.55271368e-15
   vertex 4.46279182e+01 8.89123535e+00 5.94139862e+00
   vertex 4.16058350e+01 7.63069153e+00 5.94139862e+00
  endloop
 endfacet
 facet normal 2.00850189e-01 -7.42781937e-01 6.38697267e-01
  outer loop
   vertex 2.91738663e+01 3.53915405e+00 5.94139709e+01
   vertex 2.91738701e+01 3.53915405e+00 5.34725723e+01
   vertex 3.23404732e+01 4.36775208e+00 5.94139709e+01
  endloop
 endfacet
 facet normal 2.57541150e-01 -9.13438797e-01 3.15122306e-01
  outer loop
   vertex 3.23404732e+01 4.36775208e+00 5.94139709e+01
   vertex 2.91738701e+01 3.53915405e+00 5.34725723e+01
   vertex 3.23268242e+01 4.41670227e+00 5.34725723e+01
  endloop
 endfacet
 facet normal 2.23701268e-01 -9.22229469e-01 3.15357864e-01
  outer loop
   vertex 2.59952202e+01 2.75791931e+00 5.34725723e+01
   vertex 2.91738701e+01 3.53915405e+00 5.34725723e+01
   vertex 2.60072632e+01 2.71057129e+00 5.94139709e+01
  endloop
 endfacet
 facet normal 1.89070910e-01 -7.45713770e-01 6.38876498e-01
  outer loop
   vertex 2.60072632e+01 2.71057129e+00 5.94139709e+01
   vertex 2.91738701e+01 3.53915405e+00 5.34725723e+01
   vertex 2.91738663e+01 3.53915405e+00 5.94139709e+01
  endloop
 endfacet
 facet normal 1.67967543e-01 -9.34010148e-01 3.15296620e-01
  outer loop
   vertex 1.95704823e+01 1.48135376e+00 5.34725723e+01
   vertex 2.27924862e+01 2.07147217e+00 5.34725723e+01
   vertex 1.95777073e+01 1.43238831e+00 5.94139709e+01
  endloop
 endfacet
 facet normal 1.44069478e-01 -7.55734742e-01 6.38834059e-01
  outer loop
   vertex 1.95777073e+01 1.43238831e+00 5.94139709e+01
   vertex 2.27924862e+01 2.07147217e+00 5.34725723e+01
   vertex 2.27924862e+01 2.07147217e+00 5.94139709e+01
  endloop
 endfacet
 facet normal 1.55800655e-01 -7.53355980e-01 6.38890386e-01
  outer loop
   vertex 2.27924862e+01 2.07147217e+00 5.94139709e+01
   vertex 2.27924862e+01 2.07147217e+00 5.34725723e+01
   vertex 2.60072632e+01 2.71057129e+00 5.94139709e+01
  endloop
 endfacet
 facet normal 2.01765418e-01 -9.27271068e-01 3.15371364e-01
  outer loop
   vertex 2.60072632e+01 2.71057129e+00 5.94139709e+01
   vertex 2.27924862e+01 2.07147217e+00 5.34725723e+01
   vertex 2.59952202e+01 2.75791931e+00 5.34725723e+01
  endloop
 endfacet
 facet normal 2.79774427e-01 -9.06881452e-01 3.15106869e-01
  outer loop
   vertex 3.23268242e+01 4.41670227e+00 5.34725723e+01
   vertex 3.54524803e+01 5.39224243e+00 5.34725723e+01
   vertex 3.23404732e+01 4.36775208e+00 5.94139709e+01
  endloop
 endfacet
 facet normal 2.34710783e-01 -7.32800484e-01 6.38681710e-01
  outer loop
   vertex 3.23404732e+01 4.36775208e+00 5.94139709e+01
   vertex 3.54524803e+01 5.39224243e+00 5.34725723e+01
   vertex 3.54524803e+01 5.39224243e+00 5.94139709e+01
  endloop
 endfacet
 facet normal 2.46433735e-01 -7.28920221e-01 6.38706267e-01
  outer loop
   vertex 3.54524803e+01 5.39224243e+00 5.94139709e+01
   vertex 3.54524803e+01 5.39224243e+00 5.34725723e+01
   vertex 3.85644836e+01 6.41670227e+00 5.94139709e+01
  endloop
 endfacet
 facet normal 3.13530713e-01 -8.95760238e-01 3.15138191e-01
  outer loop
   vertex 3.85644836e+01 6.41670227e+00 5.94139709e+01
   vertex 3.54524803e+01 5.39224243e+00 5.34725723e+01
   vertex 3.85468216e+01 6.46409607e+00 5.34725723e+01
  endloop
 endfacet
 facet normal 1.45347044e-01 -9.37818646e-01 3.15230668e-01
  outer loop
   vertex 1.95704823e+01 1.48135376e+00 5.34725723e+01
   vertex 1.95777073e+01 1.43238831e+00 5.94139709e+01
   vertex 1.63340244e+01 9.89181519e-01 5.34725723e+01
  endloop
 endfacet
 facet normal 1.09853745e-01 -7.61518717e-01 6.38765514e-01
  outer loop
   vertex 1.63340244e+01 9.89181519e-01 5.34725723e+01
   vertex 1.95777073e+01 1.43238831e+00 5.94139709e+01
   vertex 1.63340263e+01 9.89181519e-01 5.94139709e+01
  endloop
 endfacet
 facet normal 1.08791292e-01 -9.43007767e-01 3.14484954e-01
  outer loop
   vertex 1.30839195e+01 6.01394653e-01 5.34725723e+01
   vertex 1.63340244e+01 9.89181519e-01 5.34725723e+01
   vertex 1.30903454e+01 5.45989990e-01 5.94139709e+01
  endloop
 endfacet
 facet normal 9.71988440e-02 -7.63710260e-01 6.38199866e-01
  outer loop
   vertex 1.30903454e+01 5.45989990e-01 5.94139709e+01
   vertex 1.63340244e+01 9.89181519e-01 5.34725723e+01
   vertex 1.63340263e+01 9.89181519e-01 5.94139709e+01
  endloop
 endfacet
 facet normal 1.88132953e-02 -7.68036664e-01 6.40129507e-01
  outer loop
   vertex 3.27579737e+00 5.13916016e-02 5.94139709e+01
   vertex 3.27740312e+00 5.13916016e-02 5.34725723e+01
   vertex 6.55159473e+00 1.02783203e-01 5.94139709e+01
  endloop
 endfacet
 facet normal 3.18342894e-02 -9.48008299e-01 3.16649467e-01
  outer loop
   vertex 6.55159473e+00 1.02783203e-01 5.94139709e+01
   vertex 3.27740312e+00 5.13916016e-02 5.34725723e+01
   vertex 6.55039024e+00 1.45339966e-01 5.34725723e+01
  endloop
 endfacet
 facet normal 9.55820158e-02 -8.58512759e-01 -5.03805459e-01
  outer loop
   vertex 1.30903454e+01 5.45989990e-01 0.00000000e+00
   vertex 1.63340263e+01 9.89181519e-01 8.88178420e-16
   vertex 1.30839195e+01 6.01394653e-01 5.94139862e+00
  endloop
 endfacet
 facet normal 1.17447756e-01 -9.60250795e-01 -2.53227979e-01
  outer loop
   vertex 1.30839195e+01 6.01394653e-01 5.94139862e+00
   vertex 1.63340263e+01 9.89181519e-01 8.88178420e-16
   vertex 1.63340244e+01 9.89181519e-01 5.94139862e+00
  endloop
 endfacet
 facet normal 1.49651423e-01 -9.56705511e-01 -2.49637693e-01
  outer loop
   vertex 1.95704823e+01 1.48135376e+00 5.94139862e+00
   vertex 1.63340244e+01 9.89181519e-01 5.94139862e+00
   vertex 1.95777073e+01 1.43238831e+00 8.88178420e-16
  endloop
 endfacet
 facet normal 1.23659328e-01 -8.54304314e-01 -5.04849017e-01
  outer loop
   vertex 1.95777073e+01 1.43238831e+00 8.88178420e-16
   vertex 1.63340244e+01 9.89181519e-01 5.94139862e+00
   vertex 1.63340263e+01 9.89181519e-01 8.88178420e-16
  endloop
 endfacet
 facet normal 2.37520948e-01 -8.30176711e-01 -5.04371285e-01
  outer loop
   vertex 3.23404732e+01 4.36775208e+00 1.77635684e-15
   vertex 3.23268242e+01 4.41670227e+00 5.94139862e+00
   vertex 2.91738663e+01 3.53915405e+00 1.77635684e-15
  endloop
 endfacet
 facet normal 2.56737679e-01 -9.32684302e-01 -2.53349125e-01
  outer loop
   vertex 2.91738663e+01 3.53915405e+00 1.77635684e-15
   vertex 3.23268242e+01 4.41670227e+00 5.94139862e+00
   vertex 2.91738663e+01 3.53915405e+00 5.94139862e+00
  endloop
 endfacet
 facet normal 2.26939380e-01 -9.41353142e-01 -2.49705479e-01
  outer loop
   vertex 2.59952202e+01 2.75791931e+00 5.94139862e+00
   vertex 2.60072632e+01 2.71057129e+00 8.88178420e-16
   vertex 2.91738663e+01 3.53915405e+00 5.94139862e+00
  endloop
 endfacet
 facet normal 2.11679086e-01 -8.36773276e-01 -5.04977703e-01
  outer loop
   vertex 2.91738663e+01 3.53915405e+00 5.94139862e+00
   vertex 2.60072632e+01 2.71057129e+00 8.88178420e-16
   vertex 2.91738663e+01 3.53915405e+00 1.77635684e-15
  endloop
 endfacet
 facet normal -3.98958862e-01 7.64394641e-01 -5.06490529e-01
  outer loop
   vertex 4.87575722e+01 1.52068176e+01 5.24368286e-02
   vertex 4.87330093e+01 1.52519531e+01 7.62281418e+00
   vertex 5.15166054e+01 1.67270508e+01 5.24749756e-02
  endloop
 endfacet
 facet normal -4.56626087e-01 8.53294492e-01 -2.51756102e-01
  outer loop
   vertex 5.15166054e+01 1.67270508e+01 5.24749756e-02
   vertex 4.87330093e+01 1.52519531e+01 7.62281418e+00
   vertex 5.15165710e+01 1.67272034e+01 7.62283325e+00
  endloop
 endfacet
 facet normal -4.31627601e-01 7.46454418e-01 -5.06461680e-01
  outer loop
   vertex 5.42787857e+01 1.82425995e+01 5.25245667e-02
   vertex 5.15166054e+01 1.67270508e+01 5.24749756e-02
   vertex 5.42533302e+01 1.82868652e+01 7.62285614e+00
  endloop
 endfacet
 facet normal -4.75798905e-01 8.42754602e-01 -2.51753956e-01
  outer loop
   vertex 5.42533302e+01 1.82868652e+01 7.62285614e+00
   vertex 5.15166054e+01 1.67270508e+01 5.24749756e-02
   vertex 5.15165710e+01 1.67272034e+01 7.62283325e+00
  endloop
 endfacet
 facet normal -9.79296029e-01 2.02431634e-01 -8.65718233e-04
  outer loop
   vertex 1.08625633e+02 1.07046204e+02 2.03117218e+01
   vertex 1.08651901e+02 1.07193054e+02 2.46033058e+01
   vertex 1.08948425e+02 1.08614113e+02 2.17763901e+01
  endloop
 endfacet
 facet normal -9.79993284e-01 1.99026167e-01 -1.31755148e-03
  outer loop
   vertex 1.08948425e+02 1.08614113e+02 2.17763901e+01
   vertex 1.08651901e+02 1.07193054e+02 2.46033058e+01
   vertex 1.09102776e+02 1.09418869e+02 2.49919395e+01
  endloop
 endfacet
 facet normal -7.70085216e-01 6.03880346e-01 -2.05662906e-01
  outer loop
   vertex 1.08727707e+02 1.07489922e+02 1.69619789e+01
   vertex 1.08625633e+02 1.07046204e+02 2.03117218e+01
   vertex 1.09061066e+02 1.09186844e+02 2.05737305e+01
  endloop
 endfacet
 facet normal -9.06576991e-01 4.09019291e-01 -1.04026005e-01
  outer loop
   vertex 1.09061066e+02 1.09186844e+02 2.05737305e+01
   vertex 1.08625633e+02 1.07046204e+02 2.03117218e+01
   vertex 1.08948425e+02 1.08614113e+02 2.17763901e+01
  endloop
 endfacet
 facet normal -5.32845110e-02 8.61371398e-01 -5.05173385e-01
  outer loop
   vertex 9.54644585e+00 4.31478882e+00 5.27915955e-02
   vertex 6.38489056e+00 4.09852600e+00 5.48515320e-02
   vertex 9.54442787e+00 4.31478882e+00 7.62299347e+00
  endloop
 endfacet
 facet normal -5.00490367e-02 9.65713143e-01 -2.54741579e-01
  outer loop
   vertex 9.54442787e+00 4.31478882e+00 7.62299347e+00
   vertex 6.38489056e+00 4.09852600e+00 5.48515320e-02
   vertex 6.38404179e+00 4.14186096e+00 7.62401962e+00
  endloop
 endfacet
 facet normal -7.96282142e-02 8.58431756e-01 -5.06709218e-01
  outer loop
   vertex 1.26842709e+01 4.52394104e+00 5.07240295e-02
   vertex 9.54644585e+00 4.31478882e+00 5.27915955e-02
   vertex 1.26777172e+01 4.58070374e+00 7.62195587e+00
  endloop
 endfacet
 facet normal -7.92447850e-02 9.64528680e-01 -2.51802832e-01
  outer loop
   vertex 1.26777172e+01 4.58070374e+00 7.62195587e+00
   vertex 9.54644585e+00 4.31478882e+00 5.27915955e-02
   vertex 9.54442787e+00 4.31478882e+00 7.62299347e+00
  endloop
 endfacet
 facet normal 2.43401632e-01 9.30032134e-01 -2.75310576e-01
  outer loop
   vertex 6.38404179e+00 4.14186096e+00 7.62401962e+00
   vertex 6.38489056e+00 4.09852600e+00 5.48515320e-02
   vertex 4.83396053e+00 4.09739685e+00 3.93864918e+00
  endloop
 endfacet
 facet normal 5.21921635e-01 8.08316052e-01 -2.72438854e-01
  outer loop
   vertex 4.83396053e+00 4.09739685e+00 3.93864918e+00
   vertex 6.38489056e+00 4.09852600e+00 5.48515320e-02
   vertex 4.83378792e+00 4.09365845e+00 3.28668404e+00
  endloop
 endfacet
 facet normal 3.69000673e-01 8.48422289e-01 -3.79497170e-01
  outer loop
   vertex 4.83378792e+00 4.09365845e+00 3.28668404e+00
   vertex 6.38489056e+00 4.09852600e+00 5.48515320e-02
   vertex 4.83347702e+00 4.08689880e+00 2.10473585e+00
  endloop
 endfacet
 facet normal -2.04951428e-02 6.87698483e-01 -7.25707054e-01
  outer loop
   vertex 3.20321655e+00 4.05062866e+00 6.15005493e-02
   vertex 4.06347370e+00 4.07530212e+00 2.10679150e+00
   vertex 6.38489056e+00 4.09852600e+00 5.48515320e-02
  endloop
 endfacet
 facet normal 9.90890115e-02 7.76874781e-01 -6.21809423e-01
  outer loop
   vertex 6.38489056e+00 4.09852600e+00 5.48515320e-02
   vertex 4.06347370e+00 4.07530212e+00 2.10679150e+00
   vertex 4.83347702e+00 4.08689880e+00 2.10473585e+00
  endloop
 endfacet
 facet normal -1.77856721e-02 6.69091165e-01 -7.42967486e-01
  outer loop
   vertex 3.20145488e+00 4.05059814e+00 2.11100245e+00
   vertex 4.06347370e+00 4.07530212e+00 2.10679150e+00
   vertex 3.20321655e+00 4.05062866e+00 6.15005493e-02
  endloop
 endfacet
 facet normal -3.85076970e-01 7.71479070e-01 -5.06493628e-01
  outer loop
   vertex 4.87575722e+01 1.52068176e+01 5.24368286e-02
   vertex 4.59030876e+01 1.38615570e+01 5.24291992e-02
   vertex 4.87330093e+01 1.52519531e+01 7.62281418e+00
  endloop
 endfacet
 facet normal -4.23235148e-01 8.70338559e-01 -2.51759350e-01
  outer loop
   vertex 4.87330093e+01 1.52519531e+01 7.62281418e+00
   vertex 4.59030876e+01 1.38615570e+01 5.24291992e-02
   vertex 4.59030495e+01 1.38617096e+01 7.62281036e+00
  endloop
 endfacet
 facet normal -3.51271003e-01 7.87440181e-01 -5.06504357e-01
  outer loop
   vertex 4.30511818e+01 1.25112457e+01 5.24024963e-02
   vertex 4.30314674e+01 1.25588379e+01 7.62279510e+00
   vertex 4.59030876e+01 1.38615570e+01 5.24291992e-02
  endloop
 endfacet
 facet normal -4.03399199e-01 8.79707813e-01 -2.51760334e-01
  outer loop
   vertex 4.59030876e+01 1.38615570e+01 5.24291992e-02
   vertex 4.30314674e+01 1.25588379e+01 7.62279510e+00
   vertex 4.59030495e+01 1.38617096e+01 7.62281036e+00
  endloop
 endfacet
 facet normal -9.38002050e-01 2.37426236e-01 -2.52548784e-01
  outer loop
   vertex 1.05831406e+02 9.50249176e+01 7.42520905e+00
   vertex 1.06708344e+02 9.85293274e+01 6.81826782e+00
   vertex 1.05820435e+02 9.48959198e+01 6.03218079e-02
  endloop
 endfacet
 facet normal -8.38772535e-01 2.09166825e-01 -5.02702534e-01
  outer loop
   vertex 1.05820435e+02 9.48959198e+01 6.03218079e-02
   vertex 1.06708344e+02 9.85293274e+01 6.81826782e+00
   vertex 1.06503822e+02 9.76849670e+01 6.24694824e-02
  endloop
 endfacet
 facet normal -8.05915833e-01 3.10436547e-01 -5.04111886e-01
  outer loop
   vertex 9.80641327e+01 7.03937607e+01 5.76705933e-02
   vertex 9.80323639e+01 7.04059677e+01 7.62543106e+00
   vertex 9.91688690e+01 7.33924103e+01 5.85479736e-02
  endloop
 endfacet
 facet normal -9.05273497e-01 3.42404366e-01 -2.51473933e-01
  outer loop
   vertex 9.91688690e+01 7.33924103e+01 5.85479736e-02
   vertex 9.80323639e+01 7.04059677e+01 7.62543106e+00
   vertex 9.91691208e+01 7.33932266e+01 7.62586975e+00
  endloop
 endfacet
 facet normal -9.11184192e-01 3.25068861e-01 -2.53127754e-01
  outer loop
   vertex 1.00252342e+02 7.64089127e+01 7.62630844e+00
   vertex 1.00279160e+02 7.63999710e+01 5.94291687e-02
   vertex 9.91691208e+01 7.33932266e+01 7.62586975e+00
  endloop
 endfacet
 facet normal -8.11894298e-01 2.95574576e-01 -5.03451407e-01
  outer loop
   vertex 9.91691208e+01 7.33932266e+01 7.62586975e+00
   vertex 1.00279160e+02 7.63999710e+01 5.94291687e-02
   vertex 9.91688690e+01 7.33924103e+01 5.85479736e-02
  endloop
 endfacet
 facet normal -8.17061424e-01 2.80920923e-01 -5.03481925e-01
  outer loop
   vertex 1.00279160e+02 7.63999710e+01 5.94291687e-02
   vertex 1.00252342e+02 7.64089127e+01 7.62630844e+00
   vertex 1.01285004e+02 7.94454651e+01 6.00585938e-02
  endloop
 endfacet
 facet normal -9.16912496e-01 3.10058862e-01 -2.51266688e-01
  outer loop
   vertex 1.01285004e+02 7.94454651e+01 6.00585938e-02
   vertex 1.00252342e+02 7.64089127e+01 7.62630844e+00
   vertex 1.01285172e+02 7.94460678e+01 7.62662506e+00
  endloop
 endfacet
 facet normal -9.21403527e-01 2.95234531e-01 -2.52689660e-01
  outer loop
   vertex 1.02271912e+02 8.25056686e+01 7.62694168e+00
   vertex 1.02294624e+02 8.24975586e+01 6.06956482e-02
   vertex 1.01285172e+02 7.94460678e+01 7.62662506e+00
  endloop
 endfacet
 facet normal -8.21612477e-01 2.68249094e-01 -5.02986491e-01
  outer loop
   vertex 1.01285172e+02 7.94460678e+01 7.62662506e+00
   vertex 1.02294624e+02 8.24975586e+01 6.06956482e-02
   vertex 1.01285004e+02 7.94454651e+01 6.00585938e-02
  endloop
 endfacet
 facet normal -9.02495861e-01 2.40082756e-01 3.57577294e-01
  outer loop
   vertex 1.04978706e+02 9.17838364e+01 5.73088570e+01
   vertex 1.05820511e+02 9.48961945e+01 5.73086472e+01
   vertex 1.04978737e+02 9.17840424e+01 5.17865334e+01
  endloop
 endfacet
 facet normal -9.51687992e-01 2.48807013e-01 1.79958284e-01
  outer loop
   vertex 1.04978737e+02 9.17840424e+01 5.17865334e+01
   vertex 1.05820511e+02 9.48961945e+01 5.73086472e+01
   vertex 1.05801079e+02 9.49018326e+01 5.17864304e+01
  endloop
 endfacet
 facet normal -9.47336674e-01 2.64810026e-01 1.80080175e-01
  outer loop
   vertex 1.04117409e+02 8.86784592e+01 5.17866402e+01
   vertex 1.04138451e+02 8.86735764e+01 5.73090553e+01
   vertex 1.04978737e+02 9.17840424e+01 5.17865334e+01
  endloop
 endfacet
 facet normal -9.00537550e-01 2.47501627e-01 3.57456326e-01
  outer loop
   vertex 1.04978737e+02 9.17840424e+01 5.17865334e+01
   vertex 1.04138451e+02 8.86735764e+01 5.73090553e+01
   vertex 1.04978706e+02 9.17838364e+01 5.73088570e+01
  endloop
 endfacet
 facet normal -9.74730968e-01 2.23379701e-01 -1.03996601e-03
  outer loop
   vertex 1.07297874e+02 1.01006752e+02 1.33126984e+01
   vertex 1.07346992e+02 1.01239716e+02 1.85820427e+01
   vertex 1.07870743e+02 1.03530319e+02 1.36437340e+01
  endloop
 endfacet
 facet normal -9.75667179e-01 2.19254121e-01 -1.10004167e-03
  outer loop
   vertex 1.07870743e+02 1.03530319e+02 1.36437340e+01
   vertex 1.07346992e+02 1.01239716e+02 1.85820427e+01
   vertex 1.08101418e+02 1.04601379e+02 1.83245354e+01
  endloop
 endfacet
 facet normal -9.03109252e-01 4.16961074e-01 -1.02650590e-01
  outer loop
   vertex 1.08101418e+02 1.04601379e+02 1.83245354e+01
   vertex 1.08541061e+02 1.06603302e+02 1.50525627e+01
   vertex 1.07870743e+02 1.03530319e+02 1.36437340e+01
  endloop
 endfacet
 facet normal -7.71190345e-01 6.03064239e-01 -2.03909338e-01
  outer loop
   vertex 1.07870743e+02 1.03530319e+02 1.36437340e+01
   vertex 1.08541061e+02 1.06603302e+02 1.50525627e+01
   vertex 1.08350441e+02 1.05697487e+02 1.31462135e+01
  endloop
 endfacet
 facet normal -7.93410361e-01 4.89730388e-01 3.61474961e-01
  outer loop
   vertex 8.97890625e+01 5.33360901e+01 5.73183861e+01
   vertex 8.97447357e+01 5.33639679e+01 5.17913017e+01
   vertex 8.80753784e+01 5.06936340e+01 5.73184280e+01
  endloop
 endfacet
 facet normal -8.31626356e-01 5.25396705e-01 1.79877669e-01
  outer loop
   vertex 8.80753784e+01 5.06936340e+01 5.73184280e+01
   vertex 8.97447357e+01 5.33639679e+01 5.17913017e+01
   vertex 8.80752716e+01 5.06937561e+01 5.17913208e+01
  endloop
 endfacet
 facet normal -7.71674037e-01 5.23298025e-01 3.61494690e-01
  outer loop
   vertex 8.63668747e+01 4.80483398e+01 5.73184547e+01
   vertex 8.80753784e+01 5.06936340e+01 5.73184280e+01
   vertex 8.63233871e+01 4.80778961e+01 5.17913399e+01
  endloop
 endfacet
 facet normal -8.19882154e-01 5.43540776e-01 1.79879814e-01
  outer loop
   vertex 8.63233871e+01 4.80778961e+01 5.17913399e+01
   vertex 8.80753784e+01 5.06936340e+01 5.73184280e+01
   vertex 8.80752716e+01 5.06937561e+01 5.17913208e+01
  endloop
 endfacet
 facet normal -9.85457480e-01 1.69911668e-01 -1.90054183e-03
  outer loop
   vertex 1.10425186e+02 1.16821495e+02 4.13493538e+01
   vertex 1.10184967e+02 1.15327248e+02 3.63450661e+01
   vertex 1.09903313e+02 1.13766762e+02 4.08940048e+01
  endloop
 endfacet
 facet normal -9.84592617e-01 1.74852967e-01 -1.94433832e-03
  outer loop
   vertex 1.09903313e+02 1.13766762e+02 4.08940048e+01
   vertex 1.10184967e+02 1.15327248e+02 3.63450661e+01
   vertex 1.09845879e+02 1.13405846e+02 3.58961143e+01
  endloop
 endfacet
 facet normal -9.11539733e-01 3.94881904e-01 -1.14732862e-01
  outer loop
   vertex 1.10425186e+02 1.16821495e+02 4.13493538e+01
   vertex 1.10648415e+02 1.18162071e+02 3.95019569e+01
   vertex 1.10184967e+02 1.15327248e+02 3.63450661e+01
  endloop
 endfacet
 facet normal -7.61702478e-01 6.07265770e-01 -2.25915089e-01
  outer loop
   vertex 1.10184967e+02 1.15327248e+02 3.63450661e+01
   vertex 1.10648415e+02 1.18162071e+02 3.95019569e+01
   vertex 1.10323372e+02 1.16115334e+02 3.52192917e+01
  endloop
 endfacet
 facet normal -8.95794034e-01 2.64067799e-01 3.57520968e-01
  outer loop
   vertex 1.03215340e+02 8.55835876e+01 5.73094406e+01
   vertex 1.04138451e+02 8.86735764e+01 5.73090553e+01
   vertex 1.03215416e+02 8.55839539e+01 5.17868271e+01
  endloop
 endfacet
 facet normal -9.44834888e-01 2.73735195e-01 1.79877907e-01
  outer loop
   vertex 1.03215416e+02 8.55839539e+01 5.17868271e+01
   vertex 1.04138451e+02 8.86735764e+01 5.73090553e+01
   vertex 1.04117409e+02 8.86784592e+01 5.17866402e+01
  endloop
 endfacet
 facet normal -8.91998529e-01 2.75834918e-01 3.58125269e-01
  outer loop
   vertex 1.02294624e+02 8.24975586e+01 5.73098335e+01
   vertex 1.03215340e+02 8.55835876e+01 5.73094406e+01
   vertex 1.02271912e+02 8.25056534e+01 5.17870255e+01
  endloop
 endfacet
 facet normal -9.41168547e-01 2.86624551e-01 1.79019794e-01
  outer loop
   vertex 1.02271912e+02 8.25056534e+01 5.17870255e+01
   vertex 1.03215340e+02 8.55835876e+01 5.73094406e+01
   vertex 1.03215416e+02 8.55839539e+01 5.17868271e+01
  endloop
 endfacet
 facet normal -8.87720764e-01 2.89487213e-01 3.57979000e-01
  outer loop
   vertex 1.01285004e+02 7.94454651e+01 5.73104706e+01
   vertex 1.02294624e+02 8.24975586e+01 5.73098335e+01
   vertex 1.01285172e+02 7.94460602e+01 5.17873459e+01
  endloop
 endfacet
 facet normal -9.36826289e-01 2.99865782e-01 1.80102825e-01
  outer loop
   vertex 1.01285172e+02 7.94460602e+01 5.17873459e+01
   vertex 1.02294624e+02 8.24975586e+01 5.73098335e+01
   vertex 1.02271912e+02 8.25056534e+01 5.17870255e+01
  endloop
 endfacet
 facet normal -8.82930338e-01 3.03131342e-01 3.58532280e-01
  outer loop
   vertex 1.00279160e+02 7.63999863e+01 5.73111038e+01
   vertex 1.01285004e+02 7.94454651e+01 5.73104706e+01
   vertex 1.00252342e+02 7.64089127e+01 5.17876587e+01
  endloop
 endfacet
 facet normal -9.32077467e-01 3.14831108e-01 1.79200813e-01
  outer loop
   vertex 1.00252342e+02 7.64089127e+01 5.17876587e+01
   vertex 1.01285004e+02 7.94454651e+01 5.73104706e+01
   vertex 1.01285172e+02 7.94460602e+01 5.17873459e+01
  endloop
 endfacet
 facet normal -9.25303638e-01 1.28635123e-01 3.56743783e-01
  outer loop
   vertex 1.11385399e+02 1.23352348e+02 5.73029366e+01
   vertex 1.11215126e+02 1.22037407e+02 5.17802391e+01
   vertex 1.10966331e+02 1.20160583e+02 5.73068428e+01
  endloop
 endfacet
 facet normal -9.73595321e-01 1.41669065e-01 1.79003000e-01
  outer loop
   vertex 1.10966331e+02 1.20160583e+02 5.73068428e+01
   vertex 1.11215126e+02 1.22037407e+02 5.17802391e+01
   vertex 1.10899582e+02 1.19841347e+02 5.17826881e+01
  endloop
 endfacet
 facet normal -9.88828897e-01 1.49046928e-01 -1.54536625e-03
  outer loop
   vertex 1.10866959e+02 1.19588280e+02 4.71254387e+01
   vertex 1.10899582e+02 1.19841347e+02 5.17826881e+01
   vertex 1.11082306e+02 1.21014534e+02 4.74306297e+01
  endloop
 endfacet
 facet normal -9.89746153e-01 1.42833158e-01 -1.10998366e-03
  outer loop
   vertex 1.11082306e+02 1.21014534e+02 4.74306297e+01
   vertex 1.10899582e+02 1.19841347e+02 5.17826881e+01
   vertex 1.11215126e+02 1.22037407e+02 5.17802391e+01
  endloop
 endfacet
 facet normal -7.59094894e-01 6.07722878e-01 -2.33340606e-01
  outer loop
   vertex 1.11127541e+02 1.21310089e+02 4.62580643e+01
   vertex 1.11082306e+02 1.21014534e+02 4.74306297e+01
   vertex 1.11468437e+02 1.23942894e+02 5.17785378e+01
  endloop
 endfacet
 facet normal -9.17051315e-01 3.80526543e-01 -1.19232684e-01
  outer loop
   vertex 1.11468437e+02 1.23942894e+02 5.17785378e+01
   vertex 1.11082306e+02 1.21014534e+02 4.74306297e+01
   vertex 1.11215126e+02 1.22037407e+02 5.17802391e+01
  endloop
 endfacet
 facet normal -9.87135947e-01 1.59880877e-01 -8.24910705e-04
  outer loop
   vertex 1.10443108e+02 1.16946854e+02 4.64148216e+01
   vertex 1.10448685e+02 1.16986290e+02 5.17853508e+01
   vertex 1.10866959e+02 1.19588280e+02 4.71254387e+01
  endloop
 endfacet
 facet normal -9.87842441e-01 1.55456915e-01 -6.57937431e-04
  outer loop
   vertex 1.10866959e+02 1.19588280e+02 4.71254387e+01
   vertex 1.10448685e+02 1.16986290e+02 5.17853508e+01
   vertex 1.10899582e+02 1.19841347e+02 5.17826881e+01
  endloop
 endfacet
 facet normal -9.22990143e-01 1.42344996e-01 3.57529163e-01
  outer loop
   vertex 1.10966331e+02 1.20160583e+02 5.73068428e+01
   vertex 1.10899582e+02 1.19841347e+02 5.17826881e+01
   vertex 1.10448357e+02 1.16984116e+02 5.73081512e+01
  endloop
 endfacet
 facet normal -9.71693873e-01 1.54979676e-01 1.78304076e-01
  outer loop
   vertex 1.10448357e+02 1.16984116e+02 5.73081512e+01
   vertex 1.10899582e+02 1.19841347e+02 5.17826881e+01
   vertex 1.10448685e+02 1.16986290e+02 5.17853508e+01
  endloop
 endfacet
 facet normal -9.20105457e-01 1.58732370e-01 3.58064234e-01
  outer loop
   vertex 1.09930504e+02 1.13800964e+02 5.73092613e+01
   vertex 1.10448357e+02 1.16984116e+02 5.73081512e+01
   vertex 1.09908661e+02 1.13805183e+02 5.17865982e+01
  endloop
 endfacet
 facet normal -9.70296979e-01 1.63278297e-01 1.78504840e-01
  outer loop
   vertex 1.09908661e+02 1.13805183e+02 5.17865982e+01
   vertex 1.10448357e+02 1.16984116e+02 5.73081512e+01
   vertex 1.10448685e+02 1.16986290e+02 5.17853508e+01
  endloop
 endfacet
 facet normal -9.18836415e-01 1.66170150e-01 3.57948512e-01
  outer loop
   vertex 1.09930504e+02 1.13800964e+02 5.73092613e+01
   vertex 1.09908661e+02 1.13805183e+02 5.17865982e+01
   vertex 1.09326607e+02 1.10635719e+02 5.73091469e+01
  endloop
 endfacet
 facet normal -9.67442274e-01 1.79217070e-01 1.78708270e-01
  outer loop
   vertex 1.09326607e+02 1.10635719e+02 5.73091469e+01
   vertex 1.09908661e+02 1.13805183e+02 5.17865982e+01
   vertex 1.09326561e+02 1.10635674e+02 5.17866478e+01
  endloop
 endfacet
 facet normal -9.64672208e-01 1.92511007e-01 1.79852843e-01
  outer loop
   vertex 1.08702393e+02 1.07472916e+02 5.17866173e+01
   vertex 1.08723465e+02 1.07468849e+02 5.73090248e+01
   vertex 1.09326561e+02 1.10635674e+02 5.17866478e+01
  endloop
 endfacet
 facet normal -9.16649520e-01 1.78362578e-01 3.57687622e-01
  outer loop
   vertex 1.09326561e+02 1.10635674e+02 5.17866478e+01
   vertex 1.08723465e+02 1.07468849e+02 5.73090248e+01
   vertex 1.09326607e+02 1.10635719e+02 5.73091469e+01
  endloop
 endfacet
 facet normal -9.88126099e-01 1.53638691e-01 -1.40577822e-03
  outer loop
   vertex 1.10848824e+02 1.19451576e+02 4.42065201e+01
   vertex 1.10866959e+02 1.19588280e+02 4.71254387e+01
   vertex 1.11022720e+02 1.20563202e+02 4.54321747e+01
  endloop
 endfacet
 facet normal -9.88946676e-01 1.48262888e-01 -1.62003818e-03
  outer loop
   vertex 1.11022720e+02 1.20563202e+02 4.54321747e+01
   vertex 1.10866959e+02 1.19588280e+02 4.71254387e+01
   vertex 1.11082306e+02 1.21014534e+02 4.74306297e+01
  endloop
 endfacet
 facet normal -9.14071262e-01 3.89856517e-01 -1.11739092e-01
  outer loop
   vertex 1.11022720e+02 1.20563202e+02 4.54321747e+01
   vertex 1.11050140e+02 1.20757965e+02 4.50197525e+01
   vertex 1.10848824e+02 1.19451576e+02 4.42065201e+01
  endloop
 endfacet
 facet normal -7.54617989e-01 6.16235197e-01 -2.25401506e-01
  outer loop
   vertex 1.10848824e+02 1.19451576e+02 4.42065201e+01
   vertex 1.11050140e+02 1.20757965e+02 4.50197525e+01
   vertex 1.10972893e+02 1.20204659e+02 4.37838669e+01
  endloop
 endfacet
 facet normal -8.71104121e-01 3.35004568e-01 3.59095395e-01
  outer loop
   vertex 9.80641327e+01 7.03937607e+01 5.73128624e+01
   vertex 9.91688690e+01 7.33924103e+01 5.73119850e+01
   vertex 9.80323639e+01 7.04059677e+01 5.17885399e+01
  endloop
 endfacet
 facet normal -9.20292556e-01 3.47643793e-01 1.79458618e-01
  outer loop
   vertex 9.80323639e+01 7.04059677e+01 5.17885399e+01
   vertex 9.91688690e+01 7.33924103e+01 5.73119850e+01
   vertex 9.91691208e+01 7.33932266e+01 5.17881012e+01
  endloop
 endfacet
 facet normal -8.77387583e-01 3.18991959e-01 3.58378500e-01
  outer loop
   vertex 9.91688690e+01 7.33924103e+01 5.73119850e+01
   vertex 1.00279160e+02 7.63999863e+01 5.73111038e+01
   vertex 9.91691208e+01 7.33932266e+01 5.17881012e+01
  endloop
 endfacet
 facet normal -9.26507533e-01 3.30161899e-01 1.80490717e-01
  outer loop
   vertex 9.91691208e+01 7.33932266e+01 5.17881012e+01
   vertex 1.00279160e+02 7.63999863e+01 5.73111038e+01
   vertex 1.00252342e+02 7.64089127e+01 5.17876587e+01
  endloop
 endfacet
 facet normal -9.82670665e-01 1.85358316e-01 -8.31442536e-04
  outer loop
   vertex 1.09331245e+02 1.10654701e+02 3.52568398e+01
   vertex 1.09326996e+02 1.10637901e+02 4.07440491e+01
   vertex 1.09845879e+02 1.13405846e+02 3.58961143e+01
  endloop
 endfacet
 facet normal -9.83535707e-01 1.80710793e-01 -1.07553939e-03
  outer loop
   vertex 1.09845879e+02 1.13405846e+02 3.58961143e+01
   vertex 1.09326996e+02 1.10637901e+02 4.07440491e+01
   vertex 1.09903313e+02 1.13766762e+02 4.08940048e+01
  endloop
 endfacet
 facet normal -9.80722666e-01 1.95397168e-01 -1.71924534e-03
  outer loop
   vertex 1.09342743e+02 1.10698456e+02 2.98324013e+01
   vertex 1.09102776e+02 1.09418869e+02 2.49919395e+01
   vertex 1.08706642e+02 1.07489441e+02 2.97369156e+01
  endloop
 endfacet
 facet normal -9.79796708e-01 1.99989617e-01 -1.61318958e-03
  outer loop
   vertex 1.08706642e+02 1.07489441e+02 2.97369156e+01
   vertex 1.09102776e+02 1.09418869e+02 2.49919395e+01
   vertex 1.08651901e+02 1.07193054e+02 2.46033058e+01
  endloop
 endfacet
 facet normal -9.06605482e-01 4.07430172e-01 -1.09850712e-01
  outer loop
   vertex 1.09342743e+02 1.10698456e+02 2.98324013e+01
   vertex 1.09667824e+02 1.12370972e+02 2.72664566e+01
   vertex 1.09102776e+02 1.09418869e+02 2.49919395e+01
  endloop
 endfacet
 facet normal -7.64356792e-01 6.07426345e-01 -2.16314420e-01
  outer loop
   vertex 1.09102776e+02 1.09418869e+02 2.49919395e+01
   vertex 1.09667824e+02 1.12370972e+02 2.72664566e+01
   vertex 1.09397736e+02 1.10898979e+02 2.41814880e+01
  endloop
 endfacet
 facet normal -9.77633655e-01 2.10314289e-01 -6.15553232e-04
  outer loop
   vertex 1.08053650e+02 1.04390961e+02 2.41014366e+01
   vertex 1.08037338e+02 1.04318985e+02 2.97061920e+01
   vertex 1.08651901e+02 1.07193054e+02 2.46033058e+01
  endloop
 endfacet
 facet normal -9.78578806e-01 2.05870777e-01 -8.50631390e-04
  outer loop
   vertex 1.08651901e+02 1.07193054e+02 2.46033058e+01
   vertex 1.08037338e+02 1.04318985e+02 2.97061920e+01
   vertex 1.08706642e+02 1.07489441e+02 2.97369156e+01
  endloop
 endfacet
 facet normal -8.54452193e-01 3.74317378e-01 3.60274881e-01
  outer loop
   vertex 9.56211624e+01 6.45203247e+01 5.73165245e+01
   vertex 9.68368835e+01 6.74478302e+01 5.73146858e+01
   vertex 9.55794067e+01 6.45399323e+01 5.17903709e+01
  endloop
 endfacet
 facet normal -9.04076278e-01 3.87638479e-01 1.79951251e-01
  outer loop
   vertex 9.55794067e+01 6.45399323e+01 5.17903709e+01
   vertex 9.68368835e+01 6.74478302e+01 5.73146858e+01
   vertex 9.68374939e+01 6.74495087e+01 5.17894516e+01
  endloop
 endfacet
 facet normal -8.63574922e-01 3.54077011e-01 3.58981609e-01
  outer loop
   vertex 9.68368835e+01 6.74478302e+01 5.73146858e+01
   vertex 9.80641327e+01 7.03937607e+01 5.73128624e+01
   vertex 9.68374939e+01 6.74495087e+01 5.17894516e+01
  endloop
 endfacet
 facet normal -9.12833333e-01 3.66011441e-01 1.81027368e-01
  outer loop
   vertex 9.68374939e+01 6.74495087e+01 5.17894516e+01
   vertex 9.80641327e+01 7.03937607e+01 5.73128624e+01
   vertex 9.80323639e+01 7.04059677e+01 5.17885399e+01
  endloop
 endfacet
 facet normal -9.05295789e-01 2.28713006e-01 3.57952386e-01
  outer loop
   vertex 1.05820511e+02 9.48961945e+01 5.73086472e+01
   vertex 1.06585609e+02 9.80311737e+01 5.73087349e+01
   vertex 1.05801079e+02 9.49018326e+01 5.17864304e+01
  endloop
 endfacet
 facet normal -9.54832673e-01 2.37280056e-01 1.78865179e-01
  outer loop
   vertex 1.05801079e+02 9.49018326e+01 5.17864304e+01
   vertex 1.06585609e+02 9.80311737e+01 5.73087349e+01
   vertex 1.06585564e+02 9.80310898e+01 5.17864799e+01
  endloop
 endfacet
 facet normal -9.08943117e-01 2.13659003e-01 3.58011544e-01
  outer loop
   vertex 1.07351349e+02 1.01164955e+02 5.73088303e+01
   vertex 1.07331100e+02 1.01169807e+02 5.17865257e+01
   vertex 1.06585609e+02 9.80311737e+01 5.73087349e+01
  endloop
 endfacet
 facet normal -9.56853569e-01 2.29147628e-01 1.78669035e-01
  outer loop
   vertex 1.06585609e+02 9.80311737e+01 5.73087349e+01
   vertex 1.07331100e+02 1.01169807e+02 5.17865257e+01
   vertex 1.06585564e+02 9.80310898e+01 5.17864799e+01
  endloop
 endfacet
 facet normal -9.10607636e-01 2.06419662e-01 3.58028889e-01
  outer loop
   vertex 1.07351349e+02 1.01164955e+02 5.73088303e+01
   vertex 1.08037056e+02 1.04317558e+02 5.73089294e+01
   vertex 1.07331100e+02 1.01169807e+02 5.17865257e+01
  endloop
 endfacet
 facet normal -9.60474253e-01 2.13449091e-01 1.78685904e-01
  outer loop
   vertex 1.07331100e+02 1.01169807e+02 5.17865257e+01
   vertex 1.08037056e+02 1.04317558e+02 5.73089294e+01
   vertex 1.08037018e+02 1.04317482e+02 5.17865715e+01
  endloop
 endfacet
 facet normal -9.13980603e-01 1.90855250e-01 3.58069450e-01
  outer loop
   vertex 1.08723465e+02 1.07468849e+02 5.73090248e+01
   vertex 1.08702393e+02 1.07472916e+02 5.17866173e+01
   vertex 1.08037056e+02 1.04317558e+02 5.73089294e+01
  endloop
 endfacet
 facet normal -9.62268233e-01 2.05017433e-01 1.78906918e-01
  outer loop
   vertex 1.08037056e+02 1.04317558e+02 5.73089294e+01
   vertex 1.08702393e+02 1.07472916e+02 5.17866173e+01
   vertex 1.08037018e+02 1.04317482e+02 5.17865715e+01
  endloop
 endfacet
 facet normal -8.02930176e-01 4.73967165e-01 3.61466795e-01
  outer loop
   vertex 8.97890625e+01 5.33360901e+01 5.73183861e+01
   vertex 9.13311005e+01 5.60869141e+01 5.73183441e+01
   vertex 8.97447357e+01 5.33639679e+01 5.17913017e+01
  endloop
 endfacet
 facet normal -8.52281392e-01 4.91185784e-01 1.79869249e-01
  outer loop
   vertex 8.97447357e+01 5.33639679e+01 5.17913017e+01
   vertex 9.13311005e+01 5.60869141e+01 5.73183441e+01
   vertex 9.13309860e+01 5.60870361e+01 5.17912788e+01
  endloop
 endfacet
 facet normal -8.22423220e-01 4.39288527e-01 3.61449331e-01
  outer loop
   vertex 9.28784409e+01 5.88352356e+01 5.73183060e+01
   vertex 9.28317032e+01 5.88582916e+01 5.17912598e+01
   vertex 9.13311005e+01 5.60869141e+01 5.73183441e+01
  endloop
 endfacet
 facet normal -8.62811089e-01 4.72445846e-01 1.79866537e-01
  outer loop
   vertex 9.13311005e+01 5.60869141e+01 5.73183441e+01
   vertex 9.28317032e+01 5.88582916e+01 5.17912598e+01
   vertex 9.13309860e+01 5.60870361e+01 5.17912788e+01
  endloop
 endfacet
 facet normal -8.30828428e-01 4.23626035e-01 3.60922575e-01
  outer loop
   vertex 9.28784409e+01 5.88352356e+01 5.73183060e+01
   vertex 9.42451935e+01 6.16742249e+01 5.73174210e+01
   vertex 9.28317032e+01 5.88582916e+01 5.17912598e+01
  endloop
 endfacet
 facet normal -8.80655289e-01 4.38310713e-01 1.79805353e-01
  outer loop
   vertex 9.28317032e+01 5.88582916e+01 5.17912598e+01
   vertex 9.42451935e+01 6.16742249e+01 5.73174210e+01
   vertex 9.42454605e+01 6.16750488e+01 5.17908173e+01
  endloop
 endfacet
 facet normal -8.43364656e-01 3.98914635e-01 3.60004455e-01
  outer loop
   vertex 9.42451935e+01 6.16742249e+01 5.73174210e+01
   vertex 9.56211624e+01 6.45203247e+01 5.73165245e+01
   vertex 9.42454605e+01 6.16750488e+01 5.17908173e+01
  endloop
 endfacet
 facet normal -8.93134773e-01 4.11247551e-01 1.82169437e-01
  outer loop
   vertex 9.42454605e+01 6.16750488e+01 5.17908173e+01
   vertex 9.56211624e+01 6.45203247e+01 5.73165245e+01
   vertex 9.55794067e+01 6.45399323e+01 5.17903709e+01
  endloop
 endfacet
 facet normal -7.42177188e-01 4.38774168e-01 -5.06606579e-01
  outer loop
   vertex 8.97890625e+01 5.33360901e+01 5.21354675e-02
   vertex 8.97447205e+01 5.33639832e+01 7.62266159e+00
   vertex 9.13311005e+01 5.60869141e+01 5.21888733e-02
  endloop
 endfacet
 facet normal -8.38217080e-01 4.83732283e-01 -2.51784086e-01
  outer loop
   vertex 9.13311005e+01 5.60869141e+01 5.21888733e-02
   vertex 8.97447205e+01 5.33639832e+01 7.62266159e+00
   vertex 9.13309860e+01 5.60870361e+01 7.62268829e+00
  endloop
 endfacet
 facet normal -7.60769904e-01 4.05710727e-01 -5.06584644e-01
  outer loop
   vertex 9.28784409e+01 5.88352356e+01 5.22232056e-02
   vertex 9.13311005e+01 5.60869141e+01 5.21888733e-02
   vertex 9.28317032e+01 5.88582916e+01 7.62270737e+00
  endloop
 endfacet
 facet normal -8.49126875e-01 4.64315653e-01 -2.51782686e-01
  outer loop
   vertex 9.28317032e+01 5.88582916e+01 7.62270737e+00
   vertex 9.13311005e+01 5.60869141e+01 5.21888733e-02
   vertex 9.13309860e+01 5.60870361e+01 7.62268829e+00
  endloop
 endfacet
 facet normal -6.88302815e-01 6.28969014e-01 3.61437768e-01
  outer loop
   vertex 7.85632629e+01 3.81625824e+01 5.73183784e+01
   vertex 7.85238953e+01 3.81970520e+01 5.17913017e+01
   vertex 7.63860168e+01 3.58844452e+01 5.73180122e+01
  endloop
 endfacet
 facet normal -7.19281435e-01 6.71038389e-01 1.79837912e-01
  outer loop
   vertex 7.63860168e+01 3.58844452e+01 5.73180122e+01
   vertex 7.85238953e+01 3.81970520e+01 5.17913017e+01
   vertex 7.63856659e+01 3.58842773e+01 5.17911110e+01
  endloop
 endfacet
 facet normal -6.62163615e-01 6.56562746e-01 3.61198992e-01
  outer loop
   vertex 7.42097778e+01 3.35992584e+01 5.73176384e+01
   vertex 7.63860168e+01 3.58844452e+01 5.73180122e+01
   vertex 7.41745300e+01 3.36345215e+01 5.17909241e+01
  endloop
 endfacet
 facet normal -7.05006659e-01 6.85895383e-01 1.80313826e-01
  outer loop
   vertex 7.41745300e+01 3.36345215e+01 5.17909241e+01
   vertex 7.63860168e+01 3.58844452e+01 5.73180122e+01
   vertex 7.63856659e+01 3.58842773e+01 5.17911110e+01
  endloop
 endfacet
 facet normal -7.61149704e-01 5.38495839e-01 3.61487716e-01
  outer loop
   vertex 8.63668747e+01 4.80483398e+01 5.73184547e+01
   vertex 8.63233871e+01 4.80778961e+01 5.17913399e+01
   vertex 8.44896622e+01 4.55173645e+01 5.73183556e+01
  endloop
 endfacet
 facet normal -7.97056973e-01 5.76494634e-01 1.79872423e-01
  outer loop
   vertex 8.44896622e+01 4.55173645e+01 5.73183556e+01
   vertex 8.63233871e+01 4.80778961e+01 5.17913399e+01
   vertex 8.44894791e+01 4.55173950e+01 5.17912865e+01
  endloop
 endfacet
 facet normal -7.37482607e-01 5.70515275e-01 3.61430109e-01
  outer loop
   vertex 8.26164551e+01 4.29819641e+01 5.73182564e+01
   vertex 8.44896622e+01 4.55173645e+01 5.73183556e+01
   vertex 8.25762253e+01 4.30147705e+01 5.17912369e+01
  endloop
 endfacet
 facet normal -7.84263313e-01 5.93784153e-01 1.79865092e-01
  outer loop
   vertex 8.25762253e+01 4.30147705e+01 5.17912369e+01
   vertex 8.44896622e+01 4.55173645e+01 5.73183556e+01
   vertex 8.44894791e+01 4.55173950e+01 5.17912865e+01
  endloop
 endfacet
 facet normal -5.02946340e-02 9.82025564e-01 1.81923747e-01
  outer loop
   vertex 6.38367176e+00 4.14186096e+00 5.17899399e+01
   vertex 6.38492775e+00 4.09852600e+00 5.73156815e+01
   vertex 9.54443550e+00 4.31478882e+00 5.17909775e+01
  endloop
 endfacet
 facet normal -5.68847507e-02 9.31265295e-01 3.59873712e-01
  outer loop
   vertex 9.54443550e+00 4.31478882e+00 5.17909775e+01
   vertex 6.38492775e+00 4.09852600e+00 5.73156815e+01
   vertex 9.54645252e+00 4.31478882e+00 5.73177376e+01
  endloop
 endfacet
 facet normal -8.53557810e-02 9.28493381e-01 3.61406207e-01
  outer loop
   vertex 1.26842575e+01 4.52394104e+00 5.73198090e+01
   vertex 1.26777115e+01 4.58070374e+00 5.17920189e+01
   vertex 9.54645252e+00 4.31478882e+00 5.73177376e+01
  endloop
 endfacet
 facet normal -7.99280554e-02 9.80434954e-01 1.79885685e-01
  outer loop
   vertex 9.54645252e+00 4.31478882e+00 5.73177376e+01
   vertex 1.26777115e+01 4.58070374e+00 5.17920189e+01
   vertex 9.54443550e+00 4.31478882e+00 5.17909775e+01
  endloop
 endfacet
 facet normal -6.20251119e-01 6.96446121e-01 3.60903502e-01
  outer loop
   vertex 6.95896759e+01 2.93004761e+01 5.73182220e+01
   vertex 7.18965912e+01 3.14507294e+01 5.73179283e+01
   vertex 6.95560226e+01 2.93398285e+01 5.17912178e+01
  endloop
 endfacet
 facet normal -6.61406398e-01 7.28145719e-01 1.79848284e-01
  outer loop
   vertex 6.95560226e+01 2.93398285e+01 5.17912178e+01
   vertex 7.18965912e+01 3.14507294e+01 5.73179283e+01
   vertex 7.18966980e+01 3.14510193e+01 5.17910690e+01
  endloop
 endfacet
 facet normal -6.41381323e-01 6.77369237e-01 3.60278875e-01
  outer loop
   vertex 7.18965912e+01 3.14507294e+01 5.73179283e+01
   vertex 7.42097778e+01 3.35992584e+01 5.73176384e+01
   vertex 7.18966980e+01 3.14510193e+01 5.17910690e+01
  endloop
 endfacet
 facet normal -6.83834314e-01 7.06442297e-01 1.82510003e-01
  outer loop
   vertex 7.18966980e+01 3.14510193e+01 5.17910690e+01
   vertex 7.42097778e+01 3.35992584e+01 5.73176384e+01
   vertex 7.41745300e+01 3.36345215e+01 5.17909241e+01
  endloop
 endfacet
 facet normal -7.26155937e-01 5.84865272e-01 3.61427963e-01
  outer loop
   vertex 8.26164551e+01 4.29819641e+01 5.73182564e+01
   vertex 8.25762253e+01 4.30147705e+01 5.17912369e+01
   vertex 8.05873795e+01 4.05738373e+01 5.73183212e+01
  endloop
 endfacet
 facet normal -7.59658456e-01 6.24954760e-01 1.79862767e-01
  outer loop
   vertex 8.05873795e+01 4.05738373e+01 5.73183212e+01
   vertex 8.25762253e+01 4.30147705e+01 5.17912369e+01
   vertex 8.05873032e+01 4.05740051e+01 5.17912712e+01
  endloop
 endfacet
 facet normal -7.00560212e-01 6.15270257e-01 3.61466289e-01
  outer loop
   vertex 7.85632629e+01 3.81625824e+01 5.73183784e+01
   vertex 8.05873795e+01 4.05738373e+01 5.73183212e+01
   vertex 7.85238953e+01 3.81970520e+01 5.17913017e+01
  endloop
 endfacet
 facet normal -7.45830536e-01 6.41392767e-01 1.79866895e-01
  outer loop
   vertex 7.85238953e+01 3.81970520e+01 5.17913017e+01
   vertex 8.05873795e+01 4.05738373e+01 5.73183212e+01
   vertex 8.05873032e+01 4.05740051e+01 5.17912712e+01
  endloop
 endfacet
 facet normal -8.97630930e-01 3.60385895e-01 -2.53733546e-01
  outer loop
   vertex 9.80323639e+01 7.04059677e+01 7.62543106e+00
   vertex 9.80641327e+01 7.03937607e+01 5.76705933e-02
   vertex 9.68374939e+01 6.74495087e+01 7.62451553e+00
  endloop
 endfacet
 facet normal -7.98873544e-01 3.28092277e-01 -5.04139423e-01
  outer loop
   vertex 9.68374939e+01 6.74495087e+01 7.62451553e+00
   vertex 9.80641327e+01 7.03937607e+01 5.76705933e-02
   vertex 9.68368835e+01 6.74478302e+01 5.58395386e-02
  endloop
 endfacet
 facet normal -7.90095448e-01 3.46820444e-01 -5.05435228e-01
  outer loop
   vertex 9.56211624e+01 6.45203247e+01 5.40046692e-02
   vertex 9.55794067e+01 6.45399323e+01 7.62359619e+00
   vertex 9.68368835e+01 6.74478302e+01 5.58395386e-02
  endloop
 endfacet
 facet normal -8.89221132e-01 3.81901979e-01 -2.51866281e-01
  outer loop
   vertex 9.68368835e+01 6.74478302e+01 5.58395386e-02
   vertex 9.55794067e+01 6.45399323e+01 7.62359619e+00
   vertex 9.68374939e+01 6.74495087e+01 7.62451553e+00
  endloop
 endfacet
 facet normal -8.25574160e-01 2.55405486e-01 -5.03185153e-01
  outer loop
   vertex 1.02294624e+02 8.24975586e+01 6.06956482e-02
   vertex 1.02271912e+02 8.25056686e+01 7.62694168e+00
   vertex 1.03215340e+02 8.55835876e+01 6.10885620e-02
  endloop
 endfacet
 facet normal -9.25999522e-01 2.81908244e-01 -2.51102805e-01
  outer loop
   vertex 1.03215340e+02 8.55835876e+01 6.10885620e-02
   vertex 1.02271912e+02 8.25056686e+01 7.62694168e+00
   vertex 1.03215416e+02 8.55839539e+01 7.62714005e+00
  endloop
 endfacet
 facet normal -8.30318630e-01 2.40029722e-01 -5.02947986e-01
  outer loop
   vertex 1.04138451e+02 8.86735764e+01 6.14700317e-02
   vertex 1.03215340e+02 8.55835876e+01 6.10885620e-02
   vertex 1.04117409e+02 8.86784592e+01 7.62733078e+00
  endloop
 endfacet
 facet normal -9.28739130e-01 2.72780001e-01 -2.51067072e-01
  outer loop
   vertex 1.04117409e+02 8.86784592e+01 7.62733078e+00
   vertex 1.03215340e+02 8.55835876e+01 6.10885620e-02
   vertex 1.03215416e+02 8.55839539e+01 7.62714005e+00
  endloop
 endfacet
 facet normal -5.73366880e-01 6.43961549e-01 -5.06521463e-01
  outer loop
   vertex 6.95896759e+01 2.93004761e+01 5.23109436e-02
   vertex 6.95560226e+01 2.93398285e+01 7.62274933e+00
   vertex 7.18965912e+01 3.14507294e+01 5.26046753e-02
  endloop
 endfacet
 facet normal -6.50997519e-01 7.16117799e-01 -2.51748919e-01
  outer loop
   vertex 7.18965912e+01 3.14507294e+01 5.26046753e-02
   vertex 6.95560226e+01 2.93398285e+01 7.62274933e+00
   vertex 7.18966980e+01 3.14510193e+01 7.62289810e+00
  endloop
 endfacet
 facet normal -5.99933803e-01 6.19477391e-01 -5.06287634e-01
  outer loop
   vertex 7.42097778e+01 3.35992584e+01 5.28945923e-02
   vertex 7.18965912e+01 3.14507294e+01 5.26046753e-02
   vertex 7.41745300e+01 3.36345215e+01 7.62304306e+00
  endloop
 endfacet
 facet normal -6.66554391e-01 7.01517701e-01 -2.52147019e-01
  outer loop
   vertex 7.41745300e+01 3.36345215e+01 7.62304306e+00
   vertex 7.18965912e+01 3.14507294e+01 5.26046753e-02
   vertex 7.18966980e+01 3.14510193e+01 7.62289810e+00
  endloop
 endfacet
 facet normal -5.76206982e-01 7.33042300e-01 3.61433893e-01
  outer loop
   vertex 6.47200165e+01 2.53021088e+01 5.73182945e+01
   vertex 6.71528473e+01 2.73033600e+01 5.73182564e+01
   vertex 6.46880341e+01 2.53431702e+01 5.17912560e+01
  endloop
 endfacet
 facet normal -6.15890741e-01 7.67026663e-01 1.79857433e-01
  outer loop
   vertex 6.46880341e+01 2.53431702e+01 5.17912560e+01
   vertex 6.71528473e+01 2.73033600e+01 5.73182564e+01
   vertex 6.71527863e+01 2.73035126e+01 5.17912369e+01
  endloop
 endfacet
 facet normal -6.06802404e-01 7.07934141e-01 3.61413985e-01
  outer loop
   vertex 6.95896759e+01 2.93004761e+01 5.73182220e+01
   vertex 6.95560226e+01 2.93398285e+01 5.17912178e+01
   vertex 6.71528473e+01 2.73033600e+01 5.73182564e+01
  endloop
 endfacet
 facet normal -6.32423759e-01 7.53453612e-01 1.79855198e-01
  outer loop
   vertex 6.71528473e+01 2.73033600e+01 5.73182564e+01
   vertex 6.95560226e+01 2.93398285e+01 5.17912178e+01
   vertex 6.71527863e+01 2.73035126e+01 5.17912369e+01
  endloop
 endfacet
 facet normal -7.13236630e-01 4.84368354e-01 -5.06636798e-01
  outer loop
   vertex 8.63668747e+01 4.80483398e+01 5.20744324e-02
   vertex 8.63233871e+01 4.80778961e+01 7.62263107e+00
   vertex 8.80753784e+01 5.06936340e+01 5.20973206e-02
  endloop
 endfacet
 facet normal -8.06311727e-01 5.35220921e-01 -2.51793563e-01
  outer loop
   vertex 8.80753784e+01 5.06936340e+01 5.20973206e-02
   vertex 8.63233871e+01 4.80778961e+01 7.62263107e+00
   vertex 8.80752563e+01 5.06937561e+01 7.62264633e+00
  endloop
 endfacet
 facet normal -7.33970106e-01 4.52360421e-01 -5.06614208e-01
  outer loop
   vertex 8.97890625e+01 5.33360901e+01 5.21354675e-02
   vertex 8.80753784e+01 5.06936340e+01 5.20973206e-02
   vertex 8.97447205e+01 5.33639832e+01 7.62266159e+00
  endloop
 endfacet
 facet normal -8.18479061e-01 5.16423166e-01 -2.51791924e-01
  outer loop
   vertex 8.97447205e+01 5.33639832e+01 7.62266159e+00
   vertex 8.80753784e+01 5.06936340e+01 5.20973206e-02
   vertex 8.80752563e+01 5.06937561e+01 7.62264633e+00
  endloop
 endfacet
 facet normal -5.29748380e-01 7.67315865e-01 3.61376524e-01
  outer loop
   vertex 5.96084671e+01 2.16122589e+01 5.73181038e+01
   vertex 6.21630135e+01 2.34598236e+01 5.73181992e+01
   vertex 5.95797615e+01 2.16549072e+01 5.17911644e+01
  endloop
 endfacet
 facet normal -5.67177296e-01 8.03719699e-01 1.79845974e-01
  outer loop
   vertex 5.95797615e+01 2.16549072e+01 5.17911644e+01
   vertex 6.21630135e+01 2.34598236e+01 5.73181992e+01
   vertex 6.21628532e+01 2.34598999e+01 5.17912064e+01
  endloop
 endfacet
 facet normal -5.61709583e-01 7.44212151e-01 3.61428648e-01
  outer loop
   vertex 6.47200165e+01 2.53021088e+01 5.73182945e+01
   vertex 6.46880341e+01 2.53431702e+01 5.17912560e+01
   vertex 6.21630135e+01 2.34598236e+01 5.73181992e+01
  endloop
 endfacet
 facet normal -5.84450305e-01 7.91246533e-01 1.79852232e-01
  outer loop
   vertex 6.21630135e+01 2.34598236e+01 5.73181992e+01
   vertex 6.46880341e+01 2.53431702e+01 5.17912560e+01
   vertex 6.21628532e+01 2.34598999e+01 5.17912064e+01
  endloop
 endfacet
 facet normal -3.80421698e-01 8.51285994e-01 3.61374497e-01
  outer loop
   vertex 4.30511932e+01 1.25112457e+01 5.73181267e+01
   vertex 4.59030876e+01 1.38615570e+01 5.73181038e+01
   vertex 4.30314751e+01 1.25588379e+01 5.17911758e+01
  endloop
 endfacet
 facet normal -4.10539746e-01 8.93932462e-01 1.79838404e-01
  outer loop
   vertex 4.30314751e+01 1.25588379e+01 5.17911758e+01
   vertex 4.59030876e+01 1.38615570e+01 5.73181038e+01
   vertex 4.59030418e+01 1.38617096e+01 5.17911568e+01
  endloop
 endfacet
 facet normal -4.14986968e-01 8.34999084e-01 3.61334085e-01
  outer loop
   vertex 4.87575684e+01 1.52068176e+01 5.73180923e+01
   vertex 4.87330093e+01 1.52519531e+01 5.17911530e+01
   vertex 4.59030876e+01 1.38615570e+01 5.73181038e+01
  endloop
 endfacet
 facet normal -4.29228514e-01 8.85006011e-01 1.80353090e-01
  outer loop
   vertex 4.59030876e+01 1.38615570e+01 5.73181038e+01
   vertex 4.87330093e+01 1.52519531e+01 5.17911530e+01
   vertex 4.59030418e+01 1.38617096e+01 5.17911568e+01
  endloop
 endfacet
 facet normal -9.35715020e-01 2.47870475e-01 -2.50993311e-01
  outer loop
   vertex 1.04978493e+02 9.17831268e+01 7.62740707e+00
   vertex 1.05831406e+02 9.50249176e+01 7.42520905e+00
   vertex 1.04978485e+02 9.17829971e+01 6.12297058e-02
  endloop
 endfacet
 facet normal -8.36419225e-01 2.18365446e-01 -5.02712131e-01
  outer loop
   vertex 1.04978485e+02 9.17829971e+01 6.12297058e-02
   vertex 1.05831406e+02 9.50249176e+01 7.42520905e+00
   vertex 1.05820435e+02 9.48959198e+01 6.03218079e-02
  endloop
 endfacet
 facet normal -8.33721757e-01 2.28558168e-01 -5.02662122e-01
  outer loop
   vertex 1.04978485e+02 9.17829971e+01 6.12297058e-02
   vertex 1.04138451e+02 8.86735764e+01 6.14700317e-02
   vertex 1.04978493e+02 9.17831268e+01 7.62740707e+00
  endloop
 endfacet
 facet normal -9.31926847e-01 2.60389119e-01 -2.52408147e-01
  outer loop
   vertex 1.04978493e+02 9.17831268e+01 7.62740707e+00
   vertex 1.04138451e+02 8.86735764e+01 6.14700317e-02
   vertex 1.04117409e+02 8.86784592e+01 7.62733078e+00
  endloop
 endfacet
 facet normal -9.74366724e-01 2.24964544e-01 -6.31274481e-04
  outer loop
   vertex 1.07273979e+02 1.00885162e+02 8.37752914e+00
   vertex 1.07297874e+02 1.01006752e+02 1.33126984e+01
   vertex 1.07682449e+02 1.02667961e+02 9.96015549e+00
  endloop
 endfacet
 facet normal -9.75127995e-01 2.21641138e-01 -7.94752152e-04
  outer loop
   vertex 1.07682449e+02 1.02667961e+02 9.96015549e+00
   vertex 1.07297874e+02 1.01006752e+02 1.33126984e+01
   vertex 1.07870743e+02 1.03530319e+02 1.36437340e+01
  endloop
 endfacet
 facet normal -9.03545976e-01 4.17210579e-01 -9.76730436e-02
  outer loop
   vertex 1.07682449e+02 1.02667961e+02 9.96015549e+00
   vertex 1.07849380e+02 1.03425041e+02 8.36748886e+00
   vertex 1.07273979e+02 1.00885162e+02 8.37752914e+00
  endloop
 endfacet
 facet normal -7.78224230e-01 5.98408997e-01 -1.90456584e-01
  outer loop
   vertex 1.07273979e+02 1.00885162e+02 8.37752914e+00
   vertex 1.07849380e+02 1.03425041e+02 8.36748886e+00
   vertex 1.07353889e+02 1.01176231e+02 3.58542633e+00
  endloop
 endfacet
 facet normal -9.11760271e-01 3.94894779e-01 -1.12921841e-01
  outer loop
   vertex 1.10184967e+02 1.15327248e+02 3.63450661e+01
   vertex 1.10323372e+02 1.16115334e+02 3.52192917e+01
   vertex 1.10062828e+02 1.14581108e+02 3.35982361e+01
  endloop
 endfacet
 facet normal -7.64920950e-01 6.05038762e-01 -2.20961645e-01
  outer loop
   vertex 1.10062828e+02 1.14581108e+02 3.35982361e+01
   vertex 1.10323372e+02 1.16115334e+02 3.52192917e+01
   vertex 1.10128517e+02 1.14967834e+02 3.27884254e+01
  endloop
 endfacet
 facet normal -9.83992100e-01 1.78208023e-01 -1.20602502e-03
  outer loop
   vertex 1.09818840e+02 1.13233521e+02 3.22519646e+01
   vertex 1.09845879e+02 1.13405846e+02 3.58961143e+01
   vertex 1.10062828e+02 1.14581108e+02 3.35982361e+01
  endloop
 endfacet
 facet normal -9.84690726e-01 1.74302951e-01 -1.62056880e-03
  outer loop
   vertex 1.10062828e+02 1.14581108e+02 3.35982361e+01
   vertex 1.09845879e+02 1.13405846e+02 3.58961143e+01
   vertex 1.10184967e+02 1.15327248e+02 3.63450661e+01
  endloop
 endfacet
 facet normal -7.63519287e-01 6.07299328e-01 -2.19603837e-01
  outer loop
   vertex 1.09935722e+02 1.13830650e+02 3.03551636e+01
   vertex 1.09818840e+02 1.13233521e+02 3.22519646e+01
   vertex 1.10128517e+02 1.14967834e+02 3.27884254e+01
  endloop
 endfacet
 facet normal -9.10753846e-01 3.98095876e-01 -1.09759450e-01
  outer loop
   vertex 1.10128517e+02 1.14967834e+02 3.27884254e+01
   vertex 1.09818840e+02 1.13233521e+02 3.22519646e+01
   vertex 1.10062828e+02 1.14581108e+02 3.35982361e+01
  endloop
 endfacet
 facet normal -8.78065348e-01 4.04924840e-01 -2.55023748e-01
  outer loop
   vertex 9.55794067e+01 6.45399323e+01 7.62359619e+00
   vertex 9.56211624e+01 6.45203247e+01 5.40046692e-02
   vertex 9.42454605e+01 6.16750488e+01 7.62314987e+00
  endloop
 endfacet
 facet normal -7.79797435e-01 3.69482875e-01 -5.05369544e-01
  outer loop
   vertex 9.42454605e+01 6.16750488e+01 7.62314987e+00
   vertex 9.56211624e+01 6.45203247e+01 5.40046692e-02
   vertex 9.42451935e+01 6.16742249e+01 5.31082153e-02
  endloop
 endfacet
 facet normal -7.68041253e-01 3.92305791e-01 -5.06170750e-01
  outer loop
   vertex 9.28784409e+01 5.88352356e+01 5.22232056e-02
   vertex 9.28317032e+01 5.88582916e+01 7.62270737e+00
   vertex 9.42451935e+01 6.16742249e+01 5.31082153e-02
  endloop
 endfacet
 facet normal -8.66189063e-01 4.31669027e-01 -2.51750588e-01
  outer loop
   vertex 9.42451935e+01 6.16742249e+01 5.31082153e-02
   vertex 9.28317032e+01 5.88582916e+01 7.62270737e+00
   vertex 9.42454605e+01 6.16750488e+01 7.62314987e+00
  endloop
 endfacet
 facet normal -3.63808751e-01 8.58514845e-01 3.61379921e-01
  outer loop
   vertex 4.30511932e+01 1.25112457e+01 5.73181267e+01
   vertex 4.30314751e+01 1.25588379e+01 5.17911758e+01
   vertex 4.01230850e+01 1.13455505e+01 5.73181610e+01
  endloop
 endfacet
 facet normal -3.74488682e-01 9.09623146e-01 1.79844335e-01
  outer loop
   vertex 4.01230850e+01 1.13455505e+01 5.73181610e+01
   vertex 4.30314751e+01 1.25588379e+01 5.17911758e+01
   vertex 4.01230507e+01 1.13457184e+01 5.17911873e+01
  endloop
 endfacet
 facet normal -3.27287078e-01 8.73085082e-01 3.61394018e-01
  outer loop
   vertex 3.71974068e+01 1.01746674e+01 5.73181839e+01
   vertex 4.01230850e+01 1.13455505e+01 5.73181610e+01
   vertex 3.71793709e+01 1.02230835e+01 5.17911987e+01
  endloop
 endfacet
 facet normal -3.54755431e-01 9.17498767e-01 1.79846093e-01
  outer loop
   vertex 3.71793709e+01 1.02230835e+01 5.17911987e+01
   vertex 4.01230850e+01 1.13455505e+01 5.73181610e+01
   vertex 4.01230507e+01 1.13457184e+01 5.17911873e+01
  endloop
 endfacet
 facet normal -6.37366533e-01 5.80959380e-01 -5.06211519e-01
  outer loop
   vertex 7.85632706e+01 3.81625824e+01 5.21507263e-02
   vertex 7.63860245e+01 3.58844452e+01 5.25207520e-02
   vertex 7.85238953e+01 3.81970520e+01 7.62266541e+00
  endloop
 endfacet
 facet normal -7.08614290e-01 6.59137309e-01 -2.51801103e-01
  outer loop
   vertex 7.85238953e+01 3.81970520e+01 7.62266541e+00
   vertex 7.63860245e+01 3.58844452e+01 5.25207520e-02
   vertex 7.63856659e+01 3.58842773e+01 7.62285614e+00
  endloop
 endfacet
 facet normal -6.19403183e-01 6.00489438e-01 -5.05719483e-01
  outer loop
   vertex 7.63860245e+01 3.58844452e+01 5.25207520e-02
   vertex 7.42097778e+01 3.35992584e+01 5.28945923e-02
   vertex 7.63856659e+01 3.58842773e+01 7.62285614e+00
  endloop
 endfacet
 facet normal -6.86663389e-01 6.80630922e-01 -2.55411208e-01
  outer loop
   vertex 7.63856659e+01 3.58842773e+01 7.62285614e+00
   vertex 7.42097778e+01 3.35992584e+01 5.28945923e-02
   vertex 7.41745300e+01 3.36345215e+01 7.62304306e+00
  endloop
 endfacet
 facet normal -4.98951167e-01 7.03665674e-01 -5.05867898e-01
  outer loop
   vertex 6.21630020e+01 2.34598236e+01 5.23300171e-02
   vertex 5.96084671e+01 2.16122437e+01 5.24215698e-02
   vertex 6.21628532e+01 2.34598999e+01 7.62276077e+00
  endloop
 endfacet
 facet normal -5.50198674e-01 7.94959009e-01 -2.55580872e-01
  outer loop
   vertex 6.21628532e+01 2.34598999e+01 7.62276077e+00
   vertex 5.96084671e+01 2.16122437e+01 5.24215698e-02
   vertex 5.95797615e+01 2.16549072e+01 7.62280273e+00
  endloop
 endfacet
 facet normal -5.20415068e-01 6.87711239e-01 -5.06183147e-01
  outer loop
   vertex 6.47200241e+01 2.53021088e+01 5.22346497e-02
   vertex 6.21630020e+01 2.34598236e+01 5.23300171e-02
   vertex 6.46880341e+01 2.53431702e+01 7.62271500e+00
  endloop
 endfacet
 facet normal -5.76144934e-01 7.77590513e-01 -2.51813501e-01
  outer loop
   vertex 6.46880341e+01 2.53431702e+01 7.62271500e+00
   vertex 6.21630020e+01 2.34598236e+01 5.23300171e-02
   vertex 6.21628532e+01 2.34598999e+01 7.62276077e+00
  endloop
 endfacet
 facet normal -5.61552942e-01 6.54269755e-01 -5.06546557e-01
  outer loop
   vertex 6.95896759e+01 2.93004761e+01 5.23109436e-02
   vertex 6.71528549e+01 2.73033905e+01 5.22727966e-02
   vertex 6.95560226e+01 2.93398285e+01 7.62274933e+00
  endloop
 endfacet
 facet normal -6.22623205e-01 7.40911841e-01 -2.51773685e-01
  outer loop
   vertex 6.95560226e+01 2.93398285e+01 7.62274933e+00
   vertex 6.71528549e+01 2.73033905e+01 5.22727966e-02
   vertex 6.71527863e+01 2.73035126e+01 7.62273026e+00
  endloop
 endfacet
 facet normal -5.32372296e-01 6.78207576e-01 -5.06571054e-01
  outer loop
   vertex 6.47200241e+01 2.53021088e+01 5.22346497e-02
   vertex 6.46880341e+01 2.53431702e+01 7.62271500e+00
   vertex 6.71528549e+01 2.73033905e+01 5.22727966e-02
  endloop
 endfacet
 facet normal -6.05494499e-01 7.54974067e-01 -2.51774758e-01
  outer loop
   vertex 6.71528549e+01 2.73033905e+01 5.22727966e-02
   vertex 6.46880341e+01 2.53431702e+01 7.62271500e+00
   vertex 6.71527863e+01 2.73035126e+01 7.62273026e+00
  endloop
 endfacet
 facet normal -1.50881171e-01 8.49032462e-01 -5.06338537e-01
  outer loop
   vertex 1.89168339e+01 5.37632751e+00 5.26847839e-02
   vertex 1.89094200e+01 5.42634583e+00 7.62293625e+00
   vertex 2.20127811e+01 5.99458313e+00 5.27915955e-02
  endloop
 endfacet
 facet normal -1.78405017e-01 9.51102555e-01 -2.52141982e-01
  outer loop
   vertex 2.20127811e+01 5.99458313e+00 5.27915955e-02
   vertex 1.89094200e+01 5.42634583e+00 7.62293625e+00
   vertex 2.20128422e+01 5.99473572e+00 7.62298965e+00
  endloop
 endfacet
 facet normal -1.85089231e-01 8.42273116e-01 -5.06278574e-01
  outer loop
   vertex 2.51108799e+01 6.60775757e+00 5.28831482e-02
   vertex 2.20127811e+01 5.99458313e+00 5.27915955e-02
   vertex 2.50986233e+01 6.65612793e+00 7.62303543e+00
  endloop
 endfacet
 facet normal -1.98727846e-01 9.47067142e-01 -2.52132982e-01
  outer loop
   vertex 2.50986233e+01 6.65612793e+00 7.62303543e+00
   vertex 2.20127811e+01 5.99458313e+00 5.27915955e-02
   vertex 2.20128422e+01 5.99473572e+00 7.62298965e+00
  endloop
 endfacet
 facet normal -4.44985121e-01 7.38569856e-01 -5.06461084e-01
  outer loop
   vertex 5.42787857e+01 1.82425995e+01 5.25245667e-02
   vertex 5.42533302e+01 1.82868652e+01 7.62285614e+00
   vertex 5.69423676e+01 1.99299622e+01 5.24749756e-02
  endloop
 endfacet
 facet normal -5.07957697e-01 8.23771417e-01 -2.51753151e-01
  outer loop
   vertex 5.69423676e+01 1.99299622e+01 5.24749756e-02
   vertex 5.42533302e+01 1.82868652e+01 7.62285614e+00
   vertex 5.69422379e+01 1.99300385e+01 7.62283325e+00
  endloop
 endfacet
 facet normal -4.75774795e-01 7.19129503e-01 -5.06449521e-01
  outer loop
   vertex 5.96084671e+01 2.16122437e+01 5.24215698e-02
   vertex 5.69423676e+01 1.99299622e+01 5.24749756e-02
   vertex 5.95797615e+01 2.16549072e+01 7.62280273e+00
  endloop
 endfacet
 facet normal -5.26083112e-01 8.12183917e-01 -2.52178252e-01
  outer loop
   vertex 5.95797615e+01 2.16549072e+01 7.62280273e+00
   vertex 5.69423676e+01 1.99299622e+01 5.24749756e-02
   vertex 5.69422379e+01 1.99300385e+01 7.62283325e+00
  endloop
 endfacet
 facet normal -7.04644620e-01 4.97185558e-01 -5.06243527e-01
  outer loop
   vertex 8.63668747e+01 4.80483398e+01 5.20744324e-02
   vertex 8.44896622e+01 4.55173645e+01 5.21774292e-02
   vertex 8.63233871e+01 4.80778961e+01 7.62263107e+00
  endloop
 endfacet
 facet normal -7.85005689e-01 5.65992594e-01 -2.51830339e-01
  outer loop
   vertex 8.63233871e+01 4.80778961e+01 7.62263107e+00
   vertex 8.44896622e+01 4.55173645e+01 5.21774292e-02
   vertex 8.44894791e+01 4.55173950e+01 7.62268448e+00
  endloop
 endfacet
 facet normal -6.88885093e-01 5.19116461e-01 -5.05920410e-01
  outer loop
   vertex 8.44896622e+01 4.55173645e+01 5.21774292e-02
   vertex 8.26164551e+01 4.29819641e+01 5.22766113e-02
   vertex 8.44894791e+01 4.55173950e+01 7.62268448e+00
  endloop
 endfacet
 facet normal -7.65368044e-01 5.90647042e-01 -2.55632311e-01
  outer loop
   vertex 8.44894791e+01 4.55173950e+01 7.62268448e+00
   vertex 8.26164551e+01 4.29819641e+01 5.22766113e-02
   vertex 8.25762253e+01 4.30147705e+01 7.62273407e+00
  endloop
 endfacet
 facet normal -6.71317935e-01 5.41085482e-01 -5.06516337e-01
  outer loop
   vertex 8.26164551e+01 4.29819641e+01 5.22766113e-02
   vertex 8.05873795e+01 4.05738373e+01 5.22117615e-02
   vertex 8.25762253e+01 4.30147705e+01 7.62273407e+00
  endloop
 endfacet
 facet normal -7.47409642e-01 6.14630342e-01 -2.52207071e-01
  outer loop
   vertex 8.25762253e+01 4.30147705e+01 7.62273407e+00
   vertex 8.05873795e+01 4.05738373e+01 5.22117615e-02
   vertex 8.05873032e+01 4.05740051e+01 7.62269974e+00
  endloop
 endfacet
 facet normal -6.47428274e-01 5.69373608e-01 -5.06606698e-01
  outer loop
   vertex 7.85632706e+01 3.81625824e+01 5.21507263e-02
   vertex 7.85238953e+01 3.81970520e+01 7.62266541e+00
   vertex 8.05873795e+01 4.05738373e+01 5.22117615e-02
  endloop
 endfacet
 facet normal -7.33401477e-01 6.31448627e-01 -2.51783311e-01
  outer loop
   vertex 8.05873795e+01 4.05738373e+01 5.22117615e-02
   vertex 7.85238953e+01 3.81970520e+01 7.62266541e+00
   vertex 8.05873032e+01 4.05740051e+01 7.62269974e+00
  endloop
 endfacet
 facet normal -5.14754593e-01 7.77460217e-01 3.61363083e-01
  outer loop
   vertex 5.96084671e+01 2.16122589e+01 5.73181038e+01
   vertex 5.95797615e+01 2.16549072e+01 5.17911644e+01
   vertex 5.69423599e+01 1.99299622e+01 5.73180542e+01
  endloop
 endfacet
 facet normal -5.34629226e-01 8.25731277e-01 1.79831758e-01
  outer loop
   vertex 5.69423599e+01 1.99299622e+01 5.73180542e+01
   vertex 5.95797615e+01 2.16549072e+01 5.17911644e+01
   vertex 5.69422340e+01 1.99300385e+01 5.17911377e+01
  endloop
 endfacet
 facet normal -4.81722444e-01 7.98361242e-01 3.61334831e-01
  outer loop
   vertex 5.42787857e+01 1.82425995e+01 5.73180046e+01
   vertex 5.69423599e+01 1.99299622e+01 5.73180542e+01
   vertex 5.42533302e+01 1.82868652e+01 5.17911072e+01
  endloop
 endfacet
 facet normal -5.16782343e-01 8.37017357e-01 1.79827735e-01
  outer loop
   vertex 5.42533302e+01 1.82868652e+01 5.17911072e+01
   vertex 5.69423599e+01 1.99299622e+01 5.73180542e+01
   vertex 5.69422340e+01 1.99300385e+01 5.17911377e+01
  endloop
 endfacet
 facet normal -4.55937892e-01 8.71066988e-01 1.82655364e-01
  outer loop
   vertex 4.87330093e+01 1.52519531e+01 5.17911530e+01
   vertex 4.87575684e+01 1.52068176e+01 5.73180923e+01
   vertex 5.15165825e+01 1.67272034e+01 5.17911339e+01
  endloop
 endfacet
 facet normal -4.41909164e-01 8.21483493e-01 3.60390335e-01
  outer loop
   vertex 5.15165825e+01 1.67272034e+01 5.17911339e+01
   vertex 4.87575684e+01 1.52068176e+01 5.73180923e+01
   vertex 5.15166054e+01 1.67270508e+01 5.73180542e+01
  endloop
 endfacet
 facet normal -4.66784358e-01 8.07407379e-01 3.60840201e-01
  outer loop
   vertex 5.42787857e+01 1.82425995e+01 5.73180046e+01
   vertex 5.42533302e+01 1.82868652e+01 5.17911072e+01
   vertex 5.15166054e+01 1.67270508e+01 5.73180542e+01
  endloop
 endfacet
 facet normal -4.84000444e-01 8.56385648e-01 1.79853186e-01
  outer loop
   vertex 5.15166054e+01 1.67270508e+01 5.73180542e+01
   vertex 5.42533302e+01 1.82868652e+01 5.17911072e+01
   vertex 5.15165825e+01 1.67272034e+01 5.17911339e+01
  endloop
 endfacet
 facet normal -2.51602560e-01 8.24677646e-01 -5.06559968e-01
  outer loop
   vertex 3.12085285e+01 8.20307922e+00 5.22689819e-02
   vertex 3.11945572e+01 8.25309753e+00 7.62272644e+00
   vertex 3.42018280e+01 9.19151306e+00 5.23109436e-02
  endloop
 endfacet
 facet normal -2.92056799e-01 9.22666371e-01 -2.51773000e-01
  outer loop
   vertex 3.42018280e+01 9.19151306e+00 5.23109436e-02
   vertex 3.11945572e+01 8.25309753e+00 7.62272644e+00
   vertex 3.42018166e+01 9.19166565e+00 7.62275314e+00
  endloop
 endfacet
 facet normal -2.87383556e-01 8.12918663e-01 -5.06531298e-01
  outer loop
   vertex 3.71974144e+01 1.01746674e+01 5.23490906e-02
   vertex 3.42018280e+01 9.19151306e+00 5.23109436e-02
   vertex 3.71793747e+01 1.02230835e+01 7.62276840e+00
  endloop
 endfacet
 facet normal -3.13056469e-01 9.15754735e-01 -2.51771659e-01
  outer loop
   vertex 3.71793747e+01 1.02230835e+01 7.62276840e+00
   vertex 3.42018280e+01 9.19151306e+00 5.23109436e-02
   vertex 3.42018166e+01 9.19166565e+00 7.62275314e+00
  endloop
 endfacet
 facet normal -3.02114308e-01 8.07562888e-01 -5.06526530e-01
  outer loop
   vertex 3.71974144e+01 1.01746674e+01 5.23490906e-02
   vertex 3.71793747e+01 1.02230835e+01 7.62276840e+00
   vertex 4.01230812e+01 1.13455505e+01 5.23719788e-02
  endloop
 endfacet
 facet normal -3.48499477e-01 9.02863085e-01 -2.51766503e-01
  outer loop
   vertex 4.01230812e+01 1.13455505e+01 5.23719788e-02
   vertex 3.71793747e+01 1.02230835e+01 7.62276840e+00
   vertex 4.01230469e+01 1.13456879e+01 7.62277985e+00
  endloop
 endfacet
 facet normal -3.36951703e-01 7.93670058e-01 -5.06509006e-01
  outer loop
   vertex 4.30511818e+01 1.25112457e+01 5.24024963e-02
   vertex 4.01230812e+01 1.13455505e+01 5.23719788e-02
   vertex 4.30314674e+01 1.25588379e+01 7.62279510e+00
  endloop
 endfacet
 facet normal -3.68947476e-01 8.94702196e-01 -2.51765132e-01
  outer loop
   vertex 4.30314674e+01 1.25588379e+01 7.62279510e+00
   vertex 4.01230812e+01 1.13455505e+01 5.23719788e-02
   vertex 4.01230469e+01 1.13456879e+01 7.62277985e+00
  endloop
 endfacet
 facet normal -2.55724609e-01 8.96851182e-01 3.60919535e-01
  outer loop
   vertex 3.12085438e+01 8.20307922e+00 5.73182640e+01
   vertex 3.11945629e+01 8.25309753e+00 5.17912407e+01
   vertex 2.81607552e+01 7.40856934e+00 5.73179588e+01
  endloop
 endfacet
 facet normal -2.60416120e-01 9.48596895e-01 1.79853633e-01
  outer loop
   vertex 2.81607552e+01 7.40856934e+00 5.73179588e+01
   vertex 3.11945629e+01 8.25309753e+00 5.17912407e+01
   vertex 2.81604347e+01 7.40863037e+00 5.17910919e+01
  endloop
 endfacet
 facet normal -2.30942503e-01 9.55690920e-01 1.82538763e-01
  outer loop
   vertex 2.50986233e+01 6.65612793e+00 5.17909355e+01
   vertex 2.51108799e+01 6.60775757e+00 5.73176498e+01
   vertex 2.81604347e+01 7.40863037e+00 5.17910919e+01
  endloop
 endfacet
 facet normal -2.28772655e-01 9.04546201e-01 3.59804422e-01
  outer loop
   vertex 2.81604347e+01 7.40863037e+00 5.17910919e+01
   vertex 2.51108799e+01 6.60775757e+00 5.73176498e+01
   vertex 2.81607552e+01 7.40856934e+00 5.73179588e+01
  endloop
 endfacet
 facet normal -1.63330019e-01 9.18249726e-01 3.60750288e-01
  outer loop
   vertex 1.89168339e+01 5.37632751e+00 5.73178444e+01
   vertex 2.20127697e+01 5.99458313e+00 5.73177376e+01
   vertex 1.89094200e+01 5.42634583e+00 5.17910271e+01
  endloop
 endfacet
 facet normal -1.81019753e-01 9.66806114e-01 1.80327043e-01
  outer loop
   vertex 1.89094200e+01 5.42634583e+00 5.17910271e+01
   vertex 2.20127697e+01 5.99458313e+00 5.73177376e+01
   vertex 2.20128365e+01 5.99473572e+00 5.17909775e+01
  endloop
 endfacet
 facet normal -1.89523742e-01 9.13584292e-01 3.59784007e-01
  outer loop
   vertex 2.20127697e+01 5.99458313e+00 5.73177376e+01
   vertex 2.51108799e+01 6.60775757e+00 5.73176498e+01
   vertex 2.20128365e+01 5.99473572e+00 5.17909775e+01
  endloop
 endfacet
 facet normal -2.09886163e-01 9.60535169e-01 1.82537630e-01
  outer loop
   vertex 2.20128365e+01 5.99473572e+00 5.17909775e+01
   vertex 2.51108799e+01 6.60775757e+00 5.73176498e+01
   vertex 2.50986233e+01 6.65612793e+00 5.17909355e+01
  endloop
 endfacet
 facet normal -2.72680044e-01 8.91638160e-01 3.61423522e-01
  outer loop
   vertex 3.12085438e+01 8.20307922e+00 5.73182640e+01
   vertex 3.42018280e+01 9.19151306e+00 5.73182220e+01
   vertex 3.11945629e+01 8.25309753e+00 5.17912407e+01
  endloop
 endfacet
 facet normal -2.97400087e-01 9.37659800e-01 1.79853439e-01
  outer loop
   vertex 3.11945629e+01 8.25309753e+00 5.17912407e+01
   vertex 3.42018280e+01 9.19151306e+00 5.73182220e+01
   vertex 3.42018166e+01 9.19166565e+00 5.17912178e+01
  endloop
 endfacet
 facet normal -3.10199320e-01 8.79299283e-01 3.61398906e-01
  outer loop
   vertex 3.71974068e+01 1.01746674e+01 5.73181839e+01
   vertex 3.71793709e+01 1.02230835e+01 5.17911987e+01
   vertex 3.42018280e+01 9.19151306e+00 5.73182220e+01
  endloop
 endfacet
 facet normal -3.17669958e-01 9.30988431e-01 1.79850996e-01
  outer loop
   vertex 3.42018280e+01 9.19151306e+00 5.73182220e+01
   vertex 3.71793709e+01 1.02230835e+01 5.17911987e+01
   vertex 3.42018166e+01 9.19166565e+00 5.17912178e+01
  endloop
 endfacet
 facet normal -1.34176135e-01 9.23094630e-01 3.60406816e-01
  outer loop
   vertex 1.57944412e+01 4.95243835e+00 5.73188324e+01
   vertex 1.89168339e+01 5.37632751e+00 5.73178444e+01
   vertex 1.57953720e+01 4.95274353e+00 5.17915230e+01
  endloop
 endfacet
 facet normal -1.52375981e-01 9.71312106e-01 1.82576954e-01
  outer loop
   vertex 1.57953720e+01 4.95274353e+00 5.17915230e+01
   vertex 1.89168339e+01 5.37632751e+00 5.73178444e+01
   vertex 1.89094200e+01 5.42634583e+00 5.17910271e+01
  endloop
 endfacet
 facet normal -1.04071684e-01 9.26571608e-01 3.61433506e-01
  outer loop
   vertex 1.26842575e+01 4.52394104e+00 5.73198090e+01
   vertex 1.57944412e+01 4.95243835e+00 5.73188324e+01
   vertex 1.26777115e+01 4.58070374e+00 5.17920189e+01
  endloop
 endfacet
 facet normal -1.20135717e-01 9.76305068e-01 1.79988250e-01
  outer loop
   vertex 1.26777115e+01 4.58070374e+00 5.17920189e+01
   vertex 1.57944412e+01 4.95243835e+00 5.73188324e+01
   vertex 1.57953720e+01 4.95274353e+00 5.17915230e+01
  endloop
 endfacet
 facet normal -9.55672339e-02 8.56785119e-01 -5.06740749e-01
  outer loop
   vertex 1.26842709e+01 4.52394104e+00 5.07240295e-02
   vertex 1.26777172e+01 4.58070374e+00 7.62195587e+00
   vertex 1.57944412e+01 4.95243835e+00 5.16967773e-02
  endloop
 endfacet
 facet normal -1.17650233e-01 9.60576296e-01 -2.51896083e-01
  outer loop
   vertex 1.57944412e+01 4.95243835e+00 5.16967773e-02
   vertex 1.26777172e+01 4.58070374e+00 7.62195587e+00
   vertex 1.57953720e+01 4.95274353e+00 7.62244415e+00
  endloop
 endfacet
 facet normal -1.49243489e-01 9.55223978e-01 -2.55486757e-01
  outer loop
   vertex 1.89094200e+01 5.42634583e+00 7.62293625e+00
   vertex 1.89168339e+01 5.37632751e+00 5.26847839e-02
   vertex 1.57953720e+01 4.95274353e+00 7.62244415e+00
  endloop
 endfacet
 facet normal -1.23470917e-01 8.53743732e-01 -5.05842447e-01
  outer loop
   vertex 1.57953720e+01 4.95274353e+00 7.62244415e+00
   vertex 1.89168339e+01 5.37632751e+00 5.26847839e-02
   vertex 1.57944412e+01 4.95243835e+00 5.16967773e-02
  endloop
 endfacet
 facet normal -2.37056926e-01 8.29214633e-01 -5.06169021e-01
  outer loop
   vertex 3.12085285e+01 8.20307922e+00 5.22689819e-02
   vertex 2.81607437e+01 7.40856934e+00 5.25665283e-02
   vertex 3.11945572e+01 8.25309753e+00 7.62272644e+00
  endloop
 endfacet
 facet normal -2.56652415e-01 9.33128417e-01 -2.51795352e-01
  outer loop
   vertex 3.11945572e+01 8.25309753e+00 7.62272644e+00
   vertex 2.81607437e+01 7.40856934e+00 5.25665283e-02
   vertex 2.81604252e+01 7.40863037e+00 7.62287903e+00
  endloop
 endfacet
 facet normal -2.11612552e-01 8.36340964e-01 -5.05721211e-01
  outer loop
   vertex 2.81607437e+01 7.40856934e+00 5.25665283e-02
   vertex 2.51108799e+01 6.60775757e+00 5.28831482e-02
   vertex 2.81604252e+01 7.40863037e+00 7.62287903e+00
  endloop
 endfacet
 facet normal -2.26739138e-01 9.39867616e-01 -2.55417824e-01
  outer loop
   vertex 2.81604252e+01 7.40863037e+00 7.62287903e+00
   vertex 2.51108799e+01 6.60775757e+00 5.28831482e-02
   vertex 2.50986233e+01 6.65612793e+00 7.62303543e+00
  endloop
 endfacet
 facet normal 2.96789438e-01 9.50945854e-01 -8.72813985e-02
  outer loop
   vertex 4.83562851e+00 4.09750366e+00 5.44736099e+01
   vertex 6.38367176e+00 4.14186096e+00 5.17899399e+01
   vertex 4.83523941e+00 4.09750366e+00 5.30211334e+01
  endloop
 endfacet
 facet normal 3.48543525e-02 9.95854735e-01 -8.40147212e-02
  outer loop
   vertex 6.38367176e+00 4.14186096e+00 5.17899399e+01
   vertex 3.19514370e+00 4.05052185e+00 5.17866020e+01
   vertex 4.83523941e+00 4.09750366e+00 5.30211334e+01
  endloop
 endfacet
 facet normal 4.39657345e-02 9.62918460e-01 -2.66186029e-01
  outer loop
   vertex 3.19514370e+00 4.05052185e+00 5.17866020e+01
   vertex 3.19622159e+00 4.05055237e+00 5.29980545e+01
   vertex 4.83523941e+00 4.09750366e+00 5.30211334e+01
  endloop
 endfacet
 facet normal -4.70882475e-01 8.17075729e-01 -3.32651407e-01
  outer loop
   vertex 1.09416580e+00 3.99951172e+00 5.29548569e+01
   vertex 1.09484386e+00 3.99951172e+00 5.17832718e+01
   vertex 9.74022985e-01 3.55812073e+00 5.25169334e+01
  endloop
 endfacet
 facet normal -6.14527225e-01 7.52229810e-01 -2.37711161e-01
  outer loop
   vertex 9.74022985e-01 3.55812073e+00 5.25169334e+01
   vertex 1.09484386e+00 3.99951172e+00 5.17832718e+01
   vertex 9.11247492e-01 3.32685852e+00 5.20673866e+01
  endloop
 endfacet
 facet normal -4.70054865e-01 8.19079399e-01 3.28872830e-01
  outer loop
   vertex 1.09614599e+00 3.99951172e+00 4.95280914e+01
   vertex 9.72850561e-01 3.54832458e+00 4.99827843e+01
   vertex 1.09484386e+00 3.99951172e+00 5.17832718e+01
  endloop
 endfacet
 facet normal -5.99838853e-01 7.72660077e-01 2.07821339e-01
  outer loop
   vertex 9.72850561e-01 3.54832458e+00 4.99827843e+01
   vertex 8.89635801e-01 3.24444580e+00 5.05849113e+01
   vertex 1.09484386e+00 3.99951172e+00 5.17832718e+01
  endloop
 endfacet
 facet normal -5.89197397e-01 8.05028319e-01 6.91073164e-02
  outer loop
   vertex 8.89635801e-01 3.24444580e+00 5.05849113e+01
   vertex 8.61184835e-01 3.14149475e+00 5.12514801e+01
   vertex 1.09484386e+00 3.99951172e+00 5.17832718e+01
  endloop
 endfacet
 facet normal -6.06157303e-01 7.76874065e-01 -1.70411289e-01
  outer loop
   vertex 9.11247492e-01 3.32685852e+00 5.20673866e+01
   vertex 1.09484386e+00 3.99951172e+00 5.17832718e+01
   vertex 8.90295267e-01 3.24958801e+00 5.19172134e+01
  endloop
 endfacet
 facet normal -5.89327633e-01 8.04570973e-01 -7.32019469e-02
  outer loop
   vertex 1.09484386e+00 3.99951172e+00 5.17832718e+01
   vertex 8.61184835e-01 3.14149475e+00 5.12514801e+01
   vertex 8.90295267e-01 3.24958801e+00 5.19172134e+01
  endloop
 endfacet
 facet normal -2.37656698e-01 9.53053117e-01 1.87640667e-01
  outer loop
   vertex 3.19514370e+00 4.05052185e+00 5.17866020e+01
   vertex 3.19292855e+00 4.05046082e+00 4.94897652e+01
   vertex 1.09484386e+00 3.99951172e+00 5.17832718e+01
  endloop
 endfacet
 facet normal -2.32495114e-01 8.97608101e-01 3.74494016e-01
  outer loop
   vertex 3.19292855e+00 4.05046082e+00 4.94897652e+01
   vertex 2.08938527e+00 4.02365112e+00 4.95037231e+01
   vertex 1.09484386e+00 3.99951172e+00 5.17832718e+01
  endloop
 endfacet
 facet normal -2.73917466e-01 8.85458350e-01 3.75410050e-01
  outer loop
   vertex 1.09614599e+00 3.99951172e+00 4.95280914e+01
   vertex 1.09484386e+00 3.99951172e+00 5.17832718e+01
   vertex 2.08938527e+00 4.02365112e+00 4.95037231e+01
  endloop
 endfacet
 facet normal -3.14841777e-01 5.98780751e-01 7.36434817e-01
  outer loop
   vertex 1.09236050e+00 3.99951172e+00 5.60737343e+01
   vertex 1.09164941e+00 3.99951172e+00 5.73023567e+01
   vertex 3.19896507e+00 4.05059814e+00 5.60809937e+01
  endloop
 endfacet
 facet normal -1.93151131e-01 7.86275864e-01 5.86909592e-01
  outer loop
   vertex 3.19896507e+00 4.05059814e+00 5.60809937e+01
   vertex 1.09164941e+00 3.99951172e+00 5.73023567e+01
   vertex 3.20005774e+00 4.05062866e+00 5.73090172e+01
  endloop
 endfacet
 facet normal 2.32854143e-01 9.52305675e-01 1.97212636e-01
  outer loop
   vertex 6.38367176e+00 4.14186096e+00 5.17899399e+01
   vertex 4.83562851e+00 4.09750366e+00 5.44736099e+01
   vertex 6.38492775e+00 4.09852600e+00 5.73156815e+01
  endloop
 endfacet
 facet normal 5.05271614e-01 8.40188265e-01 1.96937233e-01
  outer loop
   vertex 4.83562851e+00 4.09750366e+00 5.44736099e+01
   vertex 4.83576965e+00 4.09338379e+00 5.49991531e+01
   vertex 6.38492775e+00 4.09852600e+00 5.73156815e+01
  endloop
 endfacet
 facet normal 3.57730836e-01 8.82581532e-01 3.05087745e-01
  outer loop
   vertex 4.83576965e+00 4.09338379e+00 5.49991531e+01
   vertex 4.83606148e+00 4.08485413e+00 5.60857925e+01
   vertex 6.38492775e+00 4.09852600e+00 5.73156815e+01
  endloop
 endfacet
 facet normal -2.32160352e-02 7.93598115e-01 6.07999206e-01
  outer loop
   vertex 3.20005774e+00 4.05062866e+00 5.73090172e+01
   vertex 6.38492775e+00 4.09852600e+00 5.73156815e+01
   vertex 3.90674472e+00 4.07087708e+00 5.60839119e+01
  endloop
 endfacet
 facet normal 9.61509794e-02 8.26114714e-01 5.55238247e-01
  outer loop
   vertex 4.83606148e+00 4.08485413e+00 5.60857925e+01
   vertex 3.90674472e+00 4.07087708e+00 5.60839119e+01
   vertex 6.38492775e+00 4.09852600e+00 5.73156815e+01
  endloop
 endfacet
 facet normal -1.83210913e-02 7.26175904e-01 6.87264800e-01
  outer loop
   vertex 3.19896507e+00 4.05059814e+00 5.60809937e+01
   vertex 3.20005774e+00 4.05062866e+00 5.73090172e+01
   vertex 3.90674472e+00 4.07087708e+00 5.60839119e+01
  endloop
 endfacet
 facet normal 1.53023049e-01 -2.78581977e-01 -9.48143482e-01
  outer loop
   vertex 5.05757408e+01 1.16451569e+01 5.32907052e-15
   vertex 4.87575722e+01 1.52068176e+01 5.24368286e-02
   vertex 5.34436722e+01 1.32220306e+01 6.21724894e-15
  endloop
 endfacet
 facet normal -1.43165752e-01 2.81969458e-01 -9.48681593e-01
  outer loop
   vertex 5.34436722e+01 1.32220306e+01 6.21724894e-15
   vertex 4.87575722e+01 1.52068176e+01 5.24368286e-02
   vertex 5.15166054e+01 1.67270508e+01 5.24749756e-02
  endloop
 endfacet
 facet normal 1.54190481e-01 -2.78528601e-01 -9.47969973e-01
  outer loop
   vertex 5.63116035e+01 1.47988892e+01 7.10542736e-15
   vertex 5.34436722e+01 1.32220306e+01 6.21724894e-15
   vertex 5.42787857e+01 1.82425995e+01 5.25245667e-02
  endloop
 endfacet
 facet normal -1.59994334e-01 2.72762984e-01 -9.48684454e-01
  outer loop
   vertex 5.42787857e+01 1.82425995e+01 5.25245667e-02
   vertex 5.34436722e+01 1.32220306e+01 6.21724894e-15
   vertex 5.15166054e+01 1.67270508e+01 5.24749756e-02
  endloop
 endfacet
 facet normal 2.24472452e-02 -3.16109538e-01 -9.48457122e-01
  outer loop
   vertex 6.55159473e+00 1.02783203e-01 0.00000000e+00
   vertex 6.38489056e+00 4.09852600e+00 5.48515320e-02
   vertex 9.82096958e+00 3.24371338e-01 0.00000000e+00
  endloop
 endfacet
 facet normal -1.37426816e-02 3.17385823e-01 -9.48196888e-01
  outer loop
   vertex 9.82096958e+00 3.24371338e-01 0.00000000e+00
   vertex 6.38489056e+00 4.09852600e+00 5.48515320e-02
   vertex 9.54644585e+00 4.31478882e+00 5.27915955e-02
  endloop
 endfacet
 facet normal 2.19115093e-02 -3.19154382e-01 -9.47449386e-01
  outer loop
   vertex 1.30903454e+01 5.45989990e-01 0.00000000e+00
   vertex 9.82096958e+00 3.24371338e-01 0.00000000e+00
   vertex 1.26842709e+01 4.52394104e+00 5.07240295e-02
  endloop
 endfacet
 facet normal -3.27111483e-02 3.14027041e-01 -9.48850334e-01
  outer loop
   vertex 1.26842709e+01 4.52394104e+00 5.07240295e-02
   vertex 9.82096958e+00 3.24371338e-01 0.00000000e+00
   vertex 9.54644585e+00 4.31478882e+00 5.27915955e-02
  endloop
 endfacet
 facet normal -9.20220613e-01 -3.91400129e-01 4.89048216e-05
  outer loop
   vertex 6.42347336e-03 2.84217094e-14 2.97069817e+01
   vertex 6.42347336e-03 2.84217094e-14 3.56483765e+01
   vertex 1.26615763e-01 4.40383911e-01 2.97069817e+01
  endloop
 endfacet
 facet normal -9.92224634e-01 -1.24459103e-01 4.95120941e-04
  outer loop
   vertex 1.26615763e-01 4.40383911e-01 2.97069817e+01
   vertex 6.42347336e-03 2.84217094e-14 3.56483765e+01
   vertex 1.26755714e-01 4.40902710e-01 3.02270813e+01
  endloop
 endfacet
 facet normal -9.30083215e-01 -3.56179506e-01 8.98965001e-02
  outer loop
   vertex 1.26755714e-01 4.40902710e-01 3.02270813e+01
   vertex 6.42347336e-03 2.84217094e-14 3.56483765e+01
   vertex 1.47085667e-01 5.15380859e-01 3.06858025e+01
  endloop
 endfacet
 facet normal -8.21279526e-01 -5.16867042e-01 2.41554156e-01
  outer loop
   vertex 1.47085667e-01 5.15380859e-01 3.06858025e+01
   vertex 6.42347336e-03 2.84217094e-14 3.56483765e+01
   vertex 3.43728781e-01 1.23587036e+00 3.20863342e+01
  endloop
 endfacet
 facet normal -8.27149749e-01 -4.21804577e-01 3.71354550e-01
  outer loop
   vertex 3.43728781e-01 1.23587036e+00 3.20863342e+01
   vertex 6.42347336e-03 2.84217094e-14 3.56483765e+01
   vertex 6.48887038e-01 2.35395813e+00 3.31956329e+01
  endloop
 endfacet
 facet normal -8.68117988e-01 2.22598061e-01 4.43645418e-01
  outer loop
   vertex 1.09801400e+00 3.99951172e+00 3.52260590e+01
   vertex 1.09801114e+00 3.99951172e+00 3.39420891e+01
   vertex 6.42347336e-03 2.84217094e-14 3.56483765e+01
  endloop
 endfacet
 facet normal -7.61221528e-01 -1.34230644e-01 6.34447753e-01
  outer loop
   vertex 1.09801114e+00 3.99951172e+00 3.39420891e+01
   vertex 1.03267276e+00 3.76011658e+00 3.39051437e+01
   vertex 6.42347336e-03 2.84217094e-14 3.56483765e+01
  endloop
 endfacet
 facet normal -8.36676359e-01 -2.94340491e-01 4.61883515e-01
  outer loop
   vertex 6.42347336e-03 2.84217094e-14 3.56483765e+01
   vertex 1.03267276e+00 3.76011658e+00 3.39051437e+01
   vertex 6.48887038e-01 2.35395813e+00 3.31956329e+01
  endloop
 endfacet
 facet normal -9.20221031e-01 -3.91399115e-01 4.85289784e-05
  outer loop
   vertex 6.42347336e-03 2.84217094e-14 2.97069817e+01
   vertex 1.26615763e-01 4.40383911e-01 2.97069817e+01
   vertex 6.42347336e-03 2.84217094e-14 2.37655907e+01
  endloop
 endfacet
 facet normal -9.92220879e-01 -1.24489874e-01 9.57294033e-05
  outer loop
   vertex 1.26615763e-01 4.40383911e-01 2.97069817e+01
   vertex 1.26460314e-01 4.39804077e-01 2.91304817e+01
   vertex 6.42347336e-03 2.84217094e-14 2.37655907e+01
  endloop
 endfacet
 facet normal -9.92227793e-01 -1.24434248e-01 -2.75186874e-04
  outer loop
   vertex 1.26460314e-01 4.39804077e-01 2.91304817e+01
   vertex 1.26160145e-01 4.38705444e-01 2.79931145e+01
   vertex 6.42347336e-03 2.84217094e-14 2.37655907e+01
  endloop
 endfacet
 facet normal -9.30041790e-01 -3.56832862e-01 -8.77071023e-02
  outer loop
   vertex 1.26160145e-01 4.38705444e-01 2.79931145e+01
   vertex 1.43800020e-01 5.03341675e-01 2.75745850e+01
   vertex 6.42347336e-03 2.84217094e-14 2.37655907e+01
  endloop
 endfacet
 facet normal -8.21207464e-01 -5.18651128e-01 -2.37948179e-01
  outer loop
   vertex 1.43800020e-01 5.03341675e-01 2.75745850e+01
   vertex 3.37484837e-01 1.21299744e+00 2.61684418e+01
   vertex 6.42347336e-03 2.84217094e-14 2.37655907e+01
  endloop
 endfacet
 facet normal -8.27032328e-01 -4.24519747e-01 -3.68511170e-01
  outer loop
   vertex 3.37484837e-01 1.21299744e+00 2.61684418e+01
   vertex 6.40290499e-01 2.32246399e+00 2.50503426e+01
   vertex 6.42347336e-03 2.84217094e-14 2.37655907e+01
  endloop
 endfacet
 facet normal -8.68874133e-01 2.19426244e-01 -4.43745285e-01
  outer loop
   vertex 1.09800148e+00 3.99951172e+00 2.41879082e+01
   vertex 6.42347336e-03 2.84217094e-14 2.37655907e+01
   vertex 1.09800148e+00 3.99951172e+00 2.42848969e+01
  endloop
 endfacet
 facet normal -7.61394501e-01 -1.38594687e-01 -6.33300781e-01
  outer loop
   vertex 1.09800148e+00 3.99951172e+00 2.42848969e+01
   vertex 6.42347336e-03 2.84217094e-14 2.37655907e+01
   vertex 1.02256215e+00 3.72309875e+00 2.43297882e+01
  endloop
 endfacet
 facet normal -8.36489677e-01 -2.97718138e-01 -4.60053205e-01
  outer loop
   vertex 6.40290499e-01 2.32246399e+00 2.50503426e+01
   vertex 1.02256215e+00 3.72309875e+00 2.43297882e+01
   vertex 6.42347336e-03 2.84217094e-14 2.37655907e+01
  endloop
 endfacet
 facet normal -9.80610609e-01 -1.95966423e-01 -8.28893235e-07
  outer loop
   vertex 6.42347336e-03 2.84217094e-14 1.78241920e+01
   vertex 6.42347336e-03 2.84217094e-14 2.37655907e+01
   vertex 1.09801412e+00 3.99951172e+00 1.86688309e+01
  endloop
 endfacet
 facet normal -9.03178275e-01 4.29265618e-01 -5.78067443e-07
  outer loop
   vertex 1.09801412e+00 3.99951172e+00 1.86688309e+01
   vertex 6.42347336e-03 2.84217094e-14 2.37655907e+01
   vertex 1.09800148e+00 3.99951172e+00 2.41879082e+01
  endloop
 endfacet
 facet normal -9.80610609e-01 -1.95966452e-01 -1.16872502e-06
  outer loop
   vertex 6.42347336e-03 2.84217094e-14 1.18827934e+01
   vertex 6.42347336e-03 2.84217094e-14 1.78241920e+01
   vertex 1.09802663e+00 3.99951172e+00 1.31497536e+01
  endloop
 endfacet
 facet normal -9.03177798e-01 4.29266632e-01 -1.30963349e-06
  outer loop
   vertex 1.09802663e+00 3.99951172e+00 1.31497536e+01
   vertex 6.42347336e-03 2.84217094e-14 1.78241920e+01
   vertex 1.09801412e+00 3.99951172e+00 1.86688309e+01
  endloop
 endfacet
 facet normal -9.20222461e-01 -3.91395688e-01 4.76591304e-05
  outer loop
   vertex 6.42347336e-03 2.84217094e-14 5.94139862e+00
   vertex 6.42347336e-03 2.84217094e-14 1.18827934e+01
   vertex 1.26239300e-01 4.38995361e-01 6.12681532e+00
  endloop
 endfacet
 facet normal -9.92224276e-01 -1.24462627e-01 9.58134260e-05
  outer loop
   vertex 1.26239300e-01 4.38995361e-01 6.12681532e+00
   vertex 6.42347336e-03 2.84217094e-14 1.18827934e+01
   vertex 1.26460314e-01 4.39804077e-01 6.96536779e+00
  endloop
 endfacet
 facet normal -9.92229462e-01 -1.24420546e-01 4.94775653e-04
  outer loop
   vertex 1.26460314e-01 4.39804077e-01 6.96536779e+00
   vertex 6.42347336e-03 2.84217094e-14 1.18827934e+01
   vertex 1.26755714e-01 4.40887451e-01 8.06185913e+00
  endloop
 endfacet
 facet normal -9.30097997e-01 -3.56140226e-01 8.98988098e-02
  outer loop
   vertex 1.26755714e-01 4.40887451e-01 8.06185913e+00
   vertex 6.42347336e-03 2.84217094e-14 1.18827934e+01
   vertex 1.47089005e-01 5.15380859e-01 8.52068806e+00
  endloop
 endfacet
 facet normal -8.21277738e-01 -5.16870022e-01 2.41553947e-01
  outer loop
   vertex 1.47089005e-01 5.15380859e-01 8.52068806e+00
   vertex 6.42347336e-03 2.84217094e-14 1.18827934e+01
   vertex 3.43735218e-01 1.23587036e+00 9.92121792e+00
  endloop
 endfacet
 facet normal -8.68118644e-01 2.22598225e-01 4.43644047e-01
  outer loop
   vertex 1.09802663e+00 3.99951172e+00 1.31497536e+01
   vertex 1.09802663e+00 3.99951172e+00 1.17769747e+01
   vertex 6.42347336e-03 2.84217094e-14 1.18827934e+01
  endloop
 endfacet
 facet normal -7.61228800e-01 -1.34233057e-01 6.34438515e-01
  outer loop
   vertex 1.09802663e+00 3.99951172e+00 1.17769747e+01
   vertex 1.03268969e+00 3.76011658e+00 1.17400274e+01
   vertex 6.42347336e-03 2.84217094e-14 1.18827934e+01
  endloop
 endfacet
 facet normal -8.36681962e-01 -2.94339031e-01 4.61874306e-01
  outer loop
   vertex 1.03268969e+00 3.76011658e+00 1.17400274e+01
   vertex 6.48897529e-01 2.35395813e+00 1.10305185e+01
   vertex 6.42347336e-03 2.84217094e-14 1.18827934e+01
  endloop
 endfacet
 facet normal -8.27151656e-01 -4.21801090e-01 3.71354222e-01
  outer loop
   vertex 6.42347336e-03 2.84217094e-14 1.18827934e+01
   vertex 6.48897529e-01 2.35395813e+00 1.10305185e+01
   vertex 3.43735218e-01 1.23587036e+00 9.92121792e+00
  endloop
 endfacet
 facet normal -9.92230713e-01 -1.24411292e-01 -2.74642749e-04
  outer loop
   vertex 1.26239300e-01 4.38995361e-01 6.12681532e+00
   vertex 1.26160145e-01 4.38705444e-01 5.82806206e+00
   vertex 6.42347336e-03 2.84217094e-14 5.94139862e+00
  endloop
 endfacet
 facet normal -9.06015933e-01 -3.66225839e-01 -2.12164477e-01
  outer loop
   vertex 6.42347336e-03 2.84217094e-14 5.94139862e+00
   vertex 1.26160145e-01 4.38705444e-01 5.82806206e+00
   vertex 6.42347336e-03 2.84217094e-14 0.00000000e+00
  endloop
 endfacet
 facet normal -8.98282826e-01 -3.23884487e-01 -2.96962619e-01
  outer loop
   vertex 1.26160145e-01 4.38705444e-01 5.82806206e+00
   vertex 1.43803835e-01 5.03341675e-01 5.40946770e+00
   vertex 6.42347336e-03 2.84217094e-14 0.00000000e+00
  endloop
 endfacet
 facet normal -7.67487943e-01 -4.77128476e-01 -4.28148031e-01
  outer loop
   vertex 1.43803835e-01 5.03341675e-01 5.40946770e+00
   vertex 3.37491989e-01 1.21299744e+00 4.00332546e+00
   vertex 6.42347336e-03 2.84217094e-14 0.00000000e+00
  endloop
 endfacet
 facet normal -7.50097275e-01 -3.71874571e-01 -5.46866834e-01
  outer loop
   vertex 3.37491989e-01 1.21299744e+00 4.00332546e+00
   vertex 6.40304685e-01 2.32246399e+00 2.88522577e+00
   vertex 6.42347336e-03 2.84217094e-14 0.00000000e+00
  endloop
 endfacet
 facet normal -5.82003176e-01 1.57348752e-01 -7.97818065e-01
  outer loop
   vertex 1.09802663e+00 3.99951172e+00 6.81571960e-02
   vertex 6.42347336e-03 2.84217094e-14 0.00000000e+00
   vertex 1.09802663e+00 3.99951172e+00 2.11978388e+00
  endloop
 endfacet
 facet normal -6.30432248e-01 -8.40130299e-02 -7.71684527e-01
  outer loop
   vertex 1.09802663e+00 3.99951172e+00 2.11978388e+00
   vertex 6.42347336e-03 2.84217094e-14 0.00000000e+00
   vertex 1.02258515e+00 3.72309875e+00 2.16467381e+00
  endloop
 endfacet
 facet normal -7.40040481e-01 -2.42593929e-01 -6.27286434e-01
  outer loop
   vertex 6.40304685e-01 2.32246399e+00 2.88522577e+00
   vertex 1.02258515e+00 3.72309875e+00 2.16467381e+00
   vertex 6.42347336e-03 2.84217094e-14 0.00000000e+00
  endloop
 endfacet
 facet normal 1.35411233e-01 -2.88213581e-01 -9.47943449e-01
  outer loop
   vertex 5.05757408e+01 1.16451569e+01 5.32907052e-15
   vertex 4.76114655e+01 1.02448883e+01 4.44089210e-15
   vertex 4.87575722e+01 1.52068176e+01 5.24368286e-02
  endloop
 endfacet
 facet normal -1.43574849e-01 2.81419635e-01 -9.48783040e-01
  outer loop
   vertex 4.87575722e+01 1.52068176e+01 5.24368286e-02
   vertex 4.76114655e+01 1.02448883e+01 4.44089210e-15
   vertex 4.59030876e+01 1.38615570e+01 5.24291992e-02
  endloop
 endfacet
 facet normal 1.36113986e-01 -2.88477451e-01 -9.47762489e-01
  outer loop
   vertex 4.46471901e+01 8.84465027e+00 4.44089210e-15
   vertex 4.30511818e+01 1.25112457e+01 5.24024963e-02
   vertex 4.76114655e+01 1.02448883e+01 4.44089210e-15
  endloop
 endfacet
 facet normal -1.26152560e-01 2.89634824e-01 -9.48787212e-01
  outer loop
   vertex 4.76114655e+01 1.02448883e+01 4.44089210e-15
   vertex 4.30511818e+01 1.25112457e+01 5.24024963e-02
   vertex 4.59030876e+01 1.38615570e+01 5.24291992e-02
  endloop
 endfacet
 facet normal 3.90679806e-01 3.26236635e-01 -8.60778093e-01
  outer loop
   vertex 1.11081642e+02 9.95585632e+01 4.44089210e-14
   vertex 1.10387939e+02 9.67291870e+01 4.26325641e-14
   vertex 1.07195999e+02 1.00508217e+02 6.52961731e-02
  endloop
 endfacet
 facet normal -2.16629729e-01 2.98504561e-01 -9.29498017e-01
  outer loop
   vertex 1.07195999e+02 1.00508217e+02 6.52961731e-02
   vertex 1.10387939e+02 9.67291870e+01 4.26325641e-14
   vertex 1.06503822e+02 9.76849670e+01 6.24694824e-02
  endloop
 endfacet
 facet normal 3.03071916e-01 -7.40866959e-02 -9.50083435e-01
  outer loop
   vertex 1.09694252e+02 9.38997955e+01 4.17443857e-14
   vertex 1.05820435e+02 9.48959198e+01 6.03218079e-02
   vertex 1.10387939e+02 9.67291870e+01 4.26325641e-14
  endloop
 endfacet
 facet normal -3.11189324e-01 8.08653235e-02 -9.46901262e-01
  outer loop
   vertex 1.10387939e+02 9.67291870e+01 4.26325641e-14
   vertex 1.05820435e+02 9.48959198e+01 6.03218079e-02
   vertex 1.06503822e+02 9.76849670e+01 6.24694824e-02
  endloop
 endfacet
 facet normal 2.95467854e-01 -1.09429255e-01 -9.49064791e-01
  outer loop
   vertex 1.01787376e+02 6.89330826e+01 3.10862447e-14
   vertex 9.80641327e+01 7.03937607e+01 5.76705933e-02
   vertex 1.02921059e+02 7.20065384e+01 3.19744231e-14
  endloop
 endfacet
 facet normal -2.97406405e-01 1.16691843e-01 -9.47592974e-01
  outer loop
   vertex 1.02921059e+02 7.20065384e+01 3.19744231e-14
   vertex 9.80641327e+01 7.03937607e+01 5.76705933e-02
   vertex 9.91688690e+01 7.33924103e+01 5.85479736e-02
  endloop
 endfacet
 facet normal 2.94152707e-01 -1.09357648e-01 -9.49481487e-01
  outer loop
   vertex 1.04054741e+02 7.50800095e+01 3.37507799e-14
   vertex 1.02921059e+02 7.20065384e+01 3.19744231e-14
   vertex 1.00279160e+02 7.63999710e+01 5.94291687e-02
  endloop
 endfacet
 facet normal -3.02069455e-01 1.05813496e-01 -9.47395146e-01
  outer loop
   vertex 1.00279160e+02 7.63999710e+01 5.94291687e-02
   vertex 1.02921059e+02 7.20065384e+01 3.19744231e-14
   vertex 9.91688690e+01 7.33924103e+01 5.85479736e-02
  endloop
 endfacet
 facet normal 2.97016144e-01 -9.89376605e-02 -9.49732959e-01
  outer loop
   vertex 1.04054741e+02 7.50800095e+01 3.37507799e-14
   vertex 1.00279160e+02 7.63999710e+01 5.94291687e-02
   vertex 1.05082443e+02 7.81888046e+01 3.46389584e-14
  endloop
 endfacet
 facet normal -3.02589655e-01 1.05831847e-01 -9.47227061e-01
  outer loop
   vertex 1.05082443e+02 7.81888046e+01 3.46389584e-14
   vertex 1.00279160e+02 7.63999710e+01 5.94291687e-02
   vertex 1.01285004e+02 7.94454651e+01 6.00585938e-02
  endloop
 endfacet
 facet normal 2.96654612e-01 -9.79469344e-02 -9.49948668e-01
  outer loop
   vertex 1.06110138e+02 8.12976074e+01 3.64153152e-14
   vertex 1.05082443e+02 7.81888046e+01 3.46389584e-14
   vertex 1.02294624e+02 8.24975586e+01 6.06956482e-02
  endloop
 endfacet
 facet normal -3.06133389e-01 9.65137631e-02 -9.47083652e-01
  outer loop
   vertex 1.02294624e+02 8.24975586e+01 6.06956482e-02
   vertex 1.05082443e+02 7.81888046e+01 3.46389584e-14
   vertex 1.01285004e+02 7.94454651e+01 6.00585938e-02
  endloop
 endfacet
 facet normal 7.95049146e-02 -2.32066400e-02 9.96564329e-01
  outer loop
   vertex 1.09694252e+02 9.38997955e+01 5.94139709e+01
   vertex 1.05820511e+02 9.48961945e+01 5.73086472e+01
   vertex 1.08839973e+02 9.07396164e+01 5.94139709e+01
  endloop
 endfacet
 facet normal -5.16212165e-01 1.34437665e-01 8.45843673e-01
  outer loop
   vertex 1.08839973e+02 9.07396164e+01 5.94139709e+01
   vertex 1.05820511e+02 9.48961945e+01 5.73086472e+01
   vertex 1.04978706e+02 9.17838364e+01 5.73088570e+01
  endloop
 endfacet
 facet normal 8.04396272e-02 -2.01903787e-02 9.96554971e-01
  outer loop
   vertex 1.07985695e+02 8.75794296e+01 5.94139709e+01
   vertex 1.08839973e+02 9.07396164e+01 5.94139709e+01
   vertex 1.04138451e+02 8.86735764e+01 5.73090553e+01
  endloop
 endfacet
 facet normal -5.13738990e-01 1.44079149e-01 8.45762014e-01
  outer loop
   vertex 1.04138451e+02 8.86735764e+01 5.73090553e+01
   vertex 1.08839973e+02 9.07396164e+01 5.94139709e+01
   vertex 1.04978706e+02 9.17838364e+01 5.73088570e+01
  endloop
 endfacet
 facet normal 7.20655248e-02 -5.19465134e-02 9.96046245e-01
  outer loop
   vertex 9.32124863e+01 5.12694397e+01 5.94139709e+01
   vertex 8.97890625e+01 5.33360901e+01 5.73183861e+01
   vertex 9.14332809e+01 4.85203552e+01 5.94139709e+01
  endloop
 endfacet
 facet normal -4.50611204e-01 2.77519822e-01 8.48488212e-01
  outer loop
   vertex 9.14332809e+01 4.85203552e+01 5.94139709e+01
   vertex 8.97890625e+01 5.33360901e+01 5.73183861e+01
   vertex 8.80753784e+01 5.06936340e+01 5.73184280e+01
  endloop
 endfacet
 facet normal 7.69521818e-02 -4.44722287e-02 9.96042430e-01
  outer loop
   vertex 8.96540756e+01 4.57712555e+01 5.94139709e+01
   vertex 9.14332809e+01 4.85203552e+01 5.94139709e+01
   vertex 8.63668747e+01 4.80483398e+01 5.73184547e+01
  endloop
 endfacet
 facet normal -4.37683940e-01 2.97456205e-01 8.48500192e-01
  outer loop
   vertex 8.63668747e+01 4.80483398e+01 5.73184547e+01
   vertex 9.14332809e+01 4.85203552e+01 5.94139709e+01
   vertex 8.80753784e+01 5.06936340e+01 5.73184280e+01
  endloop
 endfacet
 facet normal 7.92889297e-02 -2.61961073e-02 9.96507406e-01
  outer loop
   vertex 1.07985695e+02 8.75794296e+01 5.94139709e+01
   vertex 1.04138451e+02 8.86735764e+01 5.73090553e+01
   vertex 1.07047913e+02 8.44385223e+01 5.94139709e+01
  endloop
 endfacet
 facet normal -5.12102127e-01 1.48027509e-01 8.46072853e-01
  outer loop
   vertex 1.07047913e+02 8.44385223e+01 5.94139709e+01
   vertex 1.04138451e+02 8.86735764e+01 5.73090553e+01
   vertex 1.03215340e+02 8.55835876e+01 5.73094406e+01
  endloop
 endfacet
 facet normal 8.12056139e-02 -2.18242966e-02 9.96458411e-01
  outer loop
   vertex 1.06110138e+02 8.12976074e+01 5.94139709e+01
   vertex 1.07047913e+02 8.44385223e+01 5.94139709e+01
   vertex 1.02294624e+02 8.24975586e+01 5.73098335e+01
  endloop
 endfacet
 facet normal -5.08799016e-01 1.57719672e-01 8.46314371e-01
  outer loop
   vertex 1.02294624e+02 8.24975586e+01 5.73098335e+01
   vertex 1.07047913e+02 8.44385223e+01 5.94139709e+01
   vertex 1.03215340e+02 8.55835876e+01 5.73094406e+01
  endloop
 endfacet
 facet normal 7.87468180e-02 -2.80515235e-02 9.96499896e-01
  outer loop
   vertex 1.06110138e+02 8.12976074e+01 5.94139709e+01
   vertex 1.02294624e+02 8.24975586e+01 5.73098335e+01
   vertex 1.05082443e+02 7.81888046e+01 5.94139709e+01
  endloop
 endfacet
 facet normal -5.07554531e-01 1.62077457e-01 8.46238315e-01
  outer loop
   vertex 1.05082443e+02 7.81888046e+01 5.94139709e+01
   vertex 1.02294624e+02 8.24975586e+01 5.73098335e+01
   vertex 1.01285004e+02 7.94454651e+01 5.73104706e+01
  endloop
 endfacet
 facet normal 8.05589929e-02 -2.49550007e-02 9.96437430e-01
  outer loop
   vertex 1.04054741e+02 7.50800095e+01 5.94139709e+01
   vertex 1.05082443e+02 7.81888046e+01 5.94139709e+01
   vertex 1.00279160e+02 7.63999863e+01 5.73111038e+01
  endloop
 endfacet
 facet normal -5.03513396e-01 1.73393473e-01 8.46409440e-01
  outer loop
   vertex 1.00279160e+02 7.63999863e+01 5.73111038e+01
   vertex 1.05082443e+02 7.81888046e+01 5.94139709e+01
   vertex 1.01285004e+02 7.94454651e+01 5.73104706e+01
  endloop
 endfacet
 facet normal 8.23945478e-02 -8.55910778e-03 9.96563017e-01
  outer loop
   vertex 1.14922668e+02 1.19573051e+02 5.94139709e+01
   vertex 1.15349808e+02 1.22819946e+02 5.94139709e+01
   vertex 1.10966331e+02 1.20160583e+02 5.73068428e+01
  endloop
 endfacet
 facet normal -5.28496385e-01 7.60064423e-02 8.45526218e-01
  outer loop
   vertex 1.10966331e+02 1.20160583e+02 5.73068428e+01
   vertex 1.15349808e+02 1.22819946e+02 5.94139709e+01
   vertex 1.11385399e+02 1.23352348e+02 5.73029366e+01
  endloop
 endfacet
 facet normal 8.32251832e-02 3.07764977e-01 9.47815537e-01
  outer loop
   vertex 1.15349808e+02 1.22819946e+02 5.94139709e+01
   vertex 1.15776947e+02 1.26066841e+02 5.94139709e+01
   vertex 1.11385399e+02 1.23352348e+02 5.73029366e+01
  endloop
 endfacet
 facet normal -3.80184174e-01 6.91269398e-01 6.14497006e-01
  outer loop
   vertex 1.11385399e+02 1.23352348e+02 5.73029366e+01
   vertex 1.15776947e+02 1.26066841e+02 5.94139709e+01
   vertex 1.11811378e+02 1.26590584e+02 5.72992477e+01
  endloop
 endfacet
 facet normal 8.20447579e-02 -1.57943182e-02 9.96503472e-01
  outer loop
   vertex 1.14922668e+02 1.19573051e+02 5.94139709e+01
   vertex 1.10966331e+02 1.20160583e+02 5.73068428e+01
   vertex 1.14395973e+02 1.16339005e+02 5.94139709e+01
  endloop
 endfacet
 facet normal -5.26832938e-01 8.03132281e-02 8.46165955e-01
  outer loop
   vertex 1.14395973e+02 1.16339005e+02 5.94139709e+01
   vertex 1.10966331e+02 1.20160583e+02 5.73068428e+01
   vertex 1.10448357e+02 1.16984116e+02 5.73081512e+01
  endloop
 endfacet
 facet normal 8.30045342e-02 -1.11061540e-02 9.96487260e-01
  outer loop
   vertex 1.13869286e+02 1.13104958e+02 5.94139709e+01
   vertex 1.14395973e+02 1.16339005e+02 5.94139709e+01
   vertex 1.09930504e+02 1.13800964e+02 5.73092613e+01
  endloop
 endfacet
 facet normal -5.24748206e-01 9.07767490e-02 8.46403539e-01
  outer loop
   vertex 1.09930504e+02 1.13800964e+02 5.73092613e+01
   vertex 1.14395973e+02 1.16339005e+02 5.94139709e+01
   vertex 1.10448357e+02 1.16984116e+02 5.73081512e+01
  endloop
 endfacet
 facet normal 8.15660283e-02 -1.70729477e-02 9.96521711e-01
  outer loop
   vertex 1.13869286e+02 1.13104958e+02 5.94139709e+01
   vertex 1.09930504e+02 1.13800964e+02 5.73092613e+01
   vertex 1.13255875e+02 1.09886978e+02 5.94139709e+01
  endloop
 endfacet
 facet normal -5.24392486e-01 9.44316909e-02 8.46224070e-01
  outer loop
   vertex 1.13255875e+02 1.09886978e+02 5.94139709e+01
   vertex 1.09930504e+02 1.13800964e+02 5.73092613e+01
   vertex 1.09326607e+02 1.10635719e+02 5.73091469e+01
  endloop
 endfacet
 facet normal 8.19013491e-02 -1.38249649e-02 9.96544540e-01
  outer loop
   vertex 1.12642471e+02 1.06668983e+02 5.94139709e+01
   vertex 1.13255875e+02 1.09886978e+02 5.94139709e+01
   vertex 1.08723465e+02 1.07468849e+02 5.73090248e+01
  endloop
 endfacet
 facet normal -5.22734225e-01 1.04651928e-01 8.46047819e-01
  outer loop
   vertex 1.08723465e+02 1.07468849e+02 5.73090248e+01
   vertex 1.13255875e+02 1.09886978e+02 5.94139709e+01
   vertex 1.09326607e+02 1.10635719e+02 5.73091469e+01
  endloop
 endfacet
 facet normal 4.93484586e-01 7.78961122e-01 -3.86901170e-01
  outer loop
   vertex 1.15089684e+02 1.20761337e+02 4.75311737e+01
   vertex 1.15006172e+02 1.20167198e+02 4.62015877e+01
   vertex 1.11127541e+02 1.21310089e+02 4.62580643e+01
  endloop
 endfacet
 facet normal -1.27615973e-01 9.07042742e-01 -4.01232600e-01
  outer loop
   vertex 1.11127541e+02 1.21310089e+02 4.62580643e+01
   vertex 1.15006172e+02 1.20167198e+02 4.62015877e+01
   vertex 1.11050140e+02 1.20757965e+02 4.50197525e+01
  endloop
 endfacet
 facet normal 4.96309936e-01 7.80011594e-01 -3.81127745e-01
  outer loop
   vertex 1.15006172e+02 1.20167198e+02 4.62015877e+01
   vertex 1.14922668e+02 1.19573051e+02 4.48720016e+01
   vertex 1.11050140e+02 1.20757965e+02 4.50197525e+01
  endloop
 endfacet
 facet normal -1.20553359e-01 9.08626080e-01 -3.99831831e-01
  outer loop
   vertex 1.11050140e+02 1.20757965e+02 4.50197525e+01
   vertex 1.14922668e+02 1.19573051e+02 4.48720016e+01
   vertex 1.10972893e+02 1.20204659e+02 4.37838669e+01
  endloop
 endfacet
 facet normal 8.12143683e-02 -2.65176725e-02 9.96343851e-01
  outer loop
   vertex 1.01787376e+02 6.89330826e+01 5.94139709e+01
   vertex 1.02921059e+02 7.20065384e+01 5.94139709e+01
   vertex 9.80641327e+01 7.03937607e+01 5.73128624e+01
  endloop
 endfacet
 facet normal -4.96008962e-01 1.92049176e-01 8.46812963e-01
  outer loop
   vertex 9.80641327e+01 7.03937607e+01 5.73128624e+01
   vertex 1.02921059e+02 7.20065384e+01 5.94139709e+01
   vertex 9.91688690e+01 7.33924103e+01 5.73119850e+01
  endloop
 endfacet
 facet normal 7.85147175e-02 -3.19638439e-02 9.96400416e-01
  outer loop
   vertex 1.04054741e+02 7.50800095e+01 5.94139709e+01
   vertex 1.00279160e+02 7.63999863e+01 5.73111038e+01
   vertex 1.02921059e+02 7.20065384e+01 5.94139709e+01
  endloop
 endfacet
 facet normal -5.01318753e-01 1.78812549e-01 8.46584678e-01
  outer loop
   vertex 1.02921059e+02 7.20065384e+01 5.94139709e+01
   vertex 1.00279160e+02 7.63999863e+01 5.73111038e+01
   vertex 9.91688690e+01 7.33924103e+01 5.73119850e+01
  endloop
 endfacet
 facet normal 8.18621293e-02 -3.02839056e-02 9.96183455e-01
  outer loop
   vertex 9.92695007e+01 6.28824768e+01 5.94139709e+01
   vertex 1.00528427e+02 6.59077759e+01 5.94139709e+01
   vertex 9.56211624e+01 6.45203247e+01 5.73165245e+01
  endloop
 endfacet
 facet normal -4.85987395e-01 2.13836119e-01 8.47402096e-01
  outer loop
   vertex 9.56211624e+01 6.45203247e+01 5.73165245e+01
   vertex 1.00528427e+02 6.59077759e+01 5.94139709e+01
   vertex 9.68368835e+01 6.74478302e+01 5.73146858e+01
  endloop
 endfacet
 facet normal 7.73563161e-02 -3.57840732e-02 9.96361136e-01
  outer loop
   vertex 1.01787376e+02 6.89330826e+01 5.94139709e+01
   vertex 9.80641327e+01 7.03937607e+01 5.73128624e+01
   vertex 1.00528427e+02 6.59077759e+01 5.94139709e+01
  endloop
 endfacet
 facet normal -4.93759334e-01 1.97417006e-01 8.46893311e-01
  outer loop
   vertex 1.00528427e+02 6.59077759e+01 5.94139709e+01
   vertex 9.80641327e+01 7.03937607e+01 5.73128624e+01
   vertex 9.68368835e+01 6.74478302e+01 5.73146858e+01
  endloop
 endfacet
 facet normal 8.10303688e-02 -1.81977022e-02 9.96545494e-01
  outer loop
   vertex 1.09694252e+02 9.38997955e+01 5.94139709e+01
   vertex 1.10471443e+02 9.70824432e+01 5.94139709e+01
   vertex 1.05820511e+02 9.48961945e+01 5.73086472e+01
  endloop
 endfacet
 facet normal -5.16755879e-01 1.30269319e-01 8.46163869e-01
  outer loop
   vertex 1.05820511e+02 9.48961945e+01 5.73086472e+01
   vertex 1.10471443e+02 9.70824432e+01 5.94139709e+01
   vertex 1.06585609e+02 9.80311737e+01 5.73087349e+01
  endloop
 endfacet
 facet normal 8.04440156e-02 -2.15533618e-02 9.96526062e-01
  outer loop
   vertex 1.11248642e+02 1.00265114e+02 5.94139709e+01
   vertex 1.07351349e+02 1.01164955e+02 5.73088303e+01
   vertex 1.10471443e+02 9.70824432e+01 5.94139709e+01
  endloop
 endfacet
 facet normal -5.18691659e-01 1.21252395e-01 8.46319556e-01
  outer loop
   vertex 1.10471443e+02 9.70824432e+01 5.94139709e+01
   vertex 1.07351349e+02 1.01164955e+02 5.73088303e+01
   vertex 1.06585609e+02 9.80311737e+01 5.73087349e+01
  endloop
 endfacet
 facet normal 8.21098909e-02 -1.55019639e-02 9.96502697e-01
  outer loop
   vertex 1.11248642e+02 1.00265114e+02 5.94139709e+01
   vertex 1.11945564e+02 1.03467056e+02 5.94139709e+01
   vertex 1.07351349e+02 1.01164955e+02 5.73088303e+01
  endloop
 endfacet
 facet normal -5.19320130e-01 1.17943160e-01 8.46401811e-01
  outer loop
   vertex 1.07351349e+02 1.01164955e+02 5.73088303e+01
   vertex 1.11945564e+02 1.03467056e+02 5.94139709e+01
   vertex 1.08037056e+02 1.04317558e+02 5.73089294e+01
  endloop
 endfacet
 facet normal 8.11643377e-02 -1.97887663e-02 9.96504247e-01
  outer loop
   vertex 1.12642471e+02 1.06668983e+02 5.94139709e+01
   vertex 1.08723465e+02 1.07468849e+02 5.73090248e+01
   vertex 1.11945564e+02 1.03467056e+02 5.94139709e+01
  endloop
 endfacet
 facet normal -5.21502197e-01 1.08721815e-01 8.46294880e-01
  outer loop
   vertex 1.11945564e+02 1.03467056e+02 5.94139709e+01
   vertex 1.08723465e+02 1.07468849e+02 5.73090248e+01
   vertex 1.08037056e+02 1.04317558e+02 5.73089294e+01
  endloop
 endfacet
 facet normal 7.95367956e-02 -3.95650566e-02 9.96046424e-01
  outer loop
   vertex 9.32124863e+01 5.12694397e+01 5.94139709e+01
   vertex 9.48182678e+01 5.41277466e+01 5.94139709e+01
   vertex 8.97890625e+01 5.33360901e+01 5.73183861e+01
  endloop
 endfacet
 facet normal -4.55468744e-01 2.69492984e-01 8.48482013e-01
  outer loop
   vertex 8.97890625e+01 5.33360901e+01 5.73183861e+01
   vertex 9.48182678e+01 5.41277466e+01 5.94139709e+01
   vertex 9.13311005e+01 5.60869141e+01 5.73183441e+01
  endloop
 endfacet
 facet normal 7.51481876e-02 -4.72871102e-02 9.96050537e-01
  outer loop
   vertex 9.64240494e+01 5.69860382e+01 5.94139709e+01
   vertex 9.28784409e+01 5.88352356e+01 5.73183060e+01
   vertex 9.48182678e+01 5.41277466e+01 5.94139709e+01
  endloop
 endfacet
 facet normal -4.67065006e-01 2.48888880e-01 8.48471940e-01
  outer loop
   vertex 9.48182678e+01 5.41277466e+01 5.94139709e+01
   vertex 9.28784409e+01 5.88352356e+01 5.73183060e+01
   vertex 9.13311005e+01 5.60869141e+01 5.73183441e+01
  endloop
 endfacet
 facet normal 8.17892402e-02 -3.44843268e-02 9.96052861e-01
  outer loop
   vertex 9.64240494e+01 5.69860382e+01 5.94139709e+01
   vertex 9.78467789e+01 5.99342499e+01 5.94139709e+01
   vertex 9.28784409e+01 5.88352356e+01 5.73183060e+01
  endloop
 endfacet
 facet normal -4.71562386e-01 2.41541773e-01 8.48107576e-01
  outer loop
   vertex 9.28784409e+01 5.88352356e+01 5.73183060e+01
   vertex 9.78467789e+01 5.99342499e+01 5.94139709e+01
   vertex 9.42451935e+01 6.16742249e+01 5.73174210e+01
  endloop
 endfacet
 facet normal 7.67009035e-02 -4.20212559e-02 9.96168256e-01
  outer loop
   vertex 9.92695007e+01 6.28824768e+01 5.94139709e+01
   vertex 9.56211624e+01 6.45203247e+01 5.73165245e+01
   vertex 9.78467789e+01 5.99342499e+01 5.94139709e+01
  endloop
 endfacet
 facet normal -4.82383251e-01 2.21348405e-01 8.47532451e-01
  outer loop
   vertex 9.78467789e+01 5.99342499e+01 5.94139709e+01
   vertex 9.56211624e+01 6.45203247e+01 5.73165245e+01
   vertex 9.42451935e+01 6.16742249e+01 5.73174210e+01
  endloop
 endfacet
 facet normal 2.78178871e-01 -1.56448603e-01 -9.47702646e-01
  outer loop
   vertex 9.32124863e+01 5.12694397e+01 2.30926389e-14
   vertex 8.97890625e+01 5.33360901e+01 5.21354675e-02
   vertex 9.48182678e+01 5.41277466e+01 2.39808173e-14
  endloop
 endfacet
 facet normal -2.70374209e-01 1.63136557e-01 -9.48833108e-01
  outer loop
   vertex 9.48182678e+01 5.41277466e+01 2.39808173e-14
   vertex 8.97890625e+01 5.33360901e+01 5.21354675e-02
   vertex 9.13311005e+01 5.60869141e+01 5.21888733e-02
  endloop
 endfacet
 facet normal 2.77435660e-01 -1.56606525e-01 -9.47894454e-01
  outer loop
   vertex 9.64240494e+01 5.69860382e+01 2.57571742e-14
   vertex 9.48182678e+01 5.41277466e+01 2.39808173e-14
   vertex 9.28784409e+01 5.88352356e+01 5.22232056e-02
  endloop
 endfacet
 facet normal -2.79963285e-01 1.46126315e-01 -9.48824346e-01
  outer loop
   vertex 9.28784409e+01 5.88352356e+01 5.22232056e-02
   vertex 9.48182678e+01 5.41277466e+01 2.39808173e-14
   vertex 9.13311005e+01 5.60869141e+01 5.21888733e-02
  endloop
 endfacet
 facet normal 6.10997006e-02 -6.44733161e-02 9.96047199e-01
  outer loop
   vertex 8.15416565e+01 3.54942322e+01 5.94139709e+01
   vertex 7.85632629e+01 3.81625824e+01 5.73183784e+01
   vertex 7.92807159e+01 3.31240845e+01 5.94139709e+01
  endloop
 endfacet
 facet normal -3.91092688e-01 3.56597215e-01 8.48460317e-01
  outer loop
   vertex 7.92807159e+01 3.31240845e+01 5.94139709e+01
   vertex 7.85632629e+01 3.81625824e+01 5.73183784e+01
   vertex 7.63860168e+01 3.58844452e+01 5.73180122e+01
  endloop
 endfacet
 facet normal 6.61158115e-02 -5.81111088e-02 9.96118367e-01
  outer loop
   vertex 7.70197754e+01 3.07539825e+01 5.94139709e+01
   vertex 7.92807159e+01 3.31240845e+01 5.94139709e+01
   vertex 7.42097778e+01 3.35992584e+01 5.73176384e+01
  endloop
 endfacet
 facet normal -3.76092046e-01 3.73403668e-01 8.48012090e-01
  outer loop
   vertex 7.42097778e+01 3.35992584e+01 5.73176384e+01
   vertex 7.92807159e+01 3.31240845e+01 5.94139709e+01
   vertex 7.63860168e+01 3.58844452e+01 5.73180122e+01
  endloop
 endfacet
 facet normal 6.86771125e-02 -5.64137809e-02 9.96042669e-01
  outer loop
   vertex 8.96540756e+01 4.57712555e+01 5.94139709e+01
   vertex 8.63668747e+01 4.80483398e+01 5.73184547e+01
   vertex 8.77046509e+01 4.31377716e+01 5.94139709e+01
  endloop
 endfacet
 facet normal -4.32334661e-01 3.05193841e-01 8.48494828e-01
  outer loop
   vertex 8.77046509e+01 4.31377716e+01 5.94139709e+01
   vertex 8.63668747e+01 4.80483398e+01 5.73184547e+01
   vertex 8.44896622e+01 4.55173645e+01 5.73183556e+01
  endloop
 endfacet
 facet normal 7.38780573e-02 -4.91866283e-02 9.96053576e-01
  outer loop
   vertex 8.57552338e+01 4.05042725e+01 5.94139709e+01
   vertex 8.77046509e+01 4.31377716e+01 5.94139709e+01
   vertex 8.26164551e+01 4.29819641e+01 5.73182564e+01
  endloop
 endfacet
 facet normal -4.18297797e-01 3.24255288e-01 8.48460615e-01
  outer loop
   vertex 8.26164551e+01 4.29819641e+01 5.73182564e+01
   vertex 8.77046509e+01 4.31377716e+01 5.94139709e+01
   vertex 8.44896622e+01 4.55173645e+01 5.73183556e+01
  endloop
 endfacet
 facet normal 9.93885286e-03 -8.64078104e-02 9.96210277e-01
  outer loop
   vertex 6.55159473e+00 1.02783203e-01 5.94139709e+01
   vertex 9.82096958e+00 3.24371338e-01 5.94139709e+01
   vertex 6.38492775e+00 4.09852600e+00 5.73156815e+01
  endloop
 endfacet
 facet normal -2.65443455e-02 5.30187905e-01 8.47464561e-01
  outer loop
   vertex 6.38492775e+00 4.09852600e+00 5.73156815e+01
   vertex 9.82096958e+00 3.24371338e-01 5.94139709e+01
   vertex 9.54645252e+00 4.31478882e+00 5.73177376e+01
  endloop
 endfacet
 facet normal 1.13263924e-03 -8.96694586e-02 9.95970964e-01
  outer loop
   vertex 1.30903454e+01 5.45989990e-01 5.94139709e+01
   vertex 1.26842575e+01 4.52394104e+00 5.73198090e+01
   vertex 9.82096958e+00 3.24371338e-01 5.94139709e+01
  endloop
 endfacet
 facet normal -4.95902672e-02 5.27022123e-01 8.48403454e-01
  outer loop
   vertex 9.82096958e+00 3.24371338e-01 5.94139709e+01
   vertex 1.26842575e+01 4.52394104e+00 5.73198090e+01
   vertex 9.54645252e+00 4.31478882e+00 5.73177376e+01
  endloop
 endfacet
 facet normal 6.36055991e-02 -6.18538335e-02 9.96056437e-01
  outer loop
   vertex 7.22216949e+01 2.62899017e+01 5.94139709e+01
   vertex 7.46207352e+01 2.85219421e+01 5.94139709e+01
   vertex 6.95896759e+01 2.93004761e+01 5.73182220e+01
  endloop
 endfacet
 facet normal -3.51675093e-01 3.96292835e-01 8.48101795e-01
  outer loop
   vertex 6.95896759e+01 2.93004761e+01 5.73182220e+01
   vertex 7.46207352e+01 2.85219421e+01 5.94139709e+01
   vertex 7.18965912e+01 3.14507294e+01 5.73179283e+01
  endloop
 endfacet
 facet normal 5.63175343e-02 -6.77814260e-02 9.96109426e-01
  outer loop
   vertex 7.70197754e+01 3.07539825e+01 5.94139709e+01
   vertex 7.42097778e+01 3.35992584e+01 5.73176384e+01
   vertex 7.46207352e+01 2.85219421e+01 5.94139709e+01
  endloop
 endfacet
 facet normal -3.69515300e-01 3.80610138e-01 8.47699463e-01
  outer loop
   vertex 7.46207352e+01 2.85219421e+01 5.94139709e+01
   vertex 7.42097778e+01 3.35992584e+01 5.73176384e+01
   vertex 7.18965912e+01 3.14507294e+01 5.73179283e+01
  endloop
 endfacet
 facet normal 6.49947897e-02 -6.04380257e-02 9.96053696e-01
  outer loop
   vertex 8.57552338e+01 4.05042725e+01 5.94139709e+01
   vertex 8.26164551e+01 4.29819641e+01 5.73182564e+01
   vertex 8.36484451e+01 3.79992523e+01 5.94139709e+01
  endloop
 endfacet
 facet normal -4.12515610e-01 3.31584722e-01 8.48458886e-01
  outer loop
   vertex 8.36484451e+01 3.79992523e+01 5.94139709e+01
   vertex 8.26164551e+01 4.29819641e+01 5.73182564e+01
   vertex 8.05873795e+01 4.05738373e+01 5.73183212e+01
  endloop
 endfacet
 facet normal 7.07689971e-02 -5.36945350e-02 9.96046484e-01
  outer loop
   vertex 8.15416565e+01 3.54942322e+01 5.94139709e+01
   vertex 8.36484451e+01 3.79992523e+01 5.94139709e+01
   vertex 7.85632629e+01 3.81625824e+01 5.73183784e+01
  endloop
 endfacet
 facet normal -3.97285819e-01 3.49631578e-01 8.48482013e-01
  outer loop
   vertex 7.85632629e+01 3.81625824e+01 5.73183784e+01
   vertex 8.36484451e+01 3.79992523e+01 5.94139709e+01
   vertex 8.05873795e+01 4.05738373e+01 5.73183212e+01
  endloop
 endfacet
 facet normal 2.91036308e-01 -1.21577390e-01 -9.48955655e-01
  outer loop
   vertex 1.01787376e+02 6.89330826e+01 3.10862447e-14
   vertex 1.00528427e+02 6.59077759e+01 2.93098879e-14
   vertex 9.80641327e+01 7.03937607e+01 5.76705933e-02
  endloop
 endfacet
 facet normal -2.96930552e-01 1.16832040e-01 -9.47724938e-01
  outer loop
   vertex 9.80641327e+01 7.03937607e+01 5.76705933e-02
   vertex 1.00528427e+02 6.59077759e+01 2.93098879e-14
   vertex 9.68368835e+01 6.74478302e+01 5.58395386e-02
  endloop
 endfacet
 facet normal 2.92651176e-01 -1.21740453e-01 -9.48437929e-01
  outer loop
   vertex 9.92695007e+01 6.28824768e+01 2.84217094e-14
   vertex 9.56211624e+01 6.45203247e+01 5.40046692e-02
   vertex 1.00528427e+02 6.59077759e+01 2.93098879e-14
  endloop
 endfacet
 facet normal -2.89943755e-01 1.30178079e-01 -9.48148847e-01
  outer loop
   vertex 1.00528427e+02 6.59077759e+01 2.93098879e-14
   vertex 9.56211624e+01 6.45203247e+01 5.40046692e-02
   vertex 9.68368835e+01 6.74478302e+01 5.58395386e-02
  endloop
 endfacet
 facet normal 2.99802452e-01 -8.94092917e-02 -9.49802339e-01
  outer loop
   vertex 1.06110138e+02 8.12976074e+01 3.64153152e-14
   vertex 1.02294624e+02 8.24975586e+01 6.06956482e-02
   vertex 1.07047913e+02 8.44385223e+01 3.73034936e-14
  endloop
 endfacet
 facet normal -3.05969775e-01 9.59242880e-02 -9.47196424e-01
  outer loop
   vertex 1.07047913e+02 8.44385223e+01 3.73034936e-14
   vertex 1.02294624e+02 8.24975586e+01 6.06956482e-02
   vertex 1.03215340e+02 8.55835876e+01 6.10885620e-02
  endloop
 endfacet
 facet normal 2.99358904e-01 -8.94952416e-02 -9.49934125e-01
  outer loop
   vertex 1.07985695e+02 8.75794296e+01 3.90798505e-14
   vertex 1.07047913e+02 8.44385223e+01 3.73034936e-14
   vertex 1.04138451e+02 8.86735764e+01 6.14700317e-02
  endloop
 endfacet
 facet normal -3.08576643e-01 8.81383792e-02 -9.47107196e-01
  outer loop
   vertex 1.04138451e+02 8.86735764e+01 6.14700317e-02
   vertex 1.07047913e+02 8.44385223e+01 3.73034936e-14
   vertex 1.03215340e+02 8.55835876e+01 6.10885620e-02
  endloop
 endfacet
 facet normal 2.17189983e-01 -2.33656377e-01 -9.47751641e-01
  outer loop
   vertex 7.22216949e+01 2.62899017e+01 1.15463195e-14
   vertex 6.95896759e+01 2.93004761e+01 5.23109436e-02
   vertex 7.46207352e+01 2.85219421e+01 1.24344979e-14
  endloop
 endfacet
 facet normal -2.07957238e-01 2.37804383e-01 -9.48790193e-01
  outer loop
   vertex 7.46207352e+01 2.85219421e+01 1.24344979e-14
   vertex 6.95896759e+01 2.93004761e+01 5.23109436e-02
   vertex 7.18965912e+01 3.14507294e+01 5.26046753e-02
  endloop
 endfacet
 facet normal 2.17416629e-01 -2.32642055e-01 -9.47949171e-01
  outer loop
   vertex 7.70197754e+01 3.07539825e+01 1.42108547e-14
   vertex 7.46207352e+01 2.85219421e+01 1.24344979e-14
   vertex 7.42097778e+01 3.35992584e+01 5.28945923e-02
  endloop
 endfacet
 facet normal -2.21964195e-01 2.25765213e-01 -9.48557854e-01
  outer loop
   vertex 7.42097778e+01 3.35992584e+01 5.28945923e-02
   vertex 7.46207352e+01 2.85219421e+01 1.24344979e-14
   vertex 7.18965912e+01 3.14507294e+01 5.26046753e-02
  endloop
 endfacet
 facet normal 5.96907735e-02 -6.57144189e-02 9.96051490e-01
  outer loop
   vertex 6.71602707e+01 2.21341095e+01 5.94139709e+01
   vertex 6.96909866e+01 2.42120056e+01 5.94139709e+01
   vertex 6.47200165e+01 2.53021088e+01 5.73182945e+01
  endloop
 endfacet
 facet normal -3.26655269e-01 4.16424215e-01 8.48461688e-01
  outer loop
   vertex 6.47200165e+01 2.53021088e+01 5.73182945e+01
   vertex 6.96909866e+01 2.42120056e+01 5.94139709e+01
   vertex 6.71528473e+01 2.73033600e+01 5.73182564e+01
  endloop
 endfacet
 facet normal 5.28306216e-02 -7.12892711e-02 9.96055603e-01
  outer loop
   vertex 7.22216949e+01 2.62899017e+01 5.94139709e+01
   vertex 6.95896759e+01 2.93004761e+01 5.73182220e+01
   vertex 6.96909866e+01 2.42120056e+01 5.94139709e+01
  endloop
 endfacet
 facet normal -3.44844013e-01 4.01516944e-01 8.48449588e-01
  outer loop
   vertex 6.96909866e+01 2.42120056e+01 5.94139709e+01
   vertex 6.95896759e+01 2.93004761e+01 5.73182220e+01
   vertex 6.71528473e+01 2.73033600e+01 5.73182564e+01
  endloop
 endfacet
 facet normal 2.67891586e-01 -1.73562855e-01 -9.47686672e-01
  outer loop
   vertex 8.96540756e+01 4.57712555e+01 2.04281037e-14
   vertex 8.63668747e+01 4.80483398e+01 5.20744324e-02
   vertex 9.14332809e+01 4.85203552e+01 2.13162821e-14
  endloop
 endfacet
 facet normal -2.59592414e-01 1.79725170e-01 -9.48846996e-01
  outer loop
   vertex 9.14332809e+01 4.85203552e+01 2.13162821e-14
   vertex 8.63668747e+01 4.80483398e+01 5.20744324e-02
   vertex 8.80753784e+01 5.06936340e+01 5.20973206e-02
  endloop
 endfacet
 facet normal 2.68025607e-01 -1.73287630e-01 -9.47699130e-01
  outer loop
   vertex 9.32124863e+01 5.12694397e+01 2.30926389e-14
   vertex 9.14332809e+01 4.85203552e+01 2.13162821e-14
   vertex 8.97890625e+01 5.33360901e+01 5.21354675e-02
  endloop
 endfacet
 facet normal -2.70282090e-01 1.63260266e-01 -9.48838055e-01
  outer loop
   vertex 8.97890625e+01 5.33360901e+01 5.21354675e-02
   vertex 9.14332809e+01 4.85203552e+01 2.13162821e-14
   vertex 8.80753784e+01 5.06936340e+01 5.20973206e-02
  endloop
 endfacet
 facet normal 5.53844050e-02 -6.92357570e-02 9.96061742e-01
  outer loop
   vertex 6.18483391e+01 1.82995148e+01 5.94139709e+01
   vertex 6.45043030e+01 2.02168121e+01 5.94139709e+01
   vertex 5.96084671e+01 2.16122589e+01 5.73181038e+01
  endloop
 endfacet
 facet normal -3.00302595e-01 4.35879529e-01 8.48426402e-01
  outer loop
   vertex 5.96084671e+01 2.16122589e+01 5.73181038e+01
   vertex 6.45043030e+01 2.02168121e+01 5.94139709e+01
   vertex 6.21630135e+01 2.34598236e+01 5.73181992e+01
  endloop
 endfacet
 facet normal 4.82959747e-02 -7.44891092e-02 9.96051669e-01
  outer loop
   vertex 6.71602707e+01 2.21341095e+01 5.94139709e+01
   vertex 6.47200165e+01 2.53021088e+01 5.73182945e+01
   vertex 6.45043030e+01 2.02168121e+01 5.94139709e+01
  endloop
 endfacet
 facet normal -3.19279939e-01 4.22113806e-01 8.48457575e-01
  outer loop
   vertex 6.45043030e+01 2.02168121e+01 5.94139709e+01
   vertex 6.47200165e+01 2.53021088e+01 5.73182945e+01
   vertex 6.21630135e+01 2.34598236e+01 5.73181992e+01
  endloop
 endfacet
 facet normal 4.17997837e-02 -7.82029778e-02 9.96060789e-01
  outer loop
   vertex 4.46471901e+01 8.84465027e+00 5.94139709e+01
   vertex 4.76114655e+01 1.02448883e+01 5.94139709e+01
   vertex 4.30511932e+01 1.25112457e+01 5.73181267e+01
  endloop
 endfacet
 facet normal -2.15473399e-01 4.83475298e-01 8.48423719e-01
  outer loop
   vertex 4.30511932e+01 1.25112457e+01 5.73181267e+01
   vertex 4.76114655e+01 1.02448883e+01 5.94139709e+01
   vertex 4.59030876e+01 1.38615570e+01 5.73181038e+01
  endloop
 endfacet
 facet normal 3.43294702e-02 -8.13432783e-02 9.96094763e-01
  outer loop
   vertex 5.05757408e+01 1.16451569e+01 5.94139709e+01
   vertex 4.87575684e+01 1.52068176e+01 5.73180923e+01
   vertex 4.76114655e+01 1.02448883e+01 5.94139709e+01
  endloop
 endfacet
 facet normal -2.36179262e-01 4.74311113e-01 8.48085105e-01
  outer loop
   vertex 4.76114655e+01 1.02448883e+01 5.94139709e+01
   vertex 4.87575684e+01 1.52068176e+01 5.73180923e+01
   vertex 4.59030876e+01 1.38615570e+01 5.73181038e+01
  endloop
 endfacet
 facet normal 3.01459372e-01 -8.11725929e-02 -9.50017512e-01
  outer loop
   vertex 1.09694252e+02 9.38997955e+01 4.17443857e-14
   vertex 1.08839973e+02 9.07396164e+01 3.99680289e-14
   vertex 1.05820435e+02 9.48959198e+01 6.03218079e-02
  endloop
 endfacet
 facet normal -3.11023563e-01 8.05135816e-02 -9.46985662e-01
  outer loop
   vertex 1.05820435e+02 9.48959198e+01 6.03218079e-02
   vertex 1.08839973e+02 9.07396164e+01 3.99680289e-14
   vertex 1.04978485e+02 9.17829971e+01 6.12297058e-02
  endloop
 endfacet
 facet normal 3.01468849e-01 -8.11919644e-02 -9.50012863e-01
  outer loop
   vertex 1.07985695e+02 8.75794296e+01 3.90798505e-14
   vertex 1.04138451e+02 8.86735764e+01 6.14700317e-02
   vertex 1.08839973e+02 9.07396164e+01 3.99680289e-14
  endloop
 endfacet
 facet normal -3.08951676e-01 8.80804285e-02 -9.46990311e-01
  outer loop
   vertex 1.08839973e+02 9.07396164e+01 3.99680289e-14
   vertex 1.04138451e+02 8.86735764e+01 6.14700317e-02
   vertex 1.04978485e+02 9.17829971e+01 6.12297058e-02
  endloop
 endfacet
 facet normal 2.84944832e-01 -1.37135550e-01 -9.48683441e-01
  outer loop
   vertex 9.92695007e+01 6.28824768e+01 2.84217094e-14
   vertex 9.78467789e+01 5.99342499e+01 2.66453526e-14
   vertex 9.56211624e+01 6.45203247e+01 5.40046692e-02
  endloop
 endfacet
 facet normal -2.89961606e-01 1.30565599e-01 -9.48090136e-01
  outer loop
   vertex 9.56211624e+01 6.45203247e+01 5.40046692e-02
   vertex 9.78467789e+01 5.99342499e+01 2.66453526e-14
   vertex 9.42451935e+01 6.16742249e+01 5.31082153e-02
  endloop
 endfacet
 facet normal 2.85469145e-01 -1.38724983e-01 -9.48294640e-01
  outer loop
   vertex 9.64240494e+01 5.69860382e+01 2.57571742e-14
   vertex 9.28784409e+01 5.88352356e+01 5.22232056e-02
   vertex 9.78467789e+01 5.99342499e+01 2.66453526e-14
  endloop
 endfacet
 facet normal -2.80701846e-01 1.47122666e-01 -9.48452115e-01
  outer loop
   vertex 9.78467789e+01 5.99342499e+01 2.66453526e-14
   vertex 9.28784409e+01 5.88352356e+01 5.22232056e-02
   vertex 9.42451935e+01 6.16742249e+01 5.31082153e-02
  endloop
 endfacet
 facet normal 2.87567377e-02 -8.38799551e-02 9.96060848e-01
  outer loop
   vertex 4.46471901e+01 8.84465027e+00 5.94139709e+01
   vertex 4.30511932e+01 1.25112457e+01 5.73181267e+01
   vertex 4.16058350e+01 7.63069153e+00 5.94139709e+01
  endloop
 endfacet
 facet normal -2.07003996e-01 4.87155527e-01 8.48427296e-01
  outer loop
   vertex 4.16058350e+01 7.63069153e+00 5.94139709e+01
   vertex 4.30511932e+01 1.25112457e+01 5.73181267e+01
   vertex 4.01230850e+01 1.13455505e+01 5.73181610e+01
  endloop
 endfacet
 facet normal 3.69354263e-02 -8.06507543e-02 9.96057868e-01
  outer loop
   vertex 3.85644836e+01 6.41670227e+00 5.94139709e+01
   vertex 4.16058350e+01 7.63069153e+00 5.94139709e+01
   vertex 3.71974068e+01 1.01746674e+01 5.73181839e+01
  endloop
 endfacet
 facet normal -1.85293645e-01 4.95805532e-01 8.48435700e-01
  outer loop
   vertex 3.71974068e+01 1.01746674e+01 5.73181839e+01
   vertex 4.16058350e+01 7.63069153e+00 5.94139709e+01
   vertex 4.01230850e+01 1.13455505e+01 5.73181610e+01
  endloop
 endfacet
 facet normal 2.31013328e-01 -2.20150739e-01 -9.47716475e-01
  outer loop
   vertex 8.15416565e+01 3.54942322e+01 1.59872116e-14
   vertex 7.92807159e+01 3.31240845e+01 1.50990331e-14
   vertex 7.85632706e+01 3.81625824e+01 5.21507263e-02
  endloop
 endfacet
 facet normal -2.35971361e-01 2.10638776e-01 -9.48656321e-01
  outer loop
   vertex 7.85632706e+01 3.81625824e+01 5.21507263e-02
   vertex 7.92807159e+01 3.31240845e+01 1.50990331e-14
   vertex 7.63860245e+01 3.58844452e+01 5.25207520e-02
  endloop
 endfacet
 facet normal 2.30789497e-01 -2.19444007e-01 -9.47934866e-01
  outer loop
   vertex 7.70197754e+01 3.07539825e+01 1.42108547e-14
   vertex 7.42097778e+01 3.35992584e+01 5.28945923e-02
   vertex 7.92807159e+01 3.31240845e+01 1.50990331e-14
  endloop
 endfacet
 facet normal -2.22868517e-01 2.25481153e-01 -9.48413372e-01
  outer loop
   vertex 7.92807159e+01 3.31240845e+01 1.50990331e-14
   vertex 7.42097778e+01 3.35992584e+01 5.28945923e-02
   vertex 7.63860245e+01 3.58844452e+01 5.25207520e-02
  endloop
 endfacet
 facet normal 1.86976567e-01 -2.58154511e-01 -9.47837532e-01
  outer loop
   vertex 6.18483391e+01 1.82995148e+01 7.99360578e-15
   vertex 5.96084671e+01 2.16122437e+01 5.24215698e-02
   vertex 6.45043030e+01 2.02168121e+01 8.88178420e-15
  endloop
 endfacet
 facet normal -1.77561685e-01 2.62424320e-01 -9.48475242e-01
  outer loop
   vertex 6.45043030e+01 2.02168121e+01 8.88178420e-15
   vertex 5.96084671e+01 2.16122437e+01 5.24215698e-02
   vertex 6.21630020e+01 2.34598236e+01 5.23300171e-02
  endloop
 endfacet
 facet normal 1.86881259e-01 -2.58630723e-01 -9.47726488e-01
  outer loop
   vertex 6.71602707e+01 2.21341095e+01 9.76996262e-15
   vertex 6.45043030e+01 2.02168121e+01 8.88178420e-15
   vertex 6.47200241e+01 2.53021088e+01 5.22346497e-02
  endloop
 endfacet
 facet normal -1.93476617e-01 2.50263929e-01 -9.48648930e-01
  outer loop
   vertex 6.47200241e+01 2.53021088e+01 5.22346497e-02
   vertex 6.45043030e+01 2.02168121e+01 8.88178420e-15
   vertex 6.21630020e+01 2.34598236e+01 5.23300171e-02
  endloop
 endfacet
 facet normal 2.02576607e-01 -2.46483892e-01 -9.47738588e-01
  outer loop
   vertex 7.22216949e+01 2.62899017e+01 1.15463195e-14
   vertex 6.96909866e+01 2.42120056e+01 1.06581410e-14
   vertex 6.95896759e+01 2.93004761e+01 5.23109436e-02
  endloop
 endfacet
 facet normal -2.07824543e-01 2.37851337e-01 -9.48807538e-01
  outer loop
   vertex 6.95896759e+01 2.93004761e+01 5.23109436e-02
   vertex 6.96909866e+01 2.42120056e+01 1.06581410e-14
   vertex 6.71528549e+01 2.73033905e+01 5.22727966e-02
  endloop
 endfacet
 facet normal 2.02371016e-01 -2.46708021e-01 -9.47724164e-01
  outer loop
   vertex 6.71602707e+01 2.21341095e+01 9.76996262e-15
   vertex 6.47200241e+01 2.53021088e+01 5.22346497e-02
   vertex 6.96909866e+01 2.42120056e+01 1.06581410e-14
  endloop
 endfacet
 facet normal -1.92789063e-01 2.50155628e-01 -9.48817432e-01
  outer loop
   vertex 6.96909866e+01 2.42120056e+01 1.06581410e-14
   vertex 6.47200241e+01 2.53021088e+01 5.22346497e-02
   vertex 6.71528549e+01 2.73033905e+01 5.22727966e-02
  endloop
 endfacet
 facet normal 6.20822646e-02 -3.11885506e-01 -9.48089242e-01
  outer loop
   vertex 1.95777073e+01 1.43238831e+00 8.88178420e-16
   vertex 1.89168339e+01 5.37632751e+00 5.26847839e-02
   vertex 2.27924862e+01 2.07147217e+00 8.88178420e-16
  endloop
 endfacet
 facet normal -5.29665500e-02 3.12098265e-01 -9.48572218e-01
  outer loop
   vertex 2.27924862e+01 2.07147217e+00 8.88178420e-16
   vertex 1.89168339e+01 5.37632751e+00 5.26847839e-02
   vertex 2.20127811e+01 5.99458313e+00 5.27915955e-02
  endloop
 endfacet
 facet normal 6.19283132e-02 -3.11814487e-01 -9.48122680e-01
  outer loop
   vertex 2.60072632e+01 2.71057129e+00 8.88178420e-16
   vertex 2.27924862e+01 2.07147217e+00 8.88178420e-16
   vertex 2.51108799e+01 6.60775757e+00 5.28831482e-02
  endloop
 endfacet
 facet normal -7.03034475e-02 3.08723688e-01 -9.48549986e-01
  outer loop
   vertex 2.51108799e+01 6.60775757e+00 5.28831482e-02
   vertex 2.27924862e+01 2.07147217e+00 8.88178420e-16
   vertex 2.20127811e+01 5.99458313e+00 5.27915955e-02
  endloop
 endfacet
 facet normal 1.70309618e-01 -2.69620091e-01 -9.47786689e-01
  outer loop
   vertex 5.63116035e+01 1.47988892e+01 7.10542736e-15
   vertex 5.42787857e+01 1.82425995e+01 5.25245667e-02
   vertex 5.90799713e+01 1.65492096e+01 7.10542736e-15
  endloop
 endfacet
 facet normal -1.60687715e-01 2.72060156e-01 -9.48769093e-01
  outer loop
   vertex 5.90799713e+01 1.65492096e+01 7.10542736e-15
   vertex 5.42787857e+01 1.82425995e+01 5.25245667e-02
   vertex 5.69423676e+01 1.99299622e+01 5.24749756e-02
  endloop
 endfacet
 facet normal 1.70952782e-01 -2.68973142e-01 -9.47854757e-01
  outer loop
   vertex 6.18483391e+01 1.82995148e+01 7.99360578e-15
   vertex 5.90799713e+01 1.65492096e+01 7.10542736e-15
   vertex 5.96084671e+01 2.16122437e+01 5.24215698e-02
  endloop
 endfacet
 facet normal -1.76645949e-01 2.62515128e-01 -9.48621094e-01
  outer loop
   vertex 5.96084671e+01 2.16122437e+01 5.24215698e-02
   vertex 5.90799713e+01 1.65492096e+01 7.10542736e-15
   vertex 5.69423676e+01 1.99299622e+01 5.24749756e-02
  endloop
 endfacet
 facet normal 2.56640404e-01 -1.89788148e-01 -9.47689891e-01
  outer loop
   vertex 8.96540756e+01 4.57712555e+01 2.04281037e-14
   vertex 8.77046509e+01 4.31377716e+01 1.95399252e-14
   vertex 8.63668747e+01 4.80483398e+01 5.20744324e-02
  endloop
 endfacet
 facet normal -2.60288924e-01 1.79621831e-01 -9.48675752e-01
  outer loop
   vertex 8.63668747e+01 4.80483398e+01 5.20744324e-02
   vertex 8.77046509e+01 4.31377716e+01 1.95399252e-14
   vertex 8.44896622e+01 4.55173645e+01 5.21774292e-02
  endloop
 endfacet
 facet normal 2.56582797e-01 -1.89295515e-01 -9.47804034e-01
  outer loop
   vertex 8.57552338e+01 4.05042725e+01 1.77635684e-14
   vertex 8.26164551e+01 4.29819641e+01 5.22766113e-02
   vertex 8.77046509e+01 4.31377716e+01 1.95399252e-14
  endloop
 endfacet
 facet normal -2.48705640e-01 1.96203083e-01 -9.48498726e-01
  outer loop
   vertex 8.77046509e+01 4.31377716e+01 1.95399252e-14
   vertex 8.26164551e+01 4.29819641e+01 5.22766113e-02
   vertex 8.44896622e+01 4.55173645e+01 5.21774292e-02
  endloop
 endfacet
 facet normal 2.44487599e-01 -2.04619393e-01 -9.47816789e-01
  outer loop
   vertex 8.57552338e+01 4.05042725e+01 1.77635684e-14
   vertex 8.36484451e+01 3.79992523e+01 1.68753900e-14
   vertex 8.26164551e+01 4.29819641e+01 5.22766113e-02
  endloop
 endfacet
 facet normal -2.47836724e-01 1.96560413e-01 -9.48652208e-01
  outer loop
   vertex 8.26164551e+01 4.29819641e+01 5.22766113e-02
   vertex 8.36484451e+01 3.79992523e+01 1.68753900e-14
   vertex 8.05873795e+01 4.05738373e+01 5.22117615e-02
  endloop
 endfacet
 facet normal 2.44148776e-01 -2.05542535e-01 -9.47704434e-01
  outer loop
   vertex 8.15416565e+01 3.54942322e+01 1.59872116e-14
   vertex 7.85632706e+01 3.81625824e+01 5.21507263e-02
   vertex 8.36484451e+01 3.79992523e+01 1.68753900e-14
  endloop
 endfacet
 facet normal -2.35250890e-01 2.10649863e-01 -9.48832810e-01
  outer loop
   vertex 8.36484451e+01 3.79992523e+01 1.68753900e-14
   vertex 7.85632706e+01 3.81625824e+01 5.21507263e-02
   vertex 8.05873795e+01 4.05738373e+01 5.22117615e-02
  endloop
 endfacet
 facet normal 4.36125286e-02 -7.71889985e-02 9.96062160e-01
  outer loop
   vertex 6.18483391e+01 1.82995148e+01 5.94139709e+01
   vertex 5.96084671e+01 2.16122589e+01 5.73181038e+01
   vertex 5.90799713e+01 1.65492096e+01 5.94139709e+01
  endloop
 endfacet
 facet normal -2.92662501e-01 4.41065669e-01 8.48416030e-01
  outer loop
   vertex 5.90799713e+01 1.65492096e+01 5.94139709e+01
   vertex 5.96084671e+01 2.16122589e+01 5.73181038e+01
   vertex 5.69423599e+01 1.99299622e+01 5.73180542e+01
  endloop
 endfacet
 facet normal 5.09779938e-02 -7.24656731e-02 9.96067226e-01
  outer loop
   vertex 5.63116035e+01 1.47988892e+01 5.94139709e+01
   vertex 5.90799713e+01 1.65492096e+01 5.94139709e+01
   vertex 5.42787857e+01 1.82425995e+01 5.73180046e+01
  endloop
 endfacet
 facet normal -2.73034036e-01 4.53509390e-01 8.48399460e-01
  outer loop
   vertex 5.42787857e+01 1.82425995e+01 5.73180046e+01
   vertex 5.90799713e+01 1.65492096e+01 5.94139709e+01
   vertex 5.69423599e+01 1.99299622e+01 5.73180542e+01
  endloop
 endfacet
 facet normal 4.69823666e-02 -7.48788044e-02 9.96085227e-01
  outer loop
   vertex 5.05757408e+01 1.16451569e+01 5.94139709e+01
   vertex 5.34436722e+01 1.32220306e+01 5.94139709e+01
   vertex 4.87575684e+01 1.52068176e+01 5.73180923e+01
  endloop
 endfacet
 facet normal -2.45253846e-01 4.70258862e-01 8.47765982e-01
  outer loop
   vertex 4.87575684e+01 1.52068176e+01 5.73180923e+01
   vertex 5.34436722e+01 1.32220306e+01 5.94139709e+01
   vertex 5.15166054e+01 1.67270508e+01 5.73180542e+01
  endloop
 endfacet
 facet normal 3.88185047e-02 -7.96432346e-02 9.96067286e-01
  outer loop
   vertex 5.63116035e+01 1.47988892e+01 5.94139709e+01
   vertex 5.42787857e+01 1.82425995e+01 5.73180046e+01
   vertex 5.34436722e+01 1.32220306e+01 5.94139709e+01
  endloop
 endfacet
 facet normal -2.65993446e-01 4.58293259e-01 8.48065317e-01
  outer loop
   vertex 5.34436722e+01 1.32220306e+01 5.94139709e+01
   vertex 5.42787857e+01 1.82425995e+01 5.73180046e+01
   vertex 5.15166054e+01 1.67270508e+01 5.73180542e+01
  endloop
 endfacet
 facet normal 9.96306092e-02 -3.03115398e-01 -9.47731376e-01
  outer loop
   vertex 3.23404732e+01 4.36775208e+00 1.77635684e-15
   vertex 3.12085285e+01 8.20307922e+00 5.22689819e-02
   vertex 3.54524803e+01 5.39224243e+00 2.66453526e-15
  endloop
 endfacet
 facet normal -8.94750878e-02 3.02903265e-01 -9.48811769e-01
  outer loop
   vertex 3.54524803e+01 5.39224243e+00 2.66453526e-15
   vertex 3.12085285e+01 8.20307922e+00 5.22689819e-02
   vertex 3.42018280e+01 9.19151306e+00 5.23109436e-02
  endloop
 endfacet
 facet normal 9.98933911e-02 -3.02978724e-01 -9.47747409e-01
  outer loop
   vertex 3.85644836e+01 6.41670227e+00 2.66453526e-15
   vertex 3.54524803e+01 5.39224243e+00 2.66453526e-15
   vertex 3.71974144e+01 1.01746674e+01 5.23490906e-02
  endloop
 endfacet
 facet normal -1.07910626e-01 2.96872795e-01 -9.48800206e-01
  outer loop
   vertex 3.71974144e+01 1.01746674e+01 5.23490906e-02
   vertex 3.54524803e+01 5.39224243e+00 2.66453526e-15
   vertex 3.42018280e+01 9.19151306e+00 5.23109436e-02
  endloop
 endfacet
 facet normal 1.18133828e-01 -2.96336174e-01 -9.47749555e-01
  outer loop
   vertex 3.85644836e+01 6.41670227e+00 2.66453526e-15
   vertex 3.71974144e+01 1.01746674e+01 5.23490906e-02
   vertex 4.16058350e+01 7.63069153e+00 3.55271368e-15
  endloop
 endfacet
 facet normal -1.08061947e-01 2.96827704e-01 -9.48797107e-01
  outer loop
   vertex 4.16058350e+01 7.63069153e+00 3.55271368e-15
   vertex 3.71974144e+01 1.01746674e+01 5.23490906e-02
   vertex 4.01230812e+01 1.13455505e+01 5.23719788e-02
  endloop
 endfacet
 facet normal 1.18380353e-01 -2.96202928e-01 -9.47760463e-01
  outer loop
   vertex 4.46471901e+01 8.84465027e+00 4.44089210e-15
   vertex 4.16058350e+01 7.63069153e+00 3.55271368e-15
   vertex 4.30511818e+01 1.25112457e+01 5.24024963e-02
  endloop
 endfacet
 facet normal -1.26007840e-01 2.89688170e-01 -9.48790193e-01
  outer loop
   vertex 4.30511818e+01 1.25112457e+01 5.24024963e-02
   vertex 4.16058350e+01 7.63069153e+00 3.55271368e-15
   vertex 4.01230812e+01 1.13455505e+01 5.23719788e-02
  endloop
 endfacet
 facet normal 1.81417279e-02 -8.68786201e-02 9.96053696e-01
  outer loop
   vertex 3.23404732e+01 4.36775208e+00 5.94139709e+01
   vertex 3.12085438e+01 8.20307922e+00 5.73182640e+01
   vertex 2.91738663e+01 3.53915405e+00 5.94139709e+01
  endloop
 endfacet
 facet normal -1.46180481e-01 5.09251893e-01 8.48111928e-01
  outer loop
   vertex 2.91738663e+01 3.53915405e+00 5.94139709e+01
   vertex 3.12085438e+01 8.20307922e+00 5.73182640e+01
   vertex 2.81607552e+01 7.40856934e+00 5.73179588e+01
  endloop
 endfacet
 facet normal 2.63354760e-02 -8.37357715e-02 9.96139944e-01
  outer loop
   vertex 2.60072632e+01 2.71057129e+00 5.94139709e+01
   vertex 2.91738663e+01 3.53915405e+00 5.94139709e+01
   vertex 2.51108799e+01 6.60775757e+00 5.73176498e+01
  endloop
 endfacet
 facet normal -1.24112196e-01 5.16278267e-01 8.47380042e-01
  outer loop
   vertex 2.51108799e+01 6.60775757e+00 5.73176498e+01
   vertex 2.91738663e+01 3.53915405e+00 5.94139709e+01
   vertex 2.81607552e+01 7.40856934e+00 5.73179588e+01
  endloop
 endfacet
 facet normal 2.07781568e-02 -8.56509954e-02 9.96108532e-01
  outer loop
   vertex 1.95777073e+01 1.43238831e+00 5.94139709e+01
   vertex 2.27924862e+01 2.07147217e+00 5.94139709e+01
   vertex 1.89168339e+01 5.37632751e+00 5.73178444e+01
  endloop
 endfacet
 facet normal -9.21102464e-02 5.22422671e-01 8.47697020e-01
  outer loop
   vertex 1.89168339e+01 5.37632751e+00 5.73178444e+01
   vertex 2.27924862e+01 2.07147217e+00 5.94139709e+01
   vertex 2.20127697e+01 5.99458313e+00 5.73177376e+01
  endloop
 endfacet
 facet normal 1.28820119e-02 -8.68226290e-02 9.96140480e-01
  outer loop
   vertex 2.60072632e+01 2.71057129e+00 5.94139709e+01
   vertex 2.51108799e+01 6.60775757e+00 5.73176498e+01
   vertex 2.27924862e+01 2.07147217e+00 5.94139709e+01
  endloop
 endfacet
 facet normal -1.13973409e-01 5.18635571e-01 8.47364843e-01
  outer loop
   vertex 2.27924862e+01 2.07147217e+00 5.94139709e+01
   vertex 2.51108799e+01 6.60775757e+00 5.73176498e+01
   vertex 2.20127697e+01 5.99458313e+00 5.73177376e+01
  endloop
 endfacet
 facet normal 3.19251455e-02 -8.28193128e-02 9.96053100e-01
  outer loop
   vertex 3.23404732e+01 4.36775208e+00 5.94139709e+01
   vertex 3.54524803e+01 5.39224243e+00 5.94139709e+01
   vertex 3.12085438e+01 8.20307922e+00 5.73182640e+01
  endloop
 endfacet
 facet normal -1.54272869e-01 5.06285369e-01 8.48454475e-01
  outer loop
   vertex 3.12085438e+01 8.20307922e+00 5.73182640e+01
   vertex 3.54524803e+01 5.39224243e+00 5.94139709e+01
   vertex 3.42018280e+01 9.19151306e+00 5.73182220e+01
  endloop
 endfacet
 facet normal 2.35225763e-02 -8.55321288e-02 9.96057689e-01
  outer loop
   vertex 3.85644836e+01 6.41670227e+00 5.94139709e+01
   vertex 3.71974068e+01 1.01746674e+01 5.73181839e+01
   vertex 3.54524803e+01 5.39224243e+00 5.94139709e+01
  endloop
 endfacet
 facet normal -1.76580116e-01 4.98968840e-01 8.48439455e-01
  outer loop
   vertex 3.54524803e+01 5.39224243e+00 5.94139709e+01
   vertex 3.71974068e+01 1.01746674e+01 5.73181839e+01
   vertex 3.42018280e+01 9.19151306e+00 5.73182220e+01
  endloop
 endfacet
 facet normal 7.02405628e-03 -8.79933313e-02 9.96096313e-01
  outer loop
   vertex 1.95777073e+01 1.43238831e+00 5.94139709e+01
   vertex 1.89168339e+01 5.37632751e+00 5.73178444e+01
   vertex 1.63340263e+01 9.89181519e-01 5.94139709e+01
  endloop
 endfacet
 facet normal -8.29745308e-02 5.23803234e-01 8.47788513e-01
  outer loop
   vertex 1.63340263e+01 9.89181519e-01 5.94139709e+01
   vertex 1.89168339e+01 5.37632751e+00 5.73178444e+01
   vertex 1.57944412e+01 4.95243835e+00 5.73188324e+01
  endloop
 endfacet
 facet normal 1.69147868e-02 -8.80973116e-02 9.95968223e-01
  outer loop
   vertex 1.30903454e+01 5.45989990e-01 5.94139709e+01
   vertex 1.63340263e+01 9.89181519e-01 5.94139709e+01
   vertex 1.26842575e+01 4.52394104e+00 5.73198090e+01
  endloop
 endfacet
 facet normal -5.80422692e-02 5.26112020e-01 8.48432243e-01
  outer loop
   vertex 1.26842575e+01 4.52394104e+00 5.73198090e+01
   vertex 1.63340263e+01 9.89181519e-01 5.94139709e+01
   vertex 1.57944412e+01 4.95243835e+00 5.73188324e+01
  endloop
 endfacet
 facet normal -2.54384591e-03 -8.64449292e-02 9.96253371e-01
  outer loop
   vertex 6.55159473e+00 1.02783203e-01 5.94139709e+01
   vertex 6.38492775e+00 4.09852600e+00 5.73156815e+01
   vertex 3.27579737e+00 5.13916016e-02 5.94139709e+01
  endloop
 endfacet
 facet normal -2.10687779e-02 5.31291425e-01 8.46927106e-01
  outer loop
   vertex 3.27579737e+00 5.13916016e-02 5.94139709e+01
   vertex 6.38492775e+00 4.09852600e+00 5.73156815e+01
   vertex 3.20005774e+00 4.05062866e+00 5.73090172e+01
  endloop
 endfacet
 facet normal -8.09417903e-01 -5.14829397e-01 2.82477140e-01
  outer loop
   vertex 1.94338560e-01 7.00256348e-01 5.31768036e+01
   vertex 3.21173668e-03 0.00000000e+00 5.34725723e+01
   vertex 3.39844942e-01 1.23587036e+00 5.42179756e+01
  endloop
 endfacet
 facet normal -7.74606287e-01 -4.88557518e-01 4.01617527e-01
  outer loop
   vertex 3.21173668e-03 0.00000000e+00 5.34725723e+01
   vertex 0.00000000e+00 0.00000000e+00 5.94139709e+01
   vertex 3.39844942e-01 1.23587036e+00 5.42179756e+01
  endloop
 endfacet
 facet normal -7.37637877e-01 -3.30946743e-01 5.88527501e-01
  outer loop
   vertex 3.39844942e-01 1.23587036e+00 5.42179756e+01
   vertex 0.00000000e+00 0.00000000e+00 5.94139709e+01
   vertex 6.44100547e-01 2.35395813e+00 5.53272781e+01
  endloop
 endfacet
 facet normal -7.21617162e-01 -1.99083552e-01 6.63049340e-01
  outer loop
   vertex 6.44100547e-01 2.35395813e+00 5.53272781e+01
   vertex 0.00000000e+00 0.00000000e+00 5.94139709e+01
   vertex 1.02713597e+00 3.76011658e+00 5.60367851e+01
  endloop
 endfacet
 facet normal -5.84127128e-01 3.76218230e-01 7.19204664e-01
  outer loop
   vertex 1.09236050e+00 3.99951172e+00 5.60737343e+01
   vertex 1.02713597e+00 3.76011658e+00 5.60367851e+01
   vertex 1.09164941e+00 3.99951172e+00 5.73023567e+01
  endloop
 endfacet
 facet normal -7.20280111e-01 1.41825661e-01 6.79030180e-01
  outer loop
   vertex 1.02713597e+00 3.76011658e+00 5.60367851e+01
   vertex 0.00000000e+00 0.00000000e+00 5.94139709e+01
   vertex 1.09164941e+00 3.99951172e+00 5.73023567e+01
  endloop
 endfacet
 facet normal -8.07100356e-01 -5.52225292e-01 2.08892912e-01
  outer loop
   vertex 1.94338560e-01 7.00256348e-01 5.31768036e+01
   vertex 1.44087076e-01 5.15380859e-01 5.28174477e+01
   vertex 3.21173668e-03 0.00000000e+00 5.34725723e+01
  endloop
 endfacet
 facet normal -6.70709729e-01 4.14897591e-01 -6.14823937e-01
  outer loop
   vertex 1.09794247e+00 3.99951172e+00 4.64165421e+01
   vertex 1.09803045e+00 3.99951172e+00 4.62642021e+01
   vertex 1.02248251e+00 3.72309875e+00 4.64614334e+01
  endloop
 endfacet
 facet normal -9.51818228e-01 7.74485394e-02 -2.96721786e-01
  outer loop
   vertex 1.09803045e+00 3.99951172e+00 4.62642021e+01
   vertex 6.42347336e-03 0.00000000e+00 4.75311737e+01
   vertex 1.02248251e+00 3.72309875e+00 4.64614334e+01
  endloop
 endfacet
 facet normal -8.36286366e-01 -2.97832429e-01 -4.60348696e-01
  outer loop
   vertex 1.02248251e+00 3.72309875e+00 4.64614334e+01
   vertex 6.42347336e-03 0.00000000e+00 4.75311737e+01
   vertex 6.40083194e-01 2.32246399e+00 4.71819839e+01
  endloop
 endfacet
 facet normal -8.26887071e-01 -4.24563140e-01 -3.68787020e-01
  outer loop
   vertex 6.40083194e-01 2.32246399e+00 4.71819839e+01
   vertex 6.42347336e-03 0.00000000e+00 4.75311737e+01
   vertex 3.36870670e-01 1.21299744e+00 4.83000832e+01
  endloop
 endfacet
 facet normal -8.21020961e-01 -5.18771827e-01 -2.38328263e-01
  outer loop
   vertex 3.36870670e-01 1.21299744e+00 4.83000832e+01
   vertex 6.42347336e-03 0.00000000e+00 4.75311737e+01
   vertex 1.42540932e-01 5.03341675e-01 4.97062263e+01
  endloop
 endfacet
 facet normal -9.30110097e-01 -3.56222689e-01 8.94458815e-02
  outer loop
   vertex 1.44087076e-01 5.15380859e-01 5.28174477e+01
   vertex 1.26770496e-01 4.51080322e-01 5.24214249e+01
   vertex 3.21173668e-03 0.00000000e+00 5.34725723e+01
  endloop
 endfacet
 facet normal -9.20188785e-01 -3.91474873e-01 1.00240635e-04
  outer loop
   vertex 3.21173668e-03 0.00000000e+00 5.34725723e+01
   vertex 1.26770496e-01 4.51080322e-01 5.24214249e+01
   vertex 6.42347336e-03 0.00000000e+00 4.75311737e+01
  endloop
 endfacet
 facet normal -9.92219090e-01 -1.24503799e-01 2.01679155e-04
  outer loop
   vertex 1.26770496e-01 4.51080322e-01 5.24214249e+01
   vertex 1.26458645e-01 4.47570801e-01 5.12620964e+01
   vertex 6.42347336e-03 0.00000000e+00 4.75311737e+01
  endloop
 endfacet
 facet normal -9.92223382e-01 -1.24468781e-01 -5.70059172e-04
  outer loop
   vertex 1.26458645e-01 4.47570801e-01 5.12620964e+01
   vertex 1.26149893e-01 4.44030762e-01 5.00902863e+01
   vertex 6.42347336e-03 0.00000000e+00 4.75311737e+01
  endloop
 endfacet
 facet normal -9.29940999e-01 -3.56998622e-01 -8.81008580e-02
  outer loop
   vertex 1.26149893e-01 4.44030762e-01 5.00902863e+01
   vertex 1.42540932e-01 5.03341675e-01 4.97062263e+01
   vertex 6.42347336e-03 0.00000000e+00 4.75311737e+01
  endloop
 endfacet
 facet normal -9.80602980e-01 -1.96004629e-01 -1.86072299e-04
  outer loop
   vertex 6.42347336e-03 0.00000000e+00 4.75311737e+01
   vertex 1.09803045e+00 3.99951172e+00 4.62642021e+01
   vertex 6.42347336e-03 0.00000000e+00 4.15897751e+01
  endloop
 endfacet
 facet normal -9.03166890e-01 4.29289639e-01 -7.18861556e-05
  outer loop
   vertex 6.42347336e-03 0.00000000e+00 4.15897751e+01
   vertex 1.09803045e+00 3.99951172e+00 4.62642021e+01
   vertex 1.09802473e+00 3.99951172e+00 4.07451363e+01
  endloop
 endfacet
 facet normal -9.80610430e-01 -1.95967302e-01 7.66609105e-07
  outer loop
   vertex 6.42347336e-03 0.00000000e+00 4.15897751e+01
   vertex 1.09802473e+00 3.99951172e+00 4.07451363e+01
   vertex 6.42347336e-03 2.84217094e-14 3.56483765e+01
  endloop
 endfacet
 facet normal -9.03178394e-01 4.29265350e-01 8.63631840e-07
  outer loop
   vertex 6.42347336e-03 2.84217094e-14 3.56483765e+01
   vertex 1.09802473e+00 3.99951172e+00 4.07451363e+01
   vertex 1.09801400e+00 3.99951172e+00 3.52260590e+01
  endloop
 endfacet
 facet normal 4.22096290e-02 -3.16694200e-01 -9.47588086e-01
  outer loop
   vertex 1.30903454e+01 5.45989990e-01 0.00000000e+00
   vertex 1.26842709e+01 4.52394104e+00 5.07240295e-02
   vertex 1.63340263e+01 9.89181519e-01 8.88178420e-16
  endloop
 endfacet
 facet normal -3.22807655e-02 3.14215720e-01 -9.48802650e-01
  outer loop
   vertex 1.63340263e+01 9.89181519e-01 8.88178420e-16
   vertex 1.26842709e+01 4.52394104e+00 5.07240295e-02
   vertex 1.57944412e+01 4.95243835e+00 5.16967773e-02
  endloop
 endfacet
 facet normal 4.24650237e-02 -3.14732403e-01 -9.48230028e-01
  outer loop
   vertex 1.95777073e+01 1.43238831e+00 8.88178420e-16
   vertex 1.63340263e+01 9.89181519e-01 8.88178420e-16
   vertex 1.89168339e+01 5.37632751e+00 5.26847839e-02
  endloop
 endfacet
 facet normal -5.29536828e-02 3.12678993e-01 -9.48381662e-01
  outer loop
   vertex 1.89168339e+01 5.37632751e+00 5.26847839e-02
   vertex 1.63340263e+01 9.89181519e-01 8.88178420e-16
   vertex 1.57944412e+01 4.95243835e+00 5.16967773e-02
  endloop
 endfacet
 facet normal 8.15172344e-02 -3.07902277e-01 -9.47919369e-01
  outer loop
   vertex 3.23404732e+01 4.36775208e+00 1.77635684e-15
   vertex 2.91738663e+01 3.53915405e+00 1.77635684e-15
   vertex 3.12085285e+01 8.20307922e+00 5.22689819e-02
  endloop
 endfacet
 facet normal -8.94119814e-02 3.03720772e-01 -9.48556364e-01
  outer loop
   vertex 3.12085285e+01 8.20307922e+00 5.22689819e-02
   vertex 2.91738663e+01 3.53915405e+00 1.77635684e-15
   vertex 2.81607437e+01 7.40856934e+00 5.25665283e-02
  endloop
 endfacet
 facet normal 8.08485672e-02 -3.06921780e-01 -9.48294520e-01
  outer loop
   vertex 2.60072632e+01 2.71057129e+00 8.88178420e-16
   vertex 2.51108799e+01 6.60775757e+00 5.28831482e-02
   vertex 2.91738663e+01 3.53915405e+00 1.77635684e-15
  endloop
 endfacet
 facet normal -7.05283731e-02 3.09388459e-01 -9.48316693e-01
  outer loop
   vertex 2.91738663e+01 3.53915405e+00 1.77635684e-15
   vertex 2.51108799e+01 6.60775757e+00 5.28831482e-02
   vertex 2.81607437e+01 7.40856934e+00 5.25665283e-02
  endloop
 endfacet
 facet normal 4.91034091e-01 -8.71140242e-01 4.79446724e-04
  outer loop
   vertex 5.34436722e+01 1.32220306e+01 1.18827934e+01
   vertex 5.34436722e+01 1.32220306e+01 5.94139862e+00
   vertex 5.62867088e+01 1.48422699e+01 1.18827934e+01
  endloop
 endfacet
 facet normal 4.99892890e-01 -8.66086721e-01 9.29213536e-04
  outer loop
   vertex 5.62867088e+01 1.48422699e+01 1.18827934e+01
   vertex 5.34436722e+01 1.32220306e+01 5.94139862e+00
   vertex 5.62867088e+01 1.48422699e+01 5.94139862e+00
  endloop
 endfacet
 facet normal 4.63744044e-01 -8.85968089e-01 1.41115382e-03
  outer loop
   vertex 5.05516548e+01 1.16893158e+01 5.94139862e+00
   vertex 5.34436722e+01 1.32220306e+01 5.94139862e+00
   vertex 5.05516548e+01 1.16893158e+01 1.18827934e+01
  endloop
 endfacet
 facet normal 4.73141879e-01 -8.80986094e-01 4.79451002e-04
  outer loop
   vertex 5.05516548e+01 1.16893158e+01 1.18827934e+01
   vertex 5.34436722e+01 1.32220306e+01 5.94139862e+00
   vertex 5.34436722e+01 1.32220306e+01 1.18827934e+01
  endloop
 endfacet
 facet normal 4.63743418e-01 -8.85969520e-01 -3.93449504e-16
  outer loop
   vertex 5.05516548e+01 1.16893158e+01 1.78241920e+01
   vertex 5.34436722e+01 1.32220306e+01 1.78241920e+01
   vertex 5.05516548e+01 1.16893158e+01 2.37655907e+01
  endloop
 endfacet
 facet normal 4.72778916e-01 -8.81181061e-01 -3.91323001e-16
  outer loop
   vertex 5.05516548e+01 1.16893158e+01 2.37655907e+01
   vertex 5.34436722e+01 1.32220306e+01 1.78241920e+01
   vertex 5.34436722e+01 1.32220306e+01 2.37655907e+01
  endloop
 endfacet
 facet normal 4.72779661e-01 -8.81180704e-01 -3.91322842e-16
  outer loop
   vertex 5.34436722e+01 1.32220306e+01 1.18827934e+01
   vertex 5.34436722e+01 1.32220306e+01 1.78241920e+01
   vertex 5.05516548e+01 1.16893158e+01 1.18827934e+01
  endloop
 endfacet
 facet normal 4.63743776e-01 -8.85969341e-01 -3.93449425e-16
  outer loop
   vertex 5.05516548e+01 1.16893158e+01 1.18827934e+01
   vertex 5.34436722e+01 1.32220306e+01 1.78241920e+01
   vertex 5.05516548e+01 1.16893158e+01 1.78241920e+01
  endloop
 endfacet
 facet normal 4.99536991e-01 -8.66292536e-01 -3.84711168e-16
  outer loop
   vertex 5.62867088e+01 1.48422699e+01 1.78241920e+01
   vertex 5.34436722e+01 1.32220306e+01 1.78241920e+01
   vertex 5.62867088e+01 1.48422699e+01 1.18827934e+01
  endloop
 endfacet
 facet normal 4.90675926e-01 -8.71342123e-01 -3.86953635e-16
  outer loop
   vertex 5.62867088e+01 1.48422699e+01 1.18827934e+01
   vertex 5.34436722e+01 1.32220306e+01 1.78241920e+01
   vertex 5.34436722e+01 1.32220306e+01 1.18827934e+01
  endloop
 endfacet
 facet normal 4.90675598e-01 -8.71342301e-01 -3.86953714e-16
  outer loop
   vertex 5.34436722e+01 1.32220306e+01 2.37655907e+01
   vertex 5.34436722e+01 1.32220306e+01 1.78241920e+01
   vertex 5.62867088e+01 1.48422699e+01 2.37655907e+01
  endloop
 endfacet
 facet normal 4.99537021e-01 -8.66292536e-01 -3.84711168e-16
  outer loop
   vertex 5.62867088e+01 1.48422699e+01 2.37655907e+01
   vertex 5.34436722e+01 1.32220306e+01 1.78241920e+01
   vertex 5.62867088e+01 1.48422699e+01 1.78241920e+01
  endloop
 endfacet
 facet normal 5.43060780e-01 -8.39693367e-01 -6.53787851e-08
  outer loop
   vertex 5.90799713e+01 1.65492096e+01 2.37655907e+01
   vertex 5.90799713e+01 1.65492096e+01 1.78241920e+01
   vertex 6.18202400e+01 1.83412781e+01 2.37655907e+01
  endloop
 endfacet
 facet normal 5.51620424e-01 -8.34095299e-01 -3.26893961e-08
  outer loop
   vertex 6.18202400e+01 1.83412781e+01 2.37655907e+01
   vertex 5.90799713e+01 1.65492096e+01 1.78241920e+01
   vertex 6.18202362e+01 1.83412781e+01 1.78241920e+01
  endloop
 endfacet
 facet normal 5.17099380e-01 -8.55925381e-01 -3.39641175e-15
  outer loop
   vertex 5.62867088e+01 1.48422699e+01 1.78241920e+01
   vertex 5.90799713e+01 1.65492096e+01 1.78241920e+01
   vertex 5.62867088e+01 1.48422699e+01 2.37655907e+01
  endloop
 endfacet
 facet normal 5.25800288e-01 -8.50608051e-01 -3.26893677e-08
  outer loop
   vertex 5.62867088e+01 1.48422699e+01 2.37655907e+01
   vertex 5.90799713e+01 1.65492096e+01 1.78241920e+01
   vertex 5.90799713e+01 1.65492096e+01 2.37655907e+01
  endloop
 endfacet
 facet normal 5.25799870e-01 -8.50608289e-01 3.26893534e-08
  outer loop
   vertex 5.90799713e+01 1.65492096e+01 1.18827934e+01
   vertex 5.90799713e+01 1.65492096e+01 1.78241920e+01
   vertex 5.62867088e+01 1.48422699e+01 1.18827934e+01
  endloop
 endfacet
 facet normal 5.17099380e-01 -8.55925381e-01 -3.39641175e-15
  outer loop
   vertex 5.62867088e+01 1.48422699e+01 1.18827934e+01
   vertex 5.90799713e+01 1.65492096e+01 1.78241920e+01
   vertex 5.62867088e+01 1.48422699e+01 1.78241920e+01
  endloop
 endfacet
 facet normal 5.51620364e-01 -8.34095299e-01 3.26893890e-08
  outer loop
   vertex 6.18202362e+01 1.83412781e+01 1.78241920e+01
   vertex 5.90799713e+01 1.65492096e+01 1.78241920e+01
   vertex 6.18202400e+01 1.83412781e+01 1.18827934e+01
  endloop
 endfacet
 facet normal 5.43060362e-01 -8.39693666e-01 6.53787708e-08
  outer loop
   vertex 6.18202400e+01 1.83412781e+01 1.18827934e+01
   vertex 5.90799713e+01 1.65492096e+01 1.78241920e+01
   vertex 5.90799713e+01 1.65492096e+01 1.18827934e+01
  endloop
 endfacet
 facet normal 4.90676075e-01 -8.71342063e-01 -5.97256474e-07
  outer loop
   vertex 5.34436722e+01 1.32220306e+01 3.56483765e+01
   vertex 5.34436722e+01 1.32220306e+01 2.97069817e+01
   vertex 5.62867088e+01 1.48422699e+01 3.56483765e+01
  endloop
 endfacet
 facet normal 4.99537647e-01 -8.66292179e-01 -3.96717155e-07
  outer loop
   vertex 5.62867088e+01 1.48422699e+01 3.56483765e+01
   vertex 5.34436722e+01 1.32220306e+01 2.97069817e+01
   vertex 5.62867088e+01 1.48422699e+01 2.97069817e+01
  endloop
 endfacet
 facet normal 4.63744849e-01 -8.85968804e-01 2.28714228e-07
  outer loop
   vertex 5.05516548e+01 1.16893158e+01 2.97069817e+01
   vertex 5.34436722e+01 1.32220306e+01 2.97069817e+01
   vertex 5.05516548e+01 1.16893158e+01 3.56483765e+01
  endloop
 endfacet
 facet normal 4.72779810e-01 -8.81180584e-01 2.81748296e-08
  outer loop
   vertex 5.05516548e+01 1.16893158e+01 3.56483765e+01
   vertex 5.34436722e+01 1.32220306e+01 2.97069817e+01
   vertex 5.34436722e+01 1.32220306e+01 3.56483765e+01
  endloop
 endfacet
 facet normal 4.72779483e-01 -8.81180763e-01 -3.91322869e-16
  outer loop
   vertex 5.34436722e+01 1.32220306e+01 2.37655907e+01
   vertex 5.34436722e+01 1.32220306e+01 2.97069817e+01
   vertex 5.05516548e+01 1.16893158e+01 2.37655907e+01
  endloop
 endfacet
 facet normal 4.63744491e-01 -8.85968983e-01 -3.93449266e-16
  outer loop
   vertex 5.05516548e+01 1.16893158e+01 2.37655907e+01
   vertex 5.34436722e+01 1.32220306e+01 2.97069817e+01
   vertex 5.05516548e+01 1.16893158e+01 2.97069817e+01
  endloop
 endfacet
 facet normal 4.99537677e-01 -8.66292179e-01 -3.84711009e-16
  outer loop
   vertex 5.62867088e+01 1.48422699e+01 2.97069817e+01
   vertex 5.34436722e+01 1.32220306e+01 2.97069817e+01
   vertex 5.62867088e+01 1.48422699e+01 2.37655907e+01
  endloop
 endfacet
 facet normal 4.90676135e-01 -8.71342003e-01 -3.86953582e-16
  outer loop
   vertex 5.62867088e+01 1.48422699e+01 2.37655907e+01
   vertex 5.34436722e+01 1.32220306e+01 2.97069817e+01
   vertex 5.34436722e+01 1.32220306e+01 2.37655907e+01
  endloop
 endfacet
 facet normal 5.17100096e-01 -8.55924964e-01 -1.96178021e-07
  outer loop
   vertex 5.62867088e+01 1.48422394e+01 4.15897751e+01
   vertex 5.90799713e+01 1.65492096e+01 4.15897751e+01
   vertex 5.62867088e+01 1.48422394e+01 4.75311737e+01
  endloop
 endfacet
 facet normal 5.25801718e-01 -8.50607157e-01 3.64027954e-07
  outer loop
   vertex 5.62867088e+01 1.48422394e+01 4.75311737e+01
   vertex 5.90799713e+01 1.65492096e+01 4.15897751e+01
   vertex 5.90799713e+01 1.65492096e+01 4.75311737e+01
  endloop
 endfacet
 facet normal 5.25801003e-01 -8.50607634e-01 -7.56384111e-07
  outer loop
   vertex 5.90799713e+01 1.65492096e+01 3.56483765e+01
   vertex 5.90799713e+01 1.65492096e+01 4.15897751e+01
   vertex 5.62867088e+01 1.48422699e+01 3.56483765e+01
  endloop
 endfacet
 facet normal 5.17100096e-01 -8.55924904e-01 -9.89612545e-07
  outer loop
   vertex 5.62867088e+01 1.48422699e+01 3.56483765e+01
   vertex 5.90799713e+01 1.65492096e+01 4.15897751e+01
   vertex 5.62867088e+01 1.48422394e+01 4.15897751e+01
  endloop
 endfacet
 facet normal 5.51621139e-01 -8.34094763e-01 -1.63488920e-07
  outer loop
   vertex 6.18202362e+01 1.83412781e+01 4.15897751e+01
   vertex 5.90799713e+01 1.65492096e+01 4.15897751e+01
   vertex 6.18202400e+01 1.83412781e+01 3.56483765e+01
  endloop
 endfacet
 facet normal 5.43061495e-01 -8.39692950e-01 -3.26977812e-07
  outer loop
   vertex 6.18202400e+01 1.83412781e+01 3.56483765e+01
   vertex 5.90799713e+01 1.65492096e+01 4.15897751e+01
   vertex 5.90799713e+01 1.65492096e+01 3.56483765e+01
  endloop
 endfacet
 facet normal 5.43062568e-01 -8.39692235e-01 -6.53787708e-08
  outer loop
   vertex 5.90799713e+01 1.65492096e+01 4.75311737e+01
   vertex 5.90799713e+01 1.65492096e+01 4.15897751e+01
   vertex 6.18202400e+01 1.83412781e+01 4.75311737e+01
  endloop
 endfacet
 facet normal 5.51621437e-01 -8.34094584e-01 -2.28867719e-07
  outer loop
   vertex 6.18202400e+01 1.83412781e+01 4.75311737e+01
   vertex 5.90799713e+01 1.65492096e+01 4.15897751e+01
   vertex 6.18202362e+01 1.83412781e+01 4.15897751e+01
  endloop
 endfacet
 facet normal 4.45521325e-01 -8.95271301e-01 -3.97580325e-16
  outer loop
   vertex 5.05516548e+01 1.16893158e+01 2.97069817e+01
   vertex 4.76114655e+01 1.02448883e+01 2.97069817e+01
   vertex 5.05516548e+01 1.16893158e+01 2.37655907e+01
  endloop
 endfacet
 facet normal 4.36333835e-01 -8.99784863e-01 -3.99584749e-16
  outer loop
   vertex 5.05516548e+01 1.16893158e+01 2.37655907e+01
   vertex 4.76114655e+01 1.02448883e+01 2.97069817e+01
   vertex 4.76114655e+01 1.02448883e+01 2.37655907e+01
  endloop
 endfacet
 facet normal 4.36333776e-01 -8.99784863e-01 6.53443294e-07
  outer loop
   vertex 4.76114655e+01 1.02448883e+01 3.56483765e+01
   vertex 4.76114655e+01 1.02448883e+01 2.97069817e+01
   vertex 5.05516548e+01 1.16893158e+01 3.56483765e+01
  endloop
 endfacet
 facet normal 4.45521683e-01 -8.95271122e-01 2.28714271e-07
  outer loop
   vertex 5.05516548e+01 1.16893158e+01 3.56483765e+01
   vertex 4.76114655e+01 1.02448883e+01 2.97069817e+01
   vertex 5.05516548e+01 1.16893158e+01 2.97069817e+01
  endloop
 endfacet
 facet normal 4.08485025e-01 -9.12765026e-01 8.16091941e-08
  outer loop
   vertex 4.46279221e+01 8.89123535e+00 2.97069817e+01
   vertex 4.76114655e+01 1.02448883e+01 2.97069817e+01
   vertex 4.46279221e+01 8.89123535e+00 3.56483765e+01
  endloop
 endfacet
 facet normal 4.17815685e-01 -9.08531785e-01 5.06338267e-07
  outer loop
   vertex 4.46279221e+01 8.89123535e+00 3.56483765e+01
   vertex 4.76114655e+01 1.02448883e+01 2.97069817e+01
   vertex 4.76114655e+01 1.02448883e+01 3.56483765e+01
  endloop
 endfacet
 facet normal 4.17816192e-01 -9.08531606e-01 1.14405914e-07
  outer loop
   vertex 4.76114655e+01 1.02448883e+01 2.37655907e+01
   vertex 4.76114655e+01 1.02448883e+01 2.97069817e+01
   vertex 4.46279182e+01 8.89123535e+00 2.37655907e+01
  endloop
 endfacet
 facet normal 4.08485055e-01 -9.12765026e-01 1.14405914e-07
  outer loop
   vertex 4.46279182e+01 8.89123535e+00 2.37655907e+01
   vertex 4.76114655e+01 1.02448883e+01 2.97069817e+01
   vertex 4.46279221e+01 8.89123535e+00 2.97069817e+01
  endloop
 endfacet
 facet normal 9.93282795e-01 4.27654907e-02 -1.07519582e-01
  outer loop
   vertex 1.13026146e+02 1.08639702e+02 2.46385994e+01
   vertex 1.12869415e+02 1.07823006e+02 2.11749268e+01
   vertex 1.13323311e+02 1.10131050e+02 2.37655907e+01
  endloop
 endfacet
 facet normal 9.28436220e-01 2.99993306e-01 -2.19112173e-01
  outer loop
   vertex 1.13323311e+02 1.10131050e+02 2.37655907e+01
   vertex 1.12869415e+02 1.07823006e+02 2.11749268e+01
   vertex 1.12982895e+02 1.08400009e+02 1.98795929e+01
  endloop
 endfacet
 facet normal 8.02851766e-02 -9.96771932e-01 -2.04281769e-09
  outer loop
   vertex 9.82096958e+00 3.24371338e-01 1.18827934e+01
   vertex 9.82096958e+00 3.24371338e-01 5.94139862e+00
   vertex 1.30839214e+01 6.01394653e-01 1.18827934e+01
  endloop
 endfacet
 facet normal 9.09245312e-02 -9.95857656e-01 5.01662609e-04
  outer loop
   vertex 1.30839214e+01 6.01394653e-01 1.18827934e+01
   vertex 9.82096958e+00 3.24371338e-01 5.94139862e+00
   vertex 1.30839195e+01 6.01394653e-01 5.94139862e+00
  endloop
 endfacet
 facet normal 5.13557568e-02 -9.98680115e-01 7.88406061e-04
  outer loop
   vertex 6.55079269e+00 1.45339966e-01 5.94139862e+00
   vertex 9.82096958e+00 3.24371338e-01 5.94139862e+00
   vertex 6.55079269e+00 1.45339966e-01 1.18827934e+01
  endloop
 endfacet
 facet normal 6.03267699e-02 -9.98178661e-01 -2.04275996e-09
  outer loop
   vertex 6.55079269e+00 1.45339966e-01 1.18827934e+01
   vertex 9.82096958e+00 3.24371338e-01 5.94139862e+00
   vertex 9.82096958e+00 3.24371338e-01 1.18827934e+01
  endloop
 endfacet
 facet normal 3.51936296e-02 -9.99380529e-01 -4.43814109e-16
  outer loop
   vertex 6.55079269e+00 1.45339966e-01 2.97069817e+01
   vertex 3.27900910e+00 5.13916016e-02 2.97069817e+01
   vertex 6.55079269e+00 1.45339966e-01 2.37655907e+01
  endloop
 endfacet
 facet normal 2.86989771e-02 -9.99588072e-01 -4.43906277e-16
  outer loop
   vertex 6.55079269e+00 1.45339966e-01 2.37655907e+01
   vertex 3.27900910e+00 5.13916016e-02 2.97069817e+01
   vertex 3.27900910e+00 5.13916016e-02 2.37655907e+01
  endloop
 endfacet
 facet normal 2.86989734e-02 -9.99588072e-01 -4.43906277e-16
  outer loop
   vertex 3.27900910e+00 5.13916016e-02 3.56483765e+01
   vertex 3.27900910e+00 5.13916016e-02 2.97069817e+01
   vertex 6.55079269e+00 1.45339966e-01 3.56483765e+01
  endloop
 endfacet
 facet normal 3.51936258e-02 -9.99380529e-01 -4.43814109e-16
  outer loop
   vertex 6.55079269e+00 1.45339966e-01 3.56483765e+01
   vertex 3.27900910e+00 5.13916016e-02 2.97069817e+01
   vertex 6.55079269e+00 1.45339966e-01 2.97069817e+01
  endloop
 endfacet
 facet normal -5.73343456e-01 -8.19315135e-01 2.76770720e-07
  outer loop
   vertex 6.42347336e-03 2.84217094e-14 2.97069817e+01
   vertex 3.27900910e+00 5.13916016e-02 2.97069817e+01
   vertex 6.42347336e-03 2.84217094e-14 3.56483765e+01
  endloop
 endfacet
 facet normal -2.74413824e-01 -9.61611688e-01 2.76770720e-07
  outer loop
   vertex 6.42347336e-03 2.84217094e-14 3.56483765e+01
   vertex 3.27900910e+00 5.13916016e-02 2.97069817e+01
   vertex 3.27900910e+00 5.13916016e-02 3.56483765e+01
  endloop
 endfacet
 facet normal -2.74414718e-01 -9.61611450e-01 -1.09721420e-07
  outer loop
   vertex 3.27900910e+00 5.13916016e-02 2.37655907e+01
   vertex 3.27900910e+00 5.13916016e-02 2.97069817e+01
   vertex 6.42347336e-03 2.84217094e-14 2.37655907e+01
  endloop
 endfacet
 facet normal -5.73344409e-01 -8.19314480e-01 -1.09721377e-07
  outer loop
   vertex 6.42347336e-03 2.84217094e-14 2.37655907e+01
   vertex 3.27900910e+00 5.13916016e-02 2.97069817e+01
   vertex 6.42347336e-03 2.84217094e-14 2.97069817e+01
  endloop
 endfacet
 facet normal 3.51946540e-02 -9.99380469e-01 -4.43814083e-16
  outer loop
   vertex 6.55079269e+00 1.45339966e-01 1.78241920e+01
   vertex 3.27900910e+00 5.13916016e-02 1.78241920e+01
   vertex 6.55079269e+00 1.45339966e-01 1.18827934e+01
  endloop
 endfacet
 facet normal 2.86989659e-02 -9.99588072e-01 -4.43906277e-16
  outer loop
   vertex 6.55079269e+00 1.45339966e-01 1.18827934e+01
   vertex 3.27900910e+00 5.13916016e-02 1.78241920e+01
   vertex 3.27900910e+00 5.13916016e-02 1.18827934e+01
  endloop
 endfacet
 facet normal 2.86989696e-02 -9.99588072e-01 -4.43906277e-16
  outer loop
   vertex 3.27900910e+00 5.13916016e-02 2.37655907e+01
   vertex 3.27900910e+00 5.13916016e-02 1.78241920e+01
   vertex 6.55079269e+00 1.45339966e-01 2.37655907e+01
  endloop
 endfacet
 facet normal 3.51946540e-02 -9.99380469e-01 -4.43814083e-16
  outer loop
   vertex 6.55079269e+00 1.45339966e-01 2.37655907e+01
   vertex 3.27900910e+00 5.13916016e-02 1.78241920e+01
   vertex 6.55079269e+00 1.45339966e-01 1.78241920e+01
  endloop
 endfacet
 facet normal -5.73345482e-01 -8.19313705e-01 -4.33917961e-07
  outer loop
   vertex 6.42347336e-03 2.84217094e-14 1.78241920e+01
   vertex 3.27900910e+00 5.13916016e-02 1.78241920e+01
   vertex 6.42347336e-03 2.84217094e-14 2.37655907e+01
  endloop
 endfacet
 facet normal -2.74414748e-01 -9.61611450e-01 -1.09721420e-07
  outer loop
   vertex 6.42347336e-03 2.84217094e-14 2.37655907e+01
   vertex 3.27900910e+00 5.13916016e-02 1.78241920e+01
   vertex 3.27900910e+00 5.13916016e-02 2.37655907e+01
  endloop
 endfacet
 facet normal -2.74414390e-01 -9.61611509e-01 -1.33272579e-07
  outer loop
   vertex 3.27900910e+00 5.13916016e-02 1.18827934e+01
   vertex 3.27900910e+00 5.13916016e-02 1.78241920e+01
   vertex 6.42347336e-03 2.84217094e-14 1.18827934e+01
  endloop
 endfacet
 facet normal -5.73345125e-01 -8.19313943e-01 -4.57469071e-07
  outer loop
   vertex 6.42347336e-03 2.84217094e-14 1.18827934e+01
   vertex 3.27900910e+00 5.13916016e-02 1.78241920e+01
   vertex 6.42347336e-03 2.84217094e-14 1.78241920e+01
  endloop
 endfacet
 facet normal 2.83514243e-02 -9.99597907e-01 4.05646366e-04
  outer loop
   vertex 3.27900910e+00 5.13916016e-02 1.18827934e+01
   vertex 3.27900910e+00 5.13916016e-02 5.94139862e+00
   vertex 6.55079269e+00 1.45339966e-01 1.18827934e+01
  endloop
 endfacet
 facet normal 3.51934247e-02 -9.99379814e-01 1.19402912e-03
  outer loop
   vertex 6.55079269e+00 1.45339966e-01 1.18827934e+01
   vertex 3.27900910e+00 5.13916016e-02 5.94139862e+00
   vertex 6.55079269e+00 1.45339966e-01 5.94139862e+00
  endloop
 endfacet
 facet normal -5.73598325e-01 -8.19136620e-01 4.47658880e-04
  outer loop
   vertex 6.42347336e-03 2.84217094e-14 5.94139862e+00
   vertex 3.27900910e+00 5.13916016e-02 5.94139862e+00
   vertex 6.42347336e-03 2.84217094e-14 1.18827934e+01
  endloop
 endfacet
 facet normal -2.74767101e-01 -9.61510718e-01 4.47703002e-04
  outer loop
   vertex 6.42347336e-03 2.84217094e-14 1.18827934e+01
   vertex 3.27900910e+00 5.13916016e-02 5.94139862e+00
   vertex 3.27900910e+00 5.13916016e-02 1.18827934e+01
  endloop
 endfacet
 facet normal -2.36192271e-01 -8.40289295e-01 -4.87982690e-01
  outer loop
   vertex 3.27900910e+00 5.13916016e-02 0.00000000e+00
   vertex 3.27900910e+00 5.13916016e-02 5.94139862e+00
   vertex 6.42347336e-03 2.84217094e-14 0.00000000e+00
  endloop
 endfacet
 facet normal -5.43921292e-01 -8.10493171e-01 -2.17371717e-01
  outer loop
   vertex 6.42347336e-03 2.84217094e-14 0.00000000e+00
   vertex 3.27900910e+00 5.13916016e-02 5.94139862e+00
   vertex 6.42347336e-03 2.84217094e-14 5.94139862e+00
  endloop
 endfacet
 facet normal 9.39965725e-01 -3.41268897e-01 -1.51553835e-16
  outer loop
   vertex 1.02921059e+02 7.20065384e+01 3.56483765e+01
   vertex 1.02921059e+02 7.20065384e+01 2.97069817e+01
   vertex 1.04028244e+02 7.50888367e+01 3.56483765e+01
  endloop
 endfacet
 facet normal 9.41986382e-01 -3.35651159e-01 -1.49059058e-16
  outer loop
   vertex 1.04028244e+02 7.50888367e+01 3.56483765e+01
   vertex 1.02921059e+02 7.20065384e+01 2.97069817e+01
   vertex 1.04028244e+02 7.50888367e+01 2.97069817e+01
  endloop
 endfacet
 facet normal 9.33292866e-01 -3.59116226e-01 1.30668525e-07
  outer loop
   vertex 1.01756065e+02 6.89451141e+01 2.97069817e+01
   vertex 1.02921059e+02 7.20065384e+01 2.97069817e+01
   vertex 1.01756065e+02 6.89451141e+01 3.56483765e+01
  endloop
 endfacet
 facet normal 9.35622334e-01 -3.53002638e-01 1.30668525e-07
  outer loop
   vertex 1.01756065e+02 6.89451141e+01 3.56483765e+01
   vertex 1.02921059e+02 7.20065384e+01 2.97069817e+01
   vertex 1.02921059e+02 7.20065384e+01 3.56483765e+01
  endloop
 endfacet
 facet normal 9.35622334e-01 -3.53002548e-01 -1.56764623e-16
  outer loop
   vertex 1.02921059e+02 7.20065384e+01 2.37655907e+01
   vertex 1.02921059e+02 7.20065384e+01 2.97069817e+01
   vertex 1.01756065e+02 6.89451141e+01 2.37655907e+01
  endloop
 endfacet
 facet normal 9.33292866e-01 -3.59116197e-01 -1.59479628e-16
  outer loop
   vertex 1.01756065e+02 6.89451141e+01 2.37655907e+01
   vertex 1.02921059e+02 7.20065384e+01 2.97069817e+01
   vertex 1.01756065e+02 6.89451141e+01 2.97069817e+01
  endloop
 endfacet
 facet normal 9.41986322e-01 -3.35651189e-01 -1.49059071e-16
  outer loop
   vertex 1.04028244e+02 7.50888367e+01 2.97069817e+01
   vertex 1.02921059e+02 7.20065384e+01 2.97069817e+01
   vertex 1.04028244e+02 7.50888367e+01 2.37655907e+01
  endloop
 endfacet
 facet normal 9.39965725e-01 -3.41268867e-01 -1.51553822e-16
  outer loop
   vertex 1.04028244e+02 7.50888367e+01 2.37655907e+01
   vertex 1.02921059e+02 7.20065384e+01 2.97069817e+01
   vertex 1.02921059e+02 7.20065384e+01 2.37655907e+01
  endloop
 endfacet
 facet normal 9.35622334e-01 -3.53002548e-01 -1.56764623e-16
  outer loop
   vertex 1.02921059e+02 7.20065384e+01 1.18827934e+01
   vertex 1.02921059e+02 7.20065460e+01 1.78241920e+01
   vertex 1.01756065e+02 6.89451141e+01 1.18827934e+01
  endloop
 endfacet
 facet normal 9.33292925e-01 -3.59116077e-01 -1.59479575e-16
  outer loop
   vertex 1.01756065e+02 6.89451141e+01 1.18827934e+01
   vertex 1.02921059e+02 7.20065460e+01 1.78241920e+01
   vertex 1.01756065e+02 6.89451141e+01 1.78241920e+01
  endloop
 endfacet
 facet normal 9.41986322e-01 -3.35651278e-01 -1.49059111e-16
  outer loop
   vertex 1.04028244e+02 7.50888367e+01 1.78241920e+01
   vertex 1.02921059e+02 7.20065460e+01 1.78241920e+01
   vertex 1.04028244e+02 7.50888367e+01 1.18827934e+01
  endloop
 endfacet
 facet normal 9.39965725e-01 -3.41268837e-01 -1.51553808e-16
  outer loop
   vertex 1.04028244e+02 7.50888367e+01 1.18827934e+01
   vertex 1.02921059e+02 7.20065460e+01 1.78241920e+01
   vertex 1.02921059e+02 7.20065384e+01 1.18827934e+01
  endloop
 endfacet
 facet normal 9.39965725e-01 -3.41268808e-01 -1.51553795e-16
  outer loop
   vertex 1.02921059e+02 7.20065384e+01 2.37655907e+01
   vertex 1.02921059e+02 7.20065460e+01 1.78241920e+01
   vertex 1.04028244e+02 7.50888367e+01 2.37655907e+01
  endloop
 endfacet
 facet normal 9.41986322e-01 -3.35651308e-01 -1.49059124e-16
  outer loop
   vertex 1.04028244e+02 7.50888367e+01 2.37655907e+01
   vertex 1.02921059e+02 7.20065460e+01 1.78241920e+01
   vertex 1.04028244e+02 7.50888367e+01 1.78241920e+01
  endloop
 endfacet
 facet normal 9.33292925e-01 -3.59116048e-01 -1.59479562e-16
  outer loop
   vertex 1.01756065e+02 6.89451141e+01 1.78241920e+01
   vertex 1.02921059e+02 7.20065460e+01 1.78241920e+01
   vertex 1.01756065e+02 6.89451141e+01 2.37655907e+01
  endloop
 endfacet
 facet normal 9.35622394e-01 -3.53002489e-01 -1.56764596e-16
  outer loop
   vertex 1.01756065e+02 6.89451141e+01 2.37655907e+01
   vertex 1.02921059e+02 7.20065460e+01 1.78241920e+01
   vertex 1.02921059e+02 7.20065384e+01 2.37655907e+01
  endloop
 endfacet
 facet normal 4.36333567e-01 -8.99784982e-01 -3.99584802e-16
  outer loop
   vertex 4.76114655e+01 1.02448883e+01 1.18827934e+01
   vertex 4.76114655e+01 1.02448883e+01 5.94139862e+00
   vertex 5.05516548e+01 1.16893158e+01 1.18827934e+01
  endloop
 endfacet
 facet normal 4.45153445e-01 -8.95453811e-01 9.31682822e-04
  outer loop
   vertex 5.05516548e+01 1.16893158e+01 1.18827934e+01
   vertex 4.76114655e+01 1.02448883e+01 5.94139862e+00
   vertex 5.05516548e+01 1.16893158e+01 5.94139862e+00
  endloop
 endfacet
 facet normal 4.08485949e-01 -9.12764490e-01 4.53571498e-04
  outer loop
   vertex 4.46279182e+01 8.89123535e+00 5.94139862e+00
   vertex 4.76114655e+01 1.02448883e+01 5.94139862e+00
   vertex 4.46279182e+01 8.89123535e+00 1.18827934e+01
  endloop
 endfacet
 facet normal 4.17815864e-01 -9.08531725e-01 -4.03469136e-16
  outer loop
   vertex 4.46279182e+01 8.89123535e+00 1.18827934e+01
   vertex 4.76114655e+01 1.02448883e+01 5.94139862e+00
   vertex 4.76114655e+01 1.02448883e+01 1.18827934e+01
  endloop
 endfacet
 facet normal 6.02014661e-01 -7.98485041e-01 4.08726812e-08
  outer loop
   vertex 6.71289597e+01 2.21742859e+01 2.97069817e+01
   vertex 6.45043030e+01 2.02168121e+01 2.97069817e+01
   vertex 6.71289597e+01 2.21742706e+01 2.37655907e+01
  endloop
 endfacet
 facet normal 5.93730092e-01 -8.04664254e-01 3.26970024e-08
  outer loop
   vertex 6.71289597e+01 2.21742706e+01 2.37655907e+01
   vertex 6.45043030e+01 2.02168121e+01 2.97069817e+01
   vertex 6.45043030e+01 2.02168121e+01 2.37655907e+01
  endloop
 endfacet
 facet normal 5.93729854e-01 -8.04664433e-01 -4.90425407e-08
  outer loop
   vertex 6.45043030e+01 2.02168121e+01 3.56483765e+01
   vertex 6.45043030e+01 2.02168121e+01 2.97069817e+01
   vertex 6.71289597e+01 2.21742706e+01 3.56483765e+01
  endloop
 endfacet
 facet normal 6.02014422e-01 -7.98485219e-01 -3.26934213e-08
  outer loop
   vertex 6.71289597e+01 2.21742706e+01 3.56483765e+01
   vertex 6.45043030e+01 2.02168121e+01 2.97069817e+01
   vertex 6.71289597e+01 2.21742859e+01 2.97069817e+01
  endloop
 endfacet
 facet normal 5.68601429e-01 -8.22613120e-01 4.08632310e-08
  outer loop
   vertex 6.18202400e+01 1.83412781e+01 2.97069817e+01
   vertex 6.45043030e+01 2.02168121e+01 2.97069817e+01
   vertex 6.18202400e+01 1.83412781e+01 3.56483765e+01
  endloop
 endfacet
 facet normal 5.77023268e-01 -8.16727698e-01 4.08635188e-08
  outer loop
   vertex 6.18202400e+01 1.83412781e+01 3.56483765e+01
   vertex 6.45043030e+01 2.02168121e+01 2.97069817e+01
   vertex 6.45043030e+01 2.02168121e+01 3.56483765e+01
  endloop
 endfacet
 facet normal 5.77023327e-01 -8.16727698e-01 -1.63418949e-08
  outer loop
   vertex 6.45043030e+01 2.02168121e+01 2.37655907e+01
   vertex 6.45043030e+01 2.02168121e+01 2.97069817e+01
   vertex 6.18202400e+01 1.83412781e+01 2.37655907e+01
  endloop
 endfacet
 facet normal 5.68601489e-01 -8.22613120e-01 -2.45156162e-08
  outer loop
   vertex 6.18202400e+01 1.83412781e+01 2.37655907e+01
   vertex 6.45043030e+01 2.02168121e+01 2.97069817e+01
   vertex 6.18202400e+01 1.83412781e+01 2.97069817e+01
  endloop
 endfacet
 facet normal 6.26508772e-01 -7.79414356e-01 -1.14433561e-07
  outer loop
   vertex 6.96909866e+01 2.42120056e+01 3.56483765e+01
   vertex 6.96909866e+01 2.42120056e+01 4.15897751e+01
   vertex 6.71289597e+01 2.21742706e+01 3.56483765e+01
  endloop
 endfacet
 facet normal 6.18403614e-01 -7.85860658e-01 -5.72166741e-08
  outer loop
   vertex 6.71289597e+01 2.21742706e+01 3.56483765e+01
   vertex 6.96909866e+01 2.42120056e+01 4.15897751e+01
   vertex 6.71289520e+01 2.21742706e+01 4.15897751e+01
  endloop
 endfacet
 facet normal 6.50379300e-01 -7.59609640e-01 -3.37334445e-16
  outer loop
   vertex 7.21887817e+01 2.63284454e+01 4.15897751e+01
   vertex 6.96909866e+01 2.42120056e+01 4.15897751e+01
   vertex 7.21887817e+01 2.63284454e+01 3.56483765e+01
  endloop
 endfacet
 facet normal 6.42496467e-01 -7.66288638e-01 -5.72168624e-08
  outer loop
   vertex 7.21887817e+01 2.63284454e+01 3.56483765e+01
   vertex 6.96909866e+01 2.42120056e+01 4.15897751e+01
   vertex 6.96909866e+01 2.42120056e+01 3.56483765e+01
  endloop
 endfacet
 facet normal 6.42496288e-01 -7.66288817e-01 6.53922356e-08
  outer loop
   vertex 6.96909866e+01 2.42120056e+01 4.75311737e+01
   vertex 6.96909866e+01 2.42120056e+01 4.15897751e+01
   vertex 7.21887817e+01 2.63284454e+01 4.75311737e+01
  endloop
 endfacet
 facet normal 6.50379181e-01 -7.59609699e-01 -3.37334471e-16
  outer loop
   vertex 7.21887817e+01 2.63284454e+01 4.75311737e+01
   vertex 6.96909866e+01 2.42120056e+01 4.15897751e+01
   vertex 7.21887817e+01 2.63284454e+01 4.15897751e+01
  endloop
 endfacet
 facet normal 6.18403554e-01 -7.85860717e-01 7.35661061e-08
  outer loop
   vertex 6.71289520e+01 2.21742706e+01 4.15897751e+01
   vertex 6.96909866e+01 2.42120056e+01 4.15897751e+01
   vertex 6.71289597e+01 2.21742706e+01 4.75311737e+01
  endloop
 endfacet
 facet normal 6.26508594e-01 -7.79414475e-01 1.38958370e-07
  outer loop
   vertex 6.71289597e+01 2.21742706e+01 4.75311737e+01
   vertex 6.96909866e+01 2.42120056e+01 4.15897751e+01
   vertex 6.96909866e+01 2.42120056e+01 4.75311737e+01
  endloop
 endfacet
 facet normal 6.26508474e-01 -7.79414594e-01 3.27003633e-08
  outer loop
   vertex 6.96909866e+01 2.42120056e+01 1.18827934e+01
   vertex 6.96909866e+01 2.42120056e+01 1.78241920e+01
   vertex 6.71289597e+01 2.21742706e+01 1.18827934e+01
  endloop
 endfacet
 facet normal 6.18403435e-01 -7.85860777e-01 4.08744576e-08
  outer loop
   vertex 6.71289597e+01 2.21742706e+01 1.18827934e+01
   vertex 6.96909866e+01 2.42120056e+01 1.78241920e+01
   vertex 6.71289597e+01 2.21742859e+01 1.78241920e+01
  endloop
 endfacet
 facet normal 6.50379062e-01 -7.59609818e-01 8.17552959e-09
  outer loop
   vertex 7.21887817e+01 2.63284454e+01 1.78241920e+01
   vertex 6.96909866e+01 2.42120056e+01 1.78241920e+01
   vertex 7.21887817e+01 2.63284454e+01 1.18827934e+01
  endloop
 endfacet
 facet normal 6.42496109e-01 -7.66288936e-01 1.63509206e-08
  outer loop
   vertex 7.21887817e+01 2.63284454e+01 1.18827934e+01
   vertex 6.96909866e+01 2.42120056e+01 1.78241920e+01
   vertex 6.96909866e+01 2.42120056e+01 1.18827934e+01
  endloop
 endfacet
 facet normal 6.42495990e-01 -7.66289055e-01 1.63512404e-08
  outer loop
   vertex 6.96909866e+01 2.42120056e+01 2.37655907e+01
   vertex 6.96909866e+01 2.42120056e+01 1.78241920e+01
   vertex 7.21887741e+01 2.63284454e+01 2.37655907e+01
  endloop
 endfacet
 facet normal 6.50379002e-01 -7.59609878e-01 8.17552959e-09
  outer loop
   vertex 7.21887741e+01 2.63284454e+01 2.37655907e+01
   vertex 6.96909866e+01 2.42120056e+01 1.78241920e+01
   vertex 7.21887817e+01 2.63284454e+01 1.78241920e+01
  endloop
 endfacet
 facet normal 6.18403673e-01 -7.85860598e-01 4.08744825e-08
  outer loop
   vertex 6.71289597e+01 2.21742859e+01 1.78241920e+01
   vertex 6.96909866e+01 2.42120056e+01 1.78241920e+01
   vertex 6.71289597e+01 2.21742706e+01 2.37655907e+01
  endloop
 endfacet
 facet normal 6.26508653e-01 -7.79414475e-01 3.27007079e-08
  outer loop
   vertex 6.71289597e+01 2.21742706e+01 2.37655907e+01
   vertex 6.96909866e+01 2.42120056e+01 1.78241920e+01
   vertex 6.96909866e+01 2.42120056e+01 2.37655907e+01
  endloop
 endfacet
 facet normal 9.52406108e-01 -3.04832071e-01 -3.13021275e-07
  outer loop
   vertex 1.06087662e+02 8.13056412e+01 4.15897751e+01
   vertex 1.05082443e+02 7.81888046e+01 4.15897751e+01
   vertex 1.06087662e+02 8.13056335e+01 3.56483765e+01
  endloop
 endfacet
 facet normal 9.50850189e-01 -3.09651226e-01 -2.50438688e-07
  outer loop
   vertex 1.06087662e+02 8.13056335e+01 3.56483765e+01
   vertex 1.05082443e+02 7.81888046e+01 4.15897751e+01
   vertex 1.05082443e+02 7.81888046e+01 3.56483765e+01
  endloop
 endfacet
 facet normal 9.50850189e-01 -3.09651226e-01 -3.86617728e-07
  outer loop
   vertex 1.05082443e+02 7.81888046e+01 4.75311737e+01
   vertex 1.05082443e+02 7.81888046e+01 4.15897751e+01
   vertex 1.06087662e+02 8.13056335e+01 4.75311737e+01
  endloop
 endfacet
 facet normal 9.52406108e-01 -3.04832011e-01 -3.81110652e-07
  outer loop
   vertex 1.06087662e+02 8.13056335e+01 4.75311737e+01
   vertex 1.05082443e+02 7.81888046e+01 4.15897751e+01
   vertex 1.06087662e+02 8.13056412e+01 4.15897751e+01
  endloop
 endfacet
 facet normal 9.45767164e-01 -3.24845284e-01 -6.26185681e-08
  outer loop
   vertex 1.04028244e+02 7.50888367e+01 4.15897751e+01
   vertex 1.05082443e+02 7.81888046e+01 4.15897751e+01
   vertex 1.04028244e+02 7.50888367e+01 4.75311737e+01
  endloop
 endfacet
 facet normal 9.47532833e-01 -3.19658518e-01 -1.93327509e-07
  outer loop
   vertex 1.04028244e+02 7.50888367e+01 4.75311737e+01
   vertex 1.05082443e+02 7.81888046e+01 4.15897751e+01
   vertex 1.05082443e+02 7.81888046e+01 4.75311737e+01
  endloop
 endfacet
 facet normal 9.47532833e-01 -3.19658399e-01 -1.25237548e-07
  outer loop
   vertex 1.05082443e+02 7.81888046e+01 3.56483765e+01
   vertex 1.05082443e+02 7.81888046e+01 4.15897751e+01
   vertex 1.04028244e+02 7.50888367e+01 3.56483765e+01
  endloop
 endfacet
 facet normal 9.45767224e-01 -3.24845195e-01 -6.26185681e-08
  outer loop
   vertex 1.04028244e+02 7.50888367e+01 3.56483765e+01
   vertex 1.05082443e+02 7.81888046e+01 4.15897751e+01
   vertex 1.04028244e+02 7.50888367e+01 4.15897751e+01
  endloop
 endfacet
 facet normal 9.76231337e-01 -2.16731146e-01 7.71521991e-06
  outer loop
   vertex 1.11945564e+02 1.03467056e+02 3.56483765e+01
   vertex 1.11945549e+02 1.03467056e+02 4.15897751e+01
   vertex 1.11228569e+02 1.00269936e+02 3.56483765e+01
  endloop
 endfacet
 facet normal 9.75308955e-01 -2.20844865e-01 1.98889506e-06
  outer loop
   vertex 1.11228569e+02 1.00269936e+02 3.56483765e+01
   vertex 1.11945549e+02 1.03467056e+02 4.15897751e+01
   vertex 1.11228569e+02 1.00269928e+02 4.15897751e+01
  endloop
 endfacet
 facet normal 9.78918135e-01 -2.04253048e-01 5.72347381e-05
  outer loop
   vertex 1.12621590e+02 1.06672997e+02 4.15897751e+01
   vertex 1.11945549e+02 1.03467056e+02 4.15897751e+01
   vertex 1.12622444e+02 1.06676056e+02 3.56572075e+01
  endloop
 endfacet
 facet normal 9.78030324e-01 -2.08462760e-01 5.03935262e-05
  outer loop
   vertex 1.12622444e+02 1.06676056e+02 3.56572075e+01
   vertex 1.11945549e+02 1.03467056e+02 4.15897751e+01
   vertex 1.11945564e+02 1.03467056e+02 3.56483765e+01
  endloop
 endfacet
 facet normal 9.78046477e-01 -2.08386973e-01 1.12905366e-06
  outer loop
   vertex 1.11945564e+02 1.03467056e+02 4.75311737e+01
   vertex 1.11945549e+02 1.03467056e+02 4.15897751e+01
   vertex 1.12621597e+02 1.06672997e+02 4.75311737e+01
  endloop
 endfacet
 facet normal 9.78930950e-01 -2.04191491e-01 1.41138426e-05
  outer loop
   vertex 1.12621597e+02 1.06672997e+02 4.75311737e+01
   vertex 1.11945549e+02 1.03467056e+02 4.15897751e+01
   vertex 1.12621590e+02 1.06672997e+02 4.15897751e+01
  endloop
 endfacet
 facet normal 9.75308955e-01 -2.20844939e-01 1.67696078e-06
  outer loop
   vertex 1.11228569e+02 1.00269928e+02 4.15897751e+01
   vertex 1.11945549e+02 1.03467056e+02 4.15897751e+01
   vertex 1.11228569e+02 1.00269928e+02 4.75311737e+01
  endloop
 endfacet
 facet normal 9.76234496e-01 -2.16716945e-01 1.25970178e-06
  outer loop
   vertex 1.11228569e+02 1.00269928e+02 4.75311737e+01
   vertex 1.11945549e+02 1.03467056e+02 4.15897751e+01
   vertex 1.11945564e+02 1.03467056e+02 4.75311737e+01
  endloop
 endfacet
 facet normal 9.92883265e-01 2.70077977e-02 -1.15988873e-01
  outer loop
   vertex 1.11168892e+02 9.99743576e+01 6.75006866e+00
   vertex 1.10593483e+02 9.75776672e+01 5.07170486e+00
   vertex 1.11248642e+02 1.00265114e+02 1.59293747e+00
  endloop
 endfacet
 facet normal 9.31932449e-01 2.94870526e-01 -2.11076483e-01
  outer loop
   vertex 1.11248642e+02 1.00265114e+02 1.59293747e+00
   vertex 1.10593483e+02 9.75776672e+01 5.07170486e+00
   vertex 1.11165146e+02 9.99118347e+01 7.96466827e-01
  endloop
 endfacet
 facet normal 9.72076654e-01 -2.34662250e-01 7.52734661e-04
  outer loop
   vertex 1.10593483e+02 9.75776672e+01 5.07170486e+00
   vertex 1.11168892e+02 9.99743576e+01 6.75006866e+00
   vertex 1.10501953e+02 9.72062531e+01 1.16653709e+01
  endloop
 endfacet
 facet normal 9.72949624e-01 -2.31016532e-01 6.59419340e-04
  outer loop
   vertex 1.10501953e+02 9.72062531e+01 1.16653709e+01
   vertex 1.11168892e+02 9.99743576e+01 6.75006866e+00
   vertex 1.11193459e+02 1.00098763e+02 1.20620804e+01
  endloop
 endfacet
 facet normal 9.70358431e-01 -2.41668999e-01 8.02472699e-04
  outer loop
   vertex 1.10593483e+02 9.75776672e+01 5.07170486e+00
   vertex 1.10501953e+02 9.72062531e+01 1.16653709e+01
   vertex 1.09705490e+02 9.40292130e+01 5.72397232e+00
  endloop
 endfacet
 facet normal 9.69447553e-01 -2.45298296e-01 3.81377526e-04
  outer loop
   vertex 1.09705490e+02 9.40292130e+01 5.72397232e+00
   vertex 1.10501953e+02 9.72062531e+01 1.16653709e+01
   vertex 1.09682610e+02 9.39363632e+01 1.18284416e+01
  endloop
 endfacet
 facet normal 9.59368348e-01 -2.82156736e-01 -1.22611013e-07
  outer loop
   vertex 1.07047913e+02 8.44385223e+01 3.56483765e+01
   vertex 1.07047913e+02 8.44385223e+01 2.97069817e+01
   vertex 1.07964828e+02 8.75842514e+01 3.56483765e+01
  endloop
 endfacet
 facet normal 9.60622072e-01 -2.77858257e-01 -6.13055136e-08
  outer loop
   vertex 1.07964828e+02 8.75842514e+01 3.56483765e+01
   vertex 1.07047913e+02 8.44385223e+01 2.97069817e+01
   vertex 1.07964828e+02 8.75842514e+01 2.97069817e+01
  endloop
 endfacet
 facet normal 9.55344856e-01 -2.95493215e-01 -3.12985264e-07
  outer loop
   vertex 1.06087662e+02 8.13056412e+01 2.97069817e+01
   vertex 1.07047913e+02 8.44385223e+01 2.97069817e+01
   vertex 1.06087662e+02 8.13056335e+01 3.56483765e+01
  endloop
 endfacet
 facet normal 9.56730843e-01 -2.90974468e-01 -2.49089851e-07
  outer loop
   vertex 1.06087662e+02 8.13056335e+01 3.56483765e+01
   vertex 1.07047913e+02 8.44385223e+01 2.97069817e+01
   vertex 1.07047913e+02 8.44385223e+01 3.56483765e+01
  endloop
 endfacet
 facet normal 9.56730843e-01 -2.90974438e-01 5.50687718e-09
  outer loop
   vertex 1.07047913e+02 8.44385223e+01 2.37655907e+01
   vertex 1.07047913e+02 8.44385223e+01 2.97069817e+01
   vertex 1.06087662e+02 8.13056335e+01 2.37655907e+01
  endloop
 endfacet
 facet normal 9.55344856e-01 -2.95493215e-01 -1.19694192e-07
  outer loop
   vertex 1.06087662e+02 8.13056335e+01 2.37655907e+01
   vertex 1.07047913e+02 8.44385223e+01 2.97069817e+01
   vertex 1.06087662e+02 8.13056412e+01 2.97069817e+01
  endloop
 endfacet
 facet normal 9.60622132e-01 -2.77858108e-01 -6.13046751e-08
  outer loop
   vertex 1.07964828e+02 8.75842514e+01 2.97069817e+01
   vertex 1.07047913e+02 8.44385223e+01 2.97069817e+01
   vertex 1.07964828e+02 8.75842514e+01 2.37655907e+01
  endloop
 endfacet
 facet normal 9.59368348e-01 -2.82156557e-01 -6.13046751e-08
  outer loop
   vertex 1.07964828e+02 8.75842514e+01 2.37655907e+01
   vertex 1.07047913e+02 8.44385223e+01 2.97069817e+01
   vertex 1.07047913e+02 8.44385223e+01 2.37655907e+01
  endloop
 endfacet
 facet normal 9.52406108e-01 -3.04832011e-01 -1.19729961e-07
  outer loop
   vertex 1.06087662e+02 8.13056412e+01 2.97069817e+01
   vertex 1.05082443e+02 7.81888046e+01 2.97069817e+01
   vertex 1.06087662e+02 8.13056335e+01 2.37655907e+01
  endloop
 endfacet
 facet normal 9.50850248e-01 -3.09651077e-01 7.35618073e-08
  outer loop
   vertex 1.06087662e+02 8.13056335e+01 2.37655907e+01
   vertex 1.05082443e+02 7.81888046e+01 2.97069817e+01
   vertex 1.05082443e+02 7.81888046e+01 2.37655907e+01
  endloop
 endfacet
 facet normal 9.50850248e-01 -3.09651107e-01 -2.50438887e-07
  outer loop
   vertex 1.05082443e+02 7.81888046e+01 3.56483765e+01
   vertex 1.05082443e+02 7.81888046e+01 2.97069817e+01
   vertex 1.06087662e+02 8.13056335e+01 3.56483765e+01
  endloop
 endfacet
 facet normal 9.52406108e-01 -3.04832011e-01 -3.13021673e-07
  outer loop
   vertex 1.06087662e+02 8.13056335e+01 3.56483765e+01
   vertex 1.05082443e+02 7.81888046e+01 2.97069817e+01
   vertex 1.06087662e+02 8.13056412e+01 2.97069817e+01
  endloop
 endfacet
 facet normal 9.45767283e-01 -3.24844897e-01 -6.26187671e-08
  outer loop
   vertex 1.04028244e+02 7.50888367e+01 2.97069817e+01
   vertex 1.05082443e+02 7.81888046e+01 2.97069817e+01
   vertex 1.04028244e+02 7.50888367e+01 3.56483765e+01
  endloop
 endfacet
 facet normal 9.47532892e-01 -3.19658309e-01 -1.25237747e-07
  outer loop
   vertex 1.04028244e+02 7.50888367e+01 3.56483765e+01
   vertex 1.05082443e+02 7.81888046e+01 2.97069817e+01
   vertex 1.05082443e+02 7.81888046e+01 3.56483765e+01
  endloop
 endfacet
 facet normal 9.47532892e-01 -3.19658279e-01 5.47181322e-09
  outer loop
   vertex 1.05082443e+02 7.81888046e+01 2.37655907e+01
   vertex 1.05082443e+02 7.81888046e+01 2.97069817e+01
   vertex 1.04028244e+02 7.50888367e+01 2.37655907e+01
  endloop
 endfacet
 facet normal 9.45767283e-01 -3.24844927e-01 -6.26187671e-08
  outer loop
   vertex 1.04028244e+02 7.50888367e+01 2.37655907e+01
   vertex 1.05082443e+02 7.81888046e+01 2.97069817e+01
   vertex 1.04028244e+02 7.50888367e+01 2.97069817e+01
  endloop
 endfacet
 facet normal 9.39965665e-01 -3.41269046e-01 -1.51553901e-16
  outer loop
   vertex 1.02921059e+02 7.20065384e+01 1.18827934e+01
   vertex 1.02921059e+02 7.20065384e+01 5.94139862e+00
   vertex 1.04028244e+02 7.50888367e+01 1.18827934e+01
  endloop
 endfacet
 facet normal 9.41909671e-01 -3.35865945e-01 5.17257315e-04
  outer loop
   vertex 1.04028244e+02 7.50888367e+01 1.18827934e+01
   vertex 1.02921059e+02 7.20065384e+01 5.94139862e+00
   vertex 1.04028244e+02 7.50888367e+01 5.94139862e+00
  endloop
 endfacet
 facet normal 9.33292747e-01 -3.59116346e-01 3.01820517e-04
  outer loop
   vertex 1.01756065e+02 6.89451141e+01 5.94139862e+00
   vertex 1.02921059e+02 7.20065384e+01 5.94139862e+00
   vertex 1.01756065e+02 6.89451141e+01 1.18827934e+01
  endloop
 endfacet
 facet normal 9.35622275e-01 -3.53002757e-01 -1.56764715e-16
  outer loop
   vertex 1.01756065e+02 6.89451141e+01 1.18827934e+01
   vertex 1.02921059e+02 7.20065384e+01 5.94139862e+00
   vertex 1.02921059e+02 7.20065384e+01 1.18827934e+01
  endloop
 endfacet
 facet normal 9.50860381e-01 -3.09619516e-01 4.93198168e-04
  outer loop
   vertex 1.05082443e+02 7.81888046e+01 1.18827934e+01
   vertex 1.05082443e+02 7.81888123e+01 5.94139862e+00
   vertex 1.06087662e+02 8.13056412e+01 1.18827934e+01
  endloop
 endfacet
 facet normal 9.52475131e-01 -3.04614902e-01 9.35065676e-04
  outer loop
   vertex 1.06087662e+02 8.13056412e+01 1.18827934e+01
   vertex 1.05082443e+02 7.81888123e+01 5.94139862e+00
   vertex 1.06087662e+02 8.13056412e+01 5.94139862e+00
  endloop
 endfacet
 facet normal 9.45703566e-01 -3.25028837e-01 1.01059338e-03
  outer loop
   vertex 1.04028244e+02 7.50888367e+01 5.94139862e+00
   vertex 1.05082443e+02 7.81888123e+01 5.94139862e+00
   vertex 1.04028244e+02 7.50888367e+01 1.18827934e+01
  endloop
 endfacet
 facet normal 9.47543383e-01 -3.19626808e-01 4.93268541e-04
  outer loop
   vertex 1.04028244e+02 7.50888367e+01 1.18827934e+01
   vertex 1.05082443e+02 7.81888123e+01 5.94139862e+00
   vertex 1.05082443e+02 7.81888046e+01 1.18827934e+01
  endloop
 endfacet
 facet normal 9.66373265e-01 -2.57143408e-01 1.97798457e-07
  outer loop
   vertex 1.08839973e+02 9.07396164e+01 4.75311737e+01
   vertex 1.08839973e+02 9.07396011e+01 4.15897751e+01
   vertex 1.09674980e+02 9.39054184e+01 4.75311737e+01
  endloop
 endfacet
 facet normal 9.67432916e-01 -2.53127635e-01 3.27251882e-07
  outer loop
   vertex 1.09674980e+02 9.39054184e+01 4.75311737e+01
   vertex 1.08839973e+02 9.07396011e+01 4.15897751e+01
   vertex 1.09674980e+02 9.39054031e+01 4.15897751e+01
  endloop
 endfacet
 facet normal 9.63021040e-01 -2.69426286e-01 1.37128481e-07
  outer loop
   vertex 1.07964828e+02 8.75842438e+01 4.15897751e+01
   vertex 1.08839973e+02 9.07396011e+01 4.15897751e+01
   vertex 1.07964828e+02 8.75842514e+01 4.75311737e+01
  endloop
 endfacet
 facet normal 9.64167893e-01 -2.65292823e-01 1.57354961e-07
  outer loop
   vertex 1.07964828e+02 8.75842514e+01 4.75311737e+01
   vertex 1.08839973e+02 9.07396011e+01 4.15897751e+01
   vertex 1.08839973e+02 9.07396164e+01 4.75311737e+01
  endloop
 endfacet
 facet normal 9.64167833e-01 -2.65293062e-01 1.33295018e-07
  outer loop
   vertex 1.08839973e+02 9.07396164e+01 3.56483765e+01
   vertex 1.08839973e+02 9.07396011e+01 4.15897751e+01
   vertex 1.07964828e+02 8.75842514e+01 3.56483765e+01
  endloop
 endfacet
 facet normal 9.63020980e-01 -2.69426316e-01 1.35850371e-07
  outer loop
   vertex 1.07964828e+02 8.75842514e+01 3.56483765e+01
   vertex 1.08839973e+02 9.07396011e+01 4.15897751e+01
   vertex 1.07964828e+02 8.75842438e+01 4.15897751e+01
  endloop
 endfacet
 facet normal 9.67432857e-01 -2.53127724e-01 2.84252849e-07
  outer loop
   vertex 1.09674980e+02 9.39054031e+01 4.15897751e+01
   vertex 1.08839973e+02 9.07396011e+01 4.15897751e+01
   vertex 1.09674980e+02 9.39054031e+01 3.56483765e+01
  endloop
 endfacet
 facet normal 9.66373146e-01 -2.57143706e-01 1.32017618e-07
  outer loop
   vertex 1.09674980e+02 9.39054031e+01 3.56483765e+01
   vertex 1.08839973e+02 9.07396011e+01 4.15897751e+01
   vertex 1.08839973e+02 9.07396164e+01 3.56483765e+01
  endloop
 endfacet
 facet normal 9.64170754e-01 -2.65282154e-01 -3.95064126e-04
  outer loop
   vertex 1.08839973e+02 9.07396164e+01 4.75311737e+01
   vertex 1.08839973e+02 9.07396164e+01 5.34725723e+01
   vertex 1.07964828e+02 8.75842514e+01 4.75311737e+01
  endloop
 endfacet
 facet normal 9.62976754e-01 -2.69583374e-01 -7.91265105e-04
  outer loop
   vertex 1.07964828e+02 8.75842514e+01 4.75311737e+01
   vertex 1.08839973e+02 9.07396164e+01 5.34725723e+01
   vertex 1.07964828e+02 8.75842438e+01 5.34725723e+01
  endloop
 endfacet
 facet normal 9.67476845e-01 -2.52958477e-01 -7.66781683e-04
  outer loop
   vertex 1.09674980e+02 9.39054031e+01 5.34725723e+01
   vertex 1.08839973e+02 9.07396164e+01 5.34725723e+01
   vertex 1.09674980e+02 9.39054184e+01 4.75311737e+01
  endloop
 endfacet
 facet normal 9.66376007e-01 -2.57132679e-01 -3.95023177e-04
  outer loop
   vertex 1.09674980e+02 9.39054184e+01 4.75311737e+01
   vertex 1.08839973e+02 9.07396164e+01 5.34725723e+01
   vertex 1.08839973e+02 9.07396164e+01 4.75311737e+01
  endloop
 endfacet
 facet normal 9.93205130e-01 3.65688279e-02 -1.10482097e-01
  outer loop
   vertex 1.12540550e+02 1.06225578e+02 1.95980492e+01
   vertex 1.12007858e+02 1.03741318e+02 1.74580727e+01
   vertex 1.12642471e+02 1.06668983e+02 1.59935951e+01
  endloop
 endfacet
 facet normal 9.27256107e-01 3.00204158e-01 -2.23771170e-01
  outer loop
   vertex 1.12642471e+02 1.06668983e+02 1.59935951e+01
   vertex 1.12007858e+02 1.03741318e+02 1.74580727e+01
   vertex 1.12449783e+02 1.05753685e+02 1.39381943e+01
  endloop
 endfacet
 facet normal 9.77395356e-01 -2.11418048e-01 8.22265516e-04
  outer loop
   vertex 1.12007858e+02 1.03741318e+02 1.74580727e+01
   vertex 1.12540550e+02 1.06225578e+02 1.95980492e+01
   vertex 1.11961136e+02 1.03535614e+02 2.36740608e+01
  endloop
 endfacet
 facet normal 9.78165746e-01 -2.07824692e-01 8.54177633e-04
  outer loop
   vertex 1.11961136e+02 1.03535614e+02 2.36740608e+01
   vertex 1.12540550e+02 1.06225578e+02 1.95980492e+01
   vertex 1.12568054e+02 1.06378319e+02 2.42178841e+01
  endloop
 endfacet
 facet normal 9.75963593e-01 -2.17932686e-01 6.67483662e-04
  outer loop
   vertex 1.12007858e+02 1.03741318e+02 1.74580727e+01
   vertex 1.11961136e+02 1.03535614e+02 2.36740608e+01
   vertex 1.11244148e+02 1.00338493e+02 1.77326622e+01
  endloop
 endfacet
 facet normal 9.75199044e-01 -2.21329570e-01 3.03753040e-04
  outer loop
   vertex 1.11244148e+02 1.00338493e+02 1.77326622e+01
   vertex 1.11961136e+02 1.03535614e+02 2.36740608e+01
   vertex 1.11232468e+02 1.00287071e+02 2.37427063e+01
  endloop
 endfacet
 facet normal 8.33770335e-01 -5.52110553e-01 -9.78705473e-04
  outer loop
   vertex 9.14332809e+01 4.85203552e+01 4.75311737e+01
   vertex 9.14332809e+01 4.85203552e+01 5.34725723e+01
   vertex 8.96115189e+01 4.58001404e+01 4.75311737e+01
  endloop
 endfacet
 facet normal 8.27945471e-01 -5.60803354e-01 -2.42173485e-03
  outer loop
   vertex 8.96115189e+01 4.58001404e+01 4.75311737e+01
   vertex 9.14332809e+01 4.85203552e+01 5.34725723e+01
   vertex 8.96115189e+01 4.58001404e+01 5.34725723e+01
  endloop
 endfacet
 facet normal 8.50660026e-01 -5.25710702e-01 -2.41606450e-03
  outer loop
   vertex 9.31691360e+01 5.12967377e+01 5.34725723e+01
   vertex 9.14332809e+01 4.85203552e+01 5.34725723e+01
   vertex 9.31691208e+01 5.12967377e+01 4.75311737e+01
  endloop
 endfacet
 facet normal 8.45127285e-01 -5.34564197e-01 -9.78835742e-04
  outer loop
   vertex 9.31691208e+01 5.12967377e+01 4.75311737e+01
   vertex 9.14332809e+01 4.85203552e+01 5.34725723e+01
   vertex 9.14332809e+01 4.85203552e+01 4.75311737e+01
  endloop
 endfacet
 facet normal 9.93936956e-01 5.59171401e-02 -9.46708918e-02
  outer loop
   vertex 1.14798500e+02 1.18819092e+02 4.53235435e+01
   vertex 1.14370285e+02 1.16161087e+02 4.22462234e+01
   vertex 1.14922668e+02 1.19573051e+02 4.48720016e+01
  endloop
 endfacet
 facet normal 9.38513637e-01 2.84471095e-01 -1.95622921e-01
  outer loop
   vertex 1.14922668e+02 1.19573051e+02 4.48720016e+01
   vertex 1.14370285e+02 1.16161087e+02 4.22462234e+01
   vertex 1.14595100e+02 1.17511230e+02 4.02601891e+01
  endloop
 endfacet
 facet normal 9.86760497e-01 -1.62178636e-01 1.35971466e-03
  outer loop
   vertex 1.14370285e+02 1.16161087e+02 4.22462234e+01
   vertex 1.14798500e+02 1.18819092e+02 4.53235435e+01
   vertex 1.14389557e+02 1.16294525e+02 4.76952820e+01
  endloop
 endfacet
 facet normal 9.87306654e-01 -1.58819094e-01 1.41817564e-03
  outer loop
   vertex 1.14389557e+02 1.16294525e+02 4.76952820e+01
   vertex 1.14798500e+02 1.18819092e+02 4.53235435e+01
   vertex 1.14819267e+02 1.18972481e+02 4.84646149e+01
  endloop
 endfacet
 facet normal 9.85214591e-01 -1.71322525e-01 9.15081531e-04
  outer loop
   vertex 1.13841179e+02 1.13064484e+02 4.17538834e+01
   vertex 1.14370285e+02 1.16161087e+02 4.22462234e+01
   vertex 1.13845993e+02 1.13097847e+02 4.75721970e+01
  endloop
 endfacet
 facet normal 9.85896230e-01 -1.67356417e-01 6.80021767e-04
  outer loop
   vertex 1.13845993e+02 1.13097847e+02 4.75721970e+01
   vertex 1.14370285e+02 1.16161087e+02 4.22462234e+01
   vertex 1.14389557e+02 1.16294525e+02 4.76952820e+01
  endloop
 endfacet
 facet normal 9.56730843e-01 -2.90974408e-01 -3.15763543e-07
  outer loop
   vertex 1.07047913e+02 8.44385223e+01 4.75311737e+01
   vertex 1.07047913e+02 8.44385147e+01 5.34725723e+01
   vertex 1.06087662e+02 8.13056335e+01 4.75311737e+01
  endloop
 endfacet
 facet normal 9.55402315e-01 -2.95307070e-01 -4.42183344e-04
  outer loop
   vertex 1.06087662e+02 8.13056335e+01 4.75311737e+01
   vertex 1.07047913e+02 8.44385147e+01 5.34725723e+01
   vertex 1.06087662e+02 8.13056335e+01 5.34725723e+01
  endloop
 endfacet
 facet normal 9.60573554e-01 -2.78025746e-01 -3.96236515e-04
  outer loop
   vertex 1.07964828e+02 8.75842438e+01 5.34725723e+01
   vertex 1.07047913e+02 8.44385147e+01 5.34725723e+01
   vertex 1.07964828e+02 8.75842514e+01 4.75311737e+01
  endloop
 endfacet
 facet normal 9.59368348e-01 -2.82156676e-01 -1.19917459e-07
  outer loop
   vertex 1.07964828e+02 8.75842514e+01 4.75311737e+01
   vertex 1.07047913e+02 8.44385147e+01 5.34725723e+01
   vertex 1.07047913e+02 8.44385223e+01 4.75311737e+01
  endloop
 endfacet
 facet normal 9.52475131e-01 -3.04614902e-01 -9.35373886e-04
  outer loop
   vertex 1.06087662e+02 8.13056335e+01 5.34725723e+01
   vertex 1.05082443e+02 7.81888046e+01 5.34725723e+01
   vertex 1.06087662e+02 8.13056335e+01 4.75311737e+01
  endloop
 endfacet
 facet normal 9.50860381e-01 -3.09619606e-01 -4.93573141e-04
  outer loop
   vertex 1.06087662e+02 8.13056335e+01 4.75311737e+01
   vertex 1.05082443e+02 7.81888046e+01 5.34725723e+01
   vertex 1.05082443e+02 7.81888046e+01 4.75311737e+01
  endloop
 endfacet
 facet normal 9.47543323e-01 -3.19627017e-01 -4.93382162e-04
  outer loop
   vertex 1.05082443e+02 7.81888046e+01 4.75311737e+01
   vertex 1.05082443e+02 7.81888046e+01 5.34725723e+01
   vertex 1.04028244e+02 7.50888367e+01 4.75311737e+01
  endloop
 endfacet
 facet normal 9.45703387e-01 -3.25029343e-01 -1.01027358e-03
  outer loop
   vertex 1.04028244e+02 7.50888367e+01 4.75311737e+01
   vertex 1.05082443e+02 7.81888046e+01 5.34725723e+01
   vertex 1.04028244e+02 7.50888367e+01 5.34725723e+01
  endloop
 endfacet
 facet normal 9.63772118e-01 1.11033082e-01 2.42517978e-01
  outer loop
   vertex 1.15177986e+02 1.21493561e+02 5.34725723e+01
   vertex 1.15433319e+02 1.23414085e+02 5.34725723e+01
   vertex 1.15349808e+02 1.22819946e+02 5.94139709e+01
  endloop
 endfacet
 facet normal 7.64988482e-01 4.13077861e-01 4.94124770e-01
  outer loop
   vertex 1.15349808e+02 1.22819946e+02 5.94139709e+01
   vertex 1.15433319e+02 1.23414085e+02 5.34725723e+01
   vertex 1.15776947e+02 1.26066841e+02 5.94139709e+01
  endloop
 endfacet
 facet normal 9.25401032e-01 -3.78989369e-01 -2.61342763e-07
  outer loop
   vertex 1.00528427e+02 6.59077759e+01 4.75311737e+01
   vertex 1.00528427e+02 6.59077835e+01 4.15897751e+01
   vertex 1.01756065e+02 6.89451141e+01 4.75311737e+01
  endloop
 endfacet
 facet normal 9.28187966e-01 -3.72111738e-01 -1.30670145e-07
  outer loop
   vertex 1.01756065e+02 6.89451141e+01 4.75311737e+01
   vertex 1.00528427e+02 6.59077835e+01 4.15897751e+01
   vertex 1.01756065e+02 6.89451141e+01 4.15897751e+01
  endloop
 endfacet
 facet normal 9.15781081e-01 -4.01677698e-01 -1.78380731e-16
  outer loop
   vertex 9.92285461e+01 6.29017487e+01 4.15897751e+01
   vertex 1.00528427e+02 6.59077835e+01 4.15897751e+01
   vertex 9.92285461e+01 6.29017487e+01 4.75311737e+01
  endloop
 endfacet
 facet normal 9.19206381e-01 -3.93776059e-01 -1.30675105e-07
  outer loop
   vertex 9.92285461e+01 6.29017487e+01 4.75311737e+01
   vertex 1.00528427e+02 6.59077835e+01 4.15897751e+01
   vertex 1.00528427e+02 6.59077759e+01 4.75311737e+01
  endloop
 endfacet
 facet normal 9.19206440e-01 -3.93775940e-01 1.30675105e-07
  outer loop
   vertex 1.00528427e+02 6.59077759e+01 3.56483765e+01
   vertex 1.00528427e+02 6.59077835e+01 4.15897751e+01
   vertex 9.92285461e+01 6.29017487e+01 3.56483765e+01
  endloop
 endfacet
 facet normal 9.15781140e-01 -4.01677549e-01 -1.78380665e-16
  outer loop
   vertex 9.92285461e+01 6.29017487e+01 3.56483765e+01
   vertex 1.00528427e+02 6.59077835e+01 4.15897751e+01
   vertex 9.92285461e+01 6.29017487e+01 4.15897751e+01
  endloop
 endfacet
 facet normal 9.28187907e-01 -3.72111797e-01 1.30670131e-07
  outer loop
   vertex 1.01756065e+02 6.89451141e+01 4.15897751e+01
   vertex 1.00528427e+02 6.59077835e+01 4.15897751e+01
   vertex 1.01756065e+02 6.89451141e+01 3.56483765e+01
  endloop
 endfacet
 facet normal 9.25401032e-01 -3.78989398e-01 2.61342734e-07
  outer loop
   vertex 1.01756065e+02 6.89451141e+01 3.56483765e+01
   vertex 1.00528427e+02 6.59077835e+01 4.15897751e+01
   vertex 1.00528427e+02 6.59077759e+01 3.56483765e+01
  endloop
 endfacet
 facet normal 9.86093581e-01 -1.66190907e-01 -1.35634487e-04
  outer loop
   vertex 1.14395973e+02 1.16339005e+02 5.34725723e+01
   vertex 1.13847603e+02 1.13108978e+02 5.34725723e+01
   vertex 1.14389557e+02 1.16294525e+02 4.76952820e+01
  endloop
 endfacet
 facet normal 9.85388577e-01 -1.70321062e-01 -1.75296649e-04
  outer loop
   vertex 1.14389557e+02 1.16294525e+02 4.76952820e+01
   vertex 1.13847603e+02 1.13108978e+02 5.34725723e+01
   vertex 1.13845993e+02 1.13097847e+02 4.75721970e+01
  endloop
 endfacet
 facet normal 9.81500983e-01 -1.91456735e-01 -3.95915733e-04
  outer loop
   vertex 1.13255875e+02 1.09886971e+02 4.75311737e+01
   vertex 1.13255875e+02 1.09886978e+02 5.34725723e+01
   vertex 1.12621597e+02 1.06672997e+02 4.75311737e+01
  endloop
 endfacet
 facet normal 9.80627954e-01 -1.95877850e-01 -8.02513619e-04
  outer loop
   vertex 1.12621597e+02 1.06672997e+02 4.75311737e+01
   vertex 1.13255875e+02 1.09886978e+02 5.34725723e+01
   vertex 1.12621597e+02 1.06672997e+02 5.34725723e+01
  endloop
 endfacet
 facet normal 9.83974755e-01 -1.78306162e-01 -7.34788424e-04
  outer loop
   vertex 1.13847603e+02 1.13108978e+02 5.34725723e+01
   vertex 1.13255875e+02 1.09886978e+02 5.34725723e+01
   vertex 1.13845993e+02 1.13097847e+02 4.75721970e+01
  endloop
 endfacet
 facet normal 9.83134627e-01 -1.82882860e-01 -3.31982039e-04
  outer loop
   vertex 1.13845993e+02 1.13097847e+02 4.75721970e+01
   vertex 1.13255875e+02 1.09886978e+02 5.34725723e+01
   vertex 1.13255875e+02 1.09886971e+02 4.75311737e+01
  endloop
 endfacet
 facet normal 9.93045628e-01 6.86560497e-02 -9.56382751e-02
  outer loop
   vertex 1.15042168e+02 1.20449280e+02 4.87949257e+01
   vertex 1.14978348e+02 1.19969147e+02 4.66447792e+01
   vertex 1.15089684e+02 1.20761337e+02 4.75311737e+01
  endloop
 endfacet
 facet normal 9.36878502e-01 2.91399539e-01 -1.93248630e-01
  outer loop
   vertex 1.15089684e+02 1.20761337e+02 4.75311737e+01
   vertex 1.14978348e+02 1.19969147e+02 4.66447792e+01
   vertex 1.15006172e+02 1.20167198e+02 4.62015877e+01
  endloop
 endfacet
 facet normal 9.35718894e-01 -3.52746457e-01 -3.19690967e-04
  outer loop
   vertex 1.02921059e+02 7.20065384e+01 4.75311737e+01
   vertex 1.02921059e+02 7.20065384e+01 5.34725723e+01
   vertex 1.01756065e+02 6.89451141e+01 4.75311737e+01
  endloop
 endfacet
 facet normal 9.33390439e-01 -3.58860314e-01 -1.26057910e-03
  outer loop
   vertex 1.01756065e+02 6.89451141e+01 4.75311737e+01
   vertex 1.02921059e+02 7.20065384e+01 5.34725723e+01
   vertex 1.01756065e+02 6.89451141e+01 5.34725723e+01
  endloop
 endfacet
 facet normal 9.42001224e-01 -3.35608333e-01 -8.36577208e-04
  outer loop
   vertex 1.04028244e+02 7.50888367e+01 5.34725723e+01
   vertex 1.02921059e+02 7.20065384e+01 5.34725723e+01
   vertex 1.04028244e+02 7.50888367e+01 4.75311737e+01
  endloop
 endfacet
 facet normal 9.40059006e-01 -3.41011703e-01 -3.19556915e-04
  outer loop
   vertex 1.04028244e+02 7.50888367e+01 4.75311737e+01
   vertex 1.02921059e+02 7.20065384e+01 5.34725723e+01
   vertex 1.02921059e+02 7.20065384e+01 4.75311737e+01
  endloop
 endfacet
 facet normal 9.83052790e-01 -1.83322087e-01 5.16341475e-04
  outer loop
   vertex 1.13255875e+02 1.09886971e+02 4.15897751e+01
   vertex 1.13841179e+02 1.13064484e+02 4.17538834e+01
   vertex 1.13255875e+02 1.09886971e+02 4.75311737e+01
  endloop
 endfacet
 facet normal 9.83873487e-01 -1.78865060e-01 4.62569296e-04
  outer loop
   vertex 1.13255875e+02 1.09886971e+02 4.75311737e+01
   vertex 1.13841179e+02 1.13064484e+02 4.17538834e+01
   vertex 1.13845993e+02 1.13097847e+02 4.75721970e+01
  endloop
 endfacet
 facet normal 9.80629623e-01 -1.95871145e-01 1.29776483e-04
  outer loop
   vertex 1.12621590e+02 1.06672997e+02 4.15897751e+01
   vertex 1.13255875e+02 1.09886971e+02 4.15897751e+01
   vertex 1.12621597e+02 1.06672997e+02 4.75311737e+01
  endloop
 endfacet
 facet normal 9.81470466e-01 -1.91613555e-01 1.29888445e-04
  outer loop
   vertex 1.12621597e+02 1.06672997e+02 4.75311737e+01
   vertex 1.13255875e+02 1.09886971e+02 4.15897751e+01
   vertex 1.13255875e+02 1.09886971e+02 4.75311737e+01
  endloop
 endfacet
 facet normal 9.81350601e-01 -1.92226142e-01 2.88327661e-04
  outer loop
   vertex 1.13255875e+02 1.09886971e+02 4.15897751e+01
   vertex 1.12621590e+02 1.06672997e+02 4.15897751e+01
   vertex 1.13259247e+02 1.09899170e+02 3.56837044e+01
  endloop
 endfacet
 facet normal 9.80522990e-01 -1.96404189e-01 2.13742067e-04
  outer loop
   vertex 1.13259247e+02 1.09899170e+02 3.56837044e+01
   vertex 1.12621590e+02 1.06672997e+02 4.15897751e+01
   vertex 1.12622444e+02 1.06676056e+02 3.56572075e+01
  endloop
 endfacet
 facet normal 9.63021040e-01 -2.69426256e-01 -1.07959330e-07
  outer loop
   vertex 1.07964828e+02 8.75842514e+01 2.97069817e+01
   vertex 1.08839973e+02 9.07396164e+01 2.97069855e+01
   vertex 1.07964828e+02 8.75842514e+01 3.56483765e+01
  endloop
 endfacet
 facet normal 9.64167774e-01 -2.65293181e-01 -1.07959330e-07
  outer loop
   vertex 1.07964828e+02 8.75842514e+01 3.56483765e+01
   vertex 1.08839973e+02 9.07396164e+01 2.97069855e+01
   vertex 1.08839973e+02 9.07396164e+01 3.56483765e+01
  endloop
 endfacet
 facet normal 9.64167893e-01 -2.65292764e-01 -2.15917069e-07
  outer loop
   vertex 1.08839973e+02 9.07396164e+01 2.37655907e+01
   vertex 1.08839973e+02 9.07396164e+01 2.97069855e+01
   vertex 1.07964828e+02 8.75842514e+01 2.37655907e+01
  endloop
 endfacet
 facet normal 9.63021040e-01 -2.69426107e-01 -1.07958492e-07
  outer loop
   vertex 1.07964828e+02 8.75842514e+01 2.37655907e+01
   vertex 1.08839973e+02 9.07396164e+01 2.97069855e+01
   vertex 1.07964828e+02 8.75842514e+01 2.97069817e+01
  endloop
 endfacet
 facet normal 9.67432797e-01 -2.53128022e-01 -3.27709330e-07
  outer loop
   vertex 1.09674980e+02 9.39054031e+01 2.97069817e+01
   vertex 1.08839973e+02 9.07396164e+01 2.97069855e+01
   vertex 1.09674980e+02 9.39054184e+01 2.37655907e+01
  endloop
 endfacet
 facet normal 9.66373205e-01 -2.57143497e-01 -3.26431149e-07
  outer loop
   vertex 1.09674980e+02 9.39054184e+01 2.37655907e+01
   vertex 1.08839973e+02 9.07396164e+01 2.97069855e+01
   vertex 1.08839973e+02 9.07396164e+01 2.37655907e+01
  endloop
 endfacet
 facet normal 9.66373146e-01 -2.57143795e-01 -1.09236467e-07
  outer loop
   vertex 1.08839973e+02 9.07396164e+01 3.56483765e+01
   vertex 1.08839973e+02 9.07396164e+01 2.97069855e+01
   vertex 1.09674980e+02 9.39054031e+01 3.56483765e+01
  endloop
 endfacet
 facet normal 9.67432797e-01 -2.53128052e-01 -2.18473119e-07
  outer loop
   vertex 1.09674980e+02 9.39054031e+01 3.56483765e+01
   vertex 1.08839973e+02 9.07396164e+01 2.97069855e+01
   vertex 1.09674980e+02 9.39054031e+01 2.97069817e+01
  endloop
 endfacet
 facet normal 9.73419666e-01 -2.29028687e-01 2.53440817e-07
  outer loop
   vertex 1.11228569e+02 1.00269928e+02 4.15897751e+01
   vertex 1.10471443e+02 9.70824432e+01 4.15897751e+01
   vertex 1.11228569e+02 1.00269936e+02 3.56483765e+01
  endloop
 endfacet
 facet normal 9.72456098e-01 -2.33086109e-01 2.53440902e-07
  outer loop
   vertex 1.11228569e+02 1.00269936e+02 3.56483765e+01
   vertex 1.10471443e+02 9.70824432e+01 4.15897751e+01
   vertex 1.10471443e+02 9.70824432e+01 3.56483765e+01
  endloop
 endfacet
 facet normal 9.72456038e-01 -2.33086258e-01 -6.23241903e-08
  outer loop
   vertex 1.10471443e+02 9.70824432e+01 4.75311737e+01
   vertex 1.10471443e+02 9.70824432e+01 4.15897751e+01
   vertex 1.11228569e+02 1.00269928e+02 4.75311737e+01
  endloop
 endfacet
 facet normal 9.73419666e-01 -2.29028761e-01 -5.84932494e-08
  outer loop
   vertex 1.11228569e+02 1.00269928e+02 4.75311737e+01
   vertex 1.10471443e+02 9.70824432e+01 4.15897751e+01
   vertex 1.11228569e+02 1.00269928e+02 4.15897751e+01
  endloop
 endfacet
 facet normal 9.69492197e-01 -2.45122269e-01 2.42056274e-07
  outer loop
   vertex 1.09674980e+02 9.39054031e+01 4.15897751e+01
   vertex 1.10471443e+02 9.70824432e+01 4.15897751e+01
   vertex 1.09674980e+02 9.39054184e+01 4.75311737e+01
  endloop
 endfacet
 facet normal 9.70492125e-01 -2.41132870e-01 1.11316616e-07
  outer loop
   vertex 1.09674980e+02 9.39054184e+01 4.75311737e+01
   vertex 1.10471443e+02 9.70824432e+01 4.15897751e+01
   vertex 1.10471443e+02 9.70824432e+01 4.75311737e+01
  endloop
 endfacet
 facet normal 9.70492125e-01 -2.41132870e-01 7.21486160e-08
  outer loop
   vertex 1.10471443e+02 9.70824432e+01 3.56483765e+01
   vertex 1.10471443e+02 9.70824432e+01 4.15897751e+01
   vertex 1.09674980e+02 9.39054031e+01 3.56483765e+01
  endloop
 endfacet
 facet normal 9.69492137e-01 -2.45122343e-01 1.99057268e-07
  outer loop
   vertex 1.09674980e+02 9.39054031e+01 3.56483765e+01
   vertex 1.10471443e+02 9.70824432e+01 4.15897751e+01
   vertex 1.09674980e+02 9.39054031e+01 4.15897751e+01
  endloop
 endfacet
 facet normal 9.72456634e-01 -2.33083993e-01 -9.02927525e-07
  outer loop
   vertex 1.10471443e+02 9.70824432e+01 3.56483765e+01
   vertex 1.10471451e+02 9.70824432e+01 2.97069817e+01
   vertex 1.11228569e+02 1.00269936e+02 3.56483765e+01
  endloop
 endfacet
 facet normal 9.73419726e-01 -2.29028344e-01 -2.20710874e-07
  outer loop
   vertex 1.11228569e+02 1.00269936e+02 3.56483765e+01
   vertex 1.10471451e+02 9.70824432e+01 2.97069817e+01
   vertex 1.11228569e+02 1.00269928e+02 2.97069817e+01
  endloop
 endfacet
 facet normal 9.69492614e-01 -2.45120451e-01 -1.21878247e-06
  outer loop
   vertex 1.09674980e+02 9.39054031e+01 2.97069817e+01
   vertex 1.10471451e+02 9.70824432e+01 2.97069817e+01
   vertex 1.09674980e+02 9.39054031e+01 3.56483765e+01
  endloop
 endfacet
 facet normal 9.70492661e-01 -2.41130754e-01 -1.08421932e-06
  outer loop
   vertex 1.09674980e+02 9.39054031e+01 3.56483765e+01
   vertex 1.10471451e+02 9.70824432e+01 2.97069817e+01
   vertex 1.10471443e+02 9.70824432e+01 3.56483765e+01
  endloop
 endfacet
 facet normal 9.70494151e-01 -2.41124555e-01 -2.59200147e-06
  outer loop
   vertex 1.10471443e+02 9.70824432e+01 2.37655907e+01
   vertex 1.10471451e+02 9.70824432e+01 2.97069817e+01
   vertex 1.09674980e+02 9.39054184e+01 2.37655907e+01
  endloop
 endfacet
 facet normal 9.69492614e-01 -2.45120436e-01 -1.32801858e-06
  outer loop
   vertex 1.09674980e+02 9.39054184e+01 2.37655907e+01
   vertex 1.10471451e+02 9.70824432e+01 2.97069817e+01
   vertex 1.09674980e+02 9.39054031e+01 2.97069817e+01
  endloop
 endfacet
 facet normal 9.72457707e-01 -2.33079433e-01 -1.77522304e-06
  outer loop
   vertex 1.10471451e+02 9.70824432e+01 2.97069817e+01
   vertex 1.10471443e+02 9.70824432e+01 2.37655907e+01
   vertex 1.11228569e+02 1.00269928e+02 2.97069817e+01
  endloop
 endfacet
 facet normal 9.73421037e-01 -2.29022861e-01 -4.67558806e-07
  outer loop
   vertex 1.11228569e+02 1.00269928e+02 2.97069817e+01
   vertex 1.10471443e+02 9.70824432e+01 2.37655907e+01
   vertex 1.11232468e+02 1.00287071e+02 2.37427063e+01
  endloop
 endfacet
 facet normal 9.93493438e-01 4.54227738e-02 -1.04439057e-01
  outer loop
   vertex 1.13752487e+02 1.12508041e+02 3.24534035e+01
   vertex 1.13269356e+02 1.09935783e+02 2.98482895e+01
   vertex 1.13869286e+02 1.13104958e+02 3.04135284e+01
  endloop
 endfacet
 facet normal 9.32615221e-01 2.91960835e-01 -2.12103084e-01
  outer loop
   vertex 1.13869286e+02 1.13104958e+02 3.04135284e+01
   vertex 1.13269356e+02 1.09935783e+02 2.98482895e+01
   vertex 1.13596291e+02 1.11617996e+02 2.70895615e+01
  endloop
 endfacet
 facet normal 9.82358515e-01 -1.87003583e-01 1.18964503e-03
  outer loop
   vertex 1.13269356e+02 1.09935783e+02 2.98482895e+01
   vertex 1.13752487e+02 1.12508041e+02 3.24534035e+01
   vertex 1.13259247e+02 1.09899170e+02 3.56837044e+01
  endloop
 endfacet
 facet normal 9.83040571e-01 -1.83384299e-01 1.19580724e-03
  outer loop
   vertex 1.13259247e+02 1.09899170e+02 3.56837044e+01
   vertex 1.13752487e+02 1.12508041e+02 3.24534035e+01
   vertex 1.13781281e+02 1.12689888e+02 3.63760109e+01
  endloop
 endfacet
 facet normal 9.80396211e-01 -1.97034404e-01 8.56787257e-04
  outer loop
   vertex 1.12624962e+02 1.06685204e+02 2.97423096e+01
   vertex 1.13269356e+02 1.09935783e+02 2.98482895e+01
   vertex 1.12622444e+02 1.06676056e+02 3.56572075e+01
  endloop
 endfacet
 facet normal 9.81168926e-01 -1.93150282e-01 7.00016564e-04
  outer loop
   vertex 1.12622444e+02 1.06676056e+02 3.56572075e+01
   vertex 1.13269356e+02 1.09935783e+02 2.98482895e+01
   vertex 1.13259247e+02 1.09899170e+02 3.56837044e+01
  endloop
 endfacet
 facet normal 9.41986322e-01 -3.35651308e-01 -1.49059124e-16
  outer loop
   vertex 1.04028244e+02 7.50888367e+01 4.15897751e+01
   vertex 1.02921059e+02 7.20065384e+01 4.15897751e+01
   vertex 1.04028244e+02 7.50888367e+01 3.56483765e+01
  endloop
 endfacet
 facet normal 9.39965725e-01 -3.41268837e-01 -1.51553808e-16
  outer loop
   vertex 1.04028244e+02 7.50888367e+01 3.56483765e+01
   vertex 1.02921059e+02 7.20065384e+01 4.15897751e+01
   vertex 1.02921059e+02 7.20065384e+01 3.56483765e+01
  endloop
 endfacet
 facet normal 9.39965725e-01 -3.41268897e-01 -1.51553835e-16
  outer loop
   vertex 1.02921059e+02 7.20065384e+01 4.75311737e+01
   vertex 1.02921059e+02 7.20065384e+01 4.15897751e+01
   vertex 1.04028244e+02 7.50888367e+01 4.75311737e+01
  endloop
 endfacet
 facet normal 9.41986263e-01 -3.35651398e-01 -1.49059164e-16
  outer loop
   vertex 1.04028244e+02 7.50888367e+01 4.75311737e+01
   vertex 1.02921059e+02 7.20065384e+01 4.15897751e+01
   vertex 1.04028244e+02 7.50888367e+01 4.15897751e+01
  endloop
 endfacet
 facet normal 9.33292925e-01 -3.59116048e-01 -1.30668539e-07
  outer loop
   vertex 1.01756065e+02 6.89451141e+01 4.15897751e+01
   vertex 1.02921059e+02 7.20065384e+01 4.15897751e+01
   vertex 1.01756065e+02 6.89451141e+01 4.75311737e+01
  endloop
 endfacet
 facet normal 9.35622394e-01 -3.53002459e-01 -1.30668539e-07
  outer loop
   vertex 1.01756065e+02 6.89451141e+01 4.75311737e+01
   vertex 1.02921059e+02 7.20065384e+01 4.15897751e+01
   vertex 1.02921059e+02 7.20065384e+01 4.75311737e+01
  endloop
 endfacet
 facet normal 9.35622334e-01 -3.53002578e-01 1.30668525e-07
  outer loop
   vertex 1.02921059e+02 7.20065384e+01 3.56483765e+01
   vertex 1.02921059e+02 7.20065384e+01 4.15897751e+01
   vertex 1.01756065e+02 6.89451141e+01 3.56483765e+01
  endloop
 endfacet
 facet normal 9.33292925e-01 -3.59116107e-01 1.30668525e-07
  outer loop
   vertex 1.01756065e+02 6.89451141e+01 3.56483765e+01
   vertex 1.02921059e+02 7.20065384e+01 4.15897751e+01
   vertex 1.01756065e+02 6.89451141e+01 4.15897751e+01
  endloop
 endfacet
 facet normal 9.77969885e-01 -2.08745763e-01 4.06981475e-04
  outer loop
   vertex 1.11945564e+02 1.03467056e+02 2.97069817e+01
   vertex 1.12624962e+02 1.06685204e+02 2.97423096e+01
   vertex 1.11945564e+02 1.03467056e+02 3.56483765e+01
  endloop
 endfacet
 facet normal 9.78866696e-01 -2.04498902e-01 3.63673695e-04
  outer loop
   vertex 1.11945564e+02 1.03467056e+02 3.56483765e+01
   vertex 1.12624962e+02 1.06685204e+02 2.97423096e+01
   vertex 1.12622444e+02 1.06676056e+02 3.56572075e+01
  endloop
 endfacet
 facet normal 9.75284755e-01 -2.20951602e-01 8.70562872e-05
  outer loop
   vertex 1.11228569e+02 1.00269928e+02 2.97069817e+01
   vertex 1.11945564e+02 1.03467056e+02 2.97069817e+01
   vertex 1.11228569e+02 1.00269936e+02 3.56483765e+01
  endloop
 endfacet
 facet normal 9.76207972e-01 -2.16836214e-01 9.21004321e-05
  outer loop
   vertex 1.11228569e+02 1.00269936e+02 3.56483765e+01
   vertex 1.11945564e+02 1.03467056e+02 2.97069817e+01
   vertex 1.11945564e+02 1.03467056e+02 3.56483765e+01
  endloop
 endfacet
 facet normal 9.76104796e-01 -2.17300311e-01 1.82221367e-04
  outer loop
   vertex 1.11961136e+02 1.03535614e+02 2.36740608e+01
   vertex 1.11945564e+02 1.03467056e+02 2.97069817e+01
   vertex 1.11232468e+02 1.00287071e+02 2.37427063e+01
  endloop
 endfacet
 facet normal 9.75285053e-01 -2.20950231e-01 8.70731164e-05
  outer loop
   vertex 1.11232468e+02 1.00287071e+02 2.37427063e+01
   vertex 1.11945564e+02 1.03467056e+02 2.97069817e+01
   vertex 1.11228569e+02 1.00269928e+02 2.97069817e+01
  endloop
 endfacet
 facet normal 9.70431566e-01 -2.41376355e-01 9.33497286e-05
  outer loop
   vertex 1.10501953e+02 9.72062531e+01 1.16653709e+01
   vertex 1.10471443e+02 9.70824585e+01 1.78241920e+01
   vertex 1.09682610e+02 9.39363632e+01 1.18284416e+01
  endloop
 endfacet
 facet normal 9.69498575e-01 -2.45096833e-01 2.66081115e-05
  outer loop
   vertex 1.09682610e+02 9.39363632e+01 1.18284416e+01
   vertex 1.10471443e+02 9.70824585e+01 1.78241920e+01
   vertex 1.09674980e+02 9.39054184e+01 1.78241920e+01
  endloop
 endfacet
 facet normal 9.73241568e-01 -2.29783550e-01 5.66085626e-04
  outer loop
   vertex 1.11244148e+02 1.00338493e+02 1.77326622e+01
   vertex 1.10471443e+02 9.70824585e+01 1.78241920e+01
   vertex 1.11193459e+02 1.00098763e+02 1.20620804e+01
  endloop
 endfacet
 facet normal 9.72212315e-01 -2.34100595e-01 4.21128236e-04
  outer loop
   vertex 1.11193459e+02 1.00098763e+02 1.20620804e+01
   vertex 1.10471443e+02 9.70824585e+01 1.78241920e+01
   vertex 1.10501953e+02 9.72062531e+01 1.16653709e+01
  endloop
 endfacet
 facet normal 9.72452879e-01 -2.33099550e-01 5.32462436e-05
  outer loop
   vertex 1.10471443e+02 9.70824432e+01 2.37655907e+01
   vertex 1.10471443e+02 9.70824585e+01 1.78241920e+01
   vertex 1.11232468e+02 1.00287071e+02 2.37427063e+01
  endloop
 endfacet
 facet normal 9.73413050e-01 -2.29056612e-01 2.62319343e-04
  outer loop
   vertex 1.11232468e+02 1.00287071e+02 2.37427063e+01
   vertex 1.10471443e+02 9.70824585e+01 1.78241920e+01
   vertex 1.11244148e+02 1.00338493e+02 1.77326622e+01
  endloop
 endfacet
 facet normal 9.69487071e-01 -2.45142385e-01 5.03132796e-05
  outer loop
   vertex 1.09674980e+02 9.39054184e+01 1.78241920e+01
   vertex 1.10471443e+02 9.70824585e+01 1.78241920e+01
   vertex 1.09674980e+02 9.39054184e+01 2.37655907e+01
  endloop
 endfacet
 facet normal 9.70488429e-01 -2.41147622e-01 5.29388562e-05
  outer loop
   vertex 1.09674980e+02 9.39054184e+01 2.37655907e+01
   vertex 1.10471443e+02 9.70824585e+01 1.78241920e+01
   vertex 1.10471443e+02 9.70824432e+01 2.37655907e+01
  endloop
 endfacet
 facet normal 9.63021159e-01 -2.69425809e-01 5.11154230e-09
  outer loop
   vertex 1.07964828e+02 8.75842438e+01 1.78241920e+01
   vertex 1.08839973e+02 9.07396164e+01 1.78241920e+01
   vertex 1.07964828e+02 8.75842514e+01 2.37655907e+01
  endloop
 endfacet
 facet normal 9.64168012e-01 -2.65292436e-01 -1.05402385e-07
  outer loop
   vertex 1.07964828e+02 8.75842514e+01 2.37655907e+01
   vertex 1.08839973e+02 9.07396164e+01 1.78241920e+01
   vertex 1.08839973e+02 9.07396164e+01 2.37655907e+01
  endloop
 endfacet
 facet normal 9.64173734e-01 -2.65271544e-01 -4.83130725e-06
  outer loop
   vertex 1.08839973e+02 9.07396164e+01 1.18827934e+01
   vertex 1.08839973e+02 9.07396164e+01 1.78241920e+01
   vertex 1.07964828e+02 8.75842514e+01 1.18827934e+01
  endloop
 endfacet
 facet normal 9.63021159e-01 -2.69425809e-01 5.11070253e-09
  outer loop
   vertex 1.07964828e+02 8.75842514e+01 1.18827934e+01
   vertex 1.08839973e+02 9.07396164e+01 1.78241920e+01
   vertex 1.07964828e+02 8.75842438e+01 1.78241920e+01
  endloop
 endfacet
 facet normal 9.66379166e-01 -2.57121265e-01 -8.83136636e-06
  outer loop
   vertex 1.08839973e+02 9.07396164e+01 1.78241920e+01
   vertex 1.08839973e+02 9.07396164e+01 1.18827934e+01
   vertex 1.09674980e+02 9.39054184e+01 1.78241920e+01
  endloop
 endfacet
 facet normal 9.67450500e-01 -2.53060251e-01 -3.26470581e-05
  outer loop
   vertex 1.09674980e+02 9.39054184e+01 1.78241920e+01
   vertex 1.08839973e+02 9.07396164e+01 1.18827934e+01
   vertex 1.09682610e+02 9.39363632e+01 1.18284416e+01
  endloop
 endfacet
 facet normal 9.66373324e-01 -2.57143170e-01 -2.15916586e-07
  outer loop
   vertex 1.08839973e+02 9.07396164e+01 2.37655907e+01
   vertex 1.08839973e+02 9.07396164e+01 1.78241920e+01
   vertex 1.09674980e+02 9.39054184e+01 2.37655907e+01
  endloop
 endfacet
 facet normal 9.67433155e-01 -2.53126591e-01 -4.10674693e-06
  outer loop
   vertex 1.09674980e+02 9.39054184e+01 2.37655907e+01
   vertex 1.08839973e+02 9.07396164e+01 1.78241920e+01
   vertex 1.09674980e+02 9.39054184e+01 1.78241920e+01
  endloop
 endfacet
 facet normal 9.19243693e-01 -3.93688232e-01 -7.50646519e-04
  outer loop
   vertex 1.00528427e+02 6.59077759e+01 4.75311737e+01
   vertex 1.00528427e+02 6.59077759e+01 5.34725723e+01
   vertex 9.92285461e+01 6.29017487e+01 4.75311737e+01
  endloop
 endfacet
 facet normal 9.15817559e-01 -4.01589543e-01 -2.02005380e-03
  outer loop
   vertex 9.92285461e+01 6.29017487e+01 4.75311737e+01
   vertex 1.00528427e+02 6.59077759e+01 5.34725723e+01
   vertex 9.92285461e+01 6.29017487e+01 5.34725723e+01
  endloop
 endfacet
 facet normal 9.28222179e-01 -3.72022539e-01 -1.69152487e-03
  outer loop
   vertex 1.01756065e+02 6.89451141e+01 5.34725723e+01
   vertex 1.00528427e+02 6.59077759e+01 5.34725723e+01
   vertex 1.01756065e+02 6.89451141e+01 4.75311737e+01
  endloop
 endfacet
 facet normal 9.25436914e-01 -3.78900945e-01 -7.50761712e-04
  outer loop
   vertex 1.01756065e+02 6.89451141e+01 4.75311737e+01
   vertex 1.00528427e+02 6.59077759e+01 5.34725723e+01
   vertex 1.00528427e+02 6.59077759e+01 4.75311737e+01
  endloop
 endfacet
 facet normal 9.04336095e-01 -4.26821053e-01 2.61562349e-07
  outer loop
   vertex 9.78467789e+01 5.99342499e+01 4.75311737e+01
   vertex 9.78467789e+01 5.99342346e+01 4.15897751e+01
   vertex 9.92285461e+01 6.29017487e+01 4.75311737e+01
  endloop
 endfacet
 facet normal 9.08353388e-01 -4.18203503e-01 1.30781359e-07
  outer loop
   vertex 9.92285461e+01 6.29017487e+01 4.75311737e+01
   vertex 9.78467789e+01 5.99342346e+01 4.15897751e+01
   vertex 9.92285461e+01 6.29017487e+01 4.15897751e+01
  endloop
 endfacet
 facet normal 8.91268432e-01 -4.53476131e-01 3.92351609e-07
  outer loop
   vertex 9.63782959e+01 5.70085297e+01 4.15897751e+01
   vertex 9.78467789e+01 5.99342346e+01 4.15897751e+01
   vertex 9.63782883e+01 5.70085297e+01 4.75311737e+01
  endloop
 endfacet
 facet normal 8.95798802e-01 -4.44459766e-01 3.92349648e-07
  outer loop
   vertex 9.63782883e+01 5.70085297e+01 4.75311737e+01
   vertex 9.78467789e+01 5.99342346e+01 4.15897751e+01
   vertex 9.78467789e+01 5.99342499e+01 4.75311737e+01
  endloop
 endfacet
 facet normal 8.95798743e-01 -4.44459915e-01 1.30782851e-07
  outer loop
   vertex 9.78467789e+01 5.99342346e+01 3.56483765e+01
   vertex 9.78467789e+01 5.99342346e+01 4.15897751e+01
   vertex 9.63782883e+01 5.70085297e+01 3.56483765e+01
  endloop
 endfacet
 facet normal 8.91268432e-01 -4.53476131e-01 2.61567266e-07
  outer loop
   vertex 9.63782883e+01 5.70085297e+01 3.56483765e+01
   vertex 9.78467789e+01 5.99342346e+01 4.15897751e+01
   vertex 9.63782959e+01 5.70085297e+01 4.15897751e+01
  endloop
 endfacet
 facet normal 9.08353388e-01 -4.18203384e-01 1.30781359e-07
  outer loop
   vertex 9.92285461e+01 6.29017487e+01 4.15897751e+01
   vertex 9.78467789e+01 5.99342346e+01 4.15897751e+01
   vertex 9.92285461e+01 6.29017487e+01 3.56483765e+01
  endloop
 endfacet
 facet normal 9.04336095e-01 -4.26821083e-01 1.30781359e-07
  outer loop
   vertex 9.92285461e+01 6.29017487e+01 3.56483765e+01
   vertex 9.78467789e+01 5.99342346e+01 4.15897751e+01
   vertex 9.78467789e+01 5.99342346e+01 3.56483765e+01
  endloop
 endfacet
 facet normal 9.70451415e-01 -2.41296470e-01 -1.96584631e-04
  outer loop
   vertex 1.10471443e+02 9.70824432e+01 4.75311737e+01
   vertex 1.10471443e+02 9.70824432e+01 5.34725723e+01
   vertex 1.09674980e+02 9.39054184e+01 4.75311737e+01
  endloop
 endfacet
 facet normal 9.69490826e-01 -2.45126948e-01 -5.68340241e-04
  outer loop
   vertex 1.09674980e+02 9.39054184e+01 4.75311737e+01
   vertex 1.10471443e+02 9.70824432e+01 5.34725723e+01
   vertex 1.09674980e+02 9.39054031e+01 5.34725723e+01
  endloop
 endfacet
 facet normal 9.73419309e-01 -2.29029387e-01 -5.79280953e-04
  outer loop
   vertex 1.11228569e+02 1.00269928e+02 5.34725723e+01
   vertex 1.10471443e+02 9.70824432e+01 5.34725723e+01
   vertex 1.11228569e+02 1.00269928e+02 4.75311737e+01
  endloop
 endfacet
 facet normal 9.72416759e-01 -2.33250201e-01 -1.96758643e-04
  outer loop
   vertex 1.11228569e+02 1.00269928e+02 4.75311737e+01
   vertex 1.10471443e+02 9.70824432e+01 5.34725723e+01
   vertex 1.10471443e+02 9.70824432e+01 4.75311737e+01
  endloop
 endfacet
 facet normal 9.76234794e-01 -2.16715604e-01 -5.22574396e-07
  outer loop
   vertex 1.11945564e+02 1.03467056e+02 4.75311737e+01
   vertex 1.11945564e+02 1.03467056e+02 5.34725723e+01
   vertex 1.11228569e+02 1.00269928e+02 4.75311737e+01
  endloop
 endfacet
 facet normal 9.75346208e-01 -2.20679805e-01 -3.82630242e-04
  outer loop
   vertex 1.11228569e+02 1.00269928e+02 4.75311737e+01
   vertex 1.11945564e+02 1.03467056e+02 5.34725723e+01
   vertex 1.11228569e+02 1.00269928e+02 5.34725723e+01
  endloop
 endfacet
 facet normal 9.78897154e-01 -2.04353288e-01 -3.94153263e-04
  outer loop
   vertex 1.12621597e+02 1.06672997e+02 5.34725723e+01
   vertex 1.11945564e+02 1.03467056e+02 5.34725723e+01
   vertex 1.12621597e+02 1.06672997e+02 4.75311737e+01
  endloop
 endfacet
 facet normal 9.78046715e-01 -2.08385617e-01 -6.53223537e-07
  outer loop
   vertex 1.12621597e+02 1.06672997e+02 4.75311737e+01
   vertex 1.11945564e+02 1.03467056e+02 5.34725723e+01
   vertex 1.11945564e+02 1.03467056e+02 4.75311737e+01
  endloop
 endfacet
 facet normal 8.66674423e-01 -4.98873174e-01 -9.73173184e-04
  outer loop
   vertex 9.48182678e+01 5.41277466e+01 4.75311737e+01
   vertex 9.48182678e+01 5.41277466e+01 5.34725723e+01
   vertex 9.31691208e+01 5.12967377e+01 4.75311737e+01
  endloop
 endfacet
 facet normal 8.61433625e-01 -5.07864416e-01 -2.41053198e-03
  outer loop
   vertex 9.31691208e+01 5.12967377e+01 4.75311737e+01
   vertex 9.48182678e+01 5.41277466e+01 5.34725723e+01
   vertex 9.31691360e+01 5.12967377e+01 5.34725723e+01
  endloop
 endfacet
 facet normal 8.81798267e-01 -4.71620649e-01 -2.40291562e-03
  outer loop
   vertex 9.63782959e+01 5.70085297e+01 5.34725723e+01
   vertex 9.48182678e+01 5.41277466e+01 5.34725723e+01
   vertex 9.63782883e+01 5.70085297e+01 4.75311737e+01
  endloop
 endfacet
 facet normal 8.76856625e-01 -4.80750948e-01 -9.72911075e-04
  outer loop
   vertex 9.63782883e+01 5.70085297e+01 4.75311737e+01
   vertex 9.48182678e+01 5.41277466e+01 5.34725723e+01
   vertex 9.48182678e+01 5.41277466e+01 4.75311737e+01
  endloop
 endfacet
 facet normal 8.95819247e-01 -4.44417596e-01 -9.17125610e-04
  outer loop
   vertex 9.78467789e+01 5.99342499e+01 4.75311737e+01
   vertex 9.78467789e+01 5.99342499e+01 5.34725723e+01
   vertex 9.63782883e+01 5.70085297e+01 4.75311737e+01
  endloop
 endfacet
 facet normal 8.91287267e-01 -4.53433037e-01 -2.34725443e-03
  outer loop
   vertex 9.63782883e+01 5.70085297e+01 4.75311737e+01
   vertex 9.78467789e+01 5.99342499e+01 5.34725723e+01
   vertex 9.63782959e+01 5.70085297e+01 5.34725723e+01
  endloop
 endfacet
 facet normal 9.08370793e-01 -4.18159962e-01 -2.18693027e-03
  outer loop
   vertex 9.92285461e+01 6.29017487e+01 5.34725723e+01
   vertex 9.78467789e+01 5.99342499e+01 5.34725723e+01
   vertex 9.92285461e+01 6.29017487e+01 4.75311737e+01
  endloop
 endfacet
 facet normal 9.04355764e-01 -4.26778466e-01 -9.17245052e-04
  outer loop
   vertex 9.92285461e+01 6.29017487e+01 4.75311737e+01
   vertex 9.78467789e+01 5.99342499e+01 5.34725723e+01
   vertex 9.78467789e+01 5.99342499e+01 4.75311737e+01
  endloop
 endfacet
 facet normal 9.56730783e-01 -2.90974557e-01 -6.55349410e-08
  outer loop
   vertex 1.07047913e+02 8.44385223e+01 1.18827934e+01
   vertex 1.07047913e+02 8.44385147e+01 1.78241920e+01
   vertex 1.06087662e+02 8.13056412e+01 1.18827934e+01
  endloop
 endfacet
 facet normal 9.55344856e-01 -2.95493245e-01 -1.34901782e-07
  outer loop
   vertex 1.06087662e+02 8.13056412e+01 1.18827934e+01
   vertex 1.07047913e+02 8.44385147e+01 1.78241920e+01
   vertex 1.06087662e+02 8.13056335e+01 1.78241920e+01
  endloop
 endfacet
 facet normal 9.60622072e-01 -2.77858227e-01 5.10987697e-09
  outer loop
   vertex 1.07964828e+02 8.75842438e+01 1.78241920e+01
   vertex 1.07047913e+02 8.44385147e+01 1.78241920e+01
   vertex 1.07964828e+02 8.75842514e+01 1.18827934e+01
  endloop
 endfacet
 facet normal 9.59368348e-01 -2.82156676e-01 3.83178334e-09
  outer loop
   vertex 1.07964828e+02 8.75842514e+01 1.18827934e+01
   vertex 1.07047913e+02 8.44385147e+01 1.78241920e+01
   vertex 1.07047913e+02 8.44385223e+01 1.18827934e+01
  endloop
 endfacet
 facet normal 9.59368348e-01 -2.82156646e-01 2.55535992e-09
  outer loop
   vertex 1.07047913e+02 8.44385223e+01 2.37655907e+01
   vertex 1.07047913e+02 8.44385147e+01 1.78241920e+01
   vertex 1.07964828e+02 8.75842514e+01 2.37655907e+01
  endloop
 endfacet
 facet normal 9.60622072e-01 -2.77858198e-01 5.11071674e-09
  outer loop
   vertex 1.07964828e+02 8.75842514e+01 2.37655907e+01
   vertex 1.07047913e+02 8.44385147e+01 1.78241920e+01
   vertex 1.07964828e+02 8.75842438e+01 1.78241920e+01
  endloop
 endfacet
 facet normal 9.55344856e-01 -2.95493215e-01 1.27747879e-09
  outer loop
   vertex 1.06087662e+02 8.13056335e+01 1.78241920e+01
   vertex 1.07047913e+02 8.44385147e+01 1.78241920e+01
   vertex 1.06087662e+02 8.13056335e+01 2.37655907e+01
  endloop
 endfacet
 facet normal 9.56730783e-01 -2.90974528e-01 6.93670543e-08
  outer loop
   vertex 1.06087662e+02 8.13056335e+01 2.37655907e+01
   vertex 1.07047913e+02 8.44385147e+01 1.78241920e+01
   vertex 1.07047913e+02 8.44385223e+01 2.37655907e+01
  endloop
 endfacet
 facet normal 9.52406108e-01 -3.04832071e-01 -2.04269568e-07
  outer loop
   vertex 1.06087662e+02 8.13056335e+01 1.78241920e+01
   vertex 1.05082443e+02 7.81888046e+01 1.78241920e+01
   vertex 1.06087662e+02 8.13056412e+01 1.18827934e+01
  endloop
 endfacet
 facet normal 9.50850189e-01 -3.09651226e-01 -2.04269838e-07
  outer loop
   vertex 1.06087662e+02 8.13056412e+01 1.18827934e+01
   vertex 1.05082443e+02 7.81888046e+01 1.78241920e+01
   vertex 1.05082443e+02 7.81888046e+01 1.18827934e+01
  endloop
 endfacet
 facet normal 9.50850248e-01 -3.09651196e-01 6.80902232e-08
  outer loop
   vertex 1.05082443e+02 7.81888046e+01 2.37655907e+01
   vertex 1.05082443e+02 7.81888046e+01 1.78241920e+01
   vertex 1.06087662e+02 8.13056335e+01 2.37655907e+01
  endloop
 endfacet
 facet normal 9.52406108e-01 -3.04832071e-01 -6.80898538e-08
  outer loop
   vertex 1.06087662e+02 8.13056335e+01 2.37655907e+01
   vertex 1.05082443e+02 7.81888046e+01 1.78241920e+01
   vertex 1.06087662e+02 8.13056335e+01 1.78241920e+01
  endloop
 endfacet
 facet normal 9.45767164e-01 -3.24845225e-01 -6.80903725e-08
  outer loop
   vertex 1.04028244e+02 7.50888367e+01 1.78241920e+01
   vertex 1.05082443e+02 7.81888046e+01 1.78241920e+01
   vertex 1.04028244e+02 7.50888367e+01 2.37655907e+01
  endloop
 endfacet
 facet normal 9.47532833e-01 -3.19658399e-01 2.09150771e-13
  outer loop
   vertex 1.04028244e+02 7.50888367e+01 2.37655907e+01
   vertex 1.05082443e+02 7.81888046e+01 1.78241920e+01
   vertex 1.05082443e+02 7.81888046e+01 2.37655907e+01
  endloop
 endfacet
 facet normal 9.47532833e-01 -3.19658399e-01 -1.36180745e-07
  outer loop
   vertex 1.05082443e+02 7.81888046e+01 1.18827934e+01
   vertex 1.05082443e+02 7.81888046e+01 1.78241920e+01
   vertex 1.04028244e+02 7.50888367e+01 1.18827934e+01
  endloop
 endfacet
 facet normal 9.45767224e-01 -3.24845195e-01 -6.80903725e-08
  outer loop
   vertex 1.04028244e+02 7.50888367e+01 1.18827934e+01
   vertex 1.05082443e+02 7.81888046e+01 1.78241920e+01
   vertex 1.04028244e+02 7.50888367e+01 1.78241920e+01
  endloop
 endfacet
 facet normal 9.28187907e-01 -3.72111797e-01 -1.65250834e-16
  outer loop
   vertex 1.01756065e+02 6.89451141e+01 1.78241920e+01
   vertex 1.00528427e+02 6.59077759e+01 1.78241920e+01
   vertex 1.01756065e+02 6.89451141e+01 1.18827934e+01
  endloop
 endfacet
 facet normal 9.25401032e-01 -3.78989398e-01 -1.68305103e-16
  outer loop
   vertex 1.01756065e+02 6.89451141e+01 1.18827934e+01
   vertex 1.00528427e+02 6.59077759e+01 1.78241920e+01
   vertex 1.00528427e+02 6.59077759e+01 1.18827934e+01
  endloop
 endfacet
 facet normal 9.25400972e-01 -3.78989518e-01 -1.68305155e-16
  outer loop
   vertex 1.00528427e+02 6.59077759e+01 2.37655907e+01
   vertex 1.00528427e+02 6.59077759e+01 1.78241920e+01
   vertex 1.01756065e+02 6.89451141e+01 2.37655907e+01
  endloop
 endfacet
 facet normal 9.28187907e-01 -3.72111768e-01 -1.65250821e-16
  outer loop
   vertex 1.01756065e+02 6.89451141e+01 2.37655907e+01
   vertex 1.00528427e+02 6.59077759e+01 1.78241920e+01
   vertex 1.01756065e+02 6.89451141e+01 1.78241920e+01
  endloop
 endfacet
 facet normal 9.15781140e-01 -4.01677638e-01 -1.78380705e-16
  outer loop
   vertex 9.92285461e+01 6.29017487e+01 1.78241920e+01
   vertex 1.00528427e+02 6.59077759e+01 1.78241920e+01
   vertex 9.92285461e+01 6.29017487e+01 2.37655907e+01
  endloop
 endfacet
 facet normal 9.19206381e-01 -3.93776149e-01 -1.74871739e-16
  outer loop
   vertex 9.92285461e+01 6.29017487e+01 2.37655907e+01
   vertex 1.00528427e+02 6.59077759e+01 1.78241920e+01
   vertex 1.00528427e+02 6.59077759e+01 2.37655907e+01
  endloop
 endfacet
 facet normal 9.19206381e-01 -3.93776149e-01 -1.74871739e-16
  outer loop
   vertex 1.00528427e+02 6.59077759e+01 1.18827934e+01
   vertex 1.00528427e+02 6.59077759e+01 1.78241920e+01
   vertex 9.92285461e+01 6.29017487e+01 1.18827934e+01
  endloop
 endfacet
 facet normal 9.15781081e-01 -4.01677787e-01 -1.78380771e-16
  outer loop
   vertex 9.92285461e+01 6.29017487e+01 1.18827934e+01
   vertex 1.00528427e+02 6.59077759e+01 1.78241920e+01
   vertex 9.92285461e+01 6.29017487e+01 1.78241920e+01
  endloop
 endfacet
 facet normal 9.04336095e-01 -4.26821113e-01 -1.30781359e-07
  outer loop
   vertex 9.78467789e+01 5.99342346e+01 2.37655907e+01
   vertex 9.78467789e+01 5.99342346e+01 1.78241920e+01
   vertex 9.92285461e+01 6.29017487e+01 2.37655907e+01
  endloop
 endfacet
 facet normal 9.08353388e-01 -4.18203443e-01 -1.30781359e-07
  outer loop
   vertex 9.92285461e+01 6.29017487e+01 2.37655907e+01
   vertex 9.78467789e+01 5.99342346e+01 1.78241920e+01
   vertex 9.92285461e+01 6.29017487e+01 1.78241920e+01
  endloop
 endfacet
 facet normal 8.91268373e-01 -4.53476220e-01 -2.61567266e-07
  outer loop
   vertex 9.63782959e+01 5.70085297e+01 1.78241920e+01
   vertex 9.78467789e+01 5.99342346e+01 1.78241920e+01
   vertex 9.63782883e+01 5.70085297e+01 2.37655907e+01
  endloop
 endfacet
 facet normal 8.95798683e-01 -4.44459975e-01 -1.30782851e-07
  outer loop
   vertex 9.63782883e+01 5.70085297e+01 2.37655907e+01
   vertex 9.78467789e+01 5.99342346e+01 1.78241920e+01
   vertex 9.78467789e+01 5.99342346e+01 2.37655907e+01
  endloop
 endfacet
 facet normal 8.95798802e-01 -4.44459736e-01 -3.92349648e-07
  outer loop
   vertex 9.78467789e+01 5.99342499e+01 1.18827934e+01
   vertex 9.78467789e+01 5.99342346e+01 1.78241920e+01
   vertex 9.63782883e+01 5.70085297e+01 1.18827934e+01
  endloop
 endfacet
 facet normal 8.91268492e-01 -4.53476042e-01 -3.92351581e-07
  outer loop
   vertex 9.63782883e+01 5.70085297e+01 1.18827934e+01
   vertex 9.78467789e+01 5.99342346e+01 1.78241920e+01
   vertex 9.63782959e+01 5.70085297e+01 1.78241920e+01
  endloop
 endfacet
 facet normal 9.08353329e-01 -4.18203592e-01 -1.30781359e-07
  outer loop
   vertex 9.92285461e+01 6.29017487e+01 1.78241920e+01
   vertex 9.78467789e+01 5.99342346e+01 1.78241920e+01
   vertex 9.92285461e+01 6.29017487e+01 1.18827934e+01
  endloop
 endfacet
 facet normal 9.04336035e-01 -4.26821202e-01 -2.61562349e-07
  outer loop
   vertex 9.92285461e+01 6.29017487e+01 1.18827934e+01
   vertex 9.78467789e+01 5.99342346e+01 1.78241920e+01
   vertex 9.78467789e+01 5.99342499e+01 1.18827934e+01
  endloop
 endfacet
 facet normal 8.76855433e-01 -4.80754107e-01 -3.48965273e-07
  outer loop
   vertex 9.48182678e+01 5.41277466e+01 1.18827934e+01
   vertex 9.48182678e+01 5.41277466e+01 5.94139862e+00
   vertex 9.63782883e+01 5.70085297e+01 1.18827934e+01
  endloop
 endfacet
 facet normal 8.81602824e-01 -4.71991092e-01 9.44326981e-04
  outer loop
   vertex 9.63782883e+01 5.70085297e+01 1.18827934e+01
   vertex 9.48182678e+01 5.41277466e+01 5.94139862e+00
   vertex 9.63782959e+01 5.70085297e+01 5.94139862e+00
  endloop
 endfacet
 facet normal 8.61434281e-01 -5.07868826e-01 4.60780866e-04
  outer loop
   vertex 9.31691208e+01 5.12967682e+01 5.94139862e+00
   vertex 9.48182678e+01 5.41277466e+01 5.94139862e+00
   vertex 9.31691208e+01 5.12967377e+01 1.18827934e+01
  endloop
 endfacet
 facet normal 8.66673052e-01 -4.98876512e-01 -3.27269930e-07
  outer loop
   vertex 9.31691208e+01 5.12967377e+01 1.18827934e+01
   vertex 9.48182678e+01 5.41277466e+01 5.94139862e+00
   vertex 9.48182678e+01 5.41277466e+01 1.18827934e+01
  endloop
 endfacet
 facet normal 6.65849924e-01 -7.46085703e-01 -3.31328610e-16
  outer loop
   vertex 7.21887817e+01 2.63284454e+01 2.97069817e+01
   vertex 7.46207352e+01 2.85219421e+01 2.97069855e+01
   vertex 7.21887817e+01 2.63284454e+01 3.56483765e+01
  endloop
 endfacet
 facet normal 6.73439384e-01 -7.39242435e-01 -3.28289589e-16
  outer loop
   vertex 7.21887817e+01 2.63284454e+01 3.56483765e+01
   vertex 7.46207352e+01 2.85219421e+01 2.97069855e+01
   vertex 7.46207352e+01 2.85219421e+01 3.56483765e+01
  endloop
 endfacet
 facet normal 6.73439145e-01 -7.39242673e-01 -3.28289695e-16
  outer loop
   vertex 7.46207352e+01 2.85219421e+01 2.37655907e+01
   vertex 7.46207352e+01 2.85219421e+01 2.97069855e+01
   vertex 7.21887741e+01 2.63284454e+01 2.37655907e+01
  endloop
 endfacet
 facet normal 6.65849745e-01 -7.46085823e-01 -3.31328663e-16
  outer loop
   vertex 7.21887741e+01 2.63284454e+01 2.37655907e+01
   vertex 7.46207352e+01 2.85219421e+01 2.97069855e+01
   vertex 7.21887817e+01 2.63284454e+01 2.97069817e+01
  endloop
 endfacet
 facet normal 6.95508063e-01 -7.18518317e-01 -3.19086232e-16
  outer loop
   vertex 7.69852524e+01 3.07884979e+01 2.97069817e+01
   vertex 7.46207352e+01 2.85219421e+01 2.97069855e+01
   vertex 7.69852448e+01 3.07884979e+01 2.37655907e+01
  endloop
 endfacet
 facet normal 6.88266993e-01 -7.25457489e-01 -3.22167843e-16
  outer loop
   vertex 7.69852448e+01 3.07884979e+01 2.37655907e+01
   vertex 7.46207352e+01 2.85219421e+01 2.97069855e+01
   vertex 7.46207352e+01 2.85219421e+01 2.37655907e+01
  endloop
 endfacet
 facet normal 6.88267052e-01 -7.25457430e-01 -3.22167817e-16
  outer loop
   vertex 7.46207352e+01 2.85219421e+01 3.56483765e+01
   vertex 7.46207352e+01 2.85219421e+01 2.97069855e+01
   vertex 7.69852448e+01 3.07884979e+01 3.56483765e+01
  endloop
 endfacet
 facet normal 6.95508003e-01 -7.18518317e-01 -3.19086232e-16
  outer loop
   vertex 7.69852448e+01 3.07884979e+01 3.56483765e+01
   vertex 7.46207352e+01 2.85219421e+01 2.97069855e+01
   vertex 7.69852524e+01 3.07884979e+01 2.97069817e+01
  endloop
 endfacet
 facet normal 7.37891853e-01 -6.74919009e-01 2.41006271e-13
  outer loop
   vertex 8.15031204e+01 3.55279388e+01 4.15897751e+01
   vertex 7.92807159e+01 3.31240845e+01 4.15897751e+01
   vertex 8.15031128e+01 3.55279388e+01 3.56483765e+01
  endloop
 endfacet
 facet normal 7.30896950e-01 -6.82487845e-01 2.65133293e-13
  outer loop
   vertex 8.15031128e+01 3.55279388e+01 3.56483765e+01
   vertex 7.92807159e+01 3.31240845e+01 4.15897751e+01
   vertex 7.92807159e+01 3.31240845e+01 3.56483765e+01
  endloop
 endfacet
 facet normal 7.30896950e-01 -6.82487845e-01 7.81211237e-14
  outer loop
   vertex 7.92807159e+01 3.31240845e+01 4.75311737e+01
   vertex 7.92807159e+01 3.31240845e+01 4.15897751e+01
   vertex 8.15031128e+01 3.55279388e+01 4.75311737e+01
  endloop
 endfacet
 facet normal 7.37891912e-01 -6.74918890e-01 6.60593135e-14
  outer loop
   vertex 8.15031128e+01 3.55279388e+01 4.75311737e+01
   vertex 7.92807159e+01 3.31240845e+01 4.15897751e+01
   vertex 8.15031204e+01 3.55279388e+01 4.15897751e+01
  endloop
 endfacet
 facet normal 7.09799051e-01 -7.04404235e-01 2.38175314e-14
  outer loop
   vertex 7.69852524e+01 3.07884979e+01 4.15897751e+01
   vertex 7.92807159e+01 3.31240845e+01 4.15897751e+01
   vertex 7.69852448e+01 3.07884979e+01 4.75311737e+01
  endloop
 endfacet
 facet normal 7.16848731e-01 -6.97228730e-01 4.79510705e-14
  outer loop
   vertex 7.69852448e+01 3.07884979e+01 4.75311737e+01
   vertex 7.92807159e+01 3.31240845e+01 4.15897751e+01
   vertex 7.92807159e+01 3.31240845e+01 4.75311737e+01
  endloop
 endfacet
 facet normal 7.16848791e-01 -6.97228670e-01 6.00162417e-14
  outer loop
   vertex 7.92807159e+01 3.31240845e+01 3.56483765e+01
   vertex 7.92807159e+01 3.31240845e+01 4.15897751e+01
   vertex 7.69852448e+01 3.07884979e+01 3.56483765e+01
  endloop
 endfacet
 facet normal 7.09799051e-01 -7.04404235e-01 2.38175314e-14
  outer loop
   vertex 7.69852448e+01 3.07884979e+01 3.56483765e+01
   vertex 7.92807159e+01 3.31240845e+01 4.15897751e+01
   vertex 7.69852524e+01 3.07884979e+01 4.15897751e+01
  endloop
 endfacet
 facet normal 8.45127165e-01 -5.34565270e-01 9.62853386e-14
  outer loop
   vertex 9.14332809e+01 4.85203552e+01 2.37655907e+01
   vertex 9.14332733e+01 4.85203552e+01 1.78241920e+01
   vertex 9.31691208e+01 5.12967377e+01 2.37655907e+01
  endloop
 endfacet
 facet normal 8.50661635e-01 -5.25713563e-01 4.80278896e-14
  outer loop
   vertex 9.31691208e+01 5.12967377e+01 2.37655907e+01
   vertex 9.14332733e+01 4.85203552e+01 1.78241920e+01
   vertex 9.31691208e+01 5.12967377e+01 1.78241920e+01
  endloop
 endfacet
 facet normal 8.27947557e-01 -5.60805500e-01 -2.49047671e-16
  outer loop
   vertex 8.96115189e+01 4.58001404e+01 1.78241920e+01
   vertex 9.14332733e+01 4.85203552e+01 1.78241920e+01
   vertex 8.96115189e+01 4.58001404e+01 2.37655907e+01
  endloop
 endfacet
 facet normal 8.33770335e-01 -5.52111447e-01 4.80162209e-14
  outer loop
   vertex 8.96115189e+01 4.58001404e+01 2.37655907e+01
   vertex 9.14332733e+01 4.85203552e+01 1.78241920e+01
   vertex 9.14332809e+01 4.85203552e+01 2.37655907e+01
  endloop
 endfacet
 facet normal 8.33770394e-01 -5.52111328e-01 6.75414585e-13
  outer loop
   vertex 9.14332809e+01 4.85203552e+01 1.18827934e+01
   vertex 9.14332733e+01 4.85203552e+01 1.78241920e+01
   vertex 8.96115189e+01 4.58001404e+01 1.18827934e+01
  endloop
 endfacet
 facet normal 8.27947557e-01 -5.60805559e-01 -2.49047698e-16
  outer loop
   vertex 8.96115189e+01 4.58001404e+01 1.18827934e+01
   vertex 9.14332733e+01 4.85203552e+01 1.78241920e+01
   vertex 8.96115189e+01 4.58001404e+01 1.78241920e+01
  endloop
 endfacet
 facet normal 8.50661635e-01 -5.25713623e-01 -1.09089697e-07
  outer loop
   vertex 9.31691208e+01 5.12967377e+01 1.78241920e+01
   vertex 9.14332733e+01 4.85203552e+01 1.78241920e+01
   vertex 9.31691208e+01 5.12967377e+01 1.18827934e+01
  endloop
 endfacet
 facet normal 8.45127285e-01 -5.34565151e-01 -1.09089022e-07
  outer loop
   vertex 9.31691208e+01 5.12967377e+01 1.18827934e+01
   vertex 9.14332733e+01 4.85203552e+01 1.78241920e+01
   vertex 9.14332809e+01 4.85203552e+01 1.18827934e+01
  endloop
 endfacet
 facet normal 7.30897248e-01 -6.82487488e-01 -9.80278330e-08
  outer loop
   vertex 7.92807159e+01 3.31240845e+01 2.37655907e+01
   vertex 7.92807159e+01 3.31240845e+01 1.78241920e+01
   vertex 8.15031128e+01 3.55279388e+01 2.37655907e+01
  endloop
 endfacet
 facet normal 7.37892091e-01 -6.74918711e-01 -3.26880865e-07
  outer loop
   vertex 8.15031128e+01 3.55279388e+01 2.37655907e+01
   vertex 7.92807159e+01 3.31240845e+01 1.78241920e+01
   vertex 8.15031204e+01 3.55279388e+01 1.78241920e+01
  endloop
 endfacet
 facet normal 7.09799349e-01 -7.04403937e-01 -9.80270940e-08
  outer loop
   vertex 7.69852524e+01 3.07884979e+01 1.78241920e+01
   vertex 7.92807159e+01 3.31240845e+01 1.78241920e+01
   vertex 7.69852448e+01 3.07884979e+01 2.37655907e+01
  endloop
 endfacet
 facet normal 7.16849148e-01 -6.97228312e-01 -9.80271153e-08
  outer loop
   vertex 7.69852448e+01 3.07884979e+01 2.37655907e+01
   vertex 7.92807159e+01 3.31240845e+01 1.78241920e+01
   vertex 7.92807159e+01 3.31240845e+01 2.37655907e+01
  endloop
 endfacet
 facet normal 7.16849506e-01 -6.97227955e-01 -1.30666933e-07
  outer loop
   vertex 7.92807159e+01 3.31240845e+01 1.18827934e+01
   vertex 7.92807159e+01 3.31240845e+01 1.78241920e+01
   vertex 7.69852448e+01 3.07884979e+01 1.18827934e+01
  endloop
 endfacet
 facet normal 7.09799290e-01 -7.04403996e-01 -9.80270940e-08
  outer loop
   vertex 7.69852448e+01 3.07884979e+01 1.18827934e+01
   vertex 7.92807159e+01 3.31240845e+01 1.78241920e+01
   vertex 7.69852524e+01 3.07884979e+01 1.78241920e+01
  endloop
 endfacet
 facet normal 7.37892091e-01 -6.74918711e-01 -3.92172637e-07
  outer loop
   vertex 8.15031204e+01 3.55279388e+01 1.78241920e+01
   vertex 7.92807159e+01 3.31240845e+01 1.78241920e+01
   vertex 8.15031128e+01 3.55279541e+01 1.18827934e+01
  endloop
 endfacet
 facet normal 7.30897665e-01 -6.82487071e-01 -1.95959572e-07
  outer loop
   vertex 8.15031128e+01 3.55279541e+01 1.18827934e+01
   vertex 7.92807159e+01 3.31240845e+01 1.78241920e+01
   vertex 7.92807159e+01 3.31240845e+01 1.18827934e+01
  endloop
 endfacet
 facet normal 7.51712322e-01 -6.59491181e-01 -3.59678836e-07
  outer loop
   vertex 8.15031204e+01 3.55279388e+01 1.78241920e+01
   vertex 8.36484451e+01 3.79992523e+01 1.78241920e+01
   vertex 8.15031128e+01 3.55279388e+01 2.37655907e+01
  endloop
 endfacet
 facet normal 7.58536458e-01 -6.51630580e-01 -1.30825498e-07
  outer loop
   vertex 8.15031128e+01 3.55279388e+01 2.37655907e+01
   vertex 8.36484451e+01 3.79992523e+01 1.78241920e+01
   vertex 8.36484451e+01 3.79992523e+01 2.37655907e+01
  endloop
 endfacet
 facet normal 7.58535981e-01 -6.51631176e-01 -2.28769053e-07
  outer loop
   vertex 8.36484451e+01 3.79992523e+01 1.18827934e+01
   vertex 8.36484451e+01 3.79992523e+01 1.78241920e+01
   vertex 8.15031128e+01 3.55279541e+01 1.18827934e+01
  endloop
 endfacet
 facet normal 7.51712322e-01 -6.59491181e-01 -4.24970750e-07
  outer loop
   vertex 8.15031128e+01 3.55279541e+01 1.18827934e+01
   vertex 8.36484451e+01 3.79992523e+01 1.78241920e+01
   vertex 8.15031204e+01 3.55279388e+01 1.78241920e+01
  endloop
 endfacet
 facet normal 7.78455377e-01 -6.27699971e-01 -1.30824958e-07
  outer loop
   vertex 8.57158890e+01 4.05363922e+01 1.78241920e+01
   vertex 8.36484451e+01 3.79992523e+01 1.78241920e+01
   vertex 8.57158890e+01 4.05363922e+01 1.18827934e+01
  endloop
 endfacet
 facet normal 7.71907270e-01 -6.35735154e-01 -1.63476770e-07
  outer loop
   vertex 8.57158890e+01 4.05363922e+01 1.18827934e+01
   vertex 8.36484451e+01 3.79992523e+01 1.78241920e+01
   vertex 8.36484451e+01 3.79992523e+01 1.18827934e+01
  endloop
 endfacet
 facet normal 7.71907687e-01 -6.35734677e-01 -1.30825157e-07
  outer loop
   vertex 8.36484451e+01 3.79992523e+01 2.37655907e+01
   vertex 8.36484451e+01 3.79992523e+01 1.78241920e+01
   vertex 8.57158890e+01 4.05363922e+01 2.37655907e+01
  endloop
 endfacet
 facet normal 7.78455317e-01 -6.27700031e-01 -1.30824958e-07
  outer loop
   vertex 8.57158890e+01 4.05363922e+01 2.37655907e+01
   vertex 8.36484451e+01 3.79992523e+01 1.78241920e+01
   vertex 8.57158890e+01 4.05363922e+01 1.78241920e+01
  endloop
 endfacet
 facet normal 8.16047966e-01 -5.77984214e-01 -2.56676553e-16
  outer loop
   vertex 8.96115189e+01 4.58001404e+01 1.78241920e+01
   vertex 8.77046509e+01 4.31377716e+01 1.78241920e+01
   vertex 8.96115189e+01 4.58001404e+01 1.18827934e+01
  endloop
 endfacet
 facet normal 8.09971750e-01 -5.86468935e-01 -2.60444526e-16
  outer loop
   vertex 8.96115189e+01 4.58001404e+01 1.18827934e+01
   vertex 8.77046509e+01 4.31377716e+01 1.78241920e+01
   vertex 8.77046509e+01 4.31377716e+01 1.18827934e+01
  endloop
 endfacet
 facet normal 8.09971690e-01 -5.86468995e-01 -2.60444552e-16
  outer loop
   vertex 8.77046509e+01 4.31377716e+01 2.37655907e+01
   vertex 8.77046509e+01 4.31377716e+01 1.78241920e+01
   vertex 8.96115189e+01 4.58001404e+01 2.37655907e+01
  endloop
 endfacet
 facet normal 8.16047966e-01 -5.77984154e-01 -2.56676526e-16
  outer loop
   vertex 8.96115189e+01 4.58001404e+01 2.37655907e+01
   vertex 8.77046509e+01 4.31377716e+01 1.78241920e+01
   vertex 8.96115189e+01 4.58001404e+01 1.78241920e+01
  endloop
 endfacet
 facet normal 7.91300178e-01 -6.11427844e-01 -2.71528508e-16
  outer loop
   vertex 8.57158890e+01 4.05363922e+01 1.78241920e+01
   vertex 8.77046509e+01 4.31377716e+01 1.78241920e+01
   vertex 8.57158890e+01 4.05363922e+01 2.37655907e+01
  endloop
 endfacet
 facet normal 7.97597289e-01 -6.03190362e-01 -2.67870331e-16
  outer loop
   vertex 8.57158890e+01 4.05363922e+01 2.37655907e+01
   vertex 8.77046509e+01 4.31377716e+01 1.78241920e+01
   vertex 8.77046509e+01 4.31377716e+01 2.37655907e+01
  endloop
 endfacet
 facet normal 7.97597408e-01 -6.03190184e-01 -2.67870252e-16
  outer loop
   vertex 8.77046509e+01 4.31377716e+01 1.18827934e+01
   vertex 8.77046509e+01 4.31377716e+01 1.78241920e+01
   vertex 8.57158890e+01 4.05363922e+01 1.18827934e+01
  endloop
 endfacet
 facet normal 7.91300237e-01 -6.11427784e-01 -2.71528481e-16
  outer loop
   vertex 8.57158890e+01 4.05363922e+01 1.18827934e+01
   vertex 8.77046509e+01 4.31377716e+01 1.78241920e+01
   vertex 8.57158890e+01 4.05363922e+01 1.78241920e+01
  endloop
 endfacet
 facet normal 7.16834664e-01 -6.97242558e-01 -9.52908245e-04
  outer loop
   vertex 7.92807159e+01 3.31240845e+01 4.75311737e+01
   vertex 7.92807159e+01 3.31240845e+01 5.34725723e+01
   vertex 7.69852448e+01 3.07884979e+01 4.75311737e+01
  endloop
 endfacet
 facet normal 7.09782898e-01 -7.04416692e-01 -2.32251082e-03
  outer loop
   vertex 7.69852448e+01 3.07884979e+01 4.75311737e+01
   vertex 7.92807159e+01 3.31240845e+01 5.34725723e+01
   vertex 7.69852448e+01 3.07884979e+01 5.34725723e+01
  endloop
 endfacet
 facet normal 7.37876117e-01 -6.74931943e-01 -2.38913205e-03
  outer loop
   vertex 8.15031204e+01 3.55279388e+01 5.34725723e+01
   vertex 7.92807159e+01 3.31240845e+01 5.34725723e+01
   vertex 8.15031128e+01 3.55279388e+01 4.75311737e+01
  endloop
 endfacet
 facet normal 7.30883181e-01 -6.82501912e-01 -9.52913426e-04
  outer loop
   vertex 8.15031128e+01 3.55279388e+01 4.75311737e+01
   vertex 7.92807159e+01 3.31240845e+01 5.34725723e+01
   vertex 7.92807159e+01 3.31240845e+01 4.75311737e+01
  endloop
 endfacet
 facet normal 7.97597468e-01 -6.03190124e-01 -2.67870226e-16
  outer loop
   vertex 8.77046509e+01 4.31377716e+01 3.56483765e+01
   vertex 8.77046509e+01 4.31377716e+01 4.15897751e+01
   vertex 8.57158890e+01 4.05363922e+01 3.56483765e+01
  endloop
 endfacet
 facet normal 7.91300297e-01 -6.11427724e-01 -2.71528455e-16
  outer loop
   vertex 8.57158890e+01 4.05363922e+01 3.56483765e+01
   vertex 8.77046509e+01 4.31377716e+01 4.15897751e+01
   vertex 8.57158890e+01 4.05363922e+01 4.15897751e+01
  endloop
 endfacet
 facet normal 8.16047788e-01 -5.77984452e-01 -2.56676659e-16
  outer loop
   vertex 8.96115189e+01 4.58001404e+01 4.15897751e+01
   vertex 8.77046509e+01 4.31377716e+01 4.15897751e+01
   vertex 8.96115189e+01 4.58001404e+01 3.56483765e+01
  endloop
 endfacet
 facet normal 8.09971690e-01 -5.86468995e-01 -2.60444552e-16
  outer loop
   vertex 8.96115189e+01 4.58001404e+01 3.56483765e+01
   vertex 8.77046509e+01 4.31377716e+01 4.15897751e+01
   vertex 8.77046509e+01 4.31377716e+01 3.56483765e+01
  endloop
 endfacet
 facet normal 8.09971631e-01 -5.86469114e-01 -2.60444605e-16
  outer loop
   vertex 8.77046509e+01 4.31377716e+01 4.75311737e+01
   vertex 8.77046509e+01 4.31377716e+01 4.15897751e+01
   vertex 8.96115189e+01 4.58001404e+01 4.75311737e+01
  endloop
 endfacet
 facet normal 8.16047847e-01 -5.77984393e-01 -2.56676632e-16
  outer loop
   vertex 8.96115189e+01 4.58001404e+01 4.75311737e+01
   vertex 8.77046509e+01 4.31377716e+01 4.15897751e+01
   vertex 8.96115189e+01 4.58001404e+01 4.15897751e+01
  endloop
 endfacet
 facet normal 7.91300178e-01 -6.11427903e-01 -2.71528534e-16
  outer loop
   vertex 8.57158890e+01 4.05363922e+01 4.15897751e+01
   vertex 8.77046509e+01 4.31377716e+01 4.15897751e+01
   vertex 8.57158890e+01 4.05363922e+01 4.75311737e+01
  endloop
 endfacet
 facet normal 7.97597170e-01 -6.03190482e-01 -2.67870384e-16
  outer loop
   vertex 8.57158890e+01 4.05363922e+01 4.75311737e+01
   vertex 8.77046509e+01 4.31377716e+01 4.15897751e+01
   vertex 8.77046509e+01 4.31377716e+01 4.75311737e+01
  endloop
 endfacet
 facet normal 7.97593713e-01 -6.03194296e-01 -9.73748975e-04
  outer loop
   vertex 8.77046509e+01 4.31377716e+01 4.75311737e+01
   vertex 8.77046509e+01 4.31377716e+01 5.34725723e+01
   vertex 8.57158890e+01 4.05363922e+01 4.75311737e+01
  endloop
 endfacet
 facet normal 7.91294575e-01 -6.11430407e-01 -2.39876960e-03
  outer loop
   vertex 8.57158890e+01 4.05363922e+01 4.75311737e+01
   vertex 8.77046509e+01 4.31377716e+01 5.34725723e+01
   vertex 8.57158890e+01 4.05363922e+01 5.34725723e+01
  endloop
 endfacet
 facet normal 8.16042423e-01 -5.77986956e-01 -2.41690991e-03
  outer loop
   vertex 8.96115189e+01 4.58001404e+01 5.34725723e+01
   vertex 8.77046509e+01 4.31377716e+01 5.34725723e+01
   vertex 8.96115189e+01 4.58001404e+01 4.75311737e+01
  endloop
 endfacet
 facet normal 8.09968233e-01 -5.86472988e-01 -9.73750430e-04
  outer loop
   vertex 8.96115189e+01 4.58001404e+01 4.75311737e+01
   vertex 8.77046509e+01 4.31377716e+01 5.34725723e+01
   vertex 8.77046509e+01 4.31377716e+01 4.75311737e+01
  endloop
 endfacet
 facet normal 8.61434579e-01 -5.07868588e-01 -1.30753847e-07
  outer loop
   vertex 9.31691208e+01 5.12967377e+01 2.97069817e+01
   vertex 9.48182678e+01 5.41277466e+01 2.97069855e+01
   vertex 9.31691208e+01 5.12967377e+01 3.56483765e+01
  endloop
 endfacet
 facet normal 8.66673589e-01 -4.98875678e-01 -1.30753861e-07
  outer loop
   vertex 9.31691208e+01 5.12967377e+01 3.56483765e+01
   vertex 9.48182678e+01 5.41277466e+01 2.97069855e+01
   vertex 9.48182678e+01 5.41277466e+01 3.56483765e+01
  endloop
 endfacet
 facet normal 8.66673589e-01 -4.98875588e-01 4.80397751e-14
  outer loop
   vertex 9.48182678e+01 5.41277466e+01 2.37655907e+01
   vertex 9.48182678e+01 5.41277466e+01 2.97069855e+01
   vertex 9.31691208e+01 5.12967377e+01 2.37655907e+01
  endloop
 endfacet
 facet normal 8.61434579e-01 -5.07868528e-01 6.01011144e-14
  outer loop
   vertex 9.31691208e+01 5.12967377e+01 2.37655907e+01
   vertex 9.48182678e+01 5.41277466e+01 2.97069855e+01
   vertex 9.31691208e+01 5.12967377e+01 2.97069817e+01
  endloop
 endfacet
 facet normal 8.81799579e-01 -4.71624285e-01 -2.09443256e-16
  outer loop
   vertex 9.63782883e+01 5.70085297e+01 2.97069817e+01
   vertex 9.48182678e+01 5.41277466e+01 2.97069855e+01
   vertex 9.63782883e+01 5.70085297e+01 2.37655907e+01
  endloop
 endfacet
 facet normal 8.76855850e-01 -4.80753392e-01 -2.13497394e-16
  outer loop
   vertex 9.63782883e+01 5.70085297e+01 2.37655907e+01
   vertex 9.48182678e+01 5.41277466e+01 2.97069855e+01
   vertex 9.48182678e+01 5.41277466e+01 2.37655907e+01
  endloop
 endfacet
 facet normal 8.76855850e-01 -4.80753332e-01 -2.13497368e-16
  outer loop
   vertex 9.48182678e+01 5.41277466e+01 3.56483765e+01
   vertex 9.48182678e+01 5.41277466e+01 2.97069855e+01
   vertex 9.63782883e+01 5.70085297e+01 3.56483765e+01
  endloop
 endfacet
 facet normal 8.81799638e-01 -4.71624196e-01 -2.09443216e-16
  outer loop
   vertex 9.63782883e+01 5.70085297e+01 3.56483765e+01
   vertex 9.48182678e+01 5.41277466e+01 2.97069855e+01
   vertex 9.63782883e+01 5.70085297e+01 2.97069817e+01
  endloop
 endfacet
 facet normal 8.81799519e-01 -4.71624464e-01 1.30785196e-07
  outer loop
   vertex 9.63782959e+01 5.70085297e+01 4.15897751e+01
   vertex 9.48182678e+01 5.41277466e+01 4.15897751e+01
   vertex 9.63782883e+01 5.70085297e+01 3.56483765e+01
  endloop
 endfacet
 facet normal 8.76855731e-01 -4.80753601e-01 -2.13497487e-16
  outer loop
   vertex 9.63782883e+01 5.70085297e+01 3.56483765e+01
   vertex 9.48182678e+01 5.41277466e+01 4.15897751e+01
   vertex 9.48182678e+01 5.41277466e+01 3.56483765e+01
  endloop
 endfacet
 facet normal 8.76855731e-01 -4.80753571e-01 1.30785097e-07
  outer loop
   vertex 9.48182678e+01 5.41277466e+01 4.75311737e+01
   vertex 9.48182678e+01 5.41277466e+01 4.15897751e+01
   vertex 9.63782883e+01 5.70085297e+01 4.75311737e+01
  endloop
 endfacet
 facet normal 8.81799519e-01 -4.71624464e-01 2.61570307e-07
  outer loop
   vertex 9.63782883e+01 5.70085297e+01 4.75311737e+01
   vertex 9.48182678e+01 5.41277466e+01 4.15897751e+01
   vertex 9.63782959e+01 5.70085297e+01 4.15897751e+01
  endloop
 endfacet
 facet normal 8.61434579e-01 -5.07868588e-01 -1.30753889e-07
  outer loop
   vertex 9.31691208e+01 5.12967377e+01 4.15897751e+01
   vertex 9.48182678e+01 5.41277466e+01 4.15897751e+01
   vertex 9.31691208e+01 5.12967377e+01 4.75311737e+01
  endloop
 endfacet
 facet normal 8.66673529e-01 -4.98875767e-01 -1.30753889e-07
  outer loop
   vertex 9.31691208e+01 5.12967377e+01 4.75311737e+01
   vertex 9.48182678e+01 5.41277466e+01 4.15897751e+01
   vertex 9.48182678e+01 5.41277466e+01 4.75311737e+01
  endloop
 endfacet
 facet normal 8.66673410e-01 -4.98875946e-01 -1.30753861e-07
  outer loop
   vertex 9.48182678e+01 5.41277466e+01 3.56483765e+01
   vertex 9.48182678e+01 5.41277466e+01 4.15897751e+01
   vertex 9.31691208e+01 5.12967377e+01 3.56483765e+01
  endloop
 endfacet
 facet normal 8.61434460e-01 -5.07868707e-01 -1.30753861e-07
  outer loop
   vertex 9.31691208e+01 5.12967377e+01 3.56483765e+01
   vertex 9.48182678e+01 5.41277466e+01 4.15897751e+01
   vertex 9.31691208e+01 5.12967377e+01 4.15897751e+01
  endloop
 endfacet
 facet normal 9.04335976e-01 -4.26821351e-01 -1.89546757e-16
  outer loop
   vertex 9.78467789e+01 5.99342346e+01 3.56483765e+01
   vertex 9.78467789e+01 5.99342346e+01 2.97069817e+01
   vertex 9.92285461e+01 6.29017487e+01 3.56483765e+01
  endloop
 endfacet
 facet normal 9.08353329e-01 -4.18203622e-01 -1.85719716e-16
  outer loop
   vertex 9.92285461e+01 6.29017487e+01 3.56483765e+01
   vertex 9.78467789e+01 5.99342346e+01 2.97069817e+01
   vertex 9.92285461e+01 6.29017487e+01 2.97069817e+01
  endloop
 endfacet
 facet normal 8.91268313e-01 -4.53476369e-01 -2.01383963e-16
  outer loop
   vertex 9.63782883e+01 5.70085297e+01 2.97069817e+01
   vertex 9.78467789e+01 5.99342346e+01 2.97069817e+01
   vertex 9.63782883e+01 5.70085297e+01 3.56483765e+01
  endloop
 endfacet
 facet normal 8.95798624e-01 -4.44460183e-01 -1.97379972e-16
  outer loop
   vertex 9.63782883e+01 5.70085297e+01 3.56483765e+01
   vertex 9.78467789e+01 5.99342346e+01 2.97069817e+01
   vertex 9.78467789e+01 5.99342346e+01 3.56483765e+01
  endloop
 endfacet
 facet normal 8.95798564e-01 -4.44460243e-01 -1.97379998e-16
  outer loop
   vertex 9.78467789e+01 5.99342346e+01 2.37655907e+01
   vertex 9.78467789e+01 5.99342346e+01 2.97069817e+01
   vertex 9.63782883e+01 5.70085297e+01 2.37655907e+01
  endloop
 endfacet
 facet normal 8.91268253e-01 -4.53476459e-01 -2.01384002e-16
  outer loop
   vertex 9.63782883e+01 5.70085297e+01 2.37655907e+01
   vertex 9.78467789e+01 5.99342346e+01 2.97069817e+01
   vertex 9.63782883e+01 5.70085297e+01 2.97069817e+01
  endloop
 endfacet
 facet normal 9.08353269e-01 -4.18203682e-01 -1.85719743e-16
  outer loop
   vertex 9.92285461e+01 6.29017487e+01 2.97069817e+01
   vertex 9.78467789e+01 5.99342346e+01 2.97069817e+01
   vertex 9.92285461e+01 6.29017487e+01 2.37655907e+01
  endloop
 endfacet
 facet normal 9.04335976e-01 -4.26821351e-01 -1.89546757e-16
  outer loop
   vertex 9.92285461e+01 6.29017487e+01 2.37655907e+01
   vertex 9.78467789e+01 5.99342346e+01 2.97069817e+01
   vertex 9.78467789e+01 5.99342346e+01 2.37655907e+01
  endloop
 endfacet
 facet normal 8.50661695e-01 -5.25713503e-01 -1.30753946e-07
  outer loop
   vertex 9.31691208e+01 5.12967377e+01 4.15897751e+01
   vertex 9.14332809e+01 4.85203552e+01 4.15897751e+01
   vertex 9.31691208e+01 5.12967377e+01 3.56483765e+01
  endloop
 endfacet
 facet normal 8.45127106e-01 -5.34565389e-01 -2.61508035e-07
  outer loop
   vertex 9.31691208e+01 5.12967377e+01 3.56483765e+01
   vertex 9.14332809e+01 4.85203552e+01 4.15897751e+01
   vertex 9.14332809e+01 4.85203552e+01 3.56483765e+01
  endloop
 endfacet
 facet normal 8.45127165e-01 -5.34565330e-01 -2.61507921e-07
  outer loop
   vertex 9.14332809e+01 4.85203552e+01 4.75311737e+01
   vertex 9.14332809e+01 4.85203552e+01 4.15897751e+01
   vertex 9.31691208e+01 5.12967377e+01 4.75311737e+01
  endloop
 endfacet
 facet normal 8.50661755e-01 -5.25713384e-01 -1.30753975e-07
  outer loop
   vertex 9.31691208e+01 5.12967377e+01 4.75311737e+01
   vertex 9.14332809e+01 4.85203552e+01 4.15897751e+01
   vertex 9.31691208e+01 5.12967377e+01 4.15897751e+01
  endloop
 endfacet
 facet normal 8.27947378e-01 -5.60805738e-01 -2.49047777e-16
  outer loop
   vertex 8.96115189e+01 4.58001404e+01 4.15897751e+01
   vertex 9.14332809e+01 4.85203552e+01 4.15897751e+01
   vertex 8.96115189e+01 4.58001404e+01 4.75311737e+01
  endloop
 endfacet
 facet normal 8.33770216e-01 -5.52111626e-01 -1.30754003e-07
  outer loop
   vertex 8.96115189e+01 4.58001404e+01 4.75311737e+01
   vertex 9.14332809e+01 4.85203552e+01 4.15897751e+01
   vertex 9.14332809e+01 4.85203552e+01 4.75311737e+01
  endloop
 endfacet
 facet normal 8.33770216e-01 -5.52111626e-01 -1.30754145e-07
  outer loop
   vertex 9.14332809e+01 4.85203552e+01 3.56483765e+01
   vertex 9.14332809e+01 4.85203552e+01 4.15897751e+01
   vertex 8.96115189e+01 4.58001404e+01 3.56483765e+01
  endloop
 endfacet
 facet normal 8.27947378e-01 -5.60805798e-01 -2.49047804e-16
  outer loop
   vertex 8.96115189e+01 4.58001404e+01 3.56483765e+01
   vertex 9.14332809e+01 4.85203552e+01 4.15897751e+01
   vertex 8.96115189e+01 4.58001404e+01 4.15897751e+01
  endloop
 endfacet
 facet normal 9.28187847e-01 -3.72111917e-01 -1.65250887e-16
  outer loop
   vertex 1.01756065e+02 6.89451141e+01 2.97069817e+01
   vertex 1.00528427e+02 6.59077759e+01 2.97069817e+01
   vertex 1.01756065e+02 6.89451141e+01 2.37655907e+01
  endloop
 endfacet
 facet normal 9.25400913e-01 -3.78989607e-01 -1.68305195e-16
  outer loop
   vertex 1.01756065e+02 6.89451141e+01 2.37655907e+01
   vertex 1.00528427e+02 6.59077759e+01 2.97069817e+01
   vertex 1.00528427e+02 6.59077759e+01 2.37655907e+01
  endloop
 endfacet
 facet normal 9.25400972e-01 -3.78989488e-01 2.61342734e-07
  outer loop
   vertex 1.00528427e+02 6.59077759e+01 3.56483765e+01
   vertex 1.00528427e+02 6.59077759e+01 2.97069817e+01
   vertex 1.01756065e+02 6.89451141e+01 3.56483765e+01
  endloop
 endfacet
 facet normal 9.28187847e-01 -3.72111946e-01 1.30670131e-07
  outer loop
   vertex 1.01756065e+02 6.89451141e+01 3.56483765e+01
   vertex 1.00528427e+02 6.59077759e+01 2.97069817e+01
   vertex 1.01756065e+02 6.89451141e+01 2.97069817e+01
  endloop
 endfacet
 facet normal 9.15781140e-01 -4.01677638e-01 -1.78380705e-16
  outer loop
   vertex 9.92285461e+01 6.29017487e+01 2.97069817e+01
   vertex 1.00528427e+02 6.59077759e+01 2.97069817e+01
   vertex 9.92285461e+01 6.29017487e+01 3.56483765e+01
  endloop
 endfacet
 facet normal 9.19206440e-01 -3.93776029e-01 1.30675105e-07
  outer loop
   vertex 9.92285461e+01 6.29017487e+01 3.56483765e+01
   vertex 1.00528427e+02 6.59077759e+01 2.97069817e+01
   vertex 1.00528427e+02 6.59077759e+01 3.56483765e+01
  endloop
 endfacet
 facet normal 9.19206321e-01 -3.93776208e-01 -1.74871765e-16
  outer loop
   vertex 1.00528427e+02 6.59077759e+01 2.37655907e+01
   vertex 1.00528427e+02 6.59077759e+01 2.97069817e+01
   vertex 9.92285461e+01 6.29017487e+01 2.37655907e+01
  endloop
 endfacet
 facet normal 9.15781081e-01 -4.01677698e-01 -1.78380731e-16
  outer loop
   vertex 9.92285461e+01 6.29017487e+01 2.37655907e+01
   vertex 1.00528427e+02 6.59077759e+01 2.97069817e+01
   vertex 9.92285461e+01 6.29017487e+01 2.97069817e+01
  endloop
 endfacet
 facet normal 6.02172986e-02 -9.98184860e-01 -9.35784075e-04
  outer loop
   vertex 9.82096958e+00 3.24371338e-01 4.75311737e+01
   vertex 9.82096958e+00 3.24371338e-01 5.34725723e+01
   vertex 6.55069160e+00 1.45339966e-01 4.75311737e+01
  endloop
 endfacet
 facet normal 5.08977920e-02 -9.98701572e-01 -2.12979713e-03
  outer loop
   vertex 6.55069160e+00 1.45339966e-01 4.75311737e+01
   vertex 9.82096958e+00 3.24371338e-01 5.34725723e+01
   vertex 6.55039024e+00 1.45339966e-01 5.34725723e+01
  endloop
 endfacet
 facet normal 9.08153951e-02 -9.95864630e-01 -2.50120414e-03
  outer loop
   vertex 1.30839195e+01 6.01394653e-01 5.34725723e+01
   vertex 9.82096958e+00 3.24371338e-01 5.34725723e+01
   vertex 1.30839214e+01 6.01394653e-01 4.75311737e+01
  endloop
 endfacet
 facet normal 8.01763758e-02 -9.96780276e-01 -9.36364115e-04
  outer loop
   vertex 1.30839214e+01 6.01394653e-01 4.75311737e+01
   vertex 9.82096958e+00 3.24371338e-01 5.34725723e+01
   vertex 9.82096958e+00 3.24371338e-01 4.75311737e+01
  endloop
 endfacet
 facet normal 6.73450410e-01 -7.39231825e-01 -9.47793189e-04
  outer loop
   vertex 7.46207352e+01 2.85219421e+01 4.75311737e+01
   vertex 7.46207352e+01 2.85219421e+01 5.34725723e+01
   vertex 7.21887817e+01 2.63284454e+01 4.75311737e+01
  endloop
 endfacet
 facet normal 6.65859520e-01 -7.46073365e-01 -2.36997427e-03
  outer loop
   vertex 7.21887817e+01 2.63284454e+01 4.75311737e+01
   vertex 7.46207352e+01 2.85219421e+01 5.34725723e+01
   vertex 7.21887817e+01 2.63284454e+01 5.34725723e+01
  endloop
 endfacet
 facet normal 6.95516646e-01 -7.18506217e-01 -2.31739110e-03
  outer loop
   vertex 7.69852448e+01 3.07884979e+01 5.34725723e+01
   vertex 7.46207352e+01 2.85219421e+01 5.34725723e+01
   vertex 7.69852448e+01 3.07884979e+01 4.75311737e+01
  endloop
 endfacet
 facet normal 6.88277960e-01 -7.25446463e-01 -9.47789289e-04
  outer loop
   vertex 7.69852448e+01 3.07884979e+01 4.75311737e+01
   vertex 7.46207352e+01 2.85219421e+01 5.34725723e+01
   vertex 7.46207352e+01 2.85219421e+01 4.75311737e+01
  endloop
 endfacet
 facet normal 7.30897069e-01 -6.82487726e-01 2.41002829e-13
  outer loop
   vertex 7.92807159e+01 3.31240845e+01 3.56483765e+01
   vertex 7.92807159e+01 3.31240845e+01 2.97069817e+01
   vertex 8.15031128e+01 3.55279388e+01 3.56483765e+01
  endloop
 endfacet
 facet normal 7.37891793e-01 -6.74919009e-01 1.86712530e-13
  outer loop
   vertex 8.15031128e+01 3.55279388e+01 3.56483765e+01
   vertex 7.92807159e+01 3.31240845e+01 2.97069817e+01
   vertex 8.15031204e+01 3.55279388e+01 2.97069817e+01
  endloop
 endfacet
 facet normal 7.09799230e-01 -7.04403996e-01 -3.12818214e-16
  outer loop
   vertex 7.69852524e+01 3.07884979e+01 2.97069817e+01
   vertex 7.92807159e+01 3.31240845e+01 2.97069817e+01
   vertex 7.69852448e+01 3.07884979e+01 3.56483765e+01
  endloop
 endfacet
 facet normal 7.16848910e-01 -6.97228551e-01 3.58858891e-14
  outer loop
   vertex 7.69852448e+01 3.07884979e+01 3.56483765e+01
   vertex 7.92807159e+01 3.31240845e+01 2.97069817e+01
   vertex 7.92807159e+01 3.31240845e+01 3.56483765e+01
  endloop
 endfacet
 facet normal 7.16848969e-01 -6.97228491e-01 -2.44399820e-14
  outer loop
   vertex 7.92807159e+01 3.31240845e+01 2.37655907e+01
   vertex 7.92807159e+01 3.31240845e+01 2.97069817e+01
   vertex 7.69852448e+01 3.07884979e+01 2.37655907e+01
  endloop
 endfacet
 facet normal 7.09799290e-01 -7.04403996e-01 -3.12818214e-16
  outer loop
   vertex 7.69852448e+01 3.07884979e+01 2.37655907e+01
   vertex 7.92807159e+01 3.31240845e+01 2.97069817e+01
   vertex 7.69852524e+01 3.07884979e+01 2.97069817e+01
  endloop
 endfacet
 facet normal 7.37891853e-01 -6.74919009e-01 -2.41605862e-13
  outer loop
   vertex 8.15031204e+01 3.55279388e+01 2.97069817e+01
   vertex 7.92807159e+01 3.31240845e+01 2.97069817e+01
   vertex 8.15031128e+01 3.55279388e+01 2.37655907e+01
  endloop
 endfacet
 facet normal 7.30897129e-01 -6.82487667e-01 -2.47641724e-13
  outer loop
   vertex 8.15031128e+01 3.55279388e+01 2.37655907e+01
   vertex 7.92807159e+01 3.31240845e+01 2.97069817e+01
   vertex 7.92807159e+01 3.31240845e+01 2.37655907e+01
  endloop
 endfacet
 facet normal 7.78455615e-01 -6.27699673e-01 -6.31140851e-15
  outer loop
   vertex 8.57158890e+01 4.05363922e+01 4.15897751e+01
   vertex 8.36484451e+01 3.79992523e+01 4.15897751e+01
   vertex 8.57158890e+01 4.05363922e+01 3.56483765e+01
  endloop
 endfacet
 facet normal 7.71907926e-01 -6.35734379e-01 1.62599345e-13
  outer loop
   vertex 8.57158890e+01 4.05363922e+01 3.56483765e+01
   vertex 8.36484451e+01 3.79992523e+01 4.15897751e+01
   vertex 8.36484451e+01 3.79992523e+01 3.56483765e+01
  endloop
 endfacet
 facet normal 7.71907806e-01 -6.35734439e-01 -6.31497706e-15
  outer loop
   vertex 8.36484451e+01 3.79992523e+01 4.75311737e+01
   vertex 8.36484451e+01 3.79992523e+01 4.15897751e+01
   vertex 8.57158890e+01 4.05363922e+01 4.75311737e+01
  endloop
 endfacet
 facet normal 7.78455436e-01 -6.27699852e-01 -6.31140893e-15
  outer loop
   vertex 8.57158890e+01 4.05363922e+01 4.75311737e+01
   vertex 8.36484451e+01 3.79992523e+01 4.15897751e+01
   vertex 8.57158890e+01 4.05363922e+01 4.15897751e+01
  endloop
 endfacet
 facet normal 7.51712620e-01 -6.59490824e-01 3.59031279e-14
  outer loop
   vertex 8.15031204e+01 3.55279388e+01 4.15897751e+01
   vertex 8.36484451e+01 3.79992523e+01 4.15897751e+01
   vertex 8.15031128e+01 3.55279388e+01 4.75311737e+01
  endloop
 endfacet
 facet normal 7.58536756e-01 -6.51630223e-01 2.38412856e-14
  outer loop
   vertex 8.15031128e+01 3.55279388e+01 4.75311737e+01
   vertex 8.36484451e+01 3.79992523e+01 4.15897751e+01
   vertex 8.36484451e+01 3.79992523e+01 4.75311737e+01
  endloop
 endfacet
 facet normal 7.58536637e-01 -6.51630402e-01 3.67703101e-13
  outer loop
   vertex 8.36484451e+01 3.79992523e+01 3.56483765e+01
   vertex 8.36484451e+01 3.79992523e+01 4.15897751e+01
   vertex 8.15031128e+01 3.55279388e+01 3.56483765e+01
  endloop
 endfacet
 facet normal 7.51712501e-01 -6.59490943e-01 2.10850448e-13
  outer loop
   vertex 8.15031128e+01 3.55279388e+01 3.56483765e+01
   vertex 8.36484451e+01 3.79992523e+01 4.15897751e+01
   vertex 8.15031204e+01 3.55279388e+01 4.15897751e+01
  endloop
 endfacet
 facet normal 7.78455019e-01 -6.27695858e-01 -2.39727460e-03
  outer loop
   vertex 8.57158890e+01 4.05363922e+01 5.34725723e+01
   vertex 8.36484451e+01 3.79992523e+01 5.34725723e+01
   vertex 8.57158890e+01 4.05363922e+01 4.75311737e+01
  endloop
 endfacet
 facet normal 7.71909475e-01 -6.35731697e-01 -9.72254027e-04
  outer loop
   vertex 8.57158890e+01 4.05363922e+01 4.75311737e+01
   vertex 8.36484451e+01 3.79992523e+01 5.34725723e+01
   vertex 8.36484451e+01 3.79992523e+01 4.75311737e+01
  endloop
 endfacet
 facet normal 7.58538425e-01 -6.51627541e-01 -9.72254958e-04
  outer loop
   vertex 8.36484451e+01 3.79992523e+01 4.75311737e+01
   vertex 8.36484451e+01 3.79992523e+01 5.34725723e+01
   vertex 8.15031128e+01 3.55279388e+01 4.75311737e+01
  endloop
 endfacet
 facet normal 7.51712084e-01 -6.59487009e-01 -2.40847608e-03
  outer loop
   vertex 8.15031128e+01 3.55279388e+01 4.75311737e+01
   vertex 8.36484451e+01 3.79992523e+01 5.34725723e+01
   vertex 8.15031204e+01 3.55279388e+01 5.34725723e+01
  endloop
 endfacet
 facet normal 8.61434460e-01 -5.07868767e-01 4.80357805e-14
  outer loop
   vertex 9.31691208e+01 5.12967377e+01 1.78241920e+01
   vertex 9.48182678e+01 5.41277466e+01 1.78241920e+01
   vertex 9.31691208e+01 5.12967377e+01 2.37655907e+01
  endloop
 endfacet
 facet normal 8.66673470e-01 -4.98875856e-01 4.80397751e-14
  outer loop
   vertex 9.31691208e+01 5.12967377e+01 2.37655907e+01
   vertex 9.48182678e+01 5.41277466e+01 1.78241920e+01
   vertex 9.48182678e+01 5.41277466e+01 2.37655907e+01
  endloop
 endfacet
 facet normal 8.66673231e-01 -4.98876244e-01 -2.18179764e-07
  outer loop
   vertex 9.48182678e+01 5.41277466e+01 1.18827934e+01
   vertex 9.48182678e+01 5.41277466e+01 1.78241920e+01
   vertex 9.31691208e+01 5.12967377e+01 1.18827934e+01
  endloop
 endfacet
 facet normal 8.61434400e-01 -5.07868826e-01 -1.09089619e-07
  outer loop
   vertex 9.31691208e+01 5.12967377e+01 1.18827934e+01
   vertex 9.48182678e+01 5.41277466e+01 1.78241920e+01
   vertex 9.31691208e+01 5.12967377e+01 1.78241920e+01
  endloop
 endfacet
 facet normal 8.81799519e-01 -4.71624374e-01 -2.61570307e-07
  outer loop
   vertex 9.63782959e+01 5.70085297e+01 1.78241920e+01
   vertex 9.48182678e+01 5.41277466e+01 1.78241920e+01
   vertex 9.63782883e+01 5.70085297e+01 1.18827934e+01
  endloop
 endfacet
 facet normal 8.76855612e-01 -4.80753839e-01 -2.39875192e-07
  outer loop
   vertex 9.63782883e+01 5.70085297e+01 1.18827934e+01
   vertex 9.48182678e+01 5.41277466e+01 1.78241920e+01
   vertex 9.48182678e+01 5.41277466e+01 1.18827934e+01
  endloop
 endfacet
 facet normal 8.76855671e-01 -4.80753660e-01 -2.13497513e-16
  outer loop
   vertex 9.48182678e+01 5.41277466e+01 2.37655907e+01
   vertex 9.48182678e+01 5.41277466e+01 1.78241920e+01
   vertex 9.63782883e+01 5.70085297e+01 2.37655907e+01
  endloop
 endfacet
 facet normal 8.81799459e-01 -4.71624553e-01 -1.30785196e-07
  outer loop
   vertex 9.63782883e+01 5.70085297e+01 2.37655907e+01
   vertex 9.48182678e+01 5.41277466e+01 1.78241920e+01
   vertex 9.63782959e+01 5.70085297e+01 1.78241920e+01
  endloop
 endfacet
 facet normal 8.45127046e-01 -5.34565508e-01 -2.61508006e-07
  outer loop
   vertex 9.14332809e+01 4.85203552e+01 3.56483765e+01
   vertex 9.14332733e+01 4.85203552e+01 2.97069817e+01
   vertex 9.31691208e+01 5.12967377e+01 3.56483765e+01
  endloop
 endfacet
 facet normal 8.50661516e-01 -5.25713742e-01 -1.30753932e-07
  outer loop
   vertex 9.31691208e+01 5.12967377e+01 3.56483765e+01
   vertex 9.14332733e+01 4.85203552e+01 2.97069817e+01
   vertex 9.31691208e+01 5.12967377e+01 2.97069817e+01
  endloop
 endfacet
 facet normal 8.27947319e-01 -5.60805917e-01 1.18163036e-14
  outer loop
   vertex 8.96115189e+01 4.58001404e+01 2.97069817e+01
   vertex 9.14332733e+01 4.85203552e+01 2.97069817e+01
   vertex 8.96115189e+01 4.58001404e+01 3.56483765e+01
  endloop
 endfacet
 facet normal 8.33770096e-01 -5.52111745e-01 -1.30754131e-07
  outer loop
   vertex 8.96115189e+01 4.58001404e+01 3.56483765e+01
   vertex 9.14332733e+01 4.85203552e+01 2.97069817e+01
   vertex 9.14332809e+01 4.85203552e+01 3.56483765e+01
  endloop
 endfacet
 facet normal 8.33770216e-01 -5.52111566e-01 6.00815716e-14
  outer loop
   vertex 9.14332809e+01 4.85203552e+01 2.37655907e+01
   vertex 9.14332733e+01 4.85203552e+01 2.97069817e+01
   vertex 8.96115189e+01 4.58001404e+01 2.37655907e+01
  endloop
 endfacet
 facet normal 8.27947378e-01 -5.60805738e-01 1.18163036e-14
  outer loop
   vertex 8.96115189e+01 4.58001404e+01 2.37655907e+01
   vertex 9.14332733e+01 4.85203552e+01 2.97069817e+01
   vertex 8.96115189e+01 4.58001404e+01 2.97069817e+01
  endloop
 endfacet
 facet normal 8.50661576e-01 -5.25713682e-01 7.21585741e-14
  outer loop
   vertex 9.31691208e+01 5.12967377e+01 2.97069817e+01
   vertex 9.14332733e+01 4.85203552e+01 2.97069817e+01
   vertex 9.31691208e+01 5.12967377e+01 2.37655907e+01
  endloop
 endfacet
 facet normal 8.45127106e-01 -5.34565389e-01 1.08350686e-13
  outer loop
   vertex 9.31691208e+01 5.12967377e+01 2.37655907e+01
   vertex 9.14332733e+01 4.85203552e+01 2.97069817e+01
   vertex 9.14332809e+01 4.85203552e+01 2.37655907e+01
  endloop
 endfacet
 facet normal 9.25401092e-01 -3.78989249e-01 -1.68305036e-16
  outer loop
   vertex 1.00528427e+02 6.59077759e+01 1.18827934e+01
   vertex 1.00528427e+02 6.59077759e+01 5.94139862e+00
   vertex 1.01756065e+02 6.89451141e+01 1.18827934e+01
  endloop
 endfacet
 facet normal 9.28187907e-01 -3.72111678e-01 3.01824213e-04
  outer loop
   vertex 1.01756065e+02 6.89451141e+01 1.18827934e+01
   vertex 1.00528427e+02 6.59077759e+01 5.94139862e+00
   vertex 1.01756065e+02 6.89451141e+01 5.94139862e+00
  endloop
 endfacet
 facet normal 9.15929139e-01 -4.01339203e-01 8.38408421e-04
  outer loop
   vertex 9.92285461e+01 6.29017487e+01 5.94139862e+00
   vertex 1.00528427e+02 6.59077759e+01 5.94139862e+00
   vertex 9.92285461e+01 6.29017487e+01 1.18827934e+01
  endloop
 endfacet
 facet normal 9.19206440e-01 -3.93776000e-01 -1.74871672e-16
  outer loop
   vertex 9.92285461e+01 6.29017487e+01 1.18827934e+01
   vertex 1.00528427e+02 6.59077759e+01 5.94139862e+00
   vertex 1.00528427e+02 6.59077759e+01 1.18827934e+01
  endloop
 endfacet
 facet normal 7.78455555e-01 -6.27699673e-01 -1.83767169e-14
  outer loop
   vertex 8.57158890e+01 4.05363922e+01 2.97069817e+01
   vertex 8.36484451e+01 3.79992523e+01 2.97069817e+01
   vertex 8.57158890e+01 4.05363922e+01 2.37655907e+01
  endloop
 endfacet
 facet normal 7.71907747e-01 -6.35734558e-01 -2.11425224e-13
  outer loop
   vertex 8.57158890e+01 4.05363922e+01 2.37655907e+01
   vertex 8.36484451e+01 3.79992523e+01 2.97069817e+01
   vertex 8.36484451e+01 3.79992523e+01 2.37655907e+01
  endloop
 endfacet
 facet normal 7.71907806e-01 -6.35734499e-01 1.50534045e-13
  outer loop
   vertex 8.36484451e+01 3.79992523e+01 3.56483765e+01
   vertex 8.36484451e+01 3.79992523e+01 2.97069817e+01
   vertex 8.57158890e+01 4.05363922e+01 3.56483765e+01
  endloop
 endfacet
 facet normal 7.78455675e-01 -6.27699614e-01 -1.83767169e-14
  outer loop
   vertex 8.57158890e+01 4.05363922e+01 3.56483765e+01
   vertex 8.36484451e+01 3.79992523e+01 2.97069817e+01
   vertex 8.57158890e+01 4.05363922e+01 2.97069817e+01
  endloop
 endfacet
 facet normal 7.51712263e-01 -6.59491241e-01 1.68621803e-13
  outer loop
   vertex 8.15031204e+01 3.55279388e+01 2.97069817e+01
   vertex 8.36484451e+01 3.79992523e+01 2.97069817e+01
   vertex 8.15031128e+01 3.55279388e+01 3.56483765e+01
  endloop
 endfacet
 facet normal 7.58536518e-01 -6.51630580e-01 3.55637774e-13
  outer loop
   vertex 8.15031128e+01 3.55279388e+01 3.56483765e+01
   vertex 8.36484451e+01 3.79992523e+01 2.97069817e+01
   vertex 8.36484451e+01 3.79992523e+01 3.56483765e+01
  endloop
 endfacet
 facet normal 7.58536577e-01 -6.51630461e-01 -4.34641120e-13
  outer loop
   vertex 8.36484451e+01 3.79992523e+01 2.37655907e+01
   vertex 8.36484451e+01 3.79992523e+01 2.97069817e+01
   vertex 8.15031128e+01 3.55279388e+01 2.37655907e+01
  endloop
 endfacet
 facet normal 7.51712322e-01 -6.59491181e-01 -2.59697510e-13
  outer loop
   vertex 8.15031128e+01 3.55279388e+01 2.37655907e+01
   vertex 8.36484451e+01 3.79992523e+01 2.97069817e+01
   vertex 8.15031204e+01 3.55279388e+01 2.97069817e+01
  endloop
 endfacet
 facet normal 8.09971869e-01 -5.86468756e-01 -2.60444447e-16
  outer loop
   vertex 8.77046509e+01 4.31377716e+01 3.56483765e+01
   vertex 8.77046509e+01 4.31377716e+01 2.97069817e+01
   vertex 8.96115189e+01 4.58001404e+01 3.56483765e+01
  endloop
 endfacet
 facet normal 8.16047966e-01 -5.77984154e-01 -2.56676526e-16
  outer loop
   vertex 8.96115189e+01 4.58001404e+01 3.56483765e+01
   vertex 8.77046509e+01 4.31377716e+01 2.97069817e+01
   vertex 8.96115189e+01 4.58001404e+01 2.97069817e+01
  endloop
 endfacet
 facet normal 7.91300654e-01 -6.11427248e-01 -2.71528243e-16
  outer loop
   vertex 8.57158890e+01 4.05363922e+01 2.97069817e+01
   vertex 8.77046509e+01 4.31377716e+01 2.97069817e+01
   vertex 8.57158890e+01 4.05363922e+01 3.56483765e+01
  endloop
 endfacet
 facet normal 7.97597647e-01 -6.03189886e-01 -2.67870120e-16
  outer loop
   vertex 8.57158890e+01 4.05363922e+01 3.56483765e+01
   vertex 8.77046509e+01 4.31377716e+01 2.97069817e+01
   vertex 8.77046509e+01 4.31377716e+01 3.56483765e+01
  endloop
 endfacet
 facet normal 7.97597468e-01 -6.03190064e-01 -2.67870199e-16
  outer loop
   vertex 8.77046509e+01 4.31377716e+01 2.37655907e+01
   vertex 8.77046509e+01 4.31377716e+01 2.97069817e+01
   vertex 8.57158890e+01 4.05363922e+01 2.37655907e+01
  endloop
 endfacet
 facet normal 7.91300595e-01 -6.11427367e-01 -2.71528296e-16
  outer loop
   vertex 8.57158890e+01 4.05363922e+01 2.37655907e+01
   vertex 8.77046509e+01 4.31377716e+01 2.97069817e+01
   vertex 8.57158890e+01 4.05363922e+01 2.97069817e+01
  endloop
 endfacet
 facet normal 8.16048086e-01 -5.77984035e-01 -2.56676473e-16
  outer loop
   vertex 8.96115189e+01 4.58001404e+01 2.97069817e+01
   vertex 8.77046509e+01 4.31377716e+01 2.97069817e+01
   vertex 8.96115189e+01 4.58001404e+01 2.37655907e+01
  endloop
 endfacet
 facet normal 8.09971869e-01 -5.86468756e-01 -2.60444447e-16
  outer loop
   vertex 8.96115189e+01 4.58001404e+01 2.37655907e+01
   vertex 8.77046509e+01 4.31377716e+01 2.97069817e+01
   vertex 8.77046509e+01 4.31377716e+01 2.37655907e+01
  endloop
 endfacet
 facet normal 9.59368348e-01 -2.82156676e-01 2.55452171e-09
  outer loop
   vertex 1.07047913e+02 8.44385223e+01 1.18827934e+01
   vertex 1.07047913e+02 8.44385223e+01 5.94139862e+00
   vertex 1.07964828e+02 8.75842514e+01 1.18827934e+01
  endloop
 endfacet
 facet normal 9.60573494e-01 -2.78025836e-01 3.96266463e-04
  outer loop
   vertex 1.07964828e+02 8.75842514e+01 1.18827934e+01
   vertex 1.07047913e+02 8.44385223e+01 5.94139862e+00
   vertex 1.07964828e+02 8.75842514e+01 5.94139862e+00
  endloop
 endfacet
 facet normal 9.55402195e-01 -2.95307338e-01 4.41728771e-04
  outer loop
   vertex 1.06087662e+02 8.13056412e+01 5.94139862e+00
   vertex 1.07047913e+02 8.44385223e+01 5.94139862e+00
   vertex 1.06087662e+02 8.13056412e+01 1.18827934e+01
  endloop
 endfacet
 facet normal 9.56730783e-01 -2.90974557e-01 -6.68122055e-08
  outer loop
   vertex 1.06087662e+02 8.13056412e+01 1.18827934e+01
   vertex 1.07047913e+02 8.44385223e+01 5.94139862e+00
   vertex 1.07047913e+02 8.44385223e+01 1.18827934e+01
  endloop
 endfacet
 facet normal 6.88266873e-01 -7.25457609e-01 -3.22167896e-16
  outer loop
   vertex 7.46207352e+01 2.85219421e+01 1.18827934e+01
   vertex 7.46207352e+01 2.85219421e+01 5.94139862e+00
   vertex 7.69852448e+01 3.07884979e+01 1.18827934e+01
  endloop
 endfacet
 facet normal 6.95507586e-01 -7.18518615e-01 4.39260650e-04
  outer loop
   vertex 7.69852448e+01 3.07884979e+01 1.18827934e+01
   vertex 7.46207352e+01 2.85219421e+01 5.94139862e+00
   vertex 7.69852448e+01 3.07884979e+01 5.94139862e+00
  endloop
 endfacet
 facet normal 6.65849626e-01 -7.46085823e-01 4.56020964e-04
  outer loop
   vertex 7.21887817e+01 2.63284454e+01 5.94139862e+00
   vertex 7.46207352e+01 2.85219421e+01 5.94139862e+00
   vertex 7.21887817e+01 2.63284454e+01 1.18827934e+01
  endloop
 endfacet
 facet normal 6.73439145e-01 -7.39242673e-01 -3.28289695e-16
  outer loop
   vertex 7.21887817e+01 2.63284454e+01 1.18827934e+01
   vertex 7.46207352e+01 2.85219421e+01 5.94139862e+00
   vertex 7.46207352e+01 2.85219421e+01 1.18827934e+01
  endloop
 endfacet
 facet normal 6.02013826e-01 -7.98485696e-01 4.08728482e-08
  outer loop
   vertex 6.71289597e+01 2.21742859e+01 1.78241920e+01
   vertex 6.45043030e+01 2.02168121e+01 1.78241920e+01
   vertex 6.71289597e+01 2.21742706e+01 1.18827934e+01
  endloop
 endfacet
 facet normal 5.93729675e-01 -8.04664552e-01 3.26973932e-08
  outer loop
   vertex 6.71289597e+01 2.21742706e+01 1.18827934e+01
   vertex 6.45043030e+01 2.02168121e+01 1.78241920e+01
   vertex 6.45043030e+01 2.02168121e+01 1.18827934e+01
  endloop
 endfacet
 facet normal 5.93729734e-01 -8.04664493e-01 3.26971232e-08
  outer loop
   vertex 6.45043030e+01 2.02168121e+01 2.37655907e+01
   vertex 6.45043030e+01 2.02168121e+01 1.78241920e+01
   vertex 6.71289597e+01 2.21742706e+01 2.37655907e+01
  endloop
 endfacet
 facet normal 6.02014005e-01 -7.98485518e-01 4.08728766e-08
  outer loop
   vertex 6.71289597e+01 2.21742706e+01 2.37655907e+01
   vertex 6.45043030e+01 2.02168121e+01 1.78241920e+01
   vertex 6.71289597e+01 2.21742859e+01 1.78241920e+01
  endloop
 endfacet
 facet normal 5.68601727e-01 -8.22612941e-01 -2.45154936e-08
  outer loop
   vertex 6.18202362e+01 1.83412781e+01 1.78241920e+01
   vertex 6.45043030e+01 2.02168121e+01 1.78241920e+01
   vertex 6.18202400e+01 1.83412781e+01 2.37655907e+01
  endloop
 endfacet
 facet normal 5.77022970e-01 -8.16727936e-01 -1.63417742e-08
  outer loop
   vertex 6.18202400e+01 1.83412781e+01 2.37655907e+01
   vertex 6.45043030e+01 2.02168121e+01 1.78241920e+01
   vertex 6.45043030e+01 2.02168121e+01 2.37655907e+01
  endloop
 endfacet
 facet normal 5.77023089e-01 -8.16727817e-01 4.90373715e-08
  outer loop
   vertex 6.45043030e+01 2.02168121e+01 1.18827934e+01
   vertex 6.45043030e+01 2.02168121e+01 1.78241920e+01
   vertex 6.18202400e+01 1.83412781e+01 1.18827934e+01
  endloop
 endfacet
 facet normal 5.68601668e-01 -8.22613001e-01 4.08633554e-08
  outer loop
   vertex 6.18202400e+01 1.83412781e+01 1.18827934e+01
   vertex 6.45043030e+01 2.02168121e+01 1.78241920e+01
   vertex 6.18202362e+01 1.83412781e+01 1.78241920e+01
  endloop
 endfacet
 facet normal 6.95508063e-01 -7.18518257e-01 -3.19086205e-16
  outer loop
   vertex 7.69852524e+01 3.07884979e+01 1.78241920e+01
   vertex 7.46207352e+01 2.85219421e+01 1.78241920e+01
   vertex 7.69852448e+01 3.07884979e+01 1.18827934e+01
  endloop
 endfacet
 facet normal 6.88267231e-01 -7.25457251e-01 -3.22167737e-16
  outer loop
   vertex 7.69852448e+01 3.07884979e+01 1.18827934e+01
   vertex 7.46207352e+01 2.85219421e+01 1.78241920e+01
   vertex 7.46207352e+01 2.85219421e+01 1.18827934e+01
  endloop
 endfacet
 facet normal 6.88267171e-01 -7.25457311e-01 -3.22167764e-16
  outer loop
   vertex 7.46207352e+01 2.85219421e+01 2.37655907e+01
   vertex 7.46207352e+01 2.85219421e+01 1.78241920e+01
   vertex 7.69852448e+01 3.07884979e+01 2.37655907e+01
  endloop
 endfacet
 facet normal 6.95508122e-01 -7.18518257e-01 -3.19086205e-16
  outer loop
   vertex 7.69852448e+01 3.07884979e+01 2.37655907e+01
   vertex 7.46207352e+01 2.85219421e+01 1.78241920e+01
   vertex 7.69852524e+01 3.07884979e+01 1.78241920e+01
  endloop
 endfacet
 facet normal 6.65849924e-01 -7.46085703e-01 -3.31328610e-16
  outer loop
   vertex 7.21887817e+01 2.63284454e+01 1.78241920e+01
   vertex 7.46207352e+01 2.85219421e+01 1.78241920e+01
   vertex 7.21887741e+01 2.63284454e+01 2.37655907e+01
  endloop
 endfacet
 facet normal 6.73439324e-01 -7.39242494e-01 -3.28289615e-16
  outer loop
   vertex 7.21887741e+01 2.63284454e+01 2.37655907e+01
   vertex 7.46207352e+01 2.85219421e+01 1.78241920e+01
   vertex 7.46207352e+01 2.85219421e+01 2.37655907e+01
  endloop
 endfacet
 facet normal 6.73439562e-01 -7.39242315e-01 -3.28289536e-16
  outer loop
   vertex 7.46207352e+01 2.85219421e+01 1.18827934e+01
   vertex 7.46207352e+01 2.85219421e+01 1.78241920e+01
   vertex 7.21887817e+01 2.63284454e+01 1.18827934e+01
  endloop
 endfacet
 facet normal 6.65850043e-01 -7.46085644e-01 -3.31328584e-16
  outer loop
   vertex 7.21887817e+01 2.63284454e+01 1.18827934e+01
   vertex 7.46207352e+01 2.85219421e+01 1.78241920e+01
   vertex 7.21887817e+01 2.63284454e+01 1.78241920e+01
  endloop
 endfacet
 facet normal 6.73439622e-01 -7.39242256e-01 -3.28289509e-16
  outer loop
   vertex 7.46207352e+01 2.85219421e+01 3.56483765e+01
   vertex 7.46207352e+01 2.85219421e+01 4.15897751e+01
   vertex 7.21887817e+01 2.63284454e+01 3.56483765e+01
  endloop
 endfacet
 facet normal 6.65850103e-01 -7.46085525e-01 -3.31328531e-16
  outer loop
   vertex 7.21887817e+01 2.63284454e+01 3.56483765e+01
   vertex 7.46207352e+01 2.85219421e+01 4.15897751e+01
   vertex 7.21887817e+01 2.63284454e+01 4.15897751e+01
  endloop
 endfacet
 facet normal 6.95508122e-01 -7.18518198e-01 -3.19086179e-16
  outer loop
   vertex 7.69852524e+01 3.07884979e+01 4.15897751e+01
   vertex 7.46207352e+01 2.85219421e+01 4.15897751e+01
   vertex 7.69852448e+01 3.07884979e+01 3.56483765e+01
  endloop
 endfacet
 facet normal 6.88267291e-01 -7.25457191e-01 -3.22167711e-16
  outer loop
   vertex 7.69852448e+01 3.07884979e+01 3.56483765e+01
   vertex 7.46207352e+01 2.85219421e+01 4.15897751e+01
   vertex 7.46207352e+01 2.85219421e+01 3.56483765e+01
  endloop
 endfacet
 facet normal 6.88267350e-01 -7.25457132e-01 -3.22167684e-16
  outer loop
   vertex 7.46207352e+01 2.85219421e+01 4.75311737e+01
   vertex 7.46207352e+01 2.85219421e+01 4.15897751e+01
   vertex 7.69852448e+01 3.07884979e+01 4.75311737e+01
  endloop
 endfacet
 facet normal 6.95508122e-01 -7.18518257e-01 -3.19086205e-16
  outer loop
   vertex 7.69852448e+01 3.07884979e+01 4.75311737e+01
   vertex 7.46207352e+01 2.85219421e+01 4.15897751e+01
   vertex 7.69852524e+01 3.07884979e+01 4.15897751e+01
  endloop
 endfacet
 facet normal 6.65849984e-01 -7.46085644e-01 -3.31328584e-16
  outer loop
   vertex 7.21887817e+01 2.63284454e+01 4.15897751e+01
   vertex 7.46207352e+01 2.85219421e+01 4.15897751e+01
   vertex 7.21887817e+01 2.63284454e+01 4.75311737e+01
  endloop
 endfacet
 facet normal 6.73439622e-01 -7.39242256e-01 -3.28289509e-16
  outer loop
   vertex 7.21887817e+01 2.63284454e+01 4.75311737e+01
   vertex 7.46207352e+01 2.85219421e+01 4.15897751e+01
   vertex 7.46207352e+01 2.85219421e+01 4.75311737e+01
  endloop
 endfacet
 facet normal 6.26509666e-01 -7.79413044e-01 -9.68347245e-04
  outer loop
   vertex 6.96909866e+01 2.42120056e+01 4.75311737e+01
   vertex 6.96909866e+01 2.42120056e+01 5.34725723e+01
   vertex 6.71289597e+01 2.21742706e+01 4.75311737e+01
  endloop
 endfacet
 facet normal 6.18403316e-01 -7.85857260e-01 -2.39730719e-03
  outer loop
   vertex 6.71289597e+01 2.21742706e+01 4.75311737e+01
   vertex 6.96909866e+01 2.42120056e+01 5.34725723e+01
   vertex 6.71289597e+01 2.21742859e+01 5.34725723e+01
  endloop
 endfacet
 facet normal 6.50378823e-01 -7.59606242e-01 -2.39066943e-03
  outer loop
   vertex 7.21887817e+01 2.63284454e+01 5.34725723e+01
   vertex 6.96909866e+01 2.42120056e+01 5.34725723e+01
   vertex 7.21887817e+01 2.63284454e+01 4.75311737e+01
  endloop
 endfacet
 facet normal 6.42497361e-01 -7.66287327e-01 -9.68420296e-04
  outer loop
   vertex 7.21887817e+01 2.63284454e+01 4.75311737e+01
   vertex 6.96909866e+01 2.42120056e+01 5.34725723e+01
   vertex 6.96909866e+01 2.42120056e+01 4.75311737e+01
  endloop
 endfacet
 facet normal 8.45127642e-01 -5.34564495e-01 -2.39842279e-07
  outer loop
   vertex 9.14332809e+01 4.85203552e+01 1.18827934e+01
   vertex 9.14332733e+01 4.85203552e+01 5.94139862e+00
   vertex 9.31691208e+01 5.12967377e+01 1.18827934e+01
  endloop
 endfacet
 facet normal 8.50662053e-01 -5.25712788e-01 4.60759504e-04
  outer loop
   vertex 9.31691208e+01 5.12967377e+01 1.18827934e+01
   vertex 9.14332733e+01 4.85203552e+01 5.94139862e+00
   vertex 9.31691208e+01 5.12967682e+01 5.94139862e+00
  endloop
 endfacet
 facet normal 8.27947795e-01 -5.60804963e-01 4.62606637e-04
  outer loop
   vertex 8.96115189e+01 4.58001404e+01 5.94139862e+00
   vertex 9.14332733e+01 4.85203552e+01 5.94139862e+00
   vertex 8.96115189e+01 4.58001404e+01 1.18827934e+01
  endloop
 endfacet
 facet normal 8.33770812e-01 -5.52110672e-01 -1.30752653e-07
  outer loop
   vertex 8.96115189e+01 4.58001404e+01 1.18827934e+01
   vertex 9.14332733e+01 4.85203552e+01 5.94139862e+00
   vertex 9.14332809e+01 4.85203552e+01 1.18827934e+01
  endloop
 endfacet
 facet normal 5.77018619e-01 -8.16730440e-01 -9.64780862e-04
  outer loop
   vertex 6.45043030e+01 2.02168121e+01 4.75311737e+01
   vertex 6.45043030e+01 2.02168121e+01 5.34725723e+01
   vertex 6.18202400e+01 1.83412781e+01 4.75311737e+01
  endloop
 endfacet
 facet normal 5.68595588e-01 -8.22613776e-01 -2.37689470e-03
  outer loop
   vertex 6.18202400e+01 1.83412781e+01 4.75311737e+01
   vertex 6.45043030e+01 2.02168121e+01 5.34725723e+01
   vertex 6.18202400e+01 1.83412781e+01 5.34725723e+01
  endloop
 endfacet
 facet normal 6.02008104e-01 -7.98486412e-01 -2.39357795e-03
  outer loop
   vertex 6.71289597e+01 2.21742859e+01 5.34725723e+01
   vertex 6.45043030e+01 2.02168121e+01 5.34725723e+01
   vertex 6.71289597e+01 2.21742706e+01 4.75311737e+01
  endloop
 endfacet
 facet normal 5.93724906e-01 -8.04667473e-01 -9.64675914e-04
  outer loop
   vertex 6.71289597e+01 2.21742706e+01 4.75311737e+01
   vertex 6.45043030e+01 2.02168121e+01 5.34725723e+01
   vertex 6.45043030e+01 2.02168121e+01 4.75311737e+01
  endloop
 endfacet
 facet normal 6.02013588e-01 -7.98485875e-01 -5.72166492e-08
  outer loop
   vertex 6.71289520e+01 2.21742706e+01 4.15897751e+01
   vertex 6.45043030e+01 2.02168121e+01 4.15897751e+01
   vertex 6.71289597e+01 2.21742706e+01 3.56483765e+01
  endloop
 endfacet
 facet normal 5.93729317e-01 -8.04664850e-01 -5.72163614e-08
  outer loop
   vertex 6.71289597e+01 2.21742706e+01 3.56483765e+01
   vertex 6.45043030e+01 2.02168121e+01 4.15897751e+01
   vertex 6.45043030e+01 2.02168121e+01 3.56483765e+01
  endloop
 endfacet
 facet normal 5.93729019e-01 -8.04665029e-01 8.17398131e-08
  outer loop
   vertex 6.45043030e+01 2.02168121e+01 4.75311737e+01
   vertex 6.45043030e+01 2.02168121e+01 4.15897751e+01
   vertex 6.71289597e+01 2.21742706e+01 4.75311737e+01
  endloop
 endfacet
 facet normal 6.02013469e-01 -7.98485935e-01 7.35660777e-08
  outer loop
   vertex 6.71289597e+01 2.21742706e+01 4.75311737e+01
   vertex 6.45043030e+01 2.02168121e+01 4.15897751e+01
   vertex 6.71289520e+01 2.21742706e+01 4.15897751e+01
  endloop
 endfacet
 facet normal 5.68601787e-01 -8.22612882e-01 -3.26894423e-08
  outer loop
   vertex 6.18202362e+01 1.83412781e+01 4.15897751e+01
   vertex 6.45043030e+01 2.02168121e+01 4.15897751e+01
   vertex 6.18202400e+01 1.83412781e+01 4.75311737e+01
  endloop
 endfacet
 facet normal 5.77022791e-01 -8.16728055e-01 -2.45156979e-08
  outer loop
   vertex 6.18202400e+01 1.83412781e+01 4.75311737e+01
   vertex 6.45043030e+01 2.02168121e+01 4.15897751e+01
   vertex 6.45043030e+01 2.02168121e+01 4.75311737e+01
  endloop
 endfacet
 facet normal 5.77022731e-01 -8.16728115e-01 3.26897087e-08
  outer loop
   vertex 6.45043030e+01 2.02168121e+01 3.56483765e+01
   vertex 6.45043030e+01 2.02168121e+01 4.15897751e+01
   vertex 6.18202400e+01 1.83412781e+01 3.56483765e+01
  endloop
 endfacet
 facet normal 5.68601489e-01 -8.22613120e-01 3.26894067e-08
  outer loop
   vertex 6.18202400e+01 1.83412781e+01 3.56483765e+01
   vertex 6.45043030e+01 2.02168121e+01 4.15897751e+01
   vertex 6.18202362e+01 1.83412781e+01 4.15897751e+01
  endloop
 endfacet
 facet normal 6.42496228e-01 -7.66288817e-01 -4.90412901e-08
  outer loop
   vertex 6.96909866e+01 2.42120056e+01 3.56483765e+01
   vertex 6.96909866e+01 2.42120056e+01 2.97069817e+01
   vertex 7.21887817e+01 2.63284454e+01 3.56483765e+01
  endloop
 endfacet
 facet normal 6.50379062e-01 -7.59609818e-01 8.17557133e-09
  outer loop
   vertex 7.21887817e+01 2.63284454e+01 3.56483765e+01
   vertex 6.96909866e+01 2.42120056e+01 2.97069817e+01
   vertex 7.21887817e+01 2.63284454e+01 2.97069817e+01
  endloop
 endfacet
 facet normal 6.18403733e-01 -7.85860598e-01 -3.26916840e-08
  outer loop
   vertex 6.71289597e+01 2.21742859e+01 2.97069817e+01
   vertex 6.96909866e+01 2.42120056e+01 2.97069817e+01
   vertex 6.71289597e+01 2.21742706e+01 3.56483765e+01
  endloop
 endfacet
 facet normal 6.26508534e-01 -7.79414535e-01 -1.06257986e-07
  outer loop
   vertex 6.71289597e+01 2.21742706e+01 3.56483765e+01
   vertex 6.96909866e+01 2.42120056e+01 2.97069817e+01
   vertex 6.96909866e+01 2.42120056e+01 3.56483765e+01
  endloop
 endfacet
 facet normal 6.26508594e-01 -7.79414535e-01 3.27007506e-08
  outer loop
   vertex 6.96909866e+01 2.42120056e+01 2.37655907e+01
   vertex 6.96909866e+01 2.42120056e+01 2.97069817e+01
   vertex 6.71289597e+01 2.21742706e+01 2.37655907e+01
  endloop
 endfacet
 facet normal 6.18403912e-01 -7.85860419e-01 4.08744505e-08
  outer loop
   vertex 6.71289597e+01 2.21742706e+01 2.37655907e+01
   vertex 6.96909866e+01 2.42120056e+01 2.97069817e+01
   vertex 6.71289597e+01 2.21742859e+01 2.97069817e+01
  endloop
 endfacet
 facet normal 6.50378942e-01 -7.59609938e-01 8.17557133e-09
  outer loop
   vertex 7.21887817e+01 2.63284454e+01 2.97069817e+01
   vertex 6.96909866e+01 2.42120056e+01 2.97069817e+01
   vertex 7.21887741e+01 2.63284454e+01 2.37655907e+01
  endloop
 endfacet
 facet normal 6.42495930e-01 -7.66289055e-01 1.63512812e-08
  outer loop
   vertex 7.21887741e+01 2.63284454e+01 2.37655907e+01
   vertex 6.96909866e+01 2.42120056e+01 2.97069817e+01
   vertex 6.96909866e+01 2.42120056e+01 2.37655907e+01
  endloop
 endfacet
 facet normal 5.43060482e-01 -8.39693606e-01 -1.30799506e-07
  outer loop
   vertex 5.90799713e+01 1.65492096e+01 3.56483765e+01
   vertex 5.90799713e+01 1.65492096e+01 2.97069817e+01
   vertex 6.18202400e+01 1.83412781e+01 3.56483765e+01
  endloop
 endfacet
 facet normal 5.51619530e-01 -8.34095895e-01 3.26893890e-08
  outer loop
   vertex 6.18202400e+01 1.83412781e+01 3.56483765e+01
   vertex 5.90799713e+01 1.65492096e+01 2.97069817e+01
   vertex 6.18202400e+01 1.83412781e+01 2.97069817e+01
  endloop
 endfacet
 facet normal 5.17099202e-01 -8.55925500e-01 -3.96717155e-07
  outer loop
   vertex 5.62867088e+01 1.48422699e+01 2.97069817e+01
   vertex 5.90799713e+01 1.65492096e+01 2.97069817e+01
   vertex 5.62867088e+01 1.48422699e+01 3.56483765e+01
  endloop
 endfacet
 facet normal 5.25799990e-01 -8.50608230e-01 -5.60205933e-07
  outer loop
   vertex 5.62867088e+01 1.48422699e+01 3.56483765e+01
   vertex 5.90799713e+01 1.65492096e+01 2.97069817e+01
   vertex 5.90799713e+01 1.65492096e+01 3.56483765e+01
  endloop
 endfacet
 facet normal 5.25800049e-01 -8.50608230e-01 -3.26893641e-08
  outer loop
   vertex 5.90799713e+01 1.65492096e+01 2.37655907e+01
   vertex 5.90799713e+01 1.65492096e+01 2.97069817e+01
   vertex 5.62867088e+01 1.48422699e+01 2.37655907e+01
  endloop
 endfacet
 facet normal 5.17099261e-01 -8.55925441e-01 -3.80107253e-16
  outer loop
   vertex 5.62867088e+01 1.48422699e+01 2.37655907e+01
   vertex 5.90799713e+01 1.65492096e+01 2.97069817e+01
   vertex 5.62867088e+01 1.48422699e+01 2.97069817e+01
  endloop
 endfacet
 facet normal 5.51619530e-01 -8.34095836e-01 -3.26893961e-08
  outer loop
   vertex 6.18202400e+01 1.83412781e+01 2.97069817e+01
   vertex 5.90799713e+01 1.65492096e+01 2.97069817e+01
   vertex 6.18202400e+01 1.83412781e+01 2.37655907e+01
  endloop
 endfacet
 facet normal 5.43060541e-01 -8.39693546e-01 -6.53787779e-08
  outer loop
   vertex 6.18202400e+01 1.83412781e+01 2.37655907e+01
   vertex 5.90799713e+01 1.65492096e+01 2.97069817e+01
   vertex 5.90799713e+01 1.65492096e+01 2.37655907e+01
  endloop
 endfacet
 facet normal 4.17817444e-01 -9.08530474e-01 -9.58373363e-04
  outer loop
   vertex 4.76114655e+01 1.02448883e+01 4.75311737e+01
   vertex 4.76114655e+01 1.02449188e+01 5.34725723e+01
   vertex 4.46279182e+01 8.89123535e+00 4.75311737e+01
  endloop
 endfacet
 facet normal 4.08486456e-01 -9.12761271e-01 -2.37228768e-03
  outer loop
   vertex 4.46279182e+01 8.89123535e+00 4.75311737e+01
   vertex 4.76114655e+01 1.02449188e+01 5.34725723e+01
   vertex 4.46279221e+01 8.89123535e+00 5.34725723e+01
  endloop
 endfacet
 facet normal 4.45519894e-01 -8.95268917e-01 -2.36893562e-03
  outer loop
   vertex 5.05516548e+01 1.16893158e+01 5.34725723e+01
   vertex 4.76114655e+01 1.02449188e+01 5.34725723e+01
   vertex 5.05516548e+01 1.16893158e+01 4.75311737e+01
  endloop
 endfacet
 facet normal 4.36334699e-01 -8.99783909e-01 -9.58487566e-04
  outer loop
   vertex 5.05516548e+01 1.16893158e+01 4.75311737e+01
   vertex 4.76114655e+01 1.02449188e+01 5.34725723e+01
   vertex 4.76114655e+01 1.02448883e+01 4.75311737e+01
  endloop
 endfacet
 facet normal 9.66458499e-01 -2.56822854e-01 1.60691125e-04
  outer loop
   vertex 1.08839973e+02 9.07396164e+01 1.18827934e+01
   vertex 1.08839973e+02 9.07396164e+01 5.94139862e+00
   vertex 1.09682610e+02 9.39363632e+01 1.18284416e+01
  endloop
 endfacet
 facet normal 9.67523217e-01 -2.52781540e-01 5.07974299e-04
  outer loop
   vertex 1.09682610e+02 9.39363632e+01 1.18284416e+01
   vertex 1.08839973e+02 9.07396164e+01 5.94139862e+00
   vertex 1.09705490e+02 9.40292130e+01 5.72397232e+00
  endloop
 endfacet
 facet normal 9.63044763e-01 -2.69340813e-01 5.85607660e-04
  outer loop
   vertex 1.07964828e+02 8.75842514e+01 5.94139862e+00
   vertex 1.08839973e+02 9.07396164e+01 5.94139862e+00
   vertex 1.07964828e+02 8.75842514e+01 1.18827934e+01
  endloop
 endfacet
 facet normal 9.64243412e-01 -2.65018165e-01 1.84507386e-04
  outer loop
   vertex 1.07964828e+02 8.75842514e+01 1.18827934e+01
   vertex 1.08839973e+02 9.07396164e+01 5.94139862e+00
   vertex 1.08839973e+02 9.07396164e+01 1.18827934e+01
  endloop
 endfacet
 facet normal 9.92898941e-01 3.23872082e-02 -1.14467390e-01
  outer loop
   vertex 1.11774597e+02 1.02658592e+02 1.24191284e+01
   vertex 1.11584801e+02 1.01789543e+02 8.45284271e+00
   vertex 1.12257088e+02 1.04838379e+02 1.18827934e+01
  endloop
 endfacet
 facet normal 9.22887385e-01 3.06918591e-01 -2.32550681e-01
  outer loop
   vertex 1.12257088e+02 1.04838379e+02 1.18827934e+01
   vertex 1.11584801e+02 1.01789543e+02 8.45284271e+00
   vertex 1.11752869e+02 1.02551758e+02 6.73786545e+00
  endloop
 endfacet
 facet normal 9.04355645e-01 -4.26778704e-01 9.17250465e-04
  outer loop
   vertex 9.78467789e+01 5.99342499e+01 1.18827934e+01
   vertex 9.78467789e+01 5.99342499e+01 5.94139862e+00
   vertex 9.92285461e+01 6.29017487e+01 1.18827934e+01
  endloop
 endfacet
 facet normal 9.08525884e-01 -4.17824924e-01 1.75581104e-03
  outer loop
   vertex 9.92285461e+01 6.29017487e+01 1.18827934e+01
   vertex 9.78467789e+01 5.99342499e+01 5.94139862e+00
   vertex 9.92285461e+01 6.29017487e+01 5.94139862e+00
  endloop
 endfacet
 facet normal 8.91099513e-01 -4.53804135e-01 1.86183641e-03
  outer loop
   vertex 9.63782959e+01 5.70085297e+01 5.94139862e+00
   vertex 9.78467789e+01 5.99342499e+01 5.94139862e+00
   vertex 9.63782883e+01 5.70085297e+01 1.18827934e+01
  endloop
 endfacet
 facet normal 8.95819247e-01 -4.44417685e-01 9.17130965e-04
  outer loop
   vertex 9.63782883e+01 5.70085297e+01 1.18827934e+01
   vertex 9.78467789e+01 5.99342499e+01 5.94139862e+00
   vertex 9.78467789e+01 5.99342499e+01 1.18827934e+01
  endloop
 endfacet
 facet normal 3.61121655e-01 -9.32518184e-01 -9.62297956e-04
  outer loop
   vertex 4.16058388e+01 7.63070679e+00 4.75311737e+01
   vertex 4.16058388e+01 7.63070679e+00 5.34725723e+01
   vertex 3.85468178e+01 6.46409607e+00 4.75311737e+01
  endloop
 endfacet
 facet normal 3.51509601e-01 -9.36181247e-01 -2.38144840e-03
  outer loop
   vertex 3.85468178e+01 6.46409607e+00 4.75311737e+01
   vertex 4.16058388e+01 7.63070679e+00 5.34725723e+01
   vertex 3.85468216e+01 6.46409607e+00 5.34725723e+01
  endloop
 endfacet
 facet normal 3.89681578e-01 -9.20946598e-01 -2.37637572e-03
  outer loop
   vertex 4.46279221e+01 8.89123535e+00 5.34725723e+01
   vertex 4.16058388e+01 7.63070679e+00 5.34725723e+01
   vertex 4.46279182e+01 8.89123535e+00 4.75311737e+01
  endloop
 endfacet
 facet normal 3.80207479e-01 -9.24900711e-01 -9.62264894e-04
  outer loop
   vertex 4.46279182e+01 8.89123535e+00 4.75311737e+01
   vertex 4.16058388e+01 7.63070679e+00 5.34725723e+01
   vertex 4.16058388e+01 7.63070679e+00 4.75311737e+01
  endloop
 endfacet
 facet normal 3.22427005e-01 -9.46594357e-01 9.80738761e-08
  outer loop
   vertex 3.54524803e+01 5.39224243e+00 4.75311737e+01
   vertex 3.54524803e+01 5.39224243e+00 4.15897751e+01
   vertex 3.85468178e+01 6.46409607e+00 4.75311737e+01
  endloop
 endfacet
 facet normal 3.32162887e-01 -9.43222046e-01 1.14416203e-07
  outer loop
   vertex 3.85468178e+01 6.46409607e+00 4.75311737e+01
   vertex 3.54524803e+01 5.39224243e+00 4.15897751e+01
   vertex 3.85468216e+01 6.46409607e+00 4.15897751e+01
  endloop
 endfacet
 facet normal 2.92961687e-01 -9.56124187e-01 1.63423177e-08
  outer loop
   vertex 3.23268242e+01 4.41670227e+00 4.15897751e+01
   vertex 3.54524803e+01 5.39224243e+00 4.15897751e+01
   vertex 3.23268242e+01 4.41670227e+00 4.75311737e+01
  endloop
 endfacet
 facet normal 3.02826524e-01 -9.53045666e-01 1.63423177e-08
  outer loop
   vertex 3.23268242e+01 4.41670227e+00 4.75311737e+01
   vertex 3.54524803e+01 5.39224243e+00 4.15897751e+01
   vertex 3.54524803e+01 5.39224243e+00 4.75311737e+01
  endloop
 endfacet
 facet normal 3.02827030e-01 -9.53045547e-01 8.16636003e-09
  outer loop
   vertex 3.54524803e+01 5.39224243e+00 3.56483765e+01
   vertex 3.54524803e+01 5.39224243e+00 4.15897751e+01
   vertex 3.23268242e+01 4.41670227e+00 3.56483765e+01
  endloop
 endfacet
 facet normal 2.92961687e-01 -9.56124187e-01 8.16635293e-09
  outer loop
   vertex 3.23268242e+01 4.41670227e+00 3.56483765e+01
   vertex 3.54524803e+01 5.39224243e+00 4.15897751e+01
   vertex 3.23268242e+01 4.41670227e+00 4.15897751e+01
  endloop
 endfacet
 facet normal 3.32162917e-01 -9.43222046e-01 -4.90469780e-08
  outer loop
   vertex 3.85468216e+01 6.46409607e+00 4.15897751e+01
   vertex 3.54524803e+01 5.39224243e+00 4.15897751e+01
   vertex 3.85468216e+01 6.46409607e+00 3.56483765e+01
  endloop
 endfacet
 facet normal 3.22427541e-01 -9.46594179e-01 -6.53893011e-08
  outer loop
   vertex 3.85468216e+01 6.46409607e+00 3.56483765e+01
   vertex 3.54524803e+01 5.39224243e+00 4.15897751e+01
   vertex 3.54524803e+01 5.39224243e+00 3.56483765e+01
  endloop
 endfacet
 facet normal 7.30897665e-01 -6.82487071e-01 3.28437473e-08
  outer loop
   vertex 7.92807159e+01 3.31240845e+01 1.18827934e+01
   vertex 7.92807159e+01 3.31240845e+01 5.94139862e+00
   vertex 8.15031128e+01 3.55279541e+01 1.18827934e+01
  endloop
 endfacet
 facet normal 7.37892032e-01 -6.74918652e-01 4.60698997e-04
  outer loop
   vertex 8.15031128e+01 3.55279541e+01 1.18827934e+01
   vertex 7.92807159e+01 3.31240845e+01 5.94139862e+00
   vertex 8.15031204e+01 3.55279388e+01 5.94139862e+00
  endloop
 endfacet
 facet normal 7.09799170e-01 -7.04403937e-01 4.39391704e-04
  outer loop
   vertex 7.69852448e+01 3.07884979e+01 5.94139862e+00
   vertex 7.92807159e+01 3.31240845e+01 5.94139862e+00
   vertex 7.69852448e+01 3.07884979e+01 1.18827934e+01
  endloop
 endfacet
 facet normal 7.16849506e-01 -6.97227895e-01 9.81352457e-08
  outer loop
   vertex 7.69852448e+01 3.07884979e+01 1.18827934e+01
   vertex 7.92807159e+01 3.31240845e+01 5.94139862e+00
   vertex 7.92807159e+01 3.31240845e+01 1.18827934e+01
  endloop
 endfacet
 facet normal 5.93730092e-01 -8.04664254e-01 -4.08558982e-08
  outer loop
   vertex 6.45043030e+01 2.02168121e+01 1.18827934e+01
   vertex 6.45043030e+01 2.02168121e+01 5.94139862e+00
   vertex 6.71289597e+01 2.21742706e+01 1.18827934e+01
  endloop
 endfacet
 facet normal 6.02014303e-01 -7.98485219e-01 4.58005845e-04
  outer loop
   vertex 6.71289597e+01 2.21742706e+01 1.18827934e+01
   vertex 6.45043030e+01 2.02168121e+01 5.94139862e+00
   vertex 6.71289597e+01 2.21742859e+01 5.94139862e+00
  endloop
 endfacet
 facet normal 5.68601727e-01 -8.22612822e-01 4.52754204e-04
  outer loop
   vertex 6.18202400e+01 1.83412781e+01 5.94139862e+00
   vertex 6.45043030e+01 2.02168121e+01 5.94139862e+00
   vertex 6.18202400e+01 1.83412781e+01 1.18827934e+01
  endloop
 endfacet
 facet normal 5.77023506e-01 -8.16727519e-01 -2.45158294e-08
  outer loop
   vertex 6.18202400e+01 1.83412781e+01 1.18827934e+01
   vertex 6.45043030e+01 2.02168121e+01 5.94139862e+00
   vertex 6.45043030e+01 2.02168121e+01 1.18827934e+01
  endloop
 endfacet
 facet normal 6.42496407e-01 -7.66288698e-01 -4.90414678e-08
  outer loop
   vertex 6.96909866e+01 2.42120056e+01 1.18827934e+01
   vertex 6.96909866e+01 2.42120056e+01 5.94139862e+00
   vertex 7.21887817e+01 2.63284454e+01 1.18827934e+01
  endloop
 endfacet
 facet normal 6.50379360e-01 -7.59609401e-01 4.55964822e-04
  outer loop
   vertex 7.21887817e+01 2.63284454e+01 1.18827934e+01
   vertex 6.96909866e+01 2.42120056e+01 5.94139862e+00
   vertex 7.21887817e+01 2.63284454e+01 5.94139862e+00
  endloop
 endfacet
 facet normal 6.18403792e-01 -7.85860360e-01 4.58014198e-04
  outer loop
   vertex 6.71289597e+01 2.21742859e+01 5.94139862e+00
   vertex 6.96909866e+01 2.42120056e+01 5.94139862e+00
   vertex 6.71289597e+01 2.21742706e+01 1.18827934e+01
  endloop
 endfacet
 facet normal 6.26508772e-01 -7.79414415e-01 -3.26920606e-08
  outer loop
   vertex 6.71289597e+01 2.21742706e+01 1.18827934e+01
   vertex 6.96909866e+01 2.42120056e+01 5.94139862e+00
   vertex 6.96909866e+01 2.42120056e+01 1.18827934e+01
  endloop
 endfacet
 facet normal 2.04659879e-01 -9.78833139e-01 -8.17471690e-09
  outer loop
   vertex 2.27924862e+01 2.07147217e+00 1.18827934e+01
   vertex 2.27924843e+01 2.07147217e+00 5.94139862e+00
   vertex 2.59952202e+01 2.75791931e+00 1.18827934e+01
  endloop
 endfacet
 facet normal 2.14024007e-01 -9.76827979e-01 9.04985820e-04
  outer loop
   vertex 2.59952202e+01 2.75791931e+00 1.18827934e+01
   vertex 2.27924843e+01 2.07147217e+00 5.94139862e+00
   vertex 2.59952202e+01 2.75791931e+00 5.94139862e+00
  endloop
 endfacet
 facet normal 1.75555959e-01 -9.84468997e-01 9.16907447e-04
  outer loop
   vertex 1.95704823e+01 1.48135376e+00 5.94139862e+00
   vertex 2.27924843e+01 2.07147217e+00 5.94139862e+00
   vertex 1.95704823e+01 1.48135376e+00 1.18827934e+01
  endloop
 endfacet
 facet normal 1.85031474e-01 -9.82732594e-01 -4.36420941e-16
  outer loop
   vertex 1.95704823e+01 1.48135376e+00 1.18827934e+01
   vertex 2.27924843e+01 2.07147217e+00 5.94139862e+00
   vertex 2.27924862e+01 2.07147217e+00 1.18827934e+01
  endloop
 endfacet
 facet normal 2.92962223e-01 -9.56124008e-01 8.17596746e-09
  outer loop
   vertex 3.23268242e+01 4.41670227e+00 1.78241920e+01
   vertex 3.54524803e+01 5.39224243e+00 1.78241920e+01
   vertex 3.23268242e+01 4.41670227e+00 2.37655907e+01
  endloop
 endfacet
 facet normal 3.02827626e-01 -9.53045368e-01 -8.16638313e-09
  outer loop
   vertex 3.23268242e+01 4.41670227e+00 2.37655907e+01
   vertex 3.54524803e+01 5.39224243e+00 1.78241920e+01
   vertex 3.54524803e+01 5.39224243e+00 2.37655907e+01
  endloop
 endfacet
 facet normal 3.02827120e-01 -9.53045487e-01 -8.17597368e-09
  outer loop
   vertex 3.54524803e+01 5.39224243e+00 1.18827934e+01
   vertex 3.54524803e+01 5.39224243e+00 1.78241920e+01
   vertex 3.23268242e+01 4.41670227e+00 1.18827934e+01
  endloop
 endfacet
 facet normal 2.92961746e-01 -9.56124187e-01 -8.17597545e-09
  outer loop
   vertex 3.23268242e+01 4.41670227e+00 1.18827934e+01
   vertex 3.54524803e+01 5.39224243e+00 1.78241920e+01
   vertex 3.23268242e+01 4.41670227e+00 1.78241920e+01
  endloop
 endfacet
 facet normal 3.32162529e-01 -9.43222165e-01 8.17315211e-08
  outer loop
   vertex 3.85468178e+01 6.46409607e+00 1.78241920e+01
   vertex 3.54524803e+01 5.39224243e+00 1.78241920e+01
   vertex 3.85468178e+01 6.46409607e+00 1.18827934e+01
  endloop
 endfacet
 facet normal 3.22427213e-01 -9.46594238e-01 -4.20372287e-16
  outer loop
   vertex 3.85468178e+01 6.46409607e+00 1.18827934e+01
   vertex 3.54524803e+01 5.39224243e+00 1.78241920e+01
   vertex 3.54524803e+01 5.39224243e+00 1.18827934e+01
  endloop
 endfacet
 facet normal 3.22427660e-01 -9.46594119e-01 4.90468359e-08
  outer loop
   vertex 3.54524803e+01 5.39224243e+00 2.37655907e+01
   vertex 3.54524803e+01 5.39224243e+00 1.78241920e+01
   vertex 3.85468178e+01 6.46409607e+00 2.37655907e+01
  endloop
 endfacet
 facet normal 3.32162976e-01 -9.43221986e-01 1.47120701e-07
  outer loop
   vertex 3.85468178e+01 6.46409607e+00 2.37655907e+01
   vertex 3.54524803e+01 5.39224243e+00 1.78241920e+01
   vertex 3.85468178e+01 6.46409607e+00 1.78241920e+01
  endloop
 endfacet
 facet normal 3.80205870e-01 -9.24901903e-01 5.06680806e-07
  outer loop
   vertex 4.16058388e+01 7.63070679e+00 2.37655907e+01
   vertex 4.16058350e+01 7.63069153e+00 1.78241920e+01
   vertex 4.46279182e+01 8.89123535e+00 2.37655907e+01
  endloop
 endfacet
 facet normal 3.89681041e-01 -9.20949876e-01 4.24949292e-07
  outer loop
   vertex 4.46279182e+01 8.89123535e+00 2.37655907e+01
   vertex 4.16058350e+01 7.63069153e+00 1.78241920e+01
   vertex 4.46279182e+01 8.89123535e+00 1.78241920e+01
  endloop
 endfacet
 facet normal 3.51509780e-01 -9.36184227e-01 3.43258108e-07
  outer loop
   vertex 3.85468178e+01 6.46409607e+00 1.78241920e+01
   vertex 4.16058350e+01 7.63069153e+00 1.78241920e+01
   vertex 3.85468178e+01 6.46409607e+00 2.37655907e+01
  endloop
 endfacet
 facet normal 3.61120492e-01 -9.32519138e-01 4.57664186e-07
  outer loop
   vertex 3.85468178e+01 6.46409607e+00 2.37655907e+01
   vertex 4.16058350e+01 7.63069153e+00 1.78241920e+01
   vertex 4.16058388e+01 7.63070679e+00 2.37655907e+01
  endloop
 endfacet
 facet normal 3.61120462e-01 -9.32519197e-01 1.96137464e-07
  outer loop
   vertex 4.16058350e+01 7.63069153e+00 1.18827934e+01
   vertex 4.16058350e+01 7.63069153e+00 1.78241920e+01
   vertex 3.85468178e+01 6.46409607e+00 1.18827934e+01
  endloop
 endfacet
 facet normal 3.51509333e-01 -9.36184406e-01 2.77868963e-07
  outer loop
   vertex 3.85468178e+01 6.46409607e+00 1.18827934e+01
   vertex 4.16058350e+01 7.63069153e+00 1.78241920e+01
   vertex 3.85468178e+01 6.46409607e+00 1.78241920e+01
  endloop
 endfacet
 facet normal 3.89681399e-01 -9.20949757e-01 3.10543328e-07
  outer loop
   vertex 4.46279182e+01 8.89123535e+00 1.78241920e+01
   vertex 4.16058350e+01 7.63069153e+00 1.78241920e+01
   vertex 4.46279182e+01 8.89123535e+00 1.18827934e+01
  endloop
 endfacet
 facet normal 3.80206645e-01 -9.24901545e-01 1.96137378e-07
  outer loop
   vertex 4.46279182e+01 8.89123535e+00 1.18827934e+01
   vertex 4.16058350e+01 7.63069153e+00 1.78241920e+01
   vertex 4.16058350e+01 7.63069153e+00 1.18827934e+01
  endloop
 endfacet
 facet normal 5.43060005e-01 -8.39693904e-01 6.53787708e-08
  outer loop
   vertex 5.90799713e+01 1.65492096e+01 1.18827934e+01
   vertex 5.90799713e+01 1.65492096e+01 5.94139862e+00
   vertex 6.18202400e+01 1.83412781e+01 1.18827934e+01
  endloop
 endfacet
 facet normal 5.51619589e-01 -8.34095657e-01 4.52819164e-04
  outer loop
   vertex 6.18202400e+01 1.83412781e+01 1.18827934e+01
   vertex 5.90799713e+01 1.65492096e+01 5.94139862e+00
   vertex 6.18202400e+01 1.83412781e+01 5.94139862e+00
  endloop
 endfacet
 facet normal 5.17098963e-01 -8.55925500e-01 4.49772459e-04
  outer loop
   vertex 5.62867088e+01 1.48422699e+01 5.94139862e+00
   vertex 5.90799713e+01 1.65492096e+01 5.94139862e+00
   vertex 5.62867088e+01 1.48422699e+01 1.18827934e+01
  endloop
 endfacet
 facet normal 5.25799453e-01 -8.50608528e-01 3.26893570e-08
  outer loop
   vertex 5.62867088e+01 1.48422699e+01 1.18827934e+01
   vertex 5.90799713e+01 1.65492096e+01 5.94139862e+00
   vertex 5.90799713e+01 1.65492096e+01 1.18827934e+01
  endloop
 endfacet
 facet normal 8.09971929e-01 -5.86468637e-01 -2.60444394e-16
  outer loop
   vertex 8.77046509e+01 4.31377716e+01 1.18827934e+01
   vertex 8.77046509e+01 4.31377716e+01 5.94139862e+00
   vertex 8.96115189e+01 4.58001404e+01 1.18827934e+01
  endloop
 endfacet
 facet normal 8.16048026e-01 -5.77983916e-01 4.62737109e-04
  outer loop
   vertex 8.96115189e+01 4.58001404e+01 1.18827934e+01
   vertex 8.77046509e+01 4.31377716e+01 5.94139862e+00
   vertex 8.96115189e+01 4.58001404e+01 5.94139862e+00
  endloop
 endfacet
 facet normal 7.91300476e-01 -6.11427248e-01 4.56853712e-04
  outer loop
   vertex 8.57158890e+01 4.05363922e+01 5.94139862e+00
   vertex 8.77046509e+01 4.31377716e+01 5.94139862e+00
   vertex 8.57158890e+01 4.05363922e+01 1.18827934e+01
  endloop
 endfacet
 facet normal 7.97597647e-01 -6.03189886e-01 -2.67870120e-16
  outer loop
   vertex 8.57158890e+01 4.05363922e+01 1.18827934e+01
   vertex 8.77046509e+01 4.31377716e+01 5.94139862e+00
   vertex 8.77046509e+01 4.31377716e+01 1.18827934e+01
  endloop
 endfacet
 facet normal 7.71907091e-01 -6.35735333e-01 1.30933330e-07
  outer loop
   vertex 8.36484451e+01 3.79992523e+01 1.18827934e+01
   vertex 8.36484451e+01 3.79992523e+01 5.94139862e+00
   vertex 8.57158890e+01 4.05363922e+01 1.18827934e+01
  endloop
 endfacet
 facet normal 7.78455198e-01 -6.27699971e-01 4.57017246e-04
  outer loop
   vertex 8.57158890e+01 4.05363922e+01 1.18827934e+01
   vertex 8.36484451e+01 3.79992523e+01 5.94139862e+00
   vertex 8.57158890e+01 4.05363922e+01 5.94139862e+00
  endloop
 endfacet
 facet normal 7.51712084e-01 -6.59491301e-01 4.60732786e-04
  outer loop
   vertex 8.15031204e+01 3.55279388e+01 5.94139862e+00
   vertex 8.36484451e+01 3.79992523e+01 5.94139862e+00
   vertex 8.15031128e+01 3.55279541e+01 1.18827934e+01
  endloop
 endfacet
 facet normal 7.58535802e-01 -6.51631355e-01 6.56413164e-08
  outer loop
   vertex 8.15031128e+01 3.55279541e+01 1.18827934e+01
   vertex 8.36484451e+01 3.79992523e+01 5.94139862e+00
   vertex 8.36484451e+01 3.79992523e+01 1.18827934e+01
  endloop
 endfacet
 facet normal 5.25798321e-01 -8.50608706e-01 -9.55333002e-04
  outer loop
   vertex 5.90799713e+01 1.65492096e+01 4.75311737e+01
   vertex 5.90799713e+01 1.65492096e+01 5.34725723e+01
   vertex 5.62867088e+01 1.48422394e+01 4.75311737e+01
  endloop
 endfacet
 facet normal 5.17094851e-01 -8.55924845e-01 -2.35825987e-03
  outer loop
   vertex 5.62867088e+01 1.48422394e+01 4.75311737e+01
   vertex 5.90799713e+01 1.65492096e+01 5.34725723e+01
   vertex 5.62867088e+01 1.48422699e+01 5.34725723e+01
  endloop
 endfacet
 facet normal 5.51616192e-01 -8.34094703e-01 -2.36803130e-03
  outer loop
   vertex 6.18202400e+01 1.83412781e+01 5.34725723e+01
   vertex 5.90799713e+01 1.65492096e+01 5.34725723e+01
   vertex 6.18202400e+01 1.83412781e+01 4.75311737e+01
  endloop
 endfacet
 facet normal 5.43059230e-01 -8.39693844e-01 -9.55763098e-04
  outer loop
   vertex 6.18202400e+01 1.83412781e+01 4.75311737e+01
   vertex 5.90799713e+01 1.65492096e+01 5.34725723e+01
   vertex 5.90799713e+01 1.65492096e+01 4.75311737e+01
  endloop
 endfacet
 facet normal 4.08486426e-01 -9.12764370e-01 1.14406099e-07
  outer loop
   vertex 4.46279182e+01 8.89123535e+00 4.15897751e+01
   vertex 4.76114655e+01 1.02449188e+01 4.15897751e+01
   vertex 4.46279182e+01 8.89123535e+00 4.75311737e+01
  endloop
 endfacet
 facet normal 4.17816699e-01 -9.08531368e-01 1.14406014e-07
  outer loop
   vertex 4.46279182e+01 8.89123535e+00 4.75311737e+01
   vertex 4.76114655e+01 1.02449188e+01 4.15897751e+01
   vertex 4.76114655e+01 1.02448883e+01 4.75311737e+01
  endloop
 endfacet
 facet normal 4.17815983e-01 -9.08531666e-01 5.06338438e-07
  outer loop
   vertex 4.76114655e+01 1.02448883e+01 3.56483765e+01
   vertex 4.76114655e+01 1.02449188e+01 4.15897751e+01
   vertex 4.46279221e+01 8.89123535e+00 3.56483765e+01
  endloop
 endfacet
 facet normal 4.08486038e-01 -9.12764549e-01 8.16094214e-08
  outer loop
   vertex 4.46279221e+01 8.89123535e+00 3.56483765e+01
   vertex 4.76114655e+01 1.02449188e+01 4.15897751e+01
   vertex 4.46279182e+01 8.89123535e+00 4.15897751e+01
  endloop
 endfacet
 facet normal 4.45521444e-01 -8.95271242e-01 2.28714512e-07
  outer loop
   vertex 5.05516548e+01 1.16893158e+01 4.15897751e+01
   vertex 4.76114655e+01 1.02449188e+01 4.15897751e+01
   vertex 5.05516548e+01 1.16893158e+01 3.56483765e+01
  endloop
 endfacet
 facet normal 4.36334074e-01 -8.99784744e-01 6.53443408e-07
  outer loop
   vertex 5.05516548e+01 1.16893158e+01 3.56483765e+01
   vertex 4.76114655e+01 1.02449188e+01 4.15897751e+01
   vertex 4.76114655e+01 1.02448883e+01 3.56483765e+01
  endloop
 endfacet
 facet normal 4.36333954e-01 -8.99784803e-01 1.44383230e-13
  outer loop
   vertex 4.76114655e+01 1.02448883e+01 4.75311737e+01
   vertex 4.76114655e+01 1.02449188e+01 4.15897751e+01
   vertex 5.05516548e+01 1.16893158e+01 4.75311737e+01
  endloop
 endfacet
 facet normal 4.45520997e-01 -8.95271480e-01 2.40907094e-13
  outer loop
   vertex 5.05516548e+01 1.16893158e+01 4.75311737e+01
   vertex 4.76114655e+01 1.02449188e+01 4.15897751e+01
   vertex 5.05516548e+01 1.16893158e+01 4.15897751e+01
  endloop
 endfacet
 facet normal 4.72779661e-01 -8.81180167e-01 -9.55780153e-04
  outer loop
   vertex 5.34436722e+01 1.32220306e+01 4.75311737e+01
   vertex 5.34436722e+01 1.32220306e+01 5.34725723e+01
   vertex 5.05516548e+01 1.16893158e+01 4.75311737e+01
  endloop
 endfacet
 facet normal 4.63743180e-01 -8.85966480e-01 -2.36642873e-03
  outer loop
   vertex 5.05516548e+01 1.16893158e+01 4.75311737e+01
   vertex 5.34436722e+01 1.32220306e+01 5.34725723e+01
   vertex 5.05516548e+01 1.16893158e+01 5.34725723e+01
  endloop
 endfacet
 facet normal 4.99536812e-01 -8.66289437e-01 -2.35834694e-03
  outer loop
   vertex 5.62867088e+01 1.48422699e+01 5.34725723e+01
   vertex 5.34436722e+01 1.32220306e+01 5.34725723e+01
   vertex 5.62867088e+01 1.48422394e+01 4.75311737e+01
  endloop
 endfacet
 facet normal 4.90676373e-01 -8.71341348e-01 -9.55382886e-04
  outer loop
   vertex 5.62867088e+01 1.48422394e+01 4.75311737e+01
   vertex 5.34436722e+01 1.32220306e+01 5.34725723e+01
   vertex 5.34436722e+01 1.32220306e+01 4.75311737e+01
  endloop
 endfacet
 facet normal 4.72778469e-01 -8.81181300e-01 -1.72364537e-07
  outer loop
   vertex 5.34436722e+01 1.32220306e+01 3.56483765e+01
   vertex 5.34436722e+01 1.32220306e+01 4.15897751e+01
   vertex 5.05516548e+01 1.16893158e+01 3.56483765e+01
  endloop
 endfacet
 facet normal 4.63743001e-01 -8.85969758e-01 2.81749433e-08
  outer loop
   vertex 5.05516548e+01 1.16893158e+01 3.56483765e+01
   vertex 5.34436722e+01 1.32220306e+01 4.15897751e+01
   vertex 5.05516548e+01 1.16893158e+01 4.15897751e+01
  endloop
 endfacet
 facet normal 4.99536186e-01 -8.66293013e-01 -9.93973572e-07
  outer loop
   vertex 5.62867088e+01 1.48422394e+01 4.15897751e+01
   vertex 5.34436722e+01 1.32220306e+01 4.15897751e+01
   vertex 5.62867088e+01 1.48422699e+01 3.56483765e+01
  endloop
 endfacet
 facet normal 4.90674734e-01 -8.71342838e-01 -7.97795735e-07
  outer loop
   vertex 5.62867088e+01 1.48422699e+01 3.56483765e+01
   vertex 5.34436722e+01 1.32220306e+01 4.15897751e+01
   vertex 5.34436722e+01 1.32220306e+01 3.56483765e+01
  endloop
 endfacet
 facet normal 4.90673929e-01 -8.71343255e-01 3.96717411e-07
  outer loop
   vertex 5.34436722e+01 1.32220306e+01 4.75311737e+01
   vertex 5.34436722e+01 1.32220306e+01 4.15897751e+01
   vertex 5.62867088e+01 1.48422394e+01 4.75311737e+01
  endloop
 endfacet
 facet normal 4.99536186e-01 -8.66293013e-01 -2.00539105e-07
  outer loop
   vertex 5.62867088e+01 1.48422394e+01 4.75311737e+01
   vertex 5.34436722e+01 1.32220306e+01 4.15897751e+01
   vertex 5.62867088e+01 1.48422394e+01 4.15897751e+01
  endloop
 endfacet
 facet normal 4.63742524e-01 -8.85969996e-01 -2.00539276e-07
  outer loop
   vertex 5.05516548e+01 1.16893158e+01 4.15897751e+01
   vertex 5.34436722e+01 1.32220306e+01 4.15897751e+01
   vertex 5.05516548e+01 1.16893158e+01 4.75311737e+01
  endloop
 endfacet
 facet normal 4.72777188e-01 -8.81182015e-01 6.67700284e-14
  outer loop
   vertex 5.05516548e+01 1.16893158e+01 4.75311737e+01
   vertex 5.34436722e+01 1.32220306e+01 4.15897751e+01
   vertex 5.34436722e+01 1.32220306e+01 4.75311737e+01
  endloop
 endfacet
 facet normal 4.45521414e-01 -8.95271301e-01 -3.97580325e-16
  outer loop
   vertex 5.05516548e+01 1.16893158e+01 1.78241920e+01
   vertex 4.76114655e+01 1.02448883e+01 1.78241920e+01
   vertex 5.05516548e+01 1.16893158e+01 1.18827934e+01
  endloop
 endfacet
 facet normal 4.36333954e-01 -8.99784803e-01 -3.99584722e-16
  outer loop
   vertex 5.05516548e+01 1.16893158e+01 1.18827934e+01
   vertex 4.76114655e+01 1.02448883e+01 1.78241920e+01
   vertex 4.76114655e+01 1.02448883e+01 1.18827934e+01
  endloop
 endfacet
 facet normal 4.36334103e-01 -8.99784744e-01 -3.99584696e-16
  outer loop
   vertex 4.76114655e+01 1.02448883e+01 2.37655907e+01
   vertex 4.76114655e+01 1.02448883e+01 1.78241920e+01
   vertex 5.05516548e+01 1.16893158e+01 2.37655907e+01
  endloop
 endfacet
 facet normal 4.45521057e-01 -8.95271480e-01 -3.97580404e-16
  outer loop
   vertex 5.05516548e+01 1.16893158e+01 2.37655907e+01
   vertex 4.76114655e+01 1.02448883e+01 1.78241920e+01
   vertex 5.05516548e+01 1.16893158e+01 1.78241920e+01
  endloop
 endfacet
 facet normal 4.08486009e-01 -9.12764609e-01 2.28811814e-07
  outer loop
   vertex 4.46279182e+01 8.89123535e+00 1.78241920e+01
   vertex 4.76114655e+01 1.02448883e+01 1.78241920e+01
   vertex 4.46279182e+01 8.89123535e+00 2.37655907e+01
  endloop
 endfacet
 facet normal 4.17816430e-01 -9.08531487e-01 1.14405914e-07
  outer loop
   vertex 4.46279182e+01 8.89123535e+00 2.37655907e+01
   vertex 4.76114655e+01 1.02448883e+01 1.78241920e+01
   vertex 4.76114655e+01 1.02448883e+01 2.37655907e+01
  endloop
 endfacet
 facet normal 4.17816252e-01 -9.08531547e-01 -4.03469057e-16
  outer loop
   vertex 4.76114655e+01 1.02448883e+01 1.18827934e+01
   vertex 4.76114655e+01 1.02448883e+01 1.78241920e+01
   vertex 4.46279182e+01 8.89123535e+00 1.18827934e+01
  endloop
 endfacet
 facet normal 4.08486366e-01 -9.12764430e-01 1.14405893e-07
  outer loop
   vertex 4.46279182e+01 8.89123535e+00 1.18827934e+01
   vertex 4.76114655e+01 1.02448883e+01 1.78241920e+01
   vertex 4.46279182e+01 8.89123535e+00 1.78241920e+01
  endloop
 endfacet
 facet normal 3.22426766e-01 -9.46594417e-01 -4.20372367e-16
  outer loop
   vertex 3.54524803e+01 5.39224243e+00 1.18827934e+01
   vertex 3.54524803e+01 5.39224243e+00 5.94139862e+00
   vertex 3.85468178e+01 6.46409607e+00 1.18827934e+01
  endloop
 endfacet
 facet normal 3.32161635e-01 -9.43222344e-01 4.54981113e-04
  outer loop
   vertex 3.85468178e+01 6.46409607e+00 1.18827934e+01
   vertex 3.54524803e+01 5.39224243e+00 5.94139862e+00
   vertex 3.85468178e+01 6.46409607e+00 5.94139862e+00
  endloop
 endfacet
 facet normal 2.92961091e-01 -9.56124246e-01 4.57004411e-04
  outer loop
   vertex 3.23268242e+01 4.41670227e+00 5.94139862e+00
   vertex 3.54524803e+01 5.39224243e+00 5.94139862e+00
   vertex 3.23268242e+01 4.41670227e+00 1.18827934e+01
  endloop
 endfacet
 facet normal 3.02826673e-01 -9.53045666e-01 -8.17597368e-09
  outer loop
   vertex 3.23268242e+01 4.41670227e+00 1.18827934e+01
   vertex 3.54524803e+01 5.39224243e+00 5.94139862e+00
   vertex 3.54524803e+01 5.39224243e+00 1.18827934e+01
  endloop
 endfacet
 facet normal 3.80206645e-01 -9.24901545e-01 -4.10738796e-16
  outer loop
   vertex 4.16058350e+01 7.63069153e+00 1.18827934e+01
   vertex 4.16058350e+01 7.63069153e+00 5.94139862e+00
   vertex 4.46279182e+01 8.89123535e+00 1.18827934e+01
  endloop
 endfacet
 facet normal 3.89681399e-01 -9.20949638e-01 4.53571702e-04
  outer loop
   vertex 4.46279182e+01 8.89123535e+00 1.18827934e+01
   vertex 4.16058350e+01 7.63069153e+00 5.94139862e+00
   vertex 4.46279182e+01 8.89123535e+00 5.94139862e+00
  endloop
 endfacet
 facet normal 3.51508886e-01 -9.36184406e-01 4.54980967e-04
  outer loop
   vertex 3.85468178e+01 6.46409607e+00 5.94139862e+00
   vertex 4.16058350e+01 7.63069153e+00 5.94139862e+00
   vertex 3.85468178e+01 6.46409607e+00 1.18827934e+01
  endloop
 endfacet
 facet normal 3.61120462e-01 -9.32519197e-01 -4.14121714e-16
  outer loop
   vertex 3.85468178e+01 6.46409607e+00 1.18827934e+01
   vertex 4.16058350e+01 7.63069153e+00 5.94139862e+00
   vertex 4.16058350e+01 7.63069153e+00 1.18827934e+01
  endloop
 endfacet
 facet normal 3.61120135e-01 -9.32519317e-01 2.61526708e-07
  outer loop
   vertex 4.16058388e+01 7.63070679e+00 2.37655907e+01
   vertex 4.16058388e+01 7.63070679e+00 2.97069817e+01
   vertex 3.85468178e+01 6.46409607e+00 2.37655907e+01
  endloop
 endfacet
 facet normal 3.51509452e-01 -9.36184347e-01 4.90468288e-08
  outer loop
   vertex 3.85468178e+01 6.46409607e+00 2.37655907e+01
   vertex 4.16058388e+01 7.63070679e+00 2.97069817e+01
   vertex 3.85468216e+01 6.46409607e+00 2.97069817e+01
  endloop
 endfacet
 facet normal 3.89679998e-01 -9.20950294e-01 1.14405957e-07
  outer loop
   vertex 4.46279221e+01 8.89123535e+00 2.97069817e+01
   vertex 4.16058388e+01 7.63070679e+00 2.97069817e+01
   vertex 4.46279182e+01 8.89123535e+00 2.37655907e+01
  endloop
 endfacet
 facet normal 3.80205512e-01 -9.24902022e-01 3.10543442e-07
  outer loop
   vertex 4.46279182e+01 8.89123535e+00 2.37655907e+01
   vertex 4.16058388e+01 7.63070679e+00 2.97069817e+01
   vertex 4.16058388e+01 7.63070679e+00 2.37655907e+01
  endloop
 endfacet
 facet normal 3.80205870e-01 -9.24901903e-01 -1.14528248e-07
  outer loop
   vertex 4.16058388e+01 7.63070679e+00 3.56483765e+01
   vertex 4.16058388e+01 7.63070679e+00 2.97069817e+01
   vertex 4.46279221e+01 8.89123535e+00 3.56483765e+01
  endloop
 endfacet
 facet normal 3.89679968e-01 -9.20950353e-01 8.16092296e-08
  outer loop
   vertex 4.46279221e+01 8.89123535e+00 3.56483765e+01
   vertex 4.16058388e+01 7.63070679e+00 2.97069817e+01
   vertex 4.46279221e+01 8.89123535e+00 2.97069817e+01
  endloop
 endfacet
 facet normal 3.51509452e-01 -9.36184347e-01 -9.80739188e-08
  outer loop
   vertex 3.85468216e+01 6.46409607e+00 2.97069817e+01
   vertex 4.16058388e+01 7.63070679e+00 2.97069817e+01
   vertex 3.85468216e+01 6.46409607e+00 3.56483765e+01
  endloop
 endfacet
 facet normal 3.61120492e-01 -9.32519138e-01 -2.77869162e-07
  outer loop
   vertex 3.85468216e+01 6.46409607e+00 3.56483765e+01
   vertex 4.16058388e+01 7.63070679e+00 2.97069817e+01
   vertex 4.16058388e+01 7.63070679e+00 3.56483765e+01
  endloop
 endfacet
 facet normal 9.59368289e-01 -2.82156825e-01 -1.20055645e-07
  outer loop
   vertex 1.07047913e+02 8.44385223e+01 4.75311737e+01
   vertex 1.07047913e+02 8.44385223e+01 4.15897751e+01
   vertex 1.07964828e+02 8.75842514e+01 4.75311737e+01
  endloop
 endfacet
 facet normal 9.60622013e-01 -2.77858466e-01 -5.61947822e-08
  outer loop
   vertex 1.07964828e+02 8.75842514e+01 4.75311737e+01
   vertex 1.07047913e+02 8.44385223e+01 4.15897751e+01
   vertex 1.07964828e+02 8.75842438e+01 4.15897751e+01
  endloop
 endfacet
 facet normal 9.55344856e-01 -2.95493186e-01 -3.79796944e-07
  outer loop
   vertex 1.06087662e+02 8.13056412e+01 4.15897751e+01
   vertex 1.07047913e+02 8.44385223e+01 4.15897751e+01
   vertex 1.06087662e+02 8.13056335e+01 4.75311737e+01
  endloop
 endfacet
 facet normal 9.56730783e-01 -2.90974557e-01 -3.15901730e-07
  outer loop
   vertex 1.06087662e+02 8.13056335e+01 4.75311737e+01
   vertex 1.07047913e+02 8.44385223e+01 4.15897751e+01
   vertex 1.07047913e+02 8.44385223e+01 4.75311737e+01
  endloop
 endfacet
 facet normal 9.56730783e-01 -2.90974557e-01 -2.47812579e-07
  outer loop
   vertex 1.07047913e+02 8.44385223e+01 3.56483765e+01
   vertex 1.07047913e+02 8.44385223e+01 4.15897751e+01
   vertex 1.06087662e+02 8.13056335e+01 3.56483765e+01
  endloop
 endfacet
 facet normal 9.55344856e-01 -2.95493245e-01 -3.11707794e-07
  outer loop
   vertex 1.06087662e+02 8.13056335e+01 3.56483765e+01
   vertex 1.07047913e+02 8.44385223e+01 4.15897751e+01
   vertex 1.06087662e+02 8.13056412e+01 4.15897751e+01
  endloop
 endfacet
 facet normal 9.60622013e-01 -2.77858496e-01 -5.74728851e-08
  outer loop
   vertex 1.07964828e+02 8.75842438e+01 4.15897751e+01
   vertex 1.07047913e+02 8.44385223e+01 4.15897751e+01
   vertex 1.07964828e+02 8.75842514e+01 3.56483765e+01
  endloop
 endfacet
 facet normal 9.59368289e-01 -2.82156825e-01 -1.21333755e-07
  outer loop
   vertex 1.07964828e+02 8.75842514e+01 3.56483765e+01
   vertex 1.07047913e+02 8.44385223e+01 4.15897751e+01
   vertex 1.07047913e+02 8.44385223e+01 3.56483765e+01
  endloop
 endfacet
 facet normal 2.43680060e-01 -9.69855189e-01 -9.50044952e-04
  outer loop
   vertex 2.91738663e+01 3.53915405e+00 4.75311737e+01
   vertex 2.91738701e+01 3.53915405e+00 5.34725723e+01
   vertex 2.59952202e+01 2.75791931e+00 4.75311737e+01
  endloop
 endfacet
 facet normal 2.33915254e-01 -9.72254217e-01 -2.32034922e-03
  outer loop
   vertex 2.59952202e+01 2.75791931e+00 4.75311737e+01
   vertex 2.91738701e+01 3.53915405e+00 5.34725723e+01
   vertex 2.59952202e+01 2.75791931e+00 5.34725723e+01
  endloop
 endfacet
 facet normal 2.73200214e-01 -9.61954236e-01 -2.37558316e-03
  outer loop
   vertex 3.23268242e+01 4.41670227e+00 5.34725723e+01
   vertex 2.91738701e+01 3.53915405e+00 5.34725723e+01
   vertex 3.23268242e+01 4.41670227e+00 4.75311737e+01
  endloop
 endfacet
 facet normal 2.63322890e-01 -9.64707315e-01 -9.50049143e-04
  outer loop
   vertex 3.23268242e+01 4.41670227e+00 4.75311737e+01
   vertex 2.91738701e+01 3.53915405e+00 5.34725723e+01
   vertex 2.91738663e+01 3.53915405e+00 4.75311737e+01
  endloop
 endfacet
 facet normal 1.75158113e-01 -9.84540343e-01 4.08685485e-09
  outer loop
   vertex 1.95704823e+01 1.48135376e+00 4.15897751e+01
   vertex 2.27924862e+01 2.07147217e+00 4.15897751e+01
   vertex 1.95704823e+01 1.48135376e+00 4.75311737e+01
  endloop
 endfacet
 facet normal 1.85031921e-01 -9.82732534e-01 4.08685663e-09
  outer loop
   vertex 1.95704823e+01 1.48135376e+00 4.75311737e+01
   vertex 2.27924862e+01 2.07147217e+00 4.15897751e+01
   vertex 2.27924862e+01 2.07147217e+00 4.75311737e+01
  endloop
 endfacet
 facet normal 1.85031980e-01 -9.82732475e-01 -4.08685930e-09
  outer loop
   vertex 2.27924862e+01 2.07147217e+00 3.56483765e+01
   vertex 2.27924862e+01 2.07147217e+00 4.15897751e+01
   vertex 1.95704823e+01 1.48135376e+00 3.56483765e+01
  endloop
 endfacet
 facet normal 1.75158143e-01 -9.84540284e-01 -4.08686107e-09
  outer loop
   vertex 1.95704823e+01 1.48135376e+00 3.56483765e+01
   vertex 2.27924862e+01 2.07147217e+00 4.15897751e+01
   vertex 1.95704823e+01 1.48135376e+00 4.15897751e+01
  endloop
 endfacet
 facet normal 2.14415163e-01 -9.76742625e-01 -8.17471957e-09
  outer loop
   vertex 2.59952202e+01 2.75791931e+00 4.15897751e+01
   vertex 2.27924862e+01 2.07147217e+00 4.15897751e+01
   vertex 2.59952202e+01 2.75791931e+00 3.56483765e+01
  endloop
 endfacet
 facet normal 2.04660386e-01 -9.78833020e-01 -8.17471957e-09
  outer loop
   vertex 2.59952202e+01 2.75791931e+00 3.56483765e+01
   vertex 2.27924862e+01 2.07147217e+00 4.15897751e+01
   vertex 2.27924862e+01 2.07147217e+00 3.56483765e+01
  endloop
 endfacet
 facet normal 2.04660311e-01 -9.78833079e-01 2.58158426e-15
  outer loop
   vertex 2.27924862e+01 2.07147217e+00 4.75311737e+01
   vertex 2.27924862e+01 2.07147217e+00 4.15897751e+01
   vertex 2.59952202e+01 2.75791931e+00 4.75311737e+01
  endloop
 endfacet
 facet normal 2.14415118e-01 -9.76742625e-01 2.58251261e-15
  outer loop
   vertex 2.59952202e+01 2.75791931e+00 4.75311737e+01
   vertex 2.27924862e+01 2.07147217e+00 4.15897751e+01
   vertex 2.59952202e+01 2.75791931e+00 4.15897751e+01
  endloop
 endfacet
 facet normal 1.85037404e-01 -9.82731044e-01 -9.36324825e-04
  outer loop
   vertex 2.27924862e+01 2.07147217e+00 4.75311737e+01
   vertex 2.27924862e+01 2.07147217e+00 5.34725723e+01
   vertex 1.95704823e+01 1.48135376e+00 4.75311737e+01
  endloop
 endfacet
 facet normal 1.75163999e-01 -9.84536529e-01 -2.32466613e-03
  outer loop
   vertex 1.95704823e+01 1.48135376e+00 4.75311737e+01
   vertex 2.27924862e+01 2.07147217e+00 5.34725723e+01
   vertex 1.95704823e+01 1.48135376e+00 5.34725723e+01
  endloop
 endfacet
 facet normal 2.14419305e-01 -9.76738989e-01 -2.30663014e-03
  outer loop
   vertex 2.59952202e+01 2.75791931e+00 5.34725723e+01
   vertex 2.27924862e+01 2.07147217e+00 5.34725723e+01
   vertex 2.59952202e+01 2.75791931e+00 4.75311737e+01
  endloop
 endfacet
 facet normal 2.04665780e-01 -9.78831470e-01 -9.36327619e-04
  outer loop
   vertex 2.59952202e+01 2.75791931e+00 4.75311737e+01
   vertex 2.27924862e+01 2.07147217e+00 5.34725723e+01
   vertex 2.27924862e+01 2.07147217e+00 4.75311737e+01
  endloop
 endfacet
 facet normal 3.02828521e-01 -9.53044593e-01 -9.65746935e-04
  outer loop
   vertex 3.54524803e+01 5.39224243e+00 4.75311737e+01
   vertex 3.54524803e+01 5.39224243e+00 5.34725723e+01
   vertex 3.23268242e+01 4.41670227e+00 4.75311737e+01
  endloop
 endfacet
 facet normal 2.92962730e-01 -9.56120849e-01 -2.39128270e-03
  outer loop
   vertex 3.23268242e+01 4.41670227e+00 4.75311737e+01
   vertex 3.54524803e+01 5.39224243e+00 5.34725723e+01
   vertex 3.23268242e+01 4.41670227e+00 5.34725723e+01
  endloop
 endfacet
 facet normal 3.32163870e-01 -9.43218648e-01 -2.38461909e-03
  outer loop
   vertex 3.85468216e+01 6.46409607e+00 5.34725723e+01
   vertex 3.54524803e+01 5.39224243e+00 5.34725723e+01
   vertex 3.85468178e+01 6.46409607e+00 4.75311737e+01
  endloop
 endfacet
 facet normal 3.22429001e-01 -9.46593165e-01 -9.65664571e-04
  outer loop
   vertex 3.85468178e+01 6.46409607e+00 4.75311737e+01
   vertex 3.54524803e+01 5.39224243e+00 5.34725723e+01
   vertex 3.54524803e+01 5.39224243e+00 4.75311737e+01
  endloop
 endfacet
 facet normal 3.51509750e-01 -9.36184227e-01 9.80739543e-08
  outer loop
   vertex 3.85468216e+01 6.46409607e+00 4.15897751e+01
   vertex 4.16058350e+01 7.63069153e+00 4.15897751e+01
   vertex 3.85468178e+01 6.46409607e+00 4.75311737e+01
  endloop
 endfacet
 facet normal 3.61120820e-01 -9.32519019e-01 2.77869304e-07
  outer loop
   vertex 3.85468178e+01 6.46409607e+00 4.75311737e+01
   vertex 4.16058350e+01 7.63069153e+00 4.15897751e+01
   vertex 4.16058388e+01 7.63070679e+00 4.75311737e+01
  endloop
 endfacet
 facet normal 3.61120880e-01 -9.32519019e-01 -2.77869049e-07
  outer loop
   vertex 4.16058388e+01 7.63070679e+00 3.56483765e+01
   vertex 4.16058350e+01 7.63069153e+00 4.15897751e+01
   vertex 3.85468216e+01 6.46409607e+00 3.56483765e+01
  endloop
 endfacet
 facet normal 3.51509780e-01 -9.36184227e-01 -6.53891732e-08
  outer loop
   vertex 3.85468216e+01 6.46409607e+00 3.56483765e+01
   vertex 4.16058350e+01 7.63069153e+00 4.15897751e+01
   vertex 3.85468216e+01 6.46409607e+00 4.15897751e+01
  endloop
 endfacet
 facet normal 3.89681071e-01 -9.20949876e-01 8.16094214e-08
  outer loop
   vertex 4.46279182e+01 8.89123535e+00 4.15897751e+01
   vertex 4.16058350e+01 7.63069153e+00 4.15897751e+01
   vertex 4.46279221e+01 8.89123535e+00 3.56483765e+01
  endloop
 endfacet
 facet normal 3.80206227e-01 -9.24901724e-01 -1.14528135e-07
  outer loop
   vertex 4.46279221e+01 8.89123535e+00 3.56483765e+01
   vertex 4.16058350e+01 7.63069153e+00 4.15897751e+01
   vertex 4.16058388e+01 7.63070679e+00 3.56483765e+01
  endloop
 endfacet
 facet normal 3.80206645e-01 -9.24901545e-01 3.10543612e-07
  outer loop
   vertex 4.16058388e+01 7.63070679e+00 4.75311737e+01
   vertex 4.16058350e+01 7.63069153e+00 4.15897751e+01
   vertex 4.46279182e+01 8.89123535e+00 4.75311737e+01
  endloop
 endfacet
 facet normal 3.89681458e-01 -9.20949697e-01 1.14406113e-07
  outer loop
   vertex 4.46279182e+01 8.89123535e+00 4.75311737e+01
   vertex 4.16058350e+01 7.63069153e+00 4.15897751e+01
   vertex 4.46279182e+01 8.89123535e+00 4.15897751e+01
  endloop
 endfacet
 facet normal 3.32164019e-01 -9.43221629e-01 3.27044987e-08
  outer loop
   vertex 3.85468216e+01 6.46409607e+00 2.97069817e+01
   vertex 3.54524803e+01 5.39224243e+00 2.97069817e+01
   vertex 3.85468178e+01 6.46409607e+00 2.37655907e+01
  endloop
 endfacet
 facet normal 3.22428644e-01 -9.46593761e-01 3.27044916e-08
  outer loop
   vertex 3.85468178e+01 6.46409607e+00 2.37655907e+01
   vertex 3.54524803e+01 5.39224243e+00 2.97069817e+01
   vertex 3.54524803e+01 5.39224243e+00 2.37655907e+01
  endloop
 endfacet
 facet normal 3.22428554e-01 -9.46593821e-01 -9.80739685e-08
  outer loop
   vertex 3.54524803e+01 5.39224243e+00 3.56483765e+01
   vertex 3.54524803e+01 5.39224243e+00 2.97069817e+01
   vertex 3.85468216e+01 6.46409607e+00 3.56483765e+01
  endloop
 endfacet
 facet normal 3.32163990e-01 -9.43221629e-01 -1.14416295e-07
  outer loop
   vertex 3.85468216e+01 6.46409607e+00 3.56483765e+01
   vertex 3.54524803e+01 5.39224243e+00 2.97069817e+01
   vertex 3.85468216e+01 6.46409607e+00 2.97069817e+01
  endloop
 endfacet
 facet normal 2.92963266e-01 -9.56123710e-01 -2.45183305e-08
  outer loop
   vertex 3.23268242e+01 4.41670227e+00 2.97069817e+01
   vertex 3.54524803e+01 5.39224243e+00 2.97069817e+01
   vertex 3.23268242e+01 4.41670227e+00 3.56483765e+01
  endloop
 endfacet
 facet normal 3.02828074e-01 -9.53045189e-01 -2.45183305e-08
  outer loop
   vertex 3.23268242e+01 4.41670227e+00 3.56483765e+01
   vertex 3.54524803e+01 5.39224243e+00 2.97069817e+01
   vertex 3.54524803e+01 5.39224243e+00 3.56483765e+01
  endloop
 endfacet
 facet normal 3.02828610e-01 -9.53045011e-01 -2.45087382e-08
  outer loop
   vertex 3.54524803e+01 5.39224243e+00 2.37655907e+01
   vertex 3.54524803e+01 5.39224243e+00 2.97069817e+01
   vertex 3.23268242e+01 4.41670227e+00 2.37655907e+01
  endloop
 endfacet
 facet normal 2.92963773e-01 -9.56123531e-01 -8.16638401e-09
  outer loop
   vertex 3.23268242e+01 4.41670227e+00 2.37655907e+01
   vertex 3.54524803e+01 5.39224243e+00 2.97069817e+01
   vertex 3.23268242e+01 4.41670227e+00 2.97069817e+01
  endloop
 endfacet
 facet normal 1.75158232e-01 -9.84540284e-01 -4.08685930e-09
  outer loop
   vertex 1.95704823e+01 1.48135376e+00 2.97069817e+01
   vertex 2.27924862e+01 2.07147217e+00 2.97069855e+01
   vertex 1.95704823e+01 1.48135376e+00 3.56483765e+01
  endloop
 endfacet
 facet normal 1.85032040e-01 -9.82732475e-01 -4.08685930e-09
  outer loop
   vertex 1.95704823e+01 1.48135376e+00 3.56483765e+01
   vertex 2.27924862e+01 2.07147217e+00 2.97069855e+01
   vertex 2.27924862e+01 2.07147217e+00 3.56483765e+01
  endloop
 endfacet
 facet normal 1.85032040e-01 -9.82732475e-01 -4.36420888e-16
  outer loop
   vertex 2.27924862e+01 2.07147217e+00 2.37655907e+01
   vertex 2.27924862e+01 2.07147217e+00 2.97069855e+01
   vertex 1.95704823e+01 1.48135376e+00 2.37655907e+01
  endloop
 endfacet
 facet normal 1.75158232e-01 -9.84540284e-01 -4.37223717e-16
  outer loop
   vertex 1.95704823e+01 1.48135376e+00 2.37655907e+01
   vertex 2.27924862e+01 2.07147217e+00 2.97069855e+01
   vertex 1.95704823e+01 1.48135376e+00 2.97069817e+01
  endloop
 endfacet
 facet normal 2.14414328e-01 -9.76742804e-01 8.17471868e-09
  outer loop
   vertex 2.59952202e+01 2.75791931e+00 2.97069817e+01
   vertex 2.27924862e+01 2.07147217e+00 2.97069855e+01
   vertex 2.59952202e+01 2.75791931e+00 2.37655907e+01
  endloop
 endfacet
 facet normal 2.04659954e-01 -9.78833139e-01 8.17471868e-09
  outer loop
   vertex 2.59952202e+01 2.75791931e+00 2.37655907e+01
   vertex 2.27924862e+01 2.07147217e+00 2.97069855e+01
   vertex 2.27924862e+01 2.07147217e+00 2.37655907e+01
  endloop
 endfacet
 facet normal 2.04660445e-01 -9.78833020e-01 -8.17471957e-09
  outer loop
   vertex 2.27924862e+01 2.07147217e+00 3.56483765e+01
   vertex 2.27924862e+01 2.07147217e+00 2.97069855e+01
   vertex 2.59952202e+01 2.75791931e+00 3.56483765e+01
  endloop
 endfacet
 facet normal 2.14414820e-01 -9.76742685e-01 -8.17471957e-09
  outer loop
   vertex 2.59952202e+01 2.75791931e+00 3.56483765e+01
   vertex 2.27924862e+01 2.07147217e+00 2.97069855e+01
   vertex 2.59952202e+01 2.75791931e+00 2.97069817e+01
  endloop
 endfacet
 facet normal 1.75158128e-01 -9.84540284e-01 -4.37223717e-16
  outer loop
   vertex 1.95704823e+01 1.48135376e+00 1.78241920e+01
   vertex 2.27924862e+01 2.07147217e+00 1.78241920e+01
   vertex 1.95704823e+01 1.48135376e+00 2.37655907e+01
  endloop
 endfacet
 facet normal 1.85031980e-01 -9.82732475e-01 -4.36420888e-16
  outer loop
   vertex 1.95704823e+01 1.48135376e+00 2.37655907e+01
   vertex 2.27924862e+01 2.07147217e+00 1.78241920e+01
   vertex 2.27924862e+01 2.07147217e+00 2.37655907e+01
  endloop
 endfacet
 facet normal 1.85031980e-01 -9.82732475e-01 -4.36420888e-16
  outer loop
   vertex 2.27924862e+01 2.07147217e+00 1.18827934e+01
   vertex 2.27924862e+01 2.07147217e+00 1.78241920e+01
   vertex 1.95704823e+01 1.48135376e+00 1.18827934e+01
  endloop
 endfacet
 facet normal 1.75158128e-01 -9.84540343e-01 -4.37223743e-16
  outer loop
   vertex 1.95704823e+01 1.48135376e+00 1.18827934e+01
   vertex 2.27924862e+01 2.07147217e+00 1.78241920e+01
   vertex 1.95704823e+01 1.48135376e+00 1.78241920e+01
  endloop
 endfacet
 facet normal 2.14415163e-01 -9.76742625e-01 -8.17471513e-09
  outer loop
   vertex 2.59952202e+01 2.75791931e+00 1.78241920e+01
   vertex 2.27924862e+01 2.07147217e+00 1.78241920e+01
   vertex 2.59952202e+01 2.75791931e+00 1.18827934e+01
  endloop
 endfacet
 facet normal 2.04660371e-01 -9.78833020e-01 -8.17471690e-09
  outer loop
   vertex 2.59952202e+01 2.75791931e+00 1.18827934e+01
   vertex 2.27924862e+01 2.07147217e+00 1.78241920e+01
   vertex 2.27924862e+01 2.07147217e+00 1.18827934e+01
  endloop
 endfacet
 facet normal 2.04659909e-01 -9.78833139e-01 8.17471868e-09
  outer loop
   vertex 2.27924862e+01 2.07147217e+00 2.37655907e+01
   vertex 2.27924862e+01 2.07147217e+00 1.78241920e+01
   vertex 2.59952202e+01 2.75791931e+00 2.37655907e+01
  endloop
 endfacet
 facet normal 2.14414686e-01 -9.76742744e-01 8.17472134e-09
  outer loop
   vertex 2.59952202e+01 2.75791931e+00 2.37655907e+01
   vertex 2.27924862e+01 2.07147217e+00 1.78241920e+01
   vertex 2.59952202e+01 2.75791931e+00 1.78241920e+01
  endloop
 endfacet
 facet normal 2.63339967e-01 -9.64703083e-01 -2.38048140e-14
  outer loop
   vertex 2.91738663e+01 3.53915405e+00 4.75311737e+01
   vertex 2.91738701e+01 3.53915405e+00 4.15897751e+01
   vertex 3.23268242e+01 4.41670227e+00 4.75311737e+01
  endloop
 endfacet
 facet normal 2.73218155e-01 -9.61952090e-01 -2.38036248e-14
  outer loop
   vertex 3.23268242e+01 4.41670227e+00 4.75311737e+01
   vertex 2.91738701e+01 3.53915405e+00 4.15897751e+01
   vertex 3.23268242e+01 4.41670227e+00 4.15897751e+01
  endloop
 endfacet
 facet normal 2.33933762e-01 -9.72252548e-01 -4.20214485e-15
  outer loop
   vertex 2.59952202e+01 2.75791931e+00 4.15897751e+01
   vertex 2.91738701e+01 3.53915405e+00 4.15897751e+01
   vertex 2.59952202e+01 2.75791931e+00 4.75311737e+01
  endloop
 endfacet
 facet normal 2.43697241e-01 -9.69851375e-01 -1.09877343e-14
  outer loop
   vertex 2.59952202e+01 2.75791931e+00 4.75311737e+01
   vertex 2.91738701e+01 3.53915405e+00 4.15897751e+01
   vertex 2.91738663e+01 3.53915405e+00 4.75311737e+01
  endloop
 endfacet
 facet normal 2.43696824e-01 -9.69851434e-01 -2.45253933e-08
  outer loop
   vertex 2.91738663e+01 3.53915405e+00 3.56483765e+01
   vertex 2.91738701e+01 3.53915405e+00 4.15897751e+01
   vertex 2.59952202e+01 2.75791931e+00 3.56483765e+01
  endloop
 endfacet
 facet normal 2.33933806e-01 -9.72252548e-01 -8.17473911e-09
  outer loop
   vertex 2.59952202e+01 2.75791931e+00 3.56483765e+01
   vertex 2.91738701e+01 3.53915405e+00 4.15897751e+01
   vertex 2.59952202e+01 2.75791931e+00 4.15897751e+01
  endloop
 endfacet
 facet normal 2.73218185e-01 -9.61952090e-01 -8.17597456e-09
  outer loop
   vertex 3.23268242e+01 4.41670227e+00 4.15897751e+01
   vertex 2.91738701e+01 3.53915405e+00 4.15897751e+01
   vertex 3.23268242e+01 4.41670227e+00 3.56483765e+01
  endloop
 endfacet
 facet normal 2.63339520e-01 -9.64703202e-01 -2.45266900e-08
  outer loop
   vertex 3.23268242e+01 4.41670227e+00 3.56483765e+01
   vertex 2.91738701e+01 3.53915405e+00 4.15897751e+01
   vertex 2.91738663e+01 3.53915405e+00 3.56483765e+01
  endloop
 endfacet
 facet normal 2.43695468e-01 -9.69851792e-01 2.45253844e-08
  outer loop
   vertex 2.91738663e+01 3.53915405e+00 2.37655907e+01
   vertex 2.91738663e+01 3.53915405e+00 2.97069817e+01
   vertex 2.59952202e+01 2.75791931e+00 2.37655907e+01
  endloop
 endfacet
 facet normal 2.33932018e-01 -9.72252965e-01 8.17473200e-09
  outer loop
   vertex 2.59952202e+01 2.75791931e+00 2.37655907e+01
   vertex 2.91738663e+01 3.53915405e+00 2.97069817e+01
   vertex 2.59952202e+01 2.75791931e+00 2.97069817e+01
  endloop
 endfacet
 facet normal 2.73218304e-01 -9.61952031e-01 8.17595680e-09
  outer loop
   vertex 3.23268242e+01 4.41670227e+00 2.97069817e+01
   vertex 2.91738663e+01 3.53915405e+00 2.97069817e+01
   vertex 3.23268242e+01 4.41670227e+00 2.37655907e+01
  endloop
 endfacet
 facet normal 2.63339132e-01 -9.64703321e-01 2.45266776e-08
  outer loop
   vertex 3.23268242e+01 4.41670227e+00 2.37655907e+01
   vertex 2.91738663e+01 3.53915405e+00 2.97069817e+01
   vertex 2.91738663e+01 3.53915405e+00 2.37655907e+01
  endloop
 endfacet
 facet normal 2.63338596e-01 -9.64703441e-01 -2.45266829e-08
  outer loop
   vertex 2.91738663e+01 3.53915405e+00 3.56483765e+01
   vertex 2.91738663e+01 3.53915405e+00 2.97069817e+01
   vertex 3.23268242e+01 4.41670227e+00 3.56483765e+01
  endloop
 endfacet
 facet normal 2.73217797e-01 -9.61952209e-01 -8.17596124e-09
  outer loop
   vertex 3.23268242e+01 4.41670227e+00 3.56483765e+01
   vertex 2.91738663e+01 3.53915405e+00 2.97069817e+01
   vertex 3.23268242e+01 4.41670227e+00 2.97069817e+01
  endloop
 endfacet
 facet normal 2.33932495e-01 -9.72252846e-01 -8.17473200e-09
  outer loop
   vertex 2.59952202e+01 2.75791931e+00 2.97069817e+01
   vertex 2.91738663e+01 3.53915405e+00 2.97069817e+01
   vertex 2.59952202e+01 2.75791931e+00 3.56483765e+01
  endloop
 endfacet
 facet normal 2.43695915e-01 -9.69851673e-01 -2.45253862e-08
  outer loop
   vertex 2.59952202e+01 2.75791931e+00 3.56483765e+01
   vertex 2.91738663e+01 3.53915405e+00 2.97069817e+01
   vertex 2.91738663e+01 3.53915405e+00 3.56483765e+01
  endloop
 endfacet
 facet normal 2.63340056e-01 -9.64703083e-01 2.45266776e-08
  outer loop
   vertex 2.91738663e+01 3.53915405e+00 2.37655907e+01
   vertex 2.91738701e+01 3.53915405e+00 1.78241920e+01
   vertex 3.23268242e+01 4.41670227e+00 2.37655907e+01
  endloop
 endfacet
 facet normal 2.73218691e-01 -9.61951971e-01 8.17595414e-09
  outer loop
   vertex 3.23268242e+01 4.41670227e+00 2.37655907e+01
   vertex 2.91738701e+01 3.53915405e+00 1.78241920e+01
   vertex 3.23268242e+01 4.41670227e+00 1.78241920e+01
  endloop
 endfacet
 facet normal 2.33933330e-01 -9.72252667e-01 8.17473378e-09
  outer loop
   vertex 2.59952202e+01 2.75791931e+00 1.78241920e+01
   vertex 2.91738701e+01 3.53915405e+00 1.78241920e+01
   vertex 2.59952202e+01 2.75791931e+00 2.37655907e+01
  endloop
 endfacet
 facet normal 2.43696377e-01 -9.69851553e-01 2.45253862e-08
  outer loop
   vertex 2.59952202e+01 2.75791931e+00 2.37655907e+01
   vertex 2.91738701e+01 3.53915405e+00 1.78241920e+01
   vertex 2.91738663e+01 3.53915405e+00 2.37655907e+01
  endloop
 endfacet
 facet normal 2.43696824e-01 -9.69851434e-01 -2.45253844e-08
  outer loop
   vertex 2.91738663e+01 3.53915405e+00 1.18827934e+01
   vertex 2.91738701e+01 3.53915405e+00 1.78241920e+01
   vertex 2.59952202e+01 2.75791931e+00 1.18827934e+01
  endloop
 endfacet
 facet normal 2.33933806e-01 -9.72252548e-01 -8.17472756e-09
  outer loop
   vertex 2.59952202e+01 2.75791931e+00 1.18827934e+01
   vertex 2.91738701e+01 3.53915405e+00 1.78241920e+01
   vertex 2.59952202e+01 2.75791931e+00 1.78241920e+01
  endloop
 endfacet
 facet normal 2.73218185e-01 -9.61952090e-01 -8.17596213e-09
  outer loop
   vertex 3.23268242e+01 4.41670227e+00 1.78241920e+01
   vertex 2.91738701e+01 3.53915405e+00 1.78241920e+01
   vertex 3.23268242e+01 4.41670227e+00 1.18827934e+01
  endloop
 endfacet
 facet normal 2.63339520e-01 -9.64703202e-01 -2.45266811e-08
  outer loop
   vertex 3.23268242e+01 4.41670227e+00 1.18827934e+01
   vertex 2.91738701e+01 3.53915405e+00 1.78241920e+01
   vertex 2.91738663e+01 3.53915405e+00 1.18827934e+01
  endloop
 endfacet
 facet normal 5.10092266e-02 -9.98698175e-01 -6.64812404e-17
  outer loop
   vertex 6.55079269e+00 1.45339966e-01 1.78241920e+01
   vertex 9.82096958e+00 3.24371338e-01 1.78241920e+01
   vertex 6.55079269e+00 1.45339966e-01 2.37655907e+01
  endloop
 endfacet
 facet normal 6.03262484e-02 -9.98178720e-01 2.57295850e-15
  outer loop
   vertex 6.55079269e+00 1.45339966e-01 2.37655907e+01
   vertex 9.82096958e+00 3.24371338e-01 1.78241920e+01
   vertex 9.82096958e+00 3.24371338e-01 2.37655907e+01
  endloop
 endfacet
 facet normal 6.03262410e-02 -9.98178720e-01 -1.19734005e-15
  outer loop
   vertex 9.82096958e+00 3.24371338e-01 1.18827934e+01
   vertex 9.82096958e+00 3.24371338e-01 1.78241920e+01
   vertex 6.55079269e+00 1.45339966e-01 1.18827934e+01
  endloop
 endfacet
 facet normal 5.10092229e-02 -9.98698175e-01 -6.64812404e-17
  outer loop
   vertex 6.55079269e+00 1.45339966e-01 1.18827934e+01
   vertex 9.82096958e+00 3.24371338e-01 1.78241920e+01
   vertex 6.55079269e+00 1.45339966e-01 1.78241920e+01
  endloop
 endfacet
 facet normal 9.09236372e-02 -9.95857894e-01 -2.51604954e-15
  outer loop
   vertex 1.30839195e+01 6.01394653e-01 1.78241920e+01
   vertex 9.82096958e+00 3.24371338e-01 1.78241920e+01
   vertex 1.30839214e+01 6.01394653e-01 1.18827934e+01
  endloop
 endfacet
 facet normal 8.02846476e-02 -9.96771991e-01 -3.83610168e-15
  outer loop
   vertex 1.30839214e+01 6.01394653e-01 1.18827934e+01
   vertex 9.82096958e+00 3.24371338e-01 1.78241920e+01
   vertex 9.82096958e+00 3.24371338e-01 1.18827934e+01
  endloop
 endfacet
 facet normal 8.02846700e-02 -9.96771991e-01 7.47534528e-15
  outer loop
   vertex 9.82096958e+00 3.24371338e-01 2.37655907e+01
   vertex 9.82096958e+00 3.24371338e-01 1.78241920e+01
   vertex 1.30839214e+01 6.01394653e-01 2.37655907e+01
  endloop
 endfacet
 facet normal 9.09236595e-02 -9.95857894e-01 5.02499713e-15
  outer loop
   vertex 1.30839214e+01 6.01394653e-01 2.37655907e+01
   vertex 9.82096958e+00 3.24371338e-01 1.78241920e+01
   vertex 1.30839195e+01 6.01394653e-01 1.78241920e+01
  endloop
 endfacet
 facet normal 1.23482250e-01 -9.92346764e-01 -4.39974917e-15
  outer loop
   vertex 1.63340244e+01 9.89181519e-01 1.18827934e+01
   vertex 1.63340244e+01 9.89181519e-01 1.78241920e+01
   vertex 1.30839214e+01 6.01394653e-01 1.18827934e+01
  endloop
 endfacet
 facet normal 1.12522826e-01 -9.93649125e-01 -2.89212772e-15
  outer loop
   vertex 1.30839214e+01 6.01394653e-01 1.18827934e+01
   vertex 1.63340244e+01 9.89181519e-01 1.78241920e+01
   vertex 1.30839195e+01 6.01394653e-01 1.78241920e+01
  endloop
 endfacet
 facet normal 1.55003622e-01 -9.87913907e-01 -4.38721906e-16
  outer loop
   vertex 1.95704823e+01 1.48135376e+00 1.78241920e+01
   vertex 1.63340244e+01 9.89181519e-01 1.78241920e+01
   vertex 1.95704823e+01 1.48135376e+00 1.18827934e+01
  endloop
 endfacet
 facet normal 1.44721732e-01 -9.89472389e-01 -1.75906837e-15
  outer loop
   vertex 1.95704823e+01 1.48135376e+00 1.18827934e+01
   vertex 1.63340244e+01 9.89181519e-01 1.78241920e+01
   vertex 1.63340244e+01 9.89181519e-01 1.18827934e+01
  endloop
 endfacet
 facet normal 1.44721761e-01 -9.89472389e-01 2.01137248e-15
  outer loop
   vertex 1.63340244e+01 9.89181519e-01 2.37655907e+01
   vertex 1.63340244e+01 9.89181519e-01 1.78241920e+01
   vertex 1.95704823e+01 1.48135376e+00 2.37655907e+01
  endloop
 endfacet
 facet normal 1.55003637e-01 -9.87913907e-01 -4.38721906e-16
  outer loop
   vertex 1.95704823e+01 1.48135376e+00 2.37655907e+01
   vertex 1.63340244e+01 9.89181519e-01 1.78241920e+01
   vertex 1.95704823e+01 1.48135376e+00 1.78241920e+01
  endloop
 endfacet
 facet normal 1.12522848e-01 -9.93649125e-01 4.64897760e-15
  outer loop
   vertex 1.30839195e+01 6.01394653e-01 1.78241920e+01
   vertex 1.63340244e+01 9.89181519e-01 1.78241920e+01
   vertex 1.30839214e+01 6.01394653e-01 2.37655907e+01
  endloop
 endfacet
 facet normal 1.23482279e-01 -9.92346764e-01 6.91184814e-15
  outer loop
   vertex 1.30839214e+01 6.01394653e-01 2.37655907e+01
   vertex 1.63340244e+01 9.89181519e-01 1.78241920e+01
   vertex 1.63340244e+01 9.89181519e-01 2.37655907e+01
  endloop
 endfacet
 facet normal 8.02846700e-02 -9.96771991e-01 -6.13051920e-09
  outer loop
   vertex 9.82096958e+00 3.24371338e-01 3.56483765e+01
   vertex 9.82096958e+00 3.24371338e-01 2.97069817e+01
   vertex 1.30839214e+01 6.01394653e-01 3.56483765e+01
  endloop
 endfacet
 facet normal 9.09236968e-02 -9.95857835e-01 -5.10910869e-09
  outer loop
   vertex 1.30839214e+01 6.01394653e-01 3.56483765e+01
   vertex 9.82096958e+00 3.24371338e-01 2.97069817e+01
   vertex 1.30839195e+01 6.01394653e-01 2.97069817e+01
  endloop
 endfacet
 facet normal 5.10082133e-02 -9.98698235e-01 3.10548589e-16
  outer loop
   vertex 6.55079269e+00 1.45339966e-01 2.97069817e+01
   vertex 9.82096958e+00 3.24371338e-01 2.97069817e+01
   vertex 6.55079269e+00 1.45339966e-01 3.56483765e+01
  endloop
 endfacet
 facet normal 6.03262633e-02 -9.98178720e-01 -1.02138031e-09
  outer loop
   vertex 6.55079269e+00 1.45339966e-01 3.56483765e+01
   vertex 9.82096958e+00 3.24371338e-01 2.97069817e+01
   vertex 9.82096958e+00 3.24371338e-01 3.56483765e+01
  endloop
 endfacet
 facet normal 6.03262708e-02 -9.98178720e-01 2.94998833e-15
  outer loop
   vertex 9.82096958e+00 3.24371338e-01 2.37655907e+01
   vertex 9.82096958e+00 3.24371338e-01 2.97069817e+01
   vertex 6.55079269e+00 1.45339966e-01 2.37655907e+01
  endloop
 endfacet
 facet normal 5.10082133e-02 -9.98698235e-01 3.10548589e-16
  outer loop
   vertex 6.55079269e+00 1.45339966e-01 2.37655907e+01
   vertex 9.82096958e+00 3.24371338e-01 2.97069817e+01
   vertex 6.55079269e+00 1.45339966e-01 2.97069817e+01
  endloop
 endfacet
 facet normal 9.09237117e-02 -9.95857835e-01 7.47582470e-15
  outer loop
   vertex 1.30839195e+01 6.01394653e-01 2.97069817e+01
   vertex 9.82096958e+00 3.24371338e-01 2.97069817e+01
   vertex 1.30839214e+01 6.01394653e-01 2.37655907e+01
  endloop
 endfacet
 facet normal 8.02846923e-02 -9.96771991e-01 7.85238506e-15
  outer loop
   vertex 1.30839214e+01 6.01394653e-01 2.37655907e+01
   vertex 9.82096958e+00 3.24371338e-01 2.97069817e+01
   vertex 9.82096958e+00 3.24371338e-01 2.37655907e+01
  endloop
 endfacet
 facet normal 1.23482324e-01 -9.92346764e-01 8.42004536e-15
  outer loop
   vertex 1.63340244e+01 9.89181519e-01 2.37655907e+01
   vertex 1.63340244e+01 9.89181519e-01 2.97069817e+01
   vertex 1.30839214e+01 6.01394653e-01 2.37655907e+01
  endloop
 endfacet
 facet normal 1.12522922e-01 -9.93649125e-01 8.23097829e-15
  outer loop
   vertex 1.30839214e+01 6.01394653e-01 2.37655907e+01
   vertex 1.63340244e+01 9.89181519e-01 2.97069817e+01
   vertex 1.30839195e+01 6.01394653e-01 2.97069817e+01
  endloop
 endfacet
 facet normal 1.55003726e-01 -9.87913907e-01 1.06945438e-15
  outer loop
   vertex 1.95704823e+01 1.48135376e+00 2.97069817e+01
   vertex 1.63340244e+01 9.89181519e-01 2.97069817e+01
   vertex 1.95704823e+01 1.48135376e+00 2.37655907e+01
  endloop
 endfacet
 facet normal 1.44721806e-01 -9.89472389e-01 3.51954895e-15
  outer loop
   vertex 1.95704823e+01 1.48135376e+00 2.37655907e+01
   vertex 1.63340244e+01 9.89181519e-01 2.97069817e+01
   vertex 1.63340244e+01 9.89181519e-01 2.37655907e+01
  endloop
 endfacet
 facet normal 1.44721791e-01 -9.89472389e-01 -1.22614185e-08
  outer loop
   vertex 1.63340244e+01 9.89181519e-01 3.56483765e+01
   vertex 1.63340244e+01 9.89181519e-01 2.97069817e+01
   vertex 1.95704823e+01 1.48135376e+00 3.56483765e+01
  endloop
 endfacet
 facet normal 1.55003726e-01 -9.87913907e-01 -4.08688772e-09
  outer loop
   vertex 1.95704823e+01 1.48135376e+00 3.56483765e+01
   vertex 1.63340244e+01 9.89181519e-01 2.97069817e+01
   vertex 1.95704823e+01 1.48135376e+00 2.97069817e+01
  endloop
 endfacet
 facet normal 1.12522908e-01 -9.93649125e-01 -5.10914777e-09
  outer loop
   vertex 1.30839195e+01 6.01394653e-01 2.97069817e+01
   vertex 1.63340244e+01 9.89181519e-01 2.97069817e+01
   vertex 1.30839214e+01 6.01394653e-01 3.56483765e+01
  endloop
 endfacet
 facet normal 1.23482302e-01 -9.92346764e-01 -1.32837918e-08
  outer loop
   vertex 1.30839214e+01 6.01394653e-01 3.56483765e+01
   vertex 1.63340244e+01 9.89181519e-01 2.97069817e+01
   vertex 1.63340244e+01 9.89181519e-01 3.56483765e+01
  endloop
 endfacet
 facet normal 6.03261665e-02 -9.98178720e-01 3.72752247e-08
  outer loop
   vertex 9.82096958e+00 3.24371338e-01 3.56483765e+01
   vertex 9.82096863e+00 3.24371338e-01 4.15897751e+01
   vertex 6.55079269e+00 1.45339966e-01 3.56483765e+01
  endloop
 endfacet
 facet normal 5.10089956e-02 -9.98698175e-01 1.77493177e-07
  outer loop
   vertex 6.55079269e+00 1.45339966e-01 3.56483765e+01
   vertex 9.82096863e+00 3.24371338e-01 4.15897751e+01
   vertex 6.55079174e+00 1.45339966e-01 4.15897751e+01
  endloop
 endfacet
 facet normal 9.09235626e-02 -9.95857894e-01 3.31885275e-08
  outer loop
   vertex 1.30839214e+01 6.01394653e-01 4.15897751e+01
   vertex 9.82096863e+00 3.24371338e-01 4.15897751e+01
   vertex 1.30839214e+01 6.01394653e-01 3.56483765e+01
  endloop
 endfacet
 facet normal 8.02845806e-02 -9.96771991e-01 3.21671187e-08
  outer loop
   vertex 1.30839214e+01 6.01394653e-01 3.56483765e+01
   vertex 9.82096863e+00 3.24371338e-01 4.15897751e+01
   vertex 9.82096958e+00 3.24371338e-01 3.56483765e+01
  endloop
 endfacet
 facet normal 8.02841261e-02 -9.96771991e-01 1.98122237e-07
  outer loop
   vertex 9.82096958e+00 3.24371338e-01 4.75311737e+01
   vertex 9.82096863e+00 3.24371338e-01 4.15897751e+01
   vertex 1.30839214e+01 6.01394653e-01 4.75311737e+01
  endloop
 endfacet
 facet normal 9.09235403e-02 -9.95857894e-01 4.34067431e-08
  outer loop
   vertex 1.30839214e+01 6.01394653e-01 4.75311737e+01
   vertex 9.82096863e+00 3.24371338e-01 4.15897751e+01
   vertex 1.30839214e+01 6.01394653e-01 4.15897751e+01
  endloop
 endfacet
 facet normal 5.10084778e-02 -9.98698235e-01 7.35362789e-07
  outer loop
   vertex 6.55079174e+00 1.45339966e-01 4.15897751e+01
   vertex 9.82096863e+00 3.24371338e-01 4.15897751e+01
   vertex 6.55069160e+00 1.45339966e-01 4.75311737e+01
  endloop
 endfacet
 facet normal 6.03252165e-02 -9.98178780e-01 7.50877575e-07
  outer loop
   vertex 6.55069160e+00 1.45339966e-01 4.75311737e+01
   vertex 9.82096863e+00 3.24371338e-01 4.15897751e+01
   vertex 9.82096958e+00 3.24371338e-01 4.75311737e+01
  endloop
 endfacet
 facet normal 1.23533286e-01 -9.92339909e-01 -1.00335700e-03
  outer loop
   vertex 1.63340244e+01 9.89181519e-01 4.75311737e+01
   vertex 1.63340244e+01 9.89181519e-01 5.34725723e+01
   vertex 1.30839214e+01 6.01394653e-01 4.75311737e+01
  endloop
 endfacet
 facet normal 1.12573400e-01 -9.93640065e-01 -2.56806030e-03
  outer loop
   vertex 1.30839214e+01 6.01394653e-01 4.75311737e+01
   vertex 1.63340244e+01 9.89181519e-01 5.34725723e+01
   vertex 1.30839195e+01 6.01394653e-01 5.34725723e+01
  endloop
 endfacet
 facet normal 1.55054852e-01 -9.87902939e-01 -2.39170063e-03
  outer loop
   vertex 1.95704823e+01 1.48135376e+00 5.34725723e+01
   vertex 1.63340244e+01 9.89181519e-01 5.34725723e+01
   vertex 1.95704823e+01 1.48135376e+00 4.75311737e+01
  endloop
 endfacet
 facet normal 1.44772649e-01 -9.89464462e-01 -1.00334315e-03
  outer loop
   vertex 1.95704823e+01 1.48135376e+00 4.75311737e+01
   vertex 1.63340244e+01 9.89181519e-01 5.34725723e+01
   vertex 1.63340244e+01 9.89181519e-01 4.75311737e+01
  endloop
 endfacet
 facet normal 3.48407850e-02 -9.99391615e-01 -1.59750122e-03
  outer loop
   vertex 6.55039024e+00 1.45339966e-01 5.34725723e+01
   vertex 3.27740312e+00 5.13916016e-02 5.34725723e+01
   vertex 6.55069160e+00 1.45339966e-01 4.75311737e+01
  endloop
 endfacet
 facet normal 2.83471327e-02 -9.99598086e-01 -4.02752165e-04
  outer loop
   vertex 6.55069160e+00 1.45339966e-01 4.75311737e+01
   vertex 3.27740312e+00 5.13916016e-02 5.34725723e+01
   vertex 3.27860761e+00 5.13916016e-02 4.75311737e+01
  endloop
 endfacet
 facet normal -5.47314227e-01 -7.92016268e-01 2.70476222e-01
  outer loop
   vertex 3.21173668e-03 0.00000000e+00 5.34725723e+01
   vertex 3.27740312e+00 5.13916016e-02 5.34725723e+01
   vertex 0.00000000e+00 0.00000000e+00 5.94139709e+01
  endloop
 endfacet
 facet normal -2.32954010e-01 -7.56292224e-01 6.11354649e-01
  outer loop
   vertex 0.00000000e+00 0.00000000e+00 5.94139709e+01
   vertex 3.27740312e+00 5.13916016e-02 5.34725723e+01
   vertex 3.27579737e+00 5.13916016e-02 5.94139709e+01
  endloop
 endfacet
 facet normal -2.74733841e-01 -9.61520195e-01 -5.39290893e-04
  outer loop
   vertex 3.27860761e+00 5.13916016e-02 4.75311737e+01
   vertex 3.27740312e+00 5.13916016e-02 5.34725723e+01
   vertex 6.42347336e-03 0.00000000e+00 4.75311737e+01
  endloop
 endfacet
 facet normal -5.73533833e-01 -8.19181561e-01 -6.95006398e-04
  outer loop
   vertex 6.42347336e-03 0.00000000e+00 4.75311737e+01
   vertex 3.27740312e+00 5.13916016e-02 5.34725723e+01
   vertex 3.21173668e-03 0.00000000e+00 5.34725723e+01
  endloop
 endfacet
 facet normal -5.73307872e-01 -8.19339991e-01 -9.36138022e-05
  outer loop
   vertex 6.42347336e-03 0.00000000e+00 4.15897751e+01
   vertex 3.27900910e+00 5.13916016e-02 4.15897751e+01
   vertex 6.42347336e-03 0.00000000e+00 4.75311737e+01
  endloop
 endfacet
 facet normal -2.74378031e-01 -9.61621881e-01 -9.28657464e-05
  outer loop
   vertex 6.42347336e-03 0.00000000e+00 4.75311737e+01
   vertex 3.27900910e+00 5.13916016e-02 4.15897751e+01
   vertex 3.27860761e+00 5.13916016e-02 4.75311737e+01
  endloop
 endfacet
 facet normal -2.74413824e-01 -9.61611688e-01 4.37002001e-07
  outer loop
   vertex 3.27900910e+00 5.13916016e-02 3.56483765e+01
   vertex 3.27900910e+00 5.13916016e-02 4.15897751e+01
   vertex 6.42347336e-03 2.84217094e-14 3.56483765e+01
  endloop
 endfacet
 facet normal -5.73344767e-01 -8.19314241e-01 7.22197854e-07
  outer loop
   vertex 6.42347336e-03 2.84217094e-14 3.56483765e+01
   vertex 3.27900910e+00 5.13916016e-02 4.15897751e+01
   vertex 6.42347336e-03 0.00000000e+00 4.15897751e+01
  endloop
 endfacet
 facet normal 3.51945162e-02 -9.99380469e-01 2.84309721e-07
  outer loop
   vertex 6.55079174e+00 1.45339966e-01 4.15897751e+01
   vertex 3.27900910e+00 5.13916016e-02 4.15897751e+01
   vertex 6.55079269e+00 1.45339966e-01 3.56483765e+01
  endloop
 endfacet
 facet normal 2.86989864e-02 -9.99588072e-01 1.45119401e-07
  outer loop
   vertex 6.55079269e+00 1.45339966e-01 3.56483765e+01
   vertex 3.27900910e+00 5.13916016e-02 4.15897751e+01
   vertex 3.27900910e+00 5.13916016e-02 3.56483765e+01
  endloop
 endfacet
 facet normal 2.86977403e-02 -9.99588132e-01 1.63755124e-06
  outer loop
   vertex 3.27860761e+00 5.13916016e-02 4.75311737e+01
   vertex 3.27900910e+00 5.13916016e-02 4.15897751e+01
   vertex 6.55069160e+00 1.45339966e-01 4.75311737e+01
  endloop
 endfacet
 facet normal 3.51939984e-02 -9.99380529e-01 8.42154350e-07
  outer loop
   vertex 6.55069160e+00 1.45339966e-01 4.75311737e+01
   vertex 3.27900910e+00 5.13916016e-02 4.15897751e+01
   vertex 6.55079174e+00 1.45339966e-01 4.15897751e+01
  endloop
 endfacet
 facet normal 1.12522826e-01 -9.93649125e-01 5.10914333e-09
  outer loop
   vertex 1.30839214e+01 6.01394653e-01 4.15897751e+01
   vertex 1.63340263e+01 9.89181519e-01 4.15897751e+01
   vertex 1.30839214e+01 6.01394653e-01 4.75311737e+01
  endloop
 endfacet
 facet normal 1.23482235e-01 -9.92346764e-01 1.32837821e-08
  outer loop
   vertex 1.30839214e+01 6.01394653e-01 4.75311737e+01
   vertex 1.63340263e+01 9.89181519e-01 4.15897751e+01
   vertex 1.63340244e+01 9.89181519e-01 4.75311737e+01
  endloop
 endfacet
 facet normal 1.23482279e-01 -9.92346764e-01 -1.32837954e-08
  outer loop
   vertex 1.63340244e+01 9.89181519e-01 3.56483765e+01
   vertex 1.63340263e+01 9.89181519e-01 4.15897751e+01
   vertex 1.30839214e+01 6.01394653e-01 3.56483765e+01
  endloop
 endfacet
 facet normal 1.12522848e-01 -9.93649125e-01 -5.10915354e-09
  outer loop
   vertex 1.30839214e+01 6.01394653e-01 3.56483765e+01
   vertex 1.63340263e+01 9.89181519e-01 4.15897751e+01
   vertex 1.30839214e+01 6.01394653e-01 4.15897751e+01
  endloop
 endfacet
 facet normal 1.55003652e-01 -9.87913907e-01 -4.08689305e-09
  outer loop
   vertex 1.95704823e+01 1.48135376e+00 4.15897751e+01
   vertex 1.63340263e+01 9.89181519e-01 4.15897751e+01
   vertex 1.95704823e+01 1.48135376e+00 3.56483765e+01
  endloop
 endfacet
 facet normal 1.44721776e-01 -9.89472389e-01 -1.22614212e-08
  outer loop
   vertex 1.95704823e+01 1.48135376e+00 3.56483765e+01
   vertex 1.63340263e+01 9.89181519e-01 4.15897751e+01
   vertex 1.63340244e+01 9.89181519e-01 3.56483765e+01
  endloop
 endfacet
 facet normal 1.44721732e-01 -9.89472389e-01 1.22614123e-08
  outer loop
   vertex 1.63340244e+01 9.89181519e-01 4.75311737e+01
   vertex 1.63340263e+01 9.89181519e-01 4.15897751e+01
   vertex 1.95704823e+01 1.48135376e+00 4.75311737e+01
  endloop
 endfacet
 facet normal 1.55003622e-01 -9.87913907e-01 4.08688283e-09
  outer loop
   vertex 1.95704823e+01 1.48135376e+00 4.75311737e+01
   vertex 1.63340263e+01 9.89181519e-01 4.15897751e+01
   vertex 1.95704823e+01 1.48135376e+00 4.15897751e+01
  endloop
 endfacet
 facet normal 1.44323096e-01 -9.89530504e-01 4.71759849e-04
  outer loop
   vertex 1.63340244e+01 9.89181519e-01 1.18827934e+01
   vertex 1.63340244e+01 9.89181519e-01 5.94139862e+00
   vertex 1.95704823e+01 1.48135376e+00 1.18827934e+01
  endloop
 endfacet
 facet normal 1.55005306e-01 -9.87912655e-01 1.38869369e-03
  outer loop
   vertex 1.95704823e+01 1.48135376e+00 1.18827934e+01
   vertex 1.63340244e+01 9.89181519e-01 5.94139862e+00
   vertex 1.95704823e+01 1.48135376e+00 5.94139862e+00
  endloop
 endfacet
 facet normal 1.12122908e-01 -9.93693888e-01 9.73424292e-04
  outer loop
   vertex 1.30839195e+01 6.01394653e-01 5.94139862e+00
   vertex 1.63340244e+01 9.89181519e-01 5.94139862e+00
   vertex 1.30839214e+01 6.01394653e-01 1.18827934e+01
  endloop
 endfacet
 facet normal 1.23082437e-01 -9.92396355e-01 4.71762207e-04
  outer loop
   vertex 1.30839214e+01 6.01394653e-01 1.18827934e+01
   vertex 1.63340244e+01 9.89181519e-01 5.94139862e+00
   vertex 1.63340244e+01 9.89181519e-01 1.18827934e+01
  endloop
 endfacet
 facet normal 2.63722777e-01 -9.64598417e-01 4.65646299e-04
  outer loop
   vertex 2.91738663e+01 3.53915405e+00 1.18827934e+01
   vertex 2.91738663e+01 3.53915405e+00 5.94139862e+00
   vertex 3.23268242e+01 4.41670227e+00 1.18827934e+01
  endloop
 endfacet
 facet normal 2.73600012e-01 -9.61843133e-01 9.22668900e-04
  outer loop
   vertex 3.23268242e+01 4.41670227e+00 1.18827934e+01
   vertex 2.91738663e+01 3.53915405e+00 5.94139862e+00
   vertex 3.23268242e+01 4.41670227e+00 5.94139862e+00
  endloop
 endfacet
 facet normal 2.33931065e-01 -9.72252190e-01 1.37067854e-03
  outer loop
   vertex 2.59952202e+01 2.75791931e+00 5.94139862e+00
   vertex 2.91738663e+01 3.53915405e+00 5.94139862e+00
   vertex 2.59952202e+01 2.75791931e+00 1.18827934e+01
  endloop
 endfacet
 facet normal 2.44082108e-01 -9.69754457e-01 4.65648161e-04
  outer loop
   vertex 2.59952202e+01 2.75791931e+00 1.18827934e+01
   vertex 2.91738663e+01 3.53915405e+00 5.94139862e+00
   vertex 2.91738663e+01 3.53915405e+00 1.18827934e+01
  endloop
 endfacet
 facet normal -4.90676641e-01 8.71341765e-01 -3.28383794e-06
  outer loop
   vertex 5.15166054e+01 1.67272186e+01 1.31497536e+01
   vertex 5.42533302e+01 1.82868652e+01 1.31497536e+01
   vertex 5.15165710e+01 1.67272034e+01 7.62283325e+00
  endloop
 endfacet
 facet normal -4.99537349e-01 8.66292298e-01 -2.87782139e-04
  outer loop
   vertex 5.15165710e+01 1.67272034e+01 7.62283325e+00
   vertex 5.42533302e+01 1.82868652e+01 1.31497536e+01
   vertex 5.42533302e+01 1.82868652e+01 7.62285614e+00
  endloop
 endfacet
 facet normal -4.63743299e-01 8.85969579e-01 -2.89675809e-04
  outer loop
   vertex 4.87330093e+01 1.52519531e+01 7.62281418e+00
   vertex 4.87330093e+01 1.52519531e+01 1.31497536e+01
   vertex 5.15165710e+01 1.67272034e+01 7.62283325e+00
  endloop
 endfacet
 facet normal -4.72779423e-01 8.81180823e-01 -3.21164066e-06
  outer loop
   vertex 5.15165710e+01 1.67272034e+01 7.62283325e+00
   vertex 4.87330093e+01 1.52519531e+01 1.31497536e+01
   vertex 5.15166054e+01 1.67272186e+01 1.31497536e+01
  endloop
 endfacet
 facet normal -4.63743269e-01 8.85969639e-01 -8.77491232e-07
  outer loop
   vertex 4.87330093e+01 1.52519531e+01 1.86688309e+01
   vertex 4.87330208e+01 1.52519836e+01 2.41879082e+01
   vertex 5.15166054e+01 1.67272186e+01 1.86688309e+01
  endloop
 endfacet
 facet normal -4.72778589e-01 8.81181240e-01 -6.94736514e-07
  outer loop
   vertex 5.15166054e+01 1.67272186e+01 1.86688309e+01
   vertex 4.87330208e+01 1.52519836e+01 2.41879082e+01
   vertex 5.15166054e+01 1.67272186e+01 2.41879082e+01
  endloop
 endfacet
 facet normal -4.72779274e-01 8.81180882e-01 -2.18620457e-07
  outer loop
   vertex 5.15166054e+01 1.67272186e+01 1.31497536e+01
   vertex 4.87330093e+01 1.52519531e+01 1.31497536e+01
   vertex 5.15166054e+01 1.67272186e+01 1.86688309e+01
  endloop
 endfacet
 facet normal -4.63743299e-01 8.85969639e-01 -4.75438611e-07
  outer loop
   vertex 5.15166054e+01 1.67272186e+01 1.86688309e+01
   vertex 4.87330093e+01 1.52519531e+01 1.31497536e+01
   vertex 4.87330093e+01 1.52519531e+01 1.86688309e+01
  endloop
 endfacet
 facet normal -4.99537647e-01 8.66292179e-01 -3.64887910e-07
  outer loop
   vertex 5.42533226e+01 1.82868652e+01 1.86688309e+01
   vertex 5.42533302e+01 1.82868652e+01 1.31497536e+01
   vertex 5.15166054e+01 1.67272186e+01 1.86688309e+01
  endloop
 endfacet
 facet normal -4.90676463e-01 8.71341825e-01 -2.90819457e-07
  outer loop
   vertex 5.15166054e+01 1.67272186e+01 1.86688309e+01
   vertex 5.42533302e+01 1.82868652e+01 1.31497536e+01
   vertex 5.15166054e+01 1.67272186e+01 1.31497536e+01
  endloop
 endfacet
 facet normal -4.90675688e-01 8.71342301e-01 -2.56031200e-07
  outer loop
   vertex 5.15166054e+01 1.67272186e+01 2.41879082e+01
   vertex 5.42533150e+01 1.82868652e+01 2.41879082e+01
   vertex 5.15166054e+01 1.67272186e+01 1.86688309e+01
  endloop
 endfacet
 facet normal -4.99537498e-01 8.66292238e-01 -2.56036230e-07
  outer loop
   vertex 5.15166054e+01 1.67272186e+01 1.86688309e+01
   vertex 5.42533150e+01 1.82868652e+01 2.41879082e+01
   vertex 5.42533226e+01 1.82868652e+01 1.86688309e+01
  endloop
 endfacet
 facet normal -5.43060064e-01 8.39693844e-01 3.65619997e-07
  outer loop
   vertex 5.69421959e+01 1.99300079e+01 2.41879082e+01
   vertex 5.95797615e+01 2.16549072e+01 2.41879082e+01
   vertex 5.69421883e+01 1.99300079e+01 1.86688309e+01
  endloop
 endfacet
 facet normal -5.51620245e-01 8.34095359e-01 2.92494121e-07
  outer loop
   vertex 5.69421883e+01 1.99300079e+01 1.86688309e+01
   vertex 5.95797615e+01 2.16549072e+01 2.41879082e+01
   vertex 5.95797501e+01 2.16549072e+01 1.86688309e+01
  endloop
 endfacet
 facet normal -5.17099082e-01 8.55925560e-01 -2.20799889e-11
  outer loop
   vertex 5.42533226e+01 1.82868652e+01 1.86688309e+01
   vertex 5.42533150e+01 1.82868652e+01 2.41879082e+01
   vertex 5.69421883e+01 1.99300079e+01 1.86688309e+01
  endloop
 endfacet
 facet normal -5.25799215e-01 8.50608706e-01 2.55950027e-07
  outer loop
   vertex 5.69421883e+01 1.99300079e+01 1.86688309e+01
   vertex 5.42533150e+01 1.82868652e+01 2.41879082e+01
   vertex 5.69421959e+01 1.99300079e+01 2.41879082e+01
  endloop
 endfacet
 facet normal -5.25799513e-01 8.50608528e-01 -6.32574313e-08
  outer loop
   vertex 5.69421883e+01 1.99300079e+01 1.31497536e+01
   vertex 5.42533302e+01 1.82868652e+01 1.31497536e+01
   vertex 5.69421883e+01 1.99300079e+01 1.86688309e+01
  endloop
 endfacet
 facet normal -5.17099202e-01 8.55925441e-01 -1.08873742e-07
  outer loop
   vertex 5.69421883e+01 1.99300079e+01 1.86688309e+01
   vertex 5.42533302e+01 1.82868652e+01 1.31497536e+01
   vertex 5.42533226e+01 1.82868652e+01 1.86688309e+01
  endloop
 endfacet
 facet normal -5.51619768e-01 8.34095716e-01 -1.00531608e-07
  outer loop
   vertex 5.95797501e+01 2.16549072e+01 1.86688309e+01
   vertex 5.95797539e+01 2.16549072e+01 1.31497536e+01
   vertex 5.69421883e+01 1.99300079e+01 1.86688309e+01
  endloop
 endfacet
 facet normal -5.43059707e-01 8.39694083e-01 -2.37761654e-07
  outer loop
   vertex 5.69421883e+01 1.99300079e+01 1.86688309e+01
   vertex 5.95797539e+01 2.16549072e+01 1.31497536e+01
   vertex 5.69421883e+01 1.99300079e+01 1.31497536e+01
  endloop
 endfacet
 facet normal -4.90675896e-01 8.71342182e-01 5.85225450e-07
  outer loop
   vertex 5.15166206e+01 1.67272186e+01 3.52260590e+01
   vertex 5.42533264e+01 1.82868652e+01 3.52260590e+01
   vertex 5.15166130e+01 1.67272186e+01 2.97069817e+01
  endloop
 endfacet
 facet normal -4.99537379e-01 8.66292357e-01 4.75502844e-07
  outer loop
   vertex 5.15166130e+01 1.67272186e+01 2.97069817e+01
   vertex 5.42533264e+01 1.82868652e+01 3.52260590e+01
   vertex 5.42533226e+01 1.82868652e+01 2.97069817e+01
  endloop
 endfacet
 facet normal -4.63742197e-01 8.85970175e-01 1.13351643e-06
  outer loop
   vertex 4.87330132e+01 1.52519836e+01 2.97069817e+01
   vertex 4.87330132e+01 1.52519531e+01 3.52260590e+01
   vertex 5.15166130e+01 1.67272186e+01 2.97069817e+01
  endloop
 endfacet
 facet normal -4.72778380e-01 8.81181359e-01 1.02392062e-06
  outer loop
   vertex 5.15166130e+01 1.67272186e+01 2.97069817e+01
   vertex 4.87330132e+01 1.52519531e+01 3.52260590e+01
   vertex 5.15166206e+01 1.67272186e+01 3.52260590e+01
  endloop
 endfacet
 facet normal -4.72778052e-01 8.81181538e-01 -1.46094152e-07
  outer loop
   vertex 5.15166054e+01 1.67272186e+01 2.41879082e+01
   vertex 4.87330208e+01 1.52519836e+01 2.41879082e+01
   vertex 5.15166130e+01 1.67272186e+01 2.97069817e+01
  endloop
 endfacet
 facet normal -4.63742346e-01 8.85970116e-01 3.29246376e-07
  outer loop
   vertex 5.15166130e+01 1.67272186e+01 2.97069817e+01
   vertex 4.87330208e+01 1.52519836e+01 2.41879082e+01
   vertex 4.87330132e+01 1.52519836e+01 2.97069817e+01
  endloop
 endfacet
 facet normal -4.99537081e-01 8.66292477e-01 5.48632784e-07
  outer loop
   vertex 5.42533226e+01 1.82868652e+01 2.97069817e+01
   vertex 5.42533150e+01 1.82868652e+01 2.41879082e+01
   vertex 5.15166130e+01 1.67272186e+01 2.97069817e+01
  endloop
 endfacet
 facet normal -4.90675151e-01 8.71342599e-01 2.92610878e-07
  outer loop
   vertex 5.15166130e+01 1.67272186e+01 2.97069817e+01
   vertex 5.42533150e+01 1.82868652e+01 2.41879082e+01
   vertex 5.15166054e+01 1.67272186e+01 2.41879082e+01
  endloop
 endfacet
 facet normal -5.17100155e-01 8.55924904e-01 -2.10383917e-07
  outer loop
   vertex 5.42533264e+01 1.82868652e+01 4.07451401e+01
   vertex 5.42533264e+01 1.82868652e+01 4.62642097e+01
   vertex 5.69421844e+01 1.99300079e+01 4.07451363e+01
  endloop
 endfacet
 facet normal -5.25799751e-01 8.50608408e-01 -5.52704087e-08
  outer loop
   vertex 5.69421844e+01 1.99300079e+01 4.07451363e+01
   vertex 5.42533264e+01 1.82868652e+01 4.62642097e+01
   vertex 5.69421768e+01 1.99300079e+01 4.62642174e+01
  endloop
 endfacet
 facet normal -5.25799751e-01 8.50608408e-01 -2.55925102e-07
  outer loop
   vertex 5.69421883e+01 1.99300079e+01 3.52260590e+01
   vertex 5.42533264e+01 1.82868652e+01 3.52260590e+01
   vertex 5.69421844e+01 1.99300079e+01 4.07451363e+01
  endloop
 endfacet
 facet normal -5.17099917e-01 8.55925024e-01 -1.82806801e-07
  outer loop
   vertex 5.69421844e+01 1.99300079e+01 4.07451363e+01
   vertex 5.42533264e+01 1.82868652e+01 3.52260590e+01
   vertex 5.42533264e+01 1.82868652e+01 4.07451401e+01
  endloop
 endfacet
 facet normal -5.51619947e-01 8.34095538e-01 -2.19370889e-07
  outer loop
   vertex 5.95797501e+01 2.16549072e+01 4.07451363e+01
   vertex 5.95797539e+01 2.16549072e+01 3.52260590e+01
   vertex 5.69421844e+01 1.99300079e+01 4.07451363e+01
  endloop
 endfacet
 facet normal -5.43060064e-01 8.39693844e-01 -3.65623379e-07
  outer loop
   vertex 5.69421844e+01 1.99300079e+01 4.07451363e+01
   vertex 5.95797539e+01 2.16549072e+01 3.52260590e+01
   vertex 5.69421883e+01 1.99300079e+01 3.52260590e+01
  endloop
 endfacet
 facet normal -5.43059766e-01 8.39694023e-01 1.20043211e-07
  outer loop
   vertex 5.69421768e+01 1.99300079e+01 4.62642174e+01
   vertex 5.95797539e+01 2.16549072e+01 4.62642174e+01
   vertex 5.69421844e+01 1.99300079e+01 4.07451363e+01
  endloop
 endfacet
 facet normal -5.51619887e-01 8.34095657e-01 3.80637495e-08
  outer loop
   vertex 5.69421844e+01 1.99300079e+01 4.07451363e+01
   vertex 5.95797539e+01 2.16549072e+01 4.62642174e+01
   vertex 5.95797501e+01 2.16549072e+01 4.07451363e+01
  endloop
 endfacet
 facet normal -4.45520520e-01 8.95271719e-01 1.46236346e-07
  outer loop
   vertex 4.87330132e+01 1.52519836e+01 2.97069817e+01
   vertex 4.87330208e+01 1.52519836e+01 2.41879082e+01
   vertex 4.59030571e+01 1.38617096e+01 2.97069817e+01
  endloop
 endfacet
 facet normal -4.36334193e-01 8.99784684e-01 -4.38648215e-07
  outer loop
   vertex 4.59030571e+01 1.38617096e+01 2.97069817e+01
   vertex 4.87330208e+01 1.52519836e+01 2.41879082e+01
   vertex 4.59030609e+01 1.38617096e+01 2.41879082e+01
  endloop
 endfacet
 facet normal -4.36333418e-01 8.99785042e-01 8.04147419e-07
  outer loop
   vertex 4.59030571e+01 1.38617096e+01 3.52260590e+01
   vertex 4.87330132e+01 1.52519531e+01 3.52260590e+01
   vertex 4.59030571e+01 1.38617096e+01 2.97069817e+01
  endloop
 endfacet
 facet normal -4.45520371e-01 8.95271778e-01 9.50506603e-07
  outer loop
   vertex 4.59030571e+01 1.38617096e+01 2.97069817e+01
   vertex 4.87330132e+01 1.52519531e+01 3.52260590e+01
   vertex 4.87330132e+01 1.52519836e+01 2.97069817e+01
  endloop
 endfacet
 facet normal -4.08487380e-01 9.12763953e-01 9.13292055e-08
  outer loop
   vertex 4.30314636e+01 1.25588379e+01 2.97069817e+01
   vertex 4.30314636e+01 1.25588379e+01 3.52260590e+01
   vertex 4.59030571e+01 1.38617096e+01 2.97069817e+01
  endloop
 endfacet
 facet normal -4.17816758e-01 9.08531308e-01 3.10591929e-07
  outer loop
   vertex 4.59030571e+01 1.38617096e+01 2.97069817e+01
   vertex 4.30314636e+01 1.25588379e+01 3.52260590e+01
   vertex 4.59030571e+01 1.38617096e+01 3.52260590e+01
  endloop
 endfacet
 facet normal -4.17817742e-01 9.08530831e-01 -3.65231756e-08
  outer loop
   vertex 4.59030609e+01 1.38617096e+01 2.41879082e+01
   vertex 4.30314598e+01 1.25588379e+01 2.41879082e+01
   vertex 4.59030571e+01 1.38617096e+01 2.97069817e+01
  endloop
 endfacet
 facet normal -4.08487707e-01 9.12763834e-01 1.82739541e-07
  outer loop
   vertex 4.59030571e+01 1.38617096e+01 2.97069817e+01
   vertex 4.30314598e+01 1.25588379e+01 2.41879082e+01
   vertex 4.30314636e+01 1.25588379e+01 2.97069817e+01
  endloop
 endfacet
 facet normal -9.06583786e-01 4.07966673e-01 -1.08023532e-01
  outer loop
   vertex 1.09102776e+02 1.09418869e+02 2.49919395e+01
   vertex 1.09397736e+02 1.10898979e+02 2.41814880e+01
   vertex 1.08948425e+02 1.08614113e+02 2.17763901e+01
  endloop
 endfacet
 facet normal -7.68334150e-01 6.04366183e-01 -2.10722998e-01
  outer loop
   vertex 1.08948425e+02 1.08614113e+02 2.17763901e+01
   vertex 1.09397736e+02 1.10898979e+02 2.41814880e+01
   vertex 1.09061066e+02 1.09186844e+02 2.05737305e+01
  endloop
 endfacet
 facet normal -8.05438831e-02 9.96751010e-01 -3.59527854e-04
  outer loop
   vertex 9.54242229e+00 4.31465149e+00 1.31497536e+01
   vertex 1.26777153e+01 4.58070374e+00 1.31497536e+01
   vertex 9.54442787e+00 4.31478882e+00 7.62299347e+00
  endloop
 endfacet
 facet normal -9.11934897e-02 9.95832980e-01 -6.77859236e-04
  outer loop
   vertex 9.54442787e+00 4.31478882e+00 7.62299347e+00
   vertex 1.26777153e+01 4.58070374e+00 1.31497536e+01
   vertex 1.26777172e+01 4.58070374e+00 7.62195587e+00
  endloop
 endfacet
 facet normal -5.09669073e-02 9.98699903e-01 -9.57736920e-04
  outer loop
   vertex 6.38404179e+00 4.14186096e+00 7.62401962e+00
   vertex 6.38404274e+00 4.14186096e+00 1.31497536e+01
   vertex 9.54442787e+00 4.31478882e+00 7.62299347e+00
  endloop
 endfacet
 facet normal -6.05714619e-02 9.98163819e-01 -3.59020371e-04
  outer loop
   vertex 9.54442787e+00 4.31478882e+00 7.62299347e+00
   vertex 6.38404274e+00 4.14186096e+00 1.31497536e+01
   vertex 9.54242229e+00 4.31465149e+00 1.31497536e+01
  endloop
 endfacet
 facet normal -2.88037024e-02 9.83362794e-01 1.79354161e-01
  outer loop
   vertex 3.19021034e+00 4.05038452e+00 2.97069817e+01
   vertex 6.38404942e+00 4.14186096e+00 2.97069817e+01
   vertex 3.19021034e+00 4.05038452e+00 2.73581657e+01
  endloop
 endfacet
 facet normal 3.83708328e-02 9.63603497e-01 2.64567465e-01
  outer loop
   vertex 3.19021034e+00 4.05038452e+00 2.73581657e+01
   vertex 6.38404942e+00 4.14186096e+00 2.97069817e+01
   vertex 4.83428764e+00 4.09747314e+00 2.73336906e+01
  endloop
 endfacet
 facet normal 2.88765077e-02 9.96010363e-01 8.44361410e-02
  outer loop
   vertex 6.38404942e+00 4.14186096e+00 2.97069817e+01
   vertex 6.38405132e+00 4.14186096e+00 2.41879082e+01
   vertex 4.83428764e+00 4.09747314e+00 2.73336906e+01
  endloop
 endfacet
 facet normal 2.93760747e-01 9.51714277e-01 8.91321525e-02
  outer loop
   vertex 4.83428764e+00 4.09747314e+00 2.73336906e+01
   vertex 6.38405132e+00 4.14186096e+00 2.41879082e+01
   vertex 4.83379078e+00 4.09745789e+00 2.54633255e+01
  endloop
 endfacet
 facet normal -3.21915261e-02 9.60554481e-01 -2.76222408e-01
  outer loop
   vertex 3.19021034e+00 4.05038452e+00 2.41879082e+01
   vertex 3.19021034e+00 4.05038452e+00 2.42761536e+01
   vertex 6.38405132e+00 4.14186096e+00 2.41879082e+01
  endloop
 endfacet
 facet normal 9.29155424e-02 9.16648984e-01 -3.88743341e-01
  outer loop
   vertex 3.19021034e+00 4.05038452e+00 2.42761536e+01
   vertex 4.83347416e+00 4.09744263e+00 2.42681351e+01
   vertex 6.38405132e+00 4.14186096e+00 2.41879082e+01
  endloop
 endfacet
 facet normal 3.47752064e-01 9.30769026e-01 -1.12860583e-01
  outer loop
   vertex 4.83347416e+00 4.09744263e+00 2.42681351e+01
   vertex 4.83379078e+00 4.09745789e+00 2.54633255e+01
   vertex 6.38405132e+00 4.14186096e+00 2.41879082e+01
  endloop
 endfacet
 facet normal 9.77153406e-02 9.16814625e-01 3.87172580e-01
  outer loop
   vertex 3.19021034e+00 4.05038452e+00 3.39493179e+01
   vertex 3.19021034e+00 4.05038452e+00 3.52260590e+01
   vertex 4.83605957e+00 4.09751892e+00 3.39561043e+01
  endloop
 endfacet
 facet normal 8.54950249e-02 9.90447521e-01 1.08186230e-01
  outer loop
   vertex 3.19021034e+00 4.05038452e+00 3.52260590e+01
   vertex 6.38404179e+00 4.14186096e+00 3.52260590e+01
   vertex 4.83605957e+00 4.09751892e+00 3.39561043e+01
  endloop
 endfacet
 facet normal 8.03517029e-02 9.90870893e-01 1.08251892e-01
  outer loop
   vertex 6.38404179e+00 4.14186096e+00 3.52260590e+01
   vertex 6.38404942e+00 4.14186096e+00 2.97069817e+01
   vertex 4.83605957e+00 4.09751892e+00 3.39561043e+01
  endloop
 endfacet
 facet normal 3.47047895e-01 9.31059062e-01 1.12635568e-01
  outer loop
   vertex 4.83605957e+00 4.09751892e+00 3.39561043e+01
   vertex 6.38404942e+00 4.14186096e+00 2.97069817e+01
   vertex 4.83576584e+00 4.09751892e+00 3.28546066e+01
  endloop
 endfacet
 facet normal 2.94266224e-01 9.51498449e-01 -8.97665620e-02
  outer loop
   vertex 4.83576584e+00 4.09751892e+00 3.28546066e+01
   vertex 6.38404942e+00 4.14186096e+00 2.97069817e+01
   vertex 4.83523941e+00 4.09750366e+00 3.08894920e+01
  endloop
 endfacet
 facet normal 3.44706997e-02 9.95793581e-01 -8.48936215e-02
  outer loop
   vertex 6.38404942e+00 4.14186096e+00 2.97069817e+01
   vertex 3.19021034e+00 4.05038452e+00 2.97069817e+01
   vertex 4.83523941e+00 4.09750366e+00 3.08894920e+01
  endloop
 endfacet
 facet normal 4.39660922e-02 9.62916374e-01 -2.66193569e-01
  outer loop
   vertex 3.19021034e+00 4.05038452e+00 3.08663368e+01
   vertex 4.83523941e+00 4.09750366e+00 3.08894920e+01
   vertex 3.19021034e+00 4.05038452e+00 2.97069817e+01
  endloop
 endfacet
 facet normal -3.81731898e-01 6.64905906e-01 6.42013133e-01
  outer loop
   vertex 1.09801114e+00 3.99951172e+00 3.39420891e+01
   vertex 1.09801400e+00 3.99951172e+00 3.52260590e+01
   vertex 3.19021034e+00 4.05038452e+00 3.39493179e+01
  endloop
 endfacet
 facet normal -2.51354635e-01 9.24184501e-01 2.87582755e-01
  outer loop
   vertex 3.19021034e+00 4.05038452e+00 3.39493179e+01
   vertex 1.09801400e+00 3.99951172e+00 3.52260590e+01
   vertex 3.19021034e+00 4.05038452e+00 3.52260590e+01
  endloop
 endfacet
 facet normal -3.83370817e-01 6.62075639e-01 -6.43958628e-01
  outer loop
   vertex 1.09800148e+00 3.99951172e+00 2.42848969e+01
   vertex 3.19021034e+00 4.05038452e+00 2.42761536e+01
   vertex 1.09800148e+00 3.99951172e+00 2.41879082e+01
  endloop
 endfacet
 facet normal -2.51724660e-01 9.23724353e-01 -2.88735271e-01
  outer loop
   vertex 1.09800148e+00 3.99951172e+00 2.41879082e+01
   vertex 3.19021034e+00 4.05038452e+00 2.42761536e+01
   vertex 3.19021034e+00 4.05038452e+00 2.41879082e+01
  endloop
 endfacet
 facet normal -3.65795344e-02 9.99330759e-01 6.73401317e-08
  outer loop
   vertex 6.38405132e+00 4.14186096e+00 1.86688309e+01
   vertex 6.38404274e+00 4.14186096e+00 1.31497536e+01
   vertex 3.19021034e+00 4.05038452e+00 1.86688309e+01
  endloop
 endfacet
 facet normal -3.15255970e-02 9.99502957e-01 -8.74737225e-07
  outer loop
   vertex 3.19021034e+00 4.05038452e+00 1.86688309e+01
   vertex 6.38404274e+00 4.14186096e+00 1.31497536e+01
   vertex 3.19021034e+00 4.05038452e+00 1.31497536e+01
  endloop
 endfacet
 facet normal -3.15241516e-02 9.99503016e-01 5.81782658e-08
  outer loop
   vertex 3.19021034e+00 4.05038452e+00 2.41879082e+01
   vertex 6.38405132e+00 4.14186096e+00 2.41879082e+01
   vertex 3.19021034e+00 4.05038452e+00 1.86688309e+01
  endloop
 endfacet
 facet normal -3.65777090e-02 9.99330819e-01 6.60709389e-08
  outer loop
   vertex 3.19021034e+00 4.05038452e+00 1.86688309e+01
   vertex 6.38405132e+00 4.14186096e+00 2.41879082e+01
   vertex 6.38405132e+00 4.14186096e+00 1.86688309e+01
  endloop
 endfacet
 facet normal -4.39487964e-01 8.98248494e-01 -3.50409863e-07
  outer loop
   vertex 1.09801412e+00 3.99951172e+00 1.86688309e+01
   vertex 1.09800148e+00 3.99951172e+00 2.41879082e+01
   vertex 3.19021034e+00 4.05038452e+00 1.86688309e+01
  endloop
 endfacet
 facet normal -2.33598515e-01 9.72333133e-01 -1.16410249e-07
  outer loop
   vertex 3.19021034e+00 4.05038452e+00 1.86688309e+01
   vertex 1.09800148e+00 3.99951172e+00 2.41879082e+01
   vertex 3.19021034e+00 4.05038452e+00 2.41879082e+01
  endloop
 endfacet
 facet normal -2.33597279e-01 9.72333431e-01 -1.46271805e-06
  outer loop
   vertex 3.19021034e+00 4.05038452e+00 1.31497536e+01
   vertex 1.09802663e+00 3.99951172e+00 1.31497536e+01
   vertex 3.19021034e+00 4.05038452e+00 1.86688309e+01
  endloop
 endfacet
 facet normal -4.39487129e-01 8.98248911e-01 -7.18852675e-07
  outer loop
   vertex 3.19021034e+00 4.05038452e+00 1.86688309e+01
   vertex 1.09802663e+00 3.99951172e+00 1.31497536e+01
   vertex 1.09801412e+00 3.99951172e+00 1.86688309e+01
  endloop
 endfacet
 facet normal 9.77091491e-02 9.16816533e-01 3.87169659e-01
  outer loop
   vertex 3.19181824e+00 4.05041504e+00 1.17842093e+01
   vertex 3.19021034e+00 4.05038452e+00 1.31497536e+01
   vertex 4.83605957e+00 4.09751892e+00 1.17909889e+01
  endloop
 endfacet
 facet normal 8.54910836e-02 9.90447938e-01 1.08185634e-01
  outer loop
   vertex 3.19021034e+00 4.05038452e+00 1.31497536e+01
   vertex 6.38404274e+00 4.14186096e+00 1.31497536e+01
   vertex 4.83605957e+00 4.09751892e+00 1.17909889e+01
  endloop
 endfacet
 facet normal 8.06412250e-02 9.90913987e-01 1.07640244e-01
  outer loop
   vertex 6.38404274e+00 4.14186096e+00 1.31497536e+01
   vertex 6.38404179e+00 4.14186096e+00 7.62401962e+00
   vertex 4.83605957e+00 4.09751892e+00 1.17909889e+01
  endloop
 endfacet
 facet normal 3.47340554e-01 9.31028128e-01 1.11987479e-01
  outer loop
   vertex 4.83605957e+00 4.09751892e+00 1.17909889e+01
   vertex 6.38404179e+00 4.14186096e+00 7.62401962e+00
   vertex 4.83576584e+00 4.09750366e+00 1.06895227e+01
  endloop
 endfacet
 facet normal 2.94521779e-01 9.51359570e-01 -9.03984308e-02
  outer loop
   vertex 4.83576584e+00 4.09750366e+00 1.06895227e+01
   vertex 6.38404179e+00 4.14186096e+00 7.62401962e+00
   vertex 4.83523941e+00 4.09748840e+00 8.72436810e+00
  endloop
 endfacet
 facet normal 3.47456709e-02 9.95732367e-01 -8.54975805e-02
  outer loop
   vertex 6.38404179e+00 4.14186096e+00 7.62401962e+00
   vertex 3.19671297e+00 4.05052185e+00 7.62734604e+00
   vertex 4.83523941e+00 4.09748840e+00 8.72436810e+00
  endloop
 endfacet
 facet normal 4.39543203e-02 9.62915838e-01 -2.66197503e-01
  outer loop
   vertex 3.19671297e+00 4.05052185e+00 7.62734604e+00
   vertex 3.19544840e+00 4.05049133e+00 8.70127392e+00
   vertex 4.83523941e+00 4.09748840e+00 8.72436810e+00
  endloop
 endfacet
 facet normal -3.81735176e-01 6.64907098e-01 6.42010033e-01
  outer loop
   vertex 1.09802663e+00 3.99951172e+00 1.17769747e+01
   vertex 1.09802663e+00 3.99951172e+00 1.31497536e+01
   vertex 3.19181824e+00 4.05041504e+00 1.17842093e+01
  endloop
 endfacet
 facet normal -2.51357913e-01 9.24184978e-01 2.87578404e-01
  outer loop
   vertex 3.19181824e+00 4.05041504e+00 1.17842093e+01
   vertex 1.09802663e+00 3.99951172e+00 1.31497536e+01
   vertex 3.19021034e+00 4.05038452e+00 1.31497536e+01
  endloop
 endfacet
 facet normal -3.02639723e-01 5.42754292e-01 -7.83471107e-01
  outer loop
   vertex 1.09802663e+00 3.99951172e+00 2.11978388e+00
   vertex 3.20145488e+00 4.05059814e+00 2.11100245e+00
   vertex 1.09802663e+00 3.99951172e+00 6.81571960e-02
  endloop
 endfacet
 facet normal -1.83512062e-01 6.86212182e-01 -7.03872263e-01
  outer loop
   vertex 1.09802663e+00 3.99951172e+00 6.81571960e-02
   vertex 3.20145488e+00 4.05059814e+00 2.11100245e+00
   vertex 3.20321655e+00 4.05062866e+00 6.15005493e-02
  endloop
 endfacet
 facet normal -9.39968944e-01 3.41260046e-01 1.51549904e-16
  outer loop
   vertex 9.91694107e+01 7.33940430e+01 3.52260590e+01
   vertex 1.00252342e+02 7.64089127e+01 3.52260590e+01
   vertex 9.91694107e+01 7.33940430e+01 2.97069817e+01
  endloop
 endfacet
 facet normal -9.41989183e-01 3.35643172e-01 1.49055511e-16
  outer loop
   vertex 9.91694107e+01 7.33940430e+01 2.97069817e+01
   vertex 1.00252342e+02 7.64089127e+01 3.52260590e+01
   vertex 1.00252342e+02 7.64089127e+01 2.97069817e+01
  endloop
 endfacet
 facet normal -9.33298528e-01 3.59101474e-01 1.59473090e-16
  outer loop
   vertex 9.80323639e+01 7.04059677e+01 2.97069817e+01
   vertex 9.80323639e+01 7.04059677e+01 3.52260590e+01
   vertex 9.91694107e+01 7.33940430e+01 2.97069817e+01
  endloop
 endfacet
 facet normal -9.35626924e-01 3.52990389e-01 1.56759223e-16
  outer loop
   vertex 9.91694107e+01 7.33940430e+01 2.97069817e+01
   vertex 9.80323639e+01 7.04059677e+01 3.52260590e+01
   vertex 9.91694107e+01 7.33940430e+01 3.52260590e+01
  endloop
 endfacet
 facet normal -9.35626924e-01 3.52990478e-01 1.56759263e-16
  outer loop
   vertex 9.91694107e+01 7.33940430e+01 2.41879082e+01
   vertex 9.80323639e+01 7.04059677e+01 2.41879082e+01
   vertex 9.91694107e+01 7.33940430e+01 2.97069817e+01
  endloop
 endfacet
 facet normal -9.33298469e-01 3.59101593e-01 1.59473143e-16
  outer loop
   vertex 9.91694107e+01 7.33940430e+01 2.97069817e+01
   vertex 9.80323639e+01 7.04059677e+01 2.41879082e+01
   vertex 9.80323639e+01 7.04059677e+01 2.97069817e+01
  endloop
 endfacet
 facet normal -9.41989243e-01 3.35643142e-01 1.49055498e-16
  outer loop
   vertex 1.00252342e+02 7.64089127e+01 2.97069817e+01
   vertex 1.00252342e+02 7.64089279e+01 2.41879082e+01
   vertex 9.91694107e+01 7.33940430e+01 2.97069817e+01
  endloop
 endfacet
 facet normal -9.39968944e-01 3.41259986e-01 1.51549878e-16
  outer loop
   vertex 9.91694107e+01 7.33940430e+01 2.97069817e+01
   vertex 1.00252342e+02 7.64089279e+01 2.41879082e+01
   vertex 9.91694107e+01 7.33940430e+01 2.41879082e+01
  endloop
 endfacet
 facet normal -9.35626864e-01 3.52990627e-01 -1.86318985e-07
  outer loop
   vertex 9.91694107e+01 7.33940430e+01 1.31497536e+01
   vertex 9.80323639e+01 7.04059677e+01 1.31497536e+01
   vertex 9.91694107e+01 7.33940430e+01 1.86688347e+01
  endloop
 endfacet
 facet normal -9.33298409e-01 3.59101802e-01 4.75035788e-09
  outer loop
   vertex 9.91694107e+01 7.33940430e+01 1.86688347e+01
   vertex 9.80323639e+01 7.04059677e+01 1.31497536e+01
   vertex 9.80323639e+01 7.04059677e+01 1.86688309e+01
  endloop
 endfacet
 facet normal -9.41989303e-01 3.35642964e-01 -1.90576415e-07
  outer loop
   vertex 1.00252342e+02 7.64089279e+01 1.86688309e+01
   vertex 1.00252342e+02 7.64089127e+01 1.31497536e+01
   vertex 9.91694107e+01 7.33940430e+01 1.86688347e+01
  endloop
 endfacet
 facet normal -9.39969003e-01 3.41259807e-01 -3.81644384e-07
  outer loop
   vertex 9.91694107e+01 7.33940430e+01 1.86688347e+01
   vertex 1.00252342e+02 7.64089127e+01 1.31497536e+01
   vertex 9.91694107e+01 7.33940430e+01 1.31497536e+01
  endloop
 endfacet
 facet normal -9.39969003e-01 3.41259837e-01 1.51549811e-16
  outer loop
   vertex 9.91694107e+01 7.33940430e+01 2.41879082e+01
   vertex 1.00252342e+02 7.64089279e+01 2.41879082e+01
   vertex 9.91694107e+01 7.33940430e+01 1.86688347e+01
  endloop
 endfacet
 facet normal -9.41989243e-01 3.35642993e-01 1.49055432e-16
  outer loop
   vertex 9.91694107e+01 7.33940430e+01 1.86688347e+01
   vertex 1.00252342e+02 7.64089279e+01 2.41879082e+01
   vertex 1.00252342e+02 7.64089279e+01 1.86688309e+01
  endloop
 endfacet
 facet normal -9.33298528e-01 3.59101444e-01 1.59473077e-16
  outer loop
   vertex 9.80323639e+01 7.04059677e+01 1.86688309e+01
   vertex 9.80323639e+01 7.04059677e+01 2.41879082e+01
   vertex 9.91694107e+01 7.33940430e+01 1.86688347e+01
  endloop
 endfacet
 facet normal -9.35626984e-01 3.52990329e-01 1.56759196e-16
  outer loop
   vertex 9.91694107e+01 7.33940430e+01 1.86688347e+01
   vertex 9.80323639e+01 7.04059677e+01 2.41879082e+01
   vertex 9.91694107e+01 7.33940430e+01 2.41879082e+01
  endloop
 endfacet
 facet normal -4.36333388e-01 8.99785042e-01 -3.28133956e-06
  outer loop
   vertex 4.59030609e+01 1.38617096e+01 1.31497536e+01
   vertex 4.87330093e+01 1.52519531e+01 1.31497536e+01
   vertex 4.59030495e+01 1.38617096e+01 7.62281036e+00
  endloop
 endfacet
 facet normal -4.45520580e-01 8.95271659e-01 -2.89817690e-04
  outer loop
   vertex 4.59030495e+01 1.38617096e+01 7.62281036e+00
   vertex 4.87330093e+01 1.52519531e+01 1.31497536e+01
   vertex 4.87330093e+01 1.52519531e+01 7.62281418e+00
  endloop
 endfacet
 facet normal -4.08488452e-01 9.12763417e-01 -2.90967902e-04
  outer loop
   vertex 4.30314674e+01 1.25588379e+01 7.62279510e+00
   vertex 4.30314636e+01 1.25588379e+01 1.31497536e+01
   vertex 4.59030495e+01 1.38617096e+01 7.62281036e+00
  endloop
 endfacet
 facet normal -4.17816967e-01 9.08531249e-01 -3.51958397e-06
  outer loop
   vertex 4.59030495e+01 1.38617096e+01 7.62281036e+00
   vertex 4.30314636e+01 1.25588379e+01 1.31497536e+01
   vertex 4.59030609e+01 1.38617096e+01 1.31497536e+01
  endloop
 endfacet
 facet normal -6.02010965e-01 7.98487842e-01 1.09781048e-07
  outer loop
   vertex 6.46880341e+01 2.53431702e+01 2.97069817e+01
   vertex 6.46880341e+01 2.53431396e+01 2.41879082e+01
   vertex 6.21627693e+01 2.34598541e+01 2.97069817e+01
  endloop
 endfacet
 facet normal -5.93727410e-01 8.04666221e-01 1.09738551e-07
  outer loop
   vertex 6.21627693e+01 2.34598541e+01 2.97069817e+01
   vertex 6.46880341e+01 2.53431396e+01 2.41879082e+01
   vertex 6.21627693e+01 2.34598541e+01 2.41879082e+01
  endloop
 endfacet
 facet normal -5.93727291e-01 8.04666340e-01 4.02372734e-07
  outer loop
   vertex 6.21627693e+01 2.34598541e+01 3.52260590e+01
   vertex 6.46880341e+01 2.53431396e+01 3.52260590e+01
   vertex 6.21627693e+01 2.34598541e+01 2.97069817e+01
  endloop
 endfacet
 facet normal -6.02011025e-01 7.98487782e-01 2.92663998e-07
  outer loop
   vertex 6.21627693e+01 2.34598541e+01 2.97069817e+01
   vertex 6.46880341e+01 2.53431396e+01 3.52260590e+01
   vertex 6.46880341e+01 2.53431702e+01 2.97069817e+01
  endloop
 endfacet
 facet normal -5.68601608e-01 8.22613001e-01 -2.55937096e-07
  outer loop
   vertex 5.95797615e+01 2.16549072e+01 2.97069817e+01
   vertex 5.95797539e+01 2.16549072e+01 3.52260590e+01
   vertex 6.21627693e+01 2.34598541e+01 2.97069817e+01
  endloop
 endfacet
 facet normal -5.77022016e-01 8.16728592e-01 3.66324961e-08
  outer loop
   vertex 6.21627693e+01 2.34598541e+01 2.97069817e+01
   vertex 5.95797539e+01 2.16549072e+01 3.52260590e+01
   vertex 6.21627693e+01 2.34598541e+01 3.52260590e+01
  endloop
 endfacet
 facet normal -5.77022433e-01 8.16728294e-01 2.19379558e-07
  outer loop
   vertex 6.21627693e+01 2.34598541e+01 2.41879082e+01
   vertex 5.95797615e+01 2.16549072e+01 2.41879082e+01
   vertex 6.21627693e+01 2.34598541e+01 2.97069817e+01
  endloop
 endfacet
 facet normal -5.68601847e-01 8.22612882e-01 3.65610617e-08
  outer loop
   vertex 6.21627693e+01 2.34598541e+01 2.97069817e+01
   vertex 5.95797615e+01 2.16549072e+01 2.41879082e+01
   vertex 5.95797615e+01 2.16549072e+01 2.97069817e+01
  endloop
 endfacet
 facet normal -6.26508474e-01 7.79414594e-01 3.65640354e-08
  outer loop
   vertex 6.71528091e+01 2.73035278e+01 3.52260590e+01
   vertex 6.46880341e+01 2.53431396e+01 3.52260590e+01
   vertex 6.71528015e+01 2.73035278e+01 4.07451363e+01
  endloop
 endfacet
 facet normal -6.18401945e-01 7.85861969e-01 -1.09797284e-07
  outer loop
   vertex 6.71528015e+01 2.73035278e+01 4.07451363e+01
   vertex 6.46880341e+01 2.53431396e+01 3.52260590e+01
   vertex 6.46880188e+01 2.53431396e+01 4.07451363e+01
  endloop
 endfacet
 facet normal -6.50382280e-01 7.59607077e-01 -3.65826168e-07
  outer loop
   vertex 6.95560150e+01 2.93398285e+01 4.07451363e+01
   vertex 6.95560150e+01 2.93398285e+01 3.52260590e+01
   vertex 6.71528015e+01 2.73035278e+01 4.07451363e+01
  endloop
 endfacet
 facet normal -6.42498672e-01 7.66286790e-01 -2.92652004e-07
  outer loop
   vertex 6.71528015e+01 2.73035278e+01 4.07451363e+01
   vertex 6.95560150e+01 2.93398285e+01 3.52260590e+01
   vertex 6.71528091e+01 2.73035278e+01 3.52260590e+01
  endloop
 endfacet
 facet normal -6.42498076e-01 7.66287327e-01 -9.92542439e-08
  outer loop
   vertex 6.71528015e+01 2.73035278e+01 4.62642174e+01
   vertex 6.95560150e+01 2.93398285e+01 4.62642174e+01
   vertex 6.71528015e+01 2.73035278e+01 4.07451363e+01
  endloop
 endfacet
 facet normal -6.50381744e-01 7.59607494e-01 -3.71539848e-08
  outer loop
   vertex 6.71528015e+01 2.73035278e+01 4.07451363e+01
   vertex 6.95560150e+01 2.93398285e+01 4.62642174e+01
   vertex 6.95560150e+01 2.93398285e+01 4.07451363e+01
  endloop
 endfacet
 facet normal -6.18402481e-01 7.85861552e-01 -5.74163209e-07
  outer loop
   vertex 6.46880188e+01 2.53431396e+01 4.07451363e+01
   vertex 6.46880264e+01 2.53431396e+01 4.62642174e+01
   vertex 6.71528015e+01 2.73035278e+01 4.07451363e+01
  endloop
 endfacet
 facet normal -6.26508832e-01 7.79414296e-01 -5.63076412e-07
  outer loop
   vertex 6.71528015e+01 2.73035278e+01 4.07451363e+01
   vertex 6.46880264e+01 2.53431396e+01 4.62642174e+01
   vertex 6.71528015e+01 2.73035278e+01 4.62642174e+01
  endloop
 endfacet
 facet normal -6.26508653e-01 7.79414475e-01 -2.44307557e-07
  outer loop
   vertex 6.71528091e+01 2.73035278e+01 1.31497536e+01
   vertex 6.46880264e+01 2.53431396e+01 1.31497536e+01
   vertex 6.71528015e+01 2.73035278e+01 1.86688309e+01
  endloop
 endfacet
 facet normal -6.18402362e-01 7.85861671e-01 -2.54761545e-07
  outer loop
   vertex 6.71528015e+01 2.73035278e+01 1.86688309e+01
   vertex 6.46880264e+01 2.53431396e+01 1.31497536e+01
   vertex 6.46880341e+01 2.53431702e+01 1.86688309e+01
  endloop
 endfacet
 facet normal -6.50381744e-01 7.59607494e-01 -5.73872455e-07
  outer loop
   vertex 6.95560150e+01 2.93398285e+01 1.86688309e+01
   vertex 6.95560150e+01 2.93398285e+01 1.31497536e+01
   vertex 6.71528015e+01 2.73035278e+01 1.86688309e+01
  endloop
 endfacet
 facet normal -6.42497897e-01 7.66287446e-01 -4.17099074e-07
  outer loop
   vertex 6.71528015e+01 2.73035278e+01 1.86688309e+01
   vertex 6.95560150e+01 2.93398285e+01 1.31497536e+01
   vertex 6.71528091e+01 2.73035278e+01 1.31497536e+01
  endloop
 endfacet
 facet normal -6.42498255e-01 7.66287148e-01 7.31740997e-08
  outer loop
   vertex 6.71528015e+01 2.73035278e+01 2.41879082e+01
   vertex 6.95560074e+01 2.93398285e+01 2.41879082e+01
   vertex 6.71528015e+01 2.73035278e+01 1.86688309e+01
  endloop
 endfacet
 facet normal -6.50382042e-01 7.59607255e-01 -2.19478679e-07
  outer loop
   vertex 6.71528015e+01 2.73035278e+01 1.86688309e+01
   vertex 6.95560074e+01 2.93398285e+01 2.41879082e+01
   vertex 6.95560150e+01 2.93398285e+01 1.86688309e+01
  endloop
 endfacet
 facet normal -6.18401766e-01 7.85862088e-01 -7.31459266e-08
  outer loop
   vertex 6.46880341e+01 2.53431702e+01 1.86688309e+01
   vertex 6.46880341e+01 2.53431396e+01 2.41879082e+01
   vertex 6.71528015e+01 2.73035278e+01 1.86688309e+01
  endloop
 endfacet
 facet normal -6.26508236e-01 7.79414833e-01 7.31875147e-08
  outer loop
   vertex 6.71528015e+01 2.73035278e+01 1.86688309e+01
   vertex 6.46880341e+01 2.53431396e+01 2.41879082e+01
   vertex 6.71528015e+01 2.73035278e+01 2.41879082e+01
  endloop
 endfacet
 facet normal -9.52407479e-01 3.04827809e-01 -3.60542759e-14
  outer loop
   vertex 1.02271912e+02 8.25056610e+01 4.07451363e+01
   vertex 1.02271912e+02 8.25056534e+01 3.52260590e+01
   vertex 1.01285362e+02 7.94466629e+01 4.07451363e+01
  endloop
 endfacet
 facet normal -9.50851738e-01 3.09646487e-01 -4.81153711e-14
  outer loop
   vertex 1.01285362e+02 7.94466629e+01 4.07451363e+01
   vertex 1.02271912e+02 8.25056534e+01 3.52260590e+01
   vertex 1.01285362e+02 7.94466629e+01 3.52260590e+01
  endloop
 endfacet
 facet normal -9.50851679e-01 3.09646785e-01 2.64562999e-07
  outer loop
   vertex 1.01285362e+02 7.94466629e+01 4.62642174e+01
   vertex 1.02271912e+02 8.25056534e+01 4.62642174e+01
   vertex 1.01285362e+02 7.94466629e+01 4.07451363e+01
  endloop
 endfacet
 facet normal -9.52407479e-01 3.04827869e-01 7.72550663e-08
  outer loop
   vertex 1.01285362e+02 7.94466629e+01 4.07451363e+01
   vertex 1.02271912e+02 8.25056534e+01 4.62642174e+01
   vertex 1.02271912e+02 8.25056610e+01 4.07451363e+01
  endloop
 endfacet
 facet normal -9.45769489e-01 3.24838489e-01 4.39408652e-08
  outer loop
   vertex 1.00252342e+02 7.64089279e+01 4.07451363e+01
   vertex 1.00252342e+02 7.64089279e+01 4.62642174e+01
   vertex 1.01285362e+02 7.94466629e+01 4.07451363e+01
  endloop
 endfacet
 facet normal -9.47534740e-01 3.19652826e-01 2.31249615e-07
  outer loop
   vertex 1.01285362e+02 7.94466629e+01 4.07451363e+01
   vertex 1.00252342e+02 7.64089279e+01 4.62642174e+01
   vertex 1.01285362e+02 7.94466629e+01 4.62642174e+01
  endloop
 endfacet
 facet normal -9.47534800e-01 3.19652587e-01 -3.60479096e-14
  outer loop
   vertex 1.01285362e+02 7.94466629e+01 3.52260590e+01
   vertex 1.00252342e+02 7.64089127e+01 3.52260590e+01
   vertex 1.01285362e+02 7.94466629e+01 4.07451363e+01
  endloop
 endfacet
 facet normal -9.45769489e-01 3.24838519e-01 -2.39823183e-14
  outer loop
   vertex 1.01285362e+02 7.94466629e+01 4.07451363e+01
   vertex 1.00252342e+02 7.64089127e+01 3.52260590e+01
   vertex 1.00252342e+02 7.64089279e+01 4.07451363e+01
  endloop
 endfacet
 facet normal -9.76231098e-01 2.16732144e-01 -7.79151833e-06
  outer loop
   vertex 1.08037033e+02 1.04317558e+02 3.52259979e+01
   vertex 1.07331100e+02 1.01169815e+02 3.52260590e+01
   vertex 1.08036987e+02 1.04317421e+02 4.07451210e+01
  endloop
 endfacet
 facet normal -9.75308716e-01 2.20845968e-01 -1.72077205e-06
  outer loop
   vertex 1.08036987e+02 1.04317421e+02 4.07451210e+01
   vertex 1.07331100e+02 1.01169815e+02 3.52260590e+01
   vertex 1.07331100e+02 1.01169807e+02 4.07451363e+01
  endloop
 endfacet
 facet normal -9.78918254e-01 2.04252347e-01 -6.02996151e-05
  outer loop
   vertex 1.08702415e+02 1.07473053e+02 4.07450294e+01
   vertex 1.08703407e+02 1.07476791e+02 3.52338257e+01
   vertex 1.08036987e+02 1.04317421e+02 4.07451210e+01
  endloop
 endfacet
 facet normal -9.78030324e-01 2.08462730e-01 -5.34074570e-05
  outer loop
   vertex 1.08036987e+02 1.04317421e+02 4.07451210e+01
   vertex 1.08703407e+02 1.07476791e+02 3.52338257e+01
   vertex 1.08037033e+02 1.04317558e+02 3.52259979e+01
  endloop
 endfacet
 facet normal -9.78046358e-01 2.08387390e-01 -1.64518042e-06
  outer loop
   vertex 1.08036995e+02 1.04317390e+02 4.62642212e+01
   vertex 1.08702393e+02 1.07472916e+02 4.62642212e+01
   vertex 1.08036987e+02 1.04317421e+02 4.07451210e+01
  endloop
 endfacet
 facet normal -9.78931010e-01 2.04191372e-01 -1.47107849e-05
  outer loop
   vertex 1.08036987e+02 1.04317421e+02 4.07451210e+01
   vertex 1.08702393e+02 1.07472916e+02 4.62642212e+01
   vertex 1.08702415e+02 1.07473053e+02 4.07450294e+01
  endloop
 endfacet
 facet normal -9.75308657e-01 2.20846102e-01 -1.74701597e-06
  outer loop
   vertex 1.07331100e+02 1.01169807e+02 4.07451363e+01
   vertex 1.07331100e+02 1.01169807e+02 4.62642174e+01
   vertex 1.08036987e+02 1.04317421e+02 4.07451210e+01
  endloop
 endfacet
 facet normal -9.76234257e-01 2.16717884e-01 -1.64431208e-06
  outer loop
   vertex 1.08036987e+02 1.04317421e+02 4.07451210e+01
   vertex 1.07331100e+02 1.01169807e+02 4.62642174e+01
   vertex 1.08036995e+02 1.04317390e+02 4.62642212e+01
  endloop
 endfacet
 facet normal -6.35108650e-01 5.58084488e-01 -5.34021258e-01
  outer loop
   vertex 1.07195999e+02 1.00508217e+02 6.52961731e-02
   vertex 1.06503822e+02 9.76849670e+01 6.24694824e-02
   vertex 1.07278137e+02 1.00855827e+02 2.84658051e+00
  endloop
 endfacet
 facet normal -8.42974901e-01 4.26242143e-01 -3.28193426e-01
  outer loop
   vertex 1.07278137e+02 1.00855827e+02 2.84658051e+00
   vertex 1.06503822e+02 9.76849670e+01 6.24694824e-02
   vertex 1.06708344e+02 9.85293274e+01 6.81826782e+00
  endloop
 endfacet
 facet normal -9.01586950e-01 4.22374755e-01 -9.34909284e-02
  outer loop
   vertex 1.07273979e+02 1.00885162e+02 8.37752914e+00
   vertex 1.07353889e+02 1.01176231e+02 3.58542633e+00
   vertex 1.06708344e+02 9.85293274e+01 6.81826782e+00
  endloop
 endfacet
 facet normal -7.79899120e-01 6.05188549e-01 -1.59700394e-01
  outer loop
   vertex 1.06708344e+02 9.85293274e+01 6.81826782e+00
   vertex 1.07353889e+02 1.01176231e+02 3.58542633e+00
   vertex 1.07278137e+02 1.00855827e+02 2.84658051e+00
  endloop
 endfacet
 facet normal -9.72947359e-01 2.31025904e-01 -7.20335578e-04
  outer loop
   vertex 1.07297874e+02 1.01006752e+02 1.33126984e+01
   vertex 1.07273979e+02 1.00885162e+02 8.37752914e+00
   vertex 1.06616707e+02 9.81574936e+01 1.29468307e+01
  endloop
 endfacet
 facet normal -9.72062528e-01 2.34720856e-01 -7.64814438e-04
  outer loop
   vertex 1.06616707e+02 9.81574936e+01 1.29468307e+01
   vertex 1.07273979e+02 1.00885162e+02 8.37752914e+00
   vertex 1.06708344e+02 9.85293274e+01 6.81826782e+00
  endloop
 endfacet
 facet normal -9.69452620e-01 2.45278493e-01 -2.81954912e-04
  outer loop
   vertex 1.05808533e+02 9.49321213e+01 1.30995903e+01
   vertex 1.06616707e+02 9.81574936e+01 1.29468307e+01
   vertex 1.05831406e+02 9.50249176e+01 7.42520905e+00
  endloop
 endfacet
 facet normal -9.70351100e-01 2.41698712e-01 -6.78720884e-04
  outer loop
   vertex 1.05831406e+02 9.50249176e+01 7.42520905e+00
   vertex 1.06616707e+02 9.81574936e+01 1.29468307e+01
   vertex 1.06708344e+02 9.85293274e+01 6.81826782e+00
  endloop
 endfacet
 facet normal -9.59368885e-01 2.82154828e-01 3.48445646e-08
  outer loop
   vertex 1.03215530e+02 8.55843201e+01 3.52260590e+01
   vertex 1.04117409e+02 8.86784592e+01 3.52260590e+01
   vertex 1.03215530e+02 8.55843201e+01 2.97069817e+01
  endloop
 endfacet
 facet normal -9.60622728e-01 2.77856082e-01 -3.48446001e-08
  outer loop
   vertex 1.03215530e+02 8.55843201e+01 2.97069817e+01
   vertex 1.04117409e+02 8.86784592e+01 3.52260590e+01
   vertex 1.04117409e+02 8.86784592e+01 2.97069817e+01
  endloop
 endfacet
 facet normal -9.55345809e-01 2.95489967e-01 -1.19319481e-14
  outer loop
   vertex 1.02271912e+02 8.25056610e+01 2.97069817e+01
   vertex 1.02271912e+02 8.25056534e+01 3.52260590e+01
   vertex 1.03215530e+02 8.55843201e+01 2.97069817e+01
  endloop
 endfacet
 facet normal -9.56731558e-01 2.90972114e-01 1.29182226e-16
  outer loop
   vertex 1.03215530e+02 8.55843201e+01 2.97069817e+01
   vertex 1.02271912e+02 8.25056534e+01 3.52260590e+01
   vertex 1.03215530e+02 8.55843201e+01 3.52260590e+01
  endloop
 endfacet
 facet normal -9.56731558e-01 2.90971965e-01 -1.71550553e-07
  outer loop
   vertex 1.03215530e+02 8.55843201e+01 2.41879082e+01
   vertex 1.02271912e+02 8.25056534e+01 2.41879082e+01
   vertex 1.03215530e+02 8.55843201e+01 2.97069817e+01
  endloop
 endfacet
 facet normal -9.55345869e-01 2.95489937e-01 -1.43369434e-07
  outer loop
   vertex 1.03215530e+02 8.55843201e+01 2.97069817e+01
   vertex 1.02271912e+02 8.25056534e+01 2.41879082e+01
   vertex 1.02271912e+02 8.25056610e+01 2.97069817e+01
  endloop
 endfacet
 facet normal -9.60622728e-01 2.77856022e-01 -2.45832190e-08
  outer loop
   vertex 1.04117409e+02 8.86784592e+01 2.97069817e+01
   vertex 1.04117409e+02 8.86784592e+01 2.41879082e+01
   vertex 1.03215530e+02 8.55843201e+01 2.97069817e+01
  endloop
 endfacet
 facet normal -9.59368944e-01 2.82154649e-01 1.69248846e-08
  outer loop
   vertex 1.03215530e+02 8.55843201e+01 2.97069817e+01
   vertex 1.04117409e+02 8.86784592e+01 2.41879082e+01
   vertex 1.03215530e+02 8.55843201e+01 2.41879082e+01
  endloop
 endfacet
 facet normal -9.52407539e-01 3.04827541e-01 -1.43369945e-07
  outer loop
   vertex 1.02271912e+02 8.25056610e+01 2.97069817e+01
   vertex 1.02271912e+02 8.25056534e+01 2.41879082e+01
   vertex 1.01285362e+02 7.94466629e+01 2.97069817e+01
  endloop
 endfacet
 facet normal -9.50851798e-01 3.09646428e-01 -2.86740686e-07
  outer loop
   vertex 1.01285362e+02 7.94466629e+01 2.97069817e+01
   vertex 1.02271912e+02 8.25056534e+01 2.41879082e+01
   vertex 1.01285362e+02 7.94466629e+01 2.41879082e+01
  endloop
 endfacet
 facet normal -9.50851798e-01 3.09646338e-01 -4.81153711e-14
  outer loop
   vertex 1.01285362e+02 7.94466629e+01 3.52260590e+01
   vertex 1.02271912e+02 8.25056534e+01 3.52260590e+01
   vertex 1.01285362e+02 7.94466629e+01 2.97069817e+01
  endloop
 endfacet
 facet normal -9.52407539e-01 3.04827601e-01 -4.81174548e-14
  outer loop
   vertex 1.01285362e+02 7.94466629e+01 2.97069817e+01
   vertex 1.02271912e+02 8.25056534e+01 3.52260590e+01
   vertex 1.02271912e+02 8.25056610e+01 2.97069817e+01
  endloop
 endfacet
 facet normal -9.45769548e-01 3.24838400e-01 -2.39823183e-14
  outer loop
   vertex 1.00252342e+02 7.64089127e+01 2.97069817e+01
   vertex 1.00252342e+02 7.64089127e+01 3.52260590e+01
   vertex 1.01285362e+02 7.94466629e+01 2.97069817e+01
  endloop
 endfacet
 facet normal -9.47534859e-01 3.19652438e-01 -3.60479096e-14
  outer loop
   vertex 1.01285362e+02 7.94466629e+01 2.97069817e+01
   vertex 1.00252342e+02 7.64089127e+01 3.52260590e+01
   vertex 1.01285362e+02 7.94466629e+01 3.52260590e+01
  endloop
 endfacet
 facet normal -9.47534859e-01 3.19652528e-01 -1.43371409e-07
  outer loop
   vertex 1.01285362e+02 7.94466629e+01 2.41879082e+01
   vertex 1.00252342e+02 7.64089279e+01 2.41879082e+01
   vertex 1.01285362e+02 7.94466629e+01 2.97069817e+01
  endloop
 endfacet
 facet normal -9.45769548e-01 3.24838370e-01 -2.39823183e-14
  outer loop
   vertex 1.01285362e+02 7.94466629e+01 2.97069817e+01
   vertex 1.00252342e+02 7.64089279e+01 2.41879082e+01
   vertex 1.00252342e+02 7.64089127e+01 2.97069817e+01
  endloop
 endfacet
 facet normal -9.39904869e-01 3.41436386e-01 -2.33197381e-04
  outer loop
   vertex 9.91694107e+01 7.33940430e+01 1.31497536e+01
   vertex 1.00252342e+02 7.64089127e+01 1.31497536e+01
   vertex 9.91691208e+01 7.33932266e+01 7.62586975e+00
  endloop
 endfacet
 facet normal -9.41988826e-01 3.35643649e-01 -6.24308013e-04
  outer loop
   vertex 9.91691208e+01 7.33932266e+01 7.62586975e+00
   vertex 1.00252342e+02 7.64089127e+01 1.31497536e+01
   vertex 1.00252342e+02 7.64089127e+01 7.62630844e+00
  endloop
 endfacet
 facet normal -9.33311224e-01 3.59067738e-01 -7.03299360e-04
  outer loop
   vertex 9.80323639e+01 7.04059677e+01 7.62543106e+00
   vertex 9.80323639e+01 7.04059677e+01 1.31497536e+01
   vertex 9.91691208e+01 7.33932266e+01 7.62586975e+00
  endloop
 endfacet
 facet normal -9.35560465e-01 3.53166401e-01 -2.33003171e-04
  outer loop
   vertex 9.91691208e+01 7.33932266e+01 7.62586975e+00
   vertex 9.80323639e+01 7.04059677e+01 1.31497536e+01
   vertex 9.91694107e+01 7.33940430e+01 1.31497536e+01
  endloop
 endfacet
 facet normal -9.50802267e-01 3.09798419e-01 -1.98375667e-04
  outer loop
   vertex 1.01285362e+02 7.94466629e+01 1.31497536e+01
   vertex 1.02271912e+02 8.25056610e+01 1.31497536e+01
   vertex 1.01285172e+02 7.94460678e+01 7.62662506e+00
  endloop
 endfacet
 facet normal -9.52407360e-01 3.04827750e-01 -5.32123202e-04
  outer loop
   vertex 1.01285172e+02 7.94460678e+01 7.62662506e+00
   vertex 1.02271912e+02 8.25056610e+01 1.31497536e+01
   vertex 1.02271912e+02 8.25056686e+01 7.62694168e+00
  endloop
 endfacet
 facet normal -9.45778191e-01 3.24812621e-01 -5.89830917e-04
  outer loop
   vertex 1.00252342e+02 7.64089127e+01 7.62630844e+00
   vertex 1.00252342e+02 7.64089127e+01 1.31497536e+01
   vertex 1.01285172e+02 7.94460678e+01 7.62662506e+00
  endloop
 endfacet
 facet normal -9.47483718e-01 3.19804013e-01 -1.98536887e-04
  outer loop
   vertex 1.01285172e+02 7.94460678e+01 7.62662506e+00
   vertex 1.00252342e+02 7.64089127e+01 1.31497536e+01
   vertex 1.01285362e+02 7.94466629e+01 1.31497536e+01
  endloop
 endfacet
 facet normal -9.66373682e-01 2.57141799e-01 1.14155352e-08
  outer loop
   vertex 1.04978783e+02 9.17842255e+01 4.62642174e+01
   vertex 1.05801079e+02 9.49018478e+01 4.62642174e+01
   vertex 1.04978783e+02 9.17842178e+01 4.07451363e+01
  endloop
 endfacet
 facet normal -9.67433155e-01 2.53126621e-01 3.30007701e-08
  outer loop
   vertex 1.04978783e+02 9.17842178e+01 4.07451363e+01
   vertex 1.05801079e+02 9.49018478e+01 4.62642174e+01
   vertex 1.05801079e+02 9.49018326e+01 4.07451363e+01
  endloop
 endfacet
 facet normal -9.63021636e-01 2.69423962e-01 -5.99472116e-08
  outer loop
   vertex 1.04117409e+02 8.86784592e+01 4.07451363e+01
   vertex 1.04117409e+02 8.86784592e+01 4.62642174e+01
   vertex 1.04978783e+02 9.17842178e+01 4.07451363e+01
  endloop
 endfacet
 facet normal -9.64168489e-01 2.65290678e-01 -8.15458847e-08
  outer loop
   vertex 1.04978783e+02 9.17842178e+01 4.07451363e+01
   vertex 1.04117409e+02 8.86784592e+01 4.62642174e+01
   vertex 1.04978783e+02 9.17842255e+01 4.62642174e+01
  endloop
 endfacet
 facet normal -9.64168549e-01 2.65290499e-01 2.12622197e-07
  outer loop
   vertex 1.04978783e+02 9.17842255e+01 3.52260590e+01
   vertex 1.04117409e+02 8.86784592e+01 3.52260590e+01
   vertex 1.04978783e+02 9.17842178e+01 4.07451363e+01
  endloop
 endfacet
 facet normal -9.63021696e-01 2.69423753e-01 1.39364516e-07
  outer loop
   vertex 1.04978783e+02 9.17842178e+01 4.07451363e+01
   vertex 1.04117409e+02 8.86784592e+01 3.52260590e+01
   vertex 1.04117409e+02 8.86784592e+01 4.07451363e+01
  endloop
 endfacet
 facet normal -9.67433155e-01 2.53126740e-01 1.77764193e-07
  outer loop
   vertex 1.05801079e+02 9.49018326e+01 4.07451363e+01
   vertex 1.05801079e+02 9.49018326e+01 3.52260590e+01
   vertex 1.04978783e+02 9.17842178e+01 4.07451363e+01
  endloop
 endfacet
 facet normal -9.66373622e-01 2.57141948e-01 2.51035203e-07
  outer loop
   vertex 1.04978783e+02 9.17842178e+01 4.07451363e+01
   vertex 1.05801079e+02 9.49018326e+01 3.52260590e+01
   vertex 1.04978783e+02 9.17842255e+01 3.52260590e+01
  endloop
 endfacet
 facet normal -9.64171469e-01 2.65279382e-01 4.18916607e-04
  outer loop
   vertex 1.04978783e+02 9.17842255e+01 4.62642174e+01
   vertex 1.04117409e+02 8.86784592e+01 4.62642174e+01
   vertex 1.04978737e+02 9.17840424e+01 5.17865334e+01
  endloop
 endfacet
 facet normal -9.63024020e-01 2.69413322e-01 1.07001292e-03
  outer loop
   vertex 1.04978737e+02 9.17840424e+01 5.17865334e+01
   vertex 1.04117409e+02 8.86784592e+01 4.62642174e+01
   vertex 1.04117409e+02 8.86784592e+01 5.17866402e+01
  endloop
 endfacet
 facet normal -9.67480242e-01 2.52945215e-01 8.27362121e-04
  outer loop
   vertex 1.05801079e+02 9.49018326e+01 5.17864304e+01
   vertex 1.05801079e+02 9.49018478e+01 4.62642174e+01
   vertex 1.04978737e+02 9.17840424e+01 5.17865334e+01
  endloop
 endfacet
 facet normal -9.66376603e-01 2.57130444e-01 4.19009040e-04
  outer loop
   vertex 1.04978737e+02 9.17840424e+01 5.17865334e+01
   vertex 1.05801079e+02 9.49018478e+01 4.62642174e+01
   vertex 1.04978783e+02 9.17842255e+01 4.62642174e+01
  endloop
 endfacet
 facet normal -9.04482245e-01 4.14008826e-01 -1.02511324e-01
  outer loop
   vertex 1.08625633e+02 1.07046204e+02 2.03117218e+01
   vertex 1.08727707e+02 1.07489922e+02 1.69619789e+01
   vertex 1.08101418e+02 1.04601379e+02 1.83245354e+01
  endloop
 endfacet
 facet normal -7.69792438e-01 6.04898989e-01 -2.03756779e-01
  outer loop
   vertex 1.08101418e+02 1.04601379e+02 1.83245354e+01
   vertex 1.08727707e+02 1.07489922e+02 1.69619789e+01
   vertex 1.08541061e+02 1.06603302e+02 1.50525627e+01
  endloop
 endfacet
 facet normal -9.78162348e-01 2.07840309e-01 -9.26286622e-04
  outer loop
   vertex 1.08651901e+02 1.07193054e+02 2.46033058e+01
   vertex 1.08625633e+02 1.07046204e+02 2.03117218e+01
   vertex 1.08053650e+02 1.04390961e+02 2.41014366e+01
  endloop
 endfacet
 facet normal -9.77392793e-01 2.11429685e-01 -8.87832546e-04
  outer loop
   vertex 1.08053650e+02 1.04390961e+02 2.41014366e+01
   vertex 1.08625633e+02 1.07046204e+02 2.03117218e+01
   vertex 1.08101418e+02 1.04601379e+02 1.83245354e+01
  endloop
 endfacet
 facet normal -9.75199461e-01 2.21327558e-01 -3.22706008e-04
  outer loop
   vertex 1.07335007e+02 1.01186966e+02 2.41666336e+01
   vertex 1.08053650e+02 1.04390961e+02 2.41014366e+01
   vertex 1.07346992e+02 1.01239716e+02 1.85820427e+01
  endloop
 endfacet
 facet normal -9.75964248e-01 2.17929631e-01 -7.09162734e-04
  outer loop
   vertex 1.07346992e+02 1.01239716e+02 1.85820427e+01
   vertex 1.08053650e+02 1.04390961e+02 2.41014366e+01
   vertex 1.08101418e+02 1.04601379e+02 1.83245354e+01
  endloop
 endfacet
 facet normal -8.33769381e-01 5.52112877e-01 5.99793702e-06
  outer loop
   vertex 8.80752792e+01 5.06937714e+01 4.62642174e+01
   vertex 8.63233795e+01 4.80779114e+01 4.62642174e+01
   vertex 8.80752716e+01 5.06937561e+01 5.17913208e+01
  endloop
 endfacet
 facet normal -8.27946067e-01 5.60807526e-01 5.32039441e-04
  outer loop
   vertex 8.80752716e+01 5.06937561e+01 5.17913208e+01
   vertex 8.63233795e+01 4.80779114e+01 4.62642174e+01
   vertex 8.63233871e+01 4.80778961e+01 5.17913399e+01
  endloop
 endfacet
 facet normal -8.50661933e-01 5.25712907e-01 5.30098216e-04
  outer loop
   vertex 8.97447357e+01 5.33639679e+01 5.17913017e+01
   vertex 8.97447052e+01 5.33639679e+01 4.62642174e+01
   vertex 8.80752716e+01 5.06937561e+01 5.17913208e+01
  endloop
 endfacet
 facet normal -8.45127106e-01 5.34565449e-01 6.08959226e-06
  outer loop
   vertex 8.80752716e+01 5.06937561e+01 5.17913208e+01
   vertex 8.97447052e+01 5.33639679e+01 4.62642174e+01
   vertex 8.80752792e+01 5.06937714e+01 4.62642174e+01
  endloop
 endfacet
 facet normal -9.10724103e-01 3.96627605e-01 -1.15187429e-01
  outer loop
   vertex 1.10848824e+02 1.19451576e+02 4.42065201e+01
   vertex 1.10972893e+02 1.20204659e+02 4.37838669e+01
   vertex 1.10425186e+02 1.16821495e+02 4.13493538e+01
  endloop
 endfacet
 facet normal -7.56024957e-01 6.13742948e-01 -2.27477133e-01
  outer loop
   vertex 1.10425186e+02 1.16821495e+02 4.13493538e+01
   vertex 1.10972893e+02 1.20204659e+02 4.37838669e+01
   vertex 1.10648415e+02 1.18162071e+02 3.95019569e+01
  endloop
 endfacet
 facet normal -9.87302125e-01 1.58846706e-01 -1.49807648e-03
  outer loop
   vertex 1.10866959e+02 1.19588280e+02 4.71254387e+01
   vertex 1.10848824e+02 1.19451576e+02 4.42065201e+01
   vertex 1.10443108e+02 1.16946854e+02 4.64148216e+01
  endloop
 endfacet
 facet normal -9.86760259e-01 1.62179321e-01 -1.43707928e-03
  outer loop
   vertex 1.10443108e+02 1.16946854e+02 4.64148216e+01
   vertex 1.10848824e+02 1.19451576e+02 4.42065201e+01
   vertex 1.10425186e+02 1.16821495e+02 4.13493538e+01
  endloop
 endfacet
 facet normal -9.85217035e-01 1.71307921e-01 -9.76239913e-04
  outer loop
   vertex 1.09903313e+02 1.13766762e+02 4.08940048e+01
   vertex 1.09907227e+02 1.13795074e+02 4.63017197e+01
   vertex 1.10425186e+02 1.16821495e+02 4.13493538e+01
  endloop
 endfacet
 facet normal -9.85898852e-01 1.67340875e-01 -7.24181824e-04
  outer loop
   vertex 1.10425186e+02 1.16821495e+02 4.13493538e+01
   vertex 1.09907227e+02 1.13795074e+02 4.63017197e+01
   vertex 1.10443108e+02 1.16946854e+02 4.64148216e+01
  endloop
 endfacet
 facet normal -9.56676960e-01 2.91151345e-01 2.16205779e-04
  outer loop
   vertex 1.03215530e+02 8.55843201e+01 4.62642174e+01
   vertex 1.02271912e+02 8.25056534e+01 4.62642174e+01
   vertex 1.03215416e+02 8.55839539e+01 5.17868271e+01
  endloop
 endfacet
 facet normal -9.55352128e-01 2.95468837e-01 7.02680962e-04
  outer loop
   vertex 1.03215416e+02 8.55839539e+01 5.17868271e+01
   vertex 1.02271912e+02 8.25056534e+01 4.62642174e+01
   vertex 1.02271912e+02 8.25056534e+01 5.17870255e+01
  endloop
 endfacet
 facet normal -9.60569978e-01 2.78037041e-01 8.67284718e-04
  outer loop
   vertex 1.04117409e+02 8.86784592e+01 5.17866402e+01
   vertex 1.04117409e+02 8.86784592e+01 4.62642174e+01
   vertex 1.03215416e+02 8.55839539e+01 5.17868271e+01
  endloop
 endfacet
 facet normal -9.59315956e-01 2.82334715e-01 2.15963926e-04
  outer loop
   vertex 1.03215416e+02 8.55839539e+01 5.17868271e+01
   vertex 1.04117409e+02 8.86784592e+01 4.62642174e+01
   vertex 1.03215530e+02 8.55843201e+01 4.62642174e+01
  endloop
 endfacet
 facet normal -9.52407122e-01 3.04828048e-01 7.29131163e-04
  outer loop
   vertex 1.02271912e+02 8.25056534e+01 5.17870255e+01
   vertex 1.02271912e+02 8.25056534e+01 4.62642174e+01
   vertex 1.01285172e+02 7.94460602e+01 5.17873459e+01
  endloop
 endfacet
 facet normal -9.50786650e-01 3.09846312e-01 2.43046859e-04
  outer loop
   vertex 1.01285172e+02 7.94460602e+01 5.17873459e+01
   vertex 1.02271912e+02 8.25056534e+01 4.62642174e+01
   vertex 1.01285362e+02 7.94466629e+01 4.62642174e+01
  endloop
 endfacet
 facet normal -9.47467625e-01 3.19851667e-01 2.43014074e-04
  outer loop
   vertex 1.01285362e+02 7.94466629e+01 4.62642174e+01
   vertex 1.00252342e+02 7.64089279e+01 4.62642174e+01
   vertex 1.01285172e+02 7.94460602e+01 5.17873459e+01
  endloop
 endfacet
 facet normal -9.45780694e-01 3.24804842e-01 8.12681043e-04
  outer loop
   vertex 1.01285172e+02 7.94460602e+01 5.17873459e+01
   vertex 1.00252342e+02 7.64089279e+01 4.62642174e+01
   vertex 1.00252342e+02 7.64089127e+01 5.17876587e+01
  endloop
 endfacet
 facet normal -7.34276414e-01 6.58479750e-01 1.65052995e-01
  outer loop
   vertex 1.11811378e+02 1.26590584e+02 5.72992477e+01
   vertex 1.11468437e+02 1.23942894e+02 5.17785378e+01
   vertex 1.11385399e+02 1.23352348e+02 5.73029366e+01
  endloop
 endfacet
 facet normal -9.17337775e-01 3.91349524e-01 7.30544776e-02
  outer loop
   vertex 1.11385399e+02 1.23352348e+02 5.73029366e+01
   vertex 1.11468437e+02 1.23942894e+02 5.17785378e+01
   vertex 1.11215126e+02 1.22037407e+02 5.17802391e+01
  endloop
 endfacet
 facet normal -9.25410330e-01 3.78966689e-01 1.02689931e-07
  outer loop
   vertex 9.68381729e+01 6.74511566e+01 4.62642174e+01
   vertex 9.80323639e+01 7.04059677e+01 4.62642174e+01
   vertex 9.68381729e+01 6.74511566e+01 4.07451363e+01
  endloop
 endfacet
 facet normal -9.28195775e-01 3.72092217e-01 -4.75335789e-08
  outer loop
   vertex 9.68381729e+01 6.74511566e+01 4.07451363e+01
   vertex 9.80323639e+01 7.04059677e+01 4.62642174e+01
   vertex 9.80323639e+01 7.04059677e+01 4.07451363e+01
  endloop
 endfacet
 facet normal -9.15790617e-01 4.01656032e-01 1.83936763e-07
  outer loop
   vertex 9.55793915e+01 6.45399323e+01 4.07451363e+01
   vertex 9.55793915e+01 6.45399323e+01 4.62642174e+01
   vertex 9.68381729e+01 6.74511566e+01 4.07451363e+01
  endloop
 endfacet
 facet normal -9.19216633e-01 3.93752247e-01 4.62395121e-07
  outer loop
   vertex 9.68381729e+01 6.74511566e+01 4.07451363e+01
   vertex 9.55793915e+01 6.45399323e+01 4.62642174e+01
   vertex 9.68381729e+01 6.74511566e+01 4.62642174e+01
  endloop
 endfacet
 facet normal -9.19216692e-01 3.93752068e-01 1.74861045e-16
  outer loop
   vertex 9.68381729e+01 6.74511566e+01 3.52260551e+01
   vertex 9.55793915e+01 6.45399323e+01 3.52260590e+01
   vertex 9.68381729e+01 6.74511566e+01 4.07451363e+01
  endloop
 endfacet
 facet normal -9.15790796e-01 4.01655585e-01 -1.28231974e-07
  outer loop
   vertex 9.68381729e+01 6.74511566e+01 4.07451363e+01
   vertex 9.55793915e+01 6.45399323e+01 3.52260590e+01
   vertex 9.55793915e+01 6.45399323e+01 4.07451363e+01
  endloop
 endfacet
 facet normal -9.28196013e-01 3.72091681e-01 1.65241901e-16
  outer loop
   vertex 9.80323639e+01 7.04059677e+01 4.07451363e+01
   vertex 9.80323639e+01 7.04059677e+01 3.52260590e+01
   vertex 9.68381729e+01 6.74511566e+01 4.07451363e+01
  endloop
 endfacet
 facet normal -9.25410390e-01 3.78966451e-01 1.68294912e-16
  outer loop
   vertex 9.68381729e+01 6.74511566e+01 4.07451363e+01
   vertex 9.80323639e+01 7.04059677e+01 3.52260590e+01
   vertex 9.68381729e+01 6.74511566e+01 3.52260551e+01
  endloop
 endfacet
 facet normal -9.85358834e-01 1.70493305e-01 -1.99127553e-05
  outer loop
   vertex 1.09907227e+02 1.13795074e+02 4.63017197e+01
   vertex 1.09908661e+02 1.13805183e+02 5.17865982e+01
   vertex 1.10443108e+02 1.16946854e+02 4.64148216e+01
  endloop
 endfacet
 facet normal -9.86063838e-01 1.66367531e-01 -5.96530044e-05
  outer loop
   vertex 1.10443108e+02 1.16946854e+02 4.64148216e+01
   vertex 1.09908661e+02 1.13805183e+02 5.17865982e+01
   vertex 1.10448685e+02 1.16986290e+02 5.17853508e+01
  endloop
 endfacet
 facet normal -9.81537759e-01 1.91268504e-01 1.98372538e-04
  outer loop
   vertex 1.09326607e+02 1.10635880e+02 4.62640800e+01
   vertex 1.08702393e+02 1.07472916e+02 4.62642212e+01
   vertex 1.09326561e+02 1.10635674e+02 5.17866478e+01
  endloop
 endfacet
 facet normal -9.80663240e-01 1.95701882e-01 6.44486630e-04
  outer loop
   vertex 1.09326561e+02 1.10635674e+02 5.17866478e+01
   vertex 1.08702393e+02 1.07472916e+02 4.62642212e+01
   vertex 1.08702393e+02 1.07472916e+02 5.17866173e+01
  endloop
 endfacet
 facet normal -9.83977556e-01 1.78291902e-01 3.51203926e-04
  outer loop
   vertex 1.09908661e+02 1.13805183e+02 5.17865982e+01
   vertex 1.09907227e+02 1.13795074e+02 4.63017197e+01
   vertex 1.09326561e+02 1.10635674e+02 5.17866478e+01
  endloop
 endfacet
 facet normal -9.83169973e-01 1.82693124e-01 1.30725355e-04
  outer loop
   vertex 1.09326561e+02 1.10635674e+02 5.17866478e+01
   vertex 1.09907227e+02 1.13795074e+02 4.63017197e+01
   vertex 1.09326607e+02 1.10635880e+02 4.62640800e+01
  endloop
 endfacet
 facet normal -9.17105317e-01 3.81562799e-01 -1.15445323e-01
  outer loop
   vertex 1.11082306e+02 1.21014534e+02 4.74306297e+01
   vertex 1.11127541e+02 1.21310089e+02 4.62580643e+01
   vertex 1.11022720e+02 1.20563202e+02 4.54321747e+01
  endloop
 endfacet
 facet normal -7.60118067e-01 6.09485030e-01 -2.25274369e-01
  outer loop
   vertex 1.11022720e+02 1.20563202e+02 4.54321747e+01
   vertex 1.11127541e+02 1.21310089e+02 4.62580643e+01
   vertex 1.11050140e+02 1.20757965e+02 4.50197525e+01
  endloop
 endfacet
 facet normal -9.35539782e-01 3.53221208e-01 2.85003043e-04
  outer loop
   vertex 9.91694107e+01 7.33940430e+01 4.62642174e+01
   vertex 9.80323639e+01 7.04059677e+01 4.62642174e+01
   vertex 9.91691208e+01 7.33932266e+01 5.17881012e+01
  endloop
 endfacet
 facet normal -9.33315217e-01 3.59056741e-01 9.70248075e-04
  outer loop
   vertex 9.91691208e+01 7.33932266e+01 5.17881012e+01
   vertex 9.80323639e+01 7.04059677e+01 4.62642174e+01
   vertex 9.80323639e+01 7.04059677e+01 5.17885399e+01
  endloop
 endfacet
 facet normal -9.41988587e-01 3.35643739e-01 8.54860002e-04
  outer loop
   vertex 1.00252342e+02 7.64089127e+01 5.17876587e+01
   vertex 1.00252342e+02 7.64089279e+01 4.62642174e+01
   vertex 9.91691208e+01 7.33932266e+01 5.17881012e+01
  endloop
 endfacet
 facet normal -9.39884841e-01 3.41491371e-01 2.85093352e-04
  outer loop
   vertex 9.91691208e+01 7.33932266e+01 5.17881012e+01
   vertex 1.00252342e+02 7.64089279e+01 4.62642174e+01
   vertex 9.91694107e+01 7.33940430e+01 4.62642174e+01
  endloop
 endfacet
 facet normal -9.83873963e-01 1.78862378e-01 -4.92451771e-04
  outer loop
   vertex 1.09907227e+02 1.13795074e+02 4.63017197e+01
   vertex 1.09903313e+02 1.13766762e+02 4.08940048e+01
   vertex 1.09326607e+02 1.10635880e+02 4.62640800e+01
  endloop
 endfacet
 facet normal -9.83052552e-01 1.83323070e-01 -5.47948235e-04
  outer loop
   vertex 1.09326607e+02 1.10635880e+02 4.62640800e+01
   vertex 1.09903313e+02 1.13766762e+02 4.08940048e+01
   vertex 1.09326996e+02 1.10637901e+02 4.07440491e+01
  endloop
 endfacet
 facet normal -9.80629265e-01 1.95872918e-01 -1.35829629e-04
  outer loop
   vertex 1.08702415e+02 1.07473053e+02 4.07450294e+01
   vertex 1.08702393e+02 1.07472916e+02 4.62642212e+01
   vertex 1.09326996e+02 1.10637901e+02 4.07440491e+01
  endloop
 endfacet
 facet normal -9.81469929e-01 1.91616088e-01 -1.35979470e-04
  outer loop
   vertex 1.09326996e+02 1.10637901e+02 4.07440491e+01
   vertex 1.08702393e+02 1.07472916e+02 4.62642212e+01
   vertex 1.09326607e+02 1.10635880e+02 4.62640800e+01
  endloop
 endfacet
 facet normal -9.80523229e-01 1.96403041e-01 -2.26148986e-04
  outer loop
   vertex 1.08703407e+02 1.07476791e+02 3.52338257e+01
   vertex 1.08702415e+02 1.07473053e+02 4.07450294e+01
   vertex 1.09331245e+02 1.10654701e+02 3.52568398e+01
  endloop
 endfacet
 facet normal -9.81350243e-01 1.92228079e-01 -3.03704088e-04
  outer loop
   vertex 1.09331245e+02 1.10654701e+02 3.52568398e+01
   vertex 1.08702415e+02 1.07473053e+02 4.07450294e+01
   vertex 1.09326996e+02 1.10637901e+02 4.07440491e+01
  endloop
 endfacet
 facet normal -9.63021755e-01 2.69423753e-01 -1.74195733e-07
  outer loop
   vertex 1.04117409e+02 8.86784592e+01 2.97069817e+01
   vertex 1.04117409e+02 8.86784592e+01 3.52260590e+01
   vertex 1.04978783e+02 9.17842407e+01 2.97069855e+01
  endloop
 endfacet
 facet normal -9.64168489e-01 2.65290558e-01 3.59548213e-09
  outer loop
   vertex 1.04978783e+02 9.17842407e+01 2.97069855e+01
   vertex 1.04117409e+02 8.86784592e+01 3.52260590e+01
   vertex 1.04978783e+02 9.17842255e+01 3.52260590e+01
  endloop
 endfacet
 facet normal -9.64168549e-01 2.65290469e-01 -2.81484134e-08
  outer loop
   vertex 1.04978783e+02 9.17842255e+01 2.41879082e+01
   vertex 1.04117409e+02 8.86784592e+01 2.41879082e+01
   vertex 1.04978783e+02 9.17842407e+01 2.97069855e+01
  endloop
 endfacet
 facet normal -9.63021755e-01 2.69423693e-01 -1.63934374e-07
  outer loop
   vertex 1.04978783e+02 9.17842407e+01 2.97069855e+01
   vertex 1.04117409e+02 8.86784592e+01 2.41879082e+01
   vertex 1.04117409e+02 8.86784592e+01 2.97069817e+01
  endloop
 endfacet
 facet normal -9.67433035e-01 2.53127187e-01 -2.37507738e-08
  outer loop
   vertex 1.05801079e+02 9.49018326e+01 2.97069855e+01
   vertex 1.05801079e+02 9.49018478e+01 2.41879082e+01
   vertex 1.04978783e+02 9.17842407e+01 2.97069855e+01
  endloop
 endfacet
 facet normal -9.66373622e-01 2.57142067e-01 1.57809517e-08
  outer loop
   vertex 1.04978783e+02 9.17842407e+01 2.97069855e+01
   vertex 1.05801079e+02 9.49018478e+01 2.41879082e+01
   vertex 1.04978783e+02 9.17842255e+01 2.41879082e+01
  endloop
 endfacet
 facet normal -9.66373622e-01 2.57142007e-01 4.20087218e-08
  outer loop
   vertex 1.04978783e+02 9.17842255e+01 3.52260590e+01
   vertex 1.05801079e+02 9.49018326e+01 3.52260590e+01
   vertex 1.04978783e+02 9.17842407e+01 2.97069855e+01
  endloop
 endfacet
 facet normal -9.67433035e-01 2.53127098e-01 -3.95282136e-08
  outer loop
   vertex 1.04978783e+02 9.17842407e+01 2.97069855e+01
   vertex 1.05801079e+02 9.49018326e+01 3.52260590e+01
   vertex 1.05801079e+02 9.49018326e+01 2.97069855e+01
  endloop
 endfacet
 facet normal -9.73419547e-01 2.29029238e-01 1.76200246e-07
  outer loop
   vertex 1.07331100e+02 1.01169807e+02 4.07451363e+01
   vertex 1.07331100e+02 1.01169815e+02 3.52260590e+01
   vertex 1.06585541e+02 9.80309982e+01 4.07451363e+01
  endloop
 endfacet
 facet normal -9.72456157e-01 2.33085886e-01 2.88657219e-07
  outer loop
   vertex 1.06585541e+02 9.80309982e+01 4.07451363e+01
   vertex 1.07331100e+02 1.01169815e+02 3.52260590e+01
   vertex 1.06585541e+02 9.80309982e+01 3.52260590e+01
  endloop
 endfacet
 facet normal -9.72456038e-01 2.33086273e-01 2.23535270e-08
  outer loop
   vertex 1.06585541e+02 9.80309982e+01 4.62642174e+01
   vertex 1.07331100e+02 1.01169807e+02 4.62642174e+01
   vertex 1.06585541e+02 9.80309982e+01 4.07451363e+01
  endloop
 endfacet
 facet normal -9.73419487e-01 2.29029372e-01 1.49956335e-07
  outer loop
   vertex 1.06585541e+02 9.80309982e+01 4.07451363e+01
   vertex 1.07331100e+02 1.01169807e+02 4.62642174e+01
   vertex 1.07331100e+02 1.01169807e+02 4.07451363e+01
  endloop
 endfacet
 facet normal -9.69492257e-01 2.45121896e-01 -3.66746633e-08
  outer loop
   vertex 1.05801079e+02 9.49018326e+01 4.07451363e+01
   vertex 1.05801079e+02 9.49018478e+01 4.62642174e+01
   vertex 1.06585541e+02 9.80309982e+01 4.07451363e+01
  endloop
 endfacet
 facet normal -9.70492244e-01 2.41132453e-01 -1.77843347e-07
  outer loop
   vertex 1.06585541e+02 9.80309982e+01 4.07451363e+01
   vertex 1.05801079e+02 9.49018478e+01 4.62642174e+01
   vertex 1.06585541e+02 9.80309982e+01 4.62642174e+01
  endloop
 endfacet
 facet normal -9.70492244e-01 2.41132319e-01 2.06979692e-07
  outer loop
   vertex 1.06585541e+02 9.80309982e+01 3.52260590e+01
   vertex 1.05801079e+02 9.49018326e+01 3.52260590e+01
   vertex 1.06585541e+02 9.80309982e+01 4.07451363e+01
  endloop
 endfacet
 facet normal -9.69492257e-01 2.45122015e-01 1.08088706e-07
  outer loop
   vertex 1.06585541e+02 9.80309982e+01 4.07451363e+01
   vertex 1.05801079e+02 9.49018326e+01 3.52260590e+01
   vertex 1.05801079e+02 9.49018326e+01 4.07451363e+01
  endloop
 endfacet
 facet normal -9.72456694e-01 2.33083665e-01 1.65597578e-06
  outer loop
   vertex 1.06585541e+02 9.80309982e+01 3.52260590e+01
   vertex 1.07331100e+02 1.01169815e+02 3.52260590e+01
   vertex 1.06585541e+02 9.80309753e+01 2.97069931e+01
  endloop
 endfacet
 facet normal -9.73419845e-01 2.29028001e-01 1.26189275e-06
  outer loop
   vertex 1.06585541e+02 9.80309753e+01 2.97069931e+01
   vertex 1.07331100e+02 1.01169815e+02 3.52260590e+01
   vertex 1.07331100e+02 1.01169830e+02 2.97069740e+01
  endloop
 endfacet
 facet normal -9.69492733e-01 2.45120093e-01 1.46714081e-06
  outer loop
   vertex 1.05801079e+02 9.49018326e+01 2.97069855e+01
   vertex 1.05801079e+02 9.49018326e+01 3.52260590e+01
   vertex 1.06585541e+02 9.80309753e+01 2.97069931e+01
  endloop
 endfacet
 facet normal -9.70492780e-01 2.41130099e-01 1.57429770e-06
  outer loop
   vertex 1.06585541e+02 9.80309753e+01 2.97069931e+01
   vertex 1.05801079e+02 9.49018326e+01 3.52260590e+01
   vertex 1.06585541e+02 9.80309982e+01 3.52260590e+01
  endloop
 endfacet
 facet normal -9.70494211e-01 2.41124421e-01 2.68805502e-06
  outer loop
   vertex 1.06585503e+02 9.80308533e+01 2.41879616e+01
   vertex 1.05801079e+02 9.49018478e+01 2.41879082e+01
   vertex 1.06585541e+02 9.80309753e+01 2.97069931e+01
  endloop
 endfacet
 facet normal -9.69492674e-01 2.45120198e-01 1.48291815e-06
  outer loop
   vertex 1.06585541e+02 9.80309753e+01 2.97069931e+01
   vertex 1.05801079e+02 9.49018478e+01 2.41879082e+01
   vertex 1.05801079e+02 9.49018326e+01 2.97069855e+01
  endloop
 endfacet
 facet normal -9.73421395e-01 2.29021430e-01 1.02982403e-06
  outer loop
   vertex 1.07335007e+02 1.01186966e+02 2.41666336e+01
   vertex 1.06585503e+02 9.80308533e+01 2.41879616e+01
   vertex 1.07331100e+02 1.01169830e+02 2.97069740e+01
  endloop
 endfacet
 facet normal -9.72457826e-01 2.33078912e-01 2.33865990e-06
  outer loop
   vertex 1.07331100e+02 1.01169830e+02 2.97069740e+01
   vertex 1.06585503e+02 9.80308533e+01 2.41879616e+01
   vertex 1.06585541e+02 9.80309753e+01 2.97069931e+01
  endloop
 endfacet
 facet normal -9.07847762e-01 4.04303879e-01 -1.11134455e-01
  outer loop
   vertex 1.09818840e+02 1.13233521e+02 3.22519646e+01
   vertex 1.09935722e+02 1.13830650e+02 3.03551636e+01
   vertex 1.09342743e+02 1.10698456e+02 2.98324013e+01
  endloop
 endfacet
 facet normal -7.62319446e-01 6.09073818e-01 -2.18856573e-01
  outer loop
   vertex 1.09342743e+02 1.10698456e+02 2.98324013e+01
   vertex 1.09935722e+02 1.13830650e+02 3.03551636e+01
   vertex 1.09667824e+02 1.12370972e+02 2.72664566e+01
  endloop
 endfacet
 facet normal -9.83036220e-01 1.83406904e-01 -1.28570676e-03
  outer loop
   vertex 1.09845879e+02 1.13405846e+02 3.58961143e+01
   vertex 1.09818840e+02 1.13233521e+02 3.22519646e+01
   vertex 1.09331245e+02 1.10654701e+02 3.52568398e+01
  endloop
 endfacet
 facet normal -9.82356012e-01 1.87016159e-01 -1.27592462e-03
  outer loop
   vertex 1.09331245e+02 1.10654701e+02 3.52568398e+01
   vertex 1.09818840e+02 1.13233521e+02 3.22519646e+01
   vertex 1.09342743e+02 1.10698456e+02 2.98324013e+01
  endloop
 endfacet
 facet normal -9.80397582e-01 1.97027400e-01 -9.12488555e-04
  outer loop
   vertex 1.08706642e+02 1.07489441e+02 2.97369156e+01
   vertex 1.08703407e+02 1.07476791e+02 3.52338257e+01
   vertex 1.09342743e+02 1.10698456e+02 2.98324013e+01
  endloop
 endfacet
 facet normal -9.81170177e-01 1.93143845e-01 -7.44110730e-04
  outer loop
   vertex 1.09342743e+02 1.10698456e+02 2.98324013e+01
   vertex 1.08703407e+02 1.07476791e+02 3.52338257e+01
   vertex 1.09331245e+02 1.10654701e+02 3.52568398e+01
  endloop
 endfacet
 facet normal -9.41989243e-01 3.35643023e-01 1.49055445e-16
  outer loop
   vertex 1.00252342e+02 7.64089279e+01 4.07451363e+01
   vertex 1.00252342e+02 7.64089127e+01 3.52260590e+01
   vertex 9.91694107e+01 7.33940430e+01 4.07451363e+01
  endloop
 endfacet
 facet normal -9.39968944e-01 3.41259927e-01 1.51549851e-16
  outer loop
   vertex 9.91694107e+01 7.33940430e+01 4.07451363e+01
   vertex 1.00252342e+02 7.64089127e+01 3.52260590e+01
   vertex 9.91694107e+01 7.33940430e+01 3.52260590e+01
  endloop
 endfacet
 facet normal -9.39968944e-01 3.41259927e-01 1.40805213e-07
  outer loop
   vertex 9.91694107e+01 7.33940430e+01 4.62642174e+01
   vertex 1.00252342e+02 7.64089279e+01 4.62642174e+01
   vertex 9.91694107e+01 7.33940430e+01 4.07451363e+01
  endloop
 endfacet
 facet normal -9.41989243e-01 3.35643023e-01 4.39411387e-08
  outer loop
   vertex 9.91694107e+01 7.33940430e+01 4.07451363e+01
   vertex 1.00252342e+02 7.64089279e+01 4.62642174e+01
   vertex 1.00252342e+02 7.64089279e+01 4.07451363e+01
  endloop
 endfacet
 facet normal -9.33298349e-01 3.59101921e-01 -4.75329962e-08
  outer loop
   vertex 9.80323639e+01 7.04059677e+01 4.07451363e+01
   vertex 9.80323639e+01 7.04059677e+01 4.62642174e+01
   vertex 9.91694107e+01 7.33940430e+01 4.07451363e+01
  endloop
 endfacet
 facet normal -9.35626745e-01 3.52990836e-01 4.93317707e-08
  outer loop
   vertex 9.91694107e+01 7.33940430e+01 4.07451363e+01
   vertex 9.80323639e+01 7.04059677e+01 4.62642174e+01
   vertex 9.91694107e+01 7.33940430e+01 4.62642174e+01
  endloop
 endfacet
 facet normal -9.35626984e-01 3.52990270e-01 1.56759170e-16
  outer loop
   vertex 9.91694107e+01 7.33940430e+01 3.52260590e+01
   vertex 9.80323639e+01 7.04059677e+01 3.52260590e+01
   vertex 9.91694107e+01 7.33940430e+01 4.07451363e+01
  endloop
 endfacet
 facet normal -9.33298588e-01 3.59101385e-01 1.59473050e-16
  outer loop
   vertex 9.91694107e+01 7.33940430e+01 4.07451363e+01
   vertex 9.80323639e+01 7.04059677e+01 3.52260590e+01
   vertex 9.80323639e+01 7.04059677e+01 4.07451363e+01
  endloop
 endfacet
 facet normal -9.78866935e-01 2.04497859e-01 -3.87636916e-04
  outer loop
   vertex 1.08703407e+02 1.07476791e+02 3.52338257e+01
   vertex 1.08706642e+02 1.07489441e+02 2.97369156e+01
   vertex 1.08037033e+02 1.04317558e+02 3.52259979e+01
  endloop
 endfacet
 facet normal -9.77969408e-01 2.08747789e-01 -4.31829947e-04
  outer loop
   vertex 1.08037033e+02 1.04317558e+02 3.52259979e+01
   vertex 1.08706642e+02 1.07489441e+02 2.97369156e+01
   vertex 1.08037338e+02 1.04318985e+02 2.97061920e+01
  endloop
 endfacet
 facet normal -9.75284278e-01 2.20953807e-01 -8.97595528e-05
  outer loop
   vertex 1.07331100e+02 1.01169830e+02 2.97069740e+01
   vertex 1.07331100e+02 1.01169815e+02 3.52260590e+01
   vertex 1.08037338e+02 1.04318985e+02 2.97061920e+01
  endloop
 endfacet
 facet normal -9.76207376e-01 2.16839105e-01 -9.55487048e-05
  outer loop
   vertex 1.08037338e+02 1.04318985e+02 2.97061920e+01
   vertex 1.07331100e+02 1.01169815e+02 3.52260590e+01
   vertex 1.08037033e+02 1.04317558e+02 3.52259979e+01
  endloop
 endfacet
 facet normal -9.76104259e-01 2.17302680e-01 -1.90644932e-04
  outer loop
   vertex 1.08053650e+02 1.04390961e+02 2.41014366e+01
   vertex 1.07335007e+02 1.01186966e+02 2.41666336e+01
   vertex 1.08037338e+02 1.04318985e+02 2.97061920e+01
  endloop
 endfacet
 facet normal -9.75284874e-01 2.20951021e-01 -8.98560029e-05
  outer loop
   vertex 1.08037338e+02 1.04318985e+02 2.97061920e+01
   vertex 1.07335007e+02 1.01186966e+02 2.41666336e+01
   vertex 1.07331100e+02 1.01169830e+02 2.97069740e+01
  endloop
 endfacet
 facet normal -9.70430732e-01 2.41379648e-01 -9.66929729e-05
  outer loop
   vertex 1.06616707e+02 9.81574936e+01 1.29468307e+01
   vertex 1.05808533e+02 9.49321213e+01 1.30995903e+01
   vertex 1.06585678e+02 9.80315628e+01 1.86683731e+01
  endloop
 endfacet
 facet normal -9.69498158e-01 2.45098561e-01 -2.67451887e-05
  outer loop
   vertex 1.06585678e+02 9.80315628e+01 1.86683731e+01
   vertex 1.05808533e+02 9.49321213e+01 1.30995903e+01
   vertex 1.05801056e+02 9.49017563e+01 1.86689186e+01
  endloop
 endfacet
 facet normal -9.73241627e-01 2.29783267e-01 -6.05138077e-04
  outer loop
   vertex 1.07346992e+02 1.01239716e+02 1.85820427e+01
   vertex 1.07297874e+02 1.01006752e+02 1.33126984e+01
   vertex 1.06585678e+02 9.80315628e+01 1.86683731e+01
  endloop
 endfacet
 facet normal -9.72211421e-01 2.34104246e-01 -4.48979059e-04
  outer loop
   vertex 1.06585678e+02 9.80315628e+01 1.86683731e+01
   vertex 1.07297874e+02 1.01006752e+02 1.33126984e+01
   vertex 1.06616707e+02 9.81574936e+01 1.29468307e+01
  endloop
 endfacet
 facet normal -9.72452581e-01 2.33100742e-01 -5.58077954e-05
  outer loop
   vertex 1.06585503e+02 9.80308533e+01 2.41879616e+01
   vertex 1.07335007e+02 1.01186966e+02 2.41666336e+01
   vertex 1.06585678e+02 9.80315628e+01 1.86683731e+01
  endloop
 endfacet
 facet normal -9.73413289e-01 2.29055658e-01 -2.78755528e-04
  outer loop
   vertex 1.06585678e+02 9.80315628e+01 1.86683731e+01
   vertex 1.07335007e+02 1.01186966e+02 2.41666336e+01
   vertex 1.07346992e+02 1.01239716e+02 1.85820427e+01
  endloop
 endfacet
 facet normal -9.69486415e-01 2.45145008e-01 -5.26184995e-05
  outer loop
   vertex 1.05801056e+02 9.49017563e+01 1.86689186e+01
   vertex 1.05801079e+02 9.49018478e+01 2.41879082e+01
   vertex 1.06585678e+02 9.80315628e+01 1.86683731e+01
  endloop
 endfacet
 facet normal -9.70487833e-01 2.41150036e-01 -5.57772073e-05
  outer loop
   vertex 1.06585678e+02 9.80315628e+01 1.86683731e+01
   vertex 1.05801079e+02 9.49018478e+01 2.41879082e+01
   vertex 1.06585503e+02 9.80308533e+01 2.41879616e+01
  endloop
 endfacet
 facet normal -9.63021815e-01 2.69423455e-01 2.39209839e-07
  outer loop
   vertex 1.04117409e+02 8.86784592e+01 1.86688309e+01
   vertex 1.04117409e+02 8.86784592e+01 2.41879082e+01
   vertex 1.04978760e+02 9.17841644e+01 1.86688690e+01
  endloop
 endfacet
 facet normal -9.64168549e-01 2.65290380e-01 2.90213791e-07
  outer loop
   vertex 1.04978760e+02 9.17841644e+01 1.86688690e+01
   vertex 1.04117409e+02 8.86784592e+01 2.41879082e+01
   vertex 1.04978783e+02 9.17842255e+01 2.41879082e+01
  endloop
 endfacet
 facet normal -9.64174211e-01 2.65269876e-01 4.96566054e-06
  outer loop
   vertex 1.04978661e+02 9.17837982e+01 1.31499062e+01
   vertex 1.04117409e+02 8.86784592e+01 1.31497536e+01
   vertex 1.04978760e+02 9.17841644e+01 1.86688690e+01
  endloop
 endfacet
 facet normal -9.63021755e-01 2.69423723e-01 2.83980697e-08
  outer loop
   vertex 1.04978760e+02 9.17841644e+01 1.86688690e+01
   vertex 1.04117409e+02 8.86784592e+01 1.31497536e+01
   vertex 1.04117409e+02 8.86784592e+01 1.86688309e+01
  endloop
 endfacet
 facet normal -9.67450798e-01 2.53059208e-01 3.53051109e-05
  outer loop
   vertex 1.05808533e+02 9.49321213e+01 1.30995903e+01
   vertex 1.04978661e+02 9.17837982e+01 1.31499062e+01
   vertex 1.05801056e+02 9.49017563e+01 1.86689186e+01
  endloop
 endfacet
 facet normal -9.66379344e-01 2.57120460e-01 9.52176742e-06
  outer loop
   vertex 1.05801056e+02 9.49017563e+01 1.86689186e+01
   vertex 1.04978661e+02 9.17837982e+01 1.31499062e+01
   vertex 1.04978760e+02 9.17841644e+01 1.86688690e+01
  endloop
 endfacet
 facet normal -9.66373622e-01 2.57141978e-01 3.34142783e-07
  outer loop
   vertex 1.04978783e+02 9.17842255e+01 2.41879082e+01
   vertex 1.05801079e+02 9.49018478e+01 2.41879082e+01
   vertex 1.04978760e+02 9.17841644e+01 1.86688690e+01
  endloop
 endfacet
 facet normal -9.67433214e-01 2.53126323e-01 4.65845369e-06
  outer loop
   vertex 1.04978760e+02 9.17841644e+01 1.86688690e+01
   vertex 1.05801079e+02 9.49018478e+01 2.41879082e+01
   vertex 1.05801056e+02 9.49017563e+01 1.86689186e+01
  endloop
 endfacet
 facet normal -9.19099569e-01 3.94025266e-01 3.44825006e-04
  outer loop
   vertex 9.68381729e+01 6.74511566e+01 4.62642174e+01
   vertex 9.55793915e+01 6.45399323e+01 4.62642174e+01
   vertex 9.68374939e+01 6.74495087e+01 5.17894516e+01
  endloop
 endfacet
 facet normal -9.15831149e-01 4.01561499e-01 1.27240084e-03
  outer loop
   vertex 9.68374939e+01 6.74495087e+01 5.17894516e+01
   vertex 9.55793915e+01 6.45399323e+01 4.62642174e+01
   vertex 9.55794067e+01 6.45399323e+01 5.17903709e+01
  endloop
 endfacet
 facet normal -9.28194344e-01 3.72094393e-01 1.02967105e-03
  outer loop
   vertex 9.80323639e+01 7.04059677e+01 5.17885399e+01
   vertex 9.80323639e+01 7.04059677e+01 4.62642174e+01
   vertex 9.68374939e+01 6.74495087e+01 5.17894516e+01
  endloop
 endfacet
 facet normal -9.25297618e-01 3.79241556e-01 3.44460335e-04
  outer loop
   vertex 9.68374939e+01 6.74495087e+01 5.17894516e+01
   vertex 9.80323639e+01 7.04059677e+01 4.62642174e+01
   vertex 9.68381729e+01 6.74511566e+01 4.62642174e+01
  endloop
 endfacet
 facet normal -9.04343724e-01 4.26804930e-01 4.06347681e-07
  outer loop
   vertex 9.42458267e+01 6.16758575e+01 4.62642174e+01
   vertex 9.55793915e+01 6.45399323e+01 4.62642174e+01
   vertex 9.42458267e+01 6.16758423e+01 4.07451363e+01
  endloop
 endfacet
 facet normal -9.08361673e-01 4.18185472e-01 5.57045183e-08
  outer loop
   vertex 9.42458267e+01 6.16758423e+01 4.07451363e+01
   vertex 9.55793915e+01 6.45399323e+01 4.62642174e+01
   vertex 9.55793915e+01 6.45399323e+01 4.07451363e+01
  endloop
 endfacet
 facet normal -8.91274095e-01 4.53465044e-01 7.66627508e-08
  outer loop
   vertex 9.28317032e+01 5.88582916e+01 4.07451363e+01
   vertex 9.28316956e+01 5.88582916e+01 4.62642174e+01
   vertex 9.42458267e+01 6.16758423e+01 4.07451363e+01
  endloop
 endfacet
 facet normal -8.95805061e-01 4.44447160e-01 2.99073946e-07
  outer loop
   vertex 9.42458267e+01 6.16758423e+01 4.07451363e+01
   vertex 9.28316956e+01 5.88582916e+01 4.62642174e+01
   vertex 9.42458267e+01 6.16758575e+01 4.62642174e+01
  endloop
 endfacet
 facet normal -8.95805299e-01 4.44446713e-01 -5.51134747e-08
  outer loop
   vertex 9.42458267e+01 6.16758423e+01 3.52260590e+01
   vertex 9.28316956e+01 5.88582916e+01 3.52260590e+01
   vertex 9.42458267e+01 6.16758423e+01 4.07451363e+01
  endloop
 endfacet
 facet normal -8.91274154e-01 4.53464836e-01 -5.51131123e-08
  outer loop
   vertex 9.42458267e+01 6.16758423e+01 4.07451363e+01
   vertex 9.28316956e+01 5.88582916e+01 3.52260590e+01
   vertex 9.28317032e+01 5.88582916e+01 4.07451363e+01
  endloop
 endfacet
 facet normal -9.08361852e-01 4.18185025e-01 -2.56469264e-07
  outer loop
   vertex 9.55793915e+01 6.45399323e+01 4.07451363e+01
   vertex 9.55793915e+01 6.45399323e+01 3.52260590e+01
   vertex 9.42458267e+01 6.16758423e+01 4.07451363e+01
  endloop
 endfacet
 facet normal -9.04344022e-01 4.26804245e-01 -1.28235129e-07
  outer loop
   vertex 9.42458267e+01 6.16758423e+01 4.07451363e+01
   vertex 9.55793915e+01 6.45399323e+01 3.52260590e+01
   vertex 9.42458267e+01 6.16758423e+01 3.52260590e+01
  endloop
 endfacet
 facet normal -9.70492184e-01 2.41132498e-01 8.86295425e-07
  outer loop
   vertex 1.06585541e+02 9.80309982e+01 4.62642174e+01
   vertex 1.05801079e+02 9.49018478e+01 4.62642174e+01
   vertex 1.06585564e+02 9.80310898e+01 5.17864799e+01
  endloop
 endfacet
 facet normal -9.69535232e-01 2.44951576e-01 4.09357977e-04
  outer loop
   vertex 1.06585564e+02 9.80310898e+01 5.17864799e+01
   vertex 1.05801079e+02 9.49018478e+01 4.62642174e+01
   vertex 1.05801079e+02 9.49018326e+01 5.17864304e+01
  endloop
 endfacet
 facet normal -9.73419428e-01 2.29029626e-01 2.13221225e-04
  outer loop
   vertex 1.07331100e+02 1.01169807e+02 5.17865257e+01
   vertex 1.07331100e+02 1.01169807e+02 4.62642174e+01
   vertex 1.06585564e+02 9.80310898e+01 5.17864799e+01
  endloop
 endfacet
 facet normal -9.72456038e-01 2.33086333e-01 1.08649283e-06
  outer loop
   vertex 1.06585564e+02 9.80310898e+01 5.17864799e+01
   vertex 1.07331100e+02 1.01169807e+02 4.62642174e+01
   vertex 1.06585541e+02 9.80309982e+01 4.62642174e+01
  endloop
 endfacet
 facet normal -9.76234615e-01 2.16716290e-01 8.33274896e-07
  outer loop
   vertex 1.08036995e+02 1.04317390e+02 4.62642212e+01
   vertex 1.07331100e+02 1.01169807e+02 4.62642174e+01
   vertex 1.08037018e+02 1.04317482e+02 5.17865715e+01
  endloop
 endfacet
 facet normal -9.75308955e-01 2.20844716e-01 2.12737810e-04
  outer loop
   vertex 1.08037018e+02 1.04317482e+02 5.17865715e+01
   vertex 1.07331100e+02 1.01169807e+02 4.62642174e+01
   vertex 1.07331100e+02 1.01169807e+02 5.17865257e+01
  endloop
 endfacet
 facet normal -9.78894532e-01 2.04365730e-01 4.33729088e-04
  outer loop
   vertex 1.08702393e+02 1.07472916e+02 5.17866173e+01
   vertex 1.08702393e+02 1.07472916e+02 4.62642212e+01
   vertex 1.08037018e+02 1.04317482e+02 5.17865715e+01
  endloop
 endfacet
 facet normal -9.78046715e-01 2.08385795e-01 8.32407977e-07
  outer loop
   vertex 1.08037018e+02 1.04317482e+02 5.17865715e+01
   vertex 1.08702393e+02 1.07472916e+02 4.62642212e+01
   vertex 1.08036995e+02 1.04317390e+02 4.62642212e+01
  endloop
 endfacet
 facet normal -8.66673648e-01 4.98875499e-01 5.60403942e-06
  outer loop
   vertex 9.13310013e+01 5.60870514e+01 4.62642174e+01
   vertex 8.97447052e+01 5.33639679e+01 4.62642174e+01
   vertex 9.13309860e+01 5.60870361e+01 5.17912788e+01
  endloop
 endfacet
 facet normal -8.61435175e-01 5.07867217e-01 5.29886107e-04
  outer loop
   vertex 9.13309860e+01 5.60870361e+01 5.17912788e+01
   vertex 8.97447052e+01 5.33639679e+01 4.62642174e+01
   vertex 8.97447357e+01 5.33639679e+01 5.17913017e+01
  endloop
 endfacet
 facet normal -8.81802320e-01 4.71618861e-01 5.27178985e-04
  outer loop
   vertex 9.28317032e+01 5.88582916e+01 5.17912598e+01
   vertex 9.28316956e+01 5.88582916e+01 4.62642174e+01
   vertex 9.13309860e+01 5.60870361e+01 5.17912788e+01
  endloop
 endfacet
 facet normal -8.76857281e-01 4.80750740e-01 5.49282049e-06
  outer loop
   vertex 9.13309860e+01 5.60870361e+01 5.17912788e+01
   vertex 9.28316956e+01 5.88582916e+01 4.62642174e+01
   vertex 9.13310013e+01 5.60870514e+01 4.62642174e+01
  endloop
 endfacet
 facet normal -8.95625651e-01 4.44808394e-01 4.69705759e-04
  outer loop
   vertex 9.42458267e+01 6.16758575e+01 4.62642174e+01
   vertex 9.28316956e+01 5.88582916e+01 4.62642174e+01
   vertex 9.42454605e+01 6.16750488e+01 5.17908173e+01
  endloop
 endfacet
 facet normal -8.91090214e-01 4.53825116e-01 9.91257140e-04
  outer loop
   vertex 9.42454605e+01 6.16750488e+01 5.17908173e+01
   vertex 9.28316956e+01 5.88582916e+01 4.62642174e+01
   vertex 9.28317032e+01 5.88582916e+01 5.17912598e+01
  endloop
 endfacet
 facet normal -9.08359349e-01 4.18188155e-01 1.39735453e-03
  outer loop
   vertex 9.55794067e+01 6.45399323e+01 5.17903709e+01
   vertex 9.55793915e+01 6.45399323e+01 4.62642174e+01
   vertex 9.42454605e+01 6.16750488e+01 5.17908173e+01
  endloop
 endfacet
 facet normal -9.04171407e-01 4.27169591e-01 4.69811377e-04
  outer loop
   vertex 9.42454605e+01 6.16750488e+01 5.17908173e+01
   vertex 9.55793915e+01 6.45399323e+01 4.62642174e+01
   vertex 9.42458267e+01 6.16758575e+01 4.62642174e+01
  endloop
 endfacet
 facet normal -9.56731558e-01 2.90971994e-01 -3.23685214e-07
  outer loop
   vertex 1.03215530e+02 8.55843201e+01 1.31497536e+01
   vertex 1.02271912e+02 8.25056610e+01 1.31497536e+01
   vertex 1.03215530e+02 8.55843124e+01 1.86688309e+01
  endloop
 endfacet
 facet normal -9.55345869e-01 2.95489937e-01 -2.57329418e-07
  outer loop
   vertex 1.03215530e+02 8.55843124e+01 1.86688309e+01
   vertex 1.02271912e+02 8.25056610e+01 1.31497536e+01
   vertex 1.02271912e+02 8.25056534e+01 1.86688347e+01
  endloop
 endfacet
 facet normal -9.60622728e-01 2.77856112e-01 -3.50108735e-07
  outer loop
   vertex 1.04117409e+02 8.86784592e+01 1.86688309e+01
   vertex 1.04117409e+02 8.86784592e+01 1.31497536e+01
   vertex 1.03215530e+02 8.55843124e+01 1.86688309e+01
  endloop
 endfacet
 facet normal -9.59368825e-01 2.82154977e-01 -4.59502530e-07
  outer loop
   vertex 1.03215530e+02 8.55843124e+01 1.86688309e+01
   vertex 1.04117409e+02 8.86784592e+01 1.31497536e+01
   vertex 1.03215530e+02 8.55843201e+01 1.31497536e+01
  endloop
 endfacet
 facet normal -9.59368944e-01 2.82154649e-01 -1.82570673e-07
  outer loop
   vertex 1.03215530e+02 8.55843201e+01 2.41879082e+01
   vertex 1.04117409e+02 8.86784592e+01 2.41879082e+01
   vertex 1.03215530e+02 8.55843124e+01 1.86688309e+01
  endloop
 endfacet
 facet normal -9.60622787e-01 2.77855873e-01 -1.39296617e-07
  outer loop
   vertex 1.03215530e+02 8.55843124e+01 1.86688309e+01
   vertex 1.04117409e+02 8.86784592e+01 2.41879082e+01
   vertex 1.04117409e+02 8.86784592e+01 1.86688309e+01
  endloop
 endfacet
 facet normal -9.55345869e-01 2.95489967e-01 -3.70810653e-07
  outer loop
   vertex 1.02271912e+02 8.25056534e+01 1.86688347e+01
   vertex 1.02271912e+02 8.25056534e+01 2.41879082e+01
   vertex 1.03215530e+02 8.55843124e+01 1.86688309e+01
  endloop
 endfacet
 facet normal -9.56731558e-01 2.90971935e-01 -3.71046582e-07
  outer loop
   vertex 1.03215530e+02 8.55843124e+01 1.86688309e+01
   vertex 1.02271912e+02 8.25056534e+01 2.41879082e+01
   vertex 1.03215530e+02 8.55843201e+01 2.41879082e+01
  endloop
 endfacet
 facet normal -9.52407479e-01 3.04827809e-01 8.55371241e-08
  outer loop
   vertex 1.02271912e+02 8.25056534e+01 1.86688347e+01
   vertex 1.02271912e+02 8.25056610e+01 1.31497536e+01
   vertex 1.01285362e+02 7.94466629e+01 1.86688347e+01
  endloop
 endfacet
 facet normal -9.50851738e-01 3.09646606e-01 1.11310740e-07
  outer loop
   vertex 1.01285362e+02 7.94466629e+01 1.86688347e+01
   vertex 1.02271912e+02 8.25056610e+01 1.31497536e+01
   vertex 1.01285362e+02 7.94466629e+01 1.31497536e+01
  endloop
 endfacet
 facet normal -9.50851679e-01 3.09646666e-01 -1.43369945e-07
  outer loop
   vertex 1.01285362e+02 7.94466629e+01 2.41879082e+01
   vertex 1.02271912e+02 8.25056534e+01 2.41879082e+01
   vertex 1.01285362e+02 7.94466629e+01 1.86688347e+01
  endloop
 endfacet
 facet normal -9.52407479e-01 3.04827839e-01 -2.79444947e-08
  outer loop
   vertex 1.01285362e+02 7.94466629e+01 1.86688347e+01
   vertex 1.02271912e+02 8.25056534e+01 2.41879082e+01
   vertex 1.02271912e+02 8.25056534e+01 1.86688347e+01
  endloop
 endfacet
 facet normal -9.45769489e-01 3.24838579e-01 1.43371352e-07
  outer loop
   vertex 1.00252342e+02 7.64089279e+01 1.86688309e+01
   vertex 1.00252342e+02 7.64089279e+01 2.41879082e+01
   vertex 1.01285362e+02 7.94466629e+01 1.86688347e+01
  endloop
 endfacet
 facet normal -9.47534740e-01 3.19652736e-01 -2.95738132e-14
  outer loop
   vertex 1.01285362e+02 7.94466629e+01 1.86688347e+01
   vertex 1.00252342e+02 7.64089279e+01 2.41879082e+01
   vertex 1.01285362e+02 7.94466629e+01 2.41879082e+01
  endloop
 endfacet
 facet normal -9.47534800e-01 3.19652706e-01 -4.93757000e-08
  outer loop
   vertex 1.01285362e+02 7.94466629e+01 1.31497536e+01
   vertex 1.00252342e+02 7.64089127e+01 1.31497536e+01
   vertex 1.01285362e+02 7.94466629e+01 1.86688347e+01
  endloop
 endfacet
 facet normal -9.45769489e-01 3.24838579e-01 -4.72039936e-08
  outer loop
   vertex 1.01285362e+02 7.94466629e+01 1.86688347e+01
   vertex 1.00252342e+02 7.64089127e+01 1.31497536e+01
   vertex 1.00252342e+02 7.64089279e+01 1.86688309e+01
  endloop
 endfacet
 facet normal -9.28195775e-01 3.72092158e-01 4.75041606e-09
  outer loop
   vertex 9.80323639e+01 7.04059677e+01 1.86688309e+01
   vertex 9.80323639e+01 7.04059677e+01 1.31497536e+01
   vertex 9.68381729e+01 6.74511566e+01 1.86688309e+01
  endloop
 endfacet
 facet normal -9.25410271e-01 3.78966719e-01 -1.36707143e-07
  outer loop
   vertex 9.68381729e+01 6.74511566e+01 1.86688309e+01
   vertex 9.80323639e+01 7.04059677e+01 1.31497536e+01
   vertex 9.68381729e+01 6.74511566e+01 1.31497536e+01
  endloop
 endfacet
 facet normal -9.25410390e-01 3.78966540e-01 1.68294951e-16
  outer loop
   vertex 9.68381729e+01 6.74511566e+01 2.41879082e+01
   vertex 9.80323639e+01 7.04059677e+01 2.41879082e+01
   vertex 9.68381729e+01 6.74511566e+01 1.86688309e+01
  endloop
 endfacet
 facet normal -9.28195953e-01 3.72091800e-01 1.65241953e-16
  outer loop
   vertex 9.68381729e+01 6.74511566e+01 1.86688309e+01
   vertex 9.80323639e+01 7.04059677e+01 2.41879082e+01
   vertex 9.80323639e+01 7.04059677e+01 1.86688309e+01
  endloop
 endfacet
 facet normal -9.15790677e-01 4.01655853e-01 1.45874793e-07
  outer loop
   vertex 9.55793915e+01 6.45399323e+01 1.86688347e+01
   vertex 9.55793915e+01 6.45399323e+01 2.41879082e+01
   vertex 9.68381729e+01 6.74511566e+01 1.86688309e+01
  endloop
 endfacet
 facet normal -9.19216633e-01 3.93752217e-01 1.74861111e-16
  outer loop
   vertex 9.68381729e+01 6.74511566e+01 1.86688309e+01
   vertex 9.55793915e+01 6.45399323e+01 2.41879082e+01
   vertex 9.68381729e+01 6.74511566e+01 2.41879082e+01
  endloop
 endfacet
 facet normal -9.19216573e-01 3.93752396e-01 -3.72558674e-07
  outer loop
   vertex 9.68381729e+01 6.74511566e+01 1.31497536e+01
   vertex 9.55793915e+01 6.45399323e+01 1.31497536e+01
   vertex 9.68381729e+01 6.74511566e+01 1.86688309e+01
  endloop
 endfacet
 facet normal -9.15790558e-01 4.01656181e-01 -8.52236113e-08
  outer loop
   vertex 9.68381729e+01 6.74511566e+01 1.86688309e+01
   vertex 9.55793915e+01 6.45399323e+01 1.31497536e+01
   vertex 9.55793915e+01 6.45399323e+01 1.86688347e+01
  endloop
 endfacet
 facet normal -9.04343903e-01 4.26804483e-01 1.63560372e-07
  outer loop
   vertex 9.42458267e+01 6.16758423e+01 2.41879082e+01
   vertex 9.55793915e+01 6.45399323e+01 2.41879082e+01
   vertex 9.42458267e+01 6.16758423e+01 1.86688347e+01
  endloop
 endfacet
 facet normal -9.08361733e-01 4.18185383e-01 3.09437780e-07
  outer loop
   vertex 9.42458267e+01 6.16758423e+01 1.86688347e+01
   vertex 9.55793915e+01 6.45399323e+01 2.41879082e+01
   vertex 9.55793915e+01 6.45399323e+01 1.86688347e+01
  endloop
 endfacet
 facet normal -8.91274154e-01 4.53464925e-01 1.08121725e-07
  outer loop
   vertex 9.28317032e+01 5.88582916e+01 1.86688309e+01
   vertex 9.28316956e+01 5.88582916e+01 2.41879082e+01
   vertex 9.42458267e+01 6.16758423e+01 1.86688347e+01
  endloop
 endfacet
 facet normal -8.95805240e-01 4.44446772e-01 9.04389523e-08
  outer loop
   vertex 9.42458267e+01 6.16758423e+01 1.86688347e+01
   vertex 9.28316956e+01 5.88582916e+01 2.41879082e+01
   vertex 9.42458267e+01 6.16758423e+01 2.41879082e+01
  endloop
 endfacet
 facet normal -8.95804942e-01 4.44447398e-01 -9.47311829e-09
  outer loop
   vertex 9.42458267e+01 6.16758575e+01 1.31497536e+01
   vertex 9.28316956e+01 5.88582916e+01 1.31497536e+01
   vertex 9.42458267e+01 6.16758423e+01 1.86688347e+01
  endloop
 endfacet
 facet normal -8.91273975e-01 4.53465194e-01 7.70850903e-08
  outer loop
   vertex 9.42458267e+01 6.16758423e+01 1.86688347e+01
   vertex 9.28316956e+01 5.88582916e+01 1.31497536e+01
   vertex 9.28317032e+01 5.88582916e+01 1.86688309e+01
  endloop
 endfacet
 facet normal -9.08361554e-01 4.18185711e-01 7.83356242e-08
  outer loop
   vertex 9.55793915e+01 6.45399323e+01 1.86688347e+01
   vertex 9.55793915e+01 6.45399323e+01 1.31497536e+01
   vertex 9.42458267e+01 6.16758423e+01 1.86688347e+01
  endloop
 endfacet
 facet normal -9.04343605e-01 4.26805168e-01 -1.36416446e-07
  outer loop
   vertex 9.42458267e+01 6.16758423e+01 1.86688347e+01
   vertex 9.55793915e+01 6.45399323e+01 1.31497536e+01
   vertex 9.42458267e+01 6.16758575e+01 1.31497536e+01
  endloop
 endfacet
 facet normal -8.76856446e-01 4.80752349e-01 -3.60689523e-06
  outer loop
   vertex 9.13310013e+01 5.60870514e+01 1.31497536e+01
   vertex 9.28316956e+01 5.88582916e+01 1.31497536e+01
   vertex 9.13309860e+01 5.60870361e+01 7.62268829e+00
  endloop
 endfacet
 facet normal -8.81801546e-01 4.71620560e-01 -2.94425321e-04
  outer loop
   vertex 9.13309860e+01 5.60870361e+01 7.62268829e+00
   vertex 9.28316956e+01 5.88582916e+01 1.31497536e+01
   vertex 9.28317032e+01 5.88582916e+01 7.62270737e+00
  endloop
 endfacet
 facet normal -8.61434042e-01 5.07869363e-01 -2.95466423e-04
  outer loop
   vertex 8.97447205e+01 5.33639832e+01 7.62266159e+00
   vertex 8.97447128e+01 5.33639679e+01 1.31497536e+01
   vertex 9.13309860e+01 5.60870361e+01 7.62268829e+00
  endloop
 endfacet
 facet normal -8.66672695e-01 4.98877168e-01 -3.42455951e-06
  outer loop
   vertex 9.13309860e+01 5.60870361e+01 7.62268829e+00
   vertex 8.97447128e+01 5.33639679e+01 1.31497536e+01
   vertex 9.13310013e+01 5.60870514e+01 1.31497536e+01
  endloop
 endfacet
 facet normal -6.65854514e-01 7.46081591e-01 1.46199881e-07
  outer loop
   vertex 6.95560150e+01 2.93398285e+01 2.97069817e+01
   vertex 6.95560150e+01 2.93398285e+01 3.52260590e+01
   vertex 7.18969040e+01 3.14512329e+01 2.97069855e+01
  endloop
 endfacet
 facet normal -6.73444033e-01 7.39238262e-01 -1.19363436e-10
  outer loop
   vertex 7.18969040e+01 3.14512329e+01 2.97069855e+01
   vertex 6.95560150e+01 2.93398285e+01 3.52260590e+01
   vertex 7.18969040e+01 3.14512329e+01 3.52260590e+01
  endloop
 endfacet
 facet normal -6.73443854e-01 7.39238381e-01 1.46200065e-07
  outer loop
   vertex 7.18969040e+01 3.14512329e+01 2.41879082e+01
   vertex 6.95560074e+01 2.93398285e+01 2.41879082e+01
   vertex 7.18969040e+01 3.14512329e+01 2.97069855e+01
  endloop
 endfacet
 facet normal -6.65854335e-01 7.46081769e-01 2.92519218e-07
  outer loop
   vertex 7.18969040e+01 3.14512329e+01 2.97069855e+01
   vertex 6.95560074e+01 2.93398285e+01 2.41879082e+01
   vertex 6.95560150e+01 2.93398285e+01 2.97069817e+01
  endloop
 endfacet
 facet normal -6.95510507e-01 7.18515933e-01 1.46079600e-07
  outer loop
   vertex 7.41745300e+01 3.36345215e+01 2.97069817e+01
   vertex 7.41745224e+01 3.36345215e+01 2.41879082e+01
   vertex 7.18969040e+01 3.14512329e+01 2.97069855e+01
  endloop
 endfacet
 facet normal -6.88270807e-01 7.25453854e-01 7.30400203e-08
  outer loop
   vertex 7.18969040e+01 3.14512329e+01 2.97069855e+01
   vertex 7.41745224e+01 3.36345215e+01 2.41879082e+01
   vertex 7.18969040e+01 3.14512329e+01 2.41879082e+01
  endloop
 endfacet
 facet normal -6.88270628e-01 7.25454032e-01 7.30398995e-08
  outer loop
   vertex 7.18969040e+01 3.14512329e+01 3.52260590e+01
   vertex 7.41745300e+01 3.36345215e+01 3.52260590e+01
   vertex 7.18969040e+01 3.14512329e+01 2.97069855e+01
  endloop
 endfacet
 facet normal -6.95510328e-01 7.18516111e-01 1.46079572e-07
  outer loop
   vertex 7.18969040e+01 3.14512329e+01 2.97069855e+01
   vertex 7.41745300e+01 3.36345215e+01 3.52260590e+01
   vertex 7.41745300e+01 3.36345215e+01 2.97069817e+01
  endloop
 endfacet
 facet normal -7.37886608e-01 6.74924672e-01 5.85354769e-07
  outer loop
   vertex 7.85238953e+01 3.81970520e+01 4.07451363e+01
   vertex 7.85238876e+01 3.81970673e+01 3.52260590e+01
   vertex 7.63854065e+01 3.58840332e+01 4.07451363e+01
  endloop
 endfacet
 facet normal -7.30892301e-01 6.82492793e-01 5.12142037e-07
  outer loop
   vertex 7.63854065e+01 3.58840332e+01 4.07451363e+01
   vertex 7.85238876e+01 3.81970673e+01 3.52260590e+01
   vertex 7.63854065e+01 3.58840332e+01 3.52260590e+01
  endloop
 endfacet
 facet normal -7.30891943e-01 6.82493210e-01 4.42864376e-07
  outer loop
   vertex 7.63854065e+01 3.58840332e+01 4.62642174e+01
   vertex 7.85238876e+01 3.81970520e+01 4.62642174e+01
   vertex 7.63854065e+01 3.58840332e+01 4.07451363e+01
  endloop
 endfacet
 facet normal -7.37886608e-01 6.74924672e-01 4.51028427e-07
  outer loop
   vertex 7.63854065e+01 3.58840332e+01 4.07451363e+01
   vertex 7.85238876e+01 3.81970520e+01 4.62642174e+01
   vertex 7.85238953e+01 3.81970520e+01 4.07451363e+01
  endloop
 endfacet
 facet normal -7.09798574e-01 7.04404712e-01 2.11561215e-07
  outer loop
   vertex 7.41745377e+01 3.36345215e+01 4.07451363e+01
   vertex 7.41745300e+01 3.36345215e+01 4.62642174e+01
   vertex 7.63854065e+01 3.58840332e+01 4.07451363e+01
  endloop
 endfacet
 facet normal -7.16845989e-01 6.97231531e-01 4.22918617e-07
  outer loop
   vertex 7.63854065e+01 3.58840332e+01 4.07451363e+01
   vertex 7.41745300e+01 3.36345215e+01 4.62642174e+01
   vertex 7.63854065e+01 3.58840332e+01 4.62642174e+01
  endloop
 endfacet
 facet normal -7.16846168e-01 6.97231352e-01 2.92618154e-07
  outer loop
   vertex 7.63854065e+01 3.58840332e+01 3.52260590e+01
   vertex 7.41745300e+01 3.36345215e+01 3.52260590e+01
   vertex 7.63854065e+01 3.58840332e+01 4.07451363e+01
  endloop
 endfacet
 facet normal -7.09798336e-01 7.04404950e-01 1.46309063e-07
  outer loop
   vertex 7.63854065e+01 3.58840332e+01 4.07451363e+01
   vertex 7.41745300e+01 3.36345215e+01 3.52260590e+01
   vertex 7.41745377e+01 3.36345215e+01 4.07451363e+01
  endloop
 endfacet
 facet normal -8.45126987e-01 5.34565628e-01 4.22524347e-13
  outer loop
   vertex 8.80752792e+01 5.06937714e+01 2.41879082e+01
   vertex 8.97447128e+01 5.33639679e+01 2.41879082e+01
   vertex 8.80752716e+01 5.06937714e+01 1.86688309e+01
  endloop
 endfacet
 facet normal -8.50661814e-01 5.25713325e-01 2.11376869e-13
  outer loop
   vertex 8.80752716e+01 5.06937714e+01 1.86688309e+01
   vertex 8.97447128e+01 5.33639679e+01 2.41879082e+01
   vertex 8.97447128e+01 5.33639679e+01 1.86688309e+01
  endloop
 endfacet
 facet normal -8.27946663e-01 5.60806870e-01 2.49048280e-16
  outer loop
   vertex 8.63233795e+01 4.80779114e+01 1.86688309e+01
   vertex 8.63233795e+01 4.80779114e+01 2.41879082e+01
   vertex 8.80752716e+01 5.06937714e+01 1.86688309e+01
  endloop
 endfacet
 facet normal -8.33769500e-01 5.52112639e-01 2.11388836e-13
  outer loop
   vertex 8.80752716e+01 5.06937714e+01 1.86688309e+01
   vertex 8.63233795e+01 4.80779114e+01 2.41879082e+01
   vertex 8.80752792e+01 5.06937714e+01 2.41879082e+01
  endloop
 endfacet
 facet normal -8.33769679e-01 5.52112460e-01 -3.18488389e-07
  outer loop
   vertex 8.80752792e+01 5.06937714e+01 1.31497536e+01
   vertex 8.63233795e+01 4.80779114e+01 1.31497536e+01
   vertex 8.80752716e+01 5.06937714e+01 1.86688309e+01
  endloop
 endfacet
 facet normal -8.27946603e-01 5.60806930e-01 -2.50483055e-07
  outer loop
   vertex 8.80752716e+01 5.06937714e+01 1.86688309e+01
   vertex 8.63233795e+01 4.80779114e+01 1.31497536e+01
   vertex 8.63233795e+01 4.80779114e+01 1.86688309e+01
  endloop
 endfacet
 facet normal -8.50661695e-01 5.25713444e-01 7.81768890e-08
  outer loop
   vertex 8.97447128e+01 5.33639679e+01 1.86688309e+01
   vertex 8.97447128e+01 5.33639679e+01 1.31497536e+01
   vertex 8.80752716e+01 5.06937714e+01 1.86688309e+01
  endloop
 endfacet
 facet normal -8.45127046e-01 5.34565449e-01 1.01715871e-08
  outer loop
   vertex 8.80752716e+01 5.06937714e+01 1.86688309e+01
   vertex 8.97447128e+01 5.33639679e+01 1.31497536e+01
   vertex 8.80752792e+01 5.06937714e+01 1.31497536e+01
  endloop
 endfacet
 facet normal -7.30892599e-01 6.82492554e-01 -3.04997272e-08
  outer loop
   vertex 7.63854065e+01 3.58840332e+01 2.41879082e+01
   vertex 7.85238876e+01 3.81970673e+01 2.41879082e+01
   vertex 7.63854065e+01 3.58840332e+01 1.86688347e+01
  endloop
 endfacet
 facet normal -7.37886906e-01 6.74924374e-01 -1.03711891e-07
  outer loop
   vertex 7.63854065e+01 3.58840332e+01 1.86688347e+01
   vertex 7.85238876e+01 3.81970673e+01 2.41879082e+01
   vertex 7.85238953e+01 3.81970673e+01 1.86688347e+01
  endloop
 endfacet
 facet normal -7.09798992e-01 7.04404294e-01 -7.30394873e-08
  outer loop
   vertex 7.41745377e+01 3.36345215e+01 1.86688309e+01
   vertex 7.41745224e+01 3.36345215e+01 2.41879082e+01
   vertex 7.63854065e+01 3.58840332e+01 1.86688347e+01
  endloop
 endfacet
 facet normal -7.16846704e-01 6.97230816e-01 3.65049584e-14
  outer loop
   vertex 7.63854065e+01 3.58840332e+01 1.86688347e+01
   vertex 7.41745224e+01 3.36345215e+01 2.41879082e+01
   vertex 7.63854065e+01 3.58840332e+01 2.41879082e+01
  endloop
 endfacet
 facet normal -7.16846824e-01 6.97230697e-01 -4.82289806e-07
  outer loop
   vertex 7.63854065e+01 3.58840332e+01 1.31497536e+01
   vertex 7.41745300e+01 3.36345215e+01 1.31497536e+01
   vertex 7.63854065e+01 3.58840332e+01 1.86688347e+01
  endloop
 endfacet
 facet normal -7.09799051e-01 7.04404235e-01 -1.82453391e-07
  outer loop
   vertex 7.63854065e+01 3.58840332e+01 1.86688347e+01
   vertex 7.41745300e+01 3.36345215e+01 1.31497536e+01
   vertex 7.41745377e+01 3.36345215e+01 1.86688309e+01
  endloop
 endfacet
 facet normal -7.37887025e-01 6.74924195e-01 -3.73144502e-07
  outer loop
   vertex 7.85238953e+01 3.81970673e+01 1.86688347e+01
   vertex 7.85238876e+01 3.81970673e+01 1.31497536e+01
   vertex 7.63854065e+01 3.58840332e+01 1.86688347e+01
  endloop
 endfacet
 facet normal -7.30892777e-01 6.82492316e-01 -6.72810188e-07
  outer loop
   vertex 7.63854065e+01 3.58840332e+01 1.86688347e+01
   vertex 7.85238876e+01 3.81970673e+01 1.31497536e+01
   vertex 7.63854065e+01 3.58840332e+01 1.31497536e+01
  endloop
 endfacet
 facet normal -7.51708448e-01 6.59495592e-01 -2.07416534e-07
  outer loop
   vertex 7.85238953e+01 3.81970673e+01 1.86688347e+01
   vertex 7.85238876e+01 3.81970673e+01 2.41879082e+01
   vertex 8.05873413e+01 4.05740356e+01 1.86688309e+01
  endloop
 endfacet
 facet normal -7.58534372e-01 6.51633024e-01 -1.95196222e-07
  outer loop
   vertex 8.05873413e+01 4.05740356e+01 1.86688309e+01
   vertex 7.85238876e+01 3.81970673e+01 2.41879082e+01
   vertex 8.05873413e+01 4.05740509e+01 2.41879082e+01
  endloop
 endfacet
 facet normal -7.58534491e-01 6.51632905e-01 -4.64535844e-07
  outer loop
   vertex 8.05873413e+01 4.05740356e+01 1.31497536e+01
   vertex 7.85238876e+01 3.81970673e+01 1.31497536e+01
   vertex 8.05873413e+01 4.05740356e+01 1.86688309e+01
  endloop
 endfacet
 facet normal -7.51708627e-01 6.59495413e-01 -4.76849721e-07
  outer loop
   vertex 8.05873413e+01 4.05740356e+01 1.86688309e+01
   vertex 7.85238876e+01 3.81970673e+01 1.31497536e+01
   vertex 7.85238953e+01 3.81970673e+01 1.86688347e+01
  endloop
 endfacet
 facet normal -7.78455973e-01 6.27699196e-01 -2.68143424e-07
  outer loop
   vertex 8.25762100e+01 4.30147705e+01 1.86688309e+01
   vertex 8.25762100e+01 4.30147705e+01 1.31497536e+01
   vertex 8.05873413e+01 4.05740356e+01 1.86688309e+01
  endloop
 endfacet
 facet normal -7.71907747e-01 6.35734558e-01 -2.98549622e-07
  outer loop
   vertex 8.05873413e+01 4.05740356e+01 1.86688309e+01
   vertex 8.25762100e+01 4.30147705e+01 1.31497536e+01
   vertex 8.05873413e+01 4.05740356e+01 1.31497536e+01
  endloop
 endfacet
 facet normal -7.71907747e-01 6.35734558e-01 -1.95188449e-07
  outer loop
   vertex 8.05873413e+01 4.05740509e+01 2.41879082e+01
   vertex 8.25762100e+01 4.30147705e+01 2.41879082e+01
   vertex 8.05873413e+01 4.05740356e+01 1.86688309e+01
  endloop
 endfacet
 facet normal -7.78455913e-01 6.27699256e-01 -1.64688657e-07
  outer loop
   vertex 8.05873413e+01 4.05740356e+01 1.86688309e+01
   vertex 8.25762100e+01 4.30147705e+01 2.41879082e+01
   vertex 8.25762100e+01 4.30147705e+01 1.86688309e+01
  endloop
 endfacet
 facet normal -8.16047728e-01 5.77984512e-01 -2.50482884e-07
  outer loop
   vertex 8.63233795e+01 4.80779114e+01 1.86688309e+01
   vertex 8.63233795e+01 4.80779114e+01 1.31497536e+01
   vertex 8.44894180e+01 4.55173187e+01 1.86688309e+01
  endloop
 endfacet
 facet normal -8.09972167e-01 5.86468279e-01 -4.27831566e-07
  outer loop
   vertex 8.44894180e+01 4.55173187e+01 1.86688309e+01
   vertex 8.63233795e+01 4.80779114e+01 1.31497536e+01
   vertex 8.44894180e+01 4.55173187e+01 1.31497536e+01
  endloop
 endfacet
 facet normal -8.09972167e-01 5.86468339e-01 2.60444261e-16
  outer loop
   vertex 8.44894180e+01 4.55173187e+01 2.41879082e+01
   vertex 8.63233795e+01 4.80779114e+01 2.41879082e+01
   vertex 8.44894180e+01 4.55173187e+01 1.86688309e+01
  endloop
 endfacet
 facet normal -8.16047788e-01 5.77984452e-01 2.56676659e-16
  outer loop
   vertex 8.44894180e+01 4.55173187e+01 1.86688309e+01
   vertex 8.63233795e+01 4.80779114e+01 2.41879082e+01
   vertex 8.63233795e+01 4.80779114e+01 1.86688309e+01
  endloop
 endfacet
 facet normal -7.91301489e-01 6.11426175e-01 -6.09843553e-08
  outer loop
   vertex 8.25762100e+01 4.30147705e+01 1.86688309e+01
   vertex 8.25762100e+01 4.30147705e+01 2.41879082e+01
   vertex 8.44894180e+01 4.55173187e+01 1.86688309e+01
  endloop
 endfacet
 facet normal -7.97598541e-01 6.03188694e-01 -3.04921741e-08
  outer loop
   vertex 8.44894180e+01 4.55173187e+01 1.86688309e+01
   vertex 8.25762100e+01 4.30147705e+01 2.41879082e+01
   vertex 8.44894180e+01 4.55173187e+01 2.41879082e+01
  endloop
 endfacet
 facet normal -7.97598600e-01 6.03188574e-01 -3.11295366e-07
  outer loop
   vertex 8.44894180e+01 4.55173187e+01 1.31497536e+01
   vertex 8.25762100e+01 4.30147705e+01 1.31497536e+01
   vertex 8.44894180e+01 4.55173187e+01 1.86688309e+01
  endloop
 endfacet
 facet normal -7.91301548e-01 6.11426115e-01 -1.64439115e-07
  outer loop
   vertex 8.44894180e+01 4.55173187e+01 1.86688309e+01
   vertex 8.25762100e+01 4.30147705e+01 1.31497536e+01
   vertex 8.25762100e+01 4.30147705e+01 1.86688309e+01
  endloop
 endfacet
 facet normal -7.16845572e-01 6.97232008e-01 4.75173192e-06
  outer loop
   vertex 7.63854065e+01 3.58840332e+01 4.62642174e+01
   vertex 7.41745300e+01 3.36345215e+01 4.62642174e+01
   vertex 7.63856659e+01 3.58842773e+01 5.17911110e+01
  endloop
 endfacet
 facet normal -7.10102856e-01 7.04097271e-01 1.00604701e-03
  outer loop
   vertex 7.63856659e+01 3.58842773e+01 5.17911110e+01
   vertex 7.41745300e+01 3.36345215e+01 4.62642174e+01
   vertex 7.41745300e+01 3.36345215e+01 5.17909241e+01
  endloop
 endfacet
 facet normal -7.37886548e-01 6.74924612e-01 5.27875673e-04
  outer loop
   vertex 7.85238953e+01 3.81970520e+01 5.17913017e+01
   vertex 7.85238876e+01 3.81970520e+01 4.62642174e+01
   vertex 7.63856659e+01 3.58842773e+01 5.17911110e+01
  endloop
 endfacet
 facet normal -7.30891466e-01 6.82493687e-01 4.77169988e-06
  outer loop
   vertex 7.63856659e+01 3.58842773e+01 5.17911110e+01
   vertex 7.85238876e+01 3.81970520e+01 4.62642174e+01
   vertex 7.63854065e+01 3.58840332e+01 4.62642174e+01
  endloop
 endfacet
 facet normal -7.97598600e-01 6.03188574e-01 2.92660559e-07
  outer loop
   vertex 8.44894180e+01 4.55173187e+01 3.52260590e+01
   vertex 8.25762100e+01 4.30147705e+01 3.52260590e+01
   vertex 8.44894180e+01 4.55173187e+01 4.07451363e+01
  endloop
 endfacet
 facet normal -7.91301489e-01 6.11426115e-01 3.65854135e-07
  outer loop
   vertex 8.44894180e+01 4.55173187e+01 4.07451363e+01
   vertex 8.25762100e+01 4.30147705e+01 3.52260590e+01
   vertex 8.25762177e+01 4.30147705e+01 4.07451363e+01
  endloop
 endfacet
 facet normal -8.16047668e-01 5.77984631e-01 7.31557535e-08
  outer loop
   vertex 8.63233795e+01 4.80779114e+01 4.07451363e+01
   vertex 8.63233795e+01 4.80779114e+01 3.52260590e+01
   vertex 8.44894180e+01 4.55173187e+01 4.07451363e+01
  endloop
 endfacet
 facet normal -8.09972346e-01 5.86468101e-01 1.46311507e-07
  outer loop
   vertex 8.44894180e+01 4.55173187e+01 4.07451363e+01
   vertex 8.63233795e+01 4.80779114e+01 3.52260590e+01
   vertex 8.44894180e+01 4.55173187e+01 3.52260590e+01
  endloop
 endfacet
 facet normal -8.09971869e-01 5.86468697e-01 3.39443289e-07
  outer loop
   vertex 8.44894180e+01 4.55173187e+01 4.62642174e+01
   vertex 8.63233795e+01 4.80779114e+01 4.62642174e+01
   vertex 8.44894180e+01 4.55173187e+01 4.07451363e+01
  endloop
 endfacet
 facet normal -8.16047370e-01 5.77984989e-01 2.97614662e-07
  outer loop
   vertex 8.44894180e+01 4.55173187e+01 4.07451363e+01
   vertex 8.63233795e+01 4.80779114e+01 4.62642174e+01
   vertex 8.63233795e+01 4.80779114e+01 4.07451363e+01
  endloop
 endfacet
 facet normal -7.91301608e-01 6.11426055e-01 1.88272665e-07
  outer loop
   vertex 8.25762177e+01 4.30147705e+01 4.07451363e+01
   vertex 8.25762177e+01 4.30147705e+01 4.62642174e+01
   vertex 8.44894180e+01 4.55173187e+01 4.07451363e+01
  endloop
 endfacet
 facet normal -7.97598541e-01 6.03188694e-01 8.37519849e-08
  outer loop
   vertex 8.44894180e+01 4.55173187e+01 4.07451363e+01
   vertex 8.25762177e+01 4.30147705e+01 4.62642174e+01
   vertex 8.44894180e+01 4.55173187e+01 4.62642174e+01
  endloop
 endfacet
 facet normal -7.97598362e-01 6.03188932e-01 5.02442072e-06
  outer loop
   vertex 8.44894180e+01 4.55173187e+01 4.62642174e+01
   vertex 8.25762177e+01 4.30147705e+01 4.62642174e+01
   vertex 8.44894791e+01 4.55173950e+01 5.17912865e+01
  endloop
 endfacet
 facet normal -7.91301072e-01 6.11426473e-01 5.24393865e-04
  outer loop
   vertex 8.44894791e+01 4.55173950e+01 5.17912865e+01
   vertex 8.25762177e+01 4.30147705e+01 4.62642174e+01
   vertex 8.25762253e+01 4.30147705e+01 5.17912369e+01
  endloop
 endfacet
 facet normal -8.16047013e-01 5.77985287e-01 5.31650032e-04
  outer loop
   vertex 8.63233871e+01 4.80778961e+01 5.17913399e+01
   vertex 8.63233795e+01 4.80779114e+01 4.62642174e+01
   vertex 8.44894791e+01 4.55173950e+01 5.17912865e+01
  endloop
 endfacet
 facet normal -8.09971690e-01 5.86468935e-01 5.28011878e-06
  outer loop
   vertex 8.44894791e+01 4.55173950e+01 5.17912865e+01
   vertex 8.63233795e+01 4.80779114e+01 4.62642174e+01
   vertex 8.44894180e+01 4.55173187e+01 4.62642174e+01
  endloop
 endfacet
 facet normal -8.61434758e-01 5.07868230e-01 1.63107483e-13
  outer loop
   vertex 8.97447128e+01 5.33639679e+01 2.97069817e+01
   vertex 8.97447128e+01 5.33639679e+01 3.52260590e+01
   vertex 9.13310013e+01 5.60870514e+01 2.97069855e+01
  endloop
 endfacet
 facet normal -8.66673410e-01 4.98875946e-01 7.31234380e-08
  outer loop
   vertex 9.13310013e+01 5.60870514e+01 2.97069855e+01
   vertex 8.97447128e+01 5.33639679e+01 3.52260590e+01
   vertex 9.13310013e+01 5.60870514e+01 3.52260590e+01
  endloop
 endfacet
 facet normal -8.66673529e-01 4.98875767e-01 -7.31232745e-08
  outer loop
   vertex 9.13310013e+01 5.60870514e+01 2.41879082e+01
   vertex 8.97447128e+01 5.33639679e+01 2.41879082e+01
   vertex 9.13310013e+01 5.60870514e+01 2.97069855e+01
  endloop
 endfacet
 facet normal -8.61434877e-01 5.07868052e-01 4.22512069e-13
  outer loop
   vertex 9.13310013e+01 5.60870514e+01 2.97069855e+01
   vertex 8.97447128e+01 5.33639679e+01 2.41879082e+01
   vertex 8.97447128e+01 5.33639679e+01 2.97069817e+01
  endloop
 endfacet
 facet normal -8.81802857e-01 4.71618205e-01 -7.31241556e-08
  outer loop
   vertex 9.28316956e+01 5.88582916e+01 2.97069817e+01
   vertex 9.28316956e+01 5.88582916e+01 2.41879082e+01
   vertex 9.13310013e+01 5.60870514e+01 2.97069855e+01
  endloop
 endfacet
 facet normal -8.76857281e-01 4.80750769e-01 -1.46247174e-07
  outer loop
   vertex 9.13310013e+01 5.60870514e+01 2.97069855e+01
   vertex 9.28316956e+01 5.88582916e+01 2.41879082e+01
   vertex 9.13310013e+01 5.60870514e+01 2.41879082e+01
  endloop
 endfacet
 facet normal -8.76857281e-01 4.80750799e-01 1.46247004e-07
  outer loop
   vertex 9.13310013e+01 5.60870514e+01 3.52260590e+01
   vertex 9.28316956e+01 5.88582916e+01 3.52260590e+01
   vertex 9.13310013e+01 5.60870514e+01 2.97069855e+01
  endloop
 endfacet
 facet normal -8.81802857e-01 4.71618235e-01 7.31231182e-08
  outer loop
   vertex 9.13310013e+01 5.60870514e+01 2.97069855e+01
   vertex 9.28316956e+01 5.88582916e+01 3.52260590e+01
   vertex 9.28316956e+01 5.88582916e+01 2.97069817e+01
  endloop
 endfacet
 facet normal -8.81802619e-01 4.71618682e-01 7.31240206e-08
  outer loop
   vertex 9.28317032e+01 5.88582916e+01 4.07451363e+01
   vertex 9.28316956e+01 5.88582916e+01 3.52260590e+01
   vertex 9.13310013e+01 5.60870514e+01 4.07451363e+01
  endloop
 endfacet
 facet normal -8.76857042e-01 4.80751246e-01 1.46247018e-07
  outer loop
   vertex 9.13310013e+01 5.60870514e+01 4.07451363e+01
   vertex 9.28316956e+01 5.88582916e+01 3.52260590e+01
   vertex 9.13310013e+01 5.60870514e+01 3.52260590e+01
  endloop
 endfacet
 facet normal -8.76856804e-01 4.80751604e-01 3.01695280e-07
  outer loop
   vertex 9.13310013e+01 5.60870514e+01 4.62642174e+01
   vertex 9.28316956e+01 5.88582916e+01 4.62642174e+01
   vertex 9.13310013e+01 5.60870514e+01 4.07451363e+01
  endloop
 endfacet
 facet normal -8.81802499e-01 4.71618891e-01 2.04900672e-07
  outer loop
   vertex 9.13310013e+01 5.60870514e+01 4.07451363e+01
   vertex 9.28316956e+01 5.88582916e+01 4.62642174e+01
   vertex 9.28317032e+01 5.88582916e+01 4.07451363e+01
  endloop
 endfacet
 facet normal -8.61434579e-01 5.07868528e-01 2.42938142e-07
  outer loop
   vertex 8.97447052e+01 5.33639679e+01 4.07451363e+01
   vertex 8.97447052e+01 5.33639679e+01 4.62642174e+01
   vertex 9.13310013e+01 5.60870514e+01 4.07451363e+01
  endloop
 endfacet
 facet normal -8.66673172e-01 4.98876363e-01 4.12911845e-07
  outer loop
   vertex 9.13310013e+01 5.60870514e+01 4.07451363e+01
   vertex 8.97447052e+01 5.33639679e+01 4.62642174e+01
   vertex 9.13310013e+01 5.60870514e+01 4.62642174e+01
  endloop
 endfacet
 facet normal -8.66673112e-01 4.98876393e-01 7.31234380e-08
  outer loop
   vertex 9.13310013e+01 5.60870514e+01 3.52260590e+01
   vertex 8.97447128e+01 5.33639679e+01 3.52260590e+01
   vertex 9.13310013e+01 5.60870514e+01 4.07451363e+01
  endloop
 endfacet
 facet normal -8.61434460e-01 5.07868707e-01 -7.31786471e-08
  outer loop
   vertex 9.13310013e+01 5.60870514e+01 4.07451363e+01
   vertex 8.97447128e+01 5.33639679e+01 3.52260590e+01
   vertex 8.97447052e+01 5.33639679e+01 4.07451363e+01
  endloop
 endfacet
 facet normal -9.04344022e-01 4.26804334e-01 -3.49693825e-13
  outer loop
   vertex 9.42458267e+01 6.16758423e+01 3.52260590e+01
   vertex 9.55793915e+01 6.45399323e+01 3.52260590e+01
   vertex 9.42458344e+01 6.16758423e+01 2.97069817e+01
  endloop
 endfacet
 facet normal -9.08361912e-01 4.18184936e-01 -4.46217201e-13
  outer loop
   vertex 9.42458344e+01 6.16758423e+01 2.97069817e+01
   vertex 9.55793915e+01 6.45399323e+01 3.52260590e+01
   vertex 9.55793915e+01 6.45399323e+01 2.97069817e+01
  endloop
 endfacet
 facet normal -8.91274095e-01 4.53464925e-01 7.31222372e-08
  outer loop
   vertex 9.28316956e+01 5.88582916e+01 2.97069817e+01
   vertex 9.28316956e+01 5.88582916e+01 3.52260590e+01
   vertex 9.42458344e+01 6.16758423e+01 2.97069817e+01
  endloop
 endfacet
 facet normal -8.95805240e-01 4.44446802e-01 7.31227630e-08
  outer loop
   vertex 9.42458344e+01 6.16758423e+01 2.97069817e+01
   vertex 9.28316956e+01 5.88582916e+01 3.52260590e+01
   vertex 9.42458267e+01 6.16758423e+01 3.52260590e+01
  endloop
 endfacet
 facet normal -8.95805299e-01 4.44446713e-01 -7.31239851e-08
  outer loop
   vertex 9.42458267e+01 6.16758423e+01 2.41879082e+01
   vertex 9.28316956e+01 5.88582916e+01 2.41879082e+01
   vertex 9.42458344e+01 6.16758423e+01 2.97069817e+01
  endloop
 endfacet
 facet normal -8.91274154e-01 4.53464895e-01 -7.31241627e-08
  outer loop
   vertex 9.42458344e+01 6.16758423e+01 2.97069817e+01
   vertex 9.28316956e+01 5.88582916e+01 2.41879082e+01
   vertex 9.28316956e+01 5.88582916e+01 2.97069817e+01
  endloop
 endfacet
 facet normal -9.08361852e-01 4.18185085e-01 -4.46217201e-13
  outer loop
   vertex 9.55793915e+01 6.45399323e+01 2.97069817e+01
   vertex 9.55793915e+01 6.45399323e+01 2.41879082e+01
   vertex 9.42458344e+01 6.16758423e+01 2.97069817e+01
  endloop
 endfacet
 facet normal -9.04343963e-01 4.26804423e-01 -6.99577169e-13
  outer loop
   vertex 9.42458344e+01 6.16758423e+01 2.97069817e+01
   vertex 9.55793915e+01 6.45399323e+01 2.41879082e+01
   vertex 9.42458267e+01 6.16758423e+01 2.41879082e+01
  endloop
 endfacet
 facet normal -8.50661933e-01 5.25713086e-01 -1.46357380e-07
  outer loop
   vertex 8.97447052e+01 5.33639679e+01 4.07451363e+01
   vertex 8.97447128e+01 5.33639679e+01 3.52260590e+01
   vertex 8.80752792e+01 5.06937714e+01 4.07451363e+01
  endloop
 endfacet
 facet normal -8.45127106e-01 5.34565449e-01 -7.31787679e-08
  outer loop
   vertex 8.80752792e+01 5.06937714e+01 4.07451363e+01
   vertex 8.97447128e+01 5.33639679e+01 3.52260590e+01
   vertex 8.80752792e+01 5.06937714e+01 3.52260590e+01
  endloop
 endfacet
 facet normal -8.45127285e-01 5.34565091e-01 6.13550696e-07
  outer loop
   vertex 8.80752792e+01 5.06937714e+01 4.62642174e+01
   vertex 8.97447052e+01 5.33639679e+01 4.62642174e+01
   vertex 8.80752792e+01 5.06937714e+01 4.07451363e+01
  endloop
 endfacet
 facet normal -8.50662053e-01 5.25712907e-01 1.69759630e-07
  outer loop
   vertex 8.80752792e+01 5.06937714e+01 4.07451363e+01
   vertex 8.97447052e+01 5.33639679e+01 4.62642174e+01
   vertex 8.97447052e+01 5.33639679e+01 4.07451363e+01
  endloop
 endfacet
 facet normal -8.27946484e-01 5.60807109e-01 1.51280332e-07
  outer loop
   vertex 8.63233795e+01 4.80779114e+01 4.07451363e+01
   vertex 8.63233795e+01 4.80779114e+01 4.62642174e+01
   vertex 8.80752792e+01 5.06937714e+01 4.07451363e+01
  endloop
 endfacet
 facet normal -8.33769619e-01 5.52112460e-01 5.21892900e-07
  outer loop
   vertex 8.80752792e+01 5.06937714e+01 4.07451363e+01
   vertex 8.63233795e+01 4.80779114e+01 4.62642174e+01
   vertex 8.80752792e+01 5.06937714e+01 4.62642174e+01
  endloop
 endfacet
 facet normal -8.33769798e-01 5.52112281e-01 -7.31787608e-08
  outer loop
   vertex 8.80752792e+01 5.06937714e+01 3.52260590e+01
   vertex 8.63233795e+01 4.80779114e+01 3.52260590e+01
   vertex 8.80752792e+01 5.06937714e+01 4.07451363e+01
  endloop
 endfacet
 facet normal -8.27946723e-01 5.60806751e-01 -7.31787111e-08
  outer loop
   vertex 8.80752792e+01 5.06937714e+01 4.07451363e+01
   vertex 8.63233795e+01 4.80779114e+01 3.52260590e+01
   vertex 8.63233795e+01 4.80779114e+01 4.07451363e+01
  endloop
 endfacet
 facet normal -9.28195894e-01 3.72091860e-01 1.65241980e-16
  outer loop
   vertex 9.80323639e+01 7.04059677e+01 2.97069817e+01
   vertex 9.80323639e+01 7.04059677e+01 2.41879082e+01
   vertex 9.68381729e+01 6.74511566e+01 2.97069817e+01
  endloop
 endfacet
 facet normal -9.25410330e-01 3.78966600e-01 1.68294978e-16
  outer loop
   vertex 9.68381729e+01 6.74511566e+01 2.97069817e+01
   vertex 9.80323639e+01 7.04059677e+01 2.41879082e+01
   vertex 9.68381729e+01 6.74511566e+01 2.41879082e+01
  endloop
 endfacet
 facet normal -9.25410390e-01 3.78966510e-01 1.68294938e-16
  outer loop
   vertex 9.68381729e+01 6.74511566e+01 3.52260551e+01
   vertex 9.80323639e+01 7.04059677e+01 3.52260590e+01
   vertex 9.68381729e+01 6.74511566e+01 2.97069817e+01
  endloop
 endfacet
 facet normal -9.28195953e-01 3.72091740e-01 1.65241927e-16
  outer loop
   vertex 9.68381729e+01 6.74511566e+01 2.97069817e+01
   vertex 9.80323639e+01 7.04059677e+01 3.52260590e+01
   vertex 9.80323639e+01 7.04059677e+01 2.97069817e+01
  endloop
 endfacet
 facet normal -9.15790856e-01 4.01655495e-01 1.78370871e-16
  outer loop
   vertex 9.55793915e+01 6.45399323e+01 2.97069817e+01
   vertex 9.55793915e+01 6.45399323e+01 3.52260590e+01
   vertex 9.68381729e+01 6.74511566e+01 2.97069817e+01
  endloop
 endfacet
 facet normal -9.19216633e-01 3.93752158e-01 1.74861085e-16
  outer loop
   vertex 9.68381729e+01 6.74511566e+01 2.97069817e+01
   vertex 9.55793915e+01 6.45399323e+01 3.52260590e+01
   vertex 9.68381729e+01 6.74511566e+01 3.52260551e+01
  endloop
 endfacet
 facet normal -9.19216633e-01 3.93752247e-01 1.74861124e-16
  outer loop
   vertex 9.68381729e+01 6.74511566e+01 2.41879082e+01
   vertex 9.55793915e+01 6.45399323e+01 2.41879082e+01
   vertex 9.68381729e+01 6.74511566e+01 2.97069817e+01
  endloop
 endfacet
 facet normal -9.15790796e-01 4.01655614e-01 1.78370924e-16
  outer loop
   vertex 9.68381729e+01 6.74511566e+01 2.97069817e+01
   vertex 9.55793915e+01 6.45399323e+01 2.41879082e+01
   vertex 9.55793915e+01 6.45399323e+01 2.97069817e+01
  endloop
 endfacet
 facet normal -6.06608540e-02 9.98158336e-01 4.39731288e-04
  outer loop
   vertex 9.54242420e+00 4.31465149e+00 4.62642174e+01
   vertex 6.38394737e+00 4.14186096e+00 4.62642097e+01
   vertex 9.54443550e+00 4.31478882e+00 5.17909775e+01
  endloop
 endfacet
 facet normal -5.09619750e-02 9.98699725e-01 1.31111511e-03
  outer loop
   vertex 9.54443550e+00 4.31478882e+00 5.17909775e+01
   vertex 6.38394737e+00 4.14186096e+00 4.62642097e+01
   vertex 6.38367176e+00 4.14186096e+00 5.17899399e+01
  endloop
 endfacet
 facet normal -9.12815332e-02 9.95824635e-01 1.01176451e-03
  outer loop
   vertex 1.26777115e+01 4.58070374e+00 5.17920189e+01
   vertex 1.26777172e+01 4.58070374e+00 4.62642174e+01
   vertex 9.54443550e+00 4.31478882e+00 5.17909775e+01
  endloop
 endfacet
 facet normal -8.06330740e-02 9.96743739e-01 4.40760865e-04
  outer loop
   vertex 9.54443550e+00 4.31478882e+00 5.17909775e+01
   vertex 1.26777172e+01 4.58070374e+00 4.62642174e+01
   vertex 9.54242420e+00 4.31465149e+00 4.62642174e+01
  endloop
 endfacet
 facet normal -6.73122942e-01 7.39530444e-01 5.06918819e-04
  outer loop
   vertex 7.18969040e+01 3.14512329e+01 4.62642174e+01
   vertex 6.95560150e+01 2.93398285e+01 4.62642174e+01
   vertex 7.18966980e+01 3.14510193e+01 5.17910690e+01
  endloop
 endfacet
 facet normal -6.65529013e-01 7.46371269e-01 1.02503505e-03
  outer loop
   vertex 7.18966980e+01 3.14510193e+01 5.17910690e+01
   vertex 6.95560150e+01 2.93398285e+01 4.62642174e+01
   vertex 6.95560226e+01 2.93398285e+01 5.17912178e+01
  endloop
 endfacet
 facet normal -6.95509493e-01 7.18515337e-01 1.50800415e-03
  outer loop
   vertex 7.41745300e+01 3.36345215e+01 5.17909241e+01
   vertex 7.41745300e+01 3.36345215e+01 4.62642174e+01
   vertex 7.18966980e+01 3.14510193e+01 5.17910690e+01
  endloop
 endfacet
 facet normal -6.87956274e-01 7.25751996e-01 5.06731041e-04
  outer loop
   vertex 7.18966980e+01 3.14510193e+01 5.17910690e+01
   vertex 7.41745300e+01 3.36345215e+01 4.62642174e+01
   vertex 7.18969040e+01 3.14512329e+01 4.62642174e+01
  endloop
 endfacet
 facet normal -7.30892599e-01 6.82492495e-01 3.65832250e-07
  outer loop
   vertex 7.63854065e+01 3.58840332e+01 3.52260590e+01
   vertex 7.85238876e+01 3.81970673e+01 3.52260590e+01
   vertex 7.63854065e+01 3.58840332e+01 2.97069817e+01
  endloop
 endfacet
 facet normal -7.37887025e-01 6.74924254e-01 2.62234778e-07
  outer loop
   vertex 7.63854065e+01 3.58840332e+01 2.97069817e+01
   vertex 7.85238876e+01 3.81970673e+01 3.52260590e+01
   vertex 7.85238953e+01 3.81970673e+01 2.97069817e+01
  endloop
 endfacet
 facet normal -7.09798455e-01 7.04404831e-01 7.30397076e-08
  outer loop
   vertex 7.41745300e+01 3.36345215e+01 2.97069817e+01
   vertex 7.41745300e+01 3.36345215e+01 3.52260590e+01
   vertex 7.63854065e+01 3.58840332e+01 2.97069817e+01
  endloop
 endfacet
 facet normal -7.16846466e-01 6.97231054e-01 1.46309077e-07
  outer loop
   vertex 7.63854065e+01 3.58840332e+01 2.97069817e+01
   vertex 7.41745300e+01 3.36345215e+01 3.52260590e+01
   vertex 7.63854065e+01 3.58840332e+01 3.52260590e+01
  endloop
 endfacet
 facet normal -7.16846645e-01 6.97230875e-01 3.65049584e-14
  outer loop
   vertex 7.63854065e+01 3.58840332e+01 2.41879082e+01
   vertex 7.41745224e+01 3.36345215e+01 2.41879082e+01
   vertex 7.63854065e+01 3.58840332e+01 2.97069817e+01
  endloop
 endfacet
 facet normal -7.09798634e-01 7.04404652e-01 7.30397431e-08
  outer loop
   vertex 7.63854065e+01 3.58840332e+01 2.97069817e+01
   vertex 7.41745224e+01 3.36345215e+01 2.41879082e+01
   vertex 7.41745300e+01 3.36345215e+01 2.97069817e+01
  endloop
 endfacet
 facet normal -7.37886906e-01 6.74924374e-01 1.22126220e-08
  outer loop
   vertex 7.85238953e+01 3.81970673e+01 2.97069817e+01
   vertex 7.85238876e+01 3.81970673e+01 2.41879082e+01
   vertex 7.63854065e+01 3.58840332e+01 2.97069817e+01
  endloop
 endfacet
 facet normal -7.30892539e-01 6.82492614e-01 -3.04997272e-08
  outer loop
   vertex 7.63854065e+01 3.58840332e+01 2.97069817e+01
   vertex 7.85238876e+01 3.81970673e+01 2.41879082e+01
   vertex 7.63854065e+01 3.58840332e+01 2.41879082e+01
  endloop
 endfacet
 facet normal -7.78456330e-01 6.27698779e-01 4.39104014e-07
  outer loop
   vertex 8.25762177e+01 4.30147705e+01 4.07451363e+01
   vertex 8.25762100e+01 4.30147705e+01 3.52260590e+01
   vertex 8.05873413e+01 4.05740356e+01 4.07451363e+01
  endloop
 endfacet
 facet normal -7.71907985e-01 6.35734260e-01 4.39160345e-07
  outer loop
   vertex 8.05873413e+01 4.05740356e+01 4.07451363e+01
   vertex 8.25762100e+01 4.30147705e+01 3.52260590e+01
   vertex 8.05873413e+01 4.05740356e+01 3.52260590e+01
  endloop
 endfacet
 facet normal -7.71908343e-01 6.35733843e-01 5.42597824e-08
  outer loop
   vertex 8.05873413e+01 4.05740356e+01 4.62642174e+01
   vertex 8.25762177e+01 4.30147705e+01 4.62642174e+01
   vertex 8.05873413e+01 4.05740356e+01 4.07451363e+01
  endloop
 endfacet
 facet normal -7.78456390e-01 6.27698720e-01 2.61522558e-07
  outer loop
   vertex 8.05873413e+01 4.05740356e+01 4.07451363e+01
   vertex 8.25762177e+01 4.30147705e+01 4.62642174e+01
   vertex 8.25762177e+01 4.30147705e+01 4.07451363e+01
  endloop
 endfacet
 facet normal -7.51708925e-01 6.59494996e-01 4.51124976e-07
  outer loop
   vertex 7.85238953e+01 3.81970520e+01 4.07451363e+01
   vertex 7.85238876e+01 3.81970520e+01 4.62642174e+01
   vertex 8.05873413e+01 4.05740356e+01 4.07451363e+01
  endloop
 endfacet
 facet normal -7.58535028e-01 6.51632249e-01 1.70688367e-07
  outer loop
   vertex 8.05873413e+01 4.05740356e+01 4.07451363e+01
   vertex 7.85238876e+01 3.81970520e+01 4.62642174e+01
   vertex 8.05873413e+01 4.05740356e+01 4.62642174e+01
  endloop
 endfacet
 facet normal -7.58534789e-01 6.51632547e-01 5.12334282e-07
  outer loop
   vertex 8.05873413e+01 4.05740356e+01 3.52260590e+01
   vertex 7.85238876e+01 3.81970673e+01 3.52260590e+01
   vertex 8.05873413e+01 4.05740356e+01 4.07451363e+01
  endloop
 endfacet
 facet normal -7.51708925e-01 6.59494996e-01 5.85451630e-07
  outer loop
   vertex 8.05873413e+01 4.05740356e+01 4.07451363e+01
   vertex 7.85238876e+01 3.81970673e+01 3.52260590e+01
   vertex 7.85238953e+01 3.81970520e+01 4.07451363e+01
  endloop
 endfacet
 facet normal -7.78456032e-01 6.27698898e-01 5.24228613e-04
  outer loop
   vertex 8.25762253e+01 4.30147705e+01 5.17912369e+01
   vertex 8.25762177e+01 4.30147705e+01 4.62642174e+01
   vertex 8.05873032e+01 4.05740051e+01 5.17912712e+01
  endloop
 endfacet
 facet normal -7.71908343e-01 6.35733843e-01 4.75647857e-06
  outer loop
   vertex 8.05873032e+01 4.05740051e+01 5.17912712e+01
   vertex 8.25762177e+01 4.30147705e+01 4.62642174e+01
   vertex 8.05873413e+01 4.05740356e+01 4.62642174e+01
  endloop
 endfacet
 facet normal -7.58535028e-01 6.51632249e-01 4.87291163e-06
  outer loop
   vertex 8.05873413e+01 4.05740356e+01 4.62642174e+01
   vertex 7.85238876e+01 3.81970520e+01 4.62642174e+01
   vertex 8.05873032e+01 4.05740051e+01 5.17912712e+01
  endloop
 endfacet
 facet normal -7.51709223e-01 6.59494460e-01 5.28250297e-04
  outer loop
   vertex 8.05873032e+01 4.05740051e+01 5.17912712e+01
   vertex 7.85238876e+01 3.81970520e+01 4.62642174e+01
   vertex 7.85238953e+01 3.81970520e+01 5.17913017e+01
  endloop
 endfacet
 facet normal -8.61434698e-01 5.07868350e-01 2.11368791e-13
  outer loop
   vertex 8.97447128e+01 5.33639679e+01 1.86688309e+01
   vertex 8.97447128e+01 5.33639679e+01 2.41879082e+01
   vertex 9.13310013e+01 5.60870514e+01 1.86688309e+01
  endloop
 endfacet
 facet normal -8.66673410e-01 4.98875976e-01 -7.31232745e-08
  outer loop
   vertex 9.13310013e+01 5.60870514e+01 1.86688309e+01
   vertex 8.97447128e+01 5.33639679e+01 2.41879082e+01
   vertex 9.13310013e+01 5.60870514e+01 2.41879082e+01
  endloop
 endfacet
 facet normal -8.66673172e-01 4.98876303e-01 1.02163618e-07
  outer loop
   vertex 9.13310013e+01 5.60870514e+01 1.31497536e+01
   vertex 8.97447128e+01 5.33639679e+01 1.31497536e+01
   vertex 9.13310013e+01 5.60870514e+01 1.86688309e+01
  endloop
 endfacet
 facet normal -8.61434639e-01 5.07868469e-01 7.81768321e-08
  outer loop
   vertex 9.13310013e+01 5.60870514e+01 1.86688309e+01
   vertex 8.97447128e+01 5.33639679e+01 1.31497536e+01
   vertex 8.97447128e+01 5.33639679e+01 1.86688309e+01
  endloop
 endfacet
 facet normal -8.81802619e-01 4.71618652e-01 -8.64779182e-08
  outer loop
   vertex 9.28317032e+01 5.88582916e+01 1.86688309e+01
   vertex 9.28316956e+01 5.88582916e+01 1.31497536e+01
   vertex 9.13310013e+01 5.60870514e+01 1.86688309e+01
  endloop
 endfacet
 facet normal -8.76856923e-01 4.80751485e-01 -8.01737698e-08
  outer loop
   vertex 9.13310013e+01 5.60870514e+01 1.86688309e+01
   vertex 9.28316956e+01 5.88582916e+01 1.31497536e+01
   vertex 9.13310013e+01 5.60870514e+01 1.31497536e+01
  endloop
 endfacet
 facet normal -8.76857162e-01 4.80750948e-01 -1.46247174e-07
  outer loop
   vertex 9.13310013e+01 5.60870514e+01 2.41879082e+01
   vertex 9.28316956e+01 5.88582916e+01 2.41879082e+01
   vertex 9.13310013e+01 5.60870514e+01 1.86688309e+01
  endloop
 endfacet
 facet normal -8.81802738e-01 4.71618354e-01 -5.54410988e-08
  outer loop
   vertex 9.13310013e+01 5.60870514e+01 1.86688309e+01
   vertex 9.28316956e+01 5.88582916e+01 2.41879082e+01
   vertex 9.28317032e+01 5.88582916e+01 1.86688309e+01
  endloop
 endfacet
 facet normal -8.45126927e-01 5.34565747e-01 1.14858223e-13
  outer loop
   vertex 8.80752792e+01 5.06937714e+01 3.52260590e+01
   vertex 8.97447128e+01 5.33639679e+01 3.52260590e+01
   vertex 8.80752716e+01 5.06937714e+01 2.97069817e+01
  endloop
 endfacet
 facet normal -8.50661755e-01 5.25713384e-01 3.74259082e-13
  outer loop
   vertex 8.80752716e+01 5.06937714e+01 2.97069817e+01
   vertex 8.97447128e+01 5.33639679e+01 3.52260590e+01
   vertex 8.97447128e+01 5.33639679e+01 2.97069817e+01
  endloop
 endfacet
 facet normal -8.27946603e-01 5.60806930e-01 2.11392725e-13
  outer loop
   vertex 8.63233795e+01 4.80779114e+01 2.97069817e+01
   vertex 8.63233795e+01 4.80779114e+01 3.52260590e+01
   vertex 8.80752716e+01 5.06937714e+01 2.97069817e+01
  endloop
 endfacet
 facet normal -8.33769619e-01 5.52112520e-01 1.63127446e-13
  outer loop
   vertex 8.80752716e+01 5.06937714e+01 2.97069817e+01
   vertex 8.63233795e+01 4.80779114e+01 3.52260590e+01
   vertex 8.80752792e+01 5.06937714e+01 3.52260590e+01
  endloop
 endfacet
 facet normal -8.33769560e-01 5.52112639e-01 4.22532506e-13
  outer loop
   vertex 8.80752792e+01 5.06937714e+01 2.41879082e+01
   vertex 8.63233795e+01 4.80779114e+01 2.41879082e+01
   vertex 8.80752716e+01 5.06937714e+01 2.97069817e+01
  endloop
 endfacet
 facet normal -8.27946603e-01 5.60806930e-01 2.11392725e-13
  outer loop
   vertex 8.80752716e+01 5.06937714e+01 2.97069817e+01
   vertex 8.63233795e+01 4.80779114e+01 2.41879082e+01
   vertex 8.63233795e+01 4.80779114e+01 2.97069817e+01
  endloop
 endfacet
 facet normal -8.50661874e-01 5.25713205e-01 6.33663857e-13
  outer loop
   vertex 8.97447128e+01 5.33639679e+01 2.97069817e+01
   vertex 8.97447128e+01 5.33639679e+01 2.41879082e+01
   vertex 8.80752716e+01 5.06937714e+01 2.97069817e+01
  endloop
 endfacet
 facet normal -8.45126987e-01 5.34565568e-01 6.33667923e-13
  outer loop
   vertex 8.80752716e+01 5.06937714e+01 2.97069817e+01
   vertex 8.97447128e+01 5.33639679e+01 2.41879082e+01
   vertex 8.80752792e+01 5.06937714e+01 2.41879082e+01
  endloop
 endfacet
 facet normal -9.25324321e-01 3.79176468e-01 -2.81206536e-04
  outer loop
   vertex 9.68381729e+01 6.74511566e+01 1.31497536e+01
   vertex 9.80323639e+01 7.04059677e+01 1.31497536e+01
   vertex 9.68374939e+01 6.74495087e+01 7.62451553e+00
  endloop
 endfacet
 facet normal -9.28194642e-01 3.72094274e-01 -7.51563872e-04
  outer loop
   vertex 9.68374939e+01 6.74495087e+01 7.62451553e+00
   vertex 9.80323639e+01 7.04059677e+01 1.31497536e+01
   vertex 9.80323639e+01 7.04059677e+01 7.62543106e+00
  endloop
 endfacet
 facet normal -9.15821254e-01 4.01585042e-01 -9.18543490e-04
  outer loop
   vertex 9.55794067e+01 6.45399323e+01 7.62359619e+00
   vertex 9.55793915e+01 6.45399323e+01 1.31497536e+01
   vertex 9.68374939e+01 6.74495087e+01 7.62451553e+00
  endloop
 endfacet
 facet normal -9.19127226e-01 3.93960714e-01 -2.81446759e-04
  outer loop
   vertex 9.68374939e+01 6.74495087e+01 7.62451553e+00
   vertex 9.55793915e+01 6.45399323e+01 1.31497536e+01
   vertex 9.68381729e+01 6.74511566e+01 1.31497536e+01
  endloop
 endfacet
 facet normal -7.78456032e-01 6.27699137e-01 1.22202160e-08
  outer loop
   vertex 8.25762100e+01 4.30147705e+01 2.97069817e+01
   vertex 8.25762100e+01 4.30147705e+01 2.41879082e+01
   vertex 8.05873413e+01 4.05740356e+01 2.97069817e+01
  endloop
 endfacet
 facet normal -7.71907806e-01 6.35734499e-01 -4.87717493e-08
  outer loop
   vertex 8.05873413e+01 4.05740356e+01 2.97069817e+01
   vertex 8.25762100e+01 4.30147705e+01 2.41879082e+01
   vertex 8.05873413e+01 4.05740509e+01 2.41879082e+01
  endloop
 endfacet
 facet normal -7.71907747e-01 6.35734558e-01 3.35467178e-07
  outer loop
   vertex 8.05873413e+01 4.05740356e+01 3.52260590e+01
   vertex 8.25762100e+01 4.30147705e+01 3.52260590e+01
   vertex 8.05873413e+01 4.05740356e+01 2.97069817e+01
  endloop
 endfacet
 facet normal -7.78455973e-01 6.27699196e-01 1.89061623e-07
  outer loop
   vertex 8.05873413e+01 4.05740356e+01 2.97069817e+01
   vertex 8.25762100e+01 4.30147705e+01 3.52260590e+01
   vertex 8.25762100e+01 4.30147705e+01 2.97069817e+01
  endloop
 endfacet
 facet normal -7.51708686e-01 6.59495294e-01 3.04947775e-07
  outer loop
   vertex 7.85238953e+01 3.81970673e+01 2.97069817e+01
   vertex 7.85238876e+01 3.81970673e+01 3.52260590e+01
   vertex 8.05873413e+01 4.05740356e+01 2.97069817e+01
  endloop
 endfacet
 facet normal -7.58534491e-01 6.51632905e-01 4.08641029e-07
  outer loop
   vertex 8.05873413e+01 4.05740356e+01 2.97069817e+01
   vertex 7.85238876e+01 3.81970673e+01 3.52260590e+01
   vertex 8.05873413e+01 4.05740356e+01 3.52260590e+01
  endloop
 endfacet
 facet normal -7.58534431e-01 6.51632905e-01 -4.87793841e-08
  outer loop
   vertex 8.05873413e+01 4.05740509e+01 2.41879082e+01
   vertex 7.85238876e+01 3.81970673e+01 2.41879082e+01
   vertex 8.05873413e+01 4.05740356e+01 2.97069817e+01
  endloop
 endfacet
 facet normal -7.51708627e-01 6.59495413e-01 5.49250778e-08
  outer loop
   vertex 8.05873413e+01 4.05740356e+01 2.97069817e+01
   vertex 7.85238876e+01 3.81970673e+01 2.41879082e+01
   vertex 7.85238953e+01 3.81970673e+01 2.97069817e+01
  endloop
 endfacet
 facet normal -8.09972227e-01 5.86468220e-01 7.31557606e-08
  outer loop
   vertex 8.44894180e+01 4.55173187e+01 3.52260590e+01
   vertex 8.63233795e+01 4.80779114e+01 3.52260590e+01
   vertex 8.44894180e+01 4.55173187e+01 2.97069817e+01
  endloop
 endfacet
 facet normal -8.16047668e-01 5.77984631e-01 2.56676738e-16
  outer loop
   vertex 8.44894180e+01 4.55173187e+01 2.97069817e+01
   vertex 8.63233795e+01 4.80779114e+01 3.52260590e+01
   vertex 8.63233795e+01 4.80779114e+01 2.97069817e+01
  endloop
 endfacet
 facet normal -7.91301370e-01 6.11426294e-01 1.46349251e-07
  outer loop
   vertex 8.25762100e+01 4.30147705e+01 2.97069817e+01
   vertex 8.25762100e+01 4.30147705e+01 3.52260590e+01
   vertex 8.44894180e+01 4.55173187e+01 2.97069817e+01
  endloop
 endfacet
 facet normal -7.97598541e-01 6.03188694e-01 2.19504912e-07
  outer loop
   vertex 8.44894180e+01 4.55173187e+01 2.97069817e+01
   vertex 8.25762100e+01 4.30147705e+01 3.52260590e+01
   vertex 8.44894180e+01 4.55173187e+01 3.52260590e+01
  endloop
 endfacet
 facet normal -7.97598422e-01 6.03188813e-01 -3.04921741e-08
  outer loop
   vertex 8.44894180e+01 4.55173187e+01 2.41879082e+01
   vertex 8.25762100e+01 4.30147705e+01 2.41879082e+01
   vertex 8.44894180e+01 4.55173187e+01 2.97069817e+01
  endloop
 endfacet
 facet normal -7.91301429e-01 6.11426234e-01 -3.04921741e-08
  outer loop
   vertex 8.44894180e+01 4.55173187e+01 2.97069817e+01
   vertex 8.25762100e+01 4.30147705e+01 2.41879082e+01
   vertex 8.25762100e+01 4.30147705e+01 2.97069817e+01
  endloop
 endfacet
 facet normal -8.16047609e-01 5.77984691e-01 2.56676765e-16
  outer loop
   vertex 8.63233795e+01 4.80779114e+01 2.97069817e+01
   vertex 8.63233795e+01 4.80779114e+01 2.41879082e+01
   vertex 8.44894180e+01 4.55173187e+01 2.97069817e+01
  endloop
 endfacet
 facet normal -8.09972107e-01 5.86468458e-01 2.60444314e-16
  outer loop
   vertex 8.44894180e+01 4.55173187e+01 2.97069817e+01
   vertex 8.63233795e+01 4.80779114e+01 2.41879082e+01
   vertex 8.44894180e+01 4.55173187e+01 2.41879082e+01
  endloop
 endfacet
 facet normal -9.59368765e-01 2.82155216e-01 -6.46906869e-07
  outer loop
   vertex 1.03215530e+02 8.55843201e+01 1.31497536e+01
   vertex 1.04117409e+02 8.86784592e+01 1.31497536e+01
   vertex 1.03215416e+02 8.55839539e+01 7.62714005e+00
  endloop
 endfacet
 facet normal -9.60582554e-01 2.77994633e-01 -2.99327192e-04
  outer loop
   vertex 1.03215416e+02 8.55839539e+01 7.62714005e+00
   vertex 1.04117409e+02 8.86784592e+01 1.31497536e+01
   vertex 1.04117409e+02 8.86784592e+01 7.62733078e+00
  endloop
 endfacet
 facet normal -9.55392897e-01 2.95337617e-01 -3.34163953e-04
  outer loop
   vertex 1.02271912e+02 8.25056686e+01 7.62694168e+00
   vertex 1.02271912e+02 8.25056610e+01 1.31497536e+01
   vertex 1.03215416e+02 8.55839539e+01 7.62714005e+00
  endloop
 endfacet
 facet normal -9.56731498e-01 2.90972233e-01 -5.11089979e-07
  outer loop
   vertex 1.03215416e+02 8.55839539e+01 7.62714005e+00
   vertex 1.02271912e+02 8.25056610e+01 1.31497536e+01
   vertex 1.03215530e+02 8.55843201e+01 1.31497536e+01
  endloop
 endfacet
 facet normal -6.88271046e-01 7.25453675e-01 -3.74543174e-06
  outer loop
   vertex 7.18969040e+01 3.14512329e+01 1.31497536e+01
   vertex 7.41745300e+01 3.36345215e+01 1.31497536e+01
   vertex 7.18966980e+01 3.14510193e+01 7.62289810e+00
  endloop
 endfacet
 facet normal -6.95273221e-01 7.18745232e-01 -6.91609108e-04
  outer loop
   vertex 7.18966980e+01 3.14510193e+01 7.62289810e+00
   vertex 7.41745300e+01 3.36345215e+01 1.31497536e+01
   vertex 7.41745300e+01 3.36345215e+01 7.62304306e+00
  endloop
 endfacet
 facet normal -6.65852785e-01 7.46083081e-01 -2.92371580e-04
  outer loop
   vertex 6.95560226e+01 2.93398285e+01 7.62274933e+00
   vertex 6.95560150e+01 2.93398285e+01 1.31497536e+01
   vertex 7.18966980e+01 3.14510193e+01 7.62289810e+00
  endloop
 endfacet
 facet normal -6.73443735e-01 7.39238501e-01 -3.91726508e-06
  outer loop
   vertex 7.18966980e+01 3.14510193e+01 7.62289810e+00
   vertex 6.95560150e+01 2.93398285e+01 1.31497536e+01
   vertex 7.18969040e+01 3.14512329e+01 1.31497536e+01
  endloop
 endfacet
 facet normal -6.02011621e-01 7.98487306e-01 -1.08442315e-07
  outer loop
   vertex 6.46880341e+01 2.53431702e+01 1.86688309e+01
   vertex 6.46880264e+01 2.53431396e+01 1.31497536e+01
   vertex 6.21627693e+01 2.34598541e+01 1.86688309e+01
  endloop
 endfacet
 facet normal -5.93727648e-01 8.04666042e-01 -3.62725956e-07
  outer loop
   vertex 6.21627693e+01 2.34598541e+01 1.86688309e+01
   vertex 6.46880264e+01 2.53431396e+01 1.31497536e+01
   vertex 6.21627769e+01 2.34598541e+01 1.31497536e+01
  endloop
 endfacet
 facet normal -5.93727231e-01 8.04666340e-01 1.46303975e-07
  outer loop
   vertex 6.21627693e+01 2.34598541e+01 2.41879082e+01
   vertex 6.46880341e+01 2.53431396e+01 2.41879082e+01
   vertex 6.21627693e+01 2.34598541e+01 1.86688309e+01
  endloop
 endfacet
 facet normal -6.02011085e-01 7.98487723e-01 7.31732115e-08
  outer loop
   vertex 6.21627693e+01 2.34598541e+01 1.86688309e+01
   vertex 6.46880341e+01 2.53431396e+01 2.41879082e+01
   vertex 6.46880341e+01 2.53431702e+01 1.86688309e+01
  endloop
 endfacet
 facet normal -5.68601489e-01 8.22613120e-01 2.55936925e-07
  outer loop
   vertex 5.95797501e+01 2.16549072e+01 1.86688309e+01
   vertex 5.95797615e+01 2.16549072e+01 2.41879082e+01
   vertex 6.21627693e+01 2.34598541e+01 1.86688309e+01
  endloop
 endfacet
 facet normal -5.77022314e-01 8.16728413e-01 2.55944911e-07
  outer loop
   vertex 6.21627693e+01 2.34598541e+01 1.86688309e+01
   vertex 5.95797615e+01 2.16549072e+01 2.41879082e+01
   vertex 6.21627693e+01 2.34598541e+01 2.41879082e+01
  endloop
 endfacet
 facet normal -5.77021599e-01 8.16728890e-01 -4.64495173e-07
  outer loop
   vertex 6.21627769e+01 2.34598541e+01 1.31497536e+01
   vertex 5.95797539e+01 2.16549072e+01 1.31497536e+01
   vertex 6.21627693e+01 2.34598541e+01 1.86688309e+01
  endloop
 endfacet
 facet normal -5.68601012e-01 8.22613478e-01 -1.37089145e-07
  outer loop
   vertex 6.21627693e+01 2.34598541e+01 1.86688309e+01
   vertex 5.95797539e+01 2.16549072e+01 1.31497536e+01
   vertex 5.95797501e+01 2.16549072e+01 1.86688309e+01
  endloop
 endfacet
 facet normal -6.95510745e-01 7.18515694e-01 -2.55493148e-07
  outer loop
   vertex 7.41745377e+01 3.36345215e+01 1.86688309e+01
   vertex 7.41745300e+01 3.36345215e+01 1.31497536e+01
   vertex 7.18969040e+01 3.14512329e+01 1.86688309e+01
  endloop
 endfacet
 facet normal -6.88270926e-01 7.25453734e-01 -5.10904385e-07
  outer loop
   vertex 7.18969040e+01 3.14512329e+01 1.86688309e+01
   vertex 7.41745300e+01 3.36345215e+01 1.31497536e+01
   vertex 7.18969040e+01 3.14512329e+01 1.31497536e+01
  endloop
 endfacet
 facet normal -6.88270748e-01 7.25453913e-01 -7.30397574e-08
  outer loop
   vertex 7.18969040e+01 3.14512329e+01 2.41879082e+01
   vertex 7.41745224e+01 3.36345215e+01 2.41879082e+01
   vertex 7.18969040e+01 3.14512329e+01 1.86688309e+01
  endloop
 endfacet
 facet normal -6.95510685e-01 7.18515754e-01 -1.46079330e-07
  outer loop
   vertex 7.18969040e+01 3.14512329e+01 1.86688309e+01
   vertex 7.41745224e+01 3.36345215e+01 2.41879082e+01
   vertex 7.41745377e+01 3.36345215e+01 1.86688309e+01
  endloop
 endfacet
 facet normal -6.65853977e-01 7.46082067e-01 -1.46199426e-07
  outer loop
   vertex 6.95560150e+01 2.93398285e+01 1.86688309e+01
   vertex 6.95560074e+01 2.93398285e+01 2.41879082e+01
   vertex 7.18969040e+01 3.14512329e+01 1.86688309e+01
  endloop
 endfacet
 facet normal -6.73443794e-01 7.39238441e-01 1.19727145e-10
  outer loop
   vertex 7.18969040e+01 3.14512329e+01 1.86688309e+01
   vertex 6.95560074e+01 2.93398285e+01 2.41879082e+01
   vertex 7.18969040e+01 3.14512329e+01 2.41879082e+01
  endloop
 endfacet
 facet normal -6.73443615e-01 7.39238560e-01 -6.82725329e-07
  outer loop
   vertex 7.18969040e+01 3.14512329e+01 1.31497536e+01
   vertex 6.95560150e+01 2.93398285e+01 1.31497536e+01
   vertex 7.18969040e+01 3.14512329e+01 1.86688309e+01
  endloop
 endfacet
 facet normal -6.65853739e-01 7.46082306e-01 -5.00592364e-07
  outer loop
   vertex 7.18969040e+01 3.14512329e+01 1.86688309e+01
   vertex 6.95560150e+01 2.93398285e+01 1.31497536e+01
   vertex 6.95560150e+01 2.93398285e+01 1.86688309e+01
  endloop
 endfacet
 facet normal -6.73443973e-01 7.39238262e-01 -7.31595478e-08
  outer loop
   vertex 7.18969040e+01 3.14512329e+01 3.52260590e+01
   vertex 6.95560150e+01 2.93398285e+01 3.52260590e+01
   vertex 7.18969040e+01 3.14512329e+01 4.07451363e+01
  endloop
 endfacet
 facet normal -6.65854156e-01 7.46081889e-01 -1.46319110e-07
  outer loop
   vertex 7.18969040e+01 3.14512329e+01 4.07451363e+01
   vertex 6.95560150e+01 2.93398285e+01 3.52260590e+01
   vertex 6.95560150e+01 2.93398285e+01 4.07451363e+01
  endloop
 endfacet
 facet normal -6.95510507e-01 7.18515933e-01 3.19085173e-16
  outer loop
   vertex 7.41745377e+01 3.36345215e+01 4.07451363e+01
   vertex 7.41745300e+01 3.36345215e+01 3.52260590e+01
   vertex 7.18969040e+01 3.14512329e+01 4.07451363e+01
  endloop
 endfacet
 facet normal -6.88270628e-01 7.25454032e-01 3.22166308e-16
  outer loop
   vertex 7.18969040e+01 3.14512329e+01 4.07451363e+01
   vertex 7.41745300e+01 3.36345215e+01 3.52260590e+01
   vertex 7.18969040e+01 3.14512329e+01 3.52260590e+01
  endloop
 endfacet
 facet normal -6.88271165e-01 7.25453496e-01 3.20753230e-07
  outer loop
   vertex 7.18969040e+01 3.14512329e+01 4.62642174e+01
   vertex 7.41745300e+01 3.36345215e+01 4.62642174e+01
   vertex 7.18969040e+01 3.14512329e+01 4.07451363e+01
  endloop
 endfacet
 facet normal -6.95510745e-01 7.18515694e-01 6.52521166e-08
  outer loop
   vertex 7.18969040e+01 3.14512329e+01 4.07451363e+01
   vertex 7.41745300e+01 3.36345215e+01 4.62642174e+01
   vertex 7.41745377e+01 3.36345215e+01 4.07451363e+01
  endloop
 endfacet
 facet normal -6.65853679e-01 7.46082306e-01 1.82352323e-07
  outer loop
   vertex 6.95560150e+01 2.93398285e+01 4.07451363e+01
   vertex 6.95560150e+01 2.93398285e+01 4.62642174e+01
   vertex 7.18969040e+01 3.14512329e+01 4.07451363e+01
  endloop
 endfacet
 facet normal -6.73443854e-01 7.39238381e-01 5.11013980e-07
  outer loop
   vertex 7.18969040e+01 3.14512329e+01 4.07451363e+01
   vertex 6.95560150e+01 2.93398285e+01 4.62642174e+01
   vertex 7.18969040e+01 3.14512329e+01 4.62642174e+01
  endloop
 endfacet
 facet normal -6.26507998e-01 7.79414952e-01 4.27182476e-06
  outer loop
   vertex 6.71528015e+01 2.73035278e+01 4.62642174e+01
   vertex 6.46880264e+01 2.53431396e+01 4.62642174e+01
   vertex 6.71527863e+01 2.73035126e+01 5.17912369e+01
  endloop
 endfacet
 facet normal -6.18401587e-01 7.85862088e-01 5.24889852e-04
  outer loop
   vertex 6.71527863e+01 2.73035126e+01 5.17912369e+01
   vertex 6.46880264e+01 2.53431396e+01 4.62642174e+01
   vertex 6.46880341e+01 2.53431702e+01 5.17912560e+01
  endloop
 endfacet
 facet normal -6.50380254e-01 7.59608626e-01 5.23250608e-04
  outer loop
   vertex 6.95560226e+01 2.93398285e+01 5.17912178e+01
   vertex 6.95560150e+01 2.93398285e+01 4.62642174e+01
   vertex 6.71527863e+01 2.73035126e+01 5.17912369e+01
  endloop
 endfacet
 facet normal -6.42497241e-01 7.66287982e-01 4.73564478e-06
  outer loop
   vertex 6.71527863e+01 2.73035126e+01 5.17912369e+01
   vertex 6.95560150e+01 2.93398285e+01 4.62642174e+01
   vertex 6.71528015e+01 2.73035278e+01 4.62642174e+01
  endloop
 endfacet
 facet normal -8.45127404e-01 5.34564912e-01 -3.67376333e-06
  outer loop
   vertex 8.80752792e+01 5.06937714e+01 1.31497536e+01
   vertex 8.97447128e+01 5.33639679e+01 1.31497536e+01
   vertex 8.80752563e+01 5.06937561e+01 7.62264633e+00
  endloop
 endfacet
 facet normal -8.50661993e-01 5.25712967e-01 -2.95623817e-04
  outer loop
   vertex 8.80752563e+01 5.06937561e+01 7.62264633e+00
   vertex 8.97447128e+01 5.33639679e+01 1.31497536e+01
   vertex 8.97447205e+01 5.33639832e+01 7.62266159e+00
  endloop
 endfacet
 facet normal -8.27947021e-01 5.60806215e-01 -2.97442486e-04
  outer loop
   vertex 8.63233871e+01 4.80778961e+01 7.62263107e+00
   vertex 8.63233795e+01 4.80779114e+01 1.31497536e+01
   vertex 8.80752563e+01 5.06937561e+01 7.62264633e+00
  endloop
 endfacet
 facet normal -8.33770037e-01 5.52111924e-01 -4.00242516e-06
  outer loop
   vertex 8.80752563e+01 5.06937561e+01 7.62264633e+00
   vertex 8.63233795e+01 4.80779114e+01 1.31497536e+01
   vertex 8.80752792e+01 5.06937714e+01 1.31497536e+01
  endloop
 endfacet
 facet normal -5.77021539e-01 8.16728950e-01 4.85546116e-06
  outer loop
   vertex 6.21627769e+01 2.34598541e+01 4.62642174e+01
   vertex 5.95797539e+01 2.16549072e+01 4.62642174e+01
   vertex 6.21628532e+01 2.34598999e+01 5.17912064e+01
  endloop
 endfacet
 facet normal -5.68600655e-01 8.22613537e-01 5.19364025e-04
  outer loop
   vertex 6.21628532e+01 2.34598999e+01 5.17912064e+01
   vertex 5.95797539e+01 2.16549072e+01 4.62642174e+01
   vertex 5.95797615e+01 2.16549072e+01 5.17911644e+01
  endloop
 endfacet
 facet normal -6.02011323e-01 7.98487365e-01 5.24980249e-04
  outer loop
   vertex 6.46880341e+01 2.53431702e+01 5.17912560e+01
   vertex 6.46880264e+01 2.53431396e+01 4.62642174e+01
   vertex 6.21628532e+01 2.34598999e+01 5.17912064e+01
  endloop
 endfacet
 facet normal -5.93727469e-01 8.04666221e-01 4.49940671e-06
  outer loop
   vertex 6.21628532e+01 2.34598999e+01 5.17912064e+01
   vertex 6.46880264e+01 2.53431396e+01 4.62642174e+01
   vertex 6.21627769e+01 2.34598541e+01 4.62642174e+01
  endloop
 endfacet
 facet normal -6.02010965e-01 7.98487842e-01 1.46274857e-07
  outer loop
   vertex 6.46880188e+01 2.53431396e+01 4.07451363e+01
   vertex 6.46880341e+01 2.53431396e+01 3.52260590e+01
   vertex 6.21627769e+01 2.34598541e+01 4.07451363e+01
  endloop
 endfacet
 facet normal -5.93726873e-01 8.04666638e-01 4.75503640e-07
  outer loop
   vertex 6.21627769e+01 2.34598541e+01 4.07451363e+01
   vertex 6.46880341e+01 2.53431396e+01 3.52260590e+01
   vertex 6.21627693e+01 2.34598541e+01 3.52260590e+01
  endloop
 endfacet
 facet normal -5.93727589e-01 8.04666102e-01 -1.70059266e-07
  outer loop
   vertex 6.21627769e+01 2.34598541e+01 4.62642174e+01
   vertex 6.46880264e+01 2.53431396e+01 4.62642174e+01
   vertex 6.21627769e+01 2.34598541e+01 4.07451363e+01
  endloop
 endfacet
 facet normal -6.02011442e-01 7.98487425e-01 -3.18090855e-07
  outer loop
   vertex 6.21627769e+01 2.34598541e+01 4.07451363e+01
   vertex 6.46880264e+01 2.53431396e+01 4.62642174e+01
   vertex 6.46880188e+01 2.53431396e+01 4.07451363e+01
  endloop
 endfacet
 facet normal -5.68600774e-01 8.22613597e-01 1.84320470e-07
  outer loop
   vertex 5.95797501e+01 2.16549072e+01 4.07451363e+01
   vertex 5.95797539e+01 2.16549072e+01 4.62642174e+01
   vertex 6.21627769e+01 2.34598541e+01 4.07451363e+01
  endloop
 endfacet
 facet normal -5.77021658e-01 8.16728830e-01 1.86001230e-07
  outer loop
   vertex 6.21627769e+01 2.34598541e+01 4.07451363e+01
   vertex 5.95797539e+01 2.16549072e+01 4.62642174e+01
   vertex 6.21627769e+01 2.34598541e+01 4.62642174e+01
  endloop
 endfacet
 facet normal -5.77021599e-01 8.16728890e-01 1.09763313e-07
  outer loop
   vertex 6.21627693e+01 2.34598541e+01 3.52260590e+01
   vertex 5.95797539e+01 2.16549072e+01 3.52260590e+01
   vertex 6.21627769e+01 2.34598541e+01 4.07451363e+01
  endloop
 endfacet
 facet normal -5.68600893e-01 8.22613537e-01 -7.31144212e-08
  outer loop
   vertex 6.21627769e+01 2.34598541e+01 4.07451363e+01
   vertex 5.95797539e+01 2.16549072e+01 3.52260590e+01
   vertex 5.95797501e+01 2.16549072e+01 4.07451363e+01
  endloop
 endfacet
 facet normal -6.42498493e-01 7.66286910e-01 1.46347887e-07
  outer loop
   vertex 6.71528091e+01 2.73035278e+01 3.52260590e+01
   vertex 6.95560150e+01 2.93398285e+01 3.52260590e+01
   vertex 6.71528091e+01 2.73035278e+01 2.97069817e+01
  endloop
 endfacet
 facet normal -6.50382400e-01 7.59606957e-01 2.92653027e-07
  outer loop
   vertex 6.71528091e+01 2.73035278e+01 2.97069817e+01
   vertex 6.95560150e+01 2.93398285e+01 3.52260590e+01
   vertex 6.95560150e+01 2.93398285e+01 2.97069817e+01
  endloop
 endfacet
 facet normal -6.18401468e-01 7.85862327e-01 5.48722994e-07
  outer loop
   vertex 6.46880341e+01 2.53431702e+01 2.97069817e+01
   vertex 6.46880341e+01 2.53431396e+01 3.52260590e+01
   vertex 6.71528091e+01 2.73035278e+01 2.97069817e+01
  endloop
 endfacet
 facet normal -6.26508355e-01 7.79414713e-01 4.75564121e-07
  outer loop
   vertex 6.71528091e+01 2.73035278e+01 2.97069817e+01
   vertex 6.46880341e+01 2.53431396e+01 3.52260590e+01
   vertex 6.71528091e+01 2.73035278e+01 3.52260590e+01
  endloop
 endfacet
 facet normal -6.26508117e-01 7.79414892e-01 4.39000104e-07
  outer loop
   vertex 6.71528015e+01 2.73035278e+01 2.41879082e+01
   vertex 6.46880341e+01 2.53431396e+01 2.41879082e+01
   vertex 6.71528091e+01 2.73035278e+01 2.97069817e+01
  endloop
 endfacet
 facet normal -6.18401408e-01 7.85862386e-01 3.65839952e-07
  outer loop
   vertex 6.71528091e+01 2.73035278e+01 2.97069817e+01
   vertex 6.46880341e+01 2.53431396e+01 2.41879082e+01
   vertex 6.46880341e+01 2.53431702e+01 2.97069817e+01
  endloop
 endfacet
 facet normal -6.50382221e-01 7.59607077e-01 4.38972705e-07
  outer loop
   vertex 6.95560150e+01 2.93398285e+01 2.97069817e+01
   vertex 6.95560074e+01 2.93398285e+01 2.41879082e+01
   vertex 6.71528091e+01 2.73035278e+01 2.97069817e+01
  endloop
 endfacet
 facet normal -6.42498195e-01 7.66287208e-01 4.38986490e-07
  outer loop
   vertex 6.71528091e+01 2.73035278e+01 2.97069817e+01
   vertex 6.95560074e+01 2.93398285e+01 2.41879082e+01
   vertex 6.71528015e+01 2.73035278e+01 2.41879082e+01
  endloop
 endfacet
 facet normal -5.43059886e-01 8.39693964e-01 -2.92489574e-07
  outer loop
   vertex 5.69421883e+01 1.99300079e+01 3.52260590e+01
   vertex 5.95797539e+01 2.16549072e+01 3.52260590e+01
   vertex 5.69421959e+01 1.99300079e+01 2.97069817e+01
  endloop
 endfacet
 facet normal -5.51620126e-01 8.34095478e-01 -2.55928853e-07
  outer loop
   vertex 5.69421959e+01 1.99300079e+01 2.97069817e+01
   vertex 5.95797539e+01 2.16549072e+01 3.52260590e+01
   vertex 5.95797615e+01 2.16549072e+01 2.97069817e+01
  endloop
 endfacet
 facet normal -5.17099321e-01 8.55925381e-01 1.09760229e-07
  outer loop
   vertex 5.42533226e+01 1.82868652e+01 2.97069817e+01
   vertex 5.42533264e+01 1.82868652e+01 3.52260590e+01
   vertex 5.69421959e+01 1.99300079e+01 2.97069817e+01
  endloop
 endfacet
 facet normal -5.25799513e-01 8.50608528e-01 -1.82791339e-07
  outer loop
   vertex 5.69421959e+01 1.99300079e+01 2.97069817e+01
   vertex 5.42533264e+01 1.82868652e+01 3.52260590e+01
   vertex 5.69421883e+01 1.99300079e+01 3.52260590e+01
  endloop
 endfacet
 facet normal -5.25799096e-01 8.50608826e-01 1.82835336e-07
  outer loop
   vertex 5.69421959e+01 1.99300079e+01 2.41879082e+01
   vertex 5.42533150e+01 1.82868652e+01 2.41879082e+01
   vertex 5.69421959e+01 1.99300079e+01 2.97069817e+01
  endloop
 endfacet
 facet normal -5.17099082e-01 8.55925560e-01 1.82890133e-07
  outer loop
   vertex 5.69421959e+01 1.99300079e+01 2.97069817e+01
   vertex 5.42533150e+01 1.82868652e+01 2.41879082e+01
   vertex 5.42533226e+01 1.82868652e+01 2.97069817e+01
  endloop
 endfacet
 facet normal -5.51620305e-01 8.34095299e-01 3.65690411e-08
  outer loop
   vertex 5.95797615e+01 2.16549072e+01 2.97069817e+01
   vertex 5.95797615e+01 2.16549072e+01 2.41879082e+01
   vertex 5.69421959e+01 1.99300079e+01 2.97069817e+01
  endloop
 endfacet
 facet normal -5.43059945e-01 8.39693904e-01 2.92505263e-07
  outer loop
   vertex 5.69421959e+01 1.99300079e+01 2.97069817e+01
   vertex 5.95797615e+01 2.16549072e+01 2.41879082e+01
   vertex 5.69421959e+01 1.99300079e+01 2.41879082e+01
  endloop
 endfacet
 facet normal -4.17816013e-01 9.08531666e-01 4.65377889e-06
  outer loop
   vertex 4.59030571e+01 1.38617096e+01 4.62642174e+01
   vertex 4.30314598e+01 1.25588379e+01 4.62642174e+01
   vertex 4.59030418e+01 1.38617096e+01 5.17911568e+01
  endloop
 endfacet
 facet normal -4.08486485e-01 9.12764192e-01 5.20582544e-04
  outer loop
   vertex 4.59030418e+01 1.38617096e+01 5.17911568e+01
   vertex 4.30314598e+01 1.25588379e+01 4.62642174e+01
   vertex 4.30314751e+01 1.25588379e+01 5.17911758e+01
  endloop
 endfacet
 facet normal -4.45118457e-01 8.95471096e-01 1.03639043e-03
  outer loop
   vertex 4.87330093e+01 1.52519531e+01 5.17911530e+01
   vertex 4.87330132e+01 1.52519531e+01 4.62642174e+01
   vertex 4.59030418e+01 1.38617096e+01 5.17911568e+01
  endloop
 endfacet
 facet normal -4.36332077e-01 8.99785697e-01 4.56340604e-06
  outer loop
   vertex 4.59030418e+01 1.38617096e+01 5.17911568e+01
   vertex 4.87330132e+01 1.52519531e+01 4.62642174e+01
   vertex 4.59030571e+01 1.38617096e+01 4.62642174e+01
  endloop
 endfacet
 facet normal -9.66450810e-01 2.56851792e-01 -1.31076420e-04
  outer loop
   vertex 1.04978661e+02 9.17837982e+01 1.31499062e+01
   vertex 1.05808533e+02 9.49321213e+01 1.30995903e+01
   vertex 1.04978493e+02 9.17831268e+01 7.62740707e+00
  endloop
 endfacet
 facet normal -9.67521012e-01 2.52790242e-01 -3.78388882e-04
  outer loop
   vertex 1.04978493e+02 9.17831268e+01 7.62740707e+00
   vertex 1.05808533e+02 9.49321213e+01 1.30995903e+01
   vertex 1.05831406e+02 9.50249176e+01 7.42520905e+00
  endloop
 endfacet
 facet normal -9.63045061e-01 2.69340008e-01 -4.60932642e-04
  outer loop
   vertex 1.04117409e+02 8.86784592e+01 7.62733078e+00
   vertex 1.04117409e+02 8.86784592e+01 1.31497536e+01
   vertex 1.04978493e+02 9.17831268e+01 7.62740707e+00
  endloop
 endfacet
 facet normal -9.64235425e-01 2.65047282e-01 -1.57204922e-04
  outer loop
   vertex 1.04978493e+02 9.17831268e+01 7.62740707e+00
   vertex 1.04117409e+02 8.86784592e+01 1.31497536e+01
   vertex 1.04978661e+02 9.17837982e+01 1.31499062e+01
  endloop
 endfacet
 facet normal -9.03225839e-01 4.16823208e-01 -1.02183670e-01
  outer loop
   vertex 1.07870743e+02 1.03530319e+02 1.36437340e+01
   vertex 1.08350441e+02 1.05697487e+02 1.31462135e+01
   vertex 1.07682449e+02 1.02667961e+02 9.96015549e+00
  endloop
 endfacet
 facet normal -7.75298715e-01 5.99403739e-01 -1.99065447e-01
  outer loop
   vertex 1.07682449e+02 1.02667961e+02 9.96015549e+00
   vertex 1.08350441e+02 1.05697487e+02 1.31462135e+01
   vertex 1.07849380e+02 1.03425041e+02 8.36748886e+00
  endloop
 endfacet
 facet normal -9.04212296e-01 4.27083045e-01 -3.82806204e-04
  outer loop
   vertex 9.42458267e+01 6.16758575e+01 1.31497536e+01
   vertex 9.55793915e+01 6.45399323e+01 1.31497536e+01
   vertex 9.42454605e+01 6.16750488e+01 7.62314987e+00
  endloop
 endfacet
 facet normal -9.08359766e-01 4.18188393e-01 -1.01999915e-03
  outer loop
   vertex 9.42454605e+01 6.16750488e+01 7.62314987e+00
   vertex 9.55793915e+01 6.45399323e+01 1.31497536e+01
   vertex 9.55794067e+01 6.45399323e+01 7.62359619e+00
  endloop
 endfacet
 facet normal -8.91133845e-01 4.53740060e-01 -6.73402159e-04
  outer loop
   vertex 9.28317032e+01 5.88582916e+01 7.62270737e+00
   vertex 9.28316956e+01 5.88582916e+01 1.31497536e+01
   vertex 9.42454605e+01 6.16750488e+01 7.62314987e+00
  endloop
 endfacet
 facet normal -8.95668209e-01 4.44722682e-01 -3.82681319e-04
  outer loop
   vertex 9.42454605e+01 6.16750488e+01 7.62314987e+00
   vertex 9.28316956e+01 5.88582916e+01 1.31497536e+01
   vertex 9.42458267e+01 6.16758575e+01 1.31497536e+01
  endloop
 endfacet
 facet normal -3.61121297e-01 9.32518840e-01 5.65121945e-06
  outer loop
   vertex 4.01230659e+01 1.13457184e+01 4.62642097e+01
   vertex 3.71793671e+01 1.02230988e+01 4.62642174e+01
   vertex 4.01230507e+01 1.13457184e+01 5.17911873e+01
  endloop
 endfacet
 facet normal -3.51511627e-01 9.36183393e-01 5.23157360e-04
  outer loop
   vertex 4.01230507e+01 1.13457184e+01 5.17911873e+01
   vertex 3.71793671e+01 1.02230988e+01 4.62642174e+01
   vertex 3.71793709e+01 1.02230835e+01 5.17911987e+01
  endloop
 endfacet
 facet normal -3.89681697e-01 9.20949459e-01 5.21068985e-04
  outer loop
   vertex 4.30314751e+01 1.25588379e+01 5.17911758e+01
   vertex 4.30314598e+01 1.25588379e+01 4.62642174e+01
   vertex 4.01230507e+01 1.13457184e+01 5.17911873e+01
  endloop
 endfacet
 facet normal -3.80206913e-01 9.24901426e-01 5.24958296e-06
  outer loop
   vertex 4.01230507e+01 1.13457184e+01 5.17911873e+01
   vertex 4.30314598e+01 1.25588379e+01 4.62642174e+01
   vertex 4.01230659e+01 1.13457184e+01 4.62642097e+01
  endloop
 endfacet
 facet normal -3.22429270e-01 9.46593583e-01 1.06581365e-06
  outer loop
   vertex 3.42018471e+01 9.19171143e+00 4.62642174e+01
   vertex 3.71793671e+01 1.02230988e+01 4.62642174e+01
   vertex 3.42018471e+01 9.19171143e+00 4.07451363e+01
  endloop
 endfacet
 facet normal -3.32164347e-01 9.43221509e-01 4.19916717e-07
  outer loop
   vertex 3.42018471e+01 9.19171143e+00 4.07451363e+01
   vertex 3.71793671e+01 1.02230988e+01 4.62642174e+01
   vertex 3.71793709e+01 1.02230988e+01 4.07451363e+01
  endloop
 endfacet
 facet normal -2.92961478e-01 9.56124246e-01 4.36006871e-07
  outer loop
   vertex 3.11945572e+01 8.25309753e+00 4.07451363e+01
   vertex 3.11945572e+01 8.25309753e+00 4.62642174e+01
   vertex 3.42018471e+01 9.19171143e+00 4.07451363e+01
  endloop
 endfacet
 facet normal -3.02827418e-01 9.53045428e-01 1.08190420e-06
  outer loop
   vertex 3.42018471e+01 9.19171143e+00 4.07451363e+01
   vertex 3.11945572e+01 8.25309753e+00 4.62642174e+01
   vertex 3.42018471e+01 9.19171143e+00 4.62642174e+01
  endloop
 endfacet
 facet normal -3.02828699e-01 9.53045011e-01 9.14546039e-09
  outer loop
   vertex 3.42018471e+01 9.19171143e+00 3.52260590e+01
   vertex 3.11945572e+01 8.25309753e+00 3.52260590e+01
   vertex 3.42018471e+01 9.19171143e+00 4.07451363e+01
  endloop
 endfacet
 facet normal -2.92961657e-01 9.56124187e-01 9.14547460e-09
  outer loop
   vertex 3.42018471e+01 9.19171143e+00 4.07451363e+01
   vertex 3.11945572e+01 8.25309753e+00 3.52260590e+01
   vertex 3.11945572e+01 8.25309753e+00 4.07451363e+01
  endloop
 endfacet
 facet normal -3.32163483e-01 9.43221807e-01 -1.82865296e-08
  outer loop
   vertex 3.71793709e+01 1.02230988e+01 4.07451363e+01
   vertex 3.71793709e+01 1.02230988e+01 3.52260590e+01
   vertex 3.42018471e+01 9.19171143e+00 4.07451363e+01
  endloop
 endfacet
 facet normal -3.22429478e-01 9.46593463e-01 -1.82865296e-08
  outer loop
   vertex 3.42018471e+01 9.19171143e+00 4.07451363e+01
   vertex 3.71793709e+01 1.02230988e+01 3.52260590e+01
   vertex 3.42018471e+01 9.19171143e+00 3.52260590e+01
  endloop
 endfacet
 facet normal -7.31117547e-01 6.82251394e-01 -4.14023845e-04
  outer loop
   vertex 7.63854065e+01 3.58840332e+01 1.31497536e+01
   vertex 7.85238876e+01 3.81970673e+01 1.31497536e+01
   vertex 7.63856659e+01 3.58842773e+01 7.62285614e+00
  endloop
 endfacet
 facet normal -7.38109469e-01 6.74680591e-01 -7.05575454e-04
  outer loop
   vertex 7.63856659e+01 3.58842773e+01 7.62285614e+00
   vertex 7.85238876e+01 3.81970673e+01 1.31497536e+01
   vertex 7.85238953e+01 3.81970520e+01 7.62266541e+00
  endloop
 endfacet
 facet normal -7.09797859e-01 7.04404533e-01 -1.10166578e-03
  outer loop
   vertex 7.41745300e+01 3.36345215e+01 7.62304306e+00
   vertex 7.41745300e+01 3.36345215e+01 1.31497536e+01
   vertex 7.63856659e+01 3.58842773e+01 7.62285614e+00
  endloop
 endfacet
 facet normal -7.17076421e-01 6.96994424e-01 -4.13834001e-04
  outer loop
   vertex 7.63856659e+01 3.58842773e+01 7.62285614e+00
   vertex 7.41745300e+01 3.36345215e+01 1.31497536e+01
   vertex 7.63854065e+01 3.58840332e+01 1.31497536e+01
  endloop
 endfacet
 facet normal -5.94001293e-01 8.04463983e-01 -4.26297775e-04
  outer loop
   vertex 6.21627769e+01 2.34598541e+01 1.31497536e+01
   vertex 6.46880264e+01 2.53431396e+01 1.31497536e+01
   vertex 6.21628532e+01 2.34598999e+01 7.62276077e+00
  endloop
 endfacet
 facet normal -6.02283478e-01 7.98281968e-01 -7.15732807e-04
  outer loop
   vertex 6.21628532e+01 2.34598999e+01 7.62276077e+00
   vertex 6.46880264e+01 2.53431396e+01 1.31497536e+01
   vertex 6.46880341e+01 2.53431702e+01 7.62271500e+00
  endloop
 endfacet
 facet normal -5.68599999e-01 8.22613358e-01 -1.13573414e-03
  outer loop
   vertex 5.95797615e+01 2.16549072e+01 7.62280273e+00
   vertex 5.95797539e+01 2.16549072e+01 1.31497536e+01
   vertex 6.21628532e+01 2.34598999e+01 7.62276077e+00
  endloop
 endfacet
 facet normal -5.77299356e-01 8.16532493e-01 -4.26401995e-04
  outer loop
   vertex 6.21628532e+01 2.34598999e+01 7.62276077e+00
   vertex 5.95797539e+01 2.16549072e+01 1.31497536e+01
   vertex 6.21627769e+01 2.34598541e+01 1.31497536e+01
  endloop
 endfacet
 facet normal -6.42497361e-01 7.66287863e-01 -3.08177709e-06
  outer loop
   vertex 6.71528091e+01 2.73035278e+01 1.31497536e+01
   vertex 6.95560150e+01 2.93398285e+01 1.31497536e+01
   vertex 6.71527863e+01 2.73035126e+01 7.62273026e+00
  endloop
 endfacet
 facet normal -6.50380194e-01 7.59608805e-01 -2.91875651e-04
  outer loop
   vertex 6.71527863e+01 2.73035126e+01 7.62273026e+00
   vertex 6.95560150e+01 2.93398285e+01 1.31497536e+01
   vertex 6.95560226e+01 2.93398285e+01 7.62274933e+00
  endloop
 endfacet
 facet normal -6.18402183e-01 7.85861731e-01 -2.92612356e-04
  outer loop
   vertex 6.46880341e+01 2.53431702e+01 7.62271500e+00
   vertex 6.46880264e+01 2.53431396e+01 1.31497536e+01
   vertex 6.71527863e+01 2.73035126e+01 7.62273026e+00
  endloop
 endfacet
 facet normal -6.26508117e-01 7.79414892e-01 -2.90898697e-06
  outer loop
   vertex 6.71527863e+01 2.73035126e+01 7.62273026e+00
   vertex 6.46880264e+01 2.53431396e+01 1.31497536e+01
   vertex 6.71528091e+01 2.73035278e+01 1.31497536e+01
  endloop
 endfacet
 facet normal -2.04661921e-01 9.78832722e-01 -4.50164225e-06
  outer loop
   vertex 2.20129337e+01 5.99476624e+00 1.31497536e+01
   vertex 2.50986252e+01 6.65615845e+00 1.31497536e+01
   vertex 2.20128422e+01 5.99473572e+00 7.62298965e+00
  endloop
 endfacet
 facet normal -2.14091718e-01 9.76813316e-01 -6.93186827e-04
  outer loop
   vertex 2.20128422e+01 5.99473572e+00 7.62298965e+00
   vertex 2.50986252e+01 6.65615845e+00 1.31497536e+01
   vertex 2.50986233e+01 6.65612793e+00 7.62303543e+00
  endloop
 endfacet
 facet normal -1.75493836e-01 9.84480262e-01 -7.01259181e-04
  outer loop
   vertex 1.89094200e+01 5.42634583e+00 7.62293625e+00
   vertex 1.89094124e+01 5.42634583e+00 1.31497536e+01
   vertex 2.20128422e+01 5.99473572e+00 7.62298965e+00
  endloop
 endfacet
 facet normal -1.85036436e-01 9.82731640e-01 -3.95551479e-06
  outer loop
   vertex 2.20128422e+01 5.99473572e+00 7.62298965e+00
   vertex 1.89094124e+01 5.42634583e+00 1.31497536e+01
   vertex 2.20129337e+01 5.99476624e+00 1.31497536e+01
  endloop
 endfacet
 facet normal -2.92962402e-01 9.56123948e-01 -9.14282978e-08
  outer loop
   vertex 3.11945610e+01 8.25309753e+00 1.86688309e+01
   vertex 3.11945572e+01 8.25309753e+00 2.41879082e+01
   vertex 3.42018471e+01 9.19171143e+00 1.86688309e+01
  endloop
 endfacet
 facet normal -3.02829385e-01 9.53044772e-01 -6.40075370e-08
  outer loop
   vertex 3.42018471e+01 9.19171143e+00 1.86688309e+01
   vertex 3.11945572e+01 8.25309753e+00 2.41879082e+01
   vertex 3.42018433e+01 9.19171143e+00 2.41879082e+01
  endloop
 endfacet
 facet normal -3.02828491e-01 9.53045070e-01 -1.07062795e-06
  outer loop
   vertex 3.42018509e+01 9.19171143e+00 1.31497536e+01
   vertex 3.11945572e+01 8.25309753e+00 1.31497536e+01
   vertex 3.42018471e+01 9.19171143e+00 1.86688309e+01
  endloop
 endfacet
 facet normal -2.92961776e-01 9.56124127e-01 -4.38382017e-07
  outer loop
   vertex 3.42018471e+01 9.19171143e+00 1.86688309e+01
   vertex 3.11945572e+01 8.25309753e+00 1.31497536e+01
   vertex 3.11945610e+01 8.25309753e+00 1.86688309e+01
  endloop
 endfacet
 facet normal -3.32164317e-01 9.43221569e-01 -7.78447657e-07
  outer loop
   vertex 3.71793594e+01 1.02230988e+01 1.86688309e+01
   vertex 3.71793633e+01 1.02230988e+01 1.31497536e+01
   vertex 3.42018471e+01 9.19171143e+00 1.86688309e+01
  endloop
 endfacet
 facet normal -3.22430015e-01 9.46593285e-01 -1.40155532e-06
  outer loop
   vertex 3.42018471e+01 9.19171143e+00 1.86688309e+01
   vertex 3.71793633e+01 1.02230988e+01 1.31497536e+01
   vertex 3.42018509e+01 9.19171143e+00 1.31497536e+01
  endloop
 endfacet
 facet normal -3.22429776e-01 9.46593404e-01 5.48508972e-08
  outer loop
   vertex 3.42018433e+01 9.19171143e+00 2.41879082e+01
   vertex 3.71793633e+01 1.02230988e+01 2.41879082e+01
   vertex 3.42018471e+01 9.19171143e+00 1.86688309e+01
  endloop
 endfacet
 facet normal -3.32163811e-01 9.43221688e-01 1.82923099e-08
  outer loop
   vertex 3.42018471e+01 9.19171143e+00 1.86688309e+01
   vertex 3.71793633e+01 1.02230988e+01 2.41879082e+01
   vertex 3.71793594e+01 1.02230988e+01 1.86688309e+01
  endloop
 endfacet
 facet normal -3.80205870e-01 9.24901903e-01 1.46274360e-07
  outer loop
   vertex 4.01230736e+01 1.13457184e+01 2.41879082e+01
   vertex 4.30314598e+01 1.25588379e+01 2.41879082e+01
   vertex 4.01230659e+01 1.13457184e+01 1.86688309e+01
  endloop
 endfacet
 facet normal -3.89681369e-01 9.20949757e-01 3.65807757e-08
  outer loop
   vertex 4.01230659e+01 1.13457184e+01 1.86688309e+01
   vertex 4.30314598e+01 1.25588379e+01 2.41879082e+01
   vertex 4.30314598e+01 1.25588379e+01 1.86688309e+01
  endloop
 endfacet
 facet normal -3.51508290e-01 9.36184764e-01 9.14323195e-08
  outer loop
   vertex 3.71793594e+01 1.02230988e+01 1.86688309e+01
   vertex 3.71793633e+01 1.02230988e+01 2.41879082e+01
   vertex 4.01230659e+01 1.13457184e+01 1.86688309e+01
  endloop
 endfacet
 facet normal -3.61119211e-01 9.32519674e-01 2.01135762e-07
  outer loop
   vertex 4.01230659e+01 1.13457184e+01 1.86688309e+01
   vertex 3.71793633e+01 1.02230988e+01 2.41879082e+01
   vertex 4.01230736e+01 1.13457184e+01 2.41879082e+01
  endloop
 endfacet
 facet normal -3.61119986e-01 9.32519376e-01 -1.19920674e-06
  outer loop
   vertex 4.01230659e+01 1.13457184e+01 1.31497536e+01
   vertex 3.71793633e+01 1.02230988e+01 1.31497536e+01
   vertex 4.01230659e+01 1.13457184e+01 1.86688309e+01
  endloop
 endfacet
 facet normal -3.51508766e-01 9.36184585e-01 -7.05307343e-07
  outer loop
   vertex 4.01230659e+01 1.13457184e+01 1.86688309e+01
   vertex 3.71793633e+01 1.02230988e+01 1.31497536e+01
   vertex 3.71793594e+01 1.02230988e+01 1.86688309e+01
  endloop
 endfacet
 facet normal -3.89681429e-01 9.20949697e-01 -2.01735659e-07
  outer loop
   vertex 4.30314598e+01 1.25588379e+01 1.86688309e+01
   vertex 4.30314636e+01 1.25588379e+01 1.31497536e+01
   vertex 4.01230659e+01 1.13457184e+01 1.86688309e+01
  endloop
 endfacet
 facet normal -3.80206257e-01 9.24901724e-01 -6.95644644e-07
  outer loop
   vertex 4.01230659e+01 1.13457184e+01 1.86688309e+01
   vertex 4.30314636e+01 1.25588379e+01 1.31497536e+01
   vertex 4.01230659e+01 1.13457184e+01 1.31497536e+01
  endloop
 endfacet
 facet normal -5.43059587e-01 8.39694142e-01 -3.32451827e-06
  outer loop
   vertex 5.69421883e+01 1.99300079e+01 1.31497536e+01
   vertex 5.95797539e+01 2.16549072e+01 1.31497536e+01
   vertex 5.69422379e+01 1.99300385e+01 7.62283325e+00
  endloop
 endfacet
 facet normal -5.51335156e-01 8.34283590e-01 -7.12833018e-04
  outer loop
   vertex 5.69422379e+01 1.99300385e+01 7.62283325e+00
   vertex 5.95797539e+01 2.16549072e+01 1.31497536e+01
   vertex 5.95797615e+01 2.16549072e+01 7.62280273e+00
  endloop
 endfacet
 facet normal -5.17098606e-01 8.55925798e-01 -2.87619856e-04
  outer loop
   vertex 5.42533302e+01 1.82868652e+01 7.62285614e+00
   vertex 5.42533302e+01 1.82868652e+01 1.31497536e+01
   vertex 5.69422379e+01 1.99300385e+01 7.62283325e+00
  endloop
 endfacet
 facet normal -5.25799334e-01 8.50608647e-01 -3.15001216e-06
  outer loop
   vertex 5.69422379e+01 1.99300385e+01 7.62283325e+00
   vertex 5.42533302e+01 1.82868652e+01 1.31497536e+01
   vertex 5.69421883e+01 1.99300079e+01 1.31497536e+01
  endloop
 endfacet
 facet normal -8.10173690e-01 5.86189747e-01 -4.30587941e-04
  outer loop
   vertex 8.44894180e+01 4.55173187e+01 1.31497536e+01
   vertex 8.63233795e+01 4.80779114e+01 1.31497536e+01
   vertex 8.44894791e+01 4.55173950e+01 7.62268448e+00
  endloop
 endfacet
 facet normal -8.16246212e-01 5.77703714e-01 -7.23914825e-04
  outer loop
   vertex 8.44894791e+01 4.55173950e+01 7.62268448e+00
   vertex 8.63233795e+01 4.80779114e+01 1.31497536e+01
   vertex 8.63233871e+01 4.80778961e+01 7.62263107e+00
  endloop
 endfacet
 facet normal -7.91301489e-01 6.11425102e-01 -1.14648335e-03
  outer loop
   vertex 8.25762253e+01 4.30147705e+01 7.62273407e+00
   vertex 8.25762100e+01 4.30147705e+01 1.31497536e+01
   vertex 8.44894791e+01 4.55173950e+01 7.62268448e+00
  endloop
 endfacet
 facet normal -7.97805846e-01 6.02914274e-01 -4.30473883e-04
  outer loop
   vertex 8.44894791e+01 4.55173950e+01 7.62268448e+00
   vertex 8.25762100e+01 4.30147705e+01 1.31497536e+01
   vertex 8.44894180e+01 4.55173187e+01 1.31497536e+01
  endloop
 endfacet
 facet normal -7.71908104e-01 6.35734141e-01 -3.92920265e-06
  outer loop
   vertex 8.05873413e+01 4.05740356e+01 1.31497536e+01
   vertex 8.25762100e+01 4.30147705e+01 1.31497536e+01
   vertex 8.05873032e+01 4.05740051e+01 7.62269974e+00
  endloop
 endfacet
 facet normal -7.78240800e-01 6.27965569e-01 -7.20041513e-04
  outer loop
   vertex 8.05873032e+01 4.05740051e+01 7.62269974e+00
   vertex 8.25762100e+01 4.30147705e+01 1.31497536e+01
   vertex 8.25762253e+01 4.30147705e+01 7.62273407e+00
  endloop
 endfacet
 facet normal -7.51709223e-01 6.59494638e-01 -2.95962818e-04
  outer loop
   vertex 7.85238953e+01 3.81970520e+01 7.62266541e+00
   vertex 7.85238876e+01 3.81970673e+01 1.31497536e+01
   vertex 8.05873032e+01 4.05740051e+01 7.62269974e+00
  endloop
 endfacet
 facet normal -7.58534849e-01 6.51632488e-01 -4.09519225e-06
  outer loop
   vertex 8.05873032e+01 4.05740051e+01 7.62269974e+00
   vertex 7.85238876e+01 3.81970673e+01 1.31497536e+01
   vertex 8.05873413e+01 4.05740356e+01 1.31497536e+01
  endloop
 endfacet
 facet normal -5.25799632e-01 8.50608468e-01 4.01514353e-06
  outer loop
   vertex 5.69421768e+01 1.99300079e+01 4.62642174e+01
   vertex 5.42533264e+01 1.82868652e+01 4.62642097e+01
   vertex 5.69422340e+01 1.99300385e+01 5.17911377e+01
  endloop
 endfacet
 facet normal -5.17099679e-01 8.55925024e-01 5.14582556e-04
  outer loop
   vertex 5.69422340e+01 1.99300385e+01 5.17911377e+01
   vertex 5.42533264e+01 1.82868652e+01 4.62642097e+01
   vertex 5.42533302e+01 1.82868652e+01 5.17911072e+01
  endloop
 endfacet
 facet normal -5.51619709e-01 8.34095538e-01 5.18618268e-04
  outer loop
   vertex 5.95797615e+01 2.16549072e+01 5.17911644e+01
   vertex 5.95797539e+01 2.16549072e+01 4.62642174e+01
   vertex 5.69422340e+01 1.99300385e+01 5.17911377e+01
  endloop
 endfacet
 facet normal -5.43059647e-01 8.39694142e-01 4.19046000e-06
  outer loop
   vertex 5.69422340e+01 1.99300385e+01 5.17911377e+01
   vertex 5.95797539e+01 2.16549072e+01 4.62642174e+01
   vertex 5.69421768e+01 1.99300079e+01 4.62642174e+01
  endloop
 endfacet
 facet normal -4.08486128e-01 9.12764549e-01 -1.82821331e-08
  outer loop
   vertex 4.30314598e+01 1.25588379e+01 4.07451363e+01
   vertex 4.30314598e+01 1.25588379e+01 4.62642174e+01
   vertex 4.59030571e+01 1.38617096e+01 4.07451363e+01
  endloop
 endfacet
 facet normal -4.17815417e-01 9.08531964e-01 -1.82098780e-08
  outer loop
   vertex 4.59030571e+01 1.38617096e+01 4.07451363e+01
   vertex 4.30314598e+01 1.25588379e+01 4.62642174e+01
   vertex 4.59030571e+01 1.38617096e+01 4.62642174e+01
  endloop
 endfacet
 facet normal -4.17815506e-01 9.08531904e-01 1.64416605e-07
  outer loop
   vertex 4.59030571e+01 1.38617096e+01 3.52260590e+01
   vertex 4.30314636e+01 1.25588379e+01 3.52260590e+01
   vertex 4.59030571e+01 1.38617096e+01 4.07451363e+01
  endloop
 endfacet
 facet normal -4.08485919e-01 9.12764609e-01 -9.14102714e-08
  outer loop
   vertex 4.59030571e+01 1.38617096e+01 4.07451363e+01
   vertex 4.30314636e+01 1.25588379e+01 3.52260590e+01
   vertex 4.30314598e+01 1.25588379e+01 4.07451363e+01
  endloop
 endfacet
 facet normal -4.45519060e-01 8.95272434e-01 4.38709407e-07
  outer loop
   vertex 4.87330132e+01 1.52519531e+01 4.07451363e+01
   vertex 4.87330132e+01 1.52519531e+01 3.52260590e+01
   vertex 4.59030571e+01 1.38617096e+01 4.07451363e+01
  endloop
 endfacet
 facet normal -4.36332166e-01 8.99785697e-01 6.57972123e-07
  outer loop
   vertex 4.59030571e+01 1.38617096e+01 4.07451363e+01
   vertex 4.87330132e+01 1.52519531e+01 3.52260590e+01
   vertex 4.59030571e+01 1.38617096e+01 3.52260590e+01
  endloop
 endfacet
 facet normal -4.36331481e-01 8.99785995e-01 -1.08581560e-07
  outer loop
   vertex 4.59030571e+01 1.38617096e+01 4.62642174e+01
   vertex 4.87330132e+01 1.52519531e+01 4.62642174e+01
   vertex 4.59030571e+01 1.38617096e+01 4.07451363e+01
  endloop
 endfacet
 facet normal -4.45518672e-01 8.95272672e-01 -7.20896765e-08
  outer loop
   vertex 4.59030571e+01 1.38617096e+01 4.07451363e+01
   vertex 4.87330132e+01 1.52519531e+01 4.62642174e+01
   vertex 4.87330132e+01 1.52519531e+01 4.07451363e+01
  endloop
 endfacet
 facet normal -4.73172933e-01 8.80969405e-01 5.22009039e-04
  outer loop
   vertex 5.15166206e+01 1.67272186e+01 4.62642174e+01
   vertex 4.87330132e+01 1.52519531e+01 4.62642174e+01
   vertex 5.15165825e+01 1.67272034e+01 5.17911339e+01
  endloop
 endfacet
 facet normal -4.63741601e-01 8.85969162e-01 1.55389588e-03
  outer loop
   vertex 5.15165825e+01 1.67272034e+01 5.17911339e+01
   vertex 4.87330132e+01 1.52519531e+01 4.62642174e+01
   vertex 4.87330093e+01 1.52519531e+01 5.17911530e+01
  endloop
 endfacet
 facet normal -4.99925345e-01 8.66067886e-01 1.03276316e-03
  outer loop
   vertex 5.42533302e+01 1.82868652e+01 5.17911072e+01
   vertex 5.42533264e+01 1.82868652e+01 4.62642097e+01
   vertex 5.15165825e+01 1.67272034e+01 5.17911339e+01
  endloop
 endfacet
 facet normal -4.91066694e-01 8.71121824e-01 5.22048504e-04
  outer loop
   vertex 5.15165825e+01 1.67272034e+01 5.17911339e+01
   vertex 5.42533264e+01 1.82868652e+01 4.62642097e+01
   vertex 5.15166206e+01 1.67272186e+01 4.62642174e+01
  endloop
 endfacet
 facet normal -4.72779304e-01 8.81180882e-01 6.94735263e-07
  outer loop
   vertex 5.15166206e+01 1.67272186e+01 3.52260590e+01
   vertex 4.87330132e+01 1.52519531e+01 3.52260590e+01
   vertex 5.15166206e+01 1.67272186e+01 4.07451363e+01
  endloop
 endfacet
 facet normal -4.63743091e-01 8.85969698e-01 4.38709350e-07
  outer loop
   vertex 5.15166206e+01 1.67272186e+01 4.07451363e+01
   vertex 4.87330132e+01 1.52519531e+01 3.52260590e+01
   vertex 4.87330132e+01 1.52519531e+01 4.07451363e+01
  endloop
 endfacet
 facet normal -4.99538660e-01 8.66291583e-01 -7.31156007e-08
  outer loop
   vertex 5.42533264e+01 1.82868652e+01 4.07451401e+01
   vertex 5.42533264e+01 1.82868652e+01 3.52260590e+01
   vertex 5.15166206e+01 1.67272186e+01 4.07451363e+01
  endloop
 endfacet
 facet normal -4.90676820e-01 8.71341646e-01 2.56040266e-07
  outer loop
   vertex 5.15166206e+01 1.67272186e+01 4.07451363e+01
   vertex 5.42533264e+01 1.82868652e+01 3.52260590e+01
   vertex 5.15166206e+01 1.67272186e+01 3.52260590e+01
  endloop
 endfacet
 facet normal -4.90677476e-01 8.71341288e-01 -9.96878811e-08
  outer loop
   vertex 5.15166206e+01 1.67272186e+01 4.62642174e+01
   vertex 5.42533264e+01 1.82868652e+01 4.62642097e+01
   vertex 5.15166206e+01 1.67272186e+01 4.07451363e+01
  endloop
 endfacet
 facet normal -4.99538928e-01 8.66291463e-01 -1.00692716e-07
  outer loop
   vertex 5.15166206e+01 1.67272186e+01 4.07451363e+01
   vertex 5.42533264e+01 1.82868652e+01 4.62642097e+01
   vertex 5.42533264e+01 1.82868652e+01 4.07451401e+01
  endloop
 endfacet
 facet normal -4.63742703e-01 8.85969937e-01 -7.20896622e-08
  outer loop
   vertex 4.87330132e+01 1.52519531e+01 4.07451363e+01
   vertex 4.87330132e+01 1.52519531e+01 4.62642174e+01
   vertex 5.15166206e+01 1.67272186e+01 4.07451363e+01
  endloop
 endfacet
 facet normal -4.72779334e-01 8.81180882e-01 -1.44214923e-07
  outer loop
   vertex 5.15166206e+01 1.67272186e+01 4.07451363e+01
   vertex 4.87330132e+01 1.52519531e+01 4.62642174e+01
   vertex 5.15166206e+01 1.67272186e+01 4.62642174e+01
  endloop
 endfacet
 facet normal -4.45520192e-01 8.95271897e-01 -4.20426773e-07
  outer loop
   vertex 4.87330093e+01 1.52519531e+01 1.86688309e+01
   vertex 4.87330093e+01 1.52519531e+01 1.31497536e+01
   vertex 4.59030609e+01 1.38617096e+01 1.86688309e+01
  endloop
 endfacet
 facet normal -4.36332852e-01 8.99785340e-01 -9.14874363e-08
  outer loop
   vertex 4.59030609e+01 1.38617096e+01 1.86688309e+01
   vertex 4.87330093e+01 1.52519531e+01 1.31497536e+01
   vertex 4.59030609e+01 1.38617096e+01 1.31497536e+01
  endloop
 endfacet
 facet normal -4.36333448e-01 8.99785042e-01 -7.49268679e-07
  outer loop
   vertex 4.59030609e+01 1.38617096e+01 2.41879082e+01
   vertex 4.87330208e+01 1.52519836e+01 2.41879082e+01
   vertex 4.59030609e+01 1.38617096e+01 1.86688309e+01
  endloop
 endfacet
 facet normal -4.45520163e-01 8.95271897e-01 -8.22479478e-07
  outer loop
   vertex 4.59030609e+01 1.38617096e+01 1.86688309e+01
   vertex 4.87330208e+01 1.52519836e+01 2.41879082e+01
   vertex 4.87330093e+01 1.52519531e+01 1.86688309e+01
  endloop
 endfacet
 facet normal -4.08486545e-01 9.12764370e-01 -1.46150938e-07
  outer loop
   vertex 4.30314598e+01 1.25588379e+01 1.86688309e+01
   vertex 4.30314598e+01 1.25588379e+01 2.41879082e+01
   vertex 4.59030609e+01 1.38617096e+01 1.86688309e+01
  endloop
 endfacet
 facet normal -4.17816997e-01 9.08531189e-01 -3.47143725e-07
  outer loop
   vertex 4.59030609e+01 1.38617096e+01 1.86688309e+01
   vertex 4.30314598e+01 1.25588379e+01 2.41879082e+01
   vertex 4.59030609e+01 1.38617096e+01 2.41879082e+01
  endloop
 endfacet
 facet normal -4.17816401e-01 9.08531487e-01 -3.29731449e-07
  outer loop
   vertex 4.59030609e+01 1.38617096e+01 1.31497536e+01
   vertex 4.30314636e+01 1.25588379e+01 1.31497536e+01
   vertex 4.59030609e+01 1.38617096e+01 1.86688309e+01
  endloop
 endfacet
 facet normal -4.08486575e-01 9.12764311e-01 -3.84467256e-07
  outer loop
   vertex 4.59030609e+01 1.38617096e+01 1.86688309e+01
   vertex 4.30314636e+01 1.25588379e+01 1.31497536e+01
   vertex 4.30314598e+01 1.25588379e+01 1.86688309e+01
  endloop
 endfacet
 facet normal -3.22428495e-01 9.46593821e-01 -5.25521045e-06
  outer loop
   vertex 3.42018509e+01 9.19171143e+00 1.31497536e+01
   vertex 3.71793633e+01 1.02230988e+01 1.31497536e+01
   vertex 3.42018166e+01 9.19166565e+00 7.62275314e+00
  endloop
 endfacet
 facet normal -3.32163513e-01 9.43221748e-01 -2.93271849e-04
  outer loop
   vertex 3.42018166e+01 9.19166565e+00 7.62275314e+00
   vertex 3.71793633e+01 1.02230988e+01 1.31497536e+01
   vertex 3.71793747e+01 1.02230835e+01 7.62276840e+00
  endloop
 endfacet
 facet normal -2.92960018e-01 9.56124663e-01 -2.94088211e-04
  outer loop
   vertex 3.11945572e+01 8.25309753e+00 7.62272644e+00
   vertex 3.11945572e+01 8.25309753e+00 1.31497536e+01
   vertex 3.42018166e+01 9.19166565e+00 7.62275314e+00
  endloop
 endfacet
 facet normal -3.02827001e-01 9.53045547e-01 -4.92428580e-06
  outer loop
   vertex 3.42018166e+01 9.19166565e+00 7.62275314e+00
   vertex 3.11945572e+01 8.25309753e+00 1.31497536e+01
   vertex 3.42018509e+01 9.19171143e+00 1.31497536e+01
  endloop
 endfacet
 facet normal -3.80206883e-01 9.24901485e-01 -4.21816276e-06
  outer loop
   vertex 4.01230659e+01 1.13457184e+01 1.31497536e+01
   vertex 4.30314636e+01 1.25588379e+01 1.31497536e+01
   vertex 4.01230469e+01 1.13456879e+01 7.62277985e+00
  endloop
 endfacet
 facet normal -3.89683396e-01 9.20948863e-01 -2.91117962e-04
  outer loop
   vertex 4.01230469e+01 1.13456879e+01 7.62277985e+00
   vertex 4.30314636e+01 1.25588379e+01 1.31497536e+01
   vertex 4.30314674e+01 1.25588379e+01 7.62279510e+00
  endloop
 endfacet
 facet normal -3.51510137e-01 9.36184049e-01 -2.92867480e-04
  outer loop
   vertex 3.71793747e+01 1.02230835e+01 7.62276840e+00
   vertex 3.71793633e+01 1.02230988e+01 1.31497536e+01
   vertex 4.01230469e+01 1.13456879e+01 7.62277985e+00
  endloop
 endfacet
 facet normal -3.61120641e-01 9.32519138e-01 -4.72172633e-06
  outer loop
   vertex 4.01230469e+01 1.13456879e+01 7.62277985e+00
   vertex 3.71793633e+01 1.02230988e+01 1.31497536e+01
   vertex 4.01230659e+01 1.13457184e+01 1.31497536e+01
  endloop
 endfacet
 facet normal -3.61119330e-01 9.32519615e-01 1.82849234e-07
  outer loop
   vertex 4.01230736e+01 1.13457184e+01 2.41879082e+01
   vertex 3.71793633e+01 1.02230988e+01 2.41879082e+01
   vertex 4.01230736e+01 1.13457184e+01 2.97069817e+01
  endloop
 endfacet
 facet normal -3.51508409e-01 9.36184704e-01 1.27991640e-07
  outer loop
   vertex 4.01230736e+01 1.13457184e+01 2.97069817e+01
   vertex 3.71793633e+01 1.02230988e+01 2.41879082e+01
   vertex 3.71793709e+01 1.02230988e+01 2.97069817e+01
  endloop
 endfacet
 facet normal -3.89681906e-01 9.20949519e-01 3.65642059e-08
  outer loop
   vertex 4.30314636e+01 1.25588379e+01 2.97069817e+01
   vertex 4.30314598e+01 1.25588379e+01 2.41879082e+01
   vertex 4.01230736e+01 1.13457184e+01 2.97069817e+01
  endloop
 endfacet
 facet normal -3.80206019e-01 9.24901843e-01 1.27987832e-07
  outer loop
   vertex 4.01230736e+01 1.13457184e+01 2.97069817e+01
   vertex 4.30314598e+01 1.25588379e+01 2.41879082e+01
   vertex 4.01230736e+01 1.13457184e+01 2.41879082e+01
  endloop
 endfacet
 facet normal -3.80205691e-01 9.24901962e-01 -1.27978922e-07
  outer loop
   vertex 4.01230659e+01 1.13457184e+01 3.52260590e+01
   vertex 4.30314636e+01 1.25588379e+01 3.52260590e+01
   vertex 4.01230736e+01 1.13457184e+01 2.97069817e+01
  endloop
 endfacet
 facet normal -3.89681578e-01 9.20949638e-01 -5.48461685e-08
  outer loop
   vertex 4.01230736e+01 1.13457184e+01 2.97069817e+01
   vertex 4.30314636e+01 1.25588379e+01 3.52260590e+01
   vertex 4.30314636e+01 1.25588379e+01 2.97069817e+01
  endloop
 endfacet
 facet normal -3.51508468e-01 9.36184704e-01 1.82795379e-08
  outer loop
   vertex 3.71793709e+01 1.02230988e+01 2.97069817e+01
   vertex 3.71793709e+01 1.02230988e+01 3.52260590e+01
   vertex 4.01230736e+01 1.13457184e+01 2.97069817e+01
  endloop
 endfacet
 facet normal -3.61119419e-01 9.32519555e-01 -9.14193237e-08
  outer loop
   vertex 4.01230736e+01 1.13457184e+01 2.97069817e+01
   vertex 3.71793709e+01 1.02230988e+01 3.52260590e+01
   vertex 4.01230659e+01 1.13457184e+01 3.52260590e+01
  endloop
 endfacet
 facet normal -9.59368825e-01 2.82154948e-01 -3.73473910e-07
  outer loop
   vertex 1.03215530e+02 8.55843201e+01 4.62642174e+01
   vertex 1.04117409e+02 8.86784592e+01 4.62642174e+01
   vertex 1.03215530e+02 8.55843201e+01 4.07451363e+01
  endloop
 endfacet
 facet normal -9.60622609e-01 2.77856350e-01 -1.29622933e-07
  outer loop
   vertex 1.03215530e+02 8.55843201e+01 4.07451363e+01
   vertex 1.04117409e+02 8.86784592e+01 4.62642174e+01
   vertex 1.04117409e+02 8.86784592e+01 4.07451363e+01
  endloop
 endfacet
 facet normal -9.55345809e-01 2.95490086e-01 7.72548603e-08
  outer loop
   vertex 1.02271912e+02 8.25056610e+01 4.07451363e+01
   vertex 1.02271912e+02 8.25056534e+01 4.62642174e+01
   vertex 1.03215530e+02 8.55843201e+01 4.07451363e+01
  endloop
 endfacet
 facet normal -9.56731558e-01 2.90972054e-01 -1.31752060e-07
  outer loop
   vertex 1.03215530e+02 8.55843201e+01 4.07451363e+01
   vertex 1.02271912e+02 8.25056534e+01 4.62642174e+01
   vertex 1.03215530e+02 8.55843201e+01 4.62642174e+01
  endloop
 endfacet
 facet normal -9.56731558e-01 2.90972114e-01 1.21922888e-14
  outer loop
   vertex 1.03215530e+02 8.55843201e+01 3.52260590e+01
   vertex 1.02271912e+02 8.25056534e+01 3.52260590e+01
   vertex 1.03215530e+02 8.55843201e+01 4.07451363e+01
  endloop
 endfacet
 facet normal -9.55345809e-01 2.95490056e-01 1.21942954e-14
  outer loop
   vertex 1.03215530e+02 8.55843201e+01 4.07451363e+01
   vertex 1.02271912e+02 8.25056534e+01 3.52260590e+01
   vertex 1.02271912e+02 8.25056610e+01 4.07451363e+01
  endloop
 endfacet
 facet normal -9.60622668e-01 2.77856141e-01 6.96891291e-08
  outer loop
   vertex 1.04117409e+02 8.86784592e+01 4.07451363e+01
   vertex 1.04117409e+02 8.86784592e+01 3.52260590e+01
   vertex 1.03215530e+02 8.55843201e+01 4.07451363e+01
  endloop
 endfacet
 facet normal -9.59368885e-01 2.82154828e-01 3.48445788e-08
  outer loop
   vertex 1.03215530e+02 8.55843201e+01 4.07451363e+01
   vertex 1.04117409e+02 8.86784592e+01 3.52260590e+01
   vertex 1.03215530e+02 8.55843201e+01 3.52260590e+01
  endloop
 endfacet
 facet normal -2.44111791e-01 9.69746947e-01 5.08570520e-04
  outer loop
   vertex 2.81601372e+01 7.40856934e+00 4.62642174e+01
   vertex 2.50986290e+01 6.65615845e+00 4.62642174e+01
   vertex 2.81604347e+01 7.40863037e+00 5.17910919e+01
  endloop
 endfacet
 facet normal -2.34351426e-01 9.72149849e-01 2.01330381e-03
  outer loop
   vertex 2.81604347e+01 7.40863037e+00 5.17910919e+01
   vertex 2.50986290e+01 6.65615845e+00 4.62642174e+01
   vertex 2.50986233e+01 6.65612793e+00 5.17909355e+01
  endloop
 endfacet
 facet normal -2.73630857e-01 9.61834252e-01 1.02783856e-03
  outer loop
   vertex 3.11945629e+01 8.25309753e+00 5.17912407e+01
   vertex 3.11945572e+01 8.25309753e+00 4.62642174e+01
   vertex 2.81604347e+01 7.40863037e+00 5.17910919e+01
  endloop
 endfacet
 facet normal -2.63751864e-01 9.64590430e-01 5.08420577e-04
  outer loop
   vertex 2.81604347e+01 7.40863037e+00 5.17910919e+01
   vertex 3.11945572e+01 8.25309753e+00 4.62642174e+01
   vertex 2.81601372e+01 7.40856934e+00 4.62642174e+01
  endloop
 endfacet
 facet normal -1.75165266e-01 9.84539032e-01 6.95947122e-08
  outer loop
   vertex 1.89094124e+01 5.42634583e+00 4.07451363e+01
   vertex 1.89094124e+01 5.42634583e+00 4.62642174e+01
   vertex 2.20129299e+01 5.99476624e+00 4.07451363e+01
  endloop
 endfacet
 facet normal -1.85037509e-01 9.82731462e-01 4.76546518e-07
  outer loop
   vertex 2.20129299e+01 5.99476624e+00 4.07451363e+01
   vertex 1.89094124e+01 5.42634583e+00 4.62642174e+01
   vertex 2.20129299e+01 5.99476624e+00 4.62642174e+01
  endloop
 endfacet
 facet normal -1.85036853e-01 9.82731581e-01 4.57391813e-09
  outer loop
   vertex 2.20129299e+01 5.99476624e+00 3.52260590e+01
   vertex 1.89094124e+01 5.42634583e+00 3.52260590e+01
   vertex 2.20129299e+01 5.99476624e+00 4.07451363e+01
  endloop
 endfacet
 facet normal -1.75165221e-01 9.84539032e-01 4.57391991e-09
  outer loop
   vertex 2.20129299e+01 5.99476624e+00 4.07451363e+01
   vertex 1.89094124e+01 5.42634583e+00 3.52260590e+01
   vertex 1.89094124e+01 5.42634583e+00 4.07451363e+01
  endloop
 endfacet
 facet normal -2.14416996e-01 9.76742208e-01 4.33760675e-16
  outer loop
   vertex 2.50986290e+01 6.65615845e+00 4.07451363e+01
   vertex 2.50986290e+01 6.65615845e+00 3.52260590e+01
   vertex 2.20129299e+01 5.99476624e+00 4.07451363e+01
  endloop
 endfacet
 facet normal -2.04662591e-01 9.78832603e-01 4.34688997e-16
  outer loop
   vertex 2.20129299e+01 5.99476624e+00 4.07451363e+01
   vertex 2.50986290e+01 6.65615845e+00 3.52260590e+01
   vertex 2.20129299e+01 5.99476624e+00 3.52260590e+01
  endloop
 endfacet
 facet normal -2.04662263e-01 9.78832662e-01 9.90565695e-07
  outer loop
   vertex 2.20129299e+01 5.99476624e+00 4.62642174e+01
   vertex 2.50986290e+01 6.65615845e+00 4.62642174e+01
   vertex 2.20129299e+01 5.99476624e+00 4.07451363e+01
  endloop
 endfacet
 facet normal -2.14416072e-01 9.76742446e-01 5.83614394e-07
  outer loop
   vertex 2.20129299e+01 5.99476624e+00 4.07451363e+01
   vertex 2.50986290e+01 6.65615845e+00 4.62642174e+01
   vertex 2.50986290e+01 6.65615845e+00 4.07451363e+01
  endloop
 endfacet
 facet normal -1.84611782e-01 9.82811391e-01 5.07138553e-04
  outer loop
   vertex 2.20129299e+01 5.99476624e+00 4.62642174e+01
   vertex 1.89094124e+01 5.42634583e+00 4.62642174e+01
   vertex 2.20128365e+01 5.99473572e+00 5.17909775e+01
  endloop
 endfacet
 facet normal -1.75171390e-01 9.84536767e-01 1.52228819e-03
  outer loop
   vertex 2.20128365e+01 5.99473572e+00 5.17909775e+01
   vertex 1.89094124e+01 5.42634583e+00 4.62642174e+01
   vertex 1.89094200e+01 5.42634583e+00 5.17910271e+01
  endloop
 endfacet
 facet normal -2.13991240e-01 9.76833522e-01 2.01242743e-03
  outer loop
   vertex 2.50986233e+01 6.65612793e+00 5.17909355e+01
   vertex 2.50986290e+01 6.65615845e+00 4.62642174e+01
   vertex 2.20128365e+01 5.99473572e+00 5.17909775e+01
  endloop
 endfacet
 facet normal -2.04238221e-01 9.78921056e-01 5.07656368e-04
  outer loop
   vertex 2.20128365e+01 5.99473572e+00 5.17909775e+01
   vertex 2.50986290e+01 6.65615845e+00 4.62642174e+01
   vertex 2.20129299e+01 5.99476624e+00 4.62642174e+01
  endloop
 endfacet
 facet normal -3.02826792e-01 9.53045607e-01 6.25911389e-06
  outer loop
   vertex 3.42018471e+01 9.19171143e+00 4.62642174e+01
   vertex 3.11945572e+01 8.25309753e+00 4.62642174e+01
   vertex 3.42018166e+01 9.19166565e+00 5.17912178e+01
  endloop
 endfacet
 facet normal -2.92960256e-01 9.56124485e-01 5.25486073e-04
  outer loop
   vertex 3.42018166e+01 9.19166565e+00 5.17912178e+01
   vertex 3.11945572e+01 8.25309753e+00 4.62642174e+01
   vertex 3.11945629e+01 8.25309753e+00 5.17912407e+01
  endloop
 endfacet
 facet normal -3.32165599e-01 9.43220913e-01 5.23176510e-04
  outer loop
   vertex 3.71793709e+01 1.02230835e+01 5.17911987e+01
   vertex 3.71793671e+01 1.02230988e+01 4.62642174e+01
   vertex 3.42018166e+01 9.19166565e+00 5.17912178e+01
  endloop
 endfacet
 facet normal -3.22428644e-01 9.46593761e-01 6.24301993e-06
  outer loop
   vertex 3.42018166e+01 9.19166565e+00 5.17912178e+01
   vertex 3.71793671e+01 1.02230988e+01 4.62642174e+01
   vertex 3.42018471e+01 9.19171143e+00 4.62642174e+01
  endloop
 endfacet
 facet normal -3.51509601e-01 9.36184287e-01 3.83352443e-07
  outer loop
   vertex 3.71793709e+01 1.02230988e+01 4.07451363e+01
   vertex 3.71793671e+01 1.02230988e+01 4.62642174e+01
   vertex 4.01230621e+01 1.13457184e+01 4.07451363e+01
  endloop
 endfacet
 facet normal -3.61121148e-01 9.32518899e-01 4.56415478e-07
  outer loop
   vertex 4.01230621e+01 1.13457184e+01 4.07451363e+01
   vertex 3.71793671e+01 1.02230988e+01 4.62642174e+01
   vertex 4.01230659e+01 1.13457184e+01 4.62642097e+01
  endloop
 endfacet
 facet normal -3.61119658e-01 9.32519495e-01 -1.27983455e-07
  outer loop
   vertex 4.01230659e+01 1.13457184e+01 3.52260590e+01
   vertex 3.71793709e+01 1.02230988e+01 3.52260590e+01
   vertex 4.01230621e+01 1.13457184e+01 4.07451363e+01
  endloop
 endfacet
 facet normal -3.51508766e-01 9.36184585e-01 -5.48506733e-08
  outer loop
   vertex 4.01230621e+01 1.13457184e+01 4.07451363e+01
   vertex 3.71793709e+01 1.02230988e+01 3.52260590e+01
   vertex 3.71793709e+01 1.02230988e+01 4.07451363e+01
  endloop
 endfacet
 facet normal -3.89681607e-01 9.20949638e-01 -1.27974445e-07
  outer loop
   vertex 4.30314598e+01 1.25588379e+01 4.07451363e+01
   vertex 4.30314636e+01 1.25588379e+01 3.52260590e+01
   vertex 4.01230621e+01 1.13457184e+01 4.07451363e+01
  endloop
 endfacet
 facet normal -3.80205899e-01 9.24901843e-01 -1.64543039e-07
  outer loop
   vertex 4.01230621e+01 1.13457184e+01 4.07451363e+01
   vertex 4.30314636e+01 1.25588379e+01 3.52260590e+01
   vertex 4.01230659e+01 1.13457184e+01 3.52260590e+01
  endloop
 endfacet
 facet normal -3.80206764e-01 9.24901545e-01 5.47808909e-08
  outer loop
   vertex 4.01230659e+01 1.13457184e+01 4.62642097e+01
   vertex 4.30314598e+01 1.25588379e+01 4.62642174e+01
   vertex 4.01230621e+01 1.13457184e+01 4.07451363e+01
  endloop
 endfacet
 facet normal -3.89681816e-01 9.20949578e-01 -5.48462786e-08
  outer loop
   vertex 4.01230621e+01 1.13457184e+01 4.07451363e+01
   vertex 4.30314598e+01 1.25588379e+01 4.62642174e+01
   vertex 4.30314598e+01 1.25588379e+01 4.07451363e+01
  endloop
 endfacet
 facet normal -3.32163423e-01 9.43221867e-01 1.64557861e-07
  outer loop
   vertex 3.71793709e+01 1.02230988e+01 2.97069817e+01
   vertex 3.71793633e+01 1.02230988e+01 2.41879082e+01
   vertex 3.42018471e+01 9.19171143e+00 2.97069817e+01
  endloop
 endfacet
 facet normal -3.22429389e-01 9.46593523e-01 1.46270580e-07
  outer loop
   vertex 3.42018471e+01 9.19171143e+00 2.97069817e+01
   vertex 3.71793633e+01 1.02230988e+01 2.41879082e+01
   vertex 3.42018433e+01 9.19171143e+00 2.41879082e+01
  endloop
 endfacet
 facet normal -3.22429568e-01 9.46593463e-01 1.82796374e-08
  outer loop
   vertex 3.42018471e+01 9.19171143e+00 3.52260590e+01
   vertex 3.71793709e+01 1.02230988e+01 3.52260590e+01
   vertex 3.42018471e+01 9.19171143e+00 2.97069817e+01
  endloop
 endfacet
 facet normal -3.32163483e-01 9.43221807e-01 5.48457280e-08
  outer loop
   vertex 3.42018471e+01 9.19171143e+00 2.97069817e+01
   vertex 3.71793709e+01 1.02230988e+01 3.52260590e+01
   vertex 3.71793709e+01 1.02230988e+01 2.97069817e+01
  endloop
 endfacet
 facet normal -2.92962044e-01 9.56124067e-01 4.57116514e-08
  outer loop
   vertex 3.11945572e+01 8.25309753e+00 2.97069817e+01
   vertex 3.11945572e+01 8.25309753e+00 3.52260590e+01
   vertex 3.42018471e+01 9.19171143e+00 2.97069817e+01
  endloop
 endfacet
 facet normal -3.02828789e-01 9.53044951e-01 4.57116514e-08
  outer loop
   vertex 3.42018471e+01 9.19171143e+00 2.97069817e+01
   vertex 3.11945572e+01 8.25309753e+00 3.52260590e+01
   vertex 3.42018471e+01 9.19171143e+00 3.52260590e+01
  endloop
 endfacet
 facet normal -3.02828997e-01 9.53044891e-01 2.74122129e-08
  outer loop
   vertex 3.42018433e+01 9.19171143e+00 2.41879082e+01
   vertex 3.11945572e+01 8.25309753e+00 2.41879082e+01
   vertex 3.42018471e+01 9.19171143e+00 2.97069817e+01
  endloop
 endfacet
 facet normal -2.92962343e-01 9.56124008e-01 9.13339182e-09
  outer loop
   vertex 3.42018471e+01 9.19171143e+00 2.97069817e+01
   vertex 3.11945572e+01 8.25309753e+00 2.41879082e+01
   vertex 3.11945572e+01 8.25309753e+00 2.97069817e+01
  endloop
 endfacet
 facet normal -1.75165519e-01 9.84538972e-01 1.36917491e-08
  outer loop
   vertex 1.89094105e+01 5.42634583e+00 2.97069817e+01
   vertex 1.89094124e+01 5.42634583e+00 3.52260590e+01
   vertex 2.20129299e+01 5.99476624e+00 2.97069855e+01
  endloop
 endfacet
 facet normal -1.85037047e-01 9.82731521e-01 1.82656716e-08
  outer loop
   vertex 2.20129299e+01 5.99476624e+00 2.97069855e+01
   vertex 1.89094124e+01 5.42634583e+00 3.52260590e+01
   vertex 2.20129299e+01 5.99476624e+00 3.52260590e+01
  endloop
 endfacet
 facet normal -1.85037062e-01 9.82731521e-01 9.12406417e-09
  outer loop
   vertex 2.20129261e+01 5.99476624e+00 2.41879082e+01
   vertex 1.89094143e+01 5.42634583e+00 2.41879082e+01
   vertex 2.20129299e+01 5.99476624e+00 2.97069855e+01
  endloop
 endfacet
 facet normal -1.75165445e-01 9.84539032e-01 -1.18989029e-11
  outer loop
   vertex 2.20129299e+01 5.99476624e+00 2.97069855e+01
   vertex 1.89094143e+01 5.42634583e+00 2.41879082e+01
   vertex 1.89094105e+01 5.42634583e+00 2.97069817e+01
  endloop
 endfacet
 facet normal -2.14416295e-01 9.76742387e-01 8.67601671e-08
  outer loop
   vertex 2.50986290e+01 6.65615845e+00 2.97069817e+01
   vertex 2.50986233e+01 6.65615845e+00 2.41879082e+01
   vertex 2.20129299e+01 5.99476624e+00 2.97069855e+01
  endloop
 endfacet
 facet normal -2.04662398e-01 9.78832603e-01 5.93564629e-08
  outer loop
   vertex 2.20129299e+01 5.99476624e+00 2.97069855e+01
   vertex 2.50986233e+01 6.65615845e+00 2.41879082e+01
   vertex 2.20129261e+01 5.99476624e+00 2.41879082e+01
  endloop
 endfacet
 facet normal -2.04662785e-01 9.78832543e-01 1.36917366e-08
  outer loop
   vertex 2.20129299e+01 5.99476624e+00 3.52260590e+01
   vertex 2.50986290e+01 6.65615845e+00 3.52260590e+01
   vertex 2.20129299e+01 5.99476624e+00 2.97069855e+01
  endloop
 endfacet
 facet normal -2.14416772e-01 9.76742268e-01 4.56574760e-08
  outer loop
   vertex 2.20129299e+01 5.99476624e+00 2.97069855e+01
   vertex 2.50986290e+01 6.65615845e+00 3.52260590e+01
   vertex 2.50986290e+01 6.65615845e+00 2.97069817e+01
  endloop
 endfacet
 facet normal -1.75165236e-01 9.84539032e-01 -4.10628260e-08
  outer loop
   vertex 1.89094143e+01 5.42634583e+00 1.86688309e+01
   vertex 1.89094143e+01 5.42634583e+00 2.41879082e+01
   vertex 2.20129299e+01 5.99476624e+00 1.86688309e+01
  endloop
 endfacet
 facet normal -1.85036972e-01 9.82731581e-01 -3.19540199e-08
  outer loop
   vertex 2.20129299e+01 5.99476624e+00 1.86688309e+01
   vertex 1.89094143e+01 5.42634583e+00 2.41879082e+01
   vertex 2.20129261e+01 5.99476624e+00 2.41879082e+01
  endloop
 endfacet
 facet normal -1.85036957e-01 9.82731581e-01 -5.31806961e-07
  outer loop
   vertex 2.20129337e+01 5.99476624e+00 1.31497536e+01
   vertex 1.89094124e+01 5.42634583e+00 1.31497536e+01
   vertex 2.20129299e+01 5.99476624e+00 1.86688309e+01
  endloop
 endfacet
 facet normal -1.75165117e-01 9.84539092e-01 -1.04640236e-07
  outer loop
   vertex 2.20129299e+01 5.99476624e+00 1.86688309e+01
   vertex 1.89094124e+01 5.42634583e+00 1.31497536e+01
   vertex 1.89094143e+01 5.42634583e+00 1.86688309e+01
  endloop
 endfacet
 facet normal -2.14416698e-01 9.76742268e-01 -6.59917589e-07
  outer loop
   vertex 2.50986195e+01 6.65615845e+00 1.86688309e+01
   vertex 2.50986252e+01 6.65615845e+00 1.31497536e+01
   vertex 2.20129299e+01 5.99476624e+00 1.86688309e+01
  endloop
 endfacet
 facet normal -2.04662427e-01 9.78832603e-01 -1.07793880e-06
  outer loop
   vertex 2.20129299e+01 5.99476624e+00 1.86688309e+01
   vertex 2.50986252e+01 6.65615845e+00 1.31497536e+01
   vertex 2.20129337e+01 5.99476624e+00 1.31497536e+01
  endloop
 endfacet
 facet normal -2.04662308e-01 9.78832662e-01 1.82784277e-08
  outer loop
   vertex 2.20129261e+01 5.99476624e+00 2.41879082e+01
   vertex 2.50986233e+01 6.65615845e+00 2.41879082e+01
   vertex 2.20129299e+01 5.99476624e+00 1.86688309e+01
  endloop
 endfacet
 facet normal -2.14416668e-01 9.76742268e-01 2.46230709e-11
  outer loop
   vertex 2.20129299e+01 5.99476624e+00 1.86688309e+01
   vertex 2.50986233e+01 6.65615845e+00 2.41879082e+01
   vertex 2.50986195e+01 6.65615845e+00 1.86688309e+01
  endloop
 endfacet
 facet normal -2.63332427e-01 9.64705169e-01 8.83191660e-07
  outer loop
   vertex 2.81601372e+01 7.40856934e+00 4.62642174e+01
   vertex 3.11945572e+01 8.25309753e+00 4.62642174e+01
   vertex 2.81601391e+01 7.40856934e+00 4.07451363e+01
  endloop
 endfacet
 facet normal -2.73213327e-01 9.61953461e-01 4.36006161e-07
  outer loop
   vertex 2.81601391e+01 7.40856934e+00 4.07451363e+01
   vertex 3.11945572e+01 8.25309753e+00 4.62642174e+01
   vertex 3.11945572e+01 8.25309753e+00 4.07451363e+01
  endloop
 endfacet
 facet normal -2.33930498e-01 9.72253323e-01 5.83615247e-07
  outer loop
   vertex 2.50986290e+01 6.65615845e+00 4.07451363e+01
   vertex 2.50986290e+01 6.65615845e+00 4.62642174e+01
   vertex 2.81601391e+01 7.40856934e+00 4.07451363e+01
  endloop
 endfacet
 facet normal -2.43690118e-01 9.69853163e-01 1.03079890e-06
  outer loop
   vertex 2.81601391e+01 7.40856934e+00 4.07451363e+01
   vertex 2.50986290e+01 6.65615845e+00 4.62642174e+01
   vertex 2.81601372e+01 7.40856934e+00 4.62642174e+01
  endloop
 endfacet
 facet normal -2.43690774e-01 9.69852984e-01 9.14537512e-09
  outer loop
   vertex 2.81601372e+01 7.40856934e+00 3.52260590e+01
   vertex 2.50986290e+01 6.65615845e+00 3.52260590e+01
   vertex 2.81601391e+01 7.40856934e+00 4.07451363e+01
  endloop
 endfacet
 facet normal -2.33931437e-01 9.72253084e-01 1.55132238e-14
  outer loop
   vertex 2.81601391e+01 7.40856934e+00 4.07451363e+01
   vertex 2.50986290e+01 6.65615845e+00 3.52260590e+01
   vertex 2.50986290e+01 6.65615845e+00 4.07451363e+01
  endloop
 endfacet
 facet normal -2.73213506e-01 9.61953402e-01 9.14547460e-09
  outer loop
   vertex 3.11945572e+01 8.25309753e+00 4.07451363e+01
   vertex 3.11945572e+01 8.25309753e+00 3.52260590e+01
   vertex 2.81601391e+01 7.40856934e+00 4.07451363e+01
  endloop
 endfacet
 facet normal -2.63332337e-01 9.64705169e-01 1.82908586e-08
  outer loop
   vertex 2.81601391e+01 7.40856934e+00 4.07451363e+01
   vertex 3.11945572e+01 8.25309753e+00 3.52260590e+01
   vertex 2.81601372e+01 7.40856934e+00 3.52260590e+01
  endloop
 endfacet
 facet normal -2.43690029e-01 9.69853163e-01 7.76426390e-08
  outer loop
   vertex 2.81601372e+01 7.40856934e+00 2.41879082e+01
   vertex 2.50986233e+01 6.65615845e+00 2.41879082e+01
   vertex 2.81601372e+01 7.40856934e+00 2.97069817e+01
  endloop
 endfacet
 facet normal -2.33930305e-01 9.72253382e-01 9.13426490e-08
  outer loop
   vertex 2.81601372e+01 7.40856934e+00 2.97069817e+01
   vertex 2.50986233e+01 6.65615845e+00 2.41879082e+01
   vertex 2.50986290e+01 6.65615845e+00 2.97069817e+01
  endloop
 endfacet
 facet normal -2.73213893e-01 9.61953282e-01 -9.15856901e-09
  outer loop
   vertex 3.11945572e+01 8.25309753e+00 2.97069817e+01
   vertex 3.11945572e+01 8.25309753e+00 2.41879082e+01
   vertex 2.81601372e+01 7.40856934e+00 2.97069817e+01
  endloop
 endfacet
 facet normal -2.63332367e-01 9.64705169e-01 9.10728559e-09
  outer loop
   vertex 2.81601372e+01 7.40856934e+00 2.97069817e+01
   vertex 3.11945572e+01 8.25309753e+00 2.41879082e+01
   vertex 2.81601372e+01 7.40856934e+00 2.41879082e+01
  endloop
 endfacet
 facet normal -2.63332099e-01 9.64705229e-01 3.65650301e-08
  outer loop
   vertex 2.81601372e+01 7.40856934e+00 3.52260590e+01
   vertex 3.11945572e+01 8.25309753e+00 3.52260590e+01
   vertex 2.81601372e+01 7.40856934e+00 2.97069817e+01
  endloop
 endfacet
 facet normal -2.73213595e-01 9.61953402e-01 2.74196328e-08
  outer loop
   vertex 2.81601372e+01 7.40856934e+00 2.97069817e+01
   vertex 3.11945572e+01 8.25309753e+00 3.52260590e+01
   vertex 3.11945572e+01 8.25309753e+00 2.97069817e+01
  endloop
 endfacet
 facet normal -2.33930767e-01 9.72253263e-01 5.02398976e-08
  outer loop
   vertex 2.50986290e+01 6.65615845e+00 2.97069817e+01
   vertex 2.50986290e+01 6.65615845e+00 3.52260590e+01
   vertex 2.81601372e+01 7.40856934e+00 2.97069817e+01
  endloop
 endfacet
 facet normal -2.43690535e-01 9.69853044e-01 2.74194694e-08
  outer loop
   vertex 2.81601372e+01 7.40856934e+00 2.97069817e+01
   vertex 2.50986290e+01 6.65615845e+00 3.52260590e+01
   vertex 2.81601372e+01 7.40856934e+00 3.52260590e+01
  endloop
 endfacet
 facet normal -2.63332248e-01 9.64705229e-01 -2.15251185e-11
  outer loop
   vertex 2.81601372e+01 7.40856934e+00 2.41879082e+01
   vertex 3.11945572e+01 8.25309753e+00 2.41879082e+01
   vertex 2.81601353e+01 7.40856934e+00 1.86688309e+01
  endloop
 endfacet
 facet normal -2.73213416e-01 9.61953461e-01 -2.74292997e-08
  outer loop
   vertex 2.81601353e+01 7.40856934e+00 1.86688309e+01
   vertex 3.11945572e+01 8.25309753e+00 2.41879082e+01
   vertex 3.11945610e+01 8.25309753e+00 1.86688309e+01
  endloop
 endfacet
 facet normal -2.33930618e-01 9.72253263e-01 3.65563011e-08
  outer loop
   vertex 2.50986195e+01 6.65615845e+00 1.86688309e+01
   vertex 2.50986233e+01 6.65615845e+00 2.41879082e+01
   vertex 2.81601353e+01 7.40856934e+00 1.86688309e+01
  endloop
 endfacet
 facet normal -2.43689895e-01 9.69853222e-01 6.85138701e-08
  outer loop
   vertex 2.81601353e+01 7.40856934e+00 1.86688309e+01
   vertex 2.50986233e+01 6.65615845e+00 2.41879082e+01
   vertex 2.81601372e+01 7.40856934e+00 2.41879082e+01
  endloop
 endfacet
 facet normal -2.43689731e-01 9.69853222e-01 -1.03865966e-06
  outer loop
   vertex 2.81601315e+01 7.40856934e+00 1.31497536e+01
   vertex 2.50986252e+01 6.65615845e+00 1.31497536e+01
   vertex 2.81601353e+01 7.40856934e+00 1.86688309e+01
  endloop
 endfacet
 facet normal -2.33930647e-01 9.72253263e-01 -6.23386882e-07
  outer loop
   vertex 2.81601353e+01 7.40856934e+00 1.86688309e+01
   vertex 2.50986252e+01 6.65615845e+00 1.31497536e+01
   vertex 2.50986195e+01 6.65615845e+00 1.86688309e+01
  endloop
 endfacet
 facet normal -2.73212790e-01 9.61953640e-01 -3.74382438e-07
  outer loop
   vertex 3.11945610e+01 8.25309753e+00 1.86688309e+01
   vertex 3.11945572e+01 8.25309753e+00 1.31497536e+01
   vertex 2.81601353e+01 7.40856934e+00 1.86688309e+01
  endloop
 endfacet
 facet normal -2.63331413e-01 9.64705408e-01 -7.94206869e-07
  outer loop
   vertex 2.81601353e+01 7.40856934e+00 1.86688309e+01
   vertex 3.11945572e+01 8.25309753e+00 1.31497536e+01
   vertex 2.81601315e+01 7.40856934e+00 1.31497536e+01
  endloop
 endfacet
 facet normal -5.09573966e-02 9.98700857e-01 7.20005318e-08
  outer loop
   vertex 6.38405132e+00 4.14186096e+00 1.86688309e+01
   vertex 6.38405132e+00 4.14186096e+00 2.41879082e+01
   vertex 9.54242516e+00 4.31465149e+00 1.86688309e+01
  endloop
 endfacet
 facet normal -6.02802895e-02 9.98181462e-01 6.01999943e-08
  outer loop
   vertex 9.54242516e+00 4.31465149e+00 1.86688309e+01
   vertex 6.38405132e+00 4.14186096e+00 2.41879082e+01
   vertex 9.54242134e+00 4.31465149e+00 2.41879082e+01
  endloop
 endfacet
 facet normal -6.02818094e-02 9.98181403e-01 3.26470371e-08
  outer loop
   vertex 9.54242229e+00 4.31465149e+00 1.31497536e+01
   vertex 6.38404274e+00 4.14186096e+00 1.31497536e+01
   vertex 9.54242516e+00 4.31465149e+00 1.86688309e+01
  endloop
 endfacet
 facet normal -5.09592220e-02 9.98700738e-01 7.32697956e-08
  outer loop
   vertex 9.54242516e+00 4.31465149e+00 1.86688309e+01
   vertex 6.38404274e+00 4.14186096e+00 1.31497536e+01
   vertex 6.38405132e+00 4.14186096e+00 1.86688309e+01
  endloop
 endfacet
 facet normal -9.09042954e-02 9.95859623e-01 -4.22928935e-07
  outer loop
   vertex 1.26777134e+01 4.58070374e+00 1.86688309e+01
   vertex 1.26777153e+01 4.58070374e+00 1.31497536e+01
   vertex 9.54242516e+00 4.31465149e+00 1.86688309e+01
  endloop
 endfacet
 facet normal -8.02546367e-02 9.96774375e-01 -4.67196855e-07
  outer loop
   vertex 9.54242516e+00 4.31465149e+00 1.86688309e+01
   vertex 1.26777153e+01 4.58070374e+00 1.31497536e+01
   vertex 9.54242229e+00 4.31465149e+00 1.31497536e+01
  endloop
 endfacet
 facet normal -8.02550539e-02 9.96774375e-01 4.02538447e-09
  outer loop
   vertex 9.54242134e+00 4.31465149e+00 2.41879082e+01
   vertex 1.26777172e+01 4.58070374e+00 2.41879082e+01
   vertex 9.54242516e+00 4.31465149e+00 1.86688309e+01
  endloop
 endfacet
 facet normal -9.09044147e-02 9.95859623e-01 1.94703098e-08
  outer loop
   vertex 9.54242516e+00 4.31465149e+00 1.86688309e+01
   vertex 1.26777172e+01 4.58070374e+00 2.41879082e+01
   vertex 1.26777134e+01 4.58070374e+00 1.86688309e+01
  endloop
 endfacet
 facet normal -1.23495027e-01 9.92345214e-01 -5.63678554e-07
  outer loop
   vertex 1.57963161e+01 4.95288086e+00 1.31497536e+01
   vertex 1.26777153e+01 4.58070374e+00 1.31497536e+01
   vertex 1.57963161e+01 4.95288086e+00 1.86688309e+01
  endloop
 endfacet
 facet normal -1.12524725e-01 9.93648946e-01 -4.08027262e-07
  outer loop
   vertex 1.57963161e+01 4.95288086e+00 1.86688309e+01
   vertex 1.26777153e+01 4.58070374e+00 1.31497536e+01
   vertex 1.26777134e+01 4.58070374e+00 1.86688309e+01
  endloop
 endfacet
 facet normal -1.55017585e-01 9.87911701e-01 -5.89346527e-08
  outer loop
   vertex 1.89094143e+01 5.42634583e+00 1.86688309e+01
   vertex 1.89094124e+01 5.42634583e+00 1.31497536e+01
   vertex 1.57963161e+01 4.95288086e+00 1.86688309e+01
  endloop
 endfacet
 facet normal -1.44740552e-01 9.89469647e-01 -2.00865045e-07
  outer loop
   vertex 1.57963161e+01 4.95288086e+00 1.86688309e+01
   vertex 1.89094124e+01 5.42634583e+00 1.31497536e+01
   vertex 1.57963161e+01 4.95288086e+00 1.31497536e+01
  endloop
 endfacet
 facet normal -1.44740686e-01 9.89469647e-01 1.83617974e-08
  outer loop
   vertex 1.57963238e+01 4.95288086e+00 2.41879082e+01
   vertex 1.89094143e+01 5.42634583e+00 2.41879082e+01
   vertex 1.57963161e+01 4.95288086e+00 1.86688309e+01
  endloop
 endfacet
 facet normal -1.55017704e-01 9.87911701e-01 4.64322403e-09
  outer loop
   vertex 1.57963161e+01 4.95288086e+00 1.86688309e+01
   vertex 1.89094143e+01 5.42634583e+00 2.41879082e+01
   vertex 1.89094143e+01 5.42634583e+00 1.86688309e+01
  endloop
 endfacet
 facet normal -1.12524845e-01 9.93648887e-01 3.43754465e-08
  outer loop
   vertex 1.26777134e+01 4.58070374e+00 1.86688309e+01
   vertex 1.26777172e+01 4.58070374e+00 2.41879082e+01
   vertex 1.57963161e+01 4.95288086e+00 1.86688309e+01
  endloop
 endfacet
 facet normal -1.23495162e-01 9.92345154e-01 3.43752866e-08
  outer loop
   vertex 1.57963161e+01 4.95288086e+00 1.86688309e+01
   vertex 1.26777172e+01 4.58070374e+00 2.41879082e+01
   vertex 1.57963238e+01 4.95288086e+00 2.41879082e+01
  endloop
 endfacet
 facet normal -8.02549571e-02 9.96774375e-01 -1.13792478e-08
  outer loop
   vertex 9.54241848e+00 4.31465149e+00 3.52260590e+01
   vertex 1.26777172e+01 4.58070374e+00 3.52260590e+01
   vertex 9.54241848e+00 4.31465149e+00 2.97069817e+01
  endloop
 endfacet
 facet normal -9.09043178e-02 9.95859623e-01 -7.97622057e-09
  outer loop
   vertex 9.54241848e+00 4.31465149e+00 2.97069817e+01
   vertex 1.26777172e+01 4.58070374e+00 3.52260590e+01
   vertex 1.26777153e+01 4.58070374e+00 2.97069817e+01
  endloop
 endfacet
 facet normal -5.09578623e-02 9.98700798e-01 -2.26812929e-07
  outer loop
   vertex 6.38404942e+00 4.14186096e+00 2.97069817e+01
   vertex 6.38404179e+00 4.14186096e+00 3.52260590e+01
   vertex 9.54241848e+00 4.31465149e+00 2.97069817e+01
  endloop
 endfacet
 facet normal -6.02806769e-02 9.98181462e-01 -1.75503814e-07
  outer loop
   vertex 9.54241848e+00 4.31465149e+00 2.97069817e+01
   vertex 6.38404179e+00 4.14186096e+00 3.52260590e+01
   vertex 9.54241848e+00 4.31465149e+00 3.52260590e+01
  endloop
 endfacet
 facet normal -6.02802709e-02 9.98181462e-01 4.88047718e-08
  outer loop
   vertex 9.54242134e+00 4.31465149e+00 2.41879082e+01
   vertex 6.38405132e+00 4.14186096e+00 2.41879082e+01
   vertex 9.54241848e+00 4.31465149e+00 2.97069817e+01
  endloop
 endfacet
 facet normal -5.09574115e-02 9.98700798e-01 -1.92321115e-09
  outer loop
   vertex 9.54241848e+00 4.31465149e+00 2.97069817e+01
   vertex 6.38405132e+00 4.14186096e+00 2.41879082e+01
   vertex 6.38404942e+00 4.14186096e+00 2.97069817e+01
  endloop
 endfacet
 facet normal -9.09043550e-02 9.95859623e-01 -3.38596640e-09
  outer loop
   vertex 1.26777153e+01 4.58070374e+00 2.97069817e+01
   vertex 1.26777172e+01 4.58070374e+00 2.41879082e+01
   vertex 9.54241848e+00 4.31465149e+00 2.97069817e+01
  endloop
 endfacet
 facet normal -8.02550390e-02 9.96774375e-01 -7.37014538e-09
  outer loop
   vertex 9.54241848e+00 4.31465149e+00 2.97069817e+01
   vertex 1.26777172e+01 4.58070374e+00 2.41879082e+01
   vertex 9.54242134e+00 4.31465149e+00 2.41879082e+01
  endloop
 endfacet
 facet normal -1.23495214e-01 9.92345154e-01 1.14811254e-08
  outer loop
   vertex 1.57963238e+01 4.95288086e+00 2.41879082e+01
   vertex 1.26777172e+01 4.58070374e+00 2.41879082e+01
   vertex 1.57963238e+01 4.95288086e+00 2.97069817e+01
  endloop
 endfacet
 facet normal -1.12524860e-01 9.93648887e-01 2.04484537e-11
  outer loop
   vertex 1.57963238e+01 4.95288086e+00 2.97069817e+01
   vertex 1.26777172e+01 4.58070374e+00 2.41879082e+01
   vertex 1.26777153e+01 4.58070374e+00 2.97069817e+01
  endloop
 endfacet
 facet normal -1.55017883e-01 9.87911642e-01 -1.82777757e-08
  outer loop
   vertex 1.89094105e+01 5.42634583e+00 2.97069817e+01
   vertex 1.89094143e+01 5.42634583e+00 2.41879082e+01
   vertex 1.57963238e+01 4.95288086e+00 2.97069817e+01
  endloop
 endfacet
 facet normal -1.44740731e-01 9.89469588e-01 -4.53204230e-09
  outer loop
   vertex 1.57963238e+01 4.95288086e+00 2.97069817e+01
   vertex 1.89094143e+01 5.42634583e+00 2.41879082e+01
   vertex 1.57963238e+01 4.95288086e+00 2.41879082e+01
  endloop
 endfacet
 facet normal -1.44740790e-01 9.89469588e-01 6.86689594e-09
  outer loop
   vertex 1.57963238e+01 4.95288086e+00 3.52260590e+01
   vertex 1.89094124e+01 5.42634583e+00 3.52260590e+01
   vertex 1.57963238e+01 4.95288086e+00 2.97069817e+01
  endloop
 endfacet
 facet normal -1.55017942e-01 9.87911642e-01 -4.57402649e-09
  outer loop
   vertex 1.57963238e+01 4.95288086e+00 2.97069817e+01
   vertex 1.89094124e+01 5.42634583e+00 3.52260590e+01
   vertex 1.89094105e+01 5.42634583e+00 2.97069817e+01
  endloop
 endfacet
 facet normal -1.12524815e-01 9.93648887e-01 -4.56984095e-09
  outer loop
   vertex 1.26777153e+01 4.58070374e+00 2.97069817e+01
   vertex 1.26777172e+01 4.58070374e+00 3.52260590e+01
   vertex 1.57963238e+01 4.95288086e+00 2.97069817e+01
  endloop
 endfacet
 facet normal -1.23495169e-01 9.92345154e-01 4.58599336e-09
  outer loop
   vertex 1.57963238e+01 4.95288086e+00 2.97069817e+01
   vertex 1.26777172e+01 4.58070374e+00 3.52260590e+01
   vertex 1.57963238e+01 4.95288086e+00 3.52260590e+01
  endloop
 endfacet
 facet normal -6.02805689e-02 9.98181462e-01 -1.97658721e-07
  outer loop
   vertex 9.54241848e+00 4.31465149e+00 3.52260590e+01
   vertex 6.38404179e+00 4.14186096e+00 3.52260590e+01
   vertex 9.54241848e+00 4.31465149e+00 4.07451363e+01
  endloop
 endfacet
 facet normal -5.09581417e-02 9.98700798e-01 -3.33180509e-07
  outer loop
   vertex 9.54241848e+00 4.31465149e+00 4.07451363e+01
   vertex 6.38404179e+00 4.14186096e+00 3.52260590e+01
   vertex 6.38403606e+00 4.14186096e+00 4.07451363e+01
  endloop
 endfacet
 facet normal -9.09036100e-02 9.95859683e-01 -2.21210907e-08
  outer loop
   vertex 1.26777172e+01 4.58070374e+00 4.07451363e+01
   vertex 1.26777172e+01 4.58070374e+00 3.52260590e+01
   vertex 9.54241848e+00 4.31465149e+00 4.07451363e+01
  endloop
 endfacet
 facet normal -8.02548528e-02 9.96774375e-01 -3.35347501e-08
  outer loop
   vertex 9.54241848e+00 4.31465149e+00 4.07451363e+01
   vertex 1.26777172e+01 4.58070374e+00 3.52260590e+01
   vertex 9.54241848e+00 4.31465149e+00 3.52260590e+01
  endloop
 endfacet
 facet normal -8.02544877e-02 9.96774435e-01 2.91375471e-07
  outer loop
   vertex 9.54242420e+00 4.31465149e+00 4.62642174e+01
   vertex 1.26777172e+01 4.58070374e+00 4.62642174e+01
   vertex 9.54241848e+00 4.31465149e+00 4.07451363e+01
  endloop
 endfacet
 facet normal -9.09028649e-02 9.95859742e-01 3.98958633e-07
  outer loop
   vertex 9.54241848e+00 4.31465149e+00 4.07451363e+01
   vertex 1.26777172e+01 4.58070374e+00 4.62642174e+01
   vertex 1.26777172e+01 4.58070374e+00 4.07451363e+01
  endloop
 endfacet
 facet normal -5.09589314e-02 9.98700738e-01 -7.68991242e-07
  outer loop
   vertex 6.38403606e+00 4.14186096e+00 4.07451363e+01
   vertex 6.38394737e+00 4.14186096e+00 4.62642097e+01
   vertex 9.54241848e+00 4.31465149e+00 4.07451363e+01
  endloop
 endfacet
 facet normal -6.02817386e-02 9.98181403e-01 -7.29636326e-07
  outer loop
   vertex 9.54241848e+00 4.31465149e+00 4.07451363e+01
   vertex 6.38394737e+00 4.14186096e+00 4.62642097e+01
   vertex 9.54242420e+00 4.31465149e+00 4.62642174e+01
  endloop
 endfacet
 facet normal -1.23053670e-01 9.92399871e-01 5.15623600e-04
  outer loop
   vertex 1.57963238e+01 4.95288086e+00 4.62642174e+01
   vertex 1.26777172e+01 4.58070374e+00 4.62642174e+01
   vertex 1.57953720e+01 4.95274353e+00 5.17915230e+01
  endloop
 endfacet
 facet normal -1.12083890e-01 9.93698180e-01 1.08640199e-03
  outer loop
   vertex 1.57953720e+01 4.95274353e+00 5.17915230e+01
   vertex 1.26777172e+01 4.58070374e+00 4.62642174e+01
   vertex 1.26777115e+01 4.58070374e+00 5.17920189e+01
  endloop
 endfacet
 facet normal -1.55014426e-01 9.87911046e-01 1.53074181e-03
  outer loop
   vertex 1.89094200e+01 5.42634583e+00 5.17910271e+01
   vertex 1.89094124e+01 5.42634583e+00 4.62642174e+01
   vertex 1.57953720e+01 4.95274353e+00 5.17915230e+01
  endloop
 endfacet
 facet normal -1.44301370e-01 9.89533663e-01 5.15267486e-04
  outer loop
   vertex 1.57953720e+01 4.95274353e+00 5.17915230e+01
   vertex 1.89094124e+01 5.42634583e+00 4.62642174e+01
   vertex 1.57963238e+01 4.95288086e+00 4.62642174e+01
  endloop
 endfacet
 facet normal -3.21927145e-02 9.60555494e-01 -2.76218742e-01
  outer loop
   vertex 3.18981743e+00 4.05038452e+00 4.62642021e+01
   vertex 3.18995595e+00 4.05038452e+00 4.64077988e+01
   vertex 6.38394737e+00 4.14186096e+00 4.62642097e+01
  endloop
 endfacet
 facet normal 9.29086134e-02 9.16630507e-01 -3.88788581e-01
  outer loop
   vertex 3.18995595e+00 4.05038452e+00 4.64077988e+01
   vertex 4.83347416e+00 4.09745789e+00 4.63997765e+01
   vertex 6.38394737e+00 4.14186096e+00 4.62642097e+01
  endloop
 endfacet
 facet normal 8.14247280e-02 9.90863204e-01 -1.07518226e-01
  outer loop
   vertex 6.38394737e+00 4.14186096e+00 4.62642097e+01
   vertex 4.83347416e+00 4.09745789e+00 4.63997765e+01
   vertex 6.38367176e+00 4.14186096e+00 5.17899399e+01
  endloop
 endfacet
 facet normal 3.48133117e-01 9.30734217e-01 -1.11969270e-01
  outer loop
   vertex 4.83347416e+00 4.09745789e+00 4.63997765e+01
   vertex 4.83379078e+00 4.09745789e+00 4.75949860e+01
   vertex 6.38367176e+00 4.14186096e+00 5.17899399e+01
  endloop
 endfacet
 facet normal 2.94092804e-01 9.51525629e-01 9.00465026e-02
  outer loop
   vertex 4.83379078e+00 4.09745789e+00 4.75949860e+01
   vertex 4.83428764e+00 4.09747314e+00 4.94653320e+01
   vertex 6.38367176e+00 4.14186096e+00 5.17899399e+01
  endloop
 endfacet
 facet normal 3.43590565e-02 9.95764375e-01 8.52805749e-02
  outer loop
   vertex 6.38367176e+00 4.14186096e+00 5.17899399e+01
   vertex 4.83428764e+00 4.09747314e+00 4.94653320e+01
   vertex 3.19514370e+00 4.05052185e+00 5.17866020e+01
  endloop
 endfacet
 facet normal 4.35635038e-02 9.63411033e-01 2.64464468e-01
  outer loop
   vertex 3.19292855e+00 4.05046082e+00 4.94897652e+01
   vertex 3.19514370e+00 4.05052185e+00 5.17866020e+01
   vertex 4.83428764e+00 4.09747314e+00 4.94653320e+01
  endloop
 endfacet
 facet normal -1.95304640e-02 9.32221234e-01 -3.61361563e-01
  outer loop
   vertex 3.19622159e+00 4.05055237e+00 5.29980545e+01
   vertex 3.19514370e+00 4.05052185e+00 5.17866020e+01
   vertex 2.64931083e+00 4.03726196e+00 5.29915581e+01
  endloop
 endfacet
 facet normal -2.37419993e-01 9.52759445e-01 -1.89423218e-01
  outer loop
   vertex 3.19514370e+00 4.05052185e+00 5.17866020e+01
   vertex 1.09484386e+00 3.99951172e+00 5.17832718e+01
   vertex 2.64931083e+00 4.03726196e+00 5.29915581e+01
  endloop
 endfacet
 facet normal -2.74714708e-01 8.83815646e-01 -3.78684193e-01
  outer loop
   vertex 1.09484386e+00 3.99951172e+00 5.17832718e+01
   vertex 1.09416580e+00 3.99951172e+00 5.29548569e+01
   vertex 2.64931083e+00 4.03726196e+00 5.29915581e+01
  endloop
 endfacet
 facet normal -1.54793665e-01 7.47189701e-01 -6.46333098e-01
  outer loop
   vertex 3.18995595e+00 4.05038452e+00 4.64077988e+01
   vertex 3.18981743e+00 4.05038452e+00 4.62642021e+01
   vertex 1.09794247e+00 3.99951172e+00 4.64165421e+01
  endloop
 endfacet
 facet normal -4.04744774e-01 8.38103712e-01 -3.65737379e-01
  outer loop
   vertex 1.09794247e+00 3.99951172e+00 4.64165421e+01
   vertex 3.18981743e+00 4.05038452e+00 4.62642021e+01
   vertex 1.09803045e+00 3.99951172e+00 4.62642021e+01
  endloop
 endfacet
 facet normal -4.39467788e-01 8.98258328e-01 -5.66359486e-05
  outer loop
   vertex 1.09802473e+00 3.99951172e+00 4.07451363e+01
   vertex 1.09803045e+00 3.99951172e+00 4.62642021e+01
   vertex 3.19021034e+00 4.05038452e+00 4.07451363e+01
  endloop
 endfacet
 facet normal -2.33578116e-01 9.72338021e-01 -5.41122972e-05
  outer loop
   vertex 3.19021034e+00 4.05038452e+00 4.07451363e+01
   vertex 1.09803045e+00 3.99951172e+00 4.62642021e+01
   vertex 3.18981743e+00 4.05038452e+00 4.62642021e+01
  endloop
 endfacet
 facet normal -2.33597338e-01 9.72333431e-01 1.32667815e-08
  outer loop
   vertex 3.19021034e+00 4.05038452e+00 3.52260590e+01
   vertex 1.09801400e+00 3.99951172e+00 3.52260590e+01
   vertex 3.19021034e+00 4.05038452e+00 4.07451363e+01
  endloop
 endfacet
 facet normal -4.39487815e-01 8.98248553e-01 2.30075770e-07
  outer loop
   vertex 3.19021034e+00 4.05038452e+00 4.07451363e+01
   vertex 1.09801400e+00 3.99951172e+00 3.52260590e+01
   vertex 1.09802473e+00 3.99951172e+00 4.07451363e+01
  endloop
 endfacet
 facet normal -3.65787148e-02 9.99330759e-01 -4.77400988e-07
  outer loop
   vertex 6.38403606e+00 4.14186096e+00 4.07451363e+01
   vertex 6.38404179e+00 4.14186096e+00 3.52260590e+01
   vertex 3.19021034e+00 4.05038452e+00 4.07451363e+01
  endloop
 endfacet
 facet normal -3.15235443e-02 9.99503016e-01 -4.79883738e-07
  outer loop
   vertex 3.19021034e+00 4.05038452e+00 4.07451363e+01
   vertex 6.38404179e+00 4.14186096e+00 3.52260590e+01
   vertex 3.19021034e+00 4.05038452e+00 3.52260590e+01
  endloop
 endfacet
 facet normal -3.15252803e-02 9.99502957e-01 1.70214628e-06
  outer loop
   vertex 3.18981743e+00 4.05038452e+00 4.62642021e+01
   vertex 6.38394737e+00 4.14186096e+00 4.62642097e+01
   vertex 3.19021034e+00 4.05038452e+00 4.07451363e+01
  endloop
 endfacet
 facet normal -3.65795046e-02 9.99330759e-01 -9.13184920e-07
  outer loop
   vertex 3.19021034e+00 4.05038452e+00 4.07451363e+01
   vertex 6.38394737e+00 4.14186096e+00 4.62642097e+01
   vertex 6.38403606e+00 4.14186096e+00 4.07451363e+01
  endloop
 endfacet
 facet normal -1.12523444e-01 9.93649065e-01 4.29097952e-07
  outer loop
   vertex 1.26777172e+01 4.58070374e+00 4.07451363e+01
   vertex 1.26777172e+01 4.58070374e+00 4.62642174e+01
   vertex 1.57963257e+01 4.95288086e+00 4.07451363e+01
  endloop
 endfacet
 facet normal -1.23493209e-01 9.92345393e-01 5.49572007e-07
  outer loop
   vertex 1.57963257e+01 4.95288086e+00 4.07451363e+01
   vertex 1.26777172e+01 4.58070374e+00 4.62642174e+01
   vertex 1.57963238e+01 4.95288086e+00 4.62642174e+01
  endloop
 endfacet
 facet normal -1.23495147e-01 9.92345154e-01 9.16008158e-09
  outer loop
   vertex 1.57963238e+01 4.95288086e+00 3.52260590e+01
   vertex 1.26777172e+01 4.58070374e+00 3.52260590e+01
   vertex 1.57963257e+01 4.95288086e+00 4.07451363e+01
  endloop
 endfacet
 facet normal -1.12524189e-01 9.93649006e-01 8.01494071e-09
  outer loop
   vertex 1.57963257e+01 4.95288086e+00 4.07451363e+01
   vertex 1.26777172e+01 4.58070374e+00 3.52260590e+01
   vertex 1.26777172e+01 4.58070374e+00 4.07451363e+01
  endloop
 endfacet
 facet normal -1.55017823e-01 9.87911701e-01 4.57395499e-09
  outer loop
   vertex 1.89094124e+01 5.42634583e+00 4.07451363e+01
   vertex 1.89094124e+01 5.42634583e+00 3.52260590e+01
   vertex 1.57963257e+01 4.95288086e+00 4.07451363e+01
  endloop
 endfacet
 facet normal -1.44740775e-01 9.89469588e-01 1.14409202e-08
  outer loop
   vertex 1.57963257e+01 4.95288086e+00 4.07451363e+01
   vertex 1.89094124e+01 5.42634583e+00 3.52260590e+01
   vertex 1.57963238e+01 4.95288086e+00 3.52260590e+01
  endloop
 endfacet
 facet normal -1.44739628e-01 9.89469767e-01 1.95789468e-07
  outer loop
   vertex 1.57963238e+01 4.95288086e+00 4.62642174e+01
   vertex 1.89094124e+01 5.42634583e+00 4.62642174e+01
   vertex 1.57963257e+01 4.95288086e+00 4.07451363e+01
  endloop
 endfacet
 facet normal -1.55017868e-01 9.87911642e-01 6.95952238e-08
  outer loop
   vertex 1.57963257e+01 4.95288086e+00 4.07451363e+01
   vertex 1.89094124e+01 5.42634583e+00 4.62642174e+01
   vertex 1.89094124e+01 5.42634583e+00 4.07451363e+01
  endloop
 endfacet
 facet normal -1.44407824e-01 9.89518166e-01 -4.20016382e-04
  outer loop
   vertex 1.57963161e+01 4.95288086e+00 1.31497536e+01
   vertex 1.89094124e+01 5.42634583e+00 1.31497536e+01
   vertex 1.57953720e+01 4.95274353e+00 7.62244415e+00
  endloop
 endfacet
 facet normal -1.55015767e-01 9.87911344e-01 -1.11762329e-03
  outer loop
   vertex 1.57953720e+01 4.95274353e+00 7.62244415e+00
   vertex 1.89094124e+01 5.42634583e+00 1.31497536e+01
   vertex 1.89094200e+01 5.42634583e+00 7.62293625e+00
  endloop
 endfacet
 facet normal -1.12190895e-01 9.93686378e-01 -7.38603703e-04
  outer loop
   vertex 1.26777172e+01 4.58070374e+00 7.62195587e+00
   vertex 1.26777153e+01 4.58070374e+00 1.31497536e+01
   vertex 1.57953720e+01 4.95274353e+00 7.62244415e+00
  endloop
 endfacet
 facet normal -1.23161316e-01 9.92386580e-01 -4.20382072e-04
  outer loop
   vertex 1.57953720e+01 4.95274353e+00 7.62244415e+00
   vertex 1.26777153e+01 4.58070374e+00 1.31497536e+01
   vertex 1.57963161e+01 4.95288086e+00 1.31497536e+01
  endloop
 endfacet
 facet normal -2.63651848e-01 9.64617789e-01 -4.14614624e-04
  outer loop
   vertex 2.81601315e+01 7.40856934e+00 1.31497536e+01
   vertex 3.11945572e+01 8.25309753e+00 1.31497536e+01
   vertex 2.81604252e+01 7.40863037e+00 7.62287903e+00
  endloop
 endfacet
 facet normal -2.73531973e-01 9.61862624e-01 -7.03987142e-04
  outer loop
   vertex 2.81604252e+01 7.40863037e+00 7.62287903e+00
   vertex 3.11945572e+01 8.25309753e+00 1.31497536e+01
   vertex 3.11945572e+01 8.25309753e+00 7.62272644e+00
  endloop
 endfacet
 facet normal -2.33930528e-01 9.72252667e-01 -1.10356137e-03
  outer loop
   vertex 2.50986233e+01 6.65612793e+00 7.62303543e+00
   vertex 2.50986252e+01 6.65615845e+00 1.31497536e+01
   vertex 2.81604252e+01 7.40863037e+00 7.62287903e+00
  endloop
 endfacet
 facet normal -2.44011864e-01 9.69772160e-01 -4.14860144e-04
  outer loop
   vertex 2.81604252e+01 7.40863037e+00 7.62287903e+00
   vertex 2.50986252e+01 6.65615845e+00 1.31497536e+01
   vertex 2.81601315e+01 7.40856934e+00 1.31497536e+01
  endloop
 endfacet
 facet normal -9.32966828e-01 -2.04980150e-01 -2.95898765e-01
  outer loop
   vertex 1.24444246e-01 3.72290039e+00 4.64616699e+01
   vertex 1.24955416e-01 2.32235718e+00 4.71821213e+01
   vertex 1.24970675e-01 4.62295532e+00 4.91957397e+01
  endloop
 endfacet
 facet normal -9.63413179e-01 7.41840377e-02 2.57549465e-01
  outer loop
   vertex 1.24970675e-01 4.62295532e+00 4.91957397e+01
   vertex 1.24955416e-01 2.32235718e+00 4.71821213e+01
   vertex 1.25188112e-01 4.02320862e+00 4.95042496e+01
  endloop
 endfacet
 facet normal -9.32930946e-01 -2.86467731e-01 -2.18119353e-01
  outer loop
   vertex 1.24955416e-01 2.32235718e+00 4.71821213e+01
   vertex 1.25497103e-01 1.21295166e+00 4.83001404e+01
   vertex 1.25188112e-01 4.02320862e+00 4.95042496e+01
  endloop
 endfacet
 facet normal -9.63438153e-01 1.50054172e-01 2.21969888e-01
  outer loop
   vertex 1.25188112e-01 4.02320862e+00 4.95042496e+01
   vertex 1.25497103e-01 1.21295166e+00 4.83001404e+01
   vertex 1.25428438e-01 3.54814148e+00 4.99830093e+01
  endloop
 endfacet
 facet normal -9.32843089e-01 -3.40057254e-01 -1.19016208e-01
  outer loop
   vertex 1.25497103e-01 1.21295166e+00 4.83001404e+01
   vertex 1.26034975e-01 5.03341675e-01 4.97062302e+01
   vertex 1.25428438e-01 3.54814148e+00 4.99830093e+01
  endloop
 endfacet
 facet normal -9.63484406e-01 2.11143002e-01 1.64670572e-01
  outer loop
   vertex 1.25428438e-01 3.54814148e+00 4.99830093e+01
   vertex 1.26034975e-01 5.03341675e-01 4.97062302e+01
   vertex 1.25657320e-01 3.24427795e+00 5.05851135e+01
  endloop
 endfacet
 facet normal -9.99596417e-01 2.68149804e-02 -9.37836617e-03
  outer loop
   vertex 1.26034975e-01 5.03341675e-01 4.97062302e+01
   vertex 1.26149893e-01 4.44030762e-01 5.00902863e+01
   vertex 1.25657320e-01 3.24427795e+00 5.05851135e+01
  endloop
 endfacet
 facet normal -9.47082400e-01 3.13159913e-01 7.04684779e-02
  outer loop
   vertex 1.26149893e-01 4.44030762e-01 5.00902863e+01
   vertex 1.26458645e-01 4.47570801e-01 5.12620964e+01
   vertex 1.25657320e-01 3.24427795e+00 5.05851135e+01
  endloop
 endfacet
 facet normal -8.63120914e-01 5.00093818e-01 7.02033266e-02
  outer loop
   vertex 1.26458645e-01 4.47570801e-01 5.12620964e+01
   vertex 1.25848055e-01 3.14132690e+00 5.12516785e+01
   vertex 1.25657320e-01 3.24427795e+00 5.05851135e+01
  endloop
 endfacet
 facet normal -9.99587297e-01 2.70230118e-02 9.74346045e-03
  outer loop
   vertex 1.26862764e-01 5.15380859e-01 5.28174515e+01
   vertex 1.26000643e-01 3.24942017e+00 5.19174194e+01
   vertex 1.26770496e-01 4.51080322e-01 5.24214249e+01
  endloop
 endfacet
 facet normal -9.47144210e-01 3.12573552e-01 -7.22194612e-02
  outer loop
   vertex 1.26770496e-01 4.51080322e-01 5.24214249e+01
   vertex 1.26000643e-01 3.24942017e+00 5.19174194e+01
   vertex 1.26458645e-01 4.47570801e-01 5.12620964e+01
  endloop
 endfacet
 facet normal -8.63165259e-01 4.99538273e-01 -7.35340714e-02
  outer loop
   vertex 1.26458645e-01 4.47570801e-01 5.12620964e+01
   vertex 1.26000643e-01 3.24942017e+00 5.19174194e+01
   vertex 1.25848055e-01 3.14132690e+00 5.12516785e+01
  endloop
 endfacet
 facet normal -9.32866573e-01 -2.96221286e-01 2.04970405e-01
  outer loop
   vertex 1.26862764e-01 5.15380859e-01 5.28174515e+01
   vertex 1.27068758e-01 1.23582458e+00 5.42180328e+01
   vertex 1.26000643e-01 3.24942017e+00 5.19174194e+01
  endloop
 endfacet
 facet normal -9.63540137e-01 2.57083595e-01 -7.41513371e-02
  outer loop
   vertex 1.26000643e-01 3.24942017e+00 5.19174194e+01
   vertex 1.27068758e-01 1.23582458e+00 5.42180328e+01
   vertex 1.26099825e-01 3.55793762e+00 5.25171585e+01
  endloop
 endfacet
 facet normal -9.32813108e-01 -2.18572512e-01 2.86506087e-01
  outer loop
   vertex 1.27068758e-01 1.23582458e+00 5.42180328e+01
   vertex 1.27118349e-01 2.35383606e+00 5.53274155e+01
   vertex 1.26099825e-01 3.55793762e+00 5.25171585e+01
  endloop
 endfacet
 facet normal -9.63552892e-01 2.21500665e-01 -1.50010899e-01
  outer loop
   vertex 1.26099825e-01 3.55793762e+00 5.25171585e+01
   vertex 1.27118349e-01 2.35383606e+00 5.53274155e+01
   vertex 1.26115084e-01 4.03669739e+00 5.29922256e+01
  endloop
 endfacet
 facet normal -9.32816923e-01 -1.19431540e-01 3.39983344e-01
  outer loop
   vertex 1.27118349e-01 2.35383606e+00 5.53274155e+01
   vertex 1.26996279e-01 3.75991821e+00 5.60370255e+01
   vertex 1.26115084e-01 4.03669739e+00 5.29922256e+01
  endloop
 endfacet
 facet normal -9.63557780e-01 1.64212242e-01 -2.11165071e-01
  outer loop
   vertex 1.26115084e-01 4.03669739e+00 5.29922256e+01
   vertex 1.26996279e-01 3.75991821e+00 5.60370255e+01
   vertex 1.26061678e-01 4.63880920e+00 5.32960968e+01
  endloop
 endfacet
 facet normal -9.32835817e-01 -8.61183833e-03 3.60198766e-01
  outer loop
   vertex 1.26996279e-01 3.75991821e+00 5.60370255e+01
   vertex 1.26702547e-01 5.31649780e+00 5.62774048e+01
   vertex 1.26061678e-01 4.63880920e+00 5.32960968e+01
  endloop
 endfacet
 facet normal -9.63553429e-01 9.08300951e-02 -2.51624078e-01
  outer loop
   vertex 1.26061678e-01 4.63880920e+00 5.32960968e+01
   vertex 1.26702547e-01 5.31649780e+00 5.62774048e+01
   vertex 1.25939608e-01 5.30535889e+00 5.33990402e+01
  endloop
 endfacet
 facet normal -9.32864845e-01 1.03026487e-01 3.45179260e-01
  outer loop
   vertex 1.26702547e-01 5.31649780e+00 5.62774048e+01
   vertex 1.26294374e-01 6.87115479e+00 5.60249939e+01
   vertex 1.25939608e-01 5.30535889e+00 5.33990402e+01
  endloop
 endfacet
 facet normal -9.63538766e-01 8.53284262e-03 -2.67432779e-01
  outer loop
   vertex 1.25939608e-01 5.30535889e+00 5.33990402e+01
   vertex 1.26294374e-01 6.87115479e+00 5.60249939e+01
   vertex 1.25760317e-01 5.97109985e+00 5.32909470e+01
  endloop
 endfacet
 facet normal -9.32901025e-01 2.04563588e-01 2.96394080e-01
  outer loop
   vertex 1.26294374e-01 6.87115479e+00 5.60249939e+01
   vertex 1.25783205e-01 8.27172852e+00 5.53045502e+01
   vertex 1.25760317e-01 5.97109985e+00 5.32909470e+01
  endloop
 endfacet
 facet normal -9.63517189e-01 -7.46118426e-02 -2.57036418e-01
  outer loop
   vertex 1.25760317e-01 5.97109985e+00 5.32909470e+01
   vertex 1.25783205e-01 8.27172852e+00 5.53045502e+01
   vertex 1.25542879e-01 6.57086182e+00 5.29824371e+01
  endloop
 endfacet
 facet normal -9.32939291e-01 2.86057711e-01 2.18621254e-01
  outer loop
   vertex 1.25783205e-01 8.27172852e+00 5.53045502e+01
   vertex 1.25241518e-01 9.38110352e+00 5.41865463e+01
   vertex 1.25542879e-01 6.57086182e+00 5.29824371e+01
  endloop
 endfacet
 facet normal -9.63490486e-01 -1.50477588e-01 -2.21455693e-01
  outer loop
   vertex 1.25542879e-01 6.57086182e+00 5.29824371e+01
   vertex 1.25241518e-01 9.38110352e+00 5.41865463e+01
   vertex 1.25310183e-01 7.04591370e+00 5.25036850e+01
  endloop
 endfacet
 facet normal -9.32978094e-01 3.39527428e-01 1.19469836e-01
  outer loop
   vertex 1.25241518e-01 9.38110352e+00 5.41865463e+01
   vertex 1.24711275e-01 1.00907288e+01 5.27804337e+01
   vertex 1.25310183e-01 7.04591370e+00 5.25036850e+01
  endloop
 endfacet
 facet normal -9.63461459e-01 -2.11637020e-01 -1.64169997e-01
  outer loop
   vertex 1.25310183e-01 7.04591370e+00 5.25036850e+01
   vertex 1.24711275e-01 1.00907288e+01 5.27804337e+01
   vertex 1.25081301e-01 7.34979248e+00 5.19015579e+01
  endloop
 endfacet
 facet normal -9.33012187e-01 3.59740734e-01 8.65319744e-03
  outer loop
   vertex 1.24711275e-01 1.00907288e+01 5.27804337e+01
   vertex 1.24234438e-01 1.03310852e+01 5.12238846e+01
   vertex 1.25081301e-01 7.34979248e+00 5.19015579e+01
  endloop
 endfacet
 facet normal -9.63433623e-01 -2.52098382e-01 -9.07855332e-02
  outer loop
   vertex 1.25081301e-01 7.34979248e+00 5.19015579e+01
   vertex 1.24234438e-01 1.03310852e+01 5.12238846e+01
   vertex 1.24879122e-01 7.45272827e+00 5.12350159e+01
  endloop
 endfacet
 facet normal -9.33038950e-01 3.44719946e-01 -1.02987982e-01
  outer loop
   vertex 1.24234438e-01 1.03310852e+01 5.12238846e+01
   vertex 1.23875856e-01 1.00786896e+01 4.96692200e+01
   vertex 1.24879122e-01 7.45272827e+00 5.12350159e+01
  endloop
 endfacet
 facet normal -9.63407516e-01 -2.67906219e-01 -8.49572103e-03
  outer loop
   vertex 1.24879122e-01 7.45272827e+00 5.12350159e+01
   vertex 1.23875856e-01 1.00786896e+01 4.96692200e+01
   vertex 1.24726534e-01 7.34463501e+00 5.05692749e+01
  endloop
 endfacet
 facet normal -9.33054626e-01 2.95934796e-01 -2.04527810e-01
  outer loop
   vertex 1.23875856e-01 1.00786896e+01 4.96692200e+01
   vertex 1.23666048e-01 9.35823059e+00 4.82686615e+01
   vertex 1.24726534e-01 7.34463501e+00 5.05692749e+01
  endloop
 endfacet
 facet normal -9.63387251e-01 -2.57511705e-01 7.46509358e-02
  outer loop
   vertex 1.24726534e-01 7.34463501e+00 5.05692749e+01
   vertex 1.23666048e-01 9.35823059e+00 4.82686615e+01
   vertex 1.24638796e-01 7.03611755e+00 4.99695129e+01
  endloop
 endfacet
 facet normal -9.33059037e-01 2.18163162e-01 -2.86016911e-01
  outer loop
   vertex 1.23666048e-01 9.35823059e+00 4.82686615e+01
   vertex 1.23616457e-01 8.24023438e+00 4.71592636e+01
   vertex 1.24638796e-01 7.03611755e+00 4.99695129e+01
  endloop
 endfacet
 facet normal -9.63375330e-01 -2.21925974e-01 1.50521770e-01
  outer loop
   vertex 1.24638796e-01 7.03611755e+00 4.99695129e+01
   vertex 1.23616457e-01 8.24023438e+00 4.71592636e+01
   vertex 1.24623537e-01 6.55737305e+00 4.94944534e+01
  endloop
 endfacet
 facet normal -9.33051825e-01 1.19017325e-01 -3.39483619e-01
  outer loop
   vertex 1.23616457e-01 8.24023438e+00 4.71592636e+01
   vertex 1.23742342e-01 6.83412170e+00 4.64496460e+01
   vertex 1.24623537e-01 6.55737305e+00 4.94944534e+01
  endloop
 endfacet
 facet normal -9.63372052e-01 -1.64638832e-01 2.11679861e-01
  outer loop
   vertex 1.24623537e-01 6.55737305e+00 4.94944534e+01
   vertex 1.23742342e-01 6.83412170e+00 4.64496460e+01
   vertex 1.24673128e-01 5.95526123e+00 4.91905823e+01
  endloop
 endfacet
 facet normal -9.33031797e-01 8.19860119e-03 -3.59700561e-01
  outer loop
   vertex 1.23742342e-01 6.83412170e+00 4.64496460e+01
   vertex 1.24032259e-01 5.27757263e+00 4.62092743e+01
   vertex 1.24673128e-01 5.95526123e+00 4.91905823e+01
  endloop
 endfacet
 facet normal -9.63378429e-01 -9.12550613e-02 2.52139866e-01
  outer loop
   vertex 1.24673128e-01 5.95526123e+00 4.91905823e+01
   vertex 1.24032259e-01 5.27757263e+00 4.62092743e+01
   vertex 1.24795198e-01 5.28869629e+00 4.90876541e+01
  endloop
 endfacet
 facet normal -9.33002710e-01 -1.03441611e-01 -3.44682097e-01
  outer loop
   vertex 1.24032259e-01 5.27757263e+00 4.62092743e+01
   vertex 1.24444246e-01 3.72290039e+00 4.64616699e+01
   vertex 1.24795198e-01 5.28869629e+00 4.90876541e+01
  endloop
 endfacet
 facet normal -9.63392198e-01 -8.96134600e-03 2.67946154e-01
  outer loop
   vertex 1.24795198e-01 5.28869629e+00 4.90876541e+01
   vertex 1.24444246e-01 3.72290039e+00 4.64616699e+01
   vertex 1.24970675e-01 4.62295532e+00 4.91957397e+01
  endloop
 endfacet
 facet normal -7.35102236e-01 -1.47443295e-01 -6.61728919e-01
  outer loop
   vertex 1.02248251e+00 3.72309875e+00 4.64614334e+01
   vertex 6.40083194e-01 2.32246399e+00 4.71819839e+01
   vertex 1.24444246e-01 3.72290039e+00 4.64616699e+01
  endloop
 endfacet
 facet normal -7.12125957e-01 -2.94503272e-01 -6.37294590e-01
  outer loop
   vertex 1.24444246e-01 3.72290039e+00 4.64616699e+01
   vertex 6.40083194e-01 2.32246399e+00 4.71819839e+01
   vertex 1.24955416e-01 2.32235718e+00 4.71821213e+01
  endloop
 endfacet
 facet normal -7.55447924e-01 -3.48675758e-01 -5.54728448e-01
  outer loop
   vertex 6.40083194e-01 2.32246399e+00 4.71819839e+01
   vertex 3.36870670e-01 1.21299744e+00 4.83000832e+01
   vertex 1.24955416e-01 2.32235718e+00 4.71821213e+01
  endloop
 endfacet
 facet normal -7.21891761e-01 -4.80119973e-01 -4.98354375e-01
  outer loop
   vertex 1.24955416e-01 2.32235718e+00 4.71821213e+01
   vertex 3.36870670e-01 1.21299744e+00 4.83000832e+01
   vertex 1.25497103e-01 1.21295166e+00 4.83001404e+01
  endloop
 endfacet
 facet normal -7.29149878e-01 -6.13244474e-01 -3.03762525e-01
  outer loop
   vertex 1.26034975e-01 5.03341675e-01 4.97062302e+01
   vertex 1.25497103e-01 1.21295166e+00 4.83001404e+01
   vertex 1.42540932e-01 5.03341675e-01 4.97062263e+01
  endloop
 endfacet
 facet normal -7.72357583e-01 -5.08259237e-01 -3.80967617e-01
  outer loop
   vertex 3.36870670e-01 1.21299744e+00 4.83000832e+01
   vertex 1.42540932e-01 5.03341675e-01 4.97062263e+01
   vertex 1.25497103e-01 1.21295166e+00 4.83001404e+01
  endloop
 endfacet
 facet normal -9.02255714e-01 -3.95695299e-01 -1.71347171e-01
  outer loop
   vertex 1.42540932e-01 5.03341675e-01 4.97062263e+01
   vertex 1.26149893e-01 4.44030762e-01 5.00902863e+01
   vertex 1.26034975e-01 5.03341675e-01 4.97062302e+01
  endloop
 endfacet
 facet normal -9.02302325e-01 -3.93999398e-01 1.74971282e-01
  outer loop
   vertex 1.26770496e-01 4.51080322e-01 5.24214249e+01
   vertex 1.44087076e-01 5.15380859e-01 5.28174477e+01
   vertex 1.26862764e-01 5.15380859e-01 5.28174515e+01
  endloop
 endfacet
 facet normal -7.55374610e-01 -4.99701411e-01 4.23919469e-01
  outer loop
   vertex 3.39844942e-01 1.23587036e+00 5.42179756e+01
   vertex 1.27068758e-01 1.23582458e+00 5.42180328e+01
   vertex 1.94338560e-01 7.00256348e-01 5.31768036e+01
  endloop
 endfacet
 facet normal -7.63630390e-01 -5.79055548e-01 2.85592884e-01
  outer loop
   vertex 1.44087076e-01 5.15380859e-01 5.28174477e+01
   vertex 1.94338560e-01 7.00256348e-01 5.31768036e+01
   vertex 1.26862764e-01 5.15380859e-01 5.28174515e+01
  endloop
 endfacet
 facet normal -7.14644372e-01 -6.06407583e-01 3.48644853e-01
  outer loop
   vertex 1.94338560e-01 7.00256348e-01 5.31768036e+01
   vertex 1.27068758e-01 1.23582458e+00 5.42180328e+01
   vertex 1.26862764e-01 5.15380859e-01 5.28174515e+01
  endloop
 endfacet
 facet normal -7.55033910e-01 -3.44344079e-01 5.57988346e-01
  outer loop
   vertex 6.44100547e-01 2.35395813e+00 5.53272781e+01
   vertex 1.27118349e-01 2.35383606e+00 5.53274155e+01
   vertex 3.39844942e-01 1.23587036e+00 5.42179756e+01
  endloop
 endfacet
 facet normal -7.21573949e-01 -4.76224691e-01 5.02534628e-01
  outer loop
   vertex 3.39844942e-01 1.23587036e+00 5.42179756e+01
   vertex 1.27118349e-01 2.35383606e+00 5.53274155e+01
   vertex 1.27068758e-01 1.23582458e+00 5.42180328e+01
  endloop
 endfacet
 facet normal -7.34681904e-01 -1.42328069e-01 6.63313806e-01
  outer loop
   vertex 1.02713597e+00 3.76011658e+00 5.60367851e+01
   vertex 1.26996279e-01 3.75991821e+00 5.60370255e+01
   vertex 6.44100547e-01 2.35395813e+00 5.53272781e+01
  endloop
 endfacet
 facet normal -7.11719990e-01 -2.89560914e-01 6.40007138e-01
  outer loop
   vertex 6.44100547e-01 2.35395813e+00 5.53272781e+01
   vertex 1.26996279e-01 3.75991821e+00 5.60370255e+01
   vertex 1.27118349e-01 2.35383606e+00 5.53274155e+01
  endloop
 endfacet
 facet normal 1.61068261e-01 4.40016389e-01 8.83426607e-01
  outer loop
   vertex 4.83583164e+00 5.31755066e+00 5.62761612e+01
   vertex 1.26702547e-01 5.31649780e+00 5.62774048e+01
   vertex 4.83606148e+00 4.08485413e+00 5.60857925e+01
  endloop
 endfacet
 facet normal -1.49635851e-01 6.38385236e-01 7.55032063e-01
  outer loop
   vertex 4.83606148e+00 4.08485413e+00 5.60857925e+01
   vertex 1.26702547e-01 5.31649780e+00 5.62774048e+01
   vertex 3.90674472e+00 4.07087708e+00 5.60839119e+01
  endloop
 endfacet
 facet normal -2.62063414e-01 4.81423020e-01 8.36393833e-01
  outer loop
   vertex 3.90674472e+00 4.07087708e+00 5.60839119e+01
   vertex 1.26702547e-01 5.31649780e+00 5.62774048e+01
   vertex 3.19896507e+00 4.05059814e+00 5.60809937e+01
  endloop
 endfacet
 facet normal -3.75589818e-01 3.35373819e-01 8.63977253e-01
  outer loop
   vertex 3.19896507e+00 4.05059814e+00 5.60809937e+01
   vertex 1.26702547e-01 5.31649780e+00 5.62774048e+01
   vertex 1.09236050e+00 3.99951172e+00 5.60737343e+01
  endloop
 endfacet
 facet normal -6.13253176e-01 1.93331279e-02 7.89649785e-01
  outer loop
   vertex 1.02713597e+00 3.76011658e+00 5.60367851e+01
   vertex 1.09236050e+00 3.99951172e+00 5.60737343e+01
   vertex 1.26996279e-01 3.75991821e+00 5.60370255e+01
  endloop
 endfacet
 facet normal -5.86369336e-01 1.81362126e-02 8.09840798e-01
  outer loop
   vertex 1.26702547e-01 5.31649780e+00 5.62774048e+01
   vertex 1.26996279e-01 3.75991821e+00 5.60370255e+01
   vertex 1.09236050e+00 3.99951172e+00 5.60737343e+01
  endloop
 endfacet
 facet normal 2.93797255e-01 1.03297383e-01 9.50269878e-01
  outer loop
   vertex 4.83583164e+00 5.31755066e+00 5.62761612e+01
   vertex 4.83542347e+00 6.87220764e+00 5.60237427e+01
   vertex 1.26702547e-01 5.31649780e+00 5.62774048e+01
  endloop
 endfacet
 facet normal -2.93362349e-01 2.02659398e-01 9.34273899e-01
  outer loop
   vertex 1.26702547e-01 5.31649780e+00 5.62774048e+01
   vertex 4.83542347e+00 6.87220764e+00 5.60237427e+01
   vertex 1.26294374e-01 6.87115479e+00 5.60249939e+01
  endloop
 endfacet
 facet normal 2.93711632e-01 3.91916871e-01 8.71856987e-01
  outer loop
   vertex 4.83542347e+00 6.87220764e+00 5.60237427e+01
   vertex 4.83490849e+00 8.27279663e+00 5.53032990e+01
   vertex 1.26294374e-01 6.87115479e+00 5.60249939e+01
  endloop
 endfacet
 facet normal -2.93455243e-01 4.81417388e-01 8.25906336e-01
  outer loop
   vertex 1.26294374e-01 6.87115479e+00 5.60249939e+01
   vertex 4.83490849e+00 8.27279663e+00 5.53032990e+01
   vertex 1.25783205e-01 8.27172852e+00 5.53045502e+01
  endloop
 endfacet
 facet normal 2.93611705e-01 6.42180264e-01 7.08093703e-01
  outer loop
   vertex 4.83490849e+00 8.27279663e+00 5.53032990e+01
   vertex 4.83437061e+00 9.38217163e+00 5.41852951e+01
   vertex 1.25783205e-01 8.27172852e+00 5.53045502e+01
  endloop
 endfacet
 facet normal -2.93556094e-01 7.13048339e-01 6.36699975e-01
  outer loop
   vertex 1.25783205e-01 8.27172852e+00 5.53045502e+01
   vertex 4.83437061e+00 9.38217163e+00 5.41852951e+01
   vertex 1.25241518e-01 9.38110352e+00 5.41865463e+01
  endloop
 endfacet
 facet normal 2.93507725e-01 8.29592168e-01 4.75005329e-01
  outer loop
   vertex 4.83437061e+00 9.38217163e+00 5.41852951e+01
   vertex 4.83383274e+00 1.00917969e+01 5.27791901e+01
   vertex 1.25241518e-01 9.38110352e+00 5.41865463e+01
  endloop
 endfacet
 facet normal -2.93660223e-01 8.74873638e-01 3.85175049e-01
  outer loop
   vertex 1.25241518e-01 9.38110352e+00 5.41865463e+01
   vertex 4.83383274e+00 1.00917969e+01 5.27791901e+01
   vertex 1.24711275e-01 1.00907288e+01 5.27804337e+01
  endloop
 endfacet
 facet normal 2.93408632e-01 9.35801327e-01 1.95415601e-01
  outer loop
   vertex 4.83383274e+00 1.00917969e+01 5.27791901e+01
   vertex 4.83335972e+00 1.03321533e+01 5.12226257e+01
   vertex 1.24711275e-01 1.00907288e+01 5.27804337e+01
  endloop
 endfacet
 facet normal -2.93754697e-01 9.51052308e-01 9.59564447e-02
  outer loop
   vertex 1.24711275e-01 1.00907288e+01 5.27804337e+01
   vertex 4.83335972e+00 1.03321533e+01 5.12226257e+01
   vertex 1.24234438e-01 1.03310852e+01 5.12238846e+01
  endloop
 endfacet
 facet normal 2.93324441e-01 9.50414360e-01 -1.03311643e-01
  outer loop
   vertex 4.83335972e+00 1.03321533e+01 5.12226257e+01
   vertex 4.83300114e+00 1.00797577e+01 4.96679611e+01
   vertex 1.24234438e-01 1.03310852e+01 5.12238846e+01
  endloop
 endfacet
 facet normal -2.93831915e-01 9.34128582e-01 -2.02649072e-01
  outer loop
   vertex 1.24234438e-01 1.03310852e+01 5.12238846e+01
   vertex 4.83300114e+00 1.00797577e+01 4.96679611e+01
   vertex 1.23875856e-01 1.00786896e+01 4.96692200e+01
  endloop
 endfacet
 facet normal 2.93266743e-01 8.72000217e-01 -3.91931474e-01
  outer loop
   vertex 4.83300114e+00 1.00797577e+01 4.96679611e+01
   vertex 4.83278751e+00 9.35928345e+00 4.82674103e+01
   vertex 1.23875856e-01 1.00786896e+01 4.96692200e+01
  endloop
 endfacet
 facet normal -2.93879688e-01 8.25761259e-01 -4.81407404e-01
  outer loop
   vertex 1.23875856e-01 1.00786896e+01 4.96692200e+01
   vertex 4.83278751e+00 9.35928345e+00 4.82674103e+01
   vertex 1.23666048e-01 9.35823059e+00 4.82686615e+01
  endloop
 endfacet
 facet normal 2.93237209e-01 7.08237171e-01 -6.42193139e-01
  outer loop
   vertex 4.83278751e+00 9.35928345e+00 4.82674103e+01
   vertex 4.83274555e+00 8.24128723e+00 4.71580048e+01
   vertex 1.23666048e-01 9.35823059e+00 4.82686615e+01
  endloop
 endfacet
 facet normal -2.93900162e-01 6.36557579e-01 -7.13033736e-01
  outer loop
   vertex 1.23666048e-01 9.35823059e+00 4.82686615e+01
   vertex 4.83274555e+00 8.24128723e+00 4.71580048e+01
   vertex 1.23616457e-01 8.24023438e+00 4.71592636e+01
  endloop
 endfacet
 facet normal 2.93238401e-01 4.75154817e-01 -8.29601824e-01
  outer loop
   vertex 4.83274555e+00 8.24128723e+00 4.71580048e+01
   vertex 4.83286381e+00 6.83518982e+00 4.64483948e+01
   vertex 1.23616457e-01 8.24023438e+00 4.71592636e+01
  endloop
 endfacet
 facet normal -2.93887347e-01 3.85036170e-01 -8.74858499e-01
  outer loop
   vertex 1.23616457e-01 8.24023438e+00 4.71592636e+01
   vertex 4.83286381e+00 6.83518982e+00 4.64483948e+01
   vertex 1.23742342e-01 6.83412170e+00 4.64496460e+01
  endloop
 endfacet
 facet normal 2.93271661e-01 1.95562765e-01 -9.35813487e-01
  outer loop
   vertex 4.83286381e+00 6.83518982e+00 4.64483948e+01
   vertex 4.83315754e+00 5.27862549e+00 4.62080002e+01
   vertex 1.23742342e-01 6.83412170e+00 4.64496460e+01
  endloop
 endfacet
 facet normal -2.93843091e-01 9.58154500e-02 -9.51039255e-01
  outer loop
   vertex 1.23742342e-01 6.83412170e+00 4.64496460e+01
   vertex 4.83315754e+00 5.27862549e+00 4.62080002e+01
   vertex 1.24032259e-01 5.27757263e+00 4.62092743e+01
  endloop
 endfacet
 facet normal 1.57516226e-01 4.37713325e-01 -8.85209382e-01
  outer loop
   vertex 4.83315754e+00 5.27862549e+00 4.62080002e+01
   vertex 4.83347416e+00 4.09745789e+00 4.63997765e+01
   vertex 1.24032259e-01 5.27757263e+00 4.62092743e+01
  endloop
 endfacet
 facet normal -1.55455336e-01 6.38401210e-01 -7.53841877e-01
  outer loop
   vertex 4.83347416e+00 4.09745789e+00 4.63997765e+01
   vertex 3.18995595e+00 4.05038452e+00 4.64077988e+01
   vertex 1.24032259e-01 5.27757263e+00 4.62092743e+01
  endloop
 endfacet
 facet normal -3.77015054e-01 3.30105424e-01 -8.65384340e-01
  outer loop
   vertex 3.18995595e+00 4.05038452e+00 4.64077988e+01
   vertex 1.09794247e+00 3.99951172e+00 4.64165421e+01
   vertex 1.24032259e-01 5.27757263e+00 4.62092743e+01
  endloop
 endfacet
 facet normal -6.14319444e-01 1.34702604e-02 -7.88942456e-01
  outer loop
   vertex 1.02248251e+00 3.72309875e+00 4.64614334e+01
   vertex 1.24444246e-01 3.72290039e+00 4.64616699e+01
   vertex 1.09794247e+00 3.99951172e+00 4.64165421e+01
  endloop
 endfacet
 facet normal -5.87465763e-01 1.21070137e-02 -8.09158444e-01
  outer loop
   vertex 1.09794247e+00 3.99951172e+00 4.64165421e+01
   vertex 1.24444246e-01 3.72290039e+00 4.64616699e+01
   vertex 1.24032259e-01 5.27757263e+00 4.62092743e+01
  endloop
 endfacet
 facet normal 6.12546742e-01 7.15213835e-01 3.36534768e-01
  outer loop
   vertex 4.83428764e+00 4.09747314e+00 4.94653320e+01
   vertex 4.83379078e+00 4.09745789e+00 4.75949860e+01
   vertex 4.83409595e+00 4.62402344e+00 4.91945038e+01
  endloop
 endfacet
 facet normal 6.15782559e-01 7.12350786e-01 -3.36701959e-01
  outer loop
   vertex 4.83523941e+00 4.09750366e+00 5.30211334e+01
   vertex 4.83519077e+00 4.63986206e+00 5.32948456e+01
   vertex 4.83562851e+00 4.09750366e+00 5.44736099e+01
  endloop
 endfacet
 facet normal 7.75987983e-01 5.88709295e-01 -2.26415455e-01
  outer loop
   vertex 4.83562851e+00 4.09750366e+00 5.44736099e+01
   vertex 4.83519077e+00 4.63986206e+00 5.32948456e+01
   vertex 4.83576965e+00 4.09338379e+00 5.49991531e+01
  endloop
 endfacet
 facet normal 8.73687685e-01 4.45653081e-01 1.95097730e-01
  outer loop
   vertex 4.83583164e+00 5.31755066e+00 5.62761612e+01
   vertex 4.83606148e+00 4.08485413e+00 5.60857925e+01
   vertex 4.83506870e+00 5.30642700e+00 5.33977814e+01
  endloop
 endfacet
 facet normal 7.34882534e-01 6.63040340e-01 -1.42566353e-01
  outer loop
   vertex 4.83606148e+00 4.08485413e+00 5.60857925e+01
   vertex 4.83576965e+00 4.09338379e+00 5.49991531e+01
   vertex 4.83506870e+00 5.30642700e+00 5.33977814e+01
  endloop
 endfacet
 facet normal 8.09368193e-01 3.37970495e-01 -4.80311424e-01
  outer loop
   vertex 4.83576965e+00 4.09338379e+00 5.49991531e+01
   vertex 4.83519077e+00 4.63986206e+00 5.32948456e+01
   vertex 4.83506870e+00 5.30642700e+00 5.33977814e+01
  endloop
 endfacet
 facet normal 9.63418543e-01 -9.27755535e-02 -2.51430720e-01
  outer loop
   vertex 4.83506870e+00 5.30642700e+00 5.33977814e+01
   vertex 4.83488560e+00 5.97215271e+00 5.32896881e+01
   vertex 4.83583164e+00 5.31755066e+00 5.62761612e+01
  endloop
 endfacet
 facet normal 9.33028162e-01 1.13956723e-02 3.59622866e-01
  outer loop
   vertex 4.83583164e+00 5.31755066e+00 5.62761612e+01
   vertex 4.83488560e+00 5.97215271e+00 5.32896881e+01
   vertex 4.83542347e+00 6.87220764e+00 5.60237427e+01
  endloop
 endfacet
 facet normal 9.63445961e-01 -1.65836617e-01 -2.10404545e-01
  outer loop
   vertex 4.83488560e+00 5.97215271e+00 5.32896881e+01
   vertex 4.83467197e+00 6.57191467e+00 5.29811859e+01
   vertex 4.83542347e+00 6.87220764e+00 5.60237427e+01
  endloop
 endfacet
 facet normal 9.32996511e-01 1.22058205e-01 3.38554800e-01
  outer loop
   vertex 4.83542347e+00 6.87220764e+00 5.60237427e+01
   vertex 4.83467197e+00 6.57191467e+00 5.29811859e+01
   vertex 4.83490849e+00 8.27279663e+00 5.53032990e+01
  endloop
 endfacet
 facet normal 9.63475943e-01 -2.22648159e-01 -1.48801446e-01
  outer loop
   vertex 4.83467197e+00 6.57191467e+00 5.29811859e+01
   vertex 4.83443546e+00 7.04696655e+00 5.25024338e+01
   vertex 4.83490849e+00 8.27279663e+00 5.53032990e+01
  endloop
 endfacet
 facet normal 9.32960689e-01 2.20786810e-01 2.84319341e-01
  outer loop
   vertex 4.83490849e+00 8.27279663e+00 5.53032990e+01
   vertex 4.83443546e+00 7.04696655e+00 5.25024338e+01
   vertex 4.83437061e+00 9.38217163e+00 5.41852951e+01
  endloop
 endfacet
 facet normal 9.63503897e-01 -2.57643133e-01 -7.26653412e-02
  outer loop
   vertex 4.83443546e+00 7.04696655e+00 5.25024338e+01
   vertex 4.83420658e+00 7.35086060e+00 5.19003067e+01
   vertex 4.83437061e+00 9.38217163e+00 5.41852951e+01
  endloop
 endfacet
 facet normal 9.32920754e-01 2.97931463e-01 2.02226982e-01
  outer loop
   vertex 4.83437061e+00 9.38217163e+00 5.41852951e+01
   vertex 4.83420658e+00 7.35086060e+00 5.19003067e+01
   vertex 4.83383274e+00 1.00917969e+01 5.27791901e+01
  endloop
 endfacet
 facet normal 9.63528335e-01 -2.67397791e-01 1.05650853e-02
  outer loop
   vertex 4.83420658e+00 7.35086060e+00 5.19003067e+01
   vertex 4.83400822e+00 7.45376587e+00 5.12337570e+01
   vertex 4.83383274e+00 1.00917969e+01 5.27791901e+01
  endloop
 endfacet
 facet normal 9.32883382e-01 3.45926017e-01 1.00318454e-01
  outer loop
   vertex 4.83383274e+00 1.00917969e+01 5.27791901e+01
   vertex 4.83400822e+00 7.45376587e+00 5.12337570e+01
   vertex 4.83335972e+00 1.03321533e+01 5.12226257e+01
  endloop
 endfacet
 facet normal 9.63545859e-01 -2.50959277e-01 9.27300379e-02
  outer loop
   vertex 4.83400822e+00 7.45376587e+00 5.12337570e+01
   vertex 4.83385563e+00 7.34570312e+00 5.05680237e+01
   vertex 4.83335972e+00 1.03321533e+01 5.12226257e+01
  endloop
 endfacet
 facet normal 9.32849705e-01 3.60084146e-01 -1.14407102e-02
  outer loop
   vertex 4.83335972e+00 1.03321533e+01 5.12226257e+01
   vertex 4.83385563e+00 7.34570312e+00 5.05680237e+01
   vertex 4.83300114e+00 1.00797577e+01 4.96679611e+01
  endloop
 endfacet
 facet normal 9.63557363e-01 -2.09927931e-01 1.65793374e-01
  outer loop
   vertex 4.83385563e+00 7.34570312e+00 5.05680237e+01
   vertex 4.83376408e+00 7.03718567e+00 4.99682617e+01
   vertex 4.83300114e+00 1.00797577e+01 4.96679611e+01
  endloop
 endfacet
 facet normal 9.32825446e-01 3.39011729e-01 -1.22097127e-01
  outer loop
   vertex 4.83300114e+00 1.00797577e+01 4.96679611e+01
   vertex 4.83376408e+00 7.03718567e+00 4.99682617e+01
   vertex 4.83278751e+00 9.35928345e+00 4.82674103e+01
  endloop
 endfacet
 facet normal 9.63558733e-01 -1.48328289e-01 2.22605631e-01
  outer loop
   vertex 4.83376408e+00 7.03718567e+00 4.99682617e+01
   vertex 4.83374882e+00 6.55844116e+00 4.94931946e+01
   vertex 4.83278751e+00 9.35928345e+00 4.82674103e+01
  endloop
 endfacet
 facet normal 9.32810664e-01 2.84779310e-01 -2.20828056e-01
  outer loop
   vertex 4.83278751e+00 9.35928345e+00 4.82674103e+01
   vertex 4.83374882e+00 6.55844116e+00 4.94931946e+01
   vertex 4.83274555e+00 8.24128723e+00 4.71580048e+01
  endloop
 endfacet
 facet normal 9.63550150e-01 -7.21875429e-02 2.57604480e-01
  outer loop
   vertex 4.83374882e+00 6.55844116e+00 4.94931946e+01
   vertex 4.83380222e+00 5.95629883e+00 4.91893387e+01
   vertex 4.83274555e+00 8.24128723e+00 4.71580048e+01
  endloop
 endfacet
 facet normal 9.32809293e-01 2.02688918e-01 -2.97966480e-01
  outer loop
   vertex 4.83274555e+00 8.24128723e+00 4.71580048e+01
   vertex 4.83380222e+00 5.95629883e+00 4.91893387e+01
   vertex 4.83286381e+00 6.83518982e+00 4.64483948e+01
  endloop
 endfacet
 facet normal 9.63534415e-01 1.10403309e-02 2.67356664e-01
  outer loop
   vertex 4.83380222e+00 5.95629883e+00 4.91893387e+01
   vertex 4.83391666e+00 5.28976440e+00 4.90863876e+01
   vertex 4.83286381e+00 6.83518982e+00 4.64483948e+01
  endloop
 endfacet
 facet normal 9.32817578e-01 1.00779362e-01 -3.45969528e-01
  outer loop
   vertex 4.83286381e+00 6.83518982e+00 4.64483948e+01
   vertex 4.83391666e+00 5.28976440e+00 4.90863876e+01
   vertex 4.83315754e+00 5.27862549e+00 4.62080002e+01
  endloop
 endfacet
 facet normal 8.72328579e-01 4.48471814e-01 -1.94720000e-01
  outer loop
   vertex 4.83315754e+00 5.27862549e+00 4.62080002e+01
   vertex 4.83391666e+00 5.28976440e+00 4.90863876e+01
   vertex 4.83347416e+00 4.09745789e+00 4.63997765e+01
  endloop
 endfacet
 facet normal 7.29505420e-01 6.68306947e-01 1.45559803e-01
  outer loop
   vertex 4.83347416e+00 4.09745789e+00 4.63997765e+01
   vertex 4.83391666e+00 5.28976440e+00 4.90863876e+01
   vertex 4.83379078e+00 4.09745789e+00 4.75949860e+01
  endloop
 endfacet
 facet normal 8.06923866e-01 3.43061596e-01 4.80814517e-01
  outer loop
   vertex 4.83379078e+00 4.09745789e+00 4.75949860e+01
   vertex 4.83391666e+00 5.28976440e+00 4.90863876e+01
   vertex 4.83409595e+00 4.62402344e+00 4.91945038e+01
  endloop
 endfacet
 facet normal 8.23217183e-02 6.67686641e-01 7.39876807e-01
  outer loop
   vertex 4.83409595e+00 4.62402344e+00 4.91945038e+01
   vertex 1.24970675e-01 4.62295532e+00 4.91957397e+01
   vertex 4.83428764e+00 4.09747314e+00 4.94653320e+01
  endloop
 endfacet
 facet normal -2.33667806e-01 7.97641873e-01 5.56027710e-01
  outer loop
   vertex 4.83428764e+00 4.09747314e+00 4.94653320e+01
   vertex 1.24970675e-01 4.62295532e+00 4.91957397e+01
   vertex 3.19292855e+00 4.05046082e+00 4.94897652e+01
  endloop
 endfacet
 facet normal -2.90724337e-01 7.20192075e-01 6.29922748e-01
  outer loop
   vertex 3.19292855e+00 4.05046082e+00 4.94897652e+01
   vertex 1.24970675e-01 4.62295532e+00 4.91957397e+01
   vertex 2.08938527e+00 4.02365112e+00 4.95037231e+01
  endloop
 endfacet
 facet normal -5.57804108e-01 5.41028917e-01 6.29398346e-01
  outer loop
   vertex 2.08938527e+00 4.02365112e+00 4.95037231e+01
   vertex 1.24970675e-01 4.62295532e+00 4.91957397e+01
   vertex 1.25188112e-01 4.02320862e+00 4.95042496e+01
  endloop
 endfacet
 facet normal -3.22664648e-01 7.52649069e-01 5.73939800e-01
  outer loop
   vertex 2.08938527e+00 4.02365112e+00 4.95037231e+01
   vertex 1.25188112e-01 4.02320862e+00 4.95042496e+01
   vertex 1.09614599e+00 3.99951172e+00 4.95280914e+01
  endloop
 endfacet
 facet normal -5.77249289e-01 6.30426586e-01 5.18985152e-01
  outer loop
   vertex 1.25188112e-01 4.02320862e+00 4.95042496e+01
   vertex 1.25428438e-01 3.54814148e+00 4.99830093e+01
   vertex 1.09614599e+00 3.99951172e+00 4.95280914e+01
  endloop
 endfacet
 facet normal -5.09919822e-01 7.25642264e-01 4.61979568e-01
  outer loop
   vertex 9.72850561e-01 3.54832458e+00 4.99827843e+01
   vertex 1.09614599e+00 3.99951172e+00 4.95280914e+01
   vertex 1.25428438e-01 3.54814148e+00 4.99830093e+01
  endloop
 endfacet
 facet normal -6.41461492e-01 6.88006639e-01 3.39373022e-01
  outer loop
   vertex 9.72850561e-01 3.54832458e+00 4.99827843e+01
   vertex 1.25428438e-01 3.54814148e+00 4.99830093e+01
   vertex 8.89635801e-01 3.24444580e+00 5.05849113e+01
  endloop
 endfacet
 facet normal -6.95618570e-01 6.65114164e-01 2.71547407e-01
  outer loop
   vertex 8.89635801e-01 3.24444580e+00 5.05849113e+01
   vertex 1.25428438e-01 3.54814148e+00 4.99830093e+01
   vertex 1.25657320e-01 3.24427795e+00 5.05851135e+01
  endloop
 endfacet
 facet normal -6.35978699e-01 7.59169340e-01 1.38538882e-01
  outer loop
   vertex 8.89635801e-01 3.24444580e+00 5.05849113e+01
   vertex 1.25657320e-01 3.24427795e+00 5.05851135e+01
   vertex 8.61184835e-01 3.14149475e+00 5.12514801e+01
  endloop
 endfacet
 facet normal -6.93783939e-01 7.17052758e-01 6.70758635e-02
  outer loop
   vertex 8.61184835e-01 3.14149475e+00 5.12514801e+01
   vertex 1.25657320e-01 3.24427795e+00 5.05851135e+01
   vertex 1.25848055e-01 3.14132690e+00 5.12516785e+01
  endloop
 endfacet
 facet normal -6.36082709e-01 7.58077800e-01 -1.43933520e-01
  outer loop
   vertex 8.90295267e-01 3.24958801e+00 5.19172134e+01
   vertex 8.61184835e-01 3.14149475e+00 5.12514801e+01
   vertex 1.26000643e-01 3.24942017e+00 5.19174194e+01
  endloop
 endfacet
 facet normal -6.93826735e-01 7.16516316e-01 -7.21722394e-02
  outer loop
   vertex 1.26000643e-01 3.24942017e+00 5.19174194e+01
   vertex 8.61184835e-01 3.14149475e+00 5.12514801e+01
   vertex 1.25848055e-01 3.14132690e+00 5.12516785e+01
  endloop
 endfacet
 facet normal -6.52307153e-01 6.62549078e-01 -3.68136019e-01
  outer loop
   vertex 9.74022985e-01 3.55812073e+00 5.25169334e+01
   vertex 9.11247492e-01 3.32685852e+00 5.20673866e+01
   vertex 1.26099825e-01 3.55793762e+00 5.25171585e+01
  endloop
 endfacet
 facet normal -6.47298634e-01 7.23538280e-01 -2.39784852e-01
  outer loop
   vertex 8.90295267e-01 3.24958801e+00 5.19172134e+01
   vertex 1.26000643e-01 3.24942017e+00 5.19174194e+01
   vertex 9.11247492e-01 3.32685852e+00 5.20673866e+01
  endloop
 endfacet
 facet normal -7.06533015e-01 6.40626788e-01 -3.00679982e-01
  outer loop
   vertex 9.11247492e-01 3.32685852e+00 5.20673866e+01
   vertex 1.26000643e-01 3.24942017e+00 5.19174194e+01
   vertex 1.26099825e-01 3.55793762e+00 5.25171585e+01
  endloop
 endfacet
 facet normal -3.23513538e-01 7.49269247e-01 -5.77870786e-01
  outer loop
   vertex 2.64931083e+00 4.03726196e+00 5.29915581e+01
   vertex 1.09416580e+00 3.99951172e+00 5.29548569e+01
   vertex 1.26115084e-01 4.03669739e+00 5.29922256e+01
  endloop
 endfacet
 facet normal -5.77923477e-01 6.26575470e-01 -5.22883952e-01
  outer loop
   vertex 1.26115084e-01 4.03669739e+00 5.29922256e+01
   vertex 1.09416580e+00 3.99951172e+00 5.29548569e+01
   vertex 1.26099825e-01 3.55793762e+00 5.25171585e+01
  endloop
 endfacet
 facet normal -5.10572433e-01 7.22217441e-01 -4.66602355e-01
  outer loop
   vertex 1.09416580e+00 3.99951172e+00 5.29548569e+01
   vertex 9.74022985e-01 3.55812073e+00 5.25169334e+01
   vertex 1.26099825e-01 3.55793762e+00 5.25171585e+01
  endloop
 endfacet
 facet normal 8.28392804e-02 6.63730979e-01 -7.43369937e-01
  outer loop
   vertex 4.83519077e+00 4.63986206e+00 5.32948456e+01
   vertex 4.83523941e+00 4.09750366e+00 5.30211334e+01
   vertex 1.26061678e-01 4.63880920e+00 5.32960968e+01
  endloop
 endfacet
 facet normal -2.33629808e-01 7.95572817e-01 -5.59000015e-01
  outer loop
   vertex 4.83523941e+00 4.09750366e+00 5.30211334e+01
   vertex 3.19622159e+00 4.05055237e+00 5.29980545e+01
   vertex 1.26061678e-01 4.63880920e+00 5.32960968e+01
  endloop
 endfacet
 facet normal -2.91223049e-01 7.17153907e-01 -6.33150399e-01
  outer loop
   vertex 3.19622159e+00 4.05055237e+00 5.29980545e+01
   vertex 2.64931083e+00 4.03726196e+00 5.29915581e+01
   vertex 1.26061678e-01 4.63880920e+00 5.32960968e+01
  endloop
 endfacet
 facet normal -5.58349013e-01 5.37088454e-01 -6.32283449e-01
  outer loop
   vertex 2.64931083e+00 4.03726196e+00 5.29915581e+01
   vertex 1.26115084e-01 4.03669739e+00 5.29922256e+01
   vertex 1.26061678e-01 4.63880920e+00 5.32960968e+01
  endloop
 endfacet
 facet normal -3.51694047e-01 1.91388249e-01 -9.16341543e-01
  outer loop
   vertex 1.26061678e-01 4.63880920e+00 5.32960968e+01
   vertex 1.25939608e-01 5.30535889e+00 5.33990402e+01
   vertex 4.83519077e+00 4.63986206e+00 5.32948456e+01
  endloop
 endfacet
 facet normal 3.51135731e-01 9.39789042e-02 -9.31596279e-01
  outer loop
   vertex 4.83519077e+00 4.63986206e+00 5.32948456e+01
   vertex 1.25939608e-01 5.30535889e+00 5.33990402e+01
   vertex 4.83506870e+00 5.30642700e+00 5.33977814e+01
  endloop
 endfacet
 facet normal -3.51629138e-01 -1.01185493e-01 -9.30654824e-01
  outer loop
   vertex 1.25939608e-01 5.30535889e+00 5.33990402e+01
   vertex 1.25760317e-01 5.97109985e+00 5.32909470e+01
   vertex 4.83506870e+00 5.30642700e+00 5.33977814e+01
  endloop
 endfacet
 facet normal 3.51202875e-01 -1.98467791e-01 -9.15022969e-01
  outer loop
   vertex 4.83506870e+00 5.30642700e+00 5.33977814e+01
   vertex 1.25760317e-01 5.97109985e+00 5.32909470e+01
   vertex 4.83488560e+00 5.97215271e+00 5.32896881e+01
  endloop
 endfacet
 facet normal -3.51547569e-01 -3.83846104e-01 -8.53859723e-01
  outer loop
   vertex 1.25760317e-01 5.97109985e+00 5.32909470e+01
   vertex 1.25542879e-01 6.57086182e+00 5.29824371e+01
   vertex 4.83488560e+00 5.97215271e+00 5.32896881e+01
  endloop
 endfacet
 facet normal 3.51292253e-01 -4.71472025e-01 -8.08893025e-01
  outer loop
   vertex 4.83488560e+00 5.97215271e+00 5.32896881e+01
   vertex 1.25542879e-01 6.57086182e+00 5.29824371e+01
   vertex 4.83467197e+00 6.57191467e+00 5.29811859e+01
  endloop
 endfacet
 facet normal -3.51446897e-01 -6.28949225e-01 -6.93475246e-01
  outer loop
   vertex 1.25542879e-01 6.57086182e+00 5.29824371e+01
   vertex 1.25310183e-01 7.04591370e+00 5.25036850e+01
   vertex 4.83467197e+00 6.57191467e+00 5.29811859e+01
  endloop
 endfacet
 facet normal 3.51395607e-01 -6.98326170e-01 -6.23587728e-01
  outer loop
   vertex 4.83467197e+00 6.57191467e+00 5.29811859e+01
   vertex 1.25310183e-01 7.04591370e+00 5.25036850e+01
   vertex 4.83443546e+00 7.04696655e+00 5.25024338e+01
  endloop
 endfacet
 facet normal -3.51346165e-01 -8.12495053e-01 -4.65196401e-01
  outer loop
   vertex 1.25310183e-01 7.04591370e+00 5.25036850e+01
   vertex 1.25081301e-01 7.34979248e+00 5.19015579e+01
   vertex 4.83443546e+00 7.04696655e+00 5.25024338e+01
  endloop
 endfacet
 facet normal 3.51496190e-01 -8.56814384e-01 -3.77252668e-01
  outer loop
   vertex 4.83443546e+00 7.04696655e+00 5.25024338e+01
   vertex 1.25081301e-01 7.34979248e+00 5.19015579e+01
   vertex 4.83420658e+00 7.35086060e+00 5.19003067e+01
  endloop
 endfacet
 facet normal -3.51250648e-01 -9.16515589e-01 -1.91369101e-01
  outer loop
   vertex 1.25081301e-01 7.34979248e+00 5.19015579e+01
   vertex 1.24879122e-01 7.45272827e+00 5.12350159e+01
   vertex 4.83420658e+00 7.35086060e+00 5.19003067e+01
  endloop
 endfacet
 facet normal 3.51587266e-01 -9.31424558e-01 -9.39928666e-02
  outer loop
   vertex 4.83420658e+00 7.35086060e+00 5.19003067e+01
   vertex 1.24879122e-01 7.45272827e+00 5.12350159e+01
   vertex 4.83400822e+00 7.45376587e+00 5.12337570e+01
  endloop
 endfacet
 facet normal -3.51170629e-01 -9.30826783e-01 1.01196326e-01
  outer loop
   vertex 1.24879122e-01 7.45272827e+00 5.12350159e+01
   vertex 1.24726534e-01 7.34463501e+00 5.05692749e+01
   vertex 4.83400822e+00 7.45376587e+00 5.12337570e+01
  endloop
 endfacet
 facet normal 3.51660103e-01 -9.14851904e-01 1.98446780e-01
  outer loop
   vertex 4.83400822e+00 7.45376587e+00 5.12337570e+01
   vertex 1.24726534e-01 7.34463501e+00 5.05692749e+01
   vertex 4.83385563e+00 7.34570312e+00 5.05680237e+01
  endloop
 endfacet
 facet normal -3.51108640e-01 -8.54034483e-01 3.83859098e-01
  outer loop
   vertex 1.24726534e-01 7.34463501e+00 5.05692749e+01
   vertex 1.24638796e-01 7.03611755e+00 4.99695129e+01
   vertex 4.83385563e+00 7.34570312e+00 5.05680237e+01
  endloop
 endfacet
 facet normal 3.51712614e-01 -8.08719218e-01 4.71456766e-01
  outer loop
   vertex 4.83385563e+00 7.34570312e+00 5.05680237e+01
   vertex 1.24638796e-01 7.03611755e+00 4.99695129e+01
   vertex 4.83376408e+00 7.03718567e+00 4.99682617e+01
  endloop
 endfacet
 facet normal -3.51080149e-01 -6.93646312e-01 6.28965437e-01
  outer loop
   vertex 1.24638796e-01 7.03611755e+00 4.99695129e+01
   vertex 1.24623537e-01 6.55737305e+00 4.94944534e+01
   vertex 4.83376408e+00 7.03718567e+00 4.99682617e+01
  endloop
 endfacet
 facet normal 3.51733685e-01 -6.23412669e-01 6.98312283e-01
  outer loop
   vertex 4.83376408e+00 7.03718567e+00 4.99682617e+01
   vertex 1.24623537e-01 6.55737305e+00 4.94944534e+01
   vertex 4.83374882e+00 6.55844116e+00 4.94931946e+01
  endloop
 endfacet
 facet normal -3.51081640e-01 -4.65365171e-01 8.12512755e-01
  outer loop
   vertex 1.24623537e-01 6.55737305e+00 4.94944534e+01
   vertex 1.24673128e-01 5.95526123e+00 4.91905823e+01
   vertex 4.83374882e+00 6.55844116e+00 4.94931946e+01
  endloop
 endfacet
 facet normal 3.51716965e-01 -3.77076566e-01 8.56801271e-01
  outer loop
   vertex 4.83374882e+00 6.55844116e+00 4.94931946e+01
   vertex 1.24673128e-01 5.95526123e+00 4.91905823e+01
   vertex 4.83380222e+00 5.95629883e+00 4.91893387e+01
  endloop
 endfacet
 facet normal -3.51119548e-01 -1.91539422e-01 9.16530252e-01
  outer loop
   vertex 1.24673128e-01 5.95526123e+00 4.91905823e+01
   vertex 1.24795198e-01 5.28869629e+00 4.90876541e+01
   vertex 4.83380222e+00 5.95629883e+00 4.91893387e+01
  endloop
 endfacet
 facet normal 3.51674616e-01 -9.38181281e-02 9.31409180e-01
  outer loop
   vertex 4.83380222e+00 5.95629883e+00 4.91893387e+01
   vertex 1.24795198e-01 5.28869629e+00 4.90876541e+01
   vertex 4.83391666e+00 5.28976440e+00 4.90863876e+01
  endloop
 endfacet
 facet normal -3.51176441e-01 1.01033077e-01 9.30842340e-01
  outer loop
   vertex 1.24795198e-01 5.28869629e+00 4.90876541e+01
   vertex 1.24970675e-01 4.62295532e+00 4.91957397e+01
   vertex 4.83391666e+00 5.28976440e+00 4.90863876e+01
  endloop
 endfacet
 facet normal 3.51600349e-01 1.98628262e-01 9.14835513e-01
  outer loop
   vertex 4.83391666e+00 5.28976440e+00 4.90863876e+01
   vertex 1.24970675e-01 4.62295532e+00 4.91957397e+01
   vertex 4.83409595e+00 4.62402344e+00 4.91945038e+01
  endloop
 endfacet
 facet normal -4.69948918e-01 8.19041669e-01 3.29118133e-01
  outer loop
   vertex 1.09800148e+00 3.99951172e+00 2.73964462e+01
   vertex 9.74861622e-01 3.54832458e+00 2.78511391e+01
   vertex 1.09800148e+00 3.99951172e+00 2.97069817e+01
  endloop
 endfacet
 facet normal -5.99703312e-01 7.72685051e-01 2.08119452e-01
  outer loop
   vertex 9.74861622e-01 3.54832458e+00 2.78511391e+01
   vertex 8.91924143e-01 3.24444580e+00 2.84532661e+01
   vertex 1.09800148e+00 3.99951172e+00 2.97069817e+01
  endloop
 endfacet
 facet normal -5.89096844e-01 8.05075467e-01 6.94146380e-02
  outer loop
   vertex 8.91924143e-01 3.24444580e+00 2.84532661e+01
   vertex 8.63824725e-01 3.14149475e+00 2.91198387e+01
   vertex 1.09800148e+00 3.99951172e+00 2.97069817e+01
  endloop
 endfacet
 facet normal -5.98616242e-01 8.00289750e-01 -3.45667787e-02
  outer loop
   vertex 8.63824725e-01 3.14149475e+00 2.91198387e+01
   vertex 8.89845371e-01 3.23683167e+00 2.97069817e+01
   vertex 1.09800148e+00 3.99951172e+00 2.97069817e+01
  endloop
 endfacet
 facet normal -4.70884383e-01 8.17183971e-01 -3.32382679e-01
  outer loop
   vertex 1.09800398e+00 3.99951172e+00 3.08232155e+01
   vertex 1.09800148e+00 3.99951172e+00 2.97069817e+01
   vertex 9.77538824e-01 3.55812073e+00 3.03852882e+01
  endloop
 endfacet
 facet normal -6.01466596e-01 7.91880190e-01 -1.05658486e-01
  outer loop
   vertex 8.89845371e-01 3.23683167e+00 2.97069817e+01
   vertex 8.93330336e-01 3.24958801e+00 2.97855721e+01
   vertex 1.09800148e+00 3.99951172e+00 2.97069817e+01
  endloop
 endfacet
 facet normal -6.00164354e-01 7.71441758e-01 -2.11377397e-01
  outer loop
   vertex 8.93330336e-01 3.24958801e+00 2.97855721e+01
   vertex 9.77538824e-01 3.55812073e+00 3.03852882e+01
   vertex 1.09800148e+00 3.99951172e+00 2.97069817e+01
  endloop
 endfacet
 facet normal -1.95386745e-02 9.32222426e-01 -3.61357987e-01
  outer loop
   vertex 3.19021034e+00 4.05038452e+00 3.08663368e+01
   vertex 3.19021034e+00 4.05038452e+00 2.97069817e+01
   vertex 2.65051961e+00 4.03726196e+00 3.08599167e+01
  endloop
 endfacet
 facet normal -2.37406075e-01 9.52790618e-01 -1.89283997e-01
  outer loop
   vertex 3.19021034e+00 4.05038452e+00 2.97069817e+01
   vertex 1.09800148e+00 3.99951172e+00 2.97069817e+01
   vertex 2.65051961e+00 4.03726196e+00 3.08599167e+01
  endloop
 endfacet
 facet normal -2.74702311e-01 8.83894205e-01 -3.78509849e-01
  outer loop
   vertex 2.65051961e+00 4.03726196e+00 3.08599167e+01
   vertex 1.09800148e+00 3.99951172e+00 2.97069817e+01
   vertex 1.09800398e+00 3.99951172e+00 3.08232155e+01
  endloop
 endfacet
 facet normal -1.93162728e-02 9.33170617e-01 3.58914256e-01
  outer loop
   vertex 3.19021034e+00 4.05038452e+00 2.73581657e+01
   vertex 2.09063697e+00 4.02365112e+00 2.73720818e+01
   vertex 3.19021034e+00 4.05038452e+00 2.97069817e+01
  endloop
 endfacet
 facet normal -2.37188995e-01 9.53096032e-01 1.88014120e-01
  outer loop
   vertex 3.19021034e+00 4.05038452e+00 2.97069817e+01
   vertex 2.09063697e+00 4.02365112e+00 2.73720818e+01
   vertex 1.09800148e+00 3.99951172e+00 2.97069817e+01
  endloop
 endfacet
 facet normal -2.73885548e-01 8.85401905e-01 3.75566512e-01
  outer loop
   vertex 2.09063697e+00 4.02365112e+00 2.73720818e+01
   vertex 1.09800148e+00 3.99951172e+00 2.73964462e+01
   vertex 1.09800148e+00 3.99951172e+00 2.97069817e+01
  endloop
 endfacet
 facet normal -3.51176709e-01 1.01031765e-01 9.30842340e-01
  outer loop
   vertex 1.24795198e-01 5.28869629e+00 2.69560127e+01
   vertex 1.24970675e-01 4.62295532e+00 2.70640984e+01
   vertex 4.83391666e+00 5.28976440e+00 2.69547462e+01
  endloop
 endfacet
 facet normal 3.51600409e-01 1.98627502e-01 9.14835632e-01
  outer loop
   vertex 4.83391666e+00 5.28976440e+00 2.69547462e+01
   vertex 1.24970675e-01 4.62295532e+00 2.70640984e+01
   vertex 4.83409595e+00 4.62402344e+00 2.70628624e+01
  endloop
 endfacet
 facet normal -3.51119548e-01 -1.91540971e-01 9.16529953e-01
  outer loop
   vertex 1.24673128e-01 5.95526123e+00 2.70589409e+01
   vertex 1.24795198e-01 5.28869629e+00 2.69560127e+01
   vertex 4.83380222e+00 5.95629883e+00 2.70576973e+01
  endloop
 endfacet
 facet normal 3.51674616e-01 -9.38200355e-02 9.31409001e-01
  outer loop
   vertex 4.83380222e+00 5.95629883e+00 2.70576973e+01
   vertex 1.24795198e-01 5.28869629e+00 2.69560127e+01
   vertex 4.83391666e+00 5.28976440e+00 2.69547462e+01
  endloop
 endfacet
 facet normal -3.51081520e-01 -4.65364516e-01 8.12513173e-01
  outer loop
   vertex 1.24623537e-01 6.55737305e+00 2.73628120e+01
   vertex 1.24673128e-01 5.95526123e+00 2.70589409e+01
   vertex 4.83374882e+00 6.55844116e+00 2.73615532e+01
  endloop
 endfacet
 facet normal 3.51716846e-01 -3.77076775e-01 8.56801212e-01
  outer loop
   vertex 4.83374882e+00 6.55844116e+00 2.73615532e+01
   vertex 1.24673128e-01 5.95526123e+00 2.70589409e+01
   vertex 4.83380222e+00 5.95629883e+00 2.70576973e+01
  endloop
 endfacet
 facet normal -3.51080179e-01 -6.93645537e-01 6.28966272e-01
  outer loop
   vertex 1.24638796e-01 7.03611755e+00 2.78378716e+01
   vertex 1.24623537e-01 6.55737305e+00 2.73628120e+01
   vertex 4.83376408e+00 7.03718567e+00 2.78366203e+01
  endloop
 endfacet
 facet normal 3.51733685e-01 -6.23411596e-01 6.98313296e-01
  outer loop
   vertex 4.83376408e+00 7.03718567e+00 2.78366203e+01
   vertex 1.24623537e-01 6.55737305e+00 2.73628120e+01
   vertex 4.83374882e+00 6.55844116e+00 2.73615532e+01
  endloop
 endfacet
 facet normal -3.51108670e-01 -8.54034364e-01 3.83859336e-01
  outer loop
   vertex 1.24726534e-01 7.34463501e+00 2.84376335e+01
   vertex 1.24638796e-01 7.03611755e+00 2.78378716e+01
   vertex 4.83385563e+00 7.34570312e+00 2.84363823e+01
  endloop
 endfacet
 facet normal 3.51712614e-01 -8.08718920e-01 4.71457243e-01
  outer loop
   vertex 4.83385563e+00 7.34570312e+00 2.84363823e+01
   vertex 1.24638796e-01 7.03611755e+00 2.78378716e+01
   vertex 4.83376408e+00 7.03718567e+00 2.78366203e+01
  endloop
 endfacet
 facet normal -3.51170659e-01 -9.30826724e-01 1.01196550e-01
  outer loop
   vertex 1.24879122e-01 7.45272827e+00 2.91033745e+01
   vertex 1.24726534e-01 7.34463501e+00 2.84376335e+01
   vertex 4.83400822e+00 7.45376587e+00 2.91021156e+01
  endloop
 endfacet
 facet normal 3.51660073e-01 -9.14851904e-01 1.98446900e-01
  outer loop
   vertex 4.83400822e+00 7.45376587e+00 2.91021156e+01
   vertex 1.24726534e-01 7.34463501e+00 2.84376335e+01
   vertex 4.83385563e+00 7.34570312e+00 2.84363823e+01
  endloop
 endfacet
 facet normal -3.51250648e-01 -9.16515589e-01 -1.91369087e-01
  outer loop
   vertex 1.25081301e-01 7.34979248e+00 2.97699165e+01
   vertex 1.24879122e-01 7.45272827e+00 2.91033745e+01
   vertex 4.83420658e+00 7.35086060e+00 2.97686653e+01
  endloop
 endfacet
 facet normal 3.51587266e-01 -9.31424558e-01 -9.39926878e-02
  outer loop
   vertex 4.83420658e+00 7.35086060e+00 2.97686653e+01
   vertex 1.24879122e-01 7.45272827e+00 2.91033745e+01
   vertex 4.83400822e+00 7.45376587e+00 2.91021156e+01
  endloop
 endfacet
 facet normal -3.51346195e-01 -8.12495053e-01 -4.65196341e-01
  outer loop
   vertex 1.25310183e-01 7.04591370e+00 3.03720436e+01
   vertex 1.25081301e-01 7.34979248e+00 2.97699165e+01
   vertex 4.83443546e+00 7.04696655e+00 3.03707924e+01
  endloop
 endfacet
 facet normal 3.51496160e-01 -8.56814325e-01 -3.77252728e-01
  outer loop
   vertex 4.83443546e+00 7.04696655e+00 3.03707924e+01
   vertex 1.25081301e-01 7.34979248e+00 2.97699165e+01
   vertex 4.83420658e+00 7.35086060e+00 2.97686653e+01
  endloop
 endfacet
 facet normal -3.51446778e-01 -6.28950715e-01 -6.93473995e-01
  outer loop
   vertex 1.25542879e-01 6.57086182e+00 3.08507957e+01
   vertex 1.25310183e-01 7.04591370e+00 3.03720436e+01
   vertex 4.83467197e+00 6.57191467e+00 3.08495445e+01
  endloop
 endfacet
 facet normal 3.51395458e-01 -6.98326945e-01 -6.23587012e-01
  outer loop
   vertex 4.83467197e+00 6.57191467e+00 3.08495445e+01
   vertex 1.25310183e-01 7.04591370e+00 3.03720436e+01
   vertex 4.83443546e+00 7.04696655e+00 3.03707924e+01
  endloop
 endfacet
 facet normal -3.51547658e-01 -3.83846849e-01 -8.53859365e-01
  outer loop
   vertex 1.25760317e-01 5.97109985e+00 3.11593056e+01
   vertex 1.25542879e-01 6.57086182e+00 3.08507957e+01
   vertex 4.83488560e+00 5.97215271e+00 3.11580467e+01
  endloop
 endfacet
 facet normal 3.51292431e-01 -4.71473604e-01 -8.08892012e-01
  outer loop
   vertex 4.83488560e+00 5.97215271e+00 3.11580467e+01
   vertex 1.25542879e-01 6.57086182e+00 3.08507957e+01
   vertex 4.83467197e+00 6.57191467e+00 3.08495445e+01
  endloop
 endfacet
 facet normal -3.51629287e-01 -1.01183891e-01 -9.30654943e-01
  outer loop
   vertex 1.25939608e-01 5.30535889e+00 3.12673988e+01
   vertex 1.25760317e-01 5.97109985e+00 3.11593056e+01
   vertex 4.83506870e+00 5.30642700e+00 3.12661400e+01
  endloop
 endfacet
 facet normal 3.51202935e-01 -1.98466867e-01 -9.15023148e-01
  outer loop
   vertex 4.83506870e+00 5.30642700e+00 3.12661400e+01
   vertex 1.25760317e-01 5.97109985e+00 3.11593056e+01
   vertex 4.83488560e+00 5.97215271e+00 3.11580467e+01
  endloop
 endfacet
 facet normal -3.51693958e-01 1.91388354e-01 -9.16341543e-01
  outer loop
   vertex 1.26061678e-01 4.63880920e+00 3.11644554e+01
   vertex 1.25939608e-01 5.30535889e+00 3.12673988e+01
   vertex 4.83519077e+00 4.63986206e+00 3.11632042e+01
  endloop
 endfacet
 facet normal 3.51135641e-01 9.39803869e-02 -9.31596160e-01
  outer loop
   vertex 4.83519077e+00 4.63986206e+00 3.11632042e+01
   vertex 1.25939608e-01 5.30535889e+00 3.12673988e+01
   vertex 4.83506870e+00 5.30642700e+00 3.12661400e+01
  endloop
 endfacet
 facet normal 8.28442425e-02 6.63728774e-01 -7.43371308e-01
  outer loop
   vertex 4.83519077e+00 4.63986206e+00 3.11632042e+01
   vertex 4.83523941e+00 4.09750366e+00 3.08894920e+01
   vertex 1.26061678e-01 4.63880920e+00 3.11644554e+01
  endloop
 endfacet
 facet normal -2.33624086e-01 7.95568168e-01 -5.59009016e-01
  outer loop
   vertex 4.83523941e+00 4.09750366e+00 3.08894920e+01
   vertex 3.19021034e+00 4.05038452e+00 3.08663368e+01
   vertex 1.26061678e-01 4.63880920e+00 3.11644554e+01
  endloop
 endfacet
 facet normal -2.91226536e-01 7.17155457e-01 -6.33147001e-01
  outer loop
   vertex 3.19021034e+00 4.05038452e+00 3.08663368e+01
   vertex 2.65051961e+00 4.03726196e+00 3.08599167e+01
   vertex 1.26061678e-01 4.63880920e+00 3.11644554e+01
  endloop
 endfacet
 facet normal -5.58354437e-01 5.37093163e-01 -6.32274628e-01
  outer loop
   vertex 2.65051961e+00 4.03726196e+00 3.08599167e+01
   vertex 1.26115084e-01 4.03669739e+00 3.08605843e+01
   vertex 1.26061678e-01 4.63880920e+00 3.11644554e+01
  endloop
 endfacet
 facet normal -3.23520631e-01 7.49306798e-01 -5.77818036e-01
  outer loop
   vertex 2.65051961e+00 4.03726196e+00 3.08599167e+01
   vertex 1.09800398e+00 3.99951172e+00 3.08232155e+01
   vertex 1.26115084e-01 4.03669739e+00 3.08605843e+01
  endloop
 endfacet
 facet normal -5.77927291e-01 6.26606226e-01 -5.22842884e-01
  outer loop
   vertex 1.26115084e-01 4.03669739e+00 3.08605843e+01
   vertex 1.09800398e+00 3.99951172e+00 3.08232155e+01
   vertex 1.26099825e-01 3.55793762e+00 3.03855171e+01
  endloop
 endfacet
 facet normal -5.10593891e-01 7.22294152e-01 -4.66460139e-01
  outer loop
   vertex 1.09800398e+00 3.99951172e+00 3.08232155e+01
   vertex 9.77538824e-01 3.55812073e+00 3.03852882e+01
   vertex 1.26099825e-01 3.55793762e+00 3.03855171e+01
  endloop
 endfacet
 facet normal -6.95778370e-01 6.63053036e-01 -2.76139766e-01
  outer loop
   vertex 1.26000643e-01 3.24942017e+00 2.97857780e+01
   vertex 1.26099825e-01 3.55793762e+00 3.03855171e+01
   vertex 8.93330336e-01 3.24958801e+00 2.97855721e+01
  endloop
 endfacet
 facet normal -6.41682684e-01 6.85491860e-01 -3.44011962e-01
  outer loop
   vertex 8.93330336e-01 3.24958801e+00 2.97855721e+01
   vertex 1.26099825e-01 3.55793762e+00 3.03855171e+01
   vertex 9.77538824e-01 3.55812073e+00 3.03852882e+01
  endloop
 endfacet
 facet normal -6.46007180e-01 7.42764115e-01 -1.76000565e-01
  outer loop
   vertex 8.93330336e-01 3.24958801e+00 2.97855721e+01
   vertex 8.89845371e-01 3.23683167e+00 2.97069817e+01
   vertex 1.26000643e-01 3.24942017e+00 2.97857780e+01
  endloop
 endfacet
 facet normal -7.04281032e-01 7.02139080e-01 -1.04827821e-01
  outer loop
   vertex 1.26000643e-01 3.24942017e+00 2.97857780e+01
   vertex 8.89845371e-01 3.23683167e+00 2.97069817e+01
   vertex 1.25848055e-01 3.14132690e+00 2.91200371e+01
  endloop
 endfacet
 facet normal -6.44245923e-01 7.63992667e-01 -3.55303846e-02
  outer loop
   vertex 8.89845371e-01 3.23683167e+00 2.97069817e+01
   vertex 8.63824725e-01 3.14149475e+00 2.91198387e+01
   vertex 1.25848055e-01 3.14132690e+00 2.91200371e+01
  endloop
 endfacet
 facet normal -6.35902584e-01 7.59198844e-01 1.38726354e-01
  outer loop
   vertex 8.91924143e-01 3.24444580e+00 2.84532661e+01
   vertex 1.25657320e-01 3.24427795e+00 2.84534721e+01
   vertex 8.63824725e-01 3.14149475e+00 2.91198387e+01
  endloop
 endfacet
 facet normal -6.93753779e-01 7.17073083e-01 6.71703294e-02
  outer loop
   vertex 8.63824725e-01 3.14149475e+00 2.91198387e+01
   vertex 1.25657320e-01 3.24427795e+00 2.84534721e+01
   vertex 1.25848055e-01 3.14132690e+00 2.91200371e+01
  endloop
 endfacet
 facet normal -6.41354322e-01 6.88018799e-01 3.39550763e-01
  outer loop
   vertex 9.74861622e-01 3.54832458e+00 2.78511391e+01
   vertex 1.25428438e-01 3.54814148e+00 2.78513680e+01
   vertex 8.91924143e-01 3.24444580e+00 2.84532661e+01
  endloop
 endfacet
 facet normal -6.95574045e-01 6.65122509e-01 2.71641046e-01
  outer loop
   vertex 8.91924143e-01 3.24444580e+00 2.84532661e+01
   vertex 1.25428438e-01 3.54814148e+00 2.78513680e+01
   vertex 1.25657320e-01 3.24427795e+00 2.84534721e+01
  endloop
 endfacet
 facet normal -3.22670370e-01 7.52613485e-01 5.73983192e-01
  outer loop
   vertex 2.09063697e+00 4.02365112e+00 2.73720818e+01
   vertex 1.25188112e-01 4.02320862e+00 2.73726082e+01
   vertex 1.09800148e+00 3.99951172e+00 2.73964462e+01
  endloop
 endfacet
 facet normal -5.77247739e-01 6.30394101e-01 5.19026339e-01
  outer loop
   vertex 1.25188112e-01 4.02320862e+00 2.73726082e+01
   vertex 1.25428438e-01 3.54814148e+00 2.78513680e+01
   vertex 1.09800148e+00 3.99951172e+00 2.73964462e+01
  endloop
 endfacet
 facet normal -5.09851992e-01 7.25610018e-01 4.62105066e-01
  outer loop
   vertex 1.25428438e-01 3.54814148e+00 2.78513680e+01
   vertex 9.74861622e-01 3.54832458e+00 2.78511391e+01
   vertex 1.09800148e+00 3.99951172e+00 2.73964462e+01
  endloop
 endfacet
 facet normal 8.23265985e-02 6.67685926e-01 7.39876926e-01
  outer loop
   vertex 4.83409595e+00 4.62402344e+00 2.70628624e+01
   vertex 1.24970675e-01 4.62295532e+00 2.70640984e+01
   vertex 4.83428764e+00 4.09747314e+00 2.73336906e+01
  endloop
 endfacet
 facet normal -2.33666405e-01 7.97641277e-01 5.56029141e-01
  outer loop
   vertex 4.83428764e+00 4.09747314e+00 2.73336906e+01
   vertex 1.24970675e-01 4.62295532e+00 2.70640984e+01
   vertex 3.19021034e+00 4.05038452e+00 2.73581657e+01
  endloop
 endfacet
 facet normal -2.90730864e-01 7.20187902e-01 6.29924536e-01
  outer loop
   vertex 3.19021034e+00 4.05038452e+00 2.73581657e+01
   vertex 1.24970675e-01 4.62295532e+00 2.70640984e+01
   vertex 2.09063697e+00 4.02365112e+00 2.73720818e+01
  endloop
 endfacet
 facet normal -5.57807207e-01 5.41025519e-01 6.29398525e-01
  outer loop
   vertex 1.24970675e-01 4.62295532e+00 2.70640984e+01
   vertex 1.25188112e-01 4.02320862e+00 2.73726082e+01
   vertex 2.09063697e+00 4.02365112e+00 2.73720818e+01
  endloop
 endfacet
 facet normal 8.72333467e-01 4.48491514e-01 -1.94652632e-01
  outer loop
   vertex 4.83315754e+00 5.27862549e+00 2.40763588e+01
   vertex 4.83391666e+00 5.28976440e+00 2.69547462e+01
   vertex 4.83347416e+00 4.09744263e+00 2.42681351e+01
  endloop
 endfacet
 facet normal 7.29496360e-01 6.68306112e-01 1.45608902e-01
  outer loop
   vertex 4.83347416e+00 4.09744263e+00 2.42681351e+01
   vertex 4.83391666e+00 5.28976440e+00 2.69547462e+01
   vertex 4.83379078e+00 4.09745789e+00 2.54633255e+01
  endloop
 endfacet
 facet normal 8.06926191e-01 3.43059063e-01 4.80812401e-01
  outer loop
   vertex 4.83391666e+00 5.28976440e+00 2.69547462e+01
   vertex 4.83409595e+00 4.62402344e+00 2.70628624e+01
   vertex 4.83379078e+00 4.09745789e+00 2.54633255e+01
  endloop
 endfacet
 facet normal 9.63534474e-01 1.10390950e-02 2.67356455e-01
  outer loop
   vertex 4.83380222e+00 5.95629883e+00 2.70576973e+01
   vertex 4.83391666e+00 5.28976440e+00 2.69547462e+01
   vertex 4.83286381e+00 6.83518982e+00 2.43167534e+01
  endloop
 endfacet
 facet normal 9.32817578e-01 1.00778840e-01 -3.45969558e-01
  outer loop
   vertex 4.83286381e+00 6.83518982e+00 2.43167534e+01
   vertex 4.83391666e+00 5.28976440e+00 2.69547462e+01
   vertex 4.83315754e+00 5.27862549e+00 2.40763588e+01
  endloop
 endfacet
 facet normal 9.63550091e-01 -7.21877143e-02 2.57604599e-01
  outer loop
   vertex 4.83374882e+00 6.55844116e+00 2.73615532e+01
   vertex 4.83380222e+00 5.95629883e+00 2.70576973e+01
   vertex 4.83274555e+00 8.24128723e+00 2.50263634e+01
  endloop
 endfacet
 facet normal 9.32809353e-01 2.02688158e-01 -2.97966808e-01
  outer loop
   vertex 4.83274555e+00 8.24128723e+00 2.50263634e+01
   vertex 4.83380222e+00 5.95629883e+00 2.70576973e+01
   vertex 4.83286381e+00 6.83518982e+00 2.43167534e+01
  endloop
 endfacet
 facet normal 9.63558733e-01 -1.48327857e-01 2.22605959e-01
  outer loop
   vertex 4.83376408e+00 7.03718567e+00 2.78366203e+01
   vertex 4.83374882e+00 6.55844116e+00 2.73615532e+01
   vertex 4.83278751e+00 9.35928345e+00 2.61357689e+01
  endloop
 endfacet
 facet normal 9.32810664e-01 2.84779340e-01 -2.20828071e-01
  outer loop
   vertex 4.83278751e+00 9.35928345e+00 2.61357689e+01
   vertex 4.83374882e+00 6.55844116e+00 2.73615532e+01
   vertex 4.83274555e+00 8.24128723e+00 2.50263634e+01
  endloop
 endfacet
 facet normal 9.63557363e-01 -2.09927812e-01 1.65793464e-01
  outer loop
   vertex 4.83385563e+00 7.34570312e+00 2.84363823e+01
   vertex 4.83376408e+00 7.03718567e+00 2.78366203e+01
   vertex 4.83300114e+00 1.00797577e+01 2.75363197e+01
  endloop
 endfacet
 facet normal 9.32825446e-01 3.39011639e-01 -1.22097276e-01
  outer loop
   vertex 4.83300114e+00 1.00797577e+01 2.75363197e+01
   vertex 4.83376408e+00 7.03718567e+00 2.78366203e+01
   vertex 4.83278751e+00 9.35928345e+00 2.61357689e+01
  endloop
 endfacet
 facet normal 9.63545799e-01 -2.50959307e-01 9.27302092e-02
  outer loop
   vertex 4.83400822e+00 7.45376587e+00 2.91021156e+01
   vertex 4.83385563e+00 7.34570312e+00 2.84363823e+01
   vertex 4.83335972e+00 1.03321533e+01 2.90909843e+01
  endloop
 endfacet
 facet normal 9.32849705e-01 3.60084116e-01 -1.14407837e-02
  outer loop
   vertex 4.83335972e+00 1.03321533e+01 2.90909843e+01
   vertex 4.83385563e+00 7.34570312e+00 2.84363823e+01
   vertex 4.83300114e+00 1.00797577e+01 2.75363197e+01
  endloop
 endfacet
 facet normal 9.63528275e-01 -2.67397821e-01 1.05653182e-02
  outer loop
   vertex 4.83420658e+00 7.35086060e+00 2.97686653e+01
   vertex 4.83400822e+00 7.45376587e+00 2.91021156e+01
   vertex 4.83383274e+00 1.00917969e+01 3.06475487e+01
  endloop
 endfacet
 facet normal 9.32883382e-01 3.45925927e-01 1.00318789e-01
  outer loop
   vertex 4.83383274e+00 1.00917969e+01 3.06475487e+01
   vertex 4.83400822e+00 7.45376587e+00 2.91021156e+01
   vertex 4.83335972e+00 1.03321533e+01 2.90909843e+01
  endloop
 endfacet
 facet normal 9.63503897e-01 -2.57643133e-01 -7.26653337e-02
  outer loop
   vertex 4.83443546e+00 7.04696655e+00 3.03707924e+01
   vertex 4.83420658e+00 7.35086060e+00 2.97686653e+01
   vertex 4.83437061e+00 9.38217163e+00 3.20536537e+01
  endloop
 endfacet
 facet normal 9.32920694e-01 2.97931463e-01 2.02227131e-01
  outer loop
   vertex 4.83437061e+00 9.38217163e+00 3.20536537e+01
   vertex 4.83420658e+00 7.35086060e+00 2.97686653e+01
   vertex 4.83383274e+00 1.00917969e+01 3.06475487e+01
  endloop
 endfacet
 facet normal 9.63475883e-01 -2.22648889e-01 -1.48800999e-01
  outer loop
   vertex 4.83467197e+00 6.57191467e+00 3.08495445e+01
   vertex 4.83443546e+00 7.04696655e+00 3.03707924e+01
   vertex 4.83490849e+00 8.27279663e+00 3.31716576e+01
  endloop
 endfacet
 facet normal 9.32960689e-01 2.20786870e-01 2.84319341e-01
  outer loop
   vertex 4.83490849e+00 8.27279663e+00 3.31716576e+01
   vertex 4.83443546e+00 7.04696655e+00 3.03707924e+01
   vertex 4.83437061e+00 9.38217163e+00 3.20536537e+01
  endloop
 endfacet
 facet normal 9.63446021e-01 -1.65837258e-01 -2.10403949e-01
  outer loop
   vertex 4.83488560e+00 5.97215271e+00 3.11580467e+01
   vertex 4.83467197e+00 6.57191467e+00 3.08495445e+01
   vertex 4.83542347e+00 6.87220764e+00 3.38921013e+01
  endloop
 endfacet
 facet normal 9.32996452e-01 1.22057550e-01 3.38555187e-01
  outer loop
   vertex 4.83542347e+00 6.87220764e+00 3.38921013e+01
   vertex 4.83467197e+00 6.57191467e+00 3.08495445e+01
   vertex 4.83490849e+00 8.27279663e+00 3.31716576e+01
  endloop
 endfacet
 facet normal 9.63418603e-01 -9.27753001e-02 -2.51430690e-01
  outer loop
   vertex 4.83506870e+00 5.30642700e+00 3.12661400e+01
   vertex 4.83488560e+00 5.97215271e+00 3.11580467e+01
   vertex 4.83583164e+00 5.31755066e+00 3.41445198e+01
  endloop
 endfacet
 facet normal 9.33028162e-01 1.13952132e-02 3.59622926e-01
  outer loop
   vertex 4.83583164e+00 5.31755066e+00 3.41445198e+01
   vertex 4.83488560e+00 5.97215271e+00 3.11580467e+01
   vertex 4.83542347e+00 6.87220764e+00 3.38921013e+01
  endloop
 endfacet
 facet normal 8.71926785e-01 4.49447870e-01 1.94268674e-01
  outer loop
   vertex 4.83583164e+00 5.31755066e+00 3.41445198e+01
   vertex 4.83605957e+00 4.09751892e+00 3.39561043e+01
   vertex 4.83506870e+00 5.30642700e+00 3.12661400e+01
  endloop
 endfacet
 facet normal 7.29881167e-01 6.67733073e-01 -1.46307886e-01
  outer loop
   vertex 4.83605957e+00 4.09751892e+00 3.39561043e+01
   vertex 4.83576584e+00 4.09751892e+00 3.28546066e+01
   vertex 4.83506870e+00 5.30642700e+00 3.12661400e+01
  endloop
 endfacet
 facet normal 8.07464480e-01 3.39678258e-01 -4.82306689e-01
  outer loop
   vertex 4.83576584e+00 4.09751892e+00 3.28546066e+01
   vertex 4.83519077e+00 4.63986206e+00 3.11632042e+01
   vertex 4.83506870e+00 5.30642700e+00 3.12661400e+01
  endloop
 endfacet
 facet normal 6.13435805e-01 7.13655591e-01 -3.38219136e-01
  outer loop
   vertex 4.83523941e+00 4.09750366e+00 3.08894920e+01
   vertex 4.83519077e+00 4.63986206e+00 3.11632042e+01
   vertex 4.83576584e+00 4.09751892e+00 3.28546066e+01
  endloop
 endfacet
 facet normal 6.12552166e-01 7.15210438e-01 3.36532176e-01
  outer loop
   vertex 4.83379078e+00 4.09745789e+00 2.54633255e+01
   vertex 4.83409595e+00 4.62402344e+00 2.70628624e+01
   vertex 4.83428764e+00 4.09747314e+00 2.73336906e+01
  endloop
 endfacet
 facet normal 1.57530591e-01 4.37755346e-01 -8.85186076e-01
  outer loop
   vertex 4.83315754e+00 5.27862549e+00 2.40763588e+01
   vertex 4.83347416e+00 4.09744263e+00 2.42681351e+01
   vertex 1.24032259e-01 5.27757263e+00 2.40776329e+01
  endloop
 endfacet
 facet normal -1.55454442e-01 6.38436675e-01 -7.53812015e-01
  outer loop
   vertex 4.83347416e+00 4.09744263e+00 2.42681351e+01
   vertex 3.19021034e+00 4.05038452e+00 2.42761536e+01
   vertex 1.24032259e-01 5.27757263e+00 2.40776329e+01
  endloop
 endfacet
 facet normal -3.77019793e-01 3.30159843e-01 -8.65361512e-01
  outer loop
   vertex 3.19021034e+00 4.05038452e+00 2.42761536e+01
   vertex 1.09800148e+00 3.99951172e+00 2.42848969e+01
   vertex 1.24032259e-01 5.27757263e+00 2.40776329e+01
  endloop
 endfacet
 facet normal -6.14457965e-01 1.35890367e-02 -7.88832545e-01
  outer loop
   vertex 1.02256215e+00 3.72309875e+00 2.43297882e+01
   vertex 1.24444246e-01 3.72290039e+00 2.43300285e+01
   vertex 1.09800148e+00 3.99951172e+00 2.42848969e+01
  endloop
 endfacet
 facet normal -5.87479174e-01 1.21625345e-02 -8.09147894e-01
  outer loop
   vertex 1.09800148e+00 3.99951172e+00 2.42848969e+01
   vertex 1.24444246e-01 3.72290039e+00 2.43300285e+01
   vertex 1.24032259e-01 5.27757263e+00 2.40776329e+01
  endloop
 endfacet
 facet normal 2.93271720e-01 1.95562810e-01 -9.35813487e-01
  outer loop
   vertex 4.83286381e+00 6.83518982e+00 2.43167534e+01
   vertex 4.83315754e+00 5.27862549e+00 2.40763588e+01
   vertex 1.23742342e-01 6.83412170e+00 2.43180046e+01
  endloop
 endfacet
 facet normal -2.93843120e-01 9.58154649e-02 -9.51039255e-01
  outer loop
   vertex 1.23742342e-01 6.83412170e+00 2.43180046e+01
   vertex 4.83315754e+00 5.27862549e+00 2.40763588e+01
   vertex 1.24032259e-01 5.27757263e+00 2.40776329e+01
  endloop
 endfacet
 facet normal 2.93238372e-01 4.75154221e-01 -8.29602122e-01
  outer loop
   vertex 4.83274555e+00 8.24128723e+00 2.50263634e+01
   vertex 4.83286381e+00 6.83518982e+00 2.43167534e+01
   vertex 1.23616457e-01 8.24023438e+00 2.50276222e+01
  endloop
 endfacet
 facet normal -2.93887407e-01 3.85035664e-01 -8.74858677e-01
  outer loop
   vertex 1.23616457e-01 8.24023438e+00 2.50276222e+01
   vertex 4.83286381e+00 6.83518982e+00 2.43167534e+01
   vertex 1.23742342e-01 6.83412170e+00 2.43180046e+01
  endloop
 endfacet
 facet normal 2.93237269e-01 7.08236635e-01 -6.42193735e-01
  outer loop
   vertex 4.83278751e+00 9.35928345e+00 2.61357689e+01
   vertex 4.83274555e+00 8.24128723e+00 2.50263634e+01
   vertex 1.23666048e-01 9.35823059e+00 2.61370201e+01
  endloop
 endfacet
 facet normal -2.93900162e-01 6.36556983e-01 -7.13034272e-01
  outer loop
   vertex 1.23666048e-01 9.35823059e+00 2.61370201e+01
   vertex 4.83274555e+00 8.24128723e+00 2.50263634e+01
   vertex 1.23616457e-01 8.24023438e+00 2.50276222e+01
  endloop
 endfacet
 facet normal 2.93266743e-01 8.71999979e-01 -3.91931981e-01
  outer loop
   vertex 4.83300114e+00 1.00797577e+01 2.75363197e+01
   vertex 4.83278751e+00 9.35928345e+00 2.61357689e+01
   vertex 1.23875856e-01 1.00786896e+01 2.75375786e+01
  endloop
 endfacet
 facet normal -2.93879688e-01 8.25760901e-01 -4.81408000e-01
  outer loop
   vertex 1.23875856e-01 1.00786896e+01 2.75375786e+01
   vertex 4.83278751e+00 9.35928345e+00 2.61357689e+01
   vertex 1.23666048e-01 9.35823059e+00 2.61370201e+01
  endloop
 endfacet
 facet normal 2.93324441e-01 9.50414360e-01 -1.03311673e-01
  outer loop
   vertex 4.83335972e+00 1.03321533e+01 2.90909843e+01
   vertex 4.83300114e+00 1.00797577e+01 2.75363197e+01
   vertex 1.24234438e-01 1.03310852e+01 2.90922432e+01
  endloop
 endfacet
 facet normal -2.93831915e-01 9.34128523e-01 -2.02649280e-01
  outer loop
   vertex 1.24234438e-01 1.03310852e+01 2.90922432e+01
   vertex 4.83300114e+00 1.00797577e+01 2.75363197e+01
   vertex 1.23875856e-01 1.00786896e+01 2.75375786e+01
  endloop
 endfacet
 facet normal 2.93408632e-01 9.35801268e-01 1.95415989e-01
  outer loop
   vertex 4.83383274e+00 1.00917969e+01 3.06475487e+01
   vertex 4.83335972e+00 1.03321533e+01 2.90909843e+01
   vertex 1.24711275e-01 1.00907288e+01 3.06487923e+01
  endloop
 endfacet
 facet normal -2.93754697e-01 9.51052308e-01 9.59567055e-02
  outer loop
   vertex 1.24711275e-01 1.00907288e+01 3.06487923e+01
   vertex 4.83335972e+00 1.03321533e+01 2.90909843e+01
   vertex 1.24234438e-01 1.03310852e+01 2.90922432e+01
  endloop
 endfacet
 facet normal 2.93507695e-01 8.29592049e-01 4.75005567e-01
  outer loop
   vertex 4.83437061e+00 9.38217163e+00 3.20536537e+01
   vertex 4.83383274e+00 1.00917969e+01 3.06475487e+01
   vertex 1.25241518e-01 9.38110352e+00 3.20549049e+01
  endloop
 endfacet
 facet normal -2.93660164e-01 8.74873459e-01 3.85175407e-01
  outer loop
   vertex 1.25241518e-01 9.38110352e+00 3.20549049e+01
   vertex 4.83383274e+00 1.00917969e+01 3.06475487e+01
   vertex 1.24711275e-01 1.00907288e+01 3.06487923e+01
  endloop
 endfacet
 facet normal 2.93611646e-01 6.42180443e-01 7.08093524e-01
  outer loop
   vertex 4.83490849e+00 8.27279663e+00 3.31716576e+01
   vertex 4.83437061e+00 9.38217163e+00 3.20536537e+01
   vertex 1.25783205e-01 8.27172852e+00 3.31729088e+01
  endloop
 endfacet
 facet normal -2.93556124e-01 7.13048398e-01 6.36699915e-01
  outer loop
   vertex 1.25783205e-01 8.27172852e+00 3.31729088e+01
   vertex 4.83437061e+00 9.38217163e+00 3.20536537e+01
   vertex 1.25241518e-01 9.38110352e+00 3.20549049e+01
  endloop
 endfacet
 facet normal 2.93711692e-01 3.91916990e-01 8.71856928e-01
  outer loop
   vertex 4.83542347e+00 6.87220764e+00 3.38921013e+01
   vertex 4.83490849e+00 8.27279663e+00 3.31716576e+01
   vertex 1.26294374e-01 6.87115479e+00 3.38933525e+01
  endloop
 endfacet
 facet normal -2.93455243e-01 4.81417596e-01 8.25906217e-01
  outer loop
   vertex 1.26294374e-01 6.87115479e+00 3.38933525e+01
   vertex 4.83490849e+00 8.27279663e+00 3.31716576e+01
   vertex 1.25783205e-01 8.27172852e+00 3.31729088e+01
  endloop
 endfacet
 facet normal 2.93797314e-01 1.03296399e-01 9.50269938e-01
  outer loop
   vertex 4.83583164e+00 5.31755066e+00 3.41445198e+01
   vertex 4.83542347e+00 6.87220764e+00 3.38921013e+01
   vertex 1.26702547e-01 5.31649780e+00 3.41457634e+01
  endloop
 endfacet
 facet normal -2.93362260e-01 2.02658981e-01 9.34274018e-01
  outer loop
   vertex 1.26702547e-01 5.31649780e+00 3.41457634e+01
   vertex 4.83542347e+00 6.87220764e+00 3.38921013e+01
   vertex 1.26294374e-01 6.87115479e+00 3.38933525e+01
  endloop
 endfacet
 facet normal 1.56568140e-01 4.42696452e-01 8.82896543e-01
  outer loop
   vertex 4.83583164e+00 5.31755066e+00 3.41445198e+01
   vertex 1.26702547e-01 5.31649780e+00 3.41457634e+01
   vertex 4.83605957e+00 4.09751892e+00 3.39561043e+01
  endloop
 endfacet
 facet normal -1.55611277e-01 6.41183496e-01 7.51444519e-01
  outer loop
   vertex 4.83605957e+00 4.09751892e+00 3.39561043e+01
   vertex 1.26702547e-01 5.31649780e+00 3.41457634e+01
   vertex 3.19021034e+00 4.05038452e+00 3.39493179e+01
  endloop
 endfacet
 facet normal -3.75583500e-01 3.35368007e-01 8.63982260e-01
  outer loop
   vertex 3.19021034e+00 4.05038452e+00 3.39493179e+01
   vertex 1.26702547e-01 5.31649780e+00 3.41457634e+01
   vertex 1.09801114e+00 3.99951172e+00 3.39420891e+01
  endloop
 endfacet
 facet normal -6.13145649e-01 1.94303542e-02 7.89730906e-01
  outer loop
   vertex 1.03267276e+00 3.76011658e+00 3.39051437e+01
   vertex 1.09801114e+00 3.99951172e+00 3.39420891e+01
   vertex 1.26996279e-01 3.75991821e+00 3.39053841e+01
  endloop
 endfacet
 facet normal -5.86362064e-01 1.81375332e-02 8.09845984e-01
  outer loop
   vertex 1.26702547e-01 5.31649780e+00 3.41457634e+01
   vertex 1.26996279e-01 3.75991821e+00 3.39053841e+01
   vertex 1.09801114e+00 3.99951172e+00 3.39420891e+01
  endloop
 endfacet
 facet normal -7.34533429e-01 -1.42148837e-01 6.63516641e-01
  outer loop
   vertex 1.03267276e+00 3.76011658e+00 3.39051437e+01
   vertex 1.26996279e-01 3.75991821e+00 3.39053841e+01
   vertex 6.48887038e-01 2.35395813e+00 3.31956329e+01
  endloop
 endfacet
 facet normal -7.11652935e-01 -2.89475441e-01 6.40120387e-01
  outer loop
   vertex 6.48887038e-01 2.35395813e+00 3.31956329e+01
   vertex 1.26996279e-01 3.75991821e+00 3.39053841e+01
   vertex 1.27118349e-01 2.35383606e+00 3.31957741e+01
  endloop
 endfacet
 facet normal -7.54923642e-01 -3.44176978e-01 5.58240533e-01
  outer loop
   vertex 6.48887038e-01 2.35395813e+00 3.31956329e+01
   vertex 1.27118349e-01 2.35383606e+00 3.31957741e+01
   vertex 3.43728781e-01 1.23587036e+00 3.20863342e+01
  endloop
 endfacet
 facet normal -7.21531928e-01 -4.76140887e-01 5.02674401e-01
  outer loop
   vertex 3.43728781e-01 1.23587036e+00 3.20863342e+01
   vertex 1.27118349e-01 2.35383606e+00 3.31957741e+01
   vertex 1.27068758e-01 1.23582458e+00 3.20863914e+01
  endloop
 endfacet
 facet normal -7.29128599e-01 -6.10595524e-01 3.09102893e-01
  outer loop
   vertex 1.26862764e-01 5.15380859e-01 3.06858101e+01
   vertex 1.47085667e-01 5.15380859e-01 3.06858025e+01
   vertex 1.27068758e-01 1.23582458e+00 3.20863914e+01
  endloop
 endfacet
 facet normal -7.72091806e-01 -5.05012274e-01 3.85793775e-01
  outer loop
   vertex 3.43728781e-01 1.23587036e+00 3.20863342e+01
   vertex 1.27068758e-01 1.23582458e+00 3.20863914e+01
   vertex 1.47085667e-01 5.15380859e-01 3.06858025e+01
  endloop
 endfacet
 facet normal -9.02213931e-01 -3.94055575e-01 1.75300375e-01
  outer loop
   vertex 1.47085667e-01 5.15380859e-01 3.06858025e+01
   vertex 1.26862764e-01 5.15380859e-01 3.06858101e+01
   vertex 1.26755714e-01 4.40902710e-01 3.02270813e+01
  endloop
 endfacet
 facet normal -9.02424276e-01 -3.95459622e-01 -1.71003133e-01
  outer loop
   vertex 1.26160145e-01 4.38705444e-01 2.79931145e+01
   vertex 1.26034975e-01 5.03341675e-01 2.75745888e+01
   vertex 1.43800020e-01 5.03341675e-01 2.75745850e+01
  endloop
 endfacet
 facet normal -7.29371607e-01 -6.13081455e-01 -3.03559244e-01
  outer loop
   vertex 1.26034975e-01 5.03341675e-01 2.75745888e+01
   vertex 1.25497103e-01 1.21295166e+00 2.61684990e+01
   vertex 1.43800020e-01 5.03341675e-01 2.75745850e+01
  endloop
 endfacet
 facet normal -7.72539794e-01 -5.08191347e-01 -3.80688637e-01
  outer loop
   vertex 1.43800020e-01 5.03341675e-01 2.75745850e+01
   vertex 1.25497103e-01 1.21295166e+00 2.61684990e+01
   vertex 3.37484837e-01 1.21299744e+00 2.61684418e+01
  endloop
 endfacet
 facet normal -7.21956074e-01 -4.80129749e-01 -4.98251796e-01
  outer loop
   vertex 1.25497103e-01 1.21295166e+00 2.61684990e+01
   vertex 1.24955416e-01 2.32235718e+00 2.50504799e+01
   vertex 3.37484837e-01 1.21299744e+00 2.61684418e+01
  endloop
 endfacet
 facet normal -7.55573630e-01 -3.48675281e-01 -5.54557502e-01
  outer loop
   vertex 3.37484837e-01 1.21299744e+00 2.61684418e+01
   vertex 1.24955416e-01 2.32235718e+00 2.50504799e+01
   vertex 6.40290499e-01 2.32246399e+00 2.50503426e+01
  endloop
 endfacet
 facet normal -7.12189376e-01 -2.94495255e-01 -6.37227476e-01
  outer loop
   vertex 1.24955416e-01 2.32235718e+00 2.50504799e+01
   vertex 1.24444246e-01 3.72290039e+00 2.43300285e+01
   vertex 6.40290499e-01 2.32246399e+00 2.50503426e+01
  endloop
 endfacet
 facet normal -7.35275865e-01 -1.47374883e-01 -6.61551237e-01
  outer loop
   vertex 6.40290499e-01 2.32246399e+00 2.50503426e+01
   vertex 1.24444246e-01 3.72290039e+00 2.43300285e+01
   vertex 1.02256215e+00 3.72309875e+00 2.43297882e+01
  endloop
 endfacet
 facet normal -9.33002889e-01 -1.03442468e-01 -3.44681472e-01
  outer loop
   vertex 1.24032259e-01 5.27757263e+00 2.40776329e+01
   vertex 1.24444246e-01 3.72290039e+00 2.43300285e+01
   vertex 1.24795198e-01 5.28869629e+00 2.69560127e+01
  endloop
 endfacet
 facet normal -9.63392198e-01 -8.96192715e-03 2.67946184e-01
  outer loop
   vertex 1.24795198e-01 5.28869629e+00 2.69560127e+01
   vertex 1.24444246e-01 3.72290039e+00 2.43300285e+01
   vertex 1.24970675e-01 4.62295532e+00 2.70640984e+01
  endloop
 endfacet
 facet normal -9.33031797e-01 8.19787104e-03 -3.59700590e-01
  outer loop
   vertex 1.23742342e-01 6.83412170e+00 2.43180046e+01
   vertex 1.24032259e-01 5.27757263e+00 2.40776329e+01
   vertex 1.24673128e-01 5.95526123e+00 2.70589409e+01
  endloop
 endfacet
 facet normal -9.63378310e-01 -9.12563428e-02 2.52139777e-01
  outer loop
   vertex 1.24673128e-01 5.95526123e+00 2.70589409e+01
   vertex 1.24032259e-01 5.27757263e+00 2.40776329e+01
   vertex 1.24795198e-01 5.28869629e+00 2.69560127e+01
  endloop
 endfacet
 facet normal -9.33051884e-01 1.19017422e-01 -3.39483470e-01
  outer loop
   vertex 1.23616457e-01 8.24023438e+00 2.50276222e+01
   vertex 1.23742342e-01 6.83412170e+00 2.43180046e+01
   vertex 1.24623537e-01 6.55737305e+00 2.73628120e+01
  endloop
 endfacet
 facet normal -9.63371992e-01 -1.64638907e-01 2.11680070e-01
  outer loop
   vertex 1.24623537e-01 6.55737305e+00 2.73628120e+01
   vertex 1.23742342e-01 6.83412170e+00 2.43180046e+01
   vertex 1.24673128e-01 5.95526123e+00 2.70589409e+01
  endloop
 endfacet
 facet normal -9.33059037e-01 2.18162924e-01 -2.86017060e-01
  outer loop
   vertex 1.23666048e-01 9.35823059e+00 2.61370201e+01
   vertex 1.23616457e-01 8.24023438e+00 2.50276222e+01
   vertex 1.24638796e-01 7.03611755e+00 2.78378716e+01
  endloop
 endfacet
 facet normal -9.63375390e-01 -2.21925586e-01 1.50522158e-01
  outer loop
   vertex 1.24638796e-01 7.03611755e+00 2.78378716e+01
   vertex 1.23616457e-01 8.24023438e+00 2.50276222e+01
   vertex 1.24623537e-01 6.55737305e+00 2.73628120e+01
  endloop
 endfacet
 facet normal -9.33054626e-01 2.95934588e-01 -2.04528168e-01
  outer loop
   vertex 1.23875856e-01 1.00786896e+01 2.75375786e+01
   vertex 1.23666048e-01 9.35823059e+00 2.61370201e+01
   vertex 1.24726534e-01 7.34463501e+00 2.84376335e+01
  endloop
 endfacet
 facet normal -9.63387251e-01 -2.57511705e-01 7.46509060e-02
  outer loop
   vertex 1.24726534e-01 7.34463501e+00 2.84376335e+01
   vertex 1.23666048e-01 9.35823059e+00 2.61370201e+01
   vertex 1.24638796e-01 7.03611755e+00 2.78378716e+01
  endloop
 endfacet
 facet normal -9.33038950e-01 3.44719887e-01 -1.02987953e-01
  outer loop
   vertex 1.24234438e-01 1.03310852e+01 2.90922432e+01
   vertex 1.23875856e-01 1.00786896e+01 2.75375786e+01
   vertex 1.24879122e-01 7.45272827e+00 2.91033745e+01
  endloop
 endfacet
 facet normal -9.63407516e-01 -2.67906249e-01 -8.49574432e-03
  outer loop
   vertex 1.24879122e-01 7.45272827e+00 2.91033745e+01
   vertex 1.23875856e-01 1.00786896e+01 2.75375786e+01
   vertex 1.24726534e-01 7.34463501e+00 2.84376335e+01
  endloop
 endfacet
 facet normal -9.33012187e-01 3.59740734e-01 8.65337439e-03
  outer loop
   vertex 1.24711275e-01 1.00907288e+01 3.06487923e+01
   vertex 1.24234438e-01 1.03310852e+01 2.90922432e+01
   vertex 1.25081301e-01 7.34979248e+00 2.97699165e+01
  endloop
 endfacet
 facet normal -9.63433683e-01 -2.52098382e-01 -9.07854140e-02
  outer loop
   vertex 1.25081301e-01 7.34979248e+00 2.97699165e+01
   vertex 1.24234438e-01 1.03310852e+01 2.90922432e+01
   vertex 1.24879122e-01 7.45272827e+00 2.91033745e+01
  endloop
 endfacet
 facet normal -9.32978094e-01 3.39527339e-01 1.19470097e-01
  outer loop
   vertex 1.25241518e-01 9.38110352e+00 3.20549049e+01
   vertex 1.24711275e-01 1.00907288e+01 3.06487923e+01
   vertex 1.25310183e-01 7.04591370e+00 3.03720436e+01
  endloop
 endfacet
 facet normal -9.63461459e-01 -2.11637095e-01 -1.64169833e-01
  outer loop
   vertex 1.25310183e-01 7.04591370e+00 3.03720436e+01
   vertex 1.24711275e-01 1.00907288e+01 3.06487923e+01
   vertex 1.25081301e-01 7.34979248e+00 2.97699165e+01
  endloop
 endfacet
 facet normal -9.32939410e-01 2.86057055e-01 2.18621746e-01
  outer loop
   vertex 1.25783205e-01 8.27172852e+00 3.31729088e+01
   vertex 1.25241518e-01 9.38110352e+00 3.20549049e+01
   vertex 1.25542879e-01 6.57086182e+00 3.08507957e+01
  endloop
 endfacet
 facet normal -9.63490486e-01 -1.50478408e-01 -2.21455127e-01
  outer loop
   vertex 1.25542879e-01 6.57086182e+00 3.08507957e+01
   vertex 1.25241518e-01 9.38110352e+00 3.20549049e+01
   vertex 1.25310183e-01 7.04591370e+00 3.03720436e+01
  endloop
 endfacet
 facet normal -9.32900965e-01 2.04563737e-01 2.96394050e-01
  outer loop
   vertex 1.26294374e-01 6.87115479e+00 3.38933525e+01
   vertex 1.25783205e-01 8.27172852e+00 3.31729088e+01
   vertex 1.25760317e-01 5.97109985e+00 3.11593056e+01
  endloop
 endfacet
 facet normal -9.63517249e-01 -7.46124163e-02 -2.57035941e-01
  outer loop
   vertex 1.25760317e-01 5.97109985e+00 3.11593056e+01
   vertex 1.25783205e-01 8.27172852e+00 3.31729088e+01
   vertex 1.25542879e-01 6.57086182e+00 3.08507957e+01
  endloop
 endfacet
 facet normal -9.32864785e-01 1.03026770e-01 3.45179319e-01
  outer loop
   vertex 1.26702547e-01 5.31649780e+00 3.41457634e+01
   vertex 1.26294374e-01 6.87115479e+00 3.38933525e+01
   vertex 1.25939608e-01 5.30535889e+00 3.12673988e+01
  endloop
 endfacet
 facet normal -9.63538766e-01 8.53364822e-03 -2.67432749e-01
  outer loop
   vertex 1.25939608e-01 5.30535889e+00 3.12673988e+01
   vertex 1.26294374e-01 6.87115479e+00 3.38933525e+01
   vertex 1.25760317e-01 5.97109985e+00 3.11593056e+01
  endloop
 endfacet
 facet normal -9.32835579e-01 -8.61246139e-03 3.60199362e-01
  outer loop
   vertex 1.26996279e-01 3.75991821e+00 3.39053841e+01
   vertex 1.26702547e-01 5.31649780e+00 3.41457634e+01
   vertex 1.26061678e-01 4.63880920e+00 3.11644554e+01
  endloop
 endfacet
 facet normal -9.63553429e-01 9.08297896e-02 -2.51624227e-01
  outer loop
   vertex 1.26061678e-01 4.63880920e+00 3.11644554e+01
   vertex 1.26702547e-01 5.31649780e+00 3.41457634e+01
   vertex 1.25939608e-01 5.30535889e+00 3.12673988e+01
  endloop
 endfacet
 facet normal -9.32815850e-01 -1.19433925e-01 3.39985549e-01
  outer loop
   vertex 1.27118349e-01 2.35383606e+00 3.31957741e+01
   vertex 1.26996279e-01 3.75991821e+00 3.39053841e+01
   vertex 1.26115084e-01 4.03669739e+00 3.08605843e+01
  endloop
 endfacet
 facet normal -9.63557899e-01 1.64211094e-01 -2.11165607e-01
  outer loop
   vertex 1.26115084e-01 4.03669739e+00 3.08605843e+01
   vertex 1.26996279e-01 3.75991821e+00 3.39053841e+01
   vertex 1.26061678e-01 4.63880920e+00 3.11644554e+01
  endloop
 endfacet
 facet normal -9.32813823e-01 -2.18571037e-01 2.86504984e-01
  outer loop
   vertex 1.27068758e-01 1.23582458e+00 3.20863914e+01
   vertex 1.27118349e-01 2.35383606e+00 3.31957741e+01
   vertex 1.26099825e-01 3.55793762e+00 3.03855171e+01
  endloop
 endfacet
 facet normal -9.63553488e-01 2.21497715e-01 -1.50011629e-01
  outer loop
   vertex 1.26099825e-01 3.55793762e+00 3.03855171e+01
   vertex 1.27118349e-01 2.35383606e+00 3.31957741e+01
   vertex 1.26115084e-01 4.03669739e+00 3.08605843e+01
  endloop
 endfacet
 facet normal -9.32832420e-01 -2.96305984e-01 2.05003411e-01
  outer loop
   vertex 1.26862764e-01 5.15380859e-01 3.06858101e+01
   vertex 1.27068758e-01 1.23582458e+00 3.20863914e+01
   vertex 1.26000643e-01 3.24942017e+00 2.97857780e+01
  endloop
 endfacet
 facet normal -9.63540733e-01 2.57081360e-01 -7.41513669e-02
  outer loop
   vertex 1.26000643e-01 3.24942017e+00 2.97857780e+01
   vertex 1.27068758e-01 1.23582458e+00 3.20863914e+01
   vertex 1.26099825e-01 3.55793762e+00 3.03855171e+01
  endloop
 endfacet
 facet normal -9.99587834e-01 2.69521400e-02 9.88814980e-03
  outer loop
   vertex 1.26862764e-01 5.15380859e-01 3.06858101e+01
   vertex 1.26000643e-01 3.24942017e+00 2.97857780e+01
   vertex 1.26755714e-01 4.40902710e-01 3.02270813e+01
  endloop
 endfacet
 facet normal -8.63197029e-01 4.99553889e-01 -7.30536282e-02
  outer loop
   vertex 1.26000643e-01 3.24942017e+00 2.97857780e+01
   vertex 1.25848055e-01 3.14132690e+00 2.91200371e+01
   vertex 1.26755714e-01 4.40902710e-01 3.02270813e+01
  endloop
 endfacet
 facet normal -9.46104527e-01 3.23861301e-01 -3.48940201e-04
  outer loop
   vertex 1.26755714e-01 4.40902710e-01 3.02270813e+01
   vertex 1.25848055e-01 3.14132690e+00 2.91200371e+01
   vertex 1.26615763e-01 4.40383911e-01 2.97069817e+01
  endloop
 endfacet
 facet normal -9.46114540e-01 3.23831379e-01 -7.35795940e-04
  outer loop
   vertex 1.25848055e-01 3.14132690e+00 2.91200371e+01
   vertex 1.26460314e-01 4.39804077e-01 2.91304817e+01
   vertex 1.26615763e-01 4.40383911e-01 2.97069817e+01
  endloop
 endfacet
 facet normal -9.99594331e-01 2.69490946e-02 -9.21840221e-03
  outer loop
   vertex 1.26034975e-01 5.03341675e-01 2.75745888e+01
   vertex 1.26160145e-01 4.38705444e-01 2.79931145e+01
   vertex 1.25657320e-01 3.24427795e+00 2.84534721e+01
  endloop
 endfacet
 facet normal -9.47071016e-01 3.13150018e-01 7.06650838e-02
  outer loop
   vertex 1.26160145e-01 4.38705444e-01 2.79931145e+01
   vertex 1.26460314e-01 4.39804077e-01 2.91304817e+01
   vertex 1.25657320e-01 3.24427795e+00 2.84534721e+01
  endloop
 endfacet
 facet normal -8.63129914e-01 5.00065148e-01 7.02969059e-02
  outer loop
   vertex 1.26460314e-01 4.39804077e-01 2.91304817e+01
   vertex 1.25848055e-01 3.14132690e+00 2.91200371e+01
   vertex 1.25657320e-01 3.24427795e+00 2.84534721e+01
  endloop
 endfacet
 facet normal -9.32902277e-01 -3.39911520e-01 -1.18968658e-01
  outer loop
   vertex 1.25497103e-01 1.21295166e+00 2.61684990e+01
   vertex 1.26034975e-01 5.03341675e-01 2.75745888e+01
   vertex 1.25428438e-01 3.54814148e+00 2.78513680e+01
  endloop
 endfacet
 facet normal -9.63464141e-01 2.11226806e-01 1.64681882e-01
  outer loop
   vertex 1.25428438e-01 3.54814148e+00 2.78513680e+01
   vertex 1.26034975e-01 5.03341675e-01 2.75745888e+01
   vertex 1.25657320e-01 3.24427795e+00 2.84534721e+01
  endloop
 endfacet
 facet normal -9.32930887e-01 -2.86468178e-01 -2.18119010e-01
  outer loop
   vertex 1.24955416e-01 2.32235718e+00 2.50504799e+01
   vertex 1.25497103e-01 1.21295166e+00 2.61684990e+01
   vertex 1.25188112e-01 4.02320862e+00 2.73726082e+01
  endloop
 endfacet
 facet normal -9.63437915e-01 1.50054455e-01 2.21970856e-01
  outer loop
   vertex 1.25188112e-01 4.02320862e+00 2.73726082e+01
   vertex 1.25497103e-01 1.21295166e+00 2.61684990e+01
   vertex 1.25428438e-01 3.54814148e+00 2.78513680e+01
  endloop
 endfacet
 facet normal -9.32967067e-01 -2.04980195e-01 -2.95897901e-01
  outer loop
   vertex 1.24444246e-01 3.72290039e+00 2.43300285e+01
   vertex 1.24955416e-01 2.32235718e+00 2.50504799e+01
   vertex 1.24970675e-01 4.62295532e+00 2.70640984e+01
  endloop
 endfacet
 facet normal -9.63413179e-01 7.41839334e-02 2.57549524e-01
  outer loop
   vertex 1.24970675e-01 4.62295532e+00 2.70640984e+01
   vertex 1.24955416e-01 2.32235718e+00 2.50504799e+01
   vertex 1.25188112e-01 4.02320862e+00 2.73726082e+01
  endloop
 endfacet
endsolid
