solid polySurfaceShape303
 facet normal 6.72967851e-01 1.32230446e-01 7.27756381e-01
  outer loop
   vertex 2.22349396e+01 2.05073166e+01 1.01128197e+01
   vertex 2.18326492e+01 2.09273987e+01 1.04542274e+01
   vertex 1.93645935e+01 1.69196396e+01 1.11450806e+01
  endloop
 endfacet
 facet normal 3.03469330e-01 -4.64695185e-01 8.31844151e-01
  outer loop
   vertex 1.93645935e+01 1.69196396e+01 1.11450806e+01
   vertex 2.18326492e+01 2.09273987e+01 1.04542274e+01
   vertex 1.89622955e+01 1.73397217e+01 1.14864922e+01
  endloop
 endfacet
 facet normal -3.87364417e-01 -8.56753767e-01 3.40472847e-01
  outer loop
   vertex 1.89622955e+01 1.73397217e+01 1.14864922e+01
   vertex 1.86885300e+01 1.77021942e+01 1.19850540e+01
   vertex 1.72091141e+01 1.81256866e+01 9.34319687e+00
  endloop
 endfacet
 facet normal -7.92837024e-01 -6.06732070e-01 -5.73211163e-02
  outer loop
   vertex 1.72091141e+01 1.81256866e+01 9.34319687e+00
   vertex 1.86885300e+01 1.77021942e+01 1.19850540e+01
   vertex 1.65698090e+01 1.89721451e+01 1.05074348e+01
  endloop
 endfacet
 facet normal 8.30804050e-01 -4.38003540e-02 5.54838836e-01
  outer loop
   vertex 2.18326492e+01 2.09273987e+01 1.04542274e+01
   vertex 2.15588684e+01 2.12898712e+01 1.09527855e+01
   vertex 1.89622955e+01 1.73397217e+01 1.14864922e+01
  endloop
 endfacet
 facet normal 4.42493349e-01 -6.32299721e-01 6.35921896e-01
  outer loop
   vertex 1.89622955e+01 1.73397217e+01 1.14864922e+01
   vertex 2.15588684e+01 2.12898712e+01 1.09527855e+01
   vertex 1.86885300e+01 1.77021942e+01 1.19850540e+01
  endloop
 endfacet
 facet normal 3.54401052e-01 8.03286016e-01 -4.78676826e-01
  outer loop
   vertex 2.10189056e+01 2.07323456e+01 7.51362228e+00
   vertex 2.00794601e+01 2.17133636e+01 8.31093216e+00
   vertex 2.22349396e+01 2.05073166e+01 1.01128197e+01
  endloop
 endfacet
 facet normal 6.93765819e-01 7.19392240e-01 3.41153853e-02
  outer loop
   vertex 2.22349396e+01 2.05073166e+01 1.01128197e+01
   vertex 2.00794601e+01 2.17133636e+01 8.31093216e+00
   vertex 2.18326492e+01 2.09273987e+01 1.04542274e+01
  endloop
 endfacet
 facet normal -6.47378623e-01 -8.53088573e-02 -7.57379293e-01
  outer loop
   vertex 1.81485672e+01 1.71446686e+01 8.54588699e+00
   vertex 1.72091141e+01 1.81256866e+01 9.34319687e+00
   vertex 2.10189056e+01 2.07323456e+01 7.51362228e+00
  endloop
 endfacet
 facet normal -3.49626571e-01 4.24785763e-01 -8.35055888e-01
  outer loop
   vertex 2.10189056e+01 2.07323456e+01 7.51362228e+00
   vertex 1.72091141e+01 1.81256866e+01 9.34319687e+00
   vertex 2.00794601e+01 2.17133636e+01 8.31093216e+00
  endloop
 endfacet
 facet normal -4.19269770e-01 -8.12853634e-01 4.04328883e-01
  outer loop
   vertex 1.93645935e+01 1.69196396e+01 1.11450806e+01
   vertex 1.89622955e+01 1.73397217e+01 1.14864922e+01
   vertex 1.81485672e+01 1.71446686e+01 8.54588699e+00
  endloop
 endfacet
 facet normal -7.27274120e-01 -6.76322162e-01 -1.16879269e-01
  outer loop
   vertex 1.81485672e+01 1.71446686e+01 8.54588699e+00
   vertex 1.89622955e+01 1.73397217e+01 1.14864922e+01
   vertex 1.72091141e+01 1.81256866e+01 9.34319687e+00
  endloop
 endfacet
 facet normal 4.70230907e-01 3.21514517e-01 8.21894944e-01
  outer loop
   vertex 2.27263718e+01 2.00707169e+01 9.96192932e+00
   vertex 2.22349396e+01 2.05073166e+01 1.01128197e+01
   vertex 1.98560333e+01 1.64830399e+01 1.09941940e+01
  endloop
 endfacet
 facet normal 1.13779604e-01 -2.77821958e-01 9.53870595e-01
  outer loop
   vertex 1.98560333e+01 1.64830399e+01 1.09941940e+01
   vertex 2.22349396e+01 2.05073166e+01 1.01128197e+01
   vertex 1.93645935e+01 1.69196396e+01 1.11450806e+01
  endloop
 endfacet
 facet normal -8.08536887e-01 9.44274813e-02 -5.80819726e-01
  outer loop
   vertex 1.72091141e+01 1.81256866e+01 9.34319687e+00
   vertex 1.65698090e+01 1.89721451e+01 1.05074348e+01
   vertex 2.00794601e+01 2.17133636e+01 8.31093216e+00
  endloop
 endfacet
 facet normal -4.91577536e-01 5.95911086e-01 -6.35012984e-01
  outer loop
   vertex 2.00794601e+01 2.17133636e+01 8.31093216e+00
   vertex 1.65698090e+01 1.89721451e+01 1.05074348e+01
   vertex 1.94401474e+01 2.25598221e+01 9.47517014e+00
  endloop
 endfacet
 facet normal -3.75024140e-01 -8.88638377e-01 2.63967276e-01
  outer loop
   vertex 1.86885300e+01 1.77021942e+01 1.19850540e+01
   vertex 1.85700912e+01 1.79715652e+01 1.25919266e+01
   vertex 1.65698090e+01 1.89721451e+01 1.05074348e+01
  endloop
 endfacet
 facet normal -8.36458504e-01 -5.47321141e-01 2.78690141e-02
  outer loop
   vertex 1.65698090e+01 1.89721451e+01 1.05074348e+01
   vertex 1.85700912e+01 1.79715652e+01 1.25919266e+01
   vertex 1.62932205e+01 1.96011963e+01 1.19246330e+01
  endloop
 endfacet
 facet normal 3.06603044e-01 8.64914119e-01 -3.97389144e-01
  outer loop
   vertex 2.00794601e+01 2.17133636e+01 8.31093216e+00
   vertex 1.94401474e+01 2.25598221e+01 9.47517014e+00
   vertex 2.18326492e+01 2.09273987e+01 1.04542274e+01
  endloop
 endfacet
 facet normal 7.45313823e-01 6.66689217e-01 -5.72479097e-03
  outer loop
   vertex 2.18326492e+01 2.09273987e+01 1.04542274e+01
   vertex 1.94401474e+01 2.25598221e+01 9.47517014e+00
   vertex 2.15588684e+01 2.12898712e+01 1.09527855e+01
  endloop
 endfacet
 facet normal 9.28283811e-01 -1.89342156e-01 3.20060462e-01
  outer loop
   vertex 2.15588684e+01 2.12898712e+01 1.09527855e+01
   vertex 2.14404449e+01 2.15592422e+01 1.15596619e+01
   vertex 1.86885300e+01 1.77021942e+01 1.19850540e+01
  endloop
 endfacet
 facet normal 5.17237008e-01 -7.64209449e-01 3.85291904e-01
  outer loop
   vertex 1.86885300e+01 1.77021942e+01 1.19850540e+01
   vertex 2.14404449e+01 2.15592422e+01 1.15596619e+01
   vertex 1.85700912e+01 1.79715652e+01 1.25919266e+01
  endloop
 endfacet
 facet normal 4.23170388e-01 7.32599318e-01 -5.33127606e-01
  outer loop
   vertex 2.21665344e+01 1.97127991e+01 7.16127396e+00
   vertex 2.10189056e+01 2.07323456e+01 7.51362228e+00
   vertex 2.27263718e+01 2.00707169e+01 9.96192932e+00
  endloop
 endfacet
 facet normal 6.31798089e-01 7.73522735e-01 4.99372669e-02
  outer loop
   vertex 2.27263718e+01 2.00707169e+01 9.96192932e+00
   vertex 2.10189056e+01 2.07323456e+01 7.51362228e+00
   vertex 2.22349396e+01 2.05073166e+01 1.01128197e+01
  endloop
 endfacet
 facet normal -4.40367132e-01 -2.78587699e-01 -8.53502035e-01
  outer loop
   vertex 1.92961884e+01 1.61251221e+01 8.19354248e+00
   vertex 1.81485672e+01 1.71446686e+01 8.54588699e+00
   vertex 2.21665344e+01 1.97127991e+01 7.16127396e+00
  endloop
 endfacet
 facet normal -1.55937731e-01 2.33971566e-01 -9.59656596e-01
  outer loop
   vertex 2.21665344e+01 1.97127991e+01 7.16127396e+00
   vertex 1.81485672e+01 1.71446686e+01 8.54588699e+00
   vertex 2.10189056e+01 2.07323456e+01 7.51362228e+00
  endloop
 endfacet
 facet normal -4.67616856e-01 -7.61240423e-01 4.49274451e-01
  outer loop
   vertex 1.98560333e+01 1.64830399e+01 1.09941940e+01
   vertex 1.93645935e+01 1.69196396e+01 1.11450806e+01
   vertex 1.92961884e+01 1.61251221e+01 8.19354248e+00
  endloop
 endfacet
 facet normal -6.46181166e-01 -7.49287248e-01 -1.44977510e-01
  outer loop
   vertex 1.92961884e+01 1.61251221e+01 8.19354248e+00
   vertex 1.93645935e+01 1.69196396e+01 1.11450806e+01
   vertex 1.81485672e+01 1.71446686e+01 8.54588699e+00
  endloop
 endfacet
 facet normal 2.42423117e-01 5.05545378e-01 8.28042805e-01
  outer loop
   vertex 2.32588501e+01 1.96603622e+01 1.00163651e+01
   vertex 2.27263718e+01 2.00707169e+01 9.96192932e+00
   vertex 2.03885117e+01 1.60726852e+01 1.10486336e+01
  endloop
 endfacet
 facet normal -1.08019531e-01 -8.99599567e-02 9.90070164e-01
  outer loop
   vertex 2.03885117e+01 1.60726852e+01 1.10486336e+01
   vertex 2.27263718e+01 2.00707169e+01 9.96192932e+00
   vertex 1.98560333e+01 1.64830399e+01 1.09941940e+01
  endloop
 endfacet
 facet normal -9.08066452e-01 2.43027359e-01 -3.41105670e-01
  outer loop
   vertex 1.65698090e+01 1.89721451e+01 1.05074348e+01
   vertex 1.62932205e+01 1.96011963e+01 1.19246330e+01
   vertex 1.94401474e+01 2.25598221e+01 9.47517014e+00
  endloop
 endfacet
 facet normal -5.67894340e-01 7.30595827e-01 -3.79111826e-01
  outer loop
   vertex 1.94401474e+01 2.25598221e+01 9.47517014e+00
   vertex 1.62932205e+01 1.96011963e+01 1.19246330e+01
   vertex 1.91635513e+01 2.31888733e+01 1.08923683e+01
  endloop
 endfacet
 facet normal -3.83460283e-01 -9.05387044e-01 1.82297871e-01
  outer loop
   vertex 1.85700912e+01 1.79715652e+01 1.25919266e+01
   vertex 1.86185760e+01 1.81214676e+01 1.32477226e+01
   vertex 1.62932205e+01 1.96011963e+01 1.19246330e+01
  endloop
 endfacet
 facet normal -8.53864074e-01 -5.03910065e-01 1.30348578e-01
  outer loop
   vertex 1.62932205e+01 1.96011963e+01 1.19246330e+01
   vertex 1.86185760e+01 1.81214676e+01 1.32477226e+01
   vertex 1.64064255e+01 1.99512634e+01 1.34560776e+01
  endloop
 endfacet
 facet normal 2.84460992e-01 9.11448181e-01 -2.97227472e-01
  outer loop
   vertex 1.94401474e+01 2.25598221e+01 9.47517014e+00
   vertex 1.91635513e+01 2.31888733e+01 1.08923683e+01
   vertex 2.15588684e+01 2.12898712e+01 1.09527855e+01
  endloop
 endfacet
 facet normal 7.81393170e-01 6.20572865e-01 -6.56817630e-02
  outer loop
   vertex 2.15588684e+01 2.12898712e+01 1.09527855e+01
   vertex 1.91635513e+01 2.31888733e+01 1.08923683e+01
   vertex 2.14404449e+01 2.15592422e+01 1.15596619e+01
  endloop
 endfacet
 facet normal 9.55858231e-01 -2.90138304e-01 4.64201085e-02
  outer loop
   vertex 2.14404449e+01 2.15592422e+01 1.15596619e+01
   vertex 2.14889221e+01 2.17091446e+01 1.22154579e+01
   vertex 1.85700912e+01 1.79715652e+01 1.25919266e+01
  endloop
 endfacet
 facet normal 5.20381570e-01 -8.47516239e-01 1.04495041e-01
  outer loop
   vertex 1.85700912e+01 1.79715652e+01 1.25919266e+01
   vertex 2.14889221e+01 2.17091446e+01 1.22154579e+01
   vertex 1.86185760e+01 1.81214676e+01 1.32477226e+01
  endloop
 endfacet
 facet normal 5.06174445e-01 6.59780145e-01 -5.55407584e-01
  outer loop
   vertex 2.34100113e+01 1.87545242e+01 7.28840256e+00
   vertex 2.21665344e+01 1.97127991e+01 7.16127396e+00
   vertex 2.32588501e+01 1.96603622e+01 1.00163651e+01
  endloop
 endfacet
 facet normal 5.65464020e-01 8.23792815e-01 4.01982218e-02
  outer loop
   vertex 2.32588501e+01 1.96603622e+01 1.00163651e+01
   vertex 2.21665344e+01 1.97127991e+01 7.16127396e+00
   vertex 2.27263718e+01 2.00707169e+01 9.96192932e+00
  endloop
 endfacet
 facet normal -2.07761571e-01 -4.66491401e-01 -8.59779537e-01
  outer loop
   vertex 2.05396729e+01 1.51668472e+01 8.32067108e+00
   vertex 1.92961884e+01 1.61251221e+01 8.19354248e+00
   vertex 2.34100113e+01 1.87545242e+01 7.28840256e+00
  endloop
 endfacet
 facet normal 7.05321506e-02 4.21474874e-02 -9.96618688e-01
  outer loop
   vertex 2.34100113e+01 1.87545242e+01 7.28840256e+00
   vertex 1.92961884e+01 1.61251221e+01 8.19354248e+00
   vertex 2.21665344e+01 1.97127991e+01 7.16127396e+00
  endloop
 endfacet
 facet normal -5.27677596e-01 -7.06964374e-01 4.70911652e-01
  outer loop
   vertex 2.03885117e+01 1.60726852e+01 1.10486336e+01
   vertex 1.98560333e+01 1.64830399e+01 1.09941940e+01
   vertex 2.05396729e+01 1.51668472e+01 8.32067108e+00
  endloop
 endfacet
 facet normal -5.57496548e-01 -8.18481803e-01 -1.38870820e-01
  outer loop
   vertex 2.05396729e+01 1.51668472e+01 8.32067108e+00
   vertex 1.98560333e+01 1.64830399e+01 1.09941940e+01
   vertex 1.92961884e+01 1.61251221e+01 8.19354248e+00
  endloop
 endfacet
 facet normal 1.18480623e-02 6.66293323e-01 7.45595634e-01
  outer loop
   vertex 2.37802505e+01 1.93164215e+01 1.02707977e+01
   vertex 2.32588501e+01 1.96603622e+01 1.00163651e+01
   vertex 2.09099197e+01 1.57287445e+01 1.13030624e+01
  endloop
 endfacet
 facet normal -3.40215176e-01 8.05125609e-02 9.36894536e-01
  outer loop
   vertex 2.09099197e+01 1.57287445e+01 1.13030624e+01
   vertex 2.32588501e+01 1.96603622e+01 1.00163651e+01
   vertex 2.03885117e+01 1.60726852e+01 1.10486336e+01
  endloop
 endfacet
 facet normal -9.36223567e-01 3.45944792e-01 -6.17055371e-02
  outer loop
   vertex 1.62932205e+01 1.96011963e+01 1.19246330e+01
   vertex 1.64064255e+01 1.99512634e+01 1.34560776e+01
   vertex 1.91635513e+01 2.31888733e+01 1.08923683e+01
  endloop
 endfacet
 facet normal -5.71105480e-01 8.15659523e-01 -9.24017355e-02
  outer loop
   vertex 1.91635513e+01 2.31888733e+01 1.08923683e+01
   vertex 1.64064255e+01 1.99512634e+01 1.34560776e+01
   vertex 1.92767639e+01 2.35389404e+01 1.24238091e+01
  endloop
 endfacet
 facet normal -4.11845267e-01 -9.05361831e-01 1.03457466e-01
  outer loop
   vertex 1.86185760e+01 1.81214676e+01 1.32477226e+01
   vertex 1.88292236e+01 1.81372299e+01 1.38882446e+01
   vertex 1.64064255e+01 1.99512634e+01 1.34560776e+01
  endloop
 endfacet
 facet normal -8.43350649e-01 -4.80746388e-01 2.40088776e-01
  outer loop
   vertex 1.64064255e+01 1.99512634e+01 1.34560776e+01
   vertex 1.88292236e+01 1.81372299e+01 1.38882446e+01
   vertex 1.68983307e+01 1.99880753e+01 1.49518585e+01
  endloop
 endfacet
 facet normal 2.90135592e-01 9.38339829e-01 -1.87988698e-01
  outer loop
   vertex 1.91635513e+01 2.31888733e+01 1.08923683e+01
   vertex 1.92767639e+01 2.35389404e+01 1.24238091e+01
   vertex 2.14404449e+01 2.15592422e+01 1.15596619e+01
  endloop
 endfacet
 facet normal 7.98466206e-01 5.85564792e-01 -1.39877036e-01
  outer loop
   vertex 2.14404449e+01 2.15592422e+01 1.15596619e+01
   vertex 1.92767639e+01 2.35389404e+01 1.24238091e+01
   vertex 2.14889221e+01 2.17091446e+01 1.22154579e+01
  endloop
 endfacet
 facet normal 9.10835028e-01 -3.36325318e-01 -2.39300802e-01
  outer loop
   vertex 2.14889221e+01 2.17091446e+01 1.22154579e+01
   vertex 2.16995697e+01 2.17249069e+01 1.28559761e+01
   vertex 1.86185760e+01 1.81214676e+01 1.32477226e+01
  endloop
 endfacet
 facet normal 4.51622516e-01 -8.74070585e-01 -1.78990781e-01
  outer loop
   vertex 1.86185760e+01 1.81214676e+01 1.32477226e+01
   vertex 2.16995697e+01 2.17249069e+01 1.28559761e+01
   vertex 1.88292236e+01 1.81372299e+01 1.38882446e+01
  endloop
 endfacet
 facet normal 5.95296562e-01 5.91951787e-01 -5.43336987e-01
  outer loop
   vertex 2.46276093e+01 1.79513397e+01 7.88254929e+00
   vertex 2.34100113e+01 1.87545242e+01 7.28840256e+00
   vertex 2.37802505e+01 1.93164215e+01 1.02707977e+01
  endloop
 endfacet
 facet normal 5.01259685e-01 8.65277052e-01 5.85592911e-03
  outer loop
   vertex 2.37802505e+01 1.93164215e+01 1.02707977e+01
   vertex 2.34100113e+01 1.87545242e+01 7.28840256e+00
   vertex 2.32588501e+01 1.96603622e+01 1.00163651e+01
  endloop
 endfacet
 facet normal 2.76647918e-02 -6.30622029e-01 -7.75596857e-01
  outer loop
   vertex 2.17572708e+01 1.43636627e+01 8.91481781e+00
   vertex 2.05396729e+01 1.51668472e+01 8.32067108e+00
   vertex 2.46276093e+01 1.79513397e+01 7.88254929e+00
  endloop
 endfacet
 facet normal 3.07615608e-01 -1.31908253e-01 -9.42323089e-01
  outer loop
   vertex 2.46276093e+01 1.79513397e+01 7.88254929e+00
   vertex 2.05396729e+01 1.51668472e+01 8.32067108e+00
   vertex 2.34100113e+01 1.87545242e+01 7.28840256e+00
  endloop
 endfacet
 facet normal -5.93572199e-01 -6.55332029e-01 4.67131674e-01
  outer loop
   vertex 2.09099197e+01 1.57287445e+01 1.13030624e+01
   vertex 2.03885117e+01 1.60726852e+01 1.10486336e+01
   vertex 2.17572708e+01 1.43636627e+01 8.91481781e+00
  endloop
 endfacet
 facet normal -4.69905257e-01 -8.77130687e-01 -9.91505980e-02
  outer loop
   vertex 2.17572708e+01 1.43636627e+01 8.91481781e+00
   vertex 2.03885117e+01 1.60726852e+01 1.10486336e+01
   vertex 2.05396729e+01 1.51668472e+01 8.32067108e+00
  endloop
 endfacet
 facet normal -1.98916942e-01 7.88022459e-01 5.82625628e-01
  outer loop
   vertex 2.42395325e+01 1.90725479e+01 1.07003021e+01
   vertex 2.37802505e+01 1.93164215e+01 1.02707977e+01
   vertex 2.13691940e+01 1.54848709e+01 1.17325630e+01
  endloop
 endfacet
 facet normal -5.60071468e-01 2.16889098e-01 7.99549282e-01
  outer loop
   vertex 2.13691940e+01 1.54848709e+01 1.17325630e+01
   vertex 2.37802505e+01 1.93164215e+01 1.02707977e+01
   vertex 2.09099197e+01 1.57287445e+01 1.13030624e+01
  endloop
 endfacet
 facet normal -8.90252531e-01 3.93107980e-01 2.30036035e-01
  outer loop
   vertex 1.64064255e+01 1.99512634e+01 1.34560776e+01
   vertex 1.68983307e+01 1.99880753e+01 1.49518585e+01
   vertex 1.92767639e+01 2.35389404e+01 1.24238091e+01
  endloop
 endfacet
 facet normal -5.00897169e-01 8.42775047e-01 1.97058991e-01
  outer loop
   vertex 1.92767639e+01 2.35389404e+01 1.24238091e+01
   vertex 1.68983307e+01 1.99880753e+01 1.49518585e+01
   vertex 1.97686844e+01 2.35757523e+01 1.39195900e+01
  endloop
 endfacet
 facet normal -4.57401544e-01 -8.88564765e-01 3.51634659e-02
  outer loop
   vertex 1.88292236e+01 1.81372299e+01 1.38882446e+01
   vertex 1.91814270e+01 1.80173111e+01 1.44507866e+01
   vertex 1.68983307e+01 1.99880753e+01 1.49518585e+01
  endloop
 endfacet
 facet normal -8.05946887e-01 -4.80098486e-01 3.46345246e-01
  outer loop
   vertex 1.68983307e+01 1.99880753e+01 1.49518585e+01
   vertex 1.91814270e+01 1.80173111e+01 1.44507866e+01
   vertex 1.77208252e+01 1.97080307e+01 1.62655334e+01
  endloop
 endfacet
 facet normal 3.23072404e-01 9.42956269e-01 -8.03594962e-02
  outer loop
   vertex 1.92767639e+01 2.35389404e+01 1.24238091e+01
   vertex 1.97686844e+01 2.35757523e+01 1.39195900e+01
   vertex 2.14889221e+01 2.17091446e+01 1.22154579e+01
  endloop
 endfacet
 facet normal 7.94863820e-01 5.65091133e-01 -2.21050858e-01
  outer loop
   vertex 2.14889221e+01 2.17091446e+01 1.22154579e+01
   vertex 1.97686844e+01 2.35757523e+01 1.39195900e+01
   vertex 2.16995697e+01 2.17249069e+01 1.28559761e+01
  endloop
 endfacet
 facet normal 7.97620595e-01 -3.23386312e-01 -5.09139121e-01
  outer loop
   vertex 2.16995697e+01 2.17249069e+01 1.28559761e+01
   vertex 2.20517731e+01 2.16049881e+01 1.34185181e+01
   vertex 1.88292236e+01 1.81372299e+01 1.38882446e+01
  endloop
 endfacet
 facet normal 3.17688763e-01 -8.41272712e-01 -4.37417507e-01
  outer loop
   vertex 1.88292236e+01 1.81372299e+01 1.38882446e+01
   vertex 2.20517731e+01 2.16049881e+01 1.34185181e+01
   vertex 1.91814270e+01 1.80173111e+01 1.44507866e+01
  endloop
 endfacet
 facet normal 6.81811094e-01 5.35751700e-01 -4.98100102e-01
  outer loop
   vertex 2.57001495e+01 1.73818436e+01 8.88554764e+00
   vertex 2.46276093e+01 1.79513397e+01 7.88254929e+00
   vertex 2.42395325e+01 1.90725479e+01 1.07003021e+01
  endloop
 endfacet
 facet normal 4.45476770e-01 8.93911064e-01 -4.97337393e-02
  outer loop
   vertex 2.42395325e+01 1.90725479e+01 1.07003021e+01
   vertex 2.46276093e+01 1.79513397e+01 7.88254929e+00
   vertex 2.37802505e+01 1.93164215e+01 1.02707977e+01
  endloop
 endfacet
 facet normal 2.42866009e-01 -7.54915774e-01 -6.09194756e-01
  outer loop
   vertex 2.28298035e+01 1.37941666e+01 9.91781616e+00
   vertex 2.17572708e+01 1.43636627e+01 8.91481781e+00
   vertex 2.57001495e+01 1.73818436e+01 8.88554764e+00
  endloop
 endfacet
 facet normal 5.32100499e-01 -2.71157116e-01 -8.02086592e-01
  outer loop
   vertex 2.57001495e+01 1.73818436e+01 8.88554764e+00
   vertex 2.17572708e+01 1.43636627e+01 8.91481781e+00
   vertex 2.46276093e+01 1.79513397e+01 7.88254929e+00
  endloop
 endfacet
 facet normal -6.58847690e-01 -6.11405671e-01 4.38295335e-01
  outer loop
   vertex 2.13691940e+01 1.54848709e+01 1.17325630e+01
   vertex 2.09099197e+01 1.57287445e+01 1.13030624e+01
   vertex 2.28298035e+01 1.37941666e+01 9.91781616e+00
  endloop
 endfacet
 facet normal -3.91981035e-01 -9.19493556e-01 -2.97062211e-02
  outer loop
   vertex 2.28298035e+01 1.37941666e+01 9.91781616e+00
   vertex 2.09099197e+01 1.57287445e+01 1.13030624e+01
   vertex 2.17572708e+01 1.43636627e+01 8.91481781e+00
  endloop
 endfacet
 facet normal -3.69240880e-01 8.58825028e-01 3.55078489e-01
  outer loop
   vertex 2.45917358e+01 1.89526291e+01 1.12628441e+01
   vertex 2.42395325e+01 1.90725479e+01 1.07003021e+01
   vertex 2.17213974e+01 1.53649521e+01 1.22951164e+01
  endloop
 endfacet
 facet normal -7.46071875e-01 3.05830568e-01 5.91476440e-01
  outer loop
   vertex 2.17213974e+01 1.53649521e+01 1.22951164e+01
   vertex 2.42395325e+01 1.90725479e+01 1.07003021e+01
   vertex 2.13691940e+01 1.54848709e+01 1.17325630e+01
  endloop
 endfacet
 facet normal -7.74651647e-01 3.79897267e-01 5.05561948e-01
  outer loop
   vertex 1.68983307e+01 1.99880753e+01 1.49518585e+01
   vertex 1.77208252e+01 1.97080307e+01 1.62655334e+01
   vertex 1.97686844e+01 2.35757523e+01 1.39195900e+01
  endloop
 endfacet
 facet normal -3.64138901e-01 8.09286654e-01 4.60931659e-01
  outer loop
   vertex 1.97686844e+01 2.35757523e+01 1.39195900e+01
   vertex 1.77208252e+01 1.97080307e+01 1.62655334e+01
   vertex 2.05911789e+01 2.32957077e+01 1.52332726e+01
  endloop
 endfacet
 facet normal -5.15668452e-01 -8.56640637e-01 -1.59018449e-02
  outer loop
   vertex 1.91814270e+01 1.80173111e+01 1.44507866e+01
   vertex 1.96407089e+01 1.77734375e+01 1.48802948e+01
   vertex 1.77208252e+01 1.97080307e+01 1.62655334e+01
  endloop
 endfacet
 facet normal -7.45315611e-01 -5.02030551e-01 4.38713968e-01
  outer loop
   vertex 1.77208252e+01 1.97080307e+01 1.62655334e+01
   vertex 1.96407089e+01 1.77734375e+01 1.48802948e+01
   vertex 1.87933502e+01 1.91385269e+01 1.72685394e+01
  endloop
 endfacet
 facet normal 3.80049855e-01 9.24842477e-01 1.51156234e-02
  outer loop
   vertex 1.97686844e+01 2.35757523e+01 1.39195900e+01
   vertex 2.05911789e+01 2.32957077e+01 1.52332726e+01
   vertex 2.16995697e+01 2.17249069e+01 1.28559761e+01
  endloop
 endfacet
 facet normal 7.70941973e-01 5.61151087e-01 -3.01260591e-01
  outer loop
   vertex 2.16995697e+01 2.17249069e+01 1.28559761e+01
   vertex 2.05911789e+01 2.32957077e+01 1.52332726e+01
   vertex 2.20517731e+01 2.16049881e+01 1.34185181e+01
  endloop
 endfacet
 facet normal 6.27296448e-01 -2.52588451e-01 -7.36680567e-01
  outer loop
   vertex 2.20517731e+01 2.16049881e+01 1.34185181e+01
   vertex 2.25110474e+01 2.13611145e+01 1.38480263e+01
   vertex 1.91814270e+01 1.80173111e+01 1.44507866e+01
  endloop
 endfacet
 facet normal 1.31692261e-01 -7.52331793e-01 -6.45487428e-01
  outer loop
   vertex 1.91814270e+01 1.80173111e+01 1.44507866e+01
   vertex 2.25110474e+01 2.13611145e+01 1.38480263e+01
   vertex 1.96407089e+01 1.77734375e+01 1.48802948e+01
  endloop
 endfacet
 facet normal 7.57249236e-01 4.96680617e-01 -4.24124867e-01
  outer loop
   vertex 2.65226212e+01 1.71017914e+01 1.01992340e+01
   vertex 2.57001495e+01 1.73818436e+01 8.88554764e+00
   vertex 2.45917358e+01 1.89526291e+01 1.12628441e+01
  endloop
 endfacet
 facet normal 4.03575689e-01 9.06892300e-01 -1.21132471e-01
  outer loop
   vertex 2.45917358e+01 1.89526291e+01 1.12628441e+01
   vertex 2.57001495e+01 1.73818436e+01 8.88554764e+00
   vertex 2.42395325e+01 1.90725479e+01 1.07003021e+01
  endloop
 endfacet
 facet normal 4.16777879e-01 -8.27208459e-01 -3.76858532e-01
  outer loop
   vertex 2.36522751e+01 1.35141144e+01 1.12315025e+01
   vertex 2.28298035e+01 1.37941666e+01 9.91781616e+00
   vertex 2.65226212e+01 1.71017914e+01 1.01992340e+01
  endloop
 endfacet
 facet normal 7.22015977e-01 -3.61973047e-01 -5.89634120e-01
  outer loop
   vertex 2.65226212e+01 1.71017914e+01 1.01992340e+01
   vertex 2.28298035e+01 1.37941666e+01 9.91781616e+00
   vertex 2.57001495e+01 1.73818436e+01 8.88554764e+00
  endloop
 endfacet
 facet normal -7.17116535e-01 -5.79480946e-01 3.87228221e-01
  outer loop
   vertex 2.17213974e+01 1.53649521e+01 1.22951164e+01
   vertex 2.13691940e+01 1.54848709e+01 1.17325630e+01
   vertex 2.36522751e+01 1.35141144e+01 1.12315025e+01
  endloop
 endfacet
 facet normal -3.31350684e-01 -9.41424489e-01 6.26626760e-02
  outer loop
   vertex 2.36522751e+01 1.35141144e+01 1.12315025e+01
   vertex 2.13691940e+01 1.54848709e+01 1.17325630e+01
   vertex 2.28298035e+01 1.37941666e+01 9.91781616e+00
  endloop
 endfacet
 facet normal -4.82457370e-01 8.71762276e-01 8.52373987e-02
  outer loop
   vertex 2.48023834e+01 1.89683914e+01 1.19033737e+01
   vertex 2.45917358e+01 1.89526291e+01 1.12628441e+01
   vertex 2.19320450e+01 1.53807144e+01 1.29356384e+01
  endloop
 endfacet
 facet normal -8.80005121e-01 3.38631243e-01 3.33046287e-01
  outer loop
   vertex 2.19320450e+01 1.53807144e+01 1.29356384e+01
   vertex 2.45917358e+01 1.89526291e+01 1.12628441e+01
   vertex 2.17213974e+01 1.53649521e+01 1.22951164e+01
  endloop
 endfacet
 facet normal -5.80943763e-01 -8.12713206e-01 -4.47395779e-02
  outer loop
   vertex 1.96407089e+01 1.77734375e+01 1.48802948e+01
   vertex 2.01621017e+01 1.74294968e+01 1.51347160e+01
   vertex 1.87933502e+01 1.91385269e+01 1.72685394e+01
  endloop
 endfacet
 facet normal -6.67389512e-01 -5.44390082e-01 5.08163989e-01
  outer loop
   vertex 1.87933502e+01 1.91385269e+01 1.72685394e+01
   vertex 2.01621017e+01 1.74294968e+01 1.51347160e+01
   vertex 2.00109482e+01 1.83353348e+01 1.78626862e+01
  endloop
 endfacet
 facet normal -6.00737989e-01 3.07605565e-01 7.37897456e-01
  outer loop
   vertex 1.77208252e+01 1.97080307e+01 1.62655334e+01
   vertex 1.87933502e+01 1.91385269e+01 1.72685394e+01
   vertex 2.05911789e+01 2.32957077e+01 1.52332726e+01
  endloop
 endfacet
 facet normal -1.74225911e-01 7.18469620e-01 6.73384547e-01
  outer loop
   vertex 2.05911789e+01 2.32957077e+01 1.52332726e+01
   vertex 1.87933502e+01 1.91385269e+01 1.72685394e+01
   vertex 2.16636887e+01 2.27262039e+01 1.62362671e+01
  endloop
 endfacet
 facet normal 4.55487013e-01 8.85772884e-01 8.90951529e-02
  outer loop
   vertex 2.05911789e+01 2.32957077e+01 1.52332726e+01
   vertex 2.16636887e+01 2.27262039e+01 1.62362671e+01
   vertex 2.20517731e+01 2.16049881e+01 1.34185181e+01
  endloop
 endfacet
 facet normal 7.29040384e-01 5.74132740e-01 -3.72654974e-01
  outer loop
   vertex 2.20517731e+01 2.16049881e+01 1.34185181e+01
   vertex 2.16636887e+01 2.27262039e+01 1.62362671e+01
   vertex 2.25110474e+01 2.13611145e+01 1.38480263e+01
  endloop
 endfacet
 facet normal 4.16533679e-01 -1.30857885e-01 -8.99653196e-01
  outer loop
   vertex 2.25110474e+01 2.13611145e+01 1.38480263e+01
   vertex 2.30324402e+01 2.10171738e+01 1.41024628e+01
   vertex 1.96407089e+01 1.77734375e+01 1.48802948e+01
  endloop
 endfacet
 facet normal -8.81645828e-02 -6.15950942e-01 -7.82835484e-01
  outer loop
   vertex 1.96407089e+01 1.77734375e+01 1.48802948e+01
   vertex 2.30324402e+01 2.10171738e+01 1.41024628e+01
   vertex 2.01621017e+01 1.74294968e+01 1.51347160e+01
  endloop
 endfacet
 facet normal 1.85961917e-01 2.98954677e-02 -9.82102036e-01
  outer loop
   vertex 2.30324402e+01 2.10171738e+01 1.41024628e+01
   vertex 2.35649338e+01 2.06068192e+01 1.41568871e+01
   vertex 2.01621017e+01 1.74294968e+01 1.51347160e+01
  endloop
 endfacet
 facet normal -3.20359051e-01 -4.45483357e-01 -8.36011171e-01
  outer loop
   vertex 2.01621017e+01 1.74294968e+01 1.51347160e+01
   vertex 2.35649338e+01 2.06068192e+01 1.41568871e+01
   vertex 2.06945877e+01 1.70191422e+01 1.51891632e+01
  endloop
 endfacet
 facet normal -5.27479887e-01 8.25572550e-01 -2.00486764e-01
  outer loop
   vertex 2.48508682e+01 1.91182938e+01 1.25591545e+01
   vertex 2.48023834e+01 1.89683914e+01 1.19033737e+01
   vertex 2.19805222e+01 1.55306168e+01 1.35914230e+01
  endloop
 endfacet
 facet normal -9.48764503e-01 3.12073439e-01 4.95594628e-02
  outer loop
   vertex 2.19805222e+01 1.55306168e+01 1.35914230e+01
   vertex 2.48023834e+01 1.89683914e+01 1.19033737e+01
   vertex 2.19320450e+01 1.53807144e+01 1.29356384e+01
  endloop
 endfacet
 facet normal 3.79498929e-01 6.43506706e-01 -6.64740324e-01
  outer loop
   vertex 2.65226212e+01 1.71017914e+01 1.01992340e+01
   vertex 2.45917358e+01 1.89526291e+01 1.12628441e+01
   vertex 2.67109299e+01 1.71158829e+01 1.07718239e+01
  endloop
 endfacet
 facet normal -8.86477306e-02 7.61659563e-01 -6.41884923e-01
  outer loop
   vertex 2.67109299e+01 1.71158829e+01 1.07718239e+01
   vertex 2.45917358e+01 1.89526291e+01 1.12628441e+01
   vertex 2.57992783e+01 1.81438065e+01 1.18094749e+01
  endloop
 endfacet
 facet normal -3.95976827e-02 9.61313963e-01 -2.72593945e-01
  outer loop
   vertex 2.45917358e+01 1.89526291e+01 1.12628441e+01
   vertex 2.48023834e+01 1.89683914e+01 1.19033737e+01
   vertex 2.57992783e+01 1.81438065e+01 1.18094749e+01
  endloop
 endfacet
 facet normal -1.99182615e-01 -9.47674692e-01 -2.49477401e-01
  outer loop
   vertex 2.41021957e+01 1.35477829e+01 1.25995445e+01
   vertex 2.36522751e+01 1.35141144e+01 1.12315025e+01
   vertex 2.40994720e+01 1.35605392e+01 1.25537605e+01
  endloop
 endfacet
 facet normal 8.61862749e-02 -8.29621315e-01 -5.51634312e-01
  outer loop
   vertex 2.40994720e+01 1.35605392e+01 1.25537605e+01
   vertex 2.36522751e+01 1.35141144e+01 1.12315025e+01
   vertex 2.44748840e+01 1.40695496e+01 1.23036385e+01
  endloop
 endfacet
 facet normal 4.60303456e-01 -6.27921939e-01 -6.27562523e-01
  outer loop
   vertex 2.36522751e+01 1.35141144e+01 1.12315025e+01
   vertex 2.65226212e+01 1.71017914e+01 1.01992340e+01
   vertex 2.44748840e+01 1.40695496e+01 1.23036385e+01
  endloop
 endfacet
 facet normal 3.92533988e-01 -3.56964737e-01 -8.47639799e-01
  outer loop
   vertex 2.44748840e+01 1.40695496e+01 1.23036385e+01
   vertex 2.65226212e+01 1.71017914e+01 1.01992340e+01
   vertex 2.53151321e+01 1.52115250e+01 1.17360077e+01
  endloop
 endfacet
 facet normal 3.91094685e-01 -3.60397309e-01 -8.46852243e-01
  outer loop
   vertex 2.53151321e+01 1.52115250e+01 1.17360077e+01
   vertex 2.65226212e+01 1.71017914e+01 1.01992340e+01
   vertex 2.56036682e+01 1.56069260e+01 1.15316620e+01
  endloop
 endfacet
 facet normal 3.25269371e-01 -9.17338505e-02 -9.41161394e-01
  outer loop
   vertex 2.67109299e+01 1.71158829e+01 1.07718239e+01
   vertex 2.65530319e+01 1.68994598e+01 1.08837852e+01
   vertex 2.65226212e+01 1.71017914e+01 1.01992340e+01
  endloop
 endfacet
 facet normal 3.90147299e-01 -3.60545278e-01 -8.47226202e-01
  outer loop
   vertex 2.65530319e+01 1.68994598e+01 1.08837852e+01
   vertex 2.56036682e+01 1.56069260e+01 1.15316620e+01
   vertex 2.65226212e+01 1.71017914e+01 1.01992340e+01
  endloop
 endfacet
 facet normal -9.09952402e-01 -3.37653011e-01 2.40784198e-01
  outer loop
   vertex 2.19320450e+01 1.53807144e+01 1.29356384e+01
   vertex 2.17213974e+01 1.53649521e+01 1.22951164e+01
   vertex 2.39989471e+01 1.36710739e+01 1.27409554e+01
  endloop
 endfacet
 facet normal -4.97492820e-01 -8.67081940e-01 -2.58815512e-02
  outer loop
   vertex 2.41021957e+01 1.35477829e+01 1.25995445e+01
   vertex 2.39989471e+01 1.36710739e+01 1.27409554e+01
   vertex 2.36522751e+01 1.35141144e+01 1.12315025e+01
  endloop
 endfacet
 facet normal -6.42027736e-01 -7.52738416e-01 1.45551354e-01
  outer loop
   vertex 2.39989471e+01 1.36710739e+01 1.27409554e+01
   vertex 2.17213974e+01 1.53649521e+01 1.22951164e+01
   vertex 2.36522751e+01 1.35141144e+01 1.12315025e+01
  endloop
 endfacet
 facet normal -9.30452049e-01 -3.52751523e-01 9.91225913e-02
  outer loop
   vertex 2.19805222e+01 1.55306168e+01 1.35914230e+01
   vertex 2.19320450e+01 1.53807144e+01 1.29356384e+01
   vertex 2.31316910e+01 1.47066956e+01 1.39288025e+01
  endloop
 endfacet
 facet normal -8.42495859e-01 -5.25370657e-01 1.19106859e-01
  outer loop
   vertex 2.31316910e+01 1.47066956e+01 1.39288025e+01
   vertex 2.19320450e+01 1.53807144e+01 1.29356384e+01
   vertex 2.39989471e+01 1.36710739e+01 1.27409554e+01
  endloop
 endfacet
 facet normal -9.17657912e-01 -3.95669341e-01 -3.67382020e-02
  outer loop
   vertex 2.18620758e+01 1.57999878e+01 1.41982994e+01
   vertex 2.19805222e+01 1.55306168e+01 1.35914230e+01
   vertex 2.25729599e+01 1.53738937e+01 1.46940689e+01
  endloop
 endfacet
 facet normal -8.41751814e-01 -5.37723839e-01 4.80307639e-02
  outer loop
   vertex 2.25729599e+01 1.53738937e+01 1.46940689e+01
   vertex 2.19805222e+01 1.55306168e+01 1.35914230e+01
   vertex 2.31316910e+01 1.47066956e+01 1.39288025e+01
  endloop
 endfacet
 facet normal -8.73222589e-01 -4.62095052e-01 -1.54759318e-01
  outer loop
   vertex 2.15883179e+01 1.61624680e+01 1.46968536e+01
   vertex 2.18620758e+01 1.57999878e+01 1.41982994e+01
   vertex 2.21075058e+01 1.59297104e+01 1.53315697e+01
  endloop
 endfacet
 facet normal -8.25505197e-01 -5.64141691e-01 -1.68935489e-02
  outer loop
   vertex 2.21075058e+01 1.59297104e+01 1.53315697e+01
   vertex 2.18620758e+01 1.57999878e+01 1.41982994e+01
   vertex 2.25729599e+01 1.53738937e+01 1.46940689e+01
  endloop
 endfacet
 facet normal -7.54036486e-01 -6.48128688e-01 -1.06574684e-01
  outer loop
   vertex 2.16295319e+01 1.65004807e+01 1.59862213e+01
   vertex 2.11860275e+01 1.65825577e+01 1.50382843e+01
   vertex 2.21075058e+01 1.59297104e+01 1.53315697e+01
  endloop
 endfacet
 facet normal -8.01314235e-01 -5.45946240e-01 -2.44618490e-01
  outer loop
   vertex 2.21075058e+01 1.59297104e+01 1.53315697e+01
   vertex 2.11860275e+01 1.65825577e+01 1.50382843e+01
   vertex 2.15883179e+01 1.61624680e+01 1.46968536e+01
  endloop
 endfacet
 facet normal -7.09132016e-01 -6.37583435e-01 -3.01030129e-01
  outer loop
   vertex 2.06945877e+01 1.70191422e+01 1.51891632e+01
   vertex 2.11860275e+01 1.65825577e+01 1.50382843e+01
   vertex 2.10195694e+01 1.72269211e+01 1.68149643e+01
  endloop
 endfacet
 facet normal -7.56333709e-01 -6.44435585e-01 -1.12526268e-01
  outer loop
   vertex 2.10195694e+01 1.72269211e+01 1.68149643e+01
   vertex 2.11860275e+01 1.65825577e+01 1.50382843e+01
   vertex 2.14341965e+01 1.67337265e+01 1.62537613e+01
  endloop
 endfacet
 facet normal -7.55165696e-01 -6.46313429e-01 -1.09561637e-01
  outer loop
   vertex 2.14341965e+01 1.67337265e+01 1.62537613e+01
   vertex 2.11860275e+01 1.65825577e+01 1.50382843e+01
   vertex 2.16295319e+01 1.65004807e+01 1.59862213e+01
  endloop
 endfacet
 facet normal -6.46838069e-01 -7.61082709e-01 -4.85146008e-02
  outer loop
   vertex 2.01621017e+01 1.74294968e+01 1.51347160e+01
   vertex 2.06945877e+01 1.70191422e+01 1.51891632e+01
   vertex 2.00109482e+01 1.83353348e+01 1.78626862e+01
  endloop
 endfacet
 facet normal -7.40947902e-01 -6.48742139e-01 1.73579410e-01
  outer loop
   vertex 2.00109482e+01 1.83353348e+01 1.78626862e+01
   vertex 2.06945877e+01 1.70191422e+01 1.51891632e+01
   vertex 2.02209854e+01 1.81734772e+01 1.78841553e+01
  endloop
 endfacet
 facet normal -7.19534874e-01 -6.82498038e-01 -1.28320113e-01
  outer loop
   vertex 2.06945877e+01 1.70191422e+01 1.51891632e+01
   vertex 2.10195694e+01 1.72269211e+01 1.68149643e+01
   vertex 2.02209854e+01 1.81734772e+01 1.78841553e+01
  endloop
 endfacet
 facet normal -7.43200898e-01 -6.66709661e-01 5.61313480e-02
  outer loop
   vertex 2.09193802e+01 1.73460999e+01 1.69505768e+01
   vertex 2.02209854e+01 1.81734772e+01 1.78841553e+01
   vertex 2.10195694e+01 1.72269211e+01 1.68149643e+01
  endloop
 endfacet
 facet normal -7.17330337e-01 -4.13665861e-01 5.60640514e-01
  outer loop
   vertex 2.00680237e+01 1.84066696e+01 1.78421555e+01
   vertex 2.00109482e+01 1.83353348e+01 1.78626862e+01
   vertex 2.02209854e+01 1.81734772e+01 1.78841553e+01
  endloop
 endfacet
 facet normal -5.25247335e-01 7.59879291e-01 3.83012652e-01
  outer loop
   vertex 2.16636887e+01 2.27262039e+01 1.62362671e+01
   vertex 1.87933502e+01 1.91385269e+01 1.72685394e+01
   vertex 2.18593521e+01 2.25971375e+01 1.63317413e+01
  endloop
 endfacet
 facet normal -8.69525731e-01 4.62452948e-01 1.73384771e-01
  outer loop
   vertex 2.18593521e+01 2.25971375e+01 1.63317413e+01
   vertex 1.87933502e+01 1.91385269e+01 1.72685394e+01
   vertex 2.18322144e+01 2.25497513e+01 1.63474808e+01
  endloop
 endfacet
 facet normal -8.47314477e-01 3.40471208e-01 4.07599658e-01
  outer loop
   vertex 2.18322144e+01 2.25497513e+01 1.63474808e+01
   vertex 1.87933502e+01 1.91385269e+01 1.72685394e+01
   vertex 2.16783905e+01 2.22913361e+01 1.64321671e+01
  endloop
 endfacet
 facet normal -8.47471833e-01 3.41310382e-01 4.06569481e-01
  outer loop
   vertex 2.16783905e+01 2.22913361e+01 1.64321671e+01
   vertex 1.87933502e+01 1.91385269e+01 1.72685394e+01
   vertex 2.07778778e+01 2.07303391e+01 1.69492874e+01
  endloop
 endfacet
 facet normal -8.47468257e-01 3.43042135e-01 4.05116767e-01
  outer loop
   vertex 2.07778778e+01 2.07303391e+01 1.69492874e+01
   vertex 1.87933502e+01 1.91385269e+01 1.72685394e+01
   vertex 2.04097061e+01 2.01160965e+01 1.71500854e+01
  endloop
 endfacet
 facet normal -8.14611316e-01 2.00119719e-01 5.44390023e-01
  outer loop
   vertex 2.04097061e+01 2.01160965e+01 1.71500854e+01
   vertex 1.87933502e+01 1.91385269e+01 1.72685394e+01
   vertex 1.97279053e+01 1.89631577e+01 1.75287704e+01
  endloop
 endfacet
 facet normal -6.72672689e-01 -2.09652543e-01 7.09617734e-01
  outer loop
   vertex 2.00680237e+01 1.84066696e+01 1.78421555e+01
   vertex 1.99913254e+01 1.85342636e+01 1.77705536e+01
   vertex 2.00109482e+01 1.83353348e+01 1.78626862e+01
  endloop
 endfacet
 facet normal -6.29176736e-01 -1.93202168e-01 7.52867520e-01
  outer loop
   vertex 2.00109482e+01 1.83353348e+01 1.78626862e+01
   vertex 1.99913254e+01 1.85342636e+01 1.77705536e+01
   vertex 1.87933502e+01 1.91385269e+01 1.72685394e+01
  endloop
 endfacet
 facet normal -7.48309731e-01 -4.03430760e-02 6.62121594e-01
  outer loop
   vertex 1.87933502e+01 1.91385269e+01 1.72685394e+01
   vertex 1.99913254e+01 1.85342636e+01 1.77705536e+01
   vertex 1.97279053e+01 1.89631577e+01 1.75287704e+01
  endloop
 endfacet
 facet normal 1.66747704e-01 9.02238190e-01 -3.97695243e-01
  outer loop
   vertex 2.16636887e+01 2.27262039e+01 1.62362671e+01
   vertex 2.18593521e+01 2.25971375e+01 1.63317413e+01
   vertex 2.25110474e+01 2.13611145e+01 1.38480263e+01
  endloop
 endfacet
 facet normal 3.43015939e-02 6.32855713e-01 -7.73509562e-01
  outer loop
   vertex 2.18593521e+01 2.25971375e+01 1.63317413e+01
   vertex 2.22329407e+01 2.21737671e+01 1.58991318e+01
   vertex 2.25110474e+01 2.13611145e+01 1.38480263e+01
  endloop
 endfacet
 facet normal 1.99670434e-01 5.91807544e-01 -7.80958116e-01
  outer loop
   vertex 2.22329407e+01 2.21737671e+01 1.58991318e+01
   vertex 2.23371429e+01 2.20556259e+01 1.57782669e+01
   vertex 2.25110474e+01 2.13611145e+01 1.38480263e+01
  endloop
 endfacet
 facet normal 1.98742539e-01 5.90255976e-01 -7.82367706e-01
  outer loop
   vertex 2.23371429e+01 2.20556259e+01 1.57782669e+01
   vertex 2.29804459e+01 2.13287888e+01 1.50408859e+01
   vertex 2.25110474e+01 2.13611145e+01 1.38480263e+01
  endloop
 endfacet
 facet normal 3.87560815e-01 4.61728722e-01 -7.97874153e-01
  outer loop
   vertex 2.29804459e+01 2.13287888e+01 1.50408859e+01
   vertex 2.30324402e+01 2.10171738e+01 1.41024628e+01
   vertex 2.25110474e+01 2.13611145e+01 1.38480263e+01
  endloop
 endfacet
 facet normal 2.62946755e-01 5.28735459e-01 -8.07030261e-01
  outer loop
   vertex 2.35649338e+01 2.06068192e+01 1.41568871e+01
   vertex 2.30324402e+01 2.10171738e+01 1.41024628e+01
   vertex 2.35997391e+01 2.06290741e+01 1.43310242e+01
  endloop
 endfacet
 facet normal 1.34421200e-01 6.05716944e-01 -7.84243524e-01
  outer loop
   vertex 2.35997391e+01 2.06290741e+01 1.43310242e+01
   vertex 2.30324402e+01 2.10171738e+01 1.41024628e+01
   vertex 2.29804459e+01 2.13287888e+01 1.50408859e+01
  endloop
 endfacet
 facet normal -9.82946083e-02 4.83343542e-01 -8.69894922e-01
  outer loop
   vertex 2.38199768e+01 2.03802414e+01 1.40785866e+01
   vertex 2.35649338e+01 2.06068192e+01 1.41568871e+01
   vertex 2.35997391e+01 2.06290741e+01 1.43310242e+01
  endloop
 endfacet
 facet normal -4.70229417e-01 -3.21519494e-01 -8.21893871e-01
  outer loop
   vertex 2.06945877e+01 1.70191422e+01 1.51891632e+01
   vertex 2.35649338e+01 2.06068192e+01 1.41568871e+01
   vertex 2.11860275e+01 1.65825577e+01 1.50382843e+01
  endloop
 endfacet
 facet normal -4.14830387e-01 4.89867479e-02 -9.08579111e-01
  outer loop
   vertex 2.35649338e+01 2.06068192e+01 1.41568871e+01
   vertex 2.38199768e+01 2.03802414e+01 1.40785866e+01
   vertex 2.11860275e+01 1.65825577e+01 1.50382843e+01
  endloop
 endfacet
 facet normal -6.38038516e-01 -1.11482710e-01 -7.61891365e-01
  outer loop
   vertex 2.38199768e+01 2.03802414e+01 1.40785866e+01
   vertex 2.37689590e+01 2.02329865e+01 1.40989876e+01
   vertex 2.11860275e+01 1.65825577e+01 1.50382843e+01
  endloop
 endfacet
 facet normal -6.22223258e-01 -1.35338172e-01 -7.71052361e-01
  outer loop
   vertex 2.34662018e+01 1.94325714e+01 1.42182579e+01
   vertex 2.11860275e+01 1.65825577e+01 1.50382843e+01
   vertex 2.37689590e+01 2.02329865e+01 1.40989876e+01
  endloop
 endfacet
 facet normal -7.52909064e-01 -2.95829892e-01 -5.87888300e-01
  outer loop
   vertex 2.11860275e+01 1.65825577e+01 1.50382843e+01
   vertex 2.34662018e+01 1.94325714e+01 1.42182579e+01
   vertex 2.15883179e+01 1.61624680e+01 1.46968536e+01
  endloop
 endfacet
 facet normal -7.01854050e-01 -5.33653237e-02 -7.10318983e-01
  outer loop
   vertex 2.34662018e+01 1.94325714e+01 1.42182579e+01
   vertex 2.34863434e+01 1.90109177e+01 1.41157646e+01
   vertex 2.15883179e+01 1.61624680e+01 1.46968536e+01
  endloop
 endfacet
 facet normal -7.47116864e-01 6.41223742e-03 -6.64661765e-01
  outer loop
   vertex 2.34863434e+01 1.90109177e+01 1.41157646e+01
   vertex 2.35303726e+01 1.85898743e+01 1.39984283e+01
   vertex 2.15883179e+01 1.61624680e+01 1.46968536e+01
  endloop
 endfacet
 facet normal -9.13490653e-01 -1.11983195e-01 -3.91145289e-01
  outer loop
   vertex 2.18620758e+01 1.57999878e+01 1.41982994e+01
   vertex 2.15883179e+01 1.61624680e+01 1.46968536e+01
   vertex 2.43408203e+01 1.88981934e+01 1.33068695e+01
  endloop
 endfacet
 facet normal -8.16812634e-01 7.68955201e-02 -5.71755350e-01
  outer loop
   vertex 2.43408203e+01 1.88981934e+01 1.33068695e+01
   vertex 2.15883179e+01 1.61624680e+01 1.46968536e+01
   vertex 2.41131973e+01 1.88062439e+01 1.34980507e+01
  endloop
 endfacet
 facet normal -7.76316345e-01 4.02876399e-02 -6.29054725e-01
  outer loop
   vertex 2.15883179e+01 1.61624680e+01 1.46968536e+01
   vertex 2.35303726e+01 1.85898743e+01 1.39984283e+01
   vertex 2.41131973e+01 1.88062439e+01 1.34980507e+01
  endloop
 endfacet
 facet normal -7.68249393e-01 4.75029022e-01 -4.29115713e-01
  outer loop
   vertex 2.48508682e+01 1.91182938e+01 1.25591545e+01
   vertex 2.19805222e+01 1.55306168e+01 1.35914230e+01
   vertex 2.47659531e+01 1.93114243e+01 1.29942665e+01
  endloop
 endfacet
 facet normal -9.62041259e-01 -4.19684500e-02 -2.69657731e-01
  outer loop
   vertex 2.18620758e+01 1.57999878e+01 1.41982994e+01
   vertex 2.43408203e+01 1.88981934e+01 1.33068695e+01
   vertex 2.19805222e+01 1.55306168e+01 1.35914230e+01
  endloop
 endfacet
 facet normal -8.78783226e-01 1.68911144e-01 -4.46328402e-01
  outer loop
   vertex 2.47659531e+01 1.93114243e+01 1.29942665e+01
   vertex 2.19805222e+01 1.55306168e+01 1.35914230e+01
   vertex 2.46398392e+01 1.91910477e+01 1.30899773e+01
  endloop
 endfacet
 facet normal -8.93675029e-01 1.77180395e-01 -4.12252426e-01
  outer loop
   vertex 2.46398392e+01 1.91910477e+01 1.30899773e+01
   vertex 2.19805222e+01 1.55306168e+01 1.35914230e+01
   vertex 2.43408203e+01 1.88981934e+01 1.33068695e+01
  endloop
 endfacet
 facet normal -2.97634989e-01 7.19346941e-01 -6.27657115e-01
  outer loop
   vertex 2.50855484e+01 1.89503250e+01 1.26279335e+01
   vertex 2.48508682e+01 1.91182938e+01 1.25591545e+01
   vertex 2.47659531e+01 1.93114243e+01 1.29942665e+01
  endloop
 endfacet
 facet normal -5.92849441e-02 8.32456470e-01 -5.50909758e-01
  outer loop
   vertex 2.57992783e+01 1.81438065e+01 1.18094749e+01
   vertex 2.48023834e+01 1.89683914e+01 1.19033737e+01
   vertex 2.56334229e+01 1.83308258e+01 1.19982605e+01
  endloop
 endfacet
 facet normal -5.84200062e-02 8.33495796e-01 -5.49428701e-01
  outer loop
   vertex 2.56334229e+01 1.83308258e+01 1.19982605e+01
   vertex 2.48023834e+01 1.89683914e+01 1.19033737e+01
   vertex 2.53300171e+01 1.86741104e+01 1.23477173e+01
  endloop
 endfacet
 facet normal -5.80921732e-02 8.33402276e-01 -5.49605250e-01
  outer loop
   vertex 2.53300171e+01 1.86741104e+01 1.23477173e+01
   vertex 2.48023834e+01 1.89683914e+01 1.19033737e+01
   vertex 2.50855484e+01 1.89503250e+01 1.26279335e+01
  endloop
 endfacet
 facet normal -6.50226697e-02 9.13185418e-01 -4.02323753e-01
  outer loop
   vertex 2.48023834e+01 1.89683914e+01 1.19033737e+01
   vertex 2.48508682e+01 1.91182938e+01 1.25591545e+01
   vertex 2.50855484e+01 1.89503250e+01 1.26279335e+01
  endloop
 endfacet
 facet normal 8.32064509e-01 1.93902671e-01 5.19683003e-01
  outer loop
   vertex 2.57109680e+01 1.94872131e+01 1.62329865e+01
   vertex 2.62118378e+01 1.89641724e+01 1.58078880e+01
   vertex 2.61430130e+01 1.89950333e+01 1.57237396e+01
  endloop
 endfacet
 facet normal 8.40757072e-01 1.85370177e-01 5.08689880e-01
  outer loop
   vertex 2.61430130e+01 1.89950333e+01 1.57237396e+01
   vertex 2.62118378e+01 1.89641724e+01 1.58078880e+01
   vertex 2.64691315e+01 1.86235199e+01 1.53393478e+01
  endloop
 endfacet
 facet normal 7.37522185e-01 -2.08233465e-02 6.75001800e-01
  outer loop
   vertex 2.56017456e+01 1.82016068e+01 1.60272903e+01
   vertex 2.62118378e+01 1.89641724e+01 1.58078880e+01
   vertex 2.56546860e+01 1.87083130e+01 1.61021729e+01
  endloop
 endfacet
 facet normal 7.38795877e-01 -7.22499844e-03 6.73890531e-01
  outer loop
   vertex 2.56546860e+01 1.87083130e+01 1.61021729e+01
   vertex 2.62118378e+01 1.89641724e+01 1.58078880e+01
   vertex 2.57109680e+01 1.94872131e+01 1.62329865e+01
  endloop
 endfacet
 facet normal 7.76397943e-01 -4.83062156e-02 6.28389001e-01
  outer loop
   vertex 2.64691315e+01 1.86235199e+01 1.53393478e+01
   vertex 2.62118378e+01 1.89641724e+01 1.58078880e+01
   vertex 2.59441452e+01 1.83766251e+01 1.57605400e+01
  endloop
 endfacet
 facet normal 7.66256392e-01 -5.36389649e-02 6.40292108e-01
  outer loop
   vertex 2.59441452e+01 1.83766251e+01 1.57605400e+01
   vertex 2.62118378e+01 1.89641724e+01 1.58078880e+01
   vertex 2.56017456e+01 1.82016068e+01 1.60272903e+01
  endloop
 endfacet
 facet normal -7.64801264e-01 -6.44266248e-01 1.50968423e-04
  outer loop
   vertex 2.09193802e+01 1.73460999e+01 1.69505768e+01
   vertex 2.10195694e+01 1.72269211e+01 1.68149643e+01
   vertex 2.14709167e+01 1.66399918e+01 1.64632721e+01
  endloop
 endfacet
 facet normal -7.64192045e-01 -6.44986749e-01 1.61216699e-03
  outer loop
   vertex 2.14709167e+01 1.66399918e+01 1.64632721e+01
   vertex 2.10195694e+01 1.72269211e+01 1.68149643e+01
   vertex 2.14341965e+01 1.67337265e+01 1.62537613e+01
  endloop
 endfacet
 facet normal -7.72701383e-01 4.40718770e-01 4.56836462e-01
  outer loop
   vertex 1.66041107e+01 6.15666809e+01 3.22042847e+01
   vertex 1.62267532e+01 6.07385330e+01 3.23907700e+01
   vertex 1.69026794e+01 6.13623085e+01 3.28631516e+01
  endloop
 endfacet
 facet normal -7.10029244e-01 5.24076343e-01 4.70321715e-01
  outer loop
   vertex 1.69026794e+01 6.13623085e+01 3.28631516e+01
   vertex 1.62267532e+01 6.07385330e+01 3.23907700e+01
   vertex 1.64192047e+01 6.05754089e+01 3.29349365e+01
  endloop
 endfacet
 facet normal -6.79317176e-01 6.15152717e-01 4.00144100e-01
  outer loop
   vertex 1.62267532e+01 6.07385330e+01 3.23907700e+01
   vertex 1.59394455e+01 6.03776436e+01 3.25081406e+01
   vertex 1.64192047e+01 6.05754089e+01 3.29349365e+01
  endloop
 endfacet
 facet normal -6.28572941e-01 6.77912474e-01 3.81222725e-01
  outer loop
   vertex 1.64192047e+01 6.05754089e+01 3.29349365e+01
   vertex 1.59394455e+01 6.03776436e+01 3.25081406e+01
   vertex 1.59343567e+01 6.01811600e+01 3.28693008e+01
  endloop
 endfacet
 facet normal -5.13206184e-01 5.26863635e-01 6.77520573e-01
  outer loop
   vertex 1.65665436e+01 6.02766457e+01 3.35047531e+01
   vertex 1.64192047e+01 6.05754089e+01 3.29349365e+01
   vertex 1.59308548e+01 5.99915924e+01 3.33270035e+01
  endloop
 endfacet
 facet normal -5.74700177e-01 6.29679859e-01 5.22707403e-01
  outer loop
   vertex 1.59308548e+01 5.99915924e+01 3.33270035e+01
   vertex 1.64192047e+01 6.05754089e+01 3.29349365e+01
   vertex 1.59343567e+01 6.01811600e+01 3.28693008e+01
  endloop
 endfacet
 facet normal -4.75590110e-01 4.53382373e-01 7.53829181e-01
  outer loop
   vertex 1.69026794e+01 6.13623085e+01 3.28631516e+01
   vertex 1.64192047e+01 6.05754089e+01 3.29349365e+01
   vertex 1.72022324e+01 6.05616989e+01 3.36824799e+01
  endloop
 endfacet
 facet normal -3.41960758e-01 4.59609717e-01 8.19647312e-01
  outer loop
   vertex 1.72022324e+01 6.05616989e+01 3.36824799e+01
   vertex 1.64192047e+01 6.05754089e+01 3.29349365e+01
   vertex 1.65665436e+01 6.02766457e+01 3.35047531e+01
  endloop
 endfacet
 facet normal -7.65083253e-01 6.43928230e-01 -2.01130961e-03
  outer loop
   vertex 1.52973938e+01 6.00649109e+01 3.19442368e+01
   vertex 1.56572113e+01 6.02132339e+01 3.22643433e+01
   vertex 1.56163330e+01 6.03866234e+01 3.14305801e+01
  endloop
 endfacet
 facet normal -7.61391163e-01 6.39909744e-01 1.03918076e-01
  outer loop
   vertex 1.56163330e+01 6.03866234e+01 3.14305801e+01
   vertex 1.56572113e+01 6.02132339e+01 3.22643433e+01
   vertex 1.59440994e+01 6.06303940e+01 3.18978577e+01
  endloop
 endfacet
 facet normal -7.32183576e-01 6.06733561e-01 3.09486121e-01
  outer loop
   vertex 1.62267532e+01 6.07385330e+01 3.23907700e+01
   vertex 1.59440994e+01 6.06303940e+01 3.18978577e+01
   vertex 1.59394455e+01 6.03776436e+01 3.25081406e+01
  endloop
 endfacet
 facet normal -6.87100708e-01 6.74563468e-01 2.69919962e-01
  outer loop
   vertex 1.59394455e+01 6.03776436e+01 3.25081406e+01
   vertex 1.59440994e+01 6.06303940e+01 3.18978577e+01
   vertex 1.56572113e+01 6.02132339e+01 3.22643433e+01
  endloop
 endfacet
 facet normal -8.25824201e-01 4.15266395e-01 3.81533980e-01
  outer loop
   vertex 1.66041107e+01 6.15666809e+01 3.22042847e+01
   vertex 1.62696762e+01 6.14273605e+01 3.15873184e+01
   vertex 1.62267532e+01 6.07385330e+01 3.23907700e+01
  endloop
 endfacet
 facet normal -8.16839695e-01 4.90424186e-01 3.03738356e-01
  outer loop
   vertex 1.62267532e+01 6.07385330e+01 3.23907700e+01
   vertex 1.62696762e+01 6.14273605e+01 3.15873184e+01
   vertex 1.59440994e+01 6.06303940e+01 3.18978577e+01
  endloop
 endfacet
 facet normal -8.73680949e-01 4.74638075e-01 -1.06772393e-01
  outer loop
   vertex 1.56163330e+01 6.03866234e+01 3.14305801e+01
   vertex 1.59440994e+01 6.06303940e+01 3.18978577e+01
   vertex 1.59352951e+01 6.07083321e+01 3.09169388e+01
  endloop
 endfacet
 facet normal -9.11197305e-01 4.07561719e-01 6.01077564e-02
  outer loop
   vertex 1.59352951e+01 6.07083321e+01 3.09169388e+01
   vertex 1.59440994e+01 6.06303940e+01 3.18978577e+01
   vertex 1.62696762e+01 6.14273605e+01 3.15873184e+01
  endloop
 endfacet
 facet normal -5.35517275e-01 7.10509479e-01 4.56505746e-01
  outer loop
   vertex 1.59343567e+01 6.01811600e+01 3.28693008e+01
   vertex 1.54550095e+01 5.99271240e+01 3.26916046e+01
   vertex 1.59308548e+01 5.99915924e+01 3.33270035e+01
  endloop
 endfacet
 facet normal -4.84927148e-01 6.47783160e-01 5.87556481e-01
  outer loop
   vertex 1.59308548e+01 5.99915924e+01 3.33270035e+01
   vertex 1.54550095e+01 5.99271240e+01 3.26916046e+01
   vertex 1.52951584e+01 5.97065392e+01 3.31492691e+01
  endloop
 endfacet
 facet normal -5.64227998e-01 7.75279284e-01 2.83881664e-01
  outer loop
   vertex 1.54550095e+01 5.99271240e+01 3.26916046e+01
   vertex 1.59343567e+01 6.01811600e+01 3.28693008e+01
   vertex 1.56572113e+01 6.02132339e+01 3.22643433e+01
  endloop
 endfacet
 facet normal -6.21182919e-01 7.21004128e-01 3.07058364e-01
  outer loop
   vertex 1.56572113e+01 6.02132339e+01 3.22643433e+01
   vertex 1.59343567e+01 6.01811600e+01 3.28693008e+01
   vertex 1.59394455e+01 6.03776436e+01 3.25081406e+01
  endloop
 endfacet
 facet normal -7.02660203e-01 7.10928380e-01 2.91453954e-02
  outer loop
   vertex 1.49784317e+01 5.97431984e+01 3.24578857e+01
   vertex 1.54550095e+01 5.99271240e+01 3.26916046e+01
   vertex 1.52973938e+01 6.00649109e+01 3.19442368e+01
  endloop
 endfacet
 facet normal -6.46971226e-01 7.48442173e-01 1.45816714e-01
  outer loop
   vertex 1.52973938e+01 6.00649109e+01 3.19442368e+01
   vertex 1.54550095e+01 5.99271240e+01 3.26916046e+01
   vertex 1.56572113e+01 6.02132339e+01 3.22643433e+01
  endloop
 endfacet
 facet normal -7.15812802e-01 -6.47086382e-01 -2.62471437e-01
  outer loop
   vertex 1.20862274e+01 2.76016083e+01 2.93310471e+01
   vertex 8.73485565e+00 3.16395493e+01 3.32706528e+01
   vertex 1.18310471e+01 2.81617050e+01 2.86404190e+01
  endloop
 endfacet
 facet normal -5.74566066e-01 -7.24924684e-01 -3.79944801e-01
  outer loop
   vertex 1.18310471e+01 2.81617050e+01 2.86404190e+01
   vertex 8.73485565e+00 3.16395493e+01 3.32706528e+01
   vertex 8.48441315e+00 3.22189941e+01 3.25542908e+01
  endloop
 endfacet
 facet normal -8.22960079e-01 -5.52323103e-01 -1.32950664e-01
  outer loop
   vertex 1.54287643e+01 2.35737686e+01 2.54031906e+01
   vertex 1.20862274e+01 2.76016083e+01 2.93310471e+01
   vertex 1.51644363e+01 2.41195984e+01 2.47441711e+01
  endloop
 endfacet
 facet normal -8.24247658e-01 -5.49696207e-01 -1.35830492e-01
  outer loop
   vertex 1.51644363e+01 2.41195984e+01 2.47441711e+01
   vertex 1.20862274e+01 2.76016083e+01 2.93310471e+01
   vertex 1.18310471e+01 2.81617050e+01 2.86404190e+01
  endloop
 endfacet
 facet normal -6.93672359e-01 -7.08019435e-01 1.32390082e-01
  outer loop
   vertex 1.20862274e+01 2.76016083e+01 2.93310471e+01
   vertex 1.54287643e+01 2.35737686e+01 2.54031906e+01
   vertex 1.23413925e+01 2.70414886e+01 3.00216675e+01
  endloop
 endfacet
 facet normal -4.47176009e-01 -7.88801253e-01 4.21694428e-01
  outer loop
   vertex 1.23413925e+01 2.70414886e+01 3.00216675e+01
   vertex 1.54287643e+01 2.35737686e+01 2.54031906e+01
   vertex 1.56975021e+01 2.30228806e+01 2.60563354e+01
  endloop
 endfacet
 facet normal -4.90514338e-01 -8.70533645e-01 3.95840742e-02
  outer loop
   vertex 8.73485565e+00 3.16395493e+01 3.32706528e+01
   vertex 1.20862274e+01 2.76016083e+01 2.93310471e+01
   vertex 8.98528290e+00 3.10601044e+01 3.39870071e+01
  endloop
 endfacet
 facet normal -3.60819280e-01 -8.02322447e-01 4.75487262e-01
  outer loop
   vertex 8.98528290e+00 3.10601044e+01 3.39870071e+01
   vertex 1.20862274e+01 2.76016083e+01 2.93310471e+01
   vertex 1.23413925e+01 2.70414886e+01 3.00216675e+01
  endloop
 endfacet
 facet normal -8.59128058e-01 -3.33084583e-01 -3.88527572e-01
  outer loop
   vertex 1.13207245e+01 2.92819214e+01 2.72591705e+01
   vertex 1.46578903e+01 2.51859589e+01 2.33967514e+01
   vertex 1.15758896e+01 2.87218246e+01 2.79497833e+01
  endloop
 endfacet
 facet normal -8.53557050e-01 -4.51511919e-01 -2.59956509e-01
  outer loop
   vertex 1.15758896e+01 2.87218246e+01 2.79497833e+01
   vertex 1.46578903e+01 2.51859589e+01 2.33967514e+01
   vertex 1.49089661e+01 2.46553040e+01 2.40734024e+01
  endloop
 endfacet
 facet normal -8.25086534e-01 -5.48696101e-01 -1.34776831e-01
  outer loop
   vertex 1.15758896e+01 2.87218246e+01 2.79497833e+01
   vertex 1.49089661e+01 2.46553040e+01 2.40734024e+01
   vertex 1.18310471e+01 2.81617050e+01 2.86404190e+01
  endloop
 endfacet
 facet normal -8.23819160e-01 -5.51292121e-01 -1.31905481e-01
  outer loop
   vertex 1.18310471e+01 2.81617050e+01 2.86404190e+01
   vertex 1.49089661e+01 2.46553040e+01 2.40734024e+01
   vertex 1.51644363e+01 2.41195984e+01 2.47441711e+01
  endloop
 endfacet
 facet normal -5.75402856e-01 -7.24567354e-01 -3.79359603e-01
  outer loop
   vertex 8.23397064e+00 3.27984390e+01 3.18379440e+01
   vertex 1.15758896e+01 2.87218246e+01 2.79497833e+01
   vertex 8.48441315e+00 3.22189941e+01 3.25542908e+01
  endloop
 endfacet
 facet normal -7.16708124e-01 -6.46437585e-01 -2.61625648e-01
  outer loop
   vertex 8.48441315e+00 3.22189941e+01 3.25542908e+01
   vertex 1.15758896e+01 2.87218246e+01 2.79497833e+01
   vertex 1.18310471e+01 2.81617050e+01 2.86404190e+01
  endloop
 endfacet
 facet normal -7.40221918e-01 -5.42126238e-01 -3.97706747e-01
  outer loop
   vertex 1.15758896e+01 2.87218246e+01 2.79497833e+01
   vertex 8.23397064e+00 3.27984390e+01 3.18379440e+01
   vertex 1.13207245e+01 2.92819214e+01 2.72591705e+01
  endloop
 endfacet
 facet normal -7.13840067e-01 -3.82061362e-01 -5.86908400e-01
  outer loop
   vertex 1.13207245e+01 2.92819214e+01 2.72591705e+01
   vertex 8.23397064e+00 3.27984390e+01 3.18379440e+01
   vertex 7.98353577e+00 3.33778839e+01 3.11215897e+01
  endloop
 endfacet
 facet normal -8.18945169e-01 -5.62219262e-01 -1.15057923e-01
  outer loop
   vertex 1.82243423e+01 2.06090240e+01 2.02205124e+01
   vertex 2.14709167e+01 1.66399918e+01 1.64632721e+01
   vertex 1.84712982e+01 2.01078339e+01 2.08831711e+01
  endloop
 endfacet
 facet normal -8.17377925e-01 -5.65275967e-01 -1.11159369e-01
  outer loop
   vertex 1.84712982e+01 2.01078339e+01 2.08831711e+01
   vertex 2.14709167e+01 1.66399918e+01 1.64632721e+01
   vertex 2.17207031e+01 1.61618042e+01 1.70985413e+01
  endloop
 endfacet
 facet normal -8.22042644e-01 -5.55507362e-01 -1.25129834e-01
  outer loop
   vertex 1.49089661e+01 2.46553040e+01 2.40734024e+01
   vertex 1.82243423e+01 2.06090240e+01 2.02205124e+01
   vertex 1.51644363e+01 2.41195984e+01 2.47441711e+01
  endloop
 endfacet
 facet normal -8.20659518e-01 -5.58245420e-01 -1.21983670e-01
  outer loop
   vertex 1.51644363e+01 2.41195984e+01 2.47441711e+01
   vertex 1.82243423e+01 2.06090240e+01 2.02205124e+01
   vertex 1.84712982e+01 2.01078339e+01 2.08831711e+01
  endloop
 endfacet
 facet normal -8.59406829e-01 -3.43144894e-01 -3.79040271e-01
  outer loop
   vertex 1.46578903e+01 2.51859589e+01 2.33967514e+01
   vertex 1.79950638e+01 2.10900040e+01 1.95343323e+01
   vertex 1.49089661e+01 2.46553040e+01 2.40734024e+01
  endloop
 endfacet
 facet normal -8.51910651e-01 -4.59821969e-01 -2.50623196e-01
  outer loop
   vertex 1.49089661e+01 2.46553040e+01 2.40734024e+01
   vertex 1.79950638e+01 2.10900040e+01 1.95343323e+01
   vertex 1.82243423e+01 2.06090240e+01 2.02205124e+01
  endloop
 endfacet
 facet normal -9.57461357e-01 -7.36268908e-02 2.79010445e-01
  outer loop
   vertex 1.97279053e+01 1.89631577e+01 1.75287704e+01
   vertex 1.99913254e+01 1.85342636e+01 1.77705536e+01
   vertex 1.79950638e+01 2.10900040e+01 1.95343323e+01
  endloop
 endfacet
 facet normal -9.36260581e-01 -3.51287603e-01 3.62152071e-03
  outer loop
   vertex 1.79950638e+01 2.10900040e+01 1.95343323e+01
   vertex 1.99913254e+01 1.85342636e+01 1.77705536e+01
   vertex 1.82243423e+01 2.06090240e+01 2.02205124e+01
  endloop
 endfacet
 facet normal -8.53378534e-01 -3.25394362e-01 4.07263517e-01
  outer loop
   vertex 1.99913254e+01 1.85342636e+01 1.77705536e+01
   vertex 2.00680237e+01 1.84066696e+01 1.78421555e+01
   vertex 1.82243423e+01 2.06090240e+01 2.02205124e+01
  endloop
 endfacet
 facet normal -8.37744117e-01 -5.06568074e-01 2.03896061e-01
  outer loop
   vertex 2.00680237e+01 1.84066696e+01 1.78421555e+01
   vertex 2.02209854e+01 1.81734772e+01 1.78841553e+01
   vertex 1.82243423e+01 2.06090240e+01 2.02205124e+01
  endloop
 endfacet
 facet normal -8.03998470e-01 -5.91998935e-01 -5.58902398e-02
  outer loop
   vertex 1.82243423e+01 2.06090240e+01 2.02205124e+01
   vertex 2.02209854e+01 1.81734772e+01 1.78841553e+01
   vertex 2.14709167e+01 1.66399918e+01 1.64632721e+01
  endloop
 endfacet
 facet normal -7.75239944e-01 -6.31665766e-01 1.20383245e-03
  outer loop
   vertex 2.02209854e+01 1.81734772e+01 1.78841553e+01
   vertex 2.09193802e+01 1.73460999e+01 1.69505768e+01
   vertex 2.14709167e+01 1.66399918e+01 1.64632721e+01
  endloop
 endfacet
 facet normal -4.39532578e-01 -7.89238572e-01 4.28851485e-01
  outer loop
   vertex 1.90536118e+01 1.90042725e+01 2.20910110e+01
   vertex 1.56975021e+01 2.30228806e+01 2.60563354e+01
   vertex 1.87536087e+01 1.95661621e+01 2.14988403e+01
  endloop
 endfacet
 facet normal -6.87689304e-01 -7.12036729e-01 1.41729072e-01
  outer loop
   vertex 1.87536087e+01 1.95661621e+01 2.14988403e+01
   vertex 1.56975021e+01 2.30228806e+01 2.60563354e+01
   vertex 1.54287643e+01 2.35737686e+01 2.54031906e+01
  endloop
 endfacet
 facet normal -8.19709241e-01 -5.59488654e-01 -1.22675322e-01
  outer loop
   vertex 1.87536087e+01 1.95661621e+01 2.14988403e+01
   vertex 1.54287643e+01 2.35737686e+01 2.54031906e+01
   vertex 1.84712982e+01 2.01078339e+01 2.08831711e+01
  endloop
 endfacet
 facet normal -8.21149468e-01 -5.56657732e-01 -1.25879660e-01
  outer loop
   vertex 1.84712982e+01 2.01078339e+01 2.08831711e+01
   vertex 1.54287643e+01 2.35737686e+01 2.54031906e+01
   vertex 1.51644363e+01 2.41195984e+01 2.47441711e+01
  endloop
 endfacet
 facet normal -8.15963328e-01 -5.67317128e-01 -1.11153387e-01
  outer loop
   vertex 2.20235367e+01 1.56229324e+01 1.76632996e+01
   vertex 1.87536087e+01 1.95661621e+01 2.14988403e+01
   vertex 2.17207031e+01 1.61618042e+01 1.70985413e+01
  endloop
 endfacet
 facet normal -8.17652643e-01 -5.64133465e-01 -1.14880875e-01
  outer loop
   vertex 2.17207031e+01 1.61618042e+01 1.70985413e+01
   vertex 1.87536087e+01 1.95661621e+01 2.14988403e+01
   vertex 1.84712982e+01 2.01078339e+01 2.08831711e+01
  endloop
 endfacet
 facet normal -4.31207895e-01 -7.89576232e-01 4.36610997e-01
  outer loop
   vertex 2.24097137e+01 1.49856644e+01 1.81256790e+01
   vertex 1.90536118e+01 1.90042725e+01 2.20910110e+01
   vertex 2.20235367e+01 1.56229324e+01 1.76632996e+01
  endloop
 endfacet
 facet normal -6.81045473e-01 -7.16300368e-01 1.51956752e-01
  outer loop
   vertex 2.20235367e+01 1.56229324e+01 1.76632996e+01
   vertex 1.90536118e+01 1.90042725e+01 2.20910110e+01
   vertex 1.87536087e+01 1.95661621e+01 2.14988403e+01
  endloop
 endfacet
 facet normal -7.00911105e-01 3.43728930e-01 6.24959230e-01
  outer loop
   vertex 1.83430023e+01 6.64837341e+01 3.19013290e+01
   vertex 1.88384323e+01 6.83635788e+01 3.13883514e+01
   vertex 1.77976837e+01 6.64781418e+01 3.12970276e+01
  endloop
 endfacet
 facet normal -6.65220559e-01 3.59764040e-01 6.54256403e-01
  outer loop
   vertex 1.77976837e+01 6.64781418e+01 3.12970276e+01
   vertex 1.88384323e+01 6.83635788e+01 3.13883514e+01
   vertex 1.82350540e+01 6.83351135e+01 3.08005829e+01
  endloop
 endfacet
 facet normal -7.39423037e-01 3.08575481e-01 5.98360062e-01
  outer loop
   vertex 1.78546982e+01 6.45939178e+01 3.22888031e+01
   vertex 1.83430023e+01 6.64837341e+01 3.19013290e+01
   vertex 1.73843384e+01 6.46383972e+01 3.16675720e+01
  endloop
 endfacet
 facet normal -7.17227280e-01 3.08041900e-01 6.25056207e-01
  outer loop
   vertex 1.73843384e+01 6.46383972e+01 3.16675720e+01
   vertex 1.83430023e+01 6.64837341e+01 3.19013290e+01
   vertex 1.77976837e+01 6.64781418e+01 3.12970276e+01
  endloop
 endfacet
 facet normal -5.30889153e-01 3.03084642e-01 7.91388929e-01
  outer loop
   vertex 1.83430023e+01 6.64837341e+01 3.19013290e+01
   vertex 1.78546982e+01 6.45939178e+01 3.22888031e+01
   vertex 1.88821640e+01 6.65094910e+01 3.25416794e+01
  endloop
 endfacet
 facet normal -2.73499221e-01 2.52213746e-01 9.28216815e-01
  outer loop
   vertex 1.88821640e+01 6.65094910e+01 3.25416794e+01
   vertex 1.78546982e+01 6.45939178e+01 3.22888031e+01
   vertex 1.83221817e+01 6.45268860e+01 3.29219360e+01
  endloop
 endfacet
 facet normal -2.41070390e-01 3.33635330e-01 9.11357522e-01
  outer loop
   vertex 1.94421463e+01 6.84920807e+01 3.21614227e+01
   vertex 1.88384323e+01 6.83635788e+01 3.13883514e+01
   vertex 1.88821640e+01 6.65094910e+01 3.25416794e+01
  endloop
 endfacet
 facet normal -5.10141671e-01 3.33921760e-01 7.92623341e-01
  outer loop
   vertex 1.88821640e+01 6.65094910e+01 3.25416794e+01
   vertex 1.88384323e+01 6.83635788e+01 3.13883514e+01
   vertex 1.83430023e+01 6.64837341e+01 3.19013290e+01
  endloop
 endfacet
 facet normal -8.51771951e-01 2.37609357e-01 4.66932893e-01
  outer loop
   vertex 1.69082260e+01 6.46377869e+01 3.10702133e+01
   vertex 1.72400360e+01 6.65128784e+01 3.07648239e+01
   vertex 1.64292450e+01 6.46146240e+01 3.04847488e+01
  endloop
 endfacet
 facet normal -9.34765399e-01 2.10898921e-01 2.85893857e-01
  outer loop
   vertex 1.64292450e+01 6.46146240e+01 3.04847488e+01
   vertex 1.72400360e+01 6.65128784e+01 3.07648239e+01
   vertex 1.66762238e+01 6.65677795e+01 3.02686539e+01
  endloop
 endfacet
 facet normal -6.96063519e-01 2.72447854e-01 6.64279878e-01
  outer loop
   vertex 1.72400360e+01 6.65128784e+01 3.07648239e+01
   vertex 1.69082260e+01 6.46377869e+01 3.10702133e+01
   vertex 1.77976837e+01 6.64781418e+01 3.12970276e+01
  endloop
 endfacet
 facet normal -7.29794562e-01 2.81826586e-01 6.22875273e-01
  outer loop
   vertex 1.77976837e+01 6.64781418e+01 3.12970276e+01
   vertex 1.69082260e+01 6.46377869e+01 3.10702133e+01
   vertex 1.73843384e+01 6.46383972e+01 3.16675720e+01
  endloop
 endfacet
 facet normal -6.46854997e-01 3.14256549e-01 6.94853544e-01
  outer loop
   vertex 1.77976837e+01 6.64781418e+01 3.12970276e+01
   vertex 1.82350540e+01 6.83351135e+01 3.08005829e+01
   vertex 1.72400360e+01 6.65128784e+01 3.07648239e+01
  endloop
 endfacet
 facet normal -5.71735322e-01 3.24123085e-01 7.53699481e-01
  outer loop
   vertex 1.72400360e+01 6.65128784e+01 3.07648239e+01
   vertex 1.82350540e+01 6.83351135e+01 3.08005829e+01
   vertex 1.76131973e+01 6.83671341e+01 3.03209534e+01
  endloop
 endfacet
 facet normal -7.53114462e-01 2.77205914e-01 5.96636832e-01
  outer loop
   vertex 1.72400360e+01 6.65128784e+01 3.07648239e+01
   vertex 1.76131973e+01 6.83671341e+01 3.03209534e+01
   vertex 1.66762238e+01 6.65677795e+01 3.02686539e+01
  endloop
 endfacet
 facet normal -8.50535095e-01 2.73514837e-01 4.49198931e-01
  outer loop
   vertex 1.66762238e+01 6.65677795e+01 3.02686539e+01
   vertex 1.76131973e+01 6.83671341e+01 3.03209534e+01
   vertex 1.69232101e+01 6.85209198e+01 3.00525665e+01
  endloop
 endfacet
 facet normal -8.54548454e-01 3.09748471e-01 4.16896671e-01
  outer loop
   vertex 1.62696762e+01 6.14273605e+01 3.15873184e+01
   vertex 1.66041107e+01 6.15666809e+01 3.22042847e+01
   vertex 1.65879211e+01 6.28528862e+01 3.13279114e+01
  endloop
 endfacet
 facet normal -8.20961297e-01 3.02107930e-01 4.84513551e-01
  outer loop
   vertex 1.65879211e+01 6.28528862e+01 3.13279114e+01
   vertex 1.66041107e+01 6.15666809e+01 3.22042847e+01
   vertex 1.69882278e+01 6.29339447e+01 3.19666138e+01
  endloop
 endfacet
 facet normal -8.00696790e-01 2.61093020e-01 5.39180040e-01
  outer loop
   vertex 1.65879211e+01 6.28528862e+01 3.13279114e+01
   vertex 1.69882278e+01 6.29339447e+01 3.19666138e+01
   vertex 1.69082260e+01 6.46377869e+01 3.10702133e+01
  endloop
 endfacet
 facet normal -7.69887984e-01 2.76877522e-01 5.74988127e-01
  outer loop
   vertex 1.69082260e+01 6.46377869e+01 3.10702133e+01
   vertex 1.69882278e+01 6.29339447e+01 3.19666138e+01
   vertex 1.73843384e+01 6.46383972e+01 3.16675720e+01
  endloop
 endfacet
 facet normal -9.74227726e-01 1.86906606e-01 1.26278445e-01
  outer loop
   vertex 1.61822739e+01 6.26614838e+01 3.07008438e+01
   vertex 1.65879211e+01 6.28528862e+01 3.13279114e+01
   vertex 1.64292450e+01 6.46146240e+01 3.04847488e+01
  endloop
 endfacet
 facet normal -8.98965538e-01 2.25369692e-01 3.75592172e-01
  outer loop
   vertex 1.64292450e+01 6.46146240e+01 3.04847488e+01
   vertex 1.65879211e+01 6.28528862e+01 3.13279114e+01
   vertex 1.69082260e+01 6.46377869e+01 3.10702133e+01
  endloop
 endfacet
 facet normal -9.68160212e-01 2.45144352e-01 -5.06958626e-02
  outer loop
   vertex 1.59352951e+01 6.07083321e+01 3.09169388e+01
   vertex 1.62696762e+01 6.14273605e+01 3.15873184e+01
   vertex 1.61822739e+01 6.26614838e+01 3.07008438e+01
  endloop
 endfacet
 facet normal -9.40605700e-01 2.40044907e-01 2.40081906e-01
  outer loop
   vertex 1.61822739e+01 6.26614838e+01 3.07008438e+01
   vertex 1.62696762e+01 6.14273605e+01 3.15873184e+01
   vertex 1.65879211e+01 6.28528862e+01 3.13279114e+01
  endloop
 endfacet
 facet normal -5.61537564e-01 2.99175560e-01 7.71472335e-01
  outer loop
   vertex 1.78546982e+01 6.45939178e+01 3.22888031e+01
   vertex 1.73778763e+01 6.27942924e+01 3.26285858e+01
   vertex 1.83221817e+01 6.45268860e+01 3.29219360e+01
  endloop
 endfacet
 facet normal -2.93728113e-01 2.60485053e-01 9.19712603e-01
  outer loop
   vertex 1.83221817e+01 6.45268860e+01 3.29219360e+01
   vertex 1.73778763e+01 6.27942924e+01 3.26285858e+01
   vertex 1.77622070e+01 6.25442924e+01 3.33022003e+01
  endloop
 endfacet
 facet normal -7.77101755e-01 3.07310402e-01 5.49247801e-01
  outer loop
   vertex 1.73778763e+01 6.27942924e+01 3.26285858e+01
   vertex 1.78546982e+01 6.45939178e+01 3.22888031e+01
   vertex 1.69882278e+01 6.29339447e+01 3.19666138e+01
  endloop
 endfacet
 facet normal -7.68072724e-01 2.95977950e-01 5.67856789e-01
  outer loop
   vertex 1.69882278e+01 6.29339447e+01 3.19666138e+01
   vertex 1.78546982e+01 6.45939178e+01 3.22888031e+01
   vertex 1.73843384e+01 6.46383972e+01 3.16675720e+01
  endloop
 endfacet
 facet normal -7.80341744e-01 3.62678140e-01 5.09442210e-01
  outer loop
   vertex 1.69026794e+01 6.13623085e+01 3.28631516e+01
   vertex 1.73778763e+01 6.27942924e+01 3.26285858e+01
   vertex 1.66041107e+01 6.15666809e+01 3.22042847e+01
  endloop
 endfacet
 facet normal -7.99643457e-01 3.29389334e-01 5.02068698e-01
  outer loop
   vertex 1.66041107e+01 6.15666809e+01 3.22042847e+01
   vertex 1.73778763e+01 6.27942924e+01 3.26285858e+01
   vertex 1.69882278e+01 6.29339447e+01 3.19666138e+01
  endloop
 endfacet
 facet normal -2.41282910e-01 2.89920896e-01 9.26136315e-01
  outer loop
   vertex 1.72022324e+01 6.05616989e+01 3.36824799e+01
   vertex 1.77622070e+01 6.25442924e+01 3.33022003e+01
   vertex 1.69026794e+01 6.13623085e+01 3.28631516e+01
  endloop
 endfacet
 facet normal -5.62786460e-01 3.34188551e-01 7.56035328e-01
  outer loop
   vertex 1.69026794e+01 6.13623085e+01 3.28631516e+01
   vertex 1.77622070e+01 6.25442924e+01 3.33022003e+01
   vertex 1.73778763e+01 6.27942924e+01 3.26285858e+01
  endloop
 endfacet
 facet normal -9.55157429e-02 8.04414630e-01 5.86339355e-01
  outer loop
   vertex 2.05175629e+01 7.53701630e+01 2.71981201e+01
   vertex 2.05282364e+01 7.53459930e+01 2.72328873e+01
   vertex 2.09523544e+01 7.54109192e+01 2.75833588e+01
  endloop
 endfacet
 facet normal -5.77622056e-01 5.70745409e-01 5.83611548e-01
  outer loop
   vertex 2.03748169e+01 7.35841522e+01 2.88236389e+01
   vertex 2.09523544e+01 7.54109192e+01 2.75833588e+01
   vertex 1.97292786e+01 7.35349960e+01 2.82714615e+01
  endloop
 endfacet
 facet normal -3.40034783e-01 6.91205025e-01 6.37661278e-01
  outer loop
   vertex 2.05282364e+01 7.53459930e+01 2.72328873e+01
   vertex 2.05279541e+01 7.52581635e+01 2.73209610e+01
   vertex 2.09523544e+01 7.54109192e+01 2.75833588e+01
  endloop
 endfacet
 facet normal -5.47868371e-01 5.76409936e-01 6.06293499e-01
  outer loop
   vertex 2.09523544e+01 7.54109192e+01 2.75833588e+01
   vertex 2.05279541e+01 7.52581635e+01 2.73209610e+01
   vertex 1.97292786e+01 7.35349960e+01 2.82714615e+01
  endloop
 endfacet
 facet normal -5.13700485e-01 5.48220336e-01 6.59974515e-01
  outer loop
   vertex 2.05279541e+01 7.52581635e+01 2.73209610e+01
   vertex 2.01784897e+01 7.49502792e+01 2.72880936e+01
   vertex 1.97292786e+01 7.35349960e+01 2.82714615e+01
  endloop
 endfacet
 facet normal -5.56850255e-01 5.40882885e-01 6.30367756e-01
  outer loop
   vertex 1.97292786e+01 7.35349960e+01 2.82714615e+01
   vertex 1.92015305e+01 7.18050690e+01 2.92774124e+01
   vertex 2.03748169e+01 7.35841522e+01 2.88236389e+01
  endloop
 endfacet
 facet normal -5.72081447e-01 5.21686912e-01 6.32902503e-01
  outer loop
   vertex 2.03748169e+01 7.35841522e+01 2.88236389e+01
   vertex 1.92015305e+01 7.18050690e+01 2.92774124e+01
   vertex 1.98458710e+01 7.18533630e+01 2.98010101e+01
  endloop
 endfacet
 facet normal -3.65545541e-01 5.33720195e-01 7.62574077e-01
  outer loop
   vertex 2.03748169e+01 7.35841522e+01 2.88236389e+01
   vertex 1.98458710e+01 7.18533630e+01 2.98010101e+01
   vertex 2.10068665e+01 7.36023941e+01 2.94460678e+01
  endloop
 endfacet
 facet normal -9.60624963e-02 4.90281940e-01 8.66253793e-01
  outer loop
   vertex 2.10068665e+01 7.36023941e+01 2.94460678e+01
   vertex 1.98458710e+01 7.18533630e+01 2.98010101e+01
   vertex 2.04852982e+01 7.18989563e+01 3.03511810e+01
  endloop
 endfacet
 facet normal -3.82205546e-01 6.06922626e-01 6.96824074e-01
  outer loop
   vertex 2.09523544e+01 7.54109192e+01 2.75833588e+01
   vertex 2.03748169e+01 7.35841522e+01 2.88236389e+01
   vertex 2.15284424e+01 7.53058319e+01 2.85409470e+01
  endloop
 endfacet
 facet normal -1.10291854e-01 5.47802210e-01 8.29306006e-01
  outer loop
   vertex 2.15284424e+01 7.53058319e+01 2.85409470e+01
   vertex 2.03748169e+01 7.35841522e+01 2.88236389e+01
   vertex 2.10068665e+01 7.36023941e+01 2.94460678e+01
  endloop
 endfacet
 facet normal -6.86235189e-01 5.04679084e-01 5.23813248e-01
  outer loop
   vertex 1.90568085e+01 7.34240112e+01 2.78597794e+01
   vertex 1.83708649e+01 7.32821198e+01 2.75183334e+01
   vertex 1.85473709e+01 7.17514038e+01 2.88069534e+01
  endloop
 endfacet
 facet normal -8.55601549e-01 4.20726508e-01 3.01554680e-01
  outer loop
   vertex 1.85473709e+01 7.17514038e+01 2.88069534e+01
   vertex 1.83708649e+01 7.32821198e+01 2.75183334e+01
   vertex 1.78883057e+01 7.16950531e+01 2.83630753e+01
  endloop
 endfacet
 facet normal -5.14908731e-01 5.46408832e-01 6.60534918e-01
  outer loop
   vertex 1.97292786e+01 7.35349960e+01 2.82714615e+01
   vertex 1.90568085e+01 7.34240112e+01 2.78597794e+01
   vertex 1.92015305e+01 7.18050690e+01 2.92774124e+01
  endloop
 endfacet
 facet normal -5.08585036e-01 5.30652642e-01 6.78047955e-01
  outer loop
   vertex 1.92015305e+01 7.18050690e+01 2.92774124e+01
   vertex 1.90568085e+01 7.34240112e+01 2.78597794e+01
   vertex 1.85473709e+01 7.17514038e+01 2.88069534e+01
  endloop
 endfacet
 facet normal -8.11071634e-01 4.69089627e-01 3.49453479e-01
  outer loop
   vertex 1.83708649e+01 7.32821198e+01 2.75183334e+01
   vertex 1.90568085e+01 7.34240112e+01 2.78597794e+01
   vertex 1.88534164e+01 7.48691788e+01 2.66735840e+01
  endloop
 endfacet
 facet normal -6.05818570e-01 5.35057187e-01 5.88810384e-01
  outer loop
   vertex 1.88534164e+01 7.48691788e+01 2.66735840e+01
   vertex 1.90568085e+01 7.34240112e+01 2.78597794e+01
   vertex 1.91549606e+01 7.49984055e+01 2.66633911e+01
  endloop
 endfacet
 facet normal -3.93231362e-01 5.34682393e-01 7.47986495e-01
  outer loop
   vertex 1.91549606e+01 7.49984055e+01 2.66633911e+01
   vertex 1.90568085e+01 7.34240112e+01 2.78597794e+01
   vertex 1.93570404e+01 7.47398987e+01 2.69252625e+01
  endloop
 endfacet
 facet normal -3.98726314e-01 5.43368638e-01 7.38761008e-01
  outer loop
   vertex 1.90568085e+01 7.34240112e+01 2.78597794e+01
   vertex 1.94398727e+01 7.46339340e+01 2.70326004e+01
   vertex 1.93570404e+01 7.47398987e+01 2.69252625e+01
  endloop
 endfacet
 facet normal -5.32819808e-01 4.86400276e-01 6.92472279e-01
  outer loop
   vertex 1.87032242e+01 7.00912628e+01 3.01239090e+01
   vertex 1.92015305e+01 7.18050690e+01 2.92774124e+01
   vertex 1.80575790e+01 7.00895386e+01 2.96478348e+01
  endloop
 endfacet
 facet normal -5.15616119e-01 5.06216943e-01 6.91291869e-01
  outer loop
   vertex 1.80575790e+01 7.00895386e+01 2.96478348e+01
   vertex 1.92015305e+01 7.18050690e+01 2.92774124e+01
   vertex 1.85473709e+01 7.17514038e+01 2.88069534e+01
  endloop
 endfacet
 facet normal -6.95192337e-01 4.77181226e-01 5.37592530e-01
  outer loop
   vertex 1.80575790e+01 7.00895386e+01 2.96478348e+01
   vertex 1.85473709e+01 7.17514038e+01 2.88069534e+01
   vertex 1.74057617e+01 7.01079865e+01 2.92078171e+01
  endloop
 endfacet
 facet normal -8.56666625e-01 4.19149429e-01 3.00725877e-01
  outer loop
   vertex 1.74057617e+01 7.01079865e+01 2.92078171e+01
   vertex 1.85473709e+01 7.17514038e+01 2.88069534e+01
   vertex 1.78883057e+01 7.16950531e+01 2.83630753e+01
  endloop
 endfacet
 facet normal -6.52793288e-01 3.74290466e-01 6.58610344e-01
  outer loop
   vertex 1.76131973e+01 6.83671341e+01 3.03209534e+01
   vertex 1.80575790e+01 7.00895386e+01 2.96478348e+01
   vertex 1.69232101e+01 6.85209198e+01 3.00525665e+01
  endloop
 endfacet
 facet normal -8.33823919e-01 3.78097266e-01 4.02218968e-01
  outer loop
   vertex 1.69232101e+01 6.85209198e+01 3.00525665e+01
   vertex 1.80575790e+01 7.00895386e+01 2.96478348e+01
   vertex 1.74057617e+01 7.01079865e+01 2.92078171e+01
  endloop
 endfacet
 facet normal -1.20646238e-01 4.68702883e-01 8.75078321e-01
  outer loop
   vertex 1.99637222e+01 7.01955185e+01 3.12563019e+01
   vertex 2.04852982e+01 7.18989563e+01 3.03511810e+01
   vertex 1.93365555e+01 7.01333084e+01 3.06720810e+01
  endloop
 endfacet
 facet normal -3.71580482e-01 5.02860308e-01 7.80422628e-01
  outer loop
   vertex 1.93365555e+01 7.01333084e+01 3.06720810e+01
   vertex 2.04852982e+01 7.18989563e+01 3.03511810e+01
   vertex 1.98458710e+01 7.18533630e+01 2.98010101e+01
  endloop
 endfacet
 facet normal -5.84555328e-01 4.78976727e-01 6.54886484e-01
  outer loop
   vertex 1.93365555e+01 7.01333084e+01 3.06720810e+01
   vertex 1.98458710e+01 7.18533630e+01 2.98010101e+01
   vertex 1.87032242e+01 7.00912628e+01 3.01239090e+01
  endloop
 endfacet
 facet normal -5.62030911e-01 4.95214880e-01 6.62482858e-01
  outer loop
   vertex 1.87032242e+01 7.00912628e+01 3.01239090e+01
   vertex 1.98458710e+01 7.18533630e+01 2.98010101e+01
   vertex 1.92015305e+01 7.18050690e+01 2.92774124e+01
  endloop
 endfacet
 facet normal -6.41691387e-01 4.13755953e-01 6.45784914e-01
  outer loop
   vertex 1.88384323e+01 6.83635788e+01 3.13883514e+01
   vertex 1.93365555e+01 7.01333084e+01 3.06720810e+01
   vertex 1.82350540e+01 6.83351135e+01 3.08005829e+01
  endloop
 endfacet
 facet normal -5.95817924e-01 4.34722334e-01 6.75290704e-01
  outer loop
   vertex 1.82350540e+01 6.83351135e+01 3.08005829e+01
   vertex 1.93365555e+01 7.01333084e+01 3.06720810e+01
   vertex 1.87032242e+01 7.00912628e+01 3.01239090e+01
  endloop
 endfacet
 facet normal -2.01439351e-01 4.14151520e-01 8.87637734e-01
  outer loop
   vertex 1.94421463e+01 6.84920807e+01 3.21614227e+01
   vertex 1.99637222e+01 7.01955185e+01 3.12563019e+01
   vertex 1.88384323e+01 6.83635788e+01 3.13883514e+01
  endloop
 endfacet
 facet normal -4.31416124e-01 4.62875068e-01 7.74355710e-01
  outer loop
   vertex 1.88384323e+01 6.83635788e+01 3.13883514e+01
   vertex 1.99637222e+01 7.01955185e+01 3.12563019e+01
   vertex 1.93365555e+01 7.01333084e+01 3.06720810e+01
  endloop
 endfacet
 facet normal -5.14532983e-01 6.69040203e-01 5.36321759e-01
  outer loop
   vertex 2.35959854e+01 8.35590897e+01 2.02507019e+01
   vertex 2.28838730e+01 8.33104858e+01 1.98735352e+01
   vertex 2.29804459e+01 8.15985794e+01 2.21055374e+01
  endloop
 endfacet
 facet normal -5.13365567e-01 6.69495583e-01 5.36871910e-01
  outer loop
   vertex 2.29804459e+01 8.15985794e+01 2.21055374e+01
   vertex 2.28838730e+01 8.33104858e+01 1.98735352e+01
   vertex 2.22811127e+01 8.13883591e+01 2.17030411e+01
  endloop
 endfacet
 facet normal -2.29426902e-02 6.82030797e-01 7.30963469e-01
  outer loop
   vertex 2.37006378e+01 8.18483887e+01 2.24772415e+01
   vertex 2.29804459e+01 8.15985794e+01 2.21055374e+01
   vertex 2.29765701e+01 7.96675415e+01 2.44984818e+01
  endloop
 endfacet
 facet normal -2.88672656e-01 6.97308540e-01 6.56070769e-01
  outer loop
   vertex 2.29765701e+01 7.96675415e+01 2.44984818e+01
   vertex 2.29804459e+01 8.15985794e+01 2.21055374e+01
   vertex 2.22976532e+01 7.95130615e+01 2.40342789e+01
  endloop
 endfacet
 facet normal -1.78360622e-02 6.88601792e-01 7.24920273e-01
  outer loop
   vertex 2.44247055e+01 8.40292358e+01 2.04559937e+01
   vertex 2.35959854e+01 8.35590897e+01 2.02507019e+01
   vertex 2.37006378e+01 8.18483887e+01 2.24772415e+01
  endloop
 endfacet
 facet normal -2.86561519e-01 7.00681806e-01 6.53396904e-01
  outer loop
   vertex 2.37006378e+01 8.18483887e+01 2.24772415e+01
   vertex 2.35959854e+01 8.35590897e+01 2.02507019e+01
   vertex 2.29804459e+01 8.15985794e+01 2.21055374e+01
  endloop
 endfacet
 facet normal -8.55195522e-01 4.76830631e-01 2.03158021e-01
  outer loop
   vertex 2.09868393e+01 8.11658630e+01 2.07441177e+01
   vertex 2.02757034e+01 7.90669708e+01 2.27206039e+01
   vertex 2.16235428e+01 8.12573242e+01 2.12389679e+01
  endloop
 endfacet
 facet normal -6.96101487e-01 5.98490715e-01 3.96549642e-01
  outer loop
   vertex 2.16235428e+01 8.12573242e+01 2.12389679e+01
   vertex 2.02757034e+01 7.90669708e+01 2.27206039e+01
   vertex 2.09472198e+01 7.92127686e+01 2.31453400e+01
  endloop
 endfacet
 facet normal -5.06895244e-01 6.70485616e-01 5.41762173e-01
  outer loop
   vertex 2.16235428e+01 8.12573242e+01 2.12389679e+01
   vertex 2.09472198e+01 7.92127686e+01 2.31453400e+01
   vertex 2.22811127e+01 8.13883591e+01 2.17030411e+01
  endloop
 endfacet
 facet normal -5.05873919e-01 6.67843878e-01 5.45963526e-01
  outer loop
   vertex 2.22811127e+01 8.13883591e+01 2.17030411e+01
   vertex 2.09472198e+01 7.92127686e+01 2.31453400e+01
   vertex 2.16205826e+01 7.93607483e+01 2.35799484e+01
  endloop
 endfacet
 facet normal -5.15962481e-01 6.70535147e-01 5.33071578e-01
  outer loop
   vertex 2.22343979e+01 8.31806641e+01 1.94039764e+01
   vertex 2.16235428e+01 8.12573242e+01 2.12389679e+01
   vertex 2.28838730e+01 8.33104858e+01 1.98735352e+01
  endloop
 endfacet
 facet normal -5.13256133e-01 6.70443475e-01 5.35792530e-01
  outer loop
   vertex 2.28838730e+01 8.33104858e+01 1.98735352e+01
   vertex 2.16235428e+01 8.12573242e+01 2.12389679e+01
   vertex 2.22811127e+01 8.13883591e+01 2.17030411e+01
  endloop
 endfacet
 facet normal -8.59922469e-01 4.67830420e-01 2.04127520e-01
  outer loop
   vertex 2.16979828e+01 8.32647552e+01 1.87676239e+01
   vertex 2.09868393e+01 8.11658630e+01 2.07441177e+01
   vertex 2.22343979e+01 8.31806641e+01 1.94039764e+01
  endloop
 endfacet
 facet normal -7.04991996e-01 5.96418202e-01 3.83759737e-01
  outer loop
   vertex 2.22343979e+01 8.31806641e+01 1.94039764e+01
   vertex 2.09868393e+01 8.11658630e+01 2.07441177e+01
   vertex 2.16235428e+01 8.12573242e+01 2.12389679e+01
  endloop
 endfacet
 facet normal -4.88184929e-01 6.65070176e-01 5.65116882e-01
  outer loop
   vertex 2.02634964e+01 7.71595535e+01 2.50122452e+01
   vertex 2.09489517e+01 7.73201141e+01 2.53976669e+01
   vertex 2.09472198e+01 7.92127686e+01 2.31453400e+01
  endloop
 endfacet
 facet normal -5.04648209e-01 6.61967576e-01 5.54192305e-01
  outer loop
   vertex 2.09472198e+01 7.92127686e+01 2.31453400e+01
   vertex 2.09489517e+01 7.73201141e+01 2.53976669e+01
   vertex 2.16205826e+01 7.93607483e+01 2.35799484e+01
  endloop
 endfacet
 facet normal -8.38282764e-01 4.93012547e-01 2.32853144e-01
  outer loop
   vertex 1.95645523e+01 7.69680786e+01 2.46970978e+01
   vertex 2.02634964e+01 7.71595535e+01 2.50122452e+01
   vertex 2.02757034e+01 7.90669708e+01 2.27206039e+01
  endloop
 endfacet
 facet normal -6.81541145e-01 6.02590382e-01 4.15194541e-01
  outer loop
   vertex 2.02757034e+01 7.90669708e+01 2.27206039e+01
   vertex 2.02634964e+01 7.71595535e+01 2.50122452e+01
   vertex 2.09472198e+01 7.92127686e+01 2.31453400e+01
  endloop
 endfacet
 facet normal -3.00823569e-01 6.90743387e-01 6.57555103e-01
  outer loop
   vertex 2.22976532e+01 7.95130615e+01 2.40342789e+01
   vertex 2.16074677e+01 7.74188538e+01 2.59235687e+01
   vertex 2.29765701e+01 7.96675415e+01 2.44984818e+01
  endloop
 endfacet
 facet normal -4.27630804e-02 6.73764050e-01 7.37708151e-01
  outer loop
   vertex 2.29765701e+01 7.96675415e+01 2.44984818e+01
   vertex 2.16074677e+01 7.74188538e+01 2.59235687e+01
   vertex 2.22525101e+01 7.74866791e+01 2.65197067e+01
  endloop
 endfacet
 facet normal -5.22839427e-01 6.53576016e-01 5.47245204e-01
  outer loop
   vertex 2.16074677e+01 7.74188538e+01 2.59235687e+01
   vertex 2.22976532e+01 7.95130615e+01 2.40342789e+01
   vertex 2.09489517e+01 7.73201141e+01 2.53976669e+01
  endloop
 endfacet
 facet normal -5.11155188e-01 6.59845769e-01 5.50748527e-01
  outer loop
   vertex 2.09489517e+01 7.73201141e+01 2.53976669e+01
   vertex 2.22976532e+01 7.95130615e+01 2.40342789e+01
   vertex 2.16205826e+01 7.93607483e+01 2.35799484e+01
  endloop
 endfacet
 facet normal -3.41579437e-01 6.72303736e-01 6.56758070e-01
  outer loop
   vertex 2.16074677e+01 7.74188538e+01 2.59235687e+01
   vertex 2.09523544e+01 7.54109192e+01 2.75833588e+01
   vertex 2.22525101e+01 7.74866791e+01 2.65197067e+01
  endloop
 endfacet
 facet normal -9.75877270e-02 6.39332891e-01 7.62712300e-01
  outer loop
   vertex 2.22525101e+01 7.74866791e+01 2.65197067e+01
   vertex 2.09523544e+01 7.54109192e+01 2.75833588e+01
   vertex 2.15284424e+01 7.53058319e+01 2.85409470e+01
  endloop
 endfacet
 facet normal -5.40902615e-01 6.62757516e-01 5.17857850e-01
  outer loop
   vertex 2.48911591e+01 8.84052505e+01 1.54731674e+01
   vertex 2.52703094e+01 8.99454803e+01 1.39023819e+01
   vertex 2.42095184e+01 8.81800690e+01 1.50575066e+01
  endloop
 endfacet
 facet normal -5.40446639e-01 6.64844096e-01 5.15654683e-01
  outer loop
   vertex 2.42095184e+01 8.81800690e+01 1.50575066e+01
   vertex 2.52703094e+01 8.99454803e+01 1.39023819e+01
   vertex 2.45885925e+01 8.97116852e+01 1.34859085e+01
  endloop
 endfacet
 facet normal -5.33054054e-01 6.62249207e-01 5.26573241e-01
  outer loop
   vertex 2.44986801e+01 8.68592682e+01 1.70187225e+01
   vertex 2.48911591e+01 8.84052505e+01 1.54731674e+01
   vertex 2.38121567e+01 8.66336365e+01 1.66135559e+01
  endloop
 endfacet
 facet normal -5.34317255e-01 6.63398743e-01 5.23838878e-01
  outer loop
   vertex 2.38121567e+01 8.66336365e+01 1.66135559e+01
   vertex 2.48911591e+01 8.84052505e+01 1.54731674e+01
   vertex 2.42095184e+01 8.81800690e+01 1.50575066e+01
  endloop
 endfacet
 facet normal -3.08901399e-01 7.09579110e-01 6.33306742e-01
  outer loop
   vertex 2.48911591e+01 8.84052505e+01 1.54731674e+01
   vertex 2.44986801e+01 8.68592682e+01 1.70187225e+01
   vertex 2.55736160e+01 8.86258545e+01 1.59007263e+01
  endloop
 endfacet
 facet normal -3.98760550e-02 7.08678663e-01 7.04403639e-01
  outer loop
   vertex 2.55736160e+01 8.86258545e+01 1.59007263e+01
   vertex 2.44986801e+01 8.68592682e+01 1.70187225e+01
   vertex 2.51906433e+01 8.70936508e+01 1.74191437e+01
  endloop
 endfacet
 facet normal -3.16733211e-01 7.16670096e-01 6.21340513e-01
  outer loop
   vertex 2.52703094e+01 8.99454803e+01 1.39023819e+01
   vertex 2.48911591e+01 8.84052505e+01 1.54731674e+01
   vertex 2.59565811e+01 9.01580582e+01 1.43822975e+01
  endloop
 endfacet
 facet normal -4.66749892e-02 7.16414630e-01 6.96111739e-01
  outer loop
   vertex 2.59565811e+01 9.01580582e+01 1.43822975e+01
   vertex 2.48911591e+01 8.84052505e+01 1.54731674e+01
   vertex 2.55736160e+01 8.86258545e+01 1.59007263e+01
  endloop
 endfacet
 facet normal -5.30523956e-01 6.66314602e-01 5.23993492e-01
  outer loop
   vertex 2.35295181e+01 8.79457397e+01 1.46656189e+01
   vertex 2.31364670e+01 8.64255066e+01 1.61989517e+01
   vertex 2.42095184e+01 8.81800690e+01 1.50575066e+01
  endloop
 endfacet
 facet normal -5.30443788e-01 6.65429413e-01 5.25198221e-01
  outer loop
   vertex 2.42095184e+01 8.81800690e+01 1.50575066e+01
   vertex 2.31364670e+01 8.64255066e+01 1.61989517e+01
   vertex 2.38121567e+01 8.66336365e+01 1.66135559e+01
  endloop
 endfacet
 facet normal -5.30342281e-01 6.68184996e-01 5.21791041e-01
  outer loop
   vertex 2.35295181e+01 8.79457397e+01 1.46656189e+01
   vertex 2.42095184e+01 8.81800690e+01 1.50575066e+01
   vertex 2.39093094e+01 8.94641724e+01 1.31051025e+01
  endloop
 endfacet
 facet normal -5.33377290e-01 6.68006480e-01 5.18918097e-01
  outer loop
   vertex 2.39093094e+01 8.94641724e+01 1.31051025e+01
   vertex 2.42095184e+01 8.81800690e+01 1.50575066e+01
   vertex 2.45885925e+01 8.97116852e+01 1.34859085e+01
  endloop
 endfacet
 facet normal -7.18482494e-01 5.78114629e-01 3.86738211e-01
  outer loop
   vertex 2.39093094e+01 8.94641724e+01 1.31051025e+01
   vertex 2.32344284e+01 8.91875153e+01 1.27916145e+01
   vertex 2.35295181e+01 8.79457397e+01 1.46656189e+01
  endloop
 endfacet
 facet normal -8.73770833e-01 4.37886089e-01 2.11613551e-01
  outer loop
   vertex 2.35295181e+01 8.79457397e+01 1.46656189e+01
   vertex 2.32344284e+01 8.91875153e+01 1.27916145e+01
   vertex 2.28503189e+01 8.77068253e+01 1.42856178e+01
  endloop
 endfacet
 facet normal -5.19793928e-01 6.68763995e-01 5.31572223e-01
  outer loop
   vertex 2.28838730e+01 8.33104858e+01 1.98735352e+01
   vertex 2.33822556e+01 8.50346832e+01 1.81979599e+01
   vertex 2.22343979e+01 8.31806641e+01 1.94039764e+01
  endloop
 endfacet
 facet normal -5.22286892e-01 6.68186903e-01 5.29851556e-01
  outer loop
   vertex 2.22343979e+01 8.31806641e+01 1.94039764e+01
   vertex 2.33822556e+01 8.50346832e+01 1.81979599e+01
   vertex 2.27217255e+01 8.48702698e+01 1.77511902e+01
  endloop
 endfacet
 facet normal -5.25416493e-01 6.66343331e-01 5.29078543e-01
  outer loop
   vertex 2.33822556e+01 8.50346832e+01 1.81979599e+01
   vertex 2.38121567e+01 8.66336365e+01 1.66135559e+01
   vertex 2.27217255e+01 8.48702698e+01 1.77511902e+01
  endloop
 endfacet
 facet normal -5.27134478e-01 6.66263580e-01 5.27467668e-01
  outer loop
   vertex 2.27217255e+01 8.48702698e+01 1.77511902e+01
   vertex 2.38121567e+01 8.66336365e+01 1.66135559e+01
   vertex 2.31364670e+01 8.64255066e+01 1.61989517e+01
  endloop
 endfacet
 facet normal -7.17109382e-01 5.78830779e-01 3.88212681e-01
  outer loop
   vertex 2.27217255e+01 8.48702698e+01 1.77511902e+01
   vertex 2.31364670e+01 8.64255066e+01 1.61989517e+01
   vertex 2.20820923e+01 8.47454529e+01 1.72736206e+01
  endloop
 endfacet
 facet normal -8.72691035e-01 4.40915018e-01 2.09772065e-01
  outer loop
   vertex 2.20820923e+01 8.47454529e+01 1.72736206e+01
   vertex 2.31364670e+01 8.64255066e+01 1.61989517e+01
   vertex 2.24662018e+01 8.62261353e+01 1.57796173e+01
  endloop
 endfacet
 facet normal -7.09472120e-01 5.87915838e-01 3.88592690e-01
  outer loop
   vertex 2.22343979e+01 8.31806641e+01 1.94039764e+01
   vertex 2.27217255e+01 8.48702698e+01 1.77511902e+01
   vertex 2.16979828e+01 8.32647552e+01 1.87676239e+01
  endloop
 endfacet
 facet normal -8.66270840e-01 4.52372789e-01 2.11975798e-01
  outer loop
   vertex 2.16979828e+01 8.32647552e+01 1.87676239e+01
   vertex 2.27217255e+01 8.48702698e+01 1.77511902e+01
   vertex 2.20820923e+01 8.47454529e+01 1.72736206e+01
  endloop
 endfacet
 facet normal -2.97706574e-01 7.10364640e-01 6.37771845e-01
  outer loop
   vertex 2.40845184e+01 8.52782669e+01 1.85831604e+01
   vertex 2.48076782e+01 8.55614471e+01 1.89375763e+01
   vertex 2.44986801e+01 8.68592682e+01 1.70187225e+01
  endloop
 endfacet
 facet normal -3.46586779e-02 7.08219588e-01 7.05141008e-01
  outer loop
   vertex 2.44986801e+01 8.68592682e+01 1.70187225e+01
   vertex 2.48076782e+01 8.55614471e+01 1.89375763e+01
   vertex 2.51906433e+01 8.70936508e+01 1.74191437e+01
  endloop
 endfacet
 facet normal -5.24713159e-01 6.65524483e-01 5.30804336e-01
  outer loop
   vertex 2.33822556e+01 8.50346832e+01 1.81979599e+01
   vertex 2.40845184e+01 8.52782669e+01 1.85831604e+01
   vertex 2.38121567e+01 8.66336365e+01 1.66135559e+01
  endloop
 endfacet
 facet normal -5.27289271e-01 6.63763404e-01 5.30456543e-01
  outer loop
   vertex 2.38121567e+01 8.66336365e+01 1.66135559e+01
   vertex 2.40845184e+01 8.52782669e+01 1.85831604e+01
   vertex 2.44986801e+01 8.68592682e+01 1.70187225e+01
  endloop
 endfacet
 facet normal -5.18259227e-01 6.68222368e-01 5.33747375e-01
  outer loop
   vertex 2.28838730e+01 8.33104858e+01 1.98735352e+01
   vertex 2.35959854e+01 8.35590897e+01 2.02507019e+01
   vertex 2.33822556e+01 8.50346832e+01 1.81979599e+01
  endloop
 endfacet
 facet normal -5.20048797e-01 6.66826427e-01 5.33752501e-01
  outer loop
   vertex 2.33822556e+01 8.50346832e+01 1.81979599e+01
   vertex 2.35959854e+01 8.35590897e+01 2.02507019e+01
   vertex 2.40845184e+01 8.52782669e+01 1.85831604e+01
  endloop
 endfacet
 facet normal -2.86259234e-01 7.05681860e-01 6.48127139e-01
  outer loop
   vertex 2.35959854e+01 8.35590897e+01 2.02507019e+01
   vertex 2.44247055e+01 8.40292358e+01 2.04559937e+01
   vertex 2.40845184e+01 8.52782669e+01 1.85831604e+01
  endloop
 endfacet
 facet normal -2.22476572e-02 7.01236844e-01 7.12581158e-01
  outer loop
   vertex 2.40845184e+01 8.52782669e+01 1.85831604e+01
   vertex 2.44247055e+01 8.40292358e+01 2.04559937e+01
   vertex 2.48076782e+01 8.55614471e+01 1.89375763e+01
  endloop
 endfacet
 facet normal -2.96249222e-02 7.32577980e-01 6.80038154e-01
  outer loop
   vertex 2.74350204e+01 9.65164185e+01 7.57877731e+00
   vertex 2.66283951e+01 9.57522430e+01 7.73691559e+00
   vertex 2.70654144e+01 9.49268265e+01 9.27965927e+00
  endloop
 endfacet
 facet normal -3.13966662e-01 7.25073278e-01 6.12938523e-01
  outer loop
   vertex 2.70654144e+01 9.49268265e+01 9.27965927e+00
   vertex 2.66283951e+01 9.57522430e+01 7.73691559e+00
   vertex 2.63496094e+01 9.45263214e+01 9.04488373e+00
  endloop
 endfacet
 facet normal -8.85838807e-01 4.19617623e-01 1.98016733e-01
  outer loop
   vertex 2.43488235e+01 9.38967896e+01 7.71574402e+00
   vertex 2.39773636e+01 9.23270340e+01 9.40769958e+00
   vertex 2.49913101e+01 9.40113068e+01 8.26293182e+00
  endloop
 endfacet
 facet normal -7.34069228e-01 5.69314897e-01 3.70166004e-01
  outer loop
   vertex 2.49913101e+01 9.40113068e+01 8.26293182e+00
   vertex 2.39773636e+01 9.23270340e+01 9.40769958e+00
   vertex 2.46473999e+01 9.25461273e+01 9.83401489e+00
  endloop
 endfacet
 facet normal -5.44493020e-01 6.68786287e-01 5.06213665e-01
  outer loop
   vertex 2.49913101e+01 9.40113068e+01 8.26293182e+00
   vertex 2.46473999e+01 9.25461273e+01 9.83401489e+00
   vertex 2.56521454e+01 9.41973114e+01 8.73200989e+00
  endloop
 endfacet
 facet normal -5.42886436e-01 6.69222713e-01 5.07361054e-01
  outer loop
   vertex 2.56521454e+01 9.41973114e+01 8.73200989e+00
   vertex 2.46473999e+01 9.25461273e+01 9.83401489e+00
   vertex 2.53222198e+01 9.27819443e+01 1.02437782e+01
  endloop
 endfacet
 facet normal -5.49812734e-01 6.64534271e-01 5.06063402e-01
  outer loop
   vertex 2.52703629e+01 9.52297516e+01 6.95909500e+00
   vertex 2.49913101e+01 9.40113068e+01 8.26293182e+00
   vertex 2.59218903e+01 9.53837433e+01 7.46516418e+00
  endloop
 endfacet
 facet normal -5.46324849e-01 6.66494310e-01 5.07261753e-01
  outer loop
   vertex 2.59218903e+01 9.53837433e+01 7.46516418e+00
   vertex 2.49913101e+01 9.40113068e+01 8.26293182e+00
   vertex 2.56521454e+01 9.41973114e+01 8.73200989e+00
  endloop
 endfacet
 facet normal -7.38560855e-01 5.64433575e-01 3.68703991e-01
  outer loop
   vertex 2.49913101e+01 9.40113068e+01 8.26293182e+00
   vertex 2.52703629e+01 9.52297516e+01 6.95909500e+00
   vertex 2.43488235e+01 9.38967896e+01 7.71574402e+00
  endloop
 endfacet
 facet normal -8.84837627e-01 4.15663123e-01 2.10443705e-01
  outer loop
   vertex 2.43488235e+01 9.38967896e+01 7.71574402e+00
   vertex 2.52703629e+01 9.52297516e+01 6.95909500e+00
   vertex 2.47202911e+01 9.54665527e+01 6.02378845e+00
  endloop
 endfacet
 facet normal -5.38352847e-01 6.68734789e-01 5.12805998e-01
  outer loop
   vertex 2.49636002e+01 9.12661896e+01 1.18548737e+01
   vertex 2.42843475e+01 9.10140228e+01 1.14713211e+01
   vertex 2.45885925e+01 8.97116852e+01 1.34859085e+01
  endloop
 endfacet
 facet normal -5.34037709e-01 6.69952929e-01 5.15719712e-01
  outer loop
   vertex 2.45885925e+01 8.97116852e+01 1.34859085e+01
   vertex 2.42843475e+01 9.10140228e+01 1.14713211e+01
   vertex 2.39093094e+01 8.94641724e+01 1.31051025e+01
  endloop
 endfacet
 facet normal -5.40114164e-01 6.70227647e-01 5.08990765e-01
  outer loop
   vertex 2.46473999e+01 9.25461273e+01 9.83401489e+00
   vertex 2.42843475e+01 9.10140228e+01 1.14713211e+01
   vertex 2.53222198e+01 9.27819443e+01 1.02437782e+01
  endloop
 endfacet
 facet normal -5.39690971e-01 6.69552326e-01 5.10326743e-01
  outer loop
   vertex 2.53222198e+01 9.27819443e+01 1.02437782e+01
   vertex 2.42843475e+01 9.10140228e+01 1.14713211e+01
   vertex 2.49636002e+01 9.12661896e+01 1.18548737e+01
  endloop
 endfacet
 facet normal -8.82981241e-01 4.24191386e-01 2.01011911e-01
  outer loop
   vertex 2.39773636e+01 9.23270340e+01 9.40769958e+00
   vertex 2.36058960e+01 9.07572784e+01 1.10996552e+01
   vertex 2.46473999e+01 9.25461273e+01 9.83401489e+00
  endloop
 endfacet
 facet normal -7.29258120e-01 5.72404802e-01 3.74880433e-01
  outer loop
   vertex 2.46473999e+01 9.25461273e+01 9.83401489e+00
   vertex 2.36058960e+01 9.07572784e+01 1.10996552e+01
   vertex 2.42843475e+01 9.10140228e+01 1.14713211e+01
  endloop
 endfacet
 facet normal -8.75534177e-01 4.34450328e-01 2.11406693e-01
  outer loop
   vertex 2.32344284e+01 8.91875153e+01 1.27916145e+01
   vertex 2.39093094e+01 8.94641724e+01 1.31051025e+01
   vertex 2.36058960e+01 9.07572784e+01 1.10996552e+01
  endloop
 endfacet
 facet normal -7.25374937e-01 5.73925793e-01 3.80053192e-01
  outer loop
   vertex 2.36058960e+01 9.07572784e+01 1.10996552e+01
   vertex 2.39093094e+01 8.94641724e+01 1.31051025e+01
   vertex 2.42843475e+01 9.10140228e+01 1.14713211e+01
  endloop
 endfacet
 facet normal -4.97899391e-02 7.33706594e-01 6.77639723e-01
  outer loop
   vertex 2.66958008e+01 9.33372345e+01 1.09805374e+01
   vertex 2.60066299e+01 9.30512238e+01 1.06204376e+01
   vertex 2.63261948e+01 9.17476501e+01 1.26814156e+01
  endloop
 endfacet
 facet normal -3.16427737e-01 7.24634111e-01 6.12191916e-01
  outer loop
   vertex 2.63261948e+01 9.17476501e+01 1.26814156e+01
   vertex 2.60066299e+01 9.30512238e+01 1.06204376e+01
   vertex 2.56444855e+01 9.15092087e+01 1.22621994e+01
  endloop
 endfacet
 facet normal -5.43713689e-01 6.65502429e-01 5.11353076e-01
  outer loop
   vertex 2.52703094e+01 8.99454803e+01 1.39023819e+01
   vertex 2.56444855e+01 9.15092087e+01 1.22621994e+01
   vertex 2.45885925e+01 8.97116852e+01 1.34859085e+01
  endloop
 endfacet
 facet normal -5.40969789e-01 6.67459309e-01 5.11712611e-01
  outer loop
   vertex 2.45885925e+01 8.97116852e+01 1.34859085e+01
   vertex 2.56444855e+01 9.15092087e+01 1.22621994e+01
   vertex 2.49636002e+01 9.12661896e+01 1.18548737e+01
  endloop
 endfacet
 facet normal -5.13021536e-02 7.27887213e-01 6.83775008e-01
  outer loop
   vertex 2.59565811e+01 9.01580582e+01 1.43822975e+01
   vertex 2.63261948e+01 9.17476501e+01 1.26814156e+01
   vertex 2.52703094e+01 8.99454803e+01 1.39023819e+01
  endloop
 endfacet
 facet normal -3.18683624e-01 7.22804308e-01 6.13184094e-01
  outer loop
   vertex 2.52703094e+01 8.99454803e+01 1.39023819e+01
   vertex 2.63261948e+01 9.17476501e+01 1.26814156e+01
   vertex 2.56444855e+01 9.15092087e+01 1.22621994e+01
  endloop
 endfacet
 facet normal -5.38864493e-01 6.19098723e-01 5.71263313e-01
  outer loop
   vertex 2.70278473e+01 9.79428101e+01 5.46541214e+00
   vertex 2.63179779e+01 9.76482849e+01 5.12462997e+00
   vertex 2.69746857e+01 9.75410614e+01 5.87098694e+00
  endloop
 endfacet
 facet normal -5.47690868e-01 6.17043078e-01 5.65059781e-01
  outer loop
   vertex 2.69746857e+01 9.75410614e+01 5.87098694e+00
   vertex 2.63179779e+01 9.76482849e+01 5.12462997e+00
   vertex 2.62853088e+01 9.72682266e+01 5.49997330e+00
  endloop
 endfacet
 facet normal -5.46456635e-01 6.35543108e-01 5.45408249e-01
  outer loop
   vertex 2.69746857e+01 9.75410614e+01 5.87098694e+00
   vertex 2.62853088e+01 9.72682266e+01 5.49997330e+00
   vertex 2.68995132e+01 9.70847092e+01 6.33890533e+00
  endloop
 endfacet
 facet normal -5.49410582e-01 6.37730539e-01 5.39858997e-01
  outer loop
   vertex 2.68995132e+01 9.70847092e+01 6.33890533e+00
   vertex 2.62853088e+01 9.72682266e+01 5.49997330e+00
   vertex 2.62125092e+01 9.68016663e+01 5.97608948e+00
  endloop
 endfacet
 facet normal -4.34485227e-02 7.14962721e-01 6.97811246e-01
  outer loop
   vertex 2.76721725e+01 9.78240204e+01 6.22902298e+00
   vertex 2.69746857e+01 9.75410614e+01 5.87098694e+00
   vertex 2.75931320e+01 9.73881531e+01 6.67893982e+00
  endloop
 endfacet
 facet normal -3.13880950e-01 7.03109384e-01 6.38056338e-01
  outer loop
   vertex 2.75931320e+01 9.73881531e+01 6.67893982e+00
   vertex 2.69746857e+01 9.75410614e+01 5.87098694e+00
   vertex 2.68995132e+01 9.70847092e+01 6.33890533e+00
  endloop
 endfacet
 facet normal -3.37294601e-02 7.08447635e-01 7.04956889e-01
  outer loop
   vertex 2.77512207e+01 9.82598801e+01 5.77910995e+00
   vertex 2.70278473e+01 9.79428101e+01 5.46541214e+00
   vertex 2.76721725e+01 9.78240204e+01 6.22902298e+00
  endloop
 endfacet
 facet normal -3.05936843e-01 6.94985747e-01 6.50690019e-01
  outer loop
   vertex 2.76721725e+01 9.78240204e+01 6.22902298e+00
   vertex 2.70278473e+01 9.79428101e+01 5.46541214e+00
   vertex 2.69746857e+01 9.75410614e+01 5.87098694e+00
  endloop
 endfacet
 facet normal -7.43740320e-01 5.29137075e-01 4.08490300e-01
  outer loop
   vertex 2.55387268e+01 9.65594330e+01 5.56772232e+00
   vertex 2.56121979e+01 9.70156250e+01 5.10298157e+00
   vertex 2.48715591e+01 9.63376083e+01 5.13659668e+00
  endloop
 endfacet
 facet normal -8.93074274e-01 3.79593015e-01 2.41510898e-01
  outer loop
   vertex 2.48715591e+01 9.63376083e+01 5.13659668e+00
   vertex 2.56121979e+01 9.70156250e+01 5.10298157e+00
   vertex 2.49471970e+01 9.67731323e+01 4.69301224e+00
  endloop
 endfacet
 facet normal -5.53474128e-01 6.09941661e-01 5.67130983e-01
  outer loop
   vertex 2.62853088e+01 9.72682266e+01 5.49997330e+00
   vertex 2.63179779e+01 9.76482849e+01 5.12462997e+00
   vertex 2.56121979e+01 9.70156250e+01 5.10298157e+00
  endloop
 endfacet
 facet normal -5.60110986e-01 5.83647132e-01 5.87904513e-01
  outer loop
   vertex 2.56121979e+01 9.70156250e+01 5.10298157e+00
   vertex 2.63179779e+01 9.76482849e+01 5.12462997e+00
   vertex 2.56324921e+01 9.73841171e+01 4.74489975e+00
  endloop
 endfacet
 facet normal -7.51172364e-01 4.92223620e-01 4.39836353e-01
  outer loop
   vertex 2.56121979e+01 9.70156250e+01 5.10298157e+00
   vertex 2.56324921e+01 9.73841171e+01 4.74489975e+00
   vertex 2.49471970e+01 9.67731323e+01 4.69301224e+00
  endloop
 endfacet
 facet normal -7.59956479e-01 3.38010579e-01 5.55171132e-01
  outer loop
   vertex 2.49471970e+01 9.67731323e+01 4.69301224e+00
   vertex 2.56324921e+01 9.73841171e+01 4.74489975e+00
   vertex 2.50228348e+01 9.72086639e+01 4.24941254e+00
  endloop
 endfacet
 facet normal -5.50446510e-01 6.60394132e-01 5.10772169e-01
  outer loop
   vertex 2.59218903e+01 9.53837433e+01 7.46516418e+00
   vertex 2.61000290e+01 9.62126846e+01 6.58883667e+00
   vertex 2.52703629e+01 9.52297516e+01 6.95909500e+00
  endloop
 endfacet
 facet normal -5.54302454e-01 6.55236006e-01 5.13239264e-01
  outer loop
   vertex 2.52703629e+01 9.52297516e+01 6.95909500e+00
   vertex 2.61000290e+01 9.62126846e+01 6.58883667e+00
   vertex 2.54388123e+01 9.60216370e+01 6.12356567e+00
  endloop
 endfacet
 facet normal -5.52757919e-01 6.49012685e-01 5.22724807e-01
  outer loop
   vertex 2.61000290e+01 9.62126846e+01 6.58883667e+00
   vertex 2.62125092e+01 9.68016663e+01 5.97608948e+00
   vertex 2.54388123e+01 9.60216370e+01 6.12356567e+00
  endloop
 endfacet
 facet normal -5.54953337e-01 6.43747985e-01 5.26892185e-01
  outer loop
   vertex 2.54388123e+01 9.60216370e+01 6.12356567e+00
   vertex 2.62125092e+01 9.68016663e+01 5.97608948e+00
   vertex 2.55387268e+01 9.65594330e+01 5.56772232e+00
  endloop
 endfacet
 facet normal -7.42153406e-01 5.41688621e-01 3.94691974e-01
  outer loop
   vertex 2.54388123e+01 9.60216370e+01 6.12356567e+00
   vertex 2.55387268e+01 9.65594330e+01 5.56772232e+00
   vertex 2.47959290e+01 9.59020844e+01 5.58018875e+00
  endloop
 endfacet
 facet normal -8.89901876e-01 3.92793626e-01 2.31921986e-01
  outer loop
   vertex 2.47959290e+01 9.59020844e+01 5.58018875e+00
   vertex 2.55387268e+01 9.65594330e+01 5.56772232e+00
   vertex 2.48715591e+01 9.63376083e+01 5.13659668e+00
  endloop
 endfacet
 facet normal -7.37496436e-01 5.55177391e-01 3.84547889e-01
  outer loop
   vertex 2.52703629e+01 9.52297516e+01 6.95909500e+00
   vertex 2.54388123e+01 9.60216370e+01 6.12356567e+00
   vertex 2.47202911e+01 9.54665527e+01 6.02378845e+00
  endloop
 endfacet
 facet normal -8.86083663e-01 4.03830260e-01 2.27545172e-01
  outer loop
   vertex 2.47202911e+01 9.54665527e+01 6.02378845e+00
   vertex 2.54388123e+01 9.60216370e+01 6.12356567e+00
   vertex 2.47959290e+01 9.59020844e+01 5.58018875e+00
  endloop
 endfacet
 facet normal -3.11247051e-01 7.11380243e-01 6.30129695e-01
  outer loop
   vertex 2.67978973e+01 9.65467377e+01 6.89789963e+00
   vertex 2.75140686e+01 9.69522858e+01 7.12886047e+00
   vertex 2.68995132e+01 9.70847092e+01 6.33890533e+00
  endloop
 endfacet
 facet normal -4.24173959e-02 7.20163286e-01 6.92506731e-01
  outer loop
   vertex 2.68995132e+01 9.70847092e+01 6.33890533e+00
   vertex 2.75140686e+01 9.69522858e+01 7.12886047e+00
   vertex 2.75931320e+01 9.73881531e+01 6.67893982e+00
  endloop
 endfacet
 facet normal -2.98426360e-01 7.22886086e-01 6.23199344e-01
  outer loop
   vertex 2.66283951e+01 9.57522430e+01 7.73691559e+00
   vertex 2.74350204e+01 9.65164185e+01 7.57877731e+00
   vertex 2.67978973e+01 9.65467377e+01 6.89789963e+00
  endloop
 endfacet
 facet normal -2.52968539e-02 7.25779891e-01 6.87461674e-01
  outer loop
   vertex 2.67978973e+01 9.65467377e+01 6.89789963e+00
   vertex 2.74350204e+01 9.65164185e+01 7.57877731e+00
   vertex 2.75140686e+01 9.69522858e+01 7.12886047e+00
  endloop
 endfacet
 facet normal -7.02375323e-02 2.60628704e-02 -9.97189760e-01
  outer loop
   vertex 4.05445938e+01 3.70861053e+01 4.40387726e-01
   vertex 4.06971207e+01 3.92414856e+01 5.02452850e-01
   vertex 4.14077454e+01 3.71701736e+01 3.85826111e-01
  endloop
 endfacet
 facet normal -9.06379819e-02 2.60100383e-02 -9.95544195e-01
  outer loop
   vertex 4.14077454e+01 3.71701736e+01 3.85826111e-01
   vertex 4.06971207e+01 3.92414856e+01 5.02452850e-01
   vertex 4.15454407e+01 3.92993774e+01 4.12967682e-01
  endloop
 endfacet
 facet normal -1.18586577e-01 3.57612185e-02 -9.92299557e-01
  outer loop
   vertex 4.06971207e+01 3.92414856e+01 5.02452850e-01
   vertex 4.07500381e+01 4.11041489e+01 5.84331512e-01
   vertex 4.15454407e+01 3.92993774e+01 4.12967682e-01
  endloop
 endfacet
 facet normal -1.41318038e-01 2.68557500e-02 -9.89599884e-01
  outer loop
   vertex 4.15454407e+01 3.92993774e+01 4.12967682e-01
   vertex 4.07500381e+01 4.11041489e+01 5.84331512e-01
   vertex 4.15770340e+01 4.11078796e+01 4.50492859e-01
  endloop
 endfacet
 facet normal 4.23961282e-01 7.49745499e-03 -9.05649304e-01
  outer loop
   vertex 4.24128952e+01 4.11307907e+01 3.16329956e-01
   vertex 4.24229660e+01 3.94513474e+01 3.15956116e-01
   vertex 4.15770340e+01 4.11078796e+01 4.50492859e-01
  endloop
 endfacet
 facet normal 1.49176851e-01 1.42995277e-02 -9.88707125e-01
  outer loop
   vertex 4.15770340e+01 4.11078796e+01 4.50492859e-01
   vertex 4.24229660e+01 3.94513474e+01 3.15956116e-01
   vertex 4.15454407e+01 3.92993774e+01 4.12967682e-01
  endloop
 endfacet
 facet normal 4.82506454e-01 -9.90404561e-03 -8.75836432e-01
  outer loop
   vertex 4.24229660e+01 3.94513474e+01 3.15956116e-01
   vertex 4.24330215e+01 3.77719040e+01 3.15582275e-01
   vertex 4.15454407e+01 3.92993774e+01 4.12967682e-01
  endloop
 endfacet
 facet normal 2.08954394e-01 -5.52157545e-03 -9.77909803e-01
  outer loop
   vertex 4.15454407e+01 3.92993774e+01 4.12967682e-01
   vertex 4.24330215e+01 3.77719040e+01 3.15582275e-01
   vertex 4.14077454e+01 3.71701736e+01 3.85826111e-01
  endloop
 endfacet
 facet normal -3.42500240e-01 8.36348757e-02 -9.35787797e-01
  outer loop
   vertex 3.99071960e+01 3.93717499e+01 5.76877594e-01
   vertex 3.91464615e+01 3.95960922e+01 6.43764496e-01
   vertex 3.99407959e+01 4.11387787e+01 7.17506409e-01
  endloop
 endfacet
 facet normal -6.09318435e-01 7.81907439e-02 -7.89061010e-01
  outer loop
   vertex 3.99407959e+01 4.11387787e+01 7.17506409e-01
   vertex 3.91464615e+01 3.95960922e+01 6.43764496e-01
   vertex 3.91404190e+01 4.11925812e+01 8.50360870e-01
  endloop
 endfacet
 facet normal -1.03602313e-01 5.37130386e-02 -9.93167400e-01
  outer loop
   vertex 4.06971207e+01 3.92414856e+01 5.02452850e-01
   vertex 3.99071960e+01 3.93717499e+01 5.76877594e-01
   vertex 4.07500381e+01 4.11041489e+01 5.84331512e-01
  endloop
 endfacet
 facet normal -1.25510424e-01 6.79560155e-02 -9.89762127e-01
  outer loop
   vertex 4.07500381e+01 4.11041489e+01 5.84331512e-01
   vertex 3.99071960e+01 3.93717499e+01 5.76877594e-01
   vertex 3.99407959e+01 4.11387787e+01 7.17506409e-01
  endloop
 endfacet
 facet normal -4.47289757e-02 2.64152791e-02 -9.98649836e-01
  outer loop
   vertex 4.05445938e+01 3.70861053e+01 4.40387726e-01
   vertex 3.97690277e+01 3.72842636e+01 4.72362518e-01
   vertex 4.06971207e+01 3.92414856e+01 5.02452850e-01
  endloop
 endfacet
 facet normal -5.01240678e-02 4.43123430e-02 -9.97759461e-01
  outer loop
   vertex 4.06971207e+01 3.92414856e+01 5.02452850e-01
   vertex 3.97690277e+01 3.72842636e+01 4.72362518e-01
   vertex 3.99071960e+01 3.93717499e+01 5.76877594e-01
  endloop
 endfacet
 facet normal -2.27996007e-01 6.01776429e-02 -9.71800625e-01
  outer loop
   vertex 3.97690277e+01 3.72842636e+01 4.72362518e-01
   vertex 3.91525040e+01 3.79996109e+01 4.37171936e-01
   vertex 3.99071960e+01 3.93717499e+01 5.76877594e-01
  endloop
 endfacet
 facet normal -4.95236248e-01 8.22690204e-02 -8.64854276e-01
  outer loop
   vertex 3.99071960e+01 3.93717499e+01 5.76877594e-01
   vertex 3.91525040e+01 3.79996109e+01 4.37171936e-01
   vertex 3.91464615e+01 3.95960922e+01 6.43764496e-01
  endloop
 endfacet
 facet normal -2.58152664e-01 5.25629111e-02 -9.64673162e-01
  outer loop
   vertex 3.99389114e+01 4.28290863e+01 8.59466553e-01
   vertex 3.99005356e+01 4.45342712e+01 9.70520020e-01
   vertex 4.07497482e+01 4.28517456e+01 6.68186188e-01
  endloop
 endfacet
 facet normal -2.67116249e-01 2.96778474e-02 -9.63207185e-01
  outer loop
   vertex 4.07497482e+01 4.28517456e+01 6.68186188e-01
   vertex 3.99005356e+01 4.45342712e+01 9.70520020e-01
   vertex 4.07071152e+01 4.45852280e+01 7.37476349e-01
  endloop
 endfacet
 facet normal -1.78077489e-01 5.83320782e-02 -9.82285976e-01
  outer loop
   vertex 4.07500381e+01 4.11041489e+01 5.84331512e-01
   vertex 3.99407959e+01 4.11387787e+01 7.17506409e-01
   vertex 4.07497482e+01 4.28517456e+01 6.68186188e-01
  endloop
 endfacet
 facet normal -2.06500456e-01 7.28965774e-02 -9.75727260e-01
  outer loop
   vertex 4.07497482e+01 4.28517456e+01 6.68186188e-01
   vertex 3.99407959e+01 4.11387787e+01 7.17506409e-01
   vertex 3.99389114e+01 4.28290863e+01 8.59466553e-01
  endloop
 endfacet
 facet normal -4.30636853e-01 8.23142529e-02 -8.98763716e-01
  outer loop
   vertex 3.99407959e+01 4.11387787e+01 7.17506409e-01
   vertex 3.91404190e+01 4.11925812e+01 8.50360870e-01
   vertex 3.99389114e+01 4.28290863e+01 8.59466553e-01
  endloop
 endfacet
 facet normal -6.76042974e-01 7.66726583e-02 -7.32862353e-01
  outer loop
   vertex 3.99389114e+01 4.28290863e+01 8.59466553e-01
   vertex 3.91404190e+01 4.11925812e+01 8.50360870e-01
   vertex 3.91343689e+01 4.27890625e+01 1.05695343e+00
  endloop
 endfacet
 facet normal -7.02398539e-01 5.41111082e-02 -7.09724069e-01
  outer loop
   vertex 3.91343689e+01 4.27890625e+01 1.05695343e+00
   vertex 3.91283188e+01 4.43855438e+01 1.26354218e+00
   vertex 3.99389114e+01 4.28290863e+01 8.59466553e-01
  endloop
 endfacet
 facet normal -5.07685483e-01 3.76771875e-02 -8.60718250e-01
  outer loop
   vertex 3.99389114e+01 4.28290863e+01 8.59466553e-01
   vertex 3.91283188e+01 4.43855438e+01 1.26354218e+00
   vertex 3.99005356e+01 4.45342712e+01 9.70520020e-01
  endloop
 endfacet
 facet normal 9.47813988e-02 1.60328709e-02 -9.95369017e-01
  outer loop
   vertex 4.15731506e+01 4.28396759e+01 4.89330292e-01
   vertex 4.24028320e+01 4.28102417e+01 3.16703796e-01
   vertex 4.15770340e+01 4.11078796e+01 4.50492859e-01
  endloop
 endfacet
 facet normal 4.02053744e-01 1.00068580e-02 -9.15561378e-01
  outer loop
   vertex 4.15770340e+01 4.11078796e+01 4.50492859e-01
   vertex 4.24028320e+01 4.28102417e+01 3.16703796e-01
   vertex 4.24128952e+01 4.11307907e+01 3.16329956e-01
  endloop
 endfacet
 facet normal -1.94626451e-01 3.69630978e-02 -9.80180740e-01
  outer loop
   vertex 4.07497482e+01 4.28517456e+01 6.68186188e-01
   vertex 4.15731506e+01 4.28396759e+01 4.89330292e-01
   vertex 4.07500381e+01 4.11041489e+01 5.84331512e-01
  endloop
 endfacet
 facet normal -1.73328325e-01 2.61429194e-02 -9.84517038e-01
  outer loop
   vertex 4.07500381e+01 4.11041489e+01 5.84331512e-01
   vertex 4.15731506e+01 4.28396759e+01 4.89330292e-01
   vertex 4.15770340e+01 4.11078796e+01 4.50492859e-01
  endloop
 endfacet
 facet normal -2.23364994e-01 2.47623920e-02 -9.74420309e-01
  outer loop
   vertex 4.15731506e+01 4.28396759e+01 4.89330292e-01
   vertex 4.07497482e+01 4.28517456e+01 6.68186188e-01
   vertex 4.15325699e+01 4.45840759e+01 5.23078918e-01
  endloop
 endfacet
 facet normal -2.43732318e-01 2.47729365e-02 -9.69526112e-01
  outer loop
   vertex 4.15325699e+01 4.45840759e+01 5.23078918e-01
   vertex 4.07497482e+01 4.28517456e+01 6.68186188e-01
   vertex 4.07071152e+01 4.45852280e+01 7.37476349e-01
  endloop
 endfacet
 facet normal 6.84972405e-02 2.09745448e-02 -9.97430801e-01
  outer loop
   vertex 4.15325699e+01 4.45840759e+01 5.23078918e-01
   vertex 4.23927765e+01 4.44896774e+01 3.17073822e-01
   vertex 4.15731506e+01 4.28396759e+01 4.89330292e-01
  endloop
 endfacet
 facet normal 3.84541452e-01 2.17383299e-02 -9.22851741e-01
  outer loop
   vertex 4.15731506e+01 4.28396759e+01 4.89330292e-01
   vertex 4.23927765e+01 4.44896774e+01 3.17073822e-01
   vertex 4.24028320e+01 4.28102417e+01 3.16703796e-01
  endloop
 endfacet
 facet normal -4.08491910e-01 8.91035676e-01 1.97963998e-01
  outer loop
   vertex 2.64301300e+01 9.91553955e+01 3.79709625e+00
   vertex 2.72345963e+01 9.95203247e+01 3.85525894e+00
   vertex 2.65146637e+01 9.92639771e+01 3.71004486e+00
  endloop
 endfacet
 facet normal -3.78878981e-01 9.07233298e-01 -1.82697624e-01
  outer loop
   vertex 2.65146637e+01 9.92639771e+01 3.71004486e+00
   vertex 2.72345963e+01 9.95203247e+01 3.85525894e+00
   vertex 2.72756958e+01 9.95746155e+01 3.78041077e+00
  endloop
 endfacet
 facet normal -4.01847929e-01 7.73164570e-01 4.90647286e-01
  outer loop
   vertex 2.63455963e+01 9.90468216e+01 3.88415527e+00
   vertex 2.71934891e+01 9.94660339e+01 3.93010330e+00
   vertex 2.64301300e+01 9.91553955e+01 3.79709625e+00
  endloop
 endfacet
 facet normal -4.04630363e-01 8.03183615e-01 4.37230378e-01
  outer loop
   vertex 2.64301300e+01 9.91553955e+01 3.79709625e+00
   vertex 2.71934891e+01 9.94660339e+01 3.93010330e+00
   vertex 2.72345963e+01 9.95203247e+01 3.85525894e+00
  endloop
 endfacet
 facet normal -1.74917430e-01 9.46562290e-01 2.70968050e-01
  outer loop
   vertex 2.71934891e+01 9.94660339e+01 3.93010330e+00
   vertex 2.80413742e+01 9.98852539e+01 3.97605896e+00
   vertex 2.72345963e+01 9.95203247e+01 3.85525894e+00
  endloop
 endfacet
 facet normal 1.15006551e-01 9.83980298e-01 1.36221468e-01
  outer loop
   vertex 2.72345963e+01 9.95203247e+01 3.85525894e+00
   vertex 2.80413742e+01 9.98852539e+01 3.97605896e+00
   vertex 2.80390472e+01 9.98852539e+01 3.91341400e+00
  endloop
 endfacet
 facet normal -1.33252531e-01 9.90236461e-01 -4.09328677e-02
  outer loop
   vertex 2.72345963e+01 9.95203247e+01 3.85525894e+00
   vertex 2.80390472e+01 9.98852539e+01 3.91341400e+00
   vertex 2.72756958e+01 9.95746155e+01 3.78041077e+00
  endloop
 endfacet
 facet normal 1.30417556e-01 9.24969196e-01 -3.56963903e-01
  outer loop
   vertex 2.72756958e+01 9.95746155e+01 3.78041077e+00
   vertex 2.80390472e+01 9.98852539e+01 3.91341400e+00
   vertex 2.80367279e+01 9.98852615e+01 3.85077667e+00
  endloop
 endfacet
 facet normal -7.47579813e-01 6.57956243e-01 9.06530917e-02
  outer loop
   vertex 2.46497955e+01 9.82083817e+01 3.79225159e+00
   vertex 2.54976959e+01 9.86276016e+01 3.83820343e+00
   vertex 2.48211823e+01 9.84255371e+01 3.68077850e+00
  endloop
 endfacet
 facet normal -5.74504614e-01 7.08487511e-01 4.09865677e-01
  outer loop
   vertex 2.48211823e+01 9.84255371e+01 3.68077850e+00
   vertex 2.54976959e+01 9.86276016e+01 3.83820343e+00
   vertex 2.56256638e+01 9.87904663e+01 3.73893738e+00
  endloop
 endfacet
 facet normal -3.73235881e-01 6.98687613e-01 6.10352814e-01
  outer loop
   vertex 2.54976959e+01 9.86276016e+01 3.83820343e+00
   vertex 2.63455963e+01 9.90468216e+01 3.88415527e+00
   vertex 2.56256638e+01 9.87904663e+01 3.73893738e+00
  endloop
 endfacet
 facet normal -3.75333607e-01 7.19415367e-01 5.84436655e-01
  outer loop
   vertex 2.56256638e+01 9.87904663e+01 3.73893738e+00
   vertex 2.63455963e+01 9.90468216e+01 3.88415527e+00
   vertex 2.64301300e+01 9.91553955e+01 3.79709625e+00
  endloop
 endfacet
 facet normal -4.01949942e-01 8.57667565e-01 3.20690721e-01
  outer loop
   vertex 2.56256638e+01 9.87904663e+01 3.73893738e+00
   vertex 2.64301300e+01 9.91553955e+01 3.79709625e+00
   vertex 2.57536316e+01 9.89533310e+01 3.63967514e+00
  endloop
 endfacet
 facet normal -3.90755087e-01 9.17523980e-01 -7.38934726e-02
  outer loop
   vertex 2.57536316e+01 9.89533310e+01 3.63967514e+00
   vertex 2.64301300e+01 9.91553955e+01 3.79709625e+00
   vertex 2.65146637e+01 9.92639771e+01 3.71004486e+00
  endloop
 endfacet
 facet normal -6.66100621e-01 7.45080829e-01 3.41254547e-02
  outer loop
   vertex 2.48211823e+01 9.84255371e+01 3.68077850e+00
   vertex 2.56256638e+01 9.87904663e+01 3.73893738e+00
   vertex 2.49925919e+01 9.86426849e+01 3.56930923e+00
  endloop
 endfacet
 facet normal -4.86933261e-01 8.72940719e-01 -2.95051485e-02
  outer loop
   vertex 2.49925919e+01 9.86426849e+01 3.56930923e+00
   vertex 2.56256638e+01 9.87904663e+01 3.73893738e+00
   vertex 2.57536316e+01 9.89533310e+01 3.63967514e+00
  endloop
 endfacet
 facet normal -3.82247150e-01 6.38886571e-01 6.67615950e-01
  outer loop
   vertex 2.52417679e+01 9.83018723e+01 4.03673172e+00
   vertex 2.61765137e+01 9.88296661e+01 4.05826569e+00
   vertex 2.53697205e+01 9.84647369e+01 3.93746948e+00
  endloop
 endfacet
 facet normal -3.99881154e-01 6.98676586e-01 5.93250453e-01
  outer loop
   vertex 2.53697205e+01 9.84647369e+01 3.93746948e+00
   vertex 2.61765137e+01 9.88296661e+01 4.05826569e+00
   vertex 2.62610550e+01 9.89382477e+01 3.97120667e+00
  endloop
 endfacet
 facet normal -3.90595406e-01 7.02148497e-01 5.95334113e-01
  outer loop
   vertex 2.53697205e+01 9.84647369e+01 3.93746948e+00
   vertex 2.62610550e+01 9.89382477e+01 3.97120667e+00
   vertex 2.54976959e+01 9.86276016e+01 3.83820343e+00
  endloop
 endfacet
 facet normal -3.94027114e-01 7.22223103e-01 5.68450868e-01
  outer loop
   vertex 2.54976959e+01 9.86276016e+01 3.83820343e+00
   vertex 2.62610550e+01 9.89382477e+01 3.97120667e+00
   vertex 2.63455963e+01 9.90468216e+01 3.88415527e+00
  endloop
 endfacet
 facet normal -7.53312588e-01 6.53414249e-01 7.46320263e-02
  outer loop
   vertex 2.44784012e+01 9.79912262e+01 3.90372467e+00
   vertex 2.53697205e+01 9.84647369e+01 3.93746948e+00
   vertex 2.46497955e+01 9.82083817e+01 3.79225159e+00
  endloop
 endfacet
 facet normal -5.86519063e-01 7.08118200e-01 3.93146247e-01
  outer loop
   vertex 2.46497955e+01 9.82083817e+01 3.79225159e+00
   vertex 2.53697205e+01 9.84647369e+01 3.93746948e+00
   vertex 2.54976959e+01 9.86276016e+01 3.83820343e+00
  endloop
 endfacet
 facet normal -8.39609027e-01 4.75645691e-01 2.62331575e-01
  outer loop
   vertex 2.43070068e+01 9.77740784e+01 4.01519775e+00
   vertex 2.52417679e+01 9.83018723e+01 4.03673172e+00
   vertex 2.44784012e+01 9.79912262e+01 3.90372467e+00
  endloop
 endfacet
 facet normal -5.94576240e-01 6.75037444e-01 4.36810613e-01
  outer loop
   vertex 2.44784012e+01 9.79912262e+01 3.90372467e+00
   vertex 2.52417679e+01 9.83018723e+01 4.03673172e+00
   vertex 2.53697205e+01 9.84647369e+01 3.93746948e+00
  endloop
 endfacet
 facet normal -1.95950732e-01 9.45667684e-01 2.59453207e-01
  outer loop
   vertex 2.71523743e+01 9.94117508e+01 4.00495148e+00
   vertex 2.80436935e+01 9.98852539e+01 4.03869629e+00
   vertex 2.71934891e+01 9.94660339e+01 3.93010330e+00
  endloop
 endfacet
 facet normal 9.70687494e-02 9.86751378e-01 1.29997566e-01
  outer loop
   vertex 2.71934891e+01 9.94660339e+01 3.93010330e+00
   vertex 2.80436935e+01 9.98852539e+01 4.03869629e+00
   vertex 2.80413742e+01 9.98852539e+01 3.97605896e+00
  endloop
 endfacet
 facet normal -4.21942025e-01 7.72676110e-01 4.74274725e-01
  outer loop
   vertex 2.62610550e+01 9.89382477e+01 3.97120667e+00
   vertex 2.71523743e+01 9.94117508e+01 4.00495148e+00
   vertex 2.63455963e+01 9.90468216e+01 3.88415527e+00
  endloop
 endfacet
 facet normal -4.26482350e-01 8.00668001e-01 4.20765460e-01
  outer loop
   vertex 2.63455963e+01 9.90468216e+01 3.88415527e+00
   vertex 2.71523743e+01 9.94117508e+01 4.00495148e+00
   vertex 2.71934891e+01 9.94660339e+01 3.93010330e+00
  endloop
 endfacet
 facet normal -4.16711211e-01 7.20603228e-01 5.54150522e-01
  outer loop
   vertex 2.61765137e+01 9.88296661e+01 4.05826569e+00
   vertex 2.71112671e+01 9.93574600e+01 4.07980347e+00
   vertex 2.62610550e+01 9.89382477e+01 3.97120667e+00
  endloop
 endfacet
 facet normal -4.34754461e-01 7.73433149e-01 4.61291313e-01
  outer loop
   vertex 2.62610550e+01 9.89382477e+01 3.97120667e+00
   vertex 2.71112671e+01 9.93574600e+01 4.07980347e+00
   vertex 2.71523743e+01 9.94117508e+01 4.00495148e+00
  endloop
 endfacet
 facet normal -2.04797730e-01 8.81832957e-01 4.24768746e-01
  outer loop
   vertex 2.71112671e+01 9.93574600e+01 4.07980347e+00
   vertex 2.80460205e+01 9.98852539e+01 4.10133743e+00
   vertex 2.71523743e+01 9.94117508e+01 4.00495148e+00
  endloop
 endfacet
 facet normal 7.48526901e-02 9.66332257e-01 2.46168837e-01
  outer loop
   vertex 2.71523743e+01 9.94117508e+01 4.00495148e+00
   vertex 2.80460205e+01 9.98852539e+01 4.10133743e+00
   vertex 2.80436935e+01 9.98852539e+01 4.03869629e+00
  endloop
 endfacet
 facet normal -2.71531522e-01 2.46036202e-02 -9.62114990e-01
  outer loop
   vertex 3.18145294e+01 8.88681259e+01 1.81610107e+00
   vertex 3.32622986e+01 8.50878372e+01 1.31747818e+00
   vertex 3.10344467e+01 8.85359344e+01 1.98815918e+00
  endloop
 endfacet
 facet normal -2.65063494e-01 2.64541036e-03 -9.64227319e-01
  outer loop
   vertex 3.10344467e+01 8.85359344e+01 1.98815918e+00
   vertex 3.32622986e+01 8.50878372e+01 1.31747818e+00
   vertex 3.24719543e+01 8.47437439e+01 1.56145477e+00
  endloop
 endfacet
 facet normal -2.04375997e-01 7.67095312e-02 -9.75882232e-01
  outer loop
   vertex 3.18145294e+01 8.88681259e+01 1.81610107e+00
   vertex 3.10344467e+01 8.85359344e+01 1.98815918e+00
   vertex 3.03143768e+01 9.24769897e+01 2.44359970e+00
  endloop
 endfacet
 facet normal -1.58813864e-01 9.00578797e-02 -9.83192623e-01
  outer loop
   vertex 3.03143768e+01 9.24769897e+01 2.44359970e+00
   vertex 3.10344467e+01 8.85359344e+01 1.98815918e+00
   vertex 2.95470352e+01 9.21719971e+01 2.52121353e+00
  endloop
 endfacet
 facet normal 7.09302872e-02 2.09799081e-01 -9.75168288e-01
  outer loop
   vertex 3.03143768e+01 9.24769897e+01 2.44359970e+00
   vertex 3.10855560e+01 9.27939911e+01 2.35780716e+00
   vertex 3.18145294e+01 8.88681259e+01 1.81610107e+00
  endloop
 endfacet
 facet normal 3.43986064e-01 3.17452401e-01 -8.83684099e-01
  outer loop
   vertex 3.18145294e+01 8.88681259e+01 1.81610107e+00
   vertex 3.10855560e+01 9.27939911e+01 2.35780716e+00
   vertex 3.26099701e+01 8.92483597e+01 1.61132050e+00
  endloop
 endfacet
 facet normal -9.81667265e-03 1.11587986e-01 -9.93706048e-01
  outer loop
   vertex 3.32622986e+01 8.50878372e+01 1.31747818e+00
   vertex 3.18145294e+01 8.88681259e+01 1.81610107e+00
   vertex 3.41343842e+01 8.57027283e+01 8.64833832e-01
  endloop
 endfacet
 facet normal 3.34562391e-01 2.73304641e-01 -9.01871741e-01
  outer loop
   vertex 3.41343842e+01 8.57027283e+01 8.64833832e-01
   vertex 3.18145294e+01 8.88681259e+01 1.81610107e+00
   vertex 3.26099701e+01 8.92483597e+01 1.61132050e+00
  endloop
 endfacet
 facet normal -2.54378617e-01 2.16552634e-02 -9.66862202e-01
  outer loop
   vertex 3.02850571e+01 8.82998199e+01 2.09475708e+00
   vertex 2.95510025e+01 8.81117401e+01 2.16864014e+00
   vertex 2.87873764e+01 9.18910217e+01 2.58245850e+00
  endloop
 endfacet
 facet normal -3.59204620e-01 -2.85176728e-02 -9.32823002e-01
  outer loop
   vertex 2.87873764e+01 9.18910217e+01 2.58245850e+00
   vertex 2.95510025e+01 8.81117401e+01 2.16864014e+00
   vertex 2.80315399e+01 9.16220551e+01 2.63552856e+00
  endloop
 endfacet
 facet normal -1.53709903e-01 7.65406638e-02 -9.85147119e-01
  outer loop
   vertex 3.10344467e+01 8.85359344e+01 1.98815918e+00
   vertex 3.02850571e+01 8.82998199e+01 2.09475708e+00
   vertex 2.95470352e+01 9.21719971e+01 2.52121353e+00
  endloop
 endfacet
 facet normal -1.23464160e-01 9.04215649e-02 -9.88220870e-01
  outer loop
   vertex 2.95470352e+01 9.21719971e+01 2.52121353e+00
   vertex 3.02850571e+01 8.82998199e+01 2.09475708e+00
   vertex 2.87873764e+01 9.18910217e+01 2.58245850e+00
  endloop
 endfacet
 facet normal -1.80741966e-01 2.75247935e-02 -9.83145297e-01
  outer loop
   vertex 3.24719543e+01 8.47437439e+01 1.56145477e+00
   vertex 3.17276917e+01 8.45437698e+01 1.70726395e+00
   vertex 3.10344467e+01 8.85359344e+01 1.98815918e+00
  endloop
 endfacet
 facet normal -1.44045994e-01 5.28893322e-02 -9.88156617e-01
  outer loop
   vertex 3.10344467e+01 8.85359344e+01 1.98815918e+00
   vertex 3.17276917e+01 8.45437698e+01 1.70726395e+00
   vertex 3.02850571e+01 8.82998199e+01 2.09475708e+00
  endloop
 endfacet
 facet normal -2.22725525e-01 3.13838595e-03 -9.74876165e-01
  outer loop
   vertex 3.17276917e+01 8.45437698e+01 1.70726395e+00
   vertex 3.10704880e+01 8.46014328e+01 1.70174408e+00
   vertex 3.02850571e+01 8.82998199e+01 2.09475708e+00
  endloop
 endfacet
 facet normal -3.60778600e-01 -4.32497226e-02 -9.31648135e-01
  outer loop
   vertex 3.02850571e+01 8.82998199e+01 2.09475708e+00
   vertex 3.10704880e+01 8.46014328e+01 1.70174408e+00
   vertex 2.95510025e+01 8.81117401e+01 2.16864014e+00
  endloop
 endfacet
 facet normal -1.63587362e-01 4.21436191e-01 -8.91981363e-01
  outer loop
   vertex 2.80365982e+01 9.57360001e+01 3.10335922e+00
   vertex 2.72743378e+01 9.54341888e+01 3.10289001e+00
   vertex 2.65146637e+01 9.92639771e+01 3.71004486e+00
  endloop
 endfacet
 facet normal -2.73072332e-01 6.99736118e-01 -6.60152137e-01
  outer loop
   vertex 2.65146637e+01 9.92639771e+01 3.71004486e+00
   vertex 2.72743378e+01 9.54341888e+01 3.10289001e+00
   vertex 2.57536316e+01 9.89533310e+01 3.63967514e+00
  endloop
 endfacet
 facet normal -9.69841331e-02 1.13922514e-01 -9.88744497e-01
  outer loop
   vertex 2.95470352e+01 9.21719971e+01 2.52121353e+00
   vertex 2.87873764e+01 9.18910217e+01 2.58245850e+00
   vertex 2.80365982e+01 9.57360001e+01 3.10335922e+00
  endloop
 endfacet
 facet normal -7.09632561e-02 1.22668415e-01 -9.89907384e-01
  outer loop
   vertex 2.80365982e+01 9.57360001e+01 3.10335922e+00
   vertex 2.87873764e+01 9.18910217e+01 2.58245850e+00
   vertex 2.72743378e+01 9.54341888e+01 3.10289001e+00
  endloop
 endfacet
 facet normal -2.04661727e-01 5.11165932e-02 -9.77497160e-01
  outer loop
   vertex 2.87873764e+01 9.18910217e+01 2.58245850e+00
   vertex 2.80315399e+01 9.16220551e+01 2.63552856e+00
   vertex 2.72743378e+01 9.54341888e+01 3.10289001e+00
  endloop
 endfacet
 facet normal -2.81927764e-01 1.09959515e-02 -9.59372640e-01
  outer loop
   vertex 2.72743378e+01 9.54341888e+01 3.10289001e+00
   vertex 2.80315399e+01 9.16220551e+01 2.63552856e+00
   vertex 2.65120697e+01 9.51323700e+01 3.10242081e+00
  endloop
 endfacet
 facet normal -2.80766279e-01 3.77151638e-01 -8.82568359e-01
  outer loop
   vertex 2.72743378e+01 9.54341888e+01 3.10289001e+00
   vertex 2.65120697e+01 9.51323700e+01 3.10242081e+00
   vertex 2.57536316e+01 9.89533310e+01 3.63967514e+00
  endloop
 endfacet
 facet normal -4.78528321e-01 6.03495300e-01 -6.37811959e-01
  outer loop
   vertex 2.57536316e+01 9.89533310e+01 3.63967514e+00
   vertex 2.65120697e+01 9.51323700e+01 3.10242081e+00
   vertex 2.49925919e+01 9.86426849e+01 3.56930923e+00
  endloop
 endfacet
 facet normal 1.49026722e-01 2.43889630e-01 -9.58284318e-01
  outer loop
   vertex 2.87988739e+01 9.60378113e+01 3.10382080e+00
   vertex 2.95611420e+01 9.63396301e+01 3.10429001e+00
   vertex 3.03143768e+01 9.24769897e+01 2.44359970e+00
  endloop
 endfacet
 facet normal 3.94153714e-01 3.31178486e-01 -8.57300222e-01
  outer loop
   vertex 3.03143768e+01 9.24769897e+01 2.44359970e+00
   vertex 2.95611420e+01 9.63396301e+01 3.10429001e+00
   vertex 3.10855560e+01 9.27939911e+01 2.35780716e+00
  endloop
 endfacet
 facet normal -1.13492042e-01 1.24446049e-01 -9.85714316e-01
  outer loop
   vertex 3.03143768e+01 9.24769897e+01 2.44359970e+00
   vertex 2.95470352e+01 9.21719971e+01 2.52121353e+00
   vertex 2.87988739e+01 9.60378113e+01 3.10382080e+00
  endloop
 endfacet
 facet normal -8.18270147e-02 1.34366199e-01 -9.87547517e-01
  outer loop
   vertex 2.87988739e+01 9.60378113e+01 3.10382080e+00
   vertex 2.95470352e+01 9.21719971e+01 2.52121353e+00
   vertex 2.80365982e+01 9.57360001e+01 3.10335922e+00
  endloop
 endfacet
 facet normal -1.56339914e-01 4.09234703e-01 -8.98935378e-01
  outer loop
   vertex 2.87988739e+01 9.60378113e+01 3.10382080e+00
   vertex 2.80365982e+01 9.57360001e+01 3.10335922e+00
   vertex 2.72756958e+01 9.95746155e+01 3.78041077e+00
  endloop
 endfacet
 facet normal -2.58041173e-01 6.72048569e-01 -6.94093287e-01
  outer loop
   vertex 2.72756958e+01 9.95746155e+01 3.78041077e+00
   vertex 2.80365982e+01 9.57360001e+01 3.10335922e+00
   vertex 2.65146637e+01 9.92639771e+01 3.71004486e+00
  endloop
 endfacet
 facet normal 3.20571929e-01 5.07964432e-01 -7.99503446e-01
  outer loop
   vertex 2.95611420e+01 9.63396301e+01 3.10429001e+00
   vertex 2.87988739e+01 9.60378113e+01 3.10382080e+00
   vertex 2.80367279e+01 9.98852615e+01 3.85077667e+00
  endloop
 endfacet
 facet normal -2.55939737e-02 6.71903789e-01 -7.40196049e-01
  outer loop
   vertex 2.80367279e+01 9.98852615e+01 3.85077667e+00
   vertex 2.87988739e+01 9.60378113e+01 3.10382080e+00
   vertex 2.72756958e+01 9.95746155e+01 3.78041077e+00
  endloop
 endfacet
 facet normal -4.18816775e-01 6.86640501e-01 5.94236732e-01
  outer loop
   vertex 2.71112671e+01 9.93574600e+01 4.07980347e+00
   vertex 2.61765137e+01 9.88296661e+01 4.05826569e+00
   vertex 2.71007309e+01 9.90173645e+01 4.40901947e+00
  endloop
 endfacet
 facet normal -4.03808355e-01 6.25942588e-01 6.67184114e-01
  outer loop
   vertex 2.71007309e+01 9.90173645e+01 4.40901947e+00
   vertex 2.61765137e+01 9.88296661e+01 4.05826569e+00
   vertex 2.62291336e+01 9.85558167e+01 4.29726791e+00
  endloop
 endfacet
 facet normal -4.24641639e-01 6.14283860e-01 6.65082574e-01
  outer loop
   vertex 2.71007309e+01 9.90173645e+01 4.40901947e+00
   vertex 2.62291336e+01 9.85558167e+01 4.29726791e+00
   vertex 2.70861359e+01 9.86722107e+01 4.74473572e+00
  endloop
 endfacet
 facet normal -4.36402053e-01 5.83968222e-01 6.84495687e-01
  outer loop
   vertex 2.70861359e+01 9.86722107e+01 4.74473572e+00
   vertex 2.62291336e+01 9.85558167e+01 4.29726791e+00
   vertex 2.62756729e+01 9.82743835e+01 4.54599762e+00
  endloop
 endfacet
 facet normal 3.73429954e-02 6.93014562e-01 7.19955742e-01
  outer loop
   vertex 2.79723282e+01 9.94789124e+01 4.52077484e+00
   vertex 2.71007309e+01 9.90173645e+01 4.40901947e+00
   vertex 2.78986206e+01 9.90725708e+01 4.94021988e+00
  endloop
 endfacet
 facet normal -2.20988229e-01 6.84363782e-01 6.94845617e-01
  outer loop
   vertex 2.78986206e+01 9.90725708e+01 4.94021988e+00
   vertex 2.71007309e+01 9.90173645e+01 4.40901947e+00
   vertex 2.70861359e+01 9.86722107e+01 4.74473572e+00
  endloop
 endfacet
 facet normal 5.45217693e-02 8.30524147e-01 5.54307699e-01
  outer loop
   vertex 2.80460205e+01 9.98852539e+01 4.10133743e+00
   vertex 2.71112671e+01 9.93574600e+01 4.07980347e+00
   vertex 2.79723282e+01 9.94789124e+01 4.52077484e+00
  endloop
 endfacet
 facet normal -2.06842899e-01 7.26550877e-01 6.55240297e-01
  outer loop
   vertex 2.79723282e+01 9.94789124e+01 4.52077484e+00
   vertex 2.71112671e+01 9.93574600e+01 4.07980347e+00
   vertex 2.71007309e+01 9.90173645e+01 4.40901947e+00
  endloop
 endfacet
 facet normal -3.78700674e-01 1.06049992e-01 9.19423282e-01
  outer loop
   vertex 2.44859619e+01 9.76327209e+01 4.07374954e+00
   vertex 2.46649246e+01 9.74913712e+01 4.13230515e+00
   vertex 2.53575592e+01 9.80942688e+01 4.18550873e+00
  endloop
 endfacet
 facet normal -3.92606258e-01 2.56751418e-01 8.83141577e-01
  outer loop
   vertex 2.53575592e+01 9.80942688e+01 4.18550873e+00
   vertex 2.46649246e+01 9.74913712e+01 4.13230515e+00
   vertex 2.54692993e+01 9.78816071e+01 4.34077835e+00
  endloop
 endfacet
 facet normal -4.04520422e-01 5.11078835e-01 7.58394122e-01
  outer loop
   vertex 2.62291336e+01 9.85558167e+01 4.29726791e+00
   vertex 2.53575592e+01 9.80942688e+01 4.18550873e+00
   vertex 2.62756729e+01 9.82743835e+01 4.54599762e+00
  endloop
 endfacet
 facet normal -4.15099025e-01 4.48554814e-01 7.91512072e-01
  outer loop
   vertex 2.62756729e+01 9.82743835e+01 4.54599762e+00
   vertex 2.53575592e+01 9.80942688e+01 4.18550873e+00
   vertex 2.54692993e+01 9.78816071e+01 4.34077835e+00
  endloop
 endfacet
 facet normal -3.84157479e-01 6.00201488e-01 7.01556265e-01
  outer loop
   vertex 2.61765137e+01 9.88296661e+01 4.05826569e+00
   vertex 2.52417679e+01 9.83018723e+01 4.03673172e+00
   vertex 2.62291336e+01 9.85558167e+01 4.29726791e+00
  endloop
 endfacet
 facet normal -3.72415155e-01 5.14792085e-01 7.72202075e-01
  outer loop
   vertex 2.62291336e+01 9.85558167e+01 4.29726791e+00
   vertex 2.52417679e+01 9.83018723e+01 4.03673172e+00
   vertex 2.53575592e+01 9.80942688e+01 4.18550873e+00
  endloop
 endfacet
 facet normal -6.67233527e-01 2.43562192e-01 7.03901172e-01
  outer loop
   vertex 2.43070068e+01 9.77740784e+01 4.01519775e+00
   vertex 2.44859619e+01 9.76327209e+01 4.07374954e+00
   vertex 2.52417679e+01 9.83018723e+01 4.03673172e+00
  endloop
 endfacet
 facet normal -3.81689012e-01 3.15047383e-01 8.68941128e-01
  outer loop
   vertex 2.52417679e+01 9.83018723e+01 4.03673172e+00
   vertex 2.44859619e+01 9.76327209e+01 4.07374954e+00
   vertex 2.53575592e+01 9.80942688e+01 4.18550873e+00
  endloop
 endfacet
 facet normal -5.38088977e-01 5.08663118e-01 6.72102749e-01
  outer loop
   vertex 2.55728989e+01 9.76588364e+01 4.50902939e+00
   vertex 2.56324921e+01 9.73841171e+01 4.74489975e+00
   vertex 2.63100281e+01 9.79777756e+01 4.81422043e+00
  endloop
 endfacet
 facet normal -5.46700120e-01 5.64680338e-01 6.18267775e-01
  outer loop
   vertex 2.63100281e+01 9.79777756e+01 4.81422043e+00
   vertex 2.56324921e+01 9.73841171e+01 4.74489975e+00
   vertex 2.63179779e+01 9.76482849e+01 5.12462997e+00
  endloop
 endfacet
 facet normal -4.67146993e-01 4.50833440e-01 7.60606945e-01
  outer loop
   vertex 2.54692993e+01 9.78816071e+01 4.34077835e+00
   vertex 2.55728989e+01 9.76588364e+01 4.50902939e+00
   vertex 2.62756729e+01 9.82743835e+01 4.54599762e+00
  endloop
 endfacet
 facet normal -4.98683810e-01 5.10163665e-01 7.00747788e-01
  outer loop
   vertex 2.62756729e+01 9.82743835e+01 4.54599762e+00
   vertex 2.55728989e+01 9.76588364e+01 4.50902939e+00
   vertex 2.63100281e+01 9.79777756e+01 4.81422043e+00
  endloop
 endfacet
 facet normal -3.90187532e-01 1.14035264e-01 9.13646340e-01
  outer loop
   vertex 2.46649246e+01 9.74913712e+01 4.13230515e+00
   vertex 2.48438873e+01 9.73500137e+01 4.19085693e+00
   vertex 2.54692993e+01 9.78816071e+01 4.34077835e+00
  endloop
 endfacet
 facet normal -4.42779273e-01 2.69521236e-01 8.55163634e-01
  outer loop
   vertex 2.54692993e+01 9.78816071e+01 4.34077835e+00
   vertex 2.48438873e+01 9.73500137e+01 4.19085693e+00
   vertex 2.55728989e+01 9.76588364e+01 4.50902939e+00
  endloop
 endfacet
 facet normal -4.76636320e-01 1.93184748e-01 8.57611477e-01
  outer loop
   vertex 2.48438873e+01 9.73500137e+01 4.19085693e+00
   vertex 2.50228348e+01 9.72086639e+01 4.24941254e+00
   vertex 2.55728989e+01 9.76588364e+01 4.50902939e+00
  endloop
 endfacet
 facet normal -5.47710896e-01 3.79543245e-01 7.45627046e-01
  outer loop
   vertex 2.55728989e+01 9.76588364e+01 4.50902939e+00
   vertex 2.50228348e+01 9.72086639e+01 4.24941254e+00
   vertex 2.56324921e+01 9.73841171e+01 4.74489975e+00
  endloop
 endfacet
 facet normal 1.04286456e-02 6.96925223e-01 7.17067957e-01
  outer loop
   vertex 2.78986206e+01 9.90725708e+01 4.94021988e+00
   vertex 2.70861359e+01 9.86722107e+01 4.74473572e+00
   vertex 2.78249283e+01 9.86662292e+01 5.35966873e+00
  endloop
 endfacet
 facet normal -2.55640239e-01 6.84911847e-01 6.82307720e-01
  outer loop
   vertex 2.78249283e+01 9.86662292e+01 5.35966873e+00
   vertex 2.70861359e+01 9.86722107e+01 4.74473572e+00
   vertex 2.70634232e+01 9.83169403e+01 5.09342957e+00
  endloop
 endfacet
 facet normal -4.71413732e-01 6.04236007e-01 6.42392337e-01
  outer loop
   vertex 2.70861359e+01 9.86722107e+01 4.74473572e+00
   vertex 2.62756729e+01 9.82743835e+01 4.54599762e+00
   vertex 2.70634232e+01 9.83169403e+01 5.09342957e+00
  endloop
 endfacet
 facet normal -4.91278678e-01 5.79729259e-01 6.50045574e-01
  outer loop
   vertex 2.70634232e+01 9.83169403e+01 5.09342957e+00
   vertex 2.62756729e+01 9.82743835e+01 4.54599762e+00
   vertex 2.63100281e+01 9.79777756e+01 4.81422043e+00
  endloop
 endfacet
 facet normal -5.14726281e-01 6.06173217e-01 6.06309235e-01
  outer loop
   vertex 2.70634232e+01 9.83169403e+01 5.09342957e+00
   vertex 2.63100281e+01 9.79777756e+01 4.81422043e+00
   vertex 2.70278473e+01 9.79428101e+01 5.46541214e+00
  endloop
 endfacet
 facet normal -5.31685829e-01 5.93526244e-01 6.04182661e-01
  outer loop
   vertex 2.70278473e+01 9.79428101e+01 5.46541214e+00
   vertex 2.63100281e+01 9.79777756e+01 4.81422043e+00
   vertex 2.63179779e+01 9.76482849e+01 5.12462997e+00
  endloop
 endfacet
 facet normal -1.44875748e-02 7.02068269e-01 7.11962223e-01
  outer loop
   vertex 2.78249283e+01 9.86662292e+01 5.35966873e+00
   vertex 2.70634232e+01 9.83169403e+01 5.09342957e+00
   vertex 2.77512207e+01 9.82598801e+01 5.77910995e+00
  endloop
 endfacet
 facet normal -2.85691202e-01 6.88352764e-01 6.66746557e-01
  outer loop
   vertex 2.77512207e+01 9.82598801e+01 5.77910995e+00
   vertex 2.70634232e+01 9.83169403e+01 5.09342957e+00
   vertex 2.70278473e+01 9.79428101e+01 5.46541214e+00
  endloop
 endfacet
 facet normal -2.79616266e-01 -5.33732362e-02 -9.58627164e-01
  outer loop
   vertex 3.82274628e+01 6.82970428e+01 7.16590881e-01
   vertex 3.73775101e+01 6.81412048e+01 9.75894928e-01
   vertex 3.71393661e+01 7.25129089e+01 7.92984009e-01
  endloop
 endfacet
 facet normal -2.84454137e-01 -5.64224198e-02 -9.57027853e-01
  outer loop
   vertex 3.71393661e+01 7.25129089e+01 7.92984009e-01
   vertex 3.73775101e+01 6.81412048e+01 9.75894928e-01
   vertex 3.63148956e+01 7.23242264e+01 1.04283905e+00
  endloop
 endfacet
 facet normal 3.41339797e-01 1.22912243e-01 -9.31868911e-01
  outer loop
   vertex 3.80026779e+01 7.26809464e+01 5.40203094e-01
   vertex 3.71393661e+01 7.25129089e+01 7.92984009e-01
   vertex 3.67132568e+01 7.70215378e+01 6.48414612e-01
  endloop
 endfacet
 facet normal 1.09204790e-02 3.35880630e-02 -9.99376118e-01
  outer loop
   vertex 3.67132568e+01 7.70215378e+01 6.48414612e-01
   vertex 3.71393661e+01 7.25129089e+01 7.92984009e-01
   vertex 3.59070816e+01 7.67765121e+01 9.00592804e-01
  endloop
 endfacet
 facet normal 3.93560529e-01 1.20846517e-01 -9.11321163e-01
  outer loop
   vertex 3.92921143e+01 6.83403549e+01 4.31987762e-01
   vertex 3.82274628e+01 6.82970428e+01 7.16590881e-01
   vertex 3.80026779e+01 7.26809464e+01 5.40203094e-01
  endloop
 endfacet
 facet normal 2.46019233e-02 3.03333811e-02 -9.99237001e-01
  outer loop
   vertex 3.80026779e+01 7.26809464e+01 5.40203094e-01
   vertex 3.82274628e+01 6.82970428e+01 7.16590881e-01
   vertex 3.71393661e+01 7.25129089e+01 7.92984009e-01
  endloop
 endfacet
 facet normal -4.48276311e-01 -1.13103509e-01 -8.86710763e-01
  outer loop
   vertex 3.43489685e+01 7.63138504e+01 1.36931229e+00
   vertex 3.55681534e+01 7.20942383e+01 1.28683090e+00
   vertex 3.35970078e+01 7.60962067e+01 1.58583069e+00
  endloop
 endfacet
 facet normal -6.05851412e-01 -1.61017060e-01 -7.79113352e-01
  outer loop
   vertex 3.35970078e+01 7.60962067e+01 1.58583069e+00
   vertex 3.55681534e+01 7.20942383e+01 1.28683090e+00
   vertex 3.48602753e+01 7.18435974e+01 1.52787399e+00
  endloop
 endfacet
 facet normal -2.81474411e-01 -5.90127297e-02 -9.57752407e-01
  outer loop
   vertex 3.55681534e+01 7.20942383e+01 1.28683090e+00
   vertex 3.43489685e+01 7.63138504e+01 1.36931229e+00
   vertex 3.63148956e+01 7.23242264e+01 1.04283905e+00
  endloop
 endfacet
 facet normal -2.74242222e-01 -5.43250702e-02 -9.60124969e-01
  outer loop
   vertex 3.63148956e+01 7.23242264e+01 1.04283905e+00
   vertex 3.43489685e+01 7.63138504e+01 1.36931229e+00
   vertex 3.51144791e+01 7.65383301e+01 1.14386749e+00
  endloop
 endfacet
 facet normal -2.91257709e-01 -5.99524379e-02 -9.54764187e-01
  outer loop
   vertex 3.63148956e+01 7.23242264e+01 1.04283905e+00
   vertex 3.73775101e+01 6.81412048e+01 9.75894928e-01
   vertex 3.55681534e+01 7.20942383e+01 1.28683090e+00
  endloop
 endfacet
 facet normal -3.09654504e-01 -6.41681105e-02 -9.48681474e-01
  outer loop
   vertex 3.55681534e+01 7.20942383e+01 1.28683090e+00
   vertex 3.73775101e+01 6.81412048e+01 9.75894928e-01
   vertex 3.66441422e+01 6.79234161e+01 1.22639847e+00
  endloop
 endfacet
 facet normal -4.67569232e-01 -1.13285236e-01 -8.76667261e-01
  outer loop
   vertex 3.55681534e+01 7.20942383e+01 1.28683090e+00
   vertex 3.66441422e+01 6.79234161e+01 1.22639847e+00
   vertex 3.48602753e+01 7.18435974e+01 1.52787399e+00
  endloop
 endfacet
 facet normal -5.53878248e-01 -1.31902039e-01 -8.22083175e-01
  outer loop
   vertex 3.48602753e+01 7.18435974e+01 1.52787399e+00
   vertex 3.66441422e+01 6.79234161e+01 1.22639847e+00
   vertex 3.61235428e+01 6.75909882e+01 1.46991730e+00
  endloop
 endfacet
 facet normal -2.42179051e-01 -2.41491050e-02 -9.69931006e-01
  outer loop
   vertex 3.38327408e+01 8.07113647e+01 1.29838562e+00
   vertex 3.30755768e+01 8.05060730e+01 1.48744583e+00
   vertex 3.24719543e+01 8.47437439e+01 1.56145477e+00
  endloop
 endfacet
 facet normal -1.87300652e-01 -1.01397873e-03 -9.82302129e-01
  outer loop
   vertex 3.24719543e+01 8.47437439e+01 1.56145477e+00
   vertex 3.30755768e+01 8.05060730e+01 1.48744583e+00
   vertex 3.17276917e+01 8.45437698e+01 1.70726395e+00
  endloop
 endfacet
 facet normal -2.48976246e-01 -4.03943919e-02 -9.67666864e-01
  outer loop
   vertex 3.30755768e+01 8.05060730e+01 1.48744583e+00
   vertex 3.38327408e+01 8.07113647e+01 1.29838562e+00
   vertex 3.43489685e+01 7.63138504e+01 1.36931229e+00
  endloop
 endfacet
 facet normal -2.67438978e-01 -4.75551784e-02 -9.62400615e-01
  outer loop
   vertex 3.43489685e+01 7.63138504e+01 1.36931229e+00
   vertex 3.38327408e+01 8.07113647e+01 1.29838562e+00
   vertex 3.51144791e+01 7.65383301e+01 1.14386749e+00
  endloop
 endfacet
 facet normal -5.53424358e-01 -1.46880746e-01 -8.19846034e-01
  outer loop
   vertex 3.23337555e+01 8.03488159e+01 1.64378738e+00
   vertex 3.30755768e+01 8.05060730e+01 1.48744583e+00
   vertex 3.35970078e+01 7.60962067e+01 1.58583069e+00
  endloop
 endfacet
 facet normal -4.24120039e-01 -1.01407953e-01 -8.99910331e-01
  outer loop
   vertex 3.35970078e+01 7.60962067e+01 1.58583069e+00
   vertex 3.30755768e+01 8.05060730e+01 1.48744583e+00
   vertex 3.43489685e+01 7.63138504e+01 1.36931229e+00
  endloop
 endfacet
 facet normal -4.02934581e-01 -8.56428444e-02 -9.11212921e-01
  outer loop
   vertex 3.10704880e+01 8.46014328e+01 1.70174408e+00
   vertex 3.17276917e+01 8.45437698e+01 1.70726395e+00
   vertex 3.23337555e+01 8.03488159e+01 1.64378738e+00
  endloop
 endfacet
 facet normal -3.32577586e-01 -6.38548657e-02 -9.40911651e-01
  outer loop
   vertex 3.23337555e+01 8.03488159e+01 1.64378738e+00
   vertex 3.17276917e+01 8.45437698e+01 1.70726395e+00
   vertex 3.30755768e+01 8.05060730e+01 1.48744583e+00
  endloop
 endfacet
 facet normal 3.24056208e-01 1.38450906e-01 -9.35851991e-01
  outer loop
   vertex 3.54238205e+01 8.13621368e+01 7.56622314e-01
   vertex 3.67132568e+01 7.70215378e+01 6.48414612e-01
   vertex 3.46206055e+01 8.10127258e+01 1.04386902e+00
  endloop
 endfacet
 facet normal 9.54009301e-04 3.54308262e-02 -9.99371648e-01
  outer loop
   vertex 3.46206055e+01 8.10127258e+01 1.04386902e+00
   vertex 3.67132568e+01 7.70215378e+01 6.48414612e-01
   vertex 3.59070816e+01 7.67765121e+01 9.00592804e-01
  endloop
 endfacet
 facet normal -2.82239318e-01 -4.77789268e-02 -9.58153486e-01
  outer loop
   vertex 3.46206055e+01 8.10127258e+01 1.04386902e+00
   vertex 3.59070816e+01 7.67765121e+01 9.00592804e-01
   vertex 3.38327408e+01 8.07113647e+01 1.29838562e+00
  endloop
 endfacet
 facet normal -2.72811621e-01 -4.81898747e-02 -9.60859776e-01
  outer loop
   vertex 3.38327408e+01 8.07113647e+01 1.29838562e+00
   vertex 3.59070816e+01 7.67765121e+01 9.00592804e-01
   vertex 3.51144791e+01 7.65383301e+01 1.14386749e+00
  endloop
 endfacet
 facet normal -2.99072742e-01 -3.26339938e-02 -9.53672111e-01
  outer loop
   vertex 3.32622986e+01 8.50878372e+01 1.31747818e+00
   vertex 3.46206055e+01 8.10127258e+01 1.04386902e+00
   vertex 3.24719543e+01 8.47437439e+01 1.56145477e+00
  endloop
 endfacet
 facet normal -2.70170331e-01 -3.09130438e-02 -9.62316155e-01
  outer loop
   vertex 3.24719543e+01 8.47437439e+01 1.56145477e+00
   vertex 3.46206055e+01 8.10127258e+01 1.04386902e+00
   vertex 3.38327408e+01 8.07113647e+01 1.29838562e+00
  endloop
 endfacet
 facet normal 3.11648071e-01 1.73312500e-01 -9.34258103e-01
  outer loop
   vertex 3.41343842e+01 8.57027283e+01 8.64833832e-01
   vertex 3.54238205e+01 8.13621368e+01 7.56622314e-01
   vertex 3.32622986e+01 8.50878372e+01 1.31747818e+00
  endloop
 endfacet
 facet normal -2.39857603e-02 4.80222963e-02 -9.98558223e-01
  outer loop
   vertex 3.32622986e+01 8.50878372e+01 1.31747818e+00
   vertex 3.54238205e+01 8.13621368e+01 7.56622314e-01
   vertex 3.46206055e+01 8.10127258e+01 1.04386902e+00
  endloop
 endfacet
 facet normal -2.73826271e-01 -3.23991328e-02 -9.61233318e-01
  outer loop
   vertex 4.08969803e+01 5.30908051e+01 5.82592010e-01
   vertex 4.00360107e+01 5.31901550e+01 8.23463440e-01
   vertex 4.04092331e+01 5.64383926e+01 6.04377747e-01
  endloop
 endfacet
 facet normal -2.80247390e-01 -3.40952091e-02 -9.59322095e-01
  outer loop
   vertex 4.04092331e+01 5.64383926e+01 6.04377747e-01
   vertex 4.00360107e+01 5.31901550e+01 8.23463440e-01
   vertex 3.95691299e+01 5.64515305e+01 8.48560333e-01
  endloop
 endfacet
 facet normal -2.81937927e-01 -3.75108011e-02 -9.58699107e-01
  outer loop
   vertex 4.04092331e+01 5.64383926e+01 6.04377747e-01
   vertex 3.95691299e+01 5.64515305e+01 8.48560333e-01
   vertex 3.97818146e+01 6.02467995e+01 6.33197784e-01
  endloop
 endfacet
 facet normal -2.85815179e-01 -3.87986600e-02 -9.57499027e-01
  outer loop
   vertex 3.97818146e+01 6.02467995e+01 6.33197784e-01
   vertex 3.95691299e+01 5.64515305e+01 8.48560333e-01
   vertex 3.89622116e+01 6.01448822e+01 8.82385254e-01
  endloop
 endfacet
 facet normal 3.34238946e-01 6.01458363e-02 -9.40567255e-01
  outer loop
   vertex 4.12834549e+01 5.62971039e+01 3.58188629e-01
   vertex 4.04092331e+01 5.64383926e+01 6.04377747e-01
   vertex 4.06196747e+01 6.03115234e+01 3.82789612e-01
  endloop
 endfacet
 facet normal 9.65090375e-03 9.52741411e-03 -9.99908030e-01
  outer loop
   vertex 4.06196747e+01 6.03115234e+01 3.82789612e-01
   vertex 4.04092331e+01 5.64383926e+01 6.04377747e-01
   vertex 3.97818146e+01 6.02467995e+01 6.33197784e-01
  endloop
 endfacet
 facet normal 3.74132097e-01 5.46116382e-02 -9.25766051e-01
  outer loop
   vertex 4.19472351e+01 5.22826843e+01 3.33587646e-01
   vertex 4.08969803e+01 5.30908051e+01 5.82592010e-01
   vertex 4.12834549e+01 5.62971039e+01 3.58188629e-01
  endloop
 endfacet
 facet normal 2.05815788e-02 1.10932924e-02 -9.99726653e-01
  outer loop
   vertex 4.12834549e+01 5.62971039e+01 3.58188629e-01
   vertex 4.08969803e+01 5.30908051e+01 5.82592010e-01
   vertex 4.04092331e+01 5.64383926e+01 6.04377747e-01
  endloop
 endfacet
 facet normal -4.94400084e-01 -7.16620535e-02 -8.66275430e-01
  outer loop
   vertex 3.81790771e+01 5.99685631e+01 1.12909698e+00
   vertex 3.87972641e+01 5.62083702e+01 1.08873367e+00
   vertex 3.74141998e+01 5.97550430e+01 1.37457657e+00
  endloop
 endfacet
 facet normal -6.77704573e-01 -9.96177718e-02 -7.28555262e-01
  outer loop
   vertex 3.74141998e+01 5.97550430e+01 1.37457657e+00
   vertex 3.87972641e+01 5.62083702e+01 1.08873367e+00
   vertex 3.80595322e+01 5.58370667e+01 1.32690048e+00
  endloop
 endfacet
 facet normal -2.88985699e-01 -3.68053764e-02 -9.56625640e-01
  outer loop
   vertex 3.87972641e+01 5.62083702e+01 1.08873367e+00
   vertex 3.81790771e+01 5.99685631e+01 1.12909698e+00
   vertex 3.95691299e+01 5.64515305e+01 8.48560333e-01
  endloop
 endfacet
 facet normal -2.89125532e-01 -3.83539498e-02 -9.56522584e-01
  outer loop
   vertex 3.95691299e+01 5.64515305e+01 8.48560333e-01
   vertex 3.81790771e+01 5.99685631e+01 1.12909698e+00
   vertex 3.89622116e+01 6.01448822e+01 8.82385254e-01
  endloop
 endfacet
 facet normal -2.88297534e-01 -3.24495174e-02 -9.56990898e-01
  outer loop
   vertex 3.92774124e+01 5.29050598e+01 1.05832672e+00
   vertex 3.87972641e+01 5.62083702e+01 1.08873367e+00
   vertex 4.00360107e+01 5.31901550e+01 8.23463440e-01
  endloop
 endfacet
 facet normal -2.83986568e-01 -3.38347219e-02 -9.58231091e-01
  outer loop
   vertex 4.00360107e+01 5.31901550e+01 8.23463440e-01
   vertex 3.87972641e+01 5.62083702e+01 1.08873367e+00
   vertex 3.95691299e+01 5.64515305e+01 8.48560333e-01
  endloop
 endfacet
 facet normal -3.09480846e-01 -5.78683577e-02 -9.49143231e-01
  outer loop
   vertex 3.73775101e+01 6.81412048e+01 9.75894928e-01
   vertex 3.82457962e+01 6.40614319e+01 9.23618317e-01
   vertex 3.66441422e+01 6.79234161e+01 1.22639847e+00
  endloop
 endfacet
 facet normal -3.14881444e-01 -5.46714552e-02 -9.47555125e-01
  outer loop
   vertex 3.66441422e+01 6.79234161e+01 1.22639847e+00
   vertex 3.82457962e+01 6.40614319e+01 9.23618317e-01
   vertex 3.74878998e+01 6.38775520e+01 1.17440033e+00
  endloop
 endfacet
 facet normal -2.98091590e-01 -4.17075045e-02 -9.53625679e-01
  outer loop
   vertex 3.81790771e+01 5.99685631e+01 1.12909698e+00
   vertex 3.74878998e+01 6.38775520e+01 1.17440033e+00
   vertex 3.89622116e+01 6.01448822e+01 8.82385254e-01
  endloop
 endfacet
 facet normal -2.98205703e-01 -4.43373173e-02 -9.53471303e-01
  outer loop
   vertex 3.89622116e+01 6.01448822e+01 8.82385254e-01
   vertex 3.74878998e+01 6.38775520e+01 1.17440033e+00
   vertex 3.82457962e+01 6.40614319e+01 9.23618317e-01
  endloop
 endfacet
 facet normal -6.56793892e-01 -1.01775013e-01 -7.47170389e-01
  outer loop
   vertex 3.74141998e+01 5.97550430e+01 1.37457657e+00
   vertex 3.67688675e+01 6.36730194e+01 1.42224884e+00
   vertex 3.81790771e+01 5.99685631e+01 1.12909698e+00
  endloop
 endfacet
 facet normal -4.73629862e-01 -7.20249563e-02 -8.77774000e-01
  outer loop
   vertex 3.81790771e+01 5.99685631e+01 1.12909698e+00
   vertex 3.67688675e+01 6.36730194e+01 1.42224884e+00
   vertex 3.74878998e+01 6.38775520e+01 1.17440033e+00
  endloop
 endfacet
 facet normal -4.07492816e-01 -8.09694976e-02 -9.09611762e-01
  outer loop
   vertex 3.66441422e+01 6.79234161e+01 1.22639847e+00
   vertex 3.74878998e+01 6.38775520e+01 1.17440033e+00
   vertex 3.61235428e+01 6.75909882e+01 1.46991730e+00
  endloop
 endfacet
 facet normal -5.60605049e-01 -1.00317791e-01 -8.21984351e-01
  outer loop
   vertex 3.61235428e+01 6.75909882e+01 1.46991730e+00
   vertex 3.74878998e+01 6.38775520e+01 1.17440033e+00
   vertex 3.67688675e+01 6.36730194e+01 1.42224884e+00
  endloop
 endfacet
 facet normal 3.39264840e-01 6.39584586e-02 -9.38514113e-01
  outer loop
   vertex 4.06196747e+01 6.03115234e+01 3.82789612e-01
   vertex 3.97818146e+01 6.02467995e+01 6.33197784e-01
   vertex 3.99559021e+01 6.43259354e+01 4.07386780e-01
  endloop
 endfacet
 facet normal 1.79510023e-02 1.01987384e-02 -9.99786854e-01
  outer loop
   vertex 3.99559021e+01 6.43259354e+01 4.07386780e-01
   vertex 3.97818146e+01 6.02467995e+01 6.33197784e-01
   vertex 3.90814133e+01 6.42040100e+01 6.66973114e-01
  endloop
 endfacet
 facet normal -2.82044858e-01 -4.64577079e-02 -9.58275735e-01
  outer loop
   vertex 3.90814133e+01 6.42040100e+01 6.66973114e-01
   vertex 3.82457962e+01 6.40614319e+01 9.23618317e-01
   vertex 3.82274628e+01 6.82970428e+01 7.16590881e-01
  endloop
 endfacet
 facet normal -2.86243945e-01 -5.06044701e-02 -9.56819534e-01
  outer loop
   vertex 3.82274628e+01 6.82970428e+01 7.16590881e-01
   vertex 3.82457962e+01 6.40614319e+01 9.23618317e-01
   vertex 3.73775101e+01 6.81412048e+01 9.75894928e-01
  endloop
 endfacet
 facet normal 5.80668971e-02 3.49283144e-02 -9.97701466e-01
  outer loop
   vertex 3.82274628e+01 6.82970428e+01 7.16590881e-01
   vertex 3.92921143e+01 6.83403549e+01 4.31987762e-01
   vertex 3.90814133e+01 6.42040100e+01 6.66973114e-01
  endloop
 endfacet
 facet normal 3.90866935e-01 9.49257612e-02 -9.15539265e-01
  outer loop
   vertex 3.90814133e+01 6.42040100e+01 6.66973114e-01
   vertex 3.92921143e+01 6.83403549e+01 4.31987762e-01
   vertex 3.99559021e+01 6.43259354e+01 4.07386780e-01
  endloop
 endfacet
 facet normal -2.57805318e-01 8.05290788e-03 -9.66163337e-01
  outer loop
   vertex 4.15325699e+01 4.45840759e+01 5.23078918e-01
   vertex 4.07071152e+01 4.45852280e+01 7.37476349e-01
   vertex 4.14540863e+01 4.64304123e+01 5.45337677e-01
  endloop
 endfacet
 facet normal -2.70360291e-01 5.32808341e-03 -9.62744474e-01
  outer loop
   vertex 4.14540863e+01 4.64304123e+01 5.45337677e-01
   vertex 4.07071152e+01 4.45852280e+01 7.37476349e-01
   vertex 4.06330566e+01 4.64055328e+01 7.75691986e-01
  endloop
 endfacet
 facet normal -2.76470989e-01 -7.97113590e-03 -9.60989177e-01
  outer loop
   vertex 4.05129929e+01 4.83783875e+01 7.95207977e-01
   vertex 4.13364563e+01 4.84004745e+01 5.59745789e-01
   vertex 4.06330566e+01 4.64055328e+01 7.75691986e-01
  endloop
 endfacet
 facet normal -2.72025496e-01 -5.09937992e-03 -9.62276518e-01
  outer loop
   vertex 4.06330566e+01 4.64055328e+01 7.75691986e-01
   vertex 4.13364563e+01 4.84004745e+01 5.59745789e-01
   vertex 4.14540863e+01 4.64304123e+01 5.45337677e-01
  endloop
 endfacet
 facet normal 2.20288038e-02 8.46428610e-03 -9.99721527e-01
  outer loop
   vertex 4.13364563e+01 4.84004745e+01 5.59745789e-01
   vertex 4.21700058e+01 4.83861847e+01 3.25332642e-01
   vertex 4.14540863e+01 4.64304123e+01 5.45337677e-01
  endloop
 endfacet
 facet normal 3.42196524e-01 2.57217977e-02 -9.39276278e-01
  outer loop
   vertex 4.14540863e+01 4.64304123e+01 5.45337677e-01
   vertex 4.21700058e+01 4.83861847e+01 3.25332642e-01
   vertex 4.22813873e+01 4.64379349e+01 3.21205139e-01
  endloop
 endfacet
 facet normal 3.64344776e-01 2.67702024e-02 -9.30879295e-01
  outer loop
   vertex 4.23927765e+01 4.44896774e+01 3.17073822e-01
   vertex 4.15325699e+01 4.45840759e+01 5.23078918e-01
   vertex 4.22813873e+01 4.64379349e+01 3.21205139e-01
  endloop
 endfacet
 facet normal 3.48884352e-02 1.46190953e-02 -9.99284267e-01
  outer loop
   vertex 4.22813873e+01 4.64379349e+01 3.21205139e-01
   vertex 4.15325699e+01 4.45840759e+01 5.23078918e-01
   vertex 4.14540863e+01 4.64304123e+01 5.45337677e-01
  endloop
 endfacet
 facet normal -5.05115688e-01 -2.30957195e-02 -8.62742543e-01
  outer loop
   vertex 3.97097473e+01 4.82835464e+01 1.03276443e+00
   vertex 3.98246231e+01 4.63459167e+01 1.01847458e+00
   vertex 3.89165878e+01 4.81523209e+01 1.27138519e+00
  endloop
 endfacet
 facet normal -7.12331176e-01 -3.27300765e-02 -7.01079905e-01
  outer loop
   vertex 3.89165878e+01 4.81523209e+01 1.27138519e+00
   vertex 3.98246231e+01 4.63459167e+01 1.01847458e+00
   vertex 3.90224533e+01 4.62689362e+01 1.26746368e+00
  endloop
 endfacet
 facet normal -2.80730277e-01 -8.20199866e-03 -9.59751666e-01
  outer loop
   vertex 4.05129929e+01 4.83783875e+01 7.95207977e-01
   vertex 4.06330566e+01 4.64055328e+01 7.75691986e-01
   vertex 3.97097473e+01 4.82835464e+01 1.03276443e+00
  endloop
 endfacet
 facet normal -2.84819663e-01 -4.27935785e-03 -9.58571553e-01
  outer loop
   vertex 3.97097473e+01 4.82835464e+01 1.03276443e+00
   vertex 4.06330566e+01 4.64055328e+01 7.75691986e-01
   vertex 3.98246231e+01 4.63459167e+01 1.01847458e+00
  endloop
 endfacet
 facet normal -2.89628476e-01 1.39956763e-02 -9.57036793e-01
  outer loop
   vertex 3.99005356e+01 4.45342712e+01 9.70520020e-01
   vertex 3.98246231e+01 4.63459167e+01 1.01847458e+00
   vertex 4.07071152e+01 4.45852280e+01 7.37476349e-01
  endloop
 endfacet
 facet normal -2.78901726e-01 6.37915358e-03 -9.60298479e-01
  outer loop
   vertex 4.07071152e+01 4.45852280e+01 7.37476349e-01
   vertex 3.98246231e+01 4.63459167e+01 1.01847458e+00
   vertex 4.06330566e+01 4.64055328e+01 7.75691986e-01
  endloop
 endfacet
 facet normal -5.20995617e-01 -6.04489399e-03 -8.53537977e-01
  outer loop
   vertex 3.98246231e+01 4.63459167e+01 1.01847458e+00
   vertex 3.99005356e+01 4.45342712e+01 9.70520020e-01
   vertex 3.90224533e+01 4.62689362e+01 1.26746368e+00
  endloop
 endfacet
 facet normal -7.25801051e-01 -7.82774016e-03 -6.87860072e-01
  outer loop
   vertex 3.90224533e+01 4.62689362e+01 1.26746368e+00
   vertex 3.99005356e+01 4.45342712e+01 9.70520020e-01
   vertex 3.91283188e+01 4.43855438e+01 1.26354218e+00
  endloop
 endfacet
 facet normal -2.84583092e-01 -2.77562998e-02 -9.58249450e-01
  outer loop
   vertex 4.00360107e+01 5.31901550e+01 8.23463440e-01
   vertex 4.03323135e+01 5.05695190e+01 8.08403015e-01
   vertex 3.92774124e+01 5.29050598e+01 1.05832672e+00
  endloop
 endfacet
 facet normal -2.87857652e-01 -2.41175536e-02 -9.57369506e-01
  outer loop
   vertex 3.92774124e+01 5.29050598e+01 1.05832672e+00
   vertex 4.03323135e+01 5.05695190e+01 8.08403015e-01
   vertex 3.95544586e+01 5.03666840e+01 1.04285812e+00
  endloop
 endfacet
 facet normal -2.81844795e-01 -1.75860394e-02 -9.59298849e-01
  outer loop
   vertex 4.03323135e+01 5.05695190e+01 8.08403015e-01
   vertex 4.05129929e+01 4.83783875e+01 7.95207977e-01
   vertex 3.95544586e+01 5.03666840e+01 1.04285812e+00
  endloop
 endfacet
 facet normal -2.84150332e-01 -1.45064183e-02 -9.58670020e-01
  outer loop
   vertex 3.95544586e+01 5.03666840e+01 1.04285812e+00
   vertex 4.05129929e+01 4.83783875e+01 7.95207977e-01
   vertex 3.97097473e+01 4.82835464e+01 1.03276443e+00
  endloop
 endfacet
 facet normal -4.78854597e-01 -2.64834147e-02 -8.77494693e-01
  outer loop
   vertex 3.95544586e+01 5.03666840e+01 1.04285812e+00
   vertex 3.97097473e+01 4.82835464e+01 1.03276443e+00
   vertex 3.88107300e+01 5.00357056e+01 1.27531052e+00
  endloop
 endfacet
 facet normal -6.80551410e-01 -3.84821109e-02 -7.31689095e-01
  outer loop
   vertex 3.88107300e+01 5.00357056e+01 1.27531052e+00
   vertex 3.97097473e+01 4.82835464e+01 1.03276443e+00
   vertex 3.89165878e+01 4.81523209e+01 1.27138519e+00
  endloop
 endfacet
 facet normal 2.82835905e-02 5.19069191e-03 -9.99586463e-01
  outer loop
   vertex 4.11784058e+01 5.05160522e+01 5.69938660e-01
   vertex 4.20586243e+01 5.03344345e+01 3.29460144e-01
   vertex 4.13364563e+01 4.84004745e+01 5.59745789e-01
  endloop
 endfacet
 facet normal 3.46396238e-01 2.58249603e-02 -9.37732756e-01
  outer loop
   vertex 4.13364563e+01 4.84004745e+01 5.59745789e-01
   vertex 4.20586243e+01 5.03344345e+01 3.29460144e-01
   vertex 4.21700058e+01 4.83861847e+01 3.25332642e-01
  endloop
 endfacet
 facet normal -2.74710715e-01 -1.71944182e-02 -9.61373150e-01
  outer loop
   vertex 4.03323135e+01 5.05695190e+01 8.08403015e-01
   vertex 4.11784058e+01 5.05160522e+01 5.69938660e-01
   vertex 4.05129929e+01 4.83783875e+01 7.95207977e-01
  endloop
 endfacet
 facet normal -2.72757262e-01 -1.38839539e-02 -9.61982667e-01
  outer loop
   vertex 4.05129929e+01 4.83783875e+01 7.95207977e-01
   vertex 4.11784058e+01 5.05160522e+01 5.69938660e-01
   vertex 4.13364563e+01 4.84004745e+01 5.59745789e-01
  endloop
 endfacet
 facet normal 5.32586388e-02 1.19419685e-02 -9.98509347e-01
  outer loop
   vertex 4.08969803e+01 5.30908051e+01 5.82592010e-01
   vertex 4.19472351e+01 5.22826843e+01 3.33587646e-01
   vertex 4.11784058e+01 5.05160522e+01 5.69938660e-01
  endloop
 endfacet
 facet normal 3.80461156e-01 3.95144969e-02 -9.23952341e-01
  outer loop
   vertex 4.11784058e+01 5.05160522e+01 5.69938660e-01
   vertex 4.19472351e+01 5.22826843e+01 3.33587646e-01
   vertex 4.20586243e+01 5.03344345e+01 3.29460144e-01
  endloop
 endfacet
 facet normal -6.23648822e-01 2.10003003e-01 7.52968013e-01
  outer loop
   vertex 1.53840179e+01 5.59788284e+01 3.35695267e+01
   vertex 1.48379517e+01 5.44676819e+01 3.35771866e+01
   vertex 1.58044968e+01 5.54669418e+01 3.37342758e+01
  endloop
 endfacet
 facet normal -5.76552570e-01 1.98283255e-01 7.92635441e-01
  outer loop
   vertex 1.58044968e+01 5.54669418e+01 3.37342758e+01
   vertex 1.48379517e+01 5.44676819e+01 3.35771866e+01
   vertex 1.51632996e+01 5.36421890e+01 3.37580338e+01
  endloop
 endfacet
 facet normal -7.09181488e-01 3.14130247e-01 6.31176531e-01
  outer loop
   vertex 1.46594772e+01 5.94214897e+01 3.29715347e+01
   vertex 1.40182800e+01 5.75967407e+01 3.29953003e+01
   vertex 1.48472977e+01 5.78325233e+01 3.32119980e+01
  endloop
 endfacet
 facet normal -5.21601319e-01 1.85905755e-01 8.32689106e-01
  outer loop
   vertex 1.48472977e+01 5.78325233e+01 3.32119980e+01
   vertex 1.40182800e+01 5.75967407e+01 3.29953003e+01
   vertex 1.42654495e+01 5.64449539e+01 3.31958237e+01
  endloop
 endfacet
 facet normal -5.31449914e-01 1.99207306e-01 8.23333144e-01
  outer loop
   vertex 1.22770767e+01 5.08949509e+01 3.32611237e+01
   vertex 1.29924698e+01 5.28903503e+01 3.32346115e+01
   vertex 1.20947037e+01 5.21224976e+01 3.30665970e+01
  endloop
 endfacet
 facet normal -7.60971725e-01 2.75412709e-01 5.87426484e-01
  outer loop
   vertex 1.20947037e+01 5.21224976e+01 3.30665970e+01
   vertex 1.29924698e+01 5.28903503e+01 3.32346115e+01
   vertex 1.27359009e+01 5.39472427e+01 3.30428238e+01
  endloop
 endfacet
 facet normal -2.14099437e-01 8.94111842e-02 9.72711205e-01
  outer loop
   vertex 1.35649948e+01 5.09130707e+01 3.36159744e+01
   vertex 1.28495865e+01 4.89176712e+01 3.36425018e+01
   vertex 1.38809280e+01 4.99926910e+01 3.38055649e+01
  endloop
 endfacet
 facet normal -1.62448287e-01 7.15361461e-02 9.84120488e-01
  outer loop
   vertex 1.38809280e+01 4.99926910e+01 3.38055649e+01
   vertex 1.28495865e+01 4.89176712e+01 3.36425018e+01
   vertex 1.32397385e+01 4.81679459e+01 3.38293304e+01
  endloop
 endfacet
 facet normal -3.69506538e-01 2.33448356e-01 8.99425805e-01
  outer loop
   vertex 1.58973846e+01 5.91024361e+01 3.34058304e+01
   vertex 1.63812943e+01 5.92627449e+01 3.35451584e+01
   vertex 1.59308548e+01 5.99915924e+01 3.33270035e+01
  endloop
 endfacet
 facet normal -4.08299506e-01 3.52182031e-01 8.42175364e-01
  outer loop
   vertex 1.59308548e+01 5.99915924e+01 3.33270035e+01
   vertex 1.63812943e+01 5.92627449e+01 3.35451584e+01
   vertex 1.65665436e+01 6.02766457e+01 3.35047531e+01
  endloop
 endfacet
 facet normal -3.03218633e-01 9.55178440e-02 9.48121727e-01
  outer loop
   vertex 1.63812943e+01 5.92627449e+01 3.35451584e+01
   vertex 1.58973846e+01 5.91024361e+01 3.34058304e+01
   vertex 1.61478577e+01 5.82373734e+01 3.35726700e+01
  endloop
 endfacet
 facet normal -3.00830364e-01 9.63951498e-02 9.48793471e-01
  outer loop
   vertex 1.61478577e+01 5.82373734e+01 3.35726700e+01
   vertex 1.58973846e+01 5.91024361e+01 3.34058304e+01
   vertex 1.58626633e+01 5.83746071e+01 3.34693146e+01
  endloop
 endfacet
 facet normal -1.93179309e-01 6.36159927e-02 9.79098976e-01
  outer loop
   vertex 1.68527985e+01 5.92880096e+01 3.36954193e+01
   vertex 1.63812943e+01 5.92627449e+01 3.35451584e+01
   vertex 1.65033569e+01 5.80143204e+01 3.37083740e+01
  endloop
 endfacet
 facet normal -2.47709304e-01 7.95948207e-02 9.65559304e-01
  outer loop
   vertex 1.65033569e+01 5.80143204e+01 3.37083740e+01
   vertex 1.63812943e+01 5.92627449e+01 3.35451584e+01
   vertex 1.61478577e+01 5.82373734e+01 3.35726700e+01
  endloop
 endfacet
 facet normal -3.61695826e-01 2.60260344e-01 8.95232201e-01
  outer loop
   vertex 1.53886642e+01 5.86720238e+01 3.32883911e+01
   vertex 1.58973846e+01 5.91024361e+01 3.34058304e+01
   vertex 1.52951584e+01 5.97065392e+01 3.31492691e+01
  endloop
 endfacet
 facet normal -4.18811917e-01 3.93254757e-01 8.18503082e-01
  outer loop
   vertex 1.52951584e+01 5.97065392e+01 3.31492691e+01
   vertex 1.58973846e+01 5.91024361e+01 3.34058304e+01
   vertex 1.59308548e+01 5.99915924e+01 3.33270035e+01
  endloop
 endfacet
 facet normal -4.98670518e-01 2.41258234e-01 8.32539618e-01
  outer loop
   vertex 1.48472977e+01 5.78325233e+01 3.32119980e+01
   vertex 1.53886642e+01 5.86720238e+01 3.32883911e+01
   vertex 1.46594772e+01 5.94214897e+01 3.29715347e+01
  endloop
 endfacet
 facet normal -5.49782693e-01 3.99726570e-01 7.33455956e-01
  outer loop
   vertex 1.46594772e+01 5.94214897e+01 3.29715347e+01
   vertex 1.53886642e+01 5.86720238e+01 3.32883911e+01
   vertex 1.52951584e+01 5.97065392e+01 3.31492691e+01
  endloop
 endfacet
 facet normal -1.84895754e-01 6.42669201e-02 9.80654538e-01
  outer loop
   vertex 1.61539230e+01 5.67406311e+01 3.37213211e+01
   vertex 1.65033569e+01 5.80143204e+01 3.37083740e+01
   vertex 1.58180389e+01 5.71890640e+01 3.35744095e+01
  endloop
 endfacet
 facet normal -2.42499366e-01 8.01229179e-02 9.66837287e-01
  outer loop
   vertex 1.58180389e+01 5.71890640e+01 3.35744095e+01
   vertex 1.65033569e+01 5.80143204e+01 3.37083740e+01
   vertex 1.61478577e+01 5.82373734e+01 3.35726700e+01
  endloop
 endfacet
 facet normal -5.82462907e-01 1.91787601e-01 7.89907873e-01
  outer loop
   vertex 1.58044968e+01 5.54669418e+01 3.37342758e+01
   vertex 1.61539230e+01 5.67406311e+01 3.37213211e+01
   vertex 1.53840179e+01 5.59788284e+01 3.35695267e+01
  endloop
 endfacet
 facet normal -2.31100067e-01 8.05201083e-02 9.69592333e-01
  outer loop
   vertex 1.53840179e+01 5.59788284e+01 3.35695267e+01
   vertex 1.61539230e+01 5.67406311e+01 3.37213211e+01
   vertex 1.58180389e+01 5.71890640e+01 3.35744095e+01
  endloop
 endfacet
 facet normal -1.65063277e-01 7.35755414e-02 9.83534813e-01
  outer loop
   vertex 1.14824066e+01 4.34262848e+01 3.38944626e+01
   vertex 1.23610764e+01 4.57971191e+01 3.38618927e+01
   vertex 1.11897659e+01 4.43884583e+01 3.37033768e+01
  endloop
 endfacet
 facet normal -2.13329658e-01 9.12774354e-02 9.72706974e-01
  outer loop
   vertex 1.11897659e+01 4.43884583e+01 3.37033768e+01
   vertex 1.23610764e+01 4.57971191e+01 3.38618927e+01
   vertex 1.20451355e+01 4.67174988e+01 3.36723175e+01
  endloop
 endfacet
 facet normal -1.61806539e-01 7.25991130e-02 9.84148383e-01
  outer loop
   vertex 1.23610764e+01 4.57971191e+01 3.38618927e+01
   vertex 1.32397385e+01 4.81679459e+01 3.38293304e+01
   vertex 1.20451355e+01 4.67174988e+01 3.36723175e+01
  endloop
 endfacet
 facet normal -2.11173117e-01 8.98426473e-02 9.73310947e-01
  outer loop
   vertex 1.20451355e+01 4.67174988e+01 3.36723175e+01
   vertex 1.32397385e+01 4.81679459e+01 3.38293304e+01
   vertex 1.28495865e+01 4.89176712e+01 3.36425018e+01
  endloop
 endfacet
 facet normal -7.68569052e-01 2.82197624e-01 5.74165583e-01
  outer loop
   vertex 1.20947037e+01 5.21224976e+01 3.30665970e+01
   vertex 1.12160339e+01 4.97516632e+01 3.30991592e+01
   vertex 1.22770767e+01 5.08949509e+01 3.32611237e+01
  endloop
 endfacet
 facet normal -7.46889133e-03 4.40405399e-01 8.97767961e-01
  outer loop
   vertex 1.16873093e+01 4.92819443e+01 3.32829819e+01
   vertex 1.22770767e+01 5.08949509e+01 3.32611237e+01
   vertex 1.12558594e+01 4.95876541e+01 3.31289139e+01
  endloop
 endfacet
 facet normal -4.16284621e-01 4.03670341e-01 8.14713061e-01
  outer loop
   vertex 1.12160339e+01 4.97516632e+01 3.30991592e+01
   vertex 1.12558594e+01 4.95876541e+01 3.31289139e+01
   vertex 1.22770767e+01 5.08949509e+01 3.32611237e+01
  endloop
 endfacet
 facet normal -2.19271660e-01 9.22491923e-02 9.71292973e-01
  outer loop
   vertex 1.11897659e+01 4.43884583e+01 3.37033768e+01
   vertex 1.03216171e+01 4.20064774e+01 3.37336426e+01
   vertex 1.14824066e+01 4.34262848e+01 3.38944626e+01
  endloop
 endfacet
 facet normal -1.71444952e-01 7.48771578e-02 9.82344151e-01
  outer loop
   vertex 1.14824066e+01 4.34262848e+01 3.38944626e+01
   vertex 1.03216171e+01 4.20064774e+01 3.37336426e+01
   vertex 1.06037445e+01 4.10554581e+01 3.39270248e+01
  endloop
 endfacet
 facet normal -2.70205021e-01 1.08856142e-01 9.56629276e-01
  outer loop
   vertex 1.03216171e+01 4.20064774e+01 3.37336426e+01
   vertex 1.11897659e+01 4.43884583e+01 3.37033768e+01
   vertex 1.00374298e+01 4.29763031e+01 3.35416107e+01
  endloop
 endfacet
 facet normal -2.66203344e-01 1.07994653e-01 9.57848072e-01
  outer loop
   vertex 1.00374298e+01 4.29763031e+01 3.35416107e+01
   vertex 1.11897659e+01 4.43884583e+01 3.37033768e+01
   vertex 1.09003067e+01 4.53638611e+01 3.35124969e+01
  endloop
 endfacet
 facet normal -2.90671617e-01 1.11368701e-01 9.50319409e-01
  outer loop
   vertex 9.43627930e+00 3.95645523e+01 3.37626419e+01
   vertex 1.03216171e+01 4.20064774e+01 3.37336426e+01
   vertex 9.17011261e+00 4.05020294e+01 3.35667801e+01
  endloop
 endfacet
 facet normal -2.81956404e-01 1.08370058e-01 9.53287184e-01
  outer loop
   vertex 9.17011261e+00 4.05020294e+01 3.35667801e+01
   vertex 1.03216171e+01 4.20064774e+01 3.37336426e+01
   vertex 1.00374298e+01 4.29763031e+01 3.35416107e+01
  endloop
 endfacet
 facet normal -2.32058972e-01 9.48702097e-02 9.68064189e-01
  outer loop
   vertex 1.03216171e+01 4.20064774e+01 3.37336426e+01
   vertex 9.43627930e+00 3.95645523e+01 3.37626419e+01
   vertex 1.06037445e+01 4.10554581e+01 3.39270248e+01
  endloop
 endfacet
 facet normal -1.83500931e-01 7.79270008e-02 9.79925931e-01
  outer loop
   vertex 1.06037445e+01 4.10554581e+01 3.39270248e+01
   vertex 9.43627930e+00 3.95645523e+01 3.37626419e+01
   vertex 9.72508240e+00 3.86846237e+01 3.39595871e+01
  endloop
 endfacet
 facet normal -3.35891217e-01 1.23777397e-01 9.33732450e-01
  outer loop
   vertex 8.52930450e+00 3.70556641e+01 3.37899170e+01
   vertex 9.43627930e+00 3.95645523e+01 3.37626419e+01
   vertex 8.31314850e+00 3.79337006e+01 3.35852127e+01
  endloop
 endfacet
 facet normal -3.19959968e-01 1.15166321e-01 9.40405428e-01
  outer loop
   vertex 8.31314850e+00 3.79337006e+01 3.35852127e+01
   vertex 9.43627930e+00 3.95645523e+01 3.37626419e+01
   vertex 9.17011261e+00 4.05020294e+01 3.35667801e+01
  endloop
 endfacet
 facet normal -4.12234396e-01 1.48343623e-01 8.98919880e-01
  outer loop
   vertex 7.61256409e+00 3.45038834e+01 3.38156433e+01
   vertex 8.52930450e+00 3.70556641e+01 3.37899170e+01
   vertex 7.46288300e+00 3.53042526e+01 3.35992661e+01
  endloop
 endfacet
 facet normal -3.89811188e-01 1.35435879e-01 9.10881102e-01
  outer loop
   vertex 7.46288300e+00 3.53042526e+01 3.35992661e+01
   vertex 8.52930450e+00 3.70556641e+01 3.37899170e+01
   vertex 8.31314850e+00 3.79337006e+01 3.35852127e+01
  endloop
 endfacet
 facet normal -3.14807504e-01 1.22872815e-01 9.41168666e-01
  outer loop
   vertex 8.52930450e+00 3.70556641e+01 3.37899170e+01
   vertex 7.61256409e+00 3.45038834e+01 3.38156433e+01
   vertex 8.74339294e+00 3.61964264e+01 3.39959717e+01
  endloop
 endfacet
 facet normal -2.66205639e-01 1.06946461e-01 9.57965016e-01
  outer loop
   vertex 8.74339294e+00 3.61964264e+01 3.39959717e+01
   vertex 7.61256409e+00 3.45038834e+01 3.38156433e+01
   vertex 7.76171112e+00 3.37082367e+01 3.40323486e+01
  endloop
 endfacet
 facet normal -2.13495582e-01 8.88423622e-02 9.72896039e-01
  outer loop
   vertex 8.74339294e+00 3.61964264e+01 3.39959717e+01
   vertex 9.72508240e+00 3.86846237e+01 3.39595871e+01
   vertex 8.52930450e+00 3.70556641e+01 3.37899170e+01
  endloop
 endfacet
 facet normal -2.59503543e-01 1.03607535e-01 9.60168421e-01
  outer loop
   vertex 8.52930450e+00 3.70556641e+01 3.37899170e+01
   vertex 9.72508240e+00 3.86846237e+01 3.39595871e+01
   vertex 9.43627930e+00 3.95645523e+01 3.37626419e+01
  endloop
 endfacet
 facet normal -6.75941348e-01 1.86732471e-01 7.12905526e-01
  outer loop
   vertex 7.31217194e+00 3.61140213e+01 3.33835678e+01
   vertex 8.09285736e+00 3.88493576e+01 3.33831940e+01
   vertex 7.16095734e+00 3.69284821e+01 3.31681976e+01
  endloop
 endfacet
 facet normal -8.52793097e-01 2.35617757e-01 4.66077447e-01
  outer loop
   vertex 7.16095734e+00 3.69284821e+01 3.31681976e+01
   vertex 8.09285736e+00 3.88493576e+01 3.33831940e+01
   vertex 7.87048340e+00 3.97838287e+01 3.31825333e+01
  endloop
 endfacet
 facet normal -4.10132557e-01 1.23666018e-01 9.03602779e-01
  outer loop
   vertex 8.09285736e+00 3.88493576e+01 3.33831940e+01
   vertex 7.31217194e+00 3.61140213e+01 3.33835678e+01
   vertex 8.31314850e+00 3.79337006e+01 3.35852127e+01
  endloop
 endfacet
 facet normal -4.36606318e-01 1.36932135e-01 8.89170706e-01
  outer loop
   vertex 8.31314850e+00 3.79337006e+01 3.35852127e+01
   vertex 7.31217194e+00 3.61140213e+01 3.33835678e+01
   vertex 7.46288300e+00 3.53042526e+01 3.35992661e+01
  endloop
 endfacet
 facet normal -3.47009897e-01 1.13428190e-01 9.30976987e-01
  outer loop
   vertex 8.31314850e+00 3.79337006e+01 3.35852127e+01
   vertex 9.17011261e+00 4.05020294e+01 3.35667801e+01
   vertex 8.09285736e+00 3.88493576e+01 3.33831940e+01
  endloop
 endfacet
 facet normal -2.99094886e-01 -4.26174551e-01 8.53766620e-01
  outer loop
   vertex 8.50061035e+00 4.01900864e+01 3.33790131e+01
   vertex 8.09285736e+00 3.88493576e+01 3.33831940e+01
   vertex 8.60398865e+00 4.01866074e+01 3.34133224e+01
  endloop
 endfacet
 facet normal -1.87220693e-01 7.04642534e-02 9.79787350e-01
  outer loop
   vertex 9.00198364e+00 4.11156158e+01 3.34483490e+01
   vertex 8.81179047e+00 4.04373322e+01 3.34557495e+01
   vertex 9.17011261e+00 4.05020294e+01 3.35667801e+01
  endloop
 endfacet
 facet normal -2.11694032e-01 5.76748401e-02 9.75632727e-01
  outer loop
   vertex 8.81179047e+00 4.04373322e+01 3.34557495e+01
   vertex 8.75054169e+00 4.02127609e+01 3.34587631e+01
   vertex 9.17011261e+00 4.05020294e+01 3.35667801e+01
  endloop
 endfacet
 facet normal -2.92362183e-01 7.78684020e-02 9.53132153e-01
  outer loop
   vertex 9.17011261e+00 4.05020294e+01 3.35667801e+01
   vertex 8.75054169e+00 4.02127609e+01 3.34587631e+01
   vertex 8.09285736e+00 3.88493576e+01 3.33831940e+01
  endloop
 endfacet
 facet normal -2.69105852e-01 -1.76917866e-01 9.46721792e-01
  outer loop
   vertex 8.75054169e+00 4.02127609e+01 3.34587631e+01
   vertex 8.60398865e+00 4.01866074e+01 3.34133224e+01
   vertex 8.09285736e+00 3.88493576e+01 3.33831940e+01
  endloop
 endfacet
 facet normal -8.80181909e-01 6.62047118e-02 4.69996482e-01
  outer loop
   vertex 6.53357697e+00 3.33598709e+01 3.33825912e+01
   vertex 5.75599670e+00 3.05963058e+01 3.33809509e+01
   vertex 6.61572266e+00 3.26465912e+01 3.36113052e+01
  endloop
 endfacet
 facet normal -9.94959891e-01 -9.23960358e-02 -3.89589332e-02
  outer loop
   vertex 6.61572266e+00 3.26465912e+01 3.36113052e+01
   vertex 5.75599670e+00 3.05963058e+01 3.33809509e+01
   vertex 5.77011108e+00 2.99748230e+01 3.36223373e+01
  endloop
 endfacet
 facet normal -5.23436546e-01 1.54550552e-01 8.37930977e-01
  outer loop
   vertex 7.31217194e+00 3.61140213e+01 3.33835678e+01
   vertex 6.53357697e+00 3.33598709e+01 3.33825912e+01
   vertex 7.46288300e+00 3.53042526e+01 3.35992661e+01
  endloop
 endfacet
 facet normal -5.54543436e-01 1.70939803e-01 8.14408481e-01
  outer loop
   vertex 7.46288300e+00 3.53042526e+01 3.35992661e+01
   vertex 6.53357697e+00 3.33598709e+01 3.33825912e+01
   vertex 6.61572266e+00 3.26465912e+01 3.36113052e+01
  endloop
 endfacet
 facet normal -7.55045474e-01 2.07711712e-01 6.21902108e-01
  outer loop
   vertex 6.53357697e+00 3.33598709e+01 3.33825912e+01
   vertex 7.31217194e+00 3.61140213e+01 3.33835678e+01
   vertex 6.45142365e+00 3.40731354e+01 3.31538849e+01
  endloop
 endfacet
 facet normal -8.85868669e-01 2.39465013e-01 3.97357792e-01
  outer loop
   vertex 6.45142365e+00 3.40731354e+01 3.31538849e+01
   vertex 7.31217194e+00 3.61140213e+01 3.33835678e+01
   vertex 7.16095734e+00 3.69284821e+01 3.31681976e+01
  endloop
 endfacet
 facet normal -9.92536843e-01 -1.19860925e-01 -2.24503074e-02
  outer loop
   vertex 5.75599670e+00 3.05963058e+01 3.33809509e+01
   vertex 6.53357697e+00 3.33598709e+01 3.33825912e+01
   vertex 5.74187469e+00 3.12177963e+01 3.31395645e+01
  endloop
 endfacet
 facet normal -9.79557931e-01 6.93887919e-02 1.88815907e-01
  outer loop
   vertex 5.74187469e+00 3.12177963e+01 3.31395645e+01
   vertex 6.53357697e+00 3.33598709e+01 3.33825912e+01
   vertex 6.45142365e+00 3.40731354e+01 3.31538849e+01
  endloop
 endfacet
 facet normal -3.41975570e-01 1.33035153e-01 9.30244267e-01
  outer loop
   vertex 6.78002167e+00 3.12200394e+01 3.40687332e+01
   vertex 7.76171112e+00 3.37082367e+01 3.40323486e+01
   vertex 6.69787598e+00 3.19333115e+01 3.38400116e+01
  endloop
 endfacet
 facet normal -3.96902144e-01 1.50649175e-01 9.05413449e-01
  outer loop
   vertex 6.69787598e+00 3.19333115e+01 3.38400116e+01
   vertex 7.76171112e+00 3.37082367e+01 3.40323486e+01
   vertex 7.61256409e+00 3.45038834e+01 3.38156433e+01
  endloop
 endfacet
 facet normal -5.19304037e-01 1.82895407e-01 8.34788978e-01
  outer loop
   vertex 6.69787598e+00 3.19333115e+01 3.38400116e+01
   vertex 7.61256409e+00 3.45038834e+01 3.38156433e+01
   vertex 6.61572266e+00 3.26465912e+01 3.36113052e+01
  endloop
 endfacet
 facet normal -4.90904897e-01 1.66477978e-01 8.55159342e-01
  outer loop
   vertex 6.61572266e+00 3.26465912e+01 3.36113052e+01
   vertex 7.61256409e+00 3.45038834e+01 3.38156433e+01
   vertex 7.46288300e+00 3.53042526e+01 3.35992661e+01
  endloop
 endfacet
 facet normal -9.96663034e-01 -8.12627971e-02 -7.69335683e-03
  outer loop
   vertex 5.78422546e+00 2.93533249e+01 3.38637238e+01
   vertex 6.69787598e+00 3.19333115e+01 3.38400116e+01
   vertex 5.77011108e+00 2.99748230e+01 3.36223373e+01
  endloop
 endfacet
 facet normal -8.59168649e-01 8.07470605e-02 5.05281270e-01
  outer loop
   vertex 5.77011108e+00 2.99748230e+01 3.36223373e+01
   vertex 6.69787598e+00 3.19333115e+01 3.38400116e+01
   vertex 6.61572266e+00 3.26465912e+01 3.36113052e+01
  endloop
 endfacet
 facet normal -7.78164029e-01 5.34093417e-02 6.25786066e-01
  outer loop
   vertex 6.69787598e+00 3.19333115e+01 3.38400116e+01
   vertex 5.78422546e+00 2.93533249e+01 3.38637238e+01
   vertex 6.78002167e+00 3.12200394e+01 3.40687332e+01
  endloop
 endfacet
 facet normal -7.96007931e-01 -4.90700543e-01 3.54378849e-01
  outer loop
   vertex 6.78002167e+00 3.12200394e+01 3.40687332e+01
   vertex 5.78422546e+00 2.93533249e+01 3.38637238e+01
   vertex 5.79833221e+00 2.87318344e+01 3.41051178e+01
  endloop
 endfacet
 facet normal -7.87357032e-01 -6.16476595e-01 -5.04919793e-03
  outer loop
   vertex 3.24516449e+01 3.04738617e+00 4.34635162e+00
   vertex 3.34469681e+01 1.77445984e+00 2.78391647e+00
   vertex 3.31462326e+01 2.16776276e+00 4.36006165e+00
  endloop
 endfacet
 facet normal -7.79523790e-01 -6.26199663e-01 1.47198671e-02
  outer loop
   vertex 3.31462326e+01 2.16776276e+00 4.36006165e+00
   vertex 3.34469681e+01 1.77445984e+00 2.78391647e+00
   vertex 3.40747223e+01 1.00440979e+00 2.81274033e+00
  endloop
 endfacet
 facet normal -7.75106072e-01 -6.30446076e-01 4.18132171e-02
  outer loop
   vertex 3.34469681e+01 1.77445984e+00 2.78391647e+00
   vertex 3.38020325e+01 1.26317596e+00 1.83294296e+00
   vertex 3.40747223e+01 1.00440979e+00 2.81274033e+00
  endloop
 endfacet
 facet normal -7.66923130e-01 -6.39697552e-01 5.11470586e-02
  outer loop
   vertex 3.40747223e+01 1.00440979e+00 2.81274033e+00
   vertex 3.38020325e+01 1.26317596e+00 1.83294296e+00
   vertex 3.43134308e+01 6.60888672e-01 1.92406082e+00
  endloop
 endfacet
 facet normal -5.02909660e-01 -8.63837779e-01 2.94310302e-02
  outer loop
   vertex 3.40747223e+01 1.00440979e+00 2.81274033e+00
   vertex 3.43134308e+01 6.60888672e-01 1.92406082e+00
   vertex 3.48994827e+01 0.00000000e+00 2.65342712e+00
  endloop
 endfacet
 facet normal -1.21310003e-01 -9.92470682e-01 1.69074591e-02
  outer loop
   vertex 3.48994827e+01 0.00000000e+00 2.65342712e+00
   vertex 3.43134308e+01 6.60888672e-01 1.92406082e+00
   vertex 3.48740845e+01 0.00000000e+00 1.96815491e+00
  endloop
 endfacet
 facet normal -5.08971632e-01 -8.47883582e-01 1.48463085e-01
  outer loop
   vertex 3.31462326e+01 2.16776276e+00 4.36006165e+00
   vertex 3.40747223e+01 1.00440979e+00 2.81274033e+00
   vertex 3.49248734e+01 0.00000000e+00 3.33869553e+00
  endloop
 endfacet
 facet normal -1.16144083e-01 -9.81874406e-01 1.49777129e-01
  outer loop
   vertex 3.49248734e+01 0.00000000e+00 3.33869553e+00
   vertex 3.40747223e+01 1.00440979e+00 2.81274033e+00
   vertex 3.48994827e+01 0.00000000e+00 2.65342712e+00
  endloop
 endfacet
 facet normal -9.26395237e-01 -3.68167579e-01 7.90221766e-02
  outer loop
   vertex 3.32131882e+01 2.07581329e+00 2.37880325e+00
   vertex 3.31764297e+01 2.14281464e+00 1.78556061e+00
   vertex 3.33891296e+01 1.74829865e+00 1.64774323e+00
  endloop
 endfacet
 facet normal -9.12800014e-01 -3.27528089e-01 2.43970320e-01
  outer loop
   vertex 3.33891296e+01 1.74829865e+00 1.64774323e+00
   vertex 3.31764297e+01 2.14281464e+00 1.78556061e+00
   vertex 3.30254822e+01 2.17482758e+00 1.41551590e+00
  endloop
 endfacet
 facet normal -7.86184788e-01 -6.14123046e-01 6.90386817e-02
  outer loop
   vertex 3.38020325e+01 1.26317596e+00 1.83294296e+00
   vertex 3.34469681e+01 1.77445984e+00 2.78391647e+00
   vertex 3.33891296e+01 1.74829865e+00 1.64774323e+00
  endloop
 endfacet
 facet normal -8.52088153e-01 -5.23344159e-01 -7.52722286e-03
  outer loop
   vertex 3.33891296e+01 1.74829865e+00 1.64774323e+00
   vertex 3.34469681e+01 1.77445984e+00 2.78391647e+00
   vertex 3.32131882e+01 2.07581329e+00 2.37880325e+00
  endloop
 endfacet
 facet normal -7.99496174e-01 -6.00067854e-01 -2.69151460e-02
  outer loop
   vertex 3.24516449e+01 3.04738617e+00 4.34635162e+00
   vertex 3.23480453e+01 3.22396851e+00 3.76821136e+00
   vertex 3.34469681e+01 1.77445984e+00 2.78391647e+00
  endloop
 endfacet
 facet normal -8.52981687e-01 -5.17118871e-01 -7.07836226e-02
  outer loop
   vertex 3.34469681e+01 1.77445984e+00 2.78391647e+00
   vertex 3.23480453e+01 3.22396851e+00 3.76821136e+00
   vertex 3.32131882e+01 2.07581329e+00 2.37880325e+00
  endloop
 endfacet
 facet normal -9.98310328e-01 5.40167578e-02 2.14169733e-02
  outer loop
   vertex 3.31764297e+01 2.14281464e+00 1.78556061e+00
   vertex 3.32131882e+01 2.07581329e+00 2.37880325e+00
   vertex 3.33273697e+01 2.11080170e+00 2.15561295e+00
  endloop
 endfacet
 facet normal -9.86774445e-01 -1.15094490e-01 -1.14146486e-01
  outer loop
   vertex 3.32131882e+01 2.07581329e+00 2.37880325e+00
   vertex 3.23480453e+01 3.22396851e+00 3.76821136e+00
   vertex 3.33273697e+01 2.11080170e+00 2.15561295e+00
  endloop
 endfacet
 facet normal -7.44871497e-01 -6.49478972e-01 -1.52785882e-01
  outer loop
   vertex 3.38616028e+01 1.10342407e+00 1.16416931e+00
   vertex 3.33680649e+01 1.65512848e+00 1.10481644e+00
   vertex 3.37734299e+01 1.11942291e+00 6.36512756e-01
  endloop
 endfacet
 facet normal -6.87988162e-01 -5.96430242e-01 -4.13452834e-01
  outer loop
   vertex 3.37734299e+01 1.11942291e+00 6.36512756e-01
   vertex 3.33680649e+01 1.65512848e+00 1.10481644e+00
   vertex 3.32485046e+01 1.67913055e+00 6.55967712e-01
  endloop
 endfacet
 facet normal -7.55370438e-01 -6.47417665e-01 1.01320952e-01
  outer loop
   vertex 3.38616028e+01 1.10342407e+00 1.16416931e+00
   vertex 3.38020325e+01 1.26317596e+00 1.83294296e+00
   vertex 3.33680649e+01 1.65512848e+00 1.10481644e+00
  endloop
 endfacet
 facet normal -7.74313271e-01 -6.23182058e-01 1.09923132e-01
  outer loop
   vertex 3.33680649e+01 1.65512848e+00 1.10481644e+00
   vertex 3.38020325e+01 1.26317596e+00 1.83294296e+00
   vertex 3.33891296e+01 1.74829865e+00 1.64774323e+00
  endloop
 endfacet
 facet normal -8.42708230e-01 -4.99953985e-01 1.99721828e-01
  outer loop
   vertex 3.33891296e+01 1.74829865e+00 1.64774323e+00
   vertex 3.30254822e+01 2.17482758e+00 1.41551590e+00
   vertex 3.33680649e+01 1.65512848e+00 1.10481644e+00
  endloop
 endfacet
 facet normal -8.77928555e-01 -3.91305178e-01 2.75901556e-01
  outer loop
   vertex 3.33680649e+01 1.65512848e+00 1.10481644e+00
   vertex 3.30254822e+01 2.17482758e+00 1.41551590e+00
   vertex 3.28745270e+01 2.20684052e+00 1.04546738e+00
  endloop
 endfacet
 facet normal -8.43110323e-01 -5.34658968e-01 -5.74871711e-02
  outer loop
   vertex 3.33680649e+01 1.65512848e+00 1.10481644e+00
   vertex 3.28745270e+01 2.20684052e+00 1.04546738e+00
   vertex 3.32485046e+01 1.67913055e+00 6.55967712e-01
  endloop
 endfacet
 facet normal -8.83782327e-01 -3.70132565e-01 -2.86235362e-01
  outer loop
   vertex 3.32485046e+01 1.67913055e+00 6.55967712e-01
   vertex 3.28745270e+01 2.20684052e+00 1.04546738e+00
   vertex 3.27235718e+01 2.23885345e+00 6.75422668e-01
  endloop
 endfacet
 facet normal -4.89856094e-01 -8.70959401e-01 3.83496545e-02
  outer loop
   vertex 3.43134308e+01 6.60888672e-01 1.92406082e+00
   vertex 3.43551483e+01 5.51712036e-01 1.22352600e+00
   vertex 3.48740845e+01 0.00000000e+00 1.96815491e+00
  endloop
 endfacet
 facet normal -1.08415037e-01 -9.93983269e-01 1.56015353e-02
  outer loop
   vertex 3.48740845e+01 0.00000000e+00 1.96815491e+00
   vertex 3.43551483e+01 5.51712036e-01 1.22352600e+00
   vertex 3.48486862e+01 0.00000000e+00 1.28288269e+00
  endloop
 endfacet
 facet normal -7.58887529e-01 -6.47473276e-01 6.97714686e-02
  outer loop
   vertex 3.38020325e+01 1.26317596e+00 1.83294296e+00
   vertex 3.38616028e+01 1.10342407e+00 1.16416931e+00
   vertex 3.43134308e+01 6.60888672e-01 1.92406082e+00
  endloop
 endfacet
 facet normal -7.52103508e-01 -6.56025112e-01 6.30189404e-02
  outer loop
   vertex 3.43134308e+01 6.60888672e-01 1.92406082e+00
   vertex 3.38616028e+01 1.10342407e+00 1.16416931e+00
   vertex 3.43551483e+01 5.51712036e-01 1.22352600e+00
  endloop
 endfacet
 facet normal -7.35151708e-01 -6.50246263e-01 -1.91655204e-01
  outer loop
   vertex 3.43551483e+01 5.51712036e-01 1.22352600e+00
   vertex 3.38616028e+01 1.10342407e+00 1.16416931e+00
   vertex 3.42983551e+01 5.59715271e-01 6.17057800e-01
  endloop
 endfacet
 facet normal -6.71768546e-01 -5.91482878e-01 -4.45953995e-01
  outer loop
   vertex 3.42983551e+01 5.59715271e-01 6.17057800e-01
   vertex 3.38616028e+01 1.10342407e+00 1.16416931e+00
   vertex 3.37734299e+01 1.11942291e+00 6.36512756e-01
  endloop
 endfacet
 facet normal -1.30818486e-01 -9.70175862e-01 -2.04071835e-01
  outer loop
   vertex 3.48486862e+01 0.00000000e+00 1.28288269e+00
   vertex 3.43551483e+01 5.51712036e-01 1.22352600e+00
   vertex 3.48232880e+01 0.00000000e+00 5.97606659e-01
  endloop
 endfacet
 facet normal -4.39939260e-01 -7.69965827e-01 -4.62175339e-01
  outer loop
   vertex 3.48232880e+01 0.00000000e+00 5.97606659e-01
   vertex 3.43551483e+01 5.51712036e-01 1.22352600e+00
   vertex 3.42983551e+01 5.59715271e-01 6.17057800e-01
  endloop
 endfacet
 facet normal -3.78939025e-02 2.09881994e-03 -9.99279559e-01
  outer loop
   vertex 4.06705475e+01 3.14541473e+01 3.84124756e-01
   vertex 4.02076950e+01 2.83402328e+01 3.98056030e-01
   vertex 3.98445511e+01 3.15305481e+01 4.16355133e-01
  endloop
 endfacet
 facet normal -3.68444920e-02 1.43921573e-03 -9.99319971e-01
  outer loop
   vertex 3.98445511e+01 3.15305481e+01 4.16355133e-01
   vertex 4.02076950e+01 2.83402328e+01 3.98056030e-01
   vertex 3.93829422e+01 2.84630890e+01 4.28623199e-01
  endloop
 endfacet
 facet normal 2.18356758e-01 -3.81807536e-02 -9.75121796e-01
  outer loop
   vertex 4.02076950e+01 2.83402328e+01 3.98056030e-01
   vertex 4.06705475e+01 3.14541473e+01 3.84124756e-01
   vertex 4.10433121e+01 2.82150726e+01 3.67088318e-01
  endloop
 endfacet
 facet normal 4.75104928e-01 -7.41692483e-02 -8.76797736e-01
  outer loop
   vertex 4.10433121e+01 2.82150726e+01 3.67088318e-01
   vertex 4.06705475e+01 3.14541473e+01 3.84124756e-01
   vertex 4.15065460e+01 3.14006805e+01 3.49918365e-01
  endloop
 endfacet
 facet normal -5.56804061e-01 7.93892071e-02 -8.26841354e-01
  outer loop
   vertex 3.82426147e+01 3.17980881e+01 4.70890045e-01
   vertex 3.90385818e+01 3.16528397e+01 4.44610596e-01
   vertex 3.77876740e+01 2.86973190e+01 4.87751007e-01
  endloop
 endfacet
 facet normal -2.95862675e-01 4.06370983e-02 -9.54365730e-01
  outer loop
   vertex 3.77876740e+01 2.86973190e+01 4.87751007e-01
   vertex 3.90385818e+01 3.16528397e+01 4.44610596e-01
   vertex 3.85798798e+01 2.85813522e+01 4.58381653e-01
  endloop
 endfacet
 facet normal -2.23971456e-02 1.49411429e-02 -9.99637485e-01
  outer loop
   vertex 3.97690277e+01 3.72842636e+01 4.72362518e-01
   vertex 4.05445938e+01 3.70861053e+01 4.40387726e-01
   vertex 3.94572220e+01 3.46325531e+01 4.38774109e-01
  endloop
 endfacet
 facet normal -3.62845026e-02 1.21741490e-02 -9.99267340e-01
  outer loop
   vertex 3.94572220e+01 3.46325531e+01 4.38774109e-01
   vertex 4.05445938e+01 3.70861053e+01 4.40387726e-01
   vertex 4.02460785e+01 3.44603348e+01 4.15981293e-01
  endloop
 endfacet
 facet normal -3.12822834e-02 5.50611271e-03 -9.99495447e-01
  outer loop
   vertex 3.94572220e+01 3.46325531e+01 4.38774109e-01
   vertex 4.02460785e+01 3.44603348e+01 4.15981293e-01
   vertex 3.90385818e+01 3.16528397e+01 4.44610596e-01
  endloop
 endfacet
 facet normal -3.56092118e-02 4.30732453e-03 -9.99356508e-01
  outer loop
   vertex 3.90385818e+01 3.16528397e+01 4.44610596e-01
   vertex 4.02460785e+01 3.44603348e+01 4.15981293e-01
   vertex 3.98445511e+01 3.15305481e+01 4.16355133e-01
  endloop
 endfacet
 facet normal -5.40504396e-01 7.74217919e-02 -8.37771356e-01
  outer loop
   vertex 3.86975632e+01 3.48988495e+01 4.54029083e-01
   vertex 3.94572220e+01 3.46325531e+01 4.38774109e-01
   vertex 3.82426147e+01 3.17980881e+01 4.70890045e-01
  endloop
 endfacet
 facet normal -2.95181364e-01 4.20410708e-02 -9.54515874e-01
  outer loop
   vertex 3.82426147e+01 3.17980881e+01 4.70890045e-01
   vertex 3.94572220e+01 3.46325531e+01 4.38774109e-01
   vertex 3.90385818e+01 3.16528397e+01 4.44610596e-01
  endloop
 endfacet
 facet normal -4.65064526e-01 7.03891963e-02 -8.82474005e-01
  outer loop
   vertex 3.91525040e+01 3.79996109e+01 4.37171936e-01
   vertex 3.97690277e+01 3.72842636e+01 4.72362518e-01
   vertex 3.86975632e+01 3.48988495e+01 4.54029083e-01
  endloop
 endfacet
 facet normal -2.64580011e-01 4.43535596e-02 -9.63343203e-01
  outer loop
   vertex 3.86975632e+01 3.48988495e+01 4.54029083e-01
   vertex 3.97690277e+01 3.72842636e+01 4.72362518e-01
   vertex 3.94572220e+01 3.46325531e+01 4.38774109e-01
  endloop
 endfacet
 facet normal 4.74227726e-01 -6.59617111e-02 -8.77927721e-01
  outer loop
   vertex 4.19697876e+01 3.45862885e+01 3.32752228e-01
   vertex 4.15065460e+01 3.14006805e+01 3.49918365e-01
   vertex 4.10933380e+01 3.44762802e+01 3.78124237e-01
  endloop
 endfacet
 facet normal 2.11724579e-01 -3.22310291e-02 -9.76797760e-01
  outer loop
   vertex 4.10933380e+01 3.44762802e+01 3.78124237e-01
   vertex 4.15065460e+01 3.14006805e+01 3.49918365e-01
   vertex 4.06705475e+01 3.14541473e+01 3.84124756e-01
  endloop
 endfacet
 facet normal -4.16918397e-02 5.97968418e-03 -9.99112606e-01
  outer loop
   vertex 4.10933380e+01 3.44762802e+01 3.78124237e-01
   vertex 4.06705475e+01 3.14541473e+01 3.84124756e-01
   vertex 4.02460785e+01 3.44603348e+01 4.15981293e-01
  endloop
 endfacet
 facet normal -3.75986658e-02 4.56293346e-03 -9.99282479e-01
  outer loop
   vertex 4.02460785e+01 3.44603348e+01 4.15981293e-01
   vertex 4.06705475e+01 3.14541473e+01 3.84124756e-01
   vertex 3.98445511e+01 3.15305481e+01 4.16355133e-01
  endloop
 endfacet
 facet normal -5.63465357e-02 1.48204360e-02 -9.98301268e-01
  outer loop
   vertex 4.14077454e+01 3.71701736e+01 3.85826111e-01
   vertex 4.10933380e+01 3.44762802e+01 3.78124237e-01
   vertex 4.05445938e+01 3.70861053e+01 4.40387726e-01
  endloop
 endfacet
 facet normal -4.47034948e-02 1.23916864e-02 -9.98923421e-01
  outer loop
   vertex 4.05445938e+01 3.70861053e+01 4.40387726e-01
   vertex 4.10933380e+01 3.44762802e+01 3.78124237e-01
   vertex 4.02460785e+01 3.44603348e+01 4.15981293e-01
  endloop
 endfacet
 facet normal 4.97810364e-01 -4.65429053e-02 -8.66036117e-01
  outer loop
   vertex 4.24330215e+01 3.77719040e+01 3.15582275e-01
   vertex 4.19697876e+01 3.45862885e+01 3.32752228e-01
   vertex 4.14077454e+01 3.71701736e+01 3.85826111e-01
  endloop
 endfacet
 facet normal 2.05278695e-01 -2.46859081e-02 -9.78392184e-01
  outer loop
   vertex 4.14077454e+01 3.71701736e+01 3.85826111e-01
   vertex 4.19697876e+01 3.45862885e+01 3.32752228e-01
   vertex 4.10933380e+01 3.44762802e+01 3.78124237e-01
  endloop
 endfacet
 facet normal -8.11537564e-01 -5.76101005e-01 -9.75418165e-02
  outer loop
   vertex 2.52012711e+01 1.17882004e+01 1.39419098e+01
   vertex 2.20235367e+01 1.56229324e+01 1.76632996e+01
   vertex 2.48817291e+01 1.23169327e+01 1.34313850e+01
  endloop
 endfacet
 facet normal -8.13523531e-01 -5.72509527e-01 -1.02040581e-01
  outer loop
   vertex 2.48817291e+01 1.23169327e+01 1.34313850e+01
   vertex 2.20235367e+01 1.56229324e+01 1.76632996e+01
   vertex 2.17207031e+01 1.61618042e+01 1.70985413e+01
  endloop
 endfacet
 facet normal -8.05960655e-01 -5.86453497e-01 -8.06210339e-02
  outer loop
   vertex 2.82255859e+01 8.13501740e+00 1.03834038e+01
   vertex 2.52012711e+01 1.17882004e+01 1.39419098e+01
   vertex 2.78375473e+01 8.71356201e+00 9.98170853e+00
  endloop
 endfacet
 facet normal -8.08580279e-01 -5.81977546e-01 -8.66028816e-02
  outer loop
   vertex 2.78375473e+01 8.71356201e+00 9.98170853e+00
   vertex 2.52012711e+01 1.17882004e+01 1.39419098e+01
   vertex 2.48817291e+01 1.23169327e+01 1.34313850e+01
  endloop
 endfacet
 facet normal -4.10665482e-01 -7.89476752e-01 4.56158191e-01
  outer loop
   vertex 2.86672974e+01 7.49283600e+00 1.07321892e+01
   vertex 2.55385056e+01 1.12392502e+01 1.44289398e+01
   vertex 2.82255859e+01 8.13501740e+00 1.03834038e+01
  endloop
 endfacet
 facet normal -6.64330006e-01 -7.25970566e-01 1.77855119e-01
  outer loop
   vertex 2.82255859e+01 8.13501740e+00 1.03834038e+01
   vertex 2.55385056e+01 1.12392502e+01 1.44289398e+01
   vertex 2.52012711e+01 1.17882004e+01 1.39419098e+01
  endloop
 endfacet
 facet normal -6.73525095e-01 -7.20833540e-01 1.63593814e-01
  outer loop
   vertex 2.20235367e+01 1.56229324e+01 1.76632996e+01
   vertex 2.52012711e+01 1.17882004e+01 1.39419098e+01
   vertex 2.24097137e+01 1.49856644e+01 1.81256790e+01
  endloop
 endfacet
 facet normal -4.22046125e-01 -7.89682567e-01 4.45284754e-01
  outer loop
   vertex 2.24097137e+01 1.49856644e+01 1.81256790e+01
   vertex 2.52012711e+01 1.17882004e+01 1.39419098e+01
   vertex 2.55385056e+01 1.12392502e+01 1.44289398e+01
  endloop
 endfacet
 facet normal -8.58643055e-01 -3.75845641e-01 -3.48528504e-01
  outer loop
   vertex 2.43310318e+01 1.32732315e+01 1.22928391e+01
   vertex 2.73298111e+01 9.55242157e+00 8.91376877e+00
   vertex 2.45975418e+01 1.28051910e+01 1.28738632e+01
  endloop
 endfacet
 facet normal -8.45400453e-01 -4.89245117e-01 -2.14329764e-01
  outer loop
   vertex 2.45975418e+01 1.28051910e+01 1.28738632e+01
   vertex 2.73298111e+01 9.55242157e+00 8.91376877e+00
   vertex 2.75568390e+01 9.16481018e+00 9.47418976e+00
  endloop
 endfacet
 facet normal -8.07881713e-01 -5.83755493e-01 -8.09733346e-02
  outer loop
   vertex 2.78375473e+01 8.71356201e+00 9.98170853e+00
   vertex 2.48817291e+01 1.23169327e+01 1.34313850e+01
   vertex 2.75568390e+01 9.16481018e+00 9.47418976e+00
  endloop
 endfacet
 facet normal -8.10260892e-01 -5.79647779e-01 -8.65204930e-02
  outer loop
   vertex 2.75568390e+01 9.16481018e+00 9.47418976e+00
   vertex 2.48817291e+01 1.23169327e+01 1.34313850e+01
   vertex 2.45975418e+01 1.28051910e+01 1.28738632e+01
  endloop
 endfacet
 facet normal -8.12938631e-01 -5.74273407e-01 -9.66480151e-02
  outer loop
   vertex 2.48817291e+01 1.23169327e+01 1.34313850e+01
   vertex 2.17207031e+01 1.61618042e+01 1.70985413e+01
   vertex 2.45975418e+01 1.28051910e+01 1.28738632e+01
  endloop
 endfacet
 facet normal -8.15119624e-01 -5.70234656e-01 -1.02041386e-01
  outer loop
   vertex 2.45975418e+01 1.28051910e+01 1.28738632e+01
   vertex 2.17207031e+01 1.61618042e+01 1.70985413e+01
   vertex 2.14709167e+01 1.66399918e+01 1.64632721e+01
  endloop
 endfacet
 facet normal -7.90917158e-01 -6.10047817e-01 -4.78716344e-02
  outer loop
   vertex 2.14709167e+01 1.66399918e+01 1.64632721e+01
   vertex 2.14341965e+01 1.67337265e+01 1.62537613e+01
   vertex 2.45975418e+01 1.28051910e+01 1.28738632e+01
  endloop
 endfacet
 facet normal -7.60415435e-01 -6.49355829e-01 1.02649173e-02
  outer loop
   vertex 2.14341965e+01 1.67337265e+01 1.62537613e+01
   vertex 2.16295319e+01 1.65004807e+01 1.59862213e+01
   vertex 2.45975418e+01 1.28051910e+01 1.28738632e+01
  endloop
 endfacet
 facet normal -7.59052634e-01 -6.50894642e-01 1.32370060e-02
  outer loop
   vertex 2.16295319e+01 1.65004807e+01 1.59862213e+01
   vertex 2.21075058e+01 1.59297104e+01 1.53315697e+01
   vertex 2.45975418e+01 1.28051910e+01 1.28738632e+01
  endloop
 endfacet
 facet normal -7.59047210e-01 -6.50900722e-01 1.32513400e-02
  outer loop
   vertex 2.21075058e+01 1.59297104e+01 1.53315697e+01
   vertex 2.25729599e+01 1.53738937e+01 1.46940689e+01
   vertex 2.45975418e+01 1.28051910e+01 1.28738632e+01
  endloop
 endfacet
 facet normal -7.59047925e-01 -6.50899947e-01 1.32499840e-02
  outer loop
   vertex 2.25729599e+01 1.53738937e+01 1.46940689e+01
   vertex 2.31316910e+01 1.47066956e+01 1.39288025e+01
   vertex 2.45975418e+01 1.28051910e+01 1.28738632e+01
  endloop
 endfacet
 facet normal -6.15348876e-01 -6.60641372e-01 -4.29998517e-01
  outer loop
   vertex 2.43310318e+01 1.32732315e+01 1.22928391e+01
   vertex 2.45975418e+01 1.28051910e+01 1.28738632e+01
   vertex 2.40994720e+01 1.35605392e+01 1.25537605e+01
  endloop
 endfacet
 facet normal -5.43482661e-01 -8.04373741e-01 -2.40019739e-01
  outer loop
   vertex 2.40994720e+01 1.35605392e+01 1.25537605e+01
   vertex 2.45975418e+01 1.28051910e+01 1.28738632e+01
   vertex 2.41021957e+01 1.35477829e+01 1.25995445e+01
  endloop
 endfacet
 facet normal -7.59047389e-01 -6.50900602e-01 1.32487528e-02
  outer loop
   vertex 2.31316910e+01 1.47066956e+01 1.39288025e+01
   vertex 2.39989471e+01 1.36710739e+01 1.27409554e+01
   vertex 2.45975418e+01 1.28051910e+01 1.28738632e+01
  endloop
 endfacet
 facet normal -7.55588233e-01 -6.54933333e-01 -1.21947471e-02
  outer loop
   vertex 2.45975418e+01 1.28051910e+01 1.28738632e+01
   vertex 2.39989471e+01 1.36710739e+01 1.27409554e+01
   vertex 2.41021957e+01 1.35477829e+01 1.25995445e+01
  endloop
 endfacet
 facet normal -8.05056870e-01 -5.90533614e-01 -5.61562851e-02
  outer loop
   vertex 3.23480453e+01 3.22396851e+00 3.76821136e+00
   vertex 3.24516449e+01 3.04738617e+00 4.34635162e+00
   vertex 3.03014679e+01 5.77901459e+00 6.28615952e+00
  endloop
 endfacet
 facet normal -7.99544275e-01 -5.98573089e-01 -4.93886359e-02
  outer loop
   vertex 3.03014679e+01 5.77901459e+00 6.28615952e+00
   vertex 3.24516449e+01 3.04738617e+00 4.34635162e+00
   vertex 3.04713440e+01 5.49205780e+00 6.84948730e+00
  endloop
 endfacet
 facet normal -8.06090176e-01 -5.87402701e-01 -7.19488859e-02
  outer loop
   vertex 2.75568390e+01 9.16481018e+00 9.47418976e+00
   vertex 3.03014679e+01 5.77901459e+00 6.28615952e+00
   vertex 2.78375473e+01 8.71356201e+00 9.98170853e+00
  endloop
 endfacet
 facet normal -8.03283930e-01 -5.92060506e-01 -6.48018718e-02
  outer loop
   vertex 2.78375473e+01 8.71356201e+00 9.98170853e+00
   vertex 3.03014679e+01 5.77901459e+00 6.28615952e+00
   vertex 3.04713440e+01 5.49205780e+00 6.84948730e+00
  endloop
 endfacet
 facet normal -8.59452963e-01 -3.86384666e-01 -3.34734887e-01
  outer loop
   vertex 3.03285904e+01 5.83160400e+00 5.53469086e+00
   vertex 3.03014679e+01 5.77901459e+00 6.28615952e+00
   vertex 2.73298111e+01 9.55242157e+00 8.91376877e+00
  endloop
 endfacet
 facet normal -8.44461799e-01 -4.94545281e-01 -2.05692157e-01
  outer loop
   vertex 2.73298111e+01 9.55242157e+00 8.91376877e+00
   vertex 3.03014679e+01 5.77901459e+00 6.28615952e+00
   vertex 2.75568390e+01 9.16481018e+00 9.47418976e+00
  endloop
 endfacet
 facet normal -9.68704402e-01 -8.77161324e-02 -2.32201740e-01
  outer loop
   vertex 3.33273697e+01 2.11080170e+00 2.15561295e+00
   vertex 3.23480453e+01 3.22396851e+00 3.76821136e+00
   vertex 3.03285904e+01 5.83160400e+00 5.53469086e+00
  endloop
 endfacet
 facet normal -8.47049892e-01 -4.91226733e-01 -2.02984646e-01
  outer loop
   vertex 3.03285904e+01 5.83160400e+00 5.53469086e+00
   vertex 3.23480453e+01 3.22396851e+00 3.76821136e+00
   vertex 3.03014679e+01 5.77901459e+00 6.28615952e+00
  endloop
 endfacet
 facet normal -3.95180345e-01 -7.88199842e-01 4.71776962e-01
  outer loop
   vertex 3.17960815e+01 3.74641418e+00 7.03544235e+00
   vertex 2.86672974e+01 7.49283600e+00 1.07321892e+01
   vertex 3.10352097e+01 4.73641968e+00 7.03653717e+00
  endloop
 endfacet
 facet normal -6.51817858e-01 -7.32230365e-01 1.97413698e-01
  outer loop
   vertex 3.10352097e+01 4.73641968e+00 7.03653717e+00
   vertex 2.86672974e+01 7.49283600e+00 1.07321892e+01
   vertex 2.82255859e+01 8.13501740e+00 1.03834038e+01
  endloop
 endfacet
 facet normal -7.98575103e-01 -5.99032760e-01 -5.86300865e-02
  outer loop
   vertex 3.10352097e+01 4.73641968e+00 7.03653717e+00
   vertex 2.82255859e+01 8.13501740e+00 1.03834038e+01
   vertex 3.04713440e+01 5.49205780e+00 6.84948730e+00
  endloop
 endfacet
 facet normal -8.02433252e-01 -5.92872858e-01 -6.78424463e-02
  outer loop
   vertex 3.04713440e+01 5.49205780e+00 6.84948730e+00
   vertex 2.82255859e+01 8.13501740e+00 1.03834038e+01
   vertex 2.78375473e+01 8.71356201e+00 9.98170853e+00
  endloop
 endfacet
 facet normal -7.89421856e-01 -6.13199234e-01 -2.82807667e-02
  outer loop
   vertex 3.31462326e+01 2.16776276e+00 4.36006165e+00
   vertex 3.10352097e+01 4.73641968e+00 7.03653717e+00
   vertex 3.24516449e+01 3.04738617e+00 4.34635162e+00
  endloop
 endfacet
 facet normal -7.95491457e-01 -6.04411364e-01 -4.33616117e-02
  outer loop
   vertex 3.24516449e+01 3.04738617e+00 4.34635162e+00
   vertex 3.10352097e+01 4.73641968e+00 7.03653717e+00
   vertex 3.04713440e+01 5.49205780e+00 6.84948730e+00
  endloop
 endfacet
 facet normal -2.52901644e-01 -8.84478271e-01 3.92095625e-01
  outer loop
   vertex 3.49248734e+01 0.00000000e+00 3.33869553e+00
   vertex 3.17960815e+01 3.74641418e+00 7.03544235e+00
   vertex 3.31462326e+01 2.16776276e+00 4.36006165e+00
  endloop
 endfacet
 facet normal -6.34688377e-01 -7.39270687e-01 2.25054443e-01
  outer loop
   vertex 3.31462326e+01 2.16776276e+00 4.36006165e+00
   vertex 3.17960815e+01 3.74641418e+00 7.03544235e+00
   vertex 3.10352097e+01 4.73641968e+00 7.03653717e+00
  endloop
 endfacet
 facet normal 6.57475948e-01 -1.77904218e-01 7.32171714e-01
  outer loop
   vertex 2.31036453e+01 1.79170685e+01 1.82137909e+01
   vertex 2.38582840e+01 2.07668533e+01 1.82224045e+01
   vertex 1.98162994e+01 2.17686768e+01 2.20952682e+01
  endloop
 endfacet
 facet normal 6.57469571e-01 -1.78899407e-01 7.31934965e-01
  outer loop
   vertex 1.98162994e+01 2.17686768e+01 2.20952682e+01
   vertex 2.38582840e+01 2.07668533e+01 1.82224045e+01
   vertex 2.05802383e+01 2.45235672e+01 2.20913544e+01
  endloop
 endfacet
 facet normal 6.54471695e-01 -1.82166174e-01 7.33813524e-01
  outer loop
   vertex 1.98162994e+01 2.17686768e+01 2.20952682e+01
   vertex 2.05802383e+01 2.45235672e+01 2.20913544e+01
   vertex 1.64792099e+01 2.56787643e+01 2.60354996e+01
  endloop
 endfacet
 facet normal 6.54337466e-01 -1.83389664e-01 7.33628452e-01
  outer loop
   vertex 1.64792099e+01 2.56787643e+01 2.60354996e+01
   vertex 2.05802383e+01 2.45235672e+01 2.20913544e+01
   vertex 1.72581406e+01 2.83315125e+01 2.60127258e+01
  endloop
 endfacet
 facet normal 4.29436117e-01 -4.28543985e-01 7.94943154e-01
  outer loop
   vertex 1.64792099e+01 2.56787643e+01 2.60354996e+01
   vertex 1.56975021e+01 2.30228806e+01 2.60563354e+01
   vertex 1.98162994e+01 2.17686768e+01 2.20952682e+01
  endloop
 endfacet
 facet normal 1.18467808e-01 -6.46340668e-01 7.53796518e-01
  outer loop
   vertex 1.98162994e+01 2.17686768e+01 2.20952682e+01
   vertex 1.56975021e+01 2.30228806e+01 2.60563354e+01
   vertex 1.90536118e+01 1.90042725e+01 2.20910110e+01
  endloop
 endfacet
 facet normal 1.25675589e-01 -6.42286777e-01 7.56090820e-01
  outer loop
   vertex 2.24097137e+01 1.49856644e+01 1.81256790e+01
   vertex 2.31036453e+01 1.79170685e+01 1.82137909e+01
   vertex 1.90536118e+01 1.90042725e+01 2.20910110e+01
  endloop
 endfacet
 facet normal 4.34285909e-01 -4.24081475e-01 7.94701636e-01
  outer loop
   vertex 1.90536118e+01 1.90042725e+01 2.20910110e+01
   vertex 2.31036453e+01 1.79170685e+01 1.82137909e+01
   vertex 1.98162994e+01 2.17686768e+01 2.20952682e+01
  endloop
 endfacet
 facet normal 6.61585331e-01 -1.78539664e-01 7.28305161e-01
  outer loop
   vertex 2.13466415e+01 2.72594452e+01 2.20710678e+01
   vertex 2.21025620e+01 2.99837799e+01 2.20430527e+01
   vertex 1.80315018e+01 3.09780197e+01 2.59861069e+01
  endloop
 endfacet
 facet normal 6.61934853e-01 -1.79396361e-01 7.27776885e-01
  outer loop
   vertex 1.80315018e+01 3.09780197e+01 2.59861069e+01
   vertex 2.21025620e+01 2.99837799e+01 2.20430527e+01
   vertex 1.87914505e+01 3.36186066e+01 2.59579239e+01
  endloop
 endfacet
 facet normal 6.57583296e-01 -1.80861488e-01 7.31350362e-01
  outer loop
   vertex 2.05802383e+01 2.45235672e+01 2.20913544e+01
   vertex 2.13466415e+01 2.72594452e+01 2.20710678e+01
   vertex 1.72581406e+01 2.83315125e+01 2.60127258e+01
  endloop
 endfacet
 facet normal 6.57677054e-01 -1.81917518e-01 7.31004059e-01
  outer loop
   vertex 1.72581406e+01 2.83315125e+01 2.60127258e+01
   vertex 2.13466415e+01 2.72594452e+01 2.20710678e+01
   vertex 1.80315018e+01 3.09780197e+01 2.59861069e+01
  endloop
 endfacet
 facet normal 6.60993278e-01 -1.76967502e-01 7.29225874e-01
  outer loop
   vertex 2.13466415e+01 2.72594452e+01 2.20710678e+01
   vertex 2.05802383e+01 2.45235672e+01 2.20913544e+01
   vertex 2.46206589e+01 2.35894852e+01 1.82063446e+01
  endloop
 endfacet
 facet normal 6.60747170e-01 -1.76229432e-01 7.29627550e-01
  outer loop
   vertex 2.46206589e+01 2.35894852e+01 1.82063446e+01
   vertex 2.05802383e+01 2.45235672e+01 2.20913544e+01
   vertex 2.38582840e+01 2.07668533e+01 1.82224045e+01
  endloop
 endfacet
 facet normal 6.64974868e-01 -1.73370853e-01 7.26464689e-01
  outer loop
   vertex 2.46206589e+01 2.35894852e+01 1.82063446e+01
   vertex 2.53733597e+01 2.63968811e+01 1.81784592e+01
   vertex 2.13466415e+01 2.72594452e+01 2.20710678e+01
  endloop
 endfacet
 facet normal 6.65470600e-01 -1.73886284e-01 7.25887358e-01
  outer loop
   vertex 2.13466415e+01 2.72594452e+01 2.20710678e+01
   vertex 2.53733597e+01 2.63968811e+01 1.81784592e+01
   vertex 2.21025620e+01 2.99837799e+01 2.20430527e+01
  endloop
 endfacet
 facet normal 4.68673855e-01 -1.34458899e-01 8.73078227e-01
  outer loop
   vertex 1.13377609e+01 3.84988251e+01 3.38998184e+01
   vertex 1.05536118e+01 3.60192566e+01 3.39288788e+01
   vertex 1.46909790e+01 3.47300568e+01 2.99345932e+01
  endloop
 endfacet
 facet normal 5.64471006e-01 -1.63372293e-01 8.09124231e-01
  outer loop
   vertex 1.46909790e+01 3.47300568e+01 2.99345932e+01
   vertex 1.05536118e+01 3.60192566e+01 3.39288788e+01
   vertex 1.39119034e+01 3.21682053e+01 2.99634705e+01
  endloop
 endfacet
 facet normal 6.54121459e-01 -1.85974300e-01 7.33170271e-01
  outer loop
   vertex 1.72581406e+01 2.83315125e+01 2.60127258e+01
   vertex 1.80315018e+01 3.09780197e+01 2.59861069e+01
   vertex 1.39119034e+01 3.21682053e+01 2.99634705e+01
  endloop
 endfacet
 facet normal 6.54005706e-01 -1.87415794e-01 7.32906401e-01
  outer loop
   vertex 1.39119034e+01 3.21682053e+01 2.99634705e+01
   vertex 1.80315018e+01 3.09780197e+01 2.59861069e+01
   vertex 1.46909790e+01 3.47300568e+01 2.99345932e+01
  endloop
 endfacet
 facet normal 6.58141434e-01 -1.85430408e-01 7.29702234e-01
  outer loop
   vertex 1.54565201e+01 3.72869568e+01 2.99062195e+01
   vertex 1.46909790e+01 3.47300568e+01 2.99345932e+01
   vertex 1.87914505e+01 3.36186066e+01 2.59579239e+01
  endloop
 endfacet
 facet normal 6.57913625e-01 -1.84216484e-01 7.30215013e-01
  outer loop
   vertex 1.87914505e+01 3.36186066e+01 2.59579239e+01
   vertex 1.46909790e+01 3.47300568e+01 2.99345932e+01
   vertex 1.80315018e+01 3.09780197e+01 2.59861069e+01
  endloop
 endfacet
 facet normal 5.67877650e-01 -1.62438214e-01 8.06925535e-01
  outer loop
   vertex 1.46909790e+01 3.47300568e+01 2.99345932e+01
   vertex 1.54565201e+01 3.72869568e+01 2.99062195e+01
   vertex 1.13377609e+01 3.84988251e+01 3.38998184e+01
  endloop
 endfacet
 facet normal 4.72552061e-01 -1.33291751e-01 8.71164680e-01
  outer loop
   vertex 1.13377609e+01 3.84988251e+01 3.38998184e+01
   vertex 1.54565201e+01 3.72869568e+01 2.99062195e+01
   vertex 1.21219330e+01 4.09784012e+01 3.38707581e+01
  endloop
 endfacet
 facet normal 1.11498334e-01 -6.50165737e-01 7.51566827e-01
  outer loop
   vertex 1.56975021e+01 2.30228806e+01 2.60563354e+01
   vertex 1.64792099e+01 2.56787643e+01 2.60354996e+01
   vertex 1.23413925e+01 2.70414886e+01 3.00216675e+01
  endloop
 endfacet
 facet normal 4.24452424e-01 -4.33084130e-01 7.95159280e-01
  outer loop
   vertex 1.23413925e+01 2.70414886e+01 3.00216675e+01
   vertex 1.64792099e+01 2.56787643e+01 2.60354996e+01
   vertex 1.31278915e+01 2.96051483e+01 2.99925232e+01
  endloop
 endfacet
 facet normal 6.51223958e-01 -1.86770350e-01 7.35543430e-01
  outer loop
   vertex 1.64792099e+01 2.56787643e+01 2.60354996e+01
   vertex 1.72581406e+01 2.83315125e+01 2.60127258e+01
   vertex 1.31278915e+01 2.96051483e+01 2.99925232e+01
  endloop
 endfacet
 facet normal 6.50912523e-01 -1.88298464e-01 7.35429525e-01
  outer loop
   vertex 1.31278915e+01 2.96051483e+01 2.99925232e+01
   vertex 1.72581406e+01 2.83315125e+01 2.60127258e+01
   vertex 1.39119034e+01 3.21682053e+01 2.99634705e+01
  endloop
 endfacet
 facet normal 5.61983109e-01 -1.63582757e-01 8.10811758e-01
  outer loop
   vertex 1.31278915e+01 2.96051483e+01 2.99925232e+01
   vertex 1.39119034e+01 3.21682053e+01 2.99634705e+01
   vertex 9.76944733e+00 3.35396881e+01 3.39579468e+01
  endloop
 endfacet
 facet normal 4.66387808e-01 -1.34512663e-01 8.74293268e-01
  outer loop
   vertex 9.76944733e+00 3.35396881e+01 3.39579468e+01
   vertex 1.39119034e+01 3.21682053e+01 2.99634705e+01
   vertex 1.05536118e+01 3.60192566e+01 3.39288788e+01
  endloop
 endfacet
 facet normal 2.10645407e-01 -6.09794557e-01 7.64054418e-01
  outer loop
   vertex 1.23413925e+01 2.70414886e+01 3.00216675e+01
   vertex 1.31278915e+01 2.96051483e+01 2.99925232e+01
   vertex 8.98528290e+00 3.10601044e+01 3.39870071e+01
  endloop
 endfacet
 facet normal 3.98217440e-01 -3.52957040e-01 8.46666515e-01
  outer loop
   vertex 8.98528290e+00 3.10601044e+01 3.39870071e+01
   vertex 1.31278915e+01 2.96051483e+01 2.99925232e+01
   vertex 9.76944733e+00 3.35396881e+01 3.39579468e+01
  endloop
 endfacet
 facet normal 6.76312685e-01 -1.64016485e-01 7.18122363e-01
  outer loop
   vertex 2.60989304e+01 2.92010269e+01 1.81515579e+01
   vertex 2.67925110e+01 3.20041504e+01 1.81258621e+01
   vertex 2.28350143e+01 3.27040939e+01 2.20159073e+01
  endloop
 endfacet
 facet normal 6.77269638e-01 -1.64062619e-01 7.17209399e-01
  outer loop
   vertex 2.28350143e+01 3.27040939e+01 2.20159073e+01
   vertex 2.67925110e+01 3.20041504e+01 1.81258621e+01
   vertex 2.35380249e+01 3.54222870e+01 2.19898529e+01
  endloop
 endfacet
 facet normal 6.72451198e-01 -1.70295700e-01 7.20283806e-01
  outer loop
   vertex 2.28350143e+01 3.27040939e+01 2.20159073e+01
   vertex 2.35380249e+01 3.54222870e+01 2.19898529e+01
   vertex 1.95301208e+01 3.62536011e+01 2.59305649e+01
  endloop
 endfacet
 facet normal 6.73240900e-01 -1.70784950e-01 7.19429791e-01
  outer loop
   vertex 1.95301208e+01 3.62536011e+01 2.59305649e+01
   vertex 2.35380249e+01 3.54222870e+01 2.19898529e+01
   vertex 2.02430725e+01 3.88852539e+01 2.59041290e+01
  endloop
 endfacet
 facet normal 6.66547060e-01 -1.75052792e-01 7.24618196e-01
  outer loop
   vertex 2.21025620e+01 2.99837799e+01 2.20430527e+01
   vertex 2.28350143e+01 3.27040939e+01 2.20159073e+01
   vertex 1.87914505e+01 3.36186066e+01 2.59579239e+01
  endloop
 endfacet
 facet normal 6.67129636e-01 -1.75689161e-01 7.23927736e-01
  outer loop
   vertex 1.87914505e+01 3.36186066e+01 2.59579239e+01
   vertex 2.28350143e+01 3.27040939e+01 2.20159073e+01
   vertex 1.95301208e+01 3.62536011e+01 2.59305649e+01
  endloop
 endfacet
 facet normal 6.70183837e-01 -1.69303209e-01 7.22627163e-01
  outer loop
   vertex 2.53733597e+01 2.63968811e+01 1.81784592e+01
   vertex 2.60989304e+01 2.92010269e+01 1.81515579e+01
   vertex 2.21025620e+01 2.99837799e+01 2.20430527e+01
  endloop
 endfacet
 facet normal 6.70907557e-01 -1.69612154e-01 7.21882761e-01
  outer loop
   vertex 2.21025620e+01 2.99837799e+01 2.20430527e+01
   vertex 2.60989304e+01 2.92010269e+01 1.81515579e+01
   vertex 2.28350143e+01 3.27040939e+01 2.20159073e+01
  endloop
 endfacet
 facet normal 6.87220752e-01 -1.56584859e-01 7.09372163e-01
  outer loop
   vertex 2.42055359e+01 3.81402740e+01 2.19651184e+01
   vertex 2.48315659e+01 4.08599625e+01 2.19419174e+01
   vertex 2.09258652e+01 4.15157776e+01 2.58788376e+01
  endloop
 endfacet
 facet normal 6.88983023e-01 -1.55997381e-01 7.07790375e-01
  outer loop
   vertex 2.09258652e+01 4.15157776e+01 2.58788376e+01
   vertex 2.48315659e+01 4.08599625e+01 2.19419174e+01
   vertex 2.15662842e+01 4.41462479e+01 2.58550873e+01
  endloop
 endfacet
 facet normal 6.79296255e-01 -1.64251223e-01 7.15246916e-01
  outer loop
   vertex 2.35380249e+01 3.54222870e+01 2.19898529e+01
   vertex 2.42055359e+01 3.81402740e+01 2.19651184e+01
   vertex 2.02430725e+01 3.88852539e+01 2.59041290e+01
  endloop
 endfacet
 facet normal 6.80453241e-01 -1.64481431e-01 7.14093268e-01
  outer loop
   vertex 2.02430725e+01 3.88852539e+01 2.59041290e+01
   vertex 2.42055359e+01 3.81402740e+01 2.19651184e+01
   vertex 2.09258652e+01 4.15157776e+01 2.58788376e+01
  endloop
 endfacet
 facet normal 6.84509575e-01 -1.57138839e-01 7.11866558e-01
  outer loop
   vertex 2.42055359e+01 3.81402740e+01 2.19651184e+01
   vertex 2.35380249e+01 3.54222870e+01 2.19898529e+01
   vertex 2.74492035e+01 3.48085709e+01 1.81015167e+01
  endloop
 endfacet
 facet normal 6.83278739e-01 -1.57440946e-01 7.12981403e-01
  outer loop
   vertex 2.74492035e+01 3.48085709e+01 1.81015167e+01
   vertex 2.35380249e+01 3.54222870e+01 2.19898529e+01
   vertex 2.67925110e+01 3.20041504e+01 1.81258621e+01
  endloop
 endfacet
 facet normal 6.92531943e-01 -1.48713514e-01 7.05892205e-01
  outer loop
   vertex 2.48315659e+01 4.08599625e+01 2.19419174e+01
   vertex 2.42055359e+01 3.81402740e+01 2.19651184e+01
   vertex 2.80641022e+01 3.76165390e+01 1.80787354e+01
  endloop
 endfacet
 facet normal 6.90985203e-01 -1.49499401e-01 7.07240701e-01
  outer loop
   vertex 2.80641022e+01 3.76165390e+01 1.80787354e+01
   vertex 2.42055359e+01 3.81402740e+01 2.19651184e+01
   vertex 2.74492035e+01 3.48085709e+01 1.81015167e+01
  endloop
 endfacet
 facet normal 5.82430184e-01 -1.54543966e-01 7.98054695e-01
  outer loop
   vertex 1.69237442e+01 4.23785019e+01 2.98518448e+01
   vertex 1.76305313e+01 4.49210281e+01 2.98256531e+01
   vertex 1.35922241e+01 4.58868866e+01 3.38162689e+01
  endloop
 endfacet
 facet normal 4.84778941e-01 -1.27941996e-01 8.65228415e-01
  outer loop
   vertex 1.35922241e+01 4.58868866e+01 3.38162689e+01
   vertex 1.76305313e+01 4.49210281e+01 2.98256531e+01
   vertex 1.43273697e+01 4.83411331e+01 3.37890244e+01
  endloop
 endfacet
 facet normal 6.74787402e-01 -1.72298416e-01 7.17617750e-01
  outer loop
   vertex 2.02430725e+01 3.88852539e+01 2.59041290e+01
   vertex 2.09258652e+01 4.15157776e+01 2.58788376e+01
   vertex 1.69237442e+01 4.23785019e+01 2.98518448e+01
  endloop
 endfacet
 facet normal 6.75608099e-01 -1.73423156e-01 7.16573894e-01
  outer loop
   vertex 1.69237442e+01 4.23785019e+01 2.98518448e+01
   vertex 2.09258652e+01 4.15157776e+01 2.58788376e+01
   vertex 1.76305313e+01 4.49210281e+01 2.98256531e+01
  endloop
 endfacet
 facet normal 6.83051288e-01 -1.65022328e-01 7.11483359e-01
  outer loop
   vertex 2.09258652e+01 4.15157776e+01 2.58788376e+01
   vertex 2.15662842e+01 4.41462479e+01 2.58550873e+01
   vertex 1.76305313e+01 4.49210281e+01 2.98256531e+01
  endloop
 endfacet
 facet normal 6.85211539e-01 -1.64672673e-01 7.09484339e-01
  outer loop
   vertex 1.76305313e+01 4.49210281e+01 2.98256531e+01
   vertex 2.15662842e+01 4.41462479e+01 2.58550873e+01
   vertex 1.82917023e+01 4.74618835e+01 2.98011475e+01
  endloop
 endfacet
 facet normal 5.90723395e-01 -1.49178535e-01 7.92963803e-01
  outer loop
   vertex 1.76305313e+01 4.49210281e+01 2.98256531e+01
   vertex 1.82917023e+01 4.74618835e+01 2.98011475e+01
   vertex 1.43273697e+01 4.83411331e+01 3.37890244e+01
  endloop
 endfacet
 facet normal 4.96390313e-01 -1.20769665e-01 8.59657705e-01
  outer loop
   vertex 1.43273697e+01 4.83411331e+01 3.37890244e+01
   vertex 1.82917023e+01 4.74618835e+01 2.98011475e+01
   vertex 1.50625153e+01 5.07953720e+01 3.37617798e+01
  endloop
 endfacet
 facet normal 6.63238406e-01 -1.82171583e-01 7.25898325e-01
  outer loop
   vertex 1.61999283e+01 3.98351212e+01 2.98786697e+01
   vertex 1.54565201e+01 3.72869568e+01 2.99062195e+01
   vertex 1.95301208e+01 3.62536011e+01 2.59305649e+01
  endloop
 endfacet
 facet normal 6.62748277e-01 -1.81247473e-01 7.26576984e-01
  outer loop
   vertex 1.95301208e+01 3.62536011e+01 2.59305649e+01
   vertex 1.54565201e+01 3.72869568e+01 2.99062195e+01
   vertex 1.87914505e+01 3.36186066e+01 2.59579239e+01
  endloop
 endfacet
 facet normal 6.68412447e-01 -1.77103281e-01 7.22398221e-01
  outer loop
   vertex 1.95301208e+01 3.62536011e+01 2.59305649e+01
   vertex 2.02430725e+01 3.88852539e+01 2.59041290e+01
   vertex 1.61999283e+01 3.98351212e+01 2.98786697e+01
  endloop
 endfacet
 facet normal 6.68793082e-01 -1.78384304e-01 7.21730411e-01
  outer loop
   vertex 1.61999283e+01 3.98351212e+01 2.98786697e+01
   vertex 2.02430725e+01 3.88852539e+01 2.59041290e+01
   vertex 1.69237442e+01 4.23785019e+01 2.98518448e+01
  endloop
 endfacet
 facet normal 5.77112257e-01 -1.57136127e-01 8.01404834e-01
  outer loop
   vertex 1.61999283e+01 3.98351212e+01 2.98786697e+01
   vertex 1.69237442e+01 4.23785019e+01 2.98518448e+01
   vertex 1.28570709e+01 4.34326477e+01 3.38435135e+01
  endloop
 endfacet
 facet normal 4.79753613e-01 -1.29444048e-01 8.67802203e-01
  outer loop
   vertex 1.28570709e+01 4.34326477e+01 3.38435135e+01
   vertex 1.69237442e+01 4.23785019e+01 2.98518448e+01
   vertex 1.35922241e+01 4.58868866e+01 3.38162689e+01
  endloop
 endfacet
 facet normal 4.76578057e-01 -1.30893379e-01 8.69333208e-01
  outer loop
   vertex 1.28570709e+01 4.34326477e+01 3.38435135e+01
   vertex 1.21219330e+01 4.09784012e+01 3.38707581e+01
   vertex 1.61999283e+01 3.98351212e+01 2.98786697e+01
  endloop
 endfacet
 facet normal 5.72892725e-01 -1.59920380e-01 8.03877711e-01
  outer loop
   vertex 1.61999283e+01 3.98351212e+01 2.98786697e+01
   vertex 1.21219330e+01 4.09784012e+01 3.38707581e+01
   vertex 1.54565201e+01 3.72869568e+01 2.99062195e+01
  endloop
 endfacet
 facet normal 7.08182871e-01 -1.30429238e-01 6.93876982e-01
  outer loop
   vertex 2.59427490e+01 4.62553558e+01 2.18934402e+01
   vertex 2.54100876e+01 4.35832748e+01 2.19204788e+01
   vertex 2.91514359e+01 4.31863327e+01 1.80346146e+01
  endloop
 endfacet
 facet normal 7.06801474e-01 -1.31360054e-01 6.95108771e-01
  outer loop
   vertex 2.91514359e+01 4.31863327e+01 1.80346146e+01
   vertex 2.54100876e+01 4.35832748e+01 2.19204788e+01
   vertex 2.86323242e+01 4.04303513e+01 1.80576706e+01
  endloop
 endfacet
 facet normal 7.04002738e-01 -1.37287930e-01 6.96801364e-01
  outer loop
   vertex 2.54100876e+01 4.35832748e+01 2.19204788e+01
   vertex 2.59427490e+01 4.62553558e+01 2.18934402e+01
   vertex 2.21521072e+01 4.67776871e+01 2.58333893e+01
  endloop
 endfacet
 facet normal 7.05573499e-01 -1.36217609e-01 6.95421278e-01
  outer loop
   vertex 2.21521072e+01 4.67776871e+01 2.58333893e+01
   vertex 2.59427490e+01 4.62553558e+01 2.18934402e+01
   vertex 2.26935959e+01 4.93680573e+01 2.58043365e+01
  endloop
 endfacet
 facet normal 6.95891678e-01 -1.47118688e-01 7.02915967e-01
  outer loop
   vertex 2.48315659e+01 4.08599625e+01 2.19419174e+01
   vertex 2.54100876e+01 4.35832748e+01 2.19204788e+01
   vertex 2.15662842e+01 4.41462479e+01 2.58550873e+01
  endloop
 endfacet
 facet normal 6.97833955e-01 -1.45891041e-01 7.01244295e-01
  outer loop
   vertex 2.15662842e+01 4.41462479e+01 2.58550873e+01
   vertex 2.54100876e+01 4.35832748e+01 2.19204788e+01
   vertex 2.21521072e+01 4.67776871e+01 2.58333893e+01
  endloop
 endfacet
 facet normal 7.00684905e-01 -1.39447540e-01 6.99710727e-01
  outer loop
   vertex 2.54100876e+01 4.35832748e+01 2.19204788e+01
   vertex 2.48315659e+01 4.08599625e+01 2.19419174e+01
   vertex 2.86323242e+01 4.04303513e+01 1.80576706e+01
  endloop
 endfacet
 facet normal 6.99087679e-01 -1.40454933e-01 7.01105416e-01
  outer loop
   vertex 2.86323242e+01 4.04303513e+01 1.80576706e+01
   vertex 2.48315659e+01 4.08599625e+01 2.19419174e+01
   vertex 2.80641022e+01 3.76165390e+01 1.80787354e+01
  endloop
 endfacet
 facet normal 7.17600644e-01 -1.19577035e-01 6.86112702e-01
  outer loop
   vertex 2.64312363e+01 4.88213577e+01 2.18534393e+01
   vertex 2.68772049e+01 5.12264175e+01 2.17931213e+01
   vertex 2.32010498e+01 5.18753204e+01 2.57585754e+01
  endloop
 endfacet
 facet normal 7.19391406e-01 -1.17567360e-01 6.84583008e-01
  outer loop
   vertex 2.32010498e+01 5.18753204e+01 2.57585754e+01
   vertex 2.68772049e+01 5.12264175e+01 2.17931213e+01
   vertex 2.36793060e+01 5.42426682e+01 2.56757050e+01
  endloop
 endfacet
 facet normal 7.10975409e-01 -1.28380522e-01 6.91398859e-01
  outer loop
   vertex 2.59427490e+01 4.62553558e+01 2.18934402e+01
   vertex 2.64312363e+01 4.88213577e+01 2.18534393e+01
   vertex 2.26935959e+01 4.93680573e+01 2.58043365e+01
  endloop
 endfacet
 facet normal 7.12421477e-01 -1.27369270e-01 6.90096140e-01
  outer loop
   vertex 2.26935959e+01 4.93680573e+01 2.58043365e+01
   vertex 2.64312363e+01 4.88213577e+01 2.18534393e+01
   vertex 2.32010498e+01 5.18753204e+01 2.57585754e+01
  endloop
 endfacet
 facet normal 7.15028703e-01 -1.21796899e-01 6.88403547e-01
  outer loop
   vertex 2.64312363e+01 4.88213577e+01 2.18534393e+01
   vertex 2.59427490e+01 4.62553558e+01 2.18934402e+01
   vertex 2.96189651e+01 4.58208389e+01 1.80058441e+01
  endloop
 endfacet
 facet normal 7.13804603e-01 -1.22774877e-01 6.89499319e-01
  outer loop
   vertex 2.96189651e+01 4.58208389e+01 1.80058441e+01
   vertex 2.59427490e+01 4.62553558e+01 2.18934402e+01
   vertex 2.91514359e+01 4.31863327e+01 1.80346146e+01
  endloop
 endfacet
 facet normal 7.21599758e-01 -1.13045506e-01 6.83018684e-01
  outer loop
   vertex 2.68772049e+01 5.12264175e+01 2.17931213e+01
   vertex 2.64312363e+01 4.88213577e+01 2.18534393e+01
   vertex 3.00324707e+01 4.82701950e+01 1.79676285e+01
  endloop
 endfacet
 facet normal 7.20473170e-01 -1.14254005e-01 6.84006155e-01
  outer loop
   vertex 3.00324707e+01 4.82701950e+01 1.79676285e+01
   vertex 2.64312363e+01 4.88213577e+01 2.18534393e+01
   vertex 2.96189651e+01 4.58208389e+01 1.80058441e+01
  endloop
 endfacet
 facet normal 6.14926040e-01 -1.19881459e-01 7.79419243e-01
  outer loop
   vertex 1.94192734e+01 5.25147858e+01 2.97536316e+01
   vertex 1.99415207e+01 5.49840240e+01 2.97170944e+01
   vertex 1.61323776e+01 5.56785316e+01 3.37221298e+01
  endloop
 endfacet
 facet normal 5.12624443e-01 -9.88325775e-02 8.52905810e-01
  outer loop
   vertex 1.61323776e+01 5.56785316e+01 3.37221298e+01
   vertex 1.99415207e+01 5.49840240e+01 2.97170944e+01
   vertex 1.66673050e+01 5.81201172e+01 3.37023010e+01
  endloop
 endfacet
 facet normal 7.08499908e-01 -1.34200975e-01 6.92833304e-01
  outer loop
   vertex 2.26935959e+01 4.93680573e+01 2.58043365e+01
   vertex 2.32010498e+01 5.18753204e+01 2.57585754e+01
   vertex 1.94192734e+01 5.25147858e+01 2.97536316e+01
  endloop
 endfacet
 facet normal 7.09852755e-01 -1.33610532e-01 6.91561460e-01
  outer loop
   vertex 1.94192734e+01 5.25147858e+01 2.97536316e+01
   vertex 2.32010498e+01 5.18753204e+01 2.57585754e+01
   vertex 1.99415207e+01 5.49840240e+01 2.97170944e+01
  endloop
 endfacet
 facet normal 7.18379080e-01 -1.21969700e-01 6.84875846e-01
  outer loop
   vertex 2.04514008e+01 5.73276291e+01 2.96188889e+01
   vertex 1.99415207e+01 5.49840240e+01 2.97170944e+01
   vertex 2.36793060e+01 5.42426682e+01 2.56757050e+01
  endloop
 endfacet
 facet normal 7.15574205e-01 -1.24770761e-01 6.87303305e-01
  outer loop
   vertex 2.36793060e+01 5.42426682e+01 2.56757050e+01
   vertex 1.99415207e+01 5.49840240e+01 2.97170944e+01
   vertex 2.32010498e+01 5.18753204e+01 2.57585754e+01
  endloop
 endfacet
 facet normal 4.33100253e-01 -1.44992629e-03 9.01344597e-01
  outer loop
   vertex 1.72022324e+01 6.05616989e+01 3.36824799e+01
   vertex 1.66673050e+01 5.81201172e+01 3.37023010e+01
   vertex 2.04514008e+01 5.73276291e+01 2.96188889e+01
  endloop
 endfacet
 facet normal 6.22588277e-01 -1.12004116e-01 7.74492681e-01
  outer loop
   vertex 2.04514008e+01 5.73276291e+01 2.96188889e+01
   vertex 1.66673050e+01 5.81201172e+01 3.37023010e+01
   vertex 1.99415207e+01 5.49840240e+01 2.97170944e+01
  endloop
 endfacet
 facet normal 6.95900738e-01 -1.52226344e-01 7.01818585e-01
  outer loop
   vertex 1.88786469e+01 5.00002747e+01 2.97793961e+01
   vertex 1.82917023e+01 4.74618835e+01 2.98011475e+01
   vertex 2.21521072e+01 4.67776871e+01 2.58333893e+01
  endloop
 endfacet
 facet normal 6.93086386e-01 -1.54420227e-01 7.04120517e-01
  outer loop
   vertex 2.21521072e+01 4.67776871e+01 2.58333893e+01
   vertex 1.82917023e+01 4.74618835e+01 2.98011475e+01
   vertex 2.15662842e+01 4.41462479e+01 2.58550873e+01
  endloop
 endfacet
 facet normal 7.03681469e-01 -1.41617745e-01 6.96259141e-01
  outer loop
   vertex 1.94192734e+01 5.25147858e+01 2.97536316e+01
   vertex 1.88786469e+01 5.00002747e+01 2.97793961e+01
   vertex 2.26935959e+01 4.93680573e+01 2.58043365e+01
  endloop
 endfacet
 facet normal 7.02202559e-01 -1.42623425e-01 6.97545826e-01
  outer loop
   vertex 2.26935959e+01 4.93680573e+01 2.58043365e+01
   vertex 1.88786469e+01 5.00002747e+01 2.97793961e+01
   vertex 2.21521072e+01 4.67776871e+01 2.58333893e+01
  endloop
 endfacet
 facet normal 6.10189795e-01 -1.25020787e-01 7.82328725e-01
  outer loop
   vertex 1.88786469e+01 5.00002747e+01 2.97793961e+01
   vertex 1.94192734e+01 5.25147858e+01 2.97536316e+01
   vertex 1.55974426e+01 5.32369614e+01 3.37419510e+01
  endloop
 endfacet
 facet normal 5.08330762e-01 -1.01525597e-01 8.55156362e-01
  outer loop
   vertex 1.55974426e+01 5.32369614e+01 3.37419510e+01
   vertex 1.94192734e+01 5.25147858e+01 2.97536316e+01
   vertex 1.61323776e+01 5.56785316e+01 3.37221298e+01
  endloop
 endfacet
 facet normal 6.04405761e-01 -1.36602804e-01 7.84877956e-01
  outer loop
   vertex 1.82917023e+01 4.74618835e+01 2.98011475e+01
   vertex 1.88786469e+01 5.00002747e+01 2.97793961e+01
   vertex 1.50625153e+01 5.07953720e+01 3.37617798e+01
  endloop
 endfacet
 facet normal 5.06181240e-01 -1.08016163e-01 8.55636060e-01
  outer loop
   vertex 1.50625153e+01 5.07953720e+01 3.37617798e+01
   vertex 1.88786469e+01 5.00002747e+01 2.97793961e+01
   vertex 1.55974426e+01 5.32369614e+01 3.37419510e+01
  endloop
 endfacet
 facet normal 7.24687815e-01 -1.10231735e-01 6.80203259e-01
  outer loop
   vertex 2.36793060e+01 5.42426682e+01 2.56757050e+01
   vertex 2.41331482e+01 5.64133301e+01 2.55353546e+01
   vertex 2.04514008e+01 5.73276291e+01 2.96188889e+01
  endloop
 endfacet
 facet normal 7.28696823e-01 -1.03404850e-01 6.76984787e-01
  outer loop
   vertex 2.04514008e+01 5.73276291e+01 2.96188889e+01
   vertex 2.41331482e+01 5.64133301e+01 2.55353546e+01
   vertex 2.09549332e+01 5.94652443e+01 2.94081268e+01
  endloop
 endfacet
 facet normal 7.34583437e-01 -8.97220522e-02 6.72560096e-01
  outer loop
   vertex 2.41331482e+01 5.64133301e+01 2.55353546e+01
   vertex 2.45649719e+01 5.84372253e+01 2.53316879e+01
   vertex 2.09549332e+01 5.94652443e+01 2.94081268e+01
  endloop
 endfacet
 facet normal 7.37628937e-01 -8.30206051e-02 6.70082927e-01
  outer loop
   vertex 2.09549332e+01 5.94652443e+01 2.94081268e+01
   vertex 2.45649719e+01 5.84372253e+01 2.53316879e+01
   vertex 2.14503403e+01 6.14727592e+01 2.91203613e+01
  endloop
 endfacet
 facet normal 5.31591713e-01 9.74194426e-03 8.46944690e-01
  outer loop
   vertex 2.09549332e+01 5.94652443e+01 2.94081268e+01
   vertex 2.14503403e+01 6.14727592e+01 2.91203613e+01
   vertex 1.77622070e+01 6.25442924e+01 3.33022003e+01
  endloop
 endfacet
 facet normal 2.60775805e-01 1.12197392e-01 9.58857477e-01
  outer loop
   vertex 1.77622070e+01 6.25442924e+01 3.33022003e+01
   vertex 2.14503403e+01 6.14727592e+01 2.91203613e+01
   vertex 1.83221817e+01 6.45268860e+01 3.29219360e+01
  endloop
 endfacet
 facet normal 5.57712317e-01 -6.86299615e-03 8.30005944e-01
  outer loop
   vertex 2.04514008e+01 5.73276291e+01 2.96188889e+01
   vertex 2.09549332e+01 5.94652443e+01 2.94081268e+01
   vertex 1.72022324e+01 6.05616989e+01 3.36824799e+01
  endloop
 endfacet
 facet normal 2.98626035e-01 1.07363530e-01 9.48311985e-01
  outer loop
   vertex 1.72022324e+01 6.05616989e+01 3.36824799e+01
   vertex 2.09549332e+01 5.94652443e+01 2.94081268e+01
   vertex 1.77622070e+01 6.25442924e+01 3.33022003e+01
  endloop
 endfacet
 facet normal 7.37270892e-01 -8.80953521e-02 6.69828951e-01
  outer loop
   vertex 3.03895111e+01 5.04707642e+01 1.79162521e+01
   vertex 3.06994858e+01 5.24848175e+01 1.78308792e+01
   vertex 2.72823181e+01 5.34156876e+01 2.17051315e+01
  endloop
 endfacet
 facet normal 7.39711523e-01 -8.21262673e-02 6.67893827e-01
  outer loop
   vertex 2.72823181e+01 5.34156876e+01 2.17051315e+01
   vertex 3.06994858e+01 5.24848175e+01 1.78308792e+01
   vertex 2.76526108e+01 5.54388885e+01 2.15688477e+01
  endloop
 endfacet
 facet normal 7.27697611e-01 -1.04070000e-01 6.77956939e-01
  outer loop
   vertex 3.00324707e+01 4.82701950e+01 1.79676285e+01
   vertex 3.03895111e+01 5.04707642e+01 1.79162521e+01
   vertex 2.68772049e+01 5.12264175e+01 2.17931213e+01
  endloop
 endfacet
 facet normal 7.29249954e-01 -1.01164512e-01 6.76727593e-01
  outer loop
   vertex 2.68772049e+01 5.12264175e+01 2.17931213e+01
   vertex 3.03895111e+01 5.04707642e+01 1.79162521e+01
   vertex 2.72823181e+01 5.34156876e+01 2.17051315e+01
  endloop
 endfacet
 facet normal 7.61041105e-01 -3.48370746e-02 6.47767603e-01
  outer loop
   vertex 2.79940414e+01 5.73457413e+01 2.13636322e+01
   vertex 2.83126907e+01 5.91859589e+01 2.10688629e+01
   vertex 2.49771729e+01 6.03642731e+01 2.50589828e+01
  endloop
 endfacet
 facet normal 7.66251028e-01 -2.27589849e-02 6.42138124e-01
  outer loop
   vertex 2.49771729e+01 6.03642731e+01 2.50589828e+01
   vertex 2.83126907e+01 5.91859589e+01 2.10688629e+01
   vertex 2.53716965e+01 6.22213287e+01 2.46837540e+01
  endloop
 endfacet
 facet normal 7.46108770e-01 -6.62561208e-02 6.62519336e-01
  outer loop
   vertex 2.76526108e+01 5.54388885e+01 2.15688477e+01
   vertex 2.79940414e+01 5.73457413e+01 2.13636322e+01
   vertex 2.45649719e+01 5.84372253e+01 2.53316879e+01
  endloop
 endfacet
 facet normal 7.50102758e-01 -5.71917892e-02 6.58843637e-01
  outer loop
   vertex 2.45649719e+01 5.84372253e+01 2.53316879e+01
   vertex 2.79940414e+01 5.73457413e+01 2.13636322e+01
   vertex 2.49771729e+01 6.03642731e+01 2.50589828e+01
  endloop
 endfacet
 facet normal 7.50050187e-01 -6.39467090e-02 6.58282280e-01
  outer loop
   vertex 3.06994858e+01 5.24848175e+01 1.78308792e+01
   vertex 3.09717560e+01 5.43746490e+01 1.76906738e+01
   vertex 2.76526108e+01 5.54388885e+01 2.15688477e+01
  endloop
 endfacet
 facet normal 7.53267407e-01 -5.51192686e-02 6.55400753e-01
  outer loop
   vertex 2.76526108e+01 5.54388885e+01 2.15688477e+01
   vertex 3.09717560e+01 5.43746490e+01 1.76906738e+01
   vertex 2.79940414e+01 5.73457413e+01 2.13636322e+01
  endloop
 endfacet
 facet normal 7.65129745e-01 -3.28913964e-02 6.43035531e-01
  outer loop
   vertex 3.09717560e+01 5.43746490e+01 1.76906738e+01
   vertex 3.12157669e+01 5.62025528e+01 1.74747849e+01
   vertex 2.79940414e+01 5.73457413e+01 2.13636322e+01
  endloop
 endfacet
 facet normal 7.68867016e-01 -2.16709133e-02 6.39041424e-01
  outer loop
   vertex 2.79940414e+01 5.73457413e+01 2.13636322e+01
   vertex 3.12157669e+01 5.62025528e+01 1.74747849e+01
   vertex 2.83126907e+01 5.91859589e+01 2.10688629e+01
  endloop
 endfacet
 facet normal 5.40205240e-01 1.97269712e-02 8.41302037e-01
  outer loop
   vertex 2.14503403e+01 6.14727592e+01 2.91203613e+01
   vertex 2.19357986e+01 6.34260635e+01 2.87911224e+01
   vertex 1.83221817e+01 6.45268860e+01 3.29219360e+01
  endloop
 endfacet
 facet normal 2.73725063e-01 1.20124519e-01 9.54277039e-01
  outer loop
   vertex 1.83221817e+01 6.45268860e+01 3.29219360e+01
   vertex 2.19357986e+01 6.34260635e+01 2.87911224e+01
   vertex 1.88821640e+01 6.65094910e+01 3.25416794e+01
  endloop
 endfacet
 facet normal 7.44441390e-01 -6.78570196e-02 6.64230764e-01
  outer loop
   vertex 2.45649719e+01 5.84372253e+01 2.53316879e+01
   vertex 2.49771729e+01 6.03642731e+01 2.50589828e+01
   vertex 2.14503403e+01 6.14727592e+01 2.91203613e+01
  endloop
 endfacet
 facet normal 7.48239458e-01 -6.05136082e-02 6.60663128e-01
  outer loop
   vertex 2.14503403e+01 6.14727592e+01 2.91203613e+01
   vertex 2.49771729e+01 6.03642731e+01 2.50589828e+01
   vertex 2.19357986e+01 6.34260635e+01 2.87911224e+01
  endloop
 endfacet
 facet normal 7.59217739e-01 -3.77772376e-02 6.49739444e-01
  outer loop
   vertex 2.49771729e+01 6.03642731e+01 2.50589828e+01
   vertex 2.53716965e+01 6.22213287e+01 2.46837540e+01
   vertex 2.19357986e+01 6.34260635e+01 2.87911224e+01
  endloop
 endfacet
 facet normal 7.66156912e-01 -2.58480366e-02 6.42133474e-01
  outer loop
   vertex 2.19357986e+01 6.34260635e+01 2.87911224e+01
   vertex 2.53716965e+01 6.22213287e+01 2.46837540e+01
   vertex 2.24078369e+01 6.53087921e+01 2.83453140e+01
  endloop
 endfacet
 facet normal 5.59312046e-01 4.73706611e-02 8.27602565e-01
  outer loop
   vertex 2.19357986e+01 6.34260635e+01 2.87911224e+01
   vertex 2.24078369e+01 6.53087921e+01 2.83453140e+01
   vertex 1.88821640e+01 6.65094910e+01 3.25416794e+01
  endloop
 endfacet
 facet normal 2.95476735e-01 1.88317463e-01 9.36605573e-01
  outer loop
   vertex 1.88821640e+01 6.65094910e+01 3.25416794e+01
   vertex 2.24078369e+01 6.53087921e+01 2.83453140e+01
   vertex 1.94421463e+01 6.84920807e+01 3.21614227e+01
  endloop
 endfacet
 facet normal 7.78572679e-01 3.75761744e-03 6.27543211e-01
  outer loop
   vertex 2.53716965e+01 6.22213287e+01 2.46837540e+01
   vertex 2.57505188e+01 6.40352478e+01 2.41725693e+01
   vertex 2.24078369e+01 6.53087921e+01 2.83453140e+01
  endloop
 endfacet
 facet normal 7.86139905e-01 2.11502779e-02 6.17686629e-01
  outer loop
   vertex 2.24078369e+01 6.53087921e+01 2.83453140e+01
   vertex 2.57505188e+01 6.40352478e+01 2.41725693e+01
   vertex 2.28629990e+01 6.71045532e+01 2.77077866e+01
  endloop
 endfacet
 facet normal 7.94975400e-01 4.96693663e-02 6.04604900e-01
  outer loop
   vertex 2.57505188e+01 6.40352478e+01 2.41725693e+01
   vertex 2.61170120e+01 6.58729248e+01 2.35232544e+01
   vertex 2.28629990e+01 6.71045532e+01 2.77077866e+01
  endloop
 endfacet
 facet normal 7.99108684e-01 6.27380237e-02 5.97904027e-01
  outer loop
   vertex 2.28629990e+01 6.71045532e+01 2.77077866e+01
   vertex 2.61170120e+01 6.58729248e+01 2.35232544e+01
   vertex 2.33080902e+01 6.88803101e+01 2.69327011e+01
  endloop
 endfacet
 facet normal 6.20752573e-01 1.91677809e-01 7.60214388e-01
  outer loop
   vertex 2.28629990e+01 6.71045532e+01 2.77077866e+01
   vertex 2.33080902e+01 6.88803101e+01 2.69327011e+01
   vertex 1.99637222e+01 7.01955185e+01 3.12563019e+01
  endloop
 endfacet
 facet normal 3.88584167e-01 3.27879190e-01 8.61102521e-01
  outer loop
   vertex 1.99637222e+01 7.01955185e+01 3.12563019e+01
   vertex 2.33080902e+01 6.88803101e+01 2.69327011e+01
   vertex 2.04852982e+01 7.18989563e+01 3.03511810e+01
  endloop
 endfacet
 facet normal 5.84316611e-01 1.31626964e-01 8.00779879e-01
  outer loop
   vertex 2.24078369e+01 6.53087921e+01 2.83453140e+01
   vertex 2.28629990e+01 6.71045532e+01 2.77077866e+01
   vertex 1.94421463e+01 6.84920807e+01 3.21614227e+01
  endloop
 endfacet
 facet normal 3.42529744e-01 2.86809862e-01 8.94658327e-01
  outer loop
   vertex 1.94421463e+01 6.84920807e+01 3.21614227e+01
   vertex 2.28629990e+01 6.71045532e+01 2.77077866e+01
   vertex 1.99637222e+01 7.01955185e+01 3.12563019e+01
  endloop
 endfacet
 facet normal 7.93532431e-01 4.47011814e-02 6.06883943e-01
  outer loop
   vertex 2.86145477e+01 6.10092621e+01 2.06639328e+01
   vertex 2.88981857e+01 6.28880424e+01 2.01318207e+01
   vertex 2.57505188e+01 6.40352478e+01 2.41725693e+01
  endloop
 endfacet
 facet normal 7.97788918e-01 5.88515028e-02 6.00057781e-01
  outer loop
   vertex 2.57505188e+01 6.40352478e+01 2.41725693e+01
   vertex 2.88981857e+01 6.28880424e+01 2.01318207e+01
   vertex 2.61170120e+01 6.58729248e+01 2.35232544e+01
  endloop
 endfacet
 facet normal 7.77900219e-01 3.54489591e-03 6.28377795e-01
  outer loop
   vertex 2.83126907e+01 5.91859589e+01 2.10688629e+01
   vertex 2.86145477e+01 6.10092621e+01 2.06639328e+01
   vertex 2.53716965e+01 6.22213287e+01 2.46837540e+01
  endloop
 endfacet
 facet normal 7.83288598e-01 1.81320924e-02 6.21393740e-01
  outer loop
   vertex 2.53716965e+01 6.22213287e+01 2.46837540e+01
   vertex 2.86145477e+01 6.10092621e+01 2.06639328e+01
   vertex 2.57505188e+01 6.40352478e+01 2.41725693e+01
  endloop
 endfacet
 facet normal 8.08681369e-01 7.91884288e-02 5.82892418e-01
  outer loop
   vertex 3.16402817e+01 5.99400215e+01 1.67418365e+01
   vertex 3.18070297e+01 6.20107803e+01 1.62013855e+01
   vertex 2.88981857e+01 6.28880424e+01 2.01318207e+01
  endloop
 endfacet
 facet normal 8.11204314e-01 9.22566652e-02 5.77439427e-01
  outer loop
   vertex 2.88981857e+01 6.28880424e+01 2.01318207e+01
   vertex 3.18070297e+01 6.20107803e+01 1.62013855e+01
   vertex 2.91621552e+01 6.48946838e+01 1.94555206e+01
  endloop
 endfacet
 facet normal 8.18152189e-01 1.12244256e-01 5.63939929e-01
  outer loop
   vertex 3.18070297e+01 6.20107803e+01 1.62013855e+01
   vertex 3.19342880e+01 6.43236694e+01 1.55293503e+01
   vertex 2.91621552e+01 6.48946838e+01 1.94555206e+01
  endloop
 endfacet
 facet normal 8.19866419e-01 1.23939671e-01 5.58979392e-01
  outer loop
   vertex 2.91621552e+01 6.48946838e+01 1.94555206e+01
   vertex 3.19342880e+01 6.43236694e+01 1.55293503e+01
   vertex 2.94050293e+01 6.71015778e+01 1.86180267e+01
  endloop
 endfacet
 facet normal 6.35931313e-01 2.14010090e-01 7.41478980e-01
  outer loop
   vertex 2.33080902e+01 6.88803101e+01 2.69327011e+01
   vertex 2.37499313e+01 7.07030182e+01 2.60742340e+01
   vertex 2.04852982e+01 7.18989563e+01 3.03511810e+01
  endloop
 endfacet
 facet normal 4.03192341e-01 3.45247447e-01 8.47490489e-01
  outer loop
   vertex 2.04852982e+01 7.18989563e+01 3.03511810e+01
   vertex 2.37499313e+01 7.07030182e+01 2.60742340e+01
   vertex 2.10068665e+01 7.36023941e+01 2.94460678e+01
  endloop
 endfacet
 facet normal 8.05335402e-01 8.40474144e-02 5.86831272e-01
  outer loop
   vertex 2.61170120e+01 6.58729248e+01 2.35232544e+01
   vertex 2.64745255e+01 6.78012390e+01 2.27336426e+01
   vertex 2.33080902e+01 6.88803101e+01 2.69327011e+01
  endloop
 endfacet
 facet normal 8.08692276e-01 9.31917280e-02 5.80802977e-01
  outer loop
   vertex 2.33080902e+01 6.88803101e+01 2.69327011e+01
   vertex 2.64745255e+01 6.78012390e+01 2.27336426e+01
   vertex 2.37499313e+01 7.07030182e+01 2.60742340e+01
  endloop
 endfacet
 facet normal 8.15889776e-01 1.15162060e-01 5.66622913e-01
  outer loop
   vertex 2.64745255e+01 6.78012390e+01 2.27336426e+01
   vertex 2.68315201e+01 6.98933029e+01 2.17503128e+01
   vertex 2.37499313e+01 7.07030182e+01 2.60742340e+01
  endloop
 endfacet
 facet normal 8.20109904e-01 1.26431257e-01 5.58063567e-01
  outer loop
   vertex 2.37499313e+01 7.07030182e+01 2.60742340e+01
   vertex 2.68315201e+01 6.98933029e+01 2.17503128e+01
   vertex 2.42158432e+01 7.26643982e+01 2.49814072e+01
  endloop
 endfacet
 facet normal 6.45077944e-01 2.44150192e-01 7.24061549e-01
  outer loop
   vertex 2.37499313e+01 7.07030182e+01 2.60742340e+01
   vertex 2.42158432e+01 7.26643982e+01 2.49814072e+01
   vertex 2.10068665e+01 7.36023941e+01 2.94460678e+01
  endloop
 endfacet
 facet normal 4.03109729e-01 4.08412516e-01 8.18963826e-01
  outer loop
   vertex 2.10068665e+01 7.36023941e+01 2.94460678e+01
   vertex 2.42158432e+01 7.26643982e+01 2.49814072e+01
   vertex 2.15284424e+01 7.53058319e+01 2.85409470e+01
  endloop
 endfacet
 facet normal 8.25288951e-01 1.49066955e-01 5.44680834e-01
  outer loop
   vertex 2.68315201e+01 6.98933029e+01 2.17503128e+01
   vertex 2.71964951e+01 7.22221985e+01 2.05197830e+01
   vertex 2.42158432e+01 7.26643982e+01 2.49814072e+01
  endloop
 endfacet
 facet normal 8.27348888e-01 1.62347451e-01 5.37714660e-01
  outer loop
   vertex 2.42158432e+01 7.26643982e+01 2.49814072e+01
   vertex 2.71964951e+01 7.22221985e+01 2.05197830e+01
   vertex 2.47331238e+01 7.48562088e+01 2.35032501e+01
  endloop
 endfacet
 facet normal 8.28229427e-01 1.78742498e-01 5.31118810e-01
  outer loop
   vertex 2.71964951e+01 7.22221985e+01 2.05197830e+01
   vertex 2.75414581e+01 7.46970291e+01 1.91428528e+01
   vertex 2.47331238e+01 7.48562088e+01 2.35032501e+01
  endloop
 endfacet
 facet normal 8.28477144e-01 1.88598424e-01 5.27310431e-01
  outer loop
   vertex 2.47331238e+01 7.48562088e+01 2.35032501e+01
   vertex 2.75414581e+01 7.46970291e+01 1.91428528e+01
   vertex 2.52635574e+01 7.71763535e+01 2.18186493e+01
  endloop
 endfacet
 facet normal 4.49953735e-01 5.06578028e-01 7.35472858e-01
  outer loop
   vertex 2.22525101e+01 7.74866791e+01 2.65197067e+01
   vertex 2.47331238e+01 7.48562088e+01 2.35032501e+01
   vertex 2.29765701e+01 7.96675415e+01 2.44984818e+01
  endloop
 endfacet
 facet normal 6.73141539e-01 3.56131822e-01 6.48113132e-01
  outer loop
   vertex 2.29765701e+01 7.96675415e+01 2.44984818e+01
   vertex 2.47331238e+01 7.48562088e+01 2.35032501e+01
   vertex 2.52635574e+01 7.71763535e+01 2.18186493e+01
  endloop
 endfacet
 facet normal 4.21041846e-01 4.72527295e-01 7.74236202e-01
  outer loop
   vertex 2.15284424e+01 7.53058319e+01 2.85409470e+01
   vertex 2.42158432e+01 7.26643982e+01 2.49814072e+01
   vertex 2.22525101e+01 7.74866791e+01 2.65197067e+01
  endloop
 endfacet
 facet normal 6.68855727e-01 3.36151302e-01 6.63049221e-01
  outer loop
   vertex 2.22525101e+01 7.74866791e+01 2.65197067e+01
   vertex 2.42158432e+01 7.26643982e+01 2.49814072e+01
   vertex 2.47331238e+01 7.48562088e+01 2.35032501e+01
  endloop
 endfacet
 facet normal 8.27772379e-01 1.62787318e-01 5.36929369e-01
  outer loop
   vertex 3.20151672e+01 6.69593048e+01 1.47140350e+01
   vertex 3.20316696e+01 6.98187256e+01 1.38099403e+01
   vertex 2.96253662e+01 6.95811310e+01 1.76022949e+01
  endloop
 endfacet
 facet normal 8.27900410e-01 1.72189951e-01 5.33789814e-01
  outer loop
   vertex 2.96253662e+01 6.95811310e+01 1.76022949e+01
   vertex 3.20316696e+01 6.98187256e+01 1.38099403e+01
   vertex 2.98012314e+01 7.22414246e+01 1.64751282e+01
  endloop
 endfacet
 facet normal 8.27269852e-01 1.70219272e-01 5.35396993e-01
  outer loop
   vertex 2.96253662e+01 6.95811310e+01 1.76022949e+01
   vertex 2.98012314e+01 7.22414246e+01 1.64751282e+01
   vertex 2.71964951e+01 7.22221985e+01 2.05197830e+01
  endloop
 endfacet
 facet normal 8.27955306e-01 1.79694742e-01 5.31224847e-01
  outer loop
   vertex 2.71964951e+01 7.22221985e+01 2.05197830e+01
   vertex 2.98012314e+01 7.22414246e+01 1.64751282e+01
   vertex 2.75414581e+01 7.46970291e+01 1.91428528e+01
  endloop
 endfacet
 facet normal 8.23641419e-01 1.45333111e-01 5.48172474e-01
  outer loop
   vertex 2.94050293e+01 6.71015778e+01 1.86180267e+01
   vertex 2.96253662e+01 6.95811310e+01 1.76022949e+01
   vertex 2.68315201e+01 6.98933029e+01 2.17503128e+01
  endloop
 endfacet
 facet normal 8.25567424e-01 1.56003475e-01 5.42311072e-01
  outer loop
   vertex 2.68315201e+01 6.98933029e+01 2.17503128e+01
   vertex 2.96253662e+01 6.95811310e+01 1.76022949e+01
   vertex 2.71964951e+01 7.22221985e+01 2.05197830e+01
  endloop
 endfacet
 facet normal 8.24404895e-01 1.39823973e-01 5.48457742e-01
  outer loop
   vertex 3.19342880e+01 6.43236694e+01 1.55293503e+01
   vertex 3.20151672e+01 6.69593048e+01 1.47140350e+01
   vertex 2.94050293e+01 6.71015778e+01 1.86180267e+01
  endloop
 endfacet
 facet normal 8.25259566e-01 1.50154725e-01 5.44426501e-01
  outer loop
   vertex 2.94050293e+01 6.71015778e+01 1.86180267e+01
   vertex 3.20151672e+01 6.69593048e+01 1.47140350e+01
   vertex 2.96253662e+01 6.95811310e+01 1.76022949e+01
  endloop
 endfacet
 facet normal 8.29188883e-01 2.09261343e-01 5.18319905e-01
  outer loop
   vertex 2.99107285e+01 7.49905777e+01 1.53033180e+01
   vertex 2.99319153e+01 7.77366791e+01 1.41536179e+01
   vertex 2.78384399e+01 7.72268982e+01 1.77202911e+01
  endloop
 endfacet
 facet normal 8.29713285e-01 2.17204317e-01 5.14196634e-01
  outer loop
   vertex 2.78384399e+01 7.72268982e+01 1.77202911e+01
   vertex 2.99319153e+01 7.77366791e+01 1.41536179e+01
   vertex 2.80551453e+01 7.97155457e+01 1.63336792e+01
  endloop
 endfacet
 facet normal 8.28375399e-01 1.90621421e-01 5.26742518e-01
  outer loop
   vertex 2.98012314e+01 7.22414246e+01 1.64751282e+01
   vertex 2.99107285e+01 7.49905777e+01 1.53033180e+01
   vertex 2.75414581e+01 7.46970291e+01 1.91428528e+01
  endloop
 endfacet
 facet normal 8.28670382e-01 1.98815048e-01 5.23237944e-01
  outer loop
   vertex 2.75414581e+01 7.46970291e+01 1.91428528e+01
   vertex 2.99107285e+01 7.49905777e+01 1.53033180e+01
   vertex 2.78384399e+01 7.72268982e+01 1.77202911e+01
  endloop
 endfacet
 facet normal 8.29277396e-01 1.83199823e-01 5.27955353e-01
  outer loop
   vertex 3.20316696e+01 6.98187256e+01 1.38099403e+01
   vertex 3.19657516e+01 7.28030319e+01 1.28715706e+01
   vertex 2.98012314e+01 7.22414246e+01 1.64751282e+01
  endloop
 endfacet
 facet normal 8.29073131e-01 1.92157164e-01 5.25084138e-01
  outer loop
   vertex 2.98012314e+01 7.22414246e+01 1.64751282e+01
   vertex 3.19657516e+01 7.28030319e+01 1.28715706e+01
   vertex 2.99107285e+01 7.49905777e+01 1.53033180e+01
  endloop
 endfacet
 facet normal 8.30165625e-01 2.03346446e-01 5.19110084e-01
  outer loop
   vertex 3.19657516e+01 7.28030319e+01 1.28715706e+01
   vertex 3.17993927e+01 7.58132706e+01 1.19534340e+01
   vertex 2.99107285e+01 7.49905777e+01 1.53033180e+01
  endloop
 endfacet
 facet normal 8.29973102e-01 2.12253794e-01 5.15842021e-01
  outer loop
   vertex 2.99107285e+01 7.49905777e+01 1.53033180e+01
   vertex 3.17993927e+01 7.58132706e+01 1.19534340e+01
   vertex 2.99319153e+01 7.77366791e+01 1.41536179e+01
  endloop
 endfacet
 facet normal 4.56549108e-01 5.13774753e-01 7.26359665e-01
  outer loop
   vertex 2.29765701e+01 7.96675415e+01 2.44984818e+01
   vertex 2.52635574e+01 7.71763535e+01 2.18186493e+01
   vertex 2.37006378e+01 8.18483887e+01 2.24772415e+01
  endloop
 endfacet
 facet normal 6.73748136e-01 3.66969615e-01 6.41402125e-01
  outer loop
   vertex 2.37006378e+01 8.18483887e+01 2.24772415e+01
   vertex 2.52635574e+01 7.71763535e+01 2.18186493e+01
   vertex 2.57688599e+01 7.95227509e+01 2.01064606e+01
  endloop
 endfacet
 facet normal 8.28499913e-01 1.97744712e-01 5.23913145e-01
  outer loop
   vertex 2.75414581e+01 7.46970291e+01 1.91428528e+01
   vertex 2.78384399e+01 7.72268982e+01 1.77202911e+01
   vertex 2.52635574e+01 7.71763535e+01 2.18186493e+01
  endloop
 endfacet
 facet normal 8.28973949e-01 2.03920856e-01 5.20786345e-01
  outer loop
   vertex 2.52635574e+01 7.71763535e+01 2.18186493e+01
   vertex 2.78384399e+01 7.72268982e+01 1.77202911e+01
   vertex 2.57688599e+01 7.95227509e+01 2.01064606e+01
  endloop
 endfacet
 facet normal 8.29695880e-01 2.12940872e-01 5.16004801e-01
  outer loop
   vertex 2.78384399e+01 7.72268982e+01 1.77202911e+01
   vertex 2.80551453e+01 7.97155457e+01 1.63336792e+01
   vertex 2.57688599e+01 7.95227509e+01 2.01064606e+01
  endloop
 endfacet
 facet normal 8.31785679e-01 2.18905568e-01 5.10110676e-01
  outer loop
   vertex 2.57688599e+01 7.95227509e+01 2.01064606e+01
   vertex 2.80551453e+01 7.97155457e+01 1.63336792e+01
   vertex 2.61935043e+01 8.17719269e+01 1.84689102e+01
  endloop
 endfacet
 facet normal 4.62657243e-01 5.22194028e-01 7.16422796e-01
  outer loop
   vertex 2.37006378e+01 8.18483887e+01 2.24772415e+01
   vertex 2.57688599e+01 7.95227509e+01 2.01064606e+01
   vertex 2.44247055e+01 8.40292358e+01 2.04559937e+01
  endloop
 endfacet
 facet normal 6.79842830e-01 3.80261779e-01 6.27068341e-01
  outer loop
   vertex 2.44247055e+01 8.40292358e+01 2.04559937e+01
   vertex 2.57688599e+01 7.95227509e+01 2.01064606e+01
   vertex 2.61935043e+01 8.17719269e+01 1.84689102e+01
  endloop
 endfacet
 facet normal 8.32235336e-01 2.31313080e-01 5.03863633e-01
  outer loop
   vertex 2.80551453e+01 7.97155457e+01 1.63336792e+01
   vertex 2.81592636e+01 8.20667267e+01 1.50646667e+01
   vertex 2.61935043e+01 8.17719269e+01 1.84689102e+01
  endloop
 endfacet
 facet normal 8.33283782e-01 2.40627438e-01 4.97731417e-01
  outer loop
   vertex 2.61935043e+01 8.17719269e+01 1.84689102e+01
   vertex 2.81592636e+01 8.20667267e+01 1.50646667e+01
   vertex 2.64818954e+01 8.38003922e+01 1.70081940e+01
  endloop
 endfacet
 facet normal 8.31557274e-01 2.53817499e-01 4.94053811e-01
  outer loop
   vertex 2.81592636e+01 8.20667267e+01 1.50646667e+01
   vertex 2.81788254e+01 8.43233109e+01 1.38706856e+01
   vertex 2.64818954e+01 8.38003922e+01 1.70081940e+01
  endloop
 endfacet
 facet normal 8.31037879e-01 2.61499494e-01 4.90911424e-01
  outer loop
   vertex 2.64818954e+01 8.38003922e+01 1.70081940e+01
   vertex 2.81788254e+01 8.43233109e+01 1.38706856e+01
   vertex 2.66866531e+01 8.57032623e+01 1.56453247e+01
  endloop
 endfacet
 facet normal 6.71261728e-01 4.22008544e-01 6.09357476e-01
  outer loop
   vertex 2.66866531e+01 8.57032623e+01 1.56453247e+01
   vertex 2.51906433e+01 8.70936508e+01 1.74191437e+01
   vertex 2.64818954e+01 8.38003922e+01 1.70081940e+01
  endloop
 endfacet
 facet normal 4.53599423e-01 5.62076926e-01 6.91604733e-01
  outer loop
   vertex 2.64818954e+01 8.38003922e+01 1.70081940e+01
   vertex 2.51906433e+01 8.70936508e+01 1.74191437e+01
   vertex 2.48076782e+01 8.55614471e+01 1.89375763e+01
  endloop
 endfacet
 facet normal 6.80362105e-01 3.95764381e-01 6.16828918e-01
  outer loop
   vertex 2.61935043e+01 8.17719269e+01 1.84689102e+01
   vertex 2.64818954e+01 8.38003922e+01 1.70081940e+01
   vertex 2.44247055e+01 8.40292358e+01 2.04559937e+01
  endloop
 endfacet
 facet normal 4.61786777e-01 5.51367402e-01 6.94799960e-01
  outer loop
   vertex 2.44247055e+01 8.40292358e+01 2.04559937e+01
   vertex 2.64818954e+01 8.38003922e+01 1.70081940e+01
   vertex 2.48076782e+01 8.55614471e+01 1.89375763e+01
  endloop
 endfacet
 facet normal 8.31681430e-01 2.44876325e-01 4.98338789e-01
  outer loop
   vertex 3.15146103e+01 7.87505264e+01 1.11100082e+01
   vertex 3.11308441e+01 8.16271515e+01 1.03207779e+01
   vertex 2.98428802e+01 8.03878174e+01 1.30928459e+01
  endloop
 endfacet
 facet normal 8.31179857e-01 2.52570987e-01 4.95326132e-01
  outer loop
   vertex 2.98428802e+01 8.03878174e+01 1.30928459e+01
   vertex 3.11308441e+01 8.16271515e+01 1.03207779e+01
   vertex 2.96633453e+01 8.29642029e+01 1.20944443e+01
  endloop
 endfacet
 facet normal 8.30745518e-01 2.48642892e-01 4.98034745e-01
  outer loop
   vertex 2.98428802e+01 8.03878174e+01 1.30928459e+01
   vertex 2.96633453e+01 8.29642029e+01 1.20944443e+01
   vertex 2.81592636e+01 8.20667267e+01 1.50646667e+01
  endloop
 endfacet
 facet normal 8.30571949e-01 2.56272137e-01 4.94443923e-01
  outer loop
   vertex 2.81592636e+01 8.20667267e+01 1.50646667e+01
   vertex 2.96633453e+01 8.29642029e+01 1.20944443e+01
   vertex 2.81788254e+01 8.43233109e+01 1.38706856e+01
  endloop
 endfacet
 facet normal 8.30285192e-01 2.28740036e-01 5.08236647e-01
  outer loop
   vertex 2.99319153e+01 7.77366791e+01 1.41536179e+01
   vertex 2.98428802e+01 8.03878174e+01 1.30928459e+01
   vertex 2.80551453e+01 7.97155457e+01 1.63336792e+01
  endloop
 endfacet
 facet normal 8.30710053e-01 2.36882031e-01 5.03793359e-01
  outer loop
   vertex 2.80551453e+01 7.97155457e+01 1.63336792e+01
   vertex 2.98428802e+01 8.03878174e+01 1.30928459e+01
   vertex 2.81592636e+01 8.20667267e+01 1.50646667e+01
  endloop
 endfacet
 facet normal 8.31048846e-01 2.24266902e-01 5.08981526e-01
  outer loop
   vertex 3.17993927e+01 7.58132706e+01 1.19534340e+01
   vertex 3.15146103e+01 7.87505264e+01 1.11100082e+01
   vertex 2.99319153e+01 7.77366791e+01 1.41536179e+01
  endloop
 endfacet
 facet normal 8.30828369e-01 2.32808024e-01 5.05494475e-01
  outer loop
   vertex 2.99319153e+01 7.77366791e+01 1.41536179e+01
   vertex 3.15146103e+01 7.87505264e+01 1.11100082e+01
   vertex 2.98428802e+01 8.03878174e+01 1.30928459e+01
  endloop
 endfacet
 facet normal 8.30211401e-01 2.66881317e-01 4.89411265e-01
  outer loop
   vertex 2.96633453e+01 8.29642029e+01 1.20944443e+01
   vertex 2.94130249e+01 8.54860229e+01 1.11318855e+01
   vertex 2.81788254e+01 8.43233109e+01 1.38706856e+01
  endloop
 endfacet
 facet normal 8.29866111e-01 2.72976547e-01 4.86627162e-01
  outer loop
   vertex 2.81788254e+01 8.43233109e+01 1.38706856e+01
   vertex 2.94130249e+01 8.54860229e+01 1.11318855e+01
   vertex 2.81419296e+01 8.65281601e+01 1.27092247e+01
  endloop
 endfacet
 facet normal 8.31635654e-01 2.63882160e-01 4.88618761e-01
  outer loop
   vertex 3.11308441e+01 8.16271515e+01 1.03207779e+01
   vertex 3.06676178e+01 8.44555206e+01 9.56523895e+00
   vertex 2.96633453e+01 8.29642029e+01 1.20944443e+01
  endloop
 endfacet
 facet normal 8.30847681e-01 2.70565391e-01 4.86298800e-01
  outer loop
   vertex 2.96633453e+01 8.29642029e+01 1.20944443e+01
   vertex 3.06676178e+01 8.44555206e+01 9.56523895e+00
   vertex 2.94130249e+01 8.54860229e+01 1.11318855e+01
  endloop
 endfacet
 facet normal 4.43879128e-01 5.79815328e-01 6.83217049e-01
  outer loop
   vertex 2.55736160e+01 8.86258545e+01 1.59007263e+01
   vertex 2.68603897e+01 8.75756683e+01 1.43012886e+01
   vertex 2.59565811e+01 9.01580582e+01 1.43822975e+01
  endloop
 endfacet
 facet normal 6.68344378e-01 4.46466029e-01 5.94965458e-01
  outer loop
   vertex 2.59565811e+01 9.01580582e+01 1.43822975e+01
   vertex 2.68603897e+01 8.75756683e+01 1.43012886e+01
   vertex 2.70113983e+01 8.94388046e+01 1.29371529e+01
  endloop
 endfacet
 facet normal 4.40724730e-01 6.03191853e-01 6.64771616e-01
  outer loop
   vertex 2.63261948e+01 9.17476501e+01 1.26814156e+01
   vertex 2.71479950e+01 9.13138885e+01 1.15139542e+01
   vertex 2.66958008e+01 9.33372345e+01 1.09805374e+01
  endloop
 endfacet
 facet normal 6.63917005e-01 4.66955751e-01 5.84094644e-01
  outer loop
   vertex 2.66958008e+01 9.33372345e+01 1.09805374e+01
   vertex 2.71479950e+01 9.13138885e+01 1.15139542e+01
   vertex 2.72746277e+01 9.31943512e+01 1.00578613e+01
  endloop
 endfacet
 facet normal 6.66943431e-01 4.59439754e-01 5.86601734e-01
  outer loop
   vertex 2.71479950e+01 9.13138885e+01 1.15139542e+01
   vertex 2.63261948e+01 9.17476501e+01 1.26814156e+01
   vertex 2.70113983e+01 8.94388046e+01 1.29371529e+01
  endloop
 endfacet
 facet normal 4.43340361e-01 5.94656885e-01 6.70695543e-01
  outer loop
   vertex 2.70113983e+01 8.94388046e+01 1.29371529e+01
   vertex 2.63261948e+01 9.17476501e+01 1.26814156e+01
   vertex 2.59565811e+01 9.01580582e+01 1.43822975e+01
  endloop
 endfacet
 facet normal 4.45647150e-01 5.98383904e-01 6.65834248e-01
  outer loop
   vertex 2.76721725e+01 9.78240204e+01 6.22902298e+00
   vertex 2.75931320e+01 9.73881531e+01 6.67893982e+00
   vertex 2.80513000e+01 9.53684082e+01 7.22909164e+00
  endloop
 endfacet
 facet normal 6.66172087e-01 4.67154801e-01 5.81361473e-01
  outer loop
   vertex 2.80513000e+01 9.53684082e+01 7.22909164e+00
   vertex 2.75931320e+01 9.73881531e+01 6.67893982e+00
   vertex 2.77247849e+01 9.52207108e+01 7.91124725e+00
  endloop
 endfacet
 facet normal 8.28215361e-01 3.12252820e-01 4.65357363e-01
  outer loop
   vertex 2.80513000e+01 9.53684082e+01 7.22909164e+00
   vertex 2.77247849e+01 9.52207108e+01 7.91124725e+00
   vertex 2.84227448e+01 9.29101639e+01 8.22391129e+00
  endloop
 endfacet
 facet normal 8.27642202e-01 3.10794741e-01 4.67348963e-01
  outer loop
   vertex 2.84227448e+01 9.29101639e+01 8.22391129e+00
   vertex 2.77247849e+01 9.52207108e+01 7.91124725e+00
   vertex 2.78510818e+01 9.30518646e+01 9.13803482e+00
  endloop
 endfacet
 facet normal 8.29047561e-01 3.13411534e-01 4.63091105e-01
  outer loop
   vertex 2.83733215e+01 9.55133057e+01 6.55321121e+00
   vertex 2.80513000e+01 9.53684082e+01 7.22909164e+00
   vertex 2.89868927e+01 9.27696228e+01 7.31643677e+00
  endloop
 endfacet
 facet normal 8.28451812e-01 3.11680079e-01 4.65320468e-01
  outer loop
   vertex 2.89868927e+01 9.27696228e+01 7.31643677e+00
   vertex 2.80513000e+01 9.53684082e+01 7.22909164e+00
   vertex 2.84227448e+01 9.29101639e+01 8.22391129e+00
  endloop
 endfacet
 facet normal 4.49545771e-01 5.96137583e-01 6.65228248e-01
  outer loop
   vertex 2.77512207e+01 9.82598801e+01 5.77910995e+00
   vertex 2.76721725e+01 9.78240204e+01 6.22902298e+00
   vertex 2.83733215e+01 9.55133057e+01 6.55321121e+00
  endloop
 endfacet
 facet normal 6.66860998e-01 4.67425585e-01 5.80353081e-01
  outer loop
   vertex 2.83733215e+01 9.55133057e+01 6.55321121e+00
   vertex 2.76721725e+01 9.78240204e+01 6.22902298e+00
   vertex 2.80513000e+01 9.53684082e+01 7.22909164e+00
  endloop
 endfacet
 facet normal 6.64838970e-01 4.68695104e-01 5.81647694e-01
  outer loop
   vertex 2.73957367e+01 9.50736237e+01 8.59503937e+00
   vertex 2.70654144e+01 9.49268265e+01 9.27965927e+00
   vertex 2.72746277e+01 9.31943512e+01 1.00578613e+01
  endloop
 endfacet
 facet normal 4.40257877e-01 6.05936944e-01 6.62580848e-01
  outer loop
   vertex 2.72746277e+01 9.31943512e+01 1.00578613e+01
   vertex 2.70654144e+01 9.49268265e+01 9.27965927e+00
   vertex 2.66958008e+01 9.33372345e+01 1.09805374e+01
  endloop
 endfacet
 facet normal 8.28253329e-01 3.10301453e-01 4.66593444e-01
  outer loop
   vertex 2.77247849e+01 9.52207108e+01 7.91124725e+00
   vertex 2.73957367e+01 9.50736237e+01 8.59503937e+00
   vertex 2.78510818e+01 9.30518646e+01 9.13803482e+00
  endloop
 endfacet
 facet normal 8.27652514e-01 3.09418976e-01 4.68242645e-01
  outer loop
   vertex 2.78510818e+01 9.30518646e+01 9.13803482e+00
   vertex 2.73957367e+01 9.50736237e+01 8.59503937e+00
   vertex 2.72746277e+01 9.31943512e+01 1.00578613e+01
  endloop
 endfacet
 facet normal 4.47658718e-01 5.97950161e-01 6.64873898e-01
  outer loop
   vertex 2.75931320e+01 9.73881531e+01 6.67893982e+00
   vertex 2.75140686e+01 9.69522858e+01 7.12886047e+00
   vertex 2.77247849e+01 9.52207108e+01 7.91124725e+00
  endloop
 endfacet
 facet normal 6.68535113e-01 4.64489996e-01 5.80783784e-01
  outer loop
   vertex 2.77247849e+01 9.52207108e+01 7.91124725e+00
   vertex 2.75140686e+01 9.69522858e+01 7.12886047e+00
   vertex 2.73957367e+01 9.50736237e+01 8.59503937e+00
  endloop
 endfacet
 facet normal 4.62133050e-01 5.93975544e-01 6.58502877e-01
  outer loop
   vertex 2.75140686e+01 9.69522858e+01 7.12886047e+00
   vertex 2.74350204e+01 9.65164185e+01 7.57877731e+00
   vertex 2.73957367e+01 9.50736237e+01 8.59503937e+00
  endloop
 endfacet
 facet normal 4.58018601e-01 5.98758936e-01 6.57043934e-01
  outer loop
   vertex 2.73957367e+01 9.50736237e+01 8.59503937e+00
   vertex 2.74350204e+01 9.65164185e+01 7.57877731e+00
   vertex 2.70654144e+01 9.49268265e+01 9.27965927e+00
  endloop
 endfacet
 facet normal 9.93931472e-01 -8.25950578e-02 -7.26516843e-02
  outer loop
   vertex 4.22323761e+01 3.69717484e+01 1.69544601e+00
   vertex 4.23850174e+01 3.91689377e+01 1.68978882e+00
   vertex 4.23021469e+01 3.71129532e+01 2.37907410e+00
  endloop
 endfacet
 facet normal 9.93561924e-01 -6.01496845e-02 -9.60039645e-02
  outer loop
   vertex 4.23021469e+01 3.71129532e+01 2.37907410e+00
   vertex 4.23850174e+01 3.91689377e+01 1.68978882e+00
   vertex 4.24399872e+01 3.92630768e+01 2.37396622e+00
  endloop
 endfacet
 facet normal 9.97775912e-01 -2.83588953e-02 -6.03239685e-02
  outer loop
   vertex 4.23850174e+01 3.91689377e+01 1.68978882e+00
   vertex 4.24367599e+01 4.10727844e+01 1.68787384e+00
   vertex 4.24399872e+01 3.92630768e+01 2.37396622e+00
  endloop
 endfacet
 facet normal 9.97597992e-01 -1.34308627e-02 -6.79549351e-02
  outer loop
   vertex 4.24399872e+01 3.92630768e+01 2.37396622e+00
   vertex 4.24367599e+01 4.10727844e+01 1.68787384e+00
   vertex 4.24711380e+01 4.10921173e+01 2.37281036e+00
  endloop
 endfacet
 facet normal 9.99034226e-01 -1.21198241e-02 4.22343090e-02
  outer loop
   vertex 4.24399872e+01 3.92630768e+01 2.37396622e+00
   vertex 4.24711380e+01 4.10921173e+01 2.37281036e+00
   vertex 4.25245514e+01 3.94513474e+01 3.05704498e+00
  endloop
 endfacet
 facet normal 9.83446896e-01 -1.70978042e-03 1.81188598e-01
  outer loop
   vertex 4.25245514e+01 3.94513474e+01 3.05704498e+00
   vertex 4.24711380e+01 4.10921173e+01 2.37281036e+00
   vertex 4.25144806e+01 4.11307907e+01 3.05741882e+00
  endloop
 endfacet
 facet normal 9.97519732e-01 -7.03540742e-02 -2.16753525e-03
  outer loop
   vertex 4.23021469e+01 3.71129532e+01 2.37907410e+00
   vertex 4.24399872e+01 3.92630768e+01 2.37396622e+00
   vertex 4.25346069e+01 3.77719040e+01 3.05667114e+00
  endloop
 endfacet
 facet normal 9.88708675e-01 -3.66151445e-02 1.45308390e-01
  outer loop
   vertex 4.25346069e+01 3.77719040e+01 3.05667114e+00
   vertex 4.24399872e+01 3.92630768e+01 2.37396622e+00
   vertex 4.25245514e+01 3.94513474e+01 3.05704498e+00
  endloop
 endfacet
 facet normal 9.66046810e-01 -1.00119365e-02 -2.58173048e-01
  outer loop
   vertex 4.23891983e+01 3.92630768e+01 1.00342178e+00
   vertex 4.24229660e+01 3.94513474e+01 3.15956116e-01
   vertex 4.24203491e+01 4.10921173e+01 1.00226593e+00
  endloop
 endfacet
 facet normal 8.37855160e-01 1.17852131e-03 -5.45891345e-01
  outer loop
   vertex 4.24203491e+01 4.10921173e+01 1.00226593e+00
   vertex 4.24229660e+01 3.94513474e+01 3.15956116e-01
   vertex 4.24128952e+01 4.11307907e+01 3.16329956e-01
  endloop
 endfacet
 facet normal 9.99504030e-01 -2.83589289e-02 -1.36919878e-02
  outer loop
   vertex 4.23850174e+01 3.91689377e+01 1.68978882e+00
   vertex 4.23891983e+01 3.92630768e+01 1.00342178e+00
   vertex 4.24367599e+01 4.10727844e+01 1.68787384e+00
  endloop
 endfacet
 facet normal 9.99891400e-01 -1.34309353e-02 -6.07068278e-03
  outer loop
   vertex 4.24367599e+01 4.10727844e+01 1.68787384e+00
   vertex 4.23891983e+01 3.92630768e+01 1.00342178e+00
   vertex 4.24203491e+01 4.10921173e+01 1.00226593e+00
  endloop
 endfacet
 facet normal 9.96582508e-01 -8.25955123e-02 -1.11402932e-03
  outer loop
   vertex 4.22323761e+01 3.69717484e+01 1.69544601e+00
   vertex 4.22513580e+01 3.71129532e+01 1.00852966e+00
   vertex 4.23850174e+01 3.91689377e+01 1.68978882e+00
  endloop
 endfacet
 facet normal 9.97942448e-01 -6.01501837e-02 2.22004354e-02
  outer loop
   vertex 4.23850174e+01 3.91689377e+01 1.68978882e+00
   vertex 4.22513580e+01 3.71129532e+01 1.00852966e+00
   vertex 4.23891983e+01 3.92630768e+01 1.00342178e+00
  endloop
 endfacet
 facet normal 9.77732122e-01 -6.58264086e-02 -1.99265614e-01
  outer loop
   vertex 4.22513580e+01 3.71129532e+01 1.00852966e+00
   vertex 4.24330215e+01 3.77719040e+01 3.15582275e-01
   vertex 4.23891983e+01 3.92630768e+01 1.00342178e+00
  endloop
 endfacet
 facet normal 8.71442318e-01 -2.75652539e-02 -4.89722788e-01
  outer loop
   vertex 4.23891983e+01 3.92630768e+01 1.00342178e+00
   vertex 4.24330215e+01 3.77719040e+01 3.15582275e-01
   vertex 4.24229660e+01 3.94513474e+01 3.15956116e-01
  endloop
 endfacet
 facet normal 9.99259472e-01 2.81958636e-02 -2.61822660e-02
  outer loop
   vertex 4.23897400e+01 4.46324844e+01 1.68961334e+00
   vertex 4.24346466e+01 4.28606339e+01 1.68795013e+00
   vertex 4.23738403e+01 4.46072845e+01 1.00399017e+00
  endloop
 endfacet
 facet normal 9.99581099e-01 2.03072261e-02 -2.06221063e-02
  outer loop
   vertex 4.23738403e+01 4.46072845e+01 1.00399017e+00
   vertex 4.24346466e+01 4.28606339e+01 1.68795013e+00
   vertex 4.24155731e+01 4.28438339e+01 1.00244522e+00
  endloop
 endfacet
 facet normal 9.99567509e-01 3.62810417e-04 -2.94044819e-02
  outer loop
   vertex 4.24367599e+01 4.10727844e+01 1.68787384e+00
   vertex 4.24203491e+01 4.10921173e+01 1.00226593e+00
   vertex 4.24346466e+01 4.28606339e+01 1.68795013e+00
  endloop
 endfacet
 facet normal 9.99691784e-01 6.92695426e-03 -2.38393638e-02
  outer loop
   vertex 4.24346466e+01 4.28606339e+01 1.68795013e+00
   vertex 4.24203491e+01 4.10921173e+01 1.00226593e+00
   vertex 4.24155731e+01 4.28438339e+01 1.00244522e+00
  endloop
 endfacet
 facet normal 9.57204342e-01 3.77815682e-03 -2.89388359e-01
  outer loop
   vertex 4.24203491e+01 4.10921173e+01 1.00226593e+00
   vertex 4.24128952e+01 4.11307907e+01 3.16329956e-01
   vertex 4.24155731e+01 4.28438339e+01 1.00244522e+00
  endloop
 endfacet
 facet normal 8.23372662e-01 8.63553770e-03 -5.67435384e-01
  outer loop
   vertex 4.24155731e+01 4.28438339e+01 1.00244522e+00
   vertex 4.24128952e+01 4.11307907e+01 3.16329956e-01
   vertex 4.24028320e+01 4.28102417e+01 3.16703796e-01
  endloop
 endfacet
 facet normal 9.56689060e-01 2.80509014e-02 -2.89757043e-01
  outer loop
   vertex 4.23738403e+01 4.46072845e+01 1.00399017e+00
   vertex 4.24155731e+01 4.28438339e+01 1.00244522e+00
   vertex 4.23927765e+01 4.44896774e+01 3.17073822e-01
  endloop
 endfacet
 facet normal 8.20739210e-01 1.83193162e-02 -5.71009219e-01
  outer loop
   vertex 4.23927765e+01 4.44896774e+01 3.17073822e-01
   vertex 4.24155731e+01 4.28438339e+01 1.00244522e+00
   vertex 4.24028320e+01 4.28102417e+01 3.16703796e-01
  endloop
 endfacet
 facet normal 9.97913599e-01 3.42882262e-03 6.44727796e-02
  outer loop
   vertex 4.24711380e+01 4.10921173e+01 2.37281036e+00
   vertex 4.24663620e+01 4.28438339e+01 2.37298965e+00
   vertex 4.25144806e+01 4.11307907e+01 3.05741882e+00
  endloop
 endfacet
 facet normal 9.82415378e-01 5.92558226e-03 1.86614424e-01
  outer loop
   vertex 4.25144806e+01 4.11307907e+01 3.05741882e+00
   vertex 4.24663620e+01 4.28438339e+01 2.37298965e+00
   vertex 4.25044174e+01 4.28102341e+01 3.05779266e+00
  endloop
 endfacet
 facet normal 9.98714149e-01 6.92656217e-03 -5.02203889e-02
  outer loop
   vertex 4.24663620e+01 4.28438339e+01 2.37298965e+00
   vertex 4.24711380e+01 4.10921173e+01 2.37281036e+00
   vertex 4.24346466e+01 4.28606339e+01 1.68795013e+00
  endloop
 endfacet
 facet normal 9.99002218e-01 3.62847582e-04 -4.46597338e-02
  outer loop
   vertex 4.24346466e+01 4.28606339e+01 1.68795013e+00
   vertex 4.24711380e+01 4.10921173e+01 2.37281036e+00
   vertex 4.24367599e+01 4.10727844e+01 1.68787384e+00
  endloop
 endfacet
 facet normal 9.98456299e-01 2.81954482e-02 -4.78537083e-02
  outer loop
   vertex 4.23897400e+01 4.46324844e+01 1.68961334e+00
   vertex 4.24246368e+01 4.46072769e+01 2.37453461e+00
   vertex 4.24346466e+01 4.28606339e+01 1.68795013e+00
  endloop
 endfacet
 facet normal 9.98365641e-01 2.03063805e-02 -5.34204841e-02
  outer loop
   vertex 4.24346466e+01 4.28606339e+01 1.68795013e+00
   vertex 4.24246368e+01 4.46072769e+01 2.37453461e+00
   vertex 4.24663620e+01 4.28438339e+01 2.37298965e+00
  endloop
 endfacet
 facet normal 9.98341024e-01 2.56689359e-02 5.15391827e-02
  outer loop
   vertex 4.24246368e+01 4.46072769e+01 2.37453461e+00
   vertex 4.24943619e+01 4.44896774e+01 3.05816269e+00
   vertex 4.24663620e+01 4.28438339e+01 2.37298965e+00
  endloop
 endfacet
 facet normal 9.84131515e-01 1.46169160e-02 1.76837385e-01
  outer loop
   vertex 4.24663620e+01 4.28438339e+01 2.37298965e+00
   vertex 4.24943619e+01 4.44896774e+01 3.05816269e+00
   vertex 4.25044174e+01 4.28102341e+01 3.05779266e+00
  endloop
 endfacet
 facet normal 7.37527251e-01 -8.59005824e-02 6.69831812e-01
  outer loop
   vertex 3.62131271e+01 4.25696106e+01 1.04632111e+01
   vertex 3.64675980e+01 4.47686844e+01 1.04482040e+01
   vertex 3.31324387e+01 4.53653488e+01 1.41957397e+01
  endloop
 endfacet
 facet normal 7.39563346e-01 -8.47064257e-02 6.67735636e-01
  outer loop
   vertex 3.31324387e+01 4.53653488e+01 1.41957397e+01
   vertex 3.64675980e+01 4.47686844e+01 1.04482040e+01
   vertex 3.34417725e+01 4.75770035e+01 1.41674690e+01
  endloop
 endfacet
 facet normal 7.52190471e-01 -6.58599362e-02 6.55646205e-01
  outer loop
   vertex 3.36919022e+01 4.95820694e+01 1.41168747e+01
   vertex 3.34417725e+01 4.75770035e+01 1.41674690e+01
   vertex 3.66479721e+01 4.67274780e+01 1.04206886e+01
  endloop
 endfacet
 facet normal 7.50124693e-01 -6.80239424e-02 6.57788455e-01
  outer loop
   vertex 3.66479721e+01 4.67274780e+01 1.04206886e+01
   vertex 3.34417725e+01 4.75770035e+01 1.41674690e+01
   vertex 3.64675980e+01 4.47686844e+01 1.04482040e+01
  endloop
 endfacet
 facet normal 7.43024051e-01 -8.08097571e-02 6.64368153e-01
  outer loop
   vertex 3.34417725e+01 4.75770035e+01 1.41674690e+01
   vertex 3.36919022e+01 4.95820694e+01 1.41168747e+01
   vertex 3.03895111e+01 5.04707642e+01 1.79162521e+01
  endloop
 endfacet
 facet normal 7.45030463e-01 -7.66607746e-02 6.62610531e-01
  outer loop
   vertex 3.03895111e+01 5.04707642e+01 1.79162521e+01
   vertex 3.36919022e+01 4.95820694e+01 1.41168747e+01
   vertex 3.06994858e+01 5.24848175e+01 1.78308792e+01
  endloop
 endfacet
 facet normal 7.32315063e-01 -9.68818665e-02 6.74038947e-01
  outer loop
   vertex 3.31324387e+01 4.53653488e+01 1.41957397e+01
   vertex 3.34417725e+01 4.75770035e+01 1.41674690e+01
   vertex 3.00324707e+01 4.82701950e+01 1.79676285e+01
  endloop
 endfacet
 facet normal 7.33687043e-01 -9.51466113e-02 6.72793031e-01
  outer loop
   vertex 3.00324707e+01 4.82701950e+01 1.79676285e+01
   vertex 3.34417725e+01 4.75770035e+01 1.41674690e+01
   vertex 3.03895111e+01 5.04707642e+01 1.79162521e+01
  endloop
 endfacet
 facet normal 9.05561566e-01 -1.67434793e-02 4.23884273e-01
  outer loop
   vertex 4.25245514e+01 3.94513474e+01 3.05704498e+00
   vertex 4.25144806e+01 4.11307907e+01 3.05741882e+00
   vertex 3.94955444e+01 4.20800858e+01 6.74788666e+00
  endloop
 endfacet
 facet normal 8.41307759e-01 -2.41144970e-02 5.40018320e-01
  outer loop
   vertex 3.94955444e+01 4.20800858e+01 6.74788666e+00
   vertex 4.25144806e+01 4.11307907e+01 3.05741882e+00
   vertex 3.95857925e+01 4.39178848e+01 6.73613739e+00
  endloop
 endfacet
 facet normal 7.58692443e-01 -4.80198078e-02 6.49676740e-01
  outer loop
   vertex 3.94955444e+01 4.20800858e+01 6.74788666e+00
   vertex 3.95857925e+01 4.39178848e+01 6.73613739e+00
   vertex 3.64675980e+01 4.47686844e+01 1.04482040e+01
  endloop
 endfacet
 facet normal 7.60467052e-01 -4.85694744e-02 6.47557616e-01
  outer loop
   vertex 3.64675980e+01 4.47686844e+01 1.04482040e+01
   vertex 3.95857925e+01 4.39178848e+01 6.73613739e+00
   vertex 3.66479721e+01 4.67274780e+01 1.04206886e+01
  endloop
 endfacet
 facet normal 7.42995799e-01 -6.99738637e-02 6.65628195e-01
  outer loop
   vertex 3.93105164e+01 3.99407654e+01 6.75585175e+00
   vertex 3.94955444e+01 4.20800858e+01 6.74788666e+00
   vertex 3.62131271e+01 4.25696106e+01 1.04632111e+01
  endloop
 endfacet
 facet normal 7.46333063e-01 -6.86702430e-02 6.62020624e-01
  outer loop
   vertex 3.62131271e+01 4.25696106e+01 1.04632111e+01
   vertex 3.94955444e+01 4.20800858e+01 6.74788666e+00
   vertex 3.64675980e+01 4.47686844e+01 1.04482040e+01
  endloop
 endfacet
 facet normal 8.34233046e-01 -4.29320522e-02 5.49738169e-01
  outer loop
   vertex 3.94955444e+01 4.20800858e+01 6.74788666e+00
   vertex 3.93105164e+01 3.99407654e+01 6.75585175e+00
   vertex 4.25245514e+01 3.94513474e+01 3.05704498e+00
  endloop
 endfacet
 facet normal 9.09443915e-01 -5.26845455e-02 4.12475586e-01
  outer loop
   vertex 4.25245514e+01 3.94513474e+01 3.05704498e+00
   vertex 3.93105164e+01 3.99407654e+01 6.75585175e+00
   vertex 4.25346069e+01 3.77719040e+01 3.05667114e+00
  endloop
 endfacet
 facet normal 7.84867764e-01 -6.47272402e-03 6.19629502e-01
  outer loop
   vertex 3.96485596e+01 4.56858749e+01 6.71125412e+00
   vertex 3.96793060e+01 4.74611053e+01 6.66654205e+00
   vertex 3.67823868e+01 4.85660248e+01 1.03665924e+01
  endloop
 endfacet
 facet normal 7.87346959e-01 -2.35346938e-03 6.16505623e-01
  outer loop
   vertex 3.67823868e+01 4.85660248e+01 1.03665924e+01
   vertex 3.96793060e+01 4.74611053e+01 6.66654205e+00
   vertex 3.68810883e+01 5.03656845e+01 1.02725334e+01
  endloop
 endfacet
 facet normal 7.72124350e-01 -2.82840636e-02 6.34841681e-01
  outer loop
   vertex 3.95857925e+01 4.39178848e+01 6.73613739e+00
   vertex 3.96485596e+01 4.56858749e+01 6.71125412e+00
   vertex 3.66479721e+01 4.67274780e+01 1.04206886e+01
  endloop
 endfacet
 facet normal 7.73749948e-01 -2.74689849e-02 6.32895291e-01
  outer loop
   vertex 3.66479721e+01 4.67274780e+01 1.04206886e+01
   vertex 3.96485596e+01 4.56858749e+01 6.71125412e+00
   vertex 3.67823868e+01 4.85660248e+01 1.03665924e+01
  endloop
 endfacet
 facet normal 8.49118173e-01 -1.06889196e-02 5.28094709e-01
  outer loop
   vertex 3.96485596e+01 4.56858749e+01 6.71125412e+00
   vertex 3.95857925e+01 4.39178848e+01 6.73613739e+00
   vertex 4.25044174e+01 4.28102341e+01 3.05779266e+00
  endloop
 endfacet
 facet normal 9.07232046e-01 -6.60058670e-03 4.20578688e-01
  outer loop
   vertex 4.25044174e+01 4.28102341e+01 3.05779266e+00
   vertex 3.95857925e+01 4.39178848e+01 6.73613739e+00
   vertex 4.25144806e+01 4.11307907e+01 3.05741882e+00
  endloop
 endfacet
 facet normal 9.13668394e-01 7.95806386e-03 4.06382442e-01
  outer loop
   vertex 4.25044174e+01 4.28102341e+01 3.05779266e+00
   vertex 4.24943619e+01 4.44896774e+01 3.05816269e+00
   vertex 3.96485596e+01 4.56858749e+01 6.71125412e+00
  endloop
 endfacet
 facet normal 8.60238016e-01 1.12488475e-02 5.09768605e-01
  outer loop
   vertex 3.96485596e+01 4.56858749e+01 6.71125412e+00
   vertex 4.24943619e+01 4.44896774e+01 3.05816269e+00
   vertex 3.96793060e+01 4.74611053e+01 6.66654205e+00
  endloop
 endfacet
 facet normal 7.56541252e-01 -5.74105419e-02 6.51421010e-01
  outer loop
   vertex 3.36919022e+01 4.95820694e+01 1.41168747e+01
   vertex 3.38956680e+01 5.14551773e+01 1.40256882e+01
   vertex 3.06994858e+01 5.24848175e+01 1.78308792e+01
  endloop
 endfacet
 facet normal 7.59095013e-01 -5.06630950e-02 6.49005413e-01
  outer loop
   vertex 3.06994858e+01 5.24848175e+01 1.78308792e+01
   vertex 3.38956680e+01 5.14551773e+01 1.40256882e+01
   vertex 3.09717560e+01 5.43746490e+01 1.76906738e+01
  endloop
 endfacet
 facet normal 7.64132202e-01 -4.55887727e-02 6.43446684e-01
  outer loop
   vertex 3.66479721e+01 4.67274780e+01 1.04206886e+01
   vertex 3.67823868e+01 4.85660248e+01 1.03665924e+01
   vertex 3.36919022e+01 4.95820694e+01 1.41168747e+01
  endloop
 endfacet
 facet normal 7.66459525e-01 -4.12869565e-02 6.40964210e-01
  outer loop
   vertex 3.36919022e+01 4.95820694e+01 1.41168747e+01
   vertex 3.67823868e+01 4.85660248e+01 1.03665924e+01
   vertex 3.38956680e+01 5.14551773e+01 1.40256882e+01
  endloop
 endfacet
 facet normal 7.78554738e-01 -1.90478563e-02 6.27287567e-01
  outer loop
   vertex 3.67823868e+01 4.85660248e+01 1.03665924e+01
   vertex 3.68810883e+01 5.03656845e+01 1.02725334e+01
   vertex 3.38956680e+01 5.14551773e+01 1.40256882e+01
  endloop
 endfacet
 facet normal 7.81115592e-01 -1.26240039e-02 6.24258816e-01
  outer loop
   vertex 3.38956680e+01 5.14551773e+01 1.40256882e+01
   vertex 3.68810883e+01 5.03656845e+01 1.02725334e+01
   vertex 3.40659027e+01 5.32709808e+01 1.38756447e+01
  endloop
 endfacet
 facet normal 7.71573126e-01 -2.81155650e-02 6.35519028e-01
  outer loop
   vertex 3.38956680e+01 5.14551773e+01 1.40256882e+01
   vertex 3.40659027e+01 5.32709808e+01 1.38756447e+01
   vertex 3.09717560e+01 5.43746490e+01 1.76906738e+01
  endloop
 endfacet
 facet normal 7.74384201e-01 -1.91709604e-02 6.32425129e-01
  outer loop
   vertex 3.09717560e+01 5.43746490e+01 1.76906738e+01
   vertex 3.40659027e+01 5.32709808e+01 1.38756447e+01
   vertex 3.12157669e+01 5.62025528e+01 1.74747849e+01
  endloop
 endfacet
 facet normal 9.35181379e-01 3.50811511e-01 4.86525111e-02
  outer loop
   vertex 3.26323624e+01 8.87341080e+01 2.65146255e+00
   vertex 3.26855698e+01 8.85577240e+01 3.11087036e+00
   vertex 3.40870667e+01 8.48717346e+01 2.31911087e+00
  endloop
 endfacet
 facet normal 9.37017500e-01 3.48761290e-01 -1.90731883e-02
  outer loop
   vertex 3.40870667e+01 8.48717346e+01 2.31911087e+00
   vertex 3.26855698e+01 8.85577240e+01 3.11087036e+00
   vertex 3.41557846e+01 8.46767120e+01 2.87548065e+00
  endloop
 endfacet
 facet normal 9.30150628e-01 3.64306659e-01 4.58302349e-02
  outer loop
   vertex 3.26855698e+01 8.85577240e+01 3.11087036e+00
   vertex 3.26323624e+01 8.87341080e+01 2.65146255e+00
   vertex 3.11522827e+01 9.23604813e+01 3.39992523e+00
  endloop
 endfacet
 facet normal 9.27905619e-01 3.65664214e-01 7.26694763e-02
  outer loop
   vertex 3.11522827e+01 9.23604813e+01 3.39992523e+00
   vertex 3.26323624e+01 8.87341080e+01 2.65146255e+00
   vertex 3.11230392e+01 9.24915314e+01 3.06265640e+00
  endloop
 endfacet
 facet normal 9.18980718e-01 3.57666463e-01 1.65979460e-01
  outer loop
   vertex 3.27555771e+01 8.84136276e+01 3.54602051e+00
   vertex 3.26855698e+01 8.85577240e+01 3.11087036e+00
   vertex 3.11857300e+01 9.22375031e+01 3.73112488e+00
  endloop
 endfacet
 facet normal 9.24721658e-01 3.65575433e-01 1.06039941e-01
  outer loop
   vertex 3.11857300e+01 9.22375031e+01 3.73112488e+00
   vertex 3.26855698e+01 8.85577240e+01 3.11087036e+00
   vertex 3.11522827e+01 9.23604813e+01 3.39992523e+00
  endloop
 endfacet
 facet normal 9.33291376e-01 3.57096910e-01 3.80661115e-02
  outer loop
   vertex 3.26855698e+01 8.85577240e+01 3.11087036e+00
   vertex 3.27555771e+01 8.84136276e+01 3.54602051e+00
   vertex 3.41557846e+01 8.46767120e+01 2.87548065e+00
  endloop
 endfacet
 facet normal 9.33587313e-01 3.47959667e-01 8.56669173e-02
  outer loop
   vertex 3.41557846e+01 8.46767120e+01 2.87548065e+00
   vertex 3.27555771e+01 8.84136276e+01 3.54602051e+00
   vertex 3.43254318e+01 8.45897522e+01 3.36090469e+00
  endloop
 endfacet
 facet normal 7.71872520e-01 4.23812330e-01 -4.73915488e-01
  outer loop
   vertex 3.10855560e+01 9.27939911e+01 2.35780716e+00
   vertex 3.11021957e+01 9.26387177e+01 2.71326065e+00
   vertex 3.26099701e+01 8.92483597e+01 1.61132050e+00
  endloop
 endfacet
 facet normal 8.96100342e-01 4.12326247e-01 -1.64290220e-01
  outer loop
   vertex 3.26099701e+01 8.92483597e+01 1.61132050e+00
   vertex 3.11021957e+01 9.26387177e+01 2.71326065e+00
   vertex 3.26127625e+01 8.89750824e+01 2.14352417e+00
  endloop
 endfacet
 facet normal 9.27210391e-01 3.58876526e-01 1.07184775e-01
  outer loop
   vertex 3.26323624e+01 8.87341080e+01 2.65146255e+00
   vertex 3.26127625e+01 8.89750824e+01 2.14352417e+00
   vertex 3.11230392e+01 9.24915314e+01 3.06265640e+00
  endloop
 endfacet
 facet normal 9.24300134e-01 3.63318712e-01 1.16913535e-01
  outer loop
   vertex 3.11230392e+01 9.24915314e+01 3.06265640e+00
   vertex 3.26127625e+01 8.89750824e+01 2.14352417e+00
   vertex 3.11021957e+01 9.26387177e+01 2.71326065e+00
  endloop
 endfacet
 facet normal 9.36525583e-01 3.32370281e-01 1.11578666e-01
  outer loop
   vertex 3.40870667e+01 8.48717346e+01 2.31911087e+00
   vertex 3.40687485e+01 8.51636353e+01 1.68995285e+00
   vertex 3.26323624e+01 8.87341080e+01 2.65146255e+00
  endloop
 endfacet
 facet normal 9.29914296e-01 3.38752478e-01 1.43199757e-01
  outer loop
   vertex 3.26323624e+01 8.87341080e+01 2.65146255e+00
   vertex 3.40687485e+01 8.51636353e+01 1.68995285e+00
   vertex 3.26127625e+01 8.89750824e+01 2.14352417e+00
  endloop
 endfacet
 facet normal 9.21956718e-01 3.54782999e-01 -1.55321538e-01
  outer loop
   vertex 3.40687485e+01 8.51636353e+01 1.68995285e+00
   vertex 3.41343842e+01 8.57027283e+01 8.64833832e-01
   vertex 3.26127625e+01 8.89750824e+01 2.14352417e+00
  endloop
 endfacet
 facet normal 7.81500340e-01 3.84207785e-01 -4.91570503e-01
  outer loop
   vertex 3.26127625e+01 8.89750824e+01 2.14352417e+00
   vertex 3.41343842e+01 8.57027283e+01 8.64833832e-01
   vertex 3.26099701e+01 8.92483597e+01 1.61132050e+00
  endloop
 endfacet
 facet normal 7.91609287e-01 6.09198928e-01 4.72380780e-02
  outer loop
   vertex 2.95885086e+01 9.62005005e+01 3.51025772e+00
   vertex 2.95748291e+01 9.62700653e+01 3.30727768e+00
   vertex 2.80413742e+01 9.98852539e+01 3.97605896e+00
  endloop
 endfacet
 facet normal 5.90100586e-01 8.07040274e-01 2.16166303e-02
  outer loop
   vertex 2.80413742e+01 9.98852539e+01 3.97605896e+00
   vertex 2.95748291e+01 9.62700653e+01 3.30727768e+00
   vertex 2.80390472e+01 9.98852539e+01 3.91341400e+00
  endloop
 endfacet
 facet normal 9.24244881e-01 3.71813893e-01 8.67515206e-02
  outer loop
   vertex 3.11230392e+01 9.24915314e+01 3.06265640e+00
   vertex 3.11021957e+01 9.26387177e+01 2.71326065e+00
   vertex 2.95885086e+01 9.62005005e+01 3.51025772e+00
  endloop
 endfacet
 facet normal 9.23284709e-01 3.75261605e-01 8.20005611e-02
  outer loop
   vertex 2.95885086e+01 9.62005005e+01 3.51025772e+00
   vertex 3.11021957e+01 9.26387177e+01 2.71326065e+00
   vertex 2.95748291e+01 9.62700653e+01 3.30727768e+00
  endloop
 endfacet
 facet normal 8.90661120e-01 4.14652705e-01 -1.86509758e-01
  outer loop
   vertex 3.11021957e+01 9.26387177e+01 2.71326065e+00
   vertex 3.10855560e+01 9.27939911e+01 2.35780716e+00
   vertex 2.95748291e+01 9.62700653e+01 3.30727768e+00
  endloop
 endfacet
 facet normal 7.76218176e-01 4.23223883e-01 -4.67297435e-01
  outer loop
   vertex 2.95748291e+01 9.62700653e+01 3.30727768e+00
   vertex 3.10855560e+01 9.27939911e+01 2.35780716e+00
   vertex 2.95611420e+01 9.63396301e+01 3.10429001e+00
  endloop
 endfacet
 facet normal 7.25294828e-01 6.48798347e-01 -2.30234906e-01
  outer loop
   vertex 2.95748291e+01 9.62700653e+01 3.30727768e+00
   vertex 2.95611420e+01 9.63396301e+01 3.10429001e+00
   vertex 2.80390472e+01 9.98852539e+01 3.91341400e+00
  endloop
 endfacet
 facet normal 4.67932224e-01 7.74860322e-01 -4.25006926e-01
  outer loop
   vertex 2.80390472e+01 9.98852539e+01 3.91341400e+00
   vertex 2.95611420e+01 9.63396301e+01 3.10429001e+00
   vertex 2.80367279e+01 9.98852615e+01 3.85077667e+00
  endloop
 endfacet
 facet normal 9.11856711e-01 3.61537039e-01 1.94443703e-01
  outer loop
   vertex 3.11857300e+01 9.22375031e+01 3.73112488e+00
   vertex 3.11522827e+01 9.23604813e+01 3.39992523e+00
   vertex 2.96158829e+01 9.60613785e+01 3.91622925e+00
  endloop
 endfacet
 facet normal 9.20278132e-01 3.69202644e-01 1.29528299e-01
  outer loop
   vertex 2.96158829e+01 9.60613785e+01 3.91622925e+00
   vertex 3.11522827e+01 9.23604813e+01 3.39992523e+00
   vertex 2.96021957e+01 9.61309433e+01 3.71324921e+00
  endloop
 endfacet
 facet normal 7.90183246e-01 6.11112654e-01 4.63872515e-02
  outer loop
   vertex 2.96021957e+01 9.61309433e+01 3.71324921e+00
   vertex 2.95885086e+01 9.62005005e+01 3.51025772e+00
   vertex 2.80436935e+01 9.98852539e+01 4.03869629e+00
  endloop
 endfacet
 facet normal 5.83105624e-01 8.12126756e-01 2.09277235e-02
  outer loop
   vertex 2.80436935e+01 9.98852539e+01 4.03869629e+00
   vertex 2.95885086e+01 9.62005005e+01 3.51025772e+00
   vertex 2.80413742e+01 9.98852539e+01 3.97605896e+00
  endloop
 endfacet
 facet normal 7.73256242e-01 5.86846232e-01 2.40179673e-01
  outer loop
   vertex 2.96158829e+01 9.60613785e+01 3.91622925e+00
   vertex 2.96021957e+01 9.61309433e+01 3.71324921e+00
   vertex 2.80460205e+01 9.98852539e+01 4.10133743e+00
  endloop
 endfacet
 facet normal 5.76123536e-01 8.04764390e-01 1.42954364e-01
  outer loop
   vertex 2.80460205e+01 9.98852539e+01 4.10133743e+00
   vertex 2.96021957e+01 9.61309433e+01 3.71324921e+00
   vertex 2.80436935e+01 9.98852539e+01 4.03869629e+00
  endloop
 endfacet
 facet normal 8.29616368e-01 3.05582881e-01 4.67285514e-01
  outer loop
   vertex 3.11541901e+01 8.91854553e+01 5.81614304e+00
   vertex 3.00892715e+01 9.24950638e+01 5.52084351e+00
   vertex 3.03681259e+01 8.95946732e+01 6.94440079e+00
  endloop
 endfacet
 facet normal 8.30494225e-01 3.08237255e-01 4.63971108e-01
  outer loop
   vertex 3.03681259e+01 8.95946732e+01 6.94440079e+00
   vertex 3.00892715e+01 9.24950638e+01 5.52084351e+00
   vertex 2.95407181e+01 9.26306076e+01 6.41656494e+00
  endloop
 endfacet
 facet normal 8.83241296e-01 3.37516427e-01 3.25526476e-01
  outer loop
   vertex 3.27555771e+01 8.84136276e+01 3.54602051e+00
   vertex 3.11857300e+01 9.22375031e+01 3.73112488e+00
   vertex 3.19519424e+01 8.87948837e+01 4.68244553e+00
  endloop
 endfacet
 facet normal 8.55595052e-01 3.25579107e-01 4.02436793e-01
  outer loop
   vertex 3.19519424e+01 8.87948837e+01 4.68244553e+00
   vertex 3.11857300e+01 9.22375031e+01 3.73112488e+00
   vertex 3.06375580e+01 9.23649292e+01 4.62581253e+00
  endloop
 endfacet
 facet normal 8.27023923e-01 3.07094842e-01 4.70875978e-01
  outer loop
   vertex 3.19519424e+01 8.87948837e+01 4.68244553e+00
   vertex 3.06375580e+01 9.23649292e+01 4.62581253e+00
   vertex 3.11541901e+01 8.91854553e+01 5.81614304e+00
  endloop
 endfacet
 facet normal 8.28973293e-01 3.09526861e-01 4.65828687e-01
  outer loop
   vertex 3.11541901e+01 8.91854553e+01 5.81614304e+00
   vertex 3.06375580e+01 9.23649292e+01 4.62581253e+00
   vertex 3.00892715e+01 9.24950638e+01 5.52084351e+00
  endloop
 endfacet
 facet normal 8.22990119e-01 2.93361902e-01 4.86442268e-01
  outer loop
   vertex 3.32066422e+01 8.51793671e+01 4.76128769e+00
   vertex 3.19519424e+01 8.87948837e+01 4.68244553e+00
   vertex 3.21730804e+01 8.58429184e+01 6.12223053e+00
  endloop
 endfacet
 facet normal 8.26839149e-01 2.98550695e-01 4.76659745e-01
  outer loop
   vertex 3.21730804e+01 8.58429184e+01 6.12223053e+00
   vertex 3.19519424e+01 8.87948837e+01 4.68244553e+00
   vertex 3.11541901e+01 8.91854553e+01 5.81614304e+00
  endloop
 endfacet
 facet normal 8.96814585e-01 3.28529209e-01 2.96297461e-01
  outer loop
   vertex 3.43254318e+01 8.45897522e+01 3.36090469e+00
   vertex 3.27555771e+01 8.84136276e+01 3.54602051e+00
   vertex 3.32066422e+01 8.51793671e+01 4.76128769e+00
  endloop
 endfacet
 facet normal 8.56885433e-01 3.16056669e-01 4.07253712e-01
  outer loop
   vertex 3.32066422e+01 8.51793671e+01 4.76128769e+00
   vertex 3.27555771e+01 8.84136276e+01 3.54602051e+00
   vertex 3.19519424e+01 8.87948837e+01 4.68244553e+00
  endloop
 endfacet
 facet normal 8.30084503e-01 3.14478070e-01 4.60503250e-01
  outer loop
   vertex 3.06375580e+01 9.23649292e+01 4.62581253e+00
   vertex 2.93085938e+01 9.59245300e+01 4.57247162e+00
   vertex 3.00892715e+01 9.24950638e+01 5.52084351e+00
  endloop
 endfacet
 facet normal 8.30837548e-01 3.15500319e-01 4.58441436e-01
  outer loop
   vertex 3.00892715e+01 9.24950638e+01 5.52084351e+00
   vertex 2.93085938e+01 9.59245300e+01 4.57247162e+00
   vertex 2.90000305e+01 9.57879868e+01 5.22953796e+00
  endloop
 endfacet
 facet normal 8.79274666e-01 3.42005104e-01 3.31524611e-01
  outer loop
   vertex 3.11857300e+01 9.22375031e+01 3.73112488e+00
   vertex 2.96158829e+01 9.60613785e+01 3.91622925e+00
   vertex 3.06375580e+01 9.23649292e+01 4.62581253e+00
  endloop
 endfacet
 facet normal 8.56308937e-01 3.30164820e-01 3.97147506e-01
  outer loop
   vertex 3.06375580e+01 9.23649292e+01 4.62581253e+00
   vertex 2.96158829e+01 9.60613785e+01 3.91622925e+00
   vertex 2.93085938e+01 9.59245300e+01 4.57247162e+00
  endloop
 endfacet
 facet normal 8.30597460e-01 3.13200951e-01 4.60448742e-01
  outer loop
   vertex 3.00892715e+01 9.24950638e+01 5.52084351e+00
   vertex 2.90000305e+01 9.57879868e+01 5.22953796e+00
   vertex 2.95407181e+01 9.26306076e+01 6.41656494e+00
  endloop
 endfacet
 facet normal 8.30678999e-01 3.14613670e-01 4.59337205e-01
  outer loop
   vertex 2.95407181e+01 9.26306076e+01 6.41656494e+00
   vertex 2.90000305e+01 9.57879868e+01 5.22953796e+00
   vertex 2.86889191e+01 9.56520386e+01 5.88823700e+00
  endloop
 endfacet
 facet normal 4.68452901e-01 5.87111473e-01 6.60190880e-01
  outer loop
   vertex 2.78986206e+01 9.90725708e+01 4.94021988e+00
   vertex 2.78249283e+01 9.86662292e+01 5.35966873e+00
   vertex 2.90000305e+01 9.57879868e+01 5.22953796e+00
  endloop
 endfacet
 facet normal 6.74113452e-01 4.63562429e-01 5.75048625e-01
  outer loop
   vertex 2.90000305e+01 9.57879868e+01 5.22953796e+00
   vertex 2.78249283e+01 9.86662292e+01 5.35966873e+00
   vertex 2.86889191e+01 9.56520386e+01 5.88823700e+00
  endloop
 endfacet
 facet normal 4.57783371e-01 5.92090964e-01 6.63221419e-01
  outer loop
   vertex 2.78249283e+01 9.86662292e+01 5.35966873e+00
   vertex 2.77512207e+01 9.82598801e+01 5.77910995e+00
   vertex 2.86889191e+01 9.56520386e+01 5.88823700e+00
  endloop
 endfacet
 facet normal 6.69824064e-01 4.65937138e-01 5.78133464e-01
  outer loop
   vertex 2.86889191e+01 9.56520386e+01 5.88823700e+00
   vertex 2.77512207e+01 9.82598801e+01 5.77910995e+00
   vertex 2.83733215e+01 9.55133057e+01 6.55321121e+00
  endloop
 endfacet
 facet normal 9.65229332e-01 2.57329434e-01 -4.59765829e-02
  outer loop
   vertex 3.79494476e+01 7.25768967e+01 1.89005661e+00
   vertex 3.80188370e+01 7.24956436e+01 2.55669785e+00
   vertex 3.90164795e+01 6.84397278e+01 1.83068085e+00
  endloop
 endfacet
 facet normal 9.61148381e-01 2.48682544e-01 -1.19794920e-01
  outer loop
   vertex 3.90164795e+01 6.84397278e+01 1.83068085e+00
   vertex 3.80188370e+01 7.24956436e+01 2.55669785e+00
   vertex 3.91008835e+01 6.84048004e+01 2.50715637e+00
  endloop
 endfacet
 facet normal 9.59295452e-01 2.82167494e-01 -1.15664946e-02
  outer loop
   vertex 3.67450104e+01 7.67278442e+01 1.97838593e+00
   vertex 3.67953796e+01 7.65938721e+01 2.62613678e+00
   vertex 3.79494476e+01 7.25768967e+01 1.89005661e+00
  endloop
 endfacet
 facet normal 9.59868789e-01 2.76885808e-01 -4.45666574e-02
  outer loop
   vertex 3.79494476e+01 7.25768967e+01 1.89005661e+00
   vertex 3.67953796e+01 7.65938721e+01 2.62613678e+00
   vertex 3.80188370e+01 7.24956436e+01 2.55669785e+00
  endloop
 endfacet
 facet normal 9.57755566e-01 2.84792036e-01 3.99726368e-02
  outer loop
   vertex 3.67953796e+01 7.65938721e+01 2.62613678e+00
   vertex 3.68595657e+01 7.64650497e+01 3.26699066e+00
   vertex 3.80188370e+01 7.24956436e+01 2.55669785e+00
  endloop
 endfacet
 facet normal 9.52950001e-01 2.78589576e-01 1.19474567e-01
  outer loop
   vertex 3.80188370e+01 7.24956436e+01 2.55669785e+00
   vertex 3.68595657e+01 7.64650497e+01 3.26699066e+00
   vertex 3.81266403e+01 7.24026947e+01 3.22003174e+00
  endloop
 endfacet
 facet normal 9.63276207e-01 2.65510678e-01 -4.00375277e-02
  outer loop
   vertex 3.80188370e+01 7.24956436e+01 2.55669785e+00
   vertex 3.81266403e+01 7.24026947e+01 3.22003174e+00
   vertex 3.91008835e+01 6.84048004e+01 2.50715637e+00
  endloop
 endfacet
 facet normal 9.67243493e-01 2.52073824e-01 2.99804788e-02
  outer loop
   vertex 3.91008835e+01 6.84048004e+01 2.50715637e+00
   vertex 3.81266403e+01 7.24026947e+01 3.22003174e+00
   vertex 3.93936996e+01 6.83403473e+01 3.17307281e+00
  endloop
 endfacet
 facet normal 7.92582452e-01 2.48290241e-01 -5.56924582e-01
  outer loop
   vertex 3.67132568e+01 7.70215378e+01 6.48414612e-01
   vertex 3.67222290e+01 7.68721161e+01 1.31684875e+00
   vertex 3.80026779e+01 7.26809464e+01 5.40203094e-01
  endloop
 endfacet
 facet normal 9.30516720e-01 2.71360874e-01 -2.45971456e-01
  outer loop
   vertex 3.80026779e+01 7.26809464e+01 5.40203094e-01
   vertex 3.67222290e+01 7.68721161e+01 1.31684875e+00
   vertex 3.79568558e+01 7.26347656e+01 1.21678543e+00
  endloop
 endfacet
 facet normal 9.59261477e-01 2.80189991e-01 3.62081453e-02
  outer loop
   vertex 3.67222290e+01 7.68721161e+01 1.31684875e+00
   vertex 3.67450104e+01 7.67278442e+01 1.97838593e+00
   vertex 3.79568558e+01 7.26347656e+01 1.21678543e+00
  endloop
 endfacet
 facet normal 9.61756706e-01 2.73381174e-01 1.69346239e-02
  outer loop
   vertex 3.79568558e+01 7.26347656e+01 1.21678543e+00
   vertex 3.67450104e+01 7.67278442e+01 1.97838593e+00
   vertex 3.79494476e+01 7.25768967e+01 1.89005661e+00
  endloop
 endfacet
 facet normal 9.64423418e-01 2.55443811e-01 6.80872500e-02
  outer loop
   vertex 3.79568558e+01 7.26347656e+01 1.21678543e+00
   vertex 3.79494476e+01 7.25768967e+01 1.89005661e+00
   vertex 3.90472946e+01 6.84395752e+01 1.14426804e+00
  endloop
 endfacet
 facet normal 9.68764901e-01 2.45027721e-01 3.81572582e-02
  outer loop
   vertex 3.90472946e+01 6.84395752e+01 1.14426804e+00
   vertex 3.79494476e+01 7.25768967e+01 1.89005661e+00
   vertex 3.90164795e+01 6.84397278e+01 1.83068085e+00
  endloop
 endfacet
 facet normal 9.44869578e-01 2.55068898e-01 -2.05332324e-01
  outer loop
   vertex 3.79568558e+01 7.26347656e+01 1.21678543e+00
   vertex 3.90472946e+01 6.84395752e+01 1.14426804e+00
   vertex 3.80026779e+01 7.26809464e+01 5.40203094e-01
  endloop
 endfacet
 facet normal 8.46596777e-01 2.24755704e-01 -4.82450783e-01
  outer loop
   vertex 3.80026779e+01 7.26809464e+01 5.40203094e-01
   vertex 3.90472946e+01 6.84395752e+01 1.14426804e+00
   vertex 3.92921143e+01 6.83403549e+01 4.31987762e-01
  endloop
 endfacet
 facet normal 9.42616045e-01 3.13671023e-01 1.14391811e-01
  outer loop
   vertex 3.40687485e+01 8.51636353e+01 1.68995285e+00
   vertex 3.40870667e+01 8.48717346e+01 2.31911087e+00
   vertex 3.54323730e+01 8.10888596e+01 1.44448853e+00
  endloop
 endfacet
 facet normal 9.47766483e-01 3.12803060e-01 6.23934865e-02
  outer loop
   vertex 3.54323730e+01 8.10888596e+01 1.44448853e+00
   vertex 3.40870667e+01 8.48717346e+01 2.31911087e+00
   vertex 3.54577408e+01 8.08478851e+01 2.10807800e+00
  endloop
 endfacet
 facet normal 9.52917337e-01 2.98076928e-01 5.56658171e-02
  outer loop
   vertex 3.54323730e+01 8.10888596e+01 1.44448853e+00
   vertex 3.54577408e+01 8.08478851e+01 2.10807800e+00
   vertex 3.67222290e+01 7.68721161e+01 1.31684875e+00
  endloop
 endfacet
 facet normal 9.55239713e-01 2.94459879e-01 2.84683313e-02
  outer loop
   vertex 3.67222290e+01 7.68721161e+01 1.31684875e+00
   vertex 3.54577408e+01 8.08478851e+01 2.10807800e+00
   vertex 3.67450104e+01 7.67278442e+01 1.97838593e+00
  endloop
 endfacet
 facet normal 7.91077256e-01 2.69087762e-01 -5.49352884e-01
  outer loop
   vertex 3.54238205e+01 8.13621368e+01 7.56622314e-01
   vertex 3.54323730e+01 8.10888596e+01 1.44448853e+00
   vertex 3.67132568e+01 7.70215378e+01 6.48414612e-01
  endloop
 endfacet
 facet normal 9.25016880e-01 2.92328566e-01 -2.42668092e-01
  outer loop
   vertex 3.67132568e+01 7.70215378e+01 6.48414612e-01
   vertex 3.54323730e+01 8.10888596e+01 1.44448853e+00
   vertex 3.67222290e+01 7.68721161e+01 1.31684875e+00
  endloop
 endfacet
 facet normal 8.01496804e-01 3.08350593e-01 -5.12369752e-01
  outer loop
   vertex 3.41343842e+01 8.57027283e+01 8.64833832e-01
   vertex 3.40687485e+01 8.51636353e+01 1.68995285e+00
   vertex 3.54238205e+01 8.13621368e+01 7.56622314e-01
  endloop
 endfacet
 facet normal 9.31055427e-01 3.12875599e-01 -1.87735602e-01
  outer loop
   vertex 3.54238205e+01 8.13621368e+01 7.56622314e-01
   vertex 3.40687485e+01 8.51636353e+01 1.68995285e+00
   vertex 3.54323730e+01 8.10888596e+01 1.44448853e+00
  endloop
 endfacet
 facet normal 9.53115642e-01 2.96794891e-01 5.90196513e-02
  outer loop
   vertex 3.55167160e+01 8.06714935e+01 2.72314453e+00
   vertex 3.55924988e+01 8.05274048e+01 3.31394958e+00
   vertex 3.67953796e+01 7.65938721e+01 2.62613678e+00
  endloop
 endfacet
 facet normal 9.45543468e-01 2.89487481e-01 1.48810551e-01
  outer loop
   vertex 3.67953796e+01 7.65938721e+01 2.62613678e+00
   vertex 3.55924988e+01 8.05274048e+01 3.31394958e+00
   vertex 3.68595657e+01 7.64650497e+01 3.26699066e+00
  endloop
 endfacet
 facet normal 9.53908145e-01 3.00069332e-01 4.20429232e-03
  outer loop
   vertex 3.54577408e+01 8.08478851e+01 2.10807800e+00
   vertex 3.55167160e+01 8.06714935e+01 2.72314453e+00
   vertex 3.67450104e+01 7.67278442e+01 1.97838593e+00
  endloop
 endfacet
 facet normal 9.55482721e-01 2.94582158e-01 -1.65566374e-02
  outer loop
   vertex 3.67450104e+01 7.67278442e+01 1.97838593e+00
   vertex 3.55167160e+01 8.06714935e+01 2.72314453e+00
   vertex 3.67953796e+01 7.65938721e+01 2.62613678e+00
  endloop
 endfacet
 facet normal 9.44093823e-01 3.29576999e-01 -8.11688509e-03
  outer loop
   vertex 3.40870667e+01 8.48717346e+01 2.31911087e+00
   vertex 3.41557846e+01 8.46767120e+01 2.87548065e+00
   vertex 3.54577408e+01 8.08478851e+01 2.10807800e+00
  endloop
 endfacet
 facet normal 9.46609974e-01 3.19993287e-01 -3.91644165e-02
  outer loop
   vertex 3.54577408e+01 8.08478851e+01 2.10807800e+00
   vertex 3.41557846e+01 8.46767120e+01 2.87548065e+00
   vertex 3.55167160e+01 8.06714935e+01 2.72314453e+00
  endloop
 endfacet
 facet normal 9.42984939e-01 3.11909348e-01 1.16154991e-01
  outer loop
   vertex 3.55924988e+01 8.05274048e+01 3.31394958e+00
   vertex 3.55167160e+01 8.06714935e+01 2.72314453e+00
   vertex 3.43254318e+01 8.45897522e+01 3.36090469e+00
  endloop
 endfacet
 facet normal 9.43492949e-01 3.31379235e-01 -2.98347906e-03
  outer loop
   vertex 3.43254318e+01 8.45897522e+01 3.36090469e+00
   vertex 3.55167160e+01 8.06714935e+01 2.72314453e+00
   vertex 3.41557846e+01 8.46767120e+01 2.87548065e+00
  endloop
 endfacet
 facet normal 8.29736948e-01 2.16501608e-01 5.14454722e-01
  outer loop
   vertex 3.54700012e+01 7.20561218e+01 7.56460190e+00
   vertex 3.47941513e+01 7.55526581e+01 7.16085052e+00
   vertex 3.36331940e+01 7.39232941e+01 9.75782013e+00
  endloop
 endfacet
 facet normal 8.31673741e-01 2.25676030e-01 5.07335305e-01
  outer loop
   vertex 3.36331940e+01 7.39232941e+01 9.75782013e+00
   vertex 3.47941513e+01 7.55526581e+01 7.16085052e+00
   vertex 3.31562347e+01 7.71416702e+01 9.13343048e+00
  endloop
 endfacet
 facet normal 8.33015382e-01 2.41532385e-01 4.97742325e-01
  outer loop
   vertex 3.31562347e+01 7.71416702e+01 9.13343048e+00
   vertex 3.25719604e+01 8.03133240e+01 8.55390167e+00
   vertex 3.15146103e+01 7.87505264e+01 1.11100082e+01
  endloop
 endfacet
 facet normal 8.32804799e-01 2.49266505e-01 4.94269520e-01
  outer loop
   vertex 3.15146103e+01 7.87505264e+01 1.11100082e+01
   vertex 3.25719604e+01 8.03133240e+01 8.55390167e+00
   vertex 3.11308441e+01 8.16271515e+01 1.03207779e+01
  endloop
 endfacet
 facet normal 8.31909657e-01 2.19757557e-01 5.09541869e-01
  outer loop
   vertex 3.36331940e+01 7.39232941e+01 9.75782013e+00
   vertex 3.31562347e+01 7.71416702e+01 9.13343048e+00
   vertex 3.17993927e+01 7.58132706e+01 1.19534340e+01
  endloop
 endfacet
 facet normal 8.32113981e-01 2.28601515e-01 5.05299568e-01
  outer loop
   vertex 3.17993927e+01 7.58132706e+01 1.19534340e+01
   vertex 3.31562347e+01 7.71416702e+01 9.13343048e+00
   vertex 3.15146103e+01 7.87505264e+01 1.11100082e+01
  endloop
 endfacet
 facet normal 9.08622086e-01 2.65815377e-01 3.22099417e-01
  outer loop
   vertex 3.81266403e+01 7.24026947e+01 3.22003174e+00
   vertex 3.68595657e+01 7.64650497e+01 3.26699066e+00
   vertex 3.64547348e+01 7.39748688e+01 5.19001007e+00
  endloop
 endfacet
 facet normal 8.70885432e-01 2.58449763e-01 4.18045729e-01
  outer loop
   vertex 3.64547348e+01 7.39748688e+01 5.19001007e+00
   vertex 3.68595657e+01 7.64650497e+01 3.26699066e+00
   vertex 3.54297180e+01 7.77380829e+01 5.02870178e+00
  endloop
 endfacet
 facet normal 8.29857707e-01 2.39621416e-01 5.03902555e-01
  outer loop
   vertex 3.64547348e+01 7.39748688e+01 5.19001007e+00
   vertex 3.54297180e+01 7.77380829e+01 5.02870178e+00
   vertex 3.47941513e+01 7.55526581e+01 7.16085052e+00
  endloop
 endfacet
 facet normal 8.31871629e-01 2.45296180e-01 4.97814655e-01
  outer loop
   vertex 3.47941513e+01 7.55526581e+01 7.16085052e+00
   vertex 3.54297180e+01 7.77380829e+01 5.02870178e+00
   vertex 3.40003662e+01 7.90184021e+01 6.79085922e+00
  endloop
 endfacet
 facet normal 9.24769878e-01 2.41060808e-01 2.94432312e-01
  outer loop
   vertex 3.93936996e+01 6.83403473e+01 3.17307281e+00
   vertex 3.81266403e+01 7.24026947e+01 3.22003174e+00
   vertex 3.73465042e+01 7.02011719e+01 5.37158203e+00
  endloop
 endfacet
 facet normal 8.72124970e-01 2.40536392e-01 4.26075488e-01
  outer loop
   vertex 3.73465042e+01 7.02011719e+01 5.37158203e+00
   vertex 3.81266403e+01 7.24026947e+01 3.22003174e+00
   vertex 3.64547348e+01 7.39748688e+01 5.19001007e+00
  endloop
 endfacet
 facet normal 8.25403512e-01 2.72494853e-01 4.94424552e-01
  outer loop
   vertex 3.43564606e+01 8.14833374e+01 4.88125229e+00
   vertex 3.32066422e+01 8.51793671e+01 4.76128769e+00
   vertex 3.31242371e+01 8.24512024e+01 6.44589615e+00
  endloop
 endfacet
 facet normal 8.25462818e-01 2.81698763e-01 4.89138991e-01
  outer loop
   vertex 3.31242371e+01 8.24512024e+01 6.44589615e+00
   vertex 3.32066422e+01 8.51793671e+01 4.76128769e+00
   vertex 3.21730804e+01 8.58429184e+01 6.12223053e+00
  endloop
 endfacet
 facet normal 8.31043363e-01 2.54459232e-01 4.94588166e-01
  outer loop
   vertex 3.54297180e+01 7.77380829e+01 5.02870178e+00
   vertex 3.43564606e+01 8.14833374e+01 4.88125229e+00
   vertex 3.40003662e+01 7.90184021e+01 6.79085922e+00
  endloop
 endfacet
 facet normal 8.31015229e-01 2.60687381e-01 4.91381526e-01
  outer loop
   vertex 3.40003662e+01 7.90184021e+01 6.79085922e+00
   vertex 3.43564606e+01 8.14833374e+01 4.88125229e+00
   vertex 3.31242371e+01 8.24512024e+01 6.44589615e+00
  endloop
 endfacet
 facet normal 9.04550731e-01 2.76390821e-01 3.24647635e-01
  outer loop
   vertex 3.68595657e+01 7.64650497e+01 3.26699066e+00
   vertex 3.55924988e+01 8.05274048e+01 3.31394958e+00
   vertex 3.54297180e+01 7.77380829e+01 5.02870178e+00
  endloop
 endfacet
 facet normal 8.70564401e-01 2.69087166e-01 4.11958426e-01
  outer loop
   vertex 3.54297180e+01 7.77380829e+01 5.02870178e+00
   vertex 3.55924988e+01 8.05274048e+01 3.31394958e+00
   vertex 3.43564606e+01 8.14833374e+01 4.88125229e+00
  endloop
 endfacet
 facet normal 8.72222960e-01 2.99764901e-01 3.86481673e-01
  outer loop
   vertex 3.32066422e+01 8.51793671e+01 4.76128769e+00
   vertex 3.43564606e+01 8.14833374e+01 4.88125229e+00
   vertex 3.43254318e+01 8.45897522e+01 3.36090469e+00
  endloop
 endfacet
 facet normal 9.07472432e-01 2.99292982e-01 2.94817746e-01
  outer loop
   vertex 3.43254318e+01 8.45897522e+01 3.36090469e+00
   vertex 3.43564606e+01 8.14833374e+01 4.88125229e+00
   vertex 3.55924988e+01 8.05274048e+01 3.31394958e+00
  endloop
 endfacet
 facet normal 8.33162606e-01 2.61221796e-01 4.87445593e-01
  outer loop
   vertex 3.25719604e+01 8.03133240e+01 8.55390167e+00
   vertex 3.18996582e+01 8.34429169e+01 8.00523376e+00
   vertex 3.11308441e+01 8.16271515e+01 1.03207779e+01
  endloop
 endfacet
 facet normal 8.32500517e-01 2.68144459e-01 4.84810710e-01
  outer loop
   vertex 3.11308441e+01 8.16271515e+01 1.03207779e+01
   vertex 3.18996582e+01 8.34429169e+01 8.00523376e+00
   vertex 3.06676178e+01 8.44555206e+01 9.56523895e+00
  endloop
 endfacet
 facet normal 8.32951248e-01 2.58527517e-01 4.89239961e-01
  outer loop
   vertex 3.40003662e+01 7.90184021e+01 6.79085922e+00
   vertex 3.31242371e+01 8.24512024e+01 6.44589615e+00
   vertex 3.25719604e+01 8.03133240e+01 8.55390167e+00
  endloop
 endfacet
 facet normal 8.32925856e-01 2.65468687e-01 4.85552102e-01
  outer loop
   vertex 3.25719604e+01 8.03133240e+01 8.55390167e+00
   vertex 3.31242371e+01 8.24512024e+01 6.44589615e+00
   vertex 3.18996582e+01 8.34429169e+01 8.00523376e+00
  endloop
 endfacet
 facet normal 8.31050575e-01 2.76832461e-01 4.82409298e-01
  outer loop
   vertex 3.31242371e+01 8.24512024e+01 6.44589615e+00
   vertex 3.21730804e+01 8.58429184e+01 6.12223053e+00
   vertex 3.18996582e+01 8.34429169e+01 8.00523376e+00
  endloop
 endfacet
 facet normal 8.31071973e-01 2.83324122e-01 4.78588402e-01
  outer loop
   vertex 3.18996582e+01 8.34429169e+01 8.00523376e+00
   vertex 3.21730804e+01 8.58429184e+01 6.12223053e+00
   vertex 3.11586151e+01 8.65351410e+01 7.47340012e+00
  endloop
 endfacet
 facet normal 9.87042904e-01 1.40881166e-01 -7.68036023e-02
  outer loop
   vertex 4.17817535e+01 5.31866379e+01 2.39836121e+00
   vertex 4.17045746e+01 5.33803406e+01 1.71500778e+00
   vertex 4.12906036e+01 5.65553703e+01 2.41656494e+00
  endloop
 endfacet
 facet normal 9.88143146e-01 1.46180093e-01 -4.69520167e-02
  outer loop
   vertex 4.12906036e+01 5.65553703e+01 2.41656494e+00
   vertex 4.17045746e+01 5.33803406e+01 1.71500778e+00
   vertex 4.12306747e+01 5.66845093e+01 1.73257065e+00
  endloop
 endfacet
 facet normal 9.85440552e-01 1.31638095e-01 1.07602715e-01
  outer loop
   vertex 4.20488205e+01 5.22826843e+01 3.07467270e+00
   vertex 4.17817535e+01 5.31866379e+01 2.39836121e+00
   vertex 4.13850403e+01 5.62971001e+01 3.09927368e+00
  endloop
 endfacet
 facet normal 9.88673151e-01 1.49084613e-01 1.72955301e-02
  outer loop
   vertex 4.13850403e+01 5.62971001e+01 3.09927368e+00
   vertex 4.17817535e+01 5.31866379e+01 2.39836121e+00
   vertex 4.12906036e+01 5.65553703e+01 2.41656494e+00
  endloop
 endfacet
 facet normal 9.41413105e-01 1.55143037e-01 -2.99452782e-01
  outer loop
   vertex 4.06086197e+01 6.03819351e+01 1.07035446e+00
   vertex 4.12398071e+01 5.65553741e+01 1.04602051e+00
   vertex 4.06196747e+01 6.03115234e+01 3.82789612e-01
  endloop
 endfacet
 facet normal 7.98195601e-01 1.29772201e-01 -5.88254094e-01
  outer loop
   vertex 4.06196747e+01 6.03115234e+01 3.82789612e-01
   vertex 4.12398071e+01 5.65553741e+01 1.04602051e+00
   vertex 4.12834549e+01 5.62971039e+01 3.58188629e-01
  endloop
 endfacet
 facet normal 9.90018070e-01 1.40894264e-01 3.61401192e-03
  outer loop
   vertex 4.17309570e+01 5.31866379e+01 1.02781677e+00
   vertex 4.12398071e+01 5.65553741e+01 1.04602051e+00
   vertex 4.17045746e+01 5.33803406e+01 1.71500778e+00
  endloop
 endfacet
 facet normal 9.88907993e-01 1.46193624e-01 -2.62380224e-02
  outer loop
   vertex 4.17045746e+01 5.33803406e+01 1.71500778e+00
   vertex 4.12398071e+01 5.65553741e+01 1.04602051e+00
   vertex 4.12306747e+01 5.66845093e+01 1.73257065e+00
  endloop
 endfacet
 facet normal 9.50403273e-01 1.43363163e-01 -2.76008457e-01
  outer loop
   vertex 4.12398071e+01 5.65553741e+01 1.04602051e+00
   vertex 4.17309570e+01 5.31866379e+01 1.02781677e+00
   vertex 4.12834549e+01 5.62971039e+01 3.58188629e-01
  endloop
 endfacet
 facet normal 8.31580102e-01 1.15979806e-01 -5.43160379e-01
  outer loop
   vertex 4.12834549e+01 5.62971039e+01 3.58188629e-01
   vertex 4.17309570e+01 5.31866379e+01 1.02781677e+00
   vertex 4.19472351e+01 5.22826843e+01 3.33587646e-01
  endloop
 endfacet
 facet normal 9.77395475e-01 2.03458384e-01 5.74701317e-02
  outer loop
   vertex 3.99044876e+01 6.43493195e+01 1.09928513e+00
   vertex 3.90472946e+01 6.84395752e+01 1.14426804e+00
   vertex 3.98914795e+01 6.43610077e+01 1.78786469e+00
  endloop
 endfacet
 facet normal 9.74855065e-01 2.20648289e-01 3.11755873e-02
  outer loop
   vertex 3.98914795e+01 6.43610077e+01 1.78786469e+00
   vertex 3.90472946e+01 6.84395752e+01 1.14426804e+00
   vertex 3.90164795e+01 6.84397278e+01 1.83068085e+00
  endloop
 endfacet
 facet normal 9.85042095e-01 1.72311276e-01 9.20730294e-04
  outer loop
   vertex 4.06086197e+01 6.03819351e+01 1.07035446e+00
   vertex 3.99044876e+01 6.43493195e+01 1.09928513e+00
   vertex 4.06157684e+01 6.04171371e+01 1.75677490e+00
  endloop
 endfacet
 facet normal 9.83339906e-01 1.81574613e-01 -8.56413692e-03
  outer loop
   vertex 4.06157684e+01 6.04171371e+01 1.75677490e+00
   vertex 3.99044876e+01 6.43493195e+01 1.09928513e+00
   vertex 3.98914795e+01 6.43610077e+01 1.78786469e+00
  endloop
 endfacet
 facet normal 8.01074982e-01 1.38891861e-01 -5.82226694e-01
  outer loop
   vertex 4.06196747e+01 6.03115234e+01 3.82789612e-01
   vertex 3.99559021e+01 6.43259354e+01 4.07386780e-01
   vertex 4.06086197e+01 6.03819351e+01 1.07035446e+00
  endloop
 endfacet
 facet normal 9.47466671e-01 1.68024763e-01 -2.72166520e-01
  outer loop
   vertex 4.06086197e+01 6.03819351e+01 1.07035446e+00
   vertex 3.99559021e+01 6.43259354e+01 4.07386780e-01
   vertex 3.99044876e+01 6.43493195e+01 1.09928513e+00
  endloop
 endfacet
 facet normal 9.60494399e-01 2.17284694e-01 -1.73890263e-01
  outer loop
   vertex 3.90472946e+01 6.84395752e+01 1.14426804e+00
   vertex 3.99044876e+01 6.43493195e+01 1.09928513e+00
   vertex 3.92921143e+01 6.83403549e+01 4.31987762e-01
  endloop
 endfacet
 facet normal 8.37857187e-01 1.73316583e-01 -5.17645299e-01
  outer loop
   vertex 3.92921143e+01 6.83403549e+01 4.31987762e-01
   vertex 3.99044876e+01 6.43493195e+01 1.09928513e+00
   vertex 3.99559021e+01 6.43259354e+01 4.07386780e-01
  endloop
 endfacet
 facet normal 9.76804912e-01 1.64224029e-01 1.37414157e-01
  outer loop
   vertex 4.07212601e+01 6.03115120e+01 3.12387085e+00
   vertex 4.06594086e+01 6.03819275e+01 2.44089890e+00
   vertex 4.00574875e+01 6.43259277e+01 3.14847183e+00
  endloop
 endfacet
 facet normal 9.84923661e-01 1.72505125e-01 1.29365986e-02
  outer loop
   vertex 4.00574875e+01 6.43259277e+01 3.14847183e+00
   vertex 4.06594086e+01 6.03819275e+01 2.44089890e+00
   vertex 3.99552841e+01 6.43493195e+01 2.46982574e+00
  endloop
 endfacet
 facet normal 9.82214391e-01 1.72465369e-01 -7.42334723e-02
  outer loop
   vertex 4.06594086e+01 6.03819275e+01 2.44089890e+00
   vertex 4.06157684e+01 6.04171371e+01 1.75677490e+00
   vertex 3.99552841e+01 6.43493195e+01 2.46982574e+00
  endloop
 endfacet
 facet normal 9.81233299e-01 1.81710273e-01 -6.45184368e-02
  outer loop
   vertex 3.99552841e+01 6.43493195e+01 2.46982574e+00
   vertex 4.06157684e+01 6.04171371e+01 1.75677490e+00
   vertex 3.98914795e+01 6.43610077e+01 1.78786469e+00
  endloop
 endfacet
 facet normal 9.69616652e-01 2.22523764e-01 -1.01620205e-01
  outer loop
   vertex 3.90164795e+01 6.84397278e+01 1.83068085e+00
   vertex 3.91008835e+01 6.84048004e+01 2.50715637e+00
   vertex 3.98914795e+01 6.43610077e+01 1.78786469e+00
  endloop
 endfacet
 facet normal 9.69826996e-01 2.05414414e-01 -1.31303221e-01
  outer loop
   vertex 3.98914795e+01 6.43610077e+01 1.78786469e+00
   vertex 3.91008835e+01 6.84048004e+01 2.50715637e+00
   vertex 3.99552841e+01 6.43493195e+01 2.46982574e+00
  endloop
 endfacet
 facet normal 9.72156286e-01 2.19833881e-01 -8.11494216e-02
  outer loop
   vertex 3.91008835e+01 6.84048004e+01 2.50715637e+00
   vertex 3.93936996e+01 6.83403473e+01 3.17307281e+00
   vertex 3.99552841e+01 6.43493195e+01 2.46982574e+00
  endloop
 endfacet
 facet normal 9.78103876e-01 1.94565192e-01 7.38729835e-02
  outer loop
   vertex 3.99552841e+01 6.43493195e+01 2.46982574e+00
   vertex 3.93936996e+01 6.83403473e+01 3.17307281e+00
   vertex 4.00574875e+01 6.43259277e+01 3.14847183e+00
  endloop
 endfacet
 facet normal 8.27159524e-01 1.26310229e-01 5.47588229e-01
  outer loop
   vertex 3.68911972e+01 5.88037338e+01 9.31907272e+00
   vertex 3.66919785e+01 6.17763519e+01 8.91611862e+00
   vertex 3.44171829e+01 6.15940323e+01 1.24290504e+01
  endloop
 endfacet
 facet normal 8.28362286e-01 1.35882333e-01 5.43462873e-01
  outer loop
   vertex 3.44171829e+01 6.15940323e+01 1.24290504e+01
   vertex 3.66919785e+01 6.17763519e+01 8.91611862e+00
   vertex 3.43613205e+01 6.43830261e+01 1.18182259e+01
  endloop
 endfacet
 facet normal 8.29466939e-01 1.46800980e-01 5.38919389e-01
  outer loop
   vertex 3.66919785e+01 6.17763519e+01 8.91611862e+00
   vertex 3.63899460e+01 6.50725784e+01 8.47092819e+00
   vertex 3.43613205e+01 6.43830261e+01 1.18182259e+01
  endloop
 endfacet
 facet normal 8.29865038e-01 1.55876264e-01 5.35748601e-01
  outer loop
   vertex 3.43613205e+01 6.43830261e+01 1.18182259e+01
   vertex 3.63899460e+01 6.50725784e+01 8.47092819e+00
   vertex 3.42215118e+01 6.74381256e+01 1.11417351e+01
  endloop
 endfacet
 facet normal 8.29274774e-01 1.55041665e-01 5.36903560e-01
  outer loop
   vertex 3.43613205e+01 6.43830261e+01 1.18182259e+01
   vertex 3.42215118e+01 6.74381256e+01 1.11417351e+01
   vertex 3.20151672e+01 6.69593048e+01 1.47140350e+01
  endloop
 endfacet
 facet normal 8.29257131e-01 1.64447993e-01 5.34124970e-01
  outer loop
   vertex 3.20151672e+01 6.69593048e+01 1.47140350e+01
   vertex 3.42215118e+01 6.74381256e+01 1.11417351e+01
   vertex 3.20316696e+01 6.98187256e+01 1.38099403e+01
  endloop
 endfacet
 facet normal 8.26420784e-01 1.32966354e-01 5.47127604e-01
  outer loop
   vertex 3.44171829e+01 6.15940323e+01 1.24290504e+01
   vertex 3.43613205e+01 6.43830261e+01 1.18182259e+01
   vertex 3.19342880e+01 6.43236694e+01 1.55293503e+01
  endloop
 endfacet
 facet normal 8.26961100e-01 1.43055022e-01 5.43756008e-01
  outer loop
   vertex 3.19342880e+01 6.43236694e+01 1.55293503e+01
   vertex 3.43613205e+01 6.43830261e+01 1.18182259e+01
   vertex 3.20151672e+01 6.69593048e+01 1.47140350e+01
  endloop
 endfacet
 facet normal 9.24836755e-01 1.48427308e-01 3.50209028e-01
  outer loop
   vertex 4.13850403e+01 5.62971001e+01 3.09927368e+00
   vertex 4.07212601e+01 6.03115120e+01 3.12387085e+00
   vertex 3.90353470e+01 5.90633125e+01 6.00895691e+00
  endloop
 endfacet
 facet normal 8.80366147e-01 1.46207511e-01 4.51197147e-01
  outer loop
   vertex 3.90353470e+01 5.90633125e+01 6.00895691e+00
   vertex 4.07212601e+01 6.03115120e+01 3.12387085e+00
   vertex 3.85561676e+01 6.26950455e+01 5.79794312e+00
  endloop
 endfacet
 facet normal 8.28101039e-01 1.38175979e-01 5.43282628e-01
  outer loop
   vertex 3.90353470e+01 5.90633125e+01 6.00895691e+00
   vertex 3.85561676e+01 6.26950455e+01 5.79794312e+00
   vertex 3.66919785e+01 6.17763519e+01 8.91611862e+00
  endloop
 endfacet
 facet normal 8.28473032e-01 1.46096498e-01 5.40636837e-01
  outer loop
   vertex 3.66919785e+01 6.17763519e+01 8.91611862e+00
   vertex 3.85561676e+01 6.26950455e+01 5.79794312e+00
   vertex 3.63899460e+01 6.50725784e+01 8.47092819e+00
  endloop
 endfacet
 facet normal 8.25679243e-01 1.20387472e-01 5.51144838e-01
  outer loop
   vertex 3.93938141e+01 5.58438721e+01 6.20136261e+00
   vertex 3.90353470e+01 5.90633125e+01 6.00895691e+00
   vertex 3.68911972e+01 5.88037338e+01 9.31907272e+00
  endloop
 endfacet
 facet normal 8.27931821e-01 1.29315048e-01 5.45716524e-01
  outer loop
   vertex 3.68911972e+01 5.88037338e+01 9.31907272e+00
   vertex 3.90353470e+01 5.90633125e+01 6.00895691e+00
   vertex 3.66919785e+01 6.17763519e+01 8.91611862e+00
  endloop
 endfacet
 facet normal 9.32677746e-01 1.23110645e-01 3.39051574e-01
  outer loop
   vertex 4.20488205e+01 5.22826843e+01 3.07467270e+00
   vertex 4.13850403e+01 5.62971001e+01 3.09927368e+00
   vertex 3.93938141e+01 5.58438721e+01 6.20136261e+00
  endloop
 endfacet
 facet normal 8.80720496e-01 1.33091286e-01 4.54552591e-01
  outer loop
   vertex 3.93938141e+01 5.58438721e+01 6.20136261e+00
   vertex 4.13850403e+01 5.62971001e+01 3.09927368e+00
   vertex 3.90353470e+01 5.90633125e+01 6.00895691e+00
  endloop
 endfacet
 facet normal 8.19747508e-01 1.79942340e-01 5.43723047e-01
  outer loop
   vertex 3.80201111e+01 6.64244537e+01 5.57985687e+00
   vertex 3.73465042e+01 7.02011719e+01 5.37158203e+00
   vertex 3.59922791e+01 6.85309753e+01 8.01086426e+00
  endloop
 endfacet
 facet normal 8.23083341e-01 1.96321249e-01 5.32908857e-01
  outer loop
   vertex 3.59922791e+01 6.85309753e+01 8.01086426e+00
   vertex 3.73465042e+01 7.02011719e+01 5.37158203e+00
   vertex 3.54700012e+01 7.20561218e+01 7.56460190e+00
  endloop
 endfacet
 facet normal 8.24271321e-01 1.52189776e-01 5.45357704e-01
  outer loop
   vertex 3.85561676e+01 6.26950455e+01 5.79794312e+00
   vertex 3.80201111e+01 6.64244537e+01 5.57985687e+00
   vertex 3.63899460e+01 6.50725784e+01 8.47092819e+00
  endloop
 endfacet
 facet normal 8.24516773e-01 1.63399249e-01 5.41731238e-01
  outer loop
   vertex 3.63899460e+01 6.50725784e+01 8.47092819e+00
   vertex 3.80201111e+01 6.64244537e+01 5.57985687e+00
   vertex 3.59922791e+01 6.85309753e+01 8.01086426e+00
  endloop
 endfacet
 facet normal 9.25904751e-01 1.57003313e-01 3.43584597e-01
  outer loop
   vertex 4.07212601e+01 6.03115120e+01 3.12387085e+00
   vertex 4.00574875e+01 6.43259277e+01 3.14847183e+00
   vertex 3.85561676e+01 6.26950455e+01 5.79794312e+00
  endloop
 endfacet
 facet normal 8.80355537e-01 1.56988338e-01 4.47580993e-01
  outer loop
   vertex 3.85561676e+01 6.26950455e+01 5.79794312e+00
   vertex 4.00574875e+01 6.43259277e+01 3.14847183e+00
   vertex 3.80201111e+01 6.64244537e+01 5.57985687e+00
  endloop
 endfacet
 facet normal 9.33717370e-01 1.88116133e-01 3.04604948e-01
  outer loop
   vertex 4.00574875e+01 6.43259277e+01 3.14847183e+00
   vertex 3.93936996e+01 6.83403473e+01 3.17307281e+00
   vertex 3.80201111e+01 6.64244537e+01 5.57985687e+00
  endloop
 endfacet
 facet normal 8.87216508e-01 2.03049645e-01 4.14267719e-01
  outer loop
   vertex 3.80201111e+01 6.64244537e+01 5.57985687e+00
   vertex 3.93936996e+01 6.83403473e+01 3.17307281e+00
   vertex 3.73465042e+01 7.02011719e+01 5.37158203e+00
  endloop
 endfacet
 facet normal 8.30304086e-01 1.75527871e-01 5.28947175e-01
  outer loop
   vertex 3.42215118e+01 6.74381256e+01 1.11417351e+01
   vertex 3.39835510e+01 7.06534958e+01 1.04410934e+01
   vertex 3.20316696e+01 6.98187256e+01 1.38099403e+01
  endloop
 endfacet
 facet normal 8.30198705e-01 1.84877545e-01 5.25918603e-01
  outer loop
   vertex 3.20316696e+01 6.98187256e+01 1.38099403e+01
   vertex 3.39835510e+01 7.06534958e+01 1.04410934e+01
   vertex 3.19657516e+01 7.28030319e+01 1.28715706e+01
  endloop
 endfacet
 facet normal 8.29074621e-01 1.66372776e-01 5.33812106e-01
  outer loop
   vertex 3.63899460e+01 6.50725784e+01 8.47092819e+00
   vertex 3.59922791e+01 6.85309753e+01 8.01086426e+00
   vertex 3.42215118e+01 6.74381256e+01 1.11417351e+01
  endloop
 endfacet
 facet normal 8.29534292e-01 1.76618725e-01 5.29791176e-01
  outer loop
   vertex 3.42215118e+01 6.74381256e+01 1.11417351e+01
   vertex 3.59922791e+01 6.85309753e+01 8.01086426e+00
   vertex 3.39835510e+01 7.06534958e+01 1.04410934e+01
  endloop
 endfacet
 facet normal 8.28381658e-01 1.90039411e-01 5.26942909e-01
  outer loop
   vertex 3.59922791e+01 6.85309753e+01 8.01086426e+00
   vertex 3.54700012e+01 7.20561218e+01 7.56460190e+00
   vertex 3.39835510e+01 7.06534958e+01 1.04410934e+01
  endloop
 endfacet
 facet normal 8.29791903e-01 2.01068670e-01 5.20592749e-01
  outer loop
   vertex 3.39835510e+01 7.06534958e+01 1.04410934e+01
   vertex 3.54700012e+01 7.20561218e+01 7.56460190e+00
   vertex 3.36331940e+01 7.39232941e+01 9.75782013e+00
  endloop
 endfacet
 facet normal 8.30867827e-01 1.97004139e-01 5.20430624e-01
  outer loop
   vertex 3.39835510e+01 7.06534958e+01 1.04410934e+01
   vertex 3.36331940e+01 7.39232941e+01 9.75782013e+00
   vertex 3.19657516e+01 7.28030319e+01 1.28715706e+01
  endloop
 endfacet
 facet normal 8.31022441e-01 2.06511825e-01 5.16482890e-01
  outer loop
   vertex 3.19657516e+01 7.28030319e+01 1.28715706e+01
   vertex 3.36331940e+01 7.39232941e+01 9.75782013e+00
   vertex 3.17993927e+01 7.58132706e+01 1.19534340e+01
  endloop
 endfacet
 facet normal 9.97819960e-01 4.05742638e-02 -5.20488173e-02
  outer loop
   vertex 4.24246368e+01 4.46072769e+01 2.37453461e+00
   vertex 4.23897400e+01 4.46324844e+01 1.68961334e+00
   vertex 4.23449173e+01 4.64715347e+01 2.37749100e+00
  endloop
 endfacet
 facet normal 9.98129547e-01 4.51557934e-02 -4.12110128e-02
  outer loop
   vertex 4.23449173e+01 4.64715347e+01 2.37749100e+00
   vertex 4.23897400e+01 4.46324844e+01 1.68961334e+00
   vertex 4.23131866e+01 4.64883347e+01 1.69245148e+00
  endloop
 endfacet
 facet normal 9.97166693e-01 6.13025948e-02 -4.35954258e-02
  outer loop
   vertex 4.21901627e+01 4.84956360e+01 1.69701004e+00
   vertex 4.22257767e+01 4.84591446e+01 2.38190460e+00
   vertex 4.23131866e+01 4.64883347e+01 1.69245148e+00
  endloop
 endfacet
 facet normal 9.97333586e-01 5.51279970e-02 -4.78190221e-02
  outer loop
   vertex 4.23131866e+01 4.64883347e+01 1.69245148e+00
   vertex 4.22257767e+01 4.84591446e+01 2.38190460e+00
   vertex 4.23449173e+01 4.64715347e+01 2.37749100e+00
  endloop
 endfacet
 facet normal 9.96669352e-01 5.72177768e-02 5.81062287e-02
  outer loop
   vertex 4.22257767e+01 4.84591446e+01 2.38190460e+00
   vertex 4.22715912e+01 4.83861771e+01 3.06642151e+00
   vertex 4.23449173e+01 4.64715347e+01 2.37749100e+00
  endloop
 endfacet
 facet normal 9.83574629e-01 5.24848141e-02 1.72702819e-01
  outer loop
   vertex 4.23449173e+01 4.64715347e+01 2.37749100e+00
   vertex 4.22715912e+01 4.83861771e+01 3.06642151e+00
   vertex 4.23829727e+01 4.64379272e+01 3.06229401e+00
  endloop
 endfacet
 facet normal 9.85469460e-01 3.90670523e-02 1.65298790e-01
  outer loop
   vertex 4.24943619e+01 4.44896774e+01 3.05816269e+00
   vertex 4.24246368e+01 4.46072769e+01 2.37453461e+00
   vertex 4.23829727e+01 4.64379272e+01 3.06229401e+00
  endloop
 endfacet
 facet normal 9.97388244e-01 4.64933701e-02 5.52725121e-02
  outer loop
   vertex 4.23829727e+01 4.64379272e+01 3.06229401e+00
   vertex 4.24246368e+01 4.46072769e+01 2.37453461e+00
   vertex 4.23449173e+01 4.64715347e+01 2.37749100e+00
  endloop
 endfacet
 facet normal 9.49586153e-01 5.59118576e-02 -3.08480173e-01
  outer loop
   vertex 4.21749802e+01 4.84591522e+01 1.01136017e+00
   vertex 4.22941208e+01 4.64715347e+01 1.00694656e+00
   vertex 4.21700058e+01 4.83861847e+01 3.25332642e-01
  endloop
 endfacet
 facet normal 8.03471446e-01 4.53914590e-02 -5.93610346e-01
  outer loop
   vertex 4.21700058e+01 4.83861847e+01 3.25332642e-01
   vertex 4.22941208e+01 4.64715347e+01 1.00694656e+00
   vertex 4.22813873e+01 4.64379349e+01 3.21205139e-01
  endloop
 endfacet
 facet normal 9.97658134e-01 6.13025390e-02 -3.03365253e-02
  outer loop
   vertex 4.21901627e+01 4.84956360e+01 1.69701004e+00
   vertex 4.23131866e+01 4.64883347e+01 1.69245148e+00
   vertex 4.21749802e+01 4.84591522e+01 1.01136017e+00
  endloop
 endfacet
 facet normal 9.98137176e-01 5.51280342e-02 -2.61351466e-02
  outer loop
   vertex 4.21749802e+01 4.84591522e+01 1.01136017e+00
   vertex 4.23131866e+01 4.64883347e+01 1.69245148e+00
   vertex 4.22941208e+01 4.64715347e+01 1.00694656e+00
  endloop
 endfacet
 facet normal 9.98935342e-01 4.05747741e-02 -2.19528768e-02
  outer loop
   vertex 4.23738403e+01 4.46072845e+01 1.00399017e+00
   vertex 4.22941208e+01 4.64715347e+01 1.00694656e+00
   vertex 4.23897400e+01 4.46324844e+01 1.68961334e+00
  endloop
 endfacet
 facet normal 9.98441815e-01 4.51558903e-02 -3.27858180e-02
  outer loop
   vertex 4.23897400e+01 4.46324844e+01 1.68961334e+00
   vertex 4.22941208e+01 4.64715347e+01 1.00694656e+00
   vertex 4.23131866e+01 4.64883347e+01 1.69245148e+00
  endloop
 endfacet
 facet normal 9.51985896e-01 4.50674593e-02 -3.02806467e-01
  outer loop
   vertex 4.22941208e+01 4.64715347e+01 1.00694656e+00
   vertex 4.23738403e+01 4.46072845e+01 1.00399017e+00
   vertex 4.22813873e+01 4.64379349e+01 3.21205139e-01
  endloop
 endfacet
 facet normal 8.16834509e-01 3.73550877e-02 -5.75661361e-01
  outer loop
   vertex 4.22813873e+01 4.64379349e+01 3.21205139e-01
   vertex 4.23738403e+01 4.46072845e+01 1.00399017e+00
   vertex 4.23927765e+01 4.44896774e+01 3.17073822e-01
  endloop
 endfacet
 facet normal 9.92471993e-01 1.22278214e-01 -6.88687339e-03
  outer loop
   vertex 4.17045746e+01 5.33803406e+01 1.71500778e+00
   vertex 4.20058441e+01 5.07218399e+01 1.70384216e+00
   vertex 4.17309570e+01 5.31866379e+01 1.02781677e+00
  endloop
 endfacet
 facet normal 9.94302392e-01 1.05749249e-01 1.34093789e-02
  outer loop
   vertex 4.17309570e+01 5.31866379e+01 1.02781677e+00
   vertex 4.20058441e+01 5.07218399e+01 1.70384216e+00
   vertex 4.20149689e+01 5.05927048e+01 1.01729202e+00
  endloop
 endfacet
 facet normal 9.96424377e-01 8.28478560e-02 -1.65743381e-02
  outer loop
   vertex 4.20058441e+01 5.07218399e+01 1.70384216e+00
   vertex 4.21901627e+01 4.84956360e+01 1.69701004e+00
   vertex 4.20149689e+01 5.05927048e+01 1.01729202e+00
  endloop
 endfacet
 facet normal 9.97382760e-01 7.16117024e-02 -9.97115113e-03
  outer loop
   vertex 4.20149689e+01 5.05927048e+01 1.01729202e+00
   vertex 4.21901627e+01 4.84956360e+01 1.69701004e+00
   vertex 4.21749802e+01 4.84591522e+01 1.01136017e+00
  endloop
 endfacet
 facet normal 9.55938995e-01 6.93556517e-02 -2.85254985e-01
  outer loop
   vertex 4.20149689e+01 5.05927048e+01 1.01729202e+00
   vertex 4.21749802e+01 4.84591522e+01 1.01136017e+00
   vertex 4.20586243e+01 5.03344345e+01 3.29460144e-01
  endloop
 endfacet
 facet normal 8.08316171e-01 5.33165671e-02 -5.86329579e-01
  outer loop
   vertex 4.20586243e+01 5.03344345e+01 3.29460144e-01
   vertex 4.21749802e+01 4.84591522e+01 1.01136017e+00
   vertex 4.21700058e+01 4.83861847e+01 3.25332642e-01
  endloop
 endfacet
 facet normal 9.65023875e-01 1.08770140e-01 -2.38532975e-01
  outer loop
   vertex 4.17309570e+01 5.31866379e+01 1.02781677e+00
   vertex 4.20149689e+01 5.05927048e+01 1.01729202e+00
   vertex 4.19472351e+01 5.22826843e+01 3.33587646e-01
  endloop
 endfacet
 facet normal 8.34417582e-01 7.51230195e-02 -5.45988858e-01
  outer loop
   vertex 4.19472351e+01 5.22826843e+01 3.33587646e-01
   vertex 4.20149689e+01 5.05927048e+01 1.01729202e+00
   vertex 4.20586243e+01 5.03344345e+01 3.29460144e-01
  endloop
 endfacet
 facet normal 9.96967316e-01 6.96776435e-02 3.46585624e-02
  outer loop
   vertex 4.20657654e+01 5.05927048e+01 2.38783646e+00
   vertex 4.21602097e+01 5.03344269e+01 3.07054901e+00
   vertex 4.22257767e+01 4.84591446e+01 2.38190460e+00
  endloop
 endfacet
 facet normal 9.84991550e-01 6.06006831e-02 1.61614537e-01
  outer loop
   vertex 4.22257767e+01 4.84591446e+01 2.38190460e+00
   vertex 4.21602097e+01 5.03344269e+01 3.07054901e+00
   vertex 4.22715912e+01 4.83861771e+01 3.06642151e+00
  endloop
 endfacet
 facet normal 9.94917691e-01 8.28476325e-02 -5.72286285e-02
  outer loop
   vertex 4.20058441e+01 5.07218399e+01 1.70384216e+00
   vertex 4.20657654e+01 5.05927048e+01 2.38783646e+00
   vertex 4.21901627e+01 4.84956360e+01 1.69701004e+00
  endloop
 endfacet
 facet normal 9.95384753e-01 7.16115385e-02 -6.38826787e-02
  outer loop
   vertex 4.21901627e+01 4.84956360e+01 1.69701004e+00
   vertex 4.20657654e+01 5.05927048e+01 2.38783646e+00
   vertex 4.22257767e+01 4.84591446e+01 2.38190460e+00
  endloop
 endfacet
 facet normal 9.90258932e-01 1.22278303e-01 -6.65974170e-02
  outer loop
   vertex 4.17045746e+01 5.33803406e+01 1.71500778e+00
   vertex 4.17817535e+01 5.31866379e+01 2.39836121e+00
   vertex 4.20058441e+01 5.07218399e+01 1.70384216e+00
  endloop
 endfacet
 facet normal 9.90582168e-01 1.05749115e-01 -8.69716182e-02
  outer loop
   vertex 4.20058441e+01 5.07218399e+01 1.70384216e+00
   vertex 4.17817535e+01 5.31866379e+01 2.39836121e+00
   vertex 4.20657654e+01 5.05927048e+01 2.38783646e+00
  endloop
 endfacet
 facet normal 9.94095802e-01 1.08198255e-01 -8.16412922e-03
  outer loop
   vertex 4.17817535e+01 5.31866379e+01 2.39836121e+00
   vertex 4.20488205e+01 5.22826843e+01 3.07467270e+00
   vertex 4.20657654e+01 5.05927048e+01 2.38783646e+00
  endloop
 endfacet
 facet normal 9.89206195e-01 8.23678225e-02 1.21188320e-01
  outer loop
   vertex 4.20657654e+01 5.05927048e+01 2.38783646e+00
   vertex 4.20488205e+01 5.22826843e+01 3.07467270e+00
   vertex 4.21602097e+01 5.03344269e+01 3.07054901e+00
  endloop
 endfacet
 facet normal 7.92217314e-01 9.76002682e-03 6.10161006e-01
  outer loop
   vertex 3.68810883e+01 5.03656845e+01 1.02725334e+01
   vertex 3.69542618e+01 5.22078247e+01 1.01251106e+01
   vertex 3.40659027e+01 5.32709808e+01 1.38756447e+01
  endloop
 endfacet
 facet normal 7.94904590e-01 1.83702298e-02 6.06456280e-01
  outer loop
   vertex 3.40659027e+01 5.32709808e+01 1.38756447e+01
   vertex 3.69542618e+01 5.22078247e+01 1.01251106e+01
   vertex 3.42154312e+01 5.51041145e+01 1.36484680e+01
  endloop
 endfacet
 facet normal 7.86597073e-01 4.93094884e-03 6.17446899e-01
  outer loop
   vertex 3.40659027e+01 5.32709808e+01 1.38756447e+01
   vertex 3.42154312e+01 5.51041145e+01 1.36484680e+01
   vertex 3.12157669e+01 5.62025528e+01 1.74747849e+01
  endloop
 endfacet
 facet normal 7.89530993e-01 1.60768423e-02 6.13500059e-01
  outer loop
   vertex 3.12157669e+01 5.62025528e+01 1.74747849e+01
   vertex 3.42154312e+01 5.51041145e+01 1.36484680e+01
   vertex 3.14408951e+01 5.80308151e+01 1.71624069e+01
  endloop
 endfacet
 facet normal 7.96982169e-01 1.73656810e-02 6.03753090e-01
  outer loop
   vertex 3.96793060e+01 4.74611053e+01 6.66654205e+00
   vertex 3.96735153e+01 4.93206024e+01 6.59531403e+00
   vertex 3.68810883e+01 5.03656845e+01 1.02725334e+01
  endloop
 endfacet
 facet normal 7.99321830e-01 2.30554491e-02 6.00460708e-01
  outer loop
   vertex 3.68810883e+01 5.03656845e+01 1.02725334e+01
   vertex 3.96735153e+01 4.93206024e+01 6.59531403e+00
   vertex 3.69542618e+01 5.22078247e+01 1.01251106e+01
  endloop
 endfacet
 facet normal 9.18502986e-01 3.13204490e-02 3.94171596e-01
  outer loop
   vertex 4.24943619e+01 4.44896774e+01 3.05816269e+00
   vertex 4.23829727e+01 4.64379272e+01 3.06229401e+00
   vertex 3.96793060e+01 4.74611053e+01 6.66654205e+00
  endloop
 endfacet
 facet normal 8.65020096e-01 3.34995836e-02 5.00617564e-01
  outer loop
   vertex 3.96793060e+01 4.74611053e+01 6.66654205e+00
   vertex 4.23829727e+01 4.64379272e+01 3.06229401e+00
   vertex 3.96735153e+01 4.93206024e+01 6.59531403e+00
  endloop
 endfacet
 facet normal 8.18683088e-01 9.26532969e-02 5.66721559e-01
  outer loop
   vertex 3.95677643e+01 5.33513336e+01 6.36363220e+00
   vertex 3.93938141e+01 5.58438721e+01 6.20136261e+00
   vertex 3.69804306e+01 5.63162003e+01 9.65243530e+00
  endloop
 endfacet
 facet normal 8.22799802e-01 1.06129088e-01 5.58334231e-01
  outer loop
   vertex 3.69804306e+01 5.63162003e+01 9.65243530e+00
   vertex 3.93938141e+01 5.58438721e+01 6.20136261e+00
   vertex 3.68911972e+01 5.88037338e+01 9.31907272e+00
  endloop
 endfacet
 facet normal 8.12130988e-01 6.33497834e-02 5.80025971e-01
  outer loop
   vertex 3.96350403e+01 5.12791061e+01 6.49515152e+00
   vertex 3.95677643e+01 5.33513336e+01 6.36363220e+00
   vertex 3.69910049e+01 5.41666107e+01 9.91989517e+00
  endloop
 endfacet
 facet normal 8.15019131e-01 7.53692165e-02 5.74511349e-01
  outer loop
   vertex 3.69910049e+01 5.41666107e+01 9.91989517e+00
   vertex 3.95677643e+01 5.33513336e+01 6.36363220e+00
   vertex 3.69804306e+01 5.63162003e+01 9.65243530e+00
  endloop
 endfacet
 facet normal 9.24043894e-01 5.71302325e-02 3.77993375e-01
  outer loop
   vertex 4.22715912e+01 4.83861771e+01 3.06642151e+00
   vertex 4.21602097e+01 5.03344269e+01 3.07054901e+00
   vertex 3.96350403e+01 5.12791061e+01 6.49515152e+00
  endloop
 endfacet
 facet normal 8.75439227e-01 6.44741282e-02 4.79008585e-01
  outer loop
   vertex 3.96350403e+01 5.12791061e+01 6.49515152e+00
   vertex 4.21602097e+01 5.03344269e+01 3.07054901e+00
   vertex 3.95677643e+01 5.33513336e+01 6.36363220e+00
  endloop
 endfacet
 facet normal 8.86224866e-01 9.84879434e-02 4.52664971e-01
  outer loop
   vertex 3.93938141e+01 5.58438721e+01 6.20136261e+00
   vertex 3.95677643e+01 5.33513336e+01 6.36363220e+00
   vertex 4.20488205e+01 5.22826843e+01 3.07467270e+00
  endloop
 endfacet
 facet normal 9.33104992e-01 8.09982121e-02 3.50363165e-01
  outer loop
   vertex 4.20488205e+01 5.22826843e+01 3.07467270e+00
   vertex 3.95677643e+01 5.33513336e+01 6.36363220e+00
   vertex 4.21602097e+01 5.03344269e+01 3.07054901e+00
  endloop
 endfacet
 facet normal 8.12167406e-01 7.53919929e-02 5.78532755e-01
  outer loop
   vertex 3.43319778e+01 5.70432281e+01 1.33366547e+01
   vertex 3.44033127e+01 5.91769867e+01 1.29326859e+01
   vertex 3.16402817e+01 5.99400215e+01 1.67418365e+01
  endloop
 endfacet
 facet normal 8.14324796e-01 8.78469571e-02 5.73723018e-01
  outer loop
   vertex 3.16402817e+01 5.99400215e+01 1.67418365e+01
   vertex 3.44033127e+01 5.91769867e+01 1.29326859e+01
   vertex 3.18070297e+01 6.20107803e+01 1.62013855e+01
  endloop
 endfacet
 facet normal 8.13986480e-01 7.10452870e-02 5.76522827e-01
  outer loop
   vertex 3.69910049e+01 5.41666107e+01 9.91989517e+00
   vertex 3.69804306e+01 5.63162003e+01 9.65243530e+00
   vertex 3.43319778e+01 5.70432281e+01 1.33366547e+01
  endloop
 endfacet
 facet normal 8.16574216e-01 8.30024183e-02 5.71241736e-01
  outer loop
   vertex 3.43319778e+01 5.70432281e+01 1.33366547e+01
   vertex 3.69804306e+01 5.63162003e+01 9.65243530e+00
   vertex 3.44033127e+01 5.91769867e+01 1.29326859e+01
  endloop
 endfacet
 facet normal 8.21750045e-01 1.00805052e-01 5.60861170e-01
  outer loop
   vertex 3.69804306e+01 5.63162003e+01 9.65243530e+00
   vertex 3.68911972e+01 5.88037338e+01 9.31907272e+00
   vertex 3.44033127e+01 5.91769867e+01 1.29326859e+01
  endloop
 endfacet
 facet normal 8.23887527e-01 1.12062953e-01 5.55563867e-01
  outer loop
   vertex 3.44033127e+01 5.91769867e+01 1.29326859e+01
   vertex 3.68911972e+01 5.88037338e+01 9.31907272e+00
   vertex 3.44171829e+01 6.15940323e+01 1.24290504e+01
  endloop
 endfacet
 facet normal 8.20833743e-01 1.06711037e-01 5.61110258e-01
  outer loop
   vertex 3.44033127e+01 5.91769867e+01 1.29326859e+01
   vertex 3.44171829e+01 6.15940323e+01 1.24290504e+01
   vertex 3.18070297e+01 6.20107803e+01 1.62013855e+01
  endloop
 endfacet
 facet normal 8.22199941e-01 1.18047737e-01 5.56823134e-01
  outer loop
   vertex 3.18070297e+01 6.20107803e+01 1.62013855e+01
   vertex 3.44171829e+01 6.15940323e+01 1.24290504e+01
   vertex 3.19342880e+01 6.43236694e+01 1.55293503e+01
  endloop
 endfacet
 facet normal 9.28180277e-01 -2.38905609e-01 -2.85316378e-01
  outer loop
   vertex 3.56508560e+01 3.12940216e+00 1.25314713e+00
   vertex 3.56254578e+01 3.12940979e+00 5.67874908e-01
   vertex 3.64478531e+01 6.25876617e+00 1.22360992e+00
  endloop
 endfacet
 facet normal 8.18684280e-01 -2.13012531e-01 -5.33274531e-01
  outer loop
   vertex 3.64478531e+01 6.25876617e+00 1.22360992e+00
   vertex 3.56254578e+01 3.12940979e+00 5.67874908e-01
   vertex 3.64276123e+01 6.25881958e+00 5.38146973e-01
  endloop
 endfacet
 facet normal 9.68506217e-01 -2.46394664e-01 -3.58528160e-02
  outer loop
   vertex 3.56762466e+01 3.12940216e+00 1.93841934e+00
   vertex 3.56508560e+01 3.12940216e+00 1.25314713e+00
   vertex 3.64706726e+01 6.25875092e+00 1.90897751e+00
  endloop
 endfacet
 facet normal 9.68745708e-01 -2.45714724e-01 -3.40010859e-02
  outer loop
   vertex 3.64706726e+01 6.25875092e+00 1.90897751e+00
   vertex 3.56508560e+01 3.12940216e+00 1.25314713e+00
   vertex 3.64478531e+01 6.25876617e+00 1.22360992e+00
  endloop
 endfacet
 facet normal 9.71822917e-01 -2.33974025e-01 -2.85732001e-02
  outer loop
   vertex 3.72496109e+01 9.38794708e+00 1.88011169e+00
   vertex 3.72345352e+01 9.38803101e+00 1.19445801e+00
   vertex 3.79950180e+01 1.25168610e+01 1.85248566e+00
  endloop
 endfacet
 facet normal 9.73002374e-01 -2.30625927e-01 -8.83603562e-03
  outer loop
   vertex 3.79950180e+01 1.25168610e+01 1.85248566e+00
   vertex 3.72345352e+01 9.38803101e+00 1.19445801e+00
   vertex 3.79851074e+01 1.25169983e+01 1.16664124e+00
  endloop
 endfacet
 facet normal 9.70197916e-01 -2.40809560e-01 -2.69587841e-02
  outer loop
   vertex 3.72345352e+01 9.38803101e+00 1.19445801e+00
   vertex 3.72496109e+01 9.38794708e+00 1.88011169e+00
   vertex 3.64478531e+01 6.25876617e+00 1.22360992e+00
  endloop
 endfacet
 facet normal 9.69561756e-01 -2.42464855e-01 -3.40711437e-02
  outer loop
   vertex 3.64478531e+01 6.25876617e+00 1.22360992e+00
   vertex 3.72496109e+01 9.38794708e+00 1.88011169e+00
   vertex 3.64706726e+01 6.25875092e+00 1.90897751e+00
  endloop
 endfacet
 facet normal 9.31373477e-01 -2.36165985e-01 -2.77072281e-01
  outer loop
   vertex 3.64478531e+01 6.25876617e+00 1.22360992e+00
   vertex 3.64276123e+01 6.25881958e+00 5.38146973e-01
   vertex 3.72345352e+01 9.38803101e+00 1.19445801e+00
  endloop
 endfacet
 facet normal 8.25089157e-01 -2.10679814e-01 -5.24253666e-01
  outer loop
   vertex 3.72345352e+01 9.38803101e+00 1.19445801e+00
   vertex 3.64276123e+01 6.25881958e+00 5.38146973e-01
   vertex 3.72297745e+01 9.38822174e+00 5.08419037e-01
  endloop
 endfacet
 facet normal 9.39042628e-01 -2.30053708e-01 -2.55488187e-01
  outer loop
   vertex 3.72345352e+01 9.38803101e+00 1.19445801e+00
   vertex 3.72297745e+01 9.38822174e+00 5.08419037e-01
   vertex 3.79851074e+01 1.25169983e+01 1.16664124e+00
  endloop
 endfacet
 facet normal 8.41913044e-01 -2.05841824e-01 -4.98810172e-01
  outer loop
   vertex 3.79851074e+01 1.25169983e+01 1.16664124e+00
   vertex 3.72297745e+01 9.38822174e+00 5.08419037e-01
   vertex 3.80319443e+01 1.25176239e+01 4.78691101e-01
  endloop
 endfacet
 facet normal 9.43987250e-01 -2.34963968e-01 2.31689379e-01
  outer loop
   vertex 3.73313599e+01 9.38822174e+00 3.24950790e+00
   vertex 3.65291977e+01 6.25881958e+00 3.27923584e+00
   vertex 3.72853241e+01 9.38803101e+00 2.56500244e+00
  endloop
 endfacet
 facet normal 9.65721130e-01 -2.41942570e-01 9.40557197e-02
  outer loop
   vertex 3.72853241e+01 9.38803101e+00 2.56500244e+00
   vertex 3.65291977e+01 6.25881958e+00 3.27923584e+00
   vertex 3.64986496e+01 6.25876617e+00 2.59415436e+00
  endloop
 endfacet
 facet normal 9.69532132e-01 -2.40809098e-01 -4.49265540e-02
  outer loop
   vertex 3.72853241e+01 9.38803101e+00 2.56500244e+00
   vertex 3.64986496e+01 6.25876617e+00 2.59415436e+00
   vertex 3.72496109e+01 9.38794708e+00 1.88011169e+00
  endloop
 endfacet
 facet normal 9.69424009e-01 -2.42464855e-01 -3.77880819e-02
  outer loop
   vertex 3.72496109e+01 9.38794708e+00 1.88011169e+00
   vertex 3.64986496e+01 6.25876617e+00 2.59415436e+00
   vertex 3.64706726e+01 6.25875092e+00 1.90897751e+00
  endloop
 endfacet
 facet normal 9.71051514e-01 -2.30583489e-01 -6.23717755e-02
  outer loop
   vertex 3.80358887e+01 1.25169983e+01 2.53718567e+00
   vertex 3.72853241e+01 9.38803101e+00 2.56500244e+00
   vertex 3.79950180e+01 1.25168610e+01 1.85248566e+00
  endloop
 endfacet
 facet normal 9.71299112e-01 -2.33974576e-01 -4.28244323e-02
  outer loop
   vertex 3.79950180e+01 1.25168610e+01 1.85248566e+00
   vertex 3.72853241e+01 9.38803101e+00 2.56500244e+00
   vertex 3.72496109e+01 9.38794708e+00 1.88011169e+00
  endloop
 endfacet
 facet normal 9.69156325e-01 -2.35730648e-01 7.18825459e-02
  outer loop
   vertex 3.72853241e+01 9.38803101e+00 2.56500244e+00
   vertex 3.80358887e+01 1.25169983e+01 2.53718567e+00
   vertex 3.73313599e+01 9.38822174e+00 3.24950790e+00
  endloop
 endfacet
 facet normal 9.52351630e-01 -2.27287620e-01 2.03388169e-01
  outer loop
   vertex 3.73313599e+01 9.38822174e+00 3.24950790e+00
   vertex 3.80358887e+01 1.25169983e+01 2.53718567e+00
   vertex 3.81335220e+01 1.25176239e+01 3.21977997e+00
  endloop
 endfacet
 facet normal 9.68604922e-01 -2.45714799e-01 -3.77989784e-02
  outer loop
   vertex 3.64986496e+01 6.25876617e+00 2.59415436e+00
   vertex 3.57016449e+01 3.12940216e+00 2.62369156e+00
   vertex 3.64706726e+01 6.25875092e+00 1.90897751e+00
  endloop
 endfacet
 facet normal 9.68503177e-01 -2.46394739e-01 -3.59337889e-02
  outer loop
   vertex 3.64706726e+01 6.25875092e+00 1.90897751e+00
   vertex 3.57016449e+01 3.12940216e+00 2.62369156e+00
   vertex 3.56762466e+01 3.12940216e+00 1.93841934e+00
  endloop
 endfacet
 facet normal 9.64132965e-01 -2.44675905e-01 1.02865860e-01
  outer loop
   vertex 3.57016449e+01 3.12940216e+00 2.62369156e+00
   vertex 3.64986496e+01 6.25876617e+00 2.59415436e+00
   vertex 3.57270432e+01 3.12940979e+00 3.30896378e+00
  endloop
 endfacet
 facet normal 9.40598905e-01 -2.37384662e-01 2.42739037e-01
  outer loop
   vertex 3.57270432e+01 3.12940979e+00 3.30896378e+00
   vertex 3.64986496e+01 6.25876617e+00 2.59415436e+00
   vertex 3.65291977e+01 6.25881958e+00 3.27923584e+00
  endloop
 endfacet
 facet normal 8.42014790e-01 -1.25419259e-01 -5.24672389e-01
  outer loop
   vertex 4.15065460e+01 3.14006805e+01 3.49918365e-01
   vertex 4.15117188e+01 3.13554153e+01 1.03594208e+00
   vertex 4.10433121e+01 2.82150726e+01 3.67088318e-01
  endloop
 endfacet
 facet normal 9.52159286e-01 -1.45034015e-01 -2.68994123e-01
  outer loop
   vertex 4.10433121e+01 2.82150726e+01 3.67088318e-01
   vertex 4.15117188e+01 3.13554153e+01 1.03594208e+00
   vertex 4.10469894e+01 2.82222824e+01 1.05316544e+00
  endloop
 endfacet
 facet normal 9.89055157e-01 -1.45724878e-01 -2.31109522e-02
  outer loop
   vertex 4.15117188e+01 3.13554153e+01 1.03594208e+00
   vertex 4.15270081e+01 3.13327789e+01 1.72158813e+00
   vertex 4.10469894e+01 2.82222824e+01 1.05316544e+00
  endloop
 endfacet
 facet normal 9.88196075e-01 -1.50545016e-01 -2.83683967e-02
  outer loop
   vertex 4.10469894e+01 2.82222824e+01 1.05316544e+00
   vertex 4.15270081e+01 3.13327789e+01 1.72158813e+00
   vertex 4.10615234e+01 2.82258835e+01 1.73883820e+00
  endloop
 endfacet
 facet normal 9.86375809e-01 -1.64398044e-01 -6.00411464e-03
  outer loop
   vertex 4.05294342e+01 2.50546951e+01 1.07234573e+00
   vertex 4.10469894e+01 2.82222824e+01 1.05316544e+00
   vertex 4.05385513e+01 2.50600891e+01 1.75822067e+00
  endloop
 endfacet
 facet normal 9.86630499e-01 -1.60495400e-01 -2.83102617e-02
  outer loop
   vertex 4.05385513e+01 2.50600891e+01 1.75822067e+00
   vertex 4.10469894e+01 2.82222824e+01 1.05316544e+00
   vertex 4.10615234e+01 2.82258835e+01 1.73883820e+00
  endloop
 endfacet
 facet normal 9.55239713e-01 -1.55081898e-01 -2.51926064e-01
  outer loop
   vertex 4.10469894e+01 2.82222824e+01 1.05316544e+00
   vertex 4.05294342e+01 2.50546951e+01 1.07234573e+00
   vertex 4.10433121e+01 2.82150726e+01 3.67088318e-01
  endloop
 endfacet
 facet normal 8.57127845e-01 -1.43834338e-01 -4.94614542e-01
  outer loop
   vertex 4.10433121e+01 2.82150726e+01 3.67088318e-01
   vertex 4.05294342e+01 2.50546951e+01 1.07234573e+00
   vertex 4.05800781e+01 2.50294647e+01 3.84254456e-01
  endloop
 endfacet
 facet normal 9.93943214e-01 -1.09305806e-01 1.13654798e-02
  outer loop
   vertex 4.22513580e+01 3.71129532e+01 1.00852966e+00
   vertex 4.22323761e+01 3.69717484e+01 1.69544601e+00
   vertex 4.19360123e+01 3.43980179e+01 1.02021790e+00
  endloop
 endfacet
 facet normal 9.92898226e-01 -1.16435945e-01 -2.44083740e-02
  outer loop
   vertex 4.19360123e+01 3.43980179e+01 1.02021790e+00
   vertex 4.22323761e+01 3.69717484e+01 1.69544601e+00
   vertex 4.19318390e+01 3.43038864e+01 1.70658493e+00
  endloop
 endfacet
 facet normal 9.91097748e-01 -1.31765679e-01 -1.90529842e-02
  outer loop
   vertex 4.19360123e+01 3.43980179e+01 1.02021790e+00
   vertex 4.19318390e+01 3.43038864e+01 1.70658493e+00
   vertex 4.15117188e+01 3.13554153e+01 1.03594208e+00
  endloop
 endfacet
 facet normal 9.90187526e-01 -1.36169270e-01 -3.14096287e-02
  outer loop
   vertex 4.15117188e+01 3.13554153e+01 1.03594208e+00
   vertex 4.19318390e+01 3.43038864e+01 1.70658493e+00
   vertex 4.15270081e+01 3.13327789e+01 1.72158813e+00
  endloop
 endfacet
 facet normal 8.47370267e-01 -1.14431284e-01 -5.18525898e-01
  outer loop
   vertex 4.19697876e+01 3.45862885e+01 3.32752228e-01
   vertex 4.19360123e+01 3.43980179e+01 1.02021790e+00
   vertex 4.15065460e+01 3.14006805e+01 3.49918365e-01
  endloop
 endfacet
 facet normal 9.54298556e-01 -1.32326841e-01 -2.67962456e-01
  outer loop
   vertex 4.15065460e+01 3.14006805e+01 3.49918365e-01
   vertex 4.19360123e+01 3.43980179e+01 1.02021790e+00
   vertex 4.15117188e+01 3.13554153e+01 1.03594208e+00
  endloop
 endfacet
 facet normal 8.76761734e-01 -8.93094465e-02 -4.72559720e-01
  outer loop
   vertex 4.24330215e+01 3.77719040e+01 3.15582275e-01
   vertex 4.22513580e+01 3.71129532e+01 1.00852966e+00
   vertex 4.19697876e+01 3.45862885e+01 3.32752228e-01
  endloop
 endfacet
 facet normal 9.65258598e-01 -1.16773449e-01 -2.33751461e-01
  outer loop
   vertex 4.19697876e+01 3.45862885e+01 3.32752228e-01
   vertex 4.22513580e+01 3.71129532e+01 1.00852966e+00
   vertex 4.19360123e+01 3.43980179e+01 1.02021790e+00
  endloop
 endfacet
 facet normal 9.87931907e-01 -1.36549950e-01 7.31071830e-02
  outer loop
   vertex 4.15625153e+01 3.13554153e+01 2.40648651e+00
   vertex 4.19868164e+01 3.43980179e+01 2.39076233e+00
   vertex 4.16081314e+01 3.14006805e+01 3.09100723e+00
  endloop
 endfacet
 facet normal 9.70832169e-01 -1.31698146e-01 2.00350955e-01
  outer loop
   vertex 4.16081314e+01 3.14006805e+01 3.09100723e+00
   vertex 4.19868164e+01 3.43980179e+01 2.39076233e+00
   vertex 4.20713730e+01 3.45862885e+01 3.07384109e+00
  endloop
 endfacet
 facet normal 9.89789009e-01 -1.31765977e-01 -5.43644466e-02
  outer loop
   vertex 4.19868164e+01 3.43980179e+01 2.39076233e+00
   vertex 4.15625153e+01 3.13554153e+01 2.40648651e+00
   vertex 4.19318390e+01 3.43038864e+01 1.70658493e+00
  endloop
 endfacet
 facet normal 9.89795864e-01 -1.36169776e-01 -4.19761091e-02
  outer loop
   vertex 4.19318390e+01 3.43038864e+01 1.70658493e+00
   vertex 4.15625153e+01 3.13554153e+01 2.40648651e+00
   vertex 4.15270081e+01 3.13327789e+01 1.72158813e+00
  endloop
 endfacet
 facet normal 9.90375578e-01 -1.09305158e-01 -8.49034116e-02
  outer loop
   vertex 4.23021469e+01 3.71129532e+01 2.37907410e+00
   vertex 4.19868164e+01 3.43980179e+01 2.39076233e+00
   vertex 4.22323761e+01 3.69717484e+01 1.69544601e+00
  endloop
 endfacet
 facet normal 9.91981089e-01 -1.16435751e-01 -4.91556488e-02
  outer loop
   vertex 4.22323761e+01 3.69717484e+01 1.69544601e+00
   vertex 4.19868164e+01 3.43980179e+01 2.39076233e+00
   vertex 4.19318390e+01 3.43038864e+01 1.70658493e+00
  endloop
 endfacet
 facet normal 9.91841614e-01 -1.22407801e-01 3.55889611e-02
  outer loop
   vertex 4.19868164e+01 3.43980179e+01 2.39076233e+00
   vertex 4.23021469e+01 3.71129532e+01 2.37907410e+00
   vertex 4.20713730e+01 3.45862885e+01 3.07384109e+00
  endloop
 endfacet
 facet normal 9.84064996e-01 -1.04448654e-01 1.43897682e-01
  outer loop
   vertex 4.20713730e+01 3.45862885e+01 3.07384109e+00
   vertex 4.23021469e+01 3.71129532e+01 2.37907410e+00
   vertex 4.25346069e+01 3.77719040e+01 3.05667114e+00
  endloop
 endfacet
 facet normal 9.85976815e-01 -1.59769922e-01 -4.82010841e-02
  outer loop
   vertex 4.10615234e+01 2.82258835e+01 1.73883820e+00
   vertex 4.10977783e+01 2.82222824e+01 2.42370987e+00
   vertex 4.05385513e+01 2.50600891e+01 1.75822067e+00
  endloop
 endfacet
 facet normal 9.84085739e-01 -1.64203316e-01 -6.79154620e-02
  outer loop
   vertex 4.05385513e+01 2.50600891e+01 1.75822067e+00
   vertex 4.10977783e+01 2.82222824e+01 2.42370987e+00
   vertex 4.05802307e+01 2.50546951e+01 2.44289017e+00
  endloop
 endfacet
 facet normal 9.87981379e-01 -1.44994631e-01 -5.35668358e-02
  outer loop
   vertex 4.15625153e+01 3.13554153e+01 2.40648651e+00
   vertex 4.10977783e+01 2.82222824e+01 2.42370987e+00
   vertex 4.15270081e+01 3.13327789e+01 1.72158813e+00
  endloop
 endfacet
 facet normal 9.87535179e-01 -1.49817705e-01 -4.82587442e-02
  outer loop
   vertex 4.15270081e+01 3.13327789e+01 1.72158813e+00
   vertex 4.10977783e+01 2.82222824e+01 2.42370987e+00
   vertex 4.10615234e+01 2.82258835e+01 1.73883820e+00
  endloop
 endfacet
 facet normal 9.67552602e-01 -1.40036076e-01 2.10313752e-01
  outer loop
   vertex 4.16081314e+01 3.14006805e+01 3.09100723e+00
   vertex 4.11448975e+01 2.82150726e+01 3.10817719e+00
   vertex 4.15625153e+01 3.13554153e+01 2.40648651e+00
  endloop
 endfacet
 facet normal 9.86671090e-01 -1.46788314e-01 7.02381432e-02
  outer loop
   vertex 4.15625153e+01 3.13554153e+01 2.40648651e+00
   vertex 4.11448975e+01 2.82150726e+01 3.10817719e+00
   vertex 4.10977783e+01 2.82222824e+01 2.42370987e+00
  endloop
 endfacet
 facet normal 9.86106455e-01 -1.56497002e-01 5.57022132e-02
  outer loop
   vertex 4.10977783e+01 2.82222824e+01 2.42370987e+00
   vertex 4.11448975e+01 2.82150726e+01 3.10817719e+00
   vertex 4.05802307e+01 2.50546951e+01 2.44289017e+00
  endloop
 endfacet
 facet normal 9.69074786e-01 -1.59630015e-01 1.88181490e-01
  outer loop
   vertex 4.05802307e+01 2.50546951e+01 2.44289017e+00
   vertex 4.11448975e+01 2.82150726e+01 3.10817719e+00
   vertex 4.06816635e+01 2.50294647e+01 3.12534332e+00
  endloop
 endfacet
 facet normal 9.74662066e-01 -2.14386269e-01 -6.38149753e-02
  outer loop
   vertex 3.87245255e+01 1.56454010e+01 2.51166534e+00
   vertex 3.80358887e+01 1.25169983e+01 2.53718567e+00
   vertex 3.86888123e+01 1.56453171e+01 1.82677460e+00
  endloop
 endfacet
 facet normal 9.73769128e-01 -2.20723093e-01 -5.52720837e-02
  outer loop
   vertex 3.86888123e+01 1.56453171e+01 1.82677460e+00
   vertex 3.80358887e+01 1.25169983e+01 2.53718567e+00
   vertex 3.79950180e+01 1.25168610e+01 1.85248566e+00
  endloop
 endfacet
 facet normal 9.78223443e-01 -2.01634347e-01 -4.92192842e-02
  outer loop
   vertex 3.93716125e+01 1.87753067e+01 2.48768234e+00
   vertex 3.87245255e+01 1.56454010e+01 2.51166534e+00
   vertex 3.93409195e+01 1.87761841e+01 1.80260468e+00
  endloop
 endfacet
 facet normal 9.77750123e-01 -2.04980493e-01 -4.45831455e-02
  outer loop
   vertex 3.93409195e+01 1.87761841e+01 1.80260468e+00
   vertex 3.87245255e+01 1.56454010e+01 2.51166534e+00
   vertex 3.86888123e+01 1.56453171e+01 1.82677460e+00
  endloop
 endfacet
 facet normal 9.75981832e-01 -2.01089501e-01 8.38002935e-02
  outer loop
   vertex 3.87245255e+01 1.56454010e+01 2.51166534e+00
   vertex 3.93716125e+01 1.87753067e+01 2.48768234e+00
   vertex 3.87705612e+01 1.56455841e+01 3.19617081e+00
  endloop
 endfacet
 facet normal 9.54513907e-01 -1.93697348e-01 2.26681575e-01
  outer loop
   vertex 3.87705612e+01 1.56455841e+01 3.19617081e+00
   vertex 3.93716125e+01 1.87753067e+01 2.48768234e+00
   vertex 3.94075928e+01 1.87735443e+01 3.17256165e+00
  endloop
 endfacet
 facet normal 9.73703623e-01 -2.20101446e-01 5.87929115e-02
  outer loop
   vertex 3.80358887e+01 1.25169983e+01 2.53718567e+00
   vertex 3.87245255e+01 1.56454010e+01 2.51166534e+00
   vertex 3.81335220e+01 1.25176239e+01 3.21977997e+00
  endloop
 endfacet
 facet normal 9.55257297e-01 -2.05983207e-01 2.12260142e-01
  outer loop
   vertex 3.81335220e+01 1.25176239e+01 3.21977997e+00
   vertex 3.87245255e+01 1.56454010e+01 2.51166534e+00
   vertex 3.87705612e+01 1.56455841e+01 3.19617081e+00
  endloop
 endfacet
 facet normal 9.42280412e-01 -1.96489707e-01 -2.71107793e-01
  outer loop
   vertex 3.86737442e+01 1.56454010e+01 1.14111710e+00
   vertex 3.86689835e+01 1.56455841e+01 4.55081940e-01
   vertex 3.93208160e+01 1.87752991e+01 1.11713791e+00
  endloop
 endfacet
 facet normal 8.32173705e-01 -1.73706830e-01 -5.26605010e-01
  outer loop
   vertex 3.93208160e+01 1.87752991e+01 1.11713791e+00
   vertex 3.86689835e+01 1.56455841e+01 4.55081940e-01
   vertex 3.93060074e+01 1.87735443e+01 4.31472778e-01
  endloop
 endfacet
 facet normal 9.78361070e-01 -2.04961121e-01 -2.82938853e-02
  outer loop
   vertex 3.86888123e+01 1.56453171e+01 1.82677460e+00
   vertex 3.86737442e+01 1.56454010e+01 1.14111710e+00
   vertex 3.93409195e+01 1.87761841e+01 1.80260468e+00
  endloop
 endfacet
 facet normal 9.79179978e-01 -2.01555565e-01 -2.41234358e-02
  outer loop
   vertex 3.93409195e+01 1.87761841e+01 1.80260468e+00
   vertex 3.86737442e+01 1.56454010e+01 1.14111710e+00
   vertex 3.93208160e+01 1.87752991e+01 1.11713791e+00
  endloop
 endfacet
 facet normal 9.76708591e-01 -2.14411810e-01 -8.23975913e-03
  outer loop
   vertex 3.86737442e+01 1.56454010e+01 1.14111710e+00
   vertex 3.86888123e+01 1.56453171e+01 1.82677460e+00
   vertex 3.79851074e+01 1.25169983e+01 1.16664124e+00
  endloop
 endfacet
 facet normal 9.75195765e-01 -2.20766023e-01 -1.59870349e-02
  outer loop
   vertex 3.79851074e+01 1.25169983e+01 1.16664124e+00
   vertex 3.86888123e+01 1.56453171e+01 1.82677460e+00
   vertex 3.79950180e+01 1.25168610e+01 1.85248566e+00
  endloop
 endfacet
 facet normal 8.40322673e-01 -1.86168462e-01 -5.09115994e-01
  outer loop
   vertex 3.86689835e+01 1.56455841e+01 4.55081940e-01
   vertex 3.86737442e+01 1.56454010e+01 1.14111710e+00
   vertex 3.80319443e+01 1.25176239e+01 4.78691101e-01
  endloop
 endfacet
 facet normal 9.45744932e-01 -2.15806052e-01 -2.42887259e-01
  outer loop
   vertex 3.80319443e+01 1.25176239e+01 4.78691101e-01
   vertex 3.86737442e+01 1.56454010e+01 1.14111710e+00
   vertex 3.79851074e+01 1.25169983e+01 1.16664124e+00
  endloop
 endfacet
 facet normal 9.83162284e-01 -1.82665467e-01 -5.01909573e-03
  outer loop
   vertex 3.99467239e+01 2.19087067e+01 1.09394073e+00
   vertex 4.05294342e+01 2.50546951e+01 1.07234573e+00
   vertex 3.99612503e+01 2.19123230e+01 1.77961731e+00
  endloop
 endfacet
 facet normal 9.84369218e-01 -1.75544888e-01 -1.41841471e-02
  outer loop
   vertex 3.99612503e+01 2.19123230e+01 1.77961731e+00
   vertex 4.05294342e+01 2.50546951e+01 1.07234573e+00
   vertex 4.05385513e+01 2.50600891e+01 1.75822067e+00
  endloop
 endfacet
 facet normal 9.80749667e-01 -1.93331808e-01 -2.74390671e-02
  outer loop
   vertex 3.99612503e+01 2.19123230e+01 1.77961731e+00
   vertex 3.93409195e+01 1.87761841e+01 1.80260468e+00
   vertex 3.99467239e+01 2.19087067e+01 1.09394073e+00
  endloop
 endfacet
 facet normal 9.80106771e-01 -1.97116360e-01 -2.31486931e-02
  outer loop
   vertex 3.99467239e+01 2.19087067e+01 1.09394073e+00
   vertex 3.93409195e+01 1.87761841e+01 1.80260468e+00
   vertex 3.93208160e+01 1.87752991e+01 1.11713791e+00
  endloop
 endfacet
 facet normal 9.43816662e-01 -1.91069826e-01 -2.69633979e-01
  outer loop
   vertex 3.99467239e+01 2.19087067e+01 1.09394073e+00
   vertex 3.93208160e+01 1.87752991e+01 1.11713791e+00
   vertex 3.99430389e+01 2.19015045e+01 4.07863617e-01
  endloop
 endfacet
 facet normal 8.32630277e-01 -1.73032671e-01 -5.26104987e-01
  outer loop
   vertex 3.99430389e+01 2.19015045e+01 4.07863617e-01
   vertex 3.93208160e+01 1.87752991e+01 1.11713791e+00
   vertex 3.93060074e+01 1.87735443e+01 4.31472778e-01
  endloop
 endfacet
 facet normal 9.55992222e-01 -1.72225624e-01 -2.37522945e-01
  outer loop
   vertex 4.05294342e+01 2.50546951e+01 1.07234573e+00
   vertex 3.99467239e+01 2.19087067e+01 1.09394073e+00
   vertex 4.05800781e+01 2.50294647e+01 3.84254456e-01
  endloop
 endfacet
 facet normal 8.47002566e-01 -1.63465947e-01 -5.05831480e-01
  outer loop
   vertex 4.05800781e+01 2.50294647e+01 3.84254456e-01
   vertex 3.99467239e+01 2.19087067e+01 1.09394073e+00
   vertex 3.99430389e+01 2.19015045e+01 4.07863617e-01
  endloop
 endfacet
 facet normal 9.77357090e-01 -1.95686653e-01 8.04973319e-02
  outer loop
   vertex 3.99975204e+01 2.19087143e+01 2.46448517e+00
   vertex 4.00446243e+01 2.19015045e+01 3.14895248e+00
   vertex 3.93716125e+01 1.87753067e+01 2.48768234e+00
  endloop
 endfacet
 facet normal 9.55236554e-01 -1.92887217e-01 2.24315926e-01
  outer loop
   vertex 3.93716125e+01 1.87753067e+01 2.48768234e+00
   vertex 4.00446243e+01 2.19015045e+01 3.14895248e+00
   vertex 3.94075928e+01 1.87735443e+01 3.17256165e+00
  endloop
 endfacet
 facet normal 9.80070949e-01 -1.93331122e-01 -4.56513166e-02
  outer loop
   vertex 3.99612503e+01 2.19123230e+01 1.77961731e+00
   vertex 3.99975204e+01 2.19087143e+01 2.46448517e+00
   vertex 3.93409195e+01 1.87761841e+01 1.80260468e+00
  endloop
 endfacet
 facet normal 9.79083836e-01 -1.97175339e-01 -5.01675606e-02
  outer loop
   vertex 3.93409195e+01 1.87761841e+01 1.80260468e+00
   vertex 3.99975204e+01 2.19087143e+01 2.46448517e+00
   vertex 3.93716125e+01 1.87753067e+01 2.48768234e+00
  endloop
 endfacet
 facet normal 9.80906725e-01 -1.83203697e-01 -6.52560517e-02
  outer loop
   vertex 3.99975204e+01 2.19087143e+01 2.46448517e+00
   vertex 3.99612503e+01 2.19123230e+01 1.77961731e+00
   vertex 4.05802307e+01 2.50546951e+01 2.44289017e+00
  endloop
 endfacet
 facet normal 9.82769847e-01 -1.76080421e-01 -5.62064499e-02
  outer loop
   vertex 4.05802307e+01 2.50546951e+01 2.44289017e+00
   vertex 3.99612503e+01 2.19123230e+01 1.77961731e+00
   vertex 4.05385513e+01 2.50600891e+01 1.75822067e+00
  endloop
 endfacet
 facet normal 9.61516798e-01 -1.82583764e-01 2.05301374e-01
  outer loop
   vertex 4.00446243e+01 2.19015045e+01 3.14895248e+00
   vertex 3.99975204e+01 2.19087143e+01 2.46448517e+00
   vertex 4.06816635e+01 2.50294647e+01 3.12534332e+00
  endloop
 endfacet
 facet normal 9.82648373e-01 -1.77499577e-01 5.38149104e-02
  outer loop
   vertex 4.06816635e+01 2.50294647e+01 3.12534332e+00
   vertex 3.99975204e+01 2.19087143e+01 2.46448517e+00
   vertex 4.05802307e+01 2.50546951e+01 2.44289017e+00
  endloop
 endfacet
 facet normal 6.71271801e-01 -1.60209328e-01 7.23689973e-01
  outer loop
   vertex 3.41789169e+01 1.28985901e+01 6.94713593e+00
   vertex 3.49325562e+01 1.59480896e+01 6.91920471e+00
   vertex 3.10174103e+01 1.64249496e+01 1.06613541e+01
  endloop
 endfacet
 facet normal 6.73330307e-01 -1.58909664e-01 7.22062349e-01
  outer loop
   vertex 3.10174103e+01 1.64249496e+01 1.06613541e+01
   vertex 3.49325562e+01 1.59480896e+01 6.91920471e+00
   vertex 3.17664032e+01 1.93945541e+01 1.06335983e+01
  endloop
 endfacet
 facet normal 7.74114251e-01 -1.81324109e-01 6.06521785e-01
  outer loop
   vertex 3.49325562e+01 1.59480896e+01 6.91920471e+00
   vertex 3.41789169e+01 1.28985901e+01 6.94713593e+00
   vertex 3.81335220e+01 1.25176239e+01 3.21977997e+00
  endloop
 endfacet
 facet normal 8.50845397e-01 -2.05489591e-01 4.83566046e-01
  outer loop
   vertex 3.81335220e+01 1.25176239e+01 3.21977997e+00
   vertex 3.41789169e+01 1.28985901e+01 6.94713593e+00
   vertex 3.73313599e+01 9.38822174e+00 3.24950790e+00
  endloop
 endfacet
 facet normal 6.37484848e-01 -1.69331953e-01 7.51624763e-01
  outer loop
   vertex 2.56546860e+01 1.87083130e+01 1.61021729e+01
   vertex 2.57109680e+01 1.94872131e+01 1.62329865e+01
   vertex 2.38582840e+01 2.07668533e+01 1.82224045e+01
  endloop
 endfacet
 facet normal 6.74793720e-01 -2.07254380e-01 7.08307207e-01
  outer loop
   vertex 2.59441452e+01 1.83766251e+01 1.57605400e+01
   vertex 2.70723114e+01 1.70838318e+01 1.44290047e+01
   vertex 2.64691315e+01 1.86235199e+01 1.53393478e+01
  endloop
 endfacet
 facet normal 6.71467543e-01 -1.72993153e-01 7.20558643e-01
  outer loop
   vertex 2.70723114e+01 1.70838318e+01 1.44290047e+01
   vertex 2.78377838e+01 1.99832840e+01 1.44087639e+01
   vertex 2.64691315e+01 1.86235199e+01 1.53393478e+01
  endloop
 endfacet
 facet normal 6.63968801e-01 -1.72425047e-01 7.27609098e-01
  outer loop
   vertex 2.46206589e+01 2.35894852e+01 1.82063446e+01
   vertex 2.38582840e+01 2.07668533e+01 1.82224045e+01
   vertex 2.78377838e+01 1.99832840e+01 1.44087639e+01
  endloop
 endfacet
 facet normal 6.61702871e-01 -1.66352749e-01 7.31078744e-01
  outer loop
   vertex 2.38582840e+01 2.07668533e+01 1.82224045e+01
   vertex 2.57109680e+01 1.94872131e+01 1.62329865e+01
   vertex 2.78377838e+01 1.99832840e+01 1.44087639e+01
  endloop
 endfacet
 facet normal 7.69822896e-01 2.56921239e-02 6.37740254e-01
  outer loop
   vertex 2.57109680e+01 1.94872131e+01 1.62329865e+01
   vertex 2.61430130e+01 1.89950333e+01 1.57237396e+01
   vertex 2.78377838e+01 1.99832840e+01 1.44087639e+01
  endloop
 endfacet
 facet normal 7.78957844e-01 1.72321349e-02 6.26839519e-01
  outer loop
   vertex 2.61430130e+01 1.89950333e+01 1.57237396e+01
   vertex 2.64691315e+01 1.86235199e+01 1.53393478e+01
   vertex 2.78377838e+01 1.99832840e+01 1.44087639e+01
  endloop
 endfacet
 facet normal 6.66329503e-01 -1.68278247e-01 7.26420939e-01
  outer loop
   vertex 2.78377838e+01 1.99832840e+01 1.44087639e+01
   vertex 2.70723114e+01 1.70838318e+01 1.44290047e+01
   vertex 3.10174103e+01 1.64249496e+01 1.06613541e+01
  endloop
 endfacet
 facet normal 6.65635884e-01 -1.68147966e-01 7.27086723e-01
  outer loop
   vertex 3.10174103e+01 1.64249496e+01 1.06613541e+01
   vertex 2.70723114e+01 1.70838318e+01 1.44290047e+01
   vertex 3.02432022e+01 1.34518585e+01 1.06880188e+01
  endloop
 endfacet
 facet normal 6.71422064e-01 -1.63841590e-01 7.22736657e-01
  outer loop
   vertex 2.85873184e+01 2.28723145e+01 1.43809853e+01
   vertex 2.78377838e+01 1.99832840e+01 1.44087639e+01
   vertex 3.17664032e+01 1.93945541e+01 1.06335983e+01
  endloop
 endfacet
 facet normal 6.70232832e-01 -1.64043948e-01 7.23793864e-01
  outer loop
   vertex 3.17664032e+01 1.93945541e+01 1.06335983e+01
   vertex 2.78377838e+01 1.99832840e+01 1.44087639e+01
   vertex 3.10174103e+01 1.64249496e+01 1.06613541e+01
  endloop
 endfacet
 facet normal 6.67965531e-01 -1.68554217e-01 7.24852741e-01
  outer loop
   vertex 2.78377838e+01 1.99832840e+01 1.44087639e+01
   vertex 2.85873184e+01 2.28723145e+01 1.43809853e+01
   vertex 2.46206589e+01 2.35894852e+01 1.82063446e+01
  endloop
 endfacet
 facet normal 6.68722332e-01 -1.68761119e-01 7.24106431e-01
  outer loop
   vertex 2.46206589e+01 2.35894852e+01 1.82063446e+01
   vertex 2.85873184e+01 2.28723145e+01 1.43809853e+01
   vertex 2.53733597e+01 2.63968811e+01 1.81784592e+01
  endloop
 endfacet
 facet normal 4.43673253e-01 -4.15175468e-01 7.94218719e-01
  outer loop
   vertex 2.63056946e+01 1.41661148e+01 1.44330292e+01
   vertex 2.55385056e+01 1.12392502e+01 1.44289398e+01
   vertex 2.94580002e+01 1.04736328e+01 1.07110138e+01
  endloop
 endfacet
 facet normal 1.41647160e-01 -6.32751644e-01 7.61289299e-01
  outer loop
   vertex 2.94580002e+01 1.04736328e+01 1.07110138e+01
   vertex 2.55385056e+01 1.12392502e+01 1.44289398e+01
   vertex 2.86672974e+01 7.49283600e+00 1.07321892e+01
  endloop
 endfacet
 facet normal 6.62712336e-01 -1.71018139e-01 7.29085147e-01
  outer loop
   vertex 2.70723114e+01 1.70838318e+01 1.44290047e+01
   vertex 2.63056946e+01 1.41661148e+01 1.44330292e+01
   vertex 3.02432022e+01 1.34518585e+01 1.06880188e+01
  endloop
 endfacet
 facet normal 6.62498355e-01 -1.70416206e-01 7.29420483e-01
  outer loop
   vertex 3.02432022e+01 1.34518585e+01 1.06880188e+01
   vertex 2.63056946e+01 1.41661148e+01 1.44330292e+01
   vertex 2.94580002e+01 1.04736328e+01 1.07110138e+01
  endloop
 endfacet
 facet normal 6.60191238e-01 -1.73957735e-01 7.30675161e-01
  outer loop
   vertex 2.63056946e+01 1.41661148e+01 1.44330292e+01
   vertex 2.70723114e+01 1.70838318e+01 1.44290047e+01
   vertex 2.31036453e+01 1.79170685e+01 1.82137909e+01
  endloop
 endfacet
 facet normal 6.37453079e-01 -1.76725209e-01 7.49947846e-01
  outer loop
   vertex 2.38582840e+01 2.07668533e+01 1.82224045e+01
   vertex 2.31036453e+01 1.79170685e+01 1.82137909e+01
   vertex 2.56546860e+01 1.87083130e+01 1.61021729e+01
  endloop
 endfacet
 facet normal 6.33520007e-01 -1.82680890e-01 7.51851082e-01
  outer loop
   vertex 2.56546860e+01 1.87083130e+01 1.61021729e+01
   vertex 2.31036453e+01 1.79170685e+01 1.82137909e+01
   vertex 2.56017456e+01 1.82016068e+01 1.60272903e+01
  endloop
 endfacet
 facet normal 6.56468570e-01 -1.80732623e-01 7.32382894e-01
  outer loop
   vertex 2.31036453e+01 1.79170685e+01 1.82137909e+01
   vertex 2.70723114e+01 1.70838318e+01 1.44290047e+01
   vertex 2.56017456e+01 1.82016068e+01 1.60272903e+01
  endloop
 endfacet
 facet normal 6.63013220e-01 -2.12194070e-01 7.17904687e-01
  outer loop
   vertex 2.70723114e+01 1.70838318e+01 1.44290047e+01
   vertex 2.59441452e+01 1.83766251e+01 1.57605400e+01
   vertex 2.56017456e+01 1.82016068e+01 1.60272903e+01
  endloop
 endfacet
 facet normal 4.39043611e-01 -4.19621825e-01 7.94454694e-01
  outer loop
   vertex 2.31036453e+01 1.79170685e+01 1.82137909e+01
   vertex 2.24097137e+01 1.49856644e+01 1.81256790e+01
   vertex 2.63056946e+01 1.41661148e+01 1.44330292e+01
  endloop
 endfacet
 facet normal 1.33182511e-01 -6.37935758e-01 7.58485556e-01
  outer loop
   vertex 2.63056946e+01 1.41661148e+01 1.44330292e+01
   vertex 2.24097137e+01 1.49856644e+01 1.81256790e+01
   vertex 2.55385056e+01 1.12392502e+01 1.44289398e+01
  endloop
 endfacet
 facet normal 7.58797526e-01 -1.90242827e-01 6.22923732e-01
  outer loop
   vertex 3.33917847e+01 9.84824371e+00 6.97630310e+00
   vertex 3.25960846e+01 6.79744720e+00 7.00579834e+00
   vertex 3.65291977e+01 6.25881958e+00 3.27923584e+00
  endloop
 endfacet
 facet normal 8.37178826e-01 -2.10681468e-01 5.04722595e-01
  outer loop
   vertex 3.65291977e+01 6.25881958e+00 3.27923584e+00
   vertex 3.25960846e+01 6.79744720e+00 7.00579834e+00
   vertex 3.57270432e+01 3.12940979e+00 3.30896378e+00
  endloop
 endfacet
 facet normal 6.64395928e-01 -1.67584226e-01 7.28349924e-01
  outer loop
   vertex 3.25960846e+01 6.79744720e+00 7.00579834e+00
   vertex 3.33917847e+01 9.84824371e+00 6.97630310e+00
   vertex 2.94580002e+01 1.04736328e+01 1.07110138e+01
  endloop
 endfacet
 facet normal 6.64567828e-01 -1.68047830e-01 7.28086233e-01
  outer loop
   vertex 2.94580002e+01 1.04736328e+01 1.07110138e+01
   vertex 3.33917847e+01 9.84824371e+00 6.97630310e+00
   vertex 3.02432022e+01 1.34518585e+01 1.06880188e+01
  endloop
 endfacet
 facet normal 4.48620856e-01 -4.10173923e-01 7.94038236e-01
  outer loop
   vertex 2.94580002e+01 1.04736328e+01 1.07110138e+01
   vertex 2.86672974e+01 7.49283600e+00 1.07321892e+01
   vertex 3.25960846e+01 6.79744720e+00 7.00579834e+00
  endloop
 endfacet
 facet normal 1.52498439e-01 -6.25283062e-01 7.65353084e-01
  outer loop
   vertex 3.25960846e+01 6.79744720e+00 7.00579834e+00
   vertex 2.86672974e+01 7.49283600e+00 1.07321892e+01
   vertex 3.17960815e+01 3.74641418e+00 7.03544235e+00
  endloop
 endfacet
 facet normal 5.65477788e-01 -4.46298927e-01 6.93579257e-01
  outer loop
   vertex 3.25960846e+01 6.79744720e+00 7.00579834e+00
   vertex 3.17960815e+01 3.74641418e+00 7.03544235e+00
   vertex 3.57270432e+01 3.12940979e+00 3.30896378e+00
  endloop
 endfacet
 facet normal 4.03782785e-01 -7.33176172e-01 5.47185719e-01
  outer loop
   vertex 3.57270432e+01 3.12940979e+00 3.30896378e+00
   vertex 3.17960815e+01 3.74641418e+00 7.03544235e+00
   vertex 3.49248734e+01 0.00000000e+00 3.33869553e+00
  endloop
 endfacet
 facet normal 7.28808701e-01 -9.18073580e-02 6.78534687e-01
  outer loop
   vertex 3.89634247e+01 3.72682037e+01 6.76937866e+00
   vertex 3.93105164e+01 3.99407654e+01 6.75585175e+00
   vertex 3.58563766e+01 4.00102310e+01 1.04797897e+01
  endloop
 endfacet
 facet normal 7.32276559e-01 -8.83686021e-02 6.75249577e-01
  outer loop
   vertex 3.58563766e+01 4.00102310e+01 1.04797897e+01
   vertex 3.93105164e+01 3.99407654e+01 6.75585175e+00
   vertex 3.62131271e+01 4.25696106e+01 1.04632111e+01
  endloop
 endfacet
 facet normal 7.20597386e-01 -1.05756775e-01 6.85240746e-01
  outer loop
   vertex 3.85187225e+01 3.42911301e+01 6.78618622e+00
   vertex 3.89634247e+01 3.72682037e+01 6.76937866e+00
   vertex 3.54204178e+01 3.72062378e+01 1.04976196e+01
  endloop
 endfacet
 facet normal 7.22203076e-01 -1.04390390e-01 6.83758259e-01
  outer loop
   vertex 3.54204178e+01 3.72062378e+01 1.04976196e+01
   vertex 3.89634247e+01 3.72682037e+01 6.76937866e+00
   vertex 3.58563766e+01 4.00102310e+01 1.04797897e+01
  endloop
 endfacet
 facet normal 8.79844308e-01 -1.24500543e-01 4.58665073e-01
  outer loop
   vertex 4.16081314e+01 3.14006805e+01 3.09100723e+00
   vertex 4.20713730e+01 3.45862885e+01 3.07384109e+00
   vertex 3.85187225e+01 3.42911301e+01 6.78618622e+00
  endloop
 endfacet
 facet normal 8.10262024e-01 -1.13044798e-01 5.75061977e-01
  outer loop
   vertex 3.85187225e+01 3.42911301e+01 6.78618622e+00
   vertex 4.20713730e+01 3.45862885e+01 3.07384109e+00
   vertex 3.89634247e+01 3.72682037e+01 6.76937866e+00
  endloop
 endfacet
 facet normal 8.32292140e-01 -8.50746557e-02 5.47770143e-01
  outer loop
   vertex 3.93105164e+01 3.99407654e+01 6.75585175e+00
   vertex 3.89634247e+01 3.72682037e+01 6.76937866e+00
   vertex 4.25346069e+01 3.77719040e+01 3.05667114e+00
  endloop
 endfacet
 facet normal 8.98460686e-01 -1.02887437e-01 4.26828444e-01
  outer loop
   vertex 4.25346069e+01 3.77719040e+01 3.05667114e+00
   vertex 3.89634247e+01 3.72682037e+01 6.76937866e+00
   vertex 4.20713730e+01 3.45862885e+01 3.07384109e+00
  endloop
 endfacet
 facet normal 7.16888607e-01 -1.16734304e-01 6.87345505e-01
  outer loop
   vertex 3.23043213e+01 4.01706314e+01 1.42415504e+01
   vertex 3.27511139e+01 4.28724518e+01 1.42199593e+01
   vertex 2.91514359e+01 4.31863327e+01 1.80346146e+01
  endloop
 endfacet
 facet normal 7.18121231e-01 -1.15953162e-01 6.86190069e-01
  outer loop
   vertex 2.91514359e+01 4.31863327e+01 1.80346146e+01
   vertex 3.27511139e+01 4.28724518e+01 1.42199593e+01
   vertex 2.96189651e+01 4.58208389e+01 1.80058441e+01
  endloop
 endfacet
 facet normal 7.19399452e-01 -1.10675983e-01 6.85722411e-01
  outer loop
   vertex 3.54204178e+01 3.72062378e+01 1.04976196e+01
   vertex 3.58563766e+01 4.00102310e+01 1.04797897e+01
   vertex 3.23043213e+01 4.01706314e+01 1.42415504e+01
  endloop
 endfacet
 facet normal 7.20942616e-01 -1.09681800e-01 6.84259951e-01
  outer loop
   vertex 3.23043213e+01 4.01706314e+01 1.42415504e+01
   vertex 3.58563766e+01 4.00102310e+01 1.04797897e+01
   vertex 3.27511139e+01 4.28724518e+01 1.42199593e+01
  endloop
 endfacet
 facet normal 7.27254808e-01 -9.99631658e-02 6.79049194e-01
  outer loop
   vertex 3.58563766e+01 4.00102310e+01 1.04797897e+01
   vertex 3.62131271e+01 4.25696106e+01 1.04632111e+01
   vertex 3.27511139e+01 4.28724518e+01 1.42199593e+01
  endloop
 endfacet
 facet normal 7.29131639e-01 -9.87945795e-02 6.77205086e-01
  outer loop
   vertex 3.27511139e+01 4.28724518e+01 1.42199593e+01
   vertex 3.62131271e+01 4.25696106e+01 1.04632111e+01
   vertex 3.31324387e+01 4.53653488e+01 1.41957397e+01
  endloop
 endfacet
 facet normal 7.24061668e-01 -1.07733518e-01 6.81269526e-01
  outer loop
   vertex 3.27511139e+01 4.28724518e+01 1.42199593e+01
   vertex 3.31324387e+01 4.53653488e+01 1.41957397e+01
   vertex 2.96189651e+01 4.58208389e+01 1.80058441e+01
  endloop
 endfacet
 facet normal 7.25190163e-01 -1.07012443e-01 6.80181980e-01
  outer loop
   vertex 2.96189651e+01 4.58208389e+01 1.80058441e+01
   vertex 3.31324387e+01 4.53653488e+01 1.41957397e+01
   vertex 3.00324707e+01 4.82701950e+01 1.79676285e+01
  endloop
 endfacet
 facet normal 7.04930902e-01 -1.28054336e-01 6.97620630e-01
  outer loop
   vertex 3.43828735e+01 3.12819672e+01 1.05366287e+01
   vertex 3.49282990e+01 3.42733383e+01 1.05164146e+01
   vertex 3.12404709e+01 3.44294662e+01 1.42826576e+01
  endloop
 endfacet
 facet normal 7.06769168e-01 -1.27047315e-01 6.95942760e-01
  outer loop
   vertex 3.12404709e+01 3.44294662e+01 1.42826576e+01
   vertex 3.49282990e+01 3.42733383e+01 1.05164146e+01
   vertex 3.17985840e+01 3.73321991e+01 1.42619743e+01
  endloop
 endfacet
 facet normal 7.12497950e-01 -1.19271383e-01 6.91462934e-01
  outer loop
   vertex 3.49282990e+01 3.42733383e+01 1.05164146e+01
   vertex 3.54204178e+01 3.72062378e+01 1.04976196e+01
   vertex 3.17985840e+01 3.73321991e+01 1.42619743e+01
  endloop
 endfacet
 facet normal 7.13983715e-01 -1.18573010e-01 6.90049052e-01
  outer loop
   vertex 3.17985840e+01 3.73321991e+01 1.42619743e+01
   vertex 3.54204178e+01 3.72062378e+01 1.04976196e+01
   vertex 3.23043213e+01 4.01706314e+01 1.42415504e+01
  endloop
 endfacet
 facet normal 7.09832072e-01 -1.25331908e-01 6.93130851e-01
  outer loop
   vertex 3.17985840e+01 3.73321991e+01 1.42619743e+01
   vertex 3.23043213e+01 4.01706314e+01 1.42415504e+01
   vertex 2.86323242e+01 4.04303513e+01 1.80576706e+01
  endloop
 endfacet
 facet normal 7.11191952e-01 -1.24487080e-01 6.91887975e-01
  outer loop
   vertex 2.86323242e+01 4.04303513e+01 1.80576706e+01
   vertex 3.23043213e+01 4.01706314e+01 1.42415504e+01
   vertex 2.91514359e+01 4.31863327e+01 1.80346146e+01
  endloop
 endfacet
 facet normal 7.02267289e-01 -1.34229347e-01 6.99144602e-01
  outer loop
   vertex 3.12404709e+01 3.44294662e+01 1.42826576e+01
   vertex 3.17985840e+01 3.73321991e+01 1.42619743e+01
   vertex 2.80641022e+01 3.76165390e+01 1.80787354e+01
  endloop
 endfacet
 facet normal 7.03847051e-01 -1.33212775e-01 6.97749019e-01
  outer loop
   vertex 2.80641022e+01 3.76165390e+01 1.80787354e+01
   vertex 3.17985840e+01 3.73321991e+01 1.42619743e+01
   vertex 2.86323242e+01 4.04303513e+01 1.80576706e+01
  endloop
 endfacet
 facet normal 8.03086162e-01 -1.19575888e-01 5.83741605e-01
  outer loop
   vertex 3.85187225e+01 3.42911301e+01 6.78618622e+00
   vertex 3.80408936e+01 3.12382584e+01 6.80400848e+00
   vertex 4.16081314e+01 3.14006805e+01 3.09100723e+00
  endloop
 endfacet
 facet normal 8.76355767e-01 -1.30646706e-01 4.63607609e-01
  outer loop
   vertex 4.16081314e+01 3.14006805e+01 3.09100723e+00
   vertex 3.80408936e+01 3.12382584e+01 6.80400848e+00
   vertex 4.11448975e+01 2.82150726e+01 3.10817719e+00
  endloop
 endfacet
 facet normal 7.14977086e-01 -1.13010861e-01 6.89953864e-01
  outer loop
   vertex 3.80408936e+01 3.12382584e+01 6.80400848e+00
   vertex 3.85187225e+01 3.42911301e+01 6.78618622e+00
   vertex 3.49282990e+01 3.42733383e+01 1.05164146e+01
  endloop
 endfacet
 facet normal 7.16306746e-01 -1.12740532e-01 6.88617587e-01
  outer loop
   vertex 3.49282990e+01 3.42733383e+01 1.05164146e+01
   vertex 3.85187225e+01 3.42911301e+01 6.78618622e+00
   vertex 3.54204178e+01 3.72062378e+01 1.04976196e+01
  endloop
 endfacet
 facet normal 7.07083821e-01 -1.21443048e-01 6.96623325e-01
  outer loop
   vertex 3.75135040e+01 2.81572342e+01 6.82355118e+00
   vertex 3.80408936e+01 3.12382584e+01 6.80400848e+00
   vertex 3.43828735e+01 3.12819672e+01 1.05366287e+01
  endloop
 endfacet
 facet normal 7.09337354e-01 -1.20549954e-01 6.94484174e-01
  outer loop
   vertex 3.43828735e+01 3.12819672e+01 1.05366287e+01
   vertex 3.80408936e+01 3.12382584e+01 6.80400848e+00
   vertex 3.49282990e+01 3.42733383e+01 1.05164146e+01
  endloop
 endfacet
 facet normal 8.76467466e-01 -1.44080549e-01 4.59396988e-01
  outer loop
   vertex 4.06816635e+01 2.50294647e+01 3.12534332e+00
   vertex 4.11448975e+01 2.82150726e+01 3.10817719e+00
   vertex 3.75135040e+01 2.81572342e+01 6.82355118e+00
  endloop
 endfacet
 facet normal 8.00352633e-01 -1.27276510e-01 5.85863709e-01
  outer loop
   vertex 3.75135040e+01 2.81572342e+01 6.82355118e+00
   vertex 4.11448975e+01 2.82150726e+01 3.10817719e+00
   vertex 3.80408936e+01 3.12382584e+01 6.80400848e+00
  endloop
 endfacet
 facet normal 7.78941214e-01 -1.60281077e-01 6.06267691e-01
  outer loop
   vertex 3.62838593e+01 2.20449600e+01 6.86912537e+00
   vertex 3.56277847e+01 1.89963150e+01 6.89344025e+00
   vertex 3.94075928e+01 1.87735443e+01 3.17256165e+00
  endloop
 endfacet
 facet normal 8.55684400e-01 -1.75614655e-01 4.86789167e-01
  outer loop
   vertex 3.94075928e+01 1.87735443e+01 3.17256165e+00
   vertex 3.56277847e+01 1.89963150e+01 6.89344025e+00
   vertex 3.87705612e+01 1.56455841e+01 3.19617081e+00
  endloop
 endfacet
 facet normal 6.85846150e-01 -1.46470144e-01 7.12854564e-01
  outer loop
   vertex 3.56277847e+01 1.89963150e+01 6.89344025e+00
   vertex 3.62838593e+01 2.20449600e+01 6.86912537e+00
   vertex 3.24759674e+01 2.23623047e+01 1.06072998e+01
  endloop
 endfacet
 facet normal 6.86946988e-01 -1.46612704e-01 7.11764395e-01
  outer loop
   vertex 3.24759674e+01 2.23623047e+01 1.06072998e+01
   vertex 3.62838593e+01 2.20449600e+01 6.86912537e+00
   vertex 3.31486511e+01 2.53307800e+01 1.05823708e+01
  endloop
 endfacet
 facet normal 6.78717196e-01 -1.52649999e-01 7.18359888e-01
  outer loop
   vertex 3.49325562e+01 1.59480896e+01 6.91920471e+00
   vertex 3.56277847e+01 1.89963150e+01 6.89344025e+00
   vertex 3.17664032e+01 1.93945541e+01 1.06335983e+01
  endloop
 endfacet
 facet normal 6.80506289e-01 -1.52400151e-01 7.16718495e-01
  outer loop
   vertex 3.17664032e+01 1.93945541e+01 1.06335983e+01
   vertex 3.56277847e+01 1.89963150e+01 6.89344025e+00
   vertex 3.24759674e+01 2.23623047e+01 1.06072998e+01
  endloop
 endfacet
 facet normal 7.75082529e-01 -1.65119201e-01 6.09903872e-01
  outer loop
   vertex 3.56277847e+01 1.89963150e+01 6.89344025e+00
   vertex 3.49325562e+01 1.59480896e+01 6.91920471e+00
   vertex 3.87705612e+01 1.56455841e+01 3.19617081e+00
  endloop
 endfacet
 facet normal 8.56857300e-01 -1.88892588e-01 4.79703218e-01
  outer loop
   vertex 3.87705612e+01 1.56455841e+01 3.19617081e+00
   vertex 3.49325562e+01 1.59480896e+01 6.91920471e+00
   vertex 3.81335220e+01 1.25176239e+01 3.21977997e+00
  endloop
 endfacet
 facet normal 6.98135495e-01 -1.32263437e-01 7.03642786e-01
  outer loop
   vertex 3.69201355e+01 2.50957031e+01 6.84554672e+00
   vertex 3.75135040e+01 2.81572342e+01 6.82355118e+00
   vertex 3.37869720e+01 2.83025589e+01 1.05587120e+01
  endloop
 endfacet
 facet normal 7.00770497e-01 -1.30152598e-01 7.01413572e-01
  outer loop
   vertex 3.37869720e+01 2.83025589e+01 1.05587120e+01
   vertex 3.75135040e+01 2.81572342e+01 6.82355118e+00
   vertex 3.43828735e+01 3.12819672e+01 1.05366287e+01
  endloop
 endfacet
 facet normal 6.91372693e-01 -1.40978873e-01 7.08610475e-01
  outer loop
   vertex 3.62838593e+01 2.20449600e+01 6.86912537e+00
   vertex 3.69201355e+01 2.50957031e+01 6.84554672e+00
   vertex 3.31486511e+01 2.53307800e+01 1.05823708e+01
  endloop
 endfacet
 facet normal 6.92773044e-01 -1.40201345e-01 7.07396030e-01
  outer loop
   vertex 3.31486511e+01 2.53307800e+01 1.05823708e+01
   vertex 3.69201355e+01 2.50957031e+01 6.84554672e+00
   vertex 3.37869720e+01 2.83025589e+01 1.05587120e+01
  endloop
 endfacet
 facet normal 7.83941805e-01 -1.56658158e-01 6.00744069e-01
  outer loop
   vertex 3.69201355e+01 2.50957031e+01 6.84554672e+00
   vertex 3.62838593e+01 2.20449600e+01 6.86912537e+00
   vertex 4.00446243e+01 2.19015045e+01 3.14895248e+00
  endloop
 endfacet
 facet normal 8.58445883e-01 -1.73213825e-01 4.82770801e-01
  outer loop
   vertex 4.00446243e+01 2.19015045e+01 3.14895248e+00
   vertex 3.62838593e+01 2.20449600e+01 6.86912537e+00
   vertex 3.94075928e+01 1.87735443e+01 3.17256165e+00
  endloop
 endfacet
 facet normal 7.96172917e-01 -1.43116191e-01 5.87900043e-01
  outer loop
   vertex 3.75135040e+01 2.81572342e+01 6.82355118e+00
   vertex 3.69201355e+01 2.50957031e+01 6.84554672e+00
   vertex 4.06816635e+01 2.50294647e+01 3.12534332e+00
  endloop
 endfacet
 facet normal 8.68205070e-01 -1.63857341e-01 4.68370259e-01
  outer loop
   vertex 4.06816635e+01 2.50294647e+01 3.12534332e+00
   vertex 3.69201355e+01 2.50957031e+01 6.84554672e+00
   vertex 4.00446243e+01 2.19015045e+01 3.14895248e+00
  endloop
 endfacet
 facet normal 6.86818719e-01 -1.51253656e-01 7.10916579e-01
  outer loop
   vertex 2.99904709e+01 2.86454239e+01 1.43289833e+01
   vertex 3.06365051e+01 3.15347595e+01 1.43050423e+01
   vertex 2.67925110e+01 3.20041504e+01 1.81258621e+01
  endloop
 endfacet
 facet normal 6.88159168e-01 -1.50726169e-01 7.09731340e-01
  outer loop
   vertex 2.67925110e+01 3.20041504e+01 1.81258621e+01
   vertex 3.06365051e+01 3.15347595e+01 1.43050423e+01
   vertex 2.74492035e+01 3.48085709e+01 1.81015167e+01
  endloop
 endfacet
 facet normal 6.89607680e-01 -1.45640537e-01 7.09387124e-01
  outer loop
   vertex 3.31486511e+01 2.53307800e+01 1.05823708e+01
   vertex 3.37869720e+01 2.83025589e+01 1.05587120e+01
   vertex 2.99904709e+01 2.86454239e+01 1.43289833e+01
  endloop
 endfacet
 facet normal 6.91118598e-01 -1.44914687e-01 7.08064139e-01
  outer loop
   vertex 2.99904709e+01 2.86454239e+01 1.43289833e+01
   vertex 3.37869720e+01 2.83025589e+01 1.05587120e+01
   vertex 3.06365051e+01 3.15347595e+01 1.43050423e+01
  endloop
 endfacet
 facet normal 6.96932435e-01 -1.37367353e-01 7.03857541e-01
  outer loop
   vertex 3.37869720e+01 2.83025589e+01 1.05587120e+01
   vertex 3.43828735e+01 3.12819672e+01 1.05366287e+01
   vertex 3.06365051e+01 3.15347595e+01 1.43050423e+01
  endloop
 endfacet
 facet normal 6.98836982e-01 -1.36161759e-01 7.02201426e-01
  outer loop
   vertex 3.06365051e+01 3.15347595e+01 1.43050423e+01
   vertex 3.43828735e+01 3.12819672e+01 1.05366287e+01
   vertex 3.12404709e+01 3.44294662e+01 1.42826576e+01
  endloop
 endfacet
 facet normal 6.94370210e-01 -1.43182978e-01 7.05229521e-01
  outer loop
   vertex 3.06365051e+01 3.15347595e+01 1.43050423e+01
   vertex 3.12404709e+01 3.44294662e+01 1.42826576e+01
   vertex 2.74492035e+01 3.48085709e+01 1.81015167e+01
  endloop
 endfacet
 facet normal 6.95960104e-01 -1.42257169e-01 7.03848302e-01
  outer loop
   vertex 2.74492035e+01 3.48085709e+01 1.81015167e+01
   vertex 3.12404709e+01 3.44294662e+01 1.42826576e+01
   vertex 2.80641022e+01 3.76165390e+01 1.80787354e+01
  endloop
 endfacet
 facet normal 6.76313221e-01 -1.58458531e-01 7.19368696e-01
  outer loop
   vertex 3.17664032e+01 1.93945541e+01 1.06335983e+01
   vertex 3.24759674e+01 2.23623047e+01 1.06072998e+01
   vertex 2.85873184e+01 2.28723145e+01 1.43809853e+01
  endloop
 endfacet
 facet normal 6.77635431e-01 -1.58281460e-01 7.18162417e-01
  outer loop
   vertex 2.85873184e+01 2.28723145e+01 1.43809853e+01
   vertex 3.24759674e+01 2.23623047e+01 1.06072998e+01
   vertex 2.93061371e+01 2.57588196e+01 1.43543472e+01
  endloop
 endfacet
 facet normal 6.82927072e-01 -1.52365133e-01 7.14419663e-01
  outer loop
   vertex 3.24759674e+01 2.23623047e+01 1.06072998e+01
   vertex 3.31486511e+01 2.53307800e+01 1.05823708e+01
   vertex 2.93061371e+01 2.57588196e+01 1.43543472e+01
  endloop
 endfacet
 facet normal 6.84186161e-01 -1.52170226e-01 7.13255584e-01
  outer loop
   vertex 2.93061371e+01 2.57588196e+01 1.43543472e+01
   vertex 3.31486511e+01 2.53307800e+01 1.05823708e+01
   vertex 2.99904709e+01 2.86454239e+01 1.43289833e+01
  endloop
 endfacet
 facet normal 6.79859042e-01 -1.58112839e-01 7.16094971e-01
  outer loop
   vertex 2.93061371e+01 2.57588196e+01 1.43543472e+01
   vertex 2.99904709e+01 2.86454239e+01 1.43289833e+01
   vertex 2.60989304e+01 2.92010269e+01 1.81515579e+01
  endloop
 endfacet
 facet normal 6.80976629e-01 -1.57921210e-01 7.15074658e-01
  outer loop
   vertex 2.60989304e+01 2.92010269e+01 1.81515579e+01
   vertex 2.99904709e+01 2.86454239e+01 1.43289833e+01
   vertex 2.67925110e+01 3.20041504e+01 1.81258621e+01
  endloop
 endfacet
 facet normal 6.73505306e-01 -1.63872480e-01 7.20788717e-01
  outer loop
   vertex 2.85873184e+01 2.28723145e+01 1.43809853e+01
   vertex 2.93061371e+01 2.57588196e+01 1.43543472e+01
   vertex 2.53733597e+01 2.63968811e+01 1.81784592e+01
  endloop
 endfacet
 facet normal 6.74467385e-01 -1.63898185e-01 7.19882727e-01
  outer loop
   vertex 2.53733597e+01 2.63968811e+01 1.81784592e+01
   vertex 2.93061371e+01 2.57588196e+01 1.43543472e+01
   vertex 2.60989304e+01 2.92010269e+01 1.81515579e+01
  endloop
 endfacet
 facet normal -8.04138958e-01 -1.00079663e-01 -5.85956156e-01
  outer loop
   vertex 1.79950638e+01 2.10900040e+01 1.95343323e+01
   vertex 1.46578903e+01 2.51859589e+01 2.33967514e+01
   vertex 1.85264587e+01 2.34621887e+01 1.95615234e+01
  endloop
 endfacet
 facet normal -7.39610136e-01 3.67562026e-02 -6.72031164e-01
  outer loop
   vertex 1.85264587e+01 2.34621887e+01 1.95615234e+01
   vertex 1.46578903e+01 2.51859589e+01 2.33967514e+01
   vertex 1.52669220e+01 2.74115601e+01 2.33677597e+01
  endloop
 endfacet
 facet normal -6.61546052e-01 1.61248192e-01 -7.32363224e-01
  outer loop
   vertex 1.85264587e+01 2.34621887e+01 1.95615234e+01
   vertex 1.52669220e+01 2.74115601e+01 2.33677597e+01
   vertex 1.90748520e+01 2.58457108e+01 1.95748978e+01
  endloop
 endfacet
 facet normal -6.60628438e-01 1.66002601e-01 -7.32129216e-01
  outer loop
   vertex 1.90748520e+01 2.58457108e+01 1.95748978e+01
   vertex 1.52669220e+01 2.74115601e+01 2.33677597e+01
   vertex 1.58829956e+01 2.96554337e+01 2.33364105e+01
  endloop
 endfacet
 facet normal -8.71720910e-01 4.66185868e-01 -1.50908455e-01
  outer loop
   vertex 2.16783905e+01 2.22913361e+01 1.64321671e+01
   vertex 2.07778778e+01 2.07303391e+01 1.69492874e+01
   vertex 1.85264587e+01 2.34621887e+01 1.95615234e+01
  endloop
 endfacet
 facet normal -8.72723222e-01 4.65267301e-01 -1.47920534e-01
  outer loop
   vertex 2.18322144e+01 2.25497513e+01 1.63474808e+01
   vertex 2.16783905e+01 2.22913361e+01 1.64321671e+01
   vertex 1.90748520e+01 2.58457108e+01 1.95748978e+01
  endloop
 endfacet
 facet normal -8.11942875e-01 3.22019458e-01 -4.86880064e-01
  outer loop
   vertex 2.16783905e+01 2.22913361e+01 1.64321671e+01
   vertex 1.85264587e+01 2.34621887e+01 1.95615234e+01
   vertex 1.90748520e+01 2.58457108e+01 1.95748978e+01
  endloop
 endfacet
 facet normal -9.76079404e-01 1.92178845e-01 1.01667285e-01
  outer loop
   vertex 2.04097061e+01 2.01160965e+01 1.71500854e+01
   vertex 1.97279053e+01 1.89631577e+01 1.75287704e+01
   vertex 1.79950638e+01 2.10900040e+01 1.95343323e+01
  endloop
 endfacet
 facet normal -9.44268167e-01 3.23690474e-01 -5.98502718e-02
  outer loop
   vertex 2.04097061e+01 2.01160965e+01 1.71500854e+01
   vertex 1.79950638e+01 2.10900040e+01 1.95343323e+01
   vertex 2.07778778e+01 2.07303391e+01 1.69492874e+01
  endloop
 endfacet
 facet normal -8.96371007e-01 1.79395944e-01 -4.05383974e-01
  outer loop
   vertex 2.07778778e+01 2.07303391e+01 1.69492874e+01
   vertex 1.79950638e+01 2.10900040e+01 1.95343323e+01
   vertex 1.85264587e+01 2.34621887e+01 1.95615234e+01
  endloop
 endfacet
 facet normal -6.59151256e-01 1.96760565e-01 -7.25813270e-01
  outer loop
   vertex 1.19912262e+01 3.13796844e+01 2.72013855e+01
   vertex 8.70745850e+00 3.53571854e+01 3.10487289e+01
   vertex 1.26639862e+01 3.34897919e+01 2.71444931e+01
  endloop
 endfacet
 facet normal -6.67397678e-01 2.06068814e-01 -7.15622842e-01
  outer loop
   vertex 1.26639862e+01 3.34897919e+01 2.71444931e+01
   vertex 8.70745850e+00 3.53571854e+01 3.10487289e+01
   vertex 9.43137360e+00 3.73364792e+01 3.09758682e+01
  endloop
 endfacet
 facet normal -6.52992129e-01 1.75356358e-01 -7.36784518e-01
  outer loop
   vertex 1.52669220e+01 2.74115601e+01 2.33677597e+01
   vertex 1.19912262e+01 3.13796844e+01 2.72013855e+01
   vertex 1.58829956e+01 2.96554337e+01 2.33364105e+01
  endloop
 endfacet
 facet normal -6.51221931e-01 1.81179807e-01 -7.36942232e-01
  outer loop
   vertex 1.58829956e+01 2.96554337e+01 2.33364105e+01
   vertex 1.19912262e+01 3.13796844e+01 2.72013855e+01
   vertex 1.26639862e+01 3.34897919e+01 2.71444931e+01
  endloop
 endfacet
 facet normal -8.00062478e-01 -8.77811313e-02 -5.93459785e-01
  outer loop
   vertex 1.46578903e+01 2.51859589e+01 2.33967514e+01
   vertex 1.13207245e+01 2.92819214e+01 2.72591705e+01
   vertex 1.52669220e+01 2.74115601e+01 2.33677597e+01
  endloop
 endfacet
 facet normal -7.32508600e-01 5.07628843e-02 -6.78862512e-01
  outer loop
   vertex 1.52669220e+01 2.74115601e+01 2.33677597e+01
   vertex 1.13207245e+01 2.92819214e+01 2.72591705e+01
   vertex 1.19912262e+01 3.13796844e+01 2.72013855e+01
  endloop
 endfacet
 facet normal -7.58784711e-01 -3.83330956e-02 -6.50212526e-01
  outer loop
   vertex 1.13207245e+01 2.92819214e+01 2.72591705e+01
   vertex 7.98353577e+00 3.33778839e+01 3.11215897e+01
   vertex 1.19912262e+01 3.13796844e+01 2.72013855e+01
  endloop
 endfacet
 facet normal -6.97755814e-01 1.05119996e-01 -7.08580673e-01
  outer loop
   vertex 1.19912262e+01 3.13796844e+01 2.72013855e+01
   vertex 7.98353577e+00 3.33778839e+01 3.11215897e+01
   vertex 8.70745850e+00 3.53571854e+01 3.10487289e+01
  endloop
 endfacet
 facet normal -6.63483322e-01 1.77637115e-01 -7.26797760e-01
  outer loop
   vertex 1.65131607e+01 3.19358521e+01 2.33003540e+01
   vertex 1.33411942e+01 3.56246033e+01 2.70893555e+01
   vertex 1.71589279e+01 3.42914276e+01 2.32664642e+01
  endloop
 endfacet
 facet normal -6.63030922e-01 1.82213292e-01 -7.26077378e-01
  outer loop
   vertex 1.71589279e+01 3.42914276e+01 2.32664642e+01
   vertex 1.33411942e+01 3.56246033e+01 2.70893555e+01
   vertex 1.40240860e+01 3.78543777e+01 2.70434875e+01
  endloop
 endfacet
 facet normal -6.58114076e-01 1.76761419e-01 -7.31875181e-01
  outer loop
   vertex 1.58829956e+01 2.96554337e+01 2.33364105e+01
   vertex 1.26639862e+01 3.34897919e+01 2.71444931e+01
   vertex 1.65131607e+01 3.19358521e+01 2.33003540e+01
  endloop
 endfacet
 facet normal -6.56799257e-01 1.82332397e-01 -7.31689572e-01
  outer loop
   vertex 1.65131607e+01 3.19358521e+01 2.33003540e+01
   vertex 1.26639862e+01 3.34897919e+01 2.71444931e+01
   vertex 1.33411942e+01 3.56246033e+01 2.70893555e+01
  endloop
 endfacet
 facet normal -6.58314884e-01 1.96105361e-01 -7.26749063e-01
  outer loop
   vertex 1.26639862e+01 3.34897919e+01 2.71444931e+01
   vertex 9.43137360e+00 3.73364792e+01 3.09758682e+01
   vertex 1.33411942e+01 3.56246033e+01 2.70893555e+01
  endloop
 endfacet
 facet normal -6.61860168e-01 2.04822764e-01 -7.21102476e-01
  outer loop
   vertex 1.33411942e+01 3.56246033e+01 2.70893555e+01
   vertex 9.43137360e+00 3.73364792e+01 3.09758682e+01
   vertex 1.01552734e+01 3.93157730e+01 3.09030075e+01
  endloop
 endfacet
 facet normal -6.59951210e-01 1.95642993e-01 -7.25388288e-01
  outer loop
   vertex 1.33411942e+01 3.56246033e+01 2.70893555e+01
   vertex 1.01552734e+01 3.93157730e+01 3.09030075e+01
   vertex 1.40240860e+01 3.78543777e+01 2.70434875e+01
  endloop
 endfacet
 facet normal -6.78393126e-01 -8.08699802e-02 -7.30234742e-01
  outer loop
   vertex 1.01552734e+01 3.93157730e+01 3.09030075e+01
   vertex 1.04511642e+01 4.01247635e+01 3.08732147e+01
   vertex 1.40240860e+01 3.78543777e+01 2.70434875e+01
  endloop
 endfacet
 facet normal -6.30794585e-01 -3.82207036e-01 -6.75289512e-01
  outer loop
   vertex 1.04511642e+01 4.01247635e+01 3.08732147e+01
   vertex 1.09676132e+01 4.01074524e+01 3.04092407e+01
   vertex 1.40240860e+01 3.78543777e+01 2.70434875e+01
  endloop
 endfacet
 facet normal -6.11122608e-01 -4.14721221e-01 -6.74192429e-01
  outer loop
   vertex 1.09676132e+01 4.01074524e+01 3.04092407e+01
   vertex 1.19481583e+01 4.01255569e+01 2.95430298e+01
   vertex 1.40240860e+01 3.78543777e+01 2.70434875e+01
  endloop
 endfacet
 facet normal -4.45611596e-01 5.43274224e-01 -7.11535990e-01
  outer loop
   vertex 2.22329407e+01 2.21737671e+01 1.58991318e+01
   vertex 2.18593521e+01 2.25971375e+01 1.63317413e+01
   vertex 2.27588806e+01 2.46041260e+01 1.58981323e+01
  endloop
 endfacet
 facet normal -6.71310008e-01 1.54158935e-01 -7.24967480e-01
  outer loop
   vertex 1.96572189e+01 2.82518997e+01 1.95606308e+01
   vertex 2.27588806e+01 2.46041260e+01 1.58981323e+01
   vertex 1.90748520e+01 2.58457108e+01 1.95748978e+01
  endloop
 endfacet
 facet normal -7.53263652e-01 5.12951374e-01 -4.11673129e-01
  outer loop
   vertex 2.18322144e+01 2.25497513e+01 1.63474808e+01
   vertex 1.90748520e+01 2.58457108e+01 1.95748978e+01
   vertex 2.18593521e+01 2.25971375e+01 1.63317413e+01
  endloop
 endfacet
 facet normal -6.42757237e-01 3.37559789e-01 -6.87689304e-01
  outer loop
   vertex 2.18593521e+01 2.25971375e+01 1.63317413e+01
   vertex 1.90748520e+01 2.58457108e+01 1.95748978e+01
   vertex 2.27588806e+01 2.46041260e+01 1.58981323e+01
  endloop
 endfacet
 facet normal -6.66057467e-01 1.62393868e-01 -7.28008032e-01
  outer loop
   vertex 1.90748520e+01 2.58457108e+01 1.95748978e+01
   vertex 1.58829956e+01 2.96554337e+01 2.33364105e+01
   vertex 1.96572189e+01 2.82518997e+01 1.95606308e+01
  endloop
 endfacet
 facet normal -6.65301025e-01 1.67326048e-01 -7.27582693e-01
  outer loop
   vertex 1.96572189e+01 2.82518997e+01 1.95606308e+01
   vertex 1.58829956e+01 2.96554337e+01 2.33364105e+01
   vertex 1.65131607e+01 3.19358521e+01 2.33003540e+01
  endloop
 endfacet
 facet normal -6.70120358e-01 1.64182127e-01 -7.23866642e-01
  outer loop
   vertex 1.96572189e+01 2.82518997e+01 1.95606308e+01
   vertex 1.65131607e+01 3.19358521e+01 2.33003540e+01
   vertex 2.02694321e+01 3.07155457e+01 1.95351562e+01
  endloop
 endfacet
 facet normal -6.69604897e-01 1.68918952e-01 -7.23253548e-01
  outer loop
   vertex 2.02694321e+01 3.07155457e+01 1.95351562e+01
   vertex 1.65131607e+01 3.19358521e+01 2.33003540e+01
   vertex 1.71589279e+01 3.42914276e+01 2.32664642e+01
  endloop
 endfacet
 facet normal -6.74807489e-01 1.51487961e-01 -7.22278535e-01
  outer loop
   vertex 2.27588806e+01 2.46041260e+01 1.58981323e+01
   vertex 1.96572189e+01 2.82518997e+01 1.95606308e+01
   vertex 2.33426361e+01 2.71637192e+01 1.58773499e+01
  endloop
 endfacet
 facet normal -6.74371421e-01 1.56578302e-01 -7.21599877e-01
  outer loop
   vertex 2.33426361e+01 2.71637192e+01 1.58773499e+01
   vertex 1.96572189e+01 2.82518997e+01 1.95606308e+01
   vertex 2.02694321e+01 3.07155457e+01 1.95351562e+01
  endloop
 endfacet
 facet normal -6.73882246e-01 1.69625044e-01 -7.19103694e-01
  outer loop
   vertex 1.78217468e+01 3.67607803e+01 2.32415848e+01
   vertex 2.09073029e+01 3.32714386e+01 1.95148392e+01
   vertex 1.71589279e+01 3.42914276e+01 2.32664642e+01
  endloop
 endfacet
 facet normal -6.73837602e-01 1.65890411e-01 -7.20016122e-01
  outer loop
   vertex 1.71589279e+01 3.42914276e+01 2.32664642e+01
   vertex 2.09073029e+01 3.32714386e+01 1.95148392e+01
   vertex 2.02694321e+01 3.07155457e+01 1.95351562e+01
  endloop
 endfacet
 facet normal -6.78021550e-01 1.65918469e-01 -7.16071129e-01
  outer loop
   vertex 2.09073029e+01 3.32714386e+01 1.95148392e+01
   vertex 1.78217468e+01 3.67607803e+01 2.32415848e+01
   vertex 2.15529404e+01 3.58963318e+01 1.95002136e+01
  endloop
 endfacet
 facet normal -6.78681493e-01 1.68527558e-01 -7.14835584e-01
  outer loop
   vertex 2.15529404e+01 3.58963318e+01 1.95002136e+01
   vertex 1.78217468e+01 3.67607803e+01 2.32415848e+01
   vertex 1.84876251e+01 3.93077316e+01 2.32245712e+01
  endloop
 endfacet
 facet normal -6.80159628e-01 1.55985549e-01 -7.16276050e-01
  outer loop
   vertex 2.39587021e+01 2.98099289e+01 1.58604317e+01
   vertex 2.09073029e+01 3.32714386e+01 1.95148392e+01
   vertex 2.45873413e+01 3.25214386e+01 1.58477402e+01
  endloop
 endfacet
 facet normal -6.80995464e-01 1.59117728e-01 -7.14791417e-01
  outer loop
   vertex 2.45873413e+01 3.25214386e+01 1.58477402e+01
   vertex 2.09073029e+01 3.32714386e+01 1.95148392e+01
   vertex 2.15529404e+01 3.58963318e+01 1.95002136e+01
  endloop
 endfacet
 facet normal -6.77159369e-01 1.54476345e-01 -7.19438791e-01
  outer loop
   vertex 2.33426361e+01 2.71637192e+01 1.58773499e+01
   vertex 2.02694321e+01 3.07155457e+01 1.95351562e+01
   vertex 2.39587021e+01 2.98099289e+01 1.58604317e+01
  endloop
 endfacet
 facet normal -6.77136362e-01 1.59050524e-01 -7.18463123e-01
  outer loop
   vertex 2.39587021e+01 2.98099289e+01 1.58604317e+01
   vertex 2.02694321e+01 3.07155457e+01 1.95351562e+01
   vertex 2.09073029e+01 3.32714386e+01 1.95148392e+01
  endloop
 endfacet
 facet normal -6.74894452e-01 1.75244883e-01 -7.16803133e-01
  outer loop
   vertex 1.78217468e+01 3.67607803e+01 2.32415848e+01
   vertex 1.47137985e+01 4.02493744e+01 2.70143433e+01
   vertex 1.84876251e+01 3.93077316e+01 2.32245712e+01
  endloop
 endfacet
 facet normal -6.75213099e-01 1.77810878e-01 -7.15870500e-01
  outer loop
   vertex 1.84876251e+01 3.93077316e+01 2.32245712e+01
   vertex 1.47137985e+01 4.02493744e+01 2.70143433e+01
   vertex 1.54035416e+01 4.27389603e+01 2.69956284e+01
  endloop
 endfacet
 facet normal -6.69206619e-01 1.77232176e-01 -7.21630991e-01
  outer loop
   vertex 1.71589279e+01 3.42914276e+01 2.32664642e+01
   vertex 1.40240860e+01 3.78543777e+01 2.70434875e+01
   vertex 1.78217468e+01 3.67607803e+01 2.32415848e+01
  endloop
 endfacet
 facet normal -6.69554889e-01 1.80241913e-01 -7.20561683e-01
  outer loop
   vertex 1.78217468e+01 3.67607803e+01 2.32415848e+01
   vertex 1.40240860e+01 3.78543777e+01 2.70434875e+01
   vertex 1.47137985e+01 4.02493744e+01 2.70143433e+01
  endloop
 endfacet
 facet normal -6.87082291e-01 1.68644652e-01 -7.06736803e-01
  outer loop
   vertex 1.91424713e+01 4.18960953e+01 2.32142792e+01
   vertex 1.60865021e+01 4.52525253e+01 2.69810791e+01
   vertex 1.97667770e+01 4.45031662e+01 2.32131500e+01
  endloop
 endfacet
 facet normal -6.88631594e-01 1.70041159e-01 -7.04891860e-01
  outer loop
   vertex 1.97667770e+01 4.45031662e+01 2.32131500e+01
   vertex 1.60865021e+01 4.52525253e+01 2.69810791e+01
   vertex 1.67339630e+01 4.77733917e+01 2.69786758e+01
  endloop
 endfacet
 facet normal -6.80243015e-01 1.72891527e-01 -7.12304652e-01
  outer loop
   vertex 1.84876251e+01 3.93077316e+01 2.32245712e+01
   vertex 1.54035416e+01 4.27389603e+01 2.69956284e+01
   vertex 1.91424713e+01 4.18960953e+01 2.32142792e+01
  endloop
 endfacet
 facet normal -6.80898011e-01 1.75143048e-01 -7.11127818e-01
  outer loop
   vertex 1.91424713e+01 4.18960953e+01 2.32142792e+01
   vertex 1.54035416e+01 4.27389603e+01 2.69956284e+01
   vertex 1.60865021e+01 4.52525253e+01 2.69810791e+01
  endloop
 endfacet
 facet normal -6.86391532e-01 1.56286687e-01 -7.10240245e-01
  outer loop
   vertex 2.21883926e+01 3.85669937e+01 1.94917984e+01
   vertex 2.52088013e+01 3.52769241e+01 1.58396683e+01
   vertex 2.15529404e+01 3.58963318e+01 1.95002136e+01
  endloop
 endfacet
 facet normal -6.84804261e-01 1.54341787e-01 -7.12195039e-01
  outer loop
   vertex 2.15529404e+01 3.58963318e+01 1.95002136e+01
   vertex 2.52088013e+01 3.52769241e+01 1.58396683e+01
   vertex 2.45873413e+01 3.25214386e+01 1.58477402e+01
  endloop
 endfacet
 facet normal -6.84484005e-01 1.65469214e-01 -7.10001111e-01
  outer loop
   vertex 1.91424713e+01 4.18960953e+01 2.32142792e+01
   vertex 2.21883926e+01 3.85669937e+01 1.94917984e+01
   vertex 1.84876251e+01 3.93077316e+01 2.32245712e+01
  endloop
 endfacet
 facet normal -6.83247745e-01 1.63672939e-01 -7.11606443e-01
  outer loop
   vertex 1.84876251e+01 3.93077316e+01 2.32245712e+01
   vertex 2.21883926e+01 3.85669937e+01 1.94917984e+01
   vertex 2.15529404e+01 3.58963318e+01 1.95002136e+01
  endloop
 endfacet
 facet normal -6.89948559e-01 1.58991233e-01 -7.06181824e-01
  outer loop
   vertex 2.21883926e+01 3.85669937e+01 1.94917984e+01
   vertex 1.91424713e+01 4.18960953e+01 2.32142792e+01
   vertex 2.27957535e+01 4.12601776e+01 1.94901047e+01
  endloop
 endfacet
 facet normal -6.91879511e-01 1.59912124e-01 -7.04081595e-01
  outer loop
   vertex 2.27957535e+01 4.12601776e+01 1.94901047e+01
   vertex 1.91424713e+01 4.18960953e+01 2.32142792e+01
   vertex 1.97667770e+01 4.45031662e+01 2.32131500e+01
  endloop
 endfacet
 facet normal -6.91185474e-01 1.49583787e-01 -7.07027137e-01
  outer loop
   vertex 2.52088013e+01 3.52769241e+01 1.58396683e+01
   vertex 2.21883926e+01 3.85669937e+01 1.94917984e+01
   vertex 2.58033218e+01 3.80550613e+01 1.58365974e+01
  endloop
 endfacet
 facet normal -6.93498194e-01 1.50490209e-01 -7.04565763e-01
  outer loop
   vertex 2.58033218e+01 3.80550613e+01 1.58365974e+01
   vertex 2.21883926e+01 3.85669937e+01 1.94917984e+01
   vertex 2.27957535e+01 4.12601776e+01 1.94901047e+01
  endloop
 endfacet
 facet normal -7.00427115e-01 1.52242675e-01 -6.97297692e-01
  outer loop
   vertex 2.03410263e+01 4.71062622e+01 2.32236099e+01
   vertex 2.33571014e+01 4.39526367e+01 1.94956512e+01
   vertex 1.97667770e+01 4.45031662e+01 2.32131500e+01
  endloop
 endfacet
 facet normal -6.98110878e-01 1.51863679e-01 -6.99698925e-01
  outer loop
   vertex 1.97667770e+01 4.45031662e+01 2.32131500e+01
   vertex 2.33571014e+01 4.39526367e+01 1.94956512e+01
   vertex 2.27957535e+01 4.12601776e+01 1.94901047e+01
  endloop
 endfacet
 facet normal -7.06786513e-01 1.43323541e-01 -6.92756236e-01
  outer loop
   vertex 2.33571014e+01 4.39526367e+01 1.94956512e+01
   vertex 2.03410263e+01 4.71062622e+01 2.32236099e+01
   vertex 2.38670578e+01 4.65892715e+01 1.95022583e+01
  endloop
 endfacet
 facet normal -7.09220827e-01 1.43537313e-01 -6.90219462e-01
  outer loop
   vertex 2.38670578e+01 4.65892715e+01 1.95022583e+01
   vertex 2.03410263e+01 4.71062622e+01 2.32236099e+01
   vertex 2.08656158e+01 4.96638870e+01 2.32359619e+01
  endloop
 endfacet
 facet normal -7.07257032e-01 1.33859113e-01 -6.94168031e-01
  outer loop
   vertex 2.63511734e+01 4.08345032e+01 1.58388901e+01
   vertex 2.33571014e+01 4.39526367e+01 1.94956512e+01
   vertex 2.68463974e+01 4.35512009e+01 1.58435326e+01
  endloop
 endfacet
 facet normal -7.10029423e-01 1.34110928e-01 -6.91283166e-01
  outer loop
   vertex 2.68463974e+01 4.35512009e+01 1.58435326e+01
   vertex 2.33571014e+01 4.39526367e+01 1.94956512e+01
   vertex 2.38670578e+01 4.65892715e+01 1.95022583e+01
  endloop
 endfacet
 facet normal -7.01696396e-01 1.42692432e-01 -6.98040903e-01
  outer loop
   vertex 2.33571014e+01 4.39526367e+01 1.94956512e+01
   vertex 2.63511734e+01 4.08345032e+01 1.58388901e+01
   vertex 2.27957535e+01 4.12601776e+01 1.94901047e+01
  endloop
 endfacet
 facet normal -6.99019969e-01 1.42241016e-01 -7.00812817e-01
  outer loop
   vertex 2.27957535e+01 4.12601776e+01 1.94901047e+01
   vertex 2.63511734e+01 4.08345032e+01 1.58388901e+01
   vertex 2.58033218e+01 3.80550613e+01 1.58365974e+01
  endloop
 endfacet
 facet normal -7.17025518e-01 1.68606326e-01 -6.76347792e-01
  outer loop
   vertex 1.73172073e+01 5.02848663e+01 2.69964523e+01
   vertex 1.42895355e+01 5.34759521e+01 3.07917404e+01
   vertex 1.78543320e+01 5.27679520e+01 2.70217133e+01
  endloop
 endfacet
 facet normal -7.37254977e-01 1.77466735e-01 -6.51890039e-01
  outer loop
   vertex 1.78543320e+01 5.27679520e+01 2.70217133e+01
   vertex 1.42895355e+01 5.34759521e+01 3.07917404e+01
   vertex 1.48381195e+01 5.58867455e+01 3.08334732e+01
  endloop
 endfacet
 facet normal -7.05001652e-01 1.52961582e-01 -6.92513883e-01
  outer loop
   vertex 2.03410263e+01 4.71062622e+01 2.32236099e+01
   vertex 1.73172073e+01 5.02848663e+01 2.69964523e+01
   vertex 2.08656158e+01 4.96638870e+01 2.32359619e+01
  endloop
 endfacet
 facet normal -7.06600547e-01 1.54267952e-01 -6.90591812e-01
  outer loop
   vertex 2.08656158e+01 4.96638870e+01 2.32359619e+01
   vertex 1.73172073e+01 5.02848663e+01 2.69964523e+01
   vertex 1.78543320e+01 5.27679520e+01 2.70217133e+01
  endloop
 endfacet
 facet normal -6.97892189e-01 1.62194401e-01 -6.97595477e-01
  outer loop
   vertex 1.73172073e+01 5.02848663e+01 2.69964523e+01
   vertex 2.03410263e+01 4.71062622e+01 2.32236099e+01
   vertex 1.67339630e+01 4.77733917e+01 2.69786758e+01
  endloop
 endfacet
 facet normal -6.95754230e-01 1.61689743e-01 -6.99844658e-01
  outer loop
   vertex 1.67339630e+01 4.77733917e+01 2.69786758e+01
   vertex 2.03410263e+01 4.71062622e+01 2.32236099e+01
   vertex 1.97667770e+01 4.45031662e+01 2.32131500e+01
  endloop
 endfacet
 facet normal -6.05220020e-01 1.46093056e-01 -7.82537878e-01
  outer loop
   vertex 1.67339630e+01 4.77733917e+01 2.69786758e+01
   vertex 1.55337982e+01 4.90933495e+01 2.84909439e+01
   vertex 1.73172073e+01 5.02848663e+01 2.69964523e+01
  endloop
 endfacet
 facet normal -5.43144703e-01 1.72330663e-01 -8.21763933e-01
  outer loop
   vertex 1.55337982e+01 4.90933495e+01 2.84909439e+01
   vertex 1.55380707e+01 4.91106834e+01 2.84908218e+01
   vertex 1.73172073e+01 5.02848663e+01 2.69964523e+01
  endloop
 endfacet
 facet normal -6.56481028e-01 2.01391369e-01 -7.26962328e-01
  outer loop
   vertex 1.73172073e+01 5.02848663e+01 2.69964523e+01
   vertex 1.55380707e+01 4.91106834e+01 2.84908218e+01
   vertex 1.42895355e+01 5.34759521e+01 3.07917404e+01
  endloop
 endfacet
 facet normal -5.46273410e-01 5.03281415e-01 -6.69547021e-01
  outer loop
   vertex 1.55380707e+01 4.91106834e+01 2.84908218e+01
   vertex 1.55152664e+01 4.91137314e+01 2.85142899e+01
   vertex 1.42895355e+01 5.34759521e+01 3.07917404e+01
  endloop
 endfacet
 facet normal -6.21375024e-01 4.80886340e-01 -6.18580163e-01
  outer loop
   vertex 1.55152664e+01 4.91137314e+01 2.85142899e+01
   vertex 1.37409515e+01 5.10651550e+01 3.07500153e+01
   vertex 1.42895355e+01 5.34759521e+01 3.07917404e+01
  endloop
 endfacet
 facet normal -7.25648403e-01 1.29336387e-01 -6.75800622e-01
  outer loop
   vertex 2.13409882e+01 5.21345596e+01 2.32405319e+01
   vertex 1.83634262e+01 5.52036667e+01 2.70417480e+01
   vertex 2.17529068e+01 5.44615097e+01 2.32214737e+01
  endloop
 endfacet
 facet normal -7.31947303e-01 1.23356663e-01 -6.70101702e-01
  outer loop
   vertex 2.17529068e+01 5.44615097e+01 2.32214737e+01
   vertex 1.83634262e+01 5.52036667e+01 2.70417480e+01
   vertex 1.88040390e+01 5.75118484e+01 2.70193787e+01
  endloop
 endfacet
 facet normal -7.16518044e-01 1.44234076e-01 -6.82494223e-01
  outer loop
   vertex 1.83634262e+01 5.52036667e+01 2.70417480e+01
   vertex 2.13409882e+01 5.21345596e+01 2.32405319e+01
   vertex 1.78543320e+01 5.27679520e+01 2.70217133e+01
  endloop
 endfacet
 facet normal -7.13895202e-01 1.44132838e-01 -6.85258627e-01
  outer loop
   vertex 1.78543320e+01 5.27679520e+01 2.70217133e+01
   vertex 2.13409882e+01 5.21345596e+01 2.32405319e+01
   vertex 2.08656158e+01 4.96638870e+01 2.32359619e+01
  endloop
 endfacet
 facet normal -7.58207500e-01 1.75251067e-01 -6.28019452e-01
  outer loop
   vertex 1.53867035e+01 5.82975388e+01 3.08752060e+01
   vertex 1.83634262e+01 5.52036667e+01 2.70417480e+01
   vertex 1.48381195e+01 5.58867455e+01 3.08334732e+01
  endloop
 endfacet
 facet normal -7.29878008e-01 1.63319841e-01 -6.63780630e-01
  outer loop
   vertex 1.48381195e+01 5.58867455e+01 3.08334732e+01
   vertex 1.83634262e+01 5.52036667e+01 2.70417480e+01
   vertex 1.78543320e+01 5.27679520e+01 2.70217133e+01
  endloop
 endfacet
 facet normal -7.51985431e-01 1.50335416e-01 -6.41807735e-01
  outer loop
   vertex 1.83634262e+01 5.52036667e+01 2.70417480e+01
   vertex 1.53867035e+01 5.82975388e+01 3.08752060e+01
   vertex 1.88040390e+01 5.75118484e+01 2.70193787e+01
  endloop
 endfacet
 facet normal -8.21593523e-01 1.88267753e-01 -5.38088620e-01
  outer loop
   vertex 1.88040390e+01 5.75118484e+01 2.70193787e+01
   vertex 1.53867035e+01 5.82975388e+01 3.08752060e+01
   vertex 1.59352951e+01 6.07083321e+01 3.09169388e+01
  endloop
 endfacet
 facet normal -7.18298554e-01 1.24600530e-01 -6.84486568e-01
  outer loop
   vertex 2.43202133e+01 4.91149673e+01 1.95037460e+01
   vertex 2.72830811e+01 4.61410522e+01 1.58475342e+01
   vertex 2.38670578e+01 4.65892715e+01 1.95022583e+01
  endloop
 endfacet
 facet normal -7.15291739e-01 1.25034824e-01 -6.87549293e-01
  outer loop
   vertex 2.38670578e+01 4.65892715e+01 1.95022583e+01
   vertex 2.72830811e+01 4.61410522e+01 1.58475342e+01
   vertex 2.68463974e+01 4.35512009e+01 1.58435326e+01
  endloop
 endfacet
 facet normal -7.18528509e-01 1.33175895e-01 -6.82628036e-01
  outer loop
   vertex 2.13409882e+01 5.21345596e+01 2.32405319e+01
   vertex 2.43202133e+01 4.91149673e+01 1.95037460e+01
   vertex 2.08656158e+01 4.96638870e+01 2.32359619e+01
  endloop
 endfacet
 facet normal -7.15475261e-01 1.33891299e-01 -6.85688198e-01
  outer loop
   vertex 2.08656158e+01 4.96638870e+01 2.32359619e+01
   vertex 2.43202133e+01 4.91149673e+01 1.95037460e+01
   vertex 2.38670578e+01 4.65892715e+01 1.95022583e+01
  endloop
 endfacet
 facet normal -7.24752486e-01 1.21978626e-01 -6.78126097e-01
  outer loop
   vertex 2.43202133e+01 4.91149673e+01 1.95037460e+01
   vertex 2.13409882e+01 5.21345596e+01 2.32405319e+01
   vertex 2.47111588e+01 5.14746094e+01 1.94939651e+01
  endloop
 endfacet
 facet normal -7.29213774e-01 1.18031293e-01 -6.74029589e-01
  outer loop
   vertex 2.47111588e+01 5.14746094e+01 1.94939651e+01
   vertex 2.13409882e+01 5.21345596e+01 2.32405319e+01
   vertex 2.17529068e+01 5.44615097e+01 2.32214737e+01
  endloop
 endfacet
 facet normal -7.23251343e-01 1.15252532e-01 -6.80899680e-01
  outer loop
   vertex 2.72830811e+01 4.61410522e+01 1.58475342e+01
   vertex 2.43202133e+01 4.91149673e+01 1.95037460e+01
   vertex 2.76552658e+01 4.85400009e+01 1.58478432e+01
  endloop
 endfacet
 facet normal -7.26647913e-01 1.13345325e-01 -6.77595496e-01
  outer loop
   vertex 2.76552658e+01 4.85400009e+01 1.58478432e+01
   vertex 2.43202133e+01 4.91149673e+01 1.95037460e+01
   vertex 2.47111588e+01 5.14746094e+01 1.94939651e+01
  endloop
 endfacet
 facet normal -8.70267272e-01 8.77007768e-02 -4.84709680e-01
  outer loop
   vertex 1.91357269e+01 5.96123276e+01 2.69173889e+01
   vertex 1.61822739e+01 6.26614838e+01 3.07008438e+01
   vertex 1.94070663e+01 6.15794868e+01 2.67553024e+01
  endloop
 endfacet
 facet normal -9.55954969e-01 1.19161077e-01 -2.68236369e-01
  outer loop
   vertex 1.94070663e+01 6.15794868e+01 2.67553024e+01
   vertex 1.61822739e+01 6.26614838e+01 3.07008438e+01
   vertex 1.64292450e+01 6.46146240e+01 3.04847488e+01
  endloop
 endfacet
 facet normal -7.54988670e-01 6.98651746e-02 -6.52005374e-01
  outer loop
   vertex 2.20871429e+01 5.65879440e+01 2.31629791e+01
   vertex 1.91357269e+01 5.96123276e+01 2.69173889e+01
   vertex 2.23713379e+01 5.85616837e+01 2.30511322e+01
  endloop
 endfacet
 facet normal -7.60644495e-01 5.60002439e-02 -6.46748781e-01
  outer loop
   vertex 2.23713379e+01 5.85616837e+01 2.30511322e+01
   vertex 1.91357269e+01 5.96123276e+01 2.69173889e+01
   vertex 1.94070663e+01 6.15794868e+01 2.67553024e+01
  endloop
 endfacet
 facet normal -7.41085708e-01 1.03503928e-01 -6.63384438e-01
  outer loop
   vertex 2.17529068e+01 5.44615097e+01 2.32214737e+01
   vertex 1.88040390e+01 5.75118484e+01 2.70193787e+01
   vertex 2.20871429e+01 5.65879440e+01 2.31629791e+01
  endloop
 endfacet
 facet normal -7.49882519e-01 8.88844281e-02 -6.55572832e-01
  outer loop
   vertex 2.20871429e+01 5.65879440e+01 2.31629791e+01
   vertex 1.88040390e+01 5.75118484e+01 2.70193787e+01
   vertex 1.91357269e+01 5.96123276e+01 2.69173889e+01
  endloop
 endfacet
 facet normal -8.14163029e-01 1.46891296e-01 -5.61748624e-01
  outer loop
   vertex 1.88040390e+01 5.75118484e+01 2.70193787e+01
   vertex 1.59352951e+01 6.07083321e+01 3.09169388e+01
   vertex 1.91357269e+01 5.96123276e+01 2.69173889e+01
  endloop
 endfacet
 facet normal -9.11029935e-01 1.58865511e-01 -3.80507827e-01
  outer loop
   vertex 1.91357269e+01 5.96123276e+01 2.69173889e+01
   vertex 1.59352951e+01 6.07083321e+01 3.09169388e+01
   vertex 1.61822739e+01 6.26614838e+01 3.07008438e+01
  endloop
 endfacet
 facet normal -7.72061467e-01 1.44379195e-02 -6.35383844e-01
  outer loop
   vertex 2.26330643e+01 6.04305458e+01 2.28719635e+01
   vertex 1.96666794e+01 6.34877243e+01 2.65526733e+01
   vertex 2.28979034e+01 6.22166061e+01 2.25838699e+01
  endloop
 endfacet
 facet normal -7.77520835e-01 3.64580686e-04 -6.28857076e-01
  outer loop
   vertex 2.28979034e+01 6.22166061e+01 2.25838699e+01
   vertex 1.96666794e+01 6.34877243e+01 2.65526733e+01
   vertex 1.99549103e+01 6.53084641e+01 2.62182388e+01
  endloop
 endfacet
 facet normal -7.67079473e-01 3.07005122e-02 -6.40817106e-01
  outer loop
   vertex 1.96666794e+01 6.34877243e+01 2.65526733e+01
   vertex 2.26330643e+01 6.04305458e+01 2.28719635e+01
   vertex 1.94070663e+01 6.15794868e+01 2.67553024e+01
  endloop
 endfacet
 facet normal -7.62504458e-01 4.27003019e-02 -6.45572305e-01
  outer loop
   vertex 1.94070663e+01 6.15794868e+01 2.67553024e+01
   vertex 2.26330643e+01 6.04305458e+01 2.28719635e+01
   vertex 2.23713379e+01 5.85616837e+01 2.30511322e+01
  endloop
 endfacet
 facet normal -9.72319603e-01 1.24450132e-01 -1.97754279e-01
  outer loop
   vertex 1.66762238e+01 6.65677795e+01 3.02686539e+01
   vertex 1.96666794e+01 6.34877243e+01 2.65526733e+01
   vertex 1.64292450e+01 6.46146240e+01 3.04847488e+01
  endloop
 endfacet
 facet normal -8.86772096e-01 7.74029717e-02 -4.55679744e-01
  outer loop
   vertex 1.64292450e+01 6.46146240e+01 3.04847488e+01
   vertex 1.96666794e+01 6.34877243e+01 2.65526733e+01
   vertex 1.94070663e+01 6.15794868e+01 2.67553024e+01
  endloop
 endfacet
 facet normal -9.85473335e-01 1.50763437e-01 -7.81835243e-02
  outer loop
   vertex 1.69232101e+01 6.85209198e+01 3.00525665e+01
   vertex 1.99549103e+01 6.53084641e+01 2.62182388e+01
   vertex 1.66762238e+01 6.65677795e+01 3.02686539e+01
  endloop
 endfacet
 facet normal -9.06842947e-01 6.45013675e-02 -4.16503757e-01
  outer loop
   vertex 1.66762238e+01 6.65677795e+01 3.02686539e+01
   vertex 1.99549103e+01 6.53084641e+01 2.62182388e+01
   vertex 1.96666794e+01 6.34877243e+01 2.65526733e+01
  endloop
 endfacet
 facet normal -7.59136200e-01 4.63234708e-02 -6.49281442e-01
  outer loop
   vertex 2.55513687e+01 5.74191017e+01 1.92617798e+01
   vertex 2.84122620e+01 5.44533997e+01 1.57180939e+01
   vertex 2.53085175e+01 5.55785446e+01 1.93974915e+01
  endloop
 endfacet
 facet normal -7.54362106e-01 5.73498383e-02 -6.53948665e-01
  outer loop
   vertex 2.53085175e+01 5.55785446e+01 1.93974915e+01
   vertex 2.84122620e+01 5.44533997e+01 1.57180939e+01
   vertex 2.82040634e+01 5.26345444e+01 1.58057861e+01
  endloop
 endfacet
 facet normal -7.62208700e-01 3.99595238e-02 -6.46096826e-01
  outer loop
   vertex 2.26330643e+01 6.04305458e+01 2.28719635e+01
   vertex 2.55513687e+01 5.74191017e+01 1.92617798e+01
   vertex 2.23713379e+01 5.85616837e+01 2.30511322e+01
  endloop
 endfacet
 facet normal -7.56994009e-01 5.25653996e-02 -6.51304007e-01
  outer loop
   vertex 2.23713379e+01 5.85616837e+01 2.30511322e+01
   vertex 2.55513687e+01 5.74191017e+01 1.92617798e+01
   vertex 2.53085175e+01 5.55785446e+01 1.93974915e+01
  endloop
 endfacet
 facet normal -7.68934488e-01 2.11991575e-02 -6.38976038e-01
  outer loop
   vertex 2.55513687e+01 5.74191017e+01 1.92617798e+01
   vertex 2.26330643e+01 6.04305458e+01 2.28719635e+01
   vertex 2.57812958e+01 5.91829109e+01 1.90350876e+01
  endloop
 endfacet
 facet normal -7.74144888e-01 7.67482305e-03 -6.32961929e-01
  outer loop
   vertex 2.57812958e+01 5.91829109e+01 1.90350876e+01
   vertex 2.26330643e+01 6.04305458e+01 2.28719635e+01
   vertex 2.28979034e+01 6.22166061e+01 2.25838699e+01
  endloop
 endfacet
 facet normal -7.67997861e-01 2.59374063e-02 -6.39926970e-01
  outer loop
   vertex 2.84122620e+01 5.44533997e+01 1.57180939e+01
   vertex 2.55513687e+01 5.74191017e+01 1.92617798e+01
   vertex 2.85973587e+01 5.62021370e+01 1.55557480e+01
  endloop
 endfacet
 facet normal -7.72554815e-01 1.34177068e-02 -6.34806275e-01
  outer loop
   vertex 2.85973587e+01 5.62021370e+01 1.55557480e+01
   vertex 2.55513687e+01 5.74191017e+01 1.92617798e+01
   vertex 2.57812958e+01 5.91829109e+01 1.90350876e+01
  endloop
 endfacet
 facet normal -7.40759730e-01 9.59548429e-02 -6.64881706e-01
  outer loop
   vertex 2.20871429e+01 5.65879440e+01 2.31629791e+01
   vertex 2.50345230e+01 5.36130905e+01 1.94667053e+01
   vertex 2.17529068e+01 5.44615097e+01 2.32214737e+01
  endloop
 endfacet
 facet normal -7.35153675e-01 1.04497239e-01 -6.69798017e-01
  outer loop
   vertex 2.17529068e+01 5.44615097e+01 2.32214737e+01
   vertex 2.50345230e+01 5.36130905e+01 1.94667053e+01
   vertex 2.47111588e+01 5.14746094e+01 1.94939651e+01
  endloop
 endfacet
 facet normal -7.46060908e-01 8.06264430e-02 -6.60978496e-01
  outer loop
   vertex 2.50345230e+01 5.36130905e+01 1.94667053e+01
   vertex 2.20871429e+01 5.65879440e+01 2.31629791e+01
   vertex 2.53085175e+01 5.55785446e+01 1.93974915e+01
  endloop
 endfacet
 facet normal -7.51587927e-01 6.91674501e-02 -6.55996561e-01
  outer loop
   vertex 2.53085175e+01 5.55785446e+01 1.93974915e+01
   vertex 2.20871429e+01 5.65879440e+01 2.31629791e+01
   vertex 2.23713379e+01 5.85616837e+01 2.30511322e+01
  endloop
 endfacet
 facet normal -7.95813024e-01 -5.68442829e-02 -6.02868438e-01
  outer loop
   vertex 2.31913605e+01 6.39419327e+01 2.21452026e+01
   vertex 2.03120956e+01 6.70131226e+01 2.56607056e+01
   vertex 2.35027618e+01 6.56805191e+01 2.15583878e+01
  endloop
 endfacet
 facet normal -7.99219012e-01 -6.81881830e-02 -5.97159386e-01
  outer loop
   vertex 2.35027618e+01 6.56805191e+01 2.15583878e+01
   vertex 2.03120956e+01 6.70131226e+01 2.56607056e+01
   vertex 2.07072372e+01 6.86821823e+01 2.49481888e+01
  endloop
 endfacet
 facet normal -7.84536600e-01 -2.07621269e-02 -6.19734824e-01
  outer loop
   vertex 2.28979034e+01 6.22166061e+01 2.25838699e+01
   vertex 1.99549103e+01 6.53084641e+01 2.62182388e+01
   vertex 2.31913605e+01 6.39419327e+01 2.21452026e+01
  endloop
 endfacet
 facet normal -7.89312661e-01 -3.59216668e-02 -6.12939775e-01
  outer loop
   vertex 2.31913605e+01 6.39419327e+01 2.21452026e+01
   vertex 1.99549103e+01 6.53084641e+01 2.62182388e+01
   vertex 2.03120956e+01 6.70131226e+01 2.56607056e+01
  endloop
 endfacet
 facet normal -8.16250682e-01 -1.17614746e-01 -5.65598488e-01
  outer loop
   vertex 2.38213806e+01 6.75063400e+01 2.08258514e+01
   vertex 2.11093140e+01 7.03961105e+01 2.41487503e+01
   vertex 2.41510239e+01 6.94979324e+01 1.98949890e+01
  endloop
 endfacet
 facet normal -8.20440650e-01 -1.28803328e-01 -5.57034016e-01
  outer loop
   vertex 2.41510239e+01 6.94979324e+01 1.98949890e+01
   vertex 2.11093140e+01 7.03961105e+01 2.41487503e+01
   vertex 2.15453186e+01 7.22536011e+01 2.31104507e+01
  endloop
 endfacet
 facet normal -8.05905402e-01 -8.74317586e-02 -5.85552871e-01
  outer loop
   vertex 2.35027618e+01 6.56805191e+01 2.15583878e+01
   vertex 2.07072372e+01 6.86821823e+01 2.49481888e+01
   vertex 2.38213806e+01 6.75063400e+01 2.08258514e+01
  endloop
 endfacet
 facet normal -8.09197247e-01 -9.59921628e-02 -5.79642415e-01
  outer loop
   vertex 2.38213806e+01 6.75063400e+01 2.08258514e+01
   vertex 2.07072372e+01 6.86821823e+01 2.49481888e+01
   vertex 2.11093140e+01 7.03961105e+01 2.41487503e+01
  endloop
 endfacet
 facet normal -8.07518184e-01 -8.17765445e-02 -5.84146380e-01
  outer loop
   vertex 2.89371796e+01 5.97579308e+01 1.49269218e+01
   vertex 2.62514648e+01 6.27012787e+01 1.82187729e+01
   vertex 2.90751266e+01 6.17324638e+01 1.44359589e+01
  endloop
 endfacet
 facet normal -8.10441613e-01 -9.50507000e-02 -5.78056872e-01
  outer loop
   vertex 2.90751266e+01 6.17324638e+01 1.44359589e+01
   vertex 2.62514648e+01 6.27012787e+01 1.82187729e+01
   vertex 2.64806747e+01 6.46090546e+01 1.75962753e+01
  endloop
 endfacet
 facet normal -8.16726744e-01 -1.14167266e-01 -5.65617621e-01
  outer loop
   vertex 2.90751266e+01 6.17324638e+01 1.44359589e+01
   vertex 2.64806747e+01 6.46090546e+01 1.75962753e+01
   vertex 2.91805801e+01 6.39497375e+01 1.38109818e+01
  endloop
 endfacet
 facet normal -8.18814933e-01 -1.26031533e-01 -5.60051918e-01
  outer loop
   vertex 2.91805801e+01 6.39497375e+01 1.38109818e+01
   vertex 2.64806747e+01 6.46090546e+01 1.75962753e+01
   vertex 2.66986465e+01 6.67180328e+01 1.68089600e+01
  endloop
 endfacet
 facet normal -7.82014906e-01 -1.36847254e-02 -6.23109460e-01
  outer loop
   vertex 2.57812958e+01 5.91829109e+01 1.90350876e+01
   vertex 2.28979034e+01 6.22166061e+01 2.25838699e+01
   vertex 2.60164795e+01 6.09180984e+01 1.86929016e+01
  endloop
 endfacet
 facet normal -7.86934435e-01 -2.80482452e-02 -6.16398811e-01
  outer loop
   vertex 2.60164795e+01 6.09180984e+01 1.86929016e+01
   vertex 2.28979034e+01 6.22166061e+01 2.25838699e+01
   vertex 2.31913605e+01 6.39419327e+01 2.21452026e+01
  endloop
 endfacet
 facet normal -7.94872940e-01 -5.07398359e-02 -6.04650676e-01
  outer loop
   vertex 2.60164795e+01 6.09180984e+01 1.86929016e+01
   vertex 2.31913605e+01 6.39419327e+01 2.21452026e+01
   vertex 2.62514648e+01 6.27012787e+01 1.82187729e+01
  endloop
 endfacet
 facet normal -7.98971891e-01 -6.43761605e-02 -5.97912729e-01
  outer loop
   vertex 2.62514648e+01 6.27012787e+01 1.82187729e+01
   vertex 2.31913605e+01 6.39419327e+01 2.21452026e+01
   vertex 2.35027618e+01 6.56805191e+01 2.15583878e+01
  endloop
 endfacet
 facet normal -7.95554459e-01 -4.54352647e-02 -6.04176104e-01
  outer loop
   vertex 2.87751312e+01 5.79424057e+01 1.52961044e+01
   vertex 2.60164795e+01 6.09180984e+01 1.86929016e+01
   vertex 2.89371796e+01 5.97579308e+01 1.49269218e+01
  endloop
 endfacet
 facet normal -7.99285710e-01 -5.95657900e-02 -5.97991824e-01
  outer loop
   vertex 2.89371796e+01 5.97579308e+01 1.49269218e+01
   vertex 2.60164795e+01 6.09180984e+01 1.86929016e+01
   vertex 2.62514648e+01 6.27012787e+01 1.82187729e+01
  endloop
 endfacet
 facet normal -7.81984270e-01 -8.66760779e-03 -6.23237908e-01
  outer loop
   vertex 2.85973587e+01 5.62021370e+01 1.55557480e+01
   vertex 2.57812958e+01 5.91829109e+01 1.90350876e+01
   vertex 2.87751312e+01 5.79424057e+01 1.52961044e+01
  endloop
 endfacet
 facet normal -7.86221087e-01 -2.22457536e-02 -6.17544770e-01
  outer loop
   vertex 2.87751312e+01 5.79424057e+01 1.52961044e+01
   vertex 2.57812958e+01 5.91829109e+01 1.90350876e+01
   vertex 2.60164795e+01 6.09180984e+01 1.86929016e+01
  endloop
 endfacet
 facet normal -9.68567073e-01 1.85528561e-01 -1.65701374e-01
  outer loop
   vertex 1.95645523e+01 7.69680786e+01 2.46970978e+01
   vertex 2.02757034e+01 7.90669708e+01 2.27206039e+01
   vertex 2.20422516e+01 7.43533325e+01 2.16813507e+01
  endloop
 endfacet
 facet normal -9.29717004e-01 -1.55953905e-02 -3.67944390e-01
  outer loop
   vertex 2.20422516e+01 7.43533325e+01 2.16813507e+01
   vertex 2.02757034e+01 7.90669708e+01 2.27206039e+01
   vertex 2.25582733e+01 7.65890274e+01 2.00420456e+01
  endloop
 endfacet
 facet normal -8.28150988e-01 -1.80374101e-01 -5.30689299e-01
  outer loop
   vertex 2.44954758e+01 7.17338409e+01 1.87132339e+01
   vertex 2.20422516e+01 7.43533325e+01 2.16813507e+01
   vertex 2.48254242e+01 7.41222763e+01 1.73815155e+01
  endloop
 endfacet
 facet normal -8.28505635e-01 -1.90038681e-01 -5.26748240e-01
  outer loop
   vertex 2.48254242e+01 7.41222763e+01 1.73815155e+01
   vertex 2.20422516e+01 7.43533325e+01 2.16813507e+01
   vertex 2.25582733e+01 7.65890274e+01 2.00420456e+01
  endloop
 endfacet
 facet normal -8.25334370e-01 -1.51203185e-01 -5.44022799e-01
  outer loop
   vertex 2.41510239e+01 6.94979324e+01 1.98949890e+01
   vertex 2.15453186e+01 7.22536011e+01 2.31104507e+01
   vertex 2.44954758e+01 7.17338409e+01 1.87132339e+01
  endloop
 endfacet
 facet normal -8.27444315e-01 -1.64325505e-01 -5.36966503e-01
  outer loop
   vertex 2.44954758e+01 7.17338409e+01 1.87132339e+01
   vertex 2.15453186e+01 7.22536011e+01 2.31104507e+01
   vertex 2.20422516e+01 7.43533325e+01 2.16813507e+01
  endloop
 endfacet
 facet normal -8.29408109e-01 -2.14095503e-01 -5.15989661e-01
  outer loop
   vertex 2.51114731e+01 7.65714798e+01 1.60007858e+01
   vertex 2.30515518e+01 7.88543701e+01 1.83732147e+01
   vertex 2.53212357e+01 7.89863434e+01 1.46516876e+01
  endloop
 endfacet
 facet normal -8.31220627e-01 -2.21171379e-01 -5.10054410e-01
  outer loop
   vertex 2.53212357e+01 7.89863434e+01 1.46516876e+01
   vertex 2.30515518e+01 7.88543701e+01 1.83732147e+01
   vertex 2.34679642e+01 8.10297699e+01 1.67743301e+01
  endloop
 endfacet
 facet normal -8.28337014e-01 -1.99019551e-01 -5.23687899e-01
  outer loop
   vertex 2.48254242e+01 7.41222763e+01 1.73815155e+01
   vertex 2.25582733e+01 7.65890274e+01 2.00420456e+01
   vertex 2.51114731e+01 7.65714798e+01 1.60007858e+01
  endloop
 endfacet
 facet normal -8.28917205e-01 -2.05114171e-01 -5.20407915e-01
  outer loop
   vertex 2.51114731e+01 7.65714798e+01 1.60007858e+01
   vertex 2.25582733e+01 7.65890274e+01 2.00420456e+01
   vertex 2.30515518e+01 7.88543701e+01 1.83732147e+01
  endloop
 endfacet
 facet normal -9.70394075e-01 1.66475847e-01 -1.74988925e-01
  outer loop
   vertex 2.02757034e+01 7.90669708e+01 2.27206039e+01
   vertex 2.09868393e+01 8.11658630e+01 2.07441177e+01
   vertex 2.25582733e+01 7.65890274e+01 2.00420456e+01
  endloop
 endfacet
 facet normal -9.29305434e-01 -2.82485392e-02 -3.68230194e-01
  outer loop
   vertex 2.25582733e+01 7.65890274e+01 2.00420456e+01
   vertex 2.09868393e+01 8.11658630e+01 2.07441177e+01
   vertex 2.30515518e+01 7.88543701e+01 1.83732147e+01
  endloop
 endfacet
 facet normal -9.73244250e-01 1.54937133e-01 -1.69676527e-01
  outer loop
   vertex 2.09868393e+01 8.11658630e+01 2.07441177e+01
   vertex 2.16979828e+01 8.32647552e+01 1.87676239e+01
   vertex 2.30515518e+01 7.88543701e+01 1.83732147e+01
  endloop
 endfacet
 facet normal -9.34566975e-01 -4.43327352e-02 -3.53014350e-01
  outer loop
   vertex 2.30515518e+01 7.88543701e+01 1.83732147e+01
   vertex 2.16979828e+01 8.32647552e+01 1.87676239e+01
   vertex 2.34679642e+01 8.10297699e+01 1.67743301e+01
  endloop
 endfacet
 facet normal -8.27302456e-01 -1.84662446e-01 -5.30537844e-01
  outer loop
   vertex 2.92502518e+01 6.92654572e+01 1.21764717e+01
   vertex 2.70617371e+01 7.16779099e+01 1.47570305e+01
   vertex 2.91773224e+01 7.21672668e+01 1.12753334e+01
  endloop
 endfacet
 facet normal -8.27462196e-01 -1.93564460e-01 -5.27104497e-01
  outer loop
   vertex 2.91773224e+01 7.21672668e+01 1.12753334e+01
   vertex 2.70617371e+01 7.16779099e+01 1.47570305e+01
   vertex 2.71618118e+01 7.43457947e+01 1.36252899e+01
  endloop
 endfacet
 facet normal -8.27521503e-01 -1.92044139e-01 -5.27567267e-01
  outer loop
   vertex 2.70617371e+01 7.16779099e+01 1.47570305e+01
   vertex 2.48254242e+01 7.41222763e+01 1.73815155e+01
   vertex 2.71618118e+01 7.43457947e+01 1.36252899e+01
  endloop
 endfacet
 facet normal -8.28042507e-01 -2.00126067e-01 -5.23731947e-01
  outer loop
   vertex 2.71618118e+01 7.43457947e+01 1.36252899e+01
   vertex 2.48254242e+01 7.41222763e+01 1.73815155e+01
   vertex 2.51114731e+01 7.65714798e+01 1.60007858e+01
  endloop
 endfacet
 facet normal -8.28191638e-01 -2.10522979e-01 -5.19402266e-01
  outer loop
   vertex 2.71618118e+01 7.43457947e+01 1.36252899e+01
   vertex 2.51114731e+01 7.65714798e+01 1.60007858e+01
   vertex 2.71775436e+01 7.70169449e+01 1.25115929e+01
  endloop
 endfacet
 facet normal -8.28950644e-01 -2.18391240e-01 -5.14923334e-01
  outer loop
   vertex 2.71775436e+01 7.70169449e+01 1.25115929e+01
   vertex 2.51114731e+01 7.65714798e+01 1.60007858e+01
   vertex 2.53212357e+01 7.89863434e+01 1.46516876e+01
  endloop
 endfacet
 facet normal -8.28009665e-01 -2.04662099e-01 -5.22028148e-01
  outer loop
   vertex 2.91773224e+01 7.21672668e+01 1.12753334e+01
   vertex 2.71618118e+01 7.43457947e+01 1.36252899e+01
   vertex 2.90077667e+01 7.51006393e+01 1.03905449e+01
  endloop
 endfacet
 facet normal -8.28203619e-01 -2.13535175e-01 -5.18151999e-01
  outer loop
   vertex 2.90077667e+01 7.51006393e+01 1.03905449e+01
   vertex 2.71618118e+01 7.43457947e+01 1.36252899e+01
   vertex 2.71775436e+01 7.70169449e+01 1.25115929e+01
  endloop
 endfacet
 facet normal -8.23113561e-01 -1.47391960e-01 -5.48415542e-01
  outer loop
   vertex 2.66986465e+01 6.67180328e+01 1.68089600e+01
   vertex 2.41510239e+01 6.94979324e+01 1.98949890e+01
   vertex 2.68998413e+01 6.91048203e+01 1.58404083e+01
  endloop
 endfacet
 facet normal -8.25227499e-01 -1.57937661e-01 -5.42268634e-01
  outer loop
   vertex 2.68998413e+01 6.91048203e+01 1.58404083e+01
   vertex 2.41510239e+01 6.94979324e+01 1.98949890e+01
   vertex 2.44954758e+01 7.17338409e+01 1.87132339e+01
  endloop
 endfacet
 facet normal -8.26565504e-01 -1.71941981e-01 -5.35934150e-01
  outer loop
   vertex 2.68998413e+01 6.91048203e+01 1.58404083e+01
   vertex 2.44954758e+01 7.17338409e+01 1.87132339e+01
   vertex 2.70617371e+01 7.16779099e+01 1.47570305e+01
  endloop
 endfacet
 facet normal -8.27458680e-01 -1.81272462e-01 -5.31462550e-01
  outer loop
   vertex 2.70617371e+01 7.16779099e+01 1.47570305e+01
   vertex 2.44954758e+01 7.17338409e+01 1.87132339e+01
   vertex 2.48254242e+01 7.41222763e+01 1.73815155e+01
  endloop
 endfacet
 facet normal -8.25994194e-01 -1.64470419e-01 -5.39150298e-01
  outer loop
   vertex 2.92451553e+01 6.64934998e+01 1.30397530e+01
   vertex 2.68998413e+01 6.91048203e+01 1.58404083e+01
   vertex 2.92502518e+01 6.92654572e+01 1.21764717e+01
  endloop
 endfacet
 facet normal -8.26472163e-01 -1.73812449e-01 -5.35474539e-01
  outer loop
   vertex 2.92502518e+01 6.92654572e+01 1.21764717e+01
   vertex 2.68998413e+01 6.91048203e+01 1.58404083e+01
   vertex 2.70617371e+01 7.16779099e+01 1.47570305e+01
  endloop
 endfacet
 facet normal -8.22812378e-01 -1.41560361e-01 -5.50400317e-01
  outer loop
   vertex 2.91805801e+01 6.39497375e+01 1.38109818e+01
   vertex 2.66986465e+01 6.67180328e+01 1.68089600e+01
   vertex 2.92451553e+01 6.64934998e+01 1.30397530e+01
  endloop
 endfacet
 facet normal -8.24013472e-01 -1.52062073e-01 -5.45782864e-01
  outer loop
   vertex 2.92451553e+01 6.64934998e+01 1.30397530e+01
   vertex 2.66986465e+01 6.67180328e+01 1.68089600e+01
   vertex 2.68998413e+01 6.91048203e+01 1.58404083e+01
  endloop
 endfacet
 facet normal -9.81471300e-01 1.12718232e-01 -1.54947340e-01
  outer loop
   vertex 2.20820923e+01 8.47454529e+01 1.72736206e+01
   vertex 2.24662018e+01 8.62261353e+01 1.57796173e+01
   vertex 2.37533569e+01 8.29956207e+01 1.53448715e+01
  endloop
 endfacet
 facet normal -9.35849845e-01 -8.61274078e-02 -3.41711998e-01
  outer loop
   vertex 2.37533569e+01 8.29956207e+01 1.53448715e+01
   vertex 2.24662018e+01 8.62261353e+01 1.57796173e+01
   vertex 2.39581833e+01 8.48434296e+01 1.40084572e+01
  endloop
 endfacet
 facet normal -8.30387831e-01 -2.54597425e-01 -4.95616943e-01
  outer loop
   vertex 2.54222565e+01 8.12717667e+01 1.34148750e+01
   vertex 2.37533569e+01 8.29956207e+01 1.53448715e+01
   vertex 2.54412689e+01 8.34698181e+01 1.22487526e+01
  endloop
 endfacet
 facet normal -8.30038428e-01 -2.62149781e-01 -4.92253661e-01
  outer loop
   vertex 2.54412689e+01 8.34698181e+01 1.22487526e+01
   vertex 2.37533569e+01 8.29956207e+01 1.53448715e+01
   vertex 2.39581833e+01 8.48434296e+01 1.40084572e+01
  endloop
 endfacet
 facet normal -8.31442237e-01 -2.33539939e-01 -5.04145682e-01
  outer loop
   vertex 2.53212357e+01 7.89863434e+01 1.46516876e+01
   vertex 2.34679642e+01 8.10297699e+01 1.67743301e+01
   vertex 2.54222565e+01 8.12717667e+01 1.34148750e+01
  endloop
 endfacet
 facet normal -8.31869304e-01 -2.42579564e-01 -4.99147862e-01
  outer loop
   vertex 2.54222565e+01 8.12717667e+01 1.34148750e+01
   vertex 2.34679642e+01 8.10297699e+01 1.67743301e+01
   vertex 2.37533569e+01 8.29956207e+01 1.53448715e+01
  endloop
 endfacet
 facet normal -9.78759110e-01 1.33237436e-01 -1.55815199e-01
  outer loop
   vertex 2.16979828e+01 8.32647552e+01 1.87676239e+01
   vertex 2.20820923e+01 8.47454529e+01 1.72736206e+01
   vertex 2.34679642e+01 8.10297699e+01 1.67743301e+01
  endloop
 endfacet
 facet normal -9.36284661e-01 -6.91592991e-02 -3.44366133e-01
  outer loop
   vertex 2.34679642e+01 8.10297699e+01 1.67743301e+01
   vertex 2.20820923e+01 8.47454529e+01 1.72736206e+01
   vertex 2.37533569e+01 8.29956207e+01 1.53448715e+01
  endloop
 endfacet
 facet normal -9.83759880e-01 1.01049364e-01 -1.48342773e-01
  outer loop
   vertex 2.28503189e+01 8.77068253e+01 1.42856178e+01
   vertex 2.32344284e+01 8.91875153e+01 1.27916145e+01
   vertex 2.41328964e+01 8.66647034e+01 1.26886711e+01
  endloop
 endfacet
 facet normal -9.39189732e-01 -1.02437153e-01 -3.27763975e-01
  outer loop
   vertex 2.41328964e+01 8.66647034e+01 1.26886711e+01
   vertex 2.32344284e+01 8.91875153e+01 1.27916145e+01
   vertex 2.42854538e+01 8.84848099e+01 1.13447037e+01
  endloop
 endfacet
 facet normal -8.29169393e-01 -2.29958072e-01 -5.09507000e-01
  outer loop
   vertex 2.71775436e+01 7.70169449e+01 1.25115929e+01
   vertex 2.53212357e+01 7.89863434e+01 1.46516876e+01
   vertex 2.70864105e+01 7.95998688e+01 1.14823875e+01
  endloop
 endfacet
 facet normal -8.29851151e-01 -2.38031581e-01 -5.04666209e-01
  outer loop
   vertex 2.70864105e+01 7.95998688e+01 1.14823875e+01
   vertex 2.53212357e+01 7.89863434e+01 1.46516876e+01
   vertex 2.54222565e+01 8.12717667e+01 1.34148750e+01
  endloop
 endfacet
 facet normal -8.29573393e-01 -2.49999419e-01 -4.99307781e-01
  outer loop
   vertex 2.70864105e+01 7.95998688e+01 1.14823875e+01
   vertex 2.54222565e+01 8.12717667e+01 1.34148750e+01
   vertex 2.69065475e+01 8.21143951e+01 1.05119972e+01
  endloop
 endfacet
 facet normal -8.29694569e-01 -2.57529110e-01 -4.95263278e-01
  outer loop
   vertex 2.69065475e+01 8.21143951e+01 1.05119972e+01
   vertex 2.54222565e+01 8.12717667e+01 1.34148750e+01
   vertex 2.54412689e+01 8.34698181e+01 1.22487526e+01
  endloop
 endfacet
 facet normal -8.29402566e-01 -2.46522292e-01 -5.01316369e-01
  outer loop
   vertex 2.87230301e+01 7.79672699e+01 9.57630539e+00
   vertex 2.70864105e+01 7.95998688e+01 1.14823875e+01
   vertex 2.83398438e+01 8.07779846e+01 8.81407166e+00
  endloop
 endfacet
 facet normal -8.29324484e-01 -2.54319698e-01 -4.97536302e-01
  outer loop
   vertex 2.83398438e+01 8.07779846e+01 8.81407166e+00
   vertex 2.70864105e+01 7.95998688e+01 1.14823875e+01
   vertex 2.69065475e+01 8.21143951e+01 1.05119972e+01
  endloop
 endfacet
 facet normal -8.28774273e-01 -2.25576907e-01 -5.12101769e-01
  outer loop
   vertex 2.90077667e+01 7.51006393e+01 1.03905449e+01
   vertex 2.71775436e+01 7.70169449e+01 1.25115929e+01
   vertex 2.87230301e+01 7.79672699e+01 9.57630539e+00
  endloop
 endfacet
 facet normal -8.28970373e-01 -2.34128699e-01 -5.07929027e-01
  outer loop
   vertex 2.87230301e+01 7.79672699e+01 9.57630539e+00
   vertex 2.71775436e+01 7.70169449e+01 1.25115929e+01
   vertex 2.70864105e+01 7.95998688e+01 1.14823875e+01
  endloop
 endfacet
 facet normal -9.86017764e-01 7.64418021e-02 -1.48073167e-01
  outer loop
   vertex 2.36058960e+01 9.07572784e+01 1.10996552e+01
   vertex 2.39773636e+01 9.23270340e+01 9.40769958e+00
   vertex 2.44238586e+01 9.03290939e+01 9.93572235e+00
  endloop
 endfacet
 facet normal -9.36490536e-01 -1.27622798e-01 -3.26646477e-01
  outer loop
   vertex 2.44238586e+01 9.03290939e+01 9.93572235e+00
   vertex 2.39773636e+01 9.23270340e+01 9.40769958e+00
   vertex 2.45524597e+01 9.21859589e+01 8.49034882e+00
  endloop
 endfacet
 facet normal -9.85549092e-01 9.05325711e-02 -1.43167287e-01
  outer loop
   vertex 2.32344284e+01 8.91875153e+01 1.27916145e+01
   vertex 2.36058960e+01 9.07572784e+01 1.10996552e+01
   vertex 2.42854538e+01 8.84848099e+01 1.13447037e+01
  endloop
 endfacet
 facet normal -9.37954783e-01 -1.18712820e-01 -3.25803697e-01
  outer loop
   vertex 2.42854538e+01 8.84848099e+01 1.13447037e+01
   vertex 2.36058960e+01 9.07572784e+01 1.10996552e+01
   vertex 2.44238586e+01 9.03290939e+01 9.93572235e+00
  endloop
 endfacet
 facet normal -9.91041303e-01 5.45960031e-02 -1.21887110e-01
  outer loop
   vertex 2.48715591e+01 9.63376083e+01 5.13659668e+00
   vertex 2.49960938e+01 9.41866837e+01 6.36774826e+00
   vertex 2.47959290e+01 9.59020844e+01 5.58018875e+00
  endloop
 endfacet
 facet normal -9.40967619e-01 -1.37429148e-01 -3.09343070e-01
  outer loop
   vertex 2.47959290e+01 9.59020844e+01 5.58018875e+00
   vertex 2.49960938e+01 9.41866837e+01 6.36774826e+00
   vertex 2.46755600e+01 9.40437775e+01 7.03721237e+00
  endloop
 endfacet
 facet normal -8.30278873e-01 -3.09013575e-01 -4.63840067e-01
  outer loop
   vertex 2.49960938e+01 9.41866837e+01 6.36774826e+00
   vertex 2.51170578e+01 9.20381012e+01 7.58990479e+00
   vertex 2.46755600e+01 9.40437775e+01 7.03721237e+00
  endloop
 endfacet
 facet normal -8.28800440e-01 -3.08843434e-01 -4.66589332e-01
  outer loop
   vertex 2.46755600e+01 9.40437775e+01 7.03721237e+00
   vertex 2.51170578e+01 9.20381012e+01 7.58990479e+00
   vertex 2.45524597e+01 9.21859589e+01 8.49034882e+00
  endloop
 endfacet
 facet normal -9.36874211e-01 -1.30564108e-01 -3.24375838e-01
  outer loop
   vertex 2.46755600e+01 9.40437775e+01 7.03721237e+00
   vertex 2.45524597e+01 9.21859589e+01 8.49034882e+00
   vertex 2.43488235e+01 9.38967896e+01 7.71574402e+00
  endloop
 endfacet
 facet normal -9.86203611e-01 7.06891119e-02 -1.49684727e-01
  outer loop
   vertex 2.43488235e+01 9.38967896e+01 7.71574402e+00
   vertex 2.45524597e+01 9.21859589e+01 8.49034882e+00
   vertex 2.39773636e+01 9.23270340e+01 9.40769958e+00
  endloop
 endfacet
 facet normal -9.90391850e-01 6.45546839e-02 -1.22297332e-01
  outer loop
   vertex 2.47959290e+01 9.59020844e+01 5.58018875e+00
   vertex 2.46755600e+01 9.40437775e+01 7.03721237e+00
   vertex 2.47202911e+01 9.54665527e+01 6.02378845e+00
  endloop
 endfacet
 facet normal -9.88331974e-01 7.09777698e-02 -1.34766608e-01
  outer loop
   vertex 2.47202911e+01 9.54665527e+01 6.02378845e+00
   vertex 2.46755600e+01 9.40437775e+01 7.03721237e+00
   vertex 2.43488235e+01 9.38967896e+01 7.71574402e+00
  endloop
 endfacet
 facet normal -8.52393866e-01 -3.06901991e-01 -4.23362583e-01
  outer loop
   vertex 2.55619507e+01 9.44071503e+01 5.14047241e+00
   vertex 2.61645584e+01 9.16871109e+01 5.91632843e+00
   vertex 2.53042450e+01 9.43214264e+01 5.71643829e+00
  endloop
 endfacet
 facet normal -8.40130746e-01 -3.07810515e-01 -4.46579188e-01
  outer loop
   vertex 2.53042450e+01 9.43214264e+01 5.71643829e+00
   vertex 2.61645584e+01 9.16871109e+01 5.91632843e+00
   vertex 2.56606445e+01 9.18766785e+01 6.72328568e+00
  endloop
 endfacet
 facet normal -8.35881233e-01 -3.08615476e-01 -4.53937262e-01
  outer loop
   vertex 2.53042450e+01 9.43214264e+01 5.71643829e+00
   vertex 2.56606445e+01 9.18766785e+01 6.72328568e+00
   vertex 2.49960938e+01 9.41866837e+01 6.36774826e+00
  endloop
 endfacet
 facet normal -8.31751108e-01 -3.08692038e-01 -4.61410135e-01
  outer loop
   vertex 2.49960938e+01 9.41866837e+01 6.36774826e+00
   vertex 2.56606445e+01 9.18766785e+01 6.72328568e+00
   vertex 2.51170578e+01 9.20381012e+01 7.58990479e+00
  endloop
 endfacet
 facet normal -9.92172480e-01 4.99030910e-02 -1.14470519e-01
  outer loop
   vertex 2.49471970e+01 9.67731323e+01 4.69301224e+00
   vertex 2.53042450e+01 9.43214264e+01 5.71643829e+00
   vertex 2.48715591e+01 9.63376083e+01 5.13659668e+00
  endloop
 endfacet
 facet normal -9.43331063e-01 -1.38953403e-01 -3.01360935e-01
  outer loop
   vertex 2.48715591e+01 9.63376083e+01 5.13659668e+00
   vertex 2.53042450e+01 9.43214264e+01 5.71643829e+00
   vertex 2.49960938e+01 9.41866837e+01 6.36774826e+00
  endloop
 endfacet
 facet normal -9.77068245e-01 3.02602798e-02 2.10765183e-01
  outer loop
   vertex 2.50228348e+01 9.72086639e+01 4.24941254e+00
   vertex 2.55619507e+01 9.44071503e+01 5.14047241e+00
   vertex 2.49471970e+01 9.67731323e+01 4.69301224e+00
  endloop
 endfacet
 facet normal -9.52046454e-01 -1.39343604e-01 -2.72379994e-01
  outer loop
   vertex 2.49471970e+01 9.67731323e+01 4.69301224e+00
   vertex 2.55619507e+01 9.44071503e+01 5.14047241e+00
   vertex 2.53042450e+01 9.43214264e+01 5.71643829e+00
  endloop
 endfacet
 facet normal -9.88597393e-01 1.94319116e-04 1.50582626e-01
  outer loop
   vertex 3.92938385e+01 3.94555893e+01 1.65043259e+00
   vertex 3.94203415e+01 3.96604538e+01 1.96570587e+00
   vertex 3.93173676e+01 4.12072983e+01 1.70381927e+00
  endloop
 endfacet
 facet normal -9.99383807e-01 -5.90219395e-03 -3.46000940e-02
  outer loop
   vertex 3.93173676e+01 4.12072983e+01 1.70381927e+00
   vertex 3.94203415e+01 3.96604538e+01 1.96570587e+00
   vertex 3.93997726e+01 4.12635880e+01 1.98719788e+00
  endloop
 endfacet
 facet normal -9.66910303e-01 1.45674292e-02 2.54700303e-01
  outer loop
   vertex 3.91963348e+01 3.93451157e+01 1.32754898e+00
   vertex 3.92938385e+01 3.94555893e+01 1.65043259e+00
   vertex 3.92437439e+01 4.11702728e+01 1.42003250e+00
  endloop
 endfacet
 facet normal -9.60690975e-01 -2.27859500e-03 2.77610630e-01
  outer loop
   vertex 3.92437439e+01 4.11702728e+01 1.42003250e+00
   vertex 3.92938385e+01 3.94555893e+01 1.65043259e+00
   vertex 3.93173676e+01 4.12072983e+01 1.70381927e+00
  endloop
 endfacet
 facet normal -9.65919733e-01 7.36877248e-02 2.48131275e-01
  outer loop
   vertex 3.90500336e+01 3.72261887e+01 1.25535202e+00
   vertex 3.91652451e+01 3.73814621e+01 1.60798645e+00
   vertex 3.91963348e+01 3.93451157e+01 1.32754898e+00
  endloop
 endfacet
 facet normal -9.53515410e-01 4.67323214e-02 2.97698528e-01
  outer loop
   vertex 3.91963348e+01 3.93451157e+01 1.32754898e+00
   vertex 3.91652451e+01 3.73814621e+01 1.60798645e+00
   vertex 3.92938385e+01 3.94555893e+01 1.65043259e+00
  endloop
 endfacet
 facet normal -9.76938546e-01 5.76083288e-02 2.05602348e-01
  outer loop
   vertex 3.91652451e+01 3.73814621e+01 1.60798645e+00
   vertex 3.94409103e+01 3.80573120e+01 1.94421768e+00
   vertex 3.92938385e+01 3.94555893e+01 1.65043259e+00
  endloop
 endfacet
 facet normal -9.99211848e-01 2.74740886e-02 2.86503918e-02
  outer loop
   vertex 3.92938385e+01 3.94555893e+01 1.65043259e+00
   vertex 3.94409103e+01 3.80573120e+01 1.94421768e+00
   vertex 3.94203415e+01 3.96604538e+01 1.96570587e+00
  endloop
 endfacet
 facet normal -9.63115275e-01 -3.16478014e-02 2.67221659e-01
  outer loop
   vertex 3.92384567e+01 4.28798218e+01 1.51501465e+00
   vertex 3.93057785e+01 4.28819275e+01 1.75888062e+00
   vertex 3.91915436e+01 4.45748215e+01 1.59641266e+00
  endloop
 endfacet
 facet normal -9.53611374e-01 -3.85173634e-02 2.98566252e-01
  outer loop
   vertex 3.91915436e+01 4.45748215e+01 1.59641266e+00
   vertex 3.93057785e+01 4.28819275e+01 1.75888062e+00
   vertex 3.92585297e+01 4.45686951e+01 1.81043243e+00
  endloop
 endfacet
 facet normal -9.68665719e-01 -1.51302069e-02 2.47906774e-01
  outer loop
   vertex 3.92437439e+01 4.11702728e+01 1.42003250e+00
   vertex 3.93173676e+01 4.12072983e+01 1.70381927e+00
   vertex 3.92384567e+01 4.28798218e+01 1.51501465e+00
  endloop
 endfacet
 facet normal -9.63695168e-01 -2.04780828e-02 2.66218394e-01
  outer loop
   vertex 3.92384567e+01 4.28798218e+01 1.51501465e+00
   vertex 3.93173676e+01 4.12072983e+01 1.70381927e+00
   vertex 3.93057785e+01 4.28819275e+01 1.75888062e+00
  endloop
 endfacet
 facet normal -9.85150993e-01 -3.59747820e-02 1.67879075e-01
  outer loop
   vertex 3.92585297e+01 4.45686951e+01 1.81043243e+00
   vertex 3.93057785e+01 4.28819275e+01 1.75888062e+00
   vertex 3.93586273e+01 4.44698715e+01 2.03016663e+00
  endloop
 endfacet
 facet normal -9.99619424e-01 -2.22371519e-02 -1.63268894e-02
  outer loop
   vertex 3.93586273e+01 4.44698715e+01 2.03016663e+00
   vertex 3.93057785e+01 4.28819275e+01 1.75888062e+00
   vertex 3.93791962e+01 4.28667297e+01 2.00868225e+00
  endloop
 endfacet
 facet normal -9.99001920e-01 9.17791948e-03 -4.37139645e-02
  outer loop
   vertex 3.91833496e+01 4.28430939e+01 1.28301239e+00
   vertex 3.91343689e+01 4.27890625e+01 1.05695343e+00
   vertex 3.91876831e+01 4.11717911e+01 1.13539886e+00
  endloop
 endfacet
 facet normal -9.43479240e-01 4.01081592e-02 -3.28995764e-01
  outer loop
   vertex 3.91876831e+01 4.11717911e+01 1.13539886e+00
   vertex 3.91343689e+01 4.27890625e+01 1.05695343e+00
   vertex 3.91404190e+01 4.11925812e+01 8.50360870e-01
  endloop
 endfacet
 facet normal -9.72366869e-01 -2.05425508e-02 2.32552603e-01
  outer loop
   vertex 3.92384567e+01 4.28798218e+01 1.51501465e+00
   vertex 3.91833496e+01 4.28430939e+01 1.28301239e+00
   vertex 3.92437439e+01 4.11702728e+01 1.42003250e+00
  endloop
 endfacet
 facet normal -9.78176892e-01 -1.62225310e-02 2.07139492e-01
  outer loop
   vertex 3.92437439e+01 4.11702728e+01 1.42003250e+00
   vertex 3.91833496e+01 4.28430939e+01 1.28301239e+00
   vertex 3.91876831e+01 4.11717911e+01 1.13539886e+00
  endloop
 endfacet
 facet normal -9.67884064e-01 -3.94123606e-02 2.48288393e-01
  outer loop
   vertex 3.91915436e+01 4.45748215e+01 1.59641266e+00
   vertex 3.91428680e+01 4.45290222e+01 1.40019608e+00
   vertex 3.92384567e+01 4.28798218e+01 1.51501465e+00
  endloop
 endfacet
 facet normal -9.72150743e-01 -3.36510353e-02 2.31927827e-01
  outer loop
   vertex 3.92384567e+01 4.28798218e+01 1.51501465e+00
   vertex 3.91428680e+01 4.45290222e+01 1.40019608e+00
   vertex 3.91833496e+01 4.28430939e+01 1.28301239e+00
  endloop
 endfacet
 facet normal -9.99475002e-01 -2.76675038e-02 -1.68602839e-02
  outer loop
   vertex 3.91428680e+01 4.45290222e+01 1.40019608e+00
   vertex 3.91283188e+01 4.43855438e+01 1.26354218e+00
   vertex 3.91833496e+01 4.28430939e+01 1.28301239e+00
  endloop
 endfacet
 facet normal -9.59553421e-01 1.27300723e-02 -2.81238616e-01
  outer loop
   vertex 3.91833496e+01 4.28430939e+01 1.28301239e+00
   vertex 3.91283188e+01 4.43855438e+01 1.26354218e+00
   vertex 3.91343689e+01 4.27890625e+01 1.05695343e+00
  endloop
 endfacet
 facet normal -9.93332624e-01 5.50115667e-02 1.01311348e-01
  outer loop
   vertex 3.91568909e+01 3.94234161e+01 9.89459991e-01
   vertex 3.90218964e+01 3.73540726e+01 8.79898071e-01
   vertex 3.91963348e+01 3.93451157e+01 1.32754898e+00
  endloop
 endfacet
 facet normal -9.86761928e-01 7.79148862e-02 1.42232940e-01
  outer loop
   vertex 3.91963348e+01 3.93451157e+01 1.32754898e+00
   vertex 3.90218964e+01 3.73540726e+01 8.79898071e-01
   vertex 3.90500336e+01 3.72261887e+01 1.25535202e+00
  endloop
 endfacet
 facet normal -9.86227036e-01 1.86260808e-02 1.64345101e-01
  outer loop
   vertex 3.91963348e+01 3.93451157e+01 1.32754898e+00
   vertex 3.92437439e+01 4.11702728e+01 1.42003250e+00
   vertex 3.91568909e+01 3.94234161e+01 9.89459991e-01
  endloop
 endfacet
 facet normal -9.87852216e-01 3.09978845e-04 1.55395985e-01
  outer loop
   vertex 3.91568909e+01 3.94234161e+01 9.89459991e-01
   vertex 3.92437439e+01 4.11702728e+01 1.42003250e+00
   vertex 3.91876831e+01 4.11717911e+01 1.13539886e+00
  endloop
 endfacet
 facet normal -9.21669662e-01 4.39621285e-02 -3.85476768e-01
  outer loop
   vertex 3.91404190e+01 4.11925812e+01 8.50360870e-01
   vertex 3.91464615e+01 3.95960922e+01 6.43764496e-01
   vertex 3.91876831e+01 4.11717911e+01 1.13539886e+00
  endloop
 endfacet
 facet normal -9.87925887e-01 3.04730386e-02 -1.51900873e-01
  outer loop
   vertex 3.91876831e+01 4.11717911e+01 1.13539886e+00
   vertex 3.91464615e+01 3.95960922e+01 6.43764496e-01
   vertex 3.91568909e+01 3.94234161e+01 9.89459991e-01
  endloop
 endfacet
 facet normal -8.57322454e-01 6.61970749e-02 -5.10505795e-01
  outer loop
   vertex 3.91464615e+01 3.95960922e+01 6.43764496e-01
   vertex 3.91525040e+01 3.79996109e+01 4.37171936e-01
   vertex 3.91568909e+01 3.94234161e+01 9.89459991e-01
  endloop
 endfacet
 facet normal -9.62737381e-01 7.67023042e-02 -2.59332865e-01
  outer loop
   vertex 3.91568909e+01 3.94234161e+01 9.89459991e-01
   vertex 3.91525040e+01 3.79996109e+01 4.37171936e-01
   vertex 3.90218964e+01 3.73540726e+01 8.79898071e-01
  endloop
 endfacet
 facet normal -7.41787136e-01 7.96433464e-02 -6.65889502e-01
  outer loop
   vertex 3.08336639e+01 4.77966843e+01 1.23002815e+01
   vertex 2.79569855e+01 5.06839523e+01 1.58414917e+01
   vertex 3.10433960e+01 4.97341461e+01 1.22874527e+01
  endloop
 endfacet
 facet normal -7.45653689e-01 7.39746019e-02 -6.62214696e-01
  outer loop
   vertex 3.10433960e+01 4.97341461e+01 1.22874527e+01
   vertex 2.79569855e+01 5.06839523e+01 1.58414917e+01
   vertex 2.82040634e+01 5.26345444e+01 1.58057861e+01
  endloop
 endfacet
 facet normal -7.44595706e-01 6.90417439e-02 -6.63935602e-01
  outer loop
   vertex 3.36906128e+01 4.49882050e+01 8.82146072e+00
   vertex 3.08336639e+01 4.77966843e+01 1.23002815e+01
   vertex 3.38449478e+01 4.68761902e+01 8.82389069e+00
  endloop
 endfacet
 facet normal -7.47929573e-01 6.60975203e-02 -6.60478950e-01
  outer loop
   vertex 3.38449478e+01 4.68761902e+01 8.82389069e+00
   vertex 3.08336639e+01 4.77966843e+01 1.23002815e+01
   vertex 3.10433960e+01 4.97341461e+01 1.22874527e+01
  endloop
 endfacet
 facet normal -7.35061765e-01 8.54428485e-02 -6.72594786e-01
  outer loop
   vertex 3.08336639e+01 4.77966843e+01 1.23002815e+01
   vertex 3.36906128e+01 4.49882050e+01 8.82146072e+00
   vertex 3.05616150e+01 4.56464844e+01 1.22941818e+01
  endloop
 endfacet
 facet normal -7.31668830e-01 8.71566609e-02 -6.76065385e-01
  outer loop
   vertex 3.05616150e+01 4.56464844e+01 1.22941818e+01
   vertex 3.36906128e+01 4.49882050e+01 8.82146072e+00
   vertex 3.34615936e+01 4.28548660e+01 8.80889893e+00
  endloop
 endfacet
 facet normal -7.34133601e-01 9.40251127e-02 -6.72463536e-01
  outer loop
   vertex 2.79569855e+01 5.06839523e+01 1.58414917e+01
   vertex 3.08336639e+01 4.77966843e+01 1.23002815e+01
   vertex 2.76552658e+01 4.85400009e+01 1.58478432e+01
  endloop
 endfacet
 facet normal -7.30758011e-01 9.68822017e-02 -6.75726712e-01
  outer loop
   vertex 2.76552658e+01 4.85400009e+01 1.58478432e+01
   vertex 3.08336639e+01 4.77966843e+01 1.23002815e+01
   vertex 3.05616150e+01 4.56464844e+01 1.22941818e+01
  endloop
 endfacet
 facet normal -7.73459673e-01 1.97036061e-02 -6.33539200e-01
  outer loop
   vertex 3.39535065e+01 4.86393738e+01 8.80211258e+00
   vertex 3.12064209e+01 5.15334091e+01 1.22368774e+01
   vertex 3.40276031e+01 5.03592300e+01 8.74305344e+00
  endloop
 endfacet
 facet normal -7.76912153e-01 1.23505173e-02 -6.29487872e-01
  outer loop
   vertex 3.40276031e+01 5.03592300e+01 8.74305344e+00
   vertex 3.12064209e+01 5.15334091e+01 1.22368774e+01
   vertex 3.13383789e+01 5.32690582e+01 1.21297112e+01
  endloop
 endfacet
 facet normal -7.58876383e-01 4.63107117e-02 -6.49585962e-01
  outer loop
   vertex 3.38449478e+01 4.68761902e+01 8.82389069e+00
   vertex 3.10433960e+01 4.97341461e+01 1.22874527e+01
   vertex 3.39535065e+01 4.86393738e+01 8.80211258e+00
  endloop
 endfacet
 facet normal -7.62311697e-01 4.11135256e-02 -6.45902932e-01
  outer loop
   vertex 3.39535065e+01 4.86393738e+01 8.80211258e+00
   vertex 3.10433960e+01 4.97341461e+01 1.22874527e+01
   vertex 3.12064209e+01 5.15334091e+01 1.22368774e+01
  endloop
 endfacet
 facet normal -7.59320736e-01 4.70152646e-02 -6.49015903e-01
  outer loop
   vertex 2.84122620e+01 5.44533997e+01 1.57180939e+01
   vertex 3.12064209e+01 5.15334091e+01 1.22368774e+01
   vertex 2.82040634e+01 5.26345444e+01 1.58057861e+01
  endloop
 endfacet
 facet normal -7.55234361e-01 5.52318357e-02 -6.53123677e-01
  outer loop
   vertex 2.82040634e+01 5.26345444e+01 1.58057861e+01
   vertex 3.12064209e+01 5.15334091e+01 1.22368774e+01
   vertex 3.10433960e+01 4.97341461e+01 1.22874527e+01
  endloop
 endfacet
 facet normal -7.69835413e-01 2.55431738e-02 -6.37731075e-01
  outer loop
   vertex 3.12064209e+01 5.15334091e+01 1.22368774e+01
   vertex 2.84122620e+01 5.44533997e+01 1.57180939e+01
   vertex 3.13383789e+01 5.32690582e+01 1.21297112e+01
  endloop
 endfacet
 facet normal -7.73741543e-01 1.54918246e-02 -6.33311927e-01
  outer loop
   vertex 3.13383789e+01 5.32690582e+01 1.21297112e+01
   vertex 2.84122620e+01 5.44533997e+01 1.57180939e+01
   vertex 2.85973587e+01 5.62021370e+01 1.55557480e+01
  endloop
 endfacet
 facet normal -8.63174260e-01 1.12957926e-02 -5.04779696e-01
  outer loop
   vertex 3.66732025e+01 4.57515030e+01 5.39778900e+00
   vertex 3.93791962e+01 4.28667297e+01 2.00868225e+00
   vertex 3.66271896e+01 4.40595703e+01 5.39649963e+00
  endloop
 endfacet
 facet normal -9.33783472e-01 4.53823991e-03 -3.57809693e-01
  outer loop
   vertex 3.66271896e+01 4.40595703e+01 5.39649963e+00
   vertex 3.93791962e+01 4.28667297e+01 2.00868225e+00
   vertex 3.93997726e+01 4.12635880e+01 1.98719788e+00
  endloop
 endfacet
 facet normal -7.64715552e-01 3.06416396e-02 -6.43639028e-01
  outer loop
   vertex 3.66271896e+01 4.40595703e+01 5.39649963e+00
   vertex 3.38449478e+01 4.68761902e+01 8.82389069e+00
   vertex 3.66732025e+01 4.57515030e+01 5.39778900e+00
  endloop
 endfacet
 facet normal -7.66964972e-01 2.93887071e-02 -6.41015589e-01
  outer loop
   vertex 3.66732025e+01 4.57515030e+01 5.39778900e+00
   vertex 3.38449478e+01 4.68761902e+01 8.82389069e+00
   vertex 3.39535065e+01 4.86393738e+01 8.80211258e+00
  endloop
 endfacet
 facet normal -7.38738000e-01 7.05841258e-02 -6.70286536e-01
  outer loop
   vertex 3.36906128e+01 4.49882050e+01 8.82146072e+00
   vertex 3.65538940e+01 4.22954025e+01 5.38338852e+00
   vertex 3.34615936e+01 4.28548660e+01 8.80889893e+00
  endloop
 endfacet
 facet normal -7.34592199e-01 7.25458860e-02 -6.74619436e-01
  outer loop
   vertex 3.34615936e+01 4.28548660e+01 8.80889893e+00
   vertex 3.65538940e+01 4.22954025e+01 5.38338852e+00
   vertex 3.63865356e+01 4.02259216e+01 5.36796951e+00
  endloop
 endfacet
 facet normal -7.50843704e-01 5.03366739e-02 -6.58558965e-01
  outer loop
   vertex 3.65538940e+01 4.22954025e+01 5.38338852e+00
   vertex 3.36906128e+01 4.49882050e+01 8.82146072e+00
   vertex 3.66271896e+01 4.40595703e+01 5.39649963e+00
  endloop
 endfacet
 facet normal -7.53331006e-01 5.05102836e-02 -6.55698955e-01
  outer loop
   vertex 3.66271896e+01 4.40595703e+01 5.39649963e+00
   vertex 3.36906128e+01 4.49882050e+01 8.82146072e+00
   vertex 3.38449478e+01 4.68761902e+01 8.82389069e+00
  endloop
 endfacet
 facet normal -9.34350550e-01 1.49909016e-02 -3.56039733e-01
  outer loop
   vertex 3.94203415e+01 3.96604538e+01 1.96570587e+00
   vertex 3.65538940e+01 4.22954025e+01 5.38338852e+00
   vertex 3.93997726e+01 4.12635880e+01 1.98719788e+00
  endloop
 endfacet
 facet normal -8.54919970e-01 2.45972592e-02 -5.18176377e-01
  outer loop
   vertex 3.93997726e+01 4.12635880e+01 1.98719788e+00
   vertex 3.65538940e+01 4.22954025e+01 5.38338852e+00
   vertex 3.66271896e+01 4.40595703e+01 5.39649963e+00
  endloop
 endfacet
 facet normal -8.51211905e-01 4.45096493e-02 -5.22931337e-01
  outer loop
   vertex 3.65538940e+01 4.22954025e+01 5.38338852e+00
   vertex 3.94203415e+01 3.96604538e+01 1.96570587e+00
   vertex 3.63865356e+01 4.02259216e+01 5.36796951e+00
  endloop
 endfacet
 facet normal -9.43844199e-01 5.14614135e-02 -3.26358438e-01
  outer loop
   vertex 3.63865356e+01 4.02259216e+01 5.36796951e+00
   vertex 3.94203415e+01 3.96604538e+01 1.96570587e+00
   vertex 3.94409103e+01 3.80573120e+01 1.94421768e+00
  endloop
 endfacet
 facet normal -2.43261114e-01 -9.30845618e-01 -2.72672832e-01
  outer loop
   vertex 2.95106964e+01 8.72869110e+01 2.75064468e+00
   vertex 3.13052368e+01 8.35701904e+01 2.50715256e+00
   vertex 2.95108643e+01 8.72814484e+01 2.76205826e+00
  endloop
 endfacet
 facet normal -6.84546173e-01 -7.04894423e-01 -1.85796633e-01
  outer loop
   vertex 3.13052368e+01 8.35701904e+01 2.50715256e+00
   vertex 2.95556793e+01 8.71211624e+01 2.88416290e+00
   vertex 2.95108643e+01 8.72814484e+01 2.76205826e+00
  endloop
 endfacet
 facet normal -7.35754073e-01 6.47334233e-02 -6.74148023e-01
  outer loop
   vertex 2.61704483e+01 9.44504242e+01 3.50424576e+00
   vertex 2.44784012e+01 9.79912262e+01 3.90372467e+00
   vertex 2.62843094e+01 9.46777344e+01 3.37030411e+00
  endloop
 endfacet
 facet normal -8.26805413e-01 3.33983779e-01 -4.52600956e-01
  outer loop
   vertex 2.62843094e+01 9.46777344e+01 3.37030411e+00
   vertex 2.44784012e+01 9.79912262e+01 3.90372467e+00
   vertex 2.46497955e+01 9.82083817e+01 3.79225159e+00
  endloop
 endfacet
 facet normal -6.76035285e-01 -2.36519814e-01 -6.97878718e-01
  outer loop
   vertex 2.78506012e+01 9.08912659e+01 3.11629868e+00
   vertex 2.61704483e+01 9.44504242e+01 3.50424576e+00
   vertex 2.79010010e+01 9.11195755e+01 2.96565247e+00
  endloop
 endfacet
 facet normal -6.29518092e-01 -2.04996616e-01 -7.49455392e-01
  outer loop
   vertex 2.79010010e+01 9.11195755e+01 2.96565247e+00
   vertex 2.61704483e+01 9.44504242e+01 3.50424576e+00
   vertex 2.62843094e+01 9.46777344e+01 3.37030411e+00
  endloop
 endfacet
 facet normal -7.70551324e-01 -3.01247656e-01 -5.61694324e-01
  outer loop
   vertex 2.78061295e+01 9.06721344e+01 3.26117325e+00
   vertex 2.60565720e+01 9.42231064e+01 3.63818741e+00
   vertex 2.78506012e+01 9.08912659e+01 3.11629868e+00
  endloop
 endfacet
 facet normal -7.02729940e-01 -2.57060766e-01 -6.63393140e-01
  outer loop
   vertex 2.78506012e+01 9.08912659e+01 3.11629868e+00
   vertex 2.60565720e+01 9.42231064e+01 3.63818741e+00
   vertex 2.61704483e+01 9.44504242e+01 3.50424576e+00
  endloop
 endfacet
 facet normal -9.22598600e-01 1.85902342e-01 -3.38012040e-01
  outer loop
   vertex 2.44784012e+01 9.79912262e+01 3.90372467e+00
   vertex 2.61704483e+01 9.44504242e+01 3.50424576e+00
   vertex 2.43070068e+01 9.77740784e+01 4.01519775e+00
  endloop
 endfacet
 facet normal -8.84419203e-01 -1.37515247e-01 -4.45973337e-01
  outer loop
   vertex 2.43070068e+01 9.77740784e+01 4.01519775e+00
   vertex 2.61704483e+01 9.44504242e+01 3.50424576e+00
   vertex 2.60565720e+01 9.42231064e+01 3.63818741e+00
  endloop
 endfacet
 facet normal -5.94548523e-01 -1.62428632e-01 -7.87482679e-01
  outer loop
   vertex 2.79633026e+01 9.13662262e+01 2.80347443e+00
   vertex 2.63981857e+01 9.49050598e+01 3.23636246e+00
   vertex 2.80315399e+01 9.16220551e+01 2.63552856e+00
  endloop
 endfacet
 facet normal -4.62547421e-01 -8.82557482e-02 -8.82190943e-01
  outer loop
   vertex 2.80315399e+01 9.16220551e+01 2.63552856e+00
   vertex 2.63981857e+01 9.49050598e+01 3.23636246e+00
   vertex 2.65120697e+01 9.51323700e+01 3.10242081e+00
  endloop
 endfacet
 facet normal -6.78886652e-01 -2.23579243e-01 -6.99374914e-01
  outer loop
   vertex 2.79010010e+01 9.11195755e+01 2.96565247e+00
   vertex 2.62843094e+01 9.46777344e+01 3.37030411e+00
   vertex 2.79633026e+01 9.13662262e+01 2.80347443e+00
  endloop
 endfacet
 facet normal -6.35824680e-01 -1.94442213e-01 -7.46939898e-01
  outer loop
   vertex 2.79633026e+01 9.13662262e+01 2.80347443e+00
   vertex 2.62843094e+01 9.46777344e+01 3.37030411e+00
   vertex 2.63981857e+01 9.49050598e+01 3.23636246e+00
  endloop
 endfacet
 facet normal -7.43299544e-01 7.36605301e-02 -6.64890885e-01
  outer loop
   vertex 2.62843094e+01 9.46777344e+01 3.37030411e+00
   vertex 2.46497955e+01 9.82083817e+01 3.79225159e+00
   vertex 2.63981857e+01 9.49050598e+01 3.23636246e+00
  endloop
 endfacet
 facet normal -8.30151558e-01 3.42453718e-01 -4.39970285e-01
  outer loop
   vertex 2.63981857e+01 9.49050598e+01 3.23636246e+00
   vertex 2.46497955e+01 9.82083817e+01 3.79225159e+00
   vertex 2.48211823e+01 9.84255371e+01 3.68077850e+00
  endloop
 endfacet
 facet normal -6.61390781e-01 4.80784059e-01 -5.75681269e-01
  outer loop
   vertex 2.49925919e+01 9.86426849e+01 3.56930923e+00
   vertex 2.65120697e+01 9.51323700e+01 3.10242081e+00
   vertex 2.48211823e+01 9.84255371e+01 3.68077850e+00
  endloop
 endfacet
 facet normal -6.66916728e-01 1.37025326e-01 -7.32424855e-01
  outer loop
   vertex 2.48211823e+01 9.84255371e+01 3.68077850e+00
   vertex 2.65120697e+01 9.51323700e+01 3.10242081e+00
   vertex 2.63981857e+01 9.49050598e+01 3.23636246e+00
  endloop
 endfacet
 facet normal -7.49109268e-01 -2.58883506e-01 -6.09766066e-01
  outer loop
   vertex 2.79633026e+01 9.13662262e+01 2.80347443e+00
   vertex 2.95046387e+01 8.77907104e+01 2.39365768e+00
   vertex 2.79010010e+01 9.11195755e+01 2.96565247e+00
  endloop
 endfacet
 facet normal -6.22279882e-01 -9.18937474e-02 -7.77382374e-01
  outer loop
   vertex 2.94965210e+01 8.76886444e+01 2.46615219e+00
   vertex 2.91397858e+01 8.82885284e+01 2.67572021e+00
   vertex 2.95046387e+01 8.77907104e+01 2.39365768e+00
  endloop
 endfacet
 facet normal -6.91189766e-01 -1.81656688e-01 -6.99469507e-01
  outer loop
   vertex 2.91397858e+01 8.82885284e+01 2.67572021e+00
   vertex 2.79010010e+01 9.11195755e+01 2.96565247e+00
   vertex 2.95046387e+01 8.77907104e+01 2.39365768e+00
  endloop
 endfacet
 facet normal -6.88279688e-01 -2.13420093e-01 -6.93341851e-01
  outer loop
   vertex 2.95046387e+01 8.77907104e+01 2.39365768e+00
   vertex 2.79633026e+01 9.13662262e+01 2.80347443e+00
   vertex 2.95510025e+01 8.81117401e+01 2.16864014e+00
  endloop
 endfacet
 facet normal -5.64908564e-01 -1.42193615e-01 -8.12809527e-01
  outer loop
   vertex 2.95510025e+01 8.81117401e+01 2.16864014e+00
   vertex 2.79633026e+01 9.13662262e+01 2.80347443e+00
   vertex 2.80315399e+01 9.16220551e+01 2.63552856e+00
  endloop
 endfacet
 facet normal -7.18309283e-01 -2.27242768e-01 -6.57565594e-01
  outer loop
   vertex 3.09782715e+01 8.40673523e+01 2.06958008e+00
   vertex 2.95046387e+01 8.77907104e+01 2.39365768e+00
   vertex 3.10704880e+01 8.46014328e+01 1.70174408e+00
  endloop
 endfacet
 facet normal -5.94159663e-01 -1.65849790e-01 -7.87063003e-01
  outer loop
   vertex 3.10704880e+01 8.46014328e+01 1.70174408e+00
   vertex 2.95046387e+01 8.77907104e+01 2.39365768e+00
   vertex 2.95510025e+01 8.81117401e+01 2.16864014e+00
  endloop
 endfacet
 facet normal -6.95962965e-01 -1.69247463e-01 6.97847307e-01
  outer loop
   vertex 2.46649246e+01 9.74913712e+01 4.13230515e+00
   vertex 2.58499908e+01 9.43498383e+01 4.32897186e+00
   vertex 2.48438873e+01 9.73500137e+01 4.19085693e+00
  endloop
 endfacet
 facet normal -9.38966334e-01 -2.93034256e-01 1.80203125e-01
  outer loop
   vertex 2.48438873e+01 9.73500137e+01 4.19085693e+00
   vertex 2.58499908e+01 9.43498383e+01 4.32897186e+00
   vertex 2.57311859e+01 9.44029999e+01 4.69705200e+00
  endloop
 endfacet
 facet normal -7.68059075e-01 -7.16016218e-02 6.36363506e-01
  outer loop
   vertex 2.48438873e+01 9.73500137e+01 4.19085693e+00
   vertex 2.57311859e+01 9.44029999e+01 4.69705200e+00
   vertex 2.50228348e+01 9.72086639e+01 4.24941254e+00
  endloop
 endfacet
 facet normal -9.78151560e-01 -1.96788624e-01 6.70359731e-02
  outer loop
   vertex 2.57311859e+01 9.44029999e+01 4.69705200e+00
   vertex 2.55619507e+01 9.44071503e+01 5.14047241e+00
   vertex 2.50228348e+01 9.72086639e+01 4.24941254e+00
  endloop
 endfacet
 facet normal -6.91074848e-01 -2.01685369e-01 6.94073915e-01
  outer loop
   vertex 2.44859619e+01 9.76327209e+01 4.07374954e+00
   vertex 2.59563751e+01 9.42885132e+01 3.97904205e+00
   vertex 2.46649246e+01 9.74913712e+01 4.13230515e+00
  endloop
 endfacet
 facet normal -9.20725167e-01 -3.25922579e-01 2.14568585e-01
  outer loop
   vertex 2.46649246e+01 9.74913712e+01 4.13230515e+00
   vertex 2.59563751e+01 9.42885132e+01 3.97904205e+00
   vertex 2.58499908e+01 9.43498383e+01 4.32897186e+00
  endloop
 endfacet
 facet normal -9.64060664e-01 -1.09207928e-01 2.42199749e-01
  outer loop
   vertex 2.43070068e+01 9.77740784e+01 4.01519775e+00
   vertex 2.60565720e+01 9.42231064e+01 3.63818741e+00
   vertex 2.44859619e+01 9.76327209e+01 4.07374954e+00
  endloop
 endfacet
 facet normal -9.35790360e-01 -3.40990096e-01 8.95667747e-02
  outer loop
   vertex 2.44859619e+01 9.76327209e+01 4.07374954e+00
   vertex 2.60565720e+01 9.42231064e+01 3.63818741e+00
   vertex 2.59563751e+01 9.42885132e+01 3.97904205e+00
  endloop
 endfacet
 facet normal -9.10215735e-01 -3.73028725e-01 -1.79880232e-01
  outer loop
   vertex 3.13052368e+01 8.35701904e+01 2.50715256e+00
   vertex 3.02001877e+01 8.41252747e+01 3.77967072e+00
   vertex 2.95556793e+01 8.71211624e+01 2.88416290e+00
  endloop
 endfacet
 facet normal -1.71637043e-01 -6.58629298e-01 -7.32631028e-01
  outer loop
   vertex 2.95073929e+01 8.71520691e+01 2.94779587e+00
   vertex 2.95556793e+01 8.71211624e+01 2.88416290e+00
   vertex 2.94239426e+01 8.61134338e+01 3.79548264e+00
  endloop
 endfacet
 facet normal -5.71355164e-01 -5.14650643e-01 -6.39287114e-01
  outer loop
   vertex 3.02001877e+01 8.41252747e+01 3.77967072e+00
   vertex 2.94239426e+01 8.61134338e+01 3.79548264e+00
   vertex 2.95556793e+01 8.71211624e+01 2.88416290e+00
  endloop
 endfacet
 facet normal -9.58396375e-01 -2.82093853e-01 4.35831472e-02
  outer loop
   vertex 3.50400696e+01 7.16214371e+01 2.36428070e+00
   vertex 3.37951279e+01 7.56043549e+01 2.41190338e+00
   vertex 3.49194565e+01 7.17016907e+01 2.15645599e+00
  endloop
 endfacet
 facet normal -9.49812710e-01 -2.85721660e-01 1.27353489e-01
  outer loop
   vertex 3.49194565e+01 7.17016907e+01 2.15645599e+00
   vertex 3.37951279e+01 7.56043549e+01 2.41190338e+00
   vertex 3.37147980e+01 7.57151489e+01 2.21723938e+00
  endloop
 endfacet
 facet normal -9.51094329e-01 -2.83487409e-01 1.22696459e-01
  outer loop
   vertex 3.36498566e+01 7.58320312e+01 2.01665497e+00
   vertex 3.48366623e+01 7.17695923e+01 1.94799805e+00
   vertex 3.37147980e+01 7.57151489e+01 2.21723938e+00
  endloop
 endfacet
 facet normal -9.36354339e-01 -2.73855448e-01 2.19644636e-01
  outer loop
   vertex 3.37147980e+01 7.57151489e+01 2.21723938e+00
   vertex 3.48366623e+01 7.17695923e+01 1.94799805e+00
   vertex 3.49194565e+01 7.17016907e+01 2.15645599e+00
  endloop
 endfacet
 facet normal -9.42298472e-01 -2.54786283e-01 2.17157796e-01
  outer loop
   vertex 3.48366623e+01 7.17695923e+01 1.94799805e+00
   vertex 3.58826675e+01 6.77198029e+01 1.89873505e+00
   vertex 3.49194565e+01 7.17016907e+01 2.15645599e+00
  endloop
 endfacet
 facet normal -8.91921461e-01 -2.35143989e-01 3.86242688e-01
  outer loop
   vertex 3.49194565e+01 7.17016907e+01 2.15645599e+00
   vertex 3.58826675e+01 6.77198029e+01 1.89873505e+00
   vertex 3.59813614e+01 6.76960297e+01 2.10945892e+00
  endloop
 endfacet
 facet normal -9.38117921e-01 -2.46421874e-01 2.43333265e-01
  outer loop
   vertex 3.62850113e+01 6.76385193e+01 2.31665039e+00
   vertex 3.50400696e+01 7.16214371e+01 2.36428070e+00
   vertex 3.59813614e+01 6.76960297e+01 2.10945892e+00
  endloop
 endfacet
 facet normal -9.14584398e-01 -2.56515235e-01 3.12626511e-01
  outer loop
   vertex 3.59813614e+01 6.76960297e+01 2.10945892e+00
   vertex 3.50400696e+01 7.16214371e+01 2.36428070e+00
   vertex 3.49194565e+01 7.17016907e+01 2.15645599e+00
  endloop
 endfacet
 facet normal -9.24235642e-01 -3.45515728e-01 1.62503347e-01
  outer loop
   vertex 3.09857635e+01 8.37739029e+01 2.30056381e+00
   vertex 3.23706360e+01 7.98579559e+01 2.12087250e+00
   vertex 3.10645981e+01 8.35905304e+01 2.46233749e+00
  endloop
 endfacet
 facet normal -8.96013081e-01 -3.20756048e-01 3.07044148e-01
  outer loop
   vertex 3.10645981e+01 8.35905304e+01 2.46233749e+00
   vertex 3.23706360e+01 7.98579559e+01 2.12087250e+00
   vertex 3.24485321e+01 7.97042694e+01 2.30173492e+00
  endloop
 endfacet
 facet normal -9.47315156e-01 -3.04952055e-01 9.79706198e-02
  outer loop
   vertex 3.23706360e+01 7.98579559e+01 2.12087250e+00
   vertex 3.36498566e+01 7.58320312e+01 2.01665497e+00
   vertex 3.24485321e+01 7.97042694e+01 2.30173492e+00
  endloop
 endfacet
 facet normal -9.40974057e-01 -2.94826746e-01 1.66267917e-01
  outer loop
   vertex 3.24485321e+01 7.97042694e+01 2.30173492e+00
   vertex 3.36498566e+01 7.58320312e+01 2.01665497e+00
   vertex 3.37147980e+01 7.57151489e+01 2.21723938e+00
  endloop
 endfacet
 facet normal -9.55022752e-01 -2.95877576e-01 -1.96975004e-02
  outer loop
   vertex 3.37951279e+01 7.56043549e+01 2.41190338e+00
   vertex 3.25501785e+01 7.95872726e+01 2.45952606e+00
   vertex 3.37147980e+01 7.57151489e+01 2.21723938e+00
  endloop
 endfacet
 facet normal -9.46495116e-01 -2.99947143e-01 1.19074345e-01
  outer loop
   vertex 3.37147980e+01 7.57151489e+01 2.21723938e+00
   vertex 3.25501785e+01 7.95872726e+01 2.45952606e+00
   vertex 3.24485321e+01 7.97042694e+01 2.30173492e+00
  endloop
 endfacet
 facet normal -9.27431524e-01 -3.25986832e-01 1.83312178e-01
  outer loop
   vertex 3.25501785e+01 7.95872726e+01 2.45952606e+00
   vertex 3.13052368e+01 8.35701904e+01 2.50715256e+00
   vertex 3.24485321e+01 7.97042694e+01 2.30173492e+00
  endloop
 endfacet
 facet normal -8.41150284e-01 -3.26164305e-01 4.31373477e-01
  outer loop
   vertex 3.24485321e+01 7.97042694e+01 2.30173492e+00
   vertex 3.13052368e+01 8.35701904e+01 2.50715256e+00
   vertex 3.10645981e+01 8.35905304e+01 2.46233749e+00
  endloop
 endfacet
 facet normal -7.95214713e-01 -2.37406805e-01 -5.57917178e-01
  outer loop
   vertex 3.23337555e+01 8.03488159e+01 1.64378738e+00
   vertex 3.35970078e+01 7.60962067e+01 1.58583069e+00
   vertex 3.23403015e+01 8.00850372e+01 1.89386368e+00
  endloop
 endfacet
 facet normal -9.05372560e-01 -2.74497449e-01 -3.23962480e-01
  outer loop
   vertex 3.23403015e+01 8.00850372e+01 1.89386368e+00
   vertex 3.35970078e+01 7.60962067e+01 1.58583069e+00
   vertex 3.36157150e+01 7.59610748e+01 1.80421066e+00
  endloop
 endfacet
 facet normal -9.47586596e-01 -3.01600128e-01 -1.05437115e-01
  outer loop
   vertex 3.23403015e+01 8.00850372e+01 1.89386368e+00
   vertex 3.36157150e+01 7.59610748e+01 1.80421066e+00
   vertex 3.23706360e+01 7.98579559e+01 2.12087250e+00
  endloop
 endfacet
 facet normal -9.53932345e-01 -2.99862951e-01 -9.76234023e-03
  outer loop
   vertex 3.23706360e+01 7.98579559e+01 2.12087250e+00
   vertex 3.36157150e+01 7.59610748e+01 1.80421066e+00
   vertex 3.36498566e+01 7.58320312e+01 2.01665497e+00
  endloop
 endfacet
 facet normal -9.06403720e-01 -3.07968587e-01 -2.89115280e-01
  outer loop
   vertex 3.09782715e+01 8.40673523e+01 2.06958008e+00
   vertex 3.23403015e+01 8.00850372e+01 1.89386368e+00
   vertex 3.09857635e+01 8.37739029e+01 2.30056381e+00
  endloop
 endfacet
 facet normal -9.37131882e-01 -3.19204688e-01 -1.41039550e-01
  outer loop
   vertex 3.09857635e+01 8.37739029e+01 2.30056381e+00
   vertex 3.23403015e+01 8.00850372e+01 1.89386368e+00
   vertex 3.23706360e+01 7.98579559e+01 2.12087250e+00
  endloop
 endfacet
 facet normal -6.59614563e-01 -1.92078650e-01 -7.26646006e-01
  outer loop
   vertex 3.10704880e+01 8.46014328e+01 1.70174408e+00
   vertex 3.23337555e+01 8.03488159e+01 1.64378738e+00
   vertex 3.09782715e+01 8.40673523e+01 2.06958008e+00
  endloop
 endfacet
 facet normal -8.29997659e-01 -2.60510892e-01 -4.93191630e-01
  outer loop
   vertex 3.09782715e+01 8.40673523e+01 2.06958008e+00
   vertex 3.23337555e+01 8.03488159e+01 1.64378738e+00
   vertex 3.23403015e+01 8.00850372e+01 1.89386368e+00
  endloop
 endfacet
 facet normal -9.68512595e-01 -2.47730032e-01 -2.47630440e-02
  outer loop
   vertex 3.58826675e+01 6.77198029e+01 1.89873505e+00
   vertex 3.48366623e+01 7.17695923e+01 1.94799805e+00
   vertex 3.58974991e+01 6.77064972e+01 1.68609619e+00
  endloop
 endfacet
 facet normal -9.59418356e-01 -2.56176263e-01 -1.17856614e-01
  outer loop
   vertex 3.58974991e+01 6.77064972e+01 1.68609619e+00
   vertex 3.48366623e+01 7.17695923e+01 1.94799805e+00
   vertex 3.48295517e+01 7.18127747e+01 1.73826218e+00
  endloop
 endfacet
 facet normal -9.58519042e-01 -2.82843024e-01 -3.52281965e-02
  outer loop
   vertex 3.36157150e+01 7.59610748e+01 1.80421066e+00
   vertex 3.48295517e+01 7.18127747e+01 1.73826218e+00
   vertex 3.36498566e+01 7.58320312e+01 2.01665497e+00
  endloop
 endfacet
 facet normal -9.60705280e-01 -2.76066780e-01 2.88520996e-02
  outer loop
   vertex 3.36498566e+01 7.58320312e+01 2.01665497e+00
   vertex 3.48295517e+01 7.18127747e+01 1.73826218e+00
   vertex 3.48366623e+01 7.17695923e+01 1.94799805e+00
  endloop
 endfacet
 facet normal -8.44446778e-01 -2.41630360e-01 -4.78042305e-01
  outer loop
   vertex 3.35970078e+01 7.60962067e+01 1.58583069e+00
   vertex 3.48602753e+01 7.18435974e+01 1.52787399e+00
   vertex 3.36157150e+01 7.59610748e+01 1.80421066e+00
  endloop
 endfacet
 facet normal -9.21741366e-01 -2.60753781e-01 -2.87054628e-01
  outer loop
   vertex 3.36157150e+01 7.59610748e+01 1.80421066e+00
   vertex 3.48602753e+01 7.18435974e+01 1.52787399e+00
   vertex 3.48295517e+01 7.18127747e+01 1.73826218e+00
  endloop
 endfacet
 facet normal -7.50268340e-01 -1.83649302e-01 -6.35114431e-01
  outer loop
   vertex 3.61235428e+01 6.75909882e+01 1.46991730e+00
   vertex 3.58974991e+01 6.77064972e+01 1.68609619e+00
   vertex 3.48602753e+01 7.18435974e+01 1.52787399e+00
  endloop
 endfacet
 facet normal -8.90517831e-01 -2.32825845e-01 -3.90858233e-01
  outer loop
   vertex 3.48602753e+01 7.18435974e+01 1.52787399e+00
   vertex 3.58974991e+01 6.77064972e+01 1.68609619e+00
   vertex 3.48295517e+01 7.18127747e+01 1.73826218e+00
  endloop
 endfacet
 facet normal -8.29334319e-01 -2.43164271e-01 -5.03066301e-01
  outer loop
   vertex 3.03092957e+01 7.63613129e+01 7.72554016e+00
   vertex 2.87230301e+01 7.79672699e+01 9.57630539e+00
   vertex 2.97269516e+01 7.94614258e+01 7.17092514e+00
  endloop
 endfacet
 facet normal -8.29655349e-01 -2.51231402e-01 -4.98552710e-01
  outer loop
   vertex 2.97269516e+01 7.94614258e+01 7.17092514e+00
   vertex 2.87230301e+01 7.79672699e+01 9.57630539e+00
   vertex 2.83398438e+01 8.07779846e+01 8.81407166e+00
  endloop
 endfacet
 facet normal -8.24477494e-01 -2.16962576e-01 -5.22650957e-01
  outer loop
   vertex 3.25441437e+01 7.13535919e+01 6.30076218e+00
   vertex 3.07827759e+01 7.32164917e+01 8.32506561e+00
   vertex 3.18763199e+01 7.47734222e+01 5.91593552e+00
  endloop
 endfacet
 facet normal -8.26953530e-01 -2.26504579e-01 -5.14629543e-01
  outer loop
   vertex 3.18763199e+01 7.47734222e+01 5.91593552e+00
   vertex 3.07827759e+01 7.32164917e+01 8.32506561e+00
   vertex 3.03092957e+01 7.63613129e+01 7.72554016e+00
  endloop
 endfacet
 facet normal -8.28181922e-01 -2.20881373e-01 -5.15098214e-01
  outer loop
   vertex 3.07827759e+01 7.32164917e+01 8.32506561e+00
   vertex 2.90077667e+01 7.51006393e+01 1.03905449e+01
   vertex 3.03092957e+01 7.63613129e+01 7.72554016e+00
  endloop
 endfacet
 facet normal -8.28881562e-01 -2.29902238e-01 -5.10000288e-01
  outer loop
   vertex 3.03092957e+01 7.63613129e+01 7.72554016e+00
   vertex 2.90077667e+01 7.51006393e+01 1.03905449e+01
   vertex 2.87230301e+01 7.79672699e+01 9.57630539e+00
  endloop
 endfacet
 facet normal -8.27661633e-01 -2.61203676e-01 -4.96738225e-01
  outer loop
   vertex 3.10879593e+01 7.81626282e+01 5.56618881e+00
   vertex 2.97269516e+01 7.94614258e+01 7.17092514e+00
   vertex 3.02087708e+01 8.15139313e+01 5.24811554e+00
  endloop
 endfacet
 facet normal -8.28496277e-01 -2.69177258e-01 -4.91057515e-01
  outer loop
   vertex 3.02087708e+01 8.15139313e+01 5.24811554e+00
   vertex 2.97269516e+01 7.94614258e+01 7.17092514e+00
   vertex 2.90503006e+01 8.25178986e+01 6.65117264e+00
  endloop
 endfacet
 facet normal -9.24185038e-01 -2.85328835e-01 -2.53908485e-01
  outer loop
   vertex 3.37951279e+01 7.56043549e+01 2.41190338e+00
   vertex 3.24430237e+01 7.68795624e+01 3.98353195e+00
   vertex 3.25501785e+01 7.95872726e+01 2.45952606e+00
  endloop
 endfacet
 facet normal -8.83836389e-01 -2.76829004e-01 -3.77092749e-01
  outer loop
   vertex 3.25501785e+01 7.95872726e+01 2.45952606e+00
   vertex 3.24430237e+01 7.68795624e+01 3.98353195e+00
   vertex 3.13770218e+01 8.05424805e+01 3.85206604e+00
  endloop
 endfacet
 facet normal -8.23528886e-01 -2.54836440e-01 -5.06812215e-01
  outer loop
   vertex 3.24430237e+01 7.68795624e+01 3.98353195e+00
   vertex 3.10879593e+01 7.81626282e+01 5.56618881e+00
   vertex 3.13770218e+01 8.05424805e+01 3.85206604e+00
  endloop
 endfacet
 facet normal -8.23843718e-01 -2.62770176e-01 -5.02228379e-01
  outer loop
   vertex 3.13770218e+01 8.05424805e+01 3.85206604e+00
   vertex 3.10879593e+01 7.81626282e+01 5.56618881e+00
   vertex 3.02087708e+01 8.15139313e+01 5.24811554e+00
  endloop
 endfacet
 facet normal -8.15519154e-01 -2.78447241e-01 -5.07341743e-01
  outer loop
   vertex 3.13770218e+01 8.05424805e+01 3.85206604e+00
   vertex 3.02087708e+01 8.15139313e+01 5.24811554e+00
   vertex 3.02001877e+01 8.41252747e+01 3.77967072e+00
  endloop
 endfacet
 facet normal -8.16811323e-01 -2.89979249e-01 -4.98729646e-01
  outer loop
   vertex 3.02001877e+01 8.41252747e+01 3.77967072e+00
   vertex 3.02087708e+01 8.15139313e+01 5.24811554e+00
   vertex 2.92341766e+01 8.48084564e+01 4.96889877e+00
  endloop
 endfacet
 facet normal -9.40609157e-01 -3.29184920e-01 -8.30159411e-02
  outer loop
   vertex 3.25501785e+01 7.95872726e+01 2.45952606e+00
   vertex 3.13770218e+01 8.05424805e+01 3.85206604e+00
   vertex 3.13052368e+01 8.35701904e+01 2.50715256e+00
  endloop
 endfacet
 facet normal -9.09692466e-01 -3.37061584e-01 -2.42588416e-01
  outer loop
   vertex 3.13052368e+01 8.35701904e+01 2.50715256e+00
   vertex 3.13770218e+01 8.05424805e+01 3.85206604e+00
   vertex 3.02001877e+01 8.41252747e+01 3.77967072e+00
  endloop
 endfacet
 facet normal -8.23318601e-01 -2.39252508e-01 -5.14688969e-01
  outer loop
   vertex 3.34552307e+01 7.31950531e+01 4.13335037e+00
   vertex 3.18763199e+01 7.47734222e+01 5.91593552e+00
   vertex 3.24430237e+01 7.68795624e+01 3.98353195e+00
  endloop
 endfacet
 facet normal -8.25704217e-01 -2.45643392e-01 -5.07810891e-01
  outer loop
   vertex 3.24430237e+01 7.68795624e+01 3.98353195e+00
   vertex 3.18763199e+01 7.47734222e+01 5.91593552e+00
   vertex 3.10879593e+01 7.81626282e+01 5.56618881e+00
  endloop
 endfacet
 facet normal -9.28609848e-01 -2.72346169e-01 -2.52014428e-01
  outer loop
   vertex 3.50400696e+01 7.16214371e+01 2.36428070e+00
   vertex 3.34552307e+01 7.31950531e+01 4.13335037e+00
   vertex 3.37951279e+01 7.56043549e+01 2.41190338e+00
  endloop
 endfacet
 facet normal -8.77979636e-01 -2.61972725e-01 -4.00652021e-01
  outer loop
   vertex 3.37951279e+01 7.56043549e+01 2.41190338e+00
   vertex 3.34552307e+01 7.31950531e+01 4.13335037e+00
   vertex 3.24430237e+01 7.68795624e+01 3.98353195e+00
  endloop
 endfacet
 facet normal -9.54244375e-01 -2.48815924e-01 -1.65856332e-01
  outer loop
   vertex 3.62850113e+01 6.76385193e+01 2.31665039e+00
   vertex 3.43334808e+01 6.95010681e+01 4.30328369e+00
   vertex 3.50400696e+01 7.16214371e+01 2.36428070e+00
  endloop
 endfacet
 facet normal -8.86987865e-01 -2.45325342e-01 -3.91239077e-01
  outer loop
   vertex 3.50400696e+01 7.16214371e+01 2.36428070e+00
   vertex 3.43334808e+01 6.95010681e+01 4.30328369e+00
   vertex 3.34552307e+01 7.31950531e+01 4.13335037e+00
  endloop
 endfacet
 facet normal -9.87283289e-01 -1.58828437e-01 6.72786823e-03
  outer loop
   vertex 3.82414017e+01 5.58722534e+01 2.20455170e+00
   vertex 3.75892792e+01 5.97943420e+01 2.24192047e+00
   vertex 3.81287308e+01 5.61188698e+01 1.98806763e+00
  endloop
 endfacet
 facet normal -9.76025820e-01 -1.61940485e-01 1.45426571e-01
  outer loop
   vertex 3.81287308e+01 5.61188698e+01 1.98806763e+00
   vertex 3.75892792e+01 5.97943420e+01 2.24192047e+00
   vertex 3.75097885e+01 5.98545532e+01 2.02613068e+00
  endloop
 endfacet
 facet normal -9.53387976e-01 -1.56312615e-01 2.58104205e-01
  outer loop
   vertex 3.81287308e+01 5.61188698e+01 1.98806763e+00
   vertex 3.75097885e+01 5.98545532e+01 2.02613068e+00
   vertex 3.80496597e+01 5.62377815e+01 1.77012253e+00
  endloop
 endfacet
 facet normal -9.59837914e-01 -1.62097707e-01 2.28987977e-01
  outer loop
   vertex 3.80496597e+01 5.62377815e+01 1.77012253e+00
   vertex 3.75097885e+01 5.98545532e+01 2.02613068e+00
   vertex 3.74481583e+01 5.98797417e+01 1.80982208e+00
  endloop
 endfacet
 facet normal -8.89518499e-01 -1.90488130e-01 4.15296435e-01
  outer loop
   vertex 3.68194046e+01 6.37302933e+01 2.06631088e+00
   vertex 3.59813614e+01 6.76960297e+01 2.10945892e+00
   vertex 3.67394943e+01 6.37318039e+01 1.85268784e+00
  endloop
 endfacet
 facet normal -9.17243600e-01 -2.13041872e-01 3.36566985e-01
  outer loop
   vertex 3.67394943e+01 6.37318039e+01 1.85268784e+00
   vertex 3.59813614e+01 6.76960297e+01 2.10945892e+00
   vertex 3.58826675e+01 6.77198029e+01 1.89873505e+00
  endloop
 endfacet
 facet normal -9.45950866e-01 -1.77977905e-01 2.71110445e-01
  outer loop
   vertex 3.67394943e+01 6.37318039e+01 1.85268784e+00
   vertex 3.74481583e+01 5.98797417e+01 1.80982208e+00
   vertex 3.68194046e+01 6.37302933e+01 2.06631088e+00
  endloop
 endfacet
 facet normal -9.39363360e-01 -1.67632207e-01 2.99158722e-01
  outer loop
   vertex 3.68194046e+01 6.37302933e+01 2.06631088e+00
   vertex 3.74481583e+01 5.98797417e+01 1.80982208e+00
   vertex 3.75097885e+01 5.98545532e+01 2.02613068e+00
  endloop
 endfacet
 facet normal -9.85438585e-01 -1.67923823e-01 2.66902279e-02
  outer loop
   vertex 3.75892792e+01 5.97943420e+01 2.24192047e+00
   vertex 3.69371490e+01 6.37164307e+01 2.27928543e+00
   vertex 3.75097885e+01 5.98545532e+01 2.02613068e+00
  endloop
 endfacet
 facet normal -9.61462796e-01 -1.71124130e-01 2.15187833e-01
  outer loop
   vertex 3.75097885e+01 5.98545532e+01 2.02613068e+00
   vertex 3.69371490e+01 6.37164307e+01 2.27928543e+00
   vertex 3.68194046e+01 6.37302933e+01 2.06631088e+00
  endloop
 endfacet
 facet normal -8.93405139e-01 -2.04081535e-01 4.00222421e-01
  outer loop
   vertex 3.59813614e+01 6.76960297e+01 2.10945892e+00
   vertex 3.68194046e+01 6.37302933e+01 2.06631088e+00
   vertex 3.62850113e+01 6.76385193e+01 2.31665039e+00
  endloop
 endfacet
 facet normal -9.66266811e-01 -1.94018215e-01 1.69367522e-01
  outer loop
   vertex 3.62850113e+01 6.76385193e+01 2.31665039e+00
   vertex 3.68194046e+01 6.37302933e+01 2.06631088e+00
   vertex 3.69371490e+01 6.37164307e+01 2.27928543e+00
  endloop
 endfacet
 facet normal -9.13436830e-01 -1.48860589e-01 -3.78779173e-01
  outer loop
   vertex 3.74141998e+01 5.97550430e+01 1.37457657e+00
   vertex 3.74222565e+01 5.98348999e+01 1.59246063e+00
   vertex 3.67688675e+01 6.36730194e+01 1.42224884e+00
  endloop
 endfacet
 facet normal -9.65956092e-01 -1.66048855e-01 -1.98385119e-01
  outer loop
   vertex 3.67688675e+01 6.36730194e+01 1.42224884e+00
   vertex 3.74222565e+01 5.98348999e+01 1.59246063e+00
   vertex 3.67352676e+01 6.37085915e+01 1.63779068e+00
  endloop
 endfacet
 facet normal -9.80759144e-01 -1.72113329e-01 9.21328738e-02
  outer loop
   vertex 3.74222565e+01 5.98348999e+01 1.59246063e+00
   vertex 3.74481583e+01 5.98797417e+01 1.80982208e+00
   vertex 3.67352676e+01 6.37085915e+01 1.63779068e+00
  endloop
 endfacet
 facet normal -9.76477206e-01 -1.81422323e-01 1.16525531e-01
  outer loop
   vertex 3.67352676e+01 6.37085915e+01 1.63779068e+00
   vertex 3.74481583e+01 5.98797417e+01 1.80982208e+00
   vertex 3.67394943e+01 6.37318039e+01 1.85268784e+00
  endloop
 endfacet
 facet normal -9.76009727e-01 -2.02962205e-01 -7.88118914e-02
  outer loop
   vertex 3.67352676e+01 6.37085915e+01 1.63779068e+00
   vertex 3.67394943e+01 6.37318039e+01 1.85268784e+00
   vertex 3.58974991e+01 6.77064972e+01 1.68609619e+00
  endloop
 endfacet
 facet normal -9.74900007e-01 -2.22629279e-01 -2.47757137e-03
  outer loop
   vertex 3.58974991e+01 6.77064972e+01 1.68609619e+00
   vertex 3.67394943e+01 6.37318039e+01 1.85268784e+00
   vertex 3.58826675e+01 6.77198029e+01 1.89873505e+00
  endloop
 endfacet
 facet normal -8.75895202e-01 -1.87236562e-01 -4.44690913e-01
  outer loop
   vertex 3.58974991e+01 6.77064972e+01 1.68609619e+00
   vertex 3.61235428e+01 6.75909882e+01 1.46991730e+00
   vertex 3.67352676e+01 6.37085915e+01 1.63779068e+00
  endloop
 endfacet
 facet normal -8.28827858e-01 -1.53144658e-01 -5.38136721e-01
  outer loop
   vertex 3.67352676e+01 6.37085915e+01 1.63779068e+00
   vertex 3.61235428e+01 6.75909882e+01 1.46991730e+00
   vertex 3.67688675e+01 6.36730194e+01 1.42224884e+00
  endloop
 endfacet
 facet normal -9.76115882e-01 -1.58408433e-01 1.48676142e-01
  outer loop
   vertex 3.80377960e+01 5.61012764e+01 1.54924011e+00
   vertex 3.80496597e+01 5.62377815e+01 1.77012253e+00
   vertex 3.74222565e+01 5.98348999e+01 1.59246063e+00
  endloop
 endfacet
 facet normal -9.70679939e-01 -1.63140506e-01 1.76537976e-01
  outer loop
   vertex 3.74222565e+01 5.98348999e+01 1.59246063e+00
   vertex 3.80496597e+01 5.62377815e+01 1.77012253e+00
   vertex 3.74481583e+01 5.98797417e+01 1.80982208e+00
  endloop
 endfacet
 facet normal -8.26144457e-01 -1.56361207e-01 -5.41328490e-01
  outer loop
   vertex 3.15212708e+01 6.39271240e+01 1.02881927e+01
   vertex 2.92451553e+01 6.64934998e+01 1.30397530e+01
   vertex 3.13740234e+01 6.68944244e+01 9.64771652e+00
  endloop
 endfacet
 facet normal -8.26519012e-01 -1.65873662e-01 -5.37914753e-01
  outer loop
   vertex 3.13740234e+01 6.68944244e+01 9.64771652e+00
   vertex 2.92451553e+01 6.64934998e+01 1.30397530e+01
   vertex 2.92502518e+01 6.92654572e+01 1.21764717e+01
  endloop
 endfacet
 facet normal -8.24972451e-01 -1.47275880e-01 -5.45646608e-01
  outer loop
   vertex 3.37622223e+01 6.13303223e+01 7.57335281e+00
   vertex 3.15212708e+01 6.39271240e+01 1.02881927e+01
   vertex 3.34580536e+01 6.45379791e+01 7.15770721e+00
  endloop
 endfacet
 facet normal -8.25706363e-01 -1.56647831e-01 -5.41913748e-01
  outer loop
   vertex 3.34580536e+01 6.45379791e+01 7.15770721e+00
   vertex 3.15212708e+01 6.39271240e+01 1.02881927e+01
   vertex 3.13740234e+01 6.68944244e+01 9.64771652e+00
  endloop
 endfacet
 facet normal -8.22879374e-01 -1.26990929e-01 -5.53843677e-01
  outer loop
   vertex 3.39680099e+01 5.84475403e+01 7.94323730e+00
   vertex 3.15892334e+01 6.12289276e+01 1.08596802e+01
   vertex 3.37622223e+01 6.13303223e+01 7.57335281e+00
  endloop
 endfacet
 facet normal -8.24473917e-01 -1.36923268e-01 -5.49085379e-01
  outer loop
   vertex 3.37622223e+01 6.13303223e+01 7.57335281e+00
   vertex 3.15892334e+01 6.12289276e+01 1.08596802e+01
   vertex 3.15212708e+01 6.39271240e+01 1.02881927e+01
  endloop
 endfacet
 facet normal -8.23477566e-01 -1.34389669e-01 -5.51202476e-01
  outer loop
   vertex 3.15892334e+01 6.12289276e+01 1.08596802e+01
   vertex 2.91805801e+01 6.39497375e+01 1.38109818e+01
   vertex 3.15212708e+01 6.39271240e+01 1.02881927e+01
  endloop
 endfacet
 facet normal -8.24442863e-01 -1.44460827e-01 -5.47197402e-01
  outer loop
   vertex 3.15212708e+01 6.39271240e+01 1.02881927e+01
   vertex 2.91805801e+01 6.39497375e+01 1.38109818e+01
   vertex 2.92451553e+01 6.64934998e+01 1.30397530e+01
  endloop
 endfacet
 facet normal -8.23173642e-01 -1.90403849e-01 -5.34912586e-01
  outer loop
   vertex 3.30617218e+01 6.79104156e+01 6.72409439e+00
   vertex 3.11327667e+01 7.00258713e+01 8.97956085e+00
   vertex 3.25441437e+01 7.13535919e+01 6.30076218e+00
  endloop
 endfacet
 facet normal -8.25071990e-01 -2.01722085e-01 -5.27791977e-01
  outer loop
   vertex 3.25441437e+01 7.13535919e+01 6.30076218e+00
   vertex 3.11327667e+01 7.00258713e+01 8.97956085e+00
   vertex 3.07827759e+01 7.32164917e+01 8.32506561e+00
  endloop
 endfacet
 facet normal -8.24183047e-01 -1.66757688e-01 -5.41215479e-01
  outer loop
   vertex 3.34580536e+01 6.45379791e+01 7.15770721e+00
   vertex 3.13740234e+01 6.68944244e+01 9.64771652e+00
   vertex 3.30617218e+01 6.79104156e+01 6.72409439e+00
  endloop
 endfacet
 facet normal -8.25026989e-01 -1.77297339e-01 -5.36559582e-01
  outer loop
   vertex 3.30617218e+01 6.79104156e+01 6.72409439e+00
   vertex 3.13740234e+01 6.68944244e+01 9.64771652e+00
   vertex 3.11327667e+01 7.00258713e+01 8.97956085e+00
  endloop
 endfacet
 facet normal -8.26917768e-01 -1.76698416e-01 -5.33839524e-01
  outer loop
   vertex 3.13740234e+01 6.68944244e+01 9.64771652e+00
   vertex 2.92502518e+01 6.92654572e+01 1.21764717e+01
   vertex 3.11327667e+01 7.00258713e+01 8.97956085e+00
  endloop
 endfacet
 facet normal -8.27225327e-01 -1.86145619e-01 -5.30139685e-01
  outer loop
   vertex 3.11327667e+01 7.00258713e+01 8.97956085e+00
   vertex 2.92502518e+01 6.92654572e+01 1.21764717e+01
   vertex 2.91773224e+01 7.21672668e+01 1.12753334e+01
  endloop
 endfacet
 facet normal -8.27255607e-01 -1.98067978e-01 -5.25753915e-01
  outer loop
   vertex 3.11327667e+01 7.00258713e+01 8.97956085e+00
   vertex 2.91773224e+01 7.21672668e+01 1.12753334e+01
   vertex 3.07827759e+01 7.32164917e+01 8.32506561e+00
  endloop
 endfacet
 facet normal -8.27864707e-01 -2.07678765e-01 -5.21065831e-01
  outer loop
   vertex 3.07827759e+01 7.32164917e+01 8.32506561e+00
   vertex 2.91773224e+01 7.21672668e+01 1.12753334e+01
   vertex 2.90077667e+01 7.51006393e+01 1.03905449e+01
  endloop
 endfacet
 facet normal -9.52195585e-01 -1.62762776e-01 -2.58518606e-01
  outer loop
   vertex 3.75892792e+01 5.97943420e+01 2.24192047e+00
   vertex 3.55273438e+01 6.21692314e+01 4.69338989e+00
   vertex 3.69371490e+01 6.37164307e+01 2.27928543e+00
  endloop
 endfacet
 facet normal -8.99266303e-01 -1.61102504e-01 -4.06652302e-01
  outer loop
   vertex 3.69371490e+01 6.37164307e+01 2.27928543e+00
   vertex 3.55273438e+01 6.21692314e+01 4.69338989e+00
   vertex 3.49976654e+01 6.58097382e+01 4.49507523e+00
  endloop
 endfacet
 facet normal -8.17696214e-01 -1.51244283e-01 -5.55426002e-01
  outer loop
   vertex 3.55273438e+01 6.21692314e+01 4.69338989e+00
   vertex 3.34580536e+01 6.45379791e+01 7.15770721e+00
   vertex 3.49976654e+01 6.58097382e+01 4.49507523e+00
  endloop
 endfacet
 facet normal -8.18244994e-01 -1.62882566e-01 -5.51311553e-01
  outer loop
   vertex 3.49976654e+01 6.58097382e+01 4.49507523e+00
   vertex 3.34580536e+01 6.45379791e+01 7.15770721e+00
   vertex 3.30617218e+01 6.79104156e+01 6.72409439e+00
  endloop
 endfacet
 facet normal -8.12561870e-01 -1.79135069e-01 -5.54665506e-01
  outer loop
   vertex 3.49976654e+01 6.58097382e+01 4.49507523e+00
   vertex 3.30617218e+01 6.79104156e+01 6.72409439e+00
   vertex 3.43334808e+01 6.95010681e+01 4.30328369e+00
  endloop
 endfacet
 facet normal -8.16591024e-01 -1.96104154e-01 -5.42883277e-01
  outer loop
   vertex 3.43334808e+01 6.95010681e+01 4.30328369e+00
   vertex 3.30617218e+01 6.79104156e+01 6.72409439e+00
   vertex 3.25441437e+01 7.13535919e+01 6.30076218e+00
  endloop
 endfacet
 facet normal -9.66140926e-01 -1.94896236e-01 -1.69077456e-01
  outer loop
   vertex 3.69371490e+01 6.37164307e+01 2.27928543e+00
   vertex 3.49976654e+01 6.58097382e+01 4.49507523e+00
   vertex 3.62850113e+01 6.76385193e+01 2.31665039e+00
  endloop
 endfacet
 facet normal -9.14415181e-01 -2.09307715e-01 -3.46460968e-01
  outer loop
   vertex 3.62850113e+01 6.76385193e+01 2.31665039e+00
   vertex 3.49976654e+01 6.58097382e+01 4.49507523e+00
   vertex 3.43334808e+01 6.95010681e+01 4.30328369e+00
  endloop
 endfacet
 facet normal -9.93356228e-01 4.24997061e-02 -1.06944837e-01
  outer loop
   vertex 3.58850555e+01 5.60836411e+01 5.62471008e+00
   vertex 3.39680099e+01 5.84475403e+01 7.94323730e+00
   vertex 3.58758774e+01 5.61504784e+01 5.62341309e+00
  endloop
 endfacet
 facet normal -8.22809517e-01 -1.29023194e-01 -5.53477705e-01
  outer loop
   vertex 3.37622223e+01 6.13303223e+01 7.57335281e+00
   vertex 3.60020981e+01 5.86277313e+01 4.88286591e+00
   vertex 3.39680099e+01 5.84475403e+01 7.94323730e+00
  endloop
 endfacet
 facet normal -8.10933113e-01 3.74138147e-01 -4.49897945e-01
  outer loop
   vertex 3.63055344e+01 5.59766769e+01 5.02427673e+00
   vertex 3.58758774e+01 5.61504784e+01 5.62341309e+00
   vertex 3.60020981e+01 5.86277313e+01 4.88286591e+00
  endloop
 endfacet
 facet normal -9.00477052e-01 3.04853562e-02 -4.33833808e-01
  outer loop
   vertex 3.58758774e+01 5.61504784e+01 5.62341309e+00
   vertex 3.39680099e+01 5.84475403e+01 7.94323730e+00
   vertex 3.60020981e+01 5.86277313e+01 4.88286591e+00
  endloop
 endfacet
 facet normal -8.22344184e-01 -1.37430906e-01 -5.52143812e-01
  outer loop
   vertex 3.60020981e+01 5.86277313e+01 4.88286591e+00
   vertex 3.37622223e+01 6.13303223e+01 7.57335281e+00
   vertex 3.55273438e+01 6.21692314e+01 4.69338989e+00
  endloop
 endfacet
 facet normal -8.22950661e-01 -1.45757750e-01 -5.49096465e-01
  outer loop
   vertex 3.55273438e+01 6.21692314e+01 4.69338989e+00
   vertex 3.37622223e+01 6.13303223e+01 7.57335281e+00
   vertex 3.34580536e+01 6.45379791e+01 7.15770721e+00
  endloop
 endfacet
 facet normal -9.47636425e-01 -1.52415618e-01 -2.80632734e-01
  outer loop
   vertex 3.82414017e+01 5.58722534e+01 2.20455170e+00
   vertex 3.60020981e+01 5.86277313e+01 4.88286591e+00
   vertex 3.75892792e+01 5.97943420e+01 2.24192047e+00
  endloop
 endfacet
 facet normal -8.92612338e-01 -1.48585141e-01 -4.25635576e-01
  outer loop
   vertex 3.75892792e+01 5.97943420e+01 2.24192047e+00
   vertex 3.60020981e+01 5.86277313e+01 4.88286591e+00
   vertex 3.55273438e+01 6.21692314e+01 4.69338989e+00
  endloop
 endfacet
 facet normal -9.87240255e-01 -6.35438487e-02 1.46009877e-01
  outer loop
   vertex 3.90538483e+01 4.82681046e+01 1.88961792e+00
   vertex 3.91751633e+01 4.63568039e+01 1.85331345e+00
   vertex 3.91260757e+01 4.82100220e+01 2.09867477e+00
  endloop
 endfacet
 facet normal -9.98220742e-01 -5.83143532e-02 -1.24418521e-02
  outer loop
   vertex 3.91260757e+01 4.82100220e+01 2.09867477e+00
   vertex 3.91751633e+01 4.63568039e+01 1.85331345e+00
   vertex 3.92423553e+01 4.63399429e+01 2.06442642e+00
  endloop
 endfacet
 facet normal -9.60209846e-01 -6.60995618e-02 2.71344662e-01
  outer loop
   vertex 3.89915543e+01 4.82899323e+01 1.68167877e+00
   vertex 3.91140823e+01 4.63563614e+01 1.64813995e+00
   vertex 3.90538483e+01 4.82681046e+01 1.88961792e+00
  endloop
 endfacet
 facet normal -9.56270993e-01 -6.14271723e-02 2.85958856e-01
  outer loop
   vertex 3.90538483e+01 4.82681046e+01 1.88961792e+00
   vertex 3.91140823e+01 4.63563614e+01 1.64813995e+00
   vertex 3.91751633e+01 4.63568039e+01 1.85331345e+00
  endloop
 endfacet
 facet normal -9.51500952e-01 -5.05168624e-02 3.03469956e-01
  outer loop
   vertex 3.92585297e+01 4.45686951e+01 1.81043243e+00
   vertex 3.91751633e+01 4.63568039e+01 1.85331345e+00
   vertex 3.91915436e+01 4.45748215e+01 1.59641266e+00
  endloop
 endfacet
 facet normal -9.59059715e-01 -5.32606579e-02 2.78150678e-01
  outer loop
   vertex 3.91915436e+01 4.45748215e+01 1.59641266e+00
   vertex 3.91751633e+01 4.63568039e+01 1.85331345e+00
   vertex 3.91140823e+01 4.63563614e+01 1.64813995e+00
  endloop
 endfacet
 facet normal -9.85464096e-01 -5.50306030e-02 1.60723746e-01
  outer loop
   vertex 3.91751633e+01 4.63568039e+01 1.85331345e+00
   vertex 3.92585297e+01 4.45686951e+01 1.81043243e+00
   vertex 3.92423553e+01 4.63399429e+01 2.06442642e+00
  endloop
 endfacet
 facet normal -9.98767197e-01 -4.68881689e-02 1.62976496e-02
  outer loop
   vertex 3.92423553e+01 4.63399429e+01 2.06442642e+00
   vertex 3.92585297e+01 4.45686951e+01 1.81043243e+00
   vertex 3.93586273e+01 4.44698715e+01 2.03016663e+00
  endloop
 endfacet
 facet normal -9.68505740e-01 -6.64407909e-02 2.39963129e-01
  outer loop
   vertex 3.89915543e+01 4.82899323e+01 1.68167877e+00
   vertex 3.89491119e+01 4.82392502e+01 1.47597885e+00
   vertex 3.91140823e+01 4.63563614e+01 1.64813995e+00
  endloop
 endfacet
 facet normal -9.69770014e-01 -6.04616813e-02 2.36411721e-01
  outer loop
   vertex 3.91140823e+01 4.63563614e+01 1.64813995e+00
   vertex 3.89491119e+01 4.82392502e+01 1.47597885e+00
   vertex 3.90652084e+01 4.63212967e+01 1.45483398e+00
  endloop
 endfacet
 facet normal -9.97584343e-01 -6.30544126e-02 -2.91491188e-02
  outer loop
   vertex 3.89491119e+01 4.82392502e+01 1.47597885e+00
   vertex 3.89165878e+01 4.81523209e+01 1.27138519e+00
   vertex 3.90652084e+01 4.63212967e+01 1.45483398e+00
  endloop
 endfacet
 facet normal -9.58848774e-01 -5.22227995e-02 -2.79073149e-01
  outer loop
   vertex 3.90652084e+01 4.63212967e+01 1.45483398e+00
   vertex 3.89165878e+01 4.81523209e+01 1.27138519e+00
   vertex 3.90224533e+01 4.62689362e+01 1.26746368e+00
  endloop
 endfacet
 facet normal -9.61467385e-01 -3.20233405e-02 -2.73047566e-01
  outer loop
   vertex 3.91283188e+01 4.43855438e+01 1.26354218e+00
   vertex 3.91428680e+01 4.45290222e+01 1.40019608e+00
   vertex 3.90224533e+01 4.62689362e+01 1.26746368e+00
  endloop
 endfacet
 facet normal -9.98673439e-01 -4.95112129e-02 -1.41419303e-02
  outer loop
   vertex 3.90224533e+01 4.62689362e+01 1.26746368e+00
   vertex 3.91428680e+01 4.45290222e+01 1.40019608e+00
   vertex 3.90652084e+01 4.63212967e+01 1.45483398e+00
  endloop
 endfacet
 facet normal -7.97677040e-01 -4.17972282e-02 -6.01634741e-01
  outer loop
   vertex 3.14549332e+01 5.50156479e+01 1.19471397e+01
   vertex 2.87751312e+01 5.79424057e+01 1.52961044e+01
   vertex 3.15437698e+01 5.68639755e+01 1.16804276e+01
  endloop
 endfacet
 facet normal -8.01085770e-01 -5.47587872e-02 -5.96039534e-01
  outer loop
   vertex 3.15437698e+01 5.68639755e+01 1.16804276e+01
   vertex 2.87751312e+01 5.79424057e+01 1.52961044e+01
   vertex 2.89371796e+01 5.97579308e+01 1.49269218e+01
  endloop
 endfacet
 facet normal -7.99328685e-01 -3.98932323e-02 -5.99568307e-01
  outer loop
   vertex 3.40786057e+01 5.21172638e+01 8.63364029e+00
   vertex 3.14549332e+01 5.50156479e+01 1.19471397e+01
   vertex 3.40959549e+01 5.39889450e+01 8.46782303e+00
  endloop
 endfacet
 facet normal -8.02702606e-01 -5.13537861e-02 -5.94164371e-01
  outer loop
   vertex 3.40959549e+01 5.39889450e+01 8.46782303e+00
   vertex 3.14549332e+01 5.50156479e+01 1.19471397e+01
   vertex 3.15437698e+01 5.68639755e+01 1.16804276e+01
  endloop
 endfacet
 facet normal -7.87198782e-01 -9.14231502e-03 -6.16631627e-01
  outer loop
   vertex 3.40276031e+01 5.03592300e+01 8.74305344e+00
   vertex 3.13383789e+01 5.32690582e+01 1.21297112e+01
   vertex 3.40786057e+01 5.21172638e+01 8.63364029e+00
  endloop
 endfacet
 facet normal -7.90633559e-01 -1.86979249e-02 -6.12004042e-01
  outer loop
   vertex 3.40786057e+01 5.21172638e+01 8.63364029e+00
   vertex 3.13383789e+01 5.32690582e+01 1.21297112e+01
   vertex 3.14549332e+01 5.50156479e+01 1.19471397e+01
  endloop
 endfacet
 facet normal -8.17411304e-01 -1.01388179e-01 -5.67061901e-01
  outer loop
   vertex 3.40691681e+01 5.60497246e+01 8.23954010e+00
   vertex 3.15926285e+01 5.89048080e+01 1.13208504e+01
   vertex 3.39680099e+01 5.84475403e+01 7.94323730e+00
  endloop
 endfacet
 facet normal -8.20056558e-01 -1.13065504e-01 -5.61002135e-01
  outer loop
   vertex 3.39680099e+01 5.84475403e+01 7.94323730e+00
   vertex 3.15926285e+01 5.89048080e+01 1.13208504e+01
   vertex 3.15892334e+01 6.12289276e+01 1.08596802e+01
  endloop
 endfacet
 facet normal -8.09414089e-01 -7.13722035e-02 -5.82884967e-01
  outer loop
   vertex 3.40959549e+01 5.39889450e+01 8.46782303e+00
   vertex 3.15437698e+01 5.68639755e+01 1.16804276e+01
   vertex 3.40691681e+01 5.60497246e+01 8.23954010e+00
  endloop
 endfacet
 facet normal -8.12597692e-01 -8.36721659e-02 -5.76787591e-01
  outer loop
   vertex 3.40691681e+01 5.60497246e+01 8.23954010e+00
   vertex 3.15437698e+01 5.68639755e+01 1.16804276e+01
   vertex 3.15926285e+01 5.89048080e+01 1.13208504e+01
  endloop
 endfacet
 facet normal -8.09254050e-01 -7.66120255e-02 -5.82441866e-01
  outer loop
   vertex 3.15437698e+01 5.68639755e+01 1.16804276e+01
   vertex 2.89371796e+01 5.97579308e+01 1.49269218e+01
   vertex 3.15926285e+01 5.89048080e+01 1.13208504e+01
  endloop
 endfacet
 facet normal -8.11994553e-01 -8.95025656e-02 -5.76761782e-01
  outer loop
   vertex 3.15926285e+01 5.89048080e+01 1.13208504e+01
   vertex 2.89371796e+01 5.97579308e+01 1.49269218e+01
   vertex 2.90751266e+01 6.17324638e+01 1.44359589e+01
  endloop
 endfacet
 facet normal -8.17946017e-01 -1.08235508e-01 -5.65021574e-01
  outer loop
   vertex 3.15926285e+01 5.89048080e+01 1.13208504e+01
   vertex 2.90751266e+01 6.17324638e+01 1.44359589e+01
   vertex 3.15892334e+01 6.12289276e+01 1.08596802e+01
  endloop
 endfacet
 facet normal -8.19807231e-01 -1.19632676e-01 -5.60003698e-01
  outer loop
   vertex 3.15892334e+01 6.12289276e+01 1.08596802e+01
   vertex 2.90751266e+01 6.17324638e+01 1.44359589e+01
   vertex 2.91805801e+01 6.39497375e+01 1.38109818e+01
  endloop
 endfacet
 facet normal -7.55985796e-01 2.17016488e-01 -6.17567241e-01
  outer loop
   vertex 1.32453613e+01 5.12352448e+01 3.13479080e+01
   vertex 1.28104324e+01 5.14403534e+01 3.19270477e+01
   vertex 1.38758545e+01 5.35576630e+01 3.13589172e+01
  endloop
 endfacet
 facet normal -7.68820763e-01 2.24386439e-01 -5.98803282e-01
  outer loop
   vertex 1.38758545e+01 5.35576630e+01 3.13589172e+01
   vertex 1.28104324e+01 5.14403534e+01 3.19270477e+01
   vertex 1.34748154e+01 5.36574249e+01 3.19239044e+01
  endloop
 endfacet
 facet normal -8.00075591e-01 2.21651480e-01 -5.57449281e-01
  outer loop
   vertex 1.44665527e+01 5.58490257e+01 3.13809738e+01
   vertex 1.38758545e+01 5.35576630e+01 3.13589172e+01
   vertex 1.40981369e+01 5.58158264e+01 3.19279251e+01
  endloop
 endfacet
 facet normal -7.90226996e-01 2.26743922e-01 -5.69322824e-01
  outer loop
   vertex 1.40981369e+01 5.58158264e+01 3.19279251e+01
   vertex 1.38758545e+01 5.35576630e+01 3.13589172e+01
   vertex 1.34748154e+01 5.36574249e+01 3.19239044e+01
  endloop
 endfacet
 facet normal -7.70922244e-01 1.97493151e-01 -6.05537236e-01
  outer loop
   vertex 1.48381195e+01 5.58867455e+01 3.08334732e+01
   vertex 1.42895355e+01 5.34759521e+01 3.07917404e+01
   vertex 1.44665527e+01 5.58490257e+01 3.13809738e+01
  endloop
 endfacet
 facet normal -7.78032959e-01 2.05581605e-01 -5.93633652e-01
  outer loop
   vertex 1.44665527e+01 5.58490257e+01 3.13809738e+01
   vertex 1.42895355e+01 5.34759521e+01 3.07917404e+01
   vertex 1.38758545e+01 5.35576630e+01 3.13589172e+01
  endloop
 endfacet
 facet normal -7.29752481e-01 1.94126219e-01 -6.55573308e-01
  outer loop
   vertex 1.37409515e+01 5.10651550e+01 3.07500153e+01
   vertex 1.32453613e+01 5.12352448e+01 3.13479080e+01
   vertex 1.42895355e+01 5.34759521e+01 3.07917404e+01
  endloop
 endfacet
 facet normal -7.54722595e-01 2.03135863e-01 -6.23802602e-01
  outer loop
   vertex 1.42895355e+01 5.34759521e+01 3.07917404e+01
   vertex 1.32453613e+01 5.12352448e+01 3.13479080e+01
   vertex 1.38758545e+01 5.35576630e+01 3.13589172e+01
  endloop
 endfacet
 facet normal -9.44931805e-01 3.25231165e-01 3.64503451e-02
  outer loop
   vertex 1.27359009e+01 5.39472427e+01 3.30428238e+01
   vertex 1.33770905e+01 5.57719917e+01 3.30190582e+01
   vertex 1.30990448e+01 5.37933121e+01 3.24844666e+01
  endloop
 endfacet
 facet normal -9.12290156e-01 3.01272631e-01 -2.77419299e-01
  outer loop
   vertex 1.30990448e+01 5.37933121e+01 3.24844666e+01
   vertex 1.33770905e+01 5.57719917e+01 3.30190582e+01
   vertex 1.37360382e+01 5.57916527e+01 3.24737701e+01
  endloop
 endfacet
 facet normal -8.00189137e-01 2.40937054e-01 -5.49223721e-01
  outer loop
   vertex 1.40981369e+01 5.58158264e+01 3.19279251e+01
   vertex 1.34748154e+01 5.36574249e+01 3.19239044e+01
   vertex 1.37360382e+01 5.57916527e+01 3.24737701e+01
  endloop
 endfacet
 facet normal -7.88795531e-01 2.47212335e-01 -5.62750101e-01
  outer loop
   vertex 1.37360382e+01 5.57916527e+01 3.24737701e+01
   vertex 1.34748154e+01 5.36574249e+01 3.19239044e+01
   vertex 1.30990448e+01 5.37933121e+01 3.24844666e+01
  endloop
 endfacet
 facet normal -7.57030368e-01 2.35167846e-01 -6.09590948e-01
  outer loop
   vertex 1.28104324e+01 5.14403534e+01 3.19270477e+01
   vertex 1.24134140e+01 5.16996231e+01 3.24995728e+01
   vertex 1.34748154e+01 5.36574249e+01 3.19239044e+01
  endloop
 endfacet
 facet normal -7.66965985e-01 2.43776068e-01 -5.93579352e-01
  outer loop
   vertex 1.34748154e+01 5.36574249e+01 3.19239044e+01
   vertex 1.24134140e+01 5.16996231e+01 3.24995728e+01
   vertex 1.30990448e+01 5.37933121e+01 3.24844666e+01
  endloop
 endfacet
 facet normal -8.94565761e-01 3.02816331e-01 -3.28716218e-01
  outer loop
   vertex 1.24134140e+01 5.16996231e+01 3.24995728e+01
   vertex 1.20947037e+01 5.21224976e+01 3.30665970e+01
   vertex 1.30990448e+01 5.37933121e+01 3.24844666e+01
  endloop
 endfacet
 facet normal -9.44400787e-01 3.28191996e-01 1.99302118e-02
  outer loop
   vertex 1.30990448e+01 5.37933121e+01 3.24844666e+01
   vertex 1.20947037e+01 5.21224976e+01 3.30665970e+01
   vertex 1.27359009e+01 5.39472427e+01 3.30428238e+01
  endloop
 endfacet
 facet normal -8.49999249e-01 3.95696163e-01 -3.47743958e-01
  outer loop
   vertex 1.43603897e+01 5.77719421e+01 3.24652786e+01
   vertex 1.49784317e+01 5.97431984e+01 3.24578857e+01
   vertex 1.47024918e+01 5.79471436e+01 3.19352570e+01
  endloop
 endfacet
 facet normal -8.29505324e-01 5.11393964e-01 -2.24492937e-01
  outer loop
   vertex 1.47024918e+01 5.79471436e+01 3.19352570e+01
   vertex 1.49784317e+01 5.97431984e+01 3.24578857e+01
   vertex 1.52973938e+01 6.00649109e+01 3.19442368e+01
  endloop
 endfacet
 facet normal -8.36715281e-01 2.48075023e-01 -4.88227755e-01
  outer loop
   vertex 1.47024918e+01 5.79471436e+01 3.19352570e+01
   vertex 1.40981369e+01 5.58158264e+01 3.19279251e+01
   vertex 1.43603897e+01 5.77719421e+01 3.24652786e+01
  endloop
 endfacet
 facet normal -8.23911965e-01 2.52509296e-01 -5.07354021e-01
  outer loop
   vertex 1.43603897e+01 5.77719421e+01 3.24652786e+01
   vertex 1.40981369e+01 5.58158264e+01 3.19279251e+01
   vertex 1.37360382e+01 5.57916527e+01 3.24737701e+01
  endloop
 endfacet
 facet normal -9.45360303e-01 3.16845715e-01 7.68288076e-02
  outer loop
   vertex 1.33770905e+01 5.57719917e+01 3.30190582e+01
   vertex 1.40182800e+01 5.75967407e+01 3.29953003e+01
   vertex 1.37360382e+01 5.57916527e+01 3.24737701e+01
  endloop
 endfacet
 facet normal -9.28015888e-01 3.00628155e-01 -2.20020965e-01
  outer loop
   vertex 1.37360382e+01 5.57916527e+01 3.24737701e+01
   vertex 1.40182800e+01 5.75967407e+01 3.29953003e+01
   vertex 1.43603897e+01 5.77719421e+01 3.24652786e+01
  endloop
 endfacet
 facet normal -9.19392288e-01 3.74772251e-01 1.19430356e-01
  outer loop
   vertex 1.40182800e+01 5.75967407e+01 3.29953003e+01
   vertex 1.46594772e+01 5.94214897e+01 3.29715347e+01
   vertex 1.43603897e+01 5.77719421e+01 3.24652786e+01
  endloop
 endfacet
 facet normal -8.68786812e-01 4.92674142e-01 -4.98163030e-02
  outer loop
   vertex 1.43603897e+01 5.77719421e+01 3.24652786e+01
   vertex 1.46594772e+01 5.94214897e+01 3.29715347e+01
   vertex 1.49784317e+01 5.97431984e+01 3.24578857e+01
  endloop
 endfacet
 facet normal -8.03089797e-01 2.01232910e-01 -5.60849428e-01
  outer loop
   vertex 1.53867035e+01 5.82975388e+01 3.08752060e+01
   vertex 1.48381195e+01 5.58867455e+01 3.08334732e+01
   vertex 1.50446091e+01 5.81223373e+01 3.14052200e+01
  endloop
 endfacet
 facet normal -8.08368623e-01 2.09314927e-01 -5.50206721e-01
  outer loop
   vertex 1.50446091e+01 5.81223373e+01 3.14052200e+01
   vertex 1.48381195e+01 5.58867455e+01 3.08334732e+01
   vertex 1.44665527e+01 5.58490257e+01 3.13809738e+01
  endloop
 endfacet
 facet normal -8.36897075e-01 2.26812378e-01 -4.98156071e-01
  outer loop
   vertex 1.50446091e+01 5.81223373e+01 3.14052200e+01
   vertex 1.44665527e+01 5.58490257e+01 3.13809738e+01
   vertex 1.47024918e+01 5.79471436e+01 3.19352570e+01
  endloop
 endfacet
 facet normal -8.23175728e-01 2.31505677e-01 -5.18446505e-01
  outer loop
   vertex 1.47024918e+01 5.79471436e+01 3.19352570e+01
   vertex 1.44665527e+01 5.58490257e+01 3.13809738e+01
   vertex 1.40981369e+01 5.58158264e+01 3.19279251e+01
  endloop
 endfacet
 facet normal -8.57725441e-01 3.67012113e-01 -3.60012770e-01
  outer loop
   vertex 1.47024918e+01 5.79471436e+01 3.19352570e+01
   vertex 1.52973938e+01 6.00649109e+01 3.19442368e+01
   vertex 1.50446091e+01 5.81223373e+01 3.14052200e+01
  endloop
 endfacet
 facet normal -8.49416614e-01 4.62509602e-01 -2.54118711e-01
  outer loop
   vertex 1.50446091e+01 5.81223373e+01 3.14052200e+01
   vertex 1.52973938e+01 6.00649109e+01 3.19442368e+01
   vertex 1.56163330e+01 6.03866234e+01 3.14305801e+01
  endloop
 endfacet
 facet normal -8.49473417e-01 3.21679473e-01 -4.18231070e-01
  outer loop
   vertex 1.50446091e+01 5.81223373e+01 3.14052200e+01
   vertex 1.56163330e+01 6.03866234e+01 3.14305801e+01
   vertex 1.53867035e+01 5.82975388e+01 3.08752060e+01
  endloop
 endfacet
 facet normal -8.65651190e-01 3.31674069e-01 -3.75020504e-01
  outer loop
   vertex 1.53867035e+01 5.82975388e+01 3.08752060e+01
   vertex 1.56163330e+01 6.03866234e+01 3.14305801e+01
   vertex 1.59352951e+01 6.07083321e+01 3.09169388e+01
  endloop
 endfacet
 facet normal -9.43446636e-01 3.31306189e-01 -1.20271510e-02
  outer loop
   vertex 1.20947037e+01 5.21224976e+01 3.30665970e+01
   vertex 1.24134140e+01 5.16996231e+01 3.24995728e+01
   vertex 1.12160339e+01 4.97516632e+01 3.30991592e+01
  endloop
 endfacet
 facet normal -7.54342496e-01 6.07057273e-01 -2.49897748e-01
  outer loop
   vertex 1.12160339e+01 4.97516632e+01 3.30991592e+01
   vertex 1.24134140e+01 5.16996231e+01 3.24995728e+01
   vertex 1.13894501e+01 4.96224022e+01 3.28645248e+01
  endloop
 endfacet
 facet normal -4.48380828e-01 7.81596720e-01 -4.33660239e-01
  outer loop
   vertex 1.24134140e+01 5.16996231e+01 3.24995728e+01
   vertex 1.16973495e+01 4.95927849e+01 3.25197601e+01
   vertex 1.13894501e+01 4.96224022e+01 3.28645248e+01
  endloop
 endfacet
 facet normal -5.45702279e-01 -1.74033627e-01 -8.19708109e-01
  outer loop
   vertex 6.86270905e+00 3.22978363e+01 3.21305618e+01
   vertex 7.57944489e+00 3.47151566e+01 3.21013031e+01
   vertex 7.42312622e+00 3.28378601e+01 3.16260834e+01
  endloop
 endfacet
 facet normal -6.59192920e-01 3.05890776e-02 -7.51351416e-01
  outer loop
   vertex 7.42312622e+00 3.28378601e+01 3.16260834e+01
   vertex 7.57944489e+00 3.47151566e+01 3.21013031e+01
   vertex 8.14344788e+00 3.50361710e+01 3.15750122e+01
  endloop
 endfacet
 facet normal -7.19596982e-01 2.12365434e-01 -6.61121070e-01
  outer loop
   vertex 7.57944489e+00 3.47151566e+01 3.21013031e+01
   vertex 8.29992676e+00 3.71319809e+01 3.20721741e+01
   vertex 8.14344788e+00 3.50361710e+01 3.15750122e+01
  endloop
 endfacet
 facet normal -7.10015595e-01 2.14574382e-01 -6.70697927e-01
  outer loop
   vertex 8.14344788e+00 3.50361710e+01 3.15750122e+01
   vertex 8.29992676e+00 3.71319809e+01 3.20721741e+01
   vertex 8.86627197e+00 3.72341461e+01 3.15240402e+01
  endloop
 endfacet
 facet normal -7.04713821e-01 2.19931036e-01 -6.74543381e-01
  outer loop
   vertex 8.14344788e+00 3.50361710e+01 3.15750122e+01
   vertex 8.86627197e+00 3.72341461e+01 3.15240402e+01
   vertex 8.70745850e+00 3.53571854e+01 3.10487289e+01
  endloop
 endfacet
 facet normal -6.83982909e-01 2.15644464e-01 -6.96896613e-01
  outer loop
   vertex 8.70745850e+00 3.53571854e+01 3.10487289e+01
   vertex 8.86627197e+00 3.72341461e+01 3.15240402e+01
   vertex 9.43137360e+00 3.73364792e+01 3.09758682e+01
  endloop
 endfacet
 facet normal -6.58797562e-01 -7.43835196e-02 -7.48633981e-01
  outer loop
   vertex 7.42312622e+00 3.28378601e+01 3.16260834e+01
   vertex 8.14344788e+00 3.50361710e+01 3.15750122e+01
   vertex 7.98353577e+00 3.33778839e+01 3.11215897e+01
  endloop
 endfacet
 facet normal -7.27310121e-01 1.18885867e-01 -6.75933540e-01
  outer loop
   vertex 7.98353577e+00 3.33778839e+01 3.11215897e+01
   vertex 8.14344788e+00 3.50361710e+01 3.15750122e+01
   vertex 8.70745850e+00 3.53571854e+01 3.10487289e+01
  endloop
 endfacet
 facet normal -8.67165923e-01 2.32701913e-01 -4.40310150e-01
  outer loop
   vertex 7.73107147e+00 3.70301514e+01 3.26202164e+01
   vertex 7.01542664e+00 3.43941422e+01 3.26275940e+01
   vertex 7.16095734e+00 3.69284821e+01 3.31681976e+01
  endloop
 endfacet
 facet normal -9.53713715e-01 2.55220592e-01 -1.59036562e-01
  outer loop
   vertex 7.16095734e+00 3.69284821e+01 3.31681976e+01
   vertex 7.01542664e+00 3.43941422e+01 3.26275940e+01
   vertex 6.45142365e+00 3.40731354e+01 3.31538849e+01
  endloop
 endfacet
 facet normal -7.17885435e-01 1.97761193e-01 -6.67481124e-01
  outer loop
   vertex 7.01542664e+00 3.43941422e+01 3.26275940e+01
   vertex 7.73107147e+00 3.70301514e+01 3.26202164e+01
   vertex 7.57944489e+00 3.47151566e+01 3.21013031e+01
  endloop
 endfacet
 facet normal -7.08751857e-01 1.99783579e-01 -6.76577628e-01
  outer loop
   vertex 7.57944489e+00 3.47151566e+01 3.21013031e+01
   vertex 7.73107147e+00 3.70301514e+01 3.26202164e+01
   vertex 8.29992676e+00 3.71319809e+01 3.20721741e+01
  endloop
 endfacet
 facet normal -5.40282309e-01 -1.83677405e-01 -8.21192801e-01
  outer loop
   vertex 6.30230713e+00 3.17578201e+01 3.26350632e+01
   vertex 7.01542664e+00 3.43941422e+01 3.26275940e+01
   vertex 6.86270905e+00 3.22978363e+01 3.21305618e+01
  endloop
 endfacet
 facet normal -6.54680729e-01 1.70636028e-02 -7.55712867e-01
  outer loop
   vertex 6.86270905e+00 3.22978363e+01 3.21305618e+01
   vertex 7.01542664e+00 3.43941422e+01 3.26275940e+01
   vertex 7.57944489e+00 3.47151566e+01 3.21013031e+01
  endloop
 endfacet
 facet normal -8.26687932e-01 3.57302018e-02 -5.61525106e-01
  outer loop
   vertex 7.01542664e+00 3.43941422e+01 3.26275940e+01
   vertex 6.30230713e+00 3.17578201e+01 3.26350632e+01
   vertex 6.45142365e+00 3.40731354e+01 3.31538849e+01
  endloop
 endfacet
 facet normal -8.85876775e-01 -1.41351849e-01 -4.41861928e-01
  outer loop
   vertex 6.45142365e+00 3.40731354e+01 3.31538849e+01
   vertex 6.30230713e+00 3.17578201e+01 3.26350632e+01
   vertex 5.74187469e+00 3.12177963e+01 3.31395645e+01
  endloop
 endfacet
 facet normal -6.89013779e-01 1.93314090e-01 -6.98491037e-01
  outer loop
   vertex 7.73107147e+00 3.70301514e+01 3.26202164e+01
   vertex 8.45173645e+00 3.96654892e+01 3.26130142e+01
   vertex 8.29992676e+00 3.71319809e+01 3.20721741e+01
  endloop
 endfacet
 facet normal -6.80206060e-01 1.97217003e-01 -7.05992341e-01
  outer loop
   vertex 8.29992676e+00 3.71319809e+01 3.20721741e+01
   vertex 8.45173645e+00 3.96654892e+01 3.26130142e+01
   vertex 9.02796173e+00 3.95478058e+01 3.20433273e+01
  endloop
 endfacet
 facet normal -9.56208825e-01 2.60420978e-01 -1.33587390e-01
  outer loop
   vertex 7.16095734e+00 3.69284821e+01 3.31681976e+01
   vertex 7.87048340e+00 3.97838287e+01 3.31825333e+01
   vertex 7.73107147e+00 3.70301514e+01 3.26202164e+01
  endloop
 endfacet
 facet normal -8.58685195e-01 2.38679528e-01 -4.53532547e-01
  outer loop
   vertex 7.73107147e+00 3.70301514e+01 3.26202164e+01
   vertex 7.87048340e+00 3.97838287e+01 3.31825333e+01
   vertex 8.45173645e+00 3.96654892e+01 3.26130142e+01
  endloop
 endfacet
 facet normal -6.80802643e-01 2.13661030e-01 -7.00611711e-01
  outer loop
   vertex 8.86627197e+00 3.72341461e+01 3.15240402e+01
   vertex 9.59413910e+00 3.94314575e+01 3.14732513e+01
   vertex 9.43137360e+00 3.73364792e+01 3.09758682e+01
  endloop
 endfacet
 facet normal -6.67579353e-01 2.12745175e-01 -7.13496506e-01
  outer loop
   vertex 9.43137360e+00 3.73364792e+01 3.09758682e+01
   vertex 9.59413910e+00 3.94314575e+01 3.14732513e+01
   vertex 1.01552734e+01 3.93157730e+01 3.09030075e+01
  endloop
 endfacet
 facet normal -6.90309703e-01 2.05879778e-01 -6.93603694e-01
  outer loop
   vertex 8.29992676e+00 3.71319809e+01 3.20721741e+01
   vertex 9.02796173e+00 3.95478058e+01 3.20433273e+01
   vertex 8.86627197e+00 3.72341461e+01 3.15240402e+01
  endloop
 endfacet
 facet normal -6.81720734e-01 2.09218666e-01 -7.01059461e-01
  outer loop
   vertex 8.86627197e+00 3.72341461e+01 3.15240402e+01
   vertex 9.02796173e+00 3.95478058e+01 3.20433273e+01
   vertex 9.59413910e+00 3.94314575e+01 3.14732513e+01
  endloop
 endfacet
 facet normal -9.35151398e-01 2.51516923e-02 3.53354335e-01
  outer loop
   vertex 3.33815689e+01 4.96693420e+00 1.02039337e+00
   vertex 3.28745270e+01 2.20684052e+00 1.04546738e+00
   vertex 3.35156708e+01 4.94046021e+00 1.38478851e+00
  endloop
 endfacet
 facet normal -9.31754768e-01 -1.13794088e-01 3.44795495e-01
  outer loop
   vertex 3.35156708e+01 4.94046021e+00 1.38478851e+00
   vertex 3.28745270e+01 2.20684052e+00 1.04546738e+00
   vertex 3.30254822e+01 2.17482758e+00 1.41551590e+00
  endloop
 endfacet
 facet normal -9.25567687e-01 1.71003655e-01 3.37760508e-01
  outer loop
   vertex 3.35156708e+01 4.94046021e+00 1.38478851e+00
   vertex 3.40122528e+01 7.72119904e+00 1.35466385e+00
   vertex 3.33815689e+01 4.96693420e+00 1.02039337e+00
  endloop
 endfacet
 facet normal -9.29697275e-01 1.73711061e-01 3.24788362e-01
  outer loop
   vertex 3.33815689e+01 4.96693420e+00 1.02039337e+00
   vertex 3.40122528e+01 7.72119904e+00 1.35466385e+00
   vertex 3.38928757e+01 7.73709106e+00 9.95727539e-01
  endloop
 endfacet
 facet normal -9.82452452e-01 1.83308437e-01 3.44265923e-02
  outer loop
   vertex 3.38928757e+01 7.73709106e+00 9.95727539e-01
   vertex 3.37713547e+01 7.74796295e+00 6.36589050e-01
   vertex 3.33815689e+01 4.96693420e+00 1.02039337e+00
  endloop
 endfacet
 facet normal -9.42086518e-01 1.74855828e-01 -2.86179006e-01
  outer loop
   vertex 3.33815689e+01 4.96693420e+00 1.02039337e+00
   vertex 3.37713547e+01 7.74796295e+00 6.36589050e-01
   vertex 3.32474594e+01 4.99340057e+00 6.56005859e-01
  endloop
 endfacet
 facet normal -9.90400434e-01 -1.11115150e-01 8.22215080e-02
  outer loop
   vertex 3.28745270e+01 2.20684052e+00 1.04546738e+00
   vertex 3.33815689e+01 4.96693420e+00 1.02039337e+00
   vertex 3.27235718e+01 2.23885345e+00 6.75422668e-01
  endloop
 endfacet
 facet normal -9.67740715e-01 4.38797437e-02 -2.48097643e-01
  outer loop
   vertex 3.27235718e+01 2.23885345e+00 6.75422668e-01
   vertex 3.33815689e+01 4.96693420e+00 1.02039337e+00
   vertex 3.32474594e+01 4.99340057e+00 6.56005859e-01
  endloop
 endfacet
 facet normal -9.85367239e-01 1.66308090e-01 -3.73234302e-02
  outer loop
   vertex 3.37838821e+01 4.88751984e+00 2.11356354e+00
   vertex 3.42403793e+01 7.66423035e+00 2.07151794e+00
   vertex 3.36497726e+01 4.91398621e+00 1.74917984e+00
  endloop
 endfacet
 facet normal -9.75280941e-01 1.68804944e-01 1.42590255e-01
  outer loop
   vertex 3.36497726e+01 4.91398621e+00 1.74917984e+00
   vertex 3.42403793e+01 7.66423035e+00 2.07151794e+00
   vertex 3.41273880e+01 7.69523621e+00 1.71319199e+00
  endloop
 endfacet
 facet normal -9.27121162e-01 1.65273100e-01 3.36349756e-01
  outer loop
   vertex 3.36497726e+01 4.91398621e+00 1.74917984e+00
   vertex 3.41273880e+01 7.69523621e+00 1.71319199e+00
   vertex 3.35156708e+01 4.94046021e+00 1.38478851e+00
  endloop
 endfacet
 facet normal -9.31628227e-01 1.68563887e-01 3.21955144e-01
  outer loop
   vertex 3.35156708e+01 4.94046021e+00 1.38478851e+00
   vertex 3.41273880e+01 7.69523621e+00 1.71319199e+00
   vertex 3.40122528e+01 7.72119904e+00 1.35466385e+00
  endloop
 endfacet
 facet normal -9.35973704e-01 3.21021490e-02 3.50603253e-01
  outer loop
   vertex 3.35156708e+01 4.94046021e+00 1.38478851e+00
   vertex 3.30254822e+01 2.17482758e+00 1.41551590e+00
   vertex 3.36497726e+01 4.91398621e+00 1.74917984e+00
  endloop
 endfacet
 facet normal -9.43658650e-01 -7.09075034e-02 3.23234379e-01
  outer loop
   vertex 3.36497726e+01 4.91398621e+00 1.74917984e+00
   vertex 3.30254822e+01 2.17482758e+00 1.41551590e+00
   vertex 3.31764297e+01 2.14281464e+00 1.78556061e+00
  endloop
 endfacet
 facet normal -9.87604558e-01 6.39494061e-02 1.43344566e-01
  outer loop
   vertex 3.36497726e+01 4.91398621e+00 1.74917984e+00
   vertex 3.31764297e+01 2.14281464e+00 1.78556061e+00
   vertex 3.37838821e+01 4.88751984e+00 2.11356354e+00
  endloop
 endfacet
 facet normal -9.72591281e-01 2.32520804e-01 -5.64529793e-04
  outer loop
   vertex 3.37838821e+01 4.88751984e+00 2.11356354e+00
   vertex 3.31764297e+01 2.14281464e+00 1.78556061e+00
   vertex 3.33273697e+01 2.11080170e+00 2.15561295e+00
  endloop
 endfacet
 facet normal -9.52495575e-01 1.81031749e-01 2.44907498e-01
  outer loop
   vertex 3.50587082e+01 1.34085236e+01 1.29945374e+00
   vertex 3.45216370e+01 1.05321503e+01 1.32574844e+00
   vertex 3.51334686e+01 1.33674469e+01 1.64776230e+00
  endloop
 endfacet
 facet normal -9.52984929e-01 1.76632136e-01 2.46212929e-01
  outer loop
   vertex 3.51334686e+01 1.33674469e+01 1.64776230e+00
   vertex 3.45216370e+01 1.05321503e+01 1.32574844e+00
   vertex 3.46135254e+01 1.04966049e+01 1.67800903e+00
  endloop
 endfacet
 facet normal -9.44257379e-01 1.72778681e-01 2.80224174e-01
  outer loop
   vertex 3.45216370e+01 1.05321503e+01 1.32574844e+00
   vertex 3.40122528e+01 7.72119904e+00 1.35466385e+00
   vertex 3.46135254e+01 1.04966049e+01 1.67800903e+00
  endloop
 endfacet
 facet normal -9.42257106e-01 1.69554263e-01 2.88795620e-01
  outer loop
   vertex 3.46135254e+01 1.04966049e+01 1.67800903e+00
   vertex 3.40122528e+01 7.72119904e+00 1.35466385e+00
   vertex 3.41273880e+01 7.69523621e+00 1.71319199e+00
  endloop
 endfacet
 facet normal -9.83077705e-01 1.67617992e-01 -7.39080086e-02
  outer loop
   vertex 3.42403793e+01 7.66423035e+00 2.07151794e+00
   vertex 3.46968765e+01 1.04409332e+01 2.02946854e+00
   vertex 3.41273880e+01 7.69523621e+00 1.71319199e+00
  endloop
 endfacet
 facet normal -9.80349064e-01 1.71242386e-01 9.79373530e-02
  outer loop
   vertex 3.41273880e+01 7.69523621e+00 1.71319199e+00
   vertex 3.46968765e+01 1.04409332e+01 2.02946854e+00
   vertex 3.46135254e+01 1.04966049e+01 1.67800903e+00
  endloop
 endfacet
 facet normal -9.79068995e-01 1.71795279e-01 -1.09134361e-01
  outer loop
   vertex 3.46968765e+01 1.04409332e+01 2.02946854e+00
   vertex 3.51533890e+01 1.32176514e+01 1.98741913e+00
   vertex 3.46135254e+01 1.04966049e+01 1.67800903e+00
  endloop
 endfacet
 facet normal -9.82082725e-01 1.79850116e-01 5.62805459e-02
  outer loop
   vertex 3.46135254e+01 1.04966049e+01 1.67800903e+00
   vertex 3.51533890e+01 1.32176514e+01 1.98741913e+00
   vertex 3.51334686e+01 1.33674469e+01 1.64776230e+00
  endloop
 endfacet
 facet normal -9.82727766e-01 1.84616059e-01 1.27708921e-02
  outer loop
   vertex 3.44126968e+01 1.05273972e+01 9.71866608e-01
   vertex 3.42952347e+01 1.05025177e+01 6.17176056e-01
   vertex 3.38928757e+01 7.73709106e+00 9.95727539e-01
  endloop
 endfacet
 facet normal -9.36187387e-01 1.73307687e-01 -3.05806458e-01
  outer loop
   vertex 3.38928757e+01 7.73709106e+00 9.95727539e-01
   vertex 3.42952347e+01 1.05025177e+01 6.17176056e-01
   vertex 3.37713547e+01 7.74796295e+00 6.36589050e-01
  endloop
 endfacet
 facet normal -9.39195991e-01 1.75450563e-01 2.95174599e-01
  outer loop
   vertex 3.45216370e+01 1.05321503e+01 1.32574844e+00
   vertex 3.44126968e+01 1.05273972e+01 9.71866608e-01
   vertex 3.40122528e+01 7.72119904e+00 1.35466385e+00
  endloop
 endfacet
 facet normal -9.35481608e-01 1.75316960e-01 3.06819379e-01
  outer loop
   vertex 3.40122528e+01 7.72119904e+00 1.35466385e+00
   vertex 3.44126968e+01 1.05273972e+01 9.71866608e-01
   vertex 3.38928757e+01 7.73709106e+00 9.95727539e-01
  endloop
 endfacet
 facet normal -9.46506977e-01 1.81816116e-01 2.66584873e-01
  outer loop
   vertex 3.50587082e+01 1.34085236e+01 1.29945374e+00
   vertex 3.49583740e+01 1.33891907e+01 9.48730469e-01
   vertex 3.45216370e+01 1.05321503e+01 1.32574844e+00
  endloop
 endfacet
 facet normal -9.42089617e-01 1.80117771e-01 2.82886535e-01
  outer loop
   vertex 3.45216370e+01 1.05321503e+01 1.32574844e+00
   vertex 3.49583740e+01 1.33891907e+01 9.48730469e-01
   vertex 3.44126968e+01 1.05273972e+01 9.71866608e-01
  endloop
 endfacet
 facet normal -9.82012153e-01 1.88795581e-01 -2.88691139e-03
  outer loop
   vertex 3.49583740e+01 1.33891907e+01 9.48730469e-01
   vertex 3.48191223e+01 1.32570801e+01 5.97759247e-01
   vertex 3.44126968e+01 1.05273972e+01 9.71866608e-01
  endloop
 endfacet
 facet normal -9.32994068e-01 1.75524473e-01 -3.14186692e-01
  outer loop
   vertex 3.44126968e+01 1.05273972e+01 9.71866608e-01
   vertex 3.48191223e+01 1.32570801e+01 5.97759247e-01
   vertex 3.42952347e+01 1.05025177e+01 6.17176056e-01
  endloop
 endfacet
 facet normal -9.69177186e-01 1.57069370e-01 1.89801902e-01
  outer loop
   vertex 3.79106750e+01 2.87027283e+01 1.21559143e+00
   vertex 3.78436890e+01 2.87007141e+01 8.51982117e-01
   vertex 3.73992996e+01 2.56003799e+01 1.22674942e+00
  endloop
 endfacet
 facet normal -9.72788095e-01 1.63606435e-01 1.64061651e-01
  outer loop
   vertex 3.73992996e+01 2.56003799e+01 1.22674942e+00
   vertex 3.78436890e+01 2.87007141e+01 8.51982117e-01
   vertex 3.73361130e+01 2.56014938e+01 8.66954803e-01
  endloop
 endfacet
 facet normal -9.74026382e-01 1.48202121e-01 1.71198010e-01
  outer loop
   vertex 3.78436890e+01 2.87007141e+01 8.51982117e-01
   vertex 3.79106750e+01 2.87027283e+01 1.21559143e+00
   vertex 3.82986221e+01 3.17568054e+01 8.42575073e-01
  endloop
 endfacet
 facet normal -9.71492648e-01 1.44125491e-01 1.88228384e-01
  outer loop
   vertex 3.82986221e+01 3.17568054e+01 8.42575073e-01
   vertex 3.79106750e+01 2.87027283e+01 1.21559143e+00
   vertex 3.83646393e+01 3.17387848e+01 1.21220779e+00
  endloop
 endfacet
 facet normal -9.81307328e-01 1.46271333e-01 -1.25062257e-01
  outer loop
   vertex 3.78436890e+01 2.87007141e+01 8.51982117e-01
   vertex 3.82986221e+01 3.17568054e+01 8.42575073e-01
   vertex 3.77876740e+01 2.86973190e+01 4.87751007e-01
  endloop
 endfacet
 facet normal -9.02020633e-01 1.30517706e-01 -4.11489815e-01
  outer loop
   vertex 3.77876740e+01 2.86973190e+01 4.87751007e-01
   vertex 3.82986221e+01 3.17568054e+01 8.42575073e-01
   vertex 3.82426147e+01 3.17980881e+01 4.70890045e-01
  endloop
 endfacet
 facet normal -9.78391051e-01 1.56512365e-01 -1.35110587e-01
  outer loop
   vertex 3.78436890e+01 2.87007141e+01 8.51982117e-01
   vertex 3.77876740e+01 2.86973190e+01 4.87751007e-01
   vertex 3.73361130e+01 2.56014938e+01 8.66954803e-01
  endloop
 endfacet
 facet normal -8.90015185e-01 1.46593660e-01 -4.31721270e-01
  outer loop
   vertex 3.73361130e+01 2.56014938e+01 8.66954803e-01
   vertex 3.77876740e+01 2.86973190e+01 4.87751007e-01
   vertex 3.73327332e+01 2.55965576e+01 5.04604340e-01
  endloop
 endfacet
 facet normal -9.85777080e-01 1.43935248e-01 -8.67538527e-02
  outer loop
   vertex 3.85466385e+01 3.18189926e+01 1.94116592e+00
   vertex 3.84506378e+01 3.17672577e+01 1.57771301e+00
   vertex 3.80994949e+01 2.86998291e+01 1.93964386e+00
  endloop
 endfacet
 facet normal -9.84996319e-01 1.46440119e-01 9.13103968e-02
  outer loop
   vertex 3.80994949e+01 2.86998291e+01 1.93964386e+00
   vertex 3.84506378e+01 3.17672577e+01 1.57771301e+00
   vertex 3.79996109e+01 2.87019730e+01 1.57793045e+00
  endloop
 endfacet
 facet normal -9.61844206e-01 1.40595749e-01 2.34709501e-01
  outer loop
   vertex 3.84506378e+01 3.17672577e+01 1.57771301e+00
   vertex 3.83646393e+01 3.17387848e+01 1.21220779e+00
   vertex 3.79996109e+01 2.87019730e+01 1.57793045e+00
  endloop
 endfacet
 facet normal -9.63675737e-01 1.45458087e-01 2.23988816e-01
  outer loop
   vertex 3.79996109e+01 2.87019730e+01 1.57793045e+00
   vertex 3.83646393e+01 3.17387848e+01 1.21220779e+00
   vertex 3.79106750e+01 2.87027283e+01 1.21559143e+00
  endloop
 endfacet
 facet normal -9.54246342e-01 1.53804824e-01 2.56433129e-01
  outer loop
   vertex 3.79996109e+01 2.87019730e+01 1.57793045e+00
   vertex 3.79106750e+01 2.87027283e+01 1.21559143e+00
   vertex 3.74954071e+01 2.55951157e+01 1.58463669e+00
  endloop
 endfacet
 facet normal -9.57435012e-01 1.61376238e-01 2.39323884e-01
  outer loop
   vertex 3.74954071e+01 2.55951157e+01 1.58463669e+00
   vertex 3.79106750e+01 2.87027283e+01 1.21559143e+00
   vertex 3.73992996e+01 2.56003799e+01 1.22674942e+00
  endloop
 endfacet
 facet normal -9.85333800e-01 1.57576442e-01 -6.54749796e-02
  outer loop
   vertex 3.80994949e+01 2.86998291e+01 1.93964386e+00
   vertex 3.79996109e+01 2.87019730e+01 1.57793045e+00
   vertex 3.76523743e+01 2.55806732e+01 1.93811035e+00
  endloop
 endfacet
 facet normal -9.79359567e-01 1.64247781e-01 1.17802702e-01
  outer loop
   vertex 3.76523743e+01 2.55806732e+01 1.93811035e+00
   vertex 3.79996109e+01 2.87019730e+01 1.57793045e+00
   vertex 3.74954071e+01 2.55951157e+01 1.58463669e+00
  endloop
 endfacet
 facet normal -9.57021654e-01 1.01501688e-01 2.71674305e-01
  outer loop
   vertex 3.91652451e+01 3.73814621e+01 1.60798645e+00
   vertex 3.90500336e+01 3.72261887e+01 1.25535202e+00
   vertex 3.88616867e+01 3.47395554e+01 1.58573914e+00
  endloop
 endfacet
 facet normal -9.69312012e-01 1.12455510e-01 2.18604624e-01
  outer loop
   vertex 3.88616867e+01 3.47395554e+01 1.58573914e+00
   vertex 3.90500336e+01 3.72261887e+01 1.25535202e+00
   vertex 3.87586136e+01 3.46353455e+01 1.22117996e+00
  endloop
 endfacet
 facet normal -9.63614941e-01 1.27807453e-01 2.34758332e-01
  outer loop
   vertex 3.88616867e+01 3.47395554e+01 1.58573914e+00
   vertex 3.87586136e+01 3.46353455e+01 1.22117996e+00
   vertex 3.84506378e+01 3.17672577e+01 1.57771301e+00
  endloop
 endfacet
 facet normal -9.68536913e-01 1.33130297e-01 2.10267961e-01
  outer loop
   vertex 3.84506378e+01 3.17672577e+01 1.57771301e+00
   vertex 3.87586136e+01 3.46353455e+01 1.22117996e+00
   vertex 3.83646393e+01 3.17387848e+01 1.21220779e+00
  endloop
 endfacet
 facet normal -9.88701403e-01 1.35259449e-01 -6.46095276e-02
  outer loop
   vertex 3.89937820e+01 3.49381485e+01 1.94268799e+00
   vertex 3.88616867e+01 3.47395554e+01 1.58573914e+00
   vertex 3.85466385e+01 3.18189926e+01 1.94116592e+00
  endloop
 endfacet
 facet normal -9.86643016e-01 1.36858284e-01 8.83478224e-02
  outer loop
   vertex 3.85466385e+01 3.18189926e+01 1.94116592e+00
   vertex 3.88616867e+01 3.47395554e+01 1.58573914e+00
   vertex 3.84506378e+01 3.17672577e+01 1.57771301e+00
  endloop
 endfacet
 facet normal -9.94775176e-01 1.00116804e-01 1.99733190e-02
  outer loop
   vertex 3.94409103e+01 3.80573120e+01 1.94421768e+00
   vertex 3.91652451e+01 3.73814621e+01 1.60798645e+00
   vertex 3.89937820e+01 3.49381485e+01 1.94268799e+00
  endloop
 endfacet
 facet normal -9.82534051e-01 1.18871473e-01 1.43165842e-01
  outer loop
   vertex 3.89937820e+01 3.49381485e+01 1.94268799e+00
   vertex 3.91652451e+01 3.73814621e+01 1.60798645e+00
   vertex 3.88616867e+01 3.47395554e+01 1.58573914e+00
  endloop
 endfacet
 facet normal -8.89945805e-01 1.22281969e-01 -4.39367205e-01
  outer loop
   vertex 3.86975632e+01 3.48988495e+01 4.54029083e-01
   vertex 3.82426147e+01 3.17980881e+01 4.70890045e-01
   vertex 3.87135696e+01 3.47199020e+01 8.41403961e-01
  endloop
 endfacet
 facet normal -9.81527448e-01 1.36840150e-01 -1.33711234e-01
  outer loop
   vertex 3.87135696e+01 3.47199020e+01 8.41403961e-01
   vertex 3.82426147e+01 3.17980881e+01 4.70890045e-01
   vertex 3.82986221e+01 3.17568054e+01 8.42575073e-01
  endloop
 endfacet
 facet normal -9.79152799e-01 1.31663293e-01 1.54675782e-01
  outer loop
   vertex 3.87135696e+01 3.47199020e+01 8.41403961e-01
   vertex 3.82986221e+01 3.17568054e+01 8.42575073e-01
   vertex 3.87586136e+01 3.46353455e+01 1.22117996e+00
  endloop
 endfacet
 facet normal -9.73784626e-01 1.34653836e-01 1.83335379e-01
  outer loop
   vertex 3.87586136e+01 3.46353455e+01 1.22117996e+00
   vertex 3.82986221e+01 3.17568054e+01 8.42575073e-01
   vertex 3.83646393e+01 3.17387848e+01 1.21220779e+00
  endloop
 endfacet
 facet normal -9.87755239e-01 1.08021505e-01 1.12565361e-01
  outer loop
   vertex 3.90218964e+01 3.73540726e+01 8.79898071e-01
   vertex 3.87135696e+01 3.47199020e+01 8.41403961e-01
   vertex 3.90500336e+01 3.72261887e+01 1.25535202e+00
  endloop
 endfacet
 facet normal -9.79519486e-01 1.14777170e-01 1.65432259e-01
  outer loop
   vertex 3.90500336e+01 3.72261887e+01 1.25535202e+00
   vertex 3.87135696e+01 3.47199020e+01 8.41403961e-01
   vertex 3.87586136e+01 3.46353455e+01 1.22117996e+00
  endloop
 endfacet
 facet normal -8.41972053e-01 1.03700206e-01 -5.29461324e-01
  outer loop
   vertex 3.91525040e+01 3.79996109e+01 4.37171936e-01
   vertex 3.86975632e+01 3.48988495e+01 4.54029083e-01
   vertex 3.90218964e+01 3.73540726e+01 8.79898071e-01
  endloop
 endfacet
 facet normal -9.73402321e-01 1.20178573e-01 -1.95051238e-01
  outer loop
   vertex 3.90218964e+01 3.73540726e+01 8.79898071e-01
   vertex 3.86975632e+01 3.48988495e+01 4.54029083e-01
   vertex 3.87135696e+01 3.47199020e+01 8.41403961e-01
  endloop
 endfacet
 facet normal -9.73206639e-01 1.93963587e-01 -1.23478554e-01
  outer loop
   vertex 3.57781372e+01 1.63084030e+01 1.97509003e+00
   vertex 3.64028778e+01 1.93991623e+01 1.96276093e+00
   vertex 3.57125320e+01 1.63570709e+01 1.62655258e+00
  endloop
 endfacet
 facet normal -9.78994489e-01 1.95254877e-01 5.86966462e-02
  outer loop
   vertex 3.57125320e+01 1.63570709e+01 1.62655258e+00
   vertex 3.64028778e+01 1.93991623e+01 1.96276093e+00
   vertex 3.63199234e+01 1.94168320e+01 1.61058807e+00
  endloop
 endfacet
 facet normal -9.55370784e-01 1.89900264e-01 2.26284251e-01
  outer loop
   vertex 3.57125320e+01 1.63570709e+01 1.62655258e+00
   vertex 3.63199234e+01 1.94168320e+01 1.61058807e+00
   vertex 3.56384125e+01 1.63855820e+01 1.27720642e+00
  endloop
 endfacet
 facet normal -9.54410970e-01 1.89405501e-01 2.30706036e-01
  outer loop
   vertex 3.56384125e+01 1.63855820e+01 1.27720642e+00
   vertex 3.63199234e+01 1.94168320e+01 1.61058807e+00
   vertex 3.62375793e+01 1.94291306e+01 1.25805664e+00
  endloop
 endfacet
 facet normal -9.56968427e-01 1.85832739e-01 2.22884700e-01
  outer loop
   vertex 3.51334686e+01 1.33674469e+01 1.64776230e+00
   vertex 3.57125320e+01 1.63570709e+01 1.62655258e+00
   vertex 3.50587082e+01 1.34085236e+01 1.29945374e+00
  endloop
 endfacet
 facet normal -9.54765856e-01 1.87829047e-01 2.30526432e-01
  outer loop
   vertex 3.50587082e+01 1.34085236e+01 1.29945374e+00
   vertex 3.57125320e+01 1.63570709e+01 1.62655258e+00
   vertex 3.56384125e+01 1.63855820e+01 1.27720642e+00
  endloop
 endfacet
 facet normal -9.73890185e-01 1.84761718e-01 -1.31912768e-01
  outer loop
   vertex 3.51533890e+01 1.32176514e+01 1.98741913e+00
   vertex 3.57781372e+01 1.63084030e+01 1.97509003e+00
   vertex 3.51334686e+01 1.33674469e+01 1.64776230e+00
  endloop
 endfacet
 facet normal -9.80416298e-01 1.92231566e-01 4.27886322e-02
  outer loop
   vertex 3.51334686e+01 1.33674469e+01 1.64776230e+00
   vertex 3.57781372e+01 1.63084030e+01 1.97509003e+00
   vertex 3.57125320e+01 1.63570709e+01 1.62655258e+00
  endloop
 endfacet
 facet normal -9.55313027e-01 1.78079858e-01 2.35933483e-01
  outer loop
   vertex 3.68330765e+01 2.25049515e+01 1.24106598e+00
   vertex 3.69248581e+01 2.24981232e+01 1.59606552e+00
   vertex 3.73992996e+01 2.56003799e+01 1.22674942e+00
  endloop
 endfacet
 facet normal -9.49821651e-01 1.71871096e-01 2.61341065e-01
  outer loop
   vertex 3.73992996e+01 2.56003799e+01 1.22674942e+00
   vertex 3.69248581e+01 2.24981232e+01 1.59606552e+00
   vertex 3.74954071e+01 2.55951157e+01 1.58463669e+00
  endloop
 endfacet
 facet normal -9.52184856e-01 1.85318708e-01 2.42901176e-01
  outer loop
   vertex 3.69248581e+01 2.24981232e+01 1.59606552e+00
   vertex 3.68330765e+01 2.25049515e+01 1.24106598e+00
   vertex 3.63199234e+01 1.94168320e+01 1.61058807e+00
  endloop
 endfacet
 facet normal -9.55784559e-01 1.87269926e-01 2.26728499e-01
  outer loop
   vertex 3.63199234e+01 1.94168320e+01 1.61058807e+00
   vertex 3.68330765e+01 2.25049515e+01 1.24106598e+00
   vertex 3.62375793e+01 1.94291306e+01 1.25805664e+00
  endloop
 endfacet
 facet normal -9.77569222e-01 1.92727029e-01 -8.49391073e-02
  outer loop
   vertex 3.70276184e+01 2.24899216e+01 1.95043945e+00
   vertex 3.69248581e+01 2.24981232e+01 1.59606552e+00
   vertex 3.64028778e+01 1.93991623e+01 1.96276093e+00
  endloop
 endfacet
 facet normal -9.77833927e-01 1.93437397e-01 8.01422149e-02
  outer loop
   vertex 3.64028778e+01 1.93991623e+01 1.96276093e+00
   vertex 3.69248581e+01 2.24981232e+01 1.59606552e+00
   vertex 3.63199234e+01 1.94168320e+01 1.61058807e+00
  endloop
 endfacet
 facet normal -9.82125044e-01 1.79311812e-01 -5.72509877e-02
  outer loop
   vertex 3.76523743e+01 2.55806732e+01 1.93811035e+00
   vertex 3.74954071e+01 2.55951157e+01 1.58463669e+00
   vertex 3.70276184e+01 2.24899216e+01 1.95043945e+00
  endloop
 endfacet
 facet normal -9.76516843e-01 1.84092298e-01 1.11914389e-01
  outer loop
   vertex 3.70276184e+01 2.24899216e+01 1.95043945e+00
   vertex 3.74954071e+01 2.55951157e+01 1.58463669e+00
   vertex 3.69248581e+01 2.24981232e+01 1.59606552e+00
  endloop
 endfacet
 facet normal -9.07391429e-01 1.77757487e-01 -3.80845249e-01
  outer loop
   vertex 3.60759277e+01 1.94268188e+01 5.51181793e-01
   vertex 3.61564407e+01 1.94306641e+01 9.04804230e-01
   vertex 3.67043381e+01 2.25116882e+01 5.27893066e-01
  endloop
 endfacet
 facet normal -9.76812780e-01 1.91161022e-01 -9.64067206e-02
  outer loop
   vertex 3.67043381e+01 2.25116882e+01 5.27893066e-01
   vertex 3.61564407e+01 1.94306641e+01 9.04804230e-01
   vertex 3.67632141e+01 2.25090179e+01 8.84796143e-01
  endloop
 endfacet
 facet normal -9.60904896e-01 1.89892232e-01 2.01501042e-01
  outer loop
   vertex 3.61564407e+01 1.94306641e+01 9.04804230e-01
   vertex 3.62375793e+01 1.94291306e+01 1.25805664e+00
   vertex 3.67632141e+01 2.25090179e+01 8.84796143e-01
  endloop
 endfacet
 facet normal -9.61118162e-01 1.86836630e-01 2.03332067e-01
  outer loop
   vertex 3.67632141e+01 2.25090179e+01 8.84796143e-01
   vertex 3.62375793e+01 1.94291306e+01 1.25805664e+00
   vertex 3.68330765e+01 2.25049515e+01 1.24106598e+00
  endloop
 endfacet
 facet normal -9.68407869e-01 1.80873603e-01 1.71671167e-01
  outer loop
   vertex 3.67632141e+01 2.25090179e+01 8.84796143e-01
   vertex 3.68330765e+01 2.25049515e+01 1.24106598e+00
   vertex 3.73361130e+01 2.56014938e+01 8.66954803e-01
  endloop
 endfacet
 facet normal -9.66572762e-01 1.74136266e-01 1.88185140e-01
  outer loop
   vertex 3.73361130e+01 2.56014938e+01 8.66954803e-01
   vertex 3.68330765e+01 2.25049515e+01 1.24106598e+00
   vertex 3.73992996e+01 2.56003799e+01 1.22674942e+00
  endloop
 endfacet
 facet normal -9.74792182e-01 1.75949425e-01 -1.37193099e-01
  outer loop
   vertex 3.73361130e+01 2.56014938e+01 8.66954803e-01
   vertex 3.73327332e+01 2.55965576e+01 5.04604340e-01
   vertex 3.67632141e+01 2.25090179e+01 8.84796143e-01
  endloop
 endfacet
 facet normal -8.92736614e-01 1.65947109e-01 -4.18906838e-01
  outer loop
   vertex 3.67632141e+01 2.25090179e+01 8.84796143e-01
   vertex 3.73327332e+01 2.55965576e+01 5.04604340e-01
   vertex 3.67043381e+01 2.25116882e+01 5.27893066e-01
  endloop
 endfacet
 facet normal -9.48343039e-01 1.86748609e-01 2.56457478e-01
  outer loop
   vertex 3.49583740e+01 1.33891907e+01 9.48730469e-01
   vertex 3.50587082e+01 1.34085236e+01 1.29945374e+00
   vertex 3.55472336e+01 1.63738327e+01 9.26242828e-01
  endloop
 endfacet
 facet normal -9.51821148e-01 1.87901795e-01 2.42341638e-01
  outer loop
   vertex 3.55472336e+01 1.63738327e+01 9.26242828e-01
   vertex 3.50587082e+01 1.34085236e+01 1.29945374e+00
   vertex 3.56384125e+01 1.63855820e+01 1.27720642e+00
  endloop
 endfacet
 facet normal -9.54041898e-01 1.90641806e-01 2.31213719e-01
  outer loop
   vertex 3.55472336e+01 1.63738327e+01 9.26242828e-01
   vertex 3.56384125e+01 1.63855820e+01 1.27720642e+00
   vertex 3.61564407e+01 1.94306641e+01 9.04804230e-01
  endloop
 endfacet
 facet normal -9.55926120e-01 1.90054387e-01 2.23795876e-01
  outer loop
   vertex 3.61564407e+01 1.94306641e+01 9.04804230e-01
   vertex 3.56384125e+01 1.63855820e+01 1.27720642e+00
   vertex 3.62375793e+01 1.94291306e+01 1.25805664e+00
  endloop
 endfacet
 facet normal -9.18487906e-01 1.81272551e-01 -3.51454526e-01
  outer loop
   vertex 3.54475250e+01 1.63419495e+01 5.74470520e-01
   vertex 3.55472336e+01 1.63738327e+01 9.26242828e-01
   vertex 3.60759277e+01 1.94268188e+01 5.51181793e-01
  endloop
 endfacet
 facet normal -9.79255378e-01 1.94886848e-01 -5.54803684e-02
  outer loop
   vertex 3.60759277e+01 1.94268188e+01 5.51181793e-01
   vertex 3.55472336e+01 1.63738327e+01 9.26242828e-01
   vertex 3.61564407e+01 1.94306641e+01 9.04804230e-01
  endloop
 endfacet
 facet normal -9.26947057e-01 1.79738566e-01 -3.29337537e-01
  outer loop
   vertex 3.48191223e+01 1.32570801e+01 5.97759247e-01
   vertex 3.49583740e+01 1.33891907e+01 9.48730469e-01
   vertex 3.54475250e+01 1.63419495e+01 5.74470520e-01
  endloop
 endfacet
 facet normal -9.80632663e-01 1.93981558e-01 -2.70329732e-02
  outer loop
   vertex 3.54475250e+01 1.63419495e+01 5.74470520e-01
   vertex 3.49583740e+01 1.33891907e+01 9.48730469e-01
   vertex 3.55472336e+01 1.63738327e+01 9.26242828e-01
  endloop
 endfacet
 facet normal -8.92827451e-01 1.48426071e-01 -4.25239742e-01
  outer loop
   vertex 3.42403793e+01 7.66423035e+00 2.07151794e+00
   vertex 3.12734909e+01 1.12332687e+01 5.46586990e+00
   vertex 3.46968765e+01 1.04409332e+01 2.02946854e+00
  endloop
 endfacet
 facet normal -7.99589574e-01 1.33400634e-01 -5.85543215e-01
  outer loop
   vertex 3.46968765e+01 1.04409332e+01 2.02946854e+00
   vertex 3.12734909e+01 1.12332687e+01 5.46586990e+00
   vertex 3.17584381e+01 1.39591599e+01 5.43276596e+00
  endloop
 endfacet
 facet normal -6.85052752e-01 1.21083744e-01 -7.18360245e-01
  outer loop
   vertex 2.88005447e+01 1.74844513e+01 8.86141968e+00
   vertex 3.17584381e+01 1.39591599e+01 5.43276596e+00
   vertex 2.82916489e+01 1.48158035e+01 8.88368607e+00
  endloop
 endfacet
 facet normal -6.86289847e-01 1.16526939e-01 -7.17932940e-01
  outer loop
   vertex 2.82916489e+01 1.48158035e+01 8.88368607e+00
   vertex 3.17584381e+01 1.39591599e+01 5.43276596e+00
   vertex 3.12734909e+01 1.12332687e+01 5.46586990e+00
  endloop
 endfacet
 facet normal -6.86682880e-01 1.23499915e-01 -7.16389835e-01
  outer loop
   vertex 3.17584381e+01 1.39591599e+01 5.43276596e+00
   vertex 2.88005447e+01 1.74844513e+01 8.86141968e+00
   vertex 3.22794266e+01 1.67543640e+01 5.40493774e+00
  endloop
 endfacet
 facet normal -6.84205472e-01 1.29435033e-01 -7.17711210e-01
  outer loop
   vertex 3.22794266e+01 1.67543640e+01 5.40493774e+00
   vertex 2.88005447e+01 1.74844513e+01 8.86141968e+00
   vertex 2.93429642e+01 2.02130890e+01 8.83895874e+00
  endloop
 endfacet
 facet normal -8.84843111e-01 1.52506977e-01 -4.40220743e-01
  outer loop
   vertex 3.46968765e+01 1.04409332e+01 2.02946854e+00
   vertex 3.17584381e+01 1.39591599e+01 5.43276596e+00
   vertex 3.51533890e+01 1.32176514e+01 1.98741913e+00
  endloop
 endfacet
 facet normal -7.93571591e-01 1.41561121e-01 -5.91780841e-01
  outer loop
   vertex 3.51533890e+01 1.32176514e+01 1.98741913e+00
   vertex 3.17584381e+01 1.39591599e+01 5.43276596e+00
   vertex 3.22794266e+01 1.67543640e+01 5.40493774e+00
  endloop
 endfacet
 facet normal -7.57494390e-01 -1.31276771e-02 -6.52709663e-01
  outer loop
   vertex 2.78051300e+01 1.21767273e+01 8.90016937e+00
   vertex 3.07985458e+01 8.52742767e+00 5.50001907e+00
   vertex 2.73298111e+01 9.55242157e+00 8.91376877e+00
  endloop
 endfacet
 facet normal -8.16215277e-01 -1.45962641e-01 -5.59005857e-01
  outer loop
   vertex 2.73298111e+01 9.55242157e+00 8.91376877e+00
   vertex 3.07985458e+01 8.52742767e+00 5.50001907e+00
   vertex 3.03285904e+01 5.83160400e+00 5.53469086e+00
  endloop
 endfacet
 facet normal -6.83138371e-01 1.13781065e-01 -7.21370816e-01
  outer loop
   vertex 3.07985458e+01 8.52742767e+00 5.50001907e+00
   vertex 2.78051300e+01 1.21767273e+01 8.90016937e+00
   vertex 3.12734909e+01 1.12332687e+01 5.46586990e+00
  endloop
 endfacet
 facet normal -6.82469010e-01 1.17127717e-01 -7.21468747e-01
  outer loop
   vertex 3.12734909e+01 1.12332687e+01 5.46586990e+00
   vertex 2.78051300e+01 1.21767273e+01 8.90016937e+00
   vertex 2.82916489e+01 1.48158035e+01 8.88368607e+00
  endloop
 endfacet
 facet normal -9.00370598e-01 1.48162052e-01 -4.09121960e-01
  outer loop
   vertex 3.37838821e+01 4.88751984e+00 2.11356354e+00
   vertex 3.07985458e+01 8.52742767e+00 5.50001907e+00
   vertex 3.42403793e+01 7.66423035e+00 2.07151794e+00
  endloop
 endfacet
 facet normal -8.02930117e-01 1.31947249e-01 -5.81285775e-01
  outer loop
   vertex 3.42403793e+01 7.66423035e+00 2.07151794e+00
   vertex 3.07985458e+01 8.52742767e+00 5.50001907e+00
   vertex 3.12734909e+01 1.12332687e+01 5.46586990e+00
  endloop
 endfacet
 facet normal -8.73893738e-01 -1.13803435e-04 -4.86116946e-01
  outer loop
   vertex 3.07985458e+01 8.52742767e+00 5.50001907e+00
   vertex 3.37838821e+01 4.88751984e+00 2.11356354e+00
   vertex 3.03285904e+01 5.83160400e+00 5.53469086e+00
  endloop
 endfacet
 facet normal -9.45978820e-01 1.86542928e-01 -2.65190244e-01
  outer loop
   vertex 3.03285904e+01 5.83160400e+00 5.53469086e+00
   vertex 3.37838821e+01 4.88751984e+00 2.11356354e+00
   vertex 3.33273697e+01 2.11080170e+00 2.15561295e+00
  endloop
 endfacet
 facet normal -6.37580276e-01 2.19608188e-01 -7.38419652e-01
  outer loop
   vertex 2.35303726e+01 1.85898743e+01 1.39984283e+01
   vertex 2.34863434e+01 1.90109177e+01 1.41157646e+01
   vertex 2.41131973e+01 1.88062439e+01 1.34980507e+01
  endloop
 endfacet
 facet normal -5.97751379e-01 1.64813906e-01 -7.84556985e-01
  outer loop
   vertex 2.34863434e+01 1.90109177e+01 1.41157646e+01
   vertex 2.34662018e+01 1.94325714e+01 1.42182579e+01
   vertex 2.41131973e+01 1.88062439e+01 1.34980507e+01
  endloop
 endfacet
 facet normal -5.69266319e-01 1.31475270e-01 -8.11572611e-01
  outer loop
   vertex 2.34662018e+01 1.94325714e+01 1.42182579e+01
   vertex 2.37689590e+01 2.02329865e+01 1.40989876e+01
   vertex 2.41131973e+01 1.88062439e+01 1.34980507e+01
  endloop
 endfacet
 facet normal -6.82638943e-01 2.52323002e-01 -6.85811341e-01
  outer loop
   vertex 2.46398392e+01 1.91910477e+01 1.30899773e+01
   vertex 2.43408203e+01 1.88981934e+01 1.33068695e+01
   vertex 2.37689590e+01 2.02329865e+01 1.40989876e+01
  endloop
 endfacet
 facet normal -6.55741632e-01 2.23958552e-01 -7.21003115e-01
  outer loop
   vertex 2.37689590e+01 2.02329865e+01 1.40989876e+01
   vertex 2.43408203e+01 1.88981934e+01 1.33068695e+01
   vertex 2.41131973e+01 1.88062439e+01 1.34980507e+01
  endloop
 endfacet
 facet normal -2.18706325e-01 -3.14350933e-01 -9.23770010e-01
  outer loop
   vertex 2.56036682e+01 1.56069260e+01 1.15316620e+01
   vertex 2.82916489e+01 1.48158035e+01 8.88368607e+00
   vertex 2.53151321e+01 1.52115250e+01 1.17360077e+01
  endloop
 endfacet
 facet normal -4.89919037e-01 -8.96893889e-02 -8.67141962e-01
  outer loop
   vertex 2.53151321e+01 1.52115250e+01 1.17360077e+01
   vertex 2.82916489e+01 1.48158035e+01 8.88368607e+00
   vertex 2.78051300e+01 1.21767273e+01 8.90016937e+00
  endloop
 endfacet
 facet normal -2.19694674e-01 -3.14273655e-01 -9.23561752e-01
  outer loop
   vertex 2.56036682e+01 1.56069260e+01 1.15316620e+01
   vertex 2.65530319e+01 1.68994598e+01 1.08837852e+01
   vertex 2.82916489e+01 1.48158035e+01 8.88368607e+00
  endloop
 endfacet
 facet normal -8.12915981e-01 -1.38111398e-01 -5.65767467e-01
  outer loop
   vertex 2.73298111e+01 9.55242157e+00 8.91376877e+00
   vertex 2.43310318e+01 1.32732315e+01 1.22928391e+01
   vertex 2.78051300e+01 1.21767273e+01 8.90016937e+00
  endloop
 endfacet
 facet normal -2.15434745e-01 -3.11908334e-01 -9.25365388e-01
  outer loop
   vertex 2.53151321e+01 1.52115250e+01 1.17360077e+01
   vertex 2.78051300e+01 1.21767273e+01 8.90016937e+00
   vertex 2.44748840e+01 1.40695496e+01 1.23036385e+01
  endloop
 endfacet
 facet normal -5.63063800e-01 -2.33743161e-01 -7.92668462e-01
  outer loop
   vertex 2.44748840e+01 1.40695496e+01 1.23036385e+01
   vertex 2.78051300e+01 1.21767273e+01 8.90016937e+00
   vertex 2.43310318e+01 1.32732315e+01 1.22928391e+01
  endloop
 endfacet
 facet normal -2.72153497e-01 -6.17949545e-01 -7.37611592e-01
  outer loop
   vertex 2.40994720e+01 1.35605392e+01 1.25537605e+01
   vertex 2.44748840e+01 1.40695496e+01 1.23036385e+01
   vertex 2.43310318e+01 1.32732315e+01 1.22928391e+01
  endloop
 endfacet
 facet normal -6.81571126e-01 1.32367522e-01 -7.19680250e-01
  outer loop
   vertex 2.88005447e+01 1.74844513e+01 8.86141968e+00
   vertex 2.58036652e+01 2.10238724e+01 1.23408051e+01
   vertex 2.93429642e+01 2.02130890e+01 8.83895874e+00
  endloop
 endfacet
 facet normal -6.80265427e-01 1.37652218e-01 -7.19924152e-01
  outer loop
   vertex 2.93429642e+01 2.02130890e+01 8.83895874e+00
   vertex 2.58036652e+01 2.10238724e+01 1.23408051e+01
   vertex 2.63655930e+01 2.36728821e+01 1.23208656e+01
  endloop
 endfacet
 facet normal -2.84552455e-01 5.48804045e-01 -7.86030531e-01
  outer loop
   vertex 2.53300171e+01 1.86741104e+01 1.23477173e+01
   vertex 2.58036652e+01 2.10238724e+01 1.23408051e+01
   vertex 2.56334229e+01 1.83308258e+01 1.19982605e+01
  endloop
 endfacet
 facet normal -5.13652563e-01 3.45350474e-01 -7.85426080e-01
  outer loop
   vertex 2.56334229e+01 1.83308258e+01 1.19982605e+01
   vertex 2.58036652e+01 2.10238724e+01 1.23408051e+01
   vertex 2.88005447e+01 1.74844513e+01 8.86141968e+00
  endloop
 endfacet
 facet normal -2.87603676e-01 5.44532776e-01 -7.87888408e-01
  outer loop
   vertex 2.56334229e+01 1.83308258e+01 1.19982605e+01
   vertex 2.88005447e+01 1.74844513e+01 8.86141968e+00
   vertex 2.57992783e+01 1.81438065e+01 1.18094749e+01
  endloop
 endfacet
 facet normal -3.28367412e-01 3.72335941e-01 -8.68067265e-01
  outer loop
   vertex 2.57992783e+01 1.81438065e+01 1.18094749e+01
   vertex 2.88005447e+01 1.74844513e+01 8.86141968e+00
   vertex 2.67109299e+01 1.71158829e+01 1.07718239e+01
  endloop
 endfacet
 facet normal -4.93157148e-01 -8.67796168e-02 -8.65601122e-01
  outer loop
   vertex 2.82916489e+01 1.48158035e+01 8.88368607e+00
   vertex 2.65530319e+01 1.68994598e+01 1.08837852e+01
   vertex 2.88005447e+01 1.74844513e+01 8.86141968e+00
  endloop
 endfacet
 facet normal -3.01622987e-01 -4.90691774e-02 -9.52163756e-01
  outer loop
   vertex 2.67109299e+01 1.71158829e+01 1.07718239e+01
   vertex 2.88005447e+01 1.74844513e+01 8.86141968e+00
   vertex 2.65530319e+01 1.68994598e+01 1.08837852e+01
  endloop
 endfacet
 facet normal -2.80505210e-01 5.54626465e-01 -7.83394098e-01
  outer loop
   vertex 2.22329407e+01 2.21737671e+01 1.58991318e+01
   vertex 2.27588806e+01 2.46041260e+01 1.58981323e+01
   vertex 2.23371429e+01 2.20556259e+01 1.57782669e+01
  endloop
 endfacet
 facet normal -5.08989990e-01 3.53655726e-01 -7.84765422e-01
  outer loop
   vertex 2.23371429e+01 2.20556259e+01 1.57782669e+01
   vertex 2.27588806e+01 2.46041260e+01 1.58981323e+01
   vertex 2.58036652e+01 2.10238724e+01 1.23408051e+01
  endloop
 endfacet
 facet normal -2.82980651e-01 5.50402164e-01 -7.85480380e-01
  outer loop
   vertex 2.23371429e+01 2.20556259e+01 1.57782669e+01
   vertex 2.58036652e+01 2.10238724e+01 1.23408051e+01
   vertex 2.29804459e+01 2.13287888e+01 1.50408859e+01
  endloop
 endfacet
 facet normal -2.83847451e-01 5.48618138e-01 -7.86415100e-01
  outer loop
   vertex 2.29804459e+01 2.13287888e+01 1.50408859e+01
   vertex 2.58036652e+01 2.10238724e+01 1.23408051e+01
   vertex 2.35997391e+01 2.06290741e+01 1.43310242e+01
  endloop
 endfacet
 facet normal -2.84226120e-01 5.48694551e-01 -7.86225021e-01
  outer loop
   vertex 2.53300171e+01 1.86741104e+01 1.23477173e+01
   vertex 2.50855484e+01 1.89503250e+01 1.26279335e+01
   vertex 2.58036652e+01 2.10238724e+01 1.23408051e+01
  endloop
 endfacet
 facet normal -5.07495999e-01 4.10930306e-01 -7.57353365e-01
  outer loop
   vertex 2.50855484e+01 1.89503250e+01 1.26279335e+01
   vertex 2.47659531e+01 1.93114243e+01 1.29942665e+01
   vertex 2.58036652e+01 2.10238724e+01 1.23408051e+01
  endloop
 endfacet
 facet normal -6.59262955e-01 2.42269799e-01 -7.11812973e-01
  outer loop
   vertex 2.46398392e+01 1.91910477e+01 1.30899773e+01
   vertex 2.37689590e+01 2.02329865e+01 1.40989876e+01
   vertex 2.47659531e+01 1.93114243e+01 1.29942665e+01
  endloop
 endfacet
 facet normal -6.30418003e-01 1.73633471e-01 -7.56587446e-01
  outer loop
   vertex 2.47659531e+01 1.93114243e+01 1.29942665e+01
   vertex 2.37689590e+01 2.02329865e+01 1.40989876e+01
   vertex 2.58036652e+01 2.10238724e+01 1.23408051e+01
  endloop
 endfacet
 facet normal -4.56835330e-01 3.48274529e-01 -8.18539143e-01
  outer loop
   vertex 2.35997391e+01 2.06290741e+01 1.43310242e+01
   vertex 2.58036652e+01 2.10238724e+01 1.23408051e+01
   vertex 2.38199768e+01 2.03802414e+01 1.40785866e+01
  endloop
 endfacet
 facet normal -5.78413069e-01 1.13872178e-01 -8.07757080e-01
  outer loop
   vertex 2.58036652e+01 2.10238724e+01 1.23408051e+01
   vertex 2.37689590e+01 2.02329865e+01 1.40989876e+01
   vertex 2.38199768e+01 2.03802414e+01 1.40785866e+01
  endloop
 endfacet
 facet normal -6.77955031e-01 1.41669229e-01 -7.21322954e-01
  outer loop
   vertex 2.58036652e+01 2.10238724e+01 1.23408051e+01
   vertex 2.27588806e+01 2.46041260e+01 1.58981323e+01
   vertex 2.63655930e+01 2.36728821e+01 1.23208656e+01
  endloop
 endfacet
 facet normal -6.77554905e-01 1.45876810e-01 -7.20860124e-01
  outer loop
   vertex 2.63655930e+01 2.36728821e+01 1.23208656e+01
   vertex 2.27588806e+01 2.46041260e+01 1.58981323e+01
   vertex 2.33426361e+01 2.71637192e+01 1.58773499e+01
  endloop
 endfacet
 facet normal -9.08025324e-01 1.30324885e-01 -3.98127347e-01
  outer loop
   vertex 3.85466385e+01 3.18189926e+01 1.94116592e+00
   vertex 3.56329651e+01 3.47015381e+01 5.35607147e+00
   vertex 3.89937820e+01 3.49381485e+01 1.94268799e+00
  endloop
 endfacet
 facet normal -8.26481223e-01 1.17797412e-01 -5.50502121e-01
  outer loop
   vertex 3.89937820e+01 3.49381485e+01 1.94268799e+00
   vertex 3.56329651e+01 3.47015381e+01 5.35607147e+00
   vertex 3.60583496e+01 3.76179810e+01 5.35973358e+00
  endloop
 endfacet
 facet normal -7.11590111e-01 1.07042812e-01 -6.94392741e-01
  outer loop
   vertex 3.56329651e+01 3.47015381e+01 5.35607147e+00
   vertex 3.27157288e+01 3.76066132e+01 8.79519272e+00
   vertex 3.60583496e+01 3.76179810e+01 5.35973358e+00
  endloop
 endfacet
 facet normal -7.13938951e-01 1.05875328e-01 -6.92157209e-01
  outer loop
   vertex 3.60583496e+01 3.76179810e+01 5.35973358e+00
   vertex 3.27157288e+01 3.76066132e+01 8.79519272e+00
   vertex 3.31289444e+01 4.03556442e+01 8.80031204e+00
  endloop
 endfacet
 facet normal -7.19959974e-01 9.42301676e-02 -6.87588751e-01
  outer loop
   vertex 3.60583496e+01 3.76179810e+01 5.35973358e+00
   vertex 3.31289444e+01 4.03556442e+01 8.80031204e+00
   vertex 3.63865356e+01 4.02259216e+01 5.36796951e+00
  endloop
 endfacet
 facet normal -7.24269867e-01 9.04855281e-02 -6.83553576e-01
  outer loop
   vertex 3.63865356e+01 4.02259216e+01 5.36796951e+00
   vertex 3.31289444e+01 4.03556442e+01 8.80031204e+00
   vertex 3.34615936e+01 4.28548660e+01 8.80889893e+00
  endloop
 endfacet
 facet normal -9.33306992e-01 1.05530612e-01 -3.43222022e-01
  outer loop
   vertex 3.89937820e+01 3.49381485e+01 1.94268799e+00
   vertex 3.60583496e+01 3.76179810e+01 5.35973358e+00
   vertex 3.94409103e+01 3.80573120e+01 1.94421768e+00
  endloop
 endfacet
 facet normal -8.54615450e-01 8.68977308e-02 -5.11938691e-01
  outer loop
   vertex 3.94409103e+01 3.80573120e+01 1.94421768e+00
   vertex 3.60583496e+01 3.76179810e+01 5.35973358e+00
   vertex 3.63865356e+01 4.02259216e+01 5.36796951e+00
  endloop
 endfacet
 facet normal -7.00908840e-01 1.20495677e-01 -7.02998996e-01
  outer loop
   vertex 3.22450027e+01 3.47238464e+01 8.79306030e+00
   vertex 3.51740112e+01 3.17065277e+01 5.35437775e+00
   vertex 3.17196426e+01 3.17768936e+01 8.79446793e+00
  endloop
 endfacet
 facet normal -6.97965384e-01 1.21381395e-01 -7.05769718e-01
  outer loop
   vertex 3.17196426e+01 3.17768936e+01 8.79446793e+00
   vertex 3.51740112e+01 3.17065277e+01 5.35437775e+00
   vertex 3.46645126e+01 2.86769333e+01 5.35628128e+00
  endloop
 endfacet
 facet normal -7.05958128e-01 1.13177180e-01 -6.99152350e-01
  outer loop
   vertex 3.51740112e+01 3.17065277e+01 5.35437775e+00
   vertex 3.22450027e+01 3.47238464e+01 8.79306030e+00
   vertex 3.56329651e+01 3.47015381e+01 5.35607147e+00
  endloop
 endfacet
 facet normal -7.07973480e-01 1.13303818e-01 -6.97090983e-01
  outer loop
   vertex 3.56329651e+01 3.47015381e+01 5.35607147e+00
   vertex 3.22450027e+01 3.47238464e+01 8.79306030e+00
   vertex 3.27157288e+01 3.76066132e+01 8.79519272e+00
  endloop
 endfacet
 facet normal -9.01651561e-01 1.36025250e-01 -4.10513759e-01
  outer loop
   vertex 3.80994949e+01 2.86998291e+01 1.93964386e+00
   vertex 3.51740112e+01 3.17065277e+01 5.35437775e+00
   vertex 3.85466385e+01 3.18189926e+01 1.94116592e+00
  endloop
 endfacet
 facet normal -8.14500213e-01 1.22948758e-01 -5.66985905e-01
  outer loop
   vertex 3.85466385e+01 3.18189926e+01 1.94116592e+00
   vertex 3.51740112e+01 3.17065277e+01 5.35437775e+00
   vertex 3.56329651e+01 3.47015381e+01 5.35607147e+00
  endloop
 endfacet
 facet normal -8.12667191e-01 1.30801290e-01 -5.67858338e-01
  outer loop
   vertex 3.51740112e+01 3.17065277e+01 5.35437775e+00
   vertex 3.80994949e+01 2.86998291e+01 1.93964386e+00
   vertex 3.46645126e+01 2.86769333e+01 5.35628128e+00
  endloop
 endfacet
 facet normal -9.02983904e-01 1.50787279e-01 -4.02347207e-01
  outer loop
   vertex 3.46645126e+01 2.86769333e+01 5.35628128e+00
   vertex 3.80994949e+01 2.86998291e+01 1.93964386e+00
   vertex 3.76523743e+01 2.55806732e+01 1.93811035e+00
  endloop
 endfacet
 facet normal -7.06554890e-01 1.26494050e-01 -6.96261048e-01
  outer loop
   vertex 2.93089294e+01 3.77623672e+01 1.22796288e+01
   vertex 2.63511734e+01 4.08345032e+01 1.58388901e+01
   vertex 2.97914352e+01 4.05567398e+01 1.22827644e+01
  endloop
 endfacet
 facet normal -7.09501684e-01 1.25779763e-01 -6.93387926e-01
  outer loop
   vertex 2.97914352e+01 4.05567398e+01 1.22827644e+01
   vertex 2.63511734e+01 4.08345032e+01 1.58388901e+01
   vertex 2.68463974e+01 4.35512009e+01 1.58435326e+01
  endloop
 endfacet
 facet normal -7.05812871e-01 1.19923837e-01 -6.98173642e-01
  outer loop
   vertex 3.22450027e+01 3.47238464e+01 8.79306030e+00
   vertex 2.93089294e+01 3.77623672e+01 1.22796288e+01
   vertex 3.27157288e+01 3.76066132e+01 8.79519272e+00
  endloop
 endfacet
 facet normal -7.08433568e-01 1.19568817e-01 -6.95575416e-01
  outer loop
   vertex 3.27157288e+01 3.76066132e+01 8.79519272e+00
   vertex 2.93089294e+01 3.77623672e+01 1.22796288e+01
   vertex 2.97914352e+01 4.05567398e+01 1.22827644e+01
  endloop
 endfacet
 facet normal -6.98037744e-01 1.28337368e-01 -7.04466343e-01
  outer loop
   vertex 3.17196426e+01 3.17768936e+01 8.79446793e+00
   vertex 2.87719269e+01 3.48984528e+01 1.22796440e+01
   vertex 3.22450027e+01 3.47238464e+01 8.79306030e+00
  endloop
 endfacet
 facet normal -7.00934947e-01 1.27640322e-01 -7.01710820e-01
  outer loop
   vertex 3.22450027e+01 3.47238464e+01 8.79306030e+00
   vertex 2.87719269e+01 3.48984528e+01 1.22796440e+01
   vertex 2.93089294e+01 3.77623672e+01 1.22796288e+01
  endloop
 endfacet
 facet normal -6.98624253e-01 1.34911314e-01 -7.02654362e-01
  outer loop
   vertex 2.87719269e+01 3.48984528e+01 1.22796440e+01
   vertex 2.58033218e+01 3.80550613e+01 1.58365974e+01
   vertex 2.93089294e+01 3.77623672e+01 1.22796288e+01
  endloop
 endfacet
 facet normal -7.01627791e-01 1.34120852e-01 -6.99807107e-01
  outer loop
   vertex 2.93089294e+01 3.77623672e+01 1.22796288e+01
   vertex 2.58033218e+01 3.80550613e+01 1.58365974e+01
   vertex 2.63511734e+01 4.08345032e+01 1.58388901e+01
  endloop
 endfacet
 facet normal -7.21066952e-01 1.01291262e-01 -6.85421407e-01
  outer loop
   vertex 3.31289444e+01 4.03556442e+01 8.80031204e+00
   vertex 3.02116013e+01 4.32089767e+01 1.22879868e+01
   vertex 3.34615936e+01 4.28548660e+01 8.80889893e+00
  endloop
 endfacet
 facet normal -7.24279702e-01 9.99193862e-02 -6.82227969e-01
  outer loop
   vertex 3.34615936e+01 4.28548660e+01 8.80889893e+00
   vertex 3.02116013e+01 4.32089767e+01 1.22879868e+01
   vertex 3.05616150e+01 4.56464844e+01 1.22941818e+01
  endloop
 endfacet
 facet normal -7.12942004e-01 1.11781180e-01 -6.92256212e-01
  outer loop
   vertex 3.27157288e+01 3.76066132e+01 8.79519272e+00
   vertex 2.97914352e+01 4.05567398e+01 1.22827644e+01
   vertex 3.31289444e+01 4.03556442e+01 8.80031204e+00
  endloop
 endfacet
 facet normal -7.15721667e-01 1.10936247e-01 -6.89518452e-01
  outer loop
   vertex 3.31289444e+01 4.03556442e+01 8.80031204e+00
   vertex 2.97914352e+01 4.05567398e+01 1.22827644e+01
   vertex 3.02116013e+01 4.32089767e+01 1.22879868e+01
  endloop
 endfacet
 facet normal -7.14159369e-01 1.18009493e-01 -6.89963877e-01
  outer loop
   vertex 2.97914352e+01 4.05567398e+01 1.22827644e+01
   vertex 2.68463974e+01 4.35512009e+01 1.58435326e+01
   vertex 3.02116013e+01 4.32089767e+01 1.22879868e+01
  endloop
 endfacet
 facet normal -7.17170775e-01 1.17011629e-01 -6.87003911e-01
  outer loop
   vertex 3.02116013e+01 4.32089767e+01 1.22879868e+01
   vertex 2.68463974e+01 4.35512009e+01 1.58435326e+01
   vertex 2.72830811e+01 4.61410522e+01 1.58475342e+01
  endloop
 endfacet
 facet normal -7.21952856e-01 1.08567573e-01 -6.83371902e-01
  outer loop
   vertex 3.02116013e+01 4.32089767e+01 1.22879868e+01
   vertex 2.72830811e+01 4.61410522e+01 1.58475342e+01
   vertex 3.05616150e+01 4.56464844e+01 1.22941818e+01
  endloop
 endfacet
 facet normal -7.25021601e-01 1.07241981e-01 -6.80325508e-01
  outer loop
   vertex 3.05616150e+01 4.56464844e+01 1.22941818e+01
   vertex 2.72830811e+01 4.61410522e+01 1.58475342e+01
   vertex 2.76552658e+01 4.85400009e+01 1.58478432e+01
  endloop
 endfacet
 facet normal -6.84222341e-01 1.32703289e-01 -7.17098057e-01
  outer loop
   vertex 3.22794266e+01 1.67543640e+01 5.40493774e+00
   vertex 2.93429642e+01 2.02130890e+01 8.83895874e+00
   vertex 3.28624649e+01 1.96681671e+01 5.38663101e+00
  endloop
 endfacet
 facet normal -6.82617128e-01 1.36647120e-01 -7.17886746e-01
  outer loop
   vertex 3.28624649e+01 1.96681671e+01 5.38663101e+00
   vertex 2.93429642e+01 2.02130890e+01 8.83895874e+00
   vertex 2.99300766e+01 2.30322037e+01 8.82190704e+00
  endloop
 endfacet
 facet normal -6.82995856e-01 1.37734383e-01 -7.17318535e-01
  outer loop
   vertex 3.28624649e+01 1.96681671e+01 5.38663101e+00
   vertex 2.99300766e+01 2.30322037e+01 8.82190704e+00
   vertex 3.34757309e+01 2.26518631e+01 5.37404633e+00
  endloop
 endfacet
 facet normal -6.83030725e-01 1.39345929e-01 -7.16974020e-01
  outer loop
   vertex 3.34757309e+01 2.26518631e+01 5.37404633e+00
   vertex 2.99300766e+01 2.30322037e+01 8.82190704e+00
   vertex 3.05379181e+01 2.59151611e+01 8.80924606e+00
  endloop
 endfacet
 facet normal -7.93541133e-01 1.58781618e-01 -5.87435842e-01
  outer loop
   vertex 3.34757309e+01 2.26518631e+01 5.37404633e+00
   vertex 3.64028778e+01 1.93991623e+01 1.96276093e+00
   vertex 3.28624649e+01 1.96681671e+01 5.38663101e+00
  endloop
 endfacet
 facet normal -8.79527390e-01 1.75362483e-01 -4.42356795e-01
  outer loop
   vertex 3.28624649e+01 1.96681671e+01 5.38663101e+00
   vertex 3.64028778e+01 1.93991623e+01 1.96276093e+00
   vertex 3.57781372e+01 1.63084030e+01 1.97509003e+00
  endloop
 endfacet
 facet normal -8.78324449e-01 1.65543273e-01 -4.48488057e-01
  outer loop
   vertex 3.51533890e+01 1.32176514e+01 1.98741913e+00
   vertex 3.22794266e+01 1.67543640e+01 5.40493774e+00
   vertex 3.57781372e+01 1.63084030e+01 1.97509003e+00
  endloop
 endfacet
 facet normal -7.90656745e-01 1.54298082e-01 -5.92498124e-01
  outer loop
   vertex 3.57781372e+01 1.63084030e+01 1.97509003e+00
   vertex 3.22794266e+01 1.67543640e+01 5.40493774e+00
   vertex 3.28624649e+01 1.96681671e+01 5.38663101e+00
  endloop
 endfacet
 facet normal -6.81098819e-01 1.48312822e-01 -7.17013061e-01
  outer loop
   vertex 2.69642258e+01 2.64048157e+01 1.23046417e+01
   vertex 2.39587021e+01 2.98099289e+01 1.58604317e+01
   vertex 2.75787277e+01 2.91996994e+01 1.22922783e+01
  endloop
 endfacet
 facet normal -6.82090104e-01 1.50393248e-01 -7.15636075e-01
  outer loop
   vertex 2.75787277e+01 2.91996994e+01 1.22922783e+01
   vertex 2.39587021e+01 2.98099289e+01 1.58604317e+01
   vertex 2.45873413e+01 3.25214386e+01 1.58477402e+01
  endloop
 endfacet
 facet normal -6.81936443e-01 1.42220289e-01 -7.17451096e-01
  outer loop
   vertex 2.99300766e+01 2.30322037e+01 8.82190704e+00
   vertex 2.69642258e+01 2.64048157e+01 1.23046417e+01
   vertex 3.05379181e+01 2.59151611e+01 8.80924606e+00
  endloop
 endfacet
 facet normal -6.82418406e-01 1.44399375e-01 -7.16556966e-01
  outer loop
   vertex 3.05379181e+01 2.59151611e+01 8.80924606e+00
   vertex 2.69642258e+01 2.64048157e+01 1.23046417e+01
   vertex 2.75787277e+01 2.91996994e+01 1.22922783e+01
  endloop
 endfacet
 facet normal -6.80581927e-01 1.42625749e-01 -7.18655825e-01
  outer loop
   vertex 2.69642258e+01 2.64048157e+01 1.23046417e+01
   vertex 2.99300766e+01 2.30322037e+01 8.82190704e+00
   vertex 2.63655930e+01 2.36728821e+01 1.23208656e+01
  endloop
 endfacet
 facet normal -6.81300521e-01 1.38664737e-01 -7.18750119e-01
  outer loop
   vertex 2.63655930e+01 2.36728821e+01 1.23208656e+01
   vertex 2.99300766e+01 2.30322037e+01 8.82190704e+00
   vertex 2.93429642e+01 2.02130890e+01 8.83895874e+00
  endloop
 endfacet
 facet normal -6.79181933e-01 1.49328813e-01 -7.18618691e-01
  outer loop
   vertex 2.39587021e+01 2.98099289e+01 1.58604317e+01
   vertex 2.69642258e+01 2.64048157e+01 1.23046417e+01
   vertex 2.33426361e+01 2.71637192e+01 1.58773499e+01
  endloop
 endfacet
 facet normal -6.79149151e-01 1.45821303e-01 -7.19369590e-01
  outer loop
   vertex 2.33426361e+01 2.71637192e+01 1.58773499e+01
   vertex 2.69642258e+01 2.64048157e+01 1.23046417e+01
   vertex 2.63655930e+01 2.36728821e+01 1.23208656e+01
  endloop
 endfacet
 facet normal -6.90400302e-01 1.36495352e-01 -7.10433960e-01
  outer loop
   vertex 3.11425323e+01 2.88353729e+01 8.79998016e+00
   vertex 2.81882477e+01 3.20375748e+01 1.22839012e+01
   vertex 3.17196426e+01 3.17768936e+01 8.79446793e+00
  endloop
 endfacet
 facet normal -6.93040848e-01 1.35971904e-01 -7.07959056e-01
  outer loop
   vertex 3.17196426e+01 3.17768936e+01 8.79446793e+00
   vertex 2.81882477e+01 3.20375748e+01 1.22839012e+01
   vertex 2.87719269e+01 3.48984528e+01 1.22796440e+01
  endloop
 endfacet
 facet normal -6.84873223e-01 1.41489342e-01 -7.14793265e-01
  outer loop
   vertex 3.05379181e+01 2.59151611e+01 8.80924606e+00
   vertex 2.75787277e+01 2.91996994e+01 1.22922783e+01
   vertex 3.11425323e+01 2.88353729e+01 8.79998016e+00
  endloop
 endfacet
 facet normal -6.86493516e-01 1.42194793e-01 -7.13096976e-01
  outer loop
   vertex 3.11425323e+01 2.88353729e+01 8.79998016e+00
   vertex 2.75787277e+01 2.91996994e+01 1.22922783e+01
   vertex 2.81882477e+01 3.20375748e+01 1.22839012e+01
  endloop
 endfacet
 facet normal -6.85033798e-01 1.47186100e-01 -7.13487864e-01
  outer loop
   vertex 2.75787277e+01 2.91996994e+01 1.22922783e+01
   vertex 2.45873413e+01 3.25214386e+01 1.58477402e+01
   vertex 2.81882477e+01 3.20375748e+01 1.22839012e+01
  endloop
 endfacet
 facet normal -6.86901927e-01 1.48000166e-01 -7.11520731e-01
  outer loop
   vertex 2.81882477e+01 3.20375748e+01 1.22839012e+01
   vertex 2.45873413e+01 3.25214386e+01 1.58477402e+01
   vertex 2.52088013e+01 3.52769241e+01 1.58396683e+01
  endloop
 endfacet
 facet normal -6.91009700e-01 1.42486989e-01 -7.08662868e-01
  outer loop
   vertex 2.81882477e+01 3.20375748e+01 1.22839012e+01
   vertex 2.52088013e+01 3.52769241e+01 1.58396683e+01
   vertex 2.87719269e+01 3.48984528e+01 1.22796440e+01
  endloop
 endfacet
 facet normal -6.93692625e-01 1.42122820e-01 -7.06110239e-01
  outer loop
   vertex 2.87719269e+01 3.48984528e+01 1.22796440e+01
   vertex 2.52088013e+01 3.52769241e+01 1.58396683e+01
   vertex 2.58033218e+01 3.80550613e+01 1.58365974e+01
  endloop
 endfacet
 facet normal -6.85663223e-01 1.37676865e-01 -7.14780390e-01
  outer loop
   vertex 3.11425323e+01 2.88353729e+01 8.79998016e+00
   vertex 3.40874176e+01 2.56567535e+01 5.36338043e+00
   vertex 3.05379181e+01 2.59151611e+01 8.80924606e+00
  endloop
 endfacet
 facet normal -6.84307218e-01 1.37713477e-01 -7.16071665e-01
  outer loop
   vertex 3.05379181e+01 2.59151611e+01 8.80924606e+00
   vertex 3.40874176e+01 2.56567535e+01 5.36338043e+00
   vertex 3.34757309e+01 2.26518631e+01 5.37404633e+00
  endloop
 endfacet
 facet normal -6.89346373e-01 1.31635472e-01 -7.12371886e-01
  outer loop
   vertex 3.40874176e+01 2.56567535e+01 5.36338043e+00
   vertex 3.11425323e+01 2.88353729e+01 8.79998016e+00
   vertex 3.46645126e+01 2.86769333e+01 5.35628128e+00
  endloop
 endfacet
 facet normal -6.92447782e-01 1.29745439e-01 -7.09705710e-01
  outer loop
   vertex 3.46645126e+01 2.86769333e+01 5.35628128e+00
   vertex 3.11425323e+01 2.88353729e+01 8.79998016e+00
   vertex 3.17196426e+01 3.17768936e+01 8.79446793e+00
  endloop
 endfacet
 facet normal -8.97572756e-01 1.69939861e-01 -4.06796694e-01
  outer loop
   vertex 3.70276184e+01 2.24899216e+01 1.95043945e+00
   vertex 3.40874176e+01 2.56567535e+01 5.36338043e+00
   vertex 3.76523743e+01 2.55806732e+01 1.93811035e+00
  endloop
 endfacet
 facet normal -8.09695125e-01 1.47640988e-01 -5.67975283e-01
  outer loop
   vertex 3.76523743e+01 2.55806732e+01 1.93811035e+00
   vertex 3.40874176e+01 2.56567535e+01 5.36338043e+00
   vertex 3.46645126e+01 2.86769333e+01 5.35628128e+00
  endloop
 endfacet
 facet normal 8.30071032e-01 3.14140350e-01 4.60757941e-01
  outer loop
   vertex 2.86889191e+01 9.56520386e+01 5.88823700e+00
   vertex 2.83733215e+01 9.55133057e+01 6.55321121e+00
   vertex 2.95407181e+01 9.26306076e+01 6.41656494e+00
  endloop
 endfacet
 facet normal 8.29696238e-01 3.12278479e-01 4.62694645e-01
  outer loop
   vertex 2.95407181e+01 9.26306076e+01 6.41656494e+00
   vertex 2.83733215e+01 9.55133057e+01 6.55321121e+00
   vertex 2.89868927e+01 9.27696228e+01 7.31643677e+00
  endloop
 endfacet
 facet normal -1.41443178e-01 6.00571394e-01 7.86961138e-01
  outer loop
   vertex 1.93570404e+01 7.47398987e+01 2.69252625e+01
   vertex 1.94398727e+01 7.46339340e+01 2.70326004e+01
   vertex 2.05142975e+01 7.53592682e+01 2.72567444e+01
  endloop
 endfacet
 facet normal -1.88442767e-01 6.07349396e-01 7.71761656e-01
  outer loop
   vertex 1.94398727e+01 7.46339340e+01 2.70326004e+01
   vertex 1.99866104e+01 7.48584137e+01 2.72271118e+01
   vertex 2.05142975e+01 7.53592682e+01 2.72567444e+01
  endloop
 endfacet
 facet normal -2.36631945e-01 6.04962647e-01 7.60279894e-01
  outer loop
   vertex 1.99866104e+01 7.48584137e+01 2.72271118e+01
   vertex 2.01784897e+01 7.49502792e+01 2.72880936e+01
   vertex 2.05142975e+01 7.53592682e+01 2.72567444e+01
  endloop
 endfacet
 facet normal -2.48119846e-01 6.19282544e-01 7.44933307e-01
  outer loop
   vertex 2.01784897e+01 7.49502792e+01 2.72880936e+01
   vertex 2.05279541e+01 7.52581635e+01 2.73209610e+01
   vertex 2.05142975e+01 7.53592682e+01 2.72567444e+01
  endloop
 endfacet
 facet normal 1.33871332e-01 -3.23406607e-01 -9.36742544e-01
  outer loop
   vertex 2.10936737e+01 7.51784821e+01 2.16453934e+01
   vertex 2.16295242e+01 7.47536697e+01 2.21947556e+01
   vertex 1.95261307e+01 7.27990723e+01 2.20533752e+01
  endloop
 endfacet
 facet normal -2.42658690e-01 -5.14096856e-01 -8.22691441e-01
  outer loop
   vertex 2.16295242e+01 7.47536697e+01 2.21947556e+01
   vertex 2.15370789e+01 7.39396591e+01 2.25936050e+01
   vertex 1.95261307e+01 7.27990723e+01 2.20533752e+01
  endloop
 endfacet
 facet normal -1.48860008e-01 -7.11348593e-01 -6.86894357e-01
  outer loop
   vertex 2.15370789e+01 7.39396591e+01 2.25936050e+01
   vertex 1.99381561e+01 7.24724274e+01 2.24757843e+01
   vertex 1.95261307e+01 7.27990723e+01 2.20533752e+01
  endloop
 endfacet
 facet normal -2.15948194e-01 -6.12751842e-01 -7.60198414e-01
  outer loop
   vertex 2.01949310e+01 7.20033340e+01 2.28867645e+01
   vertex 1.99381561e+01 7.24724274e+01 2.24757843e+01
   vertex 2.13898010e+01 7.26428452e+01 2.32290192e+01
  endloop
 endfacet
 facet normal -2.23255619e-01 -5.39586425e-01 -8.11790228e-01
  outer loop
   vertex 2.13898010e+01 7.26428452e+01 2.32290192e+01
   vertex 1.99381561e+01 7.24724274e+01 2.24757843e+01
   vertex 2.15370789e+01 7.39396591e+01 2.25936050e+01
  endloop
 endfacet
 facet normal -2.45937169e-01 -4.83589113e-01 -8.40033591e-01
  outer loop
   vertex 2.13898010e+01 7.26428452e+01 2.32290192e+01
   vertex 2.13880997e+01 7.26278076e+01 2.32363892e+01
   vertex 2.01949310e+01 7.20033340e+01 2.28867645e+01
  endloop
 endfacet
 facet normal -2.55808979e-01 -4.73845810e-01 -8.42633903e-01
  outer loop
   vertex 2.13880997e+01 7.26278076e+01 2.32363892e+01
   vertex 2.13713379e+01 7.24226379e+01 2.33407440e+01
   vertex 2.01949310e+01 7.20033340e+01 2.28867645e+01
  endloop
 endfacet
 facet normal -2.51112819e-01 -4.57216710e-01 -8.53167772e-01
  outer loop
   vertex 2.13713379e+01 7.24226379e+01 2.33407440e+01
   vertex 2.13474731e+01 7.23177032e+01 2.33851700e+01
   vertex 2.01949310e+01 7.20033340e+01 2.28867645e+01
  endloop
 endfacet
 facet normal -2.39359573e-01 -4.56677675e-01 -8.56827021e-01
  outer loop
   vertex 2.13474731e+01 7.23177032e+01 2.33851700e+01
   vertex 2.12362900e+01 7.16491852e+01 2.36921387e+01
   vertex 2.01949310e+01 7.20033340e+01 2.28867645e+01
  endloop
 endfacet
 facet normal -2.46204555e-01 -4.87651587e-01 -8.37603271e-01
  outer loop
   vertex 2.12362900e+01 7.16491852e+01 2.36921387e+01
   vertex 2.02713165e+01 7.14376984e+01 2.32460709e+01
   vertex 2.01949310e+01 7.20033340e+01 2.28867645e+01
  endloop
 endfacet
 facet normal -2.36672729e-01 -3.35986137e-01 -9.11646485e-01
  outer loop
   vertex 2.10843658e+01 7.07356491e+01 2.41116104e+01
   vertex 2.01598434e+01 7.08308792e+01 2.35185394e+01
   vertex 2.12362900e+01 7.16491852e+01 2.36921387e+01
  endloop
 endfacet
 facet normal -2.41518304e-01 -3.64000976e-01 -8.99540007e-01
  outer loop
   vertex 2.12362900e+01 7.16491852e+01 2.36921387e+01
   vertex 2.01598434e+01 7.08308792e+01 2.35185394e+01
   vertex 2.02713165e+01 7.14376984e+01 2.32460709e+01
  endloop
 endfacet
 facet normal -2.00237781e-01 -2.58740157e-01 -9.44964767e-01
  outer loop
   vertex 2.08831406e+01 6.97263336e+01 2.45555496e+01
   vertex 1.98714218e+01 7.02422867e+01 2.36774902e+01
   vertex 2.10307465e+01 7.04277954e+01 2.42515488e+01
  endloop
 endfacet
 facet normal -1.96302012e-01 -2.31128186e-01 -9.52914119e-01
  outer loop
   vertex 1.98714218e+01 7.02422867e+01 2.36774902e+01
   vertex 2.01598434e+01 7.08308792e+01 2.35185394e+01
   vertex 2.10307465e+01 7.04277954e+01 2.42515488e+01
  endloop
 endfacet
 facet normal -2.33436495e-01 -3.19907993e-01 -9.18240845e-01
  outer loop
   vertex 2.10307465e+01 7.04277954e+01 2.42515488e+01
   vertex 2.01598434e+01 7.08308792e+01 2.35185394e+01
   vertex 2.10400391e+01 7.04691162e+01 2.42339859e+01
  endloop
 endfacet
 facet normal -2.38010228e-01 -3.29793483e-01 -9.13557529e-01
  outer loop
   vertex 2.10400391e+01 7.04691162e+01 2.42339859e+01
   vertex 2.01598434e+01 7.08308792e+01 2.35185394e+01
   vertex 2.10843658e+01 7.07356491e+01 2.41116104e+01
  endloop
 endfacet
 facet normal -1.57026634e-01 -2.03193769e-01 -9.66465175e-01
  outer loop
   vertex 2.05872803e+01 6.83576965e+01 2.51441269e+01
   vertex 1.94342957e+01 6.97295456e+01 2.37073669e+01
   vertex 2.06714706e+01 6.87204132e+01 2.49915161e+01
  endloop
 endfacet
 facet normal -1.58724457e-01 -2.07807094e-01 -9.65206087e-01
  outer loop
   vertex 2.06714706e+01 6.87204132e+01 2.49915161e+01
   vertex 1.94342957e+01 6.97295456e+01 2.37073669e+01
   vertex 2.08831406e+01 6.97263336e+01 2.45555496e+01
  endloop
 endfacet
 facet normal -1.23246238e-01 -1.19265422e-01 -9.85183299e-01
  outer loop
   vertex 1.94342957e+01 6.97295456e+01 2.37073669e+01
   vertex 1.98714218e+01 7.02422867e+01 2.36774902e+01
   vertex 2.08831406e+01 6.97263336e+01 2.45555496e+01
  endloop
 endfacet
 facet normal 1.01761095e-01 -5.26892304e-01 -8.43818247e-01
  outer loop
   vertex 1.96110153e+01 6.71072998e+01 2.52694397e+01
   vertex 1.88912354e+01 6.93428345e+01 2.36052551e+01
   vertex 2.04328995e+01 6.76925583e+01 2.54239731e+01
  endloop
 endfacet
 facet normal -1.80845454e-01 -2.19863385e-01 -9.58621442e-01
  outer loop
   vertex 2.04328995e+01 6.76925583e+01 2.54239731e+01
   vertex 1.88912354e+01 6.93428345e+01 2.36052551e+01
   vertex 2.05872803e+01 6.83576965e+01 2.51441269e+01
  endloop
 endfacet
 facet normal -1.86511800e-02 -2.03638710e-02 -9.99618649e-01
  outer loop
   vertex 1.88912354e+01 6.93428345e+01 2.36052551e+01
   vertex 1.94342957e+01 6.97295456e+01 2.37073669e+01
   vertex 2.05872803e+01 6.83576965e+01 2.51441269e+01
  endloop
 endfacet
 facet normal 4.23430502e-01 -7.18781888e-01 -5.51415682e-01
  outer loop
   vertex 1.96110153e+01 6.71072998e+01 2.52694397e+01
   vertex 1.82196045e+01 6.65869446e+01 2.47460785e+01
   vertex 1.88912354e+01 6.93428345e+01 2.36052551e+01
  endloop
 endfacet
 facet normal 3.62771302e-01 -2.13781267e-01 -9.07025099e-01
  outer loop
   vertex 1.88912354e+01 6.93428345e+01 2.36052551e+01
   vertex 1.82196045e+01 6.65869446e+01 2.47460785e+01
   vertex 1.82954102e+01 6.91200027e+01 2.33811569e+01
  endloop
 endfacet
 facet normal 3.24374884e-01 -7.27736831e-01 -6.04301274e-01
  outer loop
   vertex 1.82196045e+01 6.65869446e+01 2.47460785e+01
   vertex 1.68411865e+01 6.65002441e+01 2.39890518e+01
   vertex 1.82954102e+01 6.91200027e+01 2.33811569e+01
  endloop
 endfacet
 facet normal 4.36407447e-01 -1.83547348e-01 -8.80828559e-01
  outer loop
   vertex 1.82954102e+01 6.91200027e+01 2.33811569e+01
   vertex 1.68411865e+01 6.65002441e+01 2.39890518e+01
   vertex 1.77051315e+01 6.90828781e+01 2.30569763e+01
  endloop
 endfacet
 facet normal 2.35092312e-01 -7.04998672e-01 -6.69110179e-01
  outer loop
   vertex 1.68411865e+01 6.65002441e+01 2.39890518e+01
   vertex 1.56106644e+01 6.68556824e+01 2.30724487e+01
   vertex 1.77051315e+01 6.90828781e+01 2.30569763e+01
  endloop
 endfacet
 facet normal 5.10205448e-01 -1.76177800e-01 -8.41814578e-01
  outer loop
   vertex 1.77051315e+01 6.90828781e+01 2.30569763e+01
   vertex 1.56106644e+01 6.68556824e+01 2.30724487e+01
   vertex 1.71781998e+01 6.92350922e+01 2.26644745e+01
  endloop
 endfacet
 facet normal 1.64315432e-01 -6.52791739e-01 -7.39502132e-01
  outer loop
   vertex 1.56106644e+01 6.68556824e+01 2.30724487e+01
   vertex 1.46484985e+01 6.76184692e+01 2.20860062e+01
   vertex 1.71781998e+01 6.92350922e+01 2.26644745e+01
  endloop
 endfacet
 facet normal 5.76936543e-01 -1.92404032e-01 -7.93804109e-01
  outer loop
   vertex 1.71781998e+01 6.92350922e+01 2.26644745e+01
   vertex 1.46484985e+01 6.76184692e+01 2.20860062e+01
   vertex 1.67661819e+01 6.95617218e+01 2.22420502e+01
  endloop
 endfacet
 facet normal 1.18973836e-01 -5.76229632e-01 -8.08581829e-01
  outer loop
   vertex 1.46484985e+01 6.76184692e+01 2.20860062e+01
   vertex 1.40488739e+01 6.87139359e+01 2.11262741e+01
   vertex 1.67661819e+01 6.95617218e+01 2.22420502e+01
  endloop
 endfacet
 facet normal 6.30075514e-01 -2.30636269e-01 -7.41492927e-01
  outer loop
   vertex 1.67661819e+01 6.95617218e+01 2.22420502e+01
   vertex 1.40488739e+01 6.87139359e+01 2.11262741e+01
   vertex 1.65094070e+01 7.00308228e+01 2.18310776e+01
  endloop
 endfacet
 facet normal 1.03512682e-01 -4.82803613e-01 -8.69589448e-01
  outer loop
   vertex 1.40488739e+01 6.87139359e+01 2.11262741e+01
   vertex 1.38704910e+01 7.00348511e+01 2.02872162e+01
   vertex 1.65094070e+01 7.00308228e+01 2.18310776e+01
  endloop
 endfacet
 facet normal 6.64422631e-01 -2.87124842e-01 -6.90001369e-01
  outer loop
   vertex 1.65094070e+01 7.00308228e+01 2.18310776e+01
   vertex 1.38704910e+01 7.00348511e+01 2.02872162e+01
   vertex 1.64330292e+01 7.05964737e+01 2.14717636e+01
  endloop
 endfacet
 facet normal 1.19441502e-01 -3.81657898e-01 -9.16553855e-01
  outer loop
   vertex 1.38704910e+01 7.00348511e+01 2.02872162e+01
   vertex 1.41308060e+01 7.14519119e+01 1.96509399e+01
   vertex 1.64330292e+01 7.05964737e+01 2.14717636e+01
  endloop
 endfacet
 facet normal 6.76611066e-01 -3.56341809e-01 -6.44374132e-01
  outer loop
   vertex 1.64330292e+01 7.05964737e+01 2.14717636e+01
   vertex 1.41308060e+01 7.14519119e+01 1.96509399e+01
   vertex 1.65444946e+01 7.12032852e+01 2.11993027e+01
  endloop
 endfacet
 facet normal 1.65201575e-01 -2.82695740e-01 -9.44876492e-01
  outer loop
   vertex 1.41308060e+01 7.14519119e+01 1.96509399e+01
   vertex 1.48043365e+01 7.28264008e+01 1.92797470e+01
   vertex 1.65444946e+01 7.12032852e+01 2.11993027e+01
  endloop
 endfacet
 facet normal 6.65453672e-01 -4.31514889e-01 -6.09070063e-01
  outer loop
   vertex 1.65444946e+01 7.12032852e+01 2.11993027e+01
   vertex 1.48043365e+01 7.28264008e+01 1.92797470e+01
   vertex 1.68329239e+01 7.17918701e+01 2.10403595e+01
  endloop
 endfacet
 facet normal 2.36314952e-01 -1.95604011e-01 -9.51784790e-01
  outer loop
   vertex 1.48043365e+01 7.28264008e+01 1.92797470e+01
   vertex 1.58251419e+01 7.40237961e+01 1.92099533e+01
   vertex 1.68329239e+01 7.17918701e+01 2.10403595e+01
  endloop
 endfacet
 facet normal 6.32037699e-01 -5.05283177e-01 -5.87551951e-01
  outer loop
   vertex 1.68329239e+01 7.17918701e+01 2.10403595e+01
   vertex 1.58251419e+01 7.40237961e+01 1.92099533e+01
   vertex 1.72700424e+01 7.23046188e+01 2.10104675e+01
  endloop
 endfacet
 facet normal 3.25814754e-01 -1.28907159e-01 -9.36604321e-01
  outer loop
   vertex 1.58251419e+01 7.40237961e+01 1.92099533e+01
   vertex 1.70933304e+01 7.49268646e+01 1.94484100e+01
   vertex 1.72700424e+01 7.23046188e+01 2.10104675e+01
  endloop
 endfacet
 facet normal 5.79629779e-01 -5.70430934e-01 -5.81926048e-01
  outer loop
   vertex 1.72700424e+01 7.23046188e+01 2.10104675e+01
   vertex 1.70933304e+01 7.49268646e+01 1.94484100e+01
   vertex 1.78131027e+01 7.26913376e+01 2.11125793e+01
  endloop
 endfacet
 facet normal 4.24944252e-01 -8.91364291e-02 -9.00820196e-01
  outer loop
   vertex 1.70933304e+01 7.49268646e+01 1.94484100e+01
   vertex 1.84847336e+01 7.54472275e+01 1.99717636e+01
   vertex 1.78131027e+01 7.26913376e+01 2.11125793e+01
  endloop
 endfacet
 facet normal 5.13365865e-01 -6.20577395e-01 -5.92738688e-01
  outer loop
   vertex 1.78131027e+01 7.26913376e+01 2.11125793e+01
   vertex 1.84847336e+01 7.54472275e+01 1.99717636e+01
   vertex 1.84089279e+01 7.29141541e+01 2.13366928e+01
  endloop
 endfacet
 facet normal 5.24002910e-01 -8.01800713e-02 -8.47934008e-01
  outer loop
   vertex 1.84847336e+01 7.54472275e+01 1.99717636e+01
   vertex 1.98631516e+01 7.55339203e+01 2.07287903e+01
   vertex 1.84089279e+01 7.29141541e+01 2.13366928e+01
  endloop
 endfacet
 facet normal 4.39735442e-01 -6.50811493e-01 -6.18932247e-01
  outer loop
   vertex 1.84089279e+01 7.29141541e+01 2.13366928e+01
   vertex 1.98631516e+01 7.55339203e+01 2.07287903e+01
   vertex 1.89992065e+01 7.29512787e+01 2.16608734e+01
  endloop
 endfacet
 facet normal 6.13290906e-01 -1.02915898e-01 -7.83123612e-01
  outer loop
   vertex 1.98631516e+01 7.55339203e+01 2.07287903e+01
   vertex 2.10936737e+01 7.51784821e+01 2.16453934e+01
   vertex 1.89992065e+01 7.29512787e+01 2.16608734e+01
  endloop
 endfacet
 facet normal 3.65939438e-01 -6.58174574e-01 -6.57947242e-01
  outer loop
   vertex 1.89992065e+01 7.29512787e+01 2.16608734e+01
   vertex 2.10936737e+01 7.51784821e+01 2.16453934e+01
   vertex 1.95261307e+01 7.27990723e+01 2.20533752e+01
  endloop
 endfacet
 facet normal 4.17750180e-02 3.67997259e-01 -9.28887963e-01
  outer loop
   vertex 2.16295242e+01 7.47536697e+01 2.21947556e+01
   vertex 2.10936737e+01 7.51784821e+01 2.16453934e+01
   vertex 1.97726059e+01 7.64728775e+01 2.45304413e+01
  endloop
 endfacet
 facet normal 2.68378466e-01 8.74404728e-01 -4.04214442e-01
  outer loop
   vertex 2.10936737e+01 7.51784821e+01 2.16453934e+01
   vertex 1.89524994e+01 7.72175140e+01 2.53105774e+01
   vertex 1.97726059e+01 7.64728775e+01 2.45304413e+01
  endloop
 endfacet
 facet normal 1.84148550e-02 9.97735322e-01 -6.46927580e-02
  outer loop
   vertex 1.97726059e+01 7.64728775e+01 2.45304413e+01
   vertex 1.89524994e+01 7.72175140e+01 2.53105774e+01
   vertex 1.94868698e+01 7.67387848e+01 2.49130249e+01
  endloop
 endfacet
 facet normal 1.70849845e-01 9.14088786e-01 3.67766291e-01
  outer loop
   vertex 1.89524994e+01 7.72175140e+01 2.53105774e+01
   vertex 1.99146729e+01 7.64547272e+01 2.62970123e+01
   vertex 1.94868698e+01 7.67387848e+01 2.49130249e+01
  endloop
 endfacet
 facet normal 2.14965641e-01 9.12428081e-01 3.48230839e-01
  outer loop
   vertex 1.94868698e+01 7.67387848e+01 2.49130249e+01
   vertex 1.99146729e+01 7.64547272e+01 2.62970123e+01
   vertex 1.98403549e+01 7.64722595e+01 2.55107880e+01
  endloop
 endfacet
 facet normal 2.00133294e-01 8.73871624e-01 4.43052024e-01
  outer loop
   vertex 1.98403549e+01 7.64722595e+01 2.55107880e+01
   vertex 1.99146729e+01 7.64547272e+01 2.62970123e+01
   vertex 1.99969711e+01 7.63490524e+01 2.56876450e+01
  endloop
 endfacet
 facet normal 1.91959277e-01 8.68330121e-01 4.57334071e-01
  outer loop
   vertex 1.99146729e+01 7.64547272e+01 2.62970123e+01
   vertex 2.01386566e+01 7.62414322e+01 2.59136200e+01
   vertex 1.99969711e+01 7.63490524e+01 2.56876450e+01
  endloop
 endfacet
 facet normal 2.20735088e-01 8.40051174e-01 4.95570391e-01
  outer loop
   vertex 2.01386566e+01 7.62414322e+01 2.59136200e+01
   vertex 1.99146729e+01 7.64547272e+01 2.62970123e+01
   vertex 2.02928391e+01 7.58938751e+01 2.64098892e+01
  endloop
 endfacet
 facet normal 2.24395156e-01 7.59906769e-01 6.10072553e-01
  outer loop
   vertex 2.05282364e+01 7.53459930e+01 2.72328873e+01
   vertex 2.05175629e+01 7.53701630e+01 2.71981201e+01
   vertex 2.05142975e+01 7.53592682e+01 2.72567444e+01
  endloop
 endfacet
 facet normal 2.52236009e-01 7.62563407e-01 5.95713019e-01
  outer loop
   vertex 2.05142975e+01 7.53592682e+01 2.72567444e+01
   vertex 2.05175629e+01 7.53701630e+01 2.71981201e+01
   vertex 1.99146729e+01 7.64547272e+01 2.62970123e+01
  endloop
 endfacet
 facet normal 2.02412114e-01 8.29392135e-01 5.20709097e-01
  outer loop
   vertex 2.05175629e+01 7.53701630e+01 2.71981201e+01
   vertex 2.04379501e+01 7.55607986e+01 2.68995819e+01
   vertex 1.99146729e+01 7.64547272e+01 2.62970123e+01
  endloop
 endfacet
 facet normal 2.02747032e-01 8.29133034e-01 5.20991385e-01
  outer loop
   vertex 2.04379501e+01 7.55607986e+01 2.68995819e+01
   vertex 2.04020233e+01 7.56459427e+01 2.67681351e+01
   vertex 1.99146729e+01 7.64547272e+01 2.62970123e+01
  endloop
 endfacet
 facet normal 2.15040997e-01 8.23173225e-01 5.25493264e-01
  outer loop
   vertex 2.04020233e+01 7.56459427e+01 2.67681351e+01
   vertex 2.02928391e+01 7.58938751e+01 2.64098892e+01
   vertex 1.99146729e+01 7.64547272e+01 2.62970123e+01
  endloop
 endfacet
 facet normal -8.12470913e-03 7.05385268e-01 7.08777547e-01
  outer loop
   vertex 2.05282364e+01 7.53459930e+01 2.72328873e+01
   vertex 2.05142975e+01 7.53592682e+01 2.72567444e+01
   vertex 2.05279541e+01 7.52581635e+01 2.73209610e+01
  endloop
 endfacet
 facet normal -1.78989097e-01 -9.19451356e-01 -3.50102931e-01
  outer loop
   vertex 2.04328995e+01 6.76925583e+01 2.54239731e+01
   vertex 1.97657700e+01 6.80684509e+01 2.62698288e+01
   vertex 1.96110153e+01 6.71072998e+01 2.52694397e+01
  endloop
 endfacet
 facet normal -3.76431137e-01 -7.70312905e-01 5.14701545e-01
  outer loop
   vertex 1.74698563e+01 6.91463318e+01 2.89346161e+01
   vertex 1.96110153e+01 6.71072998e+01 2.52694397e+01
   vertex 1.76467438e+01 6.92722931e+01 2.89678802e+01
  endloop
 endfacet
 facet normal -4.67976242e-01 -8.83015454e-01 -3.58046405e-02
  outer loop
   vertex 1.76467438e+01 6.92722931e+01 2.89678802e+01
   vertex 1.96110153e+01 6.71072998e+01 2.52694397e+01
   vertex 1.79457169e+01 6.90913773e+01 2.85745773e+01
  endloop
 endfacet
 facet normal -1.81849599e-01 -9.82896507e-01 -2.90727224e-02
  outer loop
   vertex 1.79457169e+01 6.90913773e+01 2.85745773e+01
   vertex 1.96110153e+01 6.71072998e+01 2.52694397e+01
   vertex 1.88006058e+01 6.86226578e+01 2.75054398e+01
  endloop
 endfacet
 facet normal -1.78962469e-01 -9.83337820e-01 -3.19249369e-02
  outer loop
   vertex 1.96110153e+01 6.71072998e+01 2.52694397e+01
   vertex 1.97657700e+01 6.80684509e+01 2.62698288e+01
   vertex 1.88006058e+01 6.86226578e+01 2.75054398e+01
  endloop
 endfacet
 facet normal 1.91614367e-02 -6.56836271e-01 7.53789723e-01
  outer loop
   vertex 1.74698563e+01 6.91463318e+01 2.89346161e+01
   vertex 1.60784454e+01 6.86259842e+01 2.84112701e+01
   vertex 1.96110153e+01 6.71072998e+01 2.52694397e+01
  endloop
 endfacet
 facet normal 1.97075114e-01 -9.44363475e-01 2.63323128e-01
  outer loop
   vertex 1.96110153e+01 6.71072998e+01 2.52694397e+01
   vertex 1.60784454e+01 6.86259842e+01 2.84112701e+01
   vertex 1.82196045e+01 6.65869446e+01 2.47460785e+01
  endloop
 endfacet
 facet normal -2.47146249e-01 -7.28985727e-01 6.38356149e-01
  outer loop
   vertex 1.60784454e+01 6.86259842e+01 2.84112701e+01
   vertex 1.47000198e+01 6.85392761e+01 2.76542358e+01
   vertex 1.82196045e+01 6.65869446e+01 2.47460785e+01
  endloop
 endfacet
 facet normal -6.84009567e-02 -9.88762021e-01 1.32932007e-01
  outer loop
   vertex 1.82196045e+01 6.65869446e+01 2.47460785e+01
   vertex 1.47000198e+01 6.85392761e+01 2.76542358e+01
   vertex 1.68411865e+01 6.65002441e+01 2.39890518e+01
  endloop
 endfacet
 facet normal -5.02326787e-01 -7.17336953e-01 4.82799619e-01
  outer loop
   vertex 1.47000198e+01 6.85392761e+01 2.76542358e+01
   vertex 1.34694977e+01 6.88947144e+01 2.67376404e+01
   vertex 1.68411865e+01 6.65002441e+01 2.39890518e+01
  endloop
 endfacet
 facet normal -3.14115524e-01 -9.48816776e-01 -3.28355283e-02
  outer loop
   vertex 1.68411865e+01 6.65002441e+01 2.39890518e+01
   vertex 1.34694977e+01 6.88947144e+01 2.67376404e+01
   vertex 1.56106644e+01 6.68556824e+01 2.30724487e+01
  endloop
 endfacet
 facet normal -7.21402884e-01 -6.23026490e-01 3.02350551e-01
  outer loop
   vertex 1.34694977e+01 6.88947144e+01 2.67376404e+01
   vertex 1.25073395e+01 6.96575012e+01 2.57511978e+01
   vertex 1.56106644e+01 6.68556824e+01 2.30724487e+01
  endloop
 endfacet
 facet normal -5.16018033e-01 -8.28437209e-01 -2.17754915e-01
  outer loop
   vertex 1.56106644e+01 6.68556824e+01 2.30724487e+01
   vertex 1.25073395e+01 6.96575012e+01 2.57511978e+01
   vertex 1.46484985e+01 6.76184692e+01 2.20860062e+01
  endloop
 endfacet
 facet normal -8.82929802e-01 -4.55286175e-01 1.14671156e-01
  outer loop
   vertex 1.25073395e+01 6.96575012e+01 2.57511978e+01
   vertex 1.19077148e+01 7.07529755e+01 2.47914658e+01
   vertex 1.46484985e+01 6.76184692e+01 2.20860062e+01
  endloop
 endfacet
 facet normal -6.54344141e-01 -6.39405906e-01 -4.03724909e-01
  outer loop
   vertex 1.46484985e+01 6.76184692e+01 2.20860062e+01
   vertex 1.19077148e+01 7.07529755e+01 2.47914658e+01
   vertex 1.40488739e+01 6.87139359e+01 2.11262741e+01
  endloop
 endfacet
 facet normal -9.71095085e-01 -2.30535612e-01 -6.18679300e-02
  outer loop
   vertex 1.19077148e+01 7.07529755e+01 2.47914658e+01
   vertex 1.17293243e+01 7.20738831e+01 2.39524002e+01
   vertex 1.40488739e+01 6.87139359e+01 2.11262741e+01
  endloop
 endfacet
 facet normal -7.15551436e-01 -4.00227368e-01 -5.72541893e-01
  outer loop
   vertex 1.40488739e+01 6.87139359e+01 2.11262741e+01
   vertex 1.17293243e+01 7.20738831e+01 2.39524002e+01
   vertex 1.38704910e+01 7.00348511e+01 2.02872162e+01
  endloop
 endfacet
 facet normal -9.77267623e-01 2.92225145e-02 -2.09985837e-01
  outer loop
   vertex 1.17293243e+01 7.20738831e+01 2.39524002e+01
   vertex 1.19896393e+01 7.34909515e+01 2.33161163e+01
   vertex 1.38704910e+01 7.00348511e+01 2.02872162e+01
  endloop
 endfacet
 facet normal -6.93647921e-01 -1.34315267e-01 -7.07680702e-01
  outer loop
   vertex 1.38704910e+01 7.00348511e+01 2.02872162e+01
   vertex 1.19896393e+01 7.34909515e+01 2.33161163e+01
   vertex 1.41308060e+01 7.14519119e+01 1.96509399e+01
  endloop
 endfacet
 facet normal -9.00844812e-01 2.98562795e-01 -3.15180659e-01
  outer loop
   vertex 1.19896393e+01 7.34909515e+01 2.33161163e+01
   vertex 1.26631699e+01 7.48654404e+01 2.29449310e+01
   vertex 1.41308060e+01 7.14519119e+01 1.96509399e+01
  endloop
 endfacet
 facet normal -5.90780556e-01 1.32300064e-01 -7.95911431e-01
  outer loop
   vertex 1.41308060e+01 7.14519119e+01 1.96509399e+01
   vertex 1.26631699e+01 7.48654404e+01 2.29449310e+01
   vertex 1.48043365e+01 7.28264008e+01 1.92797470e+01
  endloop
 endfacet
 facet normal -7.49307930e-01 5.51119328e-01 -3.67158175e-01
  outer loop
   vertex 1.26631699e+01 7.48654404e+01 2.29449310e+01
   vertex 1.36839828e+01 7.60628281e+01 2.28751373e+01
   vertex 1.48043365e+01 7.28264008e+01 1.92797470e+01
  endloop
 endfacet
 facet normal -4.17018175e-01 3.73521894e-01 -8.28599572e-01
  outer loop
   vertex 1.48043365e+01 7.28264008e+01 1.92797470e+01
   vertex 1.36839828e+01 7.60628281e+01 2.28751373e+01
   vertex 1.58251419e+01 7.40237961e+01 1.92099533e+01
  endloop
 endfacet
 facet normal -5.37491024e-01 7.62171865e-01 -3.60828817e-01
  outer loop
   vertex 1.36839828e+01 7.60628281e+01 2.28751373e+01
   vertex 1.49521561e+01 7.69658966e+01 2.31136017e+01
   vertex 1.58251419e+01 7.40237961e+01 1.92099533e+01
  endloop
 endfacet
 facet normal -1.89371198e-01 5.65739214e-01 -8.02544534e-01
  outer loop
   vertex 1.58251419e+01 7.40237961e+01 1.92099533e+01
   vertex 1.49521561e+01 7.69658966e+01 2.31136017e+01
   vertex 1.70933304e+01 7.49268646e+01 1.94484100e+01
  endloop
 endfacet
 facet normal -2.86123872e-01 9.11061943e-01 -2.96815246e-01
  outer loop
   vertex 1.49521561e+01 7.69658966e+01 2.31136017e+01
   vertex 1.63435669e+01 7.74862595e+01 2.36369476e+01
   vertex 1.70933304e+01 7.49268646e+01 1.94484100e+01
  endloop
 endfacet
 facet normal 6.98833093e-02 6.90135598e-01 -7.20297933e-01
  outer loop
   vertex 1.70933304e+01 7.49268646e+01 1.94484100e+01
   vertex 1.63435669e+01 7.74862595e+01 2.36369476e+01
   vertex 1.84847336e+01 7.54472275e+01 1.99717636e+01
  endloop
 endfacet
 facet normal -1.98138449e-02 9.83213246e-01 -1.81381211e-01
  outer loop
   vertex 1.63435669e+01 7.74862595e+01 2.36369476e+01
   vertex 1.77219925e+01 7.75729523e+01 2.43939743e+01
   vertex 1.84847336e+01 7.54472275e+01 1.99717636e+01
  endloop
 endfacet
 facet normal 3.35362762e-01 7.34534562e-01 -5.89907467e-01
  outer loop
   vertex 1.84847336e+01 7.54472275e+01 1.99717636e+01
   vertex 1.77219925e+01 7.75729523e+01 2.43939743e+01
   vertex 1.98631516e+01 7.55339203e+01 2.07287903e+01
  endloop
 endfacet
 facet normal 2.35367388e-01 9.71563339e-01 -2.58234311e-02
  outer loop
   vertex 1.77219925e+01 7.75729523e+01 2.43939743e+01
   vertex 1.89524994e+01 7.72175140e+01 2.53105774e+01
   vertex 1.98631516e+01 7.55339203e+01 2.07287903e+01
  endloop
 endfacet
 facet normal 5.81077039e-01 6.94590271e-01 -4.24138904e-01
  outer loop
   vertex 1.98631516e+01 7.55339203e+01 2.07287903e+01
   vertex 1.89524994e+01 7.72175140e+01 2.53105774e+01
   vertex 2.10936737e+01 7.51784821e+01 2.16453934e+01
  endloop
 endfacet
 facet normal -6.39902830e-01 2.42322132e-01 7.29249179e-01
  outer loop
   vertex 1.73849792e+01 7.48381042e+01 2.57185669e+01
   vertex 1.77969971e+01 7.45114670e+01 2.61409760e+01
   vertex 1.89524994e+01 7.72175140e+01 2.53105774e+01
  endloop
 endfacet
 facet normal -2.21283019e-01 6.97955191e-01 6.81096435e-01
  outer loop
   vertex 1.89524994e+01 7.72175140e+01 2.53105774e+01
   vertex 1.77969971e+01 7.45114670e+01 2.61409760e+01
   vertex 1.99146729e+01 7.64547272e+01 2.62970123e+01
  endloop
 endfacet
 facet normal 7.67465755e-02 6.85467720e-01 7.24046886e-01
  outer loop
   vertex 2.05142975e+01 7.53592682e+01 2.72567444e+01
   vertex 1.99146729e+01 7.64547272e+01 2.62970123e+01
   vertex 1.93570404e+01 7.47398987e+01 2.69252625e+01
  endloop
 endfacet
 facet normal -1.66161343e-01 6.46311224e-01 7.44763196e-01
  outer loop
   vertex 1.93570404e+01 7.47398987e+01 2.69252625e+01
   vertex 1.99146729e+01 7.64547272e+01 2.62970123e+01
   vertex 1.91549606e+01 7.49984055e+01 2.66633911e+01
  endloop
 endfacet
 facet normal -6.69318616e-01 3.02323848e-01 6.78684652e-01
  outer loop
   vertex 1.77969971e+01 7.45114670e+01 2.61409760e+01
   vertex 1.80537643e+01 7.40423737e+01 2.65519409e+01
   vertex 1.99146729e+01 7.64547272e+01 2.62970123e+01
  endloop
 endfacet
 facet normal -9.53481853e-01 1.76437572e-01 2.44422004e-01
  outer loop
   vertex 1.88151169e+01 7.44498596e+01 2.67700272e+01
   vertex 1.89001694e+01 7.48237610e+01 2.66117020e+01
   vertex 1.80537643e+01 7.40423737e+01 2.65519409e+01
  endloop
 endfacet
 facet normal -1.92882821e-01 6.54309154e-01 7.31215239e-01
  outer loop
   vertex 1.91549606e+01 7.49984055e+01 2.66633911e+01
   vertex 1.99146729e+01 7.64547272e+01 2.62970123e+01
   vertex 1.89867096e+01 7.50856781e+01 2.65165482e+01
  endloop
 endfacet
 facet normal -8.49347115e-01 2.65394479e-01 4.56262261e-01
  outer loop
   vertex 1.89001694e+01 7.48237610e+01 2.66117020e+01
   vertex 1.89199066e+01 7.50654144e+01 2.64887848e+01
   vertex 1.80537643e+01 7.40423737e+01 2.65519409e+01
  endloop
 endfacet
 facet normal -4.82588500e-01 5.36985874e-01 6.91920877e-01
  outer loop
   vertex 1.80537643e+01 7.40423737e+01 2.65519409e+01
   vertex 1.89199066e+01 7.50654144e+01 2.64887848e+01
   vertex 1.99146729e+01 7.64547272e+01 2.62970123e+01
  endloop
 endfacet
 facet normal -2.45020062e-01 6.53295100e-01 7.16359317e-01
  outer loop
   vertex 1.89199066e+01 7.50654144e+01 2.64887848e+01
   vertex 1.89867096e+01 7.50856781e+01 2.65165482e+01
   vertex 1.99146729e+01 7.64547272e+01 2.62970123e+01
  endloop
 endfacet
 facet normal -9.50012624e-01 1.95219204e-01 2.43650272e-01
  outer loop
   vertex 1.88151169e+01 7.44498596e+01 2.67700272e+01
   vertex 1.80537643e+01 7.40423737e+01 2.65519409e+01
   vertex 1.86180801e+01 7.35836639e+01 2.71368103e+01
  endloop
 endfacet
 facet normal -9.41471159e-01 1.64750993e-01 2.94090450e-01
  outer loop
   vertex 1.86180801e+01 7.35836639e+01 2.71368103e+01
   vertex 1.80537643e+01 7.40423737e+01 2.65519409e+01
   vertex 1.81301498e+01 7.34767303e+01 2.69112549e+01
  endloop
 endfacet
 facet normal -9.46649969e-01 2.46188194e-01 2.07954839e-01
  outer loop
   vertex 1.86180801e+01 7.35836639e+01 2.71368103e+01
   vertex 1.81301498e+01 7.34767303e+01 2.69112549e+01
   vertex 1.85372314e+01 7.32282104e+01 2.72873230e+01
  endloop
 endfacet
 facet normal -9.31762874e-01 2.80086398e-01 2.31018633e-01
  outer loop
   vertex 1.81301498e+01 7.34767303e+01 2.69112549e+01
   vertex 1.80186844e+01 7.28699188e+01 2.71837234e+01
   vertex 1.85372314e+01 7.32282104e+01 2.72873230e+01
  endloop
 endfacet
 facet normal -9.37568724e-01 2.99744457e-01 1.76403284e-01
  outer loop
   vertex 1.85372314e+01 7.32282104e+01 2.72873230e+01
   vertex 1.80186844e+01 7.28699188e+01 2.71837234e+01
   vertex 1.85200500e+01 7.31248932e+01 2.73347702e+01
  endloop
 endfacet
 facet normal -9.38059390e-01 3.02928329e-01 1.68163612e-01
  outer loop
   vertex 1.80186844e+01 7.28699188e+01 2.71837234e+01
   vertex 1.84526367e+01 7.28252182e+01 2.74620972e+01
   vertex 1.85200500e+01 7.31248932e+01 2.73347702e+01
  endloop
 endfacet
 facet normal -8.94752026e-01 4.09216523e-01 1.78775355e-01
  outer loop
   vertex 1.80186844e+01 7.28699188e+01 2.71837234e+01
   vertex 1.77302628e+01 7.22813263e+01 2.73426743e+01
   vertex 1.84526367e+01 7.28252182e+01 2.74620972e+01
  endloop
 endfacet
 facet normal -9.14609492e-01 3.74418646e-01 1.52643859e-01
  outer loop
   vertex 1.84526367e+01 7.28252182e+01 2.74620972e+01
   vertex 1.77302628e+01 7.22813263e+01 2.73426743e+01
   vertex 1.82685547e+01 7.20068054e+01 2.78098679e+01
  endloop
 endfacet
 facet normal -8.86608183e-01 4.36944634e-01 1.51674837e-01
  outer loop
   vertex 1.80213470e+01 7.09021301e+01 2.82799988e+01
   vertex 1.81053162e+01 7.12758789e+01 2.81211243e+01
   vertex 1.72931290e+01 7.17685776e+01 2.73725586e+01
  endloop
 endfacet
 facet normal -8.87317300e-01 4.35922891e-01 1.50463492e-01
  outer loop
   vertex 1.81053162e+01 7.12758789e+01 2.81211243e+01
   vertex 1.81401291e+01 7.14259033e+01 2.80580139e+01
   vertex 1.72931290e+01 7.17685776e+01 2.73725586e+01
  endloop
 endfacet
 facet normal -8.87843072e-01 4.34249252e-01 1.52191624e-01
  outer loop
   vertex 1.81401291e+01 7.14259033e+01 2.80580139e+01
   vertex 1.81726379e+01 7.15803909e+01 2.79910583e+01
   vertex 1.72931290e+01 7.17685776e+01 2.73725586e+01
  endloop
 endfacet
 facet normal -8.31777155e-01 5.30736029e-01 1.62683770e-01
  outer loop
   vertex 1.72931290e+01 7.17685776e+01 2.73725586e+01
   vertex 1.81726379e+01 7.15803909e+01 2.79910583e+01
   vertex 1.77302628e+01 7.22813263e+01 2.73426743e+01
  endloop
 endfacet
 facet normal -9.14926052e-01 3.73159647e-01 1.53825253e-01
  outer loop
   vertex 1.82685547e+01 7.20068054e+01 2.78098679e+01
   vertex 1.77302628e+01 7.22813263e+01 2.73426743e+01
   vertex 1.81726379e+01 7.15803909e+01 2.79910583e+01
  endloop
 endfacet
 facet normal -7.98565328e-01 2.13641346e-01 5.62717319e-01
  outer loop
   vertex 1.74698563e+01 6.91463318e+01 2.89346161e+01
   vertex 1.76467438e+01 6.92722931e+01 2.89678802e+01
   vertex 1.67500763e+01 7.13818741e+01 2.72704468e+01
  endloop
 endfacet
 facet normal -9.17816877e-01 3.76748264e-01 1.25191629e-01
  outer loop
   vertex 1.76467438e+01 6.92722931e+01 2.89678802e+01
   vertex 1.77072983e+01 6.95402527e+01 2.88541870e+01
   vertex 1.67500763e+01 7.13818741e+01 2.72704468e+01
  endloop
 endfacet
 facet normal -8.49903286e-01 5.00913978e-01 1.63553044e-01
  outer loop
   vertex 1.77072983e+01 6.95402527e+01 2.88541870e+01
   vertex 1.77585373e+01 6.97323303e+01 2.87772522e+01
   vertex 1.67500763e+01 7.13818741e+01 2.72704468e+01
  endloop
 endfacet
 facet normal -8.52771997e-01 4.96442080e-01 1.62250444e-01
  outer loop
   vertex 1.77585373e+01 6.97323303e+01 2.87772522e+01
   vertex 1.80213470e+01 7.09021301e+01 2.82799988e+01
   vertex 1.67500763e+01 7.13818741e+01 2.72704468e+01
  endloop
 endfacet
 facet normal -7.46216059e-01 6.42832339e-01 1.72997549e-01
  outer loop
   vertex 1.80213470e+01 7.09021301e+01 2.82799988e+01
   vertex 1.72931290e+01 7.17685776e+01 2.73725586e+01
   vertex 1.67500763e+01 7.13818741e+01 2.72704468e+01
  endloop
 endfacet
 facet normal -4.22314137e-01 6.54627562e-01 6.26987696e-01
  outer loop
   vertex 1.67500763e+01 7.13818741e+01 2.72704468e+01
   vertex 1.61542435e+01 7.11590424e+01 2.70463409e+01
   vertex 1.74698563e+01 6.91463318e+01 2.89346161e+01
  endloop
 endfacet
 facet normal -3.42563748e-01 1.19942337e-01 9.31806803e-01
  outer loop
   vertex 1.74698563e+01 6.91463318e+01 2.89346161e+01
   vertex 1.61542435e+01 7.11590424e+01 2.70463409e+01
   vertex 1.60784454e+01 6.86259842e+01 2.84112701e+01
  endloop
 endfacet
 facet normal -3.49529922e-01 6.56483769e-01 6.68474257e-01
  outer loop
   vertex 1.61542435e+01 7.11590424e+01 2.70463409e+01
   vertex 1.55639725e+01 7.11219177e+01 2.67221603e+01
   vertex 1.60784454e+01 6.86259842e+01 2.84112701e+01
  endloop
 endfacet
 facet normal -4.42388058e-01 8.53135660e-02 8.92756641e-01
  outer loop
   vertex 1.60784454e+01 6.86259842e+01 2.84112701e+01
   vertex 1.55639725e+01 7.11219177e+01 2.67221603e+01
   vertex 1.47000198e+01 6.85392761e+01 2.76542358e+01
  endloop
 endfacet
 facet normal -2.85413086e-01 6.34915829e-01 7.17928410e-01
  outer loop
   vertex 1.55639725e+01 7.11219177e+01 2.67221603e+01
   vertex 1.50370407e+01 7.12741241e+01 2.63296509e+01
   vertex 1.47000198e+01 6.85392761e+01 2.76542358e+01
  endloop
 endfacet
 facet normal -5.40433109e-01 8.18718448e-02 8.37394178e-01
  outer loop
   vertex 1.47000198e+01 6.85392761e+01 2.76542358e+01
   vertex 1.50370407e+01 7.12741241e+01 2.63296509e+01
   vertex 1.34694977e+01 6.88947144e+01 2.67376404e+01
  endloop
 endfacet
 facet normal -2.36243203e-01 5.92031658e-01 7.70511329e-01
  outer loop
   vertex 1.50370407e+01 7.12741241e+01 2.63296509e+01
   vertex 1.46250153e+01 7.16007614e+01 2.59072418e+01
   vertex 1.34694977e+01 6.88947144e+01 2.67376404e+01
  endloop
 endfacet
 facet normal -6.27099872e-01 1.09958000e-01 7.71138787e-01
  outer loop
   vertex 1.34694977e+01 6.88947144e+01 2.67376404e+01
   vertex 1.46250153e+01 7.16007614e+01 2.59072418e+01
   vertex 1.25073395e+01 6.96575012e+01 2.57511978e+01
  endloop
 endfacet
 facet normal -2.06828773e-01 5.32029212e-01 8.21076572e-01
  outer loop
   vertex 1.46250153e+01 7.16007614e+01 2.59072418e+01
   vertex 1.43682480e+01 7.20698624e+01 2.54962692e+01
   vertex 1.25073395e+01 6.96575012e+01 2.57511978e+01
  endloop
 endfacet
 facet normal -6.93901896e-01 1.66822970e-01 7.00478554e-01
  outer loop
   vertex 1.25073395e+01 6.96575012e+01 2.57511978e+01
   vertex 1.43682480e+01 7.20698624e+01 2.54962692e+01
   vertex 1.19077148e+01 7.07529755e+01 2.47914658e+01
  endloop
 endfacet
 facet normal -2.00046629e-01 4.60786760e-01 8.64671588e-01
  outer loop
   vertex 1.43682480e+01 7.20698624e+01 2.54962692e+01
   vertex 1.42918625e+01 7.26355133e+01 2.51369553e+01
   vertex 1.19077148e+01 7.07529755e+01 2.47914658e+01
  endloop
 endfacet
 facet normal -7.34304309e-01 2.46902272e-01 6.32326245e-01
  outer loop
   vertex 1.19077148e+01 7.07529755e+01 2.47914658e+01
   vertex 1.42918625e+01 7.26355133e+01 2.51369553e+01
   vertex 1.17293243e+01 7.20738831e+01 2.39524002e+01
  endloop
 endfacet
 facet normal -2.16565430e-01 3.85275126e-01 8.97029817e-01
  outer loop
   vertex 1.42918625e+01 7.26355133e+01 2.51369553e+01
   vertex 1.44033356e+01 7.32423172e+01 2.48644943e+01
   vertex 1.17293243e+01 7.20738831e+01 2.39524002e+01
  endloop
 endfacet
 facet normal -7.44351447e-01 3.42352599e-01 5.73354721e-01
  outer loop
   vertex 1.17293243e+01 7.20738831e+01 2.39524002e+01
   vertex 1.44033356e+01 7.32423172e+01 2.48644943e+01
   vertex 1.19896393e+01 7.34909515e+01 2.33161163e+01
  endloop
 endfacet
 facet normal -2.54770398e-01 3.12888592e-01 9.14982378e-01
  outer loop
   vertex 1.44033356e+01 7.32423172e+01 2.48644943e+01
   vertex 1.46917419e+01 7.38309097e+01 2.47055435e+01
   vertex 1.19896393e+01 7.34909515e+01 2.33161163e+01
  endloop
 endfacet
 facet normal -7.23058164e-01 4.43836153e-01 5.29335737e-01
  outer loop
   vertex 1.19896393e+01 7.34909515e+01 2.33161163e+01
   vertex 1.46917419e+01 7.38309097e+01 2.47055435e+01
   vertex 1.26631699e+01 7.48654404e+01 2.29449310e+01
  endloop
 endfacet
 facet normal -3.10914248e-01 2.50711203e-01 9.16774869e-01
  outer loop
   vertex 1.46917419e+01 7.38309097e+01 2.47055435e+01
   vertex 1.51288834e+01 7.43436584e+01 2.46756516e+01
   vertex 1.26631699e+01 7.48654404e+01 2.29449310e+01
  endloop
 endfacet
 facet normal -6.72507823e-01 5.41414738e-01 5.04582286e-01
  outer loop
   vertex 1.26631699e+01 7.48654404e+01 2.29449310e+01
   vertex 1.51288834e+01 7.43436584e+01 2.46756516e+01
   vertex 1.36839828e+01 7.60628281e+01 2.28751373e+01
  endloop
 endfacet
 facet normal -3.79507393e-01 2.04825521e-01 9.02230918e-01
  outer loop
   vertex 1.51288834e+01 7.43436584e+01 2.46756516e+01
   vertex 1.56719360e+01 7.47303696e+01 2.47777634e+01
   vertex 1.36839828e+01 7.60628281e+01 2.28751373e+01
  endloop
 endfacet
 facet normal -5.97655177e-01 6.25535309e-01 5.01511514e-01
  outer loop
   vertex 1.36839828e+01 7.60628281e+01 2.28751373e+01
   vertex 1.56719360e+01 7.47303696e+01 2.47777634e+01
   vertex 1.49521561e+01 7.69658966e+01 2.31136017e+01
  endloop
 endfacet
 facet normal -4.53834653e-01 1.79724887e-01 8.72773170e-01
  outer loop
   vertex 1.56719360e+01 7.47303696e+01 2.47777634e+01
   vertex 1.62677689e+01 7.49531937e+01 2.50018768e+01
   vertex 1.49521561e+01 7.69658966e+01 2.31136017e+01
  endloop
 endfacet
 facet normal -5.05818665e-01 6.87969446e-01 5.20428181e-01
  outer loop
   vertex 1.49521561e+01 7.69658966e+01 2.31136017e+01
   vertex 1.62677689e+01 7.49531937e+01 2.50018768e+01
   vertex 1.63435669e+01 7.74862595e+01 2.36369476e+01
  endloop
 endfacet
 facet normal -5.26617527e-01 1.77872300e-01 8.31285417e-01
  outer loop
   vertex 1.62677689e+01 7.49531937e+01 2.50018768e+01
   vertex 1.68580475e+01 7.49903183e+01 2.53260574e+01
   vertex 1.63435669e+01 7.74862595e+01 2.36369476e+01
  endloop
 endfacet
 facet normal -4.05992448e-01 7.22604096e-01 5.59476018e-01
  outer loop
   vertex 1.63435669e+01 7.74862595e+01 2.36369476e+01
   vertex 1.68580475e+01 7.49903183e+01 2.53260574e+01
   vertex 1.77219925e+01 7.75729523e+01 2.43939743e+01
  endloop
 endfacet
 facet normal -5.90732753e-01 1.99441776e-01 7.81829774e-01
  outer loop
   vertex 1.68580475e+01 7.49903183e+01 2.53260574e+01
   vertex 1.73849792e+01 7.48381042e+01 2.57185669e+01
   vertex 1.77219925e+01 7.75729523e+01 2.43939743e+01
  endloop
 endfacet
 facet normal -3.07949334e-01 7.26043224e-01 6.14840209e-01
  outer loop
   vertex 1.77219925e+01 7.75729523e+01 2.43939743e+01
   vertex 1.73849792e+01 7.48381042e+01 2.57185669e+01
   vertex 1.89524994e+01 7.72175140e+01 2.53105774e+01
  endloop
 endfacet
 facet normal -4.16022807e-01 -8.86824191e-01 -2.01166287e-01
  outer loop
   vertex 1.95261307e+01 7.27990723e+01 2.20533752e+01
   vertex 1.99381561e+01 7.24724274e+01 2.24757843e+01
   vertex 1.73849792e+01 7.48381042e+01 2.57185669e+01
  endloop
 endfacet
 facet normal -7.95881271e-01 -5.34703970e-01 2.84015149e-01
  outer loop
   vertex 1.73849792e+01 7.48381042e+01 2.57185669e+01
   vertex 1.99381561e+01 7.24724274e+01 2.24757843e+01
   vertex 1.77969971e+01 7.45114670e+01 2.61409760e+01
  endloop
 endfacet
 facet normal -5.74212790e-01 -7.22548664e-01 -3.84971559e-01
  outer loop
   vertex 1.99381561e+01 7.24724274e+01 2.24757843e+01
   vertex 2.01949310e+01 7.20033340e+01 2.28867645e+01
   vertex 1.77969971e+01 7.45114670e+01 2.61409760e+01
  endloop
 endfacet
 facet normal -9.31352913e-01 -3.49573880e-01 1.01881504e-01
  outer loop
   vertex 1.77969971e+01 7.45114670e+01 2.61409760e+01
   vertex 2.01949310e+01 7.20033340e+01 2.28867645e+01
   vertex 1.80537643e+01 7.40423737e+01 2.65519409e+01
  endloop
 endfacet
 facet normal -6.60561621e-01 -5.02433956e-01 -5.57869554e-01
  outer loop
   vertex 2.01949310e+01 7.20033340e+01 2.28867645e+01
   vertex 2.02713165e+01 7.14376984e+01 2.32460709e+01
   vertex 1.80537643e+01 7.40423737e+01 2.65519409e+01
  endloop
 endfacet
 facet normal -9.91298556e-01 -1.15327418e-01 -6.34570420e-02
  outer loop
   vertex 1.80537643e+01 7.40423737e+01 2.65519409e+01
   vertex 2.02713165e+01 7.14376984e+01 2.32460709e+01
   vertex 1.81301498e+01 7.34767303e+01 2.69112549e+01
  endloop
 endfacet
 facet normal -6.66608751e-01 -2.48029888e-01 -7.02932358e-01
  outer loop
   vertex 2.02713165e+01 7.14376984e+01 2.32460709e+01
   vertex 2.01598434e+01 7.08308792e+01 2.35185394e+01
   vertex 1.81301498e+01 7.34767303e+01 2.69112549e+01
  endloop
 endfacet
 facet normal -9.69847858e-01 1.45102769e-01 -1.95806772e-01
  outer loop
   vertex 1.81301498e+01 7.34767303e+01 2.69112549e+01
   vertex 2.01598434e+01 7.08308792e+01 2.35185394e+01
   vertex 1.80186844e+01 7.28699188e+01 2.71837234e+01
  endloop
 endfacet
 facet normal -5.91761649e-01 1.57618914e-02 -8.05958867e-01
  outer loop
   vertex 2.01598434e+01 7.08308792e+01 2.35185394e+01
   vertex 1.98714218e+01 7.02422867e+01 2.36774902e+01
   vertex 1.80186844e+01 7.28699188e+01 2.71837234e+01
  endloop
 endfacet
 facet normal -8.69100392e-01 4.06223267e-01 -2.82218307e-01
  outer loop
   vertex 1.80186844e+01 7.28699188e+01 2.71837234e+01
   vertex 1.98714218e+01 7.02422867e+01 2.36774902e+01
   vertex 1.77302628e+01 7.22813263e+01 2.73426743e+01
  endloop
 endfacet
 facet normal -4.43347186e-01 2.63109952e-01 -8.56864333e-01
  outer loop
   vertex 1.98714218e+01 7.02422867e+01 2.36774902e+01
   vertex 1.94342957e+01 6.97295456e+01 2.37073669e+01
   vertex 1.77302628e+01 7.22813263e+01 2.73426743e+01
  endloop
 endfacet
 facet normal -6.98922336e-01 6.42468154e-01 -3.14232767e-01
  outer loop
   vertex 1.77302628e+01 7.22813263e+01 2.73426743e+01
   vertex 1.94342957e+01 6.97295456e+01 2.37073669e+01
   vertex 1.72931290e+01 7.17685776e+01 2.73725586e+01
  endloop
 endfacet
 facet normal -2.35900819e-01 4.69805479e-01 -8.50666583e-01
  outer loop
   vertex 1.94342957e+01 6.97295456e+01 2.37073669e+01
   vertex 1.88912354e+01 6.93428345e+01 2.36052551e+01
   vertex 1.72931290e+01 7.17685776e+01 2.73725586e+01
  endloop
 endfacet
 facet normal -4.75970626e-01 8.30719888e-01 -2.88715065e-01
  outer loop
   vertex 1.72931290e+01 7.17685776e+01 2.73725586e+01
   vertex 1.88912354e+01 6.93428345e+01 2.36052551e+01
   vertex 1.67500763e+01 7.13818741e+01 2.72704468e+01
  endloop
 endfacet
 facet normal 1.02791507e-02 6.15621507e-01 -7.87974954e-01
  outer loop
   vertex 1.88912354e+01 6.93428345e+01 2.36052551e+01
   vertex 1.82954102e+01 6.91200027e+01 2.33811569e+01
   vertex 1.67500763e+01 7.13818741e+01 2.72704468e+01
  endloop
 endfacet
 facet normal -2.22066164e-01 9.52551365e-01 -2.08164617e-01
  outer loop
   vertex 1.67500763e+01 7.13818741e+01 2.72704468e+01
   vertex 1.82954102e+01 6.91200027e+01 2.33811569e+01
   vertex 1.61542435e+01 7.11590424e+01 2.70463409e+01
  endloop
 endfacet
 facet normal 2.71098316e-01 6.86285675e-01 -6.74920499e-01
  outer loop
   vertex 1.82954102e+01 6.91200027e+01 2.33811569e+01
   vertex 1.77051315e+01 6.90828781e+01 2.30569763e+01
   vertex 1.61542435e+01 7.11590424e+01 2.70463409e+01
  endloop
 endfacet
 facet normal 3.79402898e-02 9.96035397e-01 -8.04613084e-02
  outer loop
   vertex 1.61542435e+01 7.11590424e+01 2.70463409e+01
   vertex 1.77051315e+01 6.90828781e+01 2.30569763e+01
   vertex 1.55639725e+01 7.11219177e+01 2.67221603e+01
  endloop
 endfacet
 facet normal 5.21019697e-01 6.74878955e-01 -5.22567511e-01
  outer loop
   vertex 1.77051315e+01 6.90828781e+01 2.30569763e+01
   vertex 1.71781998e+01 6.92350922e+01 2.26644745e+01
   vertex 1.55639725e+01 7.11219177e+01 2.67221603e+01
  endloop
 endfacet
 facet normal 2.78589487e-01 9.56913114e-01 8.18855613e-02
  outer loop
   vertex 1.55639725e+01 7.11219177e+01 2.67221603e+01
   vertex 1.71781998e+01 6.92350922e+01 2.26644745e+01
   vertex 1.50370407e+01 7.12741241e+01 2.63296509e+01
  endloop
 endfacet
 facet normal 7.35574841e-01 5.82513452e-01 -3.45843464e-01
  outer loop
   vertex 1.71781998e+01 6.92350922e+01 2.26644745e+01
   vertex 1.67661819e+01 6.95617218e+01 2.22420502e+01
   vertex 1.50370407e+01 7.12741241e+01 2.63296509e+01
  endloop
 endfacet
 facet normal 4.76325572e-01 8.39017689e-01 2.62989074e-01
  outer loop
   vertex 1.50370407e+01 7.12741241e+01 2.63296509e+01
   vertex 1.67661819e+01 6.95617218e+01 2.22420502e+01
   vertex 1.46250153e+01 7.16007614e+01 2.59072418e+01
  endloop
 endfacet
 facet normal 8.93771529e-01 4.18230712e-01 -1.62035450e-01
  outer loop
   vertex 1.67661819e+01 6.95617218e+01 2.22420502e+01
   vertex 1.65094070e+01 7.00308228e+01 2.18310776e+01
   vertex 1.46250153e+01 7.16007614e+01 2.59072418e+01
  endloop
 endfacet
 facet normal 6.11797690e-01 6.53883398e-01 4.45129335e-01
  outer loop
   vertex 1.46250153e+01 7.16007614e+01 2.59072418e+01
   vertex 1.65094070e+01 7.00308228e+01 2.18310776e+01
   vertex 1.43682480e+01 7.20698624e+01 2.54962692e+01
  endloop
 endfacet
 facet normal 9.80118811e-01 1.98113710e-01 1.08652376e-02
  outer loop
   vertex 1.65094070e+01 7.00308228e+01 2.18310776e+01
   vertex 1.64330292e+01 7.05964737e+01 2.14717636e+01
   vertex 1.43682480e+01 7.20698624e+01 2.54962692e+01
  endloop
 endfacet
 facet normal 6.71743631e-01 4.19636548e-01 6.10463440e-01
  outer loop
   vertex 1.43682480e+01 7.20698624e+01 2.54962692e+01
   vertex 1.64330292e+01 7.05964737e+01 2.14717636e+01
   vertex 1.42918625e+01 7.26355133e+01 2.51369553e+01
  endloop
 endfacet
 facet normal 9.86164093e-01 -5.62867559e-02 1.55923784e-01
  outer loop
   vertex 1.64330292e+01 7.05964737e+01 2.14717636e+01
   vertex 1.65444946e+01 7.12032852e+01 2.11993027e+01
   vertex 1.42918625e+01 7.26355133e+01 2.51369553e+01
  endloop
 endfacet
 facet normal 6.50294423e-01 1.59208253e-01 7.42812157e-01
  outer loop
   vertex 1.42918625e+01 7.26355133e+01 2.51369553e+01
   vertex 1.65444946e+01 7.12032852e+01 2.11993027e+01
   vertex 1.44033356e+01 7.32423172e+01 2.48644943e+01
  endloop
 endfacet
 facet normal 9.11317050e-01 -3.20070177e-01 2.58952290e-01
  outer loop
   vertex 1.65444946e+01 7.12032852e+01 2.11993027e+01
   vertex 1.68329239e+01 7.17918701e+01 2.10403595e+01
   vertex 1.44033356e+01 7.32423172e+01 2.48644943e+01
  endloop
 endfacet
 facet normal 5.49546182e-01 -1.01904251e-01 8.29225242e-01
  outer loop
   vertex 1.44033356e+01 7.32423172e+01 2.48644943e+01
   vertex 1.68329239e+01 7.17918701e+01 2.10403595e+01
   vertex 1.46917419e+01 7.38309097e+01 2.47055435e+01
  endloop
 endfacet
 facet normal 7.62907863e-01 -5.67413688e-01 3.09860080e-01
  outer loop
   vertex 1.68329239e+01 7.17918701e+01 2.10403595e+01
   vertex 1.72700424e+01 7.23046188e+01 2.10104675e+01
   vertex 1.46917419e+01 7.38309097e+01 2.47055435e+01
  endloop
 endfacet
 facet normal 3.79370302e-01 -3.38149369e-01 8.61239314e-01
  outer loop
   vertex 1.46917419e+01 7.38309097e+01 2.47055435e+01
   vertex 1.72700424e+01 7.23046188e+01 2.10104675e+01
   vertex 1.51288834e+01 7.43436584e+01 2.46756516e+01
  endloop
 endfacet
 facet normal 5.55458426e-01 -7.74117112e-01 3.03658724e-01
  outer loop
   vertex 1.72700424e+01 7.23046188e+01 2.10104675e+01
   vertex 1.78131027e+01 7.26913376e+01 2.11125793e+01
   vertex 1.51288834e+01 7.43436584e+01 2.46756516e+01
  endloop
 endfacet
 facet normal 1.56412944e-01 -5.26406884e-01 8.35721731e-01
  outer loop
   vertex 1.51288834e+01 7.43436584e+01 2.46756516e+01
   vertex 1.78131027e+01 7.26913376e+01 2.11125793e+01
   vertex 1.56719360e+01 7.47303696e+01 2.47777634e+01
  endloop
 endfacet
 facet normal 3.09268594e-01 -9.19939518e-01 2.40965083e-01
  outer loop
   vertex 1.78131027e+01 7.26913376e+01 2.11125793e+01
   vertex 1.84089279e+01 7.29141541e+01 2.13366928e+01
   vertex 1.56719360e+01 7.47303696e+01 2.47777634e+01
  endloop
 endfacet
 facet normal -9.74968821e-02 -6.48238778e-01 7.55169392e-01
  outer loop
   vertex 1.56719360e+01 7.47303696e+01 2.47777634e+01
   vertex 1.84089279e+01 7.29141541e+01 2.13366928e+01
   vertex 1.62677689e+01 7.49531937e+01 2.50018768e+01
  endloop
 endfacet
 facet normal 4.84528504e-02 -9.90601480e-01 1.27910301e-01
  outer loop
   vertex 1.84089279e+01 7.29141541e+01 2.13366928e+01
   vertex 1.89992065e+01 7.29512787e+01 2.16608734e+01
   vertex 1.62677689e+01 7.49531937e+01 2.50018768e+01
  endloop
 endfacet
 facet normal -3.57499927e-01 -6.91720724e-01 6.27468169e-01
  outer loop
   vertex 1.62677689e+01 7.49531937e+01 2.50018768e+01
   vertex 1.89992065e+01 7.29512787e+01 2.16608734e+01
   vertex 1.68580475e+01 7.49903183e+01 2.53260574e+01
  endloop
 endfacet
 facet normal -2.01468572e-01 -9.79190052e-01 -2.44384818e-02
  outer loop
   vertex 1.89992065e+01 7.29512787e+01 2.16608734e+01
   vertex 1.95261307e+01 7.27990723e+01 2.20533752e+01
   vertex 1.68580475e+01 7.49903183e+01 2.53260574e+01
  endloop
 endfacet
 facet normal -5.98149002e-01 -6.52597547e-01 4.65117425e-01
  outer loop
   vertex 1.68580475e+01 7.49903183e+01 2.53260574e+01
   vertex 1.95261307e+01 7.27990723e+01 2.20533752e+01
   vertex 1.73849792e+01 7.48381042e+01 2.57185669e+01
  endloop
 endfacet
 facet normal -9.49367225e-01 2.84360409e-01 1.33570239e-01
  outer loop
   vertex 1.85372314e+01 7.32282104e+01 2.72873230e+01
   vertex 1.85200500e+01 7.31248932e+01 2.73347702e+01
   vertex 1.83708649e+01 7.32821198e+01 2.75183334e+01
  endloop
 endfacet
 facet normal -9.45455909e-01 3.09485674e-01 1.01645194e-01
  outer loop
   vertex 1.78883057e+01 7.16950531e+01 2.83630753e+01
   vertex 1.83708649e+01 7.32821198e+01 2.75183334e+01
   vertex 1.81726379e+01 7.15803909e+01 2.79910583e+01
  endloop
 endfacet
 facet normal -9.47708011e-01 2.93218195e-01 1.25986546e-01
  outer loop
   vertex 1.81726379e+01 7.15803909e+01 2.79910583e+01
   vertex 1.83708649e+01 7.32821198e+01 2.75183334e+01
   vertex 1.82685547e+01 7.20068054e+01 2.78098679e+01
  endloop
 endfacet
 facet normal -9.47464526e-01 2.94496357e-01 1.24831423e-01
  outer loop
   vertex 1.82685547e+01 7.20068054e+01 2.78098679e+01
   vertex 1.83708649e+01 7.32821198e+01 2.75183334e+01
   vertex 1.84526367e+01 7.28252182e+01 2.74620972e+01
  endloop
 endfacet
 facet normal -9.49564219e-01 2.87450165e-01 1.25300407e-01
  outer loop
   vertex 1.85200500e+01 7.31248932e+01 2.73347702e+01
   vertex 1.84526367e+01 7.28252182e+01 2.74620972e+01
   vertex 1.83708649e+01 7.32821198e+01 2.75183334e+01
  endloop
 endfacet
 facet normal -6.52379513e-01 -1.84203625e-01 -7.35166669e-01
  outer loop
   vertex 2.11093140e+01 7.03961105e+01 2.41487503e+01
   vertex 2.07072372e+01 6.86821823e+01 2.49481888e+01
   vertex 2.10307465e+01 7.04277954e+01 2.42515488e+01
  endloop
 endfacet
 facet normal -4.46840644e-01 -2.69768089e-01 -8.52970481e-01
  outer loop
   vertex 2.10307465e+01 7.04277954e+01 2.42515488e+01
   vertex 2.07072372e+01 6.86821823e+01 2.49481888e+01
   vertex 2.08831406e+01 6.97263336e+01 2.45555496e+01
  endloop
 endfacet
 facet normal -4.48014736e-01 -2.68483222e-01 -8.52759957e-01
  outer loop
   vertex 2.08831406e+01 6.97263336e+01 2.45555496e+01
   vertex 2.07072372e+01 6.86821823e+01 2.49481888e+01
   vertex 2.06714706e+01 6.87204132e+01 2.49915161e+01
  endloop
 endfacet
 facet normal -9.45862532e-01 3.01705152e-01 1.19658098e-01
  outer loop
   vertex 1.77585373e+01 6.97323303e+01 2.87772522e+01
   vertex 1.77072983e+01 6.95402527e+01 2.88541870e+01
   vertex 1.74057617e+01 7.01079865e+01 2.92078171e+01
  endloop
 endfacet
 facet normal -9.45705473e-01 3.09546262e-01 9.91072953e-02
  outer loop
   vertex 1.78883057e+01 7.16950531e+01 2.83630753e+01
   vertex 1.81053162e+01 7.12758789e+01 2.81211243e+01
   vertex 1.74057617e+01 7.01079865e+01 2.92078171e+01
  endloop
 endfacet
 facet normal -9.48130906e-01 2.93085128e-01 1.23080894e-01
  outer loop
   vertex 1.81053162e+01 7.12758789e+01 2.81211243e+01
   vertex 1.80213470e+01 7.09021301e+01 2.82799988e+01
   vertex 1.74057617e+01 7.01079865e+01 2.92078171e+01
  endloop
 endfacet
 facet normal -9.47563291e-01 2.96890825e-01 1.18235759e-01
  outer loop
   vertex 1.80213470e+01 7.09021301e+01 2.82799988e+01
   vertex 1.77585373e+01 6.97323303e+01 2.87772522e+01
   vertex 1.74057617e+01 7.01079865e+01 2.92078171e+01
  endloop
 endfacet
 facet normal -9.50267315e-01 2.89524436e-01 1.14750437e-01
  outer loop
   vertex 1.81401291e+01 7.14259033e+01 2.80580139e+01
   vertex 1.81053162e+01 7.12758789e+01 2.81211243e+01
   vertex 1.78883057e+01 7.16950531e+01 2.83630753e+01
  endloop
 endfacet
 facet normal -8.30634177e-01 4.09669966e-01 3.77117217e-01
  outer loop
   vertex 1.89199066e+01 7.50654144e+01 2.64887848e+01
   vertex 1.89001694e+01 7.48237610e+01 2.66117020e+01
   vertex 1.88534164e+01 7.48691788e+01 2.66735840e+01
  endloop
 endfacet
 facet normal -4.78033423e-01 -3.26251715e-01 -8.15502226e-01
  outer loop
   vertex 2.13713379e+01 7.24226379e+01 2.33407440e+01
   vertex 2.13880997e+01 7.26278076e+01 2.32363892e+01
   vertex 2.15453186e+01 7.22536011e+01 2.31104507e+01
  endloop
 endfacet
 facet normal -6.33300304e-01 5.15385032e-01 5.77329159e-01
  outer loop
   vertex 1.89867096e+01 7.50856781e+01 2.65165482e+01
   vertex 1.89199066e+01 7.50654144e+01 2.64887848e+01
   vertex 1.88534164e+01 7.48691788e+01 2.66735840e+01
  endloop
 endfacet
 facet normal -3.52625512e-02 8.80290627e-01 4.73122507e-01
  outer loop
   vertex 1.98403549e+01 7.64722595e+01 2.55107880e+01
   vertex 1.99969711e+01 7.63490524e+01 2.56876450e+01
   vertex 2.02634964e+01 7.71595535e+01 2.50122452e+01
  endloop
 endfacet
 facet normal -9.31059599e-01 3.32018495e-01 1.51300207e-01
  outer loop
   vertex 1.88534164e+01 7.48691788e+01 2.66735840e+01
   vertex 1.89001694e+01 7.48237610e+01 2.66117020e+01
   vertex 1.83708649e+01 7.32821198e+01 2.75183334e+01
  endloop
 endfacet
 facet normal -9.50563967e-01 2.80469596e-01 1.33285373e-01
  outer loop
   vertex 1.89001694e+01 7.48237610e+01 2.66117020e+01
   vertex 1.88151169e+01 7.44498596e+01 2.67700272e+01
   vertex 1.83708649e+01 7.32821198e+01 2.75183334e+01
  endloop
 endfacet
 facet normal -9.45210934e-01 2.98535317e-01 1.32109553e-01
  outer loop
   vertex 1.88151169e+01 7.44498596e+01 2.67700272e+01
   vertex 1.86180801e+01 7.35836639e+01 2.71368103e+01
   vertex 1.83708649e+01 7.32821198e+01 2.75183334e+01
  endloop
 endfacet
 facet normal -9.46148872e-01 2.93432295e-01 1.36747167e-01
  outer loop
   vertex 1.86180801e+01 7.35836639e+01 2.71368103e+01
   vertex 1.85372314e+01 7.32282104e+01 2.72873230e+01
   vertex 1.83708649e+01 7.32821198e+01 2.75183334e+01
  endloop
 endfacet
 facet normal -5.04055083e-01 5.36951900e-01 6.76469624e-01
  outer loop
   vertex 2.01784897e+01 7.49502792e+01 2.72880936e+01
   vertex 1.99866104e+01 7.48584137e+01 2.72271118e+01
   vertex 1.97292786e+01 7.35349960e+01 2.82714615e+01
  endloop
 endfacet
 facet normal -4.90851045e-01 5.47726214e-01 6.77540600e-01
  outer loop
   vertex 1.97292786e+01 7.35349960e+01 2.82714615e+01
   vertex 1.99866104e+01 7.48584137e+01 2.72271118e+01
   vertex 1.90568085e+01 7.34240112e+01 2.78597794e+01
  endloop
 endfacet
 facet normal -4.40706074e-01 5.42533517e-01 7.15147197e-01
  outer loop
   vertex 1.99866104e+01 7.48584137e+01 2.72271118e+01
   vertex 1.94398727e+01 7.46339340e+01 2.70326004e+01
   vertex 1.90568085e+01 7.34240112e+01 2.78597794e+01
  endloop
 endfacet
 facet normal -1.26938289e-02 8.47688198e-01 5.30342877e-01
  outer loop
   vertex 2.02928391e+01 7.58938751e+01 2.64098892e+01
   vertex 2.02634964e+01 7.71595535e+01 2.50122452e+01
   vertex 2.01386566e+01 7.62414322e+01 2.59136200e+01
  endloop
 endfacet
 facet normal -4.34809178e-02 8.72332275e-01 4.86976206e-01
  outer loop
   vertex 2.01386566e+01 7.62414322e+01 2.59136200e+01
   vertex 2.02634964e+01 7.71595535e+01 2.50122452e+01
   vertex 1.99969711e+01 7.63490524e+01 2.56876450e+01
  endloop
 endfacet
 facet normal -3.58103812e-02 8.28052759e-01 5.59505343e-01
  outer loop
   vertex 2.04020233e+01 7.56459427e+01 2.67681351e+01
   vertex 2.09489517e+01 7.73201141e+01 2.53976669e+01
   vertex 2.02928391e+01 7.58938751e+01 2.64098892e+01
  endloop
 endfacet
 facet normal -2.64913589e-01 7.65481055e-01 5.86395383e-01
  outer loop
   vertex 2.02928391e+01 7.58938751e+01 2.64098892e+01
   vertex 2.09489517e+01 7.73201141e+01 2.53976669e+01
   vertex 2.02634964e+01 7.71595535e+01 2.50122452e+01
  endloop
 endfacet
 facet normal -2.37938222e-02 9.26445961e-01 3.75675082e-01
  outer loop
   vertex 1.98403549e+01 7.64722595e+01 2.55107880e+01
   vertex 2.02634964e+01 7.71595535e+01 2.50122452e+01
   vertex 1.94868698e+01 7.67387848e+01 2.49130249e+01
  endloop
 endfacet
 facet normal -4.96286839e-01 8.18168104e-01 2.90345192e-01
  outer loop
   vertex 1.94868698e+01 7.67387848e+01 2.49130249e+01
   vertex 2.02634964e+01 7.71595535e+01 2.50122452e+01
   vertex 1.95645523e+01 7.69680786e+01 2.46970978e+01
  endloop
 endfacet
 facet normal -5.91378689e-01 5.30217409e-01 6.07569575e-01
  outer loop
   vertex 1.91549606e+01 7.49984055e+01 2.66633911e+01
   vertex 1.89867096e+01 7.50856781e+01 2.65165482e+01
   vertex 1.88534164e+01 7.48691788e+01 2.66735840e+01
  endloop
 endfacet
 facet normal -3.45954180e-01 7.52897441e-01 5.59875965e-01
  outer loop
   vertex 2.09523544e+01 7.54109192e+01 2.75833588e+01
   vertex 2.16074677e+01 7.74188538e+01 2.59235687e+01
   vertex 2.05175629e+01 7.53701630e+01 2.71981201e+01
  endloop
 endfacet
 facet normal -6.21421412e-02 8.34777534e-01 5.47069311e-01
  outer loop
   vertex 2.04379501e+01 7.55607986e+01 2.68995819e+01
   vertex 2.05175629e+01 7.53701630e+01 2.71981201e+01
   vertex 2.16074677e+01 7.74188538e+01 2.59235687e+01
  endloop
 endfacet
 facet normal -6.17853440e-02 8.34574580e-01 5.47419250e-01
  outer loop
   vertex 2.04379501e+01 7.55607986e+01 2.68995819e+01
   vertex 2.16074677e+01 7.74188538e+01 2.59235687e+01
   vertex 2.04020233e+01 7.56459427e+01 2.67681351e+01
  endloop
 endfacet
 facet normal -3.07234406e-01 7.62145579e-01 5.69860637e-01
  outer loop
   vertex 2.04020233e+01 7.56459427e+01 2.67681351e+01
   vertex 2.16074677e+01 7.74188538e+01 2.59235687e+01
   vertex 2.09489517e+01 7.73201141e+01 2.53976669e+01
  endloop
 endfacet
 facet normal -6.80193126e-01 -6.96085453e-01 -2.29787633e-01
  outer loop
   vertex 1.88006058e+01 6.86226578e+01 2.75054398e+01
   vertex 1.97657700e+01 6.80684509e+01 2.62698288e+01
   vertex 2.03120956e+01 6.70131226e+01 2.56607056e+01
  endloop
 endfacet
 facet normal -4.46459115e-01 -2.63933212e-01 -8.54993284e-01
  outer loop
   vertex 2.06714706e+01 6.87204132e+01 2.49915161e+01
   vertex 2.07072372e+01 6.86821823e+01 2.49481888e+01
   vertex 2.05872803e+01 6.83576965e+01 2.51441269e+01
  endloop
 endfacet
 facet normal -6.44223928e-01 -1.62497833e-01 -7.47375429e-01
  outer loop
   vertex 2.07072372e+01 6.86821823e+01 2.49481888e+01
   vertex 2.03120956e+01 6.70131226e+01 2.56607056e+01
   vertex 2.05872803e+01 6.83576965e+01 2.51441269e+01
  endloop
 endfacet
 facet normal -5.14357567e-01 -3.00306767e-01 -8.03275883e-01
  outer loop
   vertex 2.05872803e+01 6.83576965e+01 2.51441269e+01
   vertex 2.03120956e+01 6.70131226e+01 2.56607056e+01
   vertex 2.04328995e+01 6.76925583e+01 2.54239731e+01
  endloop
 endfacet
 facet normal -6.61187410e-01 -5.39386988e-01 -5.21433473e-01
  outer loop
   vertex 2.04328995e+01 6.76925583e+01 2.54239731e+01
   vertex 2.03120956e+01 6.70131226e+01 2.56607056e+01
   vertex 1.97657700e+01 6.80684509e+01 2.62698288e+01
  endloop
 endfacet
 facet normal -9.38963175e-01 2.91029334e-01 1.83439717e-01
  outer loop
   vertex 1.74057617e+01 7.01079865e+01 2.92078171e+01
   vertex 1.77072983e+01 6.95402527e+01 2.88541870e+01
   vertex 1.69232101e+01 6.85209198e+01 3.00525665e+01
  endloop
 endfacet
 facet normal -9.77644026e-01 1.41415298e-01 1.55607909e-01
  outer loop
   vertex 1.77072983e+01 6.95402527e+01 2.88541870e+01
   vertex 1.76467438e+01 6.92722931e+01 2.89678802e+01
   vertex 1.69232101e+01 6.85209198e+01 3.00525665e+01
  endloop
 endfacet
 facet normal -9.52767193e-01 -2.77471691e-01 -1.23466976e-01
  outer loop
   vertex 1.99549103e+01 6.53084641e+01 2.62182388e+01
   vertex 1.69232101e+01 6.85209198e+01 3.00525665e+01
   vertex 1.79457169e+01 6.90913773e+01 2.85745773e+01
  endloop
 endfacet
 facet normal -9.46136653e-01 -2.95465708e-01 1.32383510e-01
  outer loop
   vertex 1.76467438e+01 6.92722931e+01 2.89678802e+01
   vertex 1.79457169e+01 6.90913773e+01 2.85745773e+01
   vertex 1.69232101e+01 6.85209198e+01 3.00525665e+01
  endloop
 endfacet
 facet normal -6.86614931e-01 -6.87864661e-01 -2.35376552e-01
  outer loop
   vertex 1.79457169e+01 6.90913773e+01 2.85745773e+01
   vertex 1.88006058e+01 6.86226578e+01 2.75054398e+01
   vertex 1.99549103e+01 6.53084641e+01 2.62182388e+01
  endloop
 endfacet
 facet normal -7.99480855e-01 -3.63660544e-01 -4.78101850e-01
  outer loop
   vertex 1.99549103e+01 6.53084641e+01 2.62182388e+01
   vertex 1.88006058e+01 6.86226578e+01 2.75054398e+01
   vertex 2.03120956e+01 6.70131226e+01 2.56607056e+01
  endloop
 endfacet
 facet normal -9.50591922e-01 2.87799090e-01 1.16390429e-01
  outer loop
   vertex 1.81726379e+01 7.15803909e+01 2.79910583e+01
   vertex 1.81401291e+01 7.14259033e+01 2.80580139e+01
   vertex 1.78883057e+01 7.16950531e+01 2.83630753e+01
  endloop
 endfacet
 facet normal -4.56086785e-01 -2.81757474e-01 -8.44154954e-01
  outer loop
   vertex 2.10307465e+01 7.04277954e+01 2.42515488e+01
   vertex 2.10400391e+01 7.04691162e+01 2.42339859e+01
   vertex 2.11093140e+01 7.03961105e+01 2.41487503e+01
  endloop
 endfacet
 facet normal -6.63327932e-01 -2.13225111e-01 -7.17308283e-01
  outer loop
   vertex 2.15453186e+01 7.22536011e+01 2.31104507e+01
   vertex 2.11093140e+01 7.03961105e+01 2.41487503e+01
   vertex 2.13474731e+01 7.23177032e+01 2.33851700e+01
  endloop
 endfacet
 facet normal -4.56301689e-01 -2.93688536e-01 -8.39961767e-01
  outer loop
   vertex 2.13474731e+01 7.23177032e+01 2.33851700e+01
   vertex 2.11093140e+01 7.03961105e+01 2.41487503e+01
   vertex 2.12362900e+01 7.16491852e+01 2.36921387e+01
  endloop
 endfacet
 facet normal -4.60532159e-01 -2.91907281e-01 -8.38272214e-01
  outer loop
   vertex 2.10400391e+01 7.04691162e+01 2.42339859e+01
   vertex 2.10843658e+01 7.07356491e+01 2.41116104e+01
   vertex 2.11093140e+01 7.03961105e+01 2.41487503e+01
  endloop
 endfacet
 facet normal -4.59347636e-01 -2.98575282e-01 -8.36571932e-01
  outer loop
   vertex 2.10843658e+01 7.07356491e+01 2.41116104e+01
   vertex 2.12362900e+01 7.16491852e+01 2.36921387e+01
   vertex 2.11093140e+01 7.03961105e+01 2.41487503e+01
  endloop
 endfacet
 facet normal -4.72945213e-01 -3.08100730e-01 -8.25467587e-01
  outer loop
   vertex 2.13474731e+01 7.23177032e+01 2.33851700e+01
   vertex 2.13713379e+01 7.24226379e+01 2.33407440e+01
   vertex 2.15453186e+01 7.22536011e+01 2.31104507e+01
  endloop
 endfacet
 facet normal -4.20036763e-01 8.76992524e-01 -2.33352154e-01
  outer loop
   vertex 1.97726059e+01 7.64728775e+01 2.45304413e+01
   vertex 1.94868698e+01 7.67387848e+01 2.49130249e+01
   vertex 1.95645523e+01 7.69680786e+01 2.46970978e+01
  endloop
 endfacet
 facet normal -6.74215972e-01 -2.59100854e-01 -6.91592097e-01
  outer loop
   vertex 2.15453186e+01 7.22536011e+01 2.31104507e+01
   vertex 2.13880997e+01 7.26278076e+01 2.32363892e+01
   vertex 2.20422516e+01 7.43533325e+01 2.16813507e+01
  endloop
 endfacet
 facet normal -4.70161319e-01 -3.51263434e-01 -8.09668064e-01
  outer loop
   vertex 2.13880997e+01 7.26278076e+01 2.32363892e+01
   vertex 2.13898010e+01 7.26428452e+01 2.32290192e+01
   vertex 2.20422516e+01 7.43533325e+01 2.16813507e+01
  endloop
 endfacet
 facet normal -4.70396042e-01 -3.49166989e-01 -8.10438156e-01
  outer loop
   vertex 2.13898010e+01 7.26428452e+01 2.32290192e+01
   vertex 2.15370789e+01 7.39396591e+01 2.25936050e+01
   vertex 2.20422516e+01 7.43533325e+01 2.16813507e+01
  endloop
 endfacet
 facet normal -5.18780529e-01 -2.55632937e-01 -8.15793216e-01
  outer loop
   vertex 2.15370789e+01 7.39396591e+01 2.25936050e+01
   vertex 2.16295242e+01 7.47536697e+01 2.21947556e+01
   vertex 2.20422516e+01 7.43533325e+01 2.16813507e+01
  endloop
 endfacet
 facet normal -8.39434147e-01 1.51782539e-02 -5.43249369e-01
  outer loop
   vertex 2.20422516e+01 7.43533325e+01 2.16813507e+01
   vertex 2.16295242e+01 7.47536697e+01 2.21947556e+01
   vertex 1.95645523e+01 7.69680786e+01 2.46970978e+01
  endloop
 endfacet
 facet normal -6.50506139e-01 3.88958335e-01 -6.52344406e-01
  outer loop
   vertex 2.16295242e+01 7.47536697e+01 2.21947556e+01
   vertex 1.97726059e+01 7.64728775e+01 2.45304413e+01
   vertex 1.95645523e+01 7.69680786e+01 2.46970978e+01
  endloop
 endfacet
 facet normal -5.81579030e-01 5.50842546e-02 -8.11622798e-01
  outer loop
   vertex 3.67879486e+01 5.08201599e+01 9.96574402e-01
   vertex 3.68923950e+01 5.14863129e+01 1.01140976e+00
   vertex 3.88037338e+01 5.01586151e+01 1.28298950e+00
  endloop
 endfacet
 facet normal -4.44657564e-01 -1.72899049e-02 -8.95533741e-01
  outer loop
   vertex 3.88037338e+01 5.01586151e+01 1.28298950e+00
   vertex 3.68923950e+01 5.14863129e+01 1.01140976e+00
   vertex 3.87623215e+01 5.08968582e+01 1.27710342e+00
  endloop
 endfacet
 facet normal -2.44510338e-01 -5.09537803e-03 -9.69633281e-01
  outer loop
   vertex 3.68923950e+01 5.14863129e+01 1.01140976e+00
   vertex 3.87424469e+01 5.14863129e+01 1.27427673e+00
   vertex 3.87623215e+01 5.08968582e+01 1.27710342e+00
  endloop
 endfacet
 facet normal -2.32993618e-01 -1.53425440e-01 -9.60299253e-01
  outer loop
   vertex 3.87903061e+01 4.85273361e+01 1.28108215e+00
   vertex 3.64847870e+01 5.02192154e+01 9.53498840e-01
   vertex 3.88847351e+01 4.87145386e+01 1.29449463e+00
  endloop
 endfacet
 facet normal -6.41148627e-01 2.52275728e-02 -7.67001987e-01
  outer loop
   vertex 3.88847351e+01 4.87145386e+01 1.29449463e+00
   vertex 3.64847870e+01 5.02192154e+01 9.53498840e-01
   vertex 3.88100357e+01 5.00462265e+01 1.28388596e+00
  endloop
 endfacet
 facet normal -5.92703700e-01 1.05424695e-01 -7.98491061e-01
  outer loop
   vertex 3.88100357e+01 5.00462265e+01 1.28388596e+00
   vertex 3.64847870e+01 5.02192154e+01 9.53498840e-01
   vertex 3.88037338e+01 5.01586151e+01 1.28298950e+00
  endloop
 endfacet
 facet normal -5.46106935e-01 1.89446852e-01 -8.16012979e-01
  outer loop
   vertex 3.64847870e+01 5.02192154e+01 9.53498840e-01
   vertex 3.67879486e+01 5.08201599e+01 9.96574402e-01
   vertex 3.88037338e+01 5.01586151e+01 1.28298950e+00
  endloop
 endfacet
 facet normal 3.48538160e-01 -2.85416663e-01 -8.92781317e-01
  outer loop
   vertex 3.87903061e+01 4.85273361e+01 1.28108215e+00
   vertex 3.76876755e+01 4.74136353e+01 1.12441254e+00
   vertex 3.64847870e+01 5.02192154e+01 9.53498840e-01
  endloop
 endfacet
 facet normal -8.45447928e-02 1.49408191e-01 -9.85154510e-01
  outer loop
   vertex 3.64847870e+01 5.02192154e+01 9.53498840e-01
   vertex 3.76876755e+01 4.74136353e+01 1.12441254e+00
   vertex 3.60126190e+01 4.97423096e+01 8.86405945e-01
  endloop
 endfacet
 facet normal 2.50575185e-01 -3.39273036e-01 -9.06700552e-01
  outer loop
   vertex 3.76876755e+01 4.74136353e+01 1.12441254e+00
   vertex 3.62982712e+01 4.66985931e+01 9.27001953e-01
   vertex 3.60126190e+01 4.97423096e+01 8.86405945e-01
  endloop
 endfacet
 facet normal -2.80644298e-02 2.10783288e-01 -9.77129877e-01
  outer loop
   vertex 3.60126190e+01 4.97423096e+01 8.86405945e-01
   vertex 3.62982712e+01 4.66985931e+01 9.27001953e-01
   vertex 3.54176559e+01 4.94361115e+01 8.01872253e-01
  endloop
 endfacet
 facet normal 1.40937299e-01 -3.59915078e-01 -9.22278583e-01
  outer loop
   vertex 3.62982712e+01 4.66985931e+01 9.27001953e-01
   vertex 3.47581253e+01 4.64522095e+01 7.08160400e-01
   vertex 3.54176559e+01 4.94361115e+01 8.01872253e-01
  endloop
 endfacet
 facet normal 4.44325656e-02 2.51529455e-01 -9.66829181e-01
  outer loop
   vertex 3.54176559e+01 4.94361115e+01 8.01872253e-01
   vertex 3.47581253e+01 4.64522095e+01 7.08160400e-01
   vertex 3.47581253e+01 4.93306046e+01 7.08160400e-01
  endloop
 endfacet
 facet normal 3.03503498e-02 -3.45325768e-01 -9.37991977e-01
  outer loop
   vertex 3.47581253e+01 4.64522095e+01 7.08160400e-01
   vertex 3.32179794e+01 4.66985931e+01 4.89326477e-01
   vertex 3.47581253e+01 4.93306046e+01 7.08160400e-01
  endloop
 endfacet
 facet normal 1.25846103e-01 2.67654568e-01 -9.55261111e-01
  outer loop
   vertex 3.47581253e+01 4.93306046e+01 7.08160400e-01
   vertex 3.32179794e+01 4.66985931e+01 4.89326477e-01
   vertex 3.40986023e+01 4.94361115e+01 6.14456177e-01
  endloop
 endfacet
 facet normal -7.03620985e-02 -2.96935409e-01 -9.52301681e-01
  outer loop
   vertex 3.32179794e+01 4.66985931e+01 4.89326477e-01
   vertex 3.18285828e+01 4.74136353e+01 2.91915894e-01
   vertex 3.40986023e+01 4.94361115e+01 6.14456177e-01
  endloop
 endfacet
 facet normal 2.08207533e-01 2.57579118e-01 -9.43558514e-01
  outer loop
   vertex 3.40986023e+01 4.94361115e+01 6.14456177e-01
   vertex 3.18285828e+01 4.74136353e+01 2.91915894e-01
   vertex 3.35036392e+01 4.97423096e+01 5.29914856e-01
  endloop
 endfacet
 facet normal -1.51340485e-01 -2.19477803e-01 -9.63807821e-01
  outer loop
   vertex 3.18285828e+01 4.74136353e+01 2.91915894e-01
   vertex 3.07259521e+01 4.85273361e+01 1.35238647e-01
   vertex 3.35036392e+01 4.97423096e+01 5.29914856e-01
  endloop
 endfacet
 facet normal 2.83454031e-01 2.22289965e-01 -9.32867110e-01
  outer loop
   vertex 3.35036392e+01 4.97423096e+01 5.29914856e-01
   vertex 3.07259521e+01 4.85273361e+01 1.35238647e-01
   vertex 3.30314636e+01 5.02192154e+01 4.62829590e-01
  endloop
 endfacet
 facet normal -2.04658747e-01 -1.20535173e-01 -9.71383572e-01
  outer loop
   vertex 3.07259521e+01 4.85273361e+01 1.35238647e-01
   vertex 3.00180206e+01 4.99306870e+01 3.46565247e-02
   vertex 3.30314636e+01 5.02192154e+01 4.62829590e-01
  endloop
 endfacet
 facet normal 3.44222188e-01 1.65240005e-01 -9.24233079e-01
  outer loop
   vertex 3.30314636e+01 5.02192154e+01 4.62829590e-01
   vertex 3.00180206e+01 4.99306870e+01 3.46565247e-02
   vertex 3.27283173e+01 5.08201599e+01 4.19754028e-01
  endloop
 endfacet
 facet normal -2.25096107e-01 -9.79677960e-03 -9.74287331e-01
  outer loop
   vertex 3.00180206e+01 4.99306870e+01 3.46565247e-02
   vertex 2.97740860e+01 5.14863129e+01 0.00000000e+00
   vertex 3.27283173e+01 5.08201599e+01 4.19754028e-01
  endloop
 endfacet
 facet normal 3.84563804e-01 9.20148864e-02 -9.18500900e-01
  outer loop
   vertex 3.27283173e+01 5.08201599e+01 4.19754028e-01
   vertex 2.97740860e+01 5.14863129e+01 0.00000000e+00
   vertex 3.26238632e+01 5.14863129e+01 4.04911041e-01
  endloop
 endfacet
 facet normal -2.10653141e-01 1.01901717e-01 -9.72235203e-01
  outer loop
   vertex 2.97740860e+01 5.14863129e+01 0.00000000e+00
   vertex 3.00180206e+01 5.30419312e+01 3.46565247e-02
   vertex 3.26238632e+01 5.14863129e+01 4.04911041e-01
  endloop
 endfacet
 facet normal 4.00527328e-01 9.78584029e-03 -9.16232586e-01
  outer loop
   vertex 3.26238632e+01 5.14863129e+01 4.04911041e-01
   vertex 3.00180206e+01 5.30419312e+01 3.46565247e-02
   vertex 3.27283173e+01 5.21524582e+01 4.19754028e-01
  endloop
 endfacet
 facet normal -1.62742153e-01 2.03627318e-01 -9.65427816e-01
  outer loop
   vertex 3.00180206e+01 5.30419312e+01 3.46565247e-02
   vertex 3.07259521e+01 5.44452820e+01 1.35238647e-01
   vertex 3.27283173e+01 5.21524582e+01 4.19754028e-01
  endloop
 endfacet
 facet normal 3.90552014e-01 -7.34016076e-02 -9.17649925e-01
  outer loop
   vertex 3.27283173e+01 5.21524582e+01 4.19754028e-01
   vertex 3.07259521e+01 5.44452820e+01 1.35238647e-01
   vertex 3.30314636e+01 5.27534027e+01 4.62829590e-01
  endloop
 endfacet
 facet normal -8.60548094e-02 2.85419583e-01 -9.54531431e-01
  outer loop
   vertex 3.07259521e+01 5.44452820e+01 1.35238647e-01
   vertex 3.18285828e+01 5.55589828e+01 2.91915894e-01
   vertex 3.30314636e+01 5.27534027e+01 4.62829590e-01
  endloop
 endfacet
 facet normal 3.55612576e-01 -1.49405047e-01 -9.22614694e-01
  outer loop
   vertex 3.30314636e+01 5.27534027e+01 4.62829590e-01
   vertex 3.18285828e+01 5.55589828e+01 2.91915894e-01
   vertex 3.35036392e+01 5.32303162e+01 5.29914856e-01
  endloop
 endfacet
 facet normal 1.19010685e-02 3.39272290e-01 -9.40612912e-01
  outer loop
   vertex 3.18285828e+01 5.55589828e+01 2.91915894e-01
   vertex 3.32179794e+01 5.62740211e+01 4.89326477e-01
   vertex 3.35036392e+01 5.32303162e+01 5.29914856e-01
  endloop
 endfacet
 facet normal 2.99129993e-01 -2.10786104e-01 -9.30639803e-01
  outer loop
   vertex 3.35036392e+01 5.32303162e+01 5.29914856e-01
   vertex 3.32179794e+01 5.62740211e+01 4.89326477e-01
   vertex 3.40986023e+01 5.35365067e+01 6.14456177e-01
  endloop
 endfacet
 facet normal 1.21540047e-01 3.59912962e-01 -9.25035477e-01
  outer loop
   vertex 3.32179794e+01 5.62740211e+01 4.89326477e-01
   vertex 3.47581253e+01 5.65204086e+01 7.08160400e-01
   vertex 3.40986023e+01 5.35365067e+01 6.14456177e-01
  endloop
 endfacet
 facet normal 2.26636603e-01 -2.51531541e-01 -9.40939784e-01
  outer loop
   vertex 3.40986023e+01 5.35365067e+01 6.14456177e-01
   vertex 3.47581253e+01 5.65204086e+01 7.08160400e-01
   vertex 3.47581253e+01 5.36420135e+01 7.08160400e-01
  endloop
 endfacet
 facet normal 2.32129768e-01 3.45326662e-01 -9.09321308e-01
  outer loop
   vertex 3.47581253e+01 5.65204086e+01 7.08160400e-01
   vertex 3.62982712e+01 5.62740211e+01 9.27001953e-01
   vertex 3.47581253e+01 5.36420135e+01 7.08160400e-01
  endloop
 endfacet
 facet normal 1.45225391e-01 -2.67654181e-01 -9.52507675e-01
  outer loop
   vertex 3.47581253e+01 5.36420135e+01 7.08160400e-01
   vertex 3.62982712e+01 5.62740211e+01 9.27001953e-01
   vertex 3.54176559e+01 5.35365067e+01 8.01872253e-01
  endloop
 endfacet
 facet normal 3.32841665e-01 2.96936333e-01 -8.95011306e-01
  outer loop
   vertex 3.62982712e+01 5.62740211e+01 9.27001953e-01
   vertex 3.76876755e+01 5.55589790e+01 1.12441254e+00
   vertex 3.54176559e+01 5.35365067e+01 8.01872253e-01
  endloop
 endfacet
 facet normal 6.28627539e-02 -2.57577509e-01 -9.64210629e-01
  outer loop
   vertex 3.54176559e+01 5.35365067e+01 8.01872253e-01
   vertex 3.76876755e+01 5.55589790e+01 1.12441254e+00
   vertex 3.60126190e+01 5.32303162e+01 8.86405945e-01
  endloop
 endfacet
 facet normal -2.74666190e-01 -3.30364704e-01 -9.03004766e-01
  outer loop
   vertex 3.64847870e+01 5.27534027e+01 9.53498840e-01
   vertex 3.60126190e+01 5.32303162e+01 8.86405945e-01
   vertex 3.85296326e+01 5.42539902e+01 1.24404144e+00
  endloop
 endfacet
 facet normal 6.08529933e-02 2.84554139e-02 -9.97741044e-01
  outer loop
   vertex 3.76876755e+01 5.55589790e+01 1.12441254e+00
   vertex 3.84874115e+01 5.47512207e+01 1.23804092e+00
   vertex 3.60126190e+01 5.32303162e+01 8.86405945e-01
  endloop
 endfacet
 facet normal -1.58539921e-01 -1.90772951e-01 -9.68747020e-01
  outer loop
   vertex 3.85296326e+01 5.42539902e+01 1.24404144e+00
   vertex 3.60126190e+01 5.32303162e+01 8.86405945e-01
   vertex 3.84874115e+01 5.47512207e+01 1.23804092e+00
  endloop
 endfacet
 facet normal -3.56108129e-01 -2.13223383e-01 -9.09792721e-01
  outer loop
   vertex 3.67879486e+01 5.21524582e+01 9.96574402e-01
   vertex 3.64847870e+01 5.27534027e+01 9.53498840e-01
   vertex 3.86560516e+01 5.27655411e+01 1.26200867e+00
  endloop
 endfacet
 facet normal -2.01455757e-01 -1.48277879e-01 -9.68209326e-01
  outer loop
   vertex 3.86560516e+01 5.27655411e+01 1.26200867e+00
   vertex 3.64847870e+01 5.27534027e+01 9.53498840e-01
   vertex 3.85296326e+01 5.42539902e+01 1.24404144e+00
  endloop
 endfacet
 facet normal -3.99141043e-01 -7.36522600e-02 -9.13926542e-01
  outer loop
   vertex 3.68923950e+01 5.14863129e+01 1.01140976e+00
   vertex 3.67879486e+01 5.21524582e+01 9.96574402e-01
   vertex 3.87424469e+01 5.14863129e+01 1.27427673e+00
  endloop
 endfacet
 facet normal -2.37880826e-01 -7.81742558e-02 -9.68143344e-01
  outer loop
   vertex 3.87424469e+01 5.14863129e+01 1.27427673e+00
   vertex 3.67879486e+01 5.21524582e+01 9.96574402e-01
   vertex 3.87293549e+01 5.18743439e+01 1.27241516e+00
  endloop
 endfacet
 facet normal -2.35554069e-01 -8.35727751e-02 -9.68261242e-01
  outer loop
   vertex 3.86560516e+01 5.27655411e+01 1.26200867e+00
   vertex 3.87095337e+01 5.21358719e+01 1.26959991e+00
   vertex 3.67879486e+01 5.21524582e+01 9.96574402e-01
  endloop
 endfacet
 facet normal -2.42002338e-01 -8.08995739e-02 -9.66897190e-01
  outer loop
   vertex 3.87293549e+01 5.18743439e+01 1.27241516e+00
   vertex 3.67879486e+01 5.21524582e+01 9.96574402e-01
   vertex 3.87243652e+01 5.19526672e+01 1.27170944e+00
  endloop
 endfacet
 facet normal -2.40062848e-01 -8.24887156e-02 -9.67246294e-01
  outer loop
   vertex 3.67879486e+01 5.21524582e+01 9.96574402e-01
   vertex 3.87095337e+01 5.21358719e+01 1.26959991e+00
   vertex 3.87243652e+01 5.19526672e+01 1.27170944e+00
  endloop
 endfacet
 facet normal 3.10883969e-01 -7.12950528e-01 -6.28532171e-01
  outer loop
   vertex 3.85708618e+01 4.85273361e+01 2.82556534e+00
   vertex 3.87903061e+01 4.85273361e+01 1.28108215e+00
   vertex 3.86908035e+01 4.87120743e+01 2.65048218e+00
  endloop
 endfacet
 facet normal 2.58429274e-02 -6.06905818e-01 -7.94353485e-01
  outer loop
   vertex 3.87903061e+01 4.85273361e+01 1.28108215e+00
   vertex 3.88847351e+01 4.87145386e+01 1.29449463e+00
   vertex 3.86908035e+01 4.87120743e+01 2.65048218e+00
  endloop
 endfacet
 facet normal -3.48969847e-01 -8.49871516e-01 -3.94890368e-01
  outer loop
   vertex 3.88847351e+01 4.87145386e+01 1.29449463e+00
   vertex 3.88838730e+01 4.87226868e+01 1.33008575e+00
   vertex 3.86908035e+01 4.87120743e+01 2.65048218e+00
  endloop
 endfacet
 facet normal -7.22027346e-02 -9.92047787e-01 1.03091784e-01
  outer loop
   vertex 3.88838730e+01 4.87226868e+01 1.33008575e+00
   vertex 3.89061890e+01 4.88075790e+01 1.48057175e+00
   vertex 3.86908035e+01 4.87120743e+01 2.65048218e+00
  endloop
 endfacet
 facet normal -8.24496225e-02 -9.88475919e-01 1.26954436e-01
  outer loop
   vertex 3.89061890e+01 4.88075790e+01 1.48057175e+00
   vertex 3.89317398e+01 4.88970108e+01 1.62464905e+00
   vertex 3.86908035e+01 4.87120743e+01 2.65048218e+00
  endloop
 endfacet
 facet normal -6.16147183e-02 -9.87245381e-01 1.46799639e-01
  outer loop
   vertex 3.89317398e+01 4.88970108e+01 1.62464905e+00
   vertex 3.89376602e+01 4.89264603e+01 1.68962097e+00
   vertex 3.86908035e+01 4.87120743e+01 2.65048218e+00
  endloop
 endfacet
 facet normal -3.51568460e-02 -9.76896167e-01 2.10802928e-01
  outer loop
   vertex 3.89376602e+01 4.89264603e+01 1.68962097e+00
   vertex 3.89577713e+01 4.89859924e+01 1.76371765e+00
   vertex 3.86908035e+01 4.87120743e+01 2.65048218e+00
  endloop
 endfacet
 facet normal -1.38768200e-02 -9.64938343e-01 2.62109488e-01
  outer loop
   vertex 3.89577713e+01 4.89859924e+01 1.76371765e+00
   vertex 3.89897690e+01 4.90864258e+01 1.90229034e+00
   vertex 3.86908035e+01 4.87120743e+01 2.65048218e+00
  endloop
 endfacet
 facet normal -7.05505628e-03 -9.58180428e-01 2.86077738e-01
  outer loop
   vertex 3.89897690e+01 4.90864258e+01 1.90229034e+00
   vertex 3.90312424e+01 4.91979980e+01 2.01448441e+00
   vertex 3.86908035e+01 4.87120743e+01 2.65048218e+00
  endloop
 endfacet
 facet normal -9.97141451e-02 -9.94204164e-01 -4.01895419e-02
  outer loop
   vertex 3.90312424e+01 4.91979980e+01 2.01448441e+00
   vertex 3.90594635e+01 4.92814789e+01 2.11830139e+00
   vertex 3.86908035e+01 4.87120743e+01 2.65048218e+00
  endloop
 endfacet
 facet normal 7.02218190e-02 -8.09792638e-01 -5.82498789e-01
  outer loop
   vertex 3.71731339e+01 4.74136353e+01 4.74576187e+00
   vertex 3.76876755e+01 4.74136353e+01 1.12441254e+00
   vertex 3.78218613e+01 4.79333115e+01 3.87422943e+00
  endloop
 endfacet
 facet normal 1.05319969e-01 -7.89756358e-01 -6.04311705e-01
  outer loop
   vertex 3.78218613e+01 4.79333115e+01 3.87422943e+00
   vertex 3.76876755e+01 4.74136353e+01 1.12441254e+00
   vertex 3.84982071e+01 4.84697876e+01 2.92772675e+00
  endloop
 endfacet
 facet normal 1.69217989e-01 -7.96701193e-01 -5.80200374e-01
  outer loop
   vertex 3.84982071e+01 4.84697876e+01 2.92772675e+00
   vertex 3.76876755e+01 4.74136353e+01 1.12441254e+00
   vertex 3.85708618e+01 4.85273361e+01 2.82556534e+00
  endloop
 endfacet
 facet normal 4.51605290e-01 -6.64118707e-01 -5.95817924e-01
  outer loop
   vertex 3.76876755e+01 4.74136353e+01 1.12441254e+00
   vertex 3.87903061e+01 4.85273361e+01 1.28108215e+00
   vertex 3.85708618e+01 4.85273361e+01 2.82556534e+00
  endloop
 endfacet
 facet normal -1.94458306e-01 -9.76518333e-01 -9.27249789e-02
  outer loop
   vertex 3.56358261e+01 4.66985931e+01 5.58929825e+00
   vertex 3.62982712e+01 4.66985931e+01 9.27001953e-01
   vertex 3.64314117e+01 4.71080322e+01 5.70233917e+00
  endloop
 endfacet
 facet normal -3.15308958e-01 -7.80645251e-01 -5.39604723e-01
  outer loop
   vertex 3.64314117e+01 4.71080322e+01 5.70233917e+00
   vertex 3.62982712e+01 4.66985931e+01 9.27001953e-01
   vertex 3.66862106e+01 4.72137604e+01 5.38404846e+00
  endloop
 endfacet
 facet normal -9.83584225e-02 -8.10481250e-01 -5.77447593e-01
  outer loop
   vertex 3.66862106e+01 4.72137604e+01 5.38404846e+00
   vertex 3.62982712e+01 4.66985931e+01 9.27001953e-01
   vertex 3.67986221e+01 4.72603912e+01 5.24356079e+00
  endloop
 endfacet
 facet normal -1.00969091e-01 -8.12024176e-01 -5.74823439e-01
  outer loop
   vertex 3.67986221e+01 4.72603912e+01 5.24356079e+00
   vertex 3.62982712e+01 4.66985931e+01 9.27001953e-01
   vertex 3.68409729e+01 4.72779312e+01 5.19021988e+00
  endloop
 endfacet
 facet normal -1.03343092e-01 -8.18706751e-01 -5.64835787e-01
  outer loop
   vertex 3.68409729e+01 4.72779312e+01 5.19021988e+00
   vertex 3.62982712e+01 4.66985931e+01 9.27001953e-01
   vertex 3.69646072e+01 4.73283157e+01 5.02294922e+00
  endloop
 endfacet
 facet normal -7.08176196e-02 -8.31438601e-01 -5.51085055e-01
  outer loop
   vertex 3.69646072e+01 4.73283157e+01 5.02294922e+00
   vertex 3.62982712e+01 4.66985931e+01 9.27001953e-01
   vertex 3.71731339e+01 4.74136353e+01 4.74576187e+00
  endloop
 endfacet
 facet normal 2.23064467e-01 -7.64313698e-01 -6.05034530e-01
  outer loop
   vertex 3.62982712e+01 4.66985931e+01 9.27001953e-01
   vertex 3.76876755e+01 4.74136353e+01 1.12441254e+00
   vertex 3.71731339e+01 4.74136353e+01 4.74576187e+00
  endloop
 endfacet
 facet normal 1.55832723e-01 -9.34972465e-01 3.18657666e-01
  outer loop
   vertex 3.56358261e+01 4.66985931e+01 5.58929825e+00
   vertex 3.40956726e+01 4.64522095e+01 5.37046432e+00
   vertex 3.62982712e+01 4.66985931e+01 9.27001953e-01
  endloop
 endfacet
 facet normal 1.39861926e-01 -9.50740516e-01 -2.76642621e-01
  outer loop
   vertex 3.62982712e+01 4.66985931e+01 9.27001953e-01
   vertex 3.40956726e+01 4.64522095e+01 5.37046432e+00
   vertex 3.47581253e+01 4.64522095e+01 7.08160400e-01
  endloop
 endfacet
 facet normal -1.39863849e-01 -9.50740278e-01 2.76642442e-01
  outer loop
   vertex 3.40956726e+01 4.64522095e+01 5.37046432e+00
   vertex 3.25555344e+01 4.66985931e+01 5.15162659e+00
   vertex 3.47581253e+01 4.64522095e+01 7.08160400e-01
  endloop
 endfacet
 facet normal -1.55834734e-01 -9.34971929e-01 -3.18658113e-01
  outer loop
   vertex 3.47581253e+01 4.64522095e+01 7.08160400e-01
   vertex 3.25555344e+01 4.66985931e+01 5.15162659e+00
   vertex 3.32179794e+01 4.66985931e+01 4.89326477e-01
  endloop
 endfacet
 facet normal -4.25911516e-01 -8.73443723e-01 2.35998899e-01
  outer loop
   vertex 3.25555344e+01 4.66985931e+01 5.15162659e+00
   vertex 3.11661377e+01 4.74136353e+01 4.95421219e+00
   vertex 3.32179794e+01 4.66985931e+01 4.89326477e-01
  endloop
 endfacet
 facet normal -4.32234019e-01 -8.27683568e-01 -3.57929617e-01
  outer loop
   vertex 3.32179794e+01 4.66985931e+01 4.89326477e-01
   vertex 3.11661377e+01 4.74136353e+01 4.95421219e+00
   vertex 3.18285828e+01 4.74136353e+01 2.91915894e-01
  endloop
 endfacet
 facet normal -6.74310863e-01 -7.10649312e-01 2.00704858e-01
  outer loop
   vertex 3.11661377e+01 4.74136353e+01 4.95421219e+00
   vertex 3.00634995e+01 4.85273361e+01 4.79754257e+00
   vertex 3.18285828e+01 4.74136353e+01 2.91915894e-01
  endloop
 endfacet
 facet normal -6.62282407e-01 -6.39374733e-01 -3.90617400e-01
  outer loop
   vertex 3.18285828e+01 4.74136353e+01 2.91915894e-01
   vertex 3.00634995e+01 4.85273361e+01 4.79754257e+00
   vertex 3.07259521e+01 4.85273361e+01 1.35238647e-01
  endloop
 endfacet
 facet normal -8.60749125e-01 -4.78289187e-01 1.74213737e-01
  outer loop
   vertex 3.00634995e+01 4.85273361e+01 4.79754257e+00
   vertex 2.93555679e+01 4.99306870e+01 4.69695663e+00
   vertex 3.07259521e+01 4.85273361e+01 1.35238647e-01
  endloop
 endfacet
 facet normal -8.23460817e-01 -3.88476968e-01 -4.13518935e-01
  outer loop
   vertex 3.07259521e+01 4.85273361e+01 1.35238647e-01
   vertex 2.93555679e+01 4.99306870e+01 4.69695663e+00
   vertex 3.00180206e+01 4.99306870e+01 3.46565247e-02
  endloop
 endfacet
 facet normal -9.66972351e-01 -1.99110150e-01 1.59121558e-01
  outer loop
   vertex 2.93555679e+01 4.99306870e+01 4.69695663e+00
   vertex 2.91116333e+01 5.14863129e+01 4.66229630e+00
   vertex 3.00180206e+01 4.99306870e+01 3.46565247e-02
  endloop
 endfacet
 facet normal -8.99989247e-01 -9.95546505e-02 -4.24391627e-01
  outer loop
   vertex 3.00180206e+01 4.99306870e+01 3.46565247e-02
   vertex 2.91116333e+01 5.14863129e+01 4.66229630e+00
   vertex 2.97740860e+01 5.14863129e+01 0.00000000e+00
  endloop
 endfacet
 facet normal -9.82583284e-01 9.95557606e-02 1.56903669e-01
  outer loop
   vertex 2.91116333e+01 5.14863129e+01 4.66229630e+00
   vertex 2.93555679e+01 5.30419312e+01 4.69695663e+00
   vertex 2.97740860e+01 5.14863129e+01 0.00000000e+00
  endloop
 endfacet
 facet normal -8.84378016e-01 1.99110851e-01 -4.22173440e-01
  outer loop
   vertex 2.97740860e+01 5.14863129e+01 0.00000000e+00
   vertex 2.93555679e+01 5.30419312e+01 4.69695663e+00
   vertex 3.00180206e+01 5.30419312e+01 3.46565247e-02
  endloop
 endfacet
 facet normal -9.06055093e-01 3.88478011e-01 1.67776704e-01
  outer loop
   vertex 2.93555679e+01 5.30419312e+01 4.69695663e+00
   vertex 3.00634995e+01 5.44452820e+01 4.79754257e+00
   vertex 3.00180206e+01 5.30419312e+01 3.46565247e-02
  endloop
 endfacet
 facet normal -7.78154314e-01 4.78289038e-01 -4.07081664e-01
  outer loop
   vertex 3.00180206e+01 5.30419312e+01 3.46565247e-02
   vertex 3.00634995e+01 5.44452820e+01 4.79754257e+00
   vertex 3.07259521e+01 5.44452820e+01 1.35238647e-01
  endloop
 endfacet
 facet normal -7.44876504e-01 6.39375508e-01 1.90677702e-01
  outer loop
   vertex 3.00634995e+01 5.44452820e+01 4.79754257e+00
   vertex 3.11661377e+01 5.55589828e+01 4.95421219e+00
   vertex 3.07259521e+01 5.44452820e+01 1.35238647e-01
  endloop
 endfacet
 facet normal -5.91716290e-01 7.10649550e-01 -3.80590409e-01
  outer loop
   vertex 3.07259521e+01 5.44452820e+01 1.35238647e-01
   vertex 3.11661377e+01 5.55589828e+01 4.95421219e+00
   vertex 3.18285828e+01 5.55589828e+01 2.91915894e-01
  endloop
 endfacet
 facet normal -5.14828026e-01 8.27683508e-01 2.23365486e-01
  outer loop
   vertex 3.11661377e+01 5.55589828e+01 4.95421219e+00
   vertex 3.25555344e+01 5.62740211e+01 5.15162659e+00
   vertex 3.18285828e+01 5.55589828e+01 2.91915894e-01
  endloop
 endfacet
 facet normal -3.43317688e-01 8.73443544e-01 -3.45295966e-01
  outer loop
   vertex 3.18285828e+01 5.55589828e+01 2.91915894e-01
   vertex 3.25555344e+01 5.62740211e+01 5.15162659e+00
   vertex 3.32179794e+01 5.62740211e+01 4.89326477e-01
  endloop
 endfacet
 facet normal -2.38429889e-01 9.34972048e-01 2.62637585e-01
  outer loop
   vertex 3.25555344e+01 5.62740211e+01 5.15162659e+00
   vertex 3.40956726e+01 5.65204086e+01 5.37046432e+00
   vertex 3.32179794e+01 5.62740211e+01 4.89326477e-01
  endloop
 endfacet
 facet normal -5.72691597e-02 9.50740099e-01 -3.04653108e-01
  outer loop
   vertex 3.32179794e+01 5.62740211e+01 4.89326477e-01
   vertex 3.40956726e+01 5.65204086e+01 5.37046432e+00
   vertex 3.47581253e+01 5.65204086e+01 7.08160400e-01
  endloop
 endfacet
 facet normal 5.72669655e-02 9.50741172e-01 3.04650098e-01
  outer loop
   vertex 3.40956726e+01 5.65204086e+01 5.37046432e+00
   vertex 3.56358261e+01 5.62740211e+01 5.58929825e+00
   vertex 3.47581253e+01 5.65204086e+01 7.08160400e-01
  endloop
 endfacet
 facet normal 2.38427162e-01 9.34972405e-01 -2.62638718e-01
  outer loop
   vertex 3.47581253e+01 5.65204086e+01 7.08160400e-01
   vertex 3.56358261e+01 5.62740211e+01 5.58929825e+00
   vertex 3.62982712e+01 5.62740211e+01 9.27001953e-01
  endloop
 endfacet
 facet normal -2.65989512e-01 9.63304520e-01 -3.59718576e-02
  outer loop
   vertex 3.56358261e+01 5.62740211e+01 5.58929825e+00
   vertex 3.58758774e+01 5.61504784e+01 5.62341309e+00
   vertex 3.62982712e+01 5.62740211e+01 9.27001953e-01
  endloop
 endfacet
 facet normal -4.07912731e-01 7.49600887e-01 -5.21254003e-01
  outer loop
   vertex 3.58758774e+01 5.61504784e+01 5.62341309e+00
   vertex 3.63055344e+01 5.59766769e+01 5.02427673e+00
   vertex 3.62982712e+01 5.62740211e+01 9.27001953e-01
  endloop
 endfacet
 facet normal -1.53013200e-01 8.00451636e-01 -5.79537868e-01
  outer loop
   vertex 3.63055344e+01 5.59766769e+01 5.02427673e+00
   vertex 3.71157990e+01 5.56480064e+01 3.90717697e+00
   vertex 3.62982712e+01 5.62740211e+01 9.27001953e-01
  endloop
 endfacet
 facet normal -1.08728759e-01 8.15279961e-01 -5.68767667e-01
  outer loop
   vertex 3.71157990e+01 5.56480064e+01 3.90717697e+00
   vertex 3.73349686e+01 5.55589790e+01 3.60672760e+00
   vertex 3.62982712e+01 5.62740211e+01 9.27001953e-01
  endloop
 endfacet
 facet normal 2.10541412e-01 7.61535525e-01 -6.12973034e-01
  outer loop
   vertex 3.73349686e+01 5.55589790e+01 3.60672760e+00
   vertex 3.76876755e+01 5.55589790e+01 1.12441254e+00
   vertex 3.62982712e+01 5.62740211e+01 9.27001953e-01
  endloop
 endfacet
 facet normal 2.51580775e-01 5.10388613e-01 -8.22320223e-01
  outer loop
   vertex 3.84874115e+01 5.47512207e+01 1.23804092e+00
   vertex 3.76876755e+01 5.55589790e+01 1.12441254e+00
   vertex 3.81920547e+01 5.50325089e+01 1.31711197e+00
  endloop
 endfacet
 facet normal 1.82679638e-01 7.79050171e-01 -5.99757373e-01
  outer loop
   vertex 3.76876755e+01 5.55589790e+01 1.12441254e+00
   vertex 3.73349686e+01 5.55589790e+01 3.60672760e+00
   vertex 3.81920547e+01 5.50325089e+01 1.31711197e+00
  endloop
 endfacet
 facet normal -1.56347826e-01 9.19195890e-01 -3.61433655e-01
  outer loop
   vertex 3.81920547e+01 5.50325089e+01 1.31711197e+00
   vertex 3.73349686e+01 5.55589790e+01 3.60672760e+00
   vertex 3.81810150e+01 5.50350647e+01 1.37663269e+00
  endloop
 endfacet
 facet normal -3.88166040e-01 9.21165586e-01 -2.79483441e-02
  outer loop
   vertex 3.81810150e+01 5.50350647e+01 1.37663269e+00
   vertex 3.73349686e+01 5.55589790e+01 3.60672760e+00
   vertex 3.81992950e+01 5.49943581e+01 1.53735352e+00
  endloop
 endfacet
 facet normal -3.95576715e-01 9.16491628e-01 5.96842356e-02
  outer loop
   vertex 3.81992950e+01 5.49943581e+01 1.53735352e+00
   vertex 3.73349686e+01 5.55589790e+01 3.60672760e+00
   vertex 3.82124786e+01 5.49700089e+01 1.61768723e+00
  endloop
 endfacet
 facet normal -3.78383845e-01 9.18213606e-01 1.17087476e-01
  outer loop
   vertex 3.82124786e+01 5.49700089e+01 1.61768723e+00
   vertex 3.73349686e+01 5.55589790e+01 3.60672760e+00
   vertex 3.82390366e+01 5.49242477e+01 1.75605392e+00
  endloop
 endfacet
 facet normal -3.55605751e-01 9.14866269e-01 1.91217795e-01
  outer loop
   vertex 3.82390366e+01 5.49242477e+01 1.75605392e+00
   vertex 3.73349686e+01 5.55589790e+01 3.60672760e+00
   vertex 3.82850113e+01 5.48605156e+01 1.88556671e+00
  endloop
 endfacet
 facet normal -3.44791293e-01 9.08724546e-01 2.35241726e-01
  outer loop
   vertex 3.82850113e+01 5.48605156e+01 1.88556671e+00
   vertex 3.73349686e+01 5.55589790e+01 3.60672760e+00
   vertex 3.83208618e+01 5.48125687e+01 1.97407532e+00
  endloop
 endfacet
 facet normal -3.00807029e-01 9.06409323e-01 2.96542138e-01
  outer loop
   vertex 3.83208618e+01 5.48125687e+01 1.97407532e+00
   vertex 3.73349686e+01 5.55589790e+01 3.60672760e+00
   vertex 3.83800583e+01 5.47348022e+01 2.11023712e+00
  endloop
 endfacet
 facet normal -3.79469097e-01 9.20994699e-01 8.81588235e-02
  outer loop
   vertex 3.73349686e+01 5.55589790e+01 3.60672760e+00
   vertex 3.84427872e+01 5.46610489e+01 2.19301224e+00
   vertex 3.83800583e+01 5.47348022e+01 2.11023712e+00
  endloop
 endfacet
 facet normal -8.75170946e-01 4.16164920e-02 4.82020587e-01
  outer loop
   vertex 3.63326797e+01 5.07521591e+01 5.68831253e+00
   vertex 3.63100739e+01 5.12255859e+01 5.68509674e+00
   vertex 3.61254959e+01 5.08201599e+01 5.65887451e+00
  endloop
 endfacet
 facet normal -8.77490699e-01 -3.58729027e-02 4.78250116e-01
  outer loop
   vertex 3.62965240e+01 5.14863129e+01 5.68317032e+00
   vertex 3.62299423e+01 5.14863129e+01 5.67370605e+00
   vertex 3.62976608e+01 5.14694443e+01 5.68333054e+00
  endloop
 endfacet
 facet normal -8.21070433e-01 5.36159873e-02 5.68303347e-01
  outer loop
   vertex 3.62299423e+01 5.14863129e+01 5.67370605e+00
   vertex 3.61254959e+01 5.08201599e+01 5.65887451e+00
   vertex 3.62976608e+01 5.14694443e+01 5.68333054e+00
  endloop
 endfacet
 facet normal -8.75271618e-01 3.92630994e-02 4.82035249e-01
  outer loop
   vertex 3.63100739e+01 5.12255859e+01 5.68509674e+00
   vertex 3.62976608e+01 5.14694443e+01 5.68333054e+00
   vertex 3.61254959e+01 5.08201599e+01 5.65887451e+00
  endloop
 endfacet
 facet normal -7.89611995e-01 1.91894785e-01 5.82828701e-01
  outer loop
   vertex 3.61254959e+01 5.08201599e+01 5.65887451e+00
   vertex 3.58223419e+01 5.02192154e+01 5.61579514e+00
   vertex 3.63326797e+01 5.07521591e+01 5.68831253e+00
  endloop
 endfacet
 facet normal -8.61098230e-01 1.07478060e-01 4.96948987e-01
  outer loop
   vertex 3.63326797e+01 5.07521591e+01 5.68831253e+00
   vertex 3.58223419e+01 5.02192154e+01 5.61579514e+00
   vertex 3.63775940e+01 4.98117447e+01 5.69469070e+00
  endloop
 endfacet
 facet normal -8.38685393e-01 1.78851411e-01 5.14411271e-01
  outer loop
   vertex 3.64211578e+01 4.82534180e+01 5.70087814e+00
   vertex 3.63940125e+01 4.93445129e+01 5.69702148e+00
   vertex 3.53501740e+01 4.97423096e+01 5.54870224e+00
  endloop
 endfacet
 facet normal -7.26268947e-01 3.22570413e-01 6.07026994e-01
  outer loop
   vertex 3.53501740e+01 4.97423096e+01 5.54870224e+00
   vertex 3.63940125e+01 4.93445129e+01 5.69702148e+00
   vertex 3.58223419e+01 5.02192154e+01 5.61579514e+00
  endloop
 endfacet
 facet normal -8.63111079e-01 1.21510759e-01 4.90177900e-01
  outer loop
   vertex 3.63940125e+01 4.93445129e+01 5.69702148e+00
   vertex 3.63907242e+01 4.95370331e+01 5.69655609e+00
   vertex 3.58223419e+01 5.02192154e+01 5.61579514e+00
  endloop
 endfacet
 facet normal -8.62453699e-01 1.13790430e-01 4.93178844e-01
  outer loop
   vertex 3.63775940e+01 4.98117447e+01 5.69469070e+00
   vertex 3.58223419e+01 5.02192154e+01 5.61579514e+00
   vertex 3.63907242e+01 4.95370331e+01 5.69655609e+00
  endloop
 endfacet
 facet normal -6.15548134e-01 -3.45270634e-01 7.08441019e-01
  outer loop
   vertex 3.56358261e+01 4.66985931e+01 5.58929825e+00
   vertex 3.64314117e+01 4.71080322e+01 5.70233917e+00
   vertex 3.47552109e+01 4.94361115e+01 5.46417618e+00
  endloop
 endfacet
 facet normal -9.25933003e-01 6.37965053e-02 3.72260779e-01
  outer loop
   vertex 3.64314117e+01 4.71080322e+01 5.70233917e+00
   vertex 3.64319763e+01 4.75598602e+01 5.70241928e+00
   vertex 3.47552109e+01 4.94361115e+01 5.46417618e+00
  endloop
 endfacet
 facet normal -8.08390796e-01 2.39534065e-01 5.37706017e-01
  outer loop
   vertex 3.64319763e+01 4.75598602e+01 5.70241928e+00
   vertex 3.64342804e+01 4.77261353e+01 5.70274353e+00
   vertex 3.47552109e+01 4.94361115e+01 5.46417618e+00
  endloop
 endfacet
 facet normal -8.08504045e-01 2.29738474e-01 5.41794658e-01
  outer loop
   vertex 3.64342804e+01 4.77261353e+01 5.70274353e+00
   vertex 3.64211578e+01 4.82534180e+01 5.70087814e+00
   vertex 3.47552109e+01 4.94361115e+01 5.46417618e+00
  endloop
 endfacet
 facet normal -6.33517265e-01 4.23132062e-01 6.47777081e-01
  outer loop
   vertex 3.64211578e+01 4.82534180e+01 5.70087814e+00
   vertex 3.53501740e+01 4.97423096e+01 5.54870224e+00
   vertex 3.47552109e+01 4.94361115e+01 5.46417618e+00
  endloop
 endfacet
 facet normal -1.25843838e-01 2.67653465e-01 9.55261707e-01
  outer loop
   vertex 3.47552109e+01 4.94361115e+01 5.46417618e+00
   vertex 3.40956726e+01 4.93306046e+01 5.37046432e+00
   vertex 3.56358261e+01 4.66985931e+01 5.58929825e+00
  endloop
 endfacet
 facet normal -3.03507894e-02 -3.45326006e-01 9.37991858e-01
  outer loop
   vertex 3.56358261e+01 4.66985931e+01 5.58929825e+00
   vertex 3.40956726e+01 4.93306046e+01 5.37046432e+00
   vertex 3.40956726e+01 4.64522095e+01 5.37046432e+00
  endloop
 endfacet
 facet normal -4.44328114e-02 2.51529992e-01 9.66829062e-01
  outer loop
   vertex 3.40956726e+01 4.93306046e+01 5.37046432e+00
   vertex 3.34361496e+01 4.94361115e+01 5.27675247e+00
   vertex 3.40956726e+01 4.64522095e+01 5.37046432e+00
  endloop
 endfacet
 facet normal -1.40939102e-01 -3.59914511e-01 9.22278523e-01
  outer loop
   vertex 3.40956726e+01 4.64522095e+01 5.37046432e+00
   vertex 3.34361496e+01 4.94361115e+01 5.27675247e+00
   vertex 3.25555344e+01 4.66985931e+01 5.15162659e+00
  endloop
 endfacet
 facet normal 2.80637108e-02 2.10784584e-01 9.77129638e-01
  outer loop
   vertex 3.34361496e+01 4.94361115e+01 5.27675247e+00
   vertex 3.28411865e+01 4.97423096e+01 5.19221497e+00
   vertex 3.25555344e+01 4.66985931e+01 5.15162659e+00
  endloop
 endfacet
 facet normal -2.50575662e-01 -3.39272231e-01 9.06700730e-01
  outer loop
   vertex 3.25555344e+01 4.66985931e+01 5.15162659e+00
   vertex 3.28411865e+01 4.97423096e+01 5.19221497e+00
   vertex 3.11661377e+01 4.74136353e+01 4.95421219e+00
  endloop
 endfacet
 facet normal 8.45451057e-02 1.49406135e-01 9.85154748e-01
  outer loop
   vertex 3.28411865e+01 4.97423096e+01 5.19221497e+00
   vertex 3.23690186e+01 5.02192154e+01 5.12512970e+00
   vertex 3.11661377e+01 4.74136353e+01 4.95421219e+00
  endloop
 endfacet
 facet normal -3.48534346e-01 -2.85419464e-01 8.92781913e-01
  outer loop
   vertex 3.11661377e+01 4.74136353e+01 4.95421219e+00
   vertex 3.23690186e+01 5.02192154e+01 5.12512970e+00
   vertex 3.00634995e+01 4.85273361e+01 4.79754257e+00
  endloop
 endfacet
 facet normal 1.19481429e-01 7.33998716e-02 9.90119517e-01
  outer loop
   vertex 3.23690186e+01 5.02192154e+01 5.12512970e+00
   vertex 3.20658646e+01 5.08201599e+01 5.08205032e+00
   vertex 3.00634995e+01 4.85273361e+01 4.79754257e+00
  endloop
 endfacet
 facet normal -4.25221443e-01 -2.03629151e-01 8.81885409e-01
  outer loop
   vertex 3.00634995e+01 4.85273361e+01 4.79754257e+00
   vertex 3.20658646e+01 5.08201599e+01 5.08205032e+00
   vertex 2.93555679e+01 4.99306870e+01 4.69695663e+00
  endloop
 endfacet
 facet normal 1.29460588e-01 -9.78845917e-03 9.91536260e-01
  outer loop
   vertex 3.20658646e+01 5.08201599e+01 5.08205032e+00
   vertex 3.19614182e+01 5.14863129e+01 5.06721115e+00
   vertex 2.93555679e+01 4.99306870e+01 4.69695663e+00
  endloop
 endfacet
 facet normal -4.73130345e-01 -1.01903006e-01 8.75079095e-01
  outer loop
   vertex 2.93555679e+01 4.99306870e+01 4.69695663e+00
   vertex 3.19614182e+01 5.14863129e+01 5.06721115e+00
   vertex 2.91116333e+01 5.14863129e+01 4.66229630e+00
  endloop
 endfacet
 facet normal 1.13497309e-01 -9.20150802e-02 9.89268184e-01
  outer loop
   vertex 3.19614182e+01 5.14863129e+01 5.06721115e+00
   vertex 3.20658646e+01 5.21524582e+01 5.08205032e+00
   vertex 2.91116333e+01 5.14863129e+01 4.66229630e+00
  endloop
 endfacet
 facet normal -4.87574428e-01 9.79845133e-03 8.73026431e-01
  outer loop
   vertex 2.91116333e+01 5.14863129e+01 4.66229630e+00
   vertex 3.20658646e+01 5.21524582e+01 5.08205032e+00
   vertex 2.93555679e+01 5.30419312e+01 4.69695663e+00
  endloop
 endfacet
 facet normal 7.31542185e-02 -1.65237710e-01 9.83536959e-01
  outer loop
   vertex 3.20658646e+01 5.21524582e+01 5.08205032e+00
   vertex 3.23690186e+01 5.27534027e+01 5.12512970e+00
   vertex 2.93555679e+01 5.30419312e+01 4.69695663e+00
  endloop
 endfacet
 facet normal -4.67137098e-01 1.20537549e-01 8.75930130e-01
  outer loop
   vertex 2.93555679e+01 5.30419312e+01 4.69695663e+00
   vertex 3.23690186e+01 5.27534027e+01 5.12512970e+00
   vertex 3.00634995e+01 5.44452820e+01 4.79754257e+00
  endloop
 endfacet
 facet normal 1.23860845e-02 -2.22287312e-01 9.74902511e-01
  outer loop
   vertex 3.23690186e+01 5.27534027e+01 5.12512970e+00
   vertex 3.28411865e+01 5.32303162e+01 5.19221497e+00
   vertex 3.00634995e+01 5.44452820e+01 4.79754257e+00
  endloop
 endfacet
 facet normal -4.13818657e-01 2.19479695e-01 8.83505940e-01
  outer loop
   vertex 3.00634995e+01 5.44452820e+01 4.79754257e+00
   vertex 3.28411865e+01 5.32303162e+01 5.19221497e+00
   vertex 3.11661377e+01 5.55589828e+01 4.95421219e+00
  endloop
 endfacet
 facet normal -6.28622621e-02 -2.57577956e-01 9.64210510e-01
  outer loop
   vertex 3.28411865e+01 5.32303162e+01 5.19221497e+00
   vertex 3.34361496e+01 5.35365067e+01 5.27675247e+00
   vertex 3.11661377e+01 5.55589828e+01 4.95421219e+00
  endloop
 endfacet
 facet normal -3.32842082e-01 2.96934992e-01 8.95011604e-01
  outer loop
   vertex 3.11661377e+01 5.55589828e+01 4.95421219e+00
   vertex 3.34361496e+01 5.35365067e+01 5.27675247e+00
   vertex 3.25555344e+01 5.62740211e+01 5.15162659e+00
  endloop
 endfacet
 facet normal -1.45225272e-01 -2.67655134e-01 9.52507377e-01
  outer loop
   vertex 3.34361496e+01 5.35365067e+01 5.27675247e+00
   vertex 3.40956726e+01 5.36420135e+01 5.37046432e+00
   vertex 3.25555344e+01 5.62740211e+01 5.15162659e+00
  endloop
 endfacet
 facet normal -2.32130036e-01 3.45325828e-01 9.09321547e-01
  outer loop
   vertex 3.25555344e+01 5.62740211e+01 5.15162659e+00
   vertex 3.40956726e+01 5.36420135e+01 5.37046432e+00
   vertex 3.40956726e+01 5.65204086e+01 5.37046432e+00
  endloop
 endfacet
 facet normal -2.26634577e-01 -2.51530677e-01 9.40940559e-01
  outer loop
   vertex 3.40956726e+01 5.36420135e+01 5.37046432e+00
   vertex 3.47552109e+01 5.35365067e+01 5.46417618e+00
   vertex 3.40956726e+01 5.65204086e+01 5.37046432e+00
  endloop
 endfacet
 facet normal -1.21539973e-01 3.59916359e-01 9.25034165e-01
  outer loop
   vertex 3.40956726e+01 5.65204086e+01 5.37046432e+00
   vertex 3.47552109e+01 5.35365067e+01 5.46417618e+00
   vertex 3.56358261e+01 5.62740211e+01 5.58929825e+00
  endloop
 endfacet
 facet normal -6.38367712e-01 2.31638014e-01 7.34050751e-01
  outer loop
   vertex 3.56358261e+01 5.62740211e+01 5.58929825e+00
   vertex 3.47552109e+01 5.35365067e+01 5.46417618e+00
   vertex 3.58758774e+01 5.61504784e+01 5.62341309e+00
  endloop
 endfacet
 facet normal -8.97204995e-01 -1.68515831e-01 4.08197969e-01
  outer loop
   vertex 3.58758774e+01 5.61504784e+01 5.62341309e+00
   vertex 3.47552109e+01 5.35365067e+01 5.46417618e+00
   vertex 3.58850555e+01 5.60836411e+01 5.62471008e+00
  endloop
 endfacet
 facet normal -7.77833223e-01 -3.03935707e-01 5.50089538e-01
  outer loop
   vertex 3.58850555e+01 5.60836411e+01 5.62471008e+00
   vertex 3.47552109e+01 5.35365067e+01 5.46417618e+00
   vertex 3.59416733e+01 5.55984306e+01 5.63275528e+00
  endloop
 endfacet
 facet normal -7.79666364e-01 -2.98330814e-01 5.50562561e-01
  outer loop
   vertex 3.59416733e+01 5.55984306e+01 5.63275528e+00
   vertex 3.47552109e+01 5.35365067e+01 5.46417618e+00
   vertex 3.60806046e+01 5.42457657e+01 5.65249252e+00
  endloop
 endfacet
 facet normal -6.16411567e-01 -4.54290688e-01 6.43161535e-01
  outer loop
   vertex 3.47552109e+01 5.35365067e+01 5.46417618e+00
   vertex 3.53501740e+01 5.32303162e+01 5.54870224e+00
   vertex 3.60806046e+01 5.42457657e+01 5.65249252e+00
  endloop
 endfacet
 facet normal -8.17730069e-01 -2.48334885e-01 5.19275725e-01
  outer loop
   vertex 3.60806046e+01 5.42457657e+01 5.65249252e+00
   vertex 3.53501740e+01 5.32303162e+01 5.54870224e+00
   vertex 3.61513519e+01 5.35569992e+01 5.66254425e+00
  endloop
 endfacet
 facet normal -7.14386463e-01 -3.52038175e-01 6.04748845e-01
  outer loop
   vertex 3.53501740e+01 5.32303162e+01 5.54870224e+00
   vertex 3.58223419e+01 5.27534027e+01 5.61579514e+00
   vertex 3.61513519e+01 5.35569992e+01 5.66254425e+00
  endloop
 endfacet
 facet normal -8.49104226e-01 -1.83130890e-01 4.95464474e-01
  outer loop
   vertex 3.61513519e+01 5.35569992e+01 5.66254425e+00
   vertex 3.58223419e+01 5.27534027e+01 5.61579514e+00
   vertex 3.61793594e+01 5.32236023e+01 5.66652679e+00
  endloop
 endfacet
 facet normal -8.50451708e-01 -1.76885009e-01 4.95422691e-01
  outer loop
   vertex 3.58223419e+01 5.27534027e+01 5.61579514e+00
   vertex 3.61927414e+01 5.30252151e+01 5.66842651e+00
   vertex 3.61793594e+01 5.32236023e+01 5.66652679e+00
  endloop
 endfacet
 facet normal -8.50549102e-01 -1.74846277e-01 4.95978832e-01
  outer loop
   vertex 3.61927414e+01 5.30252151e+01 5.66842651e+00
   vertex 3.58223419e+01 5.27534027e+01 5.61579514e+00
   vertex 3.62488708e+01 5.21929474e+01 5.67640686e+00
  endloop
 endfacet
 facet normal -7.82728195e-01 -2.24494636e-01 5.80464244e-01
  outer loop
   vertex 3.62488708e+01 5.21929474e+01 5.67640686e+00
   vertex 3.58223419e+01 5.27534027e+01 5.61579514e+00
   vertex 3.61254959e+01 5.21524582e+01 5.65887451e+00
  endloop
 endfacet
 facet normal -8.68559420e-01 -1.09081537e-01 4.83431250e-01
  outer loop
   vertex 3.62488708e+01 5.21929474e+01 5.67640686e+00
   vertex 3.61254959e+01 5.21524582e+01 5.65887451e+00
   vertex 3.62965240e+01 5.14863129e+01 5.68317032e+00
  endloop
 endfacet
 facet normal -8.17711413e-01 -8.94858912e-02 5.68630159e-01
  outer loop
   vertex 3.62965240e+01 5.14863129e+01 5.68317032e+00
   vertex 3.61254959e+01 5.21524582e+01 5.65887451e+00
   vertex 3.62299423e+01 5.14863129e+01 5.67370605e+00
  endloop
 endfacet
 facet normal -8.72438610e-01 9.74967256e-02 -4.78900045e-01
  outer loop
   vertex 3.68923950e+01 5.14863129e+01 1.01140976e+00
   vertex 3.67879486e+01 5.08201599e+01 9.96574402e-01
   vertex 3.62299423e+01 5.14863129e+01 5.67370605e+00
  endloop
 endfacet
 facet normal -9.56021488e-01 1.94997936e-01 2.19086200e-01
  outer loop
   vertex 3.62299423e+01 5.14863129e+01 5.67370605e+00
   vertex 3.67879486e+01 5.08201599e+01 9.96574402e-01
   vertex 3.61254959e+01 5.08201599e+01 5.65887451e+00
  endloop
 endfacet
 facet normal -7.97490239e-01 3.80466253e-01 -4.68246400e-01
  outer loop
   vertex 3.67879486e+01 5.08201599e+01 9.96574402e-01
   vertex 3.64847870e+01 5.02192154e+01 9.53498840e-01
   vertex 3.61254959e+01 5.08201599e+01 5.65887451e+00
  endloop
 endfacet
 facet normal -8.51984322e-01 4.68425393e-01 2.33881071e-01
  outer loop
   vertex 3.61254959e+01 5.08201599e+01 5.65887451e+00
   vertex 3.64847870e+01 5.02192154e+01 9.53498840e-01
   vertex 3.58223419e+01 5.02192154e+01 5.61579514e+00
  endloop
 endfacet
 facet normal -6.39636517e-01 6.26189232e-01 -4.45816278e-01
  outer loop
   vertex 3.64847870e+01 5.02192154e+01 9.53498840e-01
   vertex 3.60126190e+01 4.97423096e+01 8.86405945e-01
   vertex 3.58223419e+01 5.02192154e+01 5.61579514e+00
  endloop
 endfacet
 facet normal -6.69393659e-01 6.95992827e-01 2.59819359e-01
  outer loop
   vertex 3.58223419e+01 5.02192154e+01 5.61579514e+00
   vertex 3.60126190e+01 4.97423096e+01 8.86405945e-01
   vertex 3.53501740e+01 4.97423096e+01 5.54870224e+00
  endloop
 endfacet
 facet normal -4.14332420e-01 8.10612857e-01 -4.13806051e-01
  outer loop
   vertex 3.60126190e+01 4.97423096e+01 8.86405945e-01
   vertex 3.54176559e+01 4.94361115e+01 8.01872253e-01
   vertex 3.53501740e+01 4.97423096e+01 5.54870224e+00
  endloop
 endfacet
 facet normal -4.26114351e-01 8.55431378e-01 2.94387072e-01
  outer loop
   vertex 3.53501740e+01 4.97423096e+01 5.54870224e+00
   vertex 3.54176559e+01 4.94361115e+01 8.01872253e-01
   vertex 3.47552109e+01 4.94361115e+01 5.46417618e+00
  endloop
 endfacet
 facet normal -1.43630967e-01 9.15690184e-01 -3.75341982e-01
  outer loop
   vertex 3.54176559e+01 4.94361115e+01 8.01872253e-01
   vertex 3.47581253e+01 4.93306046e+01 7.08160400e-01
   vertex 3.47552109e+01 4.94361115e+01 5.46417618e+00
  endloop
 endfacet
 facet normal -1.45964220e-01 9.31132734e-01 3.34194988e-01
  outer loop
   vertex 3.47552109e+01 4.94361115e+01 5.46417618e+00
   vertex 3.47581253e+01 4.93306046e+01 7.08160400e-01
   vertex 3.40956726e+01 4.93306046e+01 5.37046432e+00
  endloop
 endfacet
 facet normal 1.45967528e-01 9.31132793e-01 -3.34193289e-01
  outer loop
   vertex 3.47581253e+01 4.93306046e+01 7.08160400e-01
   vertex 3.40986023e+01 4.94361115e+01 6.14456177e-01
   vertex 3.40956726e+01 4.93306046e+01 5.37046432e+00
  endloop
 endfacet
 facet normal 1.43633142e-01 9.15689588e-01 3.75342637e-01
  outer loop
   vertex 3.40956726e+01 4.93306046e+01 5.37046432e+00
   vertex 3.40986023e+01 4.94361115e+01 6.14456177e-01
   vertex 3.34361496e+01 4.94361115e+01 5.27675247e+00
  endloop
 endfacet
 facet normal 4.26116496e-01 8.55430424e-01 -2.94386715e-01
  outer loop
   vertex 3.40986023e+01 4.94361115e+01 6.14456177e-01
   vertex 3.35036392e+01 4.97423096e+01 5.29914856e-01
   vertex 3.34361496e+01 4.94361115e+01 5.27675247e+00
  endloop
 endfacet
 facet normal 4.14333671e-01 8.10612977e-01 4.13804591e-01
  outer loop
   vertex 3.34361496e+01 4.94361115e+01 5.27675247e+00
   vertex 3.35036392e+01 4.97423096e+01 5.29914856e-01
   vertex 3.28411865e+01 4.97423096e+01 5.19221497e+00
  endloop
 endfacet
 facet normal 6.69393241e-01 6.95992172e-01 -2.59822130e-01
  outer loop
   vertex 3.35036392e+01 4.97423096e+01 5.29914856e-01
   vertex 3.30314636e+01 5.02192154e+01 4.62829590e-01
   vertex 3.28411865e+01 4.97423096e+01 5.19221497e+00
  endloop
 endfacet
 facet normal 6.39636397e-01 6.26188874e-01 4.45816964e-01
  outer loop
   vertex 3.28411865e+01 4.97423096e+01 5.19221497e+00
   vertex 3.30314636e+01 5.02192154e+01 4.62829590e-01
   vertex 3.23690186e+01 5.02192154e+01 5.12512970e+00
  endloop
 endfacet
 facet normal 8.51985514e-01 4.68424588e-01 -2.33878374e-01
  outer loop
   vertex 3.30314636e+01 5.02192154e+01 4.62829590e-01
   vertex 3.27283173e+01 5.08201599e+01 4.19754028e-01
   vertex 3.23690186e+01 5.02192154e+01 5.12512970e+00
  endloop
 endfacet
 facet normal 7.97490418e-01 3.80463630e-01 4.68248308e-01
  outer loop
   vertex 3.23690186e+01 5.02192154e+01 5.12512970e+00
   vertex 3.27283173e+01 5.08201599e+01 4.19754028e-01
   vertex 3.20658646e+01 5.08201599e+01 5.08205032e+00
  endloop
 endfacet
 facet normal 9.56018806e-01 1.95000514e-01 -2.19095528e-01
  outer loop
   vertex 3.27283173e+01 5.08201599e+01 4.19754028e-01
   vertex 3.26238632e+01 5.14863129e+01 4.04911041e-01
   vertex 3.20658646e+01 5.08201599e+01 5.08205032e+00
  endloop
 endfacet
 facet normal 8.72441530e-01 9.74989310e-02 4.78894264e-01
  outer loop
   vertex 3.20658646e+01 5.08201599e+01 5.08205032e+00
   vertex 3.26238632e+01 5.14863129e+01 4.04911041e-01
   vertex 3.19614182e+01 5.14863129e+01 5.06721115e+00
  endloop
 endfacet
 facet normal 9.71306801e-01 -9.75029320e-02 -2.16924623e-01
  outer loop
   vertex 3.26238632e+01 5.14863129e+01 4.04911041e-01
   vertex 3.27283173e+01 5.21524582e+01 4.19754028e-01
   vertex 3.19614182e+01 5.14863129e+01 5.06721115e+00
  endloop
 endfacet
 facet normal 8.57152700e-01 -1.95001885e-01 4.76721615e-01
  outer loop
   vertex 3.19614182e+01 5.14863129e+01 5.06721115e+00
   vertex 3.27283173e+01 5.21524582e+01 4.19754028e-01
   vertex 3.20658646e+01 5.21524582e+01 5.08205032e+00
  endloop
 endfacet
 facet normal 8.96358192e-01 -3.80463630e-01 -2.27572799e-01
  outer loop
   vertex 3.27283173e+01 5.21524582e+01 4.19754028e-01
   vertex 3.30314636e+01 5.27534027e+01 4.62829590e-01
   vertex 3.20658646e+01 5.21524582e+01 5.08205032e+00
  endloop
 endfacet
 facet normal 7.53119648e-01 -4.68422055e-01 4.61943269e-01
  outer loop
   vertex 3.20658646e+01 5.21524582e+01 5.08205032e+00
   vertex 3.30314636e+01 5.27534027e+01 4.62829590e-01
   vertex 3.23690186e+01 5.27534027e+01 5.12512970e+00
  endloop
 endfacet
 facet normal 7.38503754e-01 -6.26187503e-01 -2.50002742e-01
  outer loop
   vertex 3.30314636e+01 5.27534027e+01 4.62829590e-01
   vertex 3.35036392e+01 5.32303162e+01 5.29914856e-01
   vertex 3.23690186e+01 5.27534027e+01 5.12512970e+00
  endloop
 endfacet
 facet normal 5.70527256e-01 -6.95991397e-01 4.35998410e-01
  outer loop
   vertex 3.23690186e+01 5.27534027e+01 5.12512970e+00
   vertex 3.35036392e+01 5.32303162e+01 5.29914856e-01
   vertex 3.28411865e+01 5.32303162e+01 5.19221497e+00
  endloop
 endfacet
 facet normal 5.13198316e-01 -8.10614169e-01 -2.82014430e-01
  outer loop
   vertex 3.35036392e+01 5.32303162e+01 5.29914856e-01
   vertex 3.40986023e+01 5.35365067e+01 6.14456177e-01
   vertex 3.28411865e+01 5.32303162e+01 5.19221497e+00
  endloop
 endfacet
 facet normal 3.27246994e-01 -8.55430782e-01 4.01431918e-01
  outer loop
   vertex 3.28411865e+01 5.32303162e+01 5.19221497e+00
   vertex 3.40986023e+01 5.35365067e+01 6.14456177e-01
   vertex 3.34361496e+01 5.35365067e+01 5.27675247e+00
  endloop
 endfacet
 facet normal 2.42497653e-01 -9.15690720e-01 -3.20476830e-01
  outer loop
   vertex 3.40986023e+01 5.35365067e+01 6.14456177e-01
   vertex 3.47581253e+01 5.36420135e+01 7.08160400e-01
   vertex 3.34361496e+01 5.35365067e+01 5.27675247e+00
  endloop
 endfacet
 facet normal 4.70989607e-02 -9.31133151e-01 3.61625165e-01
  outer loop
   vertex 3.34361496e+01 5.35365067e+01 5.27675247e+00
   vertex 3.47581253e+01 5.36420135e+01 7.08160400e-01
   vertex 3.40956726e+01 5.36420135e+01 5.37046432e+00
  endloop
 endfacet
 facet normal -4.70979176e-02 -9.31132972e-01 -3.61625731e-01
  outer loop
   vertex 3.47581253e+01 5.36420135e+01 7.08160400e-01
   vertex 3.54176559e+01 5.35365067e+01 8.01872253e-01
   vertex 3.40956726e+01 5.36420135e+01 5.37046432e+00
  endloop
 endfacet
 facet normal -2.42495537e-01 -9.15690720e-01 3.20478499e-01
  outer loop
   vertex 3.40956726e+01 5.36420135e+01 5.37046432e+00
   vertex 3.54176559e+01 5.35365067e+01 8.01872253e-01
   vertex 3.47552109e+01 5.35365067e+01 5.46417618e+00
  endloop
 endfacet
 facet normal -3.27245325e-01 -8.55431616e-01 -4.01431441e-01
  outer loop
   vertex 3.54176559e+01 5.35365067e+01 8.01872253e-01
   vertex 3.60126190e+01 5.32303162e+01 8.86405945e-01
   vertex 3.47552109e+01 5.35365067e+01 5.46417618e+00
  endloop
 endfacet
 facet normal -5.13196051e-01 -8.10615838e-01 2.82013863e-01
  outer loop
   vertex 3.47552109e+01 5.35365067e+01 5.46417618e+00
   vertex 3.60126190e+01 5.32303162e+01 8.86405945e-01
   vertex 3.53501740e+01 5.32303162e+01 5.54870224e+00
  endloop
 endfacet
 facet normal -5.70523560e-01 -6.95995331e-01 -4.35997009e-01
  outer loop
   vertex 3.60126190e+01 5.32303162e+01 8.86405945e-01
   vertex 3.64847870e+01 5.27534027e+01 9.53498840e-01
   vertex 3.53501740e+01 5.32303162e+01 5.54870224e+00
  endloop
 endfacet
 facet normal -7.38502622e-01 -6.26190126e-01 2.49999449e-01
  outer loop
   vertex 3.53501740e+01 5.32303162e+01 5.54870224e+00
   vertex 3.64847870e+01 5.27534027e+01 9.53498840e-01
   vertex 3.58223419e+01 5.27534027e+01 5.61579514e+00
  endloop
 endfacet
 facet normal -7.53118396e-01 -4.68424708e-01 -4.61942583e-01
  outer loop
   vertex 3.64847870e+01 5.27534027e+01 9.53498840e-01
   vertex 3.67879486e+01 5.21524582e+01 9.96574402e-01
   vertex 3.58223419e+01 5.27534027e+01 5.61579514e+00
  endloop
 endfacet
 facet normal -8.96360397e-01 -3.80461335e-01 2.27568120e-01
  outer loop
   vertex 3.58223419e+01 5.27534027e+01 5.61579514e+00
   vertex 3.67879486e+01 5.21524582e+01 9.96574402e-01
   vertex 3.61254959e+01 5.21524582e+01 5.65887451e+00
  endloop
 endfacet
 facet normal -8.57151628e-01 -1.95000917e-01 -4.76723999e-01
  outer loop
   vertex 3.67879486e+01 5.21524582e+01 9.96574402e-01
   vertex 3.68923950e+01 5.14863129e+01 1.01140976e+00
   vertex 3.61254959e+01 5.21524582e+01 5.65887451e+00
  endloop
 endfacet
 facet normal -9.71310079e-01 -9.75015685e-02 2.16910467e-01
  outer loop
   vertex 3.61254959e+01 5.21524582e+01 5.65887451e+00
   vertex 3.68923950e+01 5.14863129e+01 1.01140976e+00
   vertex 3.62299423e+01 5.14863129e+01 5.67370605e+00
  endloop
 endfacet
 facet normal -1.50946304e-01 -2.43091192e-02 -9.88243043e-01
  outer loop
   vertex 3.87095337e+01 5.21358719e+01 1.26959991e+00
   vertex 3.86560516e+01 5.27655411e+01 1.26200867e+00
   vertex 3.87972641e+01 5.62083702e+01 1.08873367e+00
  endloop
 endfacet
 facet normal -1.48312494e-01 -2.43851021e-02 -9.88639832e-01
  outer loop
   vertex 3.86560516e+01 5.27655411e+01 1.26200867e+00
   vertex 3.85296326e+01 5.42539902e+01 1.24404144e+00
   vertex 3.87972641e+01 5.62083702e+01 1.08873367e+00
  endloop
 endfacet
 facet normal -1.54321745e-01 -1.45620611e-02 -9.87913311e-01
  outer loop
   vertex 3.85296326e+01 5.42539902e+01 1.24404144e+00
   vertex 3.84874115e+01 5.47512207e+01 1.23804092e+00
   vertex 3.87972641e+01 5.62083702e+01 1.08873367e+00
  endloop
 endfacet
 facet normal -5.24546355e-02 2.75866300e-01 -9.59763646e-01
  outer loop
   vertex 3.84874115e+01 5.47512207e+01 1.23804092e+00
   vertex 3.81920547e+01 5.50325089e+01 1.31711197e+00
   vertex 3.87972641e+01 5.62083702e+01 1.08873367e+00
  endloop
 endfacet
 facet normal -3.63509536e-01 2.55201757e-01 -8.95953596e-01
  outer loop
   vertex 3.81920547e+01 5.50325089e+01 1.31711197e+00
   vertex 3.80595322e+01 5.58370667e+01 1.32690048e+00
   vertex 3.87972641e+01 5.62083702e+01 1.08873367e+00
  endloop
 endfacet
 facet normal -1.57956779e-01 -2.19488833e-02 -9.87202048e-01
  outer loop
   vertex 3.87243652e+01 5.19526672e+01 1.27170944e+00
   vertex 3.87095337e+01 5.21358719e+01 1.26959991e+00
   vertex 3.92774124e+01 5.29050598e+01 1.05832672e+00
  endloop
 endfacet
 facet normal -2.24541053e-01 -2.86931135e-02 -9.74042118e-01
  outer loop
   vertex 3.87095337e+01 5.21358719e+01 1.26959991e+00
   vertex 3.87972641e+01 5.62083702e+01 1.08873367e+00
   vertex 3.92774124e+01 5.29050598e+01 1.05832672e+00
  endloop
 endfacet
 facet normal -2.26422042e-01 -2.16046236e-02 -9.73789632e-01
  outer loop
   vertex 3.95544586e+01 5.03666840e+01 1.04285812e+00
   vertex 3.87293549e+01 5.18743439e+01 1.27241516e+00
   vertex 3.92774124e+01 5.29050598e+01 1.05832672e+00
  endloop
 endfacet
 facet normal -1.59877628e-01 -2.04112828e-02 -9.86925781e-01
  outer loop
   vertex 3.87293549e+01 5.18743439e+01 1.27241516e+00
   vertex 3.87243652e+01 5.19526672e+01 1.27170944e+00
   vertex 3.92774124e+01 5.29050598e+01 1.05832672e+00
  endloop
 endfacet
 facet normal -4.15052503e-01 -2.52815261e-02 -9.09446120e-01
  outer loop
   vertex 3.88107300e+01 5.00357056e+01 1.27531052e+00
   vertex 3.87623215e+01 5.08968582e+01 1.27710342e+00
   vertex 3.95544586e+01 5.03666840e+01 1.04285812e+00
  endloop
 endfacet
 facet normal -1.53187856e-01 -1.34922536e-02 -9.88104999e-01
  outer loop
   vertex 3.87293549e+01 5.18743439e+01 1.27241516e+00
   vertex 3.95544586e+01 5.03666840e+01 1.04285812e+00
   vertex 3.87424469e+01 5.14863129e+01 1.27427673e+00
  endloop
 endfacet
 facet normal -1.48968667e-01 -1.13798259e-02 -9.88776445e-01
  outer loop
   vertex 3.87623215e+01 5.08968582e+01 1.27710342e+00
   vertex 3.87424469e+01 5.14863129e+01 1.27427673e+00
   vertex 3.95544586e+01 5.03666840e+01 1.04285812e+00
  endloop
 endfacet
 facet normal 8.29711437e-01 2.70050585e-01 4.88519847e-01
  outer loop
   vertex 2.81788254e+01 8.43233109e+01 1.38706856e+01
   vertex 2.81419296e+01 8.65281601e+01 1.27092247e+01
   vertex 2.66866531e+01 8.57032623e+01 1.56453247e+01
  endloop
 endfacet
 facet normal 8.29862297e-01 2.74273008e-01 4.85904187e-01
  outer loop
   vertex 2.66866531e+01 8.57032623e+01 1.56453247e+01
   vertex 2.81419296e+01 8.65281601e+01 1.27092247e+01
   vertex 2.68603897e+01 8.75756683e+01 1.43012886e+01
  endloop
 endfacet
 facet normal -8.29279006e-01 -2.68282235e-01 -4.90225405e-01
  outer loop
   vertex 2.69065475e+01 8.21143951e+01 1.05119972e+01
   vertex 2.54412689e+01 8.34698181e+01 1.22487526e+01
   vertex 2.66560822e+01 8.45803452e+01 9.57474136e+00
  endloop
 endfacet
 facet normal -8.29340994e-01 -2.74030656e-01 -4.86929923e-01
  outer loop
   vertex 2.66560822e+01 8.45803452e+01 9.57474136e+00
   vertex 2.54412689e+01 8.34698181e+01 1.22487526e+01
   vertex 2.54049606e+01 8.56225586e+01 1.11117172e+01
  endloop
 endfacet
 facet normal -8.85107160e-01 -4.22923297e-01 -1.94219440e-01
  outer loop
   vertex 2.63531189e+01 8.70175629e+01 8.64495468e+00
   vertex 2.53294601e+01 8.77555084e+01 9.97105789e+00
   vertex 2.60986786e+01 8.88491516e+01 7.92991638e+00
  endloop
 endfacet
 facet normal -8.42945457e-01 -5.18548012e-01 1.43356070e-01
  outer loop
   vertex 2.60986786e+01 8.88491516e+01 7.92991638e+00
   vertex 2.53294601e+01 8.77555084e+01 9.97105789e+00
   vertex 2.58132248e+01 8.93607788e+01 8.10795212e+00
  endloop
 endfacet
 facet normal -8.83849442e-01 -4.26461250e-01 -1.92200348e-01
  outer loop
   vertex 2.52308273e+01 8.98941956e+01 8.79406738e+00
   vertex 2.56482849e+01 8.96557617e+01 8.21061707e+00
   vertex 2.53294601e+01 8.77555084e+01 9.97105789e+00
  endloop
 endfacet
 facet normal -8.42672765e-01 -5.19038737e-01 1.43183202e-01
  outer loop
   vertex 2.58132248e+01 8.93607788e+01 8.10795212e+00
   vertex 2.53294601e+01 8.77555084e+01 9.97105789e+00
   vertex 2.56482849e+01 8.96557617e+01 8.21061707e+00
  endloop
 endfacet
 facet normal -7.09290326e-01 -4.80997175e-01 -5.15314400e-01
  outer loop
   vertex 3.66862106e+01 4.72137604e+01 5.38404846e+00
   vertex 3.66732025e+01 4.57515030e+01 5.39778900e+00
   vertex 3.64314117e+01 4.71080322e+01 5.70233917e+00
  endloop
 endfacet
 facet normal -8.32285941e-01 -1.61368653e-01 -5.30339777e-01
  outer loop
   vertex 3.66732025e+01 4.57515030e+01 5.39778900e+00
   vertex 3.39535065e+01 4.86393738e+01 8.80211258e+00
   vertex 3.64314117e+01 4.71080322e+01 5.70233917e+00
  endloop
 endfacet
 facet normal -9.64416504e-01 -1.78063527e-01 -1.95433408e-01
  outer loop
   vertex 3.64314117e+01 4.71080322e+01 5.70233917e+00
   vertex 3.39535065e+01 4.86393738e+01 8.80211258e+00
   vertex 3.64319763e+01 4.75598602e+01 5.70241928e+00
  endloop
 endfacet
 facet normal -9.99232173e-01 1.24704661e-02 3.71430926e-02
  outer loop
   vertex 3.64319763e+01 4.75598602e+01 5.70241928e+00
   vertex 3.39535065e+01 4.86393738e+01 8.80211258e+00
   vertex 3.64342804e+01 4.77261353e+01 5.70274353e+00
  endloop
 endfacet
 facet normal -9.41109776e-01 9.79097374e-03 -3.37959379e-01
  outer loop
   vertex 3.64342804e+01 4.77261353e+01 5.70274353e+00
   vertex 3.39535065e+01 4.86393738e+01 8.80211258e+00
   vertex 3.40276031e+01 5.03592300e+01 8.74305344e+00
  endloop
 endfacet
 facet normal -5.13964474e-01 -5.97879648e-01 -6.15126312e-01
  outer loop
   vertex 3.66862106e+01 4.72137604e+01 5.38404846e+00
   vertex 3.67986221e+01 4.72603912e+01 5.24356079e+00
   vertex 3.66732025e+01 4.57515030e+01 5.39778900e+00
  endloop
 endfacet
 facet normal -7.97063828e-01 -3.11307400e-01 -5.17471731e-01
  outer loop
   vertex 3.67986221e+01 4.72603912e+01 5.24356079e+00
   vertex 3.93791962e+01 4.28667297e+01 2.00868225e+00
   vertex 3.66732025e+01 4.57515030e+01 5.39778900e+00
  endloop
 endfacet
 facet normal -6.18075550e-01 -6.31801069e-01 -4.67771351e-01
  outer loop
   vertex 3.67986221e+01 4.72603912e+01 5.24356079e+00
   vertex 3.68409729e+01 4.72779312e+01 5.19021988e+00
   vertex 3.93791962e+01 4.28667297e+01 2.00868225e+00
  endloop
 endfacet
 facet normal -8.87042224e-01 -3.31772357e-01 -3.21065664e-01
  outer loop
   vertex 3.68409729e+01 4.72779312e+01 5.19021988e+00
   vertex 3.93586273e+01 4.44698715e+01 2.03016663e+00
   vertex 3.93791962e+01 4.28667297e+01 2.00868225e+00
  endloop
 endfacet
 facet normal -6.30296528e-01 5.49537063e-01 5.48393369e-01
  outer loop
   vertex 3.82850113e+01 5.48605156e+01 1.88556671e+00
   vertex 3.83208618e+01 5.48125687e+01 1.97407532e+00
   vertex 3.81287308e+01 5.61188698e+01 1.98806763e+00
  endloop
 endfacet
 facet normal -6.47228956e-01 5.70170701e-01 5.05964458e-01
  outer loop
   vertex 3.82850113e+01 5.48605156e+01 1.88556671e+00
   vertex 3.81287308e+01 5.61188698e+01 1.98806763e+00
   vertex 3.82390366e+01 5.49242477e+01 1.75605392e+00
  endloop
 endfacet
 facet normal -9.03407633e-01 2.02498719e-01 3.77953559e-01
  outer loop
   vertex 3.82390366e+01 5.49242477e+01 1.75605392e+00
   vertex 3.81287308e+01 5.61188698e+01 1.98806763e+00
   vertex 3.80496597e+01 5.62377815e+01 1.77012253e+00
  endloop
 endfacet
 facet normal -7.48271108e-01 6.12619460e-01 2.54534453e-01
  outer loop
   vertex 3.83800583e+01 5.47348022e+01 2.11023712e+00
   vertex 3.84427872e+01 5.46610489e+01 2.19301224e+00
   vertex 3.82414017e+01 5.58722534e+01 2.20455170e+00
  endloop
 endfacet
 facet normal -6.54413044e-01 5.78907371e-01 4.86425579e-01
  outer loop
   vertex 3.83800583e+01 5.47348022e+01 2.11023712e+00
   vertex 3.82414017e+01 5.58722534e+01 2.20455170e+00
   vertex 3.83208618e+01 5.48125687e+01 1.97407532e+00
  endloop
 endfacet
 facet normal -9.34109092e-01 1.91304058e-01 3.01401585e-01
  outer loop
   vertex 3.83208618e+01 5.48125687e+01 1.97407532e+00
   vertex 3.82414017e+01 5.58722534e+01 2.20455170e+00
   vertex 3.81287308e+01 5.61188698e+01 1.98806763e+00
  endloop
 endfacet
 facet normal -7.26724923e-01 6.15306854e-01 3.05398673e-01
  outer loop
   vertex 3.81992950e+01 5.49943581e+01 1.53735352e+00
   vertex 3.82124786e+01 5.49700089e+01 1.61768723e+00
   vertex 3.80377960e+01 5.61012764e+01 1.54924011e+00
  endloop
 endfacet
 facet normal -7.05910087e-01 6.04390085e-01 3.69328469e-01
  outer loop
   vertex 3.82124786e+01 5.49700089e+01 1.61768723e+00
   vertex 3.82390366e+01 5.49242477e+01 1.75605392e+00
   vertex 3.80377960e+01 5.61012764e+01 1.54924011e+00
  endloop
 endfacet
 facet normal -9.27583516e-01 2.03437567e-01 3.13371986e-01
  outer loop
   vertex 3.80377960e+01 5.61012764e+01 1.54924011e+00
   vertex 3.82390366e+01 5.49242477e+01 1.75605392e+00
   vertex 3.80496597e+01 5.62377815e+01 1.77012253e+00
  endloop
 endfacet
 facet normal -4.65887487e-01 7.28172123e-01 -5.02706885e-01
  outer loop
   vertex 3.81920547e+01 5.50325089e+01 1.31711197e+00
   vertex 3.81810150e+01 5.50350647e+01 1.37663269e+00
   vertex 3.80595322e+01 5.58370667e+01 1.32690048e+00
  endloop
 endfacet
 facet normal -7.09198296e-01 7.01616645e-01 -6.90786615e-02
  outer loop
   vertex 3.81810150e+01 5.50350647e+01 1.37663269e+00
   vertex 3.81992950e+01 5.49943581e+01 1.53735352e+00
   vertex 3.80595322e+01 5.58370667e+01 1.32690048e+00
  endloop
 endfacet
 facet normal -9.65578675e-01 2.52448350e-01 -6.26710877e-02
  outer loop
   vertex 3.80595322e+01 5.58370667e+01 1.32690048e+00
   vertex 3.81992950e+01 5.49943581e+01 1.53735352e+00
   vertex 3.80377960e+01 5.61012764e+01 1.54924011e+00
  endloop
 endfacet
 facet normal -6.58779979e-01 5.98971963e-01 -4.55237895e-01
  outer loop
   vertex 3.71157990e+01 5.56480064e+01 3.90717697e+00
   vertex 3.82414017e+01 5.58722534e+01 2.20455170e+00
   vertex 3.73349686e+01 5.55589790e+01 3.60672760e+00
  endloop
 endfacet
 facet normal -7.34665394e-01 6.35019362e-01 -2.38782644e-01
  outer loop
   vertex 3.73349686e+01 5.55589790e+01 3.60672760e+00
   vertex 3.82414017e+01 5.58722534e+01 2.20455170e+00
   vertex 3.84427872e+01 5.46610489e+01 2.19301224e+00
  endloop
 endfacet
 facet normal -5.98048091e-01 5.41709244e-01 -5.90668738e-01
  outer loop
   vertex 3.63055344e+01 5.59766769e+01 5.02427673e+00
   vertex 3.60020981e+01 5.86277313e+01 4.88286591e+00
   vertex 3.71157990e+01 5.56480064e+01 3.90717697e+00
  endloop
 endfacet
 facet normal -8.61559391e-01 1.95474327e-01 -4.68513846e-01
  outer loop
   vertex 3.71157990e+01 5.56480064e+01 3.90717697e+00
   vertex 3.60020981e+01 5.86277313e+01 4.88286591e+00
   vertex 3.82414017e+01 5.58722534e+01 2.20455170e+00
  endloop
 endfacet
 facet normal -4.68274921e-01 -6.70757771e-01 5.75154364e-01
  outer loop
   vertex 3.89577713e+01 4.89859924e+01 1.76371765e+00
   vertex 3.89376602e+01 4.89264603e+01 1.68962097e+00
   vertex 3.89915543e+01 4.82899323e+01 1.68167877e+00
  endloop
 endfacet
 facet normal -4.40718651e-01 -6.34052753e-01 6.35408700e-01
  outer loop
   vertex 3.89897690e+01 4.90864258e+01 1.90229034e+00
   vertex 3.89577713e+01 4.89859924e+01 1.76371765e+00
   vertex 3.90538483e+01 4.82681046e+01 1.88961792e+00
  endloop
 endfacet
 facet normal -8.07742476e-01 -3.68377000e-01 4.60272223e-01
  outer loop
   vertex 3.90538483e+01 4.82681046e+01 1.88961792e+00
   vertex 3.89577713e+01 4.89859924e+01 1.76371765e+00
   vertex 3.89915543e+01 4.82899323e+01 1.68167877e+00
  endloop
 endfacet
 facet normal -4.34251338e-01 -6.18594110e-01 6.54803097e-01
  outer loop
   vertex 3.90312424e+01 4.91979980e+01 2.01448441e+00
   vertex 3.89897690e+01 4.90864258e+01 1.90229034e+00
   vertex 3.90538483e+01 4.82681046e+01 1.88961792e+00
  endloop
 endfacet
 facet normal -5.95290303e-01 -7.81243503e-01 1.87851131e-01
  outer loop
   vertex 3.90594635e+01 4.92814789e+01 2.11830139e+00
   vertex 3.90312424e+01 4.91979980e+01 2.01448441e+00
   vertex 3.91260757e+01 4.82100220e+01 2.09867477e+00
  endloop
 endfacet
 facet normal -8.64519954e-01 -3.71659219e-01 3.38341087e-01
  outer loop
   vertex 3.91260757e+01 4.82100220e+01 2.09867477e+00
   vertex 3.90312424e+01 4.91979980e+01 2.01448441e+00
   vertex 3.90538483e+01 4.82681046e+01 1.88961792e+00
  endloop
 endfacet
 facet normal -5.11708200e-01 -7.26185560e-01 4.59139705e-01
  outer loop
   vertex 3.89061890e+01 4.88075790e+01 1.48057175e+00
   vertex 3.88838730e+01 4.87226868e+01 1.33008575e+00
   vertex 3.89491119e+01 4.82392502e+01 1.47597885e+00
  endloop
 endfacet
 facet normal -8.88170123e-01 -4.57655877e-01 4.12911735e-02
  outer loop
   vertex 3.89491119e+01 4.82392502e+01 1.47597885e+00
   vertex 3.88838730e+01 4.87226868e+01 1.33008575e+00
   vertex 3.89165878e+01 4.81523209e+01 1.27138519e+00
  endloop
 endfacet
 facet normal -7.38319874e-01 -1.23130023e-01 -6.63115978e-01
  outer loop
   vertex 3.88100357e+01 5.00462265e+01 1.28388596e+00
   vertex 3.88107300e+01 5.00357056e+01 1.27531052e+00
   vertex 3.88847351e+01 4.87145386e+01 1.29449463e+00
  endloop
 endfacet
 facet normal -8.03754807e-01 -1.26146629e-01 -5.81433773e-01
  outer loop
   vertex 3.88107300e+01 5.00357056e+01 1.27531052e+00
   vertex 3.89165878e+01 4.81523209e+01 1.27138519e+00
   vertex 3.88847351e+01 4.87145386e+01 1.29449463e+00
  endloop
 endfacet
 facet normal -7.75038362e-01 -5.45409620e-01 -3.19129854e-01
  outer loop
   vertex 3.88847351e+01 4.87145386e+01 1.29449463e+00
   vertex 3.89165878e+01 4.81523209e+01 1.27138519e+00
   vertex 3.88838730e+01 4.87226868e+01 1.33008575e+00
  endloop
 endfacet
 facet normal -4.92932379e-01 -7.00899065e-01 5.15517354e-01
  outer loop
   vertex 3.89376602e+01 4.89264603e+01 1.68962097e+00
   vertex 3.89317398e+01 4.88970108e+01 1.62464905e+00
   vertex 3.89915543e+01 4.82899323e+01 1.68167877e+00
  endloop
 endfacet
 facet normal -5.09900987e-01 -7.04654098e-01 4.93420303e-01
  outer loop
   vertex 3.89317398e+01 4.88970108e+01 1.62464905e+00
   vertex 3.89061890e+01 4.88075790e+01 1.48057175e+00
   vertex 3.89915543e+01 4.82899323e+01 1.68167877e+00
  endloop
 endfacet
 facet normal -8.33081543e-01 -3.91358912e-01 3.90913427e-01
  outer loop
   vertex 3.89915543e+01 4.82899323e+01 1.68167877e+00
   vertex 3.89061890e+01 4.88075790e+01 1.48057175e+00
   vertex 3.89491119e+01 4.82392502e+01 1.47597885e+00
  endloop
 endfacet
 facet normal -7.03142643e-01 -4.33750190e-02 -7.09724665e-01
  outer loop
   vertex 3.88100357e+01 5.00462265e+01 1.28388596e+00
   vertex 3.88037338e+01 5.01586151e+01 1.28298950e+00
   vertex 3.88107300e+01 5.00357056e+01 1.27531052e+00
  endloop
 endfacet
 facet normal -5.43411314e-01 -3.36027853e-02 -8.38793755e-01
  outer loop
   vertex 3.88107300e+01 5.00357056e+01 1.27531052e+00
   vertex 3.88037338e+01 5.01586151e+01 1.28298950e+00
   vertex 3.87623215e+01 5.08968582e+01 1.27710342e+00
  endloop
 endfacet
 facet normal -4.99377996e-01 -7.66106963e-01 -4.04600650e-01
  outer loop
   vertex 3.86908035e+01 4.87120743e+01 2.65048218e+00
   vertex 3.90594635e+01 4.92814789e+01 2.11830139e+00
   vertex 3.91260757e+01 4.82100220e+01 2.09867477e+00
  endloop
 endfacet
 facet normal -9.95482683e-01 -6.26883134e-02 7.13051185e-02
  outer loop
   vertex 3.62976608e+01 5.14694443e+01 5.68333054e+00
   vertex 3.40959549e+01 5.39889450e+01 8.46782303e+00
   vertex 3.62965240e+01 5.14863129e+01 5.68317032e+00
  endloop
 endfacet
 facet normal -9.95076418e-01 -6.64353520e-02 7.35475048e-02
  outer loop
   vertex 3.62965240e+01 5.14863129e+01 5.68317032e+00
   vertex 3.40959549e+01 5.39889450e+01 8.46782303e+00
   vertex 3.62488708e+01 5.21929474e+01 5.67640686e+00
  endloop
 endfacet
 facet normal -9.94959712e-01 -6.86958060e-02 7.30482265e-02
  outer loop
   vertex 3.61793594e+01 5.32236023e+01 5.66652679e+00
   vertex 3.61927414e+01 5.30252151e+01 5.66842651e+00
   vertex 3.40959549e+01 5.39889450e+01 8.46782303e+00
  endloop
 endfacet
 facet normal -9.95074570e-01 -6.64378256e-02 7.35706612e-02
  outer loop
   vertex 3.40959549e+01 5.39889450e+01 8.46782303e+00
   vertex 3.61927414e+01 5.30252151e+01 5.66842651e+00
   vertex 3.62488708e+01 5.21929474e+01 5.67640686e+00
  endloop
 endfacet
 facet normal -9.94413257e-01 -7.57177472e-02 7.35468119e-02
  outer loop
   vertex 3.61793594e+01 5.32236023e+01 5.66652679e+00
   vertex 3.40959549e+01 5.39889450e+01 8.46782303e+00
   vertex 3.61513519e+01 5.35569992e+01 5.66254425e+00
  endloop
 endfacet
 facet normal -9.53651845e-01 -8.52727592e-02 -2.88576961e-01
  outer loop
   vertex 3.61513519e+01 5.35569992e+01 5.66254425e+00
   vertex 3.40959549e+01 5.39889450e+01 8.46782303e+00
   vertex 3.40691681e+01 5.60497246e+01 8.23954010e+00
  endloop
 endfacet
 facet normal -9.91986930e-01 -9.55686495e-02 8.26349258e-02
  outer loop
   vertex 3.61513519e+01 5.35569992e+01 5.66254425e+00
   vertex 3.40691681e+01 5.60497246e+01 8.23954010e+00
   vertex 3.60806046e+01 5.42457657e+01 5.65249252e+00
  endloop
 endfacet
 facet normal -9.91178453e-01 -1.01767711e-01 8.49035755e-02
  outer loop
   vertex 3.59416733e+01 5.55984306e+01 5.63275528e+00
   vertex 3.60806046e+01 5.42457657e+01 5.65249252e+00
   vertex 3.40691681e+01 5.60497246e+01 8.23954010e+00
  endloop
 endfacet
 facet normal -9.90496159e-01 -1.07969597e-01 8.52054283e-02
  outer loop
   vertex 3.59416733e+01 5.55984306e+01 5.63275528e+00
   vertex 3.40691681e+01 5.60497246e+01 8.23954010e+00
   vertex 3.58850555e+01 5.60836411e+01 5.62471008e+00
  endloop
 endfacet
 facet normal -9.54640090e-01 -1.16788179e-01 -2.73902982e-01
  outer loop
   vertex 3.58850555e+01 5.60836411e+01 5.62471008e+00
   vertex 3.40691681e+01 5.60497246e+01 8.23954010e+00
   vertex 3.39680099e+01 5.84475403e+01 7.94323730e+00
  endloop
 endfacet
 facet normal -9.98886168e-01 -8.07750411e-03 4.64880764e-02
  outer loop
   vertex 3.64342804e+01 4.77261353e+01 5.70274353e+00
   vertex 3.40276031e+01 5.03592300e+01 8.74305344e+00
   vertex 3.64211578e+01 4.82534180e+01 5.70087814e+00
  endloop
 endfacet
 facet normal -9.98546422e-01 -1.58502720e-02 5.15156314e-02
  outer loop
   vertex 3.63940125e+01 4.93445129e+01 5.69702148e+00
   vertex 3.64211578e+01 4.82534180e+01 5.70087814e+00
   vertex 3.40276031e+01 5.03592300e+01 8.74305344e+00
  endloop
 endfacet
 facet normal -9.98580396e-01 -1.63636487e-02 5.06889634e-02
  outer loop
   vertex 3.63940125e+01 4.93445129e+01 5.69702148e+00
   vertex 3.40276031e+01 5.03592300e+01 8.74305344e+00
   vertex 3.63907242e+01 4.95370331e+01 5.69655609e+00
  endloop
 endfacet
 facet normal -9.47016239e-01 -2.03748215e-02 -3.20538789e-01
  outer loop
   vertex 3.63907242e+01 4.95370331e+01 5.69655609e+00
   vertex 3.40276031e+01 5.03592300e+01 8.74305344e+00
   vertex 3.40786057e+01 5.21172638e+01 8.63364029e+00
  endloop
 endfacet
 facet normal -9.97588456e-01 -3.54918167e-02 5.96460961e-02
  outer loop
   vertex 3.63907242e+01 4.95370331e+01 5.69655609e+00
   vertex 3.40786057e+01 5.21172638e+01 8.63364029e+00
   vertex 3.63775940e+01 4.98117447e+01 5.69469070e+00
  endloop
 endfacet
 facet normal -9.97070432e-01 -4.24630381e-02 6.36197329e-02
  outer loop
   vertex 3.63775940e+01 4.98117447e+01 5.69469070e+00
   vertex 3.40786057e+01 5.21172638e+01 8.63364029e+00
   vertex 3.63326797e+01 5.07521591e+01 5.68831253e+00
  endloop
 endfacet
 facet normal -9.97059166e-01 -4.28815745e-02 6.35156780e-02
  outer loop
   vertex 3.63100739e+01 5.12255859e+01 5.68509674e+00
   vertex 3.63326797e+01 5.07521591e+01 5.68831253e+00
   vertex 3.40786057e+01 5.21172638e+01 8.63364029e+00
  endloop
 endfacet
 facet normal -9.96948838e-01 -4.55069095e-02 6.34202212e-02
  outer loop
   vertex 3.63100739e+01 5.12255859e+01 5.68509674e+00
   vertex 3.40786057e+01 5.21172638e+01 8.63364029e+00
   vertex 3.62976608e+01 5.14694443e+01 5.68333054e+00
  endloop
 endfacet
 facet normal -9.51346278e-01 -5.20323068e-02 -3.03698778e-01
  outer loop
   vertex 3.62976608e+01 5.14694443e+01 5.68333054e+00
   vertex 3.40786057e+01 5.21172638e+01 8.63364029e+00
   vertex 3.40959549e+01 5.39889450e+01 8.46782303e+00
  endloop
 endfacet
 facet normal -4.94375169e-01 -6.96588576e-01 -5.19959152e-01
  outer loop
   vertex 3.84982071e+01 4.84697876e+01 2.92772675e+00
   vertex 3.91260757e+01 4.82100220e+01 2.09867477e+00
   vertex 3.78218613e+01 4.79333115e+01 3.87422943e+00
  endloop
 endfacet
 facet normal -8.50104809e-01 -3.80605400e-01 -3.63952368e-01
  outer loop
   vertex 3.78218613e+01 4.79333115e+01 3.87422943e+00
   vertex 3.91260757e+01 4.82100220e+01 2.09867477e+00
   vertex 3.92423553e+01 4.63399429e+01 2.06442642e+00
  endloop
 endfacet
 facet normal -4.33882177e-01 -7.38619328e-01 -5.15933871e-01
  outer loop
   vertex 3.84982071e+01 4.84697876e+01 2.92772675e+00
   vertex 3.85708618e+01 4.85273361e+01 2.82556534e+00
   vertex 3.91260757e+01 4.82100220e+01 2.09867477e+00
  endloop
 endfacet
 facet normal -3.50241482e-01 -7.22023308e-01 -5.96668482e-01
  outer loop
   vertex 3.85708618e+01 4.85273361e+01 2.82556534e+00
   vertex 3.86908035e+01 4.87120743e+01 2.65048218e+00
   vertex 3.91260757e+01 4.82100220e+01 2.09867477e+00
  endloop
 endfacet
 facet normal -6.26134992e-01 -6.49713933e-01 -4.31076288e-01
  outer loop
   vertex 3.68409729e+01 4.72779312e+01 5.19021988e+00
   vertex 3.69646072e+01 4.73283157e+01 5.02294922e+00
   vertex 3.93586273e+01 4.44698715e+01 2.03016663e+00
  endloop
 endfacet
 facet normal -8.85928810e-01 -3.53529334e-01 -3.00245166e-01
  outer loop
   vertex 3.69646072e+01 4.73283157e+01 5.02294922e+00
   vertex 3.92423553e+01 4.63399429e+01 2.06442642e+00
   vertex 3.93586273e+01 4.44698715e+01 2.03016663e+00
  endloop
 endfacet
 facet normal -5.90786099e-01 -6.79091096e-01 -4.35668558e-01
  outer loop
   vertex 3.69646072e+01 4.73283157e+01 5.02294922e+00
   vertex 3.71731339e+01 4.74136353e+01 4.74576187e+00
   vertex 3.92423553e+01 4.63399429e+01 2.06442642e+00
  endloop
 endfacet
 facet normal -5.29161930e-01 -6.97642744e-01 -4.82993007e-01
  outer loop
   vertex 3.71731339e+01 4.74136353e+01 4.74576187e+00
   vertex 3.78218613e+01 4.79333115e+01 3.87422943e+00
   vertex 3.92423553e+01 4.63399429e+01 2.06442642e+00
  endloop
 endfacet
 facet normal -6.09618187e-01 7.25881755e-01 3.18529874e-01
  outer loop
   vertex 1.54550095e+01 5.99271240e+01 3.26916046e+01
   vertex 1.49784317e+01 5.97431984e+01 3.24578857e+01
   vertex 1.52951584e+01 5.97065392e+01 3.31492691e+01
  endloop
 endfacet
 facet normal -7.17294931e-01 5.92818558e-01 3.66134048e-01
  outer loop
   vertex 1.52951584e+01 5.97065392e+01 3.31492691e+01
   vertex 1.49784317e+01 5.97431984e+01 3.24578857e+01
   vertex 1.46594772e+01 5.94214897e+01 3.29715347e+01
  endloop
 endfacet
 facet normal -1.78404018e-01 -3.63648176e-01 -9.14293170e-01
  outer loop
   vertex 6.37294769e+00 3.01783066e+01 3.36907120e+01
   vertex 6.45050812e+00 2.97348022e+01 3.38793488e+01
   vertex 5.77011108e+00 2.99748230e+01 3.36223373e+01
  endloop
 endfacet
 facet normal -6.34489655e-01 -3.00737798e-01 -7.12025046e-01
  outer loop
   vertex 5.77011108e+00 2.99748230e+01 3.36223373e+01
   vertex 6.45050812e+00 2.97348022e+01 3.38793488e+01
   vertex 5.78422546e+00 2.93533249e+01 3.38637238e+01
  endloop
 endfacet
 facet normal 2.21016422e-01 -3.48736525e-01 -9.10787880e-01
  outer loop
   vertex 7.08244324e+00 3.01438141e+01 3.38760834e+01
   vertex 6.45050812e+00 2.97348022e+01 3.38793488e+01
   vertex 6.84184265e+00 3.03365784e+01 3.37438965e+01
  endloop
 endfacet
 facet normal 2.21016183e-01 -3.48736286e-01 -9.10788059e-01
  outer loop
   vertex 6.84184265e+00 3.03365784e+01 3.37438965e+01
   vertex 6.45050812e+00 2.97348022e+01 3.38793488e+01
   vertex 6.37294769e+00 3.01783066e+01 3.36907120e+01
  endloop
 endfacet
 facet normal 5.71581960e-01 -7.93058753e-01 -2.10598722e-01
  outer loop
   vertex 6.59506226e+00 2.93139038e+01 3.40755844e+01
   vertex 6.45050812e+00 2.97348022e+01 3.38793488e+01
   vertex 7.39179993e+00 2.98959732e+01 3.40460587e+01
  endloop
 endfacet
 facet normal 4.22445953e-01 -6.12152398e-01 -6.68437660e-01
  outer loop
   vertex 7.39179993e+00 2.98959732e+01 3.40460587e+01
   vertex 6.45050812e+00 2.97348022e+01 3.38793488e+01
   vertex 7.08244324e+00 3.01438141e+01 3.38760834e+01
  endloop
 endfacet
 facet normal -5.22098094e-02 -7.64380097e-01 -6.42648578e-01
  outer loop
   vertex 6.45050812e+00 2.97348022e+01 3.38793488e+01
   vertex 6.59506226e+00 2.93139038e+01 3.40755844e+01
   vertex 5.78422546e+00 2.93533249e+01 3.38637238e+01
  endloop
 endfacet
 facet normal -3.65163475e-01 -9.30565417e-01 -2.65270956e-02
  outer loop
   vertex 5.78422546e+00 2.93533249e+01 3.38637238e+01
   vertex 6.59506226e+00 2.93139038e+01 3.40755844e+01
   vertex 5.79833221e+00 2.87318344e+01 3.41051178e+01
  endloop
 endfacet
 facet normal 2.09670961e-01 -4.23511028e-01 -8.81292522e-01
  outer loop
   vertex 6.42935181e+00 3.06670303e+01 3.35172653e+01
   vertex 6.55273438e+00 3.11783752e+01 3.33514252e+01
   vertex 7.07010651e+00 3.06876144e+01 3.36648712e+01
  endloop
 endfacet
 facet normal 1.96857572e-01 -4.95967537e-01 -8.45732391e-01
  outer loop
   vertex 7.07010651e+00 3.06876144e+01 3.36648712e+01
   vertex 6.55273438e+00 3.11783752e+01 3.33514252e+01
   vertex 7.36357880e+00 3.11389465e+01 3.35632782e+01
  endloop
 endfacet
 facet normal 2.21014246e-01 -3.48735869e-01 -9.10788655e-01
  outer loop
   vertex 6.37294769e+00 3.01783066e+01 3.36907120e+01
   vertex 6.42935181e+00 3.06670303e+01 3.35172653e+01
   vertex 6.84184265e+00 3.03365784e+01 3.37438965e+01
  endloop
 endfacet
 facet normal 2.21013516e-01 -3.48735154e-01 -9.10789132e-01
  outer loop
   vertex 6.84184265e+00 3.03365784e+01 3.37438965e+01
   vertex 6.42935181e+00 3.06670303e+01 3.35172653e+01
   vertex 7.07010651e+00 3.06876144e+01 3.36648712e+01
  endloop
 endfacet
 facet normal -1.70966730e-01 -3.63393009e-01 -9.15814340e-01
  outer loop
   vertex 6.42935181e+00 3.06670303e+01 3.35172653e+01
   vertex 6.37294769e+00 3.01783066e+01 3.36907120e+01
   vertex 5.75599670e+00 3.05963058e+01 3.33809509e+01
  endloop
 endfacet
 facet normal -6.17444515e-01 -3.04078788e-01 -7.25464284e-01
  outer loop
   vertex 5.75599670e+00 3.05963058e+01 3.33809509e+01
   vertex 6.37294769e+00 3.01783066e+01 3.36907120e+01
   vertex 5.77011108e+00 2.99748230e+01 3.36223373e+01
  endloop
 endfacet
 facet normal -2.01548234e-01 -4.79846179e-01 -8.53888750e-01
  outer loop
   vertex 6.55273438e+00 3.11783752e+01 3.33514252e+01
   vertex 6.42935181e+00 3.06670303e+01 3.35172653e+01
   vertex 5.74187469e+00 3.12177963e+01 3.31395645e+01
  endloop
 endfacet
 facet normal -6.27770901e-01 -3.30108076e-01 -7.04934299e-01
  outer loop
   vertex 5.74187469e+00 3.12177963e+01 3.31395645e+01
   vertex 6.42935181e+00 3.06670303e+01 3.35172653e+01
   vertex 5.75599670e+00 3.05963058e+01 3.33809509e+01
  endloop
 endfacet
 facet normal 4.22446042e-01 -6.12153351e-01 -6.68436706e-01
  outer loop
   vertex 7.08244324e+00 3.01438141e+01 3.38760834e+01
   vertex 7.64562225e+00 3.06078949e+01 3.38350601e+01
   vertex 7.39179993e+00 2.98959732e+01 3.40460587e+01
  endloop
 endfacet
 facet normal 5.71581364e-01 -7.93059945e-01 -2.10596025e-01
  outer loop
   vertex 7.39179993e+00 2.98959732e+01 3.40460587e+01
   vertex 7.64562225e+00 3.06078949e+01 3.38350601e+01
   vertex 8.18854523e+00 3.04780350e+01 3.40165329e+01
  endloop
 endfacet
 facet normal 2.21016869e-01 -3.48736018e-01 -9.10788000e-01
  outer loop
   vertex 7.64562225e+00 3.06078949e+01 3.38350601e+01
   vertex 7.08244324e+00 3.01438141e+01 3.38760834e+01
   vertex 7.07010651e+00 3.06876144e+01 3.36648712e+01
  endloop
 endfacet
 facet normal 2.21014559e-01 -3.48736286e-01 -9.10788417e-01
  outer loop
   vertex 7.07010651e+00 3.06876144e+01 3.36648712e+01
   vertex 7.08244324e+00 3.01438141e+01 3.38760834e+01
   vertex 6.84184265e+00 3.03365784e+01 3.37438965e+01
  endloop
 endfacet
 facet normal 1.96861789e-01 -4.95971352e-01 -8.45729172e-01
  outer loop
   vertex 8.17443848e+00 3.10995331e+01 3.37751389e+01
   vertex 7.64562225e+00 3.06078949e+01 3.38350601e+01
   vertex 7.36357880e+00 3.11389465e+01 3.35632782e+01
  endloop
 endfacet
 facet normal 2.09673613e-01 -4.23512667e-01 -8.81291091e-01
  outer loop
   vertex 7.36357880e+00 3.11389465e+01 3.35632782e+01
   vertex 7.64562225e+00 3.06078949e+01 3.38350601e+01
   vertex 7.07010651e+00 3.06876144e+01 3.36648712e+01
  endloop
 endfacet
 facet normal 3.97405595e-01 -6.85128450e-01 -6.10465229e-01
  outer loop
   vertex 7.64562225e+00 3.06078949e+01 3.38350601e+01
   vertex 8.17443848e+00 3.10995331e+01 3.37751389e+01
   vertex 8.18854523e+00 3.04780350e+01 3.40165329e+01
  endloop
 endfacet
 facet normal 3.90630752e-01 -9.19321537e-01 4.74923812e-02
  outer loop
   vertex 8.18854523e+00 3.04780350e+01 3.40165329e+01
   vertex 8.17443848e+00 3.10995331e+01 3.37751389e+01
   vertex 8.98528290e+00 3.10601044e+01 3.39870071e+01
  endloop
 endfacet
 facet normal -5.03193974e-01 4.26306576e-01 7.51703739e-01
  outer loop
   vertex 1.80575790e+01 7.00895386e+01 2.96478348e+01
   vertex 1.76131973e+01 6.83671341e+01 3.03209534e+01
   vertex 1.87032242e+01 7.00912628e+01 3.01239090e+01
  endloop
 endfacet
 facet normal -5.44052541e-01 3.90905917e-01 7.42428005e-01
  outer loop
   vertex 1.87032242e+01 7.00912628e+01 3.01239090e+01
   vertex 1.76131973e+01 6.83671341e+01 3.03209534e+01
   vertex 1.82350540e+01 6.83351135e+01 3.08005829e+01
  endloop
 endfacet
 facet normal -5.13488948e-01 6.67386591e-01 5.39373994e-01
  outer loop
   vertex 2.29804459e+01 8.15985794e+01 2.21055374e+01
   vertex 2.22811127e+01 8.13883591e+01 2.17030411e+01
   vertex 2.22976532e+01 7.95130615e+01 2.40342789e+01
  endloop
 endfacet
 facet normal -5.12368560e-01 6.65706277e-01 5.42506814e-01
  outer loop
   vertex 2.22976532e+01 7.95130615e+01 2.40342789e+01
   vertex 2.22811127e+01 8.13883591e+01 2.17030411e+01
   vertex 2.16205826e+01 7.93607483e+01 2.35799484e+01
  endloop
 endfacet
 facet normal -7.20387101e-01 5.76724112e-01 3.85268390e-01
  outer loop
   vertex 2.31364670e+01 8.64255066e+01 1.61989517e+01
   vertex 2.35295181e+01 8.79457397e+01 1.46656189e+01
   vertex 2.24662018e+01 8.62261353e+01 1.57796173e+01
  endloop
 endfacet
 facet normal -8.74878705e-01 4.37773734e-01 2.07223102e-01
  outer loop
   vertex 2.24662018e+01 8.62261353e+01 1.57796173e+01
   vertex 2.35295181e+01 8.79457397e+01 1.46656189e+01
   vertex 2.28503189e+01 8.77068253e+01 1.42856178e+01
  endloop
 endfacet
 facet normal -5.44793248e-01 6.66644871e-01 5.08709073e-01
  outer loop
   vertex 2.56521454e+01 9.41973114e+01 8.73200989e+00
   vertex 2.63496094e+01 9.45263214e+01 9.04488373e+00
   vertex 2.59218903e+01 9.53837433e+01 7.46516418e+00
  endloop
 endfacet
 facet normal -5.43084979e-01 6.66350961e-01 5.10915935e-01
  outer loop
   vertex 2.59218903e+01 9.53837433e+01 7.46516418e+00
   vertex 2.63496094e+01 9.45263214e+01 9.04488373e+00
   vertex 2.66283951e+01 9.57522430e+01 7.73691559e+00
  endloop
 endfacet
 facet normal -5.43333590e-01 6.68364167e-01 5.08013785e-01
  outer loop
   vertex 2.63496094e+01 9.45263214e+01 9.04488373e+00
   vertex 2.56521454e+01 9.41973114e+01 8.73200989e+00
   vertex 2.60066299e+01 9.30512238e+01 1.06204376e+01
  endloop
 endfacet
 facet normal -5.43259621e-01 6.68651342e-01 5.07714808e-01
  outer loop
   vertex 2.60066299e+01 9.30512238e+01 1.06204376e+01
   vertex 2.56521454e+01 9.41973114e+01 8.73200989e+00
   vertex 2.53222198e+01 9.27819443e+01 1.02437782e+01
  endloop
 endfacet
 facet normal -4.91361246e-02 7.34477460e-01 6.76851928e-01
  outer loop
   vertex 2.70654144e+01 9.49268265e+01 9.27965927e+00
   vertex 2.63496094e+01 9.45263214e+01 9.04488373e+00
   vertex 2.66958008e+01 9.33372345e+01 1.09805374e+01
  endloop
 endfacet
 facet normal -3.16056728e-01 7.25789368e-01 6.11013830e-01
  outer loop
   vertex 2.66958008e+01 9.33372345e+01 1.09805374e+01
   vertex 2.63496094e+01 9.45263214e+01 9.04488373e+00
   vertex 2.60066299e+01 9.30512238e+01 1.06204376e+01
  endloop
 endfacet
 facet normal -5.42305112e-01 6.68273389e-01 5.09230673e-01
  outer loop
   vertex 2.49636002e+01 9.12661896e+01 1.18548737e+01
   vertex 2.56444855e+01 9.15092087e+01 1.22621994e+01
   vertex 2.53222198e+01 9.27819443e+01 1.02437782e+01
  endloop
 endfacet
 facet normal -5.43100417e-01 6.68375969e-01 5.08247495e-01
  outer loop
   vertex 2.53222198e+01 9.27819443e+01 1.02437782e+01
   vertex 2.56444855e+01 9.15092087e+01 1.22621994e+01
   vertex 2.60066299e+01 9.30512238e+01 1.06204376e+01
  endloop
 endfacet
 facet normal -5.55885375e-01 6.26300216e-01 5.46570718e-01
  outer loop
   vertex 2.56121979e+01 9.70156250e+01 5.10298157e+00
   vertex 2.55387268e+01 9.65594330e+01 5.56772232e+00
   vertex 2.62853088e+01 9.72682266e+01 5.49997330e+00
  endloop
 endfacet
 facet normal -5.52971482e-01 6.35491133e-01 5.38863242e-01
  outer loop
   vertex 2.62853088e+01 9.72682266e+01 5.49997330e+00
   vertex 2.55387268e+01 9.65594330e+01 5.56772232e+00
   vertex 2.62125092e+01 9.68016663e+01 5.97608948e+00
  endloop
 endfacet
 facet normal -5.46802402e-01 6.51838839e-01 5.25464833e-01
  outer loop
   vertex 2.61000290e+01 9.62126846e+01 6.58883667e+00
   vertex 2.67978973e+01 9.65467377e+01 6.89789963e+00
   vertex 2.62125092e+01 9.68016663e+01 5.97608948e+00
  endloop
 endfacet
 facet normal -5.45429885e-01 6.48804963e-01 5.30620813e-01
  outer loop
   vertex 2.62125092e+01 9.68016663e+01 5.97608948e+00
   vertex 2.67978973e+01 9.65467377e+01 6.89789963e+00
   vertex 2.68995132e+01 9.70847092e+01 6.33890533e+00
  endloop
 endfacet
 facet normal -5.43146670e-01 6.59723580e-01 5.19380867e-01
  outer loop
   vertex 2.67978973e+01 9.65467377e+01 6.89789963e+00
   vertex 2.61000290e+01 9.62126846e+01 6.58883667e+00
   vertex 2.66283951e+01 9.57522430e+01 7.73691559e+00
  endloop
 endfacet
 facet normal -5.45250237e-01 6.62060320e-01 5.14177382e-01
  outer loop
   vertex 2.66283951e+01 9.57522430e+01 7.73691559e+00
   vertex 2.61000290e+01 9.62126846e+01 6.58883667e+00
   vertex 2.59218903e+01 9.53837433e+01 7.46516418e+00
  endloop
 endfacet
 facet normal -2.80008584e-01 -5.61103523e-02 -9.58356321e-01
  outer loop
   vertex 3.71393661e+01 7.25129089e+01 7.92984009e-01
   vertex 3.63148956e+01 7.23242264e+01 1.04283905e+00
   vertex 3.59070816e+01 7.67765121e+01 9.00592804e-01
  endloop
 endfacet
 facet normal -2.79602617e-01 -5.49574643e-02 -9.58541632e-01
  outer loop
   vertex 3.59070816e+01 7.67765121e+01 9.00592804e-01
   vertex 3.63148956e+01 7.23242264e+01 1.04283905e+00
   vertex 3.51144791e+01 7.65383301e+01 1.14386749e+00
  endloop
 endfacet
 facet normal -2.88592190e-01 -4.33842316e-02 -9.56468701e-01
  outer loop
   vertex 3.82457962e+01 6.40614319e+01 9.23618317e-01
   vertex 3.90814133e+01 6.42040100e+01 6.66973114e-01
   vertex 3.89622116e+01 6.01448822e+01 8.82385254e-01
  endloop
 endfacet
 facet normal -2.85165608e-01 -4.11988907e-02 -9.57592428e-01
  outer loop
   vertex 3.89622116e+01 6.01448822e+01 8.82385254e-01
   vertex 3.90814133e+01 6.42040100e+01 6.66973114e-01
   vertex 3.97818146e+01 6.02467995e+01 6.33197784e-01
  endloop
 endfacet
 facet normal -2.69986689e-01 -2.34145913e-02 -9.62579310e-01
  outer loop
   vertex 4.11784058e+01 5.05160522e+01 5.69938660e-01
   vertex 4.03323135e+01 5.05695190e+01 8.08403015e-01
   vertex 4.08969803e+01 5.30908051e+01 5.82592010e-01
  endloop
 endfacet
 facet normal -2.73845494e-01 -2.74448488e-02 -9.61382031e-01
  outer loop
   vertex 4.08969803e+01 5.30908051e+01 5.82592010e-01
   vertex 4.03323135e+01 5.05695190e+01 8.08403015e-01
   vertex 4.00360107e+01 5.31901550e+01 8.23463440e-01
  endloop
 endfacet
 facet normal -2.70802557e-01 1.02330089e-01 9.57180500e-01
  outer loop
   vertex 1.48379517e+01 5.44676819e+01 3.35771866e+01
   vertex 1.53840179e+01 5.59788284e+01 3.35695267e+01
   vertex 1.45321350e+01 5.53747406e+01 3.33914185e+01
  endloop
 endfacet
 facet normal -2.75588185e-01 1.01487093e-01 9.55903530e-01
  outer loop
   vertex 1.45321350e+01 5.53747406e+01 3.33914185e+01
   vertex 1.53840179e+01 5.59788284e+01 3.35695267e+01
   vertex 1.50760727e+01 5.67670860e+01 3.33964233e+01
  endloop
 endfacet
 facet normal -2.67642200e-01 1.05939969e-01 9.57676530e-01
  outer loop
   vertex 1.42186661e+01 5.27482300e+01 3.35938416e+01
   vertex 1.48379517e+01 5.44676819e+01 3.35771866e+01
   vertex 1.39238205e+01 5.37079391e+01 3.34045258e+01
  endloop
 endfacet
 facet normal -2.69515842e-01 1.05634049e-01 9.57184732e-01
  outer loop
   vertex 1.39238205e+01 5.37079391e+01 3.34045258e+01
   vertex 1.48379517e+01 5.44676819e+01 3.35771866e+01
   vertex 1.45321350e+01 5.53747406e+01 3.33914185e+01
  endloop
 endfacet
 facet normal -2.17584953e-01 8.85757133e-02 9.72013950e-01
  outer loop
   vertex 1.48379517e+01 5.44676819e+01 3.35771866e+01
   vertex 1.42186661e+01 5.27482300e+01 3.35938416e+01
   vertex 1.51632996e+01 5.36421890e+01 3.37580338e+01
  endloop
 endfacet
 facet normal -1.67176500e-01 7.14769363e-02 9.83332634e-01
  outer loop
   vertex 1.51632996e+01 5.36421890e+01 3.37580338e+01
   vertex 1.42186661e+01 5.27482300e+01 3.35938416e+01
   vertex 1.45221176e+01 5.18174438e+01 3.37817993e+01
  endloop
 endfacet
 facet normal -5.24506688e-01 1.90813392e-01 8.29748750e-01
  outer loop
   vertex 1.36461563e+01 5.47255020e+01 3.32124786e+01
   vertex 1.42654495e+01 5.64449539e+01 3.31958237e+01
   vertex 1.33770905e+01 5.57719917e+01 3.30190582e+01
  endloop
 endfacet
 facet normal -7.42667317e-01 2.60112375e-01 6.17079258e-01
  outer loop
   vertex 1.33770905e+01 5.57719917e+01 3.30190582e+01
   vertex 1.42654495e+01 5.64449539e+01 3.31958237e+01
   vertex 1.40182800e+01 5.75967407e+01 3.29953003e+01
  endloop
 endfacet
 facet normal -2.72800803e-01 1.06348649e-01 9.56174493e-01
  outer loop
   vertex 1.42654495e+01 5.64449539e+01 3.31958237e+01
   vertex 1.36461563e+01 5.47255020e+01 3.32124786e+01
   vertex 1.45321350e+01 5.53747406e+01 3.33914185e+01
  endloop
 endfacet
 facet normal -2.70764619e-01 1.06415570e-01 9.56745684e-01
  outer loop
   vertex 1.45321350e+01 5.53747406e+01 3.33914185e+01
   vertex 1.36461563e+01 5.47255020e+01 3.32124786e+01
   vertex 1.39238205e+01 5.37079391e+01 3.34045258e+01
  endloop
 endfacet
 facet normal -2.80896932e-01 1.04935177e-01 9.53984022e-01
  outer loop
   vertex 1.48472977e+01 5.78325233e+01 3.32119980e+01
   vertex 1.42654495e+01 5.64449539e+01 3.31958237e+01
   vertex 1.50760727e+01 5.67670860e+01 3.33964233e+01
  endloop
 endfacet
 facet normal -2.76337951e-01 1.04724266e-01 9.55337703e-01
  outer loop
   vertex 1.50760727e+01 5.67670860e+01 3.33964233e+01
   vertex 1.42654495e+01 5.64449539e+01 3.31958237e+01
   vertex 1.45321350e+01 5.53747406e+01 3.33914185e+01
  endloop
 endfacet
 facet normal -2.67872870e-01 1.08534932e-01 9.57321405e-01
  outer loop
   vertex 1.29924698e+01 5.28903503e+01 3.32346115e+01
   vertex 1.22770767e+01 5.08949509e+01 3.32611237e+01
   vertex 1.32638931e+01 5.18675766e+01 3.34258423e+01
  endloop
 endfacet
 facet normal -2.65859574e-01 1.08710140e-01 9.57862616e-01
  outer loop
   vertex 1.32638931e+01 5.18675766e+01 3.34258423e+01
   vertex 1.22770767e+01 5.08949509e+01 3.32611237e+01
   vertex 1.25410614e+01 4.98551178e+01 3.34526367e+01
  endloop
 endfacet
 facet normal -2.69892871e-01 1.07301496e-01 9.56893027e-01
  outer loop
   vertex 1.36461563e+01 5.47255020e+01 3.32124786e+01
   vertex 1.29924698e+01 5.28903503e+01 3.32346115e+01
   vertex 1.39238205e+01 5.37079391e+01 3.34045258e+01
  endloop
 endfacet
 facet normal -2.68547714e-01 1.07397698e-01 9.57260609e-01
  outer loop
   vertex 1.39238205e+01 5.37079391e+01 3.34045258e+01
   vertex 1.29924698e+01 5.28903503e+01 3.32346115e+01
   vertex 1.32638931e+01 5.18675766e+01 3.34258423e+01
  endloop
 endfacet
 facet normal -5.28313279e-01 1.96557045e-01 8.25984478e-01
  outer loop
   vertex 1.29924698e+01 5.28903503e+01 3.32346115e+01
   vertex 1.36461563e+01 5.47255020e+01 3.32124786e+01
   vertex 1.27359009e+01 5.39472427e+01 3.30428238e+01
  endloop
 endfacet
 facet normal -7.52911031e-01 2.69081950e-01 6.00599647e-01
  outer loop
   vertex 1.27359009e+01 5.39472427e+01 3.30428238e+01
   vertex 1.36461563e+01 5.47255020e+01 3.32124786e+01
   vertex 1.33770905e+01 5.57719917e+01 3.30190582e+01
  endloop
 endfacet
 facet normal -2.16749698e-01 8.92198160e-02 9.72141623e-01
  outer loop
   vertex 1.42186661e+01 5.27482300e+01 3.35938416e+01
   vertex 1.35649948e+01 5.09130707e+01 3.36159744e+01
   vertex 1.45221176e+01 5.18174438e+01 3.37817993e+01
  endloop
 endfacet
 facet normal -1.65859878e-01 7.17506111e-02 9.83535647e-01
  outer loop
   vertex 1.45221176e+01 5.18174438e+01 3.37817993e+01
   vertex 1.35649948e+01 5.09130707e+01 3.36159744e+01
   vertex 1.38809280e+01 4.99926910e+01 3.38055649e+01
  endloop
 endfacet
 facet normal -2.66281277e-01 1.06885783e-01 9.57950771e-01
  outer loop
   vertex 1.35649948e+01 5.09130707e+01 3.36159744e+01
   vertex 1.42186661e+01 5.27482300e+01 3.35938416e+01
   vertex 1.32638931e+01 5.18675766e+01 3.34258423e+01
  endloop
 endfacet
 facet normal -2.67546088e-01 1.06817789e-01 9.57605898e-01
  outer loop
   vertex 1.32638931e+01 5.18675766e+01 3.34258423e+01
   vertex 1.42186661e+01 5.27482300e+01 3.35938416e+01
   vertex 1.39238205e+01 5.37079391e+01 3.34045258e+01
  endloop
 endfacet
 facet normal -2.63212860e-01 1.07327238e-01 9.58749115e-01
  outer loop
   vertex 1.28495865e+01 4.89176712e+01 3.36425018e+01
   vertex 1.35649948e+01 5.09130707e+01 3.36159744e+01
   vertex 1.25410614e+01 4.98551178e+01 3.34526367e+01
  endloop
 endfacet
 facet normal -2.65269667e-01 1.07640930e-01 9.58146870e-01
  outer loop
   vertex 1.25410614e+01 4.98551178e+01 3.34526367e+01
   vertex 1.35649948e+01 5.09130707e+01 3.36159744e+01
   vertex 1.32638931e+01 5.18675766e+01 3.34258423e+01
  endloop
 endfacet
 facet normal -2.95962662e-01 2.01843247e-01 9.33630228e-01
  outer loop
   vertex 1.63812943e+01 5.92627449e+01 3.35451584e+01
   vertex 1.68527985e+01 5.92880096e+01 3.36954193e+01
   vertex 1.65665436e+01 6.02766457e+01 3.35047531e+01
  endloop
 endfacet
 facet normal -1.56212345e-01 2.39366099e-01 9.58280504e-01
  outer loop
   vertex 1.65665436e+01 6.02766457e+01 3.35047531e+01
   vertex 1.68527985e+01 5.92880096e+01 3.36954193e+01
   vertex 1.72022324e+01 6.05616989e+01 3.36824799e+01
  endloop
 endfacet
 facet normal -2.93319046e-01 1.02076575e-01 9.50549483e-01
  outer loop
   vertex 1.53886642e+01 5.86720238e+01 3.32883911e+01
   vertex 1.48472977e+01 5.78325233e+01 3.32119980e+01
   vertex 1.55427475e+01 5.77840233e+01 3.34294510e+01
  endloop
 endfacet
 facet normal -2.86842942e-01 1.02336735e-01 9.52495813e-01
  outer loop
   vertex 1.55427475e+01 5.77840233e+01 3.34294510e+01
   vertex 1.48472977e+01 5.78325233e+01 3.32119980e+01
   vertex 1.50760727e+01 5.67670860e+01 3.33964233e+01
  endloop
 endfacet
 facet normal -3.01028907e-01 9.84480679e-02 9.48519707e-01
  outer loop
   vertex 1.58973846e+01 5.91024361e+01 3.34058304e+01
   vertex 1.53886642e+01 5.86720238e+01 3.32883911e+01
   vertex 1.58626633e+01 5.83746071e+01 3.34693146e+01
  endloop
 endfacet
 facet normal -2.97423750e-01 9.90936309e-02 9.49589133e-01
  outer loop
   vertex 1.58626633e+01 5.83746071e+01 3.34693146e+01
   vertex 1.53886642e+01 5.86720238e+01 3.32883911e+01
   vertex 1.55427475e+01 5.77840233e+01 3.34294510e+01
  endloop
 endfacet
 facet normal -2.94493377e-01 9.67130959e-02 9.50747192e-01
  outer loop
   vertex 1.58180389e+01 5.71890640e+01 3.35744095e+01
   vertex 1.61478577e+01 5.82373734e+01 3.35726700e+01
   vertex 1.55427475e+01 5.77840233e+01 3.34294510e+01
  endloop
 endfacet
 facet normal -2.97225326e-01 9.70407352e-02 9.49863255e-01
  outer loop
   vertex 1.55427475e+01 5.77840233e+01 3.34294510e+01
   vertex 1.61478577e+01 5.82373734e+01 3.35726700e+01
   vertex 1.58626633e+01 5.83746071e+01 3.34693146e+01
  endloop
 endfacet
 facet normal -2.81526685e-01 9.83897373e-02 9.54495788e-01
  outer loop
   vertex 1.53840179e+01 5.59788284e+01 3.35695267e+01
   vertex 1.58180389e+01 5.71890640e+01 3.35744095e+01
   vertex 1.50760727e+01 5.67670860e+01 3.33964233e+01
  endloop
 endfacet
 facet normal -2.88219035e-01 9.90272984e-02 9.52430248e-01
  outer loop
   vertex 1.50760727e+01 5.67670860e+01 3.33964233e+01
   vertex 1.58180389e+01 5.71890640e+01 3.35744095e+01
   vertex 1.55427475e+01 5.77840233e+01 3.34294510e+01
  endloop
 endfacet
 facet normal -2.61146337e-01 1.08059660e-01 9.59231853e-01
  outer loop
   vertex 1.20451355e+01 4.67174988e+01 3.36723175e+01
   vertex 1.28495865e+01 4.89176712e+01 3.36425018e+01
   vertex 1.17440262e+01 4.76720047e+01 3.34821701e+01
  endloop
 endfacet
 facet normal -2.62307048e-01 1.07985951e-01 9.58923399e-01
  outer loop
   vertex 1.17440262e+01 4.76720047e+01 3.34821701e+01
   vertex 1.28495865e+01 4.89176712e+01 3.36425018e+01
   vertex 1.25410614e+01 4.98551178e+01 3.34526367e+01
  endloop
 endfacet
 facet normal -2.62718171e-01 1.08753085e-01 9.58724141e-01
  outer loop
   vertex 1.11897659e+01 4.43884583e+01 3.37033768e+01
   vertex 1.20451355e+01 4.67174988e+01 3.36723175e+01
   vertex 1.09003067e+01 4.53638611e+01 3.35124969e+01
  endloop
 endfacet
 facet normal -2.61946857e-01 1.08613618e-01 9.58950937e-01
  outer loop
   vertex 1.09003067e+01 4.53638611e+01 3.35124969e+01
   vertex 1.20451355e+01 4.67174988e+01 3.36723175e+01
   vertex 1.17440262e+01 4.76720047e+01 3.34821701e+01
  endloop
 endfacet
 facet normal -2.13392586e-01 9.06749666e-02 9.72749531e-01
  outer loop
   vertex 1.09003067e+01 4.53638611e+01 3.35124969e+01
   vertex 1.17440262e+01 4.76720047e+01 3.34821701e+01
   vertex 1.07135925e+01 4.60247421e+01 3.33868408e+01
  endloop
 endfacet
 facet normal -1.63493633e-01 7.27240816e-02 9.83860254e-01
  outer loop
   vertex 1.07135925e+01 4.60247421e+01 3.33868408e+01
   vertex 1.17440262e+01 4.76720047e+01 3.34821701e+01
   vertex 1.09750137e+01 4.67346458e+01 3.33776779e+01
  endloop
 endfacet
 facet normal -1.63647622e-01 7.27472156e-02 9.83832955e-01
  outer loop
   vertex 1.15669250e+01 4.83393822e+01 3.33573914e+01
   vertex 1.14841766e+01 4.81165085e+01 3.33601608e+01
   vertex 1.17440262e+01 4.76720047e+01 3.34821701e+01
  endloop
 endfacet
 facet normal -1.63634896e-01 7.28329569e-02 9.83828723e-01
  outer loop
   vertex 1.09750137e+01 4.67346458e+01 3.33776779e+01
   vertex 1.17440262e+01 4.76720047e+01 3.34821701e+01
   vertex 1.14841766e+01 4.81165085e+01 3.33601608e+01
  endloop
 endfacet
 facet normal -1.42721772e-01 2.77882159e-01 9.49953675e-01
  outer loop
   vertex 1.22770767e+01 5.08949509e+01 3.32611237e+01
   vertex 1.16873093e+01 4.92819443e+01 3.32829819e+01
   vertex 1.25410614e+01 4.98551178e+01 3.34526367e+01
  endloop
 endfacet
 facet normal -2.14000449e-01 9.08247530e-02 9.72602010e-01
  outer loop
   vertex 1.17440262e+01 4.76720047e+01 3.34821701e+01
   vertex 1.25410614e+01 4.98551178e+01 3.34526367e+01
   vertex 1.15669250e+01 4.83393822e+01 3.33573914e+01
  endloop
 endfacet
 facet normal -1.69579878e-01 8.84113163e-02 9.81542706e-01
  outer loop
   vertex 1.15669250e+01 4.83393822e+01 3.33573914e+01
   vertex 1.25410614e+01 4.98551178e+01 3.34526367e+01
   vertex 1.18531723e+01 4.91136169e+01 3.33478012e+01
  endloop
 endfacet
 facet normal 2.35543447e-03 3.99808347e-01 9.16595757e-01
  outer loop
   vertex 1.16873093e+01 4.92819443e+01 3.32829819e+01
   vertex 1.17851334e+01 4.92126923e+01 3.33177643e+01
   vertex 1.25410614e+01 4.98551178e+01 3.34526367e+01
  endloop
 endfacet
 facet normal -8.41393098e-02 2.32011333e-01 9.69067216e-01
  outer loop
   vertex 1.17851334e+01 4.92126923e+01 3.33177643e+01
   vertex 1.18531723e+01 4.91136169e+01 3.33478012e+01
   vertex 1.25410614e+01 4.98551178e+01 3.34526367e+01
  endloop
 endfacet
 facet normal -4.98942547e-02 -6.52842522e-01 -7.55848706e-01
  outer loop
   vertex 7.26069641e+00 3.20657654e+01 3.24786453e+01
   vertex 6.88461304e+00 3.16349640e+01 3.28957062e+01
   vertex 6.86270905e+00 3.22978363e+01 3.21305618e+01
  endloop
 endfacet
 facet normal -2.39336804e-01 -5.16779840e-01 -8.21983278e-01
  outer loop
   vertex 6.86270905e+00 3.22978363e+01 3.21305618e+01
   vertex 6.88461304e+00 3.16349640e+01 3.28957062e+01
   vertex 6.30230713e+00 3.17578201e+01 3.26350632e+01
  endloop
 endfacet
 facet normal 1.33795008e-01 -7.47110128e-01 -6.51095510e-01
  outer loop
   vertex 7.47982025e+00 3.15587463e+01 3.31054688e+01
   vertex 6.88461304e+00 3.16349640e+01 3.28957062e+01
   vertex 7.57022858e+00 3.18852615e+01 3.27493820e+01
  endloop
 endfacet
 facet normal 1.33796617e-01 -7.47111440e-01 -6.51093662e-01
  outer loop
   vertex 7.57022858e+00 3.18852615e+01 3.27493820e+01
   vertex 6.88461304e+00 3.16349640e+01 3.28957062e+01
   vertex 7.26069641e+00 3.20657654e+01 3.24786453e+01
  endloop
 endfacet
 facet normal 1.67591095e-01 -6.29644752e-01 -7.58591294e-01
  outer loop
   vertex 6.55273438e+00 3.11783752e+01 3.33514252e+01
   vertex 6.88461304e+00 3.16349640e+01 3.28957062e+01
   vertex 7.36357880e+00 3.11389465e+01 3.35632782e+01
  endloop
 endfacet
 facet normal 1.51138082e-01 -6.90863907e-01 -7.07010865e-01
  outer loop
   vertex 7.36357880e+00 3.11389465e+01 3.35632782e+01
   vertex 6.88461304e+00 3.16349640e+01 3.28957062e+01
   vertex 7.47982025e+00 3.15587463e+01 3.31054688e+01
  endloop
 endfacet
 facet normal -3.05946264e-02 -5.88907361e-01 -8.07621241e-01
  outer loop
   vertex 6.88461304e+00 3.16349640e+01 3.28957062e+01
   vertex 6.55273438e+00 3.11783752e+01 3.33514252e+01
   vertex 6.30230713e+00 3.17578201e+01 3.26350632e+01
  endloop
 endfacet
 facet normal -4.31529403e-01 -4.57555443e-01 -7.77447999e-01
  outer loop
   vertex 6.30230713e+00 3.17578201e+01 3.26350632e+01
   vertex 6.55273438e+00 3.11783752e+01 3.33514252e+01
   vertex 5.74187469e+00 3.12177963e+01 3.31395645e+01
  endloop
 endfacet
 facet normal -5.17029986e-02 -7.85279512e-01 -6.16978824e-01
  outer loop
   vertex 7.97019196e+00 3.20312729e+01 3.26640320e+01
   vertex 7.72522736e+00 3.24449921e+01 3.21389618e+01
   vertex 8.48441315e+00 3.22189941e+01 3.25542908e+01
  endloop
 endfacet
 facet normal -2.42713720e-01 -7.94112563e-01 -5.57203054e-01
  outer loop
   vertex 8.48441315e+00 3.22189941e+01 3.25542908e+01
   vertex 7.72522736e+00 3.24449921e+01 3.21389618e+01
   vertex 8.23397064e+00 3.27984390e+01 3.18379440e+01
  endloop
 endfacet
 facet normal 1.33799180e-01 -7.47109175e-01 -6.51095748e-01
  outer loop
   vertex 7.72522736e+00 3.24449921e+01 3.21389618e+01
   vertex 7.97019196e+00 3.20312729e+01 3.26640320e+01
   vertex 7.26069641e+00 3.20657654e+01 3.24786453e+01
  endloop
 endfacet
 facet normal 1.33797765e-01 -7.47110009e-01 -6.51095033e-01
  outer loop
   vertex 7.26069641e+00 3.20657654e+01 3.24786453e+01
   vertex 7.97019196e+00 3.20312729e+01 3.26640320e+01
   vertex 7.57022858e+00 3.18852615e+01 3.27493820e+01
  endloop
 endfacet
 facet normal -2.43901834e-01 -5.12612104e-01 -8.23250115e-01
  outer loop
   vertex 7.42312622e+00 3.28378601e+01 3.16260834e+01
   vertex 7.72522736e+00 3.24449921e+01 3.21389618e+01
   vertex 6.86270905e+00 3.22978363e+01 3.21305618e+01
  endloop
 endfacet
 facet normal -4.98919711e-02 -6.52840912e-01 -7.55850255e-01
  outer loop
   vertex 6.86270905e+00 3.22978363e+01 3.21305618e+01
   vertex 7.72522736e+00 3.24449921e+01 3.21389618e+01
   vertex 7.26069641e+00 3.20657654e+01 3.24786453e+01
  endloop
 endfacet
 facet normal -2.49445871e-01 -6.66373193e-01 -7.02654600e-01
  outer loop
   vertex 7.72522736e+00 3.24449921e+01 3.21389618e+01
   vertex 7.42312622e+00 3.28378601e+01 3.16260834e+01
   vertex 8.23397064e+00 3.27984390e+01 3.18379440e+01
  endloop
 endfacet
 facet normal -5.61558843e-01 -4.31735963e-01 -7.05872297e-01
  outer loop
   vertex 8.23397064e+00 3.27984390e+01 3.18379440e+01
   vertex 7.42312622e+00 3.28378601e+01 3.16260834e+01
   vertex 7.98353577e+00 3.33778839e+01 3.11215897e+01
  endloop
 endfacet
 facet normal 1.51138723e-01 -6.90862477e-01 -7.07012117e-01
  outer loop
   vertex 7.47982025e+00 3.15587463e+01 3.31054688e+01
   vertex 8.10088348e+00 3.15758286e+01 3.32134857e+01
   vertex 7.36357880e+00 3.11389465e+01 3.35632782e+01
  endloop
 endfacet
 facet normal 1.67593732e-01 -6.29645586e-01 -7.58589983e-01
  outer loop
   vertex 7.36357880e+00 3.11389465e+01 3.35632782e+01
   vertex 8.10088348e+00 3.15758286e+01 3.32134857e+01
   vertex 8.17443848e+00 3.10995331e+01 3.37751389e+01
  endloop
 endfacet
 facet normal 1.33797094e-01 -7.47108757e-01 -6.51096642e-01
  outer loop
   vertex 7.97019196e+00 3.20312729e+01 3.26640320e+01
   vertex 8.10088348e+00 3.15758286e+01 3.32134857e+01
   vertex 7.57022858e+00 3.18852615e+01 3.27493820e+01
  endloop
 endfacet
 facet normal 1.33795664e-01 -7.47108817e-01 -6.51096880e-01
  outer loop
   vertex 7.57022858e+00 3.18852615e+01 3.27493820e+01
   vertex 8.10088348e+00 3.15758286e+01 3.32134857e+01
   vertex 7.47982025e+00 3.15587463e+01 3.31054688e+01
  endloop
 endfacet
 facet normal -2.42202058e-01 -7.94131517e-01 -5.57398736e-01
  outer loop
   vertex 8.73485565e+00 3.16395493e+01 3.32706528e+01
   vertex 8.10088348e+00 3.15758286e+01 3.32134857e+01
   vertex 8.48441315e+00 3.22189941e+01 3.25542908e+01
  endloop
 endfacet
 facet normal -5.17045446e-02 -7.85279572e-01 -6.16978645e-01
  outer loop
   vertex 8.48441315e+00 3.22189941e+01 3.25542908e+01
   vertex 8.10088348e+00 3.15758286e+01 3.32134857e+01
   vertex 7.97019196e+00 3.20312729e+01 3.26640320e+01
  endloop
 endfacet
 facet normal -3.49664949e-02 -7.32444346e-01 -6.79928362e-01
  outer loop
   vertex 8.10088348e+00 3.15758286e+01 3.32134857e+01
   vertex 8.73485565e+00 3.16395493e+01 3.32706528e+01
   vertex 8.17443848e+00 3.10995331e+01 3.37751389e+01
  endloop
 endfacet
 facet normal -6.08327724e-02 -9.60682273e-01 -2.70903856e-01
  outer loop
   vertex 8.17443848e+00 3.10995331e+01 3.37751389e+01
   vertex 8.73485565e+00 3.16395493e+01 3.32706528e+01
   vertex 8.98528290e+00 3.10601044e+01 3.39870071e+01
  endloop
 endfacet
 facet normal -2.31214792e-01 -1.79243714e-01 -9.56248641e-01
  outer loop
   vertex 3.44364624e+01 4.06140900e+00 6.11942291e-01
   vertex 3.50309525e+01 3.59540558e+00 5.89908600e-01
   vertex 3.37734299e+01 1.11942291e+00 6.36512756e-01
  endloop
 endfacet
 facet normal -4.17282075e-01 -3.54600310e-01 -8.36740255e-01
  outer loop
   vertex 3.37734299e+01 1.11942291e+00 6.36512756e-01
   vertex 3.50309525e+01 3.59540558e+00 5.89908600e-01
   vertex 3.42983551e+01 5.59715271e-01 6.17057800e-01
  endloop
 endfacet
 facet normal -3.70355248e-02 1.31017543e-07 -9.99313951e-01
  outer loop
   vertex 3.50309525e+01 3.59540558e+00 5.89908600e-01
   vertex 3.44364624e+01 4.06140900e+00 6.11942291e-01
   vertex 3.57626038e+01 6.63623810e+00 5.62793732e-01
  endloop
 endfacet
 facet normal -3.70351486e-02 -2.68676388e-08 -9.99313951e-01
  outer loop
   vertex 3.57626038e+01 6.63623810e+00 5.62793732e-01
   vertex 3.44364624e+01 4.06140900e+00 6.11942291e-01
   vertex 3.50980606e+01 7.01109314e+00 5.87421417e-01
  endloop
 endfacet
 facet normal 4.58834320e-01 -1.25266761e-01 -8.79647255e-01
  outer loop
   vertex 3.56254578e+01 3.12940979e+00 5.67874908e-01
   vertex 3.50309525e+01 3.59540558e+00 5.89908600e-01
   vertex 3.64276123e+01 6.25881958e+00 5.38146973e-01
  endloop
 endfacet
 facet normal 2.10196674e-01 -6.26199618e-02 -9.75651622e-01
  outer loop
   vertex 3.64276123e+01 6.25881958e+00 5.38146973e-01
   vertex 3.50309525e+01 3.59540558e+00 5.89908600e-01
   vertex 3.57626038e+01 6.63623810e+00 5.62793732e-01
  endloop
 endfacet
 facet normal 2.63041686e-02 -2.66222239e-01 -9.63552713e-01
  outer loop
   vertex 3.50309525e+01 3.59540558e+00 5.89908600e-01
   vertex 3.56254578e+01 3.12940979e+00 5.67874908e-01
   vertex 3.42983551e+01 5.59715271e-01 6.17057800e-01
  endloop
 endfacet
 facet normal 1.14909627e-01 -5.96956372e-01 -7.94001818e-01
  outer loop
   vertex 3.42983551e+01 5.59715271e-01 6.17057800e-01
   vertex 3.56254578e+01 3.12940979e+00 5.67874908e-01
   vertex 3.48232880e+01 0.00000000e+00 5.97606659e-01
  endloop
 endfacet
 facet normal -3.29415411e-01 5.60083576e-02 -9.42522466e-01
  outer loop
   vertex 3.38419571e+01 4.52740479e+00 6.33972168e-01
   vertex 3.32474594e+01 4.99340057e+00 6.56005859e-01
   vertex 3.44344711e+01 7.38081360e+00 6.12014771e-01
  endloop
 endfacet
 facet normal -6.12960458e-01 1.10162131e-01 -7.82396197e-01
  outer loop
   vertex 3.44344711e+01 7.38081360e+00 6.12014771e-01
   vertex 3.32474594e+01 4.99340057e+00 6.56005859e-01
   vertex 3.37713547e+01 7.74796295e+00 6.36589050e-01
  endloop
 endfacet
 facet normal -3.70348804e-02 -1.31646956e-07 -9.99313951e-01
  outer loop
   vertex 3.44364624e+01 4.06140900e+00 6.11942291e-01
   vertex 3.38419571e+01 4.52740479e+00 6.33972168e-01
   vertex 3.50980606e+01 7.01109314e+00 5.87421417e-01
  endloop
 endfacet
 facet normal -3.70348655e-02 -1.13000198e-07 -9.99313951e-01
  outer loop
   vertex 3.50980606e+01 7.01109314e+00 5.87421417e-01
   vertex 3.38419571e+01 4.52740479e+00 6.33972168e-01
   vertex 3.44344711e+01 7.38081360e+00 6.12014771e-01
  endloop
 endfacet
 facet normal -2.38274932e-01 -1.84309274e-01 -9.53548729e-01
  outer loop
   vertex 3.38419571e+01 4.52740479e+00 6.33972168e-01
   vertex 3.44364624e+01 4.06140900e+00 6.11942291e-01
   vertex 3.32485046e+01 1.67913055e+00 6.55967712e-01
  endloop
 endfacet
 facet normal -4.29351330e-01 -3.63557994e-01 -8.26730311e-01
  outer loop
   vertex 3.32485046e+01 1.67913055e+00 6.55967712e-01
   vertex 3.44364624e+01 4.06140900e+00 6.11942291e-01
   vertex 3.37734299e+01 1.11942291e+00 6.36512756e-01
  endloop
 endfacet
 facet normal -6.48168027e-01 -2.10683811e-02 -7.61205852e-01
  outer loop
   vertex 3.32474594e+01 4.99340057e+00 6.56005859e-01
   vertex 3.38419571e+01 4.52740479e+00 6.33972168e-01
   vertex 3.27235718e+01 2.23885345e+00 6.75422668e-01
  endloop
 endfacet
 facet normal -5.56334019e-01 -2.68782943e-01 -7.86287606e-01
  outer loop
   vertex 3.27235718e+01 2.23885345e+00 6.75422668e-01
   vertex 3.38419571e+01 4.52740479e+00 6.33972168e-01
   vertex 3.32485046e+01 1.67913055e+00 6.55967712e-01
  endloop
 endfacet
 facet normal -3.70349921e-02 1.14013289e-07 -9.99313951e-01
  outer loop
   vertex 3.57568283e+01 9.97620392e+00 5.63007355e-01
   vertex 3.50250854e+01 1.02445068e+01 5.90126038e-01
   vertex 3.64094391e+01 1.29747162e+01 5.38822174e-01
  endloop
 endfacet
 facet normal -3.70349102e-02 -4.76088902e-09 -9.99313951e-01
  outer loop
   vertex 3.64094391e+01 1.29747162e+01 5.38822174e-01
   vertex 3.50250854e+01 1.02445068e+01 5.90126038e-01
   vertex 3.56259232e+01 1.31648865e+01 5.67859650e-01
  endloop
 endfacet
 facet normal -3.70350368e-02 1.28226048e-07 -9.99313951e-01
  outer loop
   vertex 3.50250854e+01 1.02445068e+01 5.90126038e-01
   vertex 3.57568283e+01 9.97620392e+00 5.63007355e-01
   vertex 3.44344711e+01 7.38081360e+00 6.12014771e-01
  endloop
 endfacet
 facet normal -3.70349139e-02 1.48171058e-08 -9.99313951e-01
  outer loop
   vertex 3.44344711e+01 7.38081360e+00 6.12014771e-01
   vertex 3.57568283e+01 9.97620392e+00 5.63007355e-01
   vertex 3.50980606e+01 7.01109314e+00 5.87421417e-01
  endloop
 endfacet
 facet normal -6.06402278e-01 1.08673334e-01 -7.87696838e-01
  outer loop
   vertex 3.42952347e+01 1.05025177e+01 6.17176056e-01
   vertex 3.50250854e+01 1.02445068e+01 5.90126038e-01
   vertex 3.37713547e+01 7.74796295e+00 6.36589050e-01
  endloop
 endfacet
 facet normal -3.24474573e-01 5.41551374e-02 -9.44342852e-01
  outer loop
   vertex 3.37713547e+01 7.74796295e+00 6.36589050e-01
   vertex 3.50250854e+01 1.02445068e+01 5.90126038e-01
   vertex 3.44344711e+01 7.38081360e+00 6.12014771e-01
  endloop
 endfacet
 facet normal -3.22751671e-01 5.45177348e-02 -9.44912255e-01
  outer loop
   vertex 3.50250854e+01 1.02445068e+01 5.90126038e-01
   vertex 3.42952347e+01 1.05025177e+01 6.17176056e-01
   vertex 3.56259232e+01 1.31648865e+01 5.67859650e-01
  endloop
 endfacet
 facet normal -6.02991164e-01 1.10097349e-01 -7.90114045e-01
  outer loop
   vertex 3.56259232e+01 1.31648865e+01 5.67859650e-01
   vertex 3.42952347e+01 1.05025177e+01 6.17176056e-01
   vertex 3.48191223e+01 1.32570801e+01 5.97759247e-01
  endloop
 endfacet
 facet normal 2.14171007e-01 -6.23620600e-02 -9.74803448e-01
  outer loop
   vertex 3.64923630e+01 9.68735504e+00 5.35747528e-01
   vertex 3.72297745e+01 9.38822174e+00 5.08419037e-01
   vertex 3.57626038e+01 6.63623810e+00 5.62793732e-01
  endloop
 endfacet
 facet normal 4.64155644e-01 -1.24983832e-01 -8.76891434e-01
  outer loop
   vertex 3.57626038e+01 6.63623810e+00 5.62793732e-01
   vertex 3.72297745e+01 9.38822174e+00 5.08419037e-01
   vertex 3.64276123e+01 6.25881958e+00 5.38146973e-01
  endloop
 endfacet
 facet normal -3.70350331e-02 6.95997642e-08 -9.99313951e-01
  outer loop
   vertex 3.57568283e+01 9.97620392e+00 5.63007355e-01
   vertex 3.64923630e+01 9.68735504e+00 5.35747528e-01
   vertex 3.50980606e+01 7.01109314e+00 5.87421417e-01
  endloop
 endfacet
 facet normal -3.70352566e-02 4.65617802e-08 -9.99313951e-01
  outer loop
   vertex 3.50980606e+01 7.01109314e+00 5.87421417e-01
   vertex 3.64923630e+01 9.68735504e+00 5.35747528e-01
   vertex 3.57626038e+01 6.63623810e+00 5.62793732e-01
  endloop
 endfacet
 facet normal -3.70351747e-02 1.81900134e-07 -9.99313951e-01
  outer loop
   vertex 3.64923630e+01 9.68735504e+00 5.35747528e-01
   vertex 3.57568283e+01 9.97620392e+00 5.63007355e-01
   vertex 3.71986237e+01 1.27536926e+01 5.09574890e-01
  endloop
 endfacet
 facet normal -3.70350108e-02 1.12904729e-07 -9.99313951e-01
  outer loop
   vertex 3.71986237e+01 1.27536926e+01 5.09574890e-01
   vertex 3.57568283e+01 9.97620392e+00 5.63007355e-01
   vertex 3.64094391e+01 1.29747162e+01 5.38822174e-01
  endloop
 endfacet
 facet normal 4.80457634e-01 -1.24477573e-01 -8.68139267e-01
  outer loop
   vertex 3.72297745e+01 9.38822174e+00 5.08419037e-01
   vertex 3.64923630e+01 9.68735504e+00 5.35747528e-01
   vertex 3.80319443e+01 1.25176239e+01 4.78691101e-01
  endloop
 endfacet
 facet normal 2.26302221e-01 -6.21021353e-02 -9.72075403e-01
  outer loop
   vertex 3.80319443e+01 1.25176239e+01 4.78691101e-01
   vertex 3.64923630e+01 9.68735504e+00 5.35747528e-01
   vertex 3.71986237e+01 1.27536926e+01 5.09574890e-01
  endloop
 endfacet
 facet normal -3.69154774e-02 4.32976143e-04 -9.99318302e-01
  outer loop
   vertex 4.02076950e+01 2.83402328e+01 3.98056030e-01
   vertex 3.96922531e+01 2.51899338e+01 4.17160034e-01
   vertex 3.93829422e+01 2.84630890e+01 4.28623199e-01
  endloop
 endfacet
 facet normal -3.69183309e-02 2.23381299e-04 -9.99318242e-01
  outer loop
   vertex 3.93829422e+01 2.84630890e+01 4.28623199e-01
   vertex 3.96922531e+01 2.51899338e+01 4.17160034e-01
   vertex 3.88641663e+01 2.53325424e+01 4.47849274e-01
  endloop
 endfacet
 facet normal 2.19295144e-01 -3.91192585e-02 -9.74874020e-01
  outer loop
   vertex 4.02076950e+01 2.83402328e+01 3.98056030e-01
   vertex 4.10433121e+01 2.82150726e+01 3.67088318e-01
   vertex 3.96922531e+01 2.51899338e+01 4.17160034e-01
  endloop
 endfacet
 facet normal 4.91292447e-01 -8.40124935e-02 -8.66933465e-01
  outer loop
   vertex 3.96922531e+01 2.51899338e+01 4.17160034e-01
   vertex 4.10433121e+01 2.82150726e+01 3.67088318e-01
   vertex 4.05800781e+01 2.50294647e+01 3.84254456e-01
  endloop
 endfacet
 facet normal -3.67385857e-02 1.41027349e-03 -9.99323905e-01
  outer loop
   vertex 3.93829422e+01 2.84630890e+01 4.28623199e-01
   vertex 3.85798798e+01 2.85813522e+01 4.58381653e-01
   vertex 3.98445511e+01 3.15305481e+01 4.16355133e-01
  endloop
 endfacet
 facet normal -3.57985422e-02 1.81426911e-03 -9.99357402e-01
  outer loop
   vertex 3.98445511e+01 3.15305481e+01 4.16355133e-01
   vertex 3.85798798e+01 2.85813522e+01 4.58381653e-01
   vertex 3.90385818e+01 3.16528397e+01 4.44610596e-01
  endloop
 endfacet
 facet normal -3.69263850e-02 1.80782619e-04 -9.99317944e-01
  outer loop
   vertex 3.80686264e+01 2.54682617e+01 4.77333069e-01
   vertex 3.85798798e+01 2.85813522e+01 4.58381653e-01
   vertex 3.88641663e+01 2.53325424e+01 4.47849274e-01
  endloop
 endfacet
 facet normal -3.68091464e-02 4.03932092e-04 -9.99322236e-01
  outer loop
   vertex 3.88641663e+01 2.53325424e+01 4.47849274e-01
   vertex 3.85798798e+01 2.85813522e+01 4.58381653e-01
   vertex 3.93829422e+01 2.84630890e+01 4.28623199e-01
  endloop
 endfacet
 facet normal -5.45433462e-01 8.41926336e-02 -8.33914816e-01
  outer loop
   vertex 3.77876740e+01 2.86973190e+01 4.87751007e-01
   vertex 3.85798798e+01 2.85813522e+01 4.58381653e-01
   vertex 3.73327332e+01 2.55965576e+01 5.04604340e-01
  endloop
 endfacet
 facet normal -2.88274199e-01 4.44209203e-02 -9.56516981e-01
  outer loop
   vertex 3.73327332e+01 2.55965576e+01 5.04604340e-01
   vertex 3.85798798e+01 2.85813522e+01 4.58381653e-01
   vertex 3.80686264e+01 2.54682617e+01 4.77333069e-01
  endloop
 endfacet
 facet normal -3.70348915e-02 -1.70743050e-07 -9.99313951e-01
  outer loop
   vertex 3.70525665e+01 1.60245972e+01 5.14987946e-01
   vertex 3.78598328e+01 1.58402328e+01 4.85069275e-01
   vertex 3.64094391e+01 1.29747162e+01 5.38822174e-01
  endloop
 endfacet
 facet normal -3.70350592e-02 -1.58908247e-08 -9.99313951e-01
  outer loop
   vertex 3.64094391e+01 1.29747162e+01 5.38822174e-01
   vertex 3.78598328e+01 1.58402328e+01 4.85069275e-01
   vertex 3.71986237e+01 1.27536926e+01 5.09574890e-01
  endloop
 endfacet
 facet normal -3.70350592e-02 -2.08084032e-07 -9.99313951e-01
  outer loop
   vertex 3.78598328e+01 1.58402328e+01 4.85069275e-01
   vertex 3.70525665e+01 1.60245972e+01 5.14987946e-01
   vertex 3.84921188e+01 1.89431534e+01 4.61635590e-01
  endloop
 endfacet
 facet normal -3.70350480e-02 -1.41624213e-07 -9.99313951e-01
  outer loop
   vertex 3.84921188e+01 1.89431534e+01 4.61635590e-01
   vertex 3.70525665e+01 1.60245972e+01 5.14987946e-01
   vertex 3.76814117e+01 1.91096115e+01 4.91680145e-01
  endloop
 endfacet
 facet normal 4.69489992e-01 -1.02571234e-01 -8.76959682e-01
  outer loop
   vertex 3.86689835e+01 1.56455841e+01 4.55081940e-01
   vertex 3.78598328e+01 1.58402328e+01 4.85069275e-01
   vertex 3.93060074e+01 1.87735443e+01 4.31472778e-01
  endloop
 endfacet
 facet normal 2.13937595e-01 -5.09326644e-02 -9.75518584e-01
  outer loop
   vertex 3.93060074e+01 1.87735443e+01 4.31472778e-01
   vertex 3.78598328e+01 1.58402328e+01 4.85069275e-01
   vertex 3.84921188e+01 1.89431534e+01 4.61635590e-01
  endloop
 endfacet
 facet normal 2.15762451e-01 -5.16387820e-02 -9.75079477e-01
  outer loop
   vertex 3.78598328e+01 1.58402328e+01 4.85069275e-01
   vertex 3.86689835e+01 1.56455841e+01 4.55081940e-01
   vertex 3.71986237e+01 1.27536926e+01 5.09574890e-01
  endloop
 endfacet
 facet normal 4.82061654e-01 -1.13714993e-01 -8.68726373e-01
  outer loop
   vertex 3.71986237e+01 1.27536926e+01 5.09574890e-01
   vertex 3.86689835e+01 1.56455841e+01 4.55081940e-01
   vertex 3.80319443e+01 1.25176239e+01 4.78691101e-01
  endloop
 endfacet
 facet normal -3.08643699e-01 5.49401529e-02 -9.49589729e-01
  outer loop
   vertex 3.68770752e+01 1.92697830e+01 5.21492004e-01
   vertex 3.62490997e+01 1.61884079e+01 5.44761658e-01
   vertex 3.60759277e+01 1.94268188e+01 5.51181793e-01
  endloop
 endfacet
 facet normal -5.83238125e-01 1.11210383e-01 -8.04652452e-01
  outer loop
   vertex 3.60759277e+01 1.94268188e+01 5.51181793e-01
   vertex 3.62490997e+01 1.61884079e+01 5.44761658e-01
   vertex 3.54475250e+01 1.63419495e+01 5.74470520e-01
  endloop
 endfacet
 facet normal -3.70349735e-02 -8.48238528e-08 -9.99313951e-01
  outer loop
   vertex 3.62490997e+01 1.61884079e+01 5.44761658e-01
   vertex 3.68770752e+01 1.92697830e+01 5.21492004e-01
   vertex 3.70525665e+01 1.60245972e+01 5.14987946e-01
  endloop
 endfacet
 facet normal -3.70350927e-02 -7.28023366e-08 -9.99313951e-01
  outer loop
   vertex 3.70525665e+01 1.60245972e+01 5.14987946e-01
   vertex 3.68770752e+01 1.92697830e+01 5.21492004e-01
   vertex 3.76814117e+01 1.91096115e+01 4.91680145e-01
  endloop
 endfacet
 facet normal -3.70348133e-02 -1.77127191e-07 -9.99313951e-01
  outer loop
   vertex 3.62490997e+01 1.61884079e+01 5.44761658e-01
   vertex 3.70525665e+01 1.60245972e+01 5.14987946e-01
   vertex 3.56259232e+01 1.31648865e+01 5.67859650e-01
  endloop
 endfacet
 facet normal -3.70347649e-02 -1.60721669e-07 -9.99313951e-01
  outer loop
   vertex 3.56259232e+01 1.31648865e+01 5.67859650e-01
   vertex 3.70525665e+01 1.60245972e+01 5.14987946e-01
   vertex 3.64094391e+01 1.29747162e+01 5.38822174e-01
  endloop
 endfacet
 facet normal -3.15074325e-01 5.62697127e-02 -9.47397411e-01
  outer loop
   vertex 3.62490997e+01 1.61884079e+01 5.44761658e-01
   vertex 3.56259232e+01 1.31648865e+01 5.67859650e-01
   vertex 3.54475250e+01 1.63419495e+01 5.74470520e-01
  endloop
 endfacet
 facet normal -5.95426321e-01 1.11852944e-01 -7.95585573e-01
  outer loop
   vertex 3.54475250e+01 1.63419495e+01 5.74470520e-01
   vertex 3.56259232e+01 1.31648865e+01 5.67859650e-01
   vertex 3.48191223e+01 1.32570801e+01 5.97759247e-01
  endloop
 endfacet
 facet normal -3.70353684e-02 2.97395786e-07 -9.99313951e-01
  outer loop
   vertex 3.74923096e+01 2.23637390e+01 4.98687744e-01
   vertex 3.80686264e+01 2.54682617e+01 4.77333069e-01
   vertex 3.82911377e+01 2.22134933e+01 4.69085693e-01
  endloop
 endfacet
 facet normal -3.70352492e-02 2.36745436e-07 -9.99313951e-01
  outer loop
   vertex 3.82911377e+01 2.22134933e+01 4.69085693e-01
   vertex 3.80686264e+01 2.54682617e+01 4.77333069e-01
   vertex 3.88641663e+01 2.53325424e+01 4.47849274e-01
  endloop
 endfacet
 facet normal -3.70352343e-02 8.24090449e-08 -9.99313951e-01
  outer loop
   vertex 3.68770752e+01 1.92697830e+01 5.21492004e-01
   vertex 3.74923096e+01 2.23637390e+01 4.98687744e-01
   vertex 3.76814117e+01 1.91096115e+01 4.91680145e-01
  endloop
 endfacet
 facet normal -3.70351598e-02 1.61165644e-07 -9.99313951e-01
  outer loop
   vertex 3.76814117e+01 1.91096115e+01 4.91680145e-01
   vertex 3.74923096e+01 2.23637390e+01 4.98687744e-01
   vertex 3.82911377e+01 2.22134933e+01 4.69085693e-01
  endloop
 endfacet
 facet normal -2.97908455e-01 5.18322773e-02 -9.53186214e-01
  outer loop
   vertex 3.74923096e+01 2.23637390e+01 4.98687744e-01
   vertex 3.68770752e+01 1.92697830e+01 5.21492004e-01
   vertex 3.67043381e+01 2.25116882e+01 5.27893066e-01
  endloop
 endfacet
 facet normal -5.66328585e-01 1.06770180e-01 -8.17234397e-01
  outer loop
   vertex 3.67043381e+01 2.25116882e+01 5.27893066e-01
   vertex 3.68770752e+01 1.92697830e+01 5.21492004e-01
   vertex 3.60759277e+01 1.94268188e+01 5.51181793e-01
  endloop
 endfacet
 facet normal -2.88385123e-01 4.42258902e-02 -9.56492603e-01
  outer loop
   vertex 3.80686264e+01 2.54682617e+01 4.77333069e-01
   vertex 3.74923096e+01 2.23637390e+01 4.98687744e-01
   vertex 3.73327332e+01 2.55965576e+01 5.04604340e-01
  endloop
 endfacet
 facet normal -5.46371520e-01 9.60409641e-02 -8.32018197e-01
  outer loop
   vertex 3.73327332e+01 2.55965576e+01 5.04604340e-01
   vertex 3.74923096e+01 2.23637390e+01 4.98687744e-01
   vertex 3.67043381e+01 2.25116882e+01 5.27893066e-01
  endloop
 endfacet
 facet normal 2.13937446e-01 -5.09324595e-02 -9.75518644e-01
  outer loop
   vertex 3.84921188e+01 1.89431534e+01 4.61635590e-01
   vertex 3.91116562e+01 2.20586472e+01 4.38674927e-01
   vertex 3.93060074e+01 1.87735443e+01 4.31472778e-01
  endloop
 endfacet
 facet normal 4.70150143e-01 -1.01938583e-01 -8.76679718e-01
  outer loop
   vertex 3.93060074e+01 1.87735443e+01 4.31472778e-01
   vertex 3.91116562e+01 2.20586472e+01 4.38674927e-01
   vertex 3.99430389e+01 2.19015045e+01 4.07863617e-01
  endloop
 endfacet
 facet normal -3.70353609e-02 2.21441070e-07 -9.99313951e-01
  outer loop
   vertex 3.82911377e+01 2.22134933e+01 4.69085693e-01
   vertex 3.91116562e+01 2.20586472e+01 4.38674927e-01
   vertex 3.76814117e+01 1.91096115e+01 4.91680145e-01
  endloop
 endfacet
 facet normal -3.70353870e-02 7.38625943e-08 -9.99313951e-01
  outer loop
   vertex 3.76814117e+01 1.91096115e+01 4.91680145e-01
   vertex 3.91116562e+01 2.20586472e+01 4.38674927e-01
   vertex 3.84921188e+01 1.89431534e+01 4.61635590e-01
  endloop
 endfacet
 facet normal -3.70355286e-02 2.24317816e-07 -9.99313951e-01
  outer loop
   vertex 3.96922531e+01 2.51899338e+01 4.17160034e-01
   vertex 3.91116562e+01 2.20586472e+01 4.38674927e-01
   vertex 3.88641663e+01 2.53325424e+01 4.47849274e-01
  endloop
 endfacet
 facet normal -3.70352156e-02 2.29241181e-07 -9.99313951e-01
  outer loop
   vertex 3.88641663e+01 2.53325424e+01 4.47849274e-01
   vertex 3.91116562e+01 2.20586472e+01 4.38674927e-01
   vertex 3.82911377e+01 2.22134933e+01 4.69085693e-01
  endloop
 endfacet
 facet normal 2.16416046e-01 -5.10055721e-02 -9.74967957e-01
  outer loop
   vertex 3.91116562e+01 2.20586472e+01 4.38674927e-01
   vertex 3.96922531e+01 2.51899338e+01 4.17160034e-01
   vertex 3.99430389e+01 2.19015045e+01 4.07863617e-01
  endloop
 endfacet
 facet normal 4.88416642e-01 -9.57316086e-02 -8.67343426e-01
  outer loop
   vertex 3.99430389e+01 2.19015045e+01 4.07863617e-01
   vertex 3.96922531e+01 2.51899338e+01 4.17160034e-01
   vertex 4.05800781e+01 2.50294647e+01 3.84254456e-01
  endloop
 endfacet
 facet normal 7.34197915e-01 -9.06629786e-02 6.72854841e-01
  outer loop
   vertex 2.72823181e+01 5.34156876e+01 2.17051315e+01
   vertex 2.76526108e+01 5.54388885e+01 2.15688477e+01
   vertex 2.41331482e+01 5.64133301e+01 2.55353546e+01
  endloop
 endfacet
 facet normal 7.37339497e-01 -8.36162940e-02 6.70327365e-01
  outer loop
   vertex 2.41331482e+01 5.64133301e+01 2.55353546e+01
   vertex 2.76526108e+01 5.54388885e+01 2.15688477e+01
   vertex 2.45649719e+01 5.84372253e+01 2.53316879e+01
  endloop
 endfacet
 facet normal 7.24947453e-01 -1.08131044e-01 6.80263877e-01
  outer loop
   vertex 2.68772049e+01 5.12264175e+01 2.17931213e+01
   vertex 2.72823181e+01 5.34156876e+01 2.17051315e+01
   vertex 2.36793060e+01 5.42426682e+01 2.56757050e+01
  endloop
 endfacet
 facet normal 7.27436662e-01 -1.03596136e-01 6.78309500e-01
  outer loop
   vertex 2.36793060e+01 5.42426682e+01 2.56757050e+01
   vertex 2.72823181e+01 5.34156876e+01 2.17051315e+01
   vertex 2.41331482e+01 5.64133301e+01 2.55353546e+01
  endloop
 endfacet
 facet normal 7.99399436e-01 5.56012206e-02 5.98221540e-01
  outer loop
   vertex 2.88981857e+01 6.28880424e+01 2.01318207e+01
   vertex 2.86145477e+01 6.10092621e+01 2.06639328e+01
   vertex 3.16402817e+01 5.99400215e+01 1.67418365e+01
  endloop
 endfacet
 facet normal 7.96072066e-01 4.18184549e-02 6.03755355e-01
  outer loop
   vertex 3.16402817e+01 5.99400215e+01 1.67418365e+01
   vertex 2.86145477e+01 6.10092621e+01 2.06639328e+01
   vertex 3.14408951e+01 5.80308151e+01 1.71624069e+01
  endloop
 endfacet
 facet normal 7.84870923e-01 1.63332820e-02 6.19444013e-01
  outer loop
   vertex 2.86145477e+01 6.10092621e+01 2.06639328e+01
   vertex 2.83126907e+01 5.91859589e+01 2.10688629e+01
   vertex 3.14408951e+01 5.80308151e+01 1.71624069e+01
  endloop
 endfacet
 facet normal 7.81040490e-01 3.19562387e-03 6.24472201e-01
  outer loop
   vertex 3.14408951e+01 5.80308151e+01 1.71624069e+01
   vertex 2.83126907e+01 5.91859589e+01 2.10688629e+01
   vertex 3.12157669e+01 5.62025528e+01 1.74747849e+01
  endloop
 endfacet
 facet normal 8.16260755e-01 1.16071314e-01 5.65902650e-01
  outer loop
   vertex 2.91621552e+01 6.48946838e+01 1.94555206e+01
   vertex 2.94050293e+01 6.71015778e+01 1.86180267e+01
   vertex 2.64745255e+01 6.78012390e+01 2.27336426e+01
  endloop
 endfacet
 facet normal 8.19245398e-01 1.27144545e-01 5.59170187e-01
  outer loop
   vertex 2.64745255e+01 6.78012390e+01 2.27336426e+01
   vertex 2.94050293e+01 6.71015778e+01 1.86180267e+01
   vertex 2.68315201e+01 6.98933029e+01 2.17503128e+01
  endloop
 endfacet
 facet normal 8.06133866e-01 8.28159675e-02 5.85909307e-01
  outer loop
   vertex 2.88981857e+01 6.28880424e+01 2.01318207e+01
   vertex 2.91621552e+01 6.48946838e+01 1.94555206e+01
   vertex 2.61170120e+01 6.58729248e+01 2.35232544e+01
  endloop
 endfacet
 facet normal 8.09520483e-01 9.49408635e-02 5.79364121e-01
  outer loop
   vertex 2.61170120e+01 6.58729248e+01 2.35232544e+01
   vertex 2.91621552e+01 6.48946838e+01 1.94555206e+01
   vertex 2.64745255e+01 6.78012390e+01 2.27336426e+01
  endloop
 endfacet
 facet normal 8.29667211e-01 2.82021552e-01 4.81784344e-01
  outer loop
   vertex 2.94130249e+01 8.54860229e+01 1.11318855e+01
   vertex 2.91116257e+01 8.79734421e+01 1.01786537e+01
   vertex 2.81419296e+01 8.65281601e+01 1.27092247e+01
  endloop
 endfacet
 facet normal 8.29416990e-01 2.86848933e-01 4.79359061e-01
  outer loop
   vertex 2.81419296e+01 8.65281601e+01 1.27092247e+01
   vertex 2.91116257e+01 8.79734421e+01 1.01786537e+01
   vertex 2.80655365e+01 8.87056580e+01 1.15477638e+01
  endloop
 endfacet
 facet normal 8.30246687e-01 2.85870850e-01 4.78506327e-01
  outer loop
   vertex 2.91116257e+01 8.79734421e+01 1.01786537e+01
   vertex 2.94130249e+01 8.54860229e+01 1.11318855e+01
   vertex 3.01444168e+01 8.72479935e+01 8.82285690e+00
  endloop
 endfacet
 facet normal 8.31077635e-01 2.80508518e-01 4.80234236e-01
  outer loop
   vertex 3.01444168e+01 8.72479935e+01 8.82285690e+00
   vertex 2.94130249e+01 8.54860229e+01 1.11318855e+01
   vertex 3.06676178e+01 8.44555206e+01 9.56523895e+00
  endloop
 endfacet
 facet normal 6.67859972e-01 4.32179511e-01 6.05957031e-01
  outer loop
   vertex 2.68603897e+01 8.75756683e+01 1.43012886e+01
   vertex 2.55736160e+01 8.86258545e+01 1.59007263e+01
   vertex 2.66866531e+01 8.57032623e+01 1.56453247e+01
  endloop
 endfacet
 facet normal 4.46590364e-01 5.68658769e-01 6.90785229e-01
  outer loop
   vertex 2.66866531e+01 8.57032623e+01 1.56453247e+01
   vertex 2.55736160e+01 8.86258545e+01 1.59007263e+01
   vertex 2.51906433e+01 8.70936508e+01 1.74191437e+01
  endloop
 endfacet
 facet normal 8.30753505e-01 2.81614482e-01 4.80147779e-01
  outer loop
   vertex 2.68603897e+01 8.75756683e+01 1.43012886e+01
   vertex 2.81419296e+01 8.65281601e+01 1.27092247e+01
   vertex 2.70113983e+01 8.94388046e+01 1.29371529e+01
  endloop
 endfacet
 facet normal 8.30332577e-01 2.86581159e-01 4.77932066e-01
  outer loop
   vertex 2.70113983e+01 8.94388046e+01 1.29371529e+01
   vertex 2.81419296e+01 8.65281601e+01 1.27092247e+01
   vertex 2.80655365e+01 8.87056580e+01 1.15477638e+01
  endloop
 endfacet
 facet normal 8.28620255e-01 2.99044162e-01 4.73245233e-01
  outer loop
   vertex 2.79666138e+01 9.08802032e+01 1.03537865e+01
   vertex 2.71479950e+01 9.13138885e+01 1.15139542e+01
   vertex 2.80655365e+01 8.87056580e+01 1.15477638e+01
  endloop
 endfacet
 facet normal 8.29957783e-01 2.94871509e-01 4.73519653e-01
  outer loop
   vertex 2.80655365e+01 8.87056580e+01 1.15477638e+01
   vertex 2.71479950e+01 9.13138885e+01 1.15139542e+01
   vertex 2.70113983e+01 8.94388046e+01 1.29371529e+01
  endloop
 endfacet
 facet normal 8.27764332e-01 3.05114478e-01 4.70862329e-01
  outer loop
   vertex 2.71479950e+01 9.13138885e+01 1.15139542e+01
   vertex 2.79666138e+01 9.08802032e+01 1.03537865e+01
   vertex 2.72746277e+01 9.31943512e+01 1.00578613e+01
  endloop
 endfacet
 facet normal 8.27264190e-01 3.07375729e-01 4.70270216e-01
  outer loop
   vertex 2.72746277e+01 9.31943512e+01 1.00578613e+01
   vertex 2.79666138e+01 9.08802032e+01 1.03537865e+01
   vertex 2.78510818e+01 9.30518646e+01 9.13803482e+00
  endloop
 endfacet
 facet normal 8.28405023e-01 3.07706654e-01 4.68040287e-01
  outer loop
   vertex 2.84227448e+01 9.29101639e+01 8.22391129e+00
   vertex 2.87788696e+01 9.04466705e+01 9.20821381e+00
   vertex 2.89868927e+01 9.27696228e+01 7.31643677e+00
  endloop
 endfacet
 facet normal 8.29288065e-01 3.04921597e-01 4.68299121e-01
  outer loop
   vertex 2.89868927e+01 9.27696228e+01 7.31643677e+00
   vertex 2.87788696e+01 9.04466705e+01 9.20821381e+00
   vertex 2.95807114e+01 9.00169373e+01 8.07311249e+00
  endloop
 endfacet
 facet normal 8.27845156e-01 3.04965019e-01 4.70817149e-01
  outer loop
   vertex 2.79666138e+01 9.08802032e+01 1.03537865e+01
   vertex 2.87788696e+01 9.04466705e+01 9.20821381e+00
   vertex 2.78510818e+01 9.30518646e+01 9.13803482e+00
  endloop
 endfacet
 facet normal 8.27627063e-01 3.07503343e-01 4.69547778e-01
  outer loop
   vertex 2.78510818e+01 9.30518646e+01 9.13803482e+00
   vertex 2.87788696e+01 9.04466705e+01 9.20821381e+00
   vertex 2.84227448e+01 9.29101639e+01 8.22391129e+00
  endloop
 endfacet
 facet normal 8.29062104e-01 2.94882715e-01 4.75079179e-01
  outer loop
   vertex 2.91116257e+01 8.79734421e+01 1.01786537e+01
   vertex 2.87788696e+01 9.04466705e+01 9.20821381e+00
   vertex 2.80655365e+01 8.87056580e+01 1.15477638e+01
  endloop
 endfacet
 facet normal 8.28638077e-01 2.98786879e-01 4.73376572e-01
  outer loop
   vertex 2.80655365e+01 8.87056580e+01 1.15477638e+01
   vertex 2.87788696e+01 9.04466705e+01 9.20821381e+00
   vertex 2.79666138e+01 9.08802032e+01 1.03537865e+01
  endloop
 endfacet
 facet normal 8.29365671e-01 2.98393250e-01 4.72349524e-01
  outer loop
   vertex 2.87788696e+01 9.04466705e+01 9.20821381e+00
   vertex 2.91116257e+01 8.79734421e+01 1.01786537e+01
   vertex 2.95807114e+01 9.00169373e+01 8.07311249e+00
  endloop
 endfacet
 facet normal 8.30292344e-01 2.94206113e-01 4.73347008e-01
  outer loop
   vertex 2.95807114e+01 9.00169373e+01 8.07311249e+00
   vertex 2.91116257e+01 8.79734421e+01 1.01786537e+01
   vertex 3.01444168e+01 8.72479935e+01 8.82285690e+00
  endloop
 endfacet
 facet normal 9.24594104e-01 3.74090821e-01 7.19850212e-02
  outer loop
   vertex 2.95885086e+01 9.62005005e+01 3.51025772e+00
   vertex 2.96021957e+01 9.61309433e+01 3.71324921e+00
   vertex 3.11230392e+01 9.24915314e+01 3.06265640e+00
  endloop
 endfacet
 facet normal 9.25574481e-01 3.72471541e-01 6.76521808e-02
  outer loop
   vertex 3.11230392e+01 9.24915314e+01 3.06265640e+00
   vertex 2.96021957e+01 9.61309433e+01 3.71324921e+00
   vertex 3.11522827e+01 9.23604813e+01 3.39992523e+00
  endloop
 endfacet
 facet normal 8.30162287e-01 2.97980547e-01 4.71209288e-01
  outer loop
   vertex 3.03681259e+01 8.95946732e+01 6.94440079e+00
   vertex 3.11586151e+01 8.65351410e+01 7.47340012e+00
   vertex 3.11541901e+01 8.91854553e+01 5.81614304e+00
  endloop
 endfacet
 facet normal 8.29333484e-01 2.93380052e-01 4.75535661e-01
  outer loop
   vertex 3.11541901e+01 8.91854553e+01 5.81614304e+00
   vertex 3.11586151e+01 8.65351410e+01 7.47340012e+00
   vertex 3.21730804e+01 8.58429184e+01 6.12223053e+00
  endloop
 endfacet
 facet normal 8.30512166e-01 3.04914564e-01 4.66129452e-01
  outer loop
   vertex 3.03681259e+01 8.95946732e+01 6.94440079e+00
   vertex 2.95407181e+01 9.26306076e+01 6.41656494e+00
   vertex 2.95807114e+01 9.00169373e+01 8.07311249e+00
  endloop
 endfacet
 facet normal 8.29989672e-01 3.07764292e-01 4.65186268e-01
  outer loop
   vertex 2.95807114e+01 9.00169373e+01 8.07311249e+00
   vertex 2.95407181e+01 9.26306076e+01 6.41656494e+00
   vertex 2.89868927e+01 9.27696228e+01 7.31643677e+00
  endloop
 endfacet
 facet normal 8.31267416e-01 2.93605924e-01 4.72006440e-01
  outer loop
   vertex 3.11586151e+01 8.65351410e+01 7.47340012e+00
   vertex 3.03681259e+01 8.95946732e+01 6.94440079e+00
   vertex 3.01444168e+01 8.72479935e+01 8.82285690e+00
  endloop
 endfacet
 facet normal 8.30743432e-01 2.97886968e-01 4.70243245e-01
  outer loop
   vertex 3.01444168e+01 8.72479935e+01 8.82285690e+00
   vertex 3.03681259e+01 8.95946732e+01 6.94440079e+00
   vertex 2.95807114e+01 9.00169373e+01 8.07311249e+00
  endloop
 endfacet
 facet normal 6.78687215e-01 4.60821569e-01 5.71862817e-01
  outer loop
   vertex 2.90000305e+01 9.57879868e+01 5.22953796e+00
   vertex 2.93085938e+01 9.59245300e+01 4.57247162e+00
   vertex 2.78986206e+01 9.90725708e+01 4.94021988e+00
  endloop
 endfacet
 facet normal 4.79970664e-01 5.81854761e-01 6.56561673e-01
  outer loop
   vertex 2.78986206e+01 9.90725708e+01 4.94021988e+00
   vertex 2.93085938e+01 9.59245300e+01 4.57247162e+00
   vertex 2.79723282e+01 9.94789124e+01 4.52077484e+00
  endloop
 endfacet
 facet normal 7.16204941e-01 4.77383256e-01 5.09073377e-01
  outer loop
   vertex 2.93085938e+01 9.59245300e+01 4.57247162e+00
   vertex 2.96158829e+01 9.60613785e+01 3.91622925e+00
   vertex 2.79723282e+01 9.94789124e+01 4.52077484e+00
  endloop
 endfacet
 facet normal 5.41057706e-01 6.95373893e-01 4.72981721e-01
  outer loop
   vertex 2.79723282e+01 9.94789124e+01 4.52077484e+00
   vertex 2.96158829e+01 9.60613785e+01 3.91622925e+00
   vertex 2.80460205e+01 9.98852539e+01 4.10133743e+00
  endloop
 endfacet
 facet normal 8.33409548e-01 2.46549815e-01 4.94612694e-01
  outer loop
   vertex 3.25719604e+01 8.03133240e+01 8.55390167e+00
   vertex 3.31562347e+01 7.71416702e+01 9.13343048e+00
   vertex 3.40003662e+01 7.90184021e+01 6.79085922e+00
  endloop
 endfacet
 facet normal 8.32264483e-01 2.39535272e-01 4.99958634e-01
  outer loop
   vertex 3.40003662e+01 7.90184021e+01 6.79085922e+00
   vertex 3.31562347e+01 7.71416702e+01 9.13343048e+00
   vertex 3.47941513e+01 7.55526581e+01 7.16085052e+00
  endloop
 endfacet
 facet normal 8.23149383e-01 2.15556800e-01 5.25319278e-01
  outer loop
   vertex 3.73465042e+01 7.02011719e+01 5.37158203e+00
   vertex 3.64547348e+01 7.39748688e+01 5.19001007e+00
   vertex 3.54700012e+01 7.20561218e+01 7.56460190e+00
  endloop
 endfacet
 facet normal 8.28344047e-01 2.24694639e-01 5.13184607e-01
  outer loop
   vertex 3.54700012e+01 7.20561218e+01 7.56460190e+00
   vertex 3.64547348e+01 7.39748688e+01 5.19001007e+00
   vertex 3.47941513e+01 7.55526581e+01 7.16085052e+00
  endloop
 endfacet
 facet normal 8.32282007e-01 2.78881967e-01 4.79094476e-01
  outer loop
   vertex 3.18996582e+01 8.34429169e+01 8.00523376e+00
   vertex 3.11586151e+01 8.65351410e+01 7.47340012e+00
   vertex 3.06676178e+01 8.44555206e+01 9.56523895e+00
  endloop
 endfacet
 facet normal 8.31652343e-01 2.84564525e-01 4.76841033e-01
  outer loop
   vertex 3.06676178e+01 8.44555206e+01 9.56523895e+00
   vertex 3.11586151e+01 8.65351410e+01 7.47340012e+00
   vertex 3.01444168e+01 8.72479935e+01 8.82285690e+00
  endloop
 endfacet
 facet normal 9.85849619e-01 1.57812387e-01 -5.65308928e-02
  outer loop
   vertex 4.12906036e+01 5.65553703e+01 2.41656494e+00
   vertex 4.12306747e+01 5.66845093e+01 1.73257065e+00
   vertex 4.06594086e+01 6.03819275e+01 2.44089890e+00
  endloop
 endfacet
 facet normal 9.85530198e-01 1.63084596e-01 -4.61913198e-02
  outer loop
   vertex 4.06594086e+01 6.03819275e+01 2.44089890e+00
   vertex 4.12306747e+01 5.66845093e+01 1.73257065e+00
   vertex 4.06157684e+01 6.04171371e+01 1.75677490e+00
  endloop
 endfacet
 facet normal 9.77330804e-01 1.55505776e-01 1.43674880e-01
  outer loop
   vertex 4.13850403e+01 5.62971001e+01 3.09927368e+00
   vertex 4.12906036e+01 5.65553703e+01 2.41656494e+00
   vertex 4.07212601e+01 6.03115120e+01 3.12387085e+00
  endloop
 endfacet
 facet normal 9.86192822e-01 1.60913408e-01 3.91229205e-02
  outer loop
   vertex 4.07212601e+01 6.03115120e+01 3.12387085e+00
   vertex 4.12906036e+01 5.65553703e+01 2.41656494e+00
   vertex 4.06594086e+01 6.03819275e+01 2.44089890e+00
  endloop
 endfacet
 facet normal 9.87330258e-01 1.57806426e-01 -1.66162066e-02
  outer loop
   vertex 4.12398071e+01 5.65553741e+01 1.04602051e+00
   vertex 4.06086197e+01 6.03819351e+01 1.07035446e+00
   vertex 4.12306747e+01 5.66845093e+01 1.73257065e+00
  endloop
 endfacet
 facet normal 9.86246109e-01 1.63065076e-01 -2.69897077e-02
  outer loop
   vertex 4.12306747e+01 5.66845093e+01 1.73257065e+00
   vertex 4.06086197e+01 6.03819351e+01 1.07035446e+00
   vertex 4.06157684e+01 6.04171371e+01 1.75677490e+00
  endloop
 endfacet
 facet normal 8.06874096e-01 5.08330278e-02 5.88532269e-01
  outer loop
   vertex 3.43319778e+01 5.70432281e+01 1.33366547e+01
   vertex 3.42154312e+01 5.51041145e+01 1.36484680e+01
   vertex 3.69910049e+01 5.41666107e+01 9.91989517e+00
  endloop
 endfacet
 facet normal 8.04171741e-01 3.99977751e-02 5.93049765e-01
  outer loop
   vertex 3.69910049e+01 5.41666107e+01 9.91989517e+00
   vertex 3.42154312e+01 5.51041145e+01 1.36484680e+01
   vertex 3.69542618e+01 5.22078247e+01 1.01251106e+01
  endloop
 endfacet
 facet normal 8.00505638e-01 4.03501354e-02 5.97965360e-01
  outer loop
   vertex 3.42154312e+01 5.51041145e+01 1.36484680e+01
   vertex 3.43319778e+01 5.70432281e+01 1.33366547e+01
   vertex 3.14408951e+01 5.80308151e+01 1.71624069e+01
  endloop
 endfacet
 facet normal 8.03254068e-01 5.29553965e-02 5.93277872e-01
  outer loop
   vertex 3.14408951e+01 5.80308151e+01 1.71624069e+01
   vertex 3.43319778e+01 5.70432281e+01 1.33366547e+01
   vertex 3.16402817e+01 5.99400215e+01 1.67418365e+01
  endloop
 endfacet
 facet normal 8.69899929e-01 4.84522544e-02 4.90842640e-01
  outer loop
   vertex 3.96350403e+01 5.12791061e+01 6.49515152e+00
   vertex 3.96735153e+01 4.93206024e+01 6.59531403e+00
   vertex 4.22715912e+01 4.83861771e+01 3.06642151e+00
  endloop
 endfacet
 facet normal 9.19753969e-01 4.73066941e-02 3.89634132e-01
  outer loop
   vertex 4.22715912e+01 4.83861771e+01 3.06642151e+00
   vertex 3.96735153e+01 4.93206024e+01 6.59531403e+00
   vertex 4.23829727e+01 4.64379272e+01 3.06229401e+00
  endloop
 endfacet
 facet normal 8.06230247e-01 3.98602895e-02 5.90257525e-01
  outer loop
   vertex 3.96735153e+01 4.93206024e+01 6.59531403e+00
   vertex 3.96350403e+01 5.12791061e+01 6.49515152e+00
   vertex 3.69542618e+01 5.22078247e+01 1.01251106e+01
  endloop
 endfacet
 facet normal 8.08447421e-01 4.81945314e-02 5.86591899e-01
  outer loop
   vertex 3.69542618e+01 5.22078247e+01 1.01251106e+01
   vertex 3.96350403e+01 5.12791061e+01 6.49515152e+00
   vertex 3.69910049e+01 5.41666107e+01 9.91989517e+00
  endloop
 endfacet
 facet normal 1.59578994e-01 -2.68378127e-02 9.86820281e-01
  outer loop
   vertex 1.51409531e+01 5.23909683e+01 3.37588730e+01
   vertex 1.55974426e+01 5.32369614e+01 3.37419510e+01
   vertex 1.57229767e+01 5.47045288e+01 3.37373047e+01
  endloop
 endfacet
 facet normal 2.82103062e-01 -5.36669195e-02 9.57881868e-01
  outer loop
   vertex 1.57229767e+01 5.47045288e+01 3.37373047e+01
   vertex 1.55974426e+01 5.32369614e+01 3.37419510e+01
   vertex 1.61323776e+01 5.56785316e+01 3.37221298e+01
  endloop
 endfacet
 facet normal 3.70288417e-02 3.58743637e-06 9.99314189e-01
  outer loop
   vertex 1.46981506e+01 5.15624390e+01 3.37752838e+01
   vertex 1.51409531e+01 5.23909683e+01 3.37588730e+01
   vertex 1.53169861e+01 5.37348938e+01 3.37523422e+01
  endloop
 endfacet
 facet normal 3.70219611e-02 5.77879337e-06 9.99314427e-01
  outer loop
   vertex 1.53169861e+01 5.37348938e+01 3.37523422e+01
   vertex 1.51409531e+01 5.23909683e+01 3.37588730e+01
   vertex 1.57229767e+01 5.47045288e+01 3.37373047e+01
  endloop
 endfacet
 facet normal 3.70311737e-02 1.99148940e-06 9.99314129e-01
  outer loop
   vertex 1.51409531e+01 5.23909683e+01 3.37588730e+01
   vertex 1.46981506e+01 5.15624390e+01 3.37752838e+01
   vertex 1.45134125e+01 5.00496292e+01 3.37821274e+01
  endloop
 endfacet
 facet normal 3.70327681e-02 1.13252361e-06 9.99314070e-01
  outer loop
   vertex 1.45134125e+01 5.00496292e+01 3.37821274e+01
   vertex 1.46981506e+01 5.15624390e+01 3.37752838e+01
   vertex 1.40348663e+01 4.93332367e+01 3.37998657e+01
  endloop
 endfacet
 facet normal 2.81924129e-01 -5.77189848e-02 9.57698941e-01
  outer loop
   vertex 1.55974426e+01 5.32369614e+01 3.37419510e+01
   vertex 1.51409531e+01 5.23909683e+01 3.37588730e+01
   vertex 1.50625153e+01 5.07953720e+01 3.37617798e+01
  endloop
 endfacet
 facet normal 1.59976825e-01 -3.08771562e-02 9.86637712e-01
  outer loop
   vertex 1.50625153e+01 5.07953720e+01 3.37617798e+01
   vertex 1.51409531e+01 5.23909683e+01 3.37588730e+01
   vertex 1.45134125e+01 5.00496292e+01 3.37821274e+01
  endloop
 endfacet
 facet normal -2.02159435e-02 1.60986166e-02 9.99666035e-01
  outer loop
   vertex 1.59152985e+01 5.58811531e+01 3.37301636e+01
   vertex 1.62913055e+01 5.70006294e+01 3.37162323e+01
   vertex 1.65033569e+01 5.80143204e+01 3.37083740e+01
  endloop
 endfacet
 facet normal -7.85205662e-02 3.20547111e-02 9.96397018e-01
  outer loop
   vertex 1.65033569e+01 5.80143204e+01 3.37083740e+01
   vertex 1.62913055e+01 5.70006294e+01 3.37162323e+01
   vertex 1.68527985e+01 5.92880096e+01 3.36954193e+01
  endloop
 endfacet
 facet normal 3.70217375e-02 5.32039940e-06 9.99314487e-01
  outer loop
   vertex 1.62913055e+01 5.70006294e+01 3.37162323e+01
   vertex 1.59152985e+01 5.58811531e+01 3.37301636e+01
   vertex 1.57229767e+01 5.47045288e+01 3.37373047e+01
  endloop
 endfacet
 facet normal 3.70410532e-02 5.40790461e-06 9.99313772e-01
  outer loop
   vertex 1.57229767e+01 5.47045288e+01 3.37373047e+01
   vertex 1.59152985e+01 5.58811531e+01 3.37301636e+01
   vertex 1.53169861e+01 5.37348938e+01 3.37523422e+01
  endloop
 endfacet
 facet normal 2.83987850e-01 -5.36194183e-02 9.57327425e-01
  outer loop
   vertex 1.66673050e+01 5.81201172e+01 3.37023010e+01
   vertex 1.62913055e+01 5.70006294e+01 3.37162323e+01
   vertex 1.61323776e+01 5.56785316e+01 3.37221298e+01
  endloop
 endfacet
 facet normal 1.60132274e-01 -2.68233120e-02 9.86731052e-01
  outer loop
   vertex 1.61323776e+01 5.56785316e+01 3.37221298e+01
   vertex 1.62913055e+01 5.70006294e+01 3.37162323e+01
   vertex 1.57229767e+01 5.47045288e+01 3.37373047e+01
  endloop
 endfacet
 facet normal 1.03610687e-01 -1.07488856e-02 9.94559824e-01
  outer loop
   vertex 1.62913055e+01 5.70006294e+01 3.37162323e+01
   vertex 1.66673050e+01 5.81201172e+01 3.37023010e+01
   vertex 1.68527985e+01 5.92880096e+01 3.36954193e+01
  endloop
 endfacet
 facet normal 1.28978804e-01 5.55769578e-02 9.90088701e-01
  outer loop
   vertex 1.68527985e+01 5.92880096e+01 3.36954193e+01
   vertex 1.66673050e+01 5.81201172e+01 3.37023010e+01
   vertex 1.72022324e+01 6.05616989e+01 3.36824799e+01
  endloop
 endfacet
 facet normal -1.17207076e-02 1.76766701e-02 9.99775052e-01
  outer loop
   vertex 1.55392990e+01 5.47616653e+01 3.37441025e+01
   vertex 1.51632996e+01 5.36421890e+01 3.37580338e+01
   vertex 1.49178391e+01 5.27739792e+01 3.37671356e+01
  endloop
 endfacet
 facet normal -6.55724853e-02 3.59791145e-02 9.97198939e-01
  outer loop
   vertex 1.49178391e+01 5.27739792e+01 3.37671356e+01
   vertex 1.51632996e+01 5.36421890e+01 3.37580338e+01
   vertex 1.45221176e+01 5.18174438e+01 3.37817993e+01
  endloop
 endfacet
 facet normal 3.96495052e-02 -3.18216393e-04 9.99213576e-01
  outer loop
   vertex 1.59152985e+01 5.58811531e+01 3.37301636e+01
   vertex 1.55392990e+01 5.47616653e+01 3.37441025e+01
   vertex 1.53169861e+01 5.37348938e+01 3.37523422e+01
  endloop
 endfacet
 facet normal 3.96081544e-02 -3.12337390e-04 9.99215245e-01
  outer loop
   vertex 1.53169861e+01 5.37348938e+01 3.37523422e+01
   vertex 1.55392990e+01 5.47616653e+01 3.37441025e+01
   vertex 1.49178391e+01 5.27739792e+01 3.37671356e+01
  endloop
 endfacet
 facet normal -1.54238008e-02 1.57595202e-02 9.99756813e-01
  outer loop
   vertex 1.55392990e+01 5.47616653e+01 3.37441025e+01
   vertex 1.59152985e+01 5.58811531e+01 3.37301636e+01
   vertex 1.61539230e+01 5.67406311e+01 3.37213211e+01
  endloop
 endfacet
 facet normal -7.54030049e-02 3.21751647e-02 9.96633887e-01
  outer loop
   vertex 1.61539230e+01 5.67406311e+01 3.37213211e+01
   vertex 1.59152985e+01 5.58811531e+01 3.37301636e+01
   vertex 1.65033569e+01 5.80143204e+01 3.37083740e+01
  endloop
 endfacet
 facet normal -4.71931309e-01 1.62930116e-01 8.66449416e-01
  outer loop
   vertex 1.51632996e+01 5.36421890e+01 3.37580338e+01
   vertex 1.55392990e+01 5.47616653e+01 3.37441025e+01
   vertex 1.58044968e+01 5.54669418e+01 3.37342758e+01
  endloop
 endfacet
 facet normal -4.76353735e-01 1.60019785e-01 8.64569724e-01
  outer loop
   vertex 1.58044968e+01 5.54669418e+01 3.37342758e+01
   vertex 1.55392990e+01 5.47616653e+01 3.37441025e+01
   vertex 1.61539230e+01 5.67406311e+01 3.37213211e+01
  endloop
 endfacet
 facet normal 3.70231830e-02 4.67898144e-06 9.99314427e-01
  outer loop
   vertex 1.46981506e+01 5.15624390e+01 3.37752838e+01
   vertex 1.42826996e+01 5.07688293e+01 3.37906799e+01
   vertex 1.40348663e+01 4.93332367e+01 3.37998657e+01
  endloop
 endfacet
 facet normal 3.70226465e-02 5.05307435e-06 9.99314427e-01
  outer loop
   vertex 1.40348663e+01 4.93332367e+01 3.37998657e+01
   vertex 1.42826996e+01 5.07688293e+01 3.37906799e+01
   vertex 1.35973587e+01 4.86692352e+01 3.38160782e+01
  endloop
 endfacet
 facet normal 3.69993225e-02 1.10460551e-05 9.99315262e-01
  outer loop
   vertex 1.42826996e+01 5.07688293e+01 3.37906799e+01
   vertex 1.46981506e+01 5.15624390e+01 3.37752838e+01
   vertex 1.49178391e+01 5.27739792e+01 3.37671356e+01
  endloop
 endfacet
 facet normal 3.70065793e-02 9.09554365e-06 9.99315023e-01
  outer loop
   vertex 1.49178391e+01 5.27739792e+01 3.37671356e+01
   vertex 1.46981506e+01 5.15624390e+01 3.37752838e+01
   vertex 1.53169861e+01 5.37348938e+01 3.37523422e+01
  endloop
 endfacet
 facet normal -6.48474172e-02 3.60212438e-02 9.97244835e-01
  outer loop
   vertex 1.38809280e+01 4.99926910e+01 3.38055649e+01
   vertex 1.42826996e+01 5.07688293e+01 3.37906799e+01
   vertex 1.45221176e+01 5.18174438e+01 3.37817993e+01
  endloop
 endfacet
 facet normal -1.41356792e-02 1.79937668e-02 9.99738157e-01
  outer loop
   vertex 1.45221176e+01 5.18174438e+01 3.37817993e+01
   vertex 1.42826996e+01 5.07688293e+01 3.37906799e+01
   vertex 1.49178391e+01 5.27739792e+01 3.37671356e+01
  endloop
 endfacet
 facet normal -1.36047089e-02 1.80389117e-02 9.99744713e-01
  outer loop
   vertex 1.42826996e+01 5.07688293e+01 3.37906799e+01
   vertex 1.38809280e+01 4.99926910e+01 3.38055649e+01
   vertex 1.35973587e+01 4.86692352e+01 3.38160782e+01
  endloop
 endfacet
 facet normal -6.29574433e-02 3.58892083e-02 9.97370720e-01
  outer loop
   vertex 1.35973587e+01 4.86692352e+01 3.38160782e+01
   vertex 1.38809280e+01 4.99926910e+01 3.38055649e+01
   vertex 1.32397385e+01 4.81679459e+01 3.38293304e+01
  endloop
 endfacet
 facet normal 1.51323482e-01 -3.41231115e-02 9.87895131e-01
  outer loop
   vertex 1.22842407e+01 4.28294296e+01 3.38647461e+01
   vertex 1.28570709e+01 4.34326477e+01 3.38435135e+01
   vertex 1.30555573e+01 4.52607803e+01 3.38361588e+01
  endloop
 endfacet
 facet normal 2.65912086e-01 -6.83931857e-02 9.61568058e-01
  outer loop
   vertex 1.30555573e+01 4.52607803e+01 3.38361588e+01
   vertex 1.28570709e+01 4.34326477e+01 3.38435135e+01
   vertex 1.35922241e+01 4.58868866e+01 3.38162689e+01
  endloop
 endfacet
 facet normal 3.70346382e-02 1.57365184e-06 9.99314010e-01
  outer loop
   vertex 1.17161636e+01 4.22306747e+01 3.38857956e+01
   vertex 1.22842407e+01 4.28294296e+01 3.38647461e+01
   vertex 1.25234909e+01 4.46401520e+01 3.38558731e+01
  endloop
 endfacet
 facet normal 3.70364673e-02 1.25091776e-06 9.99313891e-01
  outer loop
   vertex 1.25234909e+01 4.46401520e+01 3.38558731e+01
   vertex 1.22842407e+01 4.28294296e+01 3.38647461e+01
   vertex 1.30555573e+01 4.52607803e+01 3.38361588e+01
  endloop
 endfacet
 facet normal 3.70350070e-02 7.10416487e-07 9.99313951e-01
  outer loop
   vertex 1.22842407e+01 4.28294296e+01 3.38647461e+01
   vertex 1.17161636e+01 4.22306747e+01 3.38857956e+01
   vertex 1.14928360e+01 4.03794937e+01 3.38940735e+01
  endloop
 endfacet
 facet normal 3.70321646e-02 8.60640853e-07 9.99314070e-01
  outer loop
   vertex 1.14928360e+01 4.03794937e+01 3.38940735e+01
   vertex 1.17161636e+01 4.22306747e+01 3.38857956e+01
   vertex 1.08831177e+01 3.97936096e+01 3.39166718e+01
  endloop
 endfacet
 facet normal 2.64567614e-01 -6.89140633e-02 9.61901665e-01
  outer loop
   vertex 1.28570709e+01 4.34326477e+01 3.38435135e+01
   vertex 1.22842407e+01 4.28294296e+01 3.38647461e+01
   vertex 1.21219330e+01 4.09784012e+01 3.38707581e+01
  endloop
 endfacet
 facet normal 1.50823072e-01 -3.47905196e-02 9.87948418e-01
  outer loop
   vertex 1.21219330e+01 4.09784012e+01 3.38707581e+01
   vertex 1.22842407e+01 4.28294296e+01 3.38647461e+01
   vertex 1.14928360e+01 4.03794937e+01 3.38940735e+01
  endloop
 endfacet
 facet normal 3.70330140e-02 7.46832654e-07 9.99314070e-01
  outer loop
   vertex 1.33031845e+01 4.70167389e+01 3.38269806e+01
   vertex 1.38084488e+01 4.76702042e+01 3.38082581e+01
   vertex 1.40348663e+01 4.93332367e+01 3.37998657e+01
  endloop
 endfacet
 facet normal 3.70354913e-02 1.31992364e-08 9.99313951e-01
  outer loop
   vertex 1.40348663e+01 4.93332367e+01 3.37998657e+01
   vertex 1.38084488e+01 4.76702042e+01 3.38082581e+01
   vertex 1.45134125e+01 5.00496292e+01 3.37821274e+01
  endloop
 endfacet
 facet normal 3.70322205e-02 5.40358087e-07 9.99314070e-01
  outer loop
   vertex 1.38084488e+01 4.76702042e+01 3.38082581e+01
   vertex 1.33031845e+01 4.70167389e+01 3.38269806e+01
   vertex 1.30555573e+01 4.52607803e+01 3.38361588e+01
  endloop
 endfacet
 facet normal 3.70334797e-02 1.35442974e-06 9.99314010e-01
  outer loop
   vertex 1.30555573e+01 4.52607803e+01 3.38361588e+01
   vertex 1.33031845e+01 4.70167389e+01 3.38269806e+01
   vertex 1.25234909e+01 4.46401520e+01 3.38558731e+01
  endloop
 endfacet
 facet normal 2.68251926e-01 -6.86891228e-02 9.60896850e-01
  outer loop
   vertex 1.43273697e+01 4.83411331e+01 3.37890244e+01
   vertex 1.38084488e+01 4.76702042e+01 3.38082581e+01
   vertex 1.35922241e+01 4.58868866e+01 3.38162689e+01
  endloop
 endfacet
 facet normal 1.52171269e-01 -3.42696160e-02 9.87759829e-01
  outer loop
   vertex 1.35922241e+01 4.58868866e+01 3.38162689e+01
   vertex 1.38084488e+01 4.76702042e+01 3.38082581e+01
   vertex 1.30555573e+01 4.52607803e+01 3.38361588e+01
  endloop
 endfacet
 facet normal 1.53673857e-01 -3.44196409e-02 9.87521946e-01
  outer loop
   vertex 1.38084488e+01 4.76702042e+01 3.38082581e+01
   vertex 1.43273697e+01 4.83411331e+01 3.37890244e+01
   vertex 1.45134125e+01 5.00496292e+01 3.37821274e+01
  endloop
 endfacet
 facet normal 2.76029110e-01 -6.53018206e-02 9.58928347e-01
  outer loop
   vertex 1.45134125e+01 5.00496292e+01 3.37821274e+01
   vertex 1.43273697e+01 4.83411331e+01 3.37890244e+01
   vertex 1.50625153e+01 5.07953720e+01 3.37617798e+01
  endloop
 endfacet
 facet normal -1.29946340e-02 1.84070226e-02 9.99746144e-01
  outer loop
   vertex 1.28252945e+01 4.63982010e+01 3.38446884e+01
   vertex 1.23610764e+01 4.57971191e+01 3.38618927e+01
   vertex 1.20006485e+01 4.40304794e+01 3.38752518e+01
  endloop
 endfacet
 facet normal -6.41712993e-02 3.70393619e-02 9.97251272e-01
  outer loop
   vertex 1.20006485e+01 4.40304794e+01 3.38752518e+01
   vertex 1.23610764e+01 4.57971191e+01 3.38618927e+01
   vertex 1.14824066e+01 4.34262848e+01 3.38944626e+01
  endloop
 endfacet
 facet normal 3.70338261e-02 1.27280737e-06 9.99314010e-01
  outer loop
   vertex 1.33031845e+01 4.70167389e+01 3.38269806e+01
   vertex 1.28252945e+01 4.63982010e+01 3.38446884e+01
   vertex 1.25234909e+01 4.46401520e+01 3.38558731e+01
  endloop
 endfacet
 facet normal 3.70349921e-02 6.71672751e-07 9.99313951e-01
  outer loop
   vertex 1.25234909e+01 4.46401520e+01 3.38558731e+01
   vertex 1.28252945e+01 4.63982010e+01 3.38446884e+01
   vertex 1.20006485e+01 4.40304794e+01 3.38752518e+01
  endloop
 endfacet
 facet normal 3.70293073e-02 1.95215284e-06 9.99314189e-01
  outer loop
   vertex 1.28252945e+01 4.63982010e+01 3.38446884e+01
   vertex 1.33031845e+01 4.70167389e+01 3.38269806e+01
   vertex 1.35973587e+01 4.86692352e+01 3.38160782e+01
  endloop
 endfacet
 facet normal 3.70297544e-02 2.24025007e-06 9.99314189e-01
  outer loop
   vertex 1.35973587e+01 4.86692352e+01 3.38160782e+01
   vertex 1.33031845e+01 4.70167389e+01 3.38269806e+01
   vertex 1.40348663e+01 4.93332367e+01 3.37998657e+01
  endloop
 endfacet
 facet normal -6.23548403e-02 3.62607129e-02 9.97395098e-01
  outer loop
   vertex 1.23610764e+01 4.57971191e+01 3.38618927e+01
   vertex 1.28252945e+01 4.63982010e+01 3.38446884e+01
   vertex 1.32397385e+01 4.81679459e+01 3.38293304e+01
  endloop
 endfacet
 facet normal -1.22258607e-02 1.78550519e-02 9.99765813e-01
  outer loop
   vertex 1.32397385e+01 4.81679459e+01 3.38293304e+01
   vertex 1.28252945e+01 4.63982010e+01 3.38446884e+01
   vertex 1.35973587e+01 4.86692352e+01 3.38160782e+01
  endloop
 endfacet
 facet normal 3.70348990e-02 6.76243246e-07 9.99313951e-01
  outer loop
   vertex 1.17161636e+01 4.22306747e+01 3.38857956e+01
   vertex 1.11575775e+01 4.16408386e+01 3.39064941e+01
   vertex 1.08831177e+01 3.97936096e+01 3.39166718e+01
  endloop
 endfacet
 facet normal 3.70367244e-02 3.16932272e-07 9.99313891e-01
  outer loop
   vertex 1.08831177e+01 3.97936096e+01 3.39166718e+01
   vertex 1.11575775e+01 4.16408386e+01 3.39064941e+01
   vertex 1.02876663e+01 3.92210999e+01 3.39387360e+01
  endloop
 endfacet
 facet normal 3.70359160e-02 2.83963733e-08 9.99313951e-01
  outer loop
   vertex 1.11575775e+01 4.16408386e+01 3.39064941e+01
   vertex 1.17161636e+01 4.22306747e+01 3.38857956e+01
   vertex 1.20006485e+01 4.40304794e+01 3.38752518e+01
  endloop
 endfacet
 facet normal 3.70328166e-02 1.07602921e-06 9.99314070e-01
  outer loop
   vertex 1.20006485e+01 4.40304794e+01 3.38752518e+01
   vertex 1.17161636e+01 4.22306747e+01 3.38857956e+01
   vertex 1.25234909e+01 4.46401520e+01 3.38558731e+01
  endloop
 endfacet
 facet normal -6.70923144e-02 3.77943777e-02 9.97030675e-01
  outer loop
   vertex 1.06037445e+01 4.10554581e+01 3.39270248e+01
   vertex 1.11575775e+01 4.16408386e+01 3.39064941e+01
   vertex 1.14824066e+01 4.34262848e+01 3.38944626e+01
  endloop
 endfacet
 facet normal -1.40307704e-02 1.86319575e-02 9.99727964e-01
  outer loop
   vertex 1.14824066e+01 4.34262848e+01 3.38944626e+01
   vertex 1.11575775e+01 4.16408386e+01 3.39064941e+01
   vertex 1.20006485e+01 4.40304794e+01 3.38752518e+01
  endloop
 endfacet
 facet normal -1.59098785e-02 1.91620644e-02 9.99689817e-01
  outer loop
   vertex 1.11575775e+01 4.16408386e+01 3.39064941e+01
   vertex 1.06037445e+01 4.10554581e+01 3.39270248e+01
   vertex 1.02876663e+01 3.92210999e+01 3.39387360e+01
  endloop
 endfacet
 facet normal -7.16785192e-02 3.92896347e-02 9.96653676e-01
  outer loop
   vertex 1.02876663e+01 3.92210999e+01 3.39387360e+01
   vertex 1.06037445e+01 4.10554581e+01 3.39270248e+01
   vertex 9.72508240e+00 3.86846237e+01 3.39595871e+01
  endloop
 endfacet
 facet normal 1.48005217e-01 -3.50655988e-02 9.88364756e-01
  outer loop
   vertex 9.02209473e+00 3.29597702e+01 3.39856415e+01
   vertex 9.76944733e+00 3.35396881e+01 3.39579468e+01
   vertex 9.85326385e+00 3.54392700e+01 3.39548340e+01
  endloop
 endfacet
 facet normal 2.58939922e-01 -7.02561662e-02 9.63334918e-01
  outer loop
   vertex 9.85326385e+00 3.54392700e+01 3.39548340e+01
   vertex 9.76944733e+00 3.35396881e+01 3.39579468e+01
   vertex 1.05536118e+01 3.60192566e+01 3.39288788e+01
  endloop
 endfacet
 facet normal 3.70327383e-02 6.06666390e-07 9.99314070e-01
  outer loop
   vertex 8.27472687e+00 3.23798523e+01 3.40133362e+01
   vertex 9.02209473e+00 3.29597702e+01 3.39856415e+01
   vertex 9.15409851e+00 3.48603973e+01 3.39807510e+01
  endloop
 endfacet
 facet normal 3.70340906e-02 3.19828729e-07 9.99314010e-01
  outer loop
   vertex 9.15409851e+00 3.48603973e+01 3.39807510e+01
   vertex 9.02209473e+00 3.29597702e+01 3.39856415e+01
   vertex 9.85326385e+00 3.54392700e+01 3.39548340e+01
  endloop
 endfacet
 facet normal 2.70768434e-01 -3.24655086e-01 9.06246960e-01
  outer loop
   vertex 9.02209473e+00 3.29597702e+01 3.39856415e+01
   vertex 8.27472687e+00 3.23798523e+01 3.40133362e+01
   vertex 8.18854523e+00 3.04780350e+01 3.40165329e+01
  endloop
 endfacet
 facet normal 4.95742768e-01 -6.49310529e-01 5.76745152e-01
  outer loop
   vertex 8.18854523e+00 3.04780350e+01 3.40165329e+01
   vertex 8.27472687e+00 3.23798523e+01 3.40133362e+01
   vertex 7.39179993e+00 2.98959732e+01 3.40460587e+01
  endloop
 endfacet
 facet normal 1.80497959e-01 -2.85498828e-01 9.41228390e-01
  outer loop
   vertex 9.76944733e+00 3.35396881e+01 3.39579468e+01
   vertex 9.02209473e+00 3.29597702e+01 3.39856415e+01
   vertex 8.98528290e+00 3.10601044e+01 3.39870071e+01
  endloop
 endfacet
 facet normal 2.86961526e-01 -5.87584853e-01 7.56569326e-01
  outer loop
   vertex 8.98528290e+00 3.10601044e+01 3.39870071e+01
   vertex 9.02209473e+00 3.29597702e+01 3.39856415e+01
   vertex 8.18854523e+00 3.04780350e+01 3.40165329e+01
  endloop
 endfacet
 facet normal 3.70335877e-02 -4.45480230e-09 9.99314010e-01
  outer loop
   vertex 1.00263290e+01 3.73342438e+01 3.39484253e+01
   vertex 1.06796722e+01 3.79143066e+01 3.39242096e+01
   vertex 1.08831177e+01 3.97936096e+01 3.39166718e+01
  endloop
 endfacet
 facet normal 3.70351188e-02 -1.97587298e-07 9.99313951e-01
  outer loop
   vertex 1.08831177e+01 3.97936096e+01 3.39166718e+01
   vertex 1.06796722e+01 3.79143066e+01 3.39242096e+01
   vertex 1.14928360e+01 4.03794937e+01 3.38940735e+01
  endloop
 endfacet
 facet normal 3.70360389e-02 -6.40279382e-07 9.99313951e-01
  outer loop
   vertex 1.06796722e+01 3.79143066e+01 3.39242096e+01
   vertex 1.00263290e+01 3.73342438e+01 3.39484253e+01
   vertex 9.85326385e+00 3.54392700e+01 3.39548340e+01
  endloop
 endfacet
 facet normal 3.70343104e-02 2.28434629e-07 9.99314010e-01
  outer loop
   vertex 9.85326385e+00 3.54392700e+01 3.39548340e+01
   vertex 1.00263290e+01 3.73342438e+01 3.39484253e+01
   vertex 9.15409851e+00 3.48603973e+01 3.39807510e+01
  endloop
 endfacet
 facet normal 2.60066360e-01 -7.05131888e-02 9.63012636e-01
  outer loop
   vertex 1.13377609e+01 3.84988251e+01 3.38998184e+01
   vertex 1.06796722e+01 3.79143066e+01 3.39242096e+01
   vertex 1.05536118e+01 3.60192566e+01 3.39288788e+01
  endloop
 endfacet
 facet normal 1.48489535e-01 -3.51911299e-02 9.88287628e-01
  outer loop
   vertex 1.05536118e+01 3.60192566e+01 3.39288788e+01
   vertex 1.06796722e+01 3.79143066e+01 3.39242096e+01
   vertex 9.85326385e+00 3.54392700e+01 3.39548340e+01
  endloop
 endfacet
 facet normal 1.49138674e-01 -3.53229009e-02 9.88185167e-01
  outer loop
   vertex 1.06796722e+01 3.79143066e+01 3.39242096e+01
   vertex 1.13377609e+01 3.84988251e+01 3.38998184e+01
   vertex 1.14928360e+01 4.03794937e+01 3.38940735e+01
  endloop
 endfacet
 facet normal 2.62389839e-01 -7.01132789e-02 9.62411404e-01
  outer loop
   vertex 1.14928360e+01 4.03794937e+01 3.38940735e+01
   vertex 1.13377609e+01 3.84988251e+01 3.38998184e+01
   vertex 1.21219330e+01 4.09784012e+01 3.38707581e+01
  endloop
 endfacet
 facet normal -2.86064893e-02 2.38608997e-02 9.99305904e-01
  outer loop
   vertex 9.38248444e+00 3.67631073e+01 3.39722824e+01
   vertex 8.74339294e+00 3.61964264e+01 3.39959717e+01
   vertex 8.45729828e+00 3.42837524e+01 3.40065689e+01
  endloop
 endfacet
 facet normal -1.08955882e-01 5.27232029e-02 9.92647409e-01
  outer loop
   vertex 8.45729828e+00 3.42837524e+01 3.40065689e+01
   vertex 8.74339294e+00 3.61964264e+01 3.39959717e+01
   vertex 7.76171112e+00 3.37082367e+01 3.40323486e+01
  endloop
 endfacet
 facet normal 3.70325334e-02 5.28134080e-07 9.99314070e-01
  outer loop
   vertex 1.00263290e+01 3.73342438e+01 3.39484253e+01
   vertex 9.38248444e+00 3.67631073e+01 3.39722824e+01
   vertex 9.15409851e+00 3.48603973e+01 3.39807510e+01
  endloop
 endfacet
 facet normal 3.70323882e-02 2.33357241e-07 9.99314070e-01
  outer loop
   vertex 9.15409851e+00 3.48603973e+01 3.39807510e+01
   vertex 9.38248444e+00 3.67631073e+01 3.39722824e+01
   vertex 8.45729828e+00 3.42837524e+01 3.40065689e+01
  endloop
 endfacet
 facet normal 3.70331332e-02 3.58337189e-07 9.99314010e-01
  outer loop
   vertex 9.38248444e+00 3.67631073e+01 3.39722824e+01
   vertex 1.00263290e+01 3.73342438e+01 3.39484253e+01
   vertex 1.02876663e+01 3.92210999e+01 3.39387360e+01
  endloop
 endfacet
 facet normal 3.70324627e-02 6.94462301e-07 9.99314070e-01
  outer loop
   vertex 1.02876663e+01 3.92210999e+01 3.39387360e+01
   vertex 1.00263290e+01 3.73342438e+01 3.39484253e+01
   vertex 1.08831177e+01 3.97936096e+01 3.39166718e+01
  endloop
 endfacet
 facet normal -8.44007730e-02 4.39883359e-02 9.95460451e-01
  outer loop
   vertex 8.74339294e+00 3.61964264e+01 3.39959717e+01
   vertex 9.38248444e+00 3.67631073e+01 3.39722824e+01
   vertex 9.72508240e+00 3.86846237e+01 3.39595871e+01
  endloop
 endfacet
 facet normal -1.86072234e-02 2.01275516e-02 9.99624252e-01
  outer loop
   vertex 9.72508240e+00 3.86846237e+01 3.39595871e+01
   vertex 9.38248444e+00 3.67631073e+01 3.39722824e+01
   vertex 1.02876663e+01 3.92210999e+01 3.39387360e+01
  endloop
 endfacet
 facet normal 2.70770311e-01 -3.24654996e-01 9.06246424e-01
  outer loop
   vertex 8.27472687e+00 3.23798523e+01 3.40133362e+01
   vertex 7.52737427e+00 3.17999496e+01 3.40410385e+01
   vertex 7.39179993e+00 2.98959732e+01 3.40460587e+01
  endloop
 endfacet
 facet normal 4.95743990e-01 -6.49311066e-01 5.76743424e-01
  outer loop
   vertex 7.39179993e+00 2.98959732e+01 3.40460587e+01
   vertex 7.52737427e+00 3.17999496e+01 3.40410385e+01
   vertex 6.59506226e+00 2.93139038e+01 3.40755844e+01
  endloop
 endfacet
 facet normal 3.70339267e-02 -9.34710176e-09 9.99314010e-01
  outer loop
   vertex 7.52737427e+00 3.17999496e+01 3.40410385e+01
   vertex 8.27472687e+00 3.23798523e+01 3.40133362e+01
   vertex 8.45729828e+00 3.42837524e+01 3.40065689e+01
  endloop
 endfacet
 facet normal 3.70328128e-02 2.20495465e-07 9.99314070e-01
  outer loop
   vertex 8.45729828e+00 3.42837524e+01 3.40065689e+01
   vertex 8.27472687e+00 3.23798523e+01 3.40133362e+01
   vertex 9.15409851e+00 3.48603973e+01 3.39807510e+01
  endloop
 endfacet
 facet normal -1.45098880e-01 6.53307438e-02 9.87257898e-01
  outer loop
   vertex 6.78002167e+00 3.12200394e+01 3.40687332e+01
   vertex 7.52737427e+00 3.17999496e+01 3.40410385e+01
   vertex 7.76171112e+00 3.37082367e+01 3.40323486e+01
  endloop
 endfacet
 facet normal -4.30935249e-02 2.88620070e-02 9.98654068e-01
  outer loop
   vertex 7.76171112e+00 3.37082367e+01 3.40323486e+01
   vertex 7.52737427e+00 3.17999496e+01 3.40410385e+01
   vertex 8.45729828e+00 3.42837524e+01 3.40065689e+01
  endloop
 endfacet
 facet normal 1.54716060e-01 -2.96817362e-01 9.42317545e-01
  outer loop
   vertex 7.52737427e+00 3.17999496e+01 3.40410385e+01
   vertex 6.78002167e+00 3.12200394e+01 3.40687332e+01
   vertex 6.59506226e+00 2.93139038e+01 3.40755844e+01
  endloop
 endfacet
 facet normal -5.15342802e-02 -7.67591119e-01 6.38864696e-01
  outer loop
   vertex 6.59506226e+00 2.93139038e+01 3.40755844e+01
   vertex 6.78002167e+00 3.12200394e+01 3.40687332e+01
   vertex 5.79833221e+00 2.87318344e+01 3.41051178e+01
  endloop
 endfacet
 facet normal 5.46122015e-01 -8.37519825e-01 -1.76428948e-02
  outer loop
   vertex 3.48486862e+01 0.00000000e+00 1.28288269e+00
   vertex 3.56508560e+01 3.12940216e+00 1.25314713e+00
   vertex 3.48740845e+01 0.00000000e+00 1.96815491e+00
  endloop
 endfacet
 facet normal 8.26920450e-01 -5.61619043e-01 -2.80462410e-02
  outer loop
   vertex 3.48740845e+01 0.00000000e+00 1.96815491e+00
   vertex 3.56508560e+01 3.12940216e+00 1.25314713e+00
   vertex 3.56762466e+01 3.12940216e+00 1.93841934e+00
  endloop
 endfacet
 facet normal 7.06729472e-01 -4.82088715e-01 -5.17806828e-01
  outer loop
   vertex 3.56254578e+01 3.12940979e+00 5.67874908e-01
   vertex 3.56508560e+01 3.12940216e+00 1.25314713e+00
   vertex 3.48232880e+01 0.00000000e+00 5.97606659e-01
  endloop
 endfacet
 facet normal 5.47478974e-01 -8.02325964e-01 -2.37781078e-01
  outer loop
   vertex 3.48232880e+01 0.00000000e+00 5.97606659e-01
   vertex 3.56508560e+01 3.12940216e+00 1.25314713e+00
   vertex 3.48486862e+01 0.00000000e+00 1.28288269e+00
  endloop
 endfacet
 facet normal 8.26917171e-01 -5.61619222e-01 -2.81391237e-02
  outer loop
   vertex 3.56762466e+01 3.12940216e+00 1.93841934e+00
   vertex 3.57016449e+01 3.12940216e+00 2.62369156e+00
   vertex 3.48740845e+01 0.00000000e+00 1.96815491e+00
  endloop
 endfacet
 facet normal 5.41150570e-01 -8.40767741e-01 -1.62992794e-02
  outer loop
   vertex 3.48740845e+01 0.00000000e+00 1.96815491e+00
   vertex 3.57016449e+01 3.12940216e+00 2.62369156e+00
   vertex 3.48994827e+01 0.00000000e+00 2.65342712e+00
  endloop
 endfacet
 facet normal 5.57692945e-01 -8.20989370e-01 1.22290939e-01
  outer loop
   vertex 3.48994827e+01 0.00000000e+00 2.65342712e+00
   vertex 3.57016449e+01 3.12940216e+00 2.62369156e+00
   vertex 3.49248734e+01 0.00000000e+00 3.33869553e+00
  endloop
 endfacet
 facet normal 8.08672249e-01 -5.23941159e-01 2.67459869e-01
  outer loop
   vertex 3.49248734e+01 0.00000000e+00 3.33869553e+00
   vertex 3.57016449e+01 3.12940216e+00 2.62369156e+00
   vertex 3.57270432e+01 3.12940979e+00 3.30896378e+00
  endloop
 endfacet
 facet normal 6.66619837e-01 -1.65713504e-01 7.26744115e-01
  outer loop
   vertex 3.33917847e+01 9.84824371e+00 6.97630310e+00
   vertex 3.41789169e+01 1.28985901e+01 6.94713593e+00
   vertex 3.02432022e+01 1.34518585e+01 1.06880188e+01
  endloop
 endfacet
 facet normal 6.67471111e-01 -1.65211007e-01 7.26076841e-01
  outer loop
   vertex 3.02432022e+01 1.34518585e+01 1.06880188e+01
   vertex 3.41789169e+01 1.28985901e+01 6.94713593e+00
   vertex 3.10174103e+01 1.64249496e+01 1.06613541e+01
  endloop
 endfacet
 facet normal 7.62860835e-01 -1.88626289e-01 6.18436277e-01
  outer loop
   vertex 3.41789169e+01 1.28985901e+01 6.94713593e+00
   vertex 3.33917847e+01 9.84824371e+00 6.97630310e+00
   vertex 3.73313599e+01 9.38822174e+00 3.24950790e+00
  endloop
 endfacet
 facet normal 8.40903819e-01 -2.10073248e-01 4.98748392e-01
  outer loop
   vertex 3.73313599e+01 9.38822174e+00 3.24950790e+00
   vertex 3.33917847e+01 9.84824371e+00 6.97630310e+00
   vertex 3.65291977e+01 6.25881958e+00 3.27923584e+00
  endloop
 endfacet
 facet normal -7.42067933e-01 8.34587142e-02 -6.65108919e-01
  outer loop
   vertex 2.79569855e+01 5.06839523e+01 1.58414917e+01
   vertex 2.50345230e+01 5.36130905e+01 1.94667053e+01
   vertex 2.82040634e+01 5.26345444e+01 1.58057861e+01
  endloop
 endfacet
 facet normal -7.46677160e-01 7.50493482e-02 -6.60939336e-01
  outer loop
   vertex 2.82040634e+01 5.26345444e+01 1.58057861e+01
   vertex 2.50345230e+01 5.36130905e+01 1.94667053e+01
   vertex 2.53085175e+01 5.55785446e+01 1.93974915e+01
  endloop
 endfacet
 facet normal -7.35854387e-01 9.75793451e-02 -6.70072079e-01
  outer loop
   vertex 2.50345230e+01 5.36130905e+01 1.94667053e+01
   vertex 2.79569855e+01 5.06839523e+01 1.58414917e+01
   vertex 2.47111588e+01 5.14746094e+01 1.94939651e+01
  endloop
 endfacet
 facet normal -7.31803238e-01 1.02479041e-01 -6.73767030e-01
  outer loop
   vertex 2.47111588e+01 5.14746094e+01 1.94939651e+01
   vertex 2.79569855e+01 5.06839523e+01 1.58414917e+01
   vertex 2.76552658e+01 4.85400009e+01 1.58478432e+01
  endloop
 endfacet
 facet normal -8.09774399e-01 -9.81821865e-02 -5.78468442e-01
  outer loop
   vertex 2.38213806e+01 6.75063400e+01 2.08258514e+01
   vertex 2.64806747e+01 6.46090546e+01 1.75962753e+01
   vertex 2.35027618e+01 6.56805191e+01 2.15583878e+01
  endloop
 endfacet
 facet normal -8.06296766e-01 -8.64752829e-02 -5.85156024e-01
  outer loop
   vertex 2.35027618e+01 6.56805191e+01 2.15583878e+01
   vertex 2.64806747e+01 6.46090546e+01 1.75962753e+01
   vertex 2.62514648e+01 6.27012787e+01 1.82187729e+01
  endloop
 endfacet
 facet normal -8.15977752e-01 -1.18617997e-01 -5.65782726e-01
  outer loop
   vertex 2.64806747e+01 6.46090546e+01 1.75962753e+01
   vertex 2.38213806e+01 6.75063400e+01 2.08258514e+01
   vertex 2.66986465e+01 6.67180328e+01 1.68089600e+01
  endloop
 endfacet
 facet normal -8.19130540e-01 -1.29485920e-01 -5.58800995e-01
  outer loop
   vertex 2.66986465e+01 6.67180328e+01 1.68089600e+01
   vertex 2.38213806e+01 6.75063400e+01 2.08258514e+01
   vertex 2.41510239e+01 6.94979324e+01 1.98949890e+01
  endloop
 endfacet
 facet normal -8.30596268e-01 -2.82264709e-01 -4.80038017e-01
  outer loop
   vertex 2.41328964e+01 8.66647034e+01 1.26886711e+01
   vertex 2.42854538e+01 8.84848099e+01 1.13447037e+01
   vertex 2.54049606e+01 8.56225586e+01 1.11117172e+01
  endloop
 endfacet
 facet normal -8.30208182e-01 -2.87346423e-01 -4.77688640e-01
  outer loop
   vertex 2.54049606e+01 8.56225586e+01 1.11117172e+01
   vertex 2.42854538e+01 8.84848099e+01 1.13447037e+01
   vertex 2.53294601e+01 8.77555084e+01 9.97105789e+00
  endloop
 endfacet
 facet normal -8.29713166e-01 -2.74935603e-01 -4.85784411e-01
  outer loop
   vertex 2.41328964e+01 8.66647034e+01 1.26886711e+01
   vertex 2.54049606e+01 8.56225586e+01 1.11117172e+01
   vertex 2.39581833e+01 8.48434296e+01 1.40084572e+01
  endloop
 endfacet
 facet normal -8.29407394e-01 -2.70829976e-01 -4.88604665e-01
  outer loop
   vertex 2.39581833e+01 8.48434296e+01 1.40084572e+01
   vertex 2.54049606e+01 8.56225586e+01 1.11117172e+01
   vertex 2.54412689e+01 8.34698181e+01 1.22487526e+01
  endloop
 endfacet
 facet normal -9.36314106e-01 -9.58800018e-02 -3.37820888e-01
  outer loop
   vertex 2.41328964e+01 8.66647034e+01 1.26886711e+01
   vertex 2.39581833e+01 8.48434296e+01 1.40084572e+01
   vertex 2.28503189e+01 8.77068253e+01 1.42856178e+01
  endloop
 endfacet
 facet normal -9.82487917e-01 1.03396207e-01 -1.55005693e-01
  outer loop
   vertex 2.28503189e+01 8.77068253e+01 1.42856178e+01
   vertex 2.39581833e+01 8.48434296e+01 1.40084572e+01
   vertex 2.24662018e+01 8.62261353e+01 1.57796173e+01
  endloop
 endfacet
 facet normal -8.29591453e-01 -2.72524267e-01 -4.87348497e-01
  outer loop
   vertex 2.66560822e+01 8.45803452e+01 9.57474136e+00
   vertex 2.78749466e+01 8.35436172e+01 8.08535004e+00
   vertex 2.69065475e+01 8.21143951e+01 1.05119972e+01
  endloop
 endfacet
 facet normal -8.29755604e-01 -2.66090602e-01 -4.90613371e-01
  outer loop
   vertex 2.69065475e+01 8.21143951e+01 1.05119972e+01
   vertex 2.78749466e+01 8.35436172e+01 8.08535004e+00
   vertex 2.83398438e+01 8.07779846e+01 8.81407166e+00
  endloop
 endfacet
 facet normal -8.29317629e-01 -2.83535361e-01 -4.81497616e-01
  outer loop
   vertex 2.66560822e+01 8.45803452e+01 9.57474136e+00
   vertex 2.54049606e+01 8.56225586e+01 1.11117172e+01
   vertex 2.63531189e+01 8.70175629e+01 8.64495468e+00
  endloop
 endfacet
 facet normal -8.29322577e-01 -2.88200736e-01 -4.78711188e-01
  outer loop
   vertex 2.63531189e+01 8.70175629e+01 8.64495468e+00
   vertex 2.54049606e+01 8.56225586e+01 1.11117172e+01
   vertex 2.53294601e+01 8.77555084e+01 9.97105789e+00
  endloop
 endfacet
 facet normal -8.30340385e-01 -2.83448756e-01 -4.79782879e-01
  outer loop
   vertex 2.78749466e+01 8.35436172e+01 8.08535004e+00
   vertex 2.66560822e+01 8.45803452e+01 9.57474136e+00
   vertex 2.73450546e+01 8.62749939e+01 7.37160492e+00
  endloop
 endfacet
 facet normal -8.30001295e-01 -2.88710326e-01 -4.77225542e-01
  outer loop
   vertex 2.73450546e+01 8.62749939e+01 7.37160492e+00
   vertex 2.66560822e+01 8.45803452e+01 9.57474136e+00
   vertex 2.63531189e+01 8.70175629e+01 8.64495468e+00
  endloop
 endfacet
 facet normal -8.28282058e-01 -3.05146635e-01 -4.69930202e-01
  outer loop
   vertex 2.44238586e+01 9.03290939e+01 9.93572235e+00
   vertex 2.45524597e+01 9.21859589e+01 8.49034882e+00
   vertex 2.52308273e+01 8.98941956e+01 8.79406738e+00
  endloop
 endfacet
 facet normal -9.04391289e-01 2.34113075e-02 -4.26061422e-01
  outer loop
   vertex 2.51170578e+01 9.20381012e+01 7.58990479e+00
   vertex 2.51752090e+01 9.09422684e+01 8.20540237e+00
   vertex 2.45524597e+01 9.21859589e+01 8.49034882e+00
  endloop
 endfacet
 facet normal -9.71488893e-01 1.10793695e-01 -2.09604725e-01
  outer loop
   vertex 2.51752090e+01 9.09422684e+01 8.20540237e+00
   vertex 2.49747162e+01 9.08437195e+01 8.62438965e+00
   vertex 2.45524597e+01 9.21859589e+01 8.49034882e+00
  endloop
 endfacet
 facet normal -9.25173938e-01 -2.42418453e-01 -2.92038471e-01
  outer loop
   vertex 2.45524597e+01 9.21859589e+01 8.49034882e+00
   vertex 2.49747162e+01 9.08437195e+01 8.62438965e+00
   vertex 2.52308273e+01 8.98941956e+01 8.79406738e+00
  endloop
 endfacet
 facet normal -9.37386453e-01 -3.47456038e-01 2.41014287e-02
  outer loop
   vertex 2.49747162e+01 9.08437195e+01 8.62438965e+00
   vertex 2.52016525e+01 9.04441223e+01 8.48519135e+00
   vertex 2.52308273e+01 8.98941956e+01 8.79406738e+00
  endloop
 endfacet
 facet normal -8.29970777e-01 -2.95496643e-01 -4.73106980e-01
  outer loop
   vertex 2.42854538e+01 8.84848099e+01 1.13447037e+01
   vertex 2.44238586e+01 9.03290939e+01 9.93572235e+00
   vertex 2.53294601e+01 8.77555084e+01 9.97105789e+00
  endloop
 endfacet
 facet normal -8.28988731e-01 -2.99455136e-01 -4.72339123e-01
  outer loop
   vertex 2.53294601e+01 8.77555084e+01 9.97105789e+00
   vertex 2.44238586e+01 9.03290939e+01 9.93572235e+00
   vertex 2.52308273e+01 8.98941956e+01 8.79406738e+00
  endloop
 endfacet
 facet normal -9.99058485e-01 -1.31172081e-02 -4.13535982e-02
  outer loop
   vertex 3.93791962e+01 4.28667297e+01 2.00868225e+00
   vertex 3.93057785e+01 4.28819275e+01 1.75888062e+00
   vertex 3.93997726e+01 4.12635880e+01 1.98719788e+00
  endloop
 endfacet
 facet normal -9.92896914e-01 -1.39344623e-02 1.18159205e-01
  outer loop
   vertex 3.93997726e+01 4.12635880e+01 1.98719788e+00
   vertex 3.93057785e+01 4.28819275e+01 1.75888062e+00
   vertex 3.93173676e+01 4.12072983e+01 1.70381927e+00
  endloop
 endfacet
 facet normal -8.27051818e-01 -2.40487978e-01 -5.08085430e-01
  outer loop
   vertex 3.18763199e+01 7.47734222e+01 5.91593552e+00
   vertex 3.03092957e+01 7.63613129e+01 7.72554016e+00
   vertex 3.10879593e+01 7.81626282e+01 5.56618881e+00
  endloop
 endfacet
 facet normal -8.28737974e-01 -2.48128206e-01 -5.01623154e-01
  outer loop
   vertex 3.10879593e+01 7.81626282e+01 5.56618881e+00
   vertex 3.03092957e+01 7.63613129e+01 7.72554016e+00
   vertex 2.97269516e+01 7.94614258e+01 7.17092514e+00
  endloop
 endfacet
 facet normal -7.96571195e-01 -5.98279595e-01 -8.68094712e-02
  outer loop
   vertex 2.85978928e+01 8.43206329e+01 6.35512924e+00
   vertex 2.89297485e+01 8.37143555e+01 6.14439774e+00
   vertex 2.90503006e+01 8.25178986e+01 6.65117264e+00
  endloop
 endfacet
 facet normal -7.85187662e-01 -4.68760580e-01 -4.04652774e-01
  outer loop
   vertex 2.90503006e+01 8.25178986e+01 6.65117264e+00
   vertex 2.89297485e+01 8.37143555e+01 6.14439774e+00
   vertex 3.02087708e+01 8.15139313e+01 5.24811554e+00
  endloop
 endfacet
 facet normal -4.07927752e-01 -7.56226599e-01 -5.11582136e-01
  outer loop
   vertex 2.92328262e+01 8.48094940e+01 4.97060776e+00
   vertex 2.92341766e+01 8.48084564e+01 4.96889877e+00
   vertex 2.89297485e+01 8.37143555e+01 6.14439774e+00
  endloop
 endfacet
 facet normal -7.81517446e-01 -4.74640638e-01 -4.04903442e-01
  outer loop
   vertex 2.89297485e+01 8.37143555e+01 6.14439774e+00
   vertex 2.92341766e+01 8.48084564e+01 4.96889877e+00
   vertex 3.02087708e+01 8.15139313e+01 5.24811554e+00
  endloop
 endfacet
 facet normal -8.30064833e-01 -2.71228433e-01 -4.87265378e-01
  outer loop
   vertex 2.78749466e+01 8.35436172e+01 8.08535004e+00
   vertex 2.90503006e+01 8.25178986e+01 6.65117264e+00
   vertex 2.83398438e+01 8.07779846e+01 8.81407166e+00
  endloop
 endfacet
 facet normal -8.29889059e-01 -2.64167428e-01 -4.91426170e-01
  outer loop
   vertex 2.83398438e+01 8.07779846e+01 8.81407166e+00
   vertex 2.90503006e+01 8.25178986e+01 6.65117264e+00
   vertex 2.97269516e+01 7.94614258e+01 7.17092514e+00
  endloop
 endfacet
 facet normal -8.89888048e-01 -4.09633636e-01 -2.00747490e-01
  outer loop
   vertex 2.90503006e+01 8.25178986e+01 6.65117264e+00
   vertex 2.78749466e+01 8.35436172e+01 8.08535004e+00
   vertex 2.85978928e+01 8.43206329e+01 6.35512924e+00
  endloop
 endfacet
 facet normal -8.88297200e-01 -4.15480465e-01 -1.95714265e-01
  outer loop
   vertex 2.73450546e+01 8.62749939e+01 7.37160492e+00
   vertex 2.76796494e+01 8.60129395e+01 6.94304657e+00
   vertex 2.78749466e+01 8.35436172e+01 8.08535004e+00
  endloop
 endfacet
 facet normal -8.49494398e-01 -5.08546054e-01 1.40499547e-01
  outer loop
   vertex 2.76796494e+01 8.60129395e+01 6.94304657e+00
   vertex 2.82354889e+01 8.49885406e+01 6.58716583e+00
   vertex 2.78749466e+01 8.35436172e+01 8.08535004e+00
  endloop
 endfacet
 facet normal -8.49635303e-01 -5.08276105e-01 1.40624583e-01
  outer loop
   vertex 2.82354889e+01 8.49885406e+01 6.58716583e+00
   vertex 2.85978928e+01 8.43206329e+01 6.35512924e+00
   vertex 2.78749466e+01 8.35436172e+01 8.08535004e+00
  endloop
 endfacet
 facet normal -8.22216928e-01 -2.24562779e-01 -5.23001790e-01
  outer loop
   vertex 3.18763199e+01 7.47734222e+01 5.91593552e+00
   vertex 3.34552307e+01 7.31950531e+01 4.13335037e+00
   vertex 3.25441437e+01 7.13535919e+01 6.30076218e+00
  endloop
 endfacet
 facet normal -8.16277146e-01 -2.15036064e-01 -5.36144733e-01
  outer loop
   vertex 3.25441437e+01 7.13535919e+01 6.30076218e+00
   vertex 3.34552307e+01 7.31950531e+01 4.13335037e+00
   vertex 3.43334808e+01 6.95010681e+01 4.30328369e+00
  endloop
 endfacet
 facet normal -9.24963653e-01 -1.41883254e-01 -3.52578163e-01
  outer loop
   vertex 3.80595322e+01 5.58370667e+01 1.32690048e+00
   vertex 3.80377960e+01 5.61012764e+01 1.54924011e+00
   vertex 3.74141998e+01 5.97550430e+01 1.37457657e+00
  endloop
 endfacet
 facet normal -9.81202602e-01 -1.58300444e-01 -1.10374033e-01
  outer loop
   vertex 3.74141998e+01 5.97550430e+01 1.37457657e+00
   vertex 3.80377960e+01 5.61012764e+01 1.54924011e+00
   vertex 3.74222565e+01 5.98348999e+01 1.59246063e+00
  endloop
 endfacet
 facet normal -9.64217484e-01 -5.19516803e-02 2.59972394e-01
  outer loop
   vertex 3.91140823e+01 4.63563614e+01 1.64813995e+00
   vertex 3.90652084e+01 4.63212967e+01 1.45483398e+00
   vertex 3.91915436e+01 4.45748215e+01 1.59641266e+00
  endloop
 endfacet
 facet normal -9.68605399e-01 -4.81244661e-02 2.43900910e-01
  outer loop
   vertex 3.91915436e+01 4.45748215e+01 1.59641266e+00
   vertex 3.90652084e+01 4.63212967e+01 1.45483398e+00
   vertex 3.91428680e+01 4.45290222e+01 1.40019608e+00
  endloop
 endfacet
 facet normal -7.87927151e-01 -1.88962258e-02 -6.15478456e-01
  outer loop
   vertex 2.87751312e+01 5.79424057e+01 1.52961044e+01
   vertex 3.14549332e+01 5.50156479e+01 1.19471397e+01
   vertex 2.85973587e+01 5.62021370e+01 1.55557480e+01
  endloop
 endfacet
 facet normal -7.84232497e-01 -7.25656748e-03 -6.20424628e-01
  outer loop
   vertex 2.85973587e+01 5.62021370e+01 1.55557480e+01
   vertex 3.14549332e+01 5.50156479e+01 1.19471397e+01
   vertex 3.13383789e+01 5.32690582e+01 1.21297112e+01
  endloop
 endfacet
 facet normal -8.00414145e-01 1.58651963e-01 -5.78071594e-01
  outer loop
   vertex 3.40874176e+01 2.56567535e+01 5.36338043e+00
   vertex 3.70276184e+01 2.24899216e+01 1.95043945e+00
   vertex 3.34757309e+01 2.26518631e+01 5.37404633e+00
  endloop
 endfacet
 facet normal -8.87390018e-01 1.76900432e-01 -4.25729036e-01
  outer loop
   vertex 3.34757309e+01 2.26518631e+01 5.37404633e+00
   vertex 3.70276184e+01 2.24899216e+01 1.95043945e+00
   vertex 3.64028778e+01 1.93991623e+01 1.96276093e+00
  endloop
 endfacet
 facet normal -8.39418292e-01 -5.23571670e-01 1.45772412e-01
  outer loop
   vertex 2.52016525e+01 9.04441223e+01 8.48519135e+00
   vertex 2.56482849e+01 8.96557617e+01 8.21061707e+00
   vertex 2.52308273e+01 8.98941956e+01 8.79406738e+00
  endloop
 endfacet
 facet normal -8.62023115e-01 4.00030911e-01 -3.11273873e-01
  outer loop
   vertex 2.54499893e+01 9.10778351e+01 7.62956238e+00
   vertex 2.51170578e+01 9.20381012e+01 7.58990479e+00
   vertex 2.57549744e+01 9.12310486e+01 6.98189926e+00
  endloop
 endfacet
 facet normal -9.08196330e-01 2.33703125e-02 -4.17891473e-01
  outer loop
   vertex 2.57549744e+01 9.12310486e+01 6.98189926e+00
   vertex 2.51170578e+01 9.20381012e+01 7.58990479e+00
   vertex 2.56606445e+01 9.18766785e+01 6.72328568e+00
  endloop
 endfacet
 facet normal -8.64925325e-01 4.00554776e-01 -3.02423686e-01
  outer loop
   vertex 2.57549744e+01 9.12310486e+01 6.98189926e+00
   vertex 2.56606445e+01 9.18766785e+01 6.72328568e+00
   vertex 2.61481171e+01 9.14394073e+01 6.11312103e+00
  endloop
 endfacet
 facet normal -9.14185822e-01 2.45625824e-02 -4.04550374e-01
  outer loop
   vertex 2.61481171e+01 9.14394073e+01 6.11312103e+00
   vertex 2.56606445e+01 9.18766785e+01 6.72328568e+00
   vertex 2.61645584e+01 9.16871109e+01 5.91632843e+00
  endloop
 endfacet
 facet normal -8.47332001e-01 4.45937872e-01 -2.88388401e-01
  outer loop
   vertex 2.61481171e+01 9.14394073e+01 6.11312103e+00
   vertex 2.61645584e+01 9.16871109e+01 5.91632843e+00
   vertex 2.61774521e+01 9.14543762e+01 6.05010605e+00
  endloop
 endfacet
 facet normal -7.99814939e-01 4.96206552e-01 -3.37750047e-01
  outer loop
   vertex 2.61774521e+01 9.14543762e+01 6.05010605e+00
   vertex 2.61645584e+01 9.16871109e+01 5.91632843e+00
   vertex 2.62163391e+01 9.14546661e+01 5.97976303e+00
  endloop
 endfacet
 facet normal -8.43070865e-01 -5.17921627e-01 1.44874647e-01
  outer loop
   vertex 2.60986786e+01 8.88491516e+01 7.92991638e+00
   vertex 2.63881073e+01 8.83261108e+01 7.74800491e+00
   vertex 2.63531189e+01 8.70175629e+01 8.64495468e+00
  endloop
 endfacet
 facet normal -8.42903018e-01 -5.17903268e-01 1.45913452e-01
  outer loop
   vertex 2.63881073e+01 8.83261108e+01 7.74800491e+00
   vertex 2.65623398e+01 8.80112457e+01 7.63849258e+00
   vertex 2.63531189e+01 8.70175629e+01 8.64495468e+00
  endloop
 endfacet
 facet normal -8.85202885e-01 -4.23748910e-01 -1.91970482e-01
  outer loop
   vertex 2.73450546e+01 8.62749939e+01 7.37160492e+00
   vertex 2.63531189e+01 8.70175629e+01 8.64495468e+00
   vertex 2.72275162e+01 8.68255615e+01 7.22576904e+00
  endloop
 endfacet
 facet normal -8.42105627e-01 -5.19598007e-01 1.44485280e-01
  outer loop
   vertex 2.72275162e+01 8.68255615e+01 7.22576904e+00
   vertex 2.63531189e+01 8.70175629e+01 8.64495468e+00
   vertex 2.71972961e+01 8.68794250e+01 7.24451828e+00
  endloop
 endfacet
 facet normal -8.41811240e-01 -5.20105600e-01 1.44374400e-01
  outer loop
   vertex 2.71972961e+01 8.68794250e+01 7.24451828e+00
   vertex 2.63531189e+01 8.70175629e+01 8.64495468e+00
   vertex 2.68091202e+01 8.75713501e+01 7.48537445e+00
  endloop
 endfacet
 facet normal -8.42174768e-01 -5.19307494e-01 1.45125449e-01
  outer loop
   vertex 2.65623398e+01 8.80112457e+01 7.63849258e+00
   vertex 2.68091202e+01 8.75713501e+01 7.48537445e+00
   vertex 2.63531189e+01 8.70175629e+01 8.64495468e+00
  endloop
 endfacet
 facet normal -5.86574256e-01 -9.49164405e-02 -8.04314315e-01
  outer loop
   vertex 2.87211761e+01 8.90013046e+01 2.92451859e+00
   vertex 2.84366837e+01 8.94202728e+01 3.07218933e+00
   vertex 2.78506012e+01 9.08912659e+01 3.11629868e+00
  endloop
 endfacet
 facet normal -6.76012218e-01 -1.96130350e-01 -7.10310042e-01
  outer loop
   vertex 2.78506012e+01 9.08912659e+01 3.11629868e+00
   vertex 2.84366837e+01 8.94202728e+01 3.07218933e+00
   vertex 2.78061295e+01 9.06721344e+01 3.26117325e+00
  endloop
 endfacet
 facet normal -2.23571509e-01 -8.14194202e-01 -5.35820425e-01
  outer loop
   vertex 2.95115662e+01 8.72106934e+01 2.89366913e+00
   vertex 2.95108643e+01 8.72814484e+01 2.76205826e+00
   vertex 2.95556793e+01 8.71211624e+01 2.88416290e+00
  endloop
 endfacet
 facet normal -5.64686298e-01 -7.32487217e-02 -8.22048664e-01
  outer loop
   vertex 2.91397858e+01 8.82885284e+01 2.67572021e+00
   vertex 2.90069962e+01 8.84919739e+01 2.74722290e+00
   vertex 2.79010010e+01 9.11195755e+01 2.96565247e+00
  endloop
 endfacet
 facet normal -6.43578053e-01 -1.67334467e-01 -7.46864438e-01
  outer loop
   vertex 2.79010010e+01 9.11195755e+01 2.96565247e+00
   vertex 2.90069962e+01 8.84919739e+01 2.74722290e+00
   vertex 2.78506012e+01 9.08912659e+01 3.11629868e+00
  endloop
 endfacet
 facet normal -5.87923408e-01 -9.12519395e-02 -8.03753138e-01
  outer loop
   vertex 2.90069962e+01 8.84919739e+01 2.74722290e+00
   vertex 2.87871017e+01 8.88838272e+01 2.88362503e+00
   vertex 2.78506012e+01 9.08912659e+01 3.11629868e+00
  endloop
 endfacet
 facet normal -6.26371741e-01 -1.13527961e-01 -7.71213233e-01
  outer loop
   vertex 2.87871017e+01 8.88838272e+01 2.88362503e+00
   vertex 2.87211761e+01 8.90013046e+01 2.92451859e+00
   vertex 2.78506012e+01 9.08912659e+01 3.11629868e+00
  endloop
 endfacet
 facet normal -2.40155086e-01 -7.86774933e-01 -5.68604171e-01
  outer loop
   vertex 2.95106964e+01 8.72869110e+01 2.75064468e+00
   vertex 2.95167999e+01 8.74200592e+01 2.58878708e+00
   vertex 3.09857635e+01 8.37739029e+01 2.30056381e+00
  endloop
 endfacet
 facet normal -7.01775193e-01 -7.11929321e-01 -2.58510280e-02
  outer loop
   vertex 2.95106964e+01 8.72869110e+01 2.75064468e+00
   vertex 3.09857635e+01 8.37739029e+01 2.30056381e+00
   vertex 3.10645981e+01 8.35905304e+01 2.46233749e+00
  endloop
 endfacet
 facet normal -6.63630784e-01 -7.11785018e-01 2.30122358e-01
  outer loop
   vertex 2.95106964e+01 8.72869110e+01 2.75064468e+00
   vertex 3.10645981e+01 8.35905304e+01 2.46233749e+00
   vertex 3.13052368e+01 8.35701904e+01 2.50715256e+00
  endloop
 endfacet
 facet normal -1.76221624e-01 -6.40815735e-01 -7.47195542e-01
  outer loop
   vertex 2.95171661e+01 8.74256134e+01 2.58325958e+00
   vertex 3.09782715e+01 8.40673523e+01 2.06958008e+00
   vertex 2.95167999e+01 8.74200592e+01 2.58878708e+00
  endloop
 endfacet
 facet normal -6.48076415e-01 -5.46618819e-01 -5.30287504e-01
  outer loop
   vertex 2.95167999e+01 8.74200592e+01 2.58878708e+00
   vertex 3.09782715e+01 8.40673523e+01 2.06958008e+00
   vertex 3.09857635e+01 8.37739029e+01 2.30056381e+00
  endloop
 endfacet
 facet normal -6.23112857e-01 -1.01652607e-01 -7.75497973e-01
  outer loop
   vertex 2.94965210e+01 8.76886444e+01 2.46615219e+00
   vertex 2.95046387e+01 8.77907104e+01 2.39365768e+00
   vertex 2.95073929e+01 8.76689148e+01 2.45929718e+00
  endloop
 endfacet
 facet normal -7.40382910e-01 -2.01507598e-01 -6.41270518e-01
  outer loop
   vertex 2.95046387e+01 8.77907104e+01 2.39365768e+00
   vertex 3.09782715e+01 8.40673523e+01 2.06958008e+00
   vertex 2.95073929e+01 8.76689148e+01 2.45929718e+00
  endloop
 endfacet
 facet normal -4.40664977e-01 -3.21967870e-01 -8.37944567e-01
  outer loop
   vertex 2.95073929e+01 8.76689148e+01 2.45929718e+00
   vertex 3.09782715e+01 8.40673523e+01 2.06958008e+00
   vertex 2.95268784e+01 8.75357208e+01 2.50344086e+00
  endloop
 endfacet
 facet normal -1.61760449e-01 -5.64470649e-01 -8.09448242e-01
  outer loop
   vertex 2.95171661e+01 8.74256134e+01 2.58325958e+00
   vertex 2.95268784e+01 8.75357208e+01 2.50344086e+00
   vertex 3.09782715e+01 8.40673523e+01 2.06958008e+00
  endloop
 endfacet
 facet normal -7.78500259e-01 5.00726283e-01 -3.78431708e-01
  outer loop
   vertex 2.65568924e+01 9.14825745e+01 5.28112411e+00
   vertex 2.62163391e+01 9.14546661e+01 5.97976303e+00
   vertex 2.61645584e+01 9.16871109e+01 5.91632843e+00
  endloop
 endfacet
 facet normal -8.42224002e-01 -5.18214822e-01 1.48701325e-01
  outer loop
   vertex 2.72275162e+01 8.68255615e+01 7.22576904e+00
   vertex 2.73624573e+01 8.65792847e+01 7.14016724e+00
   vertex 2.73450546e+01 8.62749939e+01 7.37160492e+00
  endloop
 endfacet
 facet normal -8.43553841e-01 -5.16719580e-01 1.46348283e-01
  outer loop
   vertex 2.76796494e+01 8.60129395e+01 6.94304657e+00
   vertex 2.73450546e+01 8.62749939e+01 7.37160492e+00
   vertex 2.76320419e+01 8.60979309e+01 6.97262955e+00
  endloop
 endfacet
 facet normal -8.41634154e-01 -5.18795848e-01 1.50009260e-01
  outer loop
   vertex 2.76320419e+01 8.60979309e+01 6.97262955e+00
   vertex 2.73450546e+01 8.62749939e+01 7.37160492e+00
   vertex 2.73624573e+01 8.65792847e+01 7.14016724e+00
  endloop
 endfacet
 facet normal -8.49201679e-01 4.82197672e-01 -2.15271667e-01
  outer loop
   vertex 2.68878174e+01 9.15269012e+01 4.54622269e+00
   vertex 2.66006317e+01 9.14867401e+01 5.18949890e+00
   vertex 2.57311859e+01 9.44029999e+01 4.69705200e+00
  endloop
 endfacet
 facet normal -8.58415902e-01 4.79301929e-01 -1.82734117e-01
  outer loop
   vertex 2.68878174e+01 9.15269012e+01 4.54622269e+00
   vertex 2.57311859e+01 9.44029999e+01 4.69705200e+00
   vertex 2.68950424e+01 9.15347748e+01 4.50764847e+00
  endloop
 endfacet
 facet normal -9.70783055e-01 4.45153937e-02 -2.35793710e-01
  outer loop
   vertex 2.68950424e+01 9.15347748e+01 4.50764847e+00
   vertex 2.57311859e+01 9.44029999e+01 4.69705200e+00
   vertex 2.58499908e+01 9.43498383e+01 4.32897186e+00
  endloop
 endfacet
 facet normal -8.07069480e-01 4.95980650e-01 -3.20378006e-01
  outer loop
   vertex 2.65990295e+01 9.14861450e+01 5.19431305e+00
   vertex 2.65568924e+01 9.14825745e+01 5.28112411e+00
   vertex 2.55619507e+01 9.44071503e+01 5.14047241e+00
  endloop
 endfacet
 facet normal -9.03334558e-01 6.96297437e-02 -4.23247367e-01
  outer loop
   vertex 2.65568924e+01 9.14825745e+01 5.28112411e+00
   vertex 2.61645584e+01 9.16871109e+01 5.91632843e+00
   vertex 2.55619507e+01 9.44071503e+01 5.14047241e+00
  endloop
 endfacet
 facet normal -8.19910049e-01 4.96017039e-01 -2.85857677e-01
  outer loop
   vertex 2.65990295e+01 9.14861450e+01 5.19431305e+00
   vertex 2.55619507e+01 9.44071503e+01 5.14047241e+00
   vertex 2.66006317e+01 9.14867401e+01 5.18949890e+00
  endloop
 endfacet
 facet normal -9.41378057e-01 6.60836548e-02 -3.30817550e-01
  outer loop
   vertex 2.66006317e+01 9.14867401e+01 5.18949890e+00
   vertex 2.55619507e+01 9.44071503e+01 5.14047241e+00
   vertex 2.57311859e+01 9.44029999e+01 4.69705200e+00
  endloop
 endfacet
 facet normal -8.60651433e-01 4.76008654e-01 -1.80817306e-01
  outer loop
   vertex 2.71390762e+01 9.16067810e+01 3.83761597e+00
   vertex 2.71319351e+01 9.15896149e+01 3.90629578e+00
   vertex 2.60565720e+01 9.42231064e+01 3.63818741e+00
  endloop
 endfacet
 facet normal -9.66686368e-01 1.14046475e-02 -2.55709499e-01
  outer loop
   vertex 2.60565720e+01 9.42231064e+01 3.63818741e+00
   vertex 2.71319351e+01 9.15896149e+01 3.90629578e+00
   vertex 2.59563751e+01 9.42885132e+01 3.97904205e+00
  endloop
 endfacet
 facet normal -7.32987881e-01 -2.30535910e-01 -6.39985919e-01
  outer loop
   vertex 2.78061295e+01 9.06721344e+01 3.26117325e+00
   vertex 2.76254120e+01 9.07947693e+01 3.55212784e+00
   vertex 2.60565720e+01 9.42231064e+01 3.63818741e+00
  endloop
 endfacet
 facet normal -6.50518775e-01 -1.34707570e-01 -7.47448444e-01
  outer loop
   vertex 2.76254120e+01 9.07947693e+01 3.55212784e+00
   vertex 2.73541031e+01 9.12484589e+01 3.71066666e+00
   vertex 2.60565720e+01 9.42231064e+01 3.63818741e+00
  endloop
 endfacet
 facet normal -8.34783852e-01 1.88491270e-01 -5.17307401e-01
  outer loop
   vertex 2.71390762e+01 9.16067810e+01 3.83761597e+00
   vertex 2.60565720e+01 9.42231064e+01 3.63818741e+00
   vertex 2.71397324e+01 9.16069412e+01 3.83594513e+00
  endloop
 endfacet
 facet normal -6.82995319e-01 -1.14015900e-01 -7.21469223e-01
  outer loop
   vertex 2.73541031e+01 9.12484589e+01 3.71066666e+00
   vertex 2.71397324e+01 9.16069412e+01 3.83594513e+00
   vertex 2.60565720e+01 9.42231064e+01 3.63818741e+00
  endloop
 endfacet
 facet normal -8.75478625e-01 4.61563855e-01 -1.43164352e-01
  outer loop
   vertex 2.71237411e+01 9.15742569e+01 3.97094345e+00
   vertex 2.68950424e+01 9.15347748e+01 4.50764847e+00
   vertex 2.58499908e+01 9.43498383e+01 4.32897186e+00
  endloop
 endfacet
 facet normal -9.01943207e-01 4.27132845e-01 -6.36862889e-02
  outer loop
   vertex 2.71319351e+01 9.15896149e+01 3.90629578e+00
   vertex 2.71237411e+01 9.15742569e+01 3.97094345e+00
   vertex 2.59563751e+01 9.42885132e+01 3.97904205e+00
  endloop
 endfacet
 facet normal -9.81700063e-01 9.53417402e-05 -1.90433800e-01
  outer loop
   vertex 2.59563751e+01 9.42885132e+01 3.97904205e+00
   vertex 2.71237411e+01 9.15742569e+01 3.97094345e+00
   vertex 2.58499908e+01 9.43498383e+01 4.32897186e+00
  endloop
 endfacet
 facet normal -1.97443664e-01 -6.35717809e-01 -7.46243179e-01
  outer loop
   vertex 2.94239426e+01 8.61134338e+01 3.79548264e+00
   vertex 3.02001877e+01 8.41252747e+01 3.77967072e+00
   vertex 2.93533630e+01 8.52569580e+01 4.47424316e+00
  endloop
 endfacet
 facet normal -5.53042173e-01 -5.32070160e-01 -6.41128421e-01
  outer loop
   vertex 2.92341766e+01 8.48084564e+01 4.96889877e+00
   vertex 2.92336273e+01 8.48125000e+01 4.96720123e+00
   vertex 3.02001877e+01 8.41252747e+01 3.77967072e+00
  endloop
 endfacet
 facet normal -1.95751950e-01 -6.87148571e-01 -6.99648499e-01
  outer loop
   vertex 2.92336273e+01 8.48125000e+01 4.96720123e+00
   vertex 2.93533630e+01 8.52569580e+01 4.47424316e+00
   vertex 3.02001877e+01 8.41252747e+01 3.77967072e+00
  endloop
 endfacet
 facet normal -6.44364715e-01 -1.33362100e-01 -7.52999783e-01
  outer loop
   vertex 2.79661942e+01 9.01988373e+01 3.34444809e+00
   vertex 2.76254120e+01 9.07947693e+01 3.55212784e+00
   vertex 2.78061295e+01 9.06721344e+01 3.26117325e+00
  endloop
 endfacet
 facet normal -2.00327083e-01 -7.27945507e-01 -6.55716717e-01
  outer loop
   vertex 2.95073929e+01 8.71520691e+01 2.94779587e+00
   vertex 2.95115662e+01 8.72106934e+01 2.89366913e+00
   vertex 2.95556793e+01 8.71211624e+01 2.88416290e+00
  endloop
 endfacet
 facet normal -8.60387444e-01 4.00900841e-01 -3.14661741e-01
  outer loop
   vertex 2.54499893e+01 9.10778351e+01 7.62956238e+00
   vertex 2.51752090e+01 9.09422684e+01 8.20540237e+00
   vertex 2.51170578e+01 9.20381012e+01 7.58990479e+00
  endloop
 endfacet
 facet normal -6.61748111e-01 -1.44045129e-01 -7.35758424e-01
  outer loop
   vertex 2.83085709e+01 8.96523666e+01 3.15290070e+00
   vertex 2.80788727e+01 9.00189972e+01 3.28140640e+00
   vertex 2.78061295e+01 9.06721344e+01 3.26117325e+00
  endloop
 endfacet
 facet normal -6.33109987e-01 -1.28983289e-01 -7.63239861e-01
  outer loop
   vertex 2.80788727e+01 9.00189972e+01 3.28140640e+00
   vertex 2.79661942e+01 9.01988373e+01 3.34444809e+00
   vertex 2.78061295e+01 9.06721344e+01 3.26117325e+00
  endloop
 endfacet
 facet normal -6.38329864e-01 -1.27171904e-01 -7.59185255e-01
  outer loop
   vertex 2.84366837e+01 8.94202728e+01 3.07218933e+00
   vertex 2.83085709e+01 8.96523666e+01 3.15290070e+00
   vertex 2.78061295e+01 9.06721344e+01 3.26117325e+00
  endloop
 endfacet
 facet normal -9.00448382e-01 7.61017799e-02 4.28253740e-01
  outer loop
   vertex 2.67001572e+01 8.54647903e+01 6.79993820e+00
   vertex 2.68132553e+01 8.60979309e+01 7.00297546e+00
   vertex 2.65343933e+01 8.69286957e+01 2.32720566e+00
  endloop
 endfacet
 facet normal -9.41741168e-01 2.01910883e-01 -2.68989921e-01
  outer loop
   vertex 2.65343933e+01 8.69286957e+01 2.32720566e+00
   vertex 2.68132553e+01 8.60979309e+01 7.00297546e+00
   vertex 2.66474991e+01 8.75618439e+01 2.53024292e+00
  endloop
 endfacet
 facet normal -7.92295456e-01 3.35975111e-01 5.09302080e-01
  outer loop
   vertex 2.63872528e+01 8.48936234e+01 6.62459564e+00
   vertex 2.67001572e+01 8.54647903e+01 6.79993820e+00
   vertex 2.62214966e+01 8.63575287e+01 2.15186691e+00
  endloop
 endfacet
 facet normal -8.62833560e-01 4.70852882e-01 -1.83890849e-01
  outer loop
   vertex 2.62214966e+01 8.63575287e+01 2.15186691e+00
   vertex 2.67001572e+01 8.54647903e+01 6.79993820e+00
   vertex 2.65343933e+01 8.69286957e+01 2.32720566e+00
  endloop
 endfacet
 facet normal -6.05374694e-01 5.52268624e-01 5.73167443e-01
  outer loop
   vertex 2.59051819e+01 8.44403381e+01 6.49410248e+00
   vertex 2.63872528e+01 8.48936234e+01 6.62459564e+00
   vertex 2.57394180e+01 8.59042511e+01 2.02136993e+00
  endloop
 endfacet
 facet normal -7.00674713e-01 7.04401493e-01 -1.13461524e-01
  outer loop
   vertex 2.57394180e+01 8.59042511e+01 2.02136993e+00
   vertex 2.63872528e+01 8.48936234e+01 6.62459564e+00
   vertex 2.62214966e+01 8.63575287e+01 2.15186691e+00
  endloop
 endfacet
 facet normal -3.57985258e-01 7.03807473e-01 6.13597274e-01
  outer loop
   vertex 2.53011322e+01 8.41493225e+01 6.42124176e+00
   vertex 2.59051819e+01 8.44403381e+01 6.49410248e+00
   vertex 2.51353683e+01 8.56132278e+01 1.94850922e+00
  endloop
 endfacet
 facet normal -4.71138597e-01 8.79690707e-01 -6.45961314e-02
  outer loop
   vertex 2.51353683e+01 8.56132278e+01 1.94850922e+00
   vertex 2.59051819e+01 8.44403381e+01 6.49410248e+00
   vertex 2.57394180e+01 8.59042511e+01 2.02136993e+00
  endloop
 endfacet
 facet normal -7.43453726e-02 7.75759578e-01 6.26633704e-01
  outer loop
   vertex 2.46342163e+01 8.40490417e+01 6.41313553e+00
   vertex 2.53011322e+01 8.41493225e+01 6.42124176e+00
   vertex 2.44684601e+01 8.55129471e+01 1.94040298e+00
  endloop
 endfacet
 facet normal -1.96697891e-01 9.79560733e-01 -4.20804061e-02
  outer loop
   vertex 2.44684601e+01 8.55129471e+01 1.94040298e+00
   vertex 2.53011322e+01 8.41493225e+01 6.42124176e+00
   vertex 2.51353683e+01 8.56132278e+01 1.94850922e+00
  endloop
 endfacet
 facet normal 2.17782721e-01 7.61081696e-01 6.11003518e-01
  outer loop
   vertex 2.39697418e+01 8.41493225e+01 6.47058487e+00
   vertex 2.46342163e+01 8.40490417e+01 6.41313553e+00
   vertex 2.38039780e+01 8.56132278e+01 1.99785233e+00
  endloop
 endfacet
 facet normal 9.57863405e-02 9.94238317e-01 -4.81156707e-02
  outer loop
   vertex 2.38039780e+01 8.56132278e+01 1.99785233e+00
   vertex 2.46342163e+01 8.40490417e+01 6.41313553e+00
   vertex 2.44684601e+01 8.55129471e+01 1.94040298e+00
  endloop
 endfacet
 facet normal 4.89802837e-01 6.61212742e-01 5.68234921e-01
  outer loop
   vertex 2.33727417e+01 8.44403381e+01 6.58795547e+00
   vertex 2.39697418e+01 8.41493225e+01 6.47058487e+00
   vertex 2.32069778e+01 8.59042511e+01 2.11522293e+00
  endloop
 endfacet
 facet normal 3.77681792e-01 9.22287285e-01 -8.21136087e-02
  outer loop
   vertex 2.32069778e+01 8.59042511e+01 2.11522293e+00
   vertex 2.39697418e+01 8.41493225e+01 6.47058487e+00
   vertex 2.38039780e+01 8.56132278e+01 1.99785233e+00
  endloop
 endfacet
 facet normal 7.15088904e-01 4.85925943e-01 5.02517462e-01
  outer loop
   vertex 2.29016418e+01 8.48936234e+01 6.75377655e+00
   vertex 2.33727417e+01 8.44403381e+01 6.58795547e+00
   vertex 2.27358856e+01 8.63575287e+01 2.28104782e+00
  endloop
 endfacet
 facet normal 6.21398687e-01 7.70750105e-01 -1.40740693e-01
  outer loop
   vertex 2.27358856e+01 8.63575287e+01 2.28104782e+00
   vertex 2.33727417e+01 8.44403381e+01 6.58795547e+00
   vertex 2.32069778e+01 8.59042511e+01 2.11522293e+00
  endloop
 endfacet
 facet normal 8.71593177e-01 2.52376109e-01 4.20275688e-01
  outer loop
   vertex 2.26025696e+01 8.54647903e+01 6.95179749e+00
   vertex 2.29016418e+01 8.48936234e+01 6.75377655e+00
   vertex 2.24368057e+01 8.69286957e+01 2.47906494e+00
  endloop
 endfacet
 facet normal 8.03077698e-01 5.54459512e-01 -2.18267843e-01
  outer loop
   vertex 2.24368057e+01 8.69286957e+01 2.47906494e+00
   vertex 2.29016418e+01 8.48936234e+01 6.75377655e+00
   vertex 2.27358856e+01 8.63575287e+01 2.28104782e+00
  endloop
 endfacet
 facet normal 9.43986118e-01 -1.65723730e-02 3.29568803e-01
  outer loop
   vertex 2.25048141e+01 8.60979309e+01 7.16265106e+00
   vertex 2.26025696e+01 8.54647903e+01 6.95179749e+00
   vertex 2.23390579e+01 8.75618439e+01 2.68991852e+00
  endloop
 endfacet
 facet normal 9.04938519e-01 2.94578493e-01 -3.07098985e-01
  outer loop
   vertex 2.23390579e+01 8.75618439e+01 2.68991852e+00
   vertex 2.26025696e+01 8.54647903e+01 6.95179749e+00
   vertex 2.24368057e+01 8.69286957e+01 2.47906494e+00
  endloop
 endfacet
 facet normal 9.25187290e-01 -2.94580787e-01 2.39270970e-01
  outer loop
   vertex 2.26179123e+01 8.67310791e+01 7.36568451e+00
   vertex 2.25048141e+01 8.60979309e+01 7.16265106e+00
   vertex 2.24521484e+01 8.81949921e+01 2.89294815e+00
  endloop
 endfacet
 facet normal 9.17002320e-01 1.65678188e-02 -3.98537606e-01
  outer loop
   vertex 2.24521484e+01 8.81949921e+01 2.89294815e+00
   vertex 2.25048141e+01 8.60979309e+01 7.16265106e+00
   vertex 2.23390579e+01 8.75618439e+01 2.68991852e+00
  endloop
 endfacet
 facet normal 8.17032576e-01 -5.54456472e-01 1.58227056e-01
  outer loop
   vertex 2.29308167e+01 8.73022461e+01 7.54103088e+00
   vertex 2.26179123e+01 8.67310791e+01 7.36568451e+00
   vertex 2.27650604e+01 8.87661591e+01 3.06829453e+00
  endloop
 endfacet
 facet normal 8.38092744e-01 -2.52374321e-01 -4.83640075e-01
  outer loop
   vertex 2.27650604e+01 8.87661591e+01 3.06829453e+00
   vertex 2.26179123e+01 8.67310791e+01 7.36568451e+00
   vertex 2.24521484e+01 8.81949921e+01 2.89294815e+00
  endloop
 endfacet
 facet normal 6.30115271e-01 -7.70746827e-01 9.43615660e-02
  outer loop
   vertex 2.34128952e+01 8.77555313e+01 7.67151642e+00
   vertex 2.29308167e+01 8.73022461e+01 7.54103088e+00
   vertex 2.32471313e+01 8.92194366e+01 3.19878387e+00
  endloop
 endfacet
 facet normal 6.75934732e-01 -4.85924840e-01 -5.54066122e-01
  outer loop
   vertex 2.32471313e+01 8.92194366e+01 3.19878387e+00
   vertex 2.29308167e+01 8.73022461e+01 7.54103088e+00
   vertex 2.27650604e+01 8.87661591e+01 3.06829453e+00
  endloop
 endfacet
 facet normal 3.82730305e-01 -9.22284722e-01 5.39301112e-02
  outer loop
   vertex 2.40169449e+01 8.80465546e+01 7.74438095e+00
   vertex 2.34128952e+01 8.77555313e+01 7.67151642e+00
   vertex 2.38511810e+01 8.95104675e+01 3.27164841e+00
  endloop
 endfacet
 facet normal 4.46404517e-01 -6.61207914e-01 -6.02932096e-01
  outer loop
   vertex 2.38511810e+01 8.95104675e+01 3.27164841e+00
   vertex 2.34128952e+01 8.77555313e+01 7.67151642e+00
   vertex 2.32471313e+01 8.92194366e+01 3.19878387e+00
  endloop
 endfacet
 facet normal 9.90857035e-02 -9.94238257e-01 4.08934280e-02
  outer loop
   vertex 2.46838531e+01 8.81468353e+01 7.75248718e+00
   vertex 2.40169449e+01 8.80465546e+01 7.74438095e+00
   vertex 2.45180969e+01 8.96107483e+01 3.27975845e+00
  endloop
 endfacet
 facet normal 1.71961531e-01 -7.61079609e-01 -6.25449479e-01
  outer loop
   vertex 2.45180969e+01 8.96107483e+01 3.27975845e+00
   vertex 2.40169449e+01 8.80465546e+01 7.74438095e+00
   vertex 2.38511810e+01 8.95104675e+01 3.27164841e+00
  endloop
 endfacet
 facet normal -1.93046898e-01 -9.79560137e-01 5.65233417e-02
  outer loop
   vertex 2.53483353e+01 8.80465546e+01 7.69503784e+00
   vertex 2.46838531e+01 8.81468353e+01 7.75248718e+00
   vertex 2.51825714e+01 8.95104675e+01 3.22230911e+00
  endloop
 endfacet
 facet normal -1.20526806e-01 -7.75758028e-01 -6.19413257e-01
  outer loop
   vertex 2.51825714e+01 8.95104675e+01 3.22230911e+00
   vertex 2.46838531e+01 8.81468353e+01 7.75248718e+00
   vertex 2.45180969e+01 8.96107483e+01 3.27975845e+00
  endloop
 endfacet
 facet normal -4.65069205e-01 -8.79688382e-01 9.92926583e-02
  outer loop
   vertex 2.59453354e+01 8.77555313e+01 7.57766342e+00
   vertex 2.53483353e+01 8.80465546e+01 7.69503784e+00
   vertex 2.57795715e+01 8.92194366e+01 3.10493088e+00
  endloop
 endfacet
 facet normal -4.02426630e-01 -7.03805745e-01 -5.85414648e-01
  outer loop
   vertex 2.57795715e+01 8.92194366e+01 3.10493088e+00
   vertex 2.53483353e+01 8.80465546e+01 7.69503784e+00
   vertex 2.51825714e+01 8.95104675e+01 3.22230911e+00
  endloop
 endfacet
 facet normal -6.90353930e-01 -7.04402447e-01 1.65011168e-01
  outer loop
   vertex 2.64164276e+01 8.73022461e+01 7.41184998e+00
   vertex 2.59453354e+01 8.77555313e+01 7.57766342e+00
   vertex 2.62506714e+01 8.87661591e+01 2.93911362e+00
  endloop
 endfacet
 facet normal -6.46140516e-01 -5.52267909e-01 -5.26785135e-01
  outer loop
   vertex 2.62506714e+01 8.87661591e+01 2.93911362e+00
   vertex 2.59453354e+01 8.77555313e+01 7.57766342e+00
   vertex 2.57795715e+01 8.92194366e+01 3.10493088e+00
  endloop
 endfacet
 facet normal -8.46853614e-01 -4.70854819e-01 2.47254387e-01
  outer loop
   vertex 2.67154999e+01 8.67310791e+01 7.21382523e+00
   vertex 2.64164276e+01 8.73022461e+01 7.41184998e+00
   vertex 2.65497360e+01 8.81949921e+01 2.74109268e+00
  endloop
 endfacet
 facet normal -8.27818096e-01 -3.35976601e-01 -4.49262589e-01
  outer loop
   vertex 2.65497360e+01 8.81949921e+01 2.74109268e+00
   vertex 2.64164276e+01 8.73022461e+01 7.41184998e+00
   vertex 2.62506714e+01 8.87661591e+01 2.93911362e+00
  endloop
 endfacet
 facet normal -9.19246852e-01 -2.01908991e-01 3.37961495e-01
  outer loop
   vertex 2.68132553e+01 8.60979309e+01 7.00297546e+00
   vertex 2.67154999e+01 8.67310791e+01 7.21382523e+00
   vertex 2.66474991e+01 8.75618439e+01 2.53024292e+00
  endloop
 endfacet
 facet normal -9.29677606e-01 -7.61010945e-02 -3.60427827e-01
  outer loop
   vertex 2.66474991e+01 8.75618439e+01 2.53024292e+00
   vertex 2.67154999e+01 8.67310791e+01 7.21382523e+00
   vertex 2.65497360e+01 8.81949921e+01 2.74109268e+00
  endloop
 endfacet
 facet normal -3.01498830e-01 2.90207356e-01 -9.08228040e-01
  outer loop
   vertex 2.65343933e+01 8.69286957e+01 2.32720566e+00
   vertex 2.66474991e+01 8.75618439e+01 2.53024292e+00
   vertex 2.92597961e+01 8.60832977e+01 1.94950485e+00
  endloop
 endfacet
 facet normal 3.11088473e-01 1.93164870e-01 -9.30543542e-01
  outer loop
   vertex 2.92597961e+01 8.60832977e+01 1.94950485e+00
   vertex 2.66474991e+01 8.75618439e+01 2.53024292e+00
   vertex 2.95239258e+01 8.75618439e+01 2.42364120e+00
  endloop
 endfacet
 facet normal -2.90471852e-01 3.69272500e-01 -8.82759273e-01
  outer loop
   vertex 2.62214966e+01 8.63575287e+01 2.15186691e+00
   vertex 2.65343933e+01 8.69286957e+01 2.32720566e+00
   vertex 2.85290909e+01 8.47494812e+01 1.54003143e+00
  endloop
 endfacet
 facet normal 2.61546701e-01 9.64784324e-02 -9.60356832e-01
  outer loop
   vertex 2.85290909e+01 8.47494812e+01 1.54003143e+00
   vertex 2.65343933e+01 8.69286957e+01 2.32720566e+00
   vertex 2.92597961e+01 8.60832977e+01 1.94950485e+00
  endloop
 endfacet
 facet normal -2.54331559e-01 4.41511631e-01 -8.60455096e-01
  outer loop
   vertex 2.57394180e+01 8.59042511e+01 2.02136993e+00
   vertex 2.62214966e+01 8.63575287e+01 2.15186691e+00
   vertex 2.74033279e+01 8.36909637e+01 1.23530579e+00
  endloop
 endfacet
 facet normal 1.83200285e-01 1.87395718e-02 -9.82896984e-01
  outer loop
   vertex 2.74033279e+01 8.36909637e+01 1.23530579e+00
   vertex 2.62214966e+01 8.63575287e+01 2.15186691e+00
   vertex 2.85290909e+01 8.47494812e+01 1.54003143e+00
  endloop
 endfacet
 facet normal -1.96613938e-01 4.99849945e-01 -8.43500435e-01
  outer loop
   vertex 2.51353683e+01 8.56132278e+01 1.94850922e+00
   vertex 2.57394180e+01 8.59042511e+01 2.02136993e+00
   vertex 2.59927063e+01 8.30113449e+01 1.06515121e+00
  endloop
 endfacet
 facet normal 8.37078393e-02 -3.24446782e-02 -9.95962024e-01
  outer loop
   vertex 2.59927063e+01 8.30113449e+01 1.06515121e+00
   vertex 2.57394180e+01 8.59042511e+01 2.02136993e+00
   vertex 2.74033279e+01 8.36909637e+01 1.23530579e+00
  endloop
 endfacet
 facet normal -1.22972362e-01 5.38577139e-01 -8.33554089e-01
  outer loop
   vertex 2.44684601e+01 8.55129471e+01 1.94040298e+00
   vertex 2.51353683e+01 8.56132278e+01 1.94850922e+00
   vertex 2.44353180e+01 8.27771683e+01 1.04621887e+00
  endloop
 endfacet
 facet normal -2.71936432e-02 -5.20637259e-02 -9.98273432e-01
  outer loop
   vertex 2.44353180e+01 8.27771683e+01 1.04621887e+00
   vertex 2.51353683e+01 8.56132278e+01 1.94850922e+00
   vertex 2.59927063e+01 8.30113449e+01 1.06515121e+00
  endloop
 endfacet
 facet normal -4.06127721e-02 5.53902149e-01 -8.31590652e-01
  outer loop
   vertex 2.38039780e+01 8.56132278e+01 1.99785233e+00
   vertex 2.44684601e+01 8.55129471e+01 1.94040298e+00
   vertex 2.28836060e+01 8.30113449e+01 1.18037796e+00
  endloop
 endfacet
 facet normal -1.38648286e-01 -3.81985530e-02 -9.89604712e-01
  outer loop
   vertex 2.28836060e+01 8.30113449e+01 1.18037796e+00
   vertex 2.44684601e+01 8.55129471e+01 1.94040298e+00
   vertex 2.44353180e+01 8.27771683e+01 1.04621887e+00
  endloop
 endfacet
 facet normal 4.24022600e-02 5.44324875e-01 -8.37802172e-01
  outer loop
   vertex 2.32069778e+01 8.59042511e+01 2.11522293e+00
   vertex 2.38039780e+01 8.56132278e+01 1.99785233e+00
   vertex 2.14894485e+01 8.36909561e+01 1.45447922e+00
  endloop
 endfacet
 facet normal -2.39744723e-01 7.79421628e-03 -9.70804691e-01
  outer loop
   vertex 2.14894485e+01 8.36909561e+01 1.45447922e+00
   vertex 2.38039780e+01 8.56132278e+01 1.99785233e+00
   vertex 2.28836060e+01 8.30113449e+01 1.18037796e+00
  endloop
 endfacet
 facet normal 1.17948182e-01 5.10786593e-01 -8.51578116e-01
  outer loop
   vertex 2.27358856e+01 8.63575287e+01 2.28104782e+00
   vertex 2.32069778e+01 8.59042511e+01 2.11522293e+00
   vertex 2.03893204e+01 8.47494812e+01 1.84169769e+00
  endloop
 endfacet
 facet normal -3.20588738e-01 8.14127773e-02 -9.43713307e-01
  outer loop
   vertex 2.03893204e+01 8.47494812e+01 1.84169769e+00
   vertex 2.32069778e+01 8.59042511e+01 2.11522293e+00
   vertex 2.14894485e+01 8.36909561e+01 1.45447922e+00
  endloop
 endfacet
 facet normal 1.78625837e-01 4.56563711e-01 -8.71574640e-01
  outer loop
   vertex 2.24368057e+01 8.69286957e+01 2.47906494e+00
   vertex 2.27358856e+01 8.63575287e+01 2.28104782e+00
   vertex 1.96909256e+01 8.60832977e+01 2.30413437e+00
  endloop
 endfacet
 facet normal -3.73265952e-01 1.75455779e-01 -9.10981774e-01
  outer loop
   vertex 1.96909256e+01 8.60832977e+01 2.30413437e+00
   vertex 2.27358856e+01 8.63575287e+01 2.28104782e+00
   vertex 2.03893204e+01 8.47494812e+01 1.84169769e+00
  endloop
 endfacet
 facet normal 2.18503624e-01 3.86964142e-01 -8.95831943e-01
  outer loop
   vertex 2.23390579e+01 8.75618439e+01 2.68991852e+00
   vertex 2.24368057e+01 8.69286957e+01 2.47906494e+00
   vertex 1.94626236e+01 8.75618439e+01 2.79652023e+00
  endloop
 endfacet
 facet normal -3.92621070e-01 2.80704796e-01 -8.75815928e-01
  outer loop
   vertex 1.94626236e+01 8.75618439e+01 2.79652023e+00
   vertex 2.24368057e+01 8.69286957e+01 2.47906494e+00
   vertex 1.96909256e+01 8.60832977e+01 2.30413437e+00
  endloop
 endfacet
 facet normal 2.33670607e-01 3.08811367e-01 -9.21972632e-01
  outer loop
   vertex 2.24521484e+01 8.81949921e+01 2.89294815e+00
   vertex 2.23390579e+01 8.75618439e+01 2.68991852e+00
   vertex 1.97267456e+01 8.90403900e+01 3.27065277e+00
  endloop
 endfacet
 facet normal -3.76753658e-01 3.86871547e-01 -8.41657341e-01
  outer loop
   vertex 1.97267456e+01 8.90403900e+01 3.27065277e+00
   vertex 2.23390579e+01 8.75618439e+01 2.68991852e+00
   vertex 1.94626236e+01 8.75618439e+01 2.79652023e+00
  endloop
 endfacet
 facet normal 2.22640023e-01 2.29744509e-01 -9.47443366e-01
  outer loop
   vertex 2.27650604e+01 8.87661591e+01 3.06829453e+00
   vertex 2.24521484e+01 8.81949921e+01 2.89294815e+00
   vertex 2.04574585e+01 9.03742065e+01 3.68012619e+00
  endloop
 endfacet
 facet normal -3.27227771e-01 4.83557135e-01 -8.11846375e-01
  outer loop
   vertex 2.04574585e+01 9.03742065e+01 3.68012619e+00
   vertex 2.24521484e+01 8.81949921e+01 2.89294815e+00
   vertex 1.97267456e+01 8.90403900e+01 3.27065277e+00
  endloop
 endfacet
 facet normal 1.86502695e-01 1.57503232e-01 -9.69747126e-01
  outer loop
   vertex 2.32471313e+01 8.92194366e+01 3.19878387e+00
   vertex 2.27650604e+01 8.87661591e+01 3.06829453e+00
   vertex 2.15832214e+01 9.14327316e+01 3.98485184e+00
  endloop
 endfacet
 facet normal -2.48881176e-01 5.61293960e-01 -7.89308071e-01
  outer loop
   vertex 2.15832214e+01 9.14327316e+01 3.98485184e+00
   vertex 2.27650604e+01 8.87661591e+01 3.06829453e+00
   vertex 2.04574585e+01 9.03742065e+01 3.68012619e+00
  endloop
 endfacet
 facet normal 1.28788248e-01 9.91694257e-02 -9.86701071e-01
  outer loop
   vertex 2.38511810e+01 8.95104675e+01 3.27164841e+00
   vertex 2.32471313e+01 8.92194366e+01 3.19878387e+00
   vertex 2.29938431e+01 9.21123505e+01 4.15501022e+00
  endloop
 endfacet
 facet normal -1.49386555e-01 6.12479627e-01 -7.76242435e-01
  outer loop
   vertex 2.29938431e+01 9.21123505e+01 4.15501022e+00
   vertex 2.32471313e+01 8.92194366e+01 3.19878387e+00
   vertex 2.15832214e+01 9.14327316e+01 3.98485184e+00
  endloop
 endfacet
 facet normal 5.51452301e-02 6.04429729e-02 -9.96647179e-01
  outer loop
   vertex 2.45180969e+01 8.96107483e+01 3.27975845e+00
   vertex 2.38511810e+01 8.95104675e+01 3.27164841e+00
   vertex 2.45512314e+01 9.23465271e+01 4.17393875e+00
  endloop
 endfacet
 facet normal -3.84837463e-02 6.32100761e-01 -7.73929954e-01
  outer loop
   vertex 2.45512314e+01 9.23465271e+01 4.17393875e+00
   vertex 2.38511810e+01 8.95104675e+01 3.27164841e+00
   vertex 2.29938431e+01 9.21123505e+01 4.15501022e+00
  endloop
 endfacet
 facet normal -2.72176452e-02 4.51160222e-02 -9.98610914e-01
  outer loop
   vertex 2.51825714e+01 8.95104675e+01 3.22230911e+00
   vertex 2.45180969e+01 8.96107483e+01 3.27975845e+00
   vertex 2.61029434e+01 9.21123505e+01 4.03978348e+00
  endloop
 endfacet
 facet normal 7.29687363e-02 6.18232191e-01 -7.82601118e-01
  outer loop
   vertex 2.61029434e+01 9.21123505e+01 4.03978348e+00
   vertex 2.45180969e+01 8.96107483e+01 3.27975845e+00
   vertex 2.45512314e+01 9.23465271e+01 4.17393875e+00
  endloop
 endfacet
 facet normal -3.03251773e-01 2.32629865e-01 -9.24078822e-01
  outer loop
   vertex 2.61029434e+01 9.21123505e+01 4.03978348e+00
   vertex 2.71397324e+01 9.16069412e+01 3.83594513e+00
   vertex 2.51825714e+01 8.95104675e+01 3.22230911e+00
  endloop
 endfacet
 facet normal -5.00504673e-01 -1.36726320e-01 -8.54869008e-01
  outer loop
   vertex 2.71397324e+01 9.16069412e+01 3.83594513e+00
   vertex 2.73541031e+01 9.12484589e+01 3.71066666e+00
   vertex 2.51825714e+01 8.95104675e+01 3.22230911e+00
  endloop
 endfacet
 facet normal -4.14914250e-01 -2.37142041e-01 -8.78413260e-01
  outer loop
   vertex 2.73541031e+01 9.12484589e+01 3.71066666e+00
   vertex 2.57795715e+01 8.92194366e+01 3.10493088e+00
   vertex 2.51825714e+01 8.95104675e+01 3.22230911e+00
  endloop
 endfacet
 facet normal -5.17795682e-01 -1.23311467e-01 -8.46570671e-01
  outer loop
   vertex 2.73541031e+01 9.12484589e+01 3.71066666e+00
   vertex 2.76254120e+01 9.07947693e+01 3.55212784e+00
   vertex 2.57795715e+01 8.92194366e+01 3.10493088e+00
  endloop
 endfacet
 facet normal -5.06403029e-01 -1.17023826e-01 -8.54319274e-01
  outer loop
   vertex 2.76254120e+01 9.07947693e+01 3.55212784e+00
   vertex 2.79661942e+01 9.01988373e+01 3.34444809e+00
   vertex 2.57795715e+01 8.92194366e+01 3.10493088e+00
  endloop
 endfacet
 facet normal -5.39334238e-01 -6.47557974e-02 -8.39598298e-01
  outer loop
   vertex 2.80788727e+01 9.00189972e+01 3.28140640e+00
   vertex 2.62506714e+01 8.87661591e+01 2.93911362e+00
   vertex 2.79661942e+01 9.01988373e+01 3.34444809e+00
  endloop
 endfacet
 facet normal -5.10060549e-01 -1.50731847e-01 -8.46828282e-01
  outer loop
   vertex 2.79661942e+01 9.01988373e+01 3.34444809e+00
   vertex 2.62506714e+01 8.87661591e+01 2.93911362e+00
   vertex 2.57795715e+01 8.92194366e+01 3.10493088e+00
  endloop
 endfacet
 facet normal -6.00482047e-01 -1.08345123e-02 -7.99564838e-01
  outer loop
   vertex 2.87871017e+01 8.88838272e+01 2.88362503e+00
   vertex 2.65497360e+01 8.81949921e+01 2.74109268e+00
   vertex 2.87211761e+01 8.90013046e+01 2.92451859e+00
  endloop
 endfacet
 facet normal -5.58703542e-01 8.42930097e-03 -8.29324603e-01
  outer loop
   vertex 2.87211761e+01 8.90013046e+01 2.92451859e+00
   vertex 2.65497360e+01 8.81949921e+01 2.74109268e+00
   vertex 2.84366837e+01 8.94202728e+01 3.07218933e+00
  endloop
 endfacet
 facet normal -5.61895847e-01 -2.74584759e-02 -8.26752126e-01
  outer loop
   vertex 2.65497360e+01 8.81949921e+01 2.74109268e+00
   vertex 2.62506714e+01 8.87661591e+01 2.93911362e+00
   vertex 2.84366837e+01 8.94202728e+01 3.07218933e+00
  endloop
 endfacet
 facet normal -5.44365108e-01 -6.27798662e-02 -8.36495876e-01
  outer loop
   vertex 2.84366837e+01 8.94202728e+01 3.07218933e+00
   vertex 2.62506714e+01 8.87661591e+01 2.93911362e+00
   vertex 2.83085709e+01 8.96523666e+01 3.15290070e+00
  endloop
 endfacet
 facet normal -5.70854068e-01 -8.01708624e-02 -8.17128062e-01
  outer loop
   vertex 2.62506714e+01 8.87661591e+01 2.93911362e+00
   vertex 2.80788727e+01 9.00189972e+01 3.28140640e+00
   vertex 2.83085709e+01 8.96523666e+01 3.15290070e+00
  endloop
 endfacet
 facet normal -2.08774388e-01 1.81135699e-01 -9.61042702e-01
  outer loop
   vertex 2.95239258e+01 8.75618439e+01 2.42364120e+00
   vertex 2.66474991e+01 8.75618439e+01 2.53024292e+00
   vertex 2.95073929e+01 8.76689148e+01 2.45929718e+00
  endloop
 endfacet
 facet normal -5.76890528e-01 7.37795681e-02 -8.13482583e-01
  outer loop
   vertex 2.95073929e+01 8.76689148e+01 2.45929718e+00
   vertex 2.66474991e+01 8.75618439e+01 2.53024292e+00
   vertex 2.94965210e+01 8.76886444e+01 2.46615219e+00
  endloop
 endfacet
 facet normal -5.74979007e-01 8.34185481e-02 -8.13904464e-01
  outer loop
   vertex 2.94965210e+01 8.76886444e+01 2.46615219e+00
   vertex 2.66474991e+01 8.75618439e+01 2.53024292e+00
   vertex 2.91397858e+01 8.82885284e+01 2.67572021e+00
  endloop
 endfacet
 facet normal -5.51464200e-01 9.13217366e-02 -8.29184890e-01
  outer loop
   vertex 2.91397858e+01 8.82885284e+01 2.67572021e+00
   vertex 2.66474991e+01 8.75618439e+01 2.53024292e+00
   vertex 2.90069962e+01 8.84919739e+01 2.74722290e+00
  endloop
 endfacet
 facet normal -6.07291698e-01 1.01371750e-01 -7.87985146e-01
  outer loop
   vertex 2.66474991e+01 8.75618439e+01 2.53024292e+00
   vertex 2.65497360e+01 8.81949921e+01 2.74109268e+00
   vertex 2.90069962e+01 8.84919739e+01 2.74722290e+00
  endloop
 endfacet
 facet normal -5.59845865e-01 1.20600751e-02 -8.28508973e-01
  outer loop
   vertex 2.90069962e+01 8.84919739e+01 2.74722290e+00
   vertex 2.65497360e+01 8.81949921e+01 2.74109268e+00
   vertex 2.87871017e+01 8.88838272e+01 2.88362503e+00
  endloop
 endfacet
 facet normal 3.52513075e-01 -4.98868465e-01 -7.91747928e-01
  outer loop
   vertex 2.93533630e+01 8.52569580e+01 4.47424316e+00
   vertex 2.92597961e+01 8.60832977e+01 1.94950485e+00
   vertex 2.94239426e+01 8.61134338e+01 3.79548264e+00
  endloop
 endfacet
 facet normal 3.96386415e-01 -4.58462596e-01 -7.95418024e-01
  outer loop
   vertex 2.94239426e+01 8.61134338e+01 3.79548264e+00
   vertex 2.92597961e+01 8.60832977e+01 1.94950485e+00
   vertex 2.95073929e+01 8.71520691e+01 2.94779587e+00
  endloop
 endfacet
 facet normal 3.79973173e-01 -5.39810300e-01 -7.51149297e-01
  outer loop
   vertex 2.95073929e+01 8.71520691e+01 2.94779587e+00
   vertex 2.92597961e+01 8.60832977e+01 1.94950485e+00
   vertex 2.95115662e+01 8.72106934e+01 2.89366913e+00
  endloop
 endfacet
 facet normal 3.68344367e-01 -6.48226500e-01 -6.66426897e-01
  outer loop
   vertex 2.95115662e+01 8.72106934e+01 2.89366913e+00
   vertex 2.92597961e+01 8.60832977e+01 1.94950485e+00
   vertex 2.95108643e+01 8.72814484e+01 2.76205826e+00
  endloop
 endfacet
 facet normal 3.78698826e-01 -6.56609595e-01 -6.52266085e-01
  outer loop
   vertex 2.95108643e+01 8.72814484e+01 2.76205826e+00
   vertex 2.92597961e+01 8.60832977e+01 1.94950485e+00
   vertex 2.95106964e+01 8.72869110e+01 2.75064468e+00
  endloop
 endfacet
 facet normal 3.80097866e-01 -5.79972625e-01 -7.20525742e-01
  outer loop
   vertex 2.95106964e+01 8.72869110e+01 2.75064468e+00
   vertex 2.92597961e+01 8.60832977e+01 1.94950485e+00
   vertex 2.95167999e+01 8.74200592e+01 2.58878708e+00
  endloop
 endfacet
 facet normal 3.88612062e-01 -4.87553179e-01 -7.81839252e-01
  outer loop
   vertex 2.95167999e+01 8.74200592e+01 2.58878708e+00
   vertex 2.92597961e+01 8.60832977e+01 1.94950485e+00
   vertex 2.95171661e+01 8.74256134e+01 2.58325958e+00
  endloop
 endfacet
 facet normal 5.80595732e-01 -1.17001198e-01 -8.05741489e-01
  outer loop
   vertex 2.95239258e+01 8.75618439e+01 2.42364120e+00
   vertex 2.95268784e+01 8.75357208e+01 2.50344086e+00
   vertex 2.92597961e+01 8.60832977e+01 1.94950485e+00
  endloop
 endfacet
 facet normal 3.94969314e-01 -4.09448057e-01 -8.22405934e-01
  outer loop
   vertex 2.92597961e+01 8.60832977e+01 1.94950485e+00
   vertex 2.95268784e+01 8.75357208e+01 2.50344086e+00
   vertex 2.95171661e+01 8.74256134e+01 2.58325958e+00
  endloop
 endfacet
 facet normal 3.33287776e-01 -9.01681781e-01 -2.75479943e-01
  outer loop
   vertex 2.86948547e+01 8.32855682e+01 6.01276398e+00
   vertex 2.85290909e+01 8.47494812e+01 1.54003143e+00
   vertex 2.89297485e+01 8.37143555e+01 6.14439774e+00
  endloop
 endfacet
 facet normal 1.82406142e-01 -7.32416332e-01 -6.55968249e-01
  outer loop
   vertex 2.89297485e+01 8.37143555e+01 6.14439774e+00
   vertex 2.85290909e+01 8.47494812e+01 1.54003143e+00
   vertex 2.92328262e+01 8.48094940e+01 4.97060776e+00
  endloop
 endfacet
 facet normal 6.83010101e-01 -4.84206587e-01 -5.46846569e-01
  outer loop
   vertex 2.92328262e+01 8.48094940e+01 4.97060776e+00
   vertex 2.85290909e+01 8.47494812e+01 1.54003143e+00
   vertex 2.92332687e+01 8.48111725e+01 4.96870422e+00
  endloop
 endfacet
 facet normal 6.22256756e-01 -5.14295161e-01 -5.90166926e-01
  outer loop
   vertex 2.92332687e+01 8.48111725e+01 4.96870422e+00
   vertex 2.85290909e+01 8.47494812e+01 1.54003143e+00
   vertex 2.92336273e+01 8.48125000e+01 4.96720123e+00
  endloop
 endfacet
 facet normal 3.05521071e-01 -5.96903861e-01 -7.41864324e-01
  outer loop
   vertex 2.92336273e+01 8.48125000e+01 4.96720123e+00
   vertex 2.85290909e+01 8.47494812e+01 1.54003143e+00
   vertex 2.93533630e+01 8.52569580e+01 4.47424316e+00
  endloop
 endfacet
 facet normal 4.79839057e-01 -3.43967438e-01 -8.07118893e-01
  outer loop
   vertex 2.85290909e+01 8.47494812e+01 1.54003143e+00
   vertex 2.92597961e+01 8.60832977e+01 1.94950485e+00
   vertex 2.93533630e+01 8.52569580e+01 4.47424316e+00
  endloop
 endfacet
 facet normal 6.20418727e-01 -5.84178209e-01 -5.23274720e-01
  outer loop
   vertex 2.74033279e+01 8.36909637e+01 1.23530579e+00
   vertex 2.85290909e+01 8.47494812e+01 1.54003143e+00
   vertex 2.75690918e+01 8.22270508e+01 5.70803833e+00
  endloop
 endfacet
 facet normal 7.13134050e-01 -6.98953509e-01 5.38874343e-02
  outer loop
   vertex 2.75690918e+01 8.22270508e+01 5.70803833e+00
   vertex 2.85290909e+01 8.47494812e+01 1.54003143e+00
   vertex 2.86948547e+01 8.32855682e+01 6.01276398e+00
  endloop
 endfacet
 facet normal 3.67821246e-01 -7.38907754e-01 -5.64555466e-01
  outer loop
   vertex 2.59927063e+01 8.30113449e+01 1.06515121e+00
   vertex 2.74033279e+01 8.36909637e+01 1.23530579e+00
   vertex 2.61584702e+01 8.15474396e+01 5.53788376e+00
  endloop
 endfacet
 facet normal 4.78764236e-01 -8.77934456e-01 3.99458176e-03
  outer loop
   vertex 2.61584702e+01 8.15474396e+01 5.53788376e+00
   vertex 2.74033279e+01 8.36909637e+01 1.23530579e+00
   vertex 2.75690918e+01 8.22270508e+01 5.70803833e+00
  endloop
 endfacet
 facet normal 7.82078356e-02 -8.12374234e-01 -5.77868223e-01
  outer loop
   vertex 2.44353180e+01 8.27771683e+01 1.04621887e+00
   vertex 2.59927063e+01 8.30113449e+01 1.06515121e+00
   vertex 2.46010818e+01 8.13132629e+01 5.51895142e+00
  endloop
 endfacet
 facet normal 1.98544204e-01 -9.79907811e-01 -1.89959221e-02
  outer loop
   vertex 2.46010818e+01 8.13132629e+01 5.51895142e+00
   vertex 2.59927063e+01 8.30113449e+01 1.06515121e+00
   vertex 2.61584702e+01 8.15474396e+01 5.53788376e+00
  endloop
 endfacet
 facet normal -2.20072567e-01 -7.97387838e-01 -5.61908126e-01
  outer loop
   vertex 2.28836060e+01 8.30113449e+01 1.18037796e+00
   vertex 2.44353180e+01 8.27771683e+01 1.04621887e+00
   vertex 2.30493698e+01 8.15474396e+01 5.65311050e+00
  endloop
 endfacet
 facet normal -1.00099422e-01 -9.94894683e-01 -1.28333895e-02
  outer loop
   vertex 2.30493698e+01 8.15474396e+01 5.65311050e+00
   vertex 2.44353180e+01 8.27771683e+01 1.04621887e+00
   vertex 2.46010818e+01 8.13132629e+01 5.51895142e+00
  endloop
 endfacet
 facet normal -4.97820944e-01 -6.95415318e-01 -5.18239200e-01
  outer loop
   vertex 2.14894485e+01 8.36909561e+01 1.45447922e+00
   vertex 2.28836060e+01 8.30113449e+01 1.18037796e+00
   vertex 2.16552124e+01 8.22270508e+01 5.92720795e+00
  endloop
 endfacet
 facet normal -3.87932241e-01 -9.21428144e-01 2.18801461e-02
  outer loop
   vertex 2.16552124e+01 8.22270508e+01 5.92720795e+00
   vertex 2.28836060e+01 8.30113449e+01 1.18037796e+00
   vertex 2.30493698e+01 8.15474396e+01 5.65311050e+00
  endloop
 endfacet
 facet normal -7.27852583e-01 -5.16437054e-01 -4.51135725e-01
  outer loop
   vertex 2.03893204e+01 8.47494812e+01 1.84169769e+00
   vertex 2.14894485e+01 8.36909561e+01 1.45447922e+00
   vertex 2.05550842e+01 8.32855682e+01 6.31443024e+00
  endloop
 endfacet
 facet normal -6.36780500e-01 -7.66699791e-01 8.17434117e-02
  outer loop
   vertex 2.05550842e+01 8.32855682e+01 6.31443024e+00
   vertex 2.14894485e+01 8.36909561e+01 1.45447922e+00
   vertex 2.16552124e+01 8.22270508e+01 5.92720795e+00
  endloop
 endfacet
 facet normal -8.87649894e-01 -2.77971387e-01 -3.67164224e-01
  outer loop
   vertex 1.96909256e+01 8.60832977e+01 2.30413437e+00
   vertex 2.03893204e+01 8.47494812e+01 1.84169769e+00
   vertex 1.98566895e+01 8.46193848e+01 6.77687073e+00
  endloop
 endfacet
 facet normal -8.22286487e-01 -5.45853198e-01 1.60901248e-01
  outer loop
   vertex 1.98566895e+01 8.46193848e+01 6.77687073e+00
   vertex 2.03893204e+01 8.47494812e+01 1.84169769e+00
   vertex 2.05550842e+01 8.32855682e+01 6.31443024e+00
  endloop
 endfacet
 facet normal -9.61567760e-01 -3.36334482e-03 -2.74547040e-01
  outer loop
   vertex 1.94626236e+01 8.75618439e+01 2.79652023e+00
   vertex 1.96909256e+01 8.60832977e+01 2.30413437e+00
   vertex 1.96283798e+01 8.60979309e+01 7.26925278e+00
  endloop
 endfacet
 facet normal -9.26289380e-01 -2.80506819e-01 2.51602679e-01
  outer loop
   vertex 1.96283798e+01 8.60979309e+01 7.26925278e+00
   vertex 1.96909256e+01 8.60832977e+01 2.30413437e+00
   vertex 1.98566895e+01 8.46193848e+01 6.77687073e+00
  endloop
 endfacet
 facet normal -9.42372143e-01 2.80506283e-01 -1.82348639e-01
  outer loop
   vertex 1.97267456e+01 8.90403900e+01 3.27065277e+00
   vertex 1.94626236e+01 8.75618439e+01 2.79652023e+00
   vertex 1.98925095e+01 8.75764771e+01 7.74338531e+00
  endloop
 endfacet
 facet normal -9.38608408e-01 3.36288731e-03 3.44968051e-01
  outer loop
   vertex 1.98925095e+01 8.75764771e+01 7.74338531e+00
   vertex 1.94626236e+01 8.75618439e+01 2.79652023e+00
   vertex 1.96283798e+01 8.60979309e+01 7.26925278e+00
  endloop
 endfacet
 facet normal -8.31941485e-01 5.45852005e-01 -9.95940492e-02
  outer loop
   vertex 2.04574585e+01 9.03742065e+01 3.68012619e+00
   vertex 1.97267456e+01 8.90403900e+01 3.27065277e+00
   vertex 2.06232224e+01 8.89103012e+01 8.15286255e+00
  endloop
 endfacet
 facet normal -8.58037472e-01 2.77970731e-01 4.31861043e-01
  outer loop
   vertex 2.06232224e+01 8.89103012e+01 8.15286255e+00
   vertex 1.97267456e+01 8.90403900e+01 3.27065277e+00
   vertex 1.98925095e+01 8.75764771e+01 7.74338531e+00
  endloop
 endfacet
 facet normal -6.41086280e-01 7.66698122e-01 -3.43863145e-02
  outer loop
   vertex 2.15832214e+01 9.14327316e+01 3.98485184e+00
   vertex 2.04574585e+01 9.03742065e+01 3.68012619e+00
   vertex 2.17489853e+01 8.99688263e+01 8.45758438e+00
  endloop
 endfacet
 facet normal -6.92463994e-01 5.16436219e-01 5.03772974e-01
  outer loop
   vertex 2.17489853e+01 8.99688263e+01 8.45758438e+00
   vertex 2.04574585e+01 9.03742065e+01 3.68012619e+00
   vertex 2.06232224e+01 8.89103012e+01 8.15286255e+00
  endloop
 endfacet
 facet normal -3.88489604e-01 9.21427310e-01 6.89505646e-03
  outer loop
   vertex 2.29938431e+01 9.21123505e+01 4.15501022e+00
   vertex 2.15832214e+01 9.14327316e+01 3.98485184e+00
   vertex 2.31596069e+01 9.06484375e+01 8.62774277e+00
  endloop
 endfacet
 facet normal -4.58097965e-01 6.95414126e-01 5.53665519e-01
  outer loop
   vertex 2.31596069e+01 9.06484375e+01 8.62774277e+00
   vertex 2.15832214e+01 9.14327316e+01 3.98485184e+00
   vertex 2.17489853e+01 8.99688263e+01 8.45758438e+00
  endloop
 endfacet
 facet normal -9.88717973e-02 9.94894981e-01 2.02079657e-02
  outer loop
   vertex 2.45512314e+01 9.23465271e+01 4.17393875e+00
   vertex 2.29938431e+01 9.21123505e+01 4.15501022e+00
   vertex 2.47169952e+01 9.08826141e+01 8.64667511e+00
  endloop
 endfacet
 facet normal -1.77874088e-01 7.97387183e-01 5.76658010e-01
  outer loop
   vertex 2.47169952e+01 9.08826141e+01 8.64667511e+00
   vertex 2.29938431e+01 9.21123505e+01 4.15501022e+00
   vertex 2.31596069e+01 9.06484375e+01 8.62774277e+00
  endloop
 endfacet
 facet normal -5.60874403e-01 7.61876523e-01 3.23981583e-01
  outer loop
   vertex 2.47169952e+01 9.08826141e+01 8.64667511e+00
   vertex 2.49747162e+01 9.08437195e+01 8.62438965e+00
   vertex 2.45512314e+01 9.23465271e+01 4.17393875e+00
  endloop
 endfacet
 facet normal -7.34611690e-01 6.45757020e-01 -2.08191246e-01
  outer loop
   vertex 2.49747162e+01 9.08437195e+01 8.62438965e+00
   vertex 2.51752090e+01 9.09422684e+01 8.20540237e+00
   vertex 2.45512314e+01 9.23465271e+01 4.17393875e+00
  endloop
 endfacet
 facet normal -5.14667869e-01 8.12189341e-01 -2.74709731e-01
  outer loop
   vertex 2.51752090e+01 9.09422684e+01 8.20540237e+00
   vertex 2.54499893e+01 9.10778351e+01 7.62956238e+00
   vertex 2.45512314e+01 9.23465271e+01 4.17393875e+00
  endloop
 endfacet
 facet normal -5.16589344e-01 8.11968863e-01 -2.71738946e-01
  outer loop
   vertex 2.54499893e+01 9.10778351e+01 7.62956238e+00
   vertex 2.57549744e+01 9.12310486e+01 6.98189926e+00
   vertex 2.45512314e+01 9.23465271e+01 4.17393875e+00
  endloop
 endfacet
 facet normal -5.18106282e-01 8.12621593e-01 -2.66855896e-01
  outer loop
   vertex 2.57549744e+01 9.12310486e+01 6.98189926e+00
   vertex 2.61481171e+01 9.14394073e+01 6.11312103e+00
   vertex 2.45512314e+01 9.23465271e+01 4.17393875e+00
  endloop
 endfacet
 facet normal -4.79061425e-01 8.40489745e-01 -2.53134519e-01
  outer loop
   vertex 2.61481171e+01 9.14394073e+01 6.11312103e+00
   vertex 2.61774521e+01 9.14543762e+01 6.05010605e+00
   vertex 2.45512314e+01 9.23465271e+01 4.17393875e+00
  endloop
 endfacet
 facet normal -1.51267812e-01 9.23489928e-01 -3.52539927e-01
  outer loop
   vertex 2.61774521e+01 9.14543762e+01 6.05010605e+00
   vertex 2.61029434e+01 9.21123505e+01 4.03978348e+00
   vertex 2.45512314e+01 9.23465271e+01 4.17393875e+00
  endloop
 endfacet
 facet normal -3.49070162e-01 8.85599732e-01 -3.06370884e-01
  outer loop
   vertex 2.61774521e+01 9.14543762e+01 6.05010605e+00
   vertex 2.62163391e+01 9.14546661e+01 5.97976303e+00
   vertex 2.61029434e+01 9.21123505e+01 4.03978348e+00
  endloop
 endfacet
 facet normal -3.27211946e-01 8.81400466e-01 -3.40683967e-01
  outer loop
   vertex 2.62163391e+01 9.14546661e+01 5.97976303e+00
   vertex 2.65568924e+01 9.14825745e+01 5.28112411e+00
   vertex 2.61029434e+01 9.21123505e+01 4.03978348e+00
  endloop
 endfacet
 facet normal -3.48814130e-01 8.84484112e-01 -3.09865326e-01
  outer loop
   vertex 2.65568924e+01 9.14825745e+01 5.28112411e+00
   vertex 2.65990295e+01 9.14861450e+01 5.19431305e+00
   vertex 2.61029434e+01 9.21123505e+01 4.03978348e+00
  endloop
 endfacet
 facet normal -3.62137854e-01 8.89221489e-01 -2.79537678e-01
  outer loop
   vertex 2.65990295e+01 9.14861450e+01 5.19431305e+00
   vertex 2.66006317e+01 9.14867401e+01 5.18949890e+00
   vertex 2.61029434e+01 9.21123505e+01 4.03978348e+00
  endloop
 endfacet
 facet normal -3.81681979e-01 8.89300466e-01 -2.51919836e-01
  outer loop
   vertex 2.66006317e+01 9.14867401e+01 5.18949890e+00
   vertex 2.68878174e+01 9.15269012e+01 4.54622269e+00
   vertex 2.61029434e+01 9.21123505e+01 4.03978348e+00
  endloop
 endfacet
 facet normal -4.70037222e-01 7.16221094e-01 -5.15841424e-01
  outer loop
   vertex 2.71397324e+01 9.16069412e+01 3.83594513e+00
   vertex 2.61029434e+01 9.21123505e+01 4.03978348e+00
   vertex 2.71390762e+01 9.16067810e+01 3.83761597e+00
  endloop
 endfacet
 facet normal -3.92942280e-01 8.92122924e-01 -2.22964302e-01
  outer loop
   vertex 2.68878174e+01 9.15269012e+01 4.54622269e+00
   vertex 2.68950424e+01 9.15347748e+01 4.50764847e+00
   vertex 2.61029434e+01 9.21123505e+01 4.03978348e+00
  endloop
 endfacet
 facet normal -4.24968898e-01 8.95674944e-01 -1.31025895e-01
  outer loop
   vertex 2.71390762e+01 9.16067810e+01 3.83761597e+00
   vertex 2.61029434e+01 9.21123505e+01 4.03978348e+00
   vertex 2.71319351e+01 9.15896149e+01 3.90629578e+00
  endloop
 endfacet
 facet normal -4.37029272e-01 8.86796594e-01 -1.50323883e-01
  outer loop
   vertex 2.71319351e+01 9.15896149e+01 3.90629578e+00
   vertex 2.61029434e+01 9.21123505e+01 4.03978348e+00
   vertex 2.71237411e+01 9.15742569e+01 3.97094345e+00
  endloop
 endfacet
 facet normal -4.03729767e-01 8.90535116e-01 -2.09641308e-01
  outer loop
   vertex 2.68950424e+01 9.15347748e+01 4.50764847e+00
   vertex 2.71237411e+01 9.15742569e+01 3.97094345e+00
   vertex 2.61029434e+01 9.21123505e+01 4.03978348e+00
  endloop
 endfacet
 facet normal 1.76581845e-01 -1.40306577e-01 -9.74234521e-01
  outer loop
   vertex 2.95268784e+01 8.75357208e+01 2.50344086e+00
   vertex 2.95239258e+01 8.75618439e+01 2.42364120e+00
   vertex 2.95073929e+01 8.76689148e+01 2.45929718e+00
  endloop
 endfacet
 facet normal -7.16431260e-01 -3.91044408e-01 5.77763379e-01
  outer loop
   vertex 2.82354889e+01 8.49885406e+01 6.58716583e+00
   vertex 2.76796494e+01 8.60129395e+01 6.94304657e+00
   vertex 2.67001572e+01 8.54647903e+01 6.79993820e+00
  endloop
 endfacet
 facet normal -7.13088155e-01 -3.94303769e-01 5.79680800e-01
  outer loop
   vertex 2.76796494e+01 8.60129395e+01 6.94304657e+00
   vertex 2.76320419e+01 8.60979309e+01 6.97262955e+00
   vertex 2.67001572e+01 8.54647903e+01 6.79993820e+00
  endloop
 endfacet
 facet normal -6.78204536e-01 -2.82600105e-01 6.78362608e-01
  outer loop
   vertex 2.76320419e+01 8.60979309e+01 6.97262955e+00
   vertex 2.68132553e+01 8.60979309e+01 7.00297546e+00
   vertex 2.67001572e+01 8.54647903e+01 6.79993820e+00
  endloop
 endfacet
 facet normal -2.70490557e-01 -7.12677598e-01 6.47244513e-01
  outer loop
   vertex 2.86948547e+01 8.32855682e+01 6.01276398e+00
   vertex 2.89297485e+01 8.37143555e+01 6.14439774e+00
   vertex 2.63872528e+01 8.48936234e+01 6.62459564e+00
  endloop
 endfacet
 facet normal -7.47105062e-01 -4.87940460e-01 4.51384693e-01
  outer loop
   vertex 2.89297485e+01 8.37143555e+01 6.14439774e+00
   vertex 2.85978928e+01 8.43206329e+01 6.35512924e+00
   vertex 2.63872528e+01 8.48936234e+01 6.62459564e+00
  endloop
 endfacet
 facet normal -7.07712650e-01 -3.41006964e-01 6.18754447e-01
  outer loop
   vertex 2.85978928e+01 8.43206329e+01 6.35512924e+00
   vertex 2.82354889e+01 8.49885406e+01 6.58716583e+00
   vertex 2.63872528e+01 8.48936234e+01 6.62459564e+00
  endloop
 endfacet
 facet normal -6.55486941e-01 -1.54940829e-01 7.39141524e-01
  outer loop
   vertex 2.82354889e+01 8.49885406e+01 6.58716583e+00
   vertex 2.67001572e+01 8.54647903e+01 6.79993820e+00
   vertex 2.63872528e+01 8.48936234e+01 6.62459564e+00
  endloop
 endfacet
 facet normal 3.15538675e-01 -4.98619705e-01 8.07349801e-01
  outer loop
   vertex 2.75690918e+01 8.22270508e+01 5.70803833e+00
   vertex 2.86948547e+01 8.32855682e+01 6.01276398e+00
   vertex 2.59051819e+01 8.44403381e+01 6.49410248e+00
  endloop
 endfacet
 facet normal -1.12827145e-01 -8.82317424e-02 9.89689469e-01
  outer loop
   vertex 2.59051819e+01 8.44403381e+01 6.49410248e+00
   vertex 2.86948547e+01 8.32855682e+01 6.01276398e+00
   vertex 2.63872528e+01 8.48936234e+01 6.62459564e+00
  endloop
 endfacet
 facet normal 2.32908264e-01 -5.72240055e-01 7.86317408e-01
  outer loop
   vertex 2.61584702e+01 8.15474396e+01 5.53788376e+00
   vertex 2.75690918e+01 8.22270508e+01 5.70803833e+00
   vertex 2.53011322e+01 8.41493225e+01 6.42124176e+00
  endloop
 endfacet
 facet normal -3.64709273e-02 -5.46920188e-02 9.97837007e-01
  outer loop
   vertex 2.53011322e+01 8.41493225e+01 6.42124176e+00
   vertex 2.75690918e+01 8.22270508e+01 5.70803833e+00
   vertex 2.59051819e+01 8.44403381e+01 6.49410248e+00
  endloop
 endfacet
 facet normal 1.30697280e-01 -6.18234336e-01 7.75051296e-01
  outer loop
   vertex 2.46010818e+01 8.13132629e+01 5.51895142e+00
   vertex 2.61584702e+01 8.15474396e+01 5.53788376e+00
   vertex 2.46342163e+01 8.40490417e+01 6.41313553e+00
  endloop
 endfacet
 facet normal 4.67761643e-02 -4.51148152e-02 9.97886062e-01
  outer loop
   vertex 2.46342163e+01 8.40490417e+01 6.41313553e+00
   vertex 2.61584702e+01 8.15474396e+01 5.53788376e+00
   vertex 2.53011322e+01 8.41493225e+01 6.42124176e+00
  endloop
 endfacet
 facet normal 1.89067256e-02 -6.32099390e-01 7.74656653e-01
  outer loop
   vertex 2.30493698e+01 8.15474396e+01 5.65311050e+00
   vertex 2.46010818e+01 8.13132629e+01 5.51895142e+00
   vertex 2.39697418e+01 8.41493225e+01 6.47058487e+00
  endloop
 endfacet
 facet normal 1.28764540e-01 -6.04404956e-02 9.89831626e-01
  outer loop
   vertex 2.39697418e+01 8.41493225e+01 6.47058487e+00
   vertex 2.46010818e+01 8.13132629e+01 5.51895142e+00
   vertex 2.46342163e+01 8.40490417e+01 6.41313553e+00
  endloop
 endfacet
 facet normal -9.15198475e-02 -6.12479389e-01 7.85170794e-01
  outer loop
   vertex 2.16552124e+01 8.22270508e+01 5.92720795e+00
   vertex 2.30493698e+01 8.15474396e+01 5.65311050e+00
   vertex 2.33727417e+01 8.44403381e+01 6.58795547e+00
  endloop
 endfacet
 facet normal 2.01467410e-01 -9.91661325e-02 9.74462390e-01
  outer loop
   vertex 2.33727417e+01 8.44403381e+01 6.58795547e+00
   vertex 2.30493698e+01 8.15474396e+01 5.65311050e+00
   vertex 2.39697418e+01 8.41493225e+01 6.47058487e+00
  endloop
 endfacet
 facet normal -1.89773664e-01 -5.61295331e-01 8.05564106e-01
  outer loop
   vertex 2.05550842e+01 8.32855682e+01 6.31443024e+00
   vertex 2.16552124e+01 8.22270508e+01 5.92720795e+00
   vertex 2.29016418e+01 8.48936234e+01 6.75377655e+00
  endloop
 endfacet
 facet normal 2.57769674e-01 -1.57503918e-01 9.53282416e-01
  outer loop
   vertex 2.29016418e+01 8.48936234e+01 6.75377655e+00
   vertex 2.16552124e+01 8.22270508e+01 5.92720795e+00
   vertex 2.33727417e+01 8.44403381e+01 6.58795547e+00
  endloop
 endfacet
 facet normal -2.66235232e-01 -4.83558178e-01 8.33840728e-01
  outer loop
   vertex 1.98566895e+01 8.46193848e+01 6.77687073e+00
   vertex 2.05550842e+01 8.32855682e+01 6.31443024e+00
   vertex 2.26025696e+01 8.54647903e+01 6.95179749e+00
  endloop
 endfacet
 facet normal 2.92160153e-01 -2.29744539e-01 9.28364098e-01
  outer loop
   vertex 2.26025696e+01 8.54647903e+01 6.95179749e+00
   vertex 2.05550842e+01 8.32855682e+01 6.31443024e+00
   vertex 2.29016418e+01 8.48936234e+01 6.75377655e+00
  endloop
 endfacet
 facet normal -3.13421905e-01 -3.86873305e-01 8.67234528e-01
  outer loop
   vertex 1.96283798e+01 8.60979309e+01 7.26925278e+00
   vertex 1.98566895e+01 8.46193848e+01 6.77687073e+00
   vertex 2.25048141e+01 8.60979309e+01 7.16265106e+00
  endloop
 endfacet
 facet normal 3.01273376e-01 -3.08813035e-01 9.02146816e-01
  outer loop
   vertex 2.25048141e+01 8.60979309e+01 7.16265106e+00
   vertex 1.98566895e+01 8.46193848e+01 6.77687073e+00
   vertex 2.26025696e+01 8.54647903e+01 6.95179749e+00
  endloop
 endfacet
 facet normal -3.26715320e-01 -2.80705929e-01 9.02475059e-01
  outer loop
   vertex 1.98925095e+01 8.75764771e+01 7.74338531e+00
   vertex 1.96283798e+01 8.60979309e+01 7.26925278e+00
   vertex 2.26179123e+01 8.67310791e+01 7.36568451e+00
  endloop
 endfacet
 facet normal 2.84213483e-01 -3.86966974e-01 8.77199650e-01
  outer loop
   vertex 2.26179123e+01 8.67310791e+01 7.36568451e+00
   vertex 1.96283798e+01 8.60979309e+01 7.26925278e+00
   vertex 2.25048141e+01 8.60979309e+01 7.16265106e+00
  endloop
 endfacet
 facet normal -3.04811478e-01 -1.75453067e-01 9.36112285e-01
  outer loop
   vertex 2.06232224e+01 8.89103012e+01 8.15286255e+00
   vertex 1.98925095e+01 8.75764771e+01 7.74338531e+00
   vertex 2.29308167e+01 8.73022461e+01 7.54103088e+00
  endloop
 endfacet
 facet normal 2.42650792e-01 -4.56561297e-01 8.55962813e-01
  outer loop
   vertex 2.29308167e+01 8.73022461e+01 7.54103088e+00
   vertex 1.98925095e+01 8.75764771e+01 7.74338531e+00
   vertex 2.26179123e+01 8.67310791e+01 7.36568451e+00
  endloop
 endfacet
 facet normal -2.49854073e-01 -8.14126953e-02 9.64854896e-01
  outer loop
   vertex 2.17489853e+01 8.99688263e+01 8.45758438e+00
   vertex 2.06232224e+01 8.89103012e+01 8.15286255e+00
   vertex 2.34128952e+01 8.77555313e+01 7.67151642e+00
  endloop
 endfacet
 facet normal 1.80660099e-01 -5.10783613e-01 8.40512931e-01
  outer loop
   vertex 2.34128952e+01 8.77555313e+01 7.67151642e+00
   vertex 2.06232224e+01 8.89103012e+01 8.15286255e+00
   vertex 2.29308167e+01 8.73022461e+01 7.54103088e+00
  endloop
 endfacet
 facet normal -1.67228788e-01 -7.79428985e-03 9.85887289e-01
  outer loop
   vertex 2.31596069e+01 9.06484375e+01 8.62774277e+00
   vertex 2.17489853e+01 8.99688263e+01 8.45758438e+00
   vertex 2.40169449e+01 8.80465546e+01 7.74438095e+00
  endloop
 endfacet
 facet normal 1.04303338e-01 -5.44324756e-01 8.32364917e-01
  outer loop
   vertex 2.40169449e+01 8.80465546e+01 7.74438095e+00
   vertex 2.17489853e+01 8.99688263e+01 8.45758438e+00
   vertex 2.34128952e+01 8.77555313e+01 7.67151642e+00
  endloop
 endfacet
 facet normal -6.50148541e-02 3.81969437e-02 9.97152984e-01
  outer loop
   vertex 2.47169952e+01 9.08826141e+01 8.64667511e+00
   vertex 2.31596069e+01 9.06484375e+01 8.62774277e+00
   vertex 2.46838531e+01 8.81468353e+01 7.75248718e+00
  endloop
 endfacet
 facet normal 2.10530460e-02 -5.53902447e-01 8.32315385e-01
  outer loop
   vertex 2.46838531e+01 8.81468353e+01 7.75248718e+00
   vertex 2.31596069e+01 9.06484375e+01 8.62774277e+00
   vertex 2.40169449e+01 8.80465546e+01 7.74438095e+00
  endloop
 endfacet
 facet normal -5.21048486e-01 -2.51973480e-01 8.15486252e-01
  outer loop
   vertex 2.47169952e+01 9.08826141e+01 8.64667511e+00
   vertex 2.46838531e+01 8.81468353e+01 7.75248718e+00
   vertex 2.49747162e+01 9.08437195e+01 8.62438965e+00
  endloop
 endfacet
 facet normal -6.78452313e-01 -6.05073512e-01 4.16639566e-01
  outer loop
   vertex 2.49747162e+01 9.08437195e+01 8.62438965e+00
   vertex 2.46838531e+01 8.81468353e+01 7.75248718e+00
   vertex 2.52016525e+01 9.04441223e+01 8.48519135e+00
  endloop
 endfacet
 facet normal -5.06922483e-01 -7.09297359e-01 4.89823312e-01
  outer loop
   vertex 2.52016525e+01 9.04441223e+01 8.48519135e+00
   vertex 2.46838531e+01 8.81468353e+01 7.75248718e+00
   vertex 2.56482849e+01 8.96557617e+01 8.21061707e+00
  endloop
 endfacet
 facet normal -5.08815885e-01 -7.08104432e-01 4.89586085e-01
  outer loop
   vertex 2.56482849e+01 8.96557617e+01 8.21061707e+00
   vertex 2.46838531e+01 8.81468353e+01 7.75248718e+00
   vertex 2.58132248e+01 8.93607788e+01 8.10795212e+00
  endloop
 endfacet
 facet normal -3.14001024e-01 -7.98773229e-01 5.13190687e-01
  outer loop
   vertex 2.46838531e+01 8.81468353e+01 7.75248718e+00
   vertex 2.53483353e+01 8.80465546e+01 7.69503784e+00
   vertex 2.58132248e+01 8.93607788e+01 8.10795212e+00
  endloop
 endfacet
 facet normal -5.63474596e-01 -6.72842503e-01 4.79353040e-01
  outer loop
   vertex 2.58132248e+01 8.93607788e+01 8.10795212e+00
   vertex 2.53483353e+01 8.80465546e+01 7.69503784e+00
   vertex 2.60986786e+01 8.88491516e+01 7.92991638e+00
  endloop
 endfacet
 facet normal -5.63546181e-01 -6.71954215e-01 4.80513573e-01
  outer loop
   vertex 2.60986786e+01 8.88491516e+01 7.92991638e+00
   vertex 2.53483353e+01 8.80465546e+01 7.69503784e+00
   vertex 2.63881073e+01 8.83261108e+01 7.74800491e+00
  endloop
 endfacet
 facet normal -4.39880848e-01 -7.33329594e-01 5.18394172e-01
  outer loop
   vertex 2.53483353e+01 8.80465546e+01 7.69503784e+00
   vertex 2.59453354e+01 8.77555313e+01 7.57766342e+00
   vertex 2.63881073e+01 8.83261108e+01 7.74800491e+00
  endloop
 endfacet
 facet normal -6.12963319e-01 -6.25560820e-01 4.82648611e-01
  outer loop
   vertex 2.63881073e+01 8.83261108e+01 7.74800491e+00
   vertex 2.59453354e+01 8.77555313e+01 7.57766342e+00
   vertex 2.65623398e+01 8.80112457e+01 7.63849258e+00
  endloop
 endfacet
 facet normal -5.44000089e-01 -6.42997801e-01 5.39089739e-01
  outer loop
   vertex 2.59453354e+01 8.77555313e+01 7.57766342e+00
   vertex 2.64164276e+01 8.73022461e+01 7.41184998e+00
   vertex 2.65623398e+01 8.80112457e+01 7.63849258e+00
  endloop
 endfacet
 facet normal -6.54491603e-01 -5.72582722e-01 4.93750721e-01
  outer loop
   vertex 2.65623398e+01 8.80112457e+01 7.63849258e+00
   vertex 2.64164276e+01 8.73022461e+01 7.41184998e+00
   vertex 2.68091202e+01 8.75713501e+01 7.48537445e+00
  endloop
 endfacet
 facet normal -6.21474147e-01 -5.33514678e-01 5.73700249e-01
  outer loop
   vertex 2.64164276e+01 8.73022461e+01 7.41184998e+00
   vertex 2.67154999e+01 8.67310791e+01 7.21382523e+00
   vertex 2.68091202e+01 8.75713501e+01 7.48537445e+00
  endloop
 endfacet
 facet normal -6.86179101e-01 -5.14461100e-01 5.14283955e-01
  outer loop
   vertex 2.68091202e+01 8.75713501e+01 7.48537445e+00
   vertex 2.67154999e+01 8.67310791e+01 7.21382523e+00
   vertex 2.71972961e+01 8.68794250e+01 7.24451828e+00
  endloop
 endfacet
 facet normal -7.04356194e-01 -4.52526748e-01 5.46902120e-01
  outer loop
   vertex 2.76320419e+01 8.60979309e+01 6.97262955e+00
   vertex 2.73624573e+01 8.65792847e+01 7.14016724e+00
   vertex 2.68132553e+01 8.60979309e+01 7.00297546e+00
  endloop
 endfacet
 facet normal -6.66916192e-01 -4.08861965e-01 6.22940361e-01
  outer loop
   vertex 2.68132553e+01 8.60979309e+01 7.00297546e+00
   vertex 2.73624573e+01 8.65792847e+01 7.14016724e+00
   vertex 2.67154999e+01 8.67310791e+01 7.21382523e+00
  endloop
 endfacet
 facet normal -6.86450183e-01 -5.14004946e-01 5.14378369e-01
  outer loop
   vertex 2.71972961e+01 8.68794250e+01 7.24451828e+00
   vertex 2.67154999e+01 8.67310791e+01 7.21382523e+00
   vertex 2.72275162e+01 8.68255615e+01 7.22576904e+00
  endloop
 endfacet
 facet normal -6.85930848e-01 -5.12346387e-01 5.16720474e-01
  outer loop
   vertex 2.67154999e+01 8.67310791e+01 7.21382523e+00
   vertex 2.73624573e+01 8.65792847e+01 7.14016724e+00
   vertex 2.72275162e+01 8.68255615e+01 7.22576904e+00
  endloop
 endfacet
 facet normal -2.53295690e-01 7.26278782e-01 6.39030814e-01
  outer loop
   vertex 1.11761551e+01 4.96440506e+01 3.31006393e+01
   vertex 1.12558594e+01 4.95876541e+01 3.31289139e+01
   vertex 1.12160339e+01 4.97516632e+01 3.30991592e+01
  endloop
 endfacet
 facet normal -2.31730998e-01 8.97433236e-02 9.68631446e-01
  outer loop
   vertex 1.00374298e+01 4.29763031e+01 3.35416107e+01
   vertex 9.31916046e+00 4.20433044e+01 3.34365692e+01
   vertex 9.17011261e+00 4.05020294e+01 3.35667801e+01
  endloop
 endfacet
 facet normal -1.81940764e-01 7.23733976e-02 9.80642438e-01
  outer loop
   vertex 9.31916046e+00 4.20433044e+01 3.34365692e+01
   vertex 9.01570892e+00 4.11559982e+01 3.34478073e+01
   vertex 9.17011261e+00 4.05020294e+01 3.35667801e+01
  endloop
 endfacet
 facet normal -1.81966349e-01 7.19502643e-02 9.80668843e-01
  outer loop
   vertex 9.01570892e+00 4.11559982e+01 3.34478073e+01
   vertex 9.00198364e+00 4.11156158e+01 3.34483490e+01
   vertex 9.17011261e+00 4.05020294e+01 3.35667801e+01
  endloop
 endfacet
 facet normal -1.70828879e-01 7.07708746e-02 9.82755780e-01
  outer loop
   vertex 9.31916046e+00 4.20433044e+01 3.34365692e+01
   vertex 1.00374298e+01 4.29763031e+01 3.35416107e+01
   vertex 9.39278412e+00 4.22656364e+01 3.34338379e+01
  endloop
 endfacet
 facet normal -1.69483662e-01 6.97262660e-02 9.83063340e-01
  outer loop
   vertex 9.39278412e+00 4.22656364e+01 3.34338379e+01
   vertex 1.00374298e+01 4.29763031e+01 3.35416107e+01
   vertex 9.69316101e+00 4.31698036e+01 3.34230347e+01
  endloop
 endfacet
 facet normal -1.67399645e-01 7.00288415e-02 9.83398855e-01
  outer loop
   vertex 9.69316101e+00 4.31698036e+01 3.34230347e+01
   vertex 1.00374298e+01 4.29763031e+01 3.35416107e+01
   vertex 9.84844208e+00 4.36366234e+01 3.34175186e+01
  endloop
 endfacet
 facet normal -2.16037750e-01 8.95402804e-02 9.72270668e-01
  outer loop
   vertex 1.09003067e+01 4.53638611e+01 3.35124969e+01
   vertex 1.01422653e+01 4.44550858e+01 3.34069977e+01
   vertex 1.00374298e+01 4.29763031e+01 3.35416107e+01
  endloop
 endfacet
 facet normal -1.65486336e-01 7.10217804e-02 9.83651459e-01
  outer loop
   vertex 1.01422653e+01 4.44550858e+01 3.34069977e+01
   vertex 1.00657501e+01 4.42421150e+01 3.34097214e+01
   vertex 1.00374298e+01 4.29763031e+01 3.35416107e+01
  endloop
 endfacet
 facet normal -1.65340155e-01 7.09531084e-02 9.83680964e-01
  outer loop
   vertex 1.00657501e+01 4.42421150e+01 3.34097214e+01
   vertex 9.86685181e+00 4.36878967e+01 3.34168625e+01
   vertex 1.00374298e+01 4.29763031e+01 3.35416107e+01
  endloop
 endfacet
 facet normal -1.65377334e-01 7.06821308e-02 9.83694255e-01
  outer loop
   vertex 9.86685181e+00 4.36878967e+01 3.34168625e+01
   vertex 9.84844208e+00 4.36366234e+01 3.34175186e+01
   vertex 1.00374298e+01 4.29763031e+01 3.35416107e+01
  endloop
 endfacet
 facet normal -1.63334146e-01 7.20023662e-02 9.83939826e-01
  outer loop
   vertex 1.01422653e+01 4.44550858e+01 3.34069977e+01
   vertex 1.09003067e+01 4.53638611e+01 3.35124969e+01
   vertex 1.04126968e+01 4.51988411e+01 3.33973618e+01
  endloop
 endfacet
 facet normal -1.63553938e-01 7.23327249e-02 9.83879089e-01
  outer loop
   vertex 1.04126968e+01 4.51988411e+01 3.33973618e+01
   vertex 1.09003067e+01 4.53638611e+01 3.35124969e+01
   vertex 1.07135925e+01 4.60247421e+01 3.33868408e+01
  endloop
 endfacet
 facet normal -6.90272629e-01 -5.87058723e-01 4.22948867e-01
  outer loop
   vertex 8.12188721e+00 4.02028198e+01 3.32296143e+01
   vertex 7.97583008e+00 4.02077332e+01 3.31846542e+01
   vertex 7.87048340e+00 3.97838287e+01 3.31825333e+01
  endloop
 endfacet
 facet normal -6.17300570e-01 -4.40234423e-01 6.52022779e-01
  outer loop
   vertex 8.12188721e+00 4.02028198e+01 3.32296143e+01
   vertex 7.87048340e+00 3.97838287e+01 3.31825333e+01
   vertex 8.50061035e+00 4.01900864e+01 3.33790131e+01
  endloop
 endfacet
 facet normal -6.58667684e-01 -1.22550465e-01 7.42386878e-01
  outer loop
   vertex 8.50061035e+00 4.01900864e+01 3.33790131e+01
   vertex 7.87048340e+00 3.97838287e+01 3.31825333e+01
   vertex 8.09285736e+00 3.88493576e+01 3.33831940e+01
  endloop
 endfacet
 facet normal -4.86782432e-01 1.29408598e-01 -8.63884389e-01
  outer loop
   vertex 1.41469421e+01 4.41367912e+01 2.85369720e+01
   vertex 1.54035416e+01 4.27389603e+01 2.69956284e+01
   vertex 1.39654236e+01 4.35216637e+01 2.85432739e+01
  endloop
 endfacet
 facet normal -4.85196173e-01 1.29410356e-01 -8.64776075e-01
  outer loop
   vertex 1.38542099e+01 4.31451721e+01 2.85472260e+01
   vertex 1.39654236e+01 4.35216637e+01 2.85432739e+01
   vertex 1.54035416e+01 4.27389603e+01 2.69956284e+01
  endloop
 endfacet
 facet normal -5.84350109e-01 1.56223744e-01 -7.96322227e-01
  outer loop
   vertex 1.47137985e+01 4.02493744e+01 2.70143433e+01
   vertex 1.34420319e+01 4.16716118e+01 2.85619736e+01
   vertex 1.54035416e+01 4.27389603e+01 2.69956284e+01
  endloop
 endfacet
 facet normal -4.86364901e-01 1.27556741e-01 -8.64394844e-01
  outer loop
   vertex 1.34420319e+01 4.16716118e+01 2.85619736e+01
   vertex 1.35691757e+01 4.21257324e+01 2.85573120e+01
   vertex 1.54035416e+01 4.27389603e+01 2.69956284e+01
  endloop
 endfacet
 facet normal -4.85672593e-01 1.27651021e-01 -8.64770114e-01
  outer loop
   vertex 1.35691757e+01 4.21257324e+01 2.85573120e+01
   vertex 1.38542099e+01 4.31451721e+01 2.85472260e+01
   vertex 1.54035416e+01 4.27389603e+01 2.69956284e+01
  endloop
 endfacet
 facet normal -5.99026740e-01 -1.80492029e-01 -7.80121505e-01
  outer loop
   vertex 1.19481583e+01 4.01255569e+01 2.95430298e+01
   vertex 1.29928589e+01 4.01393890e+01 2.85794601e+01
   vertex 1.40240860e+01 3.78543777e+01 2.70434875e+01
  endloop
 endfacet
 facet normal -5.78872681e-01 1.58147484e-01 -7.99934864e-01
  outer loop
   vertex 1.47137985e+01 4.02493744e+01 2.70143433e+01
   vertex 1.40240860e+01 3.78543777e+01 2.70434875e+01
   vertex 1.31474457e+01 4.06765213e+01 2.85730133e+01
  endloop
 endfacet
 facet normal -4.79880929e-01 1.29559442e-01 -8.67714584e-01
  outer loop
   vertex 1.31474457e+01 4.06765213e+01 2.85730133e+01
   vertex 1.40240860e+01 3.78543777e+01 2.70434875e+01
   vertex 1.30382080e+01 4.02957611e+01 2.85772705e+01
  endloop
 endfacet
 facet normal -5.21361530e-01 1.02454290e-01 -8.47163081e-01
  outer loop
   vertex 1.29928589e+01 4.01393890e+01 2.85794601e+01
   vertex 1.30382080e+01 4.02957611e+01 2.85772705e+01
   vertex 1.40240860e+01 3.78543777e+01 2.70434875e+01
  endloop
 endfacet
 facet normal -4.83454198e-01 1.29501030e-01 -8.65737557e-01
  outer loop
   vertex 1.34420319e+01 4.16716118e+01 2.85619736e+01
   vertex 1.47137985e+01 4.02493744e+01 2.70143433e+01
   vertex 1.32475891e+01 4.10142365e+01 2.85691147e+01
  endloop
 endfacet
 facet normal -4.82220620e-01 1.29620031e-01 -8.66407454e-01
  outer loop
   vertex 1.32475891e+01 4.10142365e+01 2.85691147e+01
   vertex 1.47137985e+01 4.02493744e+01 2.70143433e+01
   vertex 1.31474457e+01 4.06765213e+01 2.85730133e+01
  endloop
 endfacet
 facet normal -5.89115560e-01 1.54882550e-01 -7.93066382e-01
  outer loop
   vertex 1.54035416e+01 4.27389603e+01 2.69956284e+01
   vertex 1.41469421e+01 4.41367912e+01 2.85369720e+01
   vertex 1.60865021e+01 4.52525253e+01 2.69810791e+01
  endloop
 endfacet
 facet normal -4.90493625e-01 1.26713932e-01 -8.62183034e-01
  outer loop
   vertex 1.41469421e+01 4.41367912e+01 2.85369720e+01
   vertex 1.44028244e+01 4.50652008e+01 2.85281677e+01
   vertex 1.60865021e+01 4.52525253e+01 2.69810791e+01
  endloop
 endfacet
 facet normal -4.89646584e-01 1.26784742e-01 -8.62653971e-01
  outer loop
   vertex 1.44028244e+01 4.50652008e+01 2.85281677e+01
   vertex 1.45578156e+01 4.56280098e+01 2.85229492e+01
   vertex 1.60865021e+01 4.52525253e+01 2.69810791e+01
  endloop
 endfacet
 facet normal -4.91449565e-01 1.28750771e-01 -8.61336529e-01
  outer loop
   vertex 1.48488846e+01 4.66151352e+01 2.85130463e+01
   vertex 1.60865021e+01 4.52525253e+01 2.69810791e+01
   vertex 1.48458939e+01 4.66050072e+01 2.85131378e+01
  endloop
 endfacet
 facet normal -4.89059299e-01 1.29026338e-01 -8.62654746e-01
  outer loop
   vertex 1.45578156e+01 4.56280098e+01 2.85229492e+01
   vertex 1.48458939e+01 4.66050072e+01 2.85131378e+01
   vertex 1.60865021e+01 4.52525253e+01 2.69810791e+01
  endloop
 endfacet
 facet normal -4.24179763e-01 7.58538604e-01 -4.94662225e-01
  outer loop
   vertex 1.55152664e+01 4.91137314e+01 2.85142899e+01
   vertex 1.32655563e+01 4.94421234e+01 3.07633286e+01
   vertex 1.37409515e+01 5.10651550e+01 3.07500153e+01
  endloop
 endfacet
 facet normal -5.96039712e-01 1.51745707e-01 -7.88485825e-01
  outer loop
   vertex 1.60865021e+01 4.52525253e+01 2.69810791e+01
   vertex 1.48488846e+01 4.66151352e+01 2.85130463e+01
   vertex 1.67339630e+01 4.77733917e+01 2.69786758e+01
  endloop
 endfacet
 facet normal -4.95690256e-01 1.23887159e-01 -8.59618008e-01
  outer loop
   vertex 1.52457504e+01 4.81141968e+01 2.85001678e+01
   vertex 1.67339630e+01 4.77733917e+01 2.69786758e+01
   vertex 1.52133408e+01 4.79916306e+01 2.85011749e+01
  endloop
 endfacet
 facet normal -4.96994168e-01 1.23819686e-01 -8.58874559e-01
  outer loop
   vertex 1.52133408e+01 4.79916306e+01 2.85011749e+01
   vertex 1.67339630e+01 4.77733917e+01 2.69786758e+01
   vertex 1.48488846e+01 4.66151352e+01 2.85130463e+01
  endloop
 endfacet
 facet normal -4.53097045e-01 7.83452749e-01 -4.25329059e-01
  outer loop
   vertex 1.16973495e+01 4.95927849e+01 3.25197601e+01
   vertex 1.24134140e+01 5.16996231e+01 3.24995728e+01
   vertex 1.17346191e+01 4.95905724e+01 3.24747238e+01
  endloop
 endfacet
 facet normal -6.42871916e-01 5.24358690e-01 -5.58358014e-01
  outer loop
   vertex 1.17346191e+01 4.95905724e+01 3.24747238e+01
   vertex 1.24134140e+01 5.16996231e+01 3.24995728e+01
   vertex 1.28104324e+01 5.14403534e+01 3.19270477e+01
  endloop
 endfacet
 facet normal -4.55141276e-01 7.78734565e-01 -4.31762606e-01
  outer loop
   vertex 1.22127380e+01 4.95448532e+01 3.19386902e+01
   vertex 1.17346191e+01 4.95905724e+01 3.24747238e+01
   vertex 1.28104324e+01 5.14403534e+01 3.19270477e+01
  endloop
 endfacet
 facet normal -4.05027390e-01 8.93009186e-01 1.96182117e-01
  outer loop
   vertex 1.13894501e+01 4.96224022e+01 3.28645248e+01
   vertex 1.11761551e+01 4.96440506e+01 3.31006393e+01
   vertex 1.12160339e+01 4.97516632e+01 3.30991592e+01
  endloop
 endfacet
 facet normal -4.55124795e-01 7.76656210e-01 -4.35507268e-01
  outer loop
   vertex 1.22127380e+01 4.95448532e+01 3.19386902e+01
   vertex 1.28104324e+01 5.14403534e+01 3.19270477e+01
   vertex 1.23070450e+01 4.95383873e+01 3.18268127e+01
  endloop
 endfacet
 facet normal -6.41776979e-01 5.10708034e-01 -5.72101057e-01
  outer loop
   vertex 1.23070450e+01 4.95383873e+01 3.18268127e+01
   vertex 1.28104324e+01 5.14403534e+01 3.19270477e+01
   vertex 1.32453613e+01 5.12352448e+01 3.13479080e+01
  endloop
 endfacet
 facet normal -4.51653361e-01 7.71700025e-01 -4.47759181e-01
  outer loop
   vertex 1.27326584e+01 4.94957199e+01 3.13544006e+01
   vertex 1.23070450e+01 4.95383873e+01 3.18268127e+01
   vertex 1.32453613e+01 5.12352448e+01 3.13479080e+01
  endloop
 endfacet
 facet normal -4.49480653e-01 7.68997669e-01 -4.54543442e-01
  outer loop
   vertex 1.27326584e+01 4.94957199e+01 3.13544006e+01
   vertex 1.32453613e+01 5.12352448e+01 3.13479080e+01
   vertex 1.28809128e+01 4.94818802e+01 3.11873703e+01
  endloop
 endfacet
 facet normal -6.27265573e-01 4.94417787e-01 -6.01738274e-01
  outer loop
   vertex 1.28809128e+01 4.94818802e+01 3.11873703e+01
   vertex 1.32453613e+01 5.12352448e+01 3.13479080e+01
   vertex 1.37409515e+01 5.10651550e+01 3.07500153e+01
  endloop
 endfacet
 facet normal -4.31193024e-01 7.64566958e-01 -4.79071945e-01
  outer loop
   vertex 1.32655563e+01 4.94421234e+01 3.07633286e+01
   vertex 1.28809128e+01 4.94818802e+01 3.11873703e+01
   vertex 1.37409515e+01 5.10651550e+01 3.07500153e+01
  endloop
 endfacet
 facet normal -6.39727592e-01 -3.81405413e-01 -6.67291880e-01
  outer loop
   vertex 9.21862030e+00 4.01660767e+01 3.20360947e+01
   vertex 9.02796173e+00 3.95478058e+01 3.20433273e+01
   vertex 8.74871063e+00 4.01818237e+01 3.24785461e+01
  endloop
 endfacet
 facet normal -6.84583366e-01 -8.47338811e-02 -7.23992944e-01
  outer loop
   vertex 8.74871063e+00 4.01818237e+01 3.24785461e+01
   vertex 9.02796173e+00 3.95478058e+01 3.20433273e+01
   vertex 8.45173645e+00 3.96654892e+01 3.26130142e+01
  endloop
 endfacet
 facet normal -6.35558844e-01 -3.85955453e-01 -6.68657839e-01
  outer loop
   vertex 8.60349274e+00 4.01866913e+01 3.26104279e+01
   vertex 8.74871063e+00 4.01818237e+01 3.24785461e+01
   vertex 8.45173645e+00 3.96654892e+01 3.26130142e+01
  endloop
 endfacet
 facet normal -6.31907821e-01 -3.86391342e-01 -6.71858788e-01
  outer loop
   vertex 8.60349274e+00 4.01866913e+01 3.26104279e+01
   vertex 8.45173645e+00 3.96654892e+01 3.26130142e+01
   vertex 8.09798431e+00 4.02036362e+01 3.30829697e+01
  endloop
 endfacet
 facet normal -8.87615383e-01 -7.01092929e-02 -4.55218166e-01
  outer loop
   vertex 8.09798431e+00 4.02036362e+01 3.30829697e+01
   vertex 8.45173645e+00 3.96654892e+01 3.26130142e+01
   vertex 7.87048340e+00 3.97838287e+01 3.31825333e+01
  endloop
 endfacet
 facet normal -8.06650341e-01 -5.74644029e-01 -1.38200954e-01
  outer loop
   vertex 7.97583008e+00 4.02077332e+01 3.31846542e+01
   vertex 8.09798431e+00 4.02036362e+01 3.30829697e+01
   vertex 7.87048340e+00 3.97838287e+01 3.31825333e+01
  endloop
 endfacet
 facet normal -6.43068194e-01 -3.77226144e-01 -6.66456103e-01
  outer loop
   vertex 9.82679749e+00 4.01456909e+01 3.14593430e+01
   vertex 9.59413910e+00 3.94314575e+01 3.14732513e+01
   vertex 9.40035248e+00 4.01599884e+01 3.18675156e+01
  endloop
 endfacet
 facet normal -6.89390540e-01 -7.59553164e-02 -7.20396757e-01
  outer loop
   vertex 9.40035248e+00 4.01599884e+01 3.18675156e+01
   vertex 9.59413910e+00 3.94314575e+01 3.14732513e+01
   vertex 9.02796173e+00 3.95478058e+01 3.20433273e+01
  endloop
 endfacet
 facet normal -6.41895592e-01 -3.80176753e-01 -6.65909708e-01
  outer loop
   vertex 9.21862030e+00 4.01660767e+01 3.20360947e+01
   vertex 9.40035248e+00 4.01599884e+01 3.18675156e+01
   vertex 9.02796173e+00 3.95478058e+01 3.20433273e+01
  endloop
 endfacet
 facet normal -6.39263034e-01 -3.72268796e-01 -6.72873497e-01
  outer loop
   vertex 1.04511642e+01 4.01247635e+01 3.08732147e+01
   vertex 1.01552734e+01 3.93157730e+01 3.09030075e+01
   vertex 1.00807648e+01 4.01371765e+01 3.12297211e+01
  endloop
 endfacet
 facet normal -6.85893118e-01 -6.88231513e-02 -7.24440455e-01
  outer loop
   vertex 1.00807648e+01 4.01371765e+01 3.12297211e+01
   vertex 1.01552734e+01 3.93157730e+01 3.09030075e+01
   vertex 9.59413910e+00 3.94314575e+01 3.14732513e+01
  endloop
 endfacet
 facet normal -6.43405259e-01 -3.74609947e-01 -6.67605460e-01
  outer loop
   vertex 9.82679749e+00 4.01456909e+01 3.14593430e+01
   vertex 1.00807648e+01 4.01371765e+01 3.12297211e+01
   vertex 9.59413910e+00 3.94314575e+01 3.14732513e+01
  endloop
 endfacet
 facet normal -4.98674184e-01 1.26663700e-01 -8.57484937e-01
  outer loop
   vertex 1.55337982e+01 4.90933495e+01 2.84909439e+01
   vertex 1.67339630e+01 4.77733917e+01 2.69786758e+01
   vertex 1.55319977e+01 4.90872154e+01 2.84909973e+01
  endloop
 endfacet
 facet normal -4.94858742e-01 1.27289474e-01 -8.59600008e-01
  outer loop
   vertex 1.52457504e+01 4.81141968e+01 2.85001678e+01
   vertex 1.55319977e+01 4.90872154e+01 2.84909973e+01
   vertex 1.67339630e+01 4.77733917e+01 2.69786758e+01
  endloop
 endfacet
 facet normal -4.16617006e-01 -8.44596744e-01 -3.36283475e-01
  outer loop
   vertex 5.74789429e+00 4.73758698e+01 2.88733673e+01
   vertex 6.34003448e+00 4.70539246e+01 2.88493042e+01
   vertex 5.93539429e+00 4.73691673e+01 3.35787506e+01
  endloop
 endfacet
 facet normal -4.75303829e-01 -7.98478663e-01 3.69483590e-01
  outer loop
   vertex 5.93539429e+00 4.73691673e+01 3.35787506e+01
   vertex 6.34003448e+00 4.70539246e+01 2.88493042e+01
   vertex 6.52754974e+00 4.70472221e+01 3.35547104e+01
  endloop
 endfacet
 facet normal -1.35967553e-01 -9.27735448e-01 -3.47591341e-01
  outer loop
   vertex 5.08527374e+00 4.74989090e+01 2.88999405e+01
   vertex 5.74789429e+00 4.73758698e+01 2.88733673e+01
   vertex 5.27278137e+00 4.74921989e+01 3.36053391e+01
  endloop
 endfacet
 facet normal -2.04974845e-01 -9.10727501e-01 3.58553708e-01
  outer loop
   vertex 5.27278137e+00 4.74921989e+01 3.36053391e+01
   vertex 5.74789429e+00 4.73758698e+01 2.88733673e+01
   vertex 5.93539429e+00 4.73691673e+01 3.35787506e+01
  endloop
 endfacet
 facet normal 1.56616539e-01 -9.20010805e-01 -3.59237254e-01
  outer loop
   vertex 4.41710663e+00 4.74109955e+01 2.89264450e+01
   vertex 5.08527374e+00 4.74989090e+01 2.88999405e+01
   vertex 4.60460663e+00 4.74042931e+01 3.36318436e+01
  endloop
 endfacet
 facet normal 8.68049264e-02 -9.33879077e-01 3.46893013e-01
  outer loop
   vertex 4.60460663e+00 4.74042931e+01 3.36318436e+01
   vertex 5.08527374e+00 4.74989090e+01 2.88999405e+01
   vertex 5.27278137e+00 4.74921989e+01 3.36053391e+01
  endloop
 endfacet
 facet normal 4.32494521e-01 -8.22182655e-01 -3.70086700e-01
  outer loop
   vertex 3.80875397e+00 4.71207504e+01 2.89502945e+01
   vertex 4.41710663e+00 4.74109955e+01 2.89264450e+01
   vertex 3.99626923e+00 4.71140480e+01 3.36556778e+01
  endloop
 endfacet
 facet normal 3.71438175e-01 -8.65663052e-01 3.35650355e-01
  outer loop
   vertex 3.99626923e+00 4.71140480e+01 3.36556778e+01
   vertex 4.41710663e+00 4.74109955e+01 2.89264450e+01
   vertex 4.60460663e+00 4.74042931e+01 3.36318436e+01
  endloop
 endfacet
 facet normal 6.64670289e-01 -6.43823624e-01 -3.79083782e-01
  outer loop
   vertex 3.31981659e+00 4.66565781e+01 2.89691010e+01
   vertex 3.80875397e+00 4.71207504e+01 2.89502945e+01
   vertex 3.50730133e+00 4.66498756e+01 3.36744919e+01
  endloop
 endfacet
 facet normal 6.21085942e-01 -7.12760568e-01 3.25921208e-01
  outer loop
   vertex 3.50730133e+00 4.66498756e+01 3.36744919e+01
   vertex 3.80875397e+00 4.71207504e+01 2.89502945e+01
   vertex 3.99626923e+00 4.71140480e+01 3.36556778e+01
  endloop
 endfacet
 facet normal 8.30417752e-01 -4.02386129e-01 -3.85346323e-01
  outer loop
   vertex 2.99809265e+00 4.60639229e+01 2.89810791e+01
   vertex 3.31981659e+00 4.66565781e+01 2.89691010e+01
   vertex 3.18558502e+00 4.60572128e+01 3.36864700e+01
  endloop
 endfacet
 facet normal 8.11309516e-01 -4.90136325e-01 3.18658441e-01
  outer loop
   vertex 3.18558502e+00 4.60572128e+01 3.36864700e+01
   vertex 3.31981659e+00 4.66565781e+01 2.89691010e+01
   vertex 3.50730133e+00 4.66498756e+01 3.36744919e+01
  endloop
 endfacet
 facet normal 9.13502753e-01 -1.21509299e-01 -3.88263136e-01
  outer loop
   vertex 2.87511444e+00 4.54007874e+01 2.89850082e+01
   vertex 2.99809265e+00 4.60639229e+01 2.89810791e+01
   vertex 3.06262207e+00 4.53940887e+01 3.36904297e+01
  endloop
 endfacet
 facet normal 9.23487782e-01 -2.19575197e-01 3.14574301e-01
  outer loop
   vertex 3.06262207e+00 4.53940887e+01 3.36904297e+01
   vertex 2.99809265e+00 4.60639229e+01 2.89810791e+01
   vertex 3.18558502e+00 4.60572128e+01 3.36864700e+01
  endloop
 endfacet
 facet normal 9.05798018e-01 1.71298102e-01 -3.87539536e-01
  outer loop
   vertex 2.96292877e+00 4.47320900e+01 2.89805679e+01
   vertex 2.87511444e+00 4.54007874e+01 2.89850082e+01
   vertex 3.15042114e+00 4.47253838e+01 3.36859589e+01
  endloop
 endfacet
 facet normal 9.46636438e-01 7.24260807e-02 3.14060360e-01
  outer loop
   vertex 3.15042114e+00 4.47253838e+01 3.36859589e+01
   vertex 2.87511444e+00 4.54007874e+01 2.89850082e+01
   vertex 3.06262207e+00 4.53940887e+01 3.36904297e+01
  endloop
 endfacet
 facet normal 8.08067262e-01 4.47383851e-01 -3.83242726e-01
  outer loop
   vertex 3.25290680e+00 4.41232834e+01 2.89681625e+01
   vertex 2.96292877e+00 4.47320900e+01 2.89805679e+01
   vertex 3.44039154e+00 4.41165771e+01 3.36735458e+01
  endloop
 endfacet
 facet normal 8.78491700e-01 3.57275903e-01 3.17184925e-01
  outer loop
   vertex 3.44039154e+00 4.41165771e+01 3.36735458e+01
   vertex 2.96292877e+00 4.47320900e+01 2.89805679e+01
   vertex 3.15042114e+00 4.47253838e+01 3.36859589e+01
  endloop
 endfacet
 facet normal 6.29861414e-01 6.79735065e-01 -3.75812232e-01
  outer loop
   vertex 3.71667480e+00 4.36339684e+01 2.89489822e+01
   vertex 3.25290680e+00 4.41232834e+01 2.89681625e+01
   vertex 3.90415955e+00 4.36272659e+01 3.36543655e+01
  endloop
 endfacet
 facet normal 7.25724041e-01 6.07114911e-01 3.23629588e-01
  outer loop
   vertex 3.90415955e+00 4.36272659e+01 3.36543655e+01
   vertex 3.25290680e+00 4.41232834e+01 2.89681625e+01
   vertex 3.44039154e+00 4.41165771e+01 3.36735458e+01
  endloop
 endfacet
 facet normal 3.88628662e-01 8.45598102e-01 -3.65966707e-01
  outer loop
   vertex 4.30884552e+00 4.33120308e+01 2.89249115e+01
   vertex 3.71667480e+00 4.36339684e+01 2.89489822e+01
   vertex 4.49632263e+00 4.33053207e+01 3.36303253e+01
  endloop
 endfacet
 facet normal 5.03287196e-01 7.97476411e-01 3.32766265e-01
  outer loop
   vertex 4.49632263e+00 4.33053207e+01 3.36303253e+01
   vertex 3.71667480e+00 4.36339684e+01 2.89489822e+01
   vertex 3.90415955e+00 4.36272659e+01 3.36543655e+01
  endloop
 endfacet
 facet normal 1.07987158e-01 9.28736269e-01 -3.54665667e-01
  outer loop
   vertex 4.97145081e+00 4.31889954e+01 2.88983536e+01
   vertex 4.30884552e+00 4.33120308e+01 2.89249115e+01
   vertex 5.15892792e+00 4.31822891e+01 3.36037369e+01
  endloop
 endfacet
 facet normal 2.32953295e-01 9.09727991e-01 3.43697101e-01
  outer loop
   vertex 5.15892792e+00 4.31822891e+01 3.36037369e+01
   vertex 4.30884552e+00 4.33120308e+01 2.89249115e+01
   vertex 4.49632263e+00 4.33053207e+01 3.36303253e+01
  endloop
 endfacet
 facet normal -1.84597835e-01 9.21013653e-01 -3.43012422e-01
  outer loop
   vertex 5.63962555e+00 4.32769012e+01 2.88718491e+01
   vertex 4.97145081e+00 4.31889954e+01 2.88983536e+01
   vertex 5.82713318e+00 4.32701950e+01 3.35772324e+01
  endloop
 endfacet
 facet normal -5.88102378e-02 9.32878971e-01 3.55356485e-01
  outer loop
   vertex 5.82713318e+00 4.32701950e+01 3.35772324e+01
   vertex 4.97145081e+00 4.31889954e+01 2.88983536e+01
   vertex 5.15892792e+00 4.31822891e+01 3.36037369e+01
  endloop
 endfacet
 facet normal -4.60479647e-01 8.23179305e-01 -3.32166135e-01
  outer loop
   vertex 6.24794769e+00 4.35671425e+01 2.88479996e+01
   vertex 5.63962555e+00 4.32769012e+01 2.88718491e+01
   vertex 6.43544769e+00 4.35604362e+01 3.35534058e+01
  endloop
 endfacet
 facet normal -3.43456686e-01 8.64663363e-01 3.66598964e-01
  outer loop
   vertex 6.43544769e+00 4.35604362e+01 3.35534058e+01
   vertex 5.63962555e+00 4.32769012e+01 2.88718491e+01
   vertex 5.82713318e+00 4.32701950e+01 3.35772324e+01
  endloop
 endfacet
 facet normal -6.92653775e-01 6.44823074e-01 -3.23162347e-01
  outer loop
   vertex 6.73690796e+00 4.40313110e+01 2.88292007e+01
   vertex 6.24794769e+00 4.35671425e+01 2.88479996e+01
   vertex 6.92443848e+00 4.40246048e+01 3.35345840e+01
  endloop
 endfacet
 facet normal -5.93102634e-01 7.11761534e-01 3.76330644e-01
  outer loop
   vertex 6.92443848e+00 4.40246048e+01 3.35345840e+01
   vertex 6.24794769e+00 4.35671425e+01 2.88479996e+01
   vertex 6.43544769e+00 4.35604362e+01 3.35534058e+01
  endloop
 endfacet
 facet normal -8.58401120e-01 4.03388172e-01 -3.16899896e-01
  outer loop
   vertex 7.05863190e+00 4.46239738e+01 2.88172226e+01
   vertex 6.73690796e+00 4.40313110e+01 2.88292007e+01
   vertex 7.24613190e+00 4.46172638e+01 3.35226135e+01
  endloop
 endfacet
 facet normal -7.83325374e-01 4.89133954e-01 3.83600503e-01
  outer loop
   vertex 7.24613190e+00 4.46172638e+01 3.35226135e+01
   vertex 6.73690796e+00 4.40313110e+01 2.88292007e+01
   vertex 6.92443848e+00 4.40246048e+01 3.35345840e+01
  endloop
 endfacet
 facet normal -9.41486359e-01 1.22524664e-01 -3.13992232e-01
  outer loop
   vertex 7.18160248e+00 4.52871056e+01 2.88132629e+01
   vertex 7.05863190e+00 4.46239738e+01 2.88172226e+01
   vertex 7.36909485e+00 4.52804031e+01 3.35186539e+01
  endloop
 endfacet
 facet normal -8.95505548e-01 2.18579635e-01 3.87676120e-01
  outer loop
   vertex 7.36909485e+00 4.52804031e+01 3.35186539e+01
   vertex 7.05863190e+00 4.46239738e+01 2.88172226e+01
   vertex 7.24613190e+00 4.46172638e+01 3.35226135e+01
  endloop
 endfacet
 facet normal -9.33786094e-01 -1.70278206e-01 -3.14720303e-01
  outer loop
   vertex 7.09381866e+00 4.59558067e+01 2.88177109e+01
   vertex 7.18160248e+00 4.52871056e+01 2.88132629e+01
   vertex 7.28131104e+00 4.59491043e+01 3.35230942e+01
  endloop
 endfacet
 facet normal -9.18655515e-01 -7.34058097e-02 3.88179928e-01
  outer loop
   vertex 7.28131104e+00 4.59491043e+01 3.35230942e+01
   vertex 7.18160248e+00 4.52871056e+01 2.88132629e+01
   vertex 7.36909485e+00 4.52804031e+01 3.35186539e+01
  endloop
 endfacet
 facet normal -8.36043596e-01 -4.46392655e-01 -3.19005758e-01
  outer loop
   vertex 6.80383301e+00 4.65646172e+01 2.88301468e+01
   vertex 7.09381866e+00 4.59558067e+01 2.88177109e+01
   vertex 6.99135590e+00 4.65579109e+01 3.35355301e+01
  endloop
 endfacet
 facet normal -8.50508332e-01 -3.58271629e-01 3.85067523e-01
  outer loop
   vertex 6.99135590e+00 4.65579109e+01 3.35355301e+01
   vertex 7.09381866e+00 4.59558067e+01 2.88177109e+01
   vertex 7.28131104e+00 4.59491043e+01 3.35230942e+01
  endloop
 endfacet
 facet normal -6.57834113e-01 -6.78745031e-01 -3.26434553e-01
  outer loop
   vertex 6.34003448e+00 4.70539246e+01 2.88493042e+01
   vertex 6.80383301e+00 4.65646172e+01 2.88301468e+01
   vertex 6.52754974e+00 4.70472221e+01 3.35547104e+01
  endloop
 endfacet
 facet normal -6.97728753e-01 -6.08126938e-01 3.78624082e-01
  outer loop
   vertex 6.52754974e+00 4.70472221e+01 3.35547104e+01
   vertex 6.80383301e+00 4.65646172e+01 2.88301468e+01
   vertex 6.99135590e+00 4.65579109e+01 3.35355301e+01
  endloop
 endfacet
 facet normal -2.00380683e-01 -2.04927713e-01 9.58046019e-01
  outer loop
   vertex 5.93539429e+00 4.73691673e+01 3.35787506e+01
   vertex 6.52754974e+00 4.70472221e+01 3.35547104e+01
   vertex 6.89611816e+00 5.00822754e+01 3.35443420e+01
  endloop
 endfacet
 facet normal -9.37955752e-02 6.06080778e-02 9.93744969e-01
  outer loop
   vertex 6.89611816e+00 5.00822754e+01 3.35443420e+01
   vertex 6.52754974e+00 4.70472221e+01 3.35547104e+01
   vertex 8.27899933e+00 4.93304749e+01 3.34881668e+01
  endloop
 endfacet
 facet normal -6.01939410e-02 -2.50385791e-01 9.66273069e-01
  outer loop
   vertex 5.27278137e+00 4.74921989e+01 3.36053391e+01
   vertex 5.93539429e+00 4.73691673e+01 3.35787506e+01
   vertex 5.34877777e+00 5.03695908e+01 3.36064072e+01
  endloop
 endfacet
 facet normal -1.90710723e-02 3.45902711e-01 9.38076556e-01
  outer loop
   vertex 5.34877777e+00 5.03695908e+01 3.36064072e+01
   vertex 5.93539429e+00 4.73691673e+01 3.35787506e+01
   vertex 6.89611816e+00 5.00822754e+01 3.35443420e+01
  endloop
 endfacet
 facet normal 2.15244927e-02 -2.68674165e-01 9.62990582e-01
  outer loop
   vertex 4.60460663e+00 4.74042931e+01 3.36318436e+01
   vertex 5.27278137e+00 4.74921989e+01 3.36053391e+01
   vertex 3.78844452e+00 5.01643028e+01 3.36682968e+01
  endloop
 endfacet
 facet normal -5.55198826e-02 3.46564621e-01 9.36381578e-01
  outer loop
   vertex 3.78844452e+00 5.01643028e+01 3.36682968e+01
   vertex 5.27278137e+00 4.74921989e+01 3.36053391e+01
   vertex 5.34877777e+00 5.03695908e+01 3.36064072e+01
  endloop
 endfacet
 facet normal 1.04881160e-01 -2.60794133e-01 9.59680319e-01
  outer loop
   vertex 3.99626923e+00 4.71140480e+01 3.36556778e+01
   vertex 4.60460663e+00 4.74042931e+01 3.36318436e+01
   vertex 2.36782074e+00 4.94865112e+01 3.37239380e+01
  endloop
 endfacet
 facet normal -1.58405274e-01 3.00872147e-01 9.40416813e-01
  outer loop
   vertex 2.36782074e+00 4.94865112e+01 3.37239380e+01
   vertex 4.60460663e+00 4.74042931e+01 3.36318436e+01
   vertex 3.78844452e+00 5.01643028e+01 3.36682968e+01
  endloop
 endfacet
 facet normal 1.81725040e-01 -2.27520496e-01 9.56666291e-01
  outer loop
   vertex 3.50730133e+00 4.66498756e+01 3.36744919e+01
   vertex 3.99626923e+00 4.71140480e+01 3.36556778e+01
   vertex 1.22595215e+00 4.84025726e+01 3.37678833e+01
  endloop
 endfacet
 facet normal -2.42153734e-01 2.25601777e-01 9.43644762e-01
  outer loop
   vertex 1.22595215e+00 4.84025726e+01 3.37678833e+01
   vertex 3.99626923e+00 4.71140480e+01 3.36556778e+01
   vertex 2.36782074e+00 4.94865112e+01 3.37239380e+01
  endloop
 endfacet
 facet normal 2.44541585e-01 -1.72109842e-01 9.54241931e-01
  outer loop
   vertex 3.18558502e+00 4.60572128e+01 3.36864700e+01
   vertex 3.50730133e+00 4.66498756e+01 3.36744919e+01
   vertex 4.74693298e-01 4.70185699e+01 3.37958603e+01
  endloop
 endfacet
 facet normal -2.98558086e-01 1.28115401e-01 9.45753396e-01
  outer loop
   vertex 4.74693298e-01 4.70185699e+01 3.37958603e+01
   vertex 3.50730133e+00 4.66498756e+01 3.36744919e+01
   vertex 1.22595215e+00 4.84025726e+01 3.37678833e+01
  endloop
 endfacet
 facet normal 2.87173539e-01 -9.99871865e-02 9.52645719e-01
  outer loop
   vertex 3.06262207e+00 4.53940887e+01 3.36904297e+01
   vertex 3.18558502e+00 4.60572128e+01 3.36864700e+01
   vertex 1.87522888e-01 4.54699821e+01 3.38050995e+01
  endloop
 endfacet
 facet normal -3.22096646e-01 1.79558545e-02 9.46536481e-01
  outer loop
   vertex 1.87522888e-01 4.54699821e+01 3.38050995e+01
   vertex 3.18558502e+00 4.60572128e+01 3.36864700e+01
   vertex 4.74693298e-01 4.70185699e+01 3.37958603e+01
  endloop
 endfacet
 facet normal 3.05453211e-01 -1.82097089e-02 9.52032924e-01
  outer loop
   vertex 3.15042114e+00 4.47253838e+01 3.36859589e+01
   vertex 3.06262207e+00 4.53940887e+01 3.36904297e+01
   vertex 3.92539978e-01 4.39084015e+01 3.37947006e+01
  endloop
 endfacet
 facet normal -3.10476482e-01 -9.40907076e-02 9.45912957e-01
  outer loop
   vertex 3.92539978e-01 4.39084015e+01 3.37947006e+01
   vertex 3.06262207e+00 4.53940887e+01 3.36904297e+01
   vertex 1.87522888e-01 4.54699821e+01 3.38050995e+01
  endloop
 endfacet
 facet normal 2.97584802e-01 6.52161539e-02 9.52465296e-01
  outer loop
   vertex 3.44039154e+00 4.41165771e+01 3.36735458e+01
   vertex 3.15042114e+00 4.47253838e+01 3.36859589e+01
   vertex 1.06970978e+00 4.24866867e+01 3.37657013e+01
  endloop
 endfacet
 facet normal -2.64826447e-01 -1.97052166e-01 9.43947792e-01
  outer loop
   vertex 1.06970978e+00 4.24866867e+01 3.37657013e+01
   vertex 3.15042114e+00 4.47253838e+01 3.36859589e+01
   vertex 3.92539978e-01 4.39084015e+01 3.37947006e+01
  endloop
 endfacet
 facet normal 2.64341474e-01 1.42122254e-01 9.53899801e-01
  outer loop
   vertex 3.90415955e+00 4.36272659e+01 3.36543655e+01
   vertex 3.44039154e+00 4.41165771e+01 3.36735458e+01
   vertex 2.15273285e+00 4.13440094e+01 3.37209091e+01
  endloop
 endfacet
 facet normal -1.89620078e-01 -2.80857593e-01 9.40831125e-01
  outer loop
   vertex 2.15273285e+00 4.13440094e+01 3.37209091e+01
   vertex 3.44039154e+00 4.41165771e+01 3.36735458e+01
   vertex 1.06970978e+00 4.24866867e+01 3.37657013e+01
  endloop
 endfacet
 facet normal 2.08979979e-01 2.04980895e-01 9.56195712e-01
  outer loop
   vertex 4.49632263e+00 4.33053207e+01 3.36303253e+01
   vertex 3.90415955e+00 4.36272659e+01 3.36543655e+01
   vertex 3.53561401e+00 4.05922089e+01 3.36647415e+01
  endloop
 endfacet
 facet normal -9.22103003e-02 -3.37301403e-01 9.36869800e-01
  outer loop
   vertex 3.53561401e+00 4.05922089e+01 3.36647415e+01
   vertex 3.90415955e+00 4.36272659e+01 3.36543655e+01
   vertex 2.15273285e+00 4.13440094e+01 3.37209091e+01
  endloop
 endfacet
 facet normal 1.10202059e-01 2.54650831e-01 9.60733294e-01
  outer loop
   vertex 5.15892792e+00 4.31822891e+01 3.36037369e+01
   vertex 4.49632263e+00 4.33053207e+01 3.36303253e+01
   vertex 5.08293915e+00 4.03048935e+01 3.36026764e+01
  endloop
 endfacet
 facet normal -8.03267211e-03 -3.50278527e-01 9.36611116e-01
  outer loop
   vertex 5.08293915e+00 4.03048935e+01 3.36026764e+01
   vertex 4.49632263e+00 4.33053207e+01 3.36303253e+01
   vertex 3.53561401e+00 4.05922089e+01 3.36647415e+01
  endloop
 endfacet
 facet normal -2.59201601e-02 4.63901937e-01 8.85507286e-01
  outer loop
   vertex 5.82713318e+00 4.32701950e+01 3.35772324e+01
   vertex 5.15892792e+00 4.31822891e+01 3.36037369e+01
   vertex 6.64328766e+00 4.05101776e+01 3.35407791e+01
  endloop
 endfacet
 facet normal 1.47655504e-02 -2.15368755e-02 9.99659002e-01
  outer loop
   vertex 6.64328766e+00 4.05101776e+01 3.35407791e+01
   vertex 5.15892792e+00 4.31822891e+01 3.36037369e+01
   vertex 5.08293915e+00 4.03048935e+01 3.36026764e+01
  endloop
 endfacet
 facet normal -1.66394994e-01 4.21896309e-01 8.91244173e-01
  outer loop
   vertex 6.43544769e+00 4.35604362e+01 3.35534058e+01
   vertex 5.82713318e+00 4.32701950e+01 3.35772324e+01
   vertex 8.06393433e+00 4.11879730e+01 3.34851379e+01
  endloop
 endfacet
 facet normal -2.86158491e-02 2.26361886e-01 9.73622859e-01
  outer loop
   vertex 8.06393433e+00 4.11879730e+01 3.34851379e+01
   vertex 5.82713318e+00 4.32701950e+01 3.35772324e+01
   vertex 6.64328766e+00 4.05101776e+01 3.35407791e+01
  endloop
 endfacet
 facet normal -2.87136137e-01 3.38789880e-01 8.95976722e-01
  outer loop
   vertex 6.92443848e+00 4.40246048e+01 3.35345840e+01
   vertex 6.43544769e+00 4.35604362e+01 3.35534058e+01
   vertex 9.20575714e+00 4.22719193e+01 3.34411774e+01
  endloop
 endfacet
 facet normal -9.53902975e-02 1.93928167e-01 9.76366997e-01
  outer loop
   vertex 9.20575714e+00 4.22719193e+01 3.34411774e+01
   vertex 6.43544769e+00 4.35604362e+01 3.35534058e+01
   vertex 8.06393433e+00 4.11879730e+01 3.34851379e+01
  endloop
 endfacet
 facet normal -2.02713877e-01 1.59702644e-01 9.66127396e-01
  outer loop
   vertex 9.20575714e+00 4.22719193e+01 3.34411774e+01
   vertex 9.69316101e+00 4.31698036e+01 3.34230347e+01
   vertex 6.92443848e+00 4.40246048e+01 3.35345840e+01
  endloop
 endfacet
 facet normal -4.21986461e-01 2.35286459e-01 8.75538528e-01
  outer loop
   vertex 6.92443848e+00 4.40246048e+01 3.35345840e+01
   vertex 9.69316101e+00 4.31698036e+01 3.34230347e+01
   vertex 7.24613190e+00 4.46172638e+01 3.35226135e+01
  endloop
 endfacet
 facet normal -2.84602463e-01 1.13054037e-01 9.51955974e-01
  outer loop
   vertex 9.86685181e+00 4.36878967e+01 3.34168625e+01
   vertex 7.24613190e+00 4.46172638e+01 3.35226135e+01
   vertex 9.84844208e+00 4.36366234e+01 3.34175186e+01
  endloop
 endfacet
 facet normal -2.86615551e-01 1.12348750e-01 9.51435387e-01
  outer loop
   vertex 9.84844208e+00 4.36366234e+01 3.34175186e+01
   vertex 7.24613190e+00 4.46172638e+01 3.35226135e+01
   vertex 9.69316101e+00 4.31698036e+01 3.34230347e+01
  endloop
 endfacet
 facet normal -2.48920992e-01 2.38533393e-02 9.68230009e-01
  outer loop
   vertex 1.02442169e+01 4.52045021e+01 3.34039764e+01
   vertex 7.36909485e+00 4.52804031e+01 3.35186539e+01
   vertex 1.00657501e+01 4.42421150e+01 3.34097214e+01
  endloop
 endfacet
 facet normal -4.67915118e-01 1.01112366e-01 8.77970219e-01
  outer loop
   vertex 7.36909485e+00 4.52804031e+01 3.35186539e+01
   vertex 7.24613190e+00 4.46172638e+01 3.35226135e+01
   vertex 1.00657501e+01 4.42421150e+01 3.34097214e+01
  endloop
 endfacet
 facet normal -2.84561455e-01 1.13333151e-01 9.51935053e-01
  outer loop
   vertex 1.00657501e+01 4.42421150e+01 3.34097214e+01
   vertex 7.24613190e+00 4.46172638e+01 3.35226135e+01
   vertex 9.86685181e+00 4.36878967e+01 3.34168625e+01
  endloop
 endfacet
 facet normal -4.29155946e-01 -6.23657517e-02 9.01074767e-01
  outer loop
   vertex 7.28131104e+00 4.59491043e+01 3.35230942e+01
   vertex 7.36909485e+00 4.52804031e+01 3.35186539e+01
   vertex 1.00391922e+01 4.67660828e+01 3.34143753e+01
  endloop
 endfacet
 facet normal -1.97851166e-01 4.81559196e-03 9.80220258e-01
  outer loop
   vertex 1.00391922e+01 4.67660828e+01 3.34143753e+01
   vertex 7.36909485e+00 4.52804031e+01 3.35186539e+01
   vertex 1.02442169e+01 4.52045021e+01 3.34039764e+01
  endloop
 endfacet
 facet normal -3.87574911e-01 -2.02996552e-01 8.99209678e-01
  outer loop
   vertex 6.99135590e+00 4.65579109e+01 3.35355301e+01
   vertex 7.28131104e+00 4.59491043e+01 3.35230942e+01
   vertex 9.36203003e+00 4.81878014e+01 3.34433746e+01
  endloop
 endfacet
 facet normal -1.88228637e-01 -6.86723143e-02 9.79721427e-01
  outer loop
   vertex 9.36203003e+00 4.81878014e+01 3.34433746e+01
   vertex 7.28131104e+00 4.59491043e+01 3.35230942e+01
   vertex 1.00391922e+01 4.67660828e+01 3.34143753e+01
  endloop
 endfacet
 facet normal -3.04628760e-01 -3.23936254e-01 8.95693362e-01
  outer loop
   vertex 6.52754974e+00 4.70472221e+01 3.35547104e+01
   vertex 6.99135590e+00 4.65579109e+01 3.35355301e+01
   vertex 8.27899933e+00 4.93304749e+01 3.34881668e+01
  endloop
 endfacet
 facet normal -1.56400263e-01 -1.35662287e-01 9.78332639e-01
  outer loop
   vertex 8.27899933e+00 4.93304749e+01 3.34881668e+01
   vertex 6.99135590e+00 4.65579109e+01 3.35355301e+01
   vertex 9.36203003e+00 4.81878014e+01 3.34433746e+01
  endloop
 endfacet
 facet normal -1.72540814e-01 7.37961054e-01 -6.52413368e-01
  outer loop
   vertex 1.55380707e+01 4.91106834e+01 2.84908218e+01
   vertex 1.42016220e+01 4.98372536e+01 2.85451050e+01
   vertex 1.55152664e+01 4.91137314e+01 2.85142899e+01
  endloop
 endfacet
 facet normal -5.38956411e-02 9.07210171e-01 -4.17210907e-01
  outer loop
   vertex 1.55152664e+01 4.91137314e+01 2.85142899e+01
   vertex 1.42016220e+01 4.98372536e+01 2.85451050e+01
   vertex 1.32655563e+01 4.94421234e+01 3.07633286e+01
  endloop
 endfacet
 facet normal 8.42284337e-02 9.93723214e-01 -7.36186802e-02
  outer loop
   vertex 1.42016220e+01 4.98372536e+01 2.85451050e+01
   vertex 1.03755417e+01 4.99653854e+01 3.34078979e+01
   vertex 1.32655563e+01 4.94421234e+01 3.07633286e+01
  endloop
 endfacet
 facet normal -1.16604976e-01 9.92480576e-01 3.72235514e-02
  outer loop
   vertex 1.32655563e+01 4.94421234e+01 3.07633286e+01
   vertex 1.03755417e+01 4.99653854e+01 3.34078979e+01
   vertex 1.28809128e+01 4.94818802e+01 3.11873703e+01
  endloop
 endfacet
 facet normal -1.25811145e-01 9.91072655e-01 4.41192538e-02
  outer loop
   vertex 1.28809128e+01 4.94818802e+01 3.11873703e+01
   vertex 1.03755417e+01 4.99653854e+01 3.34078979e+01
   vertex 1.27326584e+01 4.94957199e+01 3.13544006e+01
  endloop
 endfacet
 facet normal -1.27202541e-01 9.90533769e-01 5.15986048e-02
  outer loop
   vertex 1.27326584e+01 4.94957199e+01 3.13544006e+01
   vertex 1.03755417e+01 4.99653854e+01 3.34078979e+01
   vertex 1.23070450e+01 4.95383873e+01 3.18268127e+01
  endloop
 endfacet
 facet normal -1.29592448e-01 9.89950538e-01 5.66016026e-02
  outer loop
   vertex 1.23070450e+01 4.95383873e+01 3.18268127e+01
   vertex 1.03755417e+01 4.99653854e+01 3.34078979e+01
   vertex 1.22127380e+01 4.95448532e+01 3.19386902e+01
  endloop
 endfacet
 facet normal -1.28936455e-01 9.89784300e-01 6.08474463e-02
  outer loop
   vertex 1.22127380e+01 4.95448532e+01 3.19386902e+01
   vertex 1.03755417e+01 4.99653854e+01 3.34078979e+01
   vertex 1.17346191e+01 4.95905724e+01 3.24747238e+01
  endloop
 endfacet
 facet normal -1.28024116e-01 9.89753366e-01 6.32307827e-02
  outer loop
   vertex 1.17346191e+01 4.95905724e+01 3.24747238e+01
   vertex 1.03755417e+01 4.99653854e+01 3.34078979e+01
   vertex 1.16973495e+01 4.95927849e+01 3.25197601e+01
  endloop
 endfacet
 facet normal -1.23723984e-01 9.90821540e-01 5.44528179e-02
  outer loop
   vertex 1.16973495e+01 4.95927849e+01 3.25197601e+01
   vertex 1.03755417e+01 4.99653854e+01 3.34078979e+01
   vertex 1.13894501e+01 4.96224022e+01 3.28645248e+01
  endloop
 endfacet
 facet normal 2.98147090e-02 9.42772031e-01 3.32102358e-01
  outer loop
   vertex 1.13894501e+01 4.96224022e+01 3.28645248e+01
   vertex 1.03755417e+01 4.99653854e+01 3.34078979e+01
   vertex 1.11761551e+01 4.96440506e+01 3.31006393e+01
  endloop
 endfacet
 facet normal 2.10440457e-01 5.10032952e-01 8.34015131e-01
  outer loop
   vertex 1.17851334e+01 4.92126923e+01 3.33177643e+01
   vertex 1.16873093e+01 4.92819443e+01 3.32829819e+01
   vertex 1.17584229e+01 4.92135849e+01 3.33517151e+01
  endloop
 endfacet
 facet normal 2.09355474e-01 5.93441188e-01 7.77172983e-01
  outer loop
   vertex 1.17584229e+01 4.92135849e+01 3.33517151e+01
   vertex 1.16873093e+01 4.92819443e+01 3.32829819e+01
   vertex 1.03755417e+01 4.99653854e+01 3.34078979e+01
  endloop
 endfacet
 facet normal 1.44292399e-01 7.29551554e-01 6.68531418e-01
  outer loop
   vertex 1.03755417e+01 4.99653854e+01 3.34078979e+01
   vertex 1.16873093e+01 4.92819443e+01 3.32829819e+01
   vertex 1.11761551e+01 4.96440506e+01 3.31006393e+01
  endloop
 endfacet
 facet normal 1.38487637e-01 6.88919246e-01 7.11485386e-01
  outer loop
   vertex 1.12558594e+01 4.95876541e+01 3.31289139e+01
   vertex 1.11761551e+01 4.96440506e+01 3.31006393e+01
   vertex 1.16873093e+01 4.92819443e+01 3.32829819e+01
  endloop
 endfacet
 facet normal 6.23614788e-02 9.46624398e-01 3.16248775e-01
  outer loop
   vertex 5.34877777e+00 5.03695908e+01 3.36064072e+01
   vertex 6.89611816e+00 5.00822754e+01 3.35443420e+01
   vertex 5.16129303e+00 5.03762970e+01 2.89010162e+01
  endloop
 endfacet
 facet normal 6.39221296e-02 9.50302422e-01 -3.04695368e-01
  outer loop
   vertex 5.16129303e+00 5.03762970e+01 2.89010162e+01
   vertex 6.89611816e+00 5.00822754e+01 3.35443420e+01
   vertex 6.70862579e+00 5.00889816e+01 2.88389511e+01
  endloop
 endfacet
 facet normal -1.62510991e-01 9.39478040e-01 3.01614404e-01
  outer loop
   vertex 3.78844452e+00 5.01643028e+01 3.36682968e+01
   vertex 5.34877777e+00 5.03695908e+01 3.36064072e+01
   vertex 3.60093689e+00 5.01710052e+01 2.89629059e+01
  endloop
 endfacet
 facet normal -8.60311985e-02 9.53451514e-01 -2.89013535e-01
  outer loop
   vertex 3.60093689e+00 5.01710052e+01 2.89629059e+01
   vertex 5.34877777e+00 5.03695908e+01 3.36064072e+01
   vertex 5.16129303e+00 5.03762970e+01 2.89010162e+01
  endloop
 endfacet
 facet normal -4.44199890e-01 8.39587271e-01 3.12697500e-01
  outer loop
   vertex 2.36782074e+00 4.94865112e+01 3.37239380e+01
   vertex 3.78844452e+00 5.01643028e+01 3.36682968e+01
   vertex 2.18030548e+00 4.94932175e+01 2.90185394e+01
  endloop
 endfacet
 facet normal -3.76663238e-01 8.83798838e-01 -2.77532756e-01
  outer loop
   vertex 2.18030548e+00 4.94932175e+01 2.90185394e+01
   vertex 3.78844452e+00 5.01643028e+01 3.36682968e+01
   vertex 3.60093689e+00 5.01710052e+01 2.89629059e+01
  endloop
 endfacet
 facet normal -6.81265712e-01 6.57472014e-01 3.21881354e-01
  outer loop
   vertex 1.22595215e+00 4.84025726e+01 3.37678833e+01
   vertex 2.36782074e+00 4.94865112e+01 3.37239380e+01
   vertex 1.03848267e+00 4.84092751e+01 2.90625229e+01
  endloop
 endfacet
 facet normal -6.31568551e-01 7.27676392e-01 -2.67597169e-01
  outer loop
   vertex 1.03848267e+00 4.84092751e+01 2.90625229e+01
   vertex 2.36782074e+00 4.94865112e+01 3.37239380e+01
   vertex 2.18030548e+00 4.94932175e+01 2.90185394e+01
  endloop
 endfacet
 facet normal -8.50498199e-01 4.10960525e-01 3.28274727e-01
  outer loop
   vertex 4.74693298e-01 4.70185699e+01 3.37958603e+01
   vertex 1.22595215e+00 4.84025726e+01 3.37678833e+01
   vertex 2.87185669e-01 4.70252762e+01 2.90904922e+01
  endloop
 endfacet
 facet normal -8.25796068e-01 5.00367463e-01 -2.60179371e-01
  outer loop
   vertex 2.87185669e-01 4.70252762e+01 2.90904922e+01
   vertex 1.22595215e+00 4.84025726e+01 3.37678833e+01
   vertex 1.03848267e+00 4.84092751e+01 2.90625229e+01
  endloop
 endfacet
 facet normal -9.35336351e-01 1.24172583e-01 3.31250817e-01
  outer loop
   vertex 1.87522888e-01 4.54699821e+01 3.38050995e+01
   vertex 4.74693298e-01 4.70185699e+01 3.37958603e+01
   vertex 0.00000000e+00 4.54766884e+01 2.90997009e+01
  endloop
 endfacet
 facet normal -9.40335870e-01 2.24118829e-01 -2.56006241e-01
  outer loop
   vertex 0.00000000e+00 4.54766884e+01 2.90997009e+01
   vertex 4.74693298e-01 4.70185699e+01 3.37958603e+01
   vertex 2.87185669e-01 4.70252762e+01 2.90904922e+01
  endloop
 endfacet
 facet normal -9.27472174e-01 -1.74811199e-01 3.30509365e-01
  outer loop
   vertex 3.92539978e-01 4.39084015e+01 3.37947006e+01
   vertex 1.87522888e-01 4.54699821e+01 3.38050995e+01
   vertex 2.05055237e-01 4.39151077e+01 2.90893173e+01
  endloop
 endfacet
 facet normal -9.63972211e-01 -7.40371123e-02 -2.55491912e-01
  outer loop
   vertex 2.05055237e-01 4.39151077e+01 2.90893173e+01
   vertex 1.87522888e-01 4.54699821e+01 3.38050995e+01
   vertex 0.00000000e+00 4.54766884e+01 2.90997009e+01
  endloop
 endfacet
 facet normal -8.27678740e-01 -4.56713527e-01 3.26129794e-01
  outer loop
   vertex 1.06970978e+00 4.24866867e+01 3.37657013e+01
   vertex 3.92539978e-01 4.39084015e+01 3.37947006e+01
   vertex 8.82217407e-01 4.24933929e+01 2.90603027e+01
  endloop
 endfacet
 facet normal -8.94390881e-01 -3.64895374e-01 -2.58681893e-01
  outer loop
   vertex 8.82217407e-01 4.24933929e+01 2.90603027e+01
   vertex 3.92539978e-01 4.39084015e+01 3.37947006e+01
   vertex 2.05055237e-01 4.39151077e+01 2.90893173e+01
  endloop
 endfacet
 facet normal -6.45720899e-01 -6.93955600e-01 3.18543881e-01
  outer loop
   vertex 2.15273285e+00 4.13440094e+01 3.37209091e+01
   vertex 1.06970978e+00 4.24866867e+01 3.37657013e+01
   vertex 1.96522522e+00 4.13507080e+01 2.90155334e+01
  endloop
 endfacet
 facet normal -7.38408744e-01 -6.19992673e-01 -2.65257597e-01
  outer loop
   vertex 1.96522522e+00 4.13507080e+01 2.90155334e+01
   vertex 1.06970978e+00 4.24866867e+01 3.37657013e+01
   vertex 8.82217407e-01 4.24933929e+01 2.90603027e+01
  endloop
 endfacet
 facet normal -3.99409235e-01 -8.63312125e-01 3.08487386e-01
  outer loop
   vertex 3.53561401e+00 4.05922089e+01 3.36647415e+01
   vertex 2.15273285e+00 4.13440094e+01 3.37209091e+01
   vertex 3.34809113e+00 4.05989151e+01 2.89593582e+01
  endloop
 endfacet
 facet normal -5.11287749e-01 -8.14364254e-01 -2.74582803e-01
  outer loop
   vertex 3.34809113e+00 4.05989151e+01 2.89593582e+01
   vertex 2.15273285e+00 4.13440094e+01 3.37209091e+01
   vertex 1.96522522e+00 4.13507080e+01 2.90155334e+01
  endloop
 endfacet
 facet normal -1.65526316e-01 -9.38947678e-01 3.01626116e-01
  outer loop
   vertex 5.08293915e+00 4.03048935e+01 3.36026764e+01
   vertex 3.53561401e+00 4.05922089e+01 3.36647415e+01
   vertex 4.89544678e+00 4.03115997e+01 2.88972702e+01
  endloop
 endfacet
 facet normal -2.61102945e-01 -9.20057118e-01 -2.92096227e-01
  outer loop
   vertex 4.89544678e+00 4.03115997e+01 2.88972702e+01
   vertex 3.53561401e+00 4.05922089e+01 3.36647415e+01
   vertex 3.34809113e+00 4.05989151e+01 2.89593582e+01
  endloop
 endfacet
 facet normal -3.33931327e-01 -7.17216671e-01 -6.11629069e-01
  outer loop
   vertex 1.09676132e+01 4.01074524e+01 3.04092407e+01
   vertex 1.23884430e+01 4.00598679e+01 2.86034241e+01
   vertex 1.19481583e+01 4.01255569e+01 2.95430298e+01
  endloop
 endfacet
 facet normal -3.48547935e-01 -5.36000192e-01 -7.68907070e-01
  outer loop
   vertex 1.19481583e+01 4.01255569e+01 2.95430298e+01
   vertex 1.23884430e+01 4.00598679e+01 2.86034241e+01
   vertex 1.29928589e+01 4.01393890e+01 2.85794601e+01
  endloop
 endfacet
 facet normal 1.30102053e-01 3.61486852e-01 9.23255503e-01
  outer loop
   vertex 1.17851334e+01 4.92126923e+01 3.33177643e+01
   vertex 1.17584229e+01 4.92135849e+01 3.33517151e+01
   vertex 1.18531723e+01 4.91136169e+01 3.33478012e+01
  endloop
 endfacet
 facet normal -9.95283276e-02 2.41741911e-02 -9.94741023e-01
  outer loop
   vertex 6.70862579e+00 5.00889816e+01 2.88389511e+01
   vertex 8.09148407e+00 4.93371773e+01 2.87827759e+01
   vertex 5.74789429e+00 4.73758698e+01 2.88733673e+01
  endloop
 endfacet
 facet normal -2.58580357e-01 -4.10318166e-01 -8.74514282e-01
  outer loop
   vertex 5.74789429e+00 4.73758698e+01 2.88733673e+01
   vertex 8.09148407e+00 4.93371773e+01 2.87827759e+01
   vertex 6.34003448e+00 4.70539246e+01 2.88493042e+01
  endloop
 endfacet
 facet normal -3.82806920e-03 3.34133506e-01 -9.42517996e-01
  outer loop
   vertex 5.16129303e+00 5.03762970e+01 2.89010162e+01
   vertex 6.70862579e+00 5.00889816e+01 2.88389511e+01
   vertex 5.08527374e+00 4.74989090e+01 2.88999405e+01
  endloop
 endfacet
 facet normal -1.10367425e-01 -2.64628410e-01 -9.58014011e-01
  outer loop
   vertex 5.08527374e+00 4.74989090e+01 2.88999405e+01
   vertex 6.70862579e+00 5.00889816e+01 2.88389511e+01
   vertex 5.74789429e+00 4.73758698e+01 2.88733673e+01
  endloop
 endfacet
 facet normal -3.74320075e-02 3.61375064e-01 -9.31668878e-01
  outer loop
   vertex 3.60093689e+00 5.01710052e+01 2.89629059e+01
   vertex 5.16129303e+00 5.03762970e+01 2.89010162e+01
   vertex 4.41710663e+00 4.74109955e+01 2.89264450e+01
  endloop
 endfacet
 facet normal 4.69087623e-02 -2.52495021e-01 -9.66460466e-01
  outer loop
   vertex 4.41710663e+00 4.74109955e+01 2.89264450e+01
   vertex 5.16129303e+00 5.03762970e+01 2.89010162e+01
   vertex 5.08527374e+00 4.74989090e+01 2.88999405e+01
  endloop
 endfacet
 facet normal -1.48588270e-01 3.43656957e-01 -9.27265584e-01
  outer loop
   vertex 2.18030548e+00 4.94932175e+01 2.90185394e+01
   vertex 3.60093689e+00 5.01710052e+01 2.89629059e+01
   vertex 3.80875397e+00 4.71207504e+01 2.89502945e+01
  endloop
 endfacet
 facet normal 1.21122569e-01 -2.13698849e-01 -9.69361722e-01
  outer loop
   vertex 3.80875397e+00 4.71207504e+01 2.89502945e+01
   vertex 3.60093689e+00 5.01710052e+01 2.89629059e+01
   vertex 4.41710663e+00 4.74109955e+01 2.89264450e+01
  endloop
 endfacet
 facet normal -2.48837218e-01 2.92432219e-01 -9.23343599e-01
  outer loop
   vertex 1.03848267e+00 4.84092751e+01 2.90625229e+01
   vertex 2.18030548e+00 4.94932175e+01 2.90185394e+01
   vertex 3.31981659e+00 4.66565781e+01 2.89691010e+01
  endloop
 endfacet
 facet normal 1.79729149e-01 -1.53847739e-01 -9.71611202e-01
  outer loop
   vertex 3.31981659e+00 4.66565781e+01 2.89691010e+01
   vertex 2.18030548e+00 4.94932175e+01 2.90185394e+01
   vertex 3.80875397e+00 4.71207504e+01 2.89502945e+01
  endloop
 endfacet
 facet normal -3.28366041e-01 2.12721661e-01 -9.20285404e-01
  outer loop
   vertex 2.87185669e-01 4.70252762e+01 2.90904922e+01
   vertex 1.03848267e+00 4.84092751e+01 2.90625229e+01
   vertex 2.99809265e+00 4.60639229e+01 2.89810791e+01
  endloop
 endfacet
 facet normal 2.16985434e-01 -7.87943900e-02 -9.72989619e-01
  outer loop
   vertex 2.99809265e+00 4.60639229e+01 2.89810791e+01
   vertex 1.03848267e+00 4.84092751e+01 2.90625229e+01
   vertex 3.31981659e+00 4.66565781e+01 2.89691010e+01
  endloop
 endfacet
 facet normal -3.79392207e-01 1.12311259e-01 -9.18394089e-01
  outer loop
   vertex 0.00000000e+00 4.54766884e+01 2.90997009e+01
   vertex 2.87185669e-01 4.70252762e+01 2.90904922e+01
   vertex 2.87511444e+00 4.54007874e+01 2.89850082e+01
  endloop
 endfacet
 facet normal 2.29240164e-01 4.11039498e-03 -9.73361194e-01
  outer loop
   vertex 2.87511444e+00 4.54007874e+01 2.89850082e+01
   vertex 2.87185669e-01 4.70252762e+01 2.90904922e+01
   vertex 2.99809265e+00 4.60639229e+01 2.89810791e+01
  endloop
 endfacet
 facet normal -3.96907270e-01 1.02282246e-03 -9.17858124e-01
  outer loop
   vertex 2.05055237e-01 4.39151077e+01 2.90893173e+01
   vertex 0.00000000e+00 4.54766884e+01 2.90997009e+01
   vertex 2.96292877e+00 4.47320900e+01 2.89805679e+01
  endloop
 endfacet
 facet normal 2.15306208e-01 8.67293701e-02 -9.72687662e-01
  outer loop
   vertex 2.96292877e+00 4.47320900e+01 2.89805679e+01
   vertex 0.00000000e+00 4.54766884e+01 2.90997009e+01
   vertex 2.87511444e+00 4.54007874e+01 2.89850082e+01
  endloop
 endfacet
 facet normal -3.79209638e-01 -1.10223271e-01 -9.18722391e-01
  outer loop
   vertex 8.82217407e-01 4.24933929e+01 2.90603027e+01
   vertex 2.05055237e-01 4.39151077e+01 2.90893173e+01
   vertex 3.25290680e+00 4.41232834e+01 2.89681625e+01
  endloop
 endfacet
 facet normal 1.76549941e-01 1.60991862e-01 -9.71036434e-01
  outer loop
   vertex 3.25290680e+00 4.41232834e+01 2.89681625e+01
   vertex 2.05055237e-01 4.39151077e+01 2.90893173e+01
   vertex 2.96292877e+00 4.47320900e+01 2.89805679e+01
  endloop
 endfacet
 facet normal -3.28034252e-01 -2.10547969e-01 -9.20903385e-01
  outer loop
   vertex 1.96522522e+00 4.13507080e+01 2.90155334e+01
   vertex 8.82217407e-01 4.24933929e+01 2.90603027e+01
   vertex 3.71667480e+00 4.36339684e+01 2.89489822e+01
  endloop
 endfacet
 facet normal 1.16747573e-01 2.19642997e-01 -9.68569517e-01
  outer loop
   vertex 3.71667480e+00 4.36339684e+01 2.89489822e+01
   vertex 8.82217407e-01 4.24933929e+01 2.90603027e+01
   vertex 3.25290680e+00 4.41232834e+01 2.89681625e+01
  endloop
 endfacet
 facet normal -2.48383880e-01 -2.90139079e-01 -9.24188673e-01
  outer loop
   vertex 3.34809113e+00 4.05989151e+01 2.89593582e+01
   vertex 1.96522522e+00 4.13507080e+01 2.90155334e+01
   vertex 4.30884552e+00 4.33120308e+01 2.89249115e+01
  endloop
 endfacet
 facet normal 4.17562313e-02 2.56920397e-01 -9.65530097e-01
  outer loop
   vertex 4.30884552e+00 4.33120308e+01 2.89249115e+01
   vertex 1.96522522e+00 4.13507080e+01 2.90155334e+01
   vertex 3.71667480e+00 4.36339684e+01 2.89489822e+01
  endloop
 endfacet
 facet normal -1.73288211e-01 -3.29848558e-01 -9.27993059e-01
  outer loop
   vertex 4.89544678e+00 4.03115997e+01 2.88972702e+01
   vertex 3.34809113e+00 4.05989151e+01 2.89593582e+01
   vertex 4.97145081e+00 4.31889954e+01 2.88983536e+01
  endloop
 endfacet
 facet normal -4.10708189e-02 2.69188166e-01 -9.62211490e-01
  outer loop
   vertex 4.97145081e+00 4.31889954e+01 2.88983536e+01
   vertex 3.34809113e+00 4.05989151e+01 2.89593582e+01
   vertex 4.30884552e+00 4.33120308e+01 2.89249115e+01
  endloop
 endfacet
 facet normal -1.48672476e-01 -3.13702747e-02 -9.88388777e-01
  outer loop
   vertex 6.45581055e+00 4.05168915e+01 2.88354034e+01
   vertex 4.89544678e+00 4.03115997e+01 2.88972702e+01
   vertex 5.63962555e+00 4.32769012e+01 2.88718491e+01
  endloop
 endfacet
 facet normal -1.48316458e-01 2.60967374e-01 -9.53885853e-01
  outer loop
   vertex 5.63962555e+00 4.32769012e+01 2.88718491e+01
   vertex 4.89544678e+00 4.03115997e+01 2.88972702e+01
   vertex 4.97145081e+00 4.31889954e+01 2.88983536e+01
  endloop
 endfacet
 facet normal -1.72324732e-01 1.95455566e-01 -9.65453923e-01
  outer loop
   vertex 7.87642670e+00 4.11946793e+01 2.87797546e+01
   vertex 6.45581055e+00 4.05168915e+01 2.88354034e+01
   vertex 6.24794769e+00 4.35671425e+01 2.88479996e+01
  endloop
 endfacet
 facet normal -2.36608490e-01 4.23647285e-01 -8.74379456e-01
  outer loop
   vertex 6.24794769e+00 4.35671425e+01 2.88479996e+01
   vertex 6.45581055e+00 4.05168915e+01 2.88354034e+01
   vertex 5.63962555e+00 4.32769012e+01 2.88718491e+01
  endloop
 endfacet
 facet normal -2.25948468e-01 1.45095229e-01 -9.63272870e-01
  outer loop
   vertex 9.01825714e+00 4.22786179e+01 2.87357864e+01
   vertex 7.87642670e+00 4.11946793e+01 2.87797546e+01
   vertex 6.73690796e+00 4.40313110e+01 2.88292007e+01
  endloop
 endfacet
 facet normal -3.57301891e-01 3.41022521e-01 -8.69505048e-01
  outer loop
   vertex 6.73690796e+00 4.40313110e+01 2.88292007e+01
   vertex 7.87642670e+00 4.11946793e+01 2.87797546e+01
   vertex 6.24794769e+00 4.35671425e+01 2.88479996e+01
  endloop
 endfacet
 facet normal -2.61242121e-01 8.02296475e-02 -9.61933374e-01
  outer loop
   vertex 9.76953125e+00 4.36626244e+01 2.87078094e+01
   vertex 9.01825714e+00 4.22786179e+01 2.87357864e+01
   vertex 7.05863190e+00 4.46239738e+01 2.88172226e+01
  endloop
 endfacet
 facet normal -4.46497738e-01 2.24826068e-01 -8.66079092e-01
  outer loop
   vertex 7.05863190e+00 4.46239738e+01 2.88172226e+01
   vertex 9.01825714e+00 4.22786179e+01 2.87357864e+01
   vertex 6.73690796e+00 4.40313110e+01 2.88292007e+01
  endloop
 endfacet
 facet normal -2.74731040e-01 7.57236127e-03 -9.61491287e-01
  outer loop
   vertex 1.00567017e+01 4.52112083e+01 2.86986084e+01
   vertex 9.76953125e+00 4.36626244e+01 2.87078094e+01
   vertex 7.18160248e+00 4.52871056e+01 2.88132629e+01
  endloop
 endfacet
 facet normal -4.95424569e-01 8.66941214e-02 -8.64313960e-01
  outer loop
   vertex 7.18160248e+00 4.52871056e+01 2.88132629e+01
   vertex 9.76953125e+00 4.36626244e+01 2.87078094e+01
   vertex 7.05863190e+00 4.46239738e+01 2.88172226e+01
  endloop
 endfacet
 facet normal -2.65089869e-01 -6.57166019e-02 -9.61981654e-01
  outer loop
   vertex 9.85167694e+00 4.67727890e+01 2.87089920e+01
   vertex 1.00567017e+01 4.52112083e+01 2.86986084e+01
   vertex 7.09381866e+00 4.59558067e+01 2.88177109e+01
  endloop
 endfacet
 facet normal -4.99289572e-01 -5.98137788e-02 -8.64368141e-01
  outer loop
   vertex 7.09381866e+00 4.59558067e+01 2.88177109e+01
   vertex 1.00567017e+01 4.52112083e+01 2.86986084e+01
   vertex 7.18160248e+00 4.52871056e+01 2.88132629e+01
  endloop
 endfacet
 facet normal -2.33264819e-01 -1.32430136e-01 -9.63353395e-01
  outer loop
   vertex 9.17450714e+00 4.81945038e+01 2.87379990e+01
   vertex 9.85167694e+00 4.67727890e+01 2.87089920e+01
   vertex 6.80383301e+00 4.65646172e+01 2.88301468e+01
  endloop
 endfacet
 facet normal -4.57715273e-01 -2.00358450e-01 -8.66229296e-01
  outer loop
   vertex 6.80383301e+00 4.65646172e+01 2.88301468e+01
   vertex 9.85167694e+00 4.67727890e+01 2.87089920e+01
   vertex 7.09381866e+00 4.59558067e+01 2.88177109e+01
  endloop
 endfacet
 facet normal -1.82368785e-01 -1.85949951e-01 -9.65486526e-01
  outer loop
   vertex 8.09148407e+00 4.93371773e+01 2.87827759e+01
   vertex 9.17450714e+00 4.81945038e+01 2.87379990e+01
   vertex 6.34003448e+00 4.70539246e+01 2.88493042e+01
  endloop
 endfacet
 facet normal -3.74772161e-01 -3.21151644e-01 -8.69716883e-01
  outer loop
   vertex 6.34003448e+00 4.70539246e+01 2.88493042e+01
   vertex 9.17450714e+00 4.81945038e+01 2.87379990e+01
   vertex 6.80383301e+00 4.65646172e+01 2.88301468e+01
  endloop
 endfacet
 facet normal 1.02125585e-01 4.95621473e-01 8.62513602e-01
  outer loop
   vertex 6.89611816e+00 5.00822754e+01 3.35443420e+01
   vertex 8.27899933e+00 4.93304749e+01 3.34881668e+01
   vertex 1.03755417e+01 4.99653854e+01 3.34078979e+01
  endloop
 endfacet
 facet normal 1.91394255e-01 4.19338793e-01 8.87425065e-01
  outer loop
   vertex 1.03755417e+01 4.99653854e+01 3.34078979e+01
   vertex 8.27899933e+00 4.93304749e+01 3.34881668e+01
   vertex 1.17584229e+01 4.92135849e+01 3.33517151e+01
  endloop
 endfacet
 facet normal 1.01916701e-01 5.37059963e-01 -8.37364674e-01
  outer loop
   vertex 6.70862579e+00 5.00889816e+01 2.88389511e+01
   vertex 1.42016220e+01 4.98372536e+01 2.85451050e+01
   vertex 8.09148407e+00 4.93371773e+01 2.87827759e+01
  endloop
 endfacet
 facet normal -2.78264731e-01 6.92932978e-02 -9.58001673e-01
  outer loop
   vertex 1.55319977e+01 4.90872154e+01 2.84909973e+01
   vertex 8.09148407e+00 4.93371773e+01 2.87827759e+01
   vertex 1.55337982e+01 4.90933495e+01 2.84909439e+01
  endloop
 endfacet
 facet normal -3.24479967e-01 1.19880036e-01 -9.38265145e-01
  outer loop
   vertex 1.55337982e+01 4.90933495e+01 2.84909439e+01
   vertex 8.09148407e+00 4.93371773e+01 2.87827759e+01
   vertex 1.55380707e+01 4.91106834e+01 2.84908218e+01
  endloop
 endfacet
 facet normal -1.06070250e-01 3.94586772e-01 -9.12715912e-01
  outer loop
   vertex 8.09148407e+00 4.93371773e+01 2.87827759e+01
   vertex 1.42016220e+01 4.98372536e+01 2.85451050e+01
   vertex 1.55380707e+01 4.91106834e+01 2.84908218e+01
  endloop
 endfacet
 facet normal 1.32466212e-01 9.40591753e-01 3.12633693e-01
  outer loop
   vertex 6.89611816e+00 5.00822754e+01 3.35443420e+01
   vertex 1.03755417e+01 4.99653854e+01 3.34078979e+01
   vertex 6.70862579e+00 5.00889816e+01 2.88389511e+01
  endloop
 endfacet
 facet normal 2.00631291e-01 9.44765091e-01 -2.59164095e-01
  outer loop
   vertex 6.70862579e+00 5.00889816e+01 2.88389511e+01
   vertex 1.03755417e+01 4.99653854e+01 3.34078979e+01
   vertex 1.42016220e+01 4.98372536e+01 2.85451050e+01
  endloop
 endfacet
 facet normal 8.83848965e-03 -5.12853563e-01 8.58430624e-01
  outer loop
   vertex 5.08293915e+00 4.03048935e+01 3.36026764e+01
   vertex 8.56236267e+00 4.01880035e+01 3.34662323e+01
   vertex 6.64328766e+00 4.05101776e+01 3.35407791e+01
  endloop
 endfacet
 facet normal -1.07479617e-01 -2.33678102e-01 9.66355383e-01
  outer loop
   vertex 8.75054169e+00 4.02127609e+01 3.34587631e+01
   vertex 8.81179047e+00 4.04373322e+01 3.34557495e+01
   vertex 8.56236267e+00 4.01880035e+01 3.34662323e+01
  endloop
 endfacet
 facet normal -2.24216618e-02 -2.38230675e-01 9.70949769e-01
  outer loop
   vertex 8.81179047e+00 4.04373322e+01 3.34557495e+01
   vertex 6.64328766e+00 4.05101776e+01 3.35407791e+01
   vertex 8.56236267e+00 4.01880035e+01 3.34662323e+01
  endloop
 endfacet
 facet normal -2.07498387e-01 -7.21565187e-01 -6.60521090e-01
  outer loop
   vertex 1.23884430e+01 4.00598679e+01 2.86034241e+01
   vertex 1.09676132e+01 4.01074524e+01 3.04092407e+01
   vertex 4.89544678e+00 4.03115997e+01 2.88972702e+01
  endloop
 endfacet
 facet normal -4.04120952e-01 -6.68866456e-01 -6.23942256e-01
  outer loop
   vertex 1.09676132e+01 4.01074524e+01 3.04092407e+01
   vertex 1.04511642e+01 4.01247635e+01 3.08732147e+01
   vertex 4.89544678e+00 4.03115997e+01 2.88972702e+01
  endloop
 endfacet
 facet normal -4.10621136e-01 -6.67848349e-01 -6.20780826e-01
  outer loop
   vertex 1.04511642e+01 4.01247635e+01 3.08732147e+01
   vertex 1.00807648e+01 4.01371765e+01 3.12297211e+01
   vertex 4.89544678e+00 4.03115997e+01 2.88972702e+01
  endloop
 endfacet
 facet normal -4.09984827e-01 -6.69309378e-01 -6.19626820e-01
  outer loop
   vertex 1.00807648e+01 4.01371765e+01 3.12297211e+01
   vertex 9.82679749e+00 4.01456909e+01 3.14593430e+01
   vertex 4.89544678e+00 4.03115997e+01 2.88972702e+01
  endloop
 endfacet
 facet normal -1.40180945e-01 -6.74516857e-01 7.24828482e-01
  outer loop
   vertex 8.60398865e+00 4.01866074e+01 3.34133224e+01
   vertex 8.56236267e+00 4.01880035e+01 3.34662323e+01
   vertex 8.50061035e+00 4.01900864e+01 3.33790131e+01
  endloop
 endfacet
 facet normal -9.56652388e-02 -7.06775367e-01 7.00939894e-01
  outer loop
   vertex 8.56236267e+00 4.01880035e+01 3.34662323e+01
   vertex 5.08293915e+00 4.03048935e+01 3.36026764e+01
   vertex 8.50061035e+00 4.01900864e+01 3.33790131e+01
  endloop
 endfacet
 facet normal -2.00461537e-01 -6.87207282e-01 6.98255897e-01
  outer loop
   vertex 8.50061035e+00 4.01900864e+01 3.33790131e+01
   vertex 5.08293915e+00 4.03048935e+01 3.36026764e+01
   vertex 8.12188721e+00 4.02028198e+01 3.32296143e+01
  endloop
 endfacet
 facet normal -2.37360582e-01 -8.21049452e-01 5.19170284e-01
  outer loop
   vertex 8.12188721e+00 4.02028198e+01 3.32296143e+01
   vertex 5.08293915e+00 4.03048935e+01 3.36026764e+01
   vertex 7.97583008e+00 4.02077332e+01 3.31846542e+01
  endloop
 endfacet
 facet normal -4.09119695e-01 -6.71383500e-01 -6.17952466e-01
  outer loop
   vertex 9.82679749e+00 4.01456909e+01 3.14593430e+01
   vertex 9.40035248e+00 4.01599884e+01 3.18675156e+01
   vertex 4.89544678e+00 4.03115997e+01 2.88972702e+01
  endloop
 endfacet
 facet normal -4.10022318e-01 -6.71242893e-01 -6.17506862e-01
  outer loop
   vertex 9.40035248e+00 4.01599884e+01 3.18675156e+01
   vertex 9.21862030e+00 4.01660767e+01 3.20360947e+01
   vertex 4.89544678e+00 4.03115997e+01 2.88972702e+01
  endloop
 endfacet
 facet normal -4.07590061e-01 -6.71981156e-01 -6.18313551e-01
  outer loop
   vertex 9.21862030e+00 4.01660767e+01 3.20360947e+01
   vertex 8.74871063e+00 4.01818237e+01 3.24785461e+01
   vertex 4.89544678e+00 4.03115997e+01 2.88972702e+01
  endloop
 endfacet
 facet normal -2.05013439e-01 -9.78257775e-01 3.13237198e-02
  outer loop
   vertex 5.08293915e+00 4.03048935e+01 3.36026764e+01
   vertex 4.89544678e+00 4.03115997e+01 2.88972702e+01
   vertex 7.97583008e+00 4.02077332e+01 3.31846542e+01
  endloop
 endfacet
 facet normal -4.05300319e-01 -6.73108399e-01 -6.18592501e-01
  outer loop
   vertex 8.74871063e+00 4.01818237e+01 3.24785461e+01
   vertex 8.60349274e+00 4.01866913e+01 3.26104279e+01
   vertex 4.89544678e+00 4.03115997e+01 2.88972702e+01
  endloop
 endfacet
 facet normal -3.56387585e-01 -8.28765571e-01 -4.31434244e-01
  outer loop
   vertex 7.97583008e+00 4.02077332e+01 3.31846542e+01
   vertex 4.89544678e+00 4.03115997e+01 2.88972702e+01
   vertex 8.09798431e+00 4.02036362e+01 3.30829697e+01
  endloop
 endfacet
 facet normal -4.01532471e-01 -6.73036933e-01 -6.21122360e-01
  outer loop
   vertex 4.89544678e+00 4.03115997e+01 2.88972702e+01
   vertex 8.60349274e+00 4.01866913e+01 3.26104279e+01
   vertex 8.09798431e+00 4.02036362e+01 3.30829697e+01
  endloop
 endfacet
 facet normal -3.84857953e-02 -5.32664299e-01 -8.45451117e-01
  outer loop
   vertex 4.89544678e+00 4.03115997e+01 2.88972702e+01
   vertex 6.45581055e+00 4.05168915e+01 2.88354034e+01
   vertex 1.23884430e+01 4.00598679e+01 2.86034241e+01
  endloop
 endfacet
 facet normal -3.13661695e-01 3.98675315e-02 -9.48697507e-01
  outer loop
   vertex 1.30382080e+01 4.02957611e+01 2.85772705e+01
   vertex 1.29928589e+01 4.01393890e+01 2.85794601e+01
   vertex 6.45581055e+00 4.05168915e+01 2.88354034e+01
  endloop
 endfacet
 facet normal -1.88397169e-01 -2.75912702e-01 -9.42538440e-01
  outer loop
   vertex 1.29928589e+01 4.01393890e+01 2.85794601e+01
   vertex 1.23884430e+01 4.00598679e+01 2.86034241e+01
   vertex 6.45581055e+00 4.05168915e+01 2.88354034e+01
  endloop
 endfacet
 facet normal -1.96157638e-02 1.66872740e-02 9.99668300e-01
  outer loop
   vertex 6.64328766e+00 4.05101776e+01 3.35407791e+01
   vertex 8.81179047e+00 4.04373322e+01 3.34557495e+01
   vertex 8.06393433e+00 4.11879730e+01 3.34851379e+01
  endloop
 endfacet
 facet normal -6.83197677e-02 3.55856828e-02 9.97028649e-01
  outer loop
   vertex 9.01570892e+00 4.11559982e+01 3.34478073e+01
   vertex 8.06393433e+00 4.11879730e+01 3.34851379e+01
   vertex 9.00198364e+00 4.11156158e+01 3.34483490e+01
  endloop
 endfacet
 facet normal -7.36414865e-02 3.41297761e-02 9.96700585e-01
  outer loop
   vertex 8.06393433e+00 4.11879730e+01 3.34851379e+01
   vertex 8.81179047e+00 4.04373322e+01 3.34557495e+01
   vertex 9.00198364e+00 4.11156158e+01 3.34483490e+01
  endloop
 endfacet
 facet normal -1.54802069e-01 3.31192799e-02 -9.87390220e-01
  outer loop
   vertex 6.45581055e+00 4.05168915e+01 2.88354034e+01
   vertex 7.87642670e+00 4.11946793e+01 2.87797546e+01
   vertex 1.30382080e+01 4.02957611e+01 2.85772705e+01
  endloop
 endfacet
 facet normal -2.68513024e-01 6.82343617e-02 -9.60856318e-01
  outer loop
   vertex 1.32475891e+01 4.10142365e+01 2.85691147e+01
   vertex 1.31474457e+01 4.06765213e+01 2.85730133e+01
   vertex 7.87642670e+00 4.11946793e+01 2.87797546e+01
  endloop
 endfacet
 facet normal -2.68945485e-01 6.69704974e-02 -9.60824251e-01
  outer loop
   vertex 1.30382080e+01 4.02957611e+01 2.85772705e+01
   vertex 7.87642670e+00 4.11946793e+01 2.87797546e+01
   vertex 1.31474457e+01 4.06765213e+01 2.85730133e+01
  endloop
 endfacet
 facet normal -6.70821518e-02 3.48343402e-02 9.97139156e-01
  outer loop
   vertex 9.39278412e+00 4.22656364e+01 3.34338379e+01
   vertex 9.20575714e+00 4.22719193e+01 3.34411774e+01
   vertex 9.31916046e+00 4.20433044e+01 3.34365692e+01
  endloop
 endfacet
 facet normal -1.43832760e-02 1.74607355e-02 9.99744117e-01
  outer loop
   vertex 9.20575714e+00 4.22719193e+01 3.34411774e+01
   vertex 8.06393433e+00 4.11879730e+01 3.34851379e+01
   vertex 9.31916046e+00 4.20433044e+01 3.34365692e+01
  endloop
 endfacet
 facet normal -6.82958439e-02 3.60091738e-02 9.97015059e-01
  outer loop
   vertex 8.06393433e+00 4.11879730e+01 3.34851379e+01
   vertex 9.01570892e+00 4.11559982e+01 3.34478073e+01
   vertex 9.31916046e+00 4.20433044e+01 3.34365692e+01
  endloop
 endfacet
 facet normal -1.54347494e-01 3.49548049e-02 -9.87398088e-01
  outer loop
   vertex 7.87642670e+00 4.11946793e+01 2.87797546e+01
   vertex 9.01825714e+00 4.22786179e+01 2.87357864e+01
   vertex 1.32475891e+01 4.10142365e+01 2.85691147e+01
  endloop
 endfacet
 facet normal -2.71037579e-01 6.68453276e-02 -9.60244954e-01
  outer loop
   vertex 1.35691757e+01 4.21257324e+01 2.85573120e+01
   vertex 1.34420319e+01 4.16716118e+01 2.85619736e+01
   vertex 9.01825714e+00 4.22786179e+01 2.87357864e+01
  endloop
 endfacet
 facet normal -2.69862711e-01 6.82587624e-02 -9.60476398e-01
  outer loop
   vertex 1.34420319e+01 4.16716118e+01 2.85619736e+01
   vertex 1.32475891e+01 4.10142365e+01 2.85691147e+01
   vertex 9.01825714e+00 4.22786179e+01 2.87357864e+01
  endloop
 endfacet
 facet normal -6.57155067e-02 3.37802060e-02 9.97266471e-01
  outer loop
   vertex 9.69316101e+00 4.31698036e+01 3.34230347e+01
   vertex 9.20575714e+00 4.22719193e+01 3.34411774e+01
   vertex 9.39278412e+00 4.22656364e+01 3.34338379e+01
  endloop
 endfacet
 facet normal -1.55519605e-01 3.37168053e-02 -9.87257242e-01
  outer loop
   vertex 9.01825714e+00 4.22786179e+01 2.87357864e+01
   vertex 9.76953125e+00 4.36626244e+01 2.87078094e+01
   vertex 1.35691757e+01 4.21257324e+01 2.85573120e+01
  endloop
 endfacet
 facet normal -2.69798130e-01 6.87437803e-02 -9.60459948e-01
  outer loop
   vertex 1.39654236e+01 4.35216637e+01 2.85432739e+01
   vertex 1.38542099e+01 4.31451721e+01 2.85472260e+01
   vertex 9.76953125e+00 4.36626244e+01 2.87078094e+01
  endloop
 endfacet
 facet normal -2.70273358e-01 6.69851303e-02 -9.60450590e-01
  outer loop
   vertex 1.35691757e+01 4.21257324e+01 2.85573120e+01
   vertex 9.76953125e+00 4.36626244e+01 2.87078094e+01
   vertex 1.38542099e+01 4.31451721e+01 2.85472260e+01
  endloop
 endfacet
 facet normal -6.22119233e-02 3.53222564e-02 9.97437716e-01
  outer loop
   vertex 1.04126968e+01 4.51988411e+01 3.33973618e+01
   vertex 1.02442169e+01 4.52045021e+01 3.34039764e+01
   vertex 1.01422653e+01 4.44550858e+01 3.34069977e+01
  endloop
 endfacet
 facet normal -6.16725162e-02 3.49498242e-02 9.97484326e-01
  outer loop
   vertex 1.01422653e+01 4.44550858e+01 3.34069977e+01
   vertex 1.02442169e+01 4.52045021e+01 3.34039764e+01
   vertex 1.00657501e+01 4.42421150e+01 3.34097214e+01
  endloop
 endfacet
 facet normal -2.72986352e-01 6.70050010e-02 -9.59681630e-01
  outer loop
   vertex 1.44028244e+01 4.50652008e+01 2.85281677e+01
   vertex 1.41469421e+01 4.41367912e+01 2.85369720e+01
   vertex 1.00567017e+01 4.52112083e+01 2.86986084e+01
  endloop
 endfacet
 facet normal -1.55039355e-01 3.55851576e-02 -9.87267196e-01
  outer loop
   vertex 9.76953125e+00 4.36626244e+01 2.87078094e+01
   vertex 1.00567017e+01 4.52112083e+01 2.86986084e+01
   vertex 1.39654236e+01 4.35216637e+01 2.85432739e+01
  endloop
 endfacet
 facet normal -2.71544546e-01 6.88308924e-02 -9.59961414e-01
  outer loop
   vertex 1.39654236e+01 4.35216637e+01 2.85432739e+01
   vertex 1.00567017e+01 4.52112083e+01 2.86986084e+01
   vertex 1.41469421e+01 4.41367912e+01 2.85369720e+01
  endloop
 endfacet
 facet normal -1.15141459e-02 1.70609001e-02 9.99788165e-01
  outer loop
   vertex 1.02442169e+01 4.52045021e+01 3.34039764e+01
   vertex 1.04126968e+01 4.51988411e+01 3.33973618e+01
   vertex 1.00391922e+01 4.67660828e+01 3.34143753e+01
  endloop
 endfacet
 facet normal -6.24466203e-02 3.56086344e-02 9.97412860e-01
  outer loop
   vertex 1.04126968e+01 4.51988411e+01 3.33973618e+01
   vertex 1.07135925e+01 4.60247421e+01 3.33868408e+01
   vertex 1.00391922e+01 4.67660828e+01 3.34143753e+01
  endloop
 endfacet
 facet normal -6.25804067e-02 3.58137190e-02 9.97397125e-01
  outer loop
   vertex 1.07135925e+01 4.60247421e+01 3.33868408e+01
   vertex 1.09750137e+01 4.67346458e+01 3.33776779e+01
   vertex 1.00391922e+01 4.67660828e+01 3.34143753e+01
  endloop
 endfacet
 facet normal -2.71464735e-01 6.93371743e-02 -9.59947526e-01
  outer loop
   vertex 1.48458939e+01 4.66050072e+01 2.85131378e+01
   vertex 1.45578156e+01 4.56280098e+01 2.85229492e+01
   vertex 9.85167694e+00 4.67727890e+01 2.87089920e+01
  endloop
 endfacet
 facet normal -1.55606642e-01 3.47323194e-02 -9.87208307e-01
  outer loop
   vertex 9.85167694e+00 4.67727890e+01 2.87089920e+01
   vertex 1.45578156e+01 4.56280098e+01 2.85229492e+01
   vertex 1.00567017e+01 4.52112083e+01 2.86986084e+01
  endloop
 endfacet
 facet normal -2.72051960e-01 6.70534223e-02 -9.59943533e-01
  outer loop
   vertex 1.44028244e+01 4.50652008e+01 2.85281677e+01
   vertex 1.00567017e+01 4.52112083e+01 2.86986084e+01
   vertex 1.45578156e+01 4.56280098e+01 2.85229492e+01
  endloop
 endfacet
 facet normal -1.15126325e-02 1.70878544e-02 9.99787688e-01
  outer loop
   vertex 9.36203003e+00 4.81878014e+01 3.34433746e+01
   vertex 1.00391922e+01 4.67660828e+01 3.34143753e+01
   vertex 1.14841766e+01 4.81165085e+01 3.33601608e+01
  endloop
 endfacet
 facet normal -6.27238080e-02 3.59236188e-02 9.97384191e-01
  outer loop
   vertex 1.14841766e+01 4.81165085e+01 3.33601608e+01
   vertex 1.00391922e+01 4.67660828e+01 3.34143753e+01
   vertex 1.09750137e+01 4.67346458e+01 3.33776779e+01
  endloop
 endfacet
 facet normal -1.58134654e-01 3.32783647e-02 -9.86856639e-01
  outer loop
   vertex 9.17450714e+00 4.81945038e+01 2.87379990e+01
   vertex 1.52133408e+01 4.79916306e+01 2.85011749e+01
   vertex 9.85167694e+00 4.67727890e+01 2.87089920e+01
  endloop
 endfacet
 facet normal -2.74098605e-01 6.91251755e-02 -9.59214091e-01
  outer loop
   vertex 1.48458939e+01 4.66050072e+01 2.85131378e+01
   vertex 9.85167694e+00 4.67727890e+01 2.87089920e+01
   vertex 1.48488846e+01 4.66151352e+01 2.85130463e+01
  endloop
 endfacet
 facet normal -2.76333183e-01 6.62085116e-02 -9.58778620e-01
  outer loop
   vertex 9.85167694e+00 4.67727890e+01 2.87089920e+01
   vertex 1.52133408e+01 4.79916306e+01 2.85011749e+01
   vertex 1.48488846e+01 4.66151352e+01 2.85130463e+01
  endloop
 endfacet
 facet normal 1.51262969e-01 1.64439112e-01 9.74720120e-01
  outer loop
   vertex 8.27899933e+00 4.93304749e+01 3.34881668e+01
   vertex 9.36203003e+00 4.81878014e+01 3.34433746e+01
   vertex 1.17584229e+01 4.92135849e+01 3.33517151e+01
  endloop
 endfacet
 facet normal 9.29021314e-02 2.01537937e-01 9.75064933e-01
  outer loop
   vertex 1.17584229e+01 4.92135849e+01 3.33517151e+01
   vertex 9.36203003e+00 4.81878014e+01 3.34433746e+01
   vertex 1.18531723e+01 4.91136169e+01 3.33478012e+01
  endloop
 endfacet
 facet normal -6.27374128e-02 3.57769206e-02 9.97388601e-01
  outer loop
   vertex 1.14841766e+01 4.81165085e+01 3.33601608e+01
   vertex 1.15669250e+01 4.83393822e+01 3.33573914e+01
   vertex 9.36203003e+00 4.81878014e+01 3.34433746e+01
  endloop
 endfacet
 facet normal -6.82725236e-02 5.16403988e-02 9.96329308e-01
  outer loop
   vertex 1.15669250e+01 4.83393822e+01 3.33573914e+01
   vertex 1.18531723e+01 4.91136169e+01 3.33478012e+01
   vertex 9.36203003e+00 4.81878014e+01 3.34433746e+01
  endloop
 endfacet
 facet normal -1.57300726e-01 3.68558094e-02 -9.86862779e-01
  outer loop
   vertex 8.09148407e+00 4.93371773e+01 2.87827759e+01
   vertex 1.55319977e+01 4.90872154e+01 2.84909973e+01
   vertex 9.17450714e+00 4.81945038e+01 2.87379990e+01
  endloop
 endfacet
 facet normal -2.74885744e-01 6.63017333e-02 -9.59188163e-01
  outer loop
   vertex 1.52133408e+01 4.79916306e+01 2.85011749e+01
   vertex 9.17450714e+00 4.81945038e+01 2.87379990e+01
   vertex 1.52457504e+01 4.81141968e+01 2.85001678e+01
  endloop
 endfacet
 facet normal -2.74058342e-01 6.97018430e-02 -9.59183872e-01
  outer loop
   vertex 9.17450714e+00 4.81945038e+01 2.87379990e+01
   vertex 1.55319977e+01 4.90872154e+01 2.84909973e+01
   vertex 1.52457504e+01 4.81141968e+01 2.85001678e+01
  endloop
 endfacet
 facet normal -1.22383893e-01 -4.71136689e-01 8.73528719e-01
  outer loop
   vertex 8.75054169e+00 4.02127609e+01 3.34587631e+01
   vertex 8.56236267e+00 4.01880035e+01 3.34662323e+01
   vertex 8.60398865e+00 4.01866074e+01 3.34133224e+01
  endloop
 endfacet
endsolid
